年	月	日	時	分	縣市	行政區	allLocation	GoogleLat	GoogleLng	死	2-30	受傷	當事人數	天候	道路照明設備	道路類別	道路型態	事故位置	路面狀況1	路面狀況2	路面狀況3	道路障礙1	道路障礙2	號誌1	號誌2	車道劃分-分向	車道劃分-分道1	車道劃分-分道2	車道劃分-分道3	事故類型及型態	行動電話	當事者行動狀態	駕駛資格情形	保護裝置	飲酒情形	駕駛執照種類	個人肇逃否	肇因碼-主要	性別	受傷程度	車輛撞擊部位1	車輛撞擊部位2
113	1	4	19	0	臺北市	北投區	北投區石牌路1段88號	25.11392788	121.5120238	0	0	1	3	8	5	5	14	9	1	5	4	5	13	4	4	5	5	5	2	17	1	10	1	6	1	10	1		2	2	13	
113	1	4	19	26	臺北市	中山區	中山區中山北路3段與撫順街口	25.0639102	121.5222271	0	0	2	3	8	5	5	3	1	1	5	4	5	13	4	4	1	3	5	1	17	4	6	1	6	1	10	1		1	3	17	
113	1	4	19	38	臺北市	士林區	士林區大南路與承德路4段266巷口	25.0885891	121.5203901	0	0	1	2	7	5	5	3	2	1	5	4	5	13	4	4	5	5	5	1	17	1	9	1	6	1	10	1		1	2	14	
113	1	4	20	23	臺北市	內湖區	內湖區內湖路1段203巷與環山路1段24巷口	25.084454	121.5635512	0	0	1	2	7	5	6	3	1	1	5	4	5	13	4	4	5	5	5	2	16	1	9	1	6	1	10	1		2	2	11	
113	1	4	20	50	臺北市	北投區	北投區立賢路111號	25.1138535	121.5018189	0	0	1	2	8	5	6	14	9	1	5	4	5	13	4	4	1	4	5	2	12	1	7	1	7	1	8	1		1	3	4	
113	1	4	22	0	臺北市	松山區	松山區復興北路361巷與民權東路3段106巷口	25.0604077	121.5448738	0	0	1	2	7	5	5	4	1	1	5	4	5	13	4	4	4	5	5	2	15	1	9	1	7	2	8	1		1	3	2	
113	1	4	22	3	臺北市	大同區	大同區環河北路1段317號	25.0599004	121.5085269	0	0	2	4	8	5	5	14	9	1	5	4	5	13	4	4	9	4	5	2	17	4	9	1	6	1	9	1		1	2	14	
113	1	4	22	18	臺北市	文山區	文山區木柵路1段與試院路口雙號	24.9874115	121.5498765	0	0	2	2	8	5	5	4	2	1	5	4	5	13	1	1	5	5	5	2	16	1	5	1	5	1	10	1		1	2	14	
113	1	4	22	44	臺北市	大安區	大安區建國高架道下辛亥匝道	25.0225257	121.5373082	0	0	1	2	8	5	5	14	9	1	5	4	5	13	2	1	10	4	5	1	13	4	9	1	3	1	8	1		1	3	1	
113	1	4	22	54	臺北市	文山區	文山區興隆路3段與萬芳路口口	24.9967856	121.5599585	0	0	1	2	8	5	5	4	1	1	5	4	5	13	2	1	1	2	5	2	16	1	5	1	7	1	8	1		1	3	8	
113	1	4	23	4	臺北市	文山區	文山區和平東路4段與和平東路4段66巷口	25.0055309	121.567048	0	0	1	2	8	5	5	14	9	1	5	4	5	13	1	1	10	5	5	2	16	1	6	1	7	2	4	1		1	3	2	14
113	1	4	23	15	臺北市	士林區	士林區承德路5段與通河東街2段10巷口	25.09148494	121.5156419	0	0	1	2	8	5	5	5	2	1	5	4	5	13	1	1	10	5	5	1	13	1	9	1	6	1	10	1		1	2	11	
113	1	4	23	35	臺北市	文山區	文山區忠順街1段9巷與光輝路口	24.98494264	121.5566405	0	0	1	3	8	5	5	4	1	1	5	4	5	13	4	4	10	5	5	2	15	4	9	1	3	2	8	1		2	3	1	
113	1	5	1	18	臺北市	萬華區	萬華區長沙街2段與漢中街口	25.0406938	121.50627	0	0	2	2	7	5	5	3	1	1	5	4	5	13	2	1	5	4	5	2	17	1	9	1	5	1	10	1		1	2	11	14
113	1	5	5	42	臺北市	大同區	大同區台北橋機慢車道往三重	25.0636634	121.5080698	0	0	1	2	8	5	5	14	11	1	5	4	5	13	4	4	9	4	5	2	12	4	9	1	3	11	10	2		1	3	15	
113	1	5	6	17	臺北市	士林區	士林區延平北路9段206巷延平幹178R7B5856EB93電線桿	25.10919229	121.473249	0	0	2	2	8	7	5	14	9	1	5	4	5	13	4	4	10	5	5	2	13	4	9	1	3	1	10	1		1	2	11	
113	1	5	6	22	臺北市	士林區	士林區至善路2段34號	25.0970275	121.5440723	0	0	1	3	8	5	5	14	9	1	5	4	5	13	1	1	4	5	5	1	13	1	9	1	5	2	10	1		1	2	11	
113	1	5	7	20	臺北市	大安區	大安區忠孝東路4段77巷與大安路1段75巷口	25.0421693	121.5472047	0	0	2	2	8	6	5	4	1	1	5	4	5	13	4	4	10	5	5	2	15	1	9	1	7	1	4	1		1	2	1	
113	1	5	7	22	臺北市	大安區	大安區杭州南路2段1號	25.0350547	121.5241039	0	0	1	2	8	7	5	14	9	1	5	4	5	13	4	4	1	4	5	2	17	1	7	6	5	1	18	1		1	3	14	
113	1	5	7	25	臺北市	北投區	北投區文林北路與明德路口	25.1062427	121.5166715	0	0	1	3	8	5	5	4	1	1	5	4	5	13	2	1	3	4	5	2	16	1	6	1	7	1	8	1		2	3	6	
113	1	5	7	27	臺北市	萬華區	萬華區艋舺大道與艋舺大道168巷口	25.0328934	121.5008706	0	0	1	4	8	7	5	3	1	1	5	4	5	13	4	4	1	4	4	2	17	1	7	1	5	1	10	1		2	3	14	
113	1	5	7	39	臺北市	松山區	松山區南京東路5段291巷與南京東路5段口	25.05143423	121.5661514	0	0	1	2	8	5	5	4	1	1	5	4	5	13	1	1	8	3	4	1	16	1	9	8	3	1	20	1		2	2	12	
113	1	5	7	40	臺北市	內湖區	內湖區內湖路1段520號	25.08015533	121.5746741	0	0	1	3	8	6	5	14	7	1	5	4	5	13	4	4	1	4	4	2	13	1	9	1	5	1	10	1		2	3	11	
113	1	5	7	44	臺北市	大同區	大同區南京西路與太原路口口	25.05359445	121.5160509	0	0	1	2	8	6	5	4	2	1	5	4	5	13	2	1	1	5	5	2	13	1	9	1	6	1	10	1		2	2	11	
113	1	5	7	53	臺北市	大安區	(忠孝東路4段302號前)	25.0412497	121.5563615	0	0	1	2	8	6	5	3	2	1	5	4	5	13	4	4	1	4	5	2	17	1	6	1	7	2	8	1		1	3	2	
113	1	5	8	1	臺北市	大安區	大安區和平東路3段與基隆路2段口	25.0242309	121.5524826	0	0	1	2	8	6	5	4	1	1	5	4	5	13	2	1	1	4	5	1	15	4	9	1	3	11	10	1		2	3	13	
113	1	5	8	22	臺北市	萬華區	萬華區環河南路3段與萬大路口	25.01645711	121.4959137	0	0	1	2	8	6	5	5	1	1	5	4	5	13	2	1	5	5	5	2	16	1	1	8	4	1	20	1		1	3	16	
113	1	5	8	24	臺北市	文山區	文山區羅斯福路6段92巷與景仁街20巷口	24.9981187	121.5398352	0	0	1	2	7	6	5	4	1	1	5	4	5	13	4	4	10	5	5	2	15	1	9	1	5	1	10	1		2	2	12	
113	1	5	8	27	臺北市	內湖區	內湖區民權東路6段與行愛路口	25.06680707	121.5784599	0	0	2	4	8	5	5	4	1	1	5	4	5	13	1	1	5	4	5	2	12	1	12	1	6	1	10	1		1	2	14	
113	1	5	8	28	臺北市	中山區	中山區錦州街48號	25.0602535	121.5259801	0	0	1	2	8	6	5	14	9	1	5	4	5	13	4	4	5	1	5	2	12	1	13	1	3	2	8	1		1	3	4	
113	1	5	8	28	臺北市	士林區	士林區雨聲街與忠義街口	25.1047194	121.5311538	0	0	1	2	8	6	5	4	1	1	5	4	5	13	1	1	6	1	5	1	17	1	6	1	7	1	10	1		2	3	8	
113	1	5	8	29	臺北市	內湖區	內湖區基湖路35巷與基湖路口	25.07991824	121.5648154	0	0	1	6	8	6	5	3	1	1	5	4	5	13	1	1	10	5	5	2	13	1	9	1	7	2	8	1		1	3	1	
113	1	5	8	40	臺北市	內湖區	內湖區民權東路6段與民權東路6段180巷口	25.0688364	121.5928053	0	0	1	2	8	6	5	4	1	1	5	4	5	13	1	1	1	3	5	1	16	4	5	7	3	11	19	2		1	4	15	
113	1	5	8	40	臺北市	文山區	文山區和平東路4段與萬寧街口	25.0050892	121.5678734	0	0	1	2	8	5	5	4	2	1	5	4	5	13	2	1	5	5	5	1	17	1	8	1	7	1	4	1		1	3	6	
113	1	5	8	41	臺北市	大同區	大同區南京西路與太原路口	25.05363939	121.5161245	0	0	1	2	8	6	5	4	1	1	5	4	5	13	1	1	1	4	5	2	17	1	5	1	6	1	10	1		1	3	15	
113	1	5	8	50	臺北市	內湖區	內湖區民權東路6段50號附近	25.06854737	121.5838938	0	0	1	2	7	6	5	14	9	1	5	4	5	13	4	4	1	3	5	1	16	1	6	1	7	2	8	1		1	3	2	
113	1	5	9	20	臺北市	內湖區	內湖區環山路1段134號	25.0826777	121.5656678	0	0	1	2	8	6	5	14	9	1	5	4	5	13	1	1	5	5	5	2	17	1	11	1	7	2	4	1		1	3	8	
113	1	5	9	36	臺北市	文山區	文山區辛亥路4段與辛亥路4段77巷口	25.0076517	121.5587178	0	0	2	2	8	6	5	11	9	1	5	4	5	13	4	4	1	4	5	2	13	1	8	1	6	2	9	1		1	2	11	
113	1	5	9	44	臺北市	信義區	信義區松仁路與信義路5段150巷14弄口	25.0284586	121.5682937	0	0	1	2	8	6	5	4	1	1	5	4	5	13	2	1	8	3	5	2	17	4	15	8	4	1	20	1		2	3	17	
113	1	5	9	48	臺北市	萬華區	萬華區環河南路1段與康定路口	25.04611081	121.5030731	0	0	2	3	8	6	5	3	1	1	5	4	3	10	2	1	5	5	5	2	3	1	9	1	6	2	10	1		1	2	12	
113	1	5	9	50	臺北市	中山區	中山區中山北路3段往北、圓山派出所對面	25.0725533	121.5241065	0	0	2	2	8	7	5	14	9	1	5	4	5	13	4	4	1	4	5	2	12	4	15	1	5	9	10	1		2	2	14	
113	1	5	10	0	臺北市	內湖區	內湖區行忠路42號	25.06562154	121.5781181	0	0	1	2	8	6	5	14	7	1	5	4	5	13	4	4	1	4	4	2	17	1	10	1	7	2	4	1		1	3	8	
113	1	5	10	20	臺北市	松山區	松山區光復南路4號	25.0475746	121.5577609	0	0	1	2	8	7	5	14	9	1	5	4	5	13	4	4	1	4	5	2	17	1	9	1	7	1	8	1		1	3	5	
113	1	5	10	45	臺北市	大安區	大安區復興南路1段222號	25.0391701	121.5436052	0	0	1	2	8	5	5	14	9	1	5	4	5	13	4	4	6	3	5	1	16	1	8	1	7	1	8	1		1	3	2	
113	1	5	10	50	臺北市	文山區	文山區指南路3段34巷108號路燈	24.97950198	121.579483	0	0	1	2	8	5	5	11	9	1	5	4	5	13	4	4	10	5	5	1	18	1	9	1	5	9	10	1		2	2	14	
113	1	5	11	15	臺北市	內湖區	內湖區環山路1段60巷與環山路1段口	25.08635067	121.5666334	0	0	1	2	8	6	5	3	1	1	5	4	5	13	4	4	5	5	5	2	16	1	5	1	6	1	10	1		1	3	14	
113	1	5	11	20	臺北市	中正區	中正區市民大道3段與新生南路1段口	25.0451402	121.5328657	0	0	1	2	8	6	5	4	1	1	5	4	5	13	1	1	1	4	5	2	16	1	6	1	7	2	8	1		1	3	6	
113	1	5	11	20	臺北市	松山區	松山區松河街與塔悠路口	25.05142897	121.5710373	0	0	1	2	8	7	5	3	1	1	5	4	5	13	4	4	5	5	5	2	16	1	5	1	7	1	8	1		1	3	8	
113	1	5	11	49	臺北市	萬華區	萬華區堤外便道與堤外便道口華中露營場出入口	25.04185485	121.522171	0	0	2	3	7	7	5	3	1	1	5	4	5	13	4	4	6	3	5	2	16	1	11	1	7	2	4	1		1	3	8	
113	1	5	11	50	臺北市	內湖區	內湖區新湖一路128巷36號	25.0598119	121.5767337	0	0	1	2	8	6	5	14	9	1	5	4	5	13	4	4	5	5	5	2	10	1	1	1	6	1	10	1		1	3	11	
113	1	5	11	59	臺北市	信義區	信義區吳興街7巷與松勤街口	25.0321466	121.5596573	0	0	1	3	8	6	5	3	2	1	5	4	3	10	4	4	10	5	5	2	17	1	9	1	6	2	10	1		2	2	12	
113	1	5	12	1	臺北市	內湖區	內湖區行善路48巷18號	25.05723169	121.5752607	0	0	1	3	8	6	6	14	9	1	5	4	5	13	4	4	9	5	5	2	12	4	7	1	3	2	8	1		1	3	17	
113	1	5	12	9	臺北市	松山區	松山區民權東路4段與三民路口	25.0626735	121.5630307	0	0	1	2	8	5	5	4	18	1	5	4	5	13	2	1	1	3	4	2	3	1	6	1	7	1	4	1		1	3	2	
113	1	5	12	15	臺北市	萬華區	萬華區長順街與長順街14巷口	25.03178215	121.4911118	0	0	1	2	8	6	5	4	2	1	5	4	5	13	4	4	9	4	5	1	17	4	9	8	2	1	20	1		2	2	14	
113	1	5	12	31	臺北市	信義區	信義區松仁路1號	25.0407556	121.5685362	0	0	1	2	8	6	5	14	9	1	5	4	5	13	2	1	10	4	1	1	13	4	9	1	3	1	10	1		2	2	11	
113	1	5	13	0	臺北市	北投區	北投區北投路1段與大興街口	25.1301846	121.4996512	0	0	1	2	8	5	5	4	1	1	5	4	5	13	1	1	7	4	5	1	3	1	5	1	7	2	8	1		2	3	1	
113	1	5	13	2	臺北市	內湖區	內湖區民權東路6段81巷與民權東路6段136巷口	25.06902407	121.5878344	0	0	2	2	8	6	5	4	1	1	5	4	5	13	2	1	1	4	5	2	17	1	5	1	6	9	10	1		1	2	12	
113	1	5	13	13	臺北市	文山區	文山區木柵路1段34號	24.9868561	121.5466569	0	0	1	2	8	5	5	14	9	1	5	4	5	13	4	4	5	4	5	2	12	1	7	1	6	2	10	1		2	2	11	
113	1	5	13	50	臺北市	內湖區	內湖區環山路3段與內湖路2段103巷口	25.08469244	121.5809038	0	0	2	2	8	6	5	3	1	1	5	4	5	13	2	1	5	4	5	2	17	1	5	1	7	2	6	1		1	2	2	
113	1	5	14	12	臺北市	士林區	士林區延平北路7段209-1號前	25.1001945	121.4909495	0	0	3	3	8	6	5	14	9	1	5	4	5	13	4	4	9	4	5	2	13	1	4	1	6	1	10	1		1	2	11	
113	1	5	14	53	臺北市	中山區	中山區民生東路1段70巷與新生北路2段62巷口	25.0561921	121.5264018	0	0	2	2	8	5	5	4	1	1	5	4	5	13	4	4	10	3	5	1	15	1	9	1	6	1	10	1		1	2	12	
113	1	5	15	1	臺北市	士林區	士林區承德路4段9巷與承德路4段口	25.0794134	121.5217134	0	0	2	2	8	6	5	4	2	1	5	4	5	13	1	1	9	5	5	2	17	1	9	1	6	2	10	1		1	2	12	
113	1	5	15	20	臺北市	大同區	大同區鄭州路145號前迴轉道口	25.0504424	121.5084201	0	0	3	5	8	6	5	14	9	1	5	4	5	13	4	4	9	5	5	2	13	4	11	1	5	1	10	1		1	3	13	
113	1	5	15	30	臺北市	士林區	士林區至善路2段34號與至善路2段口中影前	25.09703327	121.5442265	0	0	1	2	7	7	5	4	1	1	5	4	5	13	2	1	1	4	4	1	17	1	6	1	7	2	8	1		1	3	2	
113	1	5	15	42	臺北市	中正區	中正區中山南路(景通停車場前)	25.0416587	121.5183188	0	0	1	3	8	6	5	14	9	1	5	4	1	13	2	1	3	4	3	2	13	1	9	1	6	2	10	1		2	2	11	
113	1	5	16	14	臺北市	士林區	士林區中山北路6段與中山北路6段195巷口	25.10789796	121.5250485	0	0	1	2	8	6	5	4	1	1	5	4	5	13	1	1	1	4	5	1	16	4	5	1	3	2	8	1		1	3	5	
113	1	5	16	20	臺北市	內湖區	內湖區瑞光路356號	25.07713396	121.5730996	0	0	1	2	7	6	5	14	9	1	5	4	5	13	4	4	4	4	5	1	16	1	6	1	7	2	8	1		1	3	2	
113	1	5	16	35	臺北市	內湖區	內湖區成功路3段與文德路口	25.07935802	121.5895344	0	0	1	2	8	6	5	3	1	1	5	4	5	13	1	1	1	5	5	2	16	1	8	1	6	2	10	1		1	3	12	
113	1	5	16	54	臺北市	大安區	大安區基隆路2段233號與基隆路2段口	25.0225149	121.5504918	0	0	1	2	8	6	5	14	9	1	5	4	5	13	4	4	10	4	5	2	29	1	7	1	6	1	9	1		1	2	14	
113	1	5	16	57	臺北市	北投區	北投區中央北路4段220號	25.1320425	121.4741986	0	0	1	2	7	6	5	14	9	1	5	4	5	13	4	4	4	4	5	2	16	1	11	1	7	2	8	1		1	3	4	
113	1	5	17	34	臺北市	大安區	大安區信義路2段246號	25.0335288	121.5322968	0	0	1	2	8	5	5	14	9	1	5	4	5	13	2	1	10	4	5	2	12	1	8	1	7	1	8	1		1	3	6	
113	1	5	17	42	臺北市	中山區	中山區民族東路538號	25.0671956	121.5432823	0	0	1	2	8	5	5	14	9	1	5	4	5	13	3	1	1	3	5	1	16	1	5	1	6	1	10	1		2	2	12	
113	1	5	17	58	臺北市	北投區	北投區中和街40-3號	25.1385196	121.5027132	0	0	1	2	8	5	5	14	9	1	5	4	5	13	4	4	7	4	5	1	12	1	9	1	7	2	8	1		2	3	5	
113	1	5	18	0	臺北市	信義區	信義區基隆路2段與嘉興街216巷口口	25.0273443	121.5560144	0	0	1	2	7	5	5	4	1	1	5	4	5	13	1	1	1	4	5	2	17	1	9	1	7	1	8	1		1	3	5	
113	1	5	18	0	臺北市	士林區	士林區承德路5段與士商路口	25.09610304	121.514134	0	0	1	2	8	5	5	4	1	1	5	4	5	13	1	1	9	4	4	1	17	1	6	1	7	2	8	1		2	3	2	
113	1	5	18	13	臺北市	中山區	中山區長安東路2段與吉林路口	25.0485516	121.5299652	0	0	1	2	8	5	5	5	1	1	5	4	5	13	1	1	5	4	5	2	16	4	8	1	3	1	10	1		2	2	14	
113	1	5	18	26	臺北市	文山區	文山區辛亥路4段與辛亥路4段166巷口	25.0037839	121.5563678	0	0	1	2	8	5	5	3	1	1	5	4	5	13	2	1	1	4	5	2	12	1	4	1	7	1	8	1		1	3	2	
113	1	5	18	40	臺北市	大安區	大安區復興南路2段353號	25.02315502	121.5434849	0	0	1	2	8	5	5	14	8	1	5	4	5	13	4	4	1	4	4	1	13	1	9	1	5	1	10	1		1	2	11	
113	1	5	18	45	臺北市	中山區	中山區民權東路3段與建國北路2段口	25.0622792	121.5372774	0	0	1	2	8	5	5	4	1	1	5	4	5	13	1	1	1	3	5	1	16	1	6	1	7	1	8	1		2	3	5	
113	1	5	19	24	臺北市	松山區	松山區塔悠路與南京東路5段口	25.05143983	121.5704126	0	0	1	2	8	6	6	5	1	1	5	4	5	13	2	1	1	2	5	2	16	4	9	1	6	1	9	1		2	2	12	
113	1	5	21	0	臺北市	大安區	大安區仁愛路4段與敦化南路1段口	25.0377645	121.5479696	0	0	1	3	8	6	5	4	1	1	5	4	5	13	1	1	1	4	5	2	16	1	5	1	7	1	8	1		2	3	8	
113	1	5	21	10	臺北市	大安區	大安區信義路4段與信義路4段400巷口	25.0329959	121.5565745	0	0	1	2	8	5	5	3	2	1	5	4	5	13	4	4	9	4	5	1	16	4	6	1	3	1	8	1		1	3	2	
113	1	5	21	20	臺北市	信義區	信義區忠孝東路5段222號	25.0408728	121.5716872	0	0	1	2	8	5	5	14	9	1	5	4	5	13	4	4	3	4	5	2	13	4	9	1	3	1	4	1		1	3	1	
113	1	5	21	50	臺北市	中山區	中山區長春路137巷與松江路170巷口	25.0560388	121.5315586	0	0	1	2	8	5	5	5	1	1	5	4	5	13	4	4	5	5	5	2	17	4	5	1	3	1	8	1		1	3	8	
113	1	5	21	52	臺北市	中山區	中山區市民大道2段與林森北路口	25.0478979	121.5240482	0	0	2	3	8	5	5	14	9	1	5	4	5	13	1	1	1	4	5	2	16	4	5	1	3	1	10	1		1	2	14	
113	1	5	21	58	臺北市	內湖區	內湖區新湖一路與新湖二路191巷附近口	25.06064861	121.5798196	0	0	1	3	8	5	5	14	9	1	5	4	5	13	4	4	5	4	5	2	13	4	1	7	3	11	19	2		1	4	15	
113	1	5	22	9	臺北市	大安區	大安區忠孝東路4段223巷與忠孝東路4段口口	25.0416056	121.5530102	0	0	1	2	8	5	5	4	1	1	5	4	5	13	2	1	1	4	5	2	16	1	11	8	4	9	20	1		2	2	11	
113	1	5	22	31	臺北市	中山區	中山區中山北路2段71號	25.056676	121.5229106	0	0	1	2	7	5	5	14	9	1	5	4	5	13	4	4	1	4	5	2	13	4	9	3	3	1	18	1		1	2	11	
113	1	5	22	55	臺北市	中正區	中正區羅斯福路4段與基隆路4段口	25.0112564	121.536981	0	0	1	2	8	5	5	5	1	1	5	4	5	13	1	1	1	4	5	2	16	1	5	1	7	1	8	1		2	3	8	
113	1	5	23	21	臺北市	萬華區	萬華區萬大路與萬大路329巷口	25.02417489	121.5002584	0	0	3	3	8	5	5	4	1	1	5	4	5	13	1	1	2	4	5	2	17	1	5	1	5	2	10	1		1	2	12	
113	1	5	23	24	臺北市	中山區	中山區松江路與長安東路2段口	25.048577	121.5328897	0	0	2	2	7	5	5	4	1	1	5	4	5	12	1	1	1	4	5	2	15	4	9	1	3	1	10	1		2	2	12	
113	1	5	23	49	臺北市	萬華區	萬華區艋舺大道與西園路1段口	25.03324332	121.4979259	0	0	1	2	8	5	6	4	1	1	5	4	5	13	2	1	1	4	5	2	17	1	6	1	7	2	8	1		1	3	2	
113	1	6	0	30	臺北市	大安區	大安區信義路3段與建國南路1段口	25.0335651	121.5379729	0	0	5	5	8	7	5	4	1	1	5	4	5	13	1	1	9	4	5	2	16	4	5	3	3	1	18	1		1	2	1	
113	1	6	0	34	臺北市	中正區	中正區市民大道3段與金山北路1段口	25.04586833	121.53085	0	0	1	2	7	5	5	4	1	1	5	4	5	13	1	1	1	4	1	2	16	1	8	1	7	2	8	1		1	3	5	
113	1	6	6	6	臺北市	內湖區	內湖區內湖路1段與港墘路口	25.07945386	121.5768842	0	0	2	2	8	5	5	4	1	1	5	4	5	13	1	1	1	3	1	1	15	4	15	1	3	2	8	1		2	2	8	
113	1	6	7	3	臺北市	中山區	中山區吉林路與吉林路199巷口	25.059933	121.530286	0	0	2	2	8	6	5	3	1	1	5	4	5	13	4	4	5	4	4	2	15	4	9	1	3	2	10	1		1	2	11	
113	1	6	7	37	臺北市	大安區	大安區仁愛路3段與新生南路1段口口	25.0379604	121.5329359	0	0	1	2	8	6	5	4	1	1	5	4	5	13	2	1	3	4	5	2	17	1	6	1	7	1	15	1		1	3	6	
113	1	6	7	53	臺北市	大安區	大安區市民大道4段190號與市民大道4段口	25.0443426	121.5541994	0	0	2	2	8	6	5	3	1	1	5	4	5	13	1	1	1	4	1	2	17	1	5	1	6	1	10	1		1	2	13	
113	1	6	8	0	臺北市	文山區	文山區和平東路4段031路燈	25.00142472	121.5724057	0	0	1	2	8	5	5	14	9	1	5	4	5	13	4	4	9	4	5	1	13	1	9	1	5	1	10	1		2	2	11	
113	1	6	8	58	臺北市	中山區	中山區五常街與龍江路口	25.064286	121.5410229	0	0	1	2	8	6	5	4	2	1	5	4	5	13	2	1	5	5	5	2	3	1	5	1	7	2	8	1		1	3	8	
113	1	6	9	20	臺北市	士林區	士林區德行東路90巷與德行東路90巷33弄口	25.1059956	121.5281248	0	0	3	4	8	6	5	4	1	1	5	4	5	13	4	4	10	5	5	2	15	1	9	1	6	1	10	1		2	2	11	
113	1	6	9	30	臺北市	信義區	信義區吳興街220巷與吳興街口側附近口	25.0276067	121.5630332	0	0	1	2	8	7	5	4	2	1	5	4	5	13	2	1	5	5	5	2	12	1	13	1	5	1	10	1		1	2	14	
113	1	6	9	50	臺北市	北投區	北投區承德路7段141號	25.1128466	121.5085915	0	0	1	2	8	7	5	14	9	1	5	4	5	13	4	4	1	4	5	2	17	4	15	8	3	1	20	1		2	2	14	
113	1	6	10	0	臺北市	內湖區	內湖區金湖路363巷與金湖路口	25.07415773	121.6016928	0	0	1	2	8	6	5	3	1	1	5	4	5	13	4	4	1	5	5	2	16	1	6	1	7	2	8	1		1	3	5	
113	1	6	10	19	臺北市	信義區	信義區松信路67號	25.0465958	121.5721485	0	0	2	3	8	6	5	14	9	1	5	4	5	13	4	4	8	3	5	2	17	4	1	1	3	1	8	1		1	3	8	
113	1	6	10	25	臺北市	松山區	松山區光復南路與八德路4段口	25.0480174	121.557867	0	0	1	2	7	7	5	14	9	1	5	4	5	13	4	4	1	3	5	2	16	1	7	1	5	1	10	1		1	3	17	
113	1	6	10	40	臺北市	文山區	文山區指南路1段10號	24.98765623	121.5690314	0	0	1	2	8	5	5	14	9	1	5	4	5	13	4	4	9	5	5	2	17	1	13	1	7	1	8	1		1	2	4	
113	1	6	10	48	臺北市	萬華區	萬華區昆明街與洛陽停車場口出入口前	25.04855756	121.5063741	0	0	1	2	8	6	5	4	2	1	5	4	5	13	4	4	9	4	5	1	17	4	1	1	3	1	10	1		2	2	12	
113	1	6	10	55	臺北市	士林區	士林區延平北路8段157巷46弄18號堤外自行車道	25.10380662	121.4808484	0	0	1	2	8	7	5	14	23	1	5	4	5	13	4	4	9	5	5	2	17	1	9	8	2	1	20	2		4	2	14	
113	1	6	10	55	臺北市	文山區	文山區辛亥路4段110號	25.0055992	121.5573893	0	0	3	3	8	6	5	14	9	1	5	4	5	13	4	4	1	4	5	2	13	1	9	1	7	2	8	1		1	2	5	
113	1	6	11	1	臺北市	文山區	文山區萬美街1段與萬樂街口	25.0014557	121.5655586	0	0	1	2	8	6	5	3	1	1	5	4	5	13	3	1	5	5	5	1	17	4	6	1	3	1	10	1		2	2	11	
113	1	6	11	7	臺北市	文山區	文山區木新路3段22號前	24.98264467	121.5648724	0	0	1	3	8	6	5	14	8	1	5	4	5	13	4	4	5	4	4	2	3	1	9	3	7	2	18	1		1	3	4	
113	1	6	11	17	臺北市	大安區	大安區建國南路2段308巷與建國南路2段口	25.03754272	121.5444994	0	0	1	2	8	5	5	3	1	1	5	4	5	13	4	4	10	5	5	2	15	1	9	1	7	1	8	1		1	3	8	
113	1	6	11	29	臺北市	內湖區	內湖區康寧路3段220號前	25.0664602	121.6104853	0	0	1	3	8	6	5	14	9	1	5	4	5	13	1	1	1	5	5	2	17	1	7	1	6	2	10	1		1	3	15	
113	1	6	11	44	臺北市	信義區	信義區基隆路1段98號與東興路口	25.0459142	121.5671235	0	0	1	2	8	7	5	14	9	1	5	4	3	13	1	1	9	4	5	2	13	1	1	1	7	1	8	1		2	3	1	
113	1	6	12	28	臺北市	內湖區	內湖區民權大橋東往西	25.06479946	121.5719929	0	0	2	3	8	6	5	8	11	1	5	4	5	13	4	4	2	4	4	1	18	1	9	1	5	1	10	1		1	2	12	
113	1	6	12	44	臺北市	信義區	信義區富陽街21巷與富陽街口口	25.023157	121.5563315	0	0	1	2	8	7	5	4	1	1	5	4	5	13	4	4	9	4	5	2	14	1	2	1	7	1	8	1		1	3	3	
113	1	6	12	58	臺北市	文山區	文山區興隆路2段與景華街口	24.99937575	121.5473866	0	0	2	2	8	6	5	5	1	1	5	4	5	13	2	1	1	4	5	2	16	1	11	1	6	2	10	1		1	2	12	
113	1	6	13	49	臺北市	大安區	大安區敦化南路1段295巷與仁愛路4段112巷口口	25.03547924	121.5496746	0	0	1	2	8	6	5	4	2	1	5	4	5	13	4	4	10	5	5	1	15	1	9	1	6	1	10	1		1	2	11	
113	1	6	14	1	臺北市	士林區	士林區中山北路6段776巷與中山北路6段口口	25.11638016	121.5286294	0	0	3	3	8	6	5	3	1	1	5	4	5	13	2	1	1	4	4	2	16	1	5	1	6	1	10	1		2	2	12	
113	1	6	14	22	臺北市	大同區	大同區台北橋機慢車道（東向西）	25.0634666	121.5087526	0	0	2	2	8	6	5	14	16	1	5	4	5	13	4	4	8	3	5	1	13	1	9	1	6	1	10	1		1	2	11	
113	1	6	14	30	臺北市	大同區	大同區重慶北路3段與民權西路口	25.06318728	121.5134659	0	0	1	2	8	6	5	4	1	1	5	4	5	13	2	1	1	5	5	2	15	1	1	8	4	1	20	1		2	3	11	
113	1	6	14	56	臺北市	中山區	中山區南京東路1段92號	25.05200774	121.5260163	0	0	1	2	8	7	5	14	7	1	5	4	5	13	4	4	1	4	4	2	12	1	1	1	7	1	8	1		1	3	4	
113	1	6	15	38	臺北市	文山區	文山區木柵路5段與信義快速道路口	25.0002868	121.5769509	0	0	1	2	8	6	5	3	1	1	5	4	5	13	1	1	1	4	5	1	17	4	6	1	3	1	8	1		1	3	2	