年	月	日	時	分	縣市	行政區	allLocation	GoogleLat	GoogleLng	死	2-30	受傷	當事人數	天候	道路照明設備	道路類別	道路型態	事故位置	路面狀況1	路面狀況2	路面狀況3	道路障礙1	道路障礙2	號誌1	號誌2	車道劃分-分向	車道劃分-分道1	車道劃分-分道2	車道劃分-分道3	事故類型及型態	行動電話	當事者行動狀態	駕駛資格情形	保護裝置	飲酒情形	駕駛執照種類	個人肇逃否	肇因碼-主要	性別	受傷程度	車輛撞擊部位1	車輛撞擊部位2
113	1	6	15	43	臺北市	大安區	大安區和平東路1段與麗水街口	25.0268034	121.5280573	0	0	1	3	8	6	5	14	20	4	5	4	5	13	4	4	10	5	5	2	1	1	9	8	4	1	20	1		1	3	17	
113	1	6	15	45	臺北市	松山區	松山區敦化北路155巷100弄與健康路口	25.05339835	121.55218	0	0	1	2	7	6	5	3	2	1	5	4	5	13	4	4	10	5	5	2	17	1	6	1	6	2	10	1		1	2	11	
113	1	6	15	56	臺北市	大同區	大同區環河北路2段與民族西路口	25.0683567	121.5091627	0	0	1	3	7	6	5	5	1	1	5	4	5	13	1	1	1	4	5	2	13	1	9	1	7	1	8	1		1	3	1	
113	1	6	16	27	臺北市	大安區	大安區羅斯福路2段79號	25.0259694	121.5233505	0	0	2	4	8	6	5	14	9	1	5	4	5	13	4	4	3	4	5	2	13	1	9	1	5	1	10	1		2	2	11	
113	1	6	16	32	臺北市	中山區	中山區松江路與德惠街口	25.0666484	121.533313	0	0	1	2	8	5	5	4	1	1	5	4	5	13	1	1	1	4	5	2	3	4	5	1	3	2	8	1		1	3	8	
113	1	6	17	30	臺北市	中山區	中山區民權東路1段5號前	25.0628452	121.5231045	0	0	1	2	7	5	8	14	9	1	5	4	5	13	4	4	1	4	5	2	17	4	7	1	3	2	8	1		1	3	2	
113	1	6	17	40	臺北市	大安區	大安區大安路1段116巷與復興南路1段口	25.039876	121.5438407	0	0	1	2	8	5	5	4	3	1	5	4	5	13	1	1	1	5	5	2	17	1	9	1	6	1	10	1		1	2	11	
113	1	6	17	40	臺北市	文山區	文山區木柵路1段與辛亥路7段口	24.9877465	121.5523322	0	0	1	2	8	5	5	4	1	1	5	4	5	13	2	1	5	4	5	2	17	4	8	1	5	1	8	1		1	3	17	
113	1	6	17	53	臺北市	士林區	士林區中山北路5段與雙溪街口	25.10077473	121.52628	0	0	2	2	8	5	5	5	2	1	5	4	5	13	3	1	5	5	5	1	13	1	9	1	6	1	10	1		2	2	11	
113	1	6	18	6	臺北市	大同區	大同區鄭州路與塔城街口	25.0500253	121.5105421	0	0	1	2	7	5	5	4	1	1	5	4	5	13	1	1	5	2	5	2	17	1	10	3	5	2	18	1		1	2	15	
113	1	6	18	7	臺北市	信義區	信義區松山路與忠孝東路5段口	25.0408094	121.578045	0	0	1	2	8	5	5	4	2	1	5	4	5	13	2	1	3	4	5	2	16	4	5	1	3	1	8	1		1	3	4	
113	1	6	18	11	臺北市	內湖區	內湖區康寧路3段189巷163弄與康寧路3段189巷157弄口	25.0749187	121.6113007	0	0	1	2	7	5	5	4	1	1	5	4	5	13	4	4	10	5	5	2	15	1	9	1	5	1	10	1		2	2	14	
113	1	6	18	12	臺北市	中正區	中正區中華路2段313巷39號與中華路2段313巷口	25.0292065	121.5064344	0	0	1	3	8	5	5	4	1	1	5	4	3	10	4	4	10	5	5	2	15	1	1	1	5	2	10	1		1	3	11	
113	1	6	18	18	臺北市	大安區	大安區新生南路3段21號	25.0251212	121.5347353	0	0	1	2	8	7	5	14	9	1	5	4	5	13	4	4	1	4	5	2	12	4	9	3	3	1	18	1		2	2	12	
113	1	6	18	31	臺北市	北投區	北投區大度路3段與大度路3段270巷口	25.1233965	121.4669282	0	0	2	2	7	5	5	4	1	1	5	4	5	13	1	1	5	4	5	1	16	1	5	1	5	2	10	1		1	2	14	
113	1	6	18	45	臺北市	松山區	松山區塔悠路332號	25.06525343	121.5678717	0	0	1	2	8	5	5	14	8	1	5	4	5	13	4	4	3	4	4	2	17	4	6	1	3	2	8	1		1	3	6	
113	1	6	19	0	臺北市	中山區	中山區北安路301號對面	25.0778956	121.5356175	0	0	3	4	8	5	5	14	9	1	5	4	5	13	4	4	1	4	5	2	13	1	9	6	6	2	18	1		1	2	11	
113	1	6	19	0	臺北市	文山區	文山區羅斯福路4段與基隆路4段口口	25.0107725	121.5370748	0	0	1	2	8	5	5	5	18	1	5	4	5	13	2	1	1	4	5	2	3	1	6	6	7	2	18	1		1	3	1	
113	1	6	19	15	臺北市	松山區	松山區南京東路5段23巷與南京東路5段23巷7弄口	25.05216916	121.5580218	0	0	1	2	8	5	5	14	9	1	5	4	5	13	4	4	10	5	5	2	13	1	9	1	6	1	10	1		2	3	11	
113	1	6	19	16	臺北市	大同區	大同區鄭州路145號	25.0504957	121.5090393	0	0	1	3	7	5	5	14	9	1	5	4	5	13	4	4	1	4	5	2	17	1	9	1	7	1	8	1		1	3	5	
113	1	6	19	20	臺北市	北投區	北投區承德路7段與實踐街口	25.1145441	121.507332	0	0	1	2	8	5	5	14	9	1	5	4	5	13	1	1	9	4	5	2	13	1	5	1	7	11	8	2		1	3	5	
113	1	6	19	22	臺北市	內湖區	內湖區環山路2段與環山路2段53巷口	25.08530652	121.5737821	0	0	2	3	8	5	5	4	2	1	5	4	5	13	2	1	5	4	5	2	17	1	6	1	6	1	10	1		2	2	11	
113	1	6	19	55	臺北市	萬華區	萬華區成都路與昆明街口	25.04313236	121.5047959	0	0	1	2	8	5	5	4	18	1	5	4	5	13	1	1	9	4	5	2	3	4	15	1	3	11	8	1		1	3	8	
113	1	6	21	47	臺北市	萬華區	萬華區昆明街23號	25.045194	121.5054646	0	0	1	2	8	5	5	14	9	1	5	4	5	13	4	4	10	4	5	2	12	4	1	1	3	1	8	1		2	3	5	
113	1	6	22	15	臺北市	士林區	士林區承德路4段179巷與基河路口	25.0880777	121.5238091	0	0	1	2	7	5	5	4	1	1	5	4	5	13	1	1	5	4	5	2	17	1	5	1	6	2	10	1		1	2	14	
113	1	6	22	27	臺北市	大同區	大同區忠孝橋機慢車道往三重	25.0491728	121.5060271	0	0	3	4	7	5	5	8	11	1	5	4	5	13	4	4	1	5	4	1	17	4	15	1	6	2	10	1		1	2	11	
113	1	6	22	30	臺北市	大安區	大安區和平東路3段與基隆路2段口	25.0242935	121.5522696	0	0	1	2	8	5	5	14	9	1	5	4	5	13	1	1	1	4	5	2	12	4	8	1	3	1	21	1		2	2	12	
113	1	6	22	55	臺北市	大安區	大安區復興南路1段107巷與復興南路1段口	25.0436085	121.5439662	0	0	2	3	8	5	5	14	9	1	5	4	5	13	2	1	9	5	5	2	12	1	15	1	7	1	8	1		1	3	2	
113	1	6	23	31	臺北市	文山區	口(興隆路3段58號)	25.0000835	121.5560785	0	0	1	2	8	5	5	3	1	1	5	4	5	13	2	1	1	4	5	2	16	1	11	1	7	1	8	1		2	3	5	
113	1	7	0	8	臺北市	信義區	信義區永吉路326巷與永吉路口口	25.045451	121.5754477	0	0	4	6	7	5	5	4	1	1	5	4	5	13	1	1	1	4	5	2	17	1	5	1	7	2	8	1		1	2	2	
113	1	7	0	12	臺北市	士林區	士林區忠誠路2段207巷與東山路口	25.1164068	121.5390204	0	0	2	3	8	5	5	4	1	1	5	4	5	13	3	1	1	4	5	2	15	4	9	1	6	1	10	1		1	2	11	
113	1	7	1	2	臺北市	中正區	中正區基隆路4段與羅斯福路4段口	25.0113542	121.5371055	0	0	1	2	8	5	5	4	1	1	5	4	5	13	1	1	1	5	5	2	17	1	5	1	5	1	10	1		1	3	14	
113	1	7	3	13	臺北市	萬華區	萬華區環河南路1段與環河南路1段348巷口口	25.04005646	121.497795	0	0	1	2	8	5	5	4	1	1	5	4	5	13	2	1	10	5	5	2	16	4	6	1	7	1	8	1		1	3	5	
113	1	7	7	13	臺北市	大安區	大安區基隆路2段與敦化南路2段口	25.0212155	121.5488354	0	0	2	2	7	5	5	3	1	1	5	4	5	13	1	1	1	4	5	2	13	1	12	1	5	1	10	1		1	2	11	
113	1	7	7	21	臺北市	大安區	大安區基隆路4段與羅斯福路4段口	25.011259	121.5373204	0	0	1	2	8	5	5	5	2	1	5	4	5	13	2	1	1	4	5	2	17	1	14	1	6	1	10	1		2	2	13	
113	1	7	8	37	臺北市	大安區	大安區和平東路3段308巷與臥龍街口	25.0187894	121.5545716	0	0	1	2	8	6	5	5	1	1	5	4	5	13	2	1	9	4	5	2	17	4	15	8	2	1	20	1		1	2	17	
113	1	7	8	40	臺北市	萬華區	萬華區中華路1段150號	25.0426633	121.5082216	0	0	1	2	8	7	5	14	9	1	5	4	5	13	4	4	1	5	5	2	17	1	9	1	5	1	10	1		1	3	15	
113	1	7	8	47	臺北市	大同區	大同區重慶北路3段236巷45弄與重慶北路3段236巷口	25.07056133	121.5123013	0	0	2	3	7	7	5	4	1	1	5	4	5	13	2	1	10	5	5	2	16	1	5	1	5	1	10	1		2	2	14	
113	1	7	8	55	臺北市	中山區	中山區敬業四路與植福路口	25.0839257	121.5585022	0	0	1	2	8	6	5	4	1	1	5	4	5	13	2	1	5	4	5	2	16	4	6	1	3	2	4	1		1	3	2	
113	1	7	8	55	臺北市	中正區	中正區林森南路與信義路1段口	25.0372383	121.5209557	0	0	1	2	7	5	5	3	1	1	5	4	5	13	1	1	1	4	1	1	3	1	9	1	7	2	8	1		1	3	5	
113	1	7	9	10	臺北市	中山區	中山區民生東路2段160號	25.0578974	121.532634	0	0	2	3	8	6	5	14	9	1	5	4	5	13	2	1	5	4	5	2	13	1	9	1	7	2	8	1		1	2	1	
113	1	7	9	46	臺北市	士林區	士林區承德路4段與中正路口	25.09101042	121.5165908	0	0	1	2	8	6	5	4	1	1	5	4	5	13	1	1	10	5	5	1	13	1	8	1	5	2	10	1		1	3	13	
113	1	7	10	26	臺北市	大安區	大安區辛亥路3段157巷12弄口側附近	25.0175667	121.549489	0	0	1	2	8	6	5	3	1	1	5	4	5	13	4	4	10	5	5	2	16	1	5	1	7	2	8	1		1	3	4	
113	1	7	10	26	臺北市	松山區	松山區光復北路與光復北路11巷口	25.0491875	121.5579013	0	0	2	2	8	6	5	4	1	1	5	4	5	13	2	1	1	4	5	2	16	1	5	1	5	2	10	1		1	2	12	
113	1	7	10	43	臺北市	信義區	信義區吳興街281巷5號	25.0264871	121.5644632	0	0	2	2	7	6	5	14	9	1	5	4	5	13	4	4	9	4	5	2	17	1	9	1	6	1	10	1		2	2	12	
113	1	7	11	14	臺北市	士林區	士林區士東路91巷4號	25.11238618	121.529136	0	0	1	3	8	5	5	14	9	1	5	4	5	13	4	4	5	5	5	2	17	1	1	1	7	1	8	1		1	3	8	
113	1	7	11	45	臺北市	中山區	中山區松江路69巷與松江路口	25.049381	121.5330645	0	0	1	2	8	6	5	14	10	1	5	4	5	13	4	4	9	4	5	2	9	1	1	1	7	2	6	1		1	3	17	
113	1	7	11	52	臺北市	大同區	大同區酒泉街與大龍街口	25.0720305	121.5159162	0	0	1	2	7	6	5	4	1	1	5	4	5	13	1	1	5	5	5	2	16	1	5	1	6	2	10	1		2	2	11	
113	1	7	12	10	臺北市	文山區	文山區木柵路2段138巷與興隆路4段101巷口	24.9883203	121.5619544	0	0	1	2	8	5	5	4	2	1	5	4	5	13	3	1	10	5	5	2	17	1	9	1	5	2	10	1		1	2	12	
113	1	7	12	14	臺北市	信義區	信義區福德街251巷7弄與福德街309巷口口	25.0384114	121.5879821	0	0	1	2	8	7	5	3	1	1	5	4	5	12	4	4	10	5	5	2	11	1	9	1	5	1	10	1		2	3	11	
113	1	7	12	31	臺北市	士林區	士林區故宮路021號電燈桿	25.0964964	121.5473404	0	0	1	2	7	6	5	11	9	1	5	4	5	13	4	4	3	4	5	2	11	1	15	3	6	1	18	1		2	2	14	
113	1	7	12	50	臺北市	信義區	信義區忠孝東路4段國館4號出口	25.0412507	121.5583968	0	0	2	3	7	6	5	14	9	1	5	4	5	13	4	4	1	4	5	2	18	1	9	1	6	1	10	1		2	2	12	
113	1	7	12	55	臺北市	內湖區	內湖區康寧路3段與康寧路3段165巷口	25.070488	121.6113246	0	0	1	2	8	6	5	4	1	1	5	4	5	13	1	1	1	3	5	1	16	1	5	1	7	2	8	1		1	3	6	
113	1	7	13	20	臺北市	內湖區	內湖區文德路93號	25.07855228	121.5831875	0	0	1	2	8	6	5	14	7	1	5	4	5	13	4	4	1	4	4	2	17	1	1	1	7	2	8	1		1	3	4	
113	1	7	13	30	臺北市	松山區	松山區市民大道6段與中坡北路口	25.0495051	121.5799988	0	0	1	2	8	6	5	4	1	1	5	4	5	13	1	1	5	4	5	2	17	4	1	1	7	1	8	1		1	3	4	
113	1	7	13	42	臺北市	萬華區	萬華區東園街與東園街73巷口	25.0260344	121.4964454	0	0	1	2	8	6	5	4	2	1	5	4	5	13	2	1	5	4	5	2	17	1	9	1	7	1	8	1		2	2	2	
113	1	7	14	35	臺北市	北投區	北投區西安街1段與西安街1段299巷口	25.1126572	121.5165361	0	0	1	3	8	6	5	3	1	1	5	4	5	13	4	4	1	4	5	1	12	1	1	1	7	1	8	1		2	3	5	
113	1	7	14	50	臺北市	信義區	信義區莊敬路與莊敬路239巷口口	25.029569	121.5623226	0	0	1	2	8	7	8	4	1	1	5	4	5	13	1	1	5	4	5	2	17	1	9	1	6	1	10	1		2	2	11	
113	1	7	15	41	臺北市	文山區	文山區木柵路4段26號	24.99692	121.5732395	0	0	1	2	8	7	5	14	9	1	5	4	5	13	4	4	5	4	5	2	16	1	6	3	7	1	18	1		1	3	2	
113	1	7	15	43	臺北市	文山區	文山區木柵路1段與木柵路1段76巷口口	24.9875118	121.550321	0	0	2	3	8	5	5	4	1	1	5	4	5	13	2	1	4	3	5	2	13	1	9	1	5	2	10	1		1	2	11	
113	1	7	15	59	臺北市	中正區	中正區重慶南路3段52號	25.0279203	121.5157015	0	0	1	2	8	7	5	14	9	1	5	4	5	13	4	4	1	4	5	2	12	4	9	7	3	11	19	2		1	4	15	
113	1	7	17	19	臺北市	大同區	大同區重慶北路1段與長安西路口	25.0515924	121.5138967	0	0	1	2	8	5	5	4	1	1	5	4	5	13	2	1	1	4	5	2	16	4	21	7	3	11	19	2		1	4	15	
113	1	7	17	35	臺北市	北投區	北投區崗山路與崗山路5巷口	25.1402949	121.4867934	0	0	1	2	7	6	5	4	1	1	5	4	5	13	4	4	10	5	5	2	15	1	9	1	7	1	8	1		1	3	8	12
113	1	7	18	1	臺北市	士林區	士林區通河東街1段188號	25.08909826	121.5155163	0	0	2	3	7	5	5	14	9	1	5	4	5	13	4	4	10	5	5	1	16	1	11	1	7	1	4	1		1	3	4	
113	1	7	18	45	臺北市	中正區	中正區中華路1段39號	25.0455086	121.5094143	0	0	1	2	7	5	5	14	9	1	5	4	5	13	1	1	1	4	5	2	16	1	9	7	3	11	19	2		1	4	13	
113	1	7	19	11	臺北市	信義區	信義區吳興街553號	25.02293108	121.5694659	0	0	2	3	8	5	5	14	9	1	5	4	5	13	4	4	9	1	5	2	17	1	1	1	7	1	8	1		2	3	8	
113	1	7	19	22	臺北市	北投區	北投區石牌路2段與裕民四路口	25.1156102	121.5156111	0	0	1	3	7	5	5	11	9	1	5	4	5	13	4	4	1	4	5	2	13	1	9	1	7	2	8	1		1	3	8	
113	1	7	19	41	臺北市	士林區	士林區士東路200巷與芝玉路2段20巷口	25.1104009	121.5340416	0	0	1	2	8	5	5	5	1	1	5	4	5	13	4	4	9	5	5	2	17	2	9	1	6	1	10	1		1	2	11	
113	1	7	20	15	臺北市	文山區	文山區興隆路2段與興隆路2段244巷口口	25.0010854	121.5538379	0	0	3	4	8	5	5	3	1	1	5	4	5	13	4	4	5	5	5	2	16	1	5	1	6	1	10	1		2	2	11	
113	1	7	21	0	臺北市	大安區	大安區仁愛路3段9號	25.0384783	121.5349913	0	0	2	3	8	5	5	14	9	1	5	4	5	13	4	4	1	4	5	2	16	1	7	1	7	1	8	1		1	3	17	
113	1	7	21	30	臺北市	中山區	中山區北安路與大直街口	25.0802036	121.546709	0	0	1	2	8	5	5	5	1	1	5	4	5	13	1	1	3	4	5	2	16	4	6	1	3	1	8	1		1	3	5	
113	1	7	21	30	臺北市	文山區	文山區木柵路1段205號	24.9877174	121.551542	0	0	3	4	8	5	5	14	9	1	5	4	5	13	4	4	5	4	5	2	10	1	9	1	7	4	8	1		1	2	1	
113	1	7	21	45	臺北市	中正區	中正區牯嶺街與寧波西街口	25.0301019	121.5165118	0	0	1	3	8	5	5	4	1	1	5	4	5	13	1	1	5	4	5	2	17	1	9	1	5	2	10	1		1	2	14	
113	1	7	21	53	臺北市	大同區	大同區重慶北路3段與昌吉街口	25.0661844	121.5137942	0	0	1	2	8	5	5	5	2	1	5	4	5	13	4	4	1	4	5	2	13	1	8	1	2	2	14	1		2	3	7	
113	1	7	22	40	臺北市	中正區	中正區中山南路5號與徐州路口	25.0418865	121.518543	0	0	1	2	7	5	5	3	2	1	5	4	5	13	1	1	1	4	5	2	16	1	5	1	7	2	8	1		1	3	8	
113	1	8	2	23	臺北市	大同區	大同區民權西路與民權西路225巷口	25.0630286	121.5121932	0	0	2	2	7	5	5	4	1	1	5	4	5	13	3	1	1	4	5	2	15	4	9	1	3	2	4	1		2	2	7	
113	1	8	6	43	臺北市	信義區	信義區福德街與大道路口	25.0380752	121.5837584	0	0	1	2	8	7	5	4	2	1	5	4	5	13	1	1	1	3	5	2	17	4	5	1	3	1	4	1		1	3	2	
113	1	8	7	14	臺北市	內湖區	內湖區新湖一路79號	25.0585647	121.5753834	0	0	1	2	7	7	5	14	9	1	5	4	5	13	4	4	5	4	5	2	16	1	6	1	7	1	8	1		1	3	5	
113	1	8	7	30	臺北市	內湖區	內湖區瑞光路76巷與瑞光路112巷口	25.0704054	121.5803171	0	0	2	2	8	7	5	4	1	1	5	4	5	13	1	1	5	5	5	2	16	1	5	1	7	1	8	1		2	2	5	
113	1	8	7	55	臺北市	士林區	士林區承德路4段與承德路4段77巷口	25.08217789	121.5232019	0	0	2	3	8	6	5	5	2	1	5	4	5	13	1	1	1	4	5	2	17	1	9	1	5	1	10	1		1	2	11	
113	1	8	8	0	臺北市	士林區	士林區天母橋與中山北路6段405巷口	25.1136388	121.525997	0	0	1	2	8	6	5	3	1	1	5	4	5	13	4	4	5	5	5	2	16	1	5	1	6	1	10	1		1	2	14	
113	1	8	8	20	臺北市	中山區	中山區建國北路2段108號	25.05843541	121.53667	0	0	1	2	8	5	5	14	9	1	5	4	5	13	4	4	1	3	5	1	16	1	8	1	7	1	8	1		1	3	5	
113	1	8	8	20	臺北市	士林區	士林區通河西街2段與通河西街2段102巷口	25.0927314	121.5083177	0	0	2	2	8	6	5	3	2	1	5	4	5	13	4	4	10	5	5	1	16	1	1	1	5	1	10	1		2	2	12	
113	1	8	8	22	臺北市	文山區	文山區木新路3段45巷與木新路3段45巷10弄口	24.9815885	121.5644649	0	0	1	2	7	6	5	3	1	1	5	4	5	13	4	4	10	5	5	2	16	1	6	1	7	1	4	1		1	3	8	
113	1	8	8	24	臺北市	大安區	大安區羅斯福路4段與基隆路4段口	25.01087861	121.5372683	0	0	3	3	8	6	5	5	1	1	5	4	5	13	2	1	1	4	5	2	12	1	15	1	5	1	10	1		1	2	12	
113	1	8	8	27	臺北市	信義區	信義區松德路133巷與松德路169巷口口	25.036366	121.5758896	0	0	2	2	8	7	5	4	1	1	5	4	5	13	4	4	10	5	5	2	15	1	9	1	6	1	10	1		1	2	11	
113	1	8	8	35	臺北市	內湖區	內湖區康寧街3段81號	25.06827156	121.6313496	0	0	1	2	7	7	5	14	9	1	5	4	5	13	1	1	1	3	1	2	12	1	8	1	6	1	10	1		1	2	14	
113	1	8	8	41	臺北市	中山區	中山區中山北路2段36巷與撫順街口	25.0638769	121.5221391	0	0	2	3	7	5	5	3	1	1	5	4	5	13	4	4	5	5	5	2	16	4	5	1	3	1	4	1		1	3	4	
113	1	8	8	47	臺北市	北投區	北投區承德路7段與立賢路口	25.1159759	121.5047956	0	0	1	2	8	6	5	4	2	1	5	4	5	13	2	1	1	4	5	2	13	1	9	1	7	2	5	1		1	3	1	
113	1	8	8	54	臺北市	中山區	中山區八德路2段與龍江路口	25.0467157	121.5404182	0	0	2	3	7	5	5	3	1	1	5	4	5	13	1	1	4	3	5	1	16	4	5	1	6	2	10	1		1	2	14	
113	1	8	8	55	臺北市	南港區	南港區興中路68巷9號	25.0568431	121.6061381	0	0	1	2	8	6	5	14	9	1	5	4	5	13	4	4	5	3	5	2	12	4	1	1	3	1	8	1		1	3	8	
113	1	8	9	15	臺北市	中山區	中山區市民大道2段東往西市民林森公車站	25.04798674	121.5235199	0	0	2	3	8	7	5	14	9	1	5	4	5	13	4	4	1	4	5	2	12	1	8	1	6	1	8	1		1	3	13	
113	1	8	9	35	臺北市	中正區	中正區汀州路2段與金門街口	25.0222944	121.5238823	0	0	1	2	7	7	5	4	1	1	5	4	5	13	1	1	4	5	5	2	16	1	11	1	7	1	4	1		1	3	1	
113	1	8	10	49	臺北市	萬華區	萬華區和平西路3段與和平西路3段382巷口	25.03535799	121.4915	0	0	1	2	8	7	5	4	2	1	5	4	5	13	1	1	1	5	5	2	17	1	5	1	5	1	10	1		2	2	14	
113	1	8	11	4	臺北市	大安區	大安區浦城街與浦城街16巷口	25.023703	121.5268355	0	0	2	2	8	7	5	4	1	1	5	4	5	13	4	4	10	5	5	1	15	4	9	1	5	1	10	1		2	2	11	
113	1	8	11	25	臺北市	松山區	松山區敦化北路與民生東路4段口	25.05792944	121.549337	0	0	1	2	8	5	5	4	2	1	5	4	5	13	2	1	1	4	5	2	12	1	1	1	7	1	6	1		1	3	7	
113	1	8	11	30	臺北市	北投區	北投區大業路300巷9弄與無名巷口	25.1285891	121.4989833	0	0	1	3	8	7	5	4	1	1	5	4	5	10	4	4	10	5	5	2	15	1	9	1	7	1	4	1		1	3	1	
113	1	8	12	0	臺北市	中山區	中山區八德路2段與復興北路口	25.04755461	121.5437918	0	0	1	2	8	7	5	4	2	1	5	4	5	13	2	1	5	4	5	2	16	1	11	1	7	1	4	1		1	3	2	
113	1	8	12	5	臺北市	中正區	中正區中華路1段29-2號	25.0457901	121.5095083	0	0	1	2	8	7	5	14	9	1	5	4	5	13	4	4	1	4	5	2	12	1	9	1	5	2	10	1		1	2	14	
113	1	8	12	10	臺北市	士林區	士林區平菁街42巷與平菁街口	25.1307839	121.5729194	0	0	1	2	8	6	5	4	2	1	5	4	5	13	4	4	10	5	5	1	15	1	9	1	5	1	10	1		2	2	11	
113	1	8	12	14	臺北市	文山區	文山區羅斯福路6段與羅斯福路6段455巷口	24.9901974	121.5397999	0	0	1	2	8	6	5	4	2	1	5	4	5	13	1	1	1	4	5	2	13	1	9	6	6	1	18	1		2	2	11	
113	1	8	13	20	臺北市	中山區	中山區建國北路1段73號	25.05156142	121.5370383	0	0	1	2	8	7	5	14	9	1	5	4	1	12	4	4	1	4	4	2	9	4	9	8	4	1	20	1		1	3	17	
113	1	8	13	20	臺北市	中正區	中正區愛國西路與重慶南路1段口	25.0355358	121.5126622	0	0	1	2	8	6	5	4	1	1	5	4	5	13	1	1	1	4	5	2	13	1	9	1	6	2	10	1		1	3	11	
113	1	8	13	22	臺北市	文山區	文山區忠順街1段與忠順街1段41巷口口	24.9840286	121.558613	0	0	2	2	8	7	5	3	1	1	5	4	5	13	4	4	10	5	5	2	16	1	6	8	4	1	20	1		2	2	15	
113	1	8	14	10	臺北市	中正區	中正區中山南路與信義路1段口	25.03877133	121.517912	0	0	1	2	7	6	5	5	1	1	5	4	5	13	1	1	10	5	5	2	12	1	5	1	5	2	10	1		2	2	14	
113	1	8	14	22	臺北市	北投區	北投區竹子湖路33號燈桿	25.1579984	121.5468882	0	0	1	2	8	6	5	14	9	1	5	4	5	13	4	4	5	4	5	2	2	1	9	1	7	2	2	1		1	3	2	
113	1	8	15	4	臺北市	中正區	中正區貴陽街1段235號對面	25.03911239	121.5093291	0	0	1	2	8	7	5	14	9	1	5	4	5	13	4	4	9	4	5	2	17	1	7	1	7	2	3	1		1	3	2	
113	1	8	15	12	臺北市	中山區	中山區北安路與敬業二路口	25.0850976	121.554356	0	0	2	2	7	5	5	3	1	1	5	4	5	13	4	4	1	3	5	1	16	4	6	1	6	1	10	1		1	2	12	
113	1	8	15	32	臺北市	萬華區	萬華區堤外便道近桂林水門口	25.03871588	121.4952064	0	0	1	3	7	6	5	14	9	1	5	4	5	13	4	4	4	4	5	1	16	4	9	1	3	1	8	1		1	3	8	
113	1	8	16	19	臺北市	北投區	北投區中央南路2段26號停車格	25.12381919	121.5001318	0	0	1	2	8	6	5	14	9	1	5	4	5	13	4	4	5	4	5	2	12	1	9	1	5	2	10	1		1	2	11	
113	1	8	16	27	臺北市	中正區	中正區牯嶺街與廈門街99巷口	25.0238465	121.5190466	0	0	1	2	7	7	5	4	1	1	4	4	5	13	4	4	10	5	5	2	17	1	9	1	7	1	8	1		1	3	17	
113	1	8	16	31	臺北市	士林區	士林區菁山路與菁山路34巷口	25.13820793	121.5473082	0	0	2	2	7	7	5	3	1	1	5	4	5	13	4	4	9	5	5	2	12	1	4	1	6	1	10	1		1	2	12	
113	1	8	16	46	臺北市	內湖區	內湖區文德路210巷30弄與文德路210巷口	25.0771621	121.5838219	0	0	1	2	7	7	5	4	1	1	5	4	5	13	4	4	5	5	5	2	16	1	6	1	7	1	4	1		1	3	1	
113	1	8	16	46	臺北市	文山區	文山區木新路3段336號	24.9803307	121.5552733	0	0	1	2	7	5	5	14	9	1	5	4	5	13	4	4	5	4	5	2	16	1	1	1	6	1	10	1		2	2	11	
113	1	8	16	57	臺北市	士林區	士林區百齡左岸河濱公園與通河西街2段口堤外便道百齡左岸233燈桿處	25.0876585	121.5125937	0	0	1	2	8	5	5	14	9	1	5	4	5	13	4	4	9	5	5	2	16	1	6	8	4	2	20	1		1	2	12	
113	1	8	17	4	臺北市	南港區	南港區南港路2段28號對面	25.0540885	121.6054196	0	0	1	2	8	6	5	14	8	1	5	4	5	13	4	4	5	4	4	2	13	4	9	1	3	1	10	1		1	2	11	
113	1	8	17	21	臺北市	士林區	士林區中山北路6段與中山北路6段450巷口	25.11422218	121.5273211	0	0	1	2	7	5	5	4	1	1	5	4	5	13	1	1	1	5	5	1	16	1	5	1	7	1	8	1		2	3	2	
113	1	8	17	45	臺北市	士林區	士林區天母北路87巷22弄111035燈桿	25.12287233	121.5279088	0	0	1	2	8	5	5	11	9	1	5	4	3	10	4	4	10	5	5	2	17	4	9	1	3	2	8	1		2	3	8	
113	1	8	18	0	臺北市	南港區	南港區舊莊街1段50號	25.0412596	121.6184575	0	0	2	3	8	5	5	14	9	1	5	4	5	13	4	4	9	5	5	2	16	1	5	1	5	1	10	1		2	2	14	
113	1	8	18	9	臺北市	大安區	大安區信義路4段與信義路4段265巷口	25.0333509	121.5543293	0	0	1	2	7	5	5	4	1	1	5	4	5	13	4	4	10	5	5	2	17	1	1	1	7	1	8	1		1	3	17	
113	1	8	18	20	臺北市	中山區	中山區新生北路2段101巷25號	25.0574256	121.5290704	0	0	2	3	8	5	5	14	9	1	5	4	5	13	4	4	10	3	5	1	13	1	9	1	6	1	10	1		2	2	11	
113	1	8	18	30	臺北市	松山區	松山區八德路4段與東興路口	25.0489721	121.5652609	0	0	1	2	7	5	5	4	2	1	5	4	5	13	1	1	9	4	5	2	17	4	6	1	7	1	8	1		1	3	8	
113	1	8	18	49	臺北市	內湖區	內湖區瑞光路218號	25.07572255	121.5759947	0	0	1	2	8	5	5	4	1	1	5	4	5	13	2	1	5	4	5	2	13	1	9	1	6	1	10	1		2	2	11	
113	1	8	19	5	臺北市	內湖區	內湖區新明路80號	25.05978892	121.5900501	0	0	1	2	7	5	5	14	9	1	5	4	5	13	4	4	5	3	5	2	16	1	5	1	5	1	10	1		1	2	13	
113	1	8	19	8	臺北市	中山區	中山區南京東路1段與新生北路1段口	25.0519789	121.5275816	0	0	1	2	7	5	5	4	1	1	5	4	5	13	2	1	1	5	5	1	13	4	8	1	3	1	8	1		1	3	3	