年	月	日	時	分	縣市	行政區	allLocation	GoogleLat	GoogleLng	死	2-30	受傷	當事人數	天候	道路照明設備	道路類別	道路型態	事故位置	路面狀況1	路面狀況2	路面狀況3	道路障礙1	道路障礙2	號誌1	號誌2	車道劃分-分向	車道劃分-分道1	車道劃分-分道2	車道劃分-分道3	事故類型及型態	行動電話	當事者行動狀態	駕駛資格情形	保護裝置	飲酒情形	駕駛執照種類	個人肇逃否	肇因碼-主要	性別	受傷程度	車輛撞擊部位1	車輛撞擊部位2
113	1	8	19	25	臺北市	中山區	中山區中山北路3段與撫順街口	25.0639519	121.5222264	0	0	1	2	8	5	5	3	1	1	5	4	5	13	4	4	1	4	1	2	16	1	6	1	5	1	10	1		2	2	12	
113	1	8	19	30	臺北市	士林區	士林區華齡街185巷與福港街149巷15弄口	25.0876994	121.519058	0	0	2	2	8	5	5	3	1	1	5	4	5	13	4	4	10	5	5	2	17	4	5	1	3	1	10	1		1	2	14	
113	1	8	19	50	臺北市	中正區	中正區臨沂街71巷19弄與臨沂街63巷口	25.0358986	121.5302219	0	0	2	2	8	5	5	4	1	1	5	4	5	13	4	4	10	5	5	1	17	1	9	1	6	2	10	1		1	2	11	
113	1	8	19	55	臺北市	北投區	北投區三合街1段79巷與三合街1段口	25.12693865	121.5050349	0	0	1	3	8	5	5	14	9	1	5	4	5	13	3	1	9	4	5	2	17	1	9	1	7	1	4	1		1	3	1	
113	1	8	20	33	臺北市	信義區	信義區忠孝東路5段與忠孝東路5段743巷口	25.0432058	121.5810807	0	0	2	2	8	5	5	5	2	1	5	4	5	13	1	1	3	3	5	2	12	1	8	1	6	1	10	2		1	2	12	
113	1	8	22	10	臺北市	北投區	北投區立農街1段與吉利街123巷8弄口	25.11950103	121.5067371	0	0	2	2	8	5	5	4	1	1	5	4	5	13	4	4	10	5	5	2	15	1	9	1	5	2	10	1		1	2	12	
113	1	8	23	30	臺北市	萬華區	萬華區環河南路2段與和平西路3段口	25.0357473	121.4946018	0	0	1	2	7	5	5	5	4	1	5	4	5	13	2	1	2	2	5	2	13	1	1	6	7	1	18	1		2	3	1	
113	1	8	23	53	臺北市	信義區	信義區永吉路174號	25.0456012	121.5717956	0	0	4	5	8	5	5	14	9	1	5	4	5	13	1	1	3	4	5	2	10	4	9	1	3	2	8	1		1	2	1	
113	1	9	5	15	臺北市	松山區	松山區民權東路4段180號	25.06226772	121.5591408	0	0	2	3	6	5	5	14	7	1	4	4	5	13	1	1	1	4	4	2	12	4	9	1	6	1	10	1		1	3	12	
113	1	9	6	40	臺北市	萬華區	萬華區萬大路與萬大路449巷口	25.02763841	121.4946555	0	0	1	2	7	7	5	3	3	1	5	4	5	13	4	4	1	4	5	2	16	1	6	1	7	1	8	1		2	3	2	
113	1	9	7	14	臺北市	大安區	大安區和平東路3段36號	25.024531	121.5476272	0	0	1	2	6	7	5	14	9	1	4	4	5	13	4	4	1	3	5	2	13	1	9	1	6	1	9	1		1	2	11	
113	1	9	7	17	臺北市	南港區	南港區富康街49巷與富康街口	25.0528071	121.6171448	0	0	3	3	7	7	5	4	1	1	5	4	5	13	4	4	4	1	5	1	12	4	7	1	3	2	10	1		1	2	14	
113	1	9	7	18	臺北市	大安區	大安區復興南路1段237號	25.0371981	121.5437514	0	0	1	2	6	6	5	14	9	1	4	4	5	13	4	4	1	4	5	2	17	1	10	1	7	1	8	1		1	3	17	
113	1	9	7	25	臺北市	士林區	士林區福國路9號	25.1022445	121.5250311	0	0	1	2	6	6	5	14	9	1	4	4	5	13	4	4	1	4	5	1	12	1	9	1	7	1	8	1		2	3	2	
113	1	9	7	30	臺北市	文山區	文山區基隆路4段與汀州路4段口口	25.0108145	121.5364261	0	0	1	2	6	6	5	5	1	1	4	4	5	13	2	1	1	4	1	1	16	1	8	1	6	11	10	1		1	3	13	
113	1	9	7	56	臺北市	內湖區	內湖區康樂街與康樂街61巷口	25.06842652	121.6183223	0	0	1	2	6	7	5	4	2	1	4	4	5	13	1	1	4	3	5	1	17	1	11	1	7	1	8	1		1	3	4	
113	1	9	7	57	臺北市	松山區	松山區八德路4段與八德路4段91巷口	25.04852605	121.5609082	0	0	1	2	6	5	5	4	1	1	4	4	5	13	2	1	9	4	5	2	16	1	5	1	7	1	8	1		1	3	6	
113	1	9	8	0	臺北市	中山區	中山區復興北路與錦州街口	25.05998433	121.5441126	0	0	1	2	6	5	5	14	9	1	4	4	5	13	4	4	1	4	5	2	17	4	9	1	3	1	10	1		2	2	15	
113	1	9	8	17	臺北市	大安區	大安區市民大道3段與復興南路1段口口	25.04469848	121.5437417	0	0	1	2	6	6	5	4	1	1	4	4	5	13	2	1	1	4	4	2	16	1	6	1	5	2	10	1		1	3	12	
113	1	9	8	25	臺北市	大同區	大同區延平北路4段與酒泉街口	25.07206539	121.5109263	0	0	1	2	6	6	5	4	1	1	4	4	5	13	1	1	5	4	4	2	13	1	9	1	6	1	10	1		2	2	11	
113	1	9	8	30	臺北市	中山區	中山區大直橋北往南	25.07276323	121.5442379	0	0	1	2	6	7	5	8	9	1	4	4	5	13	4	4	1	4	5	2	18	1	9	1	6	1	10	1		2	2	14	
113	1	9	8	35	臺北市	中山區	中山區松江路與德惠街口	25.0666086	121.5331897	0	0	1	3	6	5	5	4	1	1	4	4	5	13	1	1	1	3	5	1	17	1	9	1	7	1	8	1		1	3	17	
113	1	9	8	36	臺北市	松山區	松山區復興北路與南京東路3段口	25.05797465	121.5442873	0	0	1	4	7	7	5	4	2	1	4	4	5	13	1	1	9	4	5	2	12	4	7	1	7	1	4	1		1	3	17	
113	1	9	8	37	臺北市	中正區	中正區和平西路2段21-1號	25.0283905	121.5133619	0	0	1	2	7	7	5	14	9	1	4	4	5	13	4	4	1	4	5	2	17	1	7	1	7	2	8	1		1	3	7	
113	1	9	8	43	臺北市	信義區	信義區一號道路	25.0362482	121.5620182	0	0	1	2	7	7	5	14	9	4	4	4	5	13	4	4	6	4	5	2	18	4	9	1	3	1	10	1		2	2	12	
113	1	9	8	49	臺北市	中山區	中山區大直橋北往南	25.07282757	121.5442385	0	0	1	2	6	7	5	8	9	1	4	4	5	13	4	4	1	4	5	2	18	1	9	1	6	1	10	1		1	2	14	
113	1	9	8	53	臺北市	松山區	松山區南京東路5段354號	25.05115456	121.5694734	0	0	1	2	6	7	8	22	22	1	4	4	5	13	3	1	1	4	5	2	13	1	9	1	5	1	10	1		1	2	11	
113	1	9	8	55	臺北市	大安區	大安區信義路3段與建國南路2段口	25.0334375	121.5378448	0	0	1	2	7	6	5	4	1	1	4	4	5	13	1	1	7	4	5	2	13	1	14	1	7	1	4	1		1	3	6	14
113	1	9	9	0	臺北市	中正區	中正區南陽街38巷與南陽街口側附近口口	25.04405582	121.5160636	0	0	2	2	7	7	5	3	1	1	4	4	5	13	4	4	10	5	5	2	17	1	5	1	5	1	10	1		1	2	14	
113	1	9	9	5	臺北市	中正區	中正區仁愛路2段與仁愛路2段65巷口	25.03831109	121.53065	0	0	1	2	7	6	5	3	2	1	4	4	5	13	4	4	10	4	5	2	17	3	7	1	7	2	8	1		1	3	17	
113	1	9	9	5	臺北市	中正區	中正區市民大道2段與天津街口	25.0478455	121.522153	0	0	2	4	7	5	5	4	2	1	5	4	5	13	1	1	1	4	5	1	17	1	15	1	5	1	10	1		1	2	11	
113	1	9	9	5	臺北市	信義區	信義區基隆路2段151號	25.0262894	121.5548305	0	0	1	2	8	7	5	14	9	1	5	4	5	13	4	4	3	4	5	2	17	1	9	1	6	1	10	1		2	2	17	
113	1	9	9	8	臺北市	大同區	大同區環河北路1段179號	25.0560692	121.508146	0	0	1	4	6	6	5	14	9	1	4	4	5	13	4	4	1	4	5	2	17	4	9	1	3	11	10	2		4	4	17	
113	1	9	9	9	臺北市	文山區	文山區辛亥路7段35號	24.9856772	121.5537204	0	0	1	2	7	6	5	14	8	1	5	4	5	13	3	1	5	5	4	2	18	1	9	1	6	1	10	1		2	2	12	
113	1	9	9	11	臺北市	文山區	文山區木柵路1段與木柵路1段58巷口口	24.9869112	121.5471328	0	0	2	2	6	5	5	4	4	1	4	4	5	13	2	1	5	4	5	2	13	1	9	1	5	2	10	1		1	2	11	
113	1	9	9	34	臺北市	中山區	中山區明水路往東(大直橋下)	25.07743894	121.5443758	0	0	2	2	6	5	5	14	9	1	4	4	5	13	1	1	5	4	5	2	13	4	9	1	3	1	10	1		2	2	11	
113	1	9	9	34	臺北市	信義區	信義區永吉路278巷與永吉路200巷81弄口	25.0434409	121.5741457	0	0	3	6	7	6	5	4	1	1	4	4	5	13	4	4	5	5	5	2	15	4	9	6	5	2	10	1		1	2	13	
113	1	9	9	40	臺北市	松山區	松山區民權東路4段與新中街口	25.06239575	121.5601688	0	0	1	2	7	5	5	4	1	1	4	3	5	13	2	1	1	4	4	2	18	1	9	1	6	1	10	1		1	2	12	
113	1	9	9	50	臺北市	士林區	士林區百齡橋與中正路口	25.0902616	121.5148962	0	0	2	4	7	6	5	3	2	1	5	4	5	13	4	4	3	4	5	1	13	1	9	1	6	2	10	1		1	2	11	
113	1	9	10	5	臺北市	中山區	中山區民族東路與林森北路口	25.0683527	121.5257364	0	0	1	2	7	6	5	4	1	1	5	4	5	13	1	1	3	4	5	2	12	1	9	1	6	1	10	1		2	3	12	
113	1	9	10	10	臺北市	大安區	大安區信義路4段與敦化南路2段口	25.0332121	121.5483299	0	0	1	2	7	5	5	4	1	1	5	4	5	13	2	1	1	4	1	2	12	4	9	1	3	1	8	1		2	3	4	
113	1	9	10	49	臺北市	大同區	大同區延平北路3段30號	25.0641829	121.5110968	0	0	1	3	7	5	5	14	9	1	5	4	5	13	4	4	9	4	5	1	17	4	1	1	3	1	8	1		1	3	15	
113	1	9	11	1	臺北市	內湖區	內湖區新明路161號	25.05894102	121.5887479	0	0	1	2	7	6	5	14	7	1	5	4	5	13	4	4	5	4	4	2	16	1	9	1	6	1	9	1		1	2	11	
113	1	9	11	24	臺北市	大安區	大安區仁愛路4段118號	25.0376272	121.550015	0	0	1	2	7	7	5	14	8	1	5	4	5	13	4	4	10	4	5	1	13	4	9	1	6	1	10	1		1	2	11	
113	1	9	12	2	臺北市	萬華區	萬華區和平西路3段162號	25.0352577	121.4982014	0	0	1	2	7	6	5	14	7	1	5	4	5	13	4	4	1	4	4	2	12	1	1	1	7	1	8	1		1	3	5	
113	1	9	12	16	臺北市	萬華區	萬華區忠孝橋(往台北市方向)	25.0487362	121.506686	0	0	1	2	8	6	5	10	8	1	5	4	5	13	4	4	2	4	5	2	17	1	8	1	5	1	10	1		1	3	11	12
113	1	9	12	18	臺北市	內湖區	內湖區港墘路與洲子街口	25.07808935	121.5759273	0	0	1	2	8	7	5	4	1	1	5	4	5	13	2	1	1	4	5	2	17	4	6	1	3	1	8	1		1	3	4	
113	1	9	12	23	臺北市	文山區	文山區新光路1段13號前	24.9886411	121.5737032	0	0	1	3	8	5	5	14	9	1	5	4	5	13	4	4	9	5	5	2	16	1	11	1	5	2	10	1		1	3	14	
113	1	9	12	59	臺北市	內湖區	內湖區內湖路3段143巷與內湖路3段191巷口	25.0878013	121.5884718	0	0	1	2	8	7	5	4	1	1	5	4	5	13	4	4	10	5	5	2	15	1	9	1	7	1	8	1		1	3	2	
113	1	9	13	21	臺北市	士林區	士林區福林橋與中山北路5段699巷口	25.09784976	121.5272631	0	0	1	3	7	7	5	5	1	1	5	4	5	13	1	1	1	4	5	2	13	4	9	1	3	1	8	1		1	3	1	
113	1	9	13	55	臺北市	中正區	中正區徐州路19號與紹興南街口	25.0409339	121.5241262	0	0	1	3	7	7	5	14	9	1	4	4	5	13	4	4	10	4	5	2	16	1	10	1	7	2	8	1		1	3	8	
113	1	9	14	10	臺北市	大安區	大安區忠孝東路3段248巷15號	25.0404716	121.5413208	0	0	1	2	7	7	5	14	9	1	5	4	5	13	4	4	10	5	5	1	3	4	9	1	3	1	4	1		1	3	5	
113	1	9	14	25	臺北市	中山區	中山區民族東路與新生北路3段口	25.06842259	121.5279998	0	0	1	2	8	7	5	4	1	1	5	4	5	13	2	1	10	5	5	2	16	1	5	1	7	1	1	1		1	3	1	
113	1	9	14	33	臺北市	萬華區	萬華區西寧南路與內江街口	25.04169698	121.5059642	0	0	1	2	7	5	5	4	1	1	5	4	5	13	1	1	10	4	5	2	11	4	7	1	5	1	8	1		2	2	14	
113	1	9	14	35	臺北市	松山區	松山區市民大道5段與八德路4段口302號旁無名巷	25.04873446	121.5673153	0	0	1	2	8	7	5	4	1	1	5	4	5	13	3	1	1	4	5	2	17	1	6	1	7	1	8	1		1	3	17	
113	1	9	14	39	臺北市	士林區	士林區雨農路與中正路口	25.0972482	121.5320705	0	0	1	2	8	7	5	4	1	1	5	4	5	13	2	1	6	5	5	1	17	1	6	1	7	1	8	1		1	3	5	
113	1	9	15	0	臺北市	南港區	南港區研究院路1段與南港路1段口	25.055068	121.6166915	0	0	1	2	7	7	5	4	1	1	5	4	5	13	2	1	1	4	5	2	16	1	9	1	5	1	10	1		1	2	12	
113	1	9	15	0	臺北市	大安區	大安區安和路1段29號	25.0396105	121.5497698	0	0	2	2	7	7	5	14	9	1	5	4	5	13	4	4	9	4	5	2	17	1	9	1	7	1	8	1		2	2	1	
113	1	9	15	26	臺北市	中正區	中正區忠孝東路1段與林森北路口	25.04487669	121.5233648	0	0	3	3	8	6	5	4	2	1	5	4	5	13	2	1	1	4	5	2	16	1	6	1	5	2	10	1		1	2	12	
113	1	9	15	30	臺北市	內湖區	內湖區內湖路2段261號	25.080734	121.59036	0	0	1	2	8	5	5	14	9	1	5	4	5	13	4	4	4	5	5	1	9	4	2	1	3	1	10	1		1	3	13	
113	1	9	16	16	臺北市	大安區	大安區忠孝東路4段17巷與復興南路1段135巷口	25.0426738	121.5444814	0	0	2	3	7	6	5	4	1	1	5	4	5	13	4	4	10	5	5	2	15	1	9	1	5	1	10	1		1	2	11	
113	1	9	16	37	臺北市	內湖區	內湖區民權東路6段210巷	25.0675023	121.5973673	0	0	2	2	7	7	5	14	9	1	5	4	5	13	4	4	3	4	5	2	12	1	9	1	5	1	10	1		2	2	11	
113	1	9	16	47	臺北市	中山區	中山區市民大道3段與八德路2段口	25.04507628	121.5348152	0	0	1	2	7	6	5	4	1	1	5	4	5	13	1	1	1	4	5	2	17	1	6	1	7	1	8	1		1	3	5	
113	1	9	16	49	臺北市	大安區	大安區金山南路2段與金華街口	25.030315	121.5266565	0	0	1	2	7	7	5	4	1	1	5	4	5	13	1	1	1	3	5	2	17	1	11	1	7	1	4	1		1	3	6	
113	1	9	17	20	臺北市	中正區	中正區濟南路2段與臨沂街口	25.04061548	121.5302089	0	0	1	3	7	5	5	4	2	1	5	4	5	13	4	4	9	4	5	2	17	1	9	1	5	2	10	1		1	2	12	
113	1	9	17	30	臺北市	大同區	大同區台北橋機慢車道往三重	25.06362733	121.508498	0	0	1	2	8	5	7	8	11	1	5	4	5	13	4	4	8	3	5	2	12	1	7	1	6	1	10	1		1	3	13	
113	1	9	17	40	臺北市	文山區	文山區萬和街與萬安街16巷口	25.00041646	121.5687567	0	0	2	3	8	5	5	14	9	2	5	4	5	13	2	1	5	4	5	2	17	4	6	1	3	1	4	1		1	3	4	
113	1	9	17	50	臺北市	中山區	中山區林森北路與雙城街49巷口	25.06790333	121.5257575	0	0	1	3	7	5	5	4	1	1	5	4	5	13	4	4	9	5	5	2	13	1	9	1	6	1	10	1		1	3	11	
113	1	9	17	57	臺北市	內湖區	內湖區洲子街12號附近	25.07833395	121.5754335	0	0	1	2	7	5	5	14	9	1	5	4	5	13	4	4	5	4	5	2	12	1	7	1	5	2	10	1		1	2	14	
113	1	9	18	0	臺北市	內湖區	內湖區成功路5段與大湖街166巷口	25.08432115	121.6013293	0	0	1	3	8	5	5	4	1	1	5	4	5	13	2	1	1	4	4	2	17	1	5	1	7	2	8	1		2	3	17	
113	1	9	18	1	臺北市	內湖區	內湖區民善街與新湖二路口	25.06072365	121.575505	0	0	1	2	7	5	5	4	1	1	5	4	5	13	2	1	9	4	5	2	16	1	5	1	7	1	8	1		1	3	8	
113	1	9	18	10	臺北市	士林區	士林區百齡橋與承德路5段口引道	25.0902562	121.5150797	0	0	1	2	8	5	5	3	1	1	5	4	5	13	4	4	3	4	4	1	17	4	7	1	3	1	8	1		1	3	4	
113	1	9	18	15	臺北市	松山區	松山區延壽街與塔悠路口	25.05735863	121.5694268	0	0	1	3	7	5	5	3	1	1	5	4	5	13	2	1	1	2	4	2	13	4	9	6	6	2	10	1		1	2	11	
113	1	9	18	22	臺北市	士林區	士林區延平北路6段427號	25.0914795	121.5000295	0	0	1	2	7	5	5	14	9	1	5	4	5	13	4	4	1	4	5	1	13	1	9	1	6	1	9	1		1	2	11	
113	1	9	18	25	臺北市	信義區	信義區莊敬路325巷與莊敬路341巷3弄口	25.0288534	121.5646372	0	0	1	2	7	5	5	3	1	1	5	4	5	13	4	4	9	5	5	2	15	1	1	1	5	1	10	1		1	3	11	
113	1	9	18	26	臺北市	大同區	大同區南京西路與太原路口	25.053755	121.5161829	0	0	1	2	8	5	5	5	18	1	5	4	5	13	2	1	1	4	4	2	3	1	5	1	7	1	8	1		1	3	1	
113	1	9	18	30	臺北市	中正區	中正區愛國西路52號前	25.0367996	121.5072686	0	0	1	2	7	5	5	14	8	1	5	4	5	13	4	4	1	3	4	1	17	2	9	1	6	8	4	1		1	2	11	
113	1	9	18	30	臺北市	信義區	信義區基隆路2段149號	25.0259292	121.5543922	0	0	1	2	8	5	5	14	9	1	5	4	5	13	4	4	9	4	5	2	17	1	9	1	6	1	10	1		1	3	17	
113	1	9	18	33	臺北市	北投區	北投區大業路與豐年路2段口	25.1348255	121.4963797	0	0	1	2	8	5	5	5	1	1	5	4	5	13	2	1	1	4	5	2	17	1	5	1	7	1	8	1		1	3	2	
113	1	9	18	44	臺北市	士林區	士林區大南路229號	25.08849578	121.5209494	0	0	1	2	7	5	5	14	9	1	5	4	5	13	4	4	9	4	5	1	17	4	9	7	3	11	19	2		1	4	15	
113	1	9	18	50	臺北市	大同區	大同區民權西路102巷與民權西路102巷4弄口口	25.06156512	121.5177148	0	0	1	2	8	5	5	4	1	1	5	4	5	13	4	4	10	4	5	2	15	1	9	1	6	1	10	1		1	2	14	
113	1	9	19	0	臺北市	北投區	北投區立農街2段與東華街2段202巷口	25.1177349	121.5135442	0	0	1	2	8	5	5	4	1	1	5	4	5	13	2	1	1	4	5	2	17	1	5	1	6	2	10	1		2	2	13	
113	1	9	19	9	臺北市	中山區	中山區錦州街353號	25.0603048	121.5400682	0	0	1	4	8	5	5	14	9	1	5	4	5	13	4	4	9	5	5	2	16	1	5	1	6	1	10	1		1	3	14	
113	1	9	19	9	臺北市	信義區	信義區基隆路2段79巷	25.0302214	121.5579802	0	0	1	2	8	5	5	14	9	1	5	4	5	13	4	4	3	4	5	2	12	1	9	1	6	2	10	1		1	2	12	
113	1	9	19	10	臺北市	大安區	大安區潮州街82巷與潮州街98巷口口	25.0284147	121.5252262	0	0	2	2	7	5	5	5	1	1	5	4	5	13	4	4	10	5	5	1	17	1	9	1	5	1	10	1		2	2	11	
113	1	9	19	12	臺北市	南港區	南港區八德路4段與東新街口	25.051462	121.5832174	0	0	1	2	8	5	5	5	2	1	5	4	5	13	2	1	1	4	5	2	16	4	6	8	3	1	20	1		2	2	11	
113	1	9	20	54	臺北市	大安區	大安區仁愛路4段與敦化南路1段口	25.0377475	121.5479851	0	0	1	2	8	5	5	18	17	1	5	4	5	13	2	1	10	3	1	1	16	4	5	1	3	1	8	1		2	3	8	
113	1	9	21	11	臺北市	松山區	松山區塔悠路303號	25.0606698	121.568759	0	0	2	2	8	5	5	3	2	1	5	4	5	13	4	4	1	3	5	2	13	1	5	1	5	2	10	1		1	2	13	
113	1	9	22	37	臺北市	士林區	士林區天母東路與天母東路43巷口	25.11807413	121.5323599	0	0	1	3	8	5	5	4	2	1	5	4	5	13	1	1	1	5	5	2	17	1	9	1	7	1	2	1		1	3	17	
113	1	9	22	51	臺北市	中山區	中山區建國北路2段15號與建國北路2段口迴轉道	25.0540905	121.5371079	0	0	2	2	8	5	5	3	2	1	5	4	5	13	4	4	1	4	5	2	13	4	8	1	3	1	10	1		1	2	13	
113	1	9	23	3	臺北市	大安區	大安區市民大道3段與建國南路1段口	25.0446887	121.5363398	0	0	3	3	8	5	5	4	1	1	5	4	5	13	2	1	1	4	5	2	15	1	9	1	6	1	10	1		1	2	11	
113	1	9	23	10	臺北市	中山區	中山區天祥路與民權西路口	25.0629206	121.5209631	0	0	2	3	8	5	5	4	2	1	5	4	5	13	1	1	1	4	5	2	16	1	8	1	5	1	10	1		2	2	11	
113	1	9	23	10	臺北市	文山區	文山區景美街75號附近	24.99065332	121.5416943	0	0	1	2	8	5	5	14	9	2	5	4	5	13	4	4	10	5	5	1	9	1	7	1	7	1	8	1		1	3	2	
113	1	10	0	20	臺北市	大安區	大安區市民大道4段與光復南路口	25.0449754	121.5576444	0	0	1	2	7	5	5	5	1	1	5	4	5	13	2	1	1	4	4	2	15	1	9	1	7	1	8	1		2	3	5	
113	1	10	0	35	臺北市	中山區	中山區錦州街與民權東路2段92巷口	25.0603302	121.5316689	0	0	1	2	8	5	5	4	2	1	5	4	5	13	4	4	10	5	5	2	15	4	9	1	3	1	10	1		1	3	13	
113	1	10	3	20	臺北市	士林區	士林區承德橋與通河街口	25.0802243	121.5222639	0	0	1	3	7	5	5	4	1	1	4	4	5	13	1	1	2	4	5	2	17	4	6	1	3	1	8	1		1	3	5	
113	1	10	6	47	臺北市	中山區	中山區北安路139號	25.07792669	121.5332192	0	0	1	2	8	6	5	11	9	1	5	4	5	13	4	4	5	4	5	2	13	4	9	1	5	1	10	1		1	2	11	
113	1	10	8	0	臺北市	南港區	南港區研究院路4段008號燈桿(廣化天宮)	25.01459	121.5850331	0	0	1	2	8	5	5	14	9	1	4	4	5	13	4	4	5	5	5	1	18	1	9	1	6	1	10	1		2	2	14	
113	1	10	8	13	臺北市	中山區	中山區林森北路與德惠街口	25.0667108	121.5257193	0	0	2	2	7	6	5	4	1	1	5	4	5	13	1	1	5	5	5	2	17	1	5	1	5	1	10	1		1	2	14	
113	1	10	8	15	臺北市	內湖區	內湖區舊宗路2段121巷與舊宗路2段口	25.0694723	121.574828	0	0	1	3	8	6	5	5	2	1	5	4	5	13	2	1	3	4	5	2	13	4	1	1	3	9	8	2		1	3	17	
113	1	10	8	23	臺北市	大安區	大安區辛亥路3段157巷與辛亥路3段157巷22弄口	25.0180113	121.5499099	0	0	2	2	7	7	5	3	1	1	5	4	5	13	4	4	4	3	5	2	9	1	9	1	6	1	10	1		2	2	11	
113	1	10	8	25	臺北市	中山區	中山區建國北路2段3巷與建國北路口側附近2段口	25.052495	121.537086	0	0	1	2	7	5	8	3	2	1	5	4	5	13	4	4	1	4	5	2	13	4	6	1	3	1	8	1		1	3	6	
113	1	10	8	28	臺北市	中山區	中山區朱崙街20號	25.050018	121.5398999	0	0	1	2	8	5	5	14	9	1	5	4	5	13	4	4	9	5	5	2	16	4	9	1	3	1	10	1		1	2	14	
113	1	10	8	34	臺北市	中正區	中正區八德路1段與金山北路口	25.0435513	121.5296877	0	0	1	2	7	5	5	14	9	1	5	4	5	13	2	1	9	4	5	2	17	1	7	1	7	1	4	1		1	3	4	
113	1	10	8	57	臺北市	大安區	大安區大安路1段與大安路1段157巷口	25.0371974	121.5460244	0	0	3	3	7	6	5	3	1	1	5	4	5	13	4	4	10	5	5	2	16	1	5	1	5	1	10	1		1	2	14	
113	1	10	9	0	臺北市	北投區	北投區大業路與大業路280巷口	25.127041	121.497995	0	0	2	3	7	6	5	3	1	1	5	4	5	13	2	1	1	4	4	2	16	1	5	1	7	2	8	1		1	3	8	
113	1	10	9	1	臺北市	松山區	松山區八德路4段165號	25.04870159	121.5627347	0	0	1	2	8	5	5	14	20	1	5	4	5	13	4	4	10	5	5	2	9	5	20	8	4	11	20	2		4	2	16	
113	1	10	9	30	臺北市	大同區	大同區塔城街與長安西路口	25.0517632	121.5105297	0	0	1	2	7	6	5	14	9	1	5	4	5	13	4	4	8	3	5	1	16	1	6	1	7	2	8	1		1	3	2	
113	1	10	9	50	臺北市	大安區	大安區和平東路1段與新生南路3段口	25.0258946	121.5347319	0	0	1	2	8	5	5	4	1	1	5	4	5	13	2	1	10	5	5	2	16	4	6	1	3	1	8	1		1	3	5	
113	1	10	10	2	臺北市	內湖區	內湖區成功路4段182巷與成功路4段口	25.08362415	121.5942218	0	0	1	2	8	6	5	3	1	1	5	4	5	13	4	4	1	4	4	2	17	1	6	1	7	2	8	1		1	3	8	
113	1	10	10	14	臺北市	大同區	大同區長安西路324號	25.05201982	121.5115895	0	0	1	2	8	6	5	14	9	1	5	4	5	13	4	4	5	4	5	2	17	1	8	8	4	1	20	1		2	2	11	
113	1	10	10	38	臺北市	南港區	南港區重陽路與興中路86巷口	25.057941	121.6055968	0	0	1	2	8	6	5	3	2	1	5	4	5	13	4	4	5	4	4	2	16	1	5	1	6	1	10	1		2	2	14	
113	1	10	10	54	臺北市	中正區	中正區汀州路2段73號	25.0256486	121.5167463	0	0	2	2	7	7	5	14	9	1	5	4	5	13	4	4	5	5	5	2	3	5	16	8	4	10	20	1		1	2	16	
113	1	10	11	0	臺北市	北投區	北投區自強街31巷42號	25.1115488	121.5124382	0	0	1	2	7	6	5	11	9	1	5	4	5	13	4	4	10	5	5	2	10	1	9	1	7	1	8	1		1	3	1	
113	1	10	11	1	臺北市	中山區	中山區民權東路2段與建國北路3段口	25.06247013	121.5367759	0	0	1	3	8	5	5	14	9	1	5	4	5	13	1	1	1	4	5	2	12	4	21	7	3	11	19	2		1	4	15	
113	1	10	11	37	臺北市	大安區	大安區大安路1段53號	25.0429867	121.5461901	0	0	1	2	7	7	5	14	9	1	5	4	5	13	4	4	10	4	5	1	3	4	9	1	3	2	8	1		2	3	2	
113	1	10	11	38	臺北市	中正區	中正區南昌路1段與南昌路1段125巷口口	25.03018801	121.5180418	0	0	1	2	8	6	5	3	2	1	5	4	5	13	4	4	5	5	5	1	17	1	1	1	7	2	8	1		1	3	3	
113	1	10	11	43	臺北市	信義區	信義區和平東路3段341巷54號	25.0220419	121.5588692	0	0	1	2	8	5	5	14	9	1	5	4	5	13	4	4	10	5	5	1	13	1	9	1	5	1	10	1		2	2	11	
113	1	10	11	45	臺北市	大同區	大同區鄭州路與西寧北路口	25.0506052	121.5082021	0	0	1	2	7	7	5	4	1	1	5	4	5	13	1	1	1	4	1	2	16	1	9	1	7	2	8	1		1	3	1	
113	1	10	12	17	臺北市	中山區	中山區新生北路2段62巷36號	25.05621666	121.5260815	0	0	1	2	7	6	5	14	9	1	5	4	5	13	4	4	10	5	5	2	17	1	1	6	7	1	8	1		1	3	5	
113	1	10	12	20	臺北市	大安區	大安區和平東路1段141巷7-1號	25.0276197	121.5304809	0	0	2	3	8	7	5	14	9	1	5	4	5	13	4	4	10	5	5	2	12	4	9	1	3	1	8	1		1	3	2	
113	1	10	12	31	臺北市	中正區	中正區汀州路3段與師大路口	25.0208423	121.5254805	0	0	1	2	7	7	5	4	1	1	5	4	5	13	1	1	5	5	5	2	17	1	5	1	5	2	10	1		2	2	14	
113	1	10	12	35	臺北市	文山區	文山區木新路2段與木新路2段66巷口	24.98570475	121.5706273	0	0	1	2	8	6	5	14	9	1	5	4	3	10	4	4	5	2	5	2	16	1	1	8	4	9	20	1		2	2	11	
113	1	10	12	51	臺北市	中山區	中山區林森北路247號對面晶華酒店停車場出入口	25.054069	121.525378	0	0	1	2	8	5	8	22	22	1	5	4	5	13	4	4	10	5	5	2	9	5	17	8	4	11	20	2		4	2	16	
113	1	10	12	55	臺北市	萬華區	萬華區環河南路1段330號	25.0407338	121.4985891	0	0	1	2	7	6	5	14	9	1	5	4	5	13	4	4	5	4	5	2	17	1	9	1	5	1	10	1		1	2	12	