年	月	日	時	分	縣市	行政區	allLocation	GoogleLat	GoogleLng	死	2-30	受傷	當事人數	天候	道路照明設備	道路類別	道路型態	事故位置	路面狀況1	路面狀況2	路面狀況3	道路障礙1	道路障礙2	號誌1	號誌2	車道劃分-分向	車道劃分-分道1	車道劃分-分道2	車道劃分-分道3	事故類型及型態	行動電話	當事者行動狀態	駕駛資格情形	保護裝置	飲酒情形	駕駛執照種類	個人肇逃否	肇因碼-主要	性別	受傷程度	車輛撞擊部位1	車輛撞擊部位2
113	1	10	13	20	臺北市	中正區	中正區博愛路98號	25.0439123	121.511481	0	0	1	2	7	6	5	14	9	1	5	4	5	13	4	4	10	4	5	2	12	1	9	1	7	2	4	1		1	3	4	
113	1	10	13	25	臺北市	信義區	信義區松勤街66號對面	25.03202879	121.5639397	0	0	1	2	8	5	8	14	9	1	5	4	5	13	4	4	9	5	5	2	17	4	9	1	7	2	8	1		1	2	5	
113	1	10	14	34	臺北市	文山區	文山區木新路3段與木新路3段232巷口	24.98132774	121.5591429	0	0	2	2	7	5	5	3	2	1	5	4	5	13	2	1	5	4	5	2	16	1	9	1	6	2	10	1		1	2	11	
113	1	10	14	40	臺北市	文山區	文山區興隆路3段192巷8弄19號	24.99827283	121.5565406	0	0	1	2	7	6	5	14	9	1	5	4	5	13	4	4	9	5	5	2	17	1	9	1	6	2	10	1		1	2	11	
113	1	10	14	45	臺北市	中山區	中山區新生北路3段40號	25.06380684	121.5275819	0	0	1	2	7	5	5	14	9	1	5	4	5	13	4	4	1	4	5	2	17	4	9	1	3	1	10	1		1	2	14	
113	1	10	15	9	臺北市	大安區	大安區和平東路1段218號	25.03743286	121.5446108	0	0	1	2	7	6	5	14	7	1	5	4	5	13	2	1	1	4	4	2	12	1	9	1	7	1	8	1		1	3	2	
113	1	10	15	22	臺北市	內湖區	內湖區新明路298巷6號	25.05633962	121.5819361	0	0	1	2	8	6	5	14	9	1	5	4	5	13	4	4	5	4	5	2	29	1	15	1	7	9	2	1		1	3	17	
113	1	10	16	33	臺北市	士林區	士林區延平北路7段106巷327弄與延平北路7段106巷口	25.104263	121.4959627	0	0	1	2	7	6	5	3	2	1	5	4	5	13	1	1	10	5	5	1	17	1	9	1	6	2	10	1		1	2	11	
113	1	10	16	56	臺北市	中山區	中山區中山北路2段與長春路口	25.0548915	121.5226543	0	0	1	2	8	5	5	4	2	1	5	4	5	13	2	1	3	4	5	2	17	4	5	1	3	1	10	1		1	2	12	
113	1	10	16	56	臺北市	中山區	中山區林森北路85巷49號	25.04945255	121.5265658	0	0	1	2	7	6	5	14	9	5	5	4	5	13	4	4	10	5	5	2	2	5	16	8	4	10	20	1		1	2	16	
113	1	10	17	0	臺北市	文山區	文山區木柵路1段與景美溪橋口口	24.98680861	121.5453084	0	0	3	3	8	6	5	3	1	1	5	4	5	13	2	1	1	4	4	2	12	4	9	1	6	2	10	1		1	2	14	
113	1	10	17	6	臺北市	中正區	中正區愛國西路48巷與廣州街口	25.0358711	121.5072674	0	0	1	2	8	6	5	3	1	1	5	4	5	13	4	4	5	4	5	2	16	1	5	1	7	2	4	1		1	3	5	
113	1	10	17	8	臺北市	文山區	文山區木柵路5段52號	25.0033999	121.5845018	0	0	2	2	8	5	5	11	9	1	5	4	3	13	4	4	10	5	5	1	11	1	9	1	6	1	10	1		1	2	14	
113	1	10	17	30	臺北市	信義區	信義區忠孝東路5段與大道路口	25.0430146	121.5809498	0	0	1	2	7	5	5	5	2	1	5	4	5	13	1	1	1	4	5	2	9	1	5	1	7	2	8	1		1	3	5	
113	1	10	17	32	臺北市	中山區	中山區北安路490號	25.07975444	121.5455424	0	0	1	2	8	5	5	14	9	1	5	4	5	13	4	4	1	4	5	2	16	1	1	1	7	1	8	1		1	3	8	
113	1	10	17	35	臺北市	中山區	中山區北安路575-3號	25.08137496	121.5485536	0	0	1	2	8	5	5	14	9	1	5	4	5	13	4	4	1	4	5	2	16	4	1	1	3	1	8	1		1	3	8	
113	1	10	17	36	臺北市	大安區	大安區辛亥路3段與復興南路2段口	25.021594	121.5433918	0	0	1	2	8	5	5	3	1	1	5	4	5	13	1	1	1	3	5	2	17	1	6	1	7	1	8	1		1	3	5	
113	1	10	17	38	臺北市	中正區	中正區重慶南路1段136巷	25.03638934	121.5116138	0	0	1	2	7	5	5	14	9	1	5	4	5	13	4	4	10	5	5	2	16	4	9	1	6	11	10	1		1	2	12	
113	1	10	17	40	臺北市	中山區	中山區市民大道3段與復興南路1段口	25.0451708	121.5437626	0	0	2	3	8	5	5	4	1	1	5	4	5	13	1	1	10	4	5	2	16	1	5	1	6	1	10	1		2	2	14	
113	1	10	17	40	臺北市	大安區	大安區敦化南路1段262號	25.0408553	121.5488206	0	0	1	3	7	5	5	14	10	1	5	4	5	13	4	4	5	2	5	2	12	1	8	1	7	1	8	1		2	3	2	
113	1	10	17	45	臺北市	信義區	信義區信義路5段與基隆路2段口	25.0327786	121.5595172	0	0	1	2	8	5	5	4	4	1	5	4	5	13	2	1	3	4	5	2	17	1	9	1	5	2	10	1		1	2	17	
113	1	10	17	48	臺北市	萬華區	萬華區西園路2段292-2號	25.02668953	121.4933581	0	0	1	3	8	5	5	14	9	1	5	4	5	13	4	4	3	4	5	2	16	1	15	1	5	1	10	1		2	2	12	
113	1	10	17	54	臺北市	信義區	信義區松德路202號	25.03409311	121.5744711	0	0	1	2	7	5	5	14	9	1	5	4	5	13	1	1	1	4	5	2	13	1	12	1	5	1	10	1		2	2	13	
113	1	10	18	3	臺北市	中正區	中正區中山南路與青島東路口	25.04448228	121.5194135	0	0	1	2	8	5	5	4	1	1	5	4	5	13	2	1	5	4	5	2	12	1	8	1	5	1	10	1		1	3	12	
113	1	10	18	25	臺北市	內湖區	內湖區麥帥一橋	25.05376206	121.5748436	0	0	2	6	8	5	5	8	11	1	5	4	5	13	4	4	1	4	1	1	13	1	9	1	5	2	10	1		1	3	11	
113	1	10	18	28	臺北市	士林區	士林區承德路4段與通河街口	25.0804584	121.5221088	0	0	1	2	8	5	5	14	9	1	5	4	5	13	4	4	1	3	5	1	12	1	8	1	5	1	10	1		2	2	12	
113	1	10	18	30	臺北市	內湖區	內湖區麥帥一橋東向西機慢車道	25.05295224	121.5733338	0	0	2	5	7	6	5	8	12	1	5	4	5	13	4	4	9	4	5	2	13	1	9	1	6	1	10	1		1	2	11	
113	1	10	18	51	臺北市	大安區	大安區和平東路1段與金山南路2段口	25.0269217	121.5259906	0	0	2	3	8	5	5	4	1	1	5	4	5	13	2	1	1	2	5	1	16	4	6	1	3	2	8	1		1	3	5	
113	1	10	19	6	臺北市	中山區	中山區民權東路2段與林森北路口	25.06263566	121.5258435	0	0	4	5	8	5	5	14	9	1	5	4	5	13	4	4	1	4	5	2	12	1	7	1	7	1	4	1		1	3	4	
113	1	10	20	0	臺北市	中正區	中正區三元街與南海路口	25.02973233	121.5088383	0	0	1	3	7	5	8	5	1	1	5	4	5	13	2	1	1	4	4	1	16	1	6	1	7	2	4	1		1	3	5	
113	1	10	20	13	臺北市	大同區	大同區延平北路2段與民權西路口	25.0629896	121.5112044	0	0	1	2	8	5	5	5	1	1	5	4	5	13	2	1	1	4	1	2	13	1	9	1	5	2	10	1		2	2	12	
113	1	10	20	19	臺北市	萬華區	萬華區長沙街2段與西昌街口	25.0409232	121.500698	0	0	1	2	8	5	5	4	1	1	5	4	5	13	2	1	9	5	5	2	9	1	5	1	7	1	8	1		1	3	1	
113	1	10	20	22	臺北市	大同區	大同區忠孝橋機慢車道往西	25.0491071	121.5061542	0	0	1	2	7	5	5	8	9	1	5	4	5	13	4	4	1	4	5	2	17	4	9	1	3	1	10	1		1	3	11	
113	1	10	20	40	臺北市	信義區	信義區崇德街81巷與崇德街口	25.0243474	121.5554275	0	0	1	2	8	5	5	3	1	1	5	4	5	13	1	1	1	4	5	2	13	4	9	1	3	1	4	1		1	3	1	
113	1	10	20	45	臺北市	大安區	大安區羅斯福路2段與和平東路1段口	25.0270031	121.5226264	0	0	2	4	8	5	5	4	1	1	5	4	5	13	2	1	3	4	5	1	12	4	9	1	6	2	10	1		1	3	13	
113	1	10	21	6	臺北市	大同區	大同區市民大道1段(京站停車場)	25.0486397	121.5181017	0	0	1	2	7	5	5	3	1	1	5	4	5	13	4	4	9	4	5	2	17	1	6	1	7	1	8	1		1	3	2	
113	1	10	21	16	臺北市	大安區	大安區通化街與通化街39巷口	25.0309121	121.5542689	0	0	1	2	8	5	5	4	1	1	5	4	5	13	4	4	9	5	5	1	15	4	9	7	3	11	19	2		1	4	1	
113	1	10	21	31	臺北市	文山區	文山區景華街與景興路口	24.9951228	121.5447869	0	0	2	2	8	5	5	4	2	1	5	4	5	13	2	1	10	5	5	2	16	1	5	1	5	2	10	1		1	2	12	
113	1	10	21	32	臺北市	內湖區	內湖區潭美街328巷(往汐止方向)	25.06252349	121.6100962	0	0	1	2	8	5	5	11	9	1	5	4	5	13	4	4	9	5	5	2	10	1	12	1	6	2	10	1		1	3	11	
113	1	10	21	39	臺北市	內湖區	內湖區內湖路1段629巷42號麗山國中	25.08154259	121.5754619	0	0	1	2	7	6	5	14	9	1	5	4	5	13	4	4	9	4	5	2	16	1	5	8	4	1	20	1		1	2	12	
113	1	10	22	12	臺北市	大同區	大同區環河北路1段與南京西路口	25.06632998	121.5170135	0	0	1	2	7	5	5	3	2	1	5	4	5	13	2	1	1	4	5	2	17	4	9	1	3	1	10	1		1	2	12	
113	1	10	22	12	臺北市	文山區	與木柵路二段138巷多岔路口	24.9888576	121.5617671	0	0	1	2	8	5	5	4	2	1	5	4	5	13	2	1	5	2	5	2	17	4	5	1	3	2	10	1		2	3	11	
113	1	10	22	23	臺北市	大同區	大同區鄭州路與西寧北路口	25.0504517	121.5081449	0	0	1	2	7	5	5	4	1	1	5	4	5	13	1	1	5	2	5	2	17	1	15	1	7	1	8	1		1	3	1	
113	1	10	22	30	臺北市	大安區	大安區大安路1段與復興南路1段135巷口	25.0425991	121.5461221	0	0	1	2	7	5	5	4	1	1	5	4	5	13	4	4	10	4	5	2	17	1	5	8	2	1	20	1		2	3	17	
113	1	10	22	31	臺北市	大同區	大同區承德路2段與民權西路口	25.0628527	121.5184207	0	0	1	2	8	5	5	4	1	1	5	4	5	13	2	1	1	4	5	2	13	1	9	1	6	2	10	1		1	3	13	
113	1	10	22	40	臺北市	中山區	中山區長春路與遼寧街口	25.0546247	121.5421061	0	0	1	2	8	6	5	4	1	1	5	4	5	13	2	1	5	4	5	2	16	4	5	1	3	2	8	1		1	3	6	
113	1	11	1	29	臺北市	信義區	信義區忠孝東路5段與基隆路1段口	25.0412883	121.5651666	0	0	2	2	7	5	5	14	9	1	5	4	5	13	1	1	1	4	5	2	16	1	6	1	5	2	10	1		1	2	13	
113	1	11	5	0	臺北市	大安區	大安區忠孝東路3段251巷與忠孝東路3段口	25.0417385	121.5418814	0	0	2	2	8	5	5	3	1	1	5	4	5	13	2	1	1	4	5	2	13	1	9	6	6	1	10	1		1	2	11	
113	1	11	6	52	臺北市	士林區	士林區延平北路6段與社子街口	25.08934857	121.5048866	0	0	1	2	8	5	5	3	1	1	5	4	5	13	2	1	5	5	5	1	17	1	5	1	7	1	8	1		1	3	1	
113	1	11	7	10	臺北市	士林區	士林區承德路5段北士商旁	25.0950538	121.5146628	0	0	2	3	8	6	5	14	8	1	5	4	5	13	4	4	10	4	4	2	12	1	9	1	6	2	10	1		2	3	14	
113	1	11	7	16	臺北市	信義區	信義區福德街300巷與福德街300巷43弄口口	25.0408523	121.5865287	0	0	3	3	8	6	5	4	1	1	5	4	5	13	4	4	10	5	5	2	15	1	9	1	6	1	10	1		2	2	11	
113	1	11	7	20	臺北市	中山區	中山區中山北路3段與中山北路3段36巷口	25.0657562	121.5219999	0	0	1	2	8	7	5	3	1	1	5	4	5	13	4	4	9	4	5	2	16	1	9	1	6	1	10	1		1	2	14	
113	1	11	7	28	臺北市	萬華區	萬華區東園街與東園街46巷口	25.0265163	121.4961577	0	0	1	2	7	7	5	3	1	1	5	4	5	13	4	4	9	5	5	2	3	1	9	1	7	9	4	2		1	3	5	
113	1	11	7	35	臺北市	松山區	松山區南京東路5段250巷與東興路15巷口	25.05014948	121.5660944	0	0	1	2	8	6	5	4	1	1	5	4	5	13	4	4	10	5	5	2	2	1	6	1	7	1	8	1		1	3	5	
113	1	11	7	36	臺北市	信義區	信義區松勤街138號	25.0318787	121.5686861	0	0	1	2	8	7	8	22	22	1	5	4	5	13	4	4	5	4	5	2	12	1	9	1	7	2	8	1		1	3	2	
113	1	11	7	40	臺北市	中山區	中山區中山北路3段與民族西路口	25.0683835	121.5226852	0	0	2	3	8	7	5	4	1	1	5	4	5	13	1	1	9	4	5	2	12	1	8	1	6	9	10	1		1	3	12	
113	1	11	7	40	臺北市	信義區	信義區富陽街71巷與富陽街21巷口	25.0222726	121.5576685	0	0	2	2	7	7	5	4	1	1	5	4	5	13	4	4	9	5	5	2	15	1	9	1	6	1	10	1		2	2	11	
113	1	11	7	47	臺北市	南港區	南港區市民大道7段396號與昆陽街口	25.0511647	121.5942305	0	0	1	2	8	7	5	4	1	1	5	4	5	13	2	1	1	3	5	2	17	1	5	1	5	1	10	1		2	3	17	
113	1	11	7	50	臺北市	文山區	文山區興隆路3段與萬芳路口口	24.9967202	121.5597826	0	0	1	2	8	6	5	4	1	1	5	4	5	13	2	1	5	5	5	2	16	1	6	1	7	1	2	1		1	3	2	
113	1	11	7	56	臺北市	中正區	中正區重慶南路1段122號	25.0392588	121.5129236	0	0	1	4	8	5	5	14	9	1	5	4	5	13	4	4	9	4	5	2	17	1	9	5	7	4	4	1		1	3	5	
113	1	11	8	0	臺北市	文山區	文山區辛亥路5段與興隆路3段口	25.0008128	121.5546151	0	0	2	4	8	6	5	4	1	1	5	4	5	13	2	1	1	2	5	2	17	1	6	1	7	11	8	2		1	3	17	
113	1	11	8	3	臺北市	內湖區	內湖區新湖二路211號	25.0626959	121.5796037	0	0	1	2	8	6	5	14	9	1	5	4	5	13	4	4	5	4	5	1	3	5	16	8	4	1	20	1		2	3	16	
113	1	11	8	8	臺北市	內湖區	內湖區內湖路1段與內湖路1段120巷口	25.08320573	121.5635066	0	0	2	2	8	6	5	4	2	1	5	4	5	13	2	1	1	4	5	2	17	1	15	1	6	1	10	1		1	2	12	
113	1	11	8	20	臺北市	松山區	松山區延壽街13號	25.05728262	121.5686023	0	0	2	3	8	5	5	22	9	1	5	4	3	13	4	4	9	4	5	2	13	1	9	1	6	2	10	1		1	2	11	
113	1	11	8	30	臺北市	士林區	士林區中山北路7段81巷與中山北路7段口	25.1216796	121.5315508	0	0	2	5	8	6	5	4	2	1	5	4	5	13	1	1	1	4	5	2	17	1	15	1	6	2	10	1		1	2	12	
113	1	11	8	31	臺北市	大安區	大安區金山南路2段155號	25.0335868	121.5272372	0	0	1	2	8	5	5	14	7	1	5	4	5	13	4	4	10	4	4	2	13	4	9	1	3	1	10	1		1	2	11	
113	1	11	8	35	臺北市	中正區	中正區羅斯福路4段70號	25.0142804	121.5347431	0	0	1	2	8	6	5	14	9	1	5	4	5	13	4	4	1	4	5	1	13	1	9	1	6	1	10	1		2	2	11	
113	1	11	9	1	臺北市	士林區	士林區至善路2段與臨溪路口	25.0970558	121.5418761	0	0	2	2	8	7	5	3	4	1	5	4	5	13	2	1	1	5	5	1	13	1	9	1	5	1	10	1		2	2	11	
113	1	11	9	10	臺北市	中山區	中山區復興北路514巷與民權東路3段39巷口口	25.065952	121.5425024	0	0	1	2	8	7	5	3	1	1	5	4	5	13	4	4	5	5	5	2	17	4	5	8	3	1	20	1		2	2	11	
113	1	11	9	10	臺北市	萬華區	萬華區堤外便道往北近忠孝橋	25.0517571	121.5088648	0	0	2	2	7	7	7	14	11	1	5	4	5	13	4	4	8	5	5	2	12	1	9	1	5	1	10	1		1	2	11	
113	1	11	9	21	臺北市	萬華區	萬華區西寧南路241號	25.04007797	121.5061746	0	0	2	2	7	7	5	14	9	1	5	4	5	13	4	4	10	3	5	2	16	1	5	1	5	2	10	1		1	2	14	
113	1	11	9	33	臺北市	松山區	松山區寶清街89巷25號	25.05238543	121.5688111	0	0	1	2	8	6	5	14	9	1	5	4	5	13	4	4	10	5	5	2	16	1	1	1	7	1	8	1		1	3	8	
113	1	11	9	44	臺北市	中正區	中正區中山北路1段與市民大道1段口	25.04794681	121.5205239	0	0	2	2	8	7	5	4	2	1	5	4	5	13	1	1	1	4	1	2	13	1	9	1	5	2	10	1		1	2	13	
113	1	11	9	45	臺北市	中山區	中山區建國北路3段93巷與龍江路356巷口	25.0658969	121.5371048	0	0	1	2	8	7	5	4	1	1	5	4	5	13	4	4	9	5	5	2	16	1	9	1	7	1	8	1		2	3	8	
113	1	11	9	48	臺北市	中山區	中山區樂群一路往東(267號燈桿)	25.0771773	121.5533663	0	0	2	5	8	5	5	14	9	1	5	4	5	13	4	4	1	4	5	2	13	4	9	1	3	2	10	1		1	2	11	
113	1	11	10	7	臺北市	萬華區	萬華區西藏路萬華國中停車場出入口	25.0291847	121.4996102	0	0	1	2	8	6	5	14	9	1	5	4	5	13	4	4	1	3	5	1	16	4	1	1	3	1	8	1		1	3	4	
113	1	11	10	20	臺北市	信義區	信義區松仁路206號	25.0270936	121.5683315	0	0	1	2	8	7	5	14	9	1	5	4	5	13	4	4	9	5	5	2	17	4	11	7	3	11	19	2		4	4	15	
113	1	11	10	33	臺北市	大安區	大安區羅斯福路4段107號	25.0115772	121.5370372	0	0	2	3	8	6	8	14	9	1	5	4	5	13	4	4	10	4	5	1	12	4	9	1	3	1	1	1		1	3	2	
113	1	11	10	39	臺北市	文山區	文山區興隆路1段70巷11弄與景明街口口	25.00153783	121.5409837	0	0	2	2	8	6	5	4	1	1	5	4	5	13	4	4	10	5	5	2	15	1	9	1	6	1	10	1		1	2	11	
113	1	11	10	56	臺北市	信義區	信義區基隆路1段37巷與基隆路1段87巷口	25.0462635	121.5688636	0	0	1	2	8	6	5	4	1	1	5	4	5	13	4	4	8	3	5	2	15	4	9	1	3	1	8	1		1	3	1	
113	1	11	12	10	臺北市	信義區	信義區松山路650巷15弄18-22號	25.0317391	121.5793692	0	0	1	2	8	6	8	12	9	1	5	4	5	13	4	4	9	5	5	2	11	4	9	1	3	1	10	1		2	2	11	
113	1	11	12	15	臺北市	中正區	中正區愛國西路與南昌路1段口	25.034873	121.5142661	0	0	2	3	8	6	5	14	9	1	5	4	5	13	4	4	1	4	5	2	13	1	12	1	5	2	10	1		1	3	13	
113	1	11	12	50	臺北市	內湖區	內湖區內湖路1段91巷與內湖路1段91巷12弄口口	25.08499833	121.5616188	0	0	1	2	8	6	5	3	2	1	5	4	5	13	4	4	10	5	5	2	16	1	4	1	5	1	10	1		1	3	14	
113	1	11	12	55	臺北市	內湖區	內湖區新明路與新明路246巷口	25.05669638	121.5837058	0	0	1	2	8	6	5	3	2	1	5	4	5	13	2	1	5	4	5	2	17	1	6	1	7	2	7	1		2	3	2	
113	1	11	13	3	臺北市	萬華區	萬華區環河南路1段與內江街口	25.04191736	121.5001835	0	0	1	2	8	7	5	4	1	1	5	4	5	13	1	1	4	1	5	2	16	1	9	1	7	1	8	1		1	3	4	
113	1	11	13	10	臺北市	中山區	中山區新生北路2段58巷與長春路61巷口	25.05536943	121.5263529	0	0	1	2	8	6	5	4	1	1	5	4	5	13	4	4	10	5	5	2	15	1	9	1	6	1	10	1		1	3	11	
113	1	11	13	25	臺北市	中正區	中正區羅斯福路1段與愛國西路口	25.0345858	121.5166314	0	0	2	2	8	7	5	4	1	1	5	4	5	13	1	1	1	4	1	2	13	4	9	1	5	1	10	1		2	2	11	
113	1	11	13	30	臺北市	士林區	士林區中山北路6段與德行東路口	25.10650075	121.5249595	0	0	1	2	8	6	5	4	2	1	5	4	5	13	1	1	9	4	5	1	17	1	6	1	7	2	8	1		2	3	8	
113	1	11	13	43	臺北市	士林區	士林區中山北路6段與福國路口	25.1026842	121.5255999	0	0	2	2	8	6	5	3	2	1	5	4	5	13	1	1	3	4	5	1	16	4	8	1	3	1	10	1		1	2	12	
113	1	11	14	25	臺北市	士林區	士林區中山北路7段天母圓環	25.12476813	121.5329369	0	0	1	3	8	6	5	18	9	1	5	4	5	13	4	4	1	4	5	2	17	1	6	1	7	2	8	1		1	3	8	
113	1	11	14	27	臺北市	內湖區	內湖區內湖路3段326巷與內湖路3段口	25.08915866	121.5845654	0	0	1	3	8	6	5	4	1	1	5	4	5	13	4	4	10	5	5	2	17	1	5	1	7	1	8	1		1	3	1	
113	1	11	14	34	臺北市	內湖區	內湖區民權東路6段與康寧路3段口引道	25.07281353	121.6054663	0	0	1	2	8	6	5	3	2	1	5	4	5	13	4	4	1	4	4	2	17	1	6	1	6	1	10	1		1	2	12	
113	1	11	14	34	臺北市	松山區	松山區民權東路5段34-2號	25.06277123	121.5645547	0	0	1	2	8	6	5	14	9	1	5	4	5	13	4	4	10	5	5	1	17	1	9	1	6	1	10	1		2	2	11	
113	1	11	14	59	臺北市	大安區	大安區辛亥路3段與臥龍街188巷口	25.0162492	121.5504423	0	0	1	2	8	5	5	3	1	1	5	4	5	13	4	4	10	5	5	2	16	1	6	6	7	1	18	1		1	3	8	
113	1	11	15	4	臺北市	中正區	中正區重慶南路1段與貴陽街1段口	25.0387475	121.5129073	0	0	2	2	8	6	5	4	1	1	5	4	5	13	1	1	9	4	5	1	16	1	5	1	6	2	10	1		1	2	11	
113	1	11	15	4	臺北市	大安區	大安區大安路1段31巷32號與忠孝東路4段77巷口	25.04421745	121.5472676	0	0	2	2	8	5	5	4	2	1	5	4	5	13	4	4	10	5	5	2	17	1	5	1	5	1	10	1		1	2	14	
113	1	11	15	18	臺北市	中正區	中正區愛國東路(國家戲劇院停車場入口)	25.03481106	121.5171406	0	0	1	2	8	6	5	14	9	1	5	4	5	13	1	1	7	2	5	2	17	1	14	1	6	2	10	1		1	2	14	
113	1	11	15	20	臺北市	中山區	中山區市民大道1段與天津街口	25.0481357	121.5231425	0	0	2	2	8	6	5	4	2	1	5	4	5	13	2	1	1	4	5	2	13	4	9	1	3	1	10	1		2	2	11	
113	1	11	15	26	臺北市	信義區	信義區松高路79號對面	25.0390183	121.5714816	0	0	1	3	8	7	5	14	9	1	5	4	5	13	4	4	9	4	5	2	13	4	9	1	3	1	8	1		1	3	1	
113	1	11	15	31	臺北市	大安區	大安區雲和街75巷與雲和街口	25.0234999	121.5301281	0	0	1	2	8	6	5	4	1	1	5	4	5	12	4	4	10	5	5	1	15	1	9	1	7	1	4	1		1	3	1	
113	1	11	15	40	臺北市	中正區	中正區忠孝西路1段與館前路口	25.0465239	121.515667	0	0	1	2	8	5	5	14	9	1	5	4	5	13	4	4	1	4	5	2	9	1	14	1	7	9	6	2		1	3	15	
113	1	11	15	43	臺北市	內湖區	內湖區內湖路1段與內湖路1段600巷口	25.07884453	121.5782301	0	0	2	3	8	6	5	4	1	1	5	4	5	13	2	1	1	4	5	2	17	1	9	1	7	1	8	1		1	3	2	
113	1	11	15	53	臺北市	信義區	信義區信義路4段460號	25.0329529	121.5589817	0	0	2	3	8	7	5	14	9	1	5	4	5	13	4	4	3	4	5	2	17	1	8	1	5	2	10	1		2	3	15	
113	1	11	16	19	臺北市	中山區	中山區中山北路2段與中山北路2段11巷口	25.05277418	121.5227057	0	0	1	3	8	6	5	3	2	1	5	4	5	13	4	4	1	5	1	1	13	4	9	1	3	1	10	1		1	3	11	
113	1	11	16	26	臺北市	內湖區	內湖區康湖路與康寧路3段75巷207弄口引道	25.07804859	121.6135574	0	0	1	2	8	6	5	3	1	1	5	4	5	13	2	1	9	4	5	2	13	1	6	1	6	1	10	1		1	3	13	
113	1	11	16	43	臺北市	松山區	松山區市民大道6段與松山路口	25.04896345	121.5778866	0	0	1	2	7	5	6	4	1	1	5	4	5	13	2	1	1	4	5	2	17	4	9	1	6	1	10	1		2	2	14	
113	1	11	17	10	臺北市	中山區	中山區八德路2段232號前	25.0463333	121.5405656	0	0	1	3	8	7	5	14	9	1	5	4	5	13	4	4	5	4	5	2	17	4	14	1	3	1	4	1		1	3	2	
113	1	11	17	22	臺北市	南港區	南港區經貿一路南港展覽館1館停車場出入口	25.0570608	121.6207002	0	0	1	2	7	5	5	14	9	1	5	4	5	13	4	4	1	4	5	2	16	4	6	1	3	1	8	1		1	3	5	
113	1	11	17	29	臺北市	萬華區	萬華區大理街114號	25.0342392	121.4974696	0	0	1	2	8	7	5	14	9	1	5	4	5	13	4	4	10	5	5	2	10	4	9	7	5	11	19	2		1	4	11	
113	1	11	17	30	臺北市	內湖區	內湖區民權東路6段15巷與瑞湖街口	25.0689879	121.5764451	0	0	1	2	8	5	5	4	1	1	5	4	5	13	2	1	5	5	5	2	16	1	5	1	6	1	10	1		1	2	14	
113	1	11	17	31	臺北市	中正區	中正區中山南路與濟南路1段口	25.04308834	121.5187108	0	0	1	2	8	5	5	3	2	1	5	4	5	13	1	1	9	4	1	1	12	1	9	1	7	1	8	1		2	3	8	
113	1	11	17	33	臺北市	萬華區	萬華區西園路1段123號	25.03799223	121.4997178	0	0	2	2	8	5	5	14	9	1	5	4	5	13	4	4	10	5	5	2	9	5	16	8	4	1	20	1		2	2	16	
113	1	11	17	42	臺北市	文山區	文山區下崙路與下崙路11巷口	24.9865676	121.5600993	0	0	1	2	8	5	5	3	1	1	5	4	5	13	3	1	9	5	5	2	3	4	9	1	2	2	4	1		1	3	1	
113	1	11	17	55	臺北市	大同區	大同區大稻埕堤外便道四號水門口	25.0627243	121.5113064	0	0	2	2	8	5	5	3	2	1	5	4	5	13	1	1	7	5	5	2	12	4	8	8	3	2	20	1		1	2	13	
113	1	11	18	7	臺北市	文山區	文山區辛亥路5段與辛亥路5段73巷口	24.9981571	121.5530489	0	0	1	2	8	5	5	3	1	1	5	4	5	13	2	1	1	4	5	2	12	1	1	1	6	1	10	1		1	3	14	
113	1	11	18	8	臺北市	大安區	大安區基隆路2段與敦化南路2段口	25.0210778	121.5490126	0	0	1	2	7	5	5	3	1	1	5	4	5	13	1	1	1	4	5	1	12	1	8	1	5	1	10	1		1	2	12	
113	1	11	18	14	臺北市	萬華區	萬華區環河南路3段347號	25.0171354	121.4947655	0	0	1	3	8	5	5	14	9	1	5	4	5	13	4	4	10	5	5	2	13	4	9	7	5	11	19	2		1	4	11	
113	1	11	18	24	臺北市	中正區	中正區濟南路2段3-7號	25.04147454	121.5267355	0	0	1	2	7	5	5	22	9	1	5	4	5	13	4	4	10	5	5	2	9	4	15	1	3	11	8	2		1	3	15	
113	1	11	18	35	臺北市	中山區	中山區建國北路3段與建國北路3段93巷口	25.0657658	121.5364874	0	0	1	2	7	5	5	3	2	1	5	4	5	13	4	4	10	4	5	2	16	1	6	1	7	2	8	1		1	3	8	
113	1	11	18	37	臺北市	中山區	中山區市民大道2段與林森北路口	25.0478018	121.5247115	0	0	1	2	7	6	5	14	9	1	5	4	5	13	4	4	9	4	5	2	12	1	7	1	5	1	10	1		2	2	13	
113	1	11	18	37	臺北市	南港區	南港區三重路與經貿二路口	25.0607919	121.6143298	0	0	2	2	8	5	5	4	1	1	5	4	5	13	2	1	1	3	5	2	13	4	9	1	3	2	10	1		2	2	11	
113	1	11	18	51	臺北市	大安區	大安區仁愛路3段160號	25.0378208	121.5432073	0	0	1	3	8	5	5	14	9	1	5	4	5	13	4	4	1	4	5	2	13	4	9	1	3	1	10	1		2	2	11	
113	1	11	18	54	臺北市	北投區	北投區大度路3段151號對面	25.12285624	121.4735225	0	0	3	4	8	5	5	14	9	1	5	4	5	13	4	4	1	4	5	1	17	1	10	1	6	1	10	1		1	2	12	