年	月	日	時	分	縣市	行政區	allLocation	GoogleLat	GoogleLng	死	2-30	受傷	當事人數	天候	道路照明設備	道路類別	道路型態	事故位置	路面狀況1	路面狀況2	路面狀況3	道路障礙1	道路障礙2	號誌1	號誌2	車道劃分-分向	車道劃分-分道1	車道劃分-分道2	車道劃分-分道3	事故類型及型態	行動電話	當事者行動狀態	駕駛資格情形	保護裝置	飲酒情形	駕駛執照種類	個人肇逃否	肇因碼-主要	性別	受傷程度	車輛撞擊部位1	車輛撞擊部位2
113	1	11	19	20	臺北市	中正區	中正區愛國西路與博愛路口	25.0359372	121.5108911	0	0	1	2	8	5	5	5	1	1	5	4	5	13	2	1	3	4	3	2	16	1	5	1	7	2	8	1		1	3	5	
113	1	11	19	38	臺北市	文山區	文山區景美街45號旁	24.991561	121.5422519	0	0	1	2	8	5	5	14	9	1	5	4	5	13	4	4	9	5	5	2	1	5	16	8	4	1	20	1		1	2	16	
113	1	11	19	47	臺北市	松山區	松山區南京東路5段與南京東路5段66巷口	25.0514858	121.5605609	0	0	1	2	8	5	5	4	2	1	5	4	5	13	1	1	1	4	4	2	9	1	15	1	7	1	2	1		1	3	15	
113	1	11	20	0	臺北市	南港區	南港區忠孝東路5段與中坡北路口	25.0443462	121.5825083	0	0	1	2	7	5	5	4	2	1	5	4	5	13	2	1	1	4	5	2	12	4	8	1	5	1	10	1		1	3	12	
113	1	11	20	4	臺北市	內湖區	內湖區新明路143巷與新明路口	25.0593817	121.5890122	0	0	2	2	8	5	5	3	1	1	5	4	5	13	4	4	10	5	5	2	16	1	5	1	6	1	10	1		2	2	12	
113	1	11	20	17	臺北市	中正區	中正區重慶南路3段與和平西路1段口	25.027159	121.5161274	0	0	1	3	8	5	5	4	1	1	5	4	5	13	1	1	2	4	5	2	16	1	8	1	6	2	10	1		1	2	12	
113	1	11	20	40	臺北市	內湖區	內湖區民權東路6段與成功路2段口	25.06891431	121.5903691	0	0	1	2	8	5	5	3	1	1	5	4	5	13	4	4	1	4	5	2	3	1	6	6	7	1	8	1		1	3	5	
113	1	11	20	42	臺北市	士林區	士林區文林路159號前	25.08920197	121.5267598	0	0	1	2	8	5	5	14	9	1	5	4	5	13	4	4	9	5	5	2	12	1	4	1	6	1	10	1		2	2	13	
113	1	11	20	56	臺北市	內湖區	內湖區成功路4段與成功路4段61巷口	25.08204715	121.5923841	0	0	2	2	8	5	5	3	1	1	5	4	5	13	1	1	1	3	5	1	16	1	6	8	4	6	20	1		1	2	12	
113	1	11	21	25	臺北市	大安區	大安區愛國東路246號	25.0318636	121.5252685	0	0	2	2	8	5	5	14	7	1	5	4	5	13	3	1	1	4	4	2	17	1	9	1	6	1	10	1		1	2	11	
113	1	11	21	30	臺北市	內湖區	內湖區行忠路28巷與新湖三路口	25.0642487	121.5781759	0	0	1	2	8	5	5	4	1	1	5	4	5	13	2	1	5	4	5	2	16	1	5	1	7	1	8	1		1	3	1	
113	1	11	21	54	臺北市	北投區	北投區大度路3段與立德路口	25.12297165	121.471826	0	0	1	2	8	5	5	3	2	1	5	4	5	13	2	1	1	4	5	1	13	1	9	1	6	1	10	1		1	3	11	
113	1	11	22	41	臺北市	大安區	大安區信義路4段239巷與安和路1段135巷口	25.0342539	121.5533874	0	0	2	2	7	5	5	4	1	1	5	4	5	13	4	4	10	5	5	1	15	1	9	1	5	1	10	1		1	2	12	
113	1	11	23	14	臺北市	大安區	大安區通化街19巷與文昌街250巷口	25.0316566	121.5557126	0	0	1	2	7	5	5	4	1	1	5	4	5	13	4	4	10	5	5	2	17	1	9	1	5	1	10	1		1	2	11	
113	1	11	23	39	臺北市	松山區	松山區南京東路4段53巷與南京東路4段口	25.05176868	121.5510743	0	0	1	2	7	5	5	14	8	1	5	4	5	13	4	4	1	3	4	2	13	1	9	1	6	1	10	1		1	2	11	
113	1	11	23	55	臺北市	文山區	文山區木柵路5段57號旁(樟湖幹126號一枝B7332-BD59)	25.00275506	121.5878411	0	0	2	2	8	5	5	14	9	2	5	4	5	13	4	4	10	5	5	2	9	4	9	1	5	2	10	1		1	2	11	
113	1	12	6	22	臺北市	中正區	中正區延平南路與延平南路230巷口口	25.0339525	121.5074562	0	0	2	2	8	5	5	3	1	1	5	4	5	13	4	4	5	5	5	1	3	1	9	1	6	2	10	1		1	2	11	
113	1	12	6	55	臺北市	文山區	文山區木柵路1段54號	24.98689139	121.5469383	0	0	3	3	8	6	5	14	9	1	5	4	5	13	4	4	5	4	5	2	17	4	9	6	3	2	18	1		1	2	12	
113	1	12	7	19	臺北市	信義區	信義區富陽街72巷5號	25.022086	121.556023	0	0	2	2	8	5	8	14	9	1	5	4	5	13	4	4	5	5	5	2	12	1	7	7	5	9	19	1		1	2	14	
113	1	12	7	39	臺北市	信義區	信義區信義路5段台北101世貿站3號出口	25.032876	121.5639588	0	0	1	2	7	5	5	14	9	1	5	4	5	13	4	4	5	5	5	2	17	1	1	1	7	1	4	1		1	3	8	
113	1	12	7	48	臺北市	中正區	中正區重慶南路2段與南海路口	25.0318706	121.5143427	0	0	2	3	8	6	5	4	1	1	5	4	5	13	1	1	1	4	5	2	17	1	6	1	5	1	10	1		1	2	12	
113	1	12	7	57	臺北市	大安區	大安區臥龍街129號	25.0200504	121.548893	0	0	2	3	8	5	5	14	9	1	5	4	3	13	4	4	10	5	5	2	13	1	9	1	7	1	8	1		1	3	5	
113	1	12	8	0	臺北市	松山區	松山區延吉街與延吉街23巷口	25.04619813	121.5535667	0	0	2	2	8	6	5	4	1	1	5	4	5	13	2	1	9	4	5	2	15	1	5	8	2	1	20	1		1	2	11	
113	1	12	8	10	臺北市	中山區	中山區明水路與明水路494巷口	25.07851327	121.5522832	0	0	1	2	8	7	5	3	1	1	5	4	5	13	4	4	1	4	4	2	16	1	6	1	7	1	8	1		1	3	2	
113	1	12	8	15	臺北市	中正區	中正區重慶南路3段與寧波西街口	25.029821	121.5153764	0	0	2	2	8	6	5	4	1	1	5	1	5	13	1	1	1	4	4	2	16	1	6	1	5	1	10	1		1	2	12	
113	1	12	8	28	臺北市	松山區	松山區市民大道4段與敦化南路1段口	25.0448918	121.5492688	0	0	1	2	8	6	5	4	1	1	5	4	5	13	2	1	1	4	5	2	17	1	9	1	6	1	10	1		1	2	11	
113	1	12	8	30	臺北市	中山區	中山區中山北路1段105巷與中山北路1段口	25.0512021	121.5228912	0	0	2	2	8	6	5	14	9	1	5	4	5	13	4	4	10	4	5	2	13	4	9	1	3	1	10	1		1	2	11	
113	1	12	8	33	臺北市	南港區	南港區忠孝東路7段與忠孝東路7段325巷口	25.0521644	121.6060885	0	0	1	2	8	5	6	3	1	1	5	4	5	13	2	1	1	4	4	1	16	4	10	1	5	1	10	1		1	3	11	
113	1	12	8	38	臺北市	中山區	中山區錦州街30巷與中山北路2段93巷口	25.059351	121.5247731	0	0	1	2	8	5	5	3	2	1	5	4	5	13	4	4	5	5	5	2	15	4	9	1	3	1	10	1		2	2	11	
113	1	12	8	51	臺北市	松山區	松山區吉祥路53號	25.05035407	121.5625607	0	0	1	2	8	7	5	14	9	1	5	4	5	13	2	1	5	2	5	2	17	1	5	1	6	2	10	1		2	2	14	
113	1	12	9	0	臺北市	松山區	松山區撫遠街與富錦街口	25.0618687	121.5664027	0	0	2	2	8	7	5	4	2	1	5	4	5	13	1	1	9	4	4	1	12	1	9	1	6	1	10	1		2	2	11	
113	1	12	9	3	臺北市	內湖區	內湖區陽光街與文德路220巷口	25.07702998	121.5881409	0	0	1	2	8	5	5	3	2	1	5	4	5	13	2	1	7	4	5	2	13	1	9	1	5	2	10	1		1	2	11	
113	1	12	9	8	臺北市	北投區	北投區承德路6段與福國路口	25.10163846	121.5121893	0	0	1	2	8	6	5	4	1	1	5	4	5	13	2	1	8	3	5	2	16	1	6	1	7	1	8	1		1	3	2	
113	1	12	9	22	臺北市	中山區	中山區南京東路2段8號	25.05186739	121.5287611	0	0	1	2	8	7	5	22	23	1	5	4	5	13	4	4	10	5	5	2	9	1	9	8	4	1	20	1		2	3	11	
113	1	12	9	35	臺北市	北投區	北投區中央北路1段與大業路口	25.13608427	121.497127	0	0	1	2	8	7	5	4	1	1	5	4	5	13	1	1	4	4	5	2	17	1	6	1	6	1	10	1		1	2	13	
113	1	12	9	35	臺北市	南港區	南港區重陽路與惠民街口	25.0590965	121.6101078	0	0	1	2	8	7	5	3	1	1	5	4	5	13	1	1	4	3	5	2	16	1	5	1	7	1	8	1		1	3	1	
113	1	12	9	38	臺北市	士林區	士林區延平北路6段與中正路口	25.0865994	121.5093184	0	0	1	2	8	6	5	4	2	1	5	4	5	13	1	1	5	4	5	1	17	1	9	1	6	1	10	1		1	2	11	
113	1	12	10	14	臺北市	士林區	士林區中山北路7段219巷與中山北路7段219巷3弄口	25.1268063	121.5323443	0	0	1	2	8	6	5	4	2	1	5	4	5	13	1	1	10	5	5	2	3	1	5	1	7	1	4	1		1	3	4	
113	1	12	10	15	臺北市	中山區	中山區龍江路298巷與合江街口	25.0617749	121.5396085	0	0	1	2	8	6	5	4	2	1	5	4	5	13	4	4	9	5	5	2	15	4	9	1	3	1	10	1		1	2	11	
113	1	12	10	33	臺北市	中正區	中正區忠孝東路1段與紹興南街口	25.044442	121.5251927	0	0	1	3	8	5	5	4	1	1	5	4	5	13	1	1	9	4	5	2	17	1	5	1	7	2	4	1		1	2	1	
113	1	12	10	45	臺北市	中山區	中山區吉林路與松江路362巷口口	25.06200995	121.5303066	0	0	2	3	8	7	5	4	2	1	5	4	5	13	4	4	9	4	4	2	17	4	9	1	3	1	10	1		1	2	11	
113	1	12	11	0	臺北市	中正區	中正區中山南路與青島東路口	25.0443067	121.5193078	0	0	1	2	8	6	5	4	2	1	5	4	5	13	1	1	1	4	5	2	13	1	15	1	7	2	8	1		1	3	1	
113	1	12	11	8	臺北市	信義區	信義區和平東路3段與信安街口	25.0224598	121.5546537	0	0	2	2	8	6	5	4	1	1	5	4	5	13	2	1	8	3	5	2	17	4	15	8	4	1	20	1		2	2	14	
113	1	12	11	15	臺北市	內湖區	內湖區瑞光路76巷與民權東路6段19巷口口	25.06893199	121.5790761	0	0	2	2	8	6	5	14	9	1	5	4	5	13	1	1	5	5	5	2	13	1	8	1	5	1	10	1		2	2	13	
113	1	12	11	38	臺北市	內湖區	內湖區瑞湖街101號	25.07373519	121.575903	0	0	1	2	8	6	5	14	9	1	5	4	5	13	4	4	9	5	5	2	17	1	1	1	7	1	8	1		2	3	8	
113	1	12	12	2	臺北市	信義區	信義區嘉興街179-35號	25.0265328	121.5565732	0	0	1	2	7	5	5	14	9	1	5	4	5	13	4	4	9	5	5	2	17	1	9	1	5	1	10	1		1	2	15	
113	1	12	12	15	臺北市	大安區	大安區新生南路3段21號	25.0250854	121.5348459	0	0	1	3	8	6	5	14	9	1	5	4	5	13	4	4	10	5	5	2	17	1	7	1	6	1	10	1		2	2	14	
113	1	12	12	30	臺北市	士林區	士林區百齡橋往西(010桿)	25.08915627	121.513513	0	0	3	3	8	5	8	14	11	1	5	4	5	13	4	4	1	2	4	1	13	1	9	1	5	1	10	1		2	2	15	
113	1	12	12	36	臺北市	文山區	文山區辛亥路4段與萬美街2段口口	25.0059918	121.5579747	0	0	1	2	8	6	5	3	1	1	5	4	5	13	2	1	1	4	5	2	13	1	9	1	6	1	10	1		1	2	11	
113	1	12	12	48	臺北市	大同區	大同區市民大道1段209號與無名巷口	25.04842	121.5181894	0	0	1	2	8	6	5	3	2	1	5	4	5	13	4	4	1	4	5	2	12	4	11	1	7	1	4	1		1	3	2	
113	1	12	12	55	臺北市	中山區	中山區農安街與民權東路2段135巷口	25.06471204	121.5350319	0	0	2	3	8	6	5	4	2	1	5	4	5	13	1	1	5	5	5	2	17	1	9	1	5	1	10	1		2	2	12	
113	1	12	12	55	臺北市	士林區	士林區至善路1段與福林路口	25.0989444	121.5358564	0	0	1	2	8	6	5	3	2	1	5	4	5	13	1	1	1	4	5	1	17	1	5	1	7	2	8	1		2	3	2	
113	1	12	13	13	臺北市	信義區	信義區吳興街247號	25.0273116	121.56347	0	0	2	2	8	6	5	14	9	1	5	4	4	13	4	4	8	5	5	2	3	5	16	8	4	10	20	1		2	2	16	14
113	1	12	13	20	臺北市	中正區	中正區中山北路1段與市民大道1段口	25.0479567	121.5207821	0	0	1	3	8	6	5	4	1	1	5	4	5	13	1	1	1	4	5	2	12	1	8	1	6	2	10	1		2	2	12	
113	1	12	13	25	臺北市	中山區	中山區民權東路1段與民權東路1段71巷口	25.062894	121.5271437	0	0	1	2	8	7	5	3	1	1	5	4	5	13	4	4	1	4	5	2	16	1	6	1	7	1	4	1		2	3	5	
113	1	12	13	38	臺北市	北投區	北投區承德路7段與大業路口	25.12101029	121.4994951	0	0	1	2	8	6	5	14	9	1	5	4	5	13	1	1	9	4	4	1	16	1	5	1	5	1	10	1		1	2	14	
113	1	12	13	48	臺北市	中正區	中正區南昌路1段與南海路口	25.03241701	121.516308	0	0	1	2	8	6	6	4	1	2	5	4	5	13	1	1	10	4	5	2	17	1	6	1	7	2	8	1		1	3	6	
113	1	12	14	17	臺北市	大安區	大安區忠孝東路4段216巷51號前	25.03884894	121.5529875	0	0	2	2	8	7	5	14	9	1	5	4	5	13	4	4	4	1	5	1	12	1	12	1	5	1	10	1		1	2	12	
113	1	12	14	20	臺北市	內湖區	內湖區瑞光路66巷37號	25.06958796	121.5813111	0	0	1	2	8	5	5	14	9	1	5	4	5	13	4	4	7	5	5	2	16	1	1	1	7	1	8	1		1	3	1	
113	1	12	14	28	臺北市	文山區	文山區木新路1段與開元街口	24.9891479	121.5706276	0	0	1	2	8	7	5	14	9	1	5	4	5	11	4	4	5	4	5	2	12	1	9	1	7	1	8	1		1	3	5	
113	1	12	14	36	臺北市	中山區	中山區濱江街142號	25.07250287	121.5365128	0	0	1	2	8	7	5	14	9	1	5	4	5	13	1	1	1	4	5	2	13	1	9	1	5	1	9	1		1	2	11	
113	1	12	14	41	臺北市	信義區	信義區吳興街156巷與吳興街156巷7弄口	25.0289478	121.5614095	0	0	1	2	8	7	5	4	2	1	5	4	5	13	4	4	9	5	5	2	16	1	9	1	5	1	10	1		1	2	11	
113	1	12	14	43	臺北市	中山區	中山區民權東路1段12巷與民權東路1段口	25.06274245	121.5236313	0	0	3	3	7	7	5	4	2	1	5	4	5	13	4	4	1	3	4	1	16	1	6	1	6	1	10	1		1	2	14	
113	1	12	14	44	臺北市	松山區	松山區撫遠街391號	25.06495039	121.565714	0	0	2	3	8	5	5	14	9	1	5	4	5	13	4	4	3	4	5	2	3	4	9	1	3	2	8	1		2	3	5	
113	1	12	14	52	臺北市	北投區	北投區公館路與公館路209巷口	25.1275879	121.5078413	0	0	1	2	8	6	5	4	18	1	5	4	5	13	1	1	10	5	5	2	2	1	5	1	7	2	5	1		1	3	1	
113	1	12	15	0	臺北市	大安區	大安區延吉街與延吉街137巷口	25.0420581	121.5543148	0	0	1	2	8	6	5	3	1	1	5	4	5	13	4	4	9	4	5	1	16	4	5	1	3	1	8	1		1	3	4	
113	1	12	15	28	臺北市	內湖區	內湖區瑞光路258巷51號	25.07470448	121.5747393	0	0	1	2	8	6	5	14	9	1	5	4	3	10	4	4	9	4	5	1	17	1	2	1	7	1	8	1		1	3	7	
113	1	12	15	35	臺北市	內湖區	內湖區大湖街158巷與成功路4段323巷14弄口	25.08432853	121.6002709	0	0	1	3	8	6	5	3	2	1	5	4	3	10	4	4	5	5	5	2	17	1	5	1	7	1	8	1		1	3	1	
113	1	12	15	40	臺北市	中山區	中山區濱江街與濱江街301巷口	25.0724712	121.5456947	0	0	1	3	8	6	5	3	1	1	5	4	5	13	4	4	1	5	5	1	16	4	6	1	3	1	8	1		1	3	2	
113	1	12	15	40	臺北市	信義區	信義區忠孝東路5段790巷與忠孝東路5段790巷22弄口	25.0426593	121.5823959	0	0	2	2	7	5	8	4	1	1	5	4	5	13	4	4	10	5	5	2	9	1	9	1	6	1	10	1		1	2	11	
113	1	12	15	50	臺北市	松山區	松山區民權東路4段121號	25.0624212	121.5593086	0	0	2	2	8	5	5	14	7	1	5	4	5	13	1	1	1	3	4	2	13	1	9	1	5	1	10	1		1	2	11	
113	1	12	15	55	臺北市	大安區	大安區和平東路1段23號前	25.02781936	121.5215271	0	0	1	2	8	7	5	14	9	1	5	4	5	13	4	4	8	3	5	1	17	1	8	7	5	10	19	2		2	4	15	
113	1	12	16	7	臺北市	士林區	士林區中山北路5段北向南	25.0876603	121.5268294	0	0	1	2	8	6	5	14	9	1	5	4	5	13	4	4	10	5	5	1	16	1	8	1	5	1	10	1		2	2	12	
113	1	12	16	11	臺北市	士林區	士林區延平北路7段106巷325號	25.10398	121.4959687	0	0	1	3	8	5	5	14	9	1	5	4	5	13	4	4	10	5	5	1	11	1	9	1	6	1	10	1		1	3	14	
113	1	12	16	13	臺北市	北投區	北投區實踐街與實踐街6巷口	25.11473139	121.5076194	0	0	1	2	8	6	5	14	9	1	5	4	5	13	4	4	9	4	5	2	17	1	9	1	7	1	8	1		1	3	8	
113	1	12	16	27	臺北市	中山區	中山區民生東路1段與林森北路口	25.0580632	121.5255708	0	0	2	3	8	7	5	4	1	1	5	4	5	13	1	1	5	4	5	2	16	1	5	1	7	1	8	1		2	3	2	
113	1	12	16	33	臺北市	松山區	松山區復興北路與民權東路3段口	25.06226109	121.5443337	0	0	1	2	8	5	5	4	1	1	5	4	4	13	2	1	3	4	5	2	17	4	8	1	3	1	4	1		1	3	8	
113	1	12	16	47	臺北市	信義區	信義區基隆路1段與基隆路1段102巷口	25.0453479	121.566806	0	0	1	2	7	5	5	3	2	1	5	4	5	13	4	4	10	4	5	1	16	1	6	5	7	2	8	1		1	3	2	
113	1	12	17	2	臺北市	中正區	中正區中華路2段與愛國西路口	25.03703804	121.5069025	0	0	1	2	8	6	5	5	1	1	5	4	5	13	1	1	1	4	5	2	17	1	6	1	7	2	8	1		1	3	2	
113	1	12	17	2	臺北市	信義區	信義區虎林街232巷64號	25.03579322	121.5759305	0	0	1	3	8	7	5	14	9	1	5	4	5	13	4	4	10	5	5	2	16	1	1	1	5	2	10	1		1	2	11	
113	1	12	17	5	臺北市	內湖區	內湖區金湖路347巷與金湖路326巷口	25.07419139	121.6018534	0	0	1	2	8	7	8	4	2	1	5	4	5	13	1	1	1	5	4	2	16	1	6	1	2	2	8	1		2	3	8	
113	1	12	17	10	臺北市	內湖區	內湖區舊宗路1段86號附近側附近	25.05963975	121.5796199	0	0	2	4	8	5	5	14	9	1	5	4	5	13	4	4	9	4	4	2	13	1	9	1	7	1	8	1		1	3	1	
113	1	12	17	31	臺北市	信義區	信義區信義路5段150巷401弄與松仁路275巷口口	25.02519352	121.5702128	0	0	2	2	8	5	5	3	1	1	5	4	5	13	4	4	10	5	5	1	16	4	5	1	3	1	10	1		1	2	11	
113	1	12	17	57	臺北市	松山區	松山區南京東路5段225號	25.05146627	121.5644108	0	0	1	3	8	5	5	14	9	1	5	4	5	13	2	1	3	4	5	2	17	4	8	1	6	1	10	1		1	3	12	
113	1	12	18	0	臺北市	中正區	中正區北平東路與林森北路口口	25.0462784	121.523849	0	0	2	3	8	5	5	4	1	1	5	4	5	13	2	1	9	4	4	1	16	1	9	1	5	2	10	1		1	2	11	
113	1	12	18	4	臺北市	士林區	士林區中山北路6段與中山北路6段450巷口	25.1144177	121.5274659	0	0	1	2	8	5	5	4	1	1	5	4	5	13	1	1	1	4	5	2	16	1	11	1	7	2	8	1		2	3	8	
113	1	12	18	19	臺北市	中山區	中山區中山北路3段與農安街口	25.0648661	121.5222664	0	0	1	2	8	5	5	4	1	1	5	4	5	13	2	1	1	5	1	2	16	4	9	1	3	2	10	1		1	2	14	
113	1	12	18	23	臺北市	士林區	士林區延平北路6段與延平北路6段116巷口	25.089099	121.507973	0	0	2	2	8	5	5	4	1	1	5	4	5	13	4	4	5	5	5	2	17	1	15	1	6	2	10	1		2	2	12	
113	1	12	18	27	臺北市	士林區	士林區通河街與通河街2巷口	25.07988615	121.5236815	0	0	1	2	8	5	5	4	1	1	5	4	5	13	3	1	9	5	5	2	13	1	9	1	6	1	10	1		2	3	11	
113	1	12	18	28	臺北市	中正區	中正區寧波東街與寧波東街9巷口	25.0326553	121.5201107	0	0	1	2	8	5	5	3	2	1	5	4	5	13	4	4	10	5	5	1	17	1	2	1	7	2	8	1		2	3	3	
113	1	12	18	40	臺北市	中山區	中山區龍江路281巷與龍江路口	25.059737	121.5407086	0	0	1	2	8	5	6	4	1	1	5	4	5	13	4	4	9	4	5	2	17	1	9	8	4	1	20	1		1	2	12	
113	1	12	18	45	臺北市	文山區	文山區木新路2段158巷與木新路2段口	24.9839936	121.568751	0	0	2	3	8	5	5	4	1	1	5	4	5	13	2	1	10	5	5	1	17	1	5	1	5	1	10	1		1	3	13	
113	1	12	18	58	臺北市	內湖區	內湖區內湖路2段179巷242號	25.08444692	121.5842006	0	0	1	4	8	5	6	14	9	1	5	4	5	13	3	1	8	3	5	1	12	1	9	1	6	2	10	1		1	2	11	
113	1	12	19	3	臺北市	大同區	大同區西寧北路與迪化街1段32巷口	25.05449504	121.5087912	0	0	2	2	8	5	5	3	19	1	5	4	5	13	4	4	5	5	5	2	3	1	9	1	6	9	10	1		1	2	11	
113	1	12	19	13	臺北市	士林區	士林區士東路與德行東路331巷口	25.1136477	121.5379506	0	0	1	2	8	5	5	3	1	1	5	4	5	13	4	4	1	3	5	1	13	1	11	1	5	2	10	1		2	3	13	
113	1	12	19	21	臺北市	大同區	大同區承德橋與敦煌路口	25.0753165	121.5200637	0	0	2	2	8	5	5	4	2	1	5	4	5	13	1	1	1	4	5	2	17	4	6	1	3	2	10	1		1	2	11	
113	1	12	19	26	臺北市	文山區	文山區羅斯福路6段222巷與景福街口	24.9933544	121.5403315	0	0	1	2	8	5	5	4	1	1	5	4	5	13	4	4	10	5	5	2	3	1	16	7	3	11	19	2		1	3	1	
113	1	12	19	48	臺北市	松山區	松山區塔悠路與無名巷口	25.0563685	121.5694239	0	0	2	2	8	5	5	3	2	1	5	4	5	13	1	1	1	4	4	2	11	1	8	1	6	1	10	1		1	2	12	
113	1	12	19	50	臺北市	松山區	松山區八德路4段與松山路口	25.0499217	121.5778523	0	0	1	2	7	5	5	4	1	1	5	4	5	13	2	1	1	4	5	2	17	4	2	1	7	9	8	2		1	3	3	
113	1	12	19	52	臺北市	松山區	松山區八德路4段與中坡北路口	25.05026149	121.579599	0	0	1	2	8	5	5	14	9	1	5	4	5	13	2	1	1	5	4	2	13	1	9	1	7	1	8	1		1	3	1	
113	1	12	20	2	臺北市	大同區	大同區長安西路與太原路口	25.05124104	121.5156214	0	0	1	2	8	5	4	5	2	1	5	4	5	13	4	4	5	5	5	2	12	4	9	6	3	11	8	2		1	4	2	
113	1	12	20	45	臺北市	北投區	北投區中央北路4段與一德街口	25.1284286	121.4689592	0	0	1	2	8	5	5	3	1	1	5	4	5	13	1	1	5	4	5	1	16	4	1	1	3	2	8	1		1	3	8	
113	1	12	21	22	臺北市	中山區	中山區建國北路1段與建國北路1段口迴轉道	25.0496461	121.5369943	0	0	1	2	8	5	5	3	2	1	5	4	5	13	2	1	1	4	5	2	3	4	5	1	3	2	8	1		2	3	8	
113	1	12	21	37	臺北市	中山區	中山區南京東路3段77號	25.0520939	121.5382035	0	0	1	2	7	5	5	14	8	1	5	4	5	13	4	4	1	4	4	2	13	2	9	1	6	2	10	1		2	2	11	
113	1	12	22	0	臺北市	大安區	大安區忠孝東路3段211號	25.0417673	121.5394832	0	0	2	3	7	5	5	14	9	1	5	4	5	13	4	4	1	4	5	1	13	1	12	1	7	1	8	1		1	3	7	
113	1	12	22	0	臺北市	松山區	松山區民權大橋西往東第751045號燈桿前	25.06326766	121.5664716	0	0	2	3	8	5	5	8	11	1	5	4	5	13	4	4	1	5	5	2	13	1	9	1	6	1	10	1		1	2	11	
113	1	12	22	5	臺北市	文山區	文山區興隆路2段與辛亥路4段口	25.0006776	121.5546431	0	0	1	2	7	5	5	4	1	1	5	4	5	13	2	1	1	4	5	2	16	1	5	1	7	11	8	1		1	3	2	
113	1	12	22	16	臺北市	信義區	信義區忠孝東路4段512號	25.0411461	121.5624356	0	0	1	2	8	5	5	14	9	1	5	4	5	13	1	1	1	4	5	2	12	4	8	1	3	1	4	1		1	3	5	
113	1	12	22	50	臺北市	南港區	南港區南港路1段與中南街口	25.0552845	121.615359	0	0	2	2	8	5	5	3	2	1	5	4	5	13	1	1	5	4	5	2	13	1	9	1	5	1	10	1		2	2	11	
113	1	12	23	9	臺北市	南港區	南港區南港路1段263號	25.0549573	121.610402	0	0	1	2	7	5	5	14	9	1	5	4	5	13	4	4	9	4	5	2	16	4	11	1	6	1	10	1		1	2	11	
113	1	12	23	23	臺北市	萬華區	萬華區西園路1段與長沙街2段口	25.04125509	121.5000613	0	0	1	2	8	5	5	4	1	1	5	4	5	13	2	1	5	5	5	2	16	4	11	1	7	1	8	1		1	3	8	
113	1	13	0	0	臺北市	中山區	中山區市民大道2段49號	25.04676636	121.5287705	0	0	2	2	7	6	5	14	9	1	5	4	5	13	4	4	9	4	5	2	17	1	9	1	5	11	10	2		1	2	11	
113	1	13	0	0	臺北市	南港區	南港區忠孝東路7段與忠孝東路7段口西往東龍巖1號門入口	25.05218594	121.6084137	0	0	1	2	8	5	5	14	9	1	5	4	5	13	4	4	5	4	5	2	13	1	13	1	7	1	5	1		1	3	7	
113	1	13	0	50	臺北市	中山區	中山區長春路124號	25.0548154	121.530502	0	0	2	2	7	5	5	14	8	1	5	4	5	13	4	4	9	4	4	2	16	1	1	1	6	2	10	1		1	2	13	
113	1	13	1	50	臺北市	中正區	中正區重慶南路3段102號	25.0252015	121.5164445	0	0	2	5	8	5	5	14	9	1	5	4	5	13	4	4	3	4	5	2	17	1	7	1	7	2	8	1		1	3	17	
113	1	13	5	45	臺北市	中正區	中正區寧波西街230號	25.026746	121.5108165	0	0	2	3	7	5	5	14	9	1	5	4	5	13	4	4	10	5	5	2	16	1	11	1	6	2	10	1		1	2	12	
113	1	13	6	18	臺北市	文山區	文山區木新路3段與樟新街口	24.98022527	121.5549293	0	0	2	2	8	5	5	4	1	1	5	4	5	13	2	1	5	4	5	2	3	1	9	1	5	9	10	2		1	2	11	
113	1	13	7	26	臺北市	萬華區	萬華區環河南路2段與長順街口	25.0313272	121.4908943	0	0	1	2	8	6	5	4	1	1	5	4	5	13	2	1	1	4	5	2	17	1	5	1	7	1	8	1		1	3	8	12
113	1	13	8	26	臺北市	文山區	文山區光輝路與光輝路21巷口	24.9858007	121.5549274	0	0	3	3	8	7	5	4	1	1	5	4	5	12	4	4	10	5	5	2	15	1	9	1	5	2	10	1		1	2	11	
113	1	13	8	35	臺北市	中正區	中正區汀州路1段與西藏路口	25.03052225	121.5073887	0	0	2	3	8	6	5	4	1	1	5	4	5	13	2	1	2	4	5	1	16	1	6	1	6	1	9	1		1	2	12	
113	1	13	8	50	臺北市	文山區	文山區興隆路2段244巷11號前	25.0000086	121.5537667	0	0	1	2	8	6	5	14	9	1	5	4	5	13	4	4	5	5	5	2	3	5	16	8	4	1	20	1		2	2	16	
113	1	13	8	51	臺北市	中正區	中正區羅斯福路4段32號	25.01540872	121.533505	0	0	1	2	8	6	5	14	9	1	5	4	5	13	4	4	3	4	5	2	17	1	9	1	5	2	10	1		2	2	12	
113	1	13	9	6	臺北市	中正區	中正區市民大道1段與中山北路1段口	25.0479334	121.5208141	0	0	1	2	8	7	5	4	1	1	5	4	5	13	1	1	1	4	1	2	12	1	1	1	7	1	4	1		1	3	8	