年	月	日	時	分	縣市	行政區	allLocation	GoogleLat	GoogleLng	死	2-30	受傷	當事人數	天候	道路照明設備	道路類別	道路型態	事故位置	路面狀況1	路面狀況2	路面狀況3	道路障礙1	道路障礙2	號誌1	號誌2	車道劃分-分向	車道劃分-分道1	車道劃分-分道2	車道劃分-分道3	事故類型及型態	行動電話	當事者行動狀態	駕駛資格情形	保護裝置	飲酒情形	駕駛執照種類	個人肇逃否	肇因碼-主要	性別	受傷程度	車輛撞擊部位1	車輛撞擊部位2
113	1	13	9	35	臺北市	中山區	中山區中山北路3段與民族西路口	25.06853	121.5227398	0	0	2	3	8	7	5	4	2	1	5	4	5	13	1	1	1	4	1	2	16	1	6	1	5	1	10	1		1	3	12	
113	1	13	9	35	臺北市	中山區	中山區北安路與明水路口	25.07768487	121.5386678	0	0	2	2	8	7	5	3	2	1	5	4	5	13	2	1	1	4	5	2	13	4	9	1	6	2	10	1		1	2	11	
113	1	13	9	53	臺北市	北投區	北投區承德路7段與大度路口	25.1208364	121.4996849	0	0	1	2	8	7	5	5	1	1	5	4	5	13	1	1	1	4	5	2	16	1	5	1	7	2	8	1		1	3	2	
113	1	13	10	11	臺北市	文山區	文山區秀明路1段103巷1弄與秀明路1段79巷口	24.99056454	121.5657232	0	0	1	2	8	6	5	4	1	1	5	4	5	8	4	4	10	5	5	2	15	4	9	1	3	1	10	1		2	2	11	
113	1	13	10	23	臺北市	北投區	北投區石牌路1段與石牌路1段58巷口	25.1132745	121.5107686	0	0	1	3	8	6	5	14	9	1	5	4	5	13	4	4	9	4	5	2	12	1	9	1	7	1	8	1		1	3	8	
113	1	13	10	40	臺北市	士林區	士林區通河西街2段風箏公園	25.09397573	121.5026855	0	0	2	3	8	5	8	22	22	1	5	4	5	9	4	4	10	5	5	1	29	1	9	1	5	1	10	1		3	2	11	
113	1	13	10	56	臺北市	信義區	信義區信義路6段82號	25.0355378	121.5772509	0	0	2	2	8	6	5	14	9	1	5	4	5	13	4	4	8	3	5	2	13	1	1	1	5	2	10	1		1	2	14	14
113	1	13	10	57	臺北市	中山區	中山區民權西路66號	25.0627433	121.5202284	0	0	1	4	8	7	5	14	8	1	5	4	5	13	4	4	1	4	4	2	13	1	9	1	6	1	10	1		2	2	11	
113	1	13	10	57	臺北市	北投區	北投區公館路與承德路7段口	25.1194802	121.5013992	0	0	1	2	8	6	5	4	2	1	5	4	5	13	2	1	1	4	5	2	17	1	7	2	6	1	18	1		2	2	14	
113	1	13	10	58	臺北市	大安區	大安區基隆路4段43號	25.0141113	121.5404261	0	0	1	2	8	6	5	14	8	1	5	4	5	13	4	4	1	4	4	2	9	4	1	1	7	1	2	1		1	3	4	
113	1	13	11	0	臺北市	信義區	信義區忠孝東路5段729號	25.0429356	121.5808178	0	0	1	2	8	7	5	14	9	1	5	4	5	13	4	4	9	4	5	2	17	1	9	1	6	1	10	1		1	2	12	
113	1	13	11	16	臺北市	中正區	中正區中華路1段與寶慶路口	25.041955	121.5084202	0	0	3	5	8	6	5	4	2	1	5	4	5	13	1	1	1	4	1	1	12	1	7	1	7	2	4	1		1	3	4	
113	1	13	11	33	臺北市	北投區	北投區大度路3段與關渡路口西往東方向	25.1229774	121.4686805	0	0	1	3	8	5	5	3	2	1	5	4	5	13	1	1	9	4	5	1	17	1	9	1	6	2	10	1		2	2	14	
113	1	13	11	45	臺北市	大安區	大安區潮州街55巷與潮州街口	25.0293663	121.5240444	0	0	2	3	8	6	5	5	2	1	5	4	5	13	4	4	10	5	5	2	15	1	6	1	7	1	4	1		1	3	8	
113	1	13	11	57	臺北市	中正區	中正區中華路1段95巷8號	25.03757676	121.5078734	0	0	1	3	8	5	5	14	9	1	5	4	5	13	4	4	5	5	5	2	9	1	14	1	7	1	8	1		1	3	2	2
113	1	13	11	58	臺北市	北投區	北投區中央北路4段318號對面	25.1307289	121.4726229	0	0	1	2	8	7	5	14	9	1	5	4	5	13	1	1	4	4	5	2	13	1	9	1	6	2	10	1		1	2	14	
113	1	13	12	0	臺北市	大安區	大安區和平東路1段129號	25.026517	121.5298817	0	0	1	2	8	7	5	14	7	1	5	4	5	13	4	4	1	4	4	2	17	4	8	1	3	1	8	1		1	3	3	
113	1	13	12	0	臺北市	文山區	文山區福興路82巷1弄與福興路106巷28弄口	25.0059825	121.5501532	0	0	1	3	8	6	5	3	1	1	5	4	5	13	4	4	10	5	5	2	16	1	5	1	5	1	10	1		1	3	11	
113	1	13	12	11	臺北市	中正區	中正區中華路1段與中華路1段9巷口	25.04709577	121.5098978	0	0	1	2	8	7	5	4	2	1	5	4	5	13	1	1	1	3	4	2	12	1	8	1	7	1	8	1		2	3	5	
113	1	13	12	15	臺北市	中山區	中山區新生北路1段45號	25.0479033	121.5301394	0	0	1	2	8	6	5	14	9	1	5	4	5	13	1	1	1	5	5	2	17	4	9	1	3	1	8	1		1	3	5	
113	1	13	12	46	臺北市	內湖區	內湖區康寧路3段56巷130號	25.0680899	121.6096701	0	0	1	2	8	7	5	14	9	1	5	4	5	13	4	4	10	5	5	1	9	4	1	1	3	1	4	1		1	3	17	
113	1	13	12	57	臺北市	南港區	南港區研究院路1段187號	25.04936627	121.6158534	0	0	2	2	8	7	5	14	9	1	5	4	5	13	2	1	1	4	5	2	16	1	8	1	5	1	10	1		1	2	12	
113	1	13	13	4	臺北市	萬華區	萬華區寶興街19號	25.0279237	121.4927107	0	0	1	2	7	5	5	14	9	1	5	4	5	13	4	4	8	3	5	1	12	4	13	1	3	1	8	1		1	3	4	
113	1	13	14	9	臺北市	中正區	中正區中華路2段1號	25.0367208	121.5068001	0	0	1	3	8	7	5	14	9	1	5	4	5	13	1	1	1	4	5	2	13	1	9	1	5	1	10	1		1	2	12	
113	1	13	14	27	臺北市	士林區	士林區重慶北路4段與百齡橋口	25.0871362	121.5113077	0	0	1	2	8	6	5	3	2	1	5	4	5	13	1	1	1	4	5	1	13	1	9	1	7	1	8	1		1	3	1	
113	1	13	14	30	臺北市	大安區	大安區樂業街118巷與樂業街口	25.0209203	121.55199	0	0	2	2	8	6	5	4	1	1	5	4	5	13	4	4	9	5	5	2	16	4	5	8	4	1	20	1		1	2	14	
113	1	13	14	40	臺北市	內湖區	內湖區成功路2段456巷3-1號	25.07380058	121.5871305	0	0	3	3	8	6	5	11	9	1	5	4	5	13	4	4	10	5	5	2	10	1	9	3	5	1	18	1		1	2	11	
113	1	13	14	43	臺北市	信義區	信義區和平東路3段475號	25.0182206	121.5592884	0	0	1	2	8	7	5	14	9	1	5	4	5	13	4	4	3	5	5	2	18	2	12	1	6	1	10	1		1	2	12	
113	1	13	14	52	臺北市	大同區	大同區南京西路與華亭街口	25.0539327	121.5133848	0	0	1	2	8	6	5	3	2	1	5	4	5	13	4	4	5	4	5	2	12	4	15	1	3	2	4	1		1	3	5	
113	1	13	15	5	臺北市	萬華區	萬華區永福街與貴陽街2段96巷口	25.03871914	121.5030678	0	0	1	3	8	5	5	4	1	1	5	4	3	13	4	4	5	4	5	2	17	1	6	8	4	2	20	1		2	3	11	
113	1	13	15	16	臺北市	士林區	士林區中正路與承德路5段口	25.0911201	121.5164558	0	0	1	2	8	6	5	4	1	1	5	4	5	13	4	4	10	5	5	1	13	1	9	1	5	1	10	1		2	2	14	
113	1	13	15	22	臺北市	大同區	大同區雙連街與萬全街口	25.0585362	121.5190395	0	0	2	3	8	5	5	4	1	1	5	4	5	13	4	4	10	5	5	1	15	4	9	1	3	1	8	1		1	3	1	
113	1	13	15	27	臺北市	大安區	大安區辛亥路3段隧道前往東方向	25.01838751	121.5464732	0	0	1	2	8	7	5	14	9	1	5	4	5	13	4	4	8	3	5	1	13	1	12	1	5	1	9	1		1	2	11	
113	1	13	15	32	臺北市	大同區	大同區重慶北路3段與民族西路221巷口	25.0696402	121.5136282	0	0	1	2	8	5	5	4	2	1	5	4	5	13	4	4	1	4	5	2	17	4	9	1	3	2	8	1		2	2	14	
113	1	13	15	33	臺北市	信義區	信義區基隆路2段107號	25.0293981	121.5574719	0	0	1	2	8	7	5	14	9	1	5	4	5	13	4	4	3	4	5	2	12	4	1	1	3	1	8	1		1	3	8	
113	1	13	15	44	臺北市	文山區	文山區和平東路4段與萬美街1段口口	25.0022856	121.5719163	0	0	2	2	8	6	5	3	1	1	5	4	5	13	1	1	5	5	5	1	17	4	5	1	3	2	10	1		1	2	14	
113	1	13	15	45	臺北市	士林區	士林區中正路與福港街口	25.0919491	121.5176294	0	0	1	3	8	5	5	3	1	1	5	4	5	13	1	1	3	4	5	1	15	1	9	6	7	2	8	1		1	3	1	
113	1	13	15	52	臺北市	士林區	士林區承德路5段南向北	25.0954852	121.5144235	0	0	1	2	8	6	5	14	8	1	5	4	5	13	4	4	10	3	4	1	17	1	10	1	5	2	10	1		1	2	15	
113	1	13	16	20	臺北市	內湖區	內湖區民權東路6段174巷與民權東路6段口	25.06881865	121.5920052	0	0	1	2	8	7	5	3	1	1	5	4	5	13	4	4	1	4	5	2	16	1	6	1	7	1	8	1		2	3	2	
113	1	13	16	40	臺北市	中山區	中山區自強隧道(外)與北安路口	25.085412	121.549552	0	0	1	2	7	6	5	14	9	1	5	4	5	13	4	4	8	5	5	2	12	1	9	1	5	1	10	1		1	2	11	
113	1	13	16	55	臺北市	內湖區	內湖區成功路3段與文德路口	25.07921983	121.5894125	0	0	2	3	8	5	5	5	1	1	5	4	5	13	2	1	3	4	4	2	18	1	5	1	6	2	10	1		3	2	17	
113	1	13	16	56	臺北市	中山區	中山區建國北路3段與農安街口	25.0650321	121.5369427	0	0	1	2	8	7	5	3	1	1	5	4	5	13	1	1	5	5	5	2	16	1	5	1	2	1	8	1		1	3	8	
113	1	13	17	14	臺北市	南港區	南港區研究院路1段187號	25.0494448	121.6158147	0	0	1	2	8	5	5	11	9	1	5	4	5	13	1	1	1	4	1	2	16	4	11	1	3	1	8	1		2	3	2	
113	1	13	17	49	臺北市	北投區	北投區大同街與永興路1段口	25.1386774	121.4993095	0	0	1	2	8	5	5	14	9	1	5	4	5	13	1	1	9	4	5	2	16	1	5	1	7	1	8	1		1	3	8	
113	1	13	18	28	臺北市	大同區	大同區延平北路3段與昌吉街口	25.0659384	121.5110474	0	0	3	3	7	5	5	4	1	1	5	4	5	13	2	1	5	4	5	2	17	4	6	1	6	1	9	1		1	2	12	
113	1	13	18	45	臺北市	中正區	中正區開封街1段與懷寧街口	25.04606821	121.514284	0	0	2	2	7	5	5	4	1	1	5	4	5	13	3	1	10	4	5	2	13	4	9	1	6	2	10	1		1	2	11	
113	1	13	18	50	臺北市	士林區	士林區中正路與中山北路5段口	25.0957367	121.5280645	0	0	2	3	7	5	5	4	2	1	5	4	5	13	2	1	1	4	1	1	17	1	7	1	5	2	10	1		2	2	14	
113	1	13	19	33	臺北市	中山區	中山區市民大道3段83號	25.04480728	121.5378419	0	0	2	4	8	5	5	14	9	1	5	4	5	13	2	1	1	4	5	2	13	4	9	1	3	1	9	1		1	3	11	
113	1	13	20	0	臺北市	文山區	文山區忠順街1段與忠順街1段9巷口	24.9837258	121.557517	0	0	1	2	8	5	5	3	2	1	5	4	5	13	3	1	10	5	5	1	17	1	5	1	5	1	10	1		2	2	11	
113	1	13	20	4	臺北市	中山區	中山區新生北路2段68巷與民生東路1段70巷口	25.0566225	121.5264121	0	0	1	2	8	5	5	4	1	1	5	4	5	13	4	4	10	4	5	1	15	1	9	1	6	2	10	1		2	2	11	
113	1	13	21	23	臺北市	北投區	北投區稻香路41號公車站牌前	25.1398012	121.4897321	0	0	2	2	8	5	5	14	9	1	5	4	5	13	4	4	9	4	5	2	3	1	9	1	5	2	10	1		1	2	11	
113	1	13	22	22	臺北市	萬華區	萬華區水源快速道路與水源快速道路口接華中橋匝道	25.0165298	121.4955071	0	0	1	2	7	5	7	3	1	1	5	4	5	13	1	1	2	3	2	2	16	1	6	1	7	1	8	1		1	3	4	
113	1	13	22	37	臺北市	內湖區	內湖區成功路3段與星雲街口	25.0775326	121.590007	0	0	1	2	7	5	5	4	1	1	5	4	5	13	1	1	1	4	5	2	16	1	5	6	7	2	18	1		1	3	1	
113	1	13	23	9	臺北市	文山區	文山區木新路1段與無名巷口	24.98877054	121.5707213	0	0	1	2	8	5	5	3	1	1	5	4	5	13	1	1	10	4	5	2	16	1	5	1	6	1	10	1		2	2	14	
113	1	14	0	22	臺北市	大同區	大同區民生西路與承德路2段口	25.0573012	121.5181723	0	0	1	2	8	5	5	5	1	1	5	4	5	13	4	4	5	5	5	2	16	1	5	1	7	2	8	1		1	3	6	
113	1	14	2	59	臺北市	南港區	南港區忠孝東路7段與忠孝東路7段265巷口	25.0516639	121.6035403	0	0	1	2	7	5	5	3	1	1	5	4	1	13	1	1	1	4	4	2	15	1	9	1	6	1	10	1		1	3	12	
113	1	14	6	35	臺北市	文山區	文山區木柵路4段與木柵路4段33巷口口	24.9940181	121.5716485	0	0	1	2	8	5	5	14	9	1	5	4	5	13	1	1	5	4	5	2	12	1	9	1	5	2	10	1		2	2	14	
113	1	14	7	2	臺北市	文山區	文山區木柵路4段與秀明路1段口	24.9916515	121.5710648	0	0	1	2	8	6	5	4	1	1	5	4	5	13	2	1	10	5	5	2	15	4	9	1	6	2	10	1		1	2	12	
113	1	14	8	50	臺北市	信義區	信義區吳興街193號	25.027985	121.5629513	0	0	1	2	8	7	6	14	9	1	5	4	5	13	4	4	5	5	5	2	2	1	9	3	7	9	18	1		1	3	1	
113	1	14	9	5	臺北市	大同區	大同區台北橋機慢車道282593號燈桿	25.063496	121.5063963	0	0	2	2	8	6	5	8	11	1	5	4	5	13	4	4	9	4	5	2	17	4	9	1	5	2	10	1		1	2	11	
113	1	14	9	31	臺北市	萬華區	萬華區德昌街154巷與民和街口	25.0245572	121.495726	0	0	1	2	7	7	5	4	1	1	5	4	5	13	4	4	10	5	5	2	15	4	9	1	5	1	10	1		1	3	11	
113	1	14	9	49	臺北市	北投區	北投區知行路260巷與關渡路口	25.1208393	121.4693031	0	0	1	2	8	6	5	3	1	1	5	4	5	13	3	1	5	5	5	2	16	1	6	1	5	1	10	1		2	2	14	12
113	1	14	9	50	臺北市	士林區	士林區雨聲街陽明醫院前	25.1049427	121.5312203	0	0	3	4	8	5	5	14	9	1	5	4	3	12	4	4	5	5	5	1	17	1	5	1	7	1	8	1		1	3	1	
113	1	14	9	55	臺北市	中山區	中山區龍江路370巷21號	25.06641675	121.5400738	0	0	1	2	8	7	5	14	9	1	5	4	5	13	4	4	10	5	5	2	17	1	5	8	4	1	20	1		1	3	11	
113	1	14	10	15	臺北市	內湖區	內湖區文德路66巷與文德路66巷11弄口	25.07795189	121.5814177	0	0	1	2	8	6	5	4	1	1	5	4	5	13	4	4	10	5	5	2	15	1	9	1	5	1	10	1		1	2	11	
113	1	14	10	19	臺北市	北投區	北投區行義路186巷與行義路口	25.13274761	121.5285069	0	0	2	4	8	6	5	3	1	1	5	4	5	13	3	1	4	5	5	1	36	1	5	1	7	1	8	1		1	2	1	
113	1	14	11	20	臺北市	文山區	文山區基隆路4段與羅斯福路4段口	25.0107834	121.5370305	0	0	1	2	8	6	5	5	1	1	5	4	5	13	2	1	1	4	5	2	13	1	14	1	6	1	10	1		1	2	13	
113	1	14	11	35	臺北市	中正區	中正區市民大道2段華山大草原前	25.0460135	121.5304404	0	0	4	4	8	6	5	14	9	1	5	4	5	13	2	1	1	4	1	2	9	1	3	1	6	2	10	1		2	2	11	
113	1	14	12	13	臺北市	北投區	北投區公館路與無名巷口	25.12206678	121.5027777	0	0	1	2	8	7	5	3	1	1	5	4	5	13	1	1	5	5	5	2	16	1	6	1	5	1	10	1		1	3	12	
113	1	14	12	47	臺北市	士林區	士林區承德路4段與承德路4段266巷口	25.0892903	121.5200152	0	0	1	3	8	6	5	4	2	1	5	4	5	13	2	1	1	3	4	2	17	4	1	1	3	1	10	1		1	3	12	
113	1	14	12	55	臺北市	內湖區	內湖區民權東路6段180巷與成功路2段115巷47弄口	25.06511929	121.5925477	0	0	1	2	8	5	5	3	2	1	5	4	5	13	4	4	10	5	5	2	16	1	1	1	7	1	4	1		1	3	1	
113	1	14	12	59	臺北市	文山區	文山區新光路1段118巷與萬壽橋口旁	24.99175083	121.573099	0	0	1	2	8	7	5	14	9	1	5	4	5	13	4	4	10	5	5	2	18	1	11	1	5	2	10	1		2	2	14	
113	1	14	13	20	臺北市	大同區	大同區民族西路與承德路3段口	25.0684616	121.51831	0	0	1	2	8	5	5	4	2	1	5	4	5	13	2	1	5	4	5	2	17	4	6	1	3	1	8	1		1	3	2	
113	1	14	14	16	臺北市	內湖區	內湖區江南街與瑞光路口	25.0760766	121.5754364	0	0	2	2	8	6	5	3	1	1	5	4	5	13	3	1	9	4	5	2	16	1	6	1	6	2	10	1		1	2	11	
113	1	14	14	42	臺北市	文山區	文山區久康街與秀明路1段22巷口	24.9890372	121.5647506	0	0	1	2	8	7	5	3	1	1	5	4	5	13	4	4	5	5	5	2	17	1	9	1	6	1	10	1		2	2	11	
113	1	14	15	5	臺北市	中正區	中正區忠孝西路1段38號	25.0463492	121.5164222	0	0	1	3	8	6	8	22	22	1	5	4	5	13	4	4	10	4	5	2	9	5	13	8	4	2	20	1		1	2	16	
113	1	14	15	30	臺北市	中山區	中山區北安路與大直街口	25.07990436	121.547357	0	0	2	3	8	7	5	4	1	1	5	4	5	13	2	1	1	4	5	2	12	4	8	1	3	2	4	1		1	3	5	
113	1	14	15	34	臺北市	中正區	中正區古亭河濱公園	25.010368	121.5306041	0	0	1	2	8	6	7	22	23	1	5	4	5	13	4	4	5	4	5	2	12	1	9	8	4	9	20	2		4	2	11	
113	1	14	15	46	臺北市	中正區	中正區中山北路1段與市民大道1段口口	25.0478038	121.5207084	0	0	2	2	8	5	5	4	1	1	5	4	5	13	2	1	5	4	5	1	13	1	9	1	6	1	10	1		1	2	11	
113	1	14	16	50	臺北市	大安區	大安區杭州南路2段與潮州街口	25.0295749	121.521996	0	0	1	2	8	6	5	4	1	1	5	4	5	13	2	1	5	5	5	2	16	1	5	1	6	1	10	1		1	2	11	
113	1	14	17	30	臺北市	北投區	北投區承德路7段95號	25.1116958	121.5098485	0	0	1	3	8	5	5	14	9	1	5	4	3	10	4	4	1	4	5	2	16	1	6	1	7	1	8	1		1	3	2	
113	1	14	17	30	臺北市	文山區	文山區景文街146巷(景新高爾夫球場)旁	24.99469847	121.5345537	0	0	1	2	8	6	5	14	9	1	5	4	5	13	4	4	10	5	5	2	17	1	9	8	4	1	20	1		1	2	11	
113	1	14	17	46	臺北市	內湖區	內湖區新明路與新明路321巷口	25.0569509	121.5844139	0	0	1	2	8	5	5	3	2	1	5	4	5	13	1	1	5	4	4	2	16	1	5	1	5	2	10	1		1	2	12	
113	1	14	18	7	臺北市	北投區	北投區明德路與明德路113巷口	25.1097574	121.5199175	0	0	1	2	8	5	5	4	2	1	5	4	5	13	4	4	5	2	5	2	3	1	9	1	6	1	10	1		1	3	11	
113	1	14	18	9	臺北市	大安區	大安區羅斯福路3段283巷與溫州街68巷口	25.020189	121.5318332	0	0	1	2	7	5	5	4	1	1	5	4	5	13	4	4	10	5	5	2	3	4	5	1	3	1	7	1		1	3	8	
113	1	14	18	11	臺北市	信義區	信義區逸仙路50巷與無名巷口	25.0406262	121.562566	0	0	1	2	8	5	5	4	1	1	5	4	5	13	4	4	10	5	5	2	15	1	9	1	7	1	8	1		1	3	1	
113	1	14	18	21	臺北市	中正區	中正區羅斯福路2段166號	25.0255709	121.5233928	0	0	1	4	8	5	5	14	9	1	5	4	5	13	4	4	1	4	5	2	12	1	1	1	7	2	8	1		1	3	17	
113	1	14	18	51	臺北市	中山區	中山區北安路47號	25.0776167	121.5286352	0	0	4	7	7	5	5	14	9	1	5	4	5	13	4	4	3	4	5	2	13	1	9	1	7	1	4	1		1	3	8	
113	1	14	18	51	臺北市	士林區	士林區文昌路38號	25.09545799	121.5214936	0	0	2	2	8	5	5	14	9	1	5	4	5	13	4	4	5	4	4	2	16	1	1	1	5	1	10	1		2	2	14	
113	1	14	20	21	臺北市	內湖區	內湖區瑞光路478巷與瑞光路口	25.07886866	121.5694737	0	0	1	2	7	6	5	4	1	1	5	4	5	13	2	1	9	4	5	2	16	1	5	1	7	2	15	1		1	3	2	
113	1	14	20	23	臺北市	士林區	士林區中山北路5段525號	25.0939917	121.5279532	0	0	1	3	8	5	5	14	9	1	5	4	5	13	4	4	4	4	5	2	17	1	14	1	7	1	8	1		1	3	2	
113	1	14	21	45	臺北市	北投區	北投區大度路與中央北路2段257巷口	25.1220991	121.4864658	0	0	2	3	8	5	5	5	2	1	5	4	5	13	2	1	1	4	1	1	27	4	9	1	3	1	10	1		3	2	11	
113	1	14	22	9	臺北市	文山區	文山區辛亥路6段與木柵路1段口口	24.9878403	121.5523155	0	0	1	2	8	5	5	4	1	1	5	4	5	13	2	1	1	4	5	2	13	1	9	1	7	2	8	1		1	3	8	
113	1	14	22	30	臺北市	中正區	中正區重慶南路1段與開封街1段口	25.0461092	121.5132707	0	0	3	3	8	5	5	4	2	1	5	4	5	13	1	1	10	4	5	1	17	1	5	1	5	1	10	1		1	2	14	
113	1	14	23	24	臺北市	萬華區	萬華區忠孝西路2段與西寧南路口	25.0485756	121.5073453	0	0	1	3	8	5	5	4	1	1	5	4	5	13	1	1	8	3	5	1	13	1	9	3	5	1	18	1		1	3	11	
113	1	14	23	41	臺北市	大同區	大同區長安西路與塔城街口	25.0519959	121.5104839	0	0	2	2	8	5	5	4	1	1	5	4	5	13	2	1	5	4	5	2	15	1	9	1	7	2	4	1		1	2	1	
113	1	14	23	50	臺北市	內湖區	內湖區民權大橋(西往東方向)往內湖方向7510468燈桿附近	25.06449769	121.5712358	0	0	2	2	8	5	5	14	9	1	5	4	5	13	4	4	1	3	5	1	12	1	9	1	6	2	10	1		1	2	11	
113	1	15	6	26	臺北市	松山區	松山區民權東路4段與光復北路口	25.0617306	121.5546237	0	0	1	2	7	7	5	4	1	1	5	4	5	13	1	1	1	4	4	2	16	1	6	1	6	2	10	1		1	3	13	
113	1	15	7	23	臺北市	萬華區	萬華區大理街170巷與環河南路2段175巷口	25.0323287	121.4928828	0	0	1	2	8	7	5	3	1	1	5	4	5	13	4	4	8	3	5	2	12	4	9	1	5	1	10	1		2	2	12	
113	1	15	7	30	臺北市	士林區	士林區社子街63巷與社子街口	25.0874433	121.5070131	0	0	1	2	8	6	5	4	1	1	5	4	5	10	4	4	5	5	5	2	17	4	5	1	3	9	10	1		1	2	11	
113	1	15	7	43	臺北市	中正區	中正區和平西路1段與羅斯福路2段口	25.0270834	121.5221544	0	0	3	4	7	6	5	4	1	1	5	4	5	13	2	1	3	4	5	2	17	1	9	1	5	1	10	1		1	2	11	
113	1	15	7	55	臺北市	文山區	文山區木柵路2段8號對面	24.9887961	121.5581298	0	0	1	2	7	6	5	14	9	1	5	4	5	13	4	4	5	4	5	2	16	1	11	1	7	2	4	1		1	3	4	14
113	1	15	8	10	臺北市	大同區	大同區民權西路與延平北路3段口	25.0629894	121.51114	0	0	1	2	7	5	5	4	1	1	5	4	5	13	2	1	1	4	5	2	13	1	9	1	5	2	10	1		1	2	11	
113	1	15	8	13	臺北市	內湖區	內湖區行忠路28巷與行忠路口	25.0653783	121.577412	0	0	1	2	7	6	5	3	1	1	5	4	5	13	4	4	1	4	5	2	16	1	7	6	6	1	10	1		1	2	14	
113	1	15	8	21	臺北市	中正區	中正區中山南路與青島西路口	25.0444811	121.5191943	0	0	3	5	7	5	5	4	1	1	5	4	5	13	1	1	9	4	5	2	17	1	9	1	7	2	4	1		1	2	8	
113	1	15	8	28	臺北市	南港區	南港區研究院路2段與舊莊街1段口	25.0422904	121.6168843	0	0	1	2	8	6	5	3	2	1	5	4	5	13	2	1	5	2	5	2	16	1	5	1	6	1	10	1		1	2	14	
113	1	15	8	29	臺北市	北投區	北投區復興四路41號	25.1427584	121.5008149	0	0	1	2	8	6	5	3	1	1	5	4	5	13	4	4	9	5	5	1	15	1	9	1	7	2	8	1		2	3	1	
113	1	15	8	41	臺北市	南港區	南港區園區街23號	25.0591753	121.6108327	0	0	1	2	7	6	5	14	9	1	5	4	5	13	4	4	10	4	5	2	12	1	7	1	6	1	10	1		2	2	14	
113	1	15	8	44	臺北市	內湖區	內湖區新湖一路東向西(近IKEA停車場出入口)	25.06002079	121.5787769	0	0	1	2	8	7	5	14	9	1	5	4	5	13	4	4	4	3	5	1	17	1	6	1	7	1	8	1		2	3	2	
113	1	15	8	48	臺北市	大安區	大安區羅斯福路4段與基隆路4段口	25.0112125	121.5374372	0	0	1	2	8	6	5	4	1	1	5	4	5	13	2	1	10	4	5	1	15	4	15	1	3	2	10	1		2	2	11	
113	1	15	8	49	臺北市	士林區	士林區通河街76巷與承德路4段10巷口	25.0801127	121.5201491	0	0	1	2	8	6	5	4	1	1	5	4	5	13	4	4	10	5	5	2	15	1	9	1	6	1	10	1		1	3	14	
113	1	15	9	3	臺北市	信義區	信義區信安街67巷平面停車場入口前	25.0259318	121.5588212	0	0	1	2	6	7	5	14	9	1	4	4	5	13	4	4	9	4	5	2	16	1	9	1	5	1	10	1		1	2	14	
113	1	15	9	31	臺北市	士林區	士林區中正路603號與百齡橋口迴轉道	25.0867196	121.5097874	0	0	1	2	6	6	5	3	1	1	4	4	5	13	4	4	1	4	5	1	16	1	6	1	6	1	10	1		2	2	12	
113	1	15	9	37	臺北市	信義區	信義區和平東路3段與基隆路2段口	25.0246197	121.5528001	0	0	1	2	8	7	5	4	1	1	5	4	5	13	1	1	9	4	5	2	18	1	9	1	6	1	11	1		1	2	14	
113	1	15	9	44	臺北市	文山區	文山區木新路3段與一壽街口	24.9805884	121.5563772	0	0	1	2	6	6	5	14	9	1	4	4	5	13	1	1	5	4	5	2	16	1	9	1	7	1	8	1		1	3	1	
113	1	15	10	0	臺北市	文山區	文山區辛亥路4段191號	25.0048476	121.5570284	0	0	1	2	6	6	5	14	9	1	4	4	5	13	2	1	1	4	5	2	17	1	11	1	7	1	4	1		1	3	17	
113	1	15	10	22	臺北市	松山區	松山區復興北路31號	25.0495207	121.5440449	0	0	1	3	6	7	5	14	9	1	4	4	5	13	4	4	1	4	5	2	18	1	9	1	6	1	10	1		2	2	12	
113	1	15	10	55	臺北市	中山區	中山區建國北路2段19巷與建國北路2段口	25.0543051	121.5370781	0	0	1	2	6	7	5	3	2	1	4	4	5	13	4	4	1	4	5	2	16	1	8	1	7	9	8	1		2	3	4	
113	1	15	11	8	臺北市	中山區	中山區民權東路2段與中原街口	25.0625126	121.5288654	0	0	1	2	6	7	5	4	2	1	4	4	5	13	1	1	1	4	5	2	17	1	8	1	5	1	10	1		1	3	13	
113	1	15	11	10	臺北市	中山區	中山區錦州街與錦州街30巷口	25.0603098	121.5247105	0	0	2	2	6	7	5	3	1	1	4	4	5	13	4	4	5	4	5	2	16	4	5	1	6	1	10	1		2	2	11	
113	1	15	11	10	臺北市	中山區	中山區龍江路與錦州街口	25.0602275	121.5407412	0	0	1	2	6	5	5	4	1	1	4	4	5	13	1	1	5	5	5	2	16	1	6	1	7	1	8	1		1	3	2	
113	1	15	11	11	臺北市	松山區	松山區三民路31號	25.05516028	121.563733	0	0	2	2	6	6	5	14	9	1	4	4	5	13	4	4	5	4	5	2	12	1	8	1	6	1	10	1		2	2	12	
113	1	15	11	18	臺北市	松山區	松山區南京東路4段與健康路口	25.05175158	121.5527678	0	0	1	2	6	5	5	4	2	1	4	4	5	13	2	1	3	4	4	2	17	4	6	1	3	1	4	1		1	3	6	
113	1	15	11	23	臺北市	信義區	信義區松信路與松隆路口	25.0470889	121.5721481	0	0	1	2	6	5	5	4	1	1	4	4	5	12	1	1	5	5	4	2	17	4	5	1	3	1	10	1		1	3	17	