年	月	日	時	分	縣市	行政區	allLocation	GoogleLat	GoogleLng	死	2-30	受傷	當事人數	天候	道路照明設備	道路類別	道路型態	事故位置	路面狀況1	路面狀況2	路面狀況3	道路障礙1	道路障礙2	號誌1	號誌2	車道劃分-分向	車道劃分-分道1	車道劃分-分道2	車道劃分-分道3	事故類型及型態	行動電話	當事者行動狀態	駕駛資格情形	保護裝置	飲酒情形	駕駛執照種類	個人肇逃否	肇因碼-主要	性別	受傷程度	車輛撞擊部位1	車輛撞擊部位2
113	1	15	11	52	臺北市	南港區	南港區南港路3段53號	25.0531219	121.5891109	0	0	1	2	6	6	5	14	9	1	4	4	5	13	4	4	5	4	5	2	17	1	1	1	7	1	8	1		1	3	8	
113	1	15	11	59	臺北市	北投區	北投區復興三路第復三幹66號電桿	25.1566093	121.498327	0	0	3	5	7	6	5	11	9	1	5	4	5	13	4	4	5	5	5	1	9	1	5	1	7	2	8	1		1	3	1	
113	1	15	12	3	臺北市	北投區	北投區中央北路4段與中央北路4段515巷口	25.128295	121.4685507	0	0	1	2	8	7	5	3	2	1	5	4	5	13	1	1	9	5	4	1	13	1	9	1	5	2	10	1		1	2	11	
113	1	15	12	33	臺北市	內湖區	內湖區成功路2段312巷與成功路2段口	25.06713064	121.5905884	0	0	1	3	6	6	5	3	2	1	4	4	5	13	4	4	9	4	5	2	17	1	9	1	6	2	10	1		2	2	11	
113	1	15	13	38	臺北市	內湖區	內湖區麗山街與麗山街15巷口	25.08196258	121.580289	0	0	1	2	6	7	5	3	1	1	4	4	5	13	4	4	4	1	5	1	17	1	11	1	6	1	10	1		1	2	14	
113	1	15	14	25	臺北市	北投區	北投區承德路6段120號與無名路口	25.1034914	121.5122935	0	0	1	2	7	6	5	3	1	1	5	4	5	13	4	4	1	4	4	1	16	1	6	1	7	1	8	1		1	3	4	
113	1	15	14	29	臺北市	中山區	中山區中山北路3段54號	25.06804376	121.5226197	0	0	1	2	8	6	5	14	9	1	5	4	5	13	4	4	9	5	5	2	12	1	1	1	7	1	4	1		1	3	8	
113	1	15	14	30	臺北市	士林區	士林區百齡橋往西機車道(013電桿)	25.08933306	121.5137922	0	0	2	5	6	6	5	8	11	1	4	4	5	13	4	4	9	4	5	2	17	1	9	1	5	1	10	1		2	2	11	
113	1	15	14	55	臺北市	信義區	信義區富陽街與富陽街21巷口	25.0231816	121.5563138	0	0	1	2	8	6	5	4	1	1	4	4	5	13	4	4	9	4	5	2	16	1	5	1	7	1	8	1		1	3	8	
113	1	15	15	25	臺北市	中山區	中山區南京東路3段與復興北路口	25.0519308	121.5440119	0	0	1	2	6	6	5	4	1	1	4	4	5	13	4	4	9	5	5	2	13	1	9	1	5	1	10	1		1	2	11	
113	1	15	15	40	臺北市	士林區	士林區德行西路與文林路口	25.1032738	121.5196661	0	0	1	2	8	6	5	4	2	1	5	4	5	13	1	1	1	4	5	1	16	4	5	1	3	1	4	1		1	3	8	
113	1	15	15	57	臺北市	大同區	大同區民權西路102巷4弄與民權西路102巷4弄口08002429號燈桿	25.0615777	121.5173165	0	0	1	2	6	5	5	4	2	1	4	4	5	13	4	4	10	5	5	2	13	1	5	1	6	2	10	1		1	3	14	
113	1	15	16	0	臺北市	內湖區	內湖區民權東路6段與成功路2段320巷31弄口	25.06894006	121.5892495	0	0	1	2	6	7	5	14	9	1	4	4	5	13	1	1	1	3	5	1	17	1	8	1	6	1	10	1		1	2	12	
113	1	15	16	20	臺北市	中正區	中正區市民大道2段華山公園前	25.0470144	121.5270447	0	0	1	3	6	5	5	14	9	1	4	4	5	13	4	4	1	4	5	2	17	1	9	1	6	2	10	1		1	2	14	
113	1	15	16	37	臺北市	中正區	中正區和平西路2段134巷與汀州路1段口	25.0319029	121.5062815	0	0	2	3	6	7	5	4	1	1	4	4	5	13	4	4	5	5	5	2	17	1	5	1	7	1	8	1		1	3	17	
113	1	15	16	45	臺北市	內湖區	內湖區成功路2段320巷與成功路2段口	25.06756812	121.5906221	0	0	1	2	6	7	5	3	1	1	4	4	5	13	2	1	1	4	5	2	16	1	5	1	7	1	8	1		1	3	5	
113	1	15	16	54	臺北市	中山區	中山區市民大道3段1號	25.0459954	121.5311963	0	0	1	2	8	5	5	14	9	1	5	4	5	13	2	1	9	4	5	2	17	1	9	3	5	1	18	1		1	2	11	
113	1	15	17	20	臺北市	信義區	信義區松勇路57號對面	25.033895	121.5696794	0	0	1	2	6	5	5	14	9	1	4	4	5	13	4	4	9	4	5	2	12	1	9	1	7	1	8	1		1	3	5	
113	1	15	17	44	臺北市	文山區	文山區木新路3段163號	24.9817263	121.5608749	0	0	1	3	6	5	5	14	9	1	4	4	5	13	4	4	5	4	5	2	12	1	7	1	5	2	10	1		1	3	11	
113	1	15	17	44	臺北市	文山區	文山區試院路1號	24.98746034	121.5498617	0	0	1	2	6	5	5	14	9	2	4	4	5	13	4	4	5	5	5	2	18	4	9	1	5	2	10	1		1	2	11	
113	1	15	17	55	臺北市	大安區	大安區辛亥路3段與基隆路3段口	25.0194267	121.5467384	0	0	1	2	6	5	5	4	2	1	4	4	5	13	2	1	1	4	5	1	16	4	6	1	3	1	10	1		1	3	12	
113	1	15	17	59	臺北市	士林區	士林區雨聲街雨農國小後門	25.10458241	121.530187	0	0	1	2	6	5	5	14	9	1	4	4	5	13	4	4	5	5	5	2	17	1	9	1	6	1	10	1		1	2	11	
113	1	15	18	14	臺北市	士林區	士林區德行東路190巷與德行東路190巷30弄口口	25.1073433	121.5318198	0	0	1	2	6	5	5	4	1	1	4	4	5	13	4	4	10	5	5	2	17	1	15	1	6	1	10	1		1	3	17	
113	1	15	18	35	臺北市	中正區	中正區忠孝東路2段94號	25.04302473	121.5300519	0	0	1	5	6	5	5	14	9	1	4	4	5	13	4	4	1	4	5	2	17	4	14	1	3	9	8	1		1	3	17	
113	1	15	18	35	臺北市	大安區	大安區金華街與愛國東路210巷口	25.0306054	121.5238659	0	0	1	2	8	5	5	3	2	1	5	4	5	13	1	3	9	4	5	2	17	4	12	1	3	1	10	1		1	2	14	
113	1	15	18	40	臺北市	信義區	信義區忠孝東路5段68號	25.0409202	121.5674067	0	0	1	2	6	5	5	22	20	4	4	4	5	13	4	4	10	5	5	2	18	1	9	8	4	9	20	1		3	2	15	
113	1	15	18	50	臺北市	南港區	南港區研究院路1段與研究院路1段151巷口	25.0495407	121.6157154	0	0	2	2	6	5	5	4	2	1	4	4	5	13	1	1	1	4	5	2	13	1	9	1	3	1	10	1		1	2	11	
113	1	15	19	8	臺北市	文山區	文山區木柵路1段106號	24.9875526	121.5509589	0	0	1	2	7	6	5	14	9	1	4	4	5	13	4	4	5	4	5	2	3	5	16	8	4	10	20	1		2	2	16	
113	1	15	19	18	臺北市	文山區	文山區木新路3段與木新路3段74巷口口	24.9823973	121.5636242	0	0	1	3	6	5	5	3	1	1	4	4	5	13	4	4	5	5	4	2	16	1	7	1	7	2	8	1		1	3	4	
113	1	15	19	27	臺北市	大安區	大安區和平東路3段與和平東路3段346巷口	25.0196857	121.557435	0	0	1	2	6	5	5	4	2	1	4	4	5	13	1	1	8	3	4	1	13	1	15	1	7	1	8	1		1	3	3	
113	1	15	19	30	臺北市	內湖區	內湖區舊宗路1段與新湖二路口	25.06188692	121.5779356	0	0	1	2	6	5	5	4	1	1	4	4	5	13	2	1	5	4	5	2	2	5	16	8	4	10	20	1		1	2	16	
113	1	15	19	41	臺北市	信義區	信義區松山路287巷40號	25.0429103	121.5801682	0	0	2	2	6	5	5	14	9	1	4	4	5	13	4	4	10	5	5	2	13	1	9	1	6	1	10	1		2	2	11	
113	1	15	19	52	臺北市	松山區	松山區塔悠路與撫遠街261巷口	25.0621985	121.5684161	0	0	1	2	7	5	5	14	9	1	4	4	5	13	4	4	1	4	5	2	17	1	9	1	7	2	8	1		1	3	1	
113	1	15	19	55	臺北市	士林區	士林區中山北路7段天母圓環	25.12484863	121.5328816	0	0	1	2	6	5	5	18	9	1	4	4	5	13	4	4	1	4	1	2	17	1	10	1	5	1	10	1		1	2	14	
113	1	15	19	57	臺北市	萬華區	萬華區中華路1段與南寧路口	25.03698667	121.5064704	0	0	1	2	7	5	5	5	2	1	5	4	5	13	1	1	1	2	1	2	9	4	9	1	5	2	10	1		1	3	17	
113	1	15	20	5	臺北市	內湖區	內湖區新明路與新明路298巷口	25.05581408	121.5821787	0	0	1	2	6	5	8	14	9	1	4	4	5	13	2	1	5	4	5	2	17	1	8	1	5	1	10	1		1	2	14	
113	1	15	20	10	臺北市	內湖區	內湖區民權東路6段與行愛路口	25.06654114	121.578127	0	0	1	2	6	5	5	8	11	1	4	4	5	13	2	1	1	4	5	2	18	4	21	1	6	2	10	1		1	2	15	
113	1	15	20	50	臺北市	中正區	中正區羅斯福路4段與羅斯福路4段24巷口	25.0155371	121.5333741	0	0	1	3	7	5	5	3	1	1	4	4	5	13	4	4	1	4	5	2	17	1	6	1	7	1	2	1		1	3	8	
113	1	15	21	8	臺北市	中山區	中山區北安路與大直街口	25.0799907	121.5470764	0	0	1	2	7	5	5	4	1	1	5	4	5	13	1	1	1	2	5	2	16	1	10	1	7	1	8	1		2	3	5	
113	1	15	21	34	臺北市	南港區	南港區忠孝東路7段512號	25.0524286	121.6105627	0	0	1	4	8	5	5	14	8	1	4	4	5	13	4	4	1	4	4	2	17	4	7	1	3	11	4	2		1	3	17	
113	1	15	22	30	臺北市	士林區	士林區中正路與中正路212巷口	25.09545485	121.52632	0	0	1	2	7	5	5	3	1	1	5	4	5	13	2	1	1	4	5	2	16	1	11	1	7	2	4	1		1	3	4	
113	1	15	22	48	臺北市	中山區	中山區北安路與大直街口	25.07989319	121.547349	0	0	1	2	7	5	5	4	1	1	5	4	5	13	1	1	3	4	5	2	12	1	5	1	6	1	10	1		1	2	14	
113	1	15	23	17	臺北市	大安區	大安區羅斯福路4段與新生南路3段口	25.0163305	121.5327145	0	0	2	2	7	5	5	4	1	1	5	4	5	13	2	1	10	5	5	2	17	4	8	1	3	2	10	1		1	2	13	
113	1	15	23	31	臺北市	大同區	大同區承德路1段與承德路1段24巷口	25.0503252	121.5167634	0	0	1	2	8	5	5	5	2	1	5	4	5	13	4	4	1	4	5	2	16	1	7	1	7	2	4	1		1	3	6	
113	1	16	0	18	臺北市	大同區	大同區忠孝西路2段13號	25.04831986	121.5092874	0	0	1	2	8	5	5	14	9	1	5	4	5	13	4	4	1	4	5	2	17	1	9	1	6	2	10	1		1	2	11	
113	1	16	1	52	臺北市	士林區	士林區延平北路6段與社子街口	25.0876962	121.5088991	0	0	2	2	8	5	5	4	1	1	5	4	5	13	2	1	5	4	5	2	17	1	5	1	5	1	10	1		1	2	12	
113	1	16	5	25	臺北市	信義區	信義區光復南路419巷與光復南路口	25.0365772	121.5576727	0	0	1	2	7	5	5	3	1	1	5	4	5	13	4	4	10	5	5	2	16	1	5	1	7	1	8	1		1	3	5	
113	1	16	6	5	臺北市	北投區	北投區復興三路68號	25.14569095	121.5042208	0	0	1	3	8	5	5	14	9	1	5	4	5	13	4	4	5	4	5	2	36	1	9	1	7	2	8	1		1	2	1	
113	1	16	6	55	臺北市	萬華區	萬華區青年路48號對面74號停車格	25.025332	121.5040721	0	0	1	2	7	7	5	14	9	1	5	4	5	13	4	4	9	1	5	1	17	1	1	1	7	1	8	1		1	3	4	
113	1	16	7	16	臺北市	大同區	大同區延平北路3段與民族西路口	25.0686584	121.5109284	0	0	2	2	7	6	5	4	1	1	5	4	5	13	1	1	5	2	5	2	17	1	5	1	5	1	10	1		1	2	13	
113	1	16	7	21	臺北市	大安區	大安區仁愛路4段222巷與仁愛路4段266巷口	25.0364461	121.5527567	0	0	1	2	8	7	5	5	1	1	5	4	5	13	4	4	5	4	5	2	15	4	9	1	3	1	8	1		1	2	14	
113	1	16	7	30	臺北市	中山區	中山區建國北路3段與松江路口	25.0677805	121.5331408	0	0	1	2	8	7	5	4	1	1	5	4	5	13	2	1	10	5	5	2	12	1	8	1	6	1	10	1		2	3	13	
113	1	16	7	30	臺北市	信義區	信義區莊敬路325巷45弄與松智路口	25.029193	121.5649667	0	0	2	2	8	6	8	4	2	1	5	4	5	13	2	1	9	5	5	2	13	1	9	3	6	2	18	1		2	2	11	
113	1	16	7	45	臺北市	文山區	文山區景中街與景後街口	24.9926131	121.543271	0	0	2	3	7	6	5	4	2	1	5	4	5	13	2	1	9	5	5	2	16	1	6	1	7	1	8	1		1	3	2	
113	1	16	7	56	臺北市	大安區	大安區辛亥路3段與辛亥路3段21巷口	25.0213235	121.5444142	0	0	1	2	7	7	5	3	2	1	5	4	5	13	4	4	10	4	5	1	12	4	9	1	3	1	8	1		1	3	1	
113	1	16	8	25	臺北市	大安區	大安區復興南路1段137號	25.0425034	121.5438878	0	0	2	3	8	6	5	14	9	1	5	4	5	13	4	4	1	4	5	2	12	4	8	7	3	9	19	2		1	4	15	
113	1	16	8	29	臺北市	士林區	士林區中山北路5段北往南(近通河街)	25.08038813	121.5242181	0	0	1	2	7	6	5	14	9	1	5	4	5	13	4	4	2	4	5	2	12	1	7	1	6	1	10	1		2	2	14	
113	1	16	8	35	臺北市	中正區	中正區廣州街與愛國西路48巷口	25.0358785	121.5072284	0	0	1	2	8	6	5	3	1	1	5	4	5	13	4	4	5	4	5	2	16	1	5	1	7	1	8	1		1	3	8	
113	1	16	8	47	臺北市	中正區	中正區和平西路1段與晉江街口口	25.0267218	121.5209357	0	0	2	2	8	6	5	5	1	1	5	4	5	13	1	1	1	4	5	2	12	1	9	1	5	1	10	1		1	2	14	
113	1	16	8	54	臺北市	內湖區	內湖區成功路2段378號	25.0695668	121.5905871	0	0	1	2	7	6	5	14	9	1	5	4	5	13	4	4	1	4	5	2	17	1	15	6	5	1	10	1		1	2	14	
113	1	16	8	56	臺北市	中山區	中山區民權東路2段71巷與松江路402巷8弄口	25.0634954	121.5316709	0	0	2	2	7	6	5	5	1	1	5	4	5	13	4	4	9	5	5	2	15	1	9	1	6	1	10	1		1	2	13	
113	1	16	9	0	臺北市	內湖區	內湖區康樂街與康樂街162巷口附近	25.07300373	121.6194356	0	0	1	2	7	6	5	3	2	1	5	4	5	13	4	4	9	4	5	2	17	1	7	1	5	1	10	1		2	3	17	
113	1	16	9	9	臺北市	中山區	中山區民族東路410巷23弄2號	25.06681814	121.5384844	0	0	1	2	8	7	5	14	9	1	5	4	5	13	4	4	10	5	5	2	17	1	3	1	5	1	10	1		1	3	14	
113	1	16	10	15	臺北市	中正區	中正區重慶南路2段與南海路口	25.0319681	121.5145214	0	0	1	2	8	6	5	3	1	1	5	4	5	13	1	1	10	4	5	2	16	1	6	1	7	2	8	1		2	3	2	
113	1	16	10	19	臺北市	萬華區	萬華區萬大路486巷與萬大路486巷59弄口	25.0204932	121.4958647	0	0	1	2	8	5	5	4	1	1	5	4	5	13	4	4	9	5	5	1	15	4	9	1	3	1	10	1		1	2	11	
113	1	16	10	30	臺北市	大安區	大安區仁愛路4段與敦化南路1段口	25.03808	121.5492042	0	0	1	2	8	6	5	18	9	1	5	4	5	13	1	1	10	4	5	2	17	4	15	1	7	1	8	1		1	2	7	
113	1	16	10	54	臺北市	信義區	信義區吳興街220巷69號	25.0261698	121.5611748	0	0	1	3	8	6	5	14	9	1	5	4	5	13	4	4	9	4	5	2	17	1	9	1	7	1	8	1		1	3	8	
113	1	16	11	45	臺北市	內湖區	內湖區安美街與潭美街口	25.06043589	121.5968661	0	0	1	2	8	7	8	4	1	1	5	4	5	13	2	1	5	5	5	2	17	1	5	1	5	1	10	1		2	3	17	
113	1	16	11	46	臺北市	大安區	大安區杭州南路2段93巷與潮州街60巷口	25.0284876	121.5237501	0	0	2	2	8	6	5	4	1	1	5	4	5	13	4	4	10	5	5	1	15	1	9	1	5	1	10	1		2	2	11	
113	1	16	11	55	臺北市	中山區	中山區建國高架道與長安東路1段口	25.05159665	121.5368803	0	0	1	3	7	7	9	14	9	1	5	4	5	13	4	4	1	3	5	1	13	1	9	1	7	1	8	1		1	3	1	
113	1	16	12	10	臺北市	信義區	信義區松信路與永吉路180巷29弄口	25.0446213	121.5720758	0	0	1	2	8	7	5	4	1	1	5	4	5	13	1	1	9	4	4	2	12	1	11	1	7	1	8	1		2	3	4	
113	1	16	12	40	臺北市	士林區	士林區士商路與承德路5段口	25.09610259	121.5141421	0	0	1	2	8	7	5	4	1	1	5	4	5	13	2	1	1	4	4	1	17	1	6	1	7	2	8	1		1	3	6	
113	1	16	12	43	臺北市	大安區	大安區文昌街與通安街口	25.0325243	121.5533163	0	0	2	3	8	5	5	4	2	1	5	4	5	13	1	1	10	5	5	2	17	1	5	1	7	1	8	1		1	3	4	
113	1	16	12	52	臺北市	萬華區	萬華區桂林路與桂林路242巷口	25.0388652	121.4962539	0	0	1	2	8	7	5	5	1	1	5	4	5	13	2	1	1	4	5	2	17	1	8	1	6	1	10	1		2	3	13	
113	1	16	13	9	臺北市	中山區	中山區北安路139號	25.0777534	121.5330275	0	0	2	3	8	7	5	18	9	1	5	4	5	13	4	4	9	4	5	2	17	1	9	1	5	1	10	1		1	2	14	
113	1	16	13	25	臺北市	信義區	信義區松信路與永吉路200巷56弄口口	25.0435045	121.5722266	0	0	2	4	8	7	5	4	2	1	5	4	5	13	2	1	5	5	5	2	17	1	14	1	7	1	4	1		1	3	17	
113	1	16	13	30	臺北市	中正區	中正區汀州路3段與羅斯福路3段210巷口	25.0178775	121.5282911	0	0	2	2	8	6	5	3	1	1	5	4	5	12	4	4	5	4	5	2	16	1	9	1	5	1	10	1		1	2	11	
113	1	16	13	45	臺北市	南港區	南港區市民大道7段與忠孝東路6段269巷口	25.0506165	121.5895961	0	0	2	3	8	6	5	3	2	1	5	4	5	13	1	1	1	4	5	2	13	1	9	1	6	1	10	1		1	2	11	
113	1	16	14	2	臺北市	中山區	中山區建國北路1段與長安東路2段口	25.0483889	121.5369679	0	0	3	3	8	6	5	4	1	1	5	4	5	13	1	1	1	4	4	2	16	1	6	1	5	2	10	1		1	2	12	
113	1	16	14	7	臺北市	大安區	大安區新生南路1段與新生南路1段103巷口口	25.0406102	121.5333806	0	0	1	2	8	7	5	3	1	1	5	4	5	13	4	4	1	1	5	2	16	4	6	1	3	1	8	1		1	3	2	
113	1	16	14	15	臺北市	信義區	信義區松智路與松智路15巷口	25.0370156	121.5655721	0	0	1	2	8	7	5	3	1	1	5	4	5	13	4	4	10	5	5	2	17	1	5	1	7	1	8	1		1	3	2	
113	1	16	14	16	臺北市	士林區	士林區中正路118號對面	25.09583111	121.5284802	0	0	1	2	8	6	5	14	9	1	5	4	5	13	4	4	9	4	5	2	17	1	1	1	5	2	10	1		1	2	14	
113	1	16	14	36	臺北市	士林區	士林區承德路4段與大南路口	25.08869972	121.5215851	0	0	1	2	8	6	5	5	2	1	5	4	5	13	1	1	1	4	5	2	17	1	8	1	6	1	10	1		1	3	17	
113	1	16	14	40	臺北市	內湖區	內湖區堤頂大道1段2031722燈桿	25.0560363	121.57357	0	0	1	2	7	6	5	14	9	1	5	4	5	13	4	4	9	5	5	2	12	4	9	1	3	1	8	1		1	2	1	
113	1	16	15	13	臺北市	內湖區	內湖區內湖路1段579號	25.08221398	121.5683904	0	0	1	2	8	6	5	14	7	1	5	4	5	13	4	4	1	4	4	2	17	1	13	5	7	1	8	1		1	3	4	
113	1	16	15	45	臺北市	中山區	中山區民生東路2段101號	25.05800323	121.5313526	0	0	1	2	8	7	5	14	9	1	5	4	5	13	4	4	5	4	5	2	12	1	9	1	7	1	8	1		1	3	6	
113	1	16	15	49	臺北市	文山區	文山區木柵路1段135號	24.9884683	121.5562256	0	0	3	3	7	6	8	22	22	1	5	4	5	13	1	1	5	4	5	2	17	4	11	1	3	2	10	1		2	2	13	
113	1	16	16	0	臺北市	內湖區	內湖區行善路181巷與新豐街口附近	25.05929666	121.5818234	0	0	1	2	8	6	5	3	2	1	5	4	5	13	4	4	10	4	5	2	3	5	20	8	4	10	20	1		1	2	16	
113	1	16	16	4	臺北市	松山區	松山區塔悠路97號後方堤外便道	25.05271839	121.5705856	0	0	1	2	8	6	5	3	1	1	5	4	5	13	4	4	10	5	5	2	16	1	6	1	6	1	9	1		1	3	14	
113	1	16	16	9	臺北市	大同區	大同區承德路3段與民權西路口	25.06293168	121.5182016	0	0	2	3	7	6	5	4	1	1	5	4	5	13	2	1	1	4	5	2	16	4	8	1	3	1	10	1		1	2	12	
113	1	16	16	12	臺北市	萬華區	萬華區艋舺大道與和平西路3段52巷口	25.03367785	121.5033389	0	0	1	2	8	5	8	22	22	1	5	4	3	10	4	4	10	5	5	2	17	4	5	1	3	1	10	1		2	2	14	
113	1	16	16	40	臺北市	南港區	南港區中南街154號	25.0515113	121.6154806	0	0	1	2	7	6	5	14	9	1	5	4	5	13	4	4	10	5	5	2	17	1	9	1	6	9	10	1		2	2	12	
113	1	16	16	42	臺北市	中山區	中山區長安東路2段與建國北路1段口	25.0482656	121.5365429	0	0	1	2	7	6	5	4	2	1	5	4	5	13	2	1	5	4	5	2	16	1	6	1	7	1	4	1		1	3	6	
113	1	16	17	10	臺北市	中正區	中正區中山南路與仁愛路1段口往北  台大醫院車道口	25.03986934	121.5180432	0	0	1	2	7	6	5	3	1	1	5	4	5	13	4	4	5	4	5	2	16	4	6	1	7	2	2	1		1	3	5	
113	1	16	17	15	臺北市	南港區	南港區市民大道8段與向陽路口	25.0516156	121.5960198	0	0	1	3	8	6	5	14	9	1	5	4	5	13	1	1	1	3	5	2	12	4	9	1	3	9	8	2		1	3	2	
113	1	16	17	18	臺北市	中山區	中山區大直街5號	25.0805444	121.5466148	0	0	1	2	8	6	5	14	9	1	5	4	5	13	4	4	9	5	5	2	12	1	9	1	5	11	10	2		1	3	14	
113	1	16	17	40	臺北市	中山區	中山區基湖路與基湖路166巷口	25.07739586	121.5631924	0	0	3	3	7	6	5	3	1	1	5	4	5	13	4	4	3	4	5	2	15	1	9	1	6	1	10	1		1	2	14	12
113	1	16	17	48	臺北市	大安區	大安區羅斯福路3段283巷與溫州街52巷口	25.0210466	121.5319305	0	0	1	2	8	5	5	3	1	2	5	4	5	13	4	4	10	5	5	1	16	4	9	8	4	1	20	1		2	2	14	
113	1	16	18	13	臺北市	大安區	大安區和平東路2段與和平東路2段311巷口	25.0249349	121.5451003	0	0	1	2	8	6	5	3	2	1	5	4	5	13	2	1	5	5	5	2	17	1	1	1	5	1	10	1		2	2	11	
113	1	16	18	19	臺北市	中山區	中山區新生北路3段與農安街口	25.0645799	121.5279708	0	0	1	2	8	5	5	14	9	1	5	4	5	13	1	1	1	4	5	2	16	4	7	1	3	1	10	1		2	2	14	
113	1	16	18	19	臺北市	中正區	市民大道停車場(公園-中山)段入口	25.04819125	121.5193522	0	0	2	3	8	6	5	14	9	1	5	4	5	13	4	4	1	4	5	2	12	1	9	1	6	2	10	1		1	3	14	
113	1	16	18	20	臺北市	文山區	文山區興隆路2段244巷與興隆路2段244巷口口	25.0000806	121.5535092	0	0	2	3	8	5	5	3	1	1	5	4	5	13	4	4	5	5	5	2	16	1	11	1	6	1	10	1		1	3	13	
113	1	16	18	30	臺北市	文山區	文山區木新路3段45巷與木新路3段45巷7弄口	24.9817819	121.5644314	0	0	2	2	8	5	5	4	1	1	5	4	5	13	4	4	10	5	5	1	15	1	9	1	5	1	10	1		2	2	11	
113	1	16	18	40	臺北市	信義區	信義區基隆路2段96號	25.0298348	121.5575251	0	0	2	4	8	5	5	14	9	1	5	4	5	13	2	1	1	4	5	2	17	1	9	1	6	1	10	1		1	2	12	
113	1	16	18	54	臺北市	文山區	文山區羅斯福路4段與基隆路4段口口	25.011004	121.5369125	0	0	2	3	8	5	5	5	1	1	5	4	5	13	2	1	1	4	5	1	12	1	8	1	6	2	10	1		2	3	11	
113	1	16	18	55	臺北市	萬華區	萬華區和平西路3段146號	25.0352054	121.4987249	0	0	1	2	8	5	5	14	9	1	5	4	5	13	4	4	1	4	5	2	9	1	2	1	7	1	8	1		1	3	3	
113	1	16	19	10	臺北市	文山區	文山區興隆路3段145號	24.99823059	121.5587789	0	0	1	2	8	5	5	14	9	1	5	4	5	13	4	4	1	4	5	2	12	1	9	1	6	2	10	1		1	3	14	
113	1	16	19	41	臺北市	南港區	南港區向陽路與市民大道7段口	25.0514893	121.5953911	0	0	1	2	8	5	5	4	1	1	5	4	5	13	2	1	1	4	5	2	16	1	8	1	5	2	10	1		1	3	12	
113	1	16	19	42	臺北市	萬華區	萬華區光復橋往新北市	25.02438342	121.4906459	0	0	2	3	8	5	5	8	9	1	5	4	5	13	4	4	3	4	5	2	17	4	9	1	6	1	10	1		1	2	15	
113	1	16	19	45	臺北市	信義區	信義區忠孝東路4段553巷與忠孝東路4段553巷2弄口	25.0418406	121.5627324	0	0	1	2	8	5	5	3	1	1	5	4	5	13	4	4	9	3	5	2	17	4	15	1	3	1	10	1		1	2	12	
113	1	16	20	19	臺北市	萬華區	萬華區環河南路2段與環河南路2段149巷口	25.0337265	121.4928125	0	0	1	2	7	5	5	3	2	1	5	4	5	13	1	1	3	4	5	2	17	1	7	1	5	11	10	2		1	3	17	
113	1	16	21	0	臺北市	大安區	大安區忠孝東路4段221號	25.0415194	121.5527127	0	0	1	3	8	5	5	14	9	1	5	4	5	13	4	4	1	4	5	2	17	4	7	1	3	4	8	1		1	3	5	
113	1	16	21	14	臺北市	大同區	大同區大稻埕堤外便道	25.05442502	121.5073858	0	0	1	2	8	5	5	14	9	1	5	4	5	13	4	4	10	5	5	2	17	1	9	1	6	2	10	1		1	2	11	
113	1	16	21	48	臺北市	信義區	信義區林口街與松山路515巷口口	25.0386912	121.579255	0	0	1	3	8	5	5	4	1	1	5	4	5	13	4	4	5	5	4	2	17	1	9	1	6	1	10	1		2	3	17	
113	1	16	21	50	臺北市	中山區	中山區中山北路3段花博公園圓山4號出入口	25.0709545	121.5233992	0	0	2	2	8	5	5	14	11	1	5	4	5	13	1	1	1	2	4	2	13	4	9	1	3	1	10	1		2	2	11	
113	1	16	22	3	臺北市	南港區	南港區南港路1段與南港路1段277巷口	25.054676	121.6086338	0	0	1	2	8	5	5	3	1	1	5	4	5	13	2	1	5	4	5	2	16	1	5	1	7	1	8	1		2	3	2	
113	1	16	22	35	臺北市	信義區	信義區永吉路30巷與忠孝東路5段71巷11弄口	25.0419917	121.5687416	0	0	1	2	8	5	5	4	1	1	5	4	5	13	4	4	9	4	5	2	17	1	5	1	5	1	10	1		2	2	11	
113	1	16	22	50	臺北市	萬華區	萬華區青年路與青年路68巷口	25.0235219	121.5027044	0	0	2	2	8	5	5	3	2	1	5	4	5	13	1	1	9	5	5	2	17	1	8	1	5	1	9	1		1	2	12	
113	1	17	0	7	臺北市	信義區	信義區松智路與松廉路口	25.033767	121.5653727	0	0	1	2	8	5	5	3	1	1	5	4	5	13	3	1	9	4	5	2	17	1	5	1	5	1	10	1		2	2	13	
113	1	17	0	20	臺北市	大安區	大安區忠孝東路4段與仁愛路4段151巷口	25.0413422	121.5517848	0	0	1	2	8	5	5	3	2	1	5	4	5	13	4	4	1	4	5	1	16	4	6	1	3	1	8	1		1	3	2	
113	1	17	1	13	臺北市	萬華區	萬華區忠孝西路2段與昆明街口	25.0486921	121.5064587	0	0	1	3	8	5	8	4	1	1	5	4	5	13	3	1	9	5	5	2	13	1	12	1	7	1	8	1		1	3	8	
113	1	17	6	31	臺北市	中山區	中山區民權東路1段69號	25.06277504	121.5261636	0	0	1	2	8	5	5	14	9	1	5	4	5	13	4	4	1	3	5	1	12	4	8	1	6	1	10	1		1	3	13	
113	1	17	6	55	臺北市	士林區	士林區建業路與建業路11巷口	25.1353464	121.5477886	0	0	3	3	8	5	8	4	1	1	5	4	5	13	4	4	10	5	5	2	15	4	9	1	3	1	9	1		1	2	12	