年	月	日	時	分	縣市	行政區	allLocation	GoogleLat	GoogleLng	死	2-30	受傷	當事人數	天候	道路照明設備	道路類別	道路型態	事故位置	路面狀況1	路面狀況2	路面狀況3	道路障礙1	道路障礙2	號誌1	號誌2	車道劃分-分向	車道劃分-分道1	車道劃分-分道2	車道劃分-分道3	事故類型及型態	行動電話	當事者行動狀態	駕駛資格情形	保護裝置	飲酒情形	駕駛執照種類	個人肇逃否	肇因碼-主要	性別	受傷程度	車輛撞擊部位1	車輛撞擊部位2
113	1	17	6	59	臺北市	中正區	中正區寧波東街與羅斯福路1段口	25.0319623	121.5190623	0	0	1	2	8	7	5	4	2	1	5	4	5	13	1	1	1	4	4	2	17	1	9	1	7	2	2	1		1	3	2	
113	1	17	7	53	臺北市	中正區	中正區市民大道3段與新生北路1段口	25.0453389	121.5326808	0	0	1	2	8	5	5	4	1	1	5	4	5	13	1	1	9	4	5	2	17	1	6	1	7	2	8	1		1	3	5	
113	1	17	8	3	臺北市	士林區	士林區士東路200巷49弄與芝玉路2段口	25.11103183	121.5346274	0	0	1	2	8	6	5	4	1	1	5	4	5	13	4	4	10	5	5	2	17	1	9	1	5	1	10	1		1	2	11	
113	1	17	8	8	臺北市	文山區	文山區萬隆街64號前	25.0007817	121.5370376	0	0	1	2	8	6	5	14	9	1	5	4	5	13	4	4	9	5	5	2	17	1	5	1	5	2	10	1		1	3	17	
113	1	17	8	9	臺北市	文山區	文山區木柵路4段33巷與木柵路4段口	24.9940796	121.5715365	0	0	2	2	8	7	5	3	1	1	5	4	5	13	2	1	5	5	5	2	15	1	15	1	5	1	10	1		2	2	12	
113	1	17	8	10	臺北市	信義區	信義區吳興街156巷65弄與信安街15巷口	25.027835	121.5591183	0	0	3	3	8	7	5	4	1	1	5	4	5	13	4	4	9	5	5	2	15	1	9	1	5	2	10	1		1	2	11	
113	1	17	8	15	臺北市	松山區	松山區濱江街15號停車格	25.070462	121.5638823	0	0	1	2	7	6	5	14	9	1	5	4	5	13	4	4	1	4	4	1	12	1	1	1	7	2	4	1		1	3	1	
113	1	17	8	19	臺北市	內湖區	內湖區舊宗路1段18號	25.05857834	121.5804017	0	0	2	2	8	6	5	14	9	1	5	4	5	13	4	4	1	4	5	2	17	1	8	1	6	1	10	1		1	2	12	
113	1	17	8	26	臺北市	大同區	大同區貴德街與貴德街36巷口	25.0544686	121.5082767	0	0	2	2	8	5	5	4	2	1	5	4	5	13	4	4	9	5	5	2	17	4	5	1	6	1	10	1		1	2	11	
113	1	17	8	30	臺北市	大同區	大同區承德路3段與酒泉街口	25.07057055	121.5185519	0	0	1	2	8	6	5	4	1	1	5	4	5	13	2	1	8	3	5	2	16	1	5	1	7	1	8	1		1	3	2	
113	1	17	8	31	臺北市	中山區	中山區中山北路2段128巷與中山北路2段口	25.06174691	121.5227577	0	0	1	2	8	5	5	14	9	1	5	4	5	13	4	4	1	3	5	1	12	4	9	1	6	1	10	1		1	3	12	
113	1	17	8	51	臺北市	文山區	文山區和平東路4段與和平東路4段295巷口口	25.0005336	121.5732075	0	0	1	2	8	7	5	3	1	1	5	4	5	13	1	1	10	5	5	2	16	1	5	1	7	2	8	1		1	3	6	
113	1	17	8	52	臺北市	南港區	南港區合順街8巷5弄與大坑街口	25.0424342	121.6199314	0	0	2	2	8	5	5	4	1	1	5	4	5	13	4	4	9	5	5	2	16	1	5	1	6	2	10	1		1	2	14	
113	1	17	9	0	臺北市	信義區	信義區中坡南路與中坡南路168巷口	25.0391605	121.5841722	0	0	1	2	8	5	5	5	1	1	5	4	5	13	2	1	5	2	5	1	15	1	9	1	7	1	8	1		1	3	8	
113	1	17	9	0	臺北市	士林區	士林區福林路與福林路100巷口	25.09525681	121.5319763	0	0	1	2	8	6	5	3	1	1	5	4	5	13	3	1	7	2	5	1	12	1	15	1	7	1	4	1		1	3	6	
113	1	17	9	10	臺北市	信義區	信義區忠孝東路5段與忠孝東路5段423巷口	25.0408146	121.5751548	0	0	1	2	7	5	5	4	2	1	4	4	5	13	1	1	1	4	5	1	13	1	9	1	6	1	10	1		1	2	11	
113	1	17	9	25	臺北市	大同區	大同區大龍街與大龍街187巷口	25.0691809	121.5159999	0	0	1	2	8	6	5	3	1	1	5	4	5	13	4	4	9	5	5	2	1	1	5	1	7	2	8	1		1	3	1	
113	1	17	9	30	臺北市	文山區	文山區羅斯福路6段285號	24.9946369	121.5412757	0	0	2	2	8	6	5	14	9	1	5	4	5	13	4	4	1	4	5	2	12	1	9	1	6	1	10	1		1	2	14	
113	1	17	9	38	臺北市	內湖區	內湖區成功路2段與成功路2段426巷口	25.07157776	121.589746	0	0	1	2	8	7	5	4	1	1	5	4	5	13	2	1	5	4	5	2	16	1	6	1	5	1	10	1		2	2	12	
113	1	17	10	0	臺北市	內湖區	內湖區舊宗路2段169號	25.07083944	121.5748245	0	0	1	2	8	6	5	3	1	1	5	4	5	13	2	1	1	4	5	2	17	1	6	1	7	1	8	1		1	3	8	
113	1	17	10	0	臺北市	南港區	南港區市民大道7段與向陽路口	25.0514515	121.5955197	0	0	2	2	8	5	5	4	1	1	5	4	5	13	1	1	5	5	5	1	16	1	5	1	5	1	10	1		2	2	14	
113	1	17	10	3	臺北市	中山區	中山區堤頂大道2段與基湖路口	25.07868634	121.5643122	0	0	1	2	8	6	5	4	1	1	5	4	5	13	2	1	9	4	5	2	17	1	5	1	7	1	8	1		2	3	17	
113	1	17	10	10	臺北市	士林區	士林區中山北路5段與中山北路5段470巷口	25.09222795	121.5279099	0	0	1	2	8	6	5	3	2	1	5	4	5	13	4	4	1	3	1	1	11	1	15	1	7	1	8	1		2	3	2	
113	1	17	10	29	臺北市	北投區	北投區承德路7段與承德路7段344巷口	25.1172825	121.5040584	0	0	1	2	8	6	5	14	9	1	5	4	5	13	4	4	9	4	4	2	12	4	7	1	3	11	8	2		2	3	17	
113	1	17	10	50	臺北市	內湖區	內湖區康寧路3段165巷與康寧路3段口	25.0706196	121.6106431	0	0	1	2	8	6	5	4	1	1	5	4	5	13	1	1	1	5	5	2	16	1	11	1	7	2	2	1		1	3	2	
113	1	17	11	11	臺北市	大安區	大安區信義路4段往東(公車專用道)	25.03322017	121.54809	0	0	1	2	8	7	5	14	10	1	5	4	5	13	4	4	4	1	2	1	9	1	15	1	7	1	2	1		1	3	17	
113	1	17	11	24	臺北市	大同區	大同區重慶北路2段與保安街口	25.0592711	121.5137208	0	0	1	2	8	6	5	4	1	1	5	4	5	13	2	1	1	4	5	2	17	4	8	1	3	1	4	1		1	3	6	
113	1	17	11	25	臺北市	大安區	大安區建國南路1段與忠孝東路3段口	25.0424664	121.5371751	0	0	1	2	7	6	5	14	9	1	5	4	5	13	4	4	1	5	5	1	13	1	8	1	6	1	10	1		1	2	11	
113	1	17	11	35	臺北市	大安區	大安區信義路3段109號	25.0335623	121.5393564	0	0	1	2	7	6	5	14	9	1	5	4	5	13	2	1	9	4	5	1	12	4	9	1	3	11	8	1		2	4	4	
113	1	17	11	45	臺北市	中正區	中正區重慶南路3段與和平西路1段口	25.027233	121.5158765	0	0	1	2	8	7	5	5	1	1	5	4	5	13	1	1	1	4	5	2	16	4	6	1	5	1	10	1		1	3	13	
113	1	17	11	50	臺北市	內湖區	內湖區潭美街與潭美街口動物之家公車站	25.0634717	121.6098543	0	0	1	3	8	6	5	3	1	1	5	4	5	13	4	4	9	5	5	2	17	1	6	1	7	1	4	1		1	3	5	
113	1	17	12	15	臺北市	中山區	中山區八德路2段199巷與八德路2段口	25.0465391	121.5393531	0	0	1	2	8	7	5	4	1	1	5	4	5	13	2	1	5	2	5	2	17	1	9	1	5	1	10	1		1	3	14	
113	1	17	12	50	臺北市	士林區	士林區中山北路5段與劍潭路口	25.0844568	121.5253639	0	0	1	3	8	6	5	3	2	1	5	4	5	13	1	1	1	4	5	2	17	1	15	1	5	2	10	1		2	2	17	
113	1	17	13	20	臺北市	內湖區	內湖區內湖路1段91巷15號	25.08490512	121.5615037	0	0	2	2	8	6	5	14	9	1	5	4	5	13	4	4	10	5	5	2	3	5	18	8	4	10	20	1		2	2	16	
113	1	17	13	44	臺北市	士林區	士林區美崙街39號	25.0971484	121.5229059	0	0	1	2	8	6	5	14	9	1	5	4	5	13	4	4	10	5	5	1	2	4	9	3	6	9	18	1		1	4	15	
113	1	17	13	51	臺北市	內湖區	內湖區民權東路6段與成功路2段口	25.06887746	121.5909565	0	0	1	2	8	5	5	4	1	1	5	4	5	13	1	1	1	4	5	2	13	1	9	1	7	2	8	1		1	3	1	
113	1	17	14	0	臺北市	內湖區	內湖區民權東路6段191巷與民權東路6段口	25.06760006	121.5975789	0	0	1	2	8	6	5	4	1	1	5	4	5	13	2	1	1	4	4	2	17	1	6	1	7	1	8	1		1	3	8	
113	1	17	14	56	臺北市	中山區	中山區長安東路1段與林森北路口	25.0490716	121.5244695	0	0	1	2	8	6	5	4	1	1	5	4	5	13	2	1	1	4	5	2	16	4	8	1	3	1	8	1		1	3	5	
113	1	17	14	57	臺北市	中正區	中正區開封街1段97號旁	25.0460193	121.510616	0	0	2	3	7	6	6	14	9	1	5	4	5	13	2	1	10	4	5	2	17	1	14	1	7	2	2	1		1	3	17	
113	1	17	15	9	臺北市	大安區	大安區安和路2段與樂利路口口	25.028975	121.551187	0	0	2	2	8	6	5	4	1	1	5	4	5	13	1	1	1	4	5	2	16	1	5	1	5	2	10	1		1	2	12	
113	1	17	15	9	臺北市	文山區	文山區木柵路5段43巷燈桿編號南23前	25.00685569	121.5862061	0	0	1	3	8	6	5	11	9	1	5	4	5	13	4	4	5	4	5	2	11	1	9	1	5	1	10	1		1	2	14	
113	1	17	15	21	臺北市	文山區	文山區景文街與景文街142巷口	24.9884388	121.5408063	0	0	2	2	8	6	5	4	1	1	5	4	5	13	2	1	5	5	4	2	16	1	5	1	6	1	10	1		1	2	12	
113	1	17	15	33	臺北市	內湖區	內湖區內湖路2段179巷與內湖路2段179巷224弄口	25.0845127	121.5837986	0	0	1	2	8	6	5	3	1	1	5	4	5	13	4	4	5	4	5	2	16	1	6	1	7	1	8	1		2	3	2	
113	1	17	15	41	臺北市	北投區	北投區大同街114巷與大同街口口	25.13460661	121.4984826	0	0	1	2	8	5	5	3	1	1	5	4	5	13	4	4	10	5	5	2	16	1	5	1	5	1	10	1		2	3	11	
113	1	17	15	50	臺北市	士林區	士林區中正路602號	25.08701205	121.5097549	0	0	1	2	8	6	5	14	9	1	5	4	5	13	4	4	10	4	5	1	17	1	1	1	6	2	10	1		2	2	14	
113	1	17	16	14	臺北市	文山區	文山區忠順街1段26巷與忠順街1段26巷12弄口	24.9834987	121.5593752	0	0	1	2	8	7	5	4	1	1	5	4	5	13	4	4	10	5	5	2	15	1	9	1	5	1	10	1		2	2	11	
113	1	17	16	35	臺北市	中正區	中正區重慶南路1段與貴陽街1段口	25.03874304	121.5130995	0	0	1	2	7	6	5	4	1	1	5	4	5	13	1	3	5	4	5	2	12	4	15	1	7	2	4	1		1	3	8	
113	1	17	16	50	臺北市	士林區	士林區士商路與基河路240巷口口	25.09058064	121.520233	0	0	3	3	7	7	5	3	1	1	5	4	5	13	2	1	9	4	5	1	17	1	5	1	5	2	10	1		1	2	14	
113	1	17	17	14	臺北市	大同區	大同區長安西路與長安西路172巷口	25.0509407	121.5164196	0	0	2	2	8	5	5	5	2	1	5	4	5	13	4	4	5	4	5	2	17	4	5	1	3	1	10	1		1	2	12	
113	1	17	17	18	臺北市	中山區	中山區錦州街與民權東路2段152巷口	25.0604053	121.534886	0	0	1	2	8	5	5	4	18	1	5	4	5	13	1	1	4	5	5	1	3	4	6	1	3	2	4	1		1	3	5	
113	1	17	17	43	臺北市	內湖區	內湖區瑞光路358巷30弄與瑞光路358巷38弄口	25.0760973	121.5729956	0	0	1	2	8	5	5	3	1	1	5	4	5	13	4	4	5	5	5	2	16	1	1	1	6	2	10	1		1	2	12	
113	1	17	17	50	臺北市	內湖區	內湖區成美橋往南港	25.05381895	121.5827122	0	0	1	3	8	5	5	8	9	1	5	4	5	13	4	4	4	5	5	2	13	1	9	1	6	1	10	1		2	2	11	
113	1	17	18	2	臺北市	大同區	大同區錦西街與興城街口	25.0601497	121.5173285	0	0	1	2	8	5	5	3	1	1	5	4	5	13	4	4	9	5	5	2	17	1	6	1	6	1	10	1		1	2	12	
113	1	17	18	4	臺北市	北投區	北投區新民路與新民路62巷口	25.1401099	121.5107372	0	0	1	2	8	5	5	3	1	1	5	4	5	13	4	4	4	5	5	1	16	1	5	1	7	1	8	1		2	3	5	
113	1	17	18	11	臺北市	士林區	士林區劍潭路與基河路口	25.0842567	121.5247442	0	0	1	2	8	5	5	4	1	1	5	4	5	13	1	1	1	5	5	2	3	1	6	1	7	2	4	1		1	3	1	
113	1	17	18	19	臺北市	中正區	中正區信義路2段與臨沂街口	25.0341039	121.5277541	0	0	1	2	8	6	5	3	1	1	5	4	5	13	4	4	1	4	1	2	16	1	5	1	2	1	4	1		2	3	2	
113	1	17	18	27	臺北市	松山區	松山區民生東路4段69號	25.05796875	121.5511254	0	0	2	2	7	5	5	14	9	1	5	4	5	13	4	4	1	4	5	2	12	1	8	1	6	1	10	1		2	2	12	
113	1	17	18	30	臺北市	士林區	士林區文昌路44號	25.095823	121.5213143	0	0	1	2	8	5	5	14	9	1	5	4	5	13	4	4	5	4	5	2	17	1	9	1	5	1	10	1		1	2	11	
113	1	17	18	48	臺北市	中正區	中正區金山北路與市民大道2段口	25.04603722	121.5306008	0	0	1	2	8	5	5	4	1	1	5	4	5	13	1	1	1	4	1	2	17	1	15	1	6	2	10	1		1	3	12	
113	1	17	18	51	臺北市	大同區	大同區昌吉街100號	25.06595253	121.5150518	0	0	1	2	7	6	5	14	9	1	5	4	5	13	4	4	5	2	4	2	17	4	11	1	5	1	10	1		1	3	12	
113	1	17	19	19	臺北市	南港區	南港區中坡南路與中坡南路31巷口	25.0430961	121.5832501	0	0	1	2	8	5	5	4	1	1	5	4	5	13	4	4	4	3	4	2	11	4	7	1	3	1	8	1		1	3	4	
113	1	17	19	46	臺北市	內湖區	內湖區陽光街與文德路22巷口	25.07455512	121.5810626	0	0	1	3	8	5	5	4	2	1	5	4	5	13	1	1	5	5	5	2	13	1	15	6	7	1	8	1		1	3	5	
113	1	17	20	13	臺北市	大安區	大安區忠孝東路3段與新生南路1段口	25.0423526	121.5329173	0	0	1	3	7	5	5	4	1	1	5	4	5	13	1	1	1	5	5	1	12	1	7	1	5	1	10	1		2	2	14	
113	1	17	20	30	臺北市	大安區	大安區市民大道4段與延吉街口西側迴轉道前	25.0443026	121.5531146	0	0	2	3	8	5	5	5	1	1	5	4	5	13	1	1	1	4	5	2	17	1	5	1	5	1	10	1		2	2	11	
113	1	17	20	35	臺北市	北投區	北投區育仁路與大業路452巷口	25.1332378	121.498097	0	0	1	2	7	5	5	3	1	1	5	4	5	13	3	1	10	5	5	1	16	1	5	1	7	1	8	1		1	3	8	
113	1	17	20	52	臺北市	士林區	士林區中山北路5段與福國路口	25.10255706	121.525565	0	0	2	2	7	5	5	3	1	1	5	4	5	13	2	1	2	4	5	1	17	1	5	1	5	1	10	1		1	2	14	
113	1	17	20	53	臺北市	士林區	士林區中山北路4段與無名巷口劍潭活動中心前	25.079549	121.5243666	0	0	1	2	7	5	5	3	2	1	5	4	5	13	4	4	3	3	5	1	17	1	15	1	7	2	8	1		1	3	8	
113	1	17	21	0	臺北市	中正區	中正區羅斯福路1段與南海路口	25.03283622	121.5182928	0	0	1	2	7	5	5	5	18	1	5	4	5	13	2	1	1	4	4	1	3	1	5	1	7	9	8	1		1	3	1	
113	1	17	21	0	臺北市	內湖區	內湖區堤頂大道2段293號前	25.07853944	121.5651749	0	0	1	2	8	5	5	14	9	1	5	4	5	13	4	4	1	5	5	2	18	1	9	1	5	1	10	1		2	2	12	
113	1	17	22	17	臺北市	中山區	中山區農安街26-3號	25.06490135	121.5262244	0	0	1	2	8	5	5	14	7	1	5	4	5	13	4	4	9	4	4	2	17	1	9	1	5	1	10	1		1	2	12	11
113	1	17	22	23	臺北市	萬華區	萬華區成都路67號	25.0429015	121.5057835	0	0	2	3	8	5	5	14	25	4	5	4	5	13	4	4	10	5	5	2	7	1	15	6	5	1	18	1		1	3	11	
113	1	18	5	2	臺北市	大同區	大同區承德路2段與民權西路口	25.06282782	121.5183505	0	0	1	2	7	5	5	4	2	1	5	4	5	13	2	1	1	4	5	2	17	4	9	1	7	1	4	1		1	3	1	
113	1	18	6	14	臺北市	內湖區	內湖區東湖路113巷與東湖路113巷3弄口口	25.06902236	121.6152815	0	0	1	2	8	5	5	3	1	1	5	4	5	13	4	4	9	5	5	2	16	1	6	1	7	1	8	1		1	3	2	
113	1	18	6	48	臺北市	內湖區	內湖區康寧路3段與康寧路3段222巷口	25.06573505	121.6108223	0	0	1	2	8	5	5	5	1	1	5	4	5	13	2	1	9	5	5	2	13	1	9	1	6	2	10	1		1	2	11	
113	1	18	7	11	臺北市	士林區	士林區文林路與德行西路口	25.103315	121.5196871	0	0	1	2	8	5	5	4	1	1	5	4	5	13	2	1	1	4	4	2	17	4	5	6	3	1	18	1		1	3	2	
113	1	18	7	54	臺北市	中山區	中山區吉林路與民族東路口	25.0682177	121.5302718	0	0	1	2	7	5	5	3	1	1	5	4	5	13	1	1	1	3	4	1	13	4	9	8	4	1	20	1		1	2	11	
113	1	18	8	10	臺北市	士林區	士林區福林路100巷與福林路口	25.0958989	121.5312437	0	0	1	2	7	6	5	3	1	1	5	4	5	13	1	1	5	5	5	1	17	1	6	1	7	1	8	1		2	3	2	
113	1	18	8	37	臺北市	內湖區	內湖區瑞光路407號	25.07804529	121.571348	0	0	2	2	8	6	5	14	9	1	5	4	5	13	4	4	9	4	5	2	16	1	15	1	6	1	10	1		2	2	12	
113	1	18	8	52	臺北市	內湖區	內湖區行善路與行善路25巷口	25.05718	121.5768169	0	0	1	3	8	6	5	3	1	1	5	4	5	13	4	4	9	5	5	2	16	1	5	1	7	1	8	1		2	3	4	
113	1	18	8	58	臺北市	松山區	松山區富錦街359巷3弄9號	25.06105623	121.557413	0	0	1	3	8	6	5	14	9	1	5	4	5	13	4	4	10	5	5	2	17	4	14	1	7	2	8	1		1	3	4	
113	1	18	9	2	臺北市	中山區	中山區建國北路3段24號	25.0638302	121.5367555	0	0	1	2	8	5	5	14	9	1	5	4	5	13	1	1	1	4	5	2	16	4	6	1	3	1	8	1		1	3	2	
113	1	18	9	20	臺北市	北投區	北投區承德路7段與大度路1段口	25.1207744	121.5000266	0	0	1	2	7	6	5	5	2	1	5	4	5	13	2	1	1	4	4	2	17	1	8	1	7	1	8	1		1	3	2	
113	1	18	9	27	臺北市	中山區	中山區民生東路3段82號	25.05770516	121.5417653	0	0	2	4	8	7	5	14	9	1	5	4	5	13	4	4	1	4	5	2	12	1	7	6	6	1	10	1		1	2	14	
113	1	18	9	31	臺北市	北投區	北投區關渡路與知行路316巷口	25.12254122	121.4695604	0	0	2	3	8	5	5	3	2	1	5	4	5	13	3	1	5	4	5	1	16	1	6	1	5	1	10	1		2	2	12	
113	1	18	9	33	臺北市	中山區	中山區樂群一路與基湖路口	25.07611747	121.5631747	0	0	1	2	8	5	5	3	1	1	5	4	5	13	1	1	1	3	5	1	16	4	9	1	6	2	10	1		1	3	12	
113	1	18	9	47	臺北市	大安區	大安區辛亥路3段與建國南路2段口	25.0227172	121.5379146	0	0	1	2	8	6	5	3	1	1	5	4	5	13	1	1	3	3	5	1	16	1	9	1	7	1	8	1		1	3	2	
113	1	18	9	55	臺北市	中正區	中正區中山南路與愛國西路口往南未過路口	25.03580948	121.5166194	0	0	2	3	8	6	5	4	2	1	5	4	5	13	4	4	5	4	5	2	17	4	7	7	3	11	19	1		1	4	17	
113	1	18	9	55	臺北市	文山區	文山區萬芳路50-12號	24.99743721	121.5710621	0	0	1	3	8	7	5	11	9	1	5	4	5	13	4	4	5	4	5	2	13	1	5	1	5	1	10	1		1	2	11	
113	1	18	10	0	臺北市	大安區	大安區仁愛路3段143巷與仁愛路3段123巷13弄口	25.03983	121.5430277	0	0	1	2	8	6	5	4	1	1	5	4	5	13	4	4	10	5	5	1	15	4	9	1	3	1	8	1		2	3	1	
113	1	18	10	6	臺北市	中正區	中正區羅斯福路4段與基隆路4段口	25.0112585	121.5368959	0	0	1	3	8	7	5	4	1	1	5	4	5	13	1	1	1	4	5	2	15	1	9	1	6	2	10	1		2	2	12	
113	1	18	10	57	臺北市	信義區	信義區信義路5段與松智路口口	25.0328351	121.5653393	0	0	1	2	8	7	5	4	2	1	5	4	5	13	2	1	9	5	5	2	12	1	9	1	5	1	10	1		1	2	14	
113	1	18	11	0	臺北市	北投區	北投區石牌路1段與石牌路1段166巷口	25.1144499	121.5134953	0	0	1	2	7	6	5	3	1	1	5	4	5	13	2	1	5	4	5	2	17	1	5	1	7	1	8	1		2	3	2	
113	1	18	11	5	臺北市	內湖區	內湖區康寧路3段與民權東路6段口	25.07329996	121.6058593	0	0	1	2	8	6	5	5	1	1	5	4	5	13	1	1	1	3	5	1	12	1	15	1	6	1	10	1		1	2	12	
113	1	18	11	6	臺北市	文山區	文山區興隆路2段與興隆路1段271巷4弄口	24.9988109	121.5453944	0	0	1	2	8	6	5	3	1	1	5	4	5	13	4	4	1	4	5	2	12	1	9	1	6	2	10	1		1	3	12	
113	1	18	11	10	臺北市	中正區	中正區汀州路2段與廈門街口	25.0256027	121.5174156	0	0	1	2	8	7	5	4	1	1	5	4	5	13	1	1	5	4	5	2	17	1	5	1	7	1	8	1		1	3	5	
113	1	18	11	34	臺北市	中山區	中山區中山北路2段與中山北路2段44巷口	25.0549725	121.5227438	0	0	1	2	8	5	5	4	1	1	5	4	5	13	1	1	1	3	5	1	13	4	5	1	6	1	10	1		1	2	13	
113	1	18	12	15	臺北市	南港區	南港區南港路3段1號與南港路3段16巷口	25.0543275	121.5926994	0	0	1	2	8	7	5	3	2	1	5	4	5	13	4	4	5	5	5	2	12	1	14	1	7	1	8	1		1	3	5	
113	1	18	12	19	臺北市	中正區	中正區中山南路與凱達格蘭大道口口	25.039293	121.5173076	0	0	1	2	8	5	5	4	1	1	5	4	5	13	2	1	5	4	4	1	15	1	6	1	7	2	8	1		1	3	2	
113	1	18	12	40	臺北市	松山區	松山區民權東路4段121號	25.0623978	121.5591497	0	0	1	2	8	5	5	14	9	1	5	4	5	13	2	1	3	4	4	2	13	4	9	1	6	1	10	1		1	2	11	
113	1	18	13	16	臺北市	士林區	士林區延平北路7段106巷與延平北路7段106巷94弄口	25.09914627	121.4962531	0	0	1	2	8	7	5	3	1	1	5	4	5	13	4	4	10	5	5	1	17	1	6	1	7	2	14	1		1	3	8	
113	1	18	13	21	臺北市	內湖區	內湖區康樂街162巷與康樂街136巷3弄口	25.07294616	121.6189789	0	0	2	2	8	6	5	3	2	1	5	4	5	13	4	4	5	5	5	2	17	1	6	1	6	1	10	1		2	2	14	
113	1	18	13	25	臺北市	文山區	文山區木柵路1段與木柵路1段191巷口口	24.9876378	121.5513941	0	0	2	2	8	5	5	3	1	1	5	4	5	13	2	1	5	4	5	2	16	1	11	1	5	2	10	1		1	2	12	
113	1	18	13	45	臺北市	士林區	士林區文林路與德行西路口	25.1031568	121.5196049	0	0	1	2	8	5	5	4	2	1	5	4	5	13	1	1	1	4	5	1	17	1	5	6	7	1	18	1		1	3	2	
113	1	18	14	6	臺北市	萬華區	萬華區環河南路1段與貴陽街2段口	25.04030106	121.4980654	0	0	1	2	8	7	5	5	2	1	5	4	5	13	2	1	1	4	5	2	17	1	8	1	7	1	8	1		1	3	5	
113	1	18	14	13	臺北市	信義區	信義區吳興街220巷與吳興街口北醫西側門	25.0270231	121.5623295	0	0	1	2	8	5	5	4	1	1	5	4	5	13	1	1	5	5	5	2	17	1	5	1	7	1	4	1		1	3	17	
113	1	18	14	13	臺北市	大安區	大安區辛亥路2段與建國南路2段口	25.02278131	121.5378531	0	0	1	2	8	7	5	11	9	1	5	4	5	13	2	1	2	3	2	1	17	1	9	1	7	1	8	1		1	3	2	
113	1	18	14	13	臺北市	松山區	松山區饒河街219號附近側附近	25.05078015	121.5767358	0	0	1	2	8	5	5	4	2	1	5	4	5	13	4	4	4	3	5	1	16	1	9	1	7	1	8	1		1	3	1	
113	1	18	14	14	臺北市	北投區	北投區吉利街與吉利街213巷口	25.11884999	121.5094618	0	0	1	2	8	7	5	4	1	1	5	4	5	13	4	4	5	5	5	1	16	1	5	1	7	1	4	1		1	3	5	
113	1	18	14	21	臺北市	中山區	中山區民權東路2段135巷與民權東路2段135巷29弄口	25.0642629	121.5349359	0	0	3	4	8	6	5	4	1	5	5	4	5	13	4	4	10	5	5	2	12	5	20	8	5	10	20	1		2	2	16	
113	1	18	14	29	臺北市	中山區	中山區南京東路3段89巷15-1號與南京東路3段89巷15弄口	25.0530358	121.5383168	0	0	2	2	8	5	5	4	2	1	5	4	5	8	4	4	10	5	5	2	15	4	9	1	3	1	10	1		1	2	14	
113	1	18	14	40	臺北市	信義區	信義區忠孝東路5段372巷28弄與忠孝東路5段236巷口	25.0389848	121.5719587	0	0	1	2	8	6	5	4	2	1	5	4	5	13	1	1	9	5	5	2	18	1	9	1	6	1	10	1		1	2	14	
113	1	18	14	53	臺北市	北投區	北投區承德路7段153號	25.11369805	121.5077185	0	0	1	2	8	7	5	14	7	1	5	4	5	13	4	4	1	4	4	2	16	1	7	1	5	1	10	1		2	2	11	
113	1	18	14	53	臺北市	士林區	士林區承德路5段80號	25.09458055	121.5143862	0	0	1	2	8	6	5	14	12	1	5	4	5	13	4	4	1	1	4	1	17	1	1	1	6	1	10	1		1	3	13	
113	1	18	15	28	臺北市	北投區	北投區磺港路與清江路177巷口	25.12818676	121.503075	0	0	2	2	8	7	5	3	2	1	5	4	5	13	4	4	5	5	5	1	16	1	6	1	6	1	10	1		1	2	12	
113	1	18	15	31	臺北市	大安區	大安區敦化南路1段370號	25.03373586	121.5485501	0	0	2	2	8	7	5	14	8	1	5	4	5	13	4	4	1	4	5	2	12	4	8	1	3	1	9	1		1	2	12	
113	1	18	15	52	臺北市	北投區	北投區大業路與豐年路2段口	25.1347258	121.4963822	0	0	1	2	8	7	6	5	1	1	5	4	5	13	2	1	1	4	5	2	15	4	9	1	3	2	8	1		1	3	1	
113	1	18	15	54	臺北市	中正區	中正區市民大道1段168號前迴轉道	25.0483413	121.5186478	0	0	2	2	8	6	5	14	9	1	5	4	5	13	4	4	1	4	5	2	16	1	9	1	6	2	10	1		1	2	11	
113	1	18	17	5	臺北市	內湖區	內湖區瑞湖街與舊宗路2段121巷口	25.0689879	121.5764451	0	0	1	2	8	5	8	4	1	1	5	4	5	13	1	1	4	1	5	1	17	4	5	1	3	1	8	1		1	3	4	
113	1	18	17	57	臺北市	士林區	士林區華齡街88號	25.0849631	121.5193515	0	0	1	2	8	6	5	14	9	1	5	4	5	13	4	4	4	5	5	1	13	1	9	1	5	2	10	1		1	3	11	
113	1	18	17	58	臺北市	萬華區	萬華區西藏路與雙園街口	25.0288723	121.495225	0	0	1	2	7	5	5	3	1	1	5	4	5	13	3	1	1	4	5	2	9	1	9	1	7	1	8	1		2	3	5	
113	1	18	18	4	臺北市	中正區	中正區中山南路立法院出入口	25.0443007	121.5193205	0	0	1	2	8	6	5	14	9	1	5	4	5	13	4	4	5	4	5	2	16	1	1	1	7	2	8	1		1	3	8	
113	1	18	18	32	臺北市	南港區	南港區成福路與成福路171巷口口	25.0410452	121.5882767	0	0	2	2	7	5	5	4	1	1	5	4	5	13	4	4	5	5	5	2	3	1	9	1	5	2	10	1		1	2	11	
113	1	18	18	36	臺北市	士林區	士林區社正路59號	25.0889465	121.5103294	0	0	2	2	8	5	5	14	9	1	5	4	5	13	4	4	5	5	5	2	17	1	1	8	4	2	20	1		2	2	12	