年	月	日	時	分	縣市	行政區	allLocation	GoogleLat	GoogleLng	死	2-30	受傷	當事人數	天候	道路照明設備	道路類別	道路型態	事故位置	路面狀況1	路面狀況2	路面狀況3	道路障礙1	道路障礙2	號誌1	號誌2	車道劃分-分向	車道劃分-分道1	車道劃分-分道2	車道劃分-分道3	事故類型及型態	行動電話	當事者行動狀態	駕駛資格情形	保護裝置	飲酒情形	駕駛執照種類	個人肇逃否	肇因碼-主要	性別	受傷程度	車輛撞擊部位1	車輛撞擊部位2
113	1	18	20	36	臺北市	士林區	士林區大南路與承德路4段口	25.0885207	121.522237	0	0	1	2	8	5	5	5	1	1	5	4	5	13	2	1	1	5	5	1	17	1	9	1	7	1	8	1		1	3	1	
113	1	18	21	7	臺北市	萬華區	萬華區和平西路3段與康定路口	25.0354434	121.5012838	0	0	1	2	7	5	5	4	2	1	5	4	5	13	2	1	5	4	5	2	17	1	7	1	6	11	10	2		1	3	17	
113	1	18	21	18	臺北市	士林區	士林區文林路117號	25.0884385	121.5263627	0	0	1	2	7	5	5	14	9	1	5	4	5	13	4	4	9	5	5	1	17	1	9	1	7	2	1	1		1	3	5	
113	1	18	21	32	臺北市	中山區	中山區長安東路2段11號	25.0485236	121.530401	0	0	1	4	8	5	6	14	9	1	5	4	5	13	4	4	5	4	5	2	13	4	9	1	3	2	4	1		1	3	1	
113	1	18	21	40	臺北市	大安區	大安區辛亥路1段與羅斯福路3段口	25.01958782	121.5294731	0	0	2	3	8	5	5	4	1	1	5	4	5	13	1	1	3	4	5	2	17	1	5	1	6	1	10	1		1	2	15	
113	1	18	22	6	臺北市	中山區	中山區美堤河濱公園自行車道	25.07686443	121.5692482	0	0	1	2	8	5	7	22	23	1	5	4	5	13	4	4	9	5	5	2	16	1	15	1	7	2	8	1		2	3	4	
113	1	18	22	11	臺北市	士林區	士林區延平北路6段與通河西街2段口	25.094065	121.4978843	0	0	2	3	8	5	5	5	1	1	5	4	5	13	2	1	3	5	4	1	17	1	5	1	7	2	4	1		1	2	2	
113	1	18	22	13	臺北市	中山區	中山區民權東路1段與雙城街口	25.0628521	121.524376	0	0	2	2	7	5	5	4	1	1	5	4	5	13	2	1	1	5	5	1	16	4	9	1	3	1	10	1		1	2	14	
113	1	18	22	52	臺北市	大同區	大同區民權西路與大龍街口	25.0630423	121.5159879	0	0	1	2	8	5	5	14	9	1	5	4	5	13	2	1	4	3	5	1	12	1	1	1	7	1	8	1		1	3	4	
113	1	18	23	30	臺北市	文山區	文山區木柵路2段與興隆路4段口	24.9887654	121.5600453	0	0	2	3	8	5	5	4	1	1	5	4	5	13	1	1	10	5	5	2	16	1	5	1	5	1	10	1		1	2	11	
113	1	18	23	43	臺北市	中正區	中正區新生南路1段與仁愛路2段口	25.03827849	121.5325719	0	0	2	2	7	5	5	4	1	1	5	4	5	13	1	1	1	4	1	2	15	1	9	1	5	2	11	1		2	2	14	
113	1	19	0	3	臺北市	大安區	大安區忠孝東路4段77巷與敦化南路1段190巷口	25.0426322	121.5472255	0	0	1	2	8	5	5	4	1	1	5	4	5	13	4	4	5	5	5	2	15	1	9	1	5	1	10	1		1	2	11	
113	1	19	2	27	臺北市	中正區	中正區博愛路與愛國西路口	25.0353894	121.5107148	0	0	1	2	8	5	5	4	1	1	5	4	5	13	1	1	1	4	5	2	17	1	6	1	7	2	8	1		1	3	1	
113	1	19	2	30	臺北市	文山區	文山區和平東路4段359號	25.00019745	121.5734768	0	0	1	2	7	5	5	14	9	1	5	4	5	13	4	4	5	5	5	2	27	1	9	1	5	1	10	1		1	2	11	
113	1	19	6	3	臺北市	士林區	士林區文林路與福國路口	25.10159666	121.5215889	0	0	1	2	7	5	6	5	1	1	2	4	5	13	2	1	2	4	5	1	17	1	5	7	5	11	10	2		4	2	14	
113	1	19	6	20	臺北市	北投區	北投區三合街2段與清江路口	25.1263958	121.5017197	0	0	2	2	8	6	5	4	1	1	5	4	5	13	4	4	10	5	5	2	16	1	5	1	5	2	10	1		1	2	11	
113	1	19	7	10	臺北市	中正區	中正區中華路2段33號	25.0352351	121.5063334	0	0	1	2	8	7	5	14	9	1	5	4	5	13	4	4	1	4	5	2	12	1	7	1	5	1	10	1		2	2	14	
113	1	19	7	32	臺北市	北投區	北投區三合街2段424巷422號門牌前	25.1274088	121.5025306	0	0	1	3	8	5	5	14	9	1	5	4	5	13	4	4	10	5	5	2	17	1	15	1	7	1	8	1		1	2	2	
113	1	19	7	32	臺北市	大安區	大安區新生南路1段161-1號	25.0346533	121.5328613	0	0	1	2	8	7	5	14	9	1	5	4	5	13	4	4	3	2	5	2	12	1	15	1	6	1	10	1		2	2	14	
113	1	19	7	40	臺北市	文山區	文山區福和橋機車道(近接水快匝道)	25.00863809	121.5321475	0	0	1	2	8	6	5	14	8	1	5	4	5	13	4	4	10	4	1	2	13	1	9	1	6	2	10	1		1	2	11	
113	1	19	7	43	臺北市	內湖區	內湖區內湖路1段318號	25.0820115	121.5692138	0	0	1	2	8	6	5	14	20	1	5	4	5	13	4	4	10	5	5	2	17	1	1	1	7	2	8	1		2	3	8	
113	1	19	7	45	臺北市	大安區	大安區金山南路2段與金華街口	25.030263	121.5266511	0	0	1	2	8	6	5	4	1	1	5	4	5	13	1	1	3	3	5	2	13	1	9	1	5	1	10	1		1	2	11	14
113	1	19	8	20	臺北市	中正區	中正區和平西路2段30號	25.0283153	121.5132552	0	0	1	2	8	7	5	14	9	1	5	4	5	13	4	4	1	4	5	2	17	1	6	1	7	2	4	1		1	3	2	
113	1	19	8	20	臺北市	中正區	中正區羅斯福路1段7號	25.0336951	121.5177015	0	0	2	3	8	7	5	14	7	1	5	4	5	13	4	4	1	4	4	2	17	4	21	7	3	11	19	2		1	4	15	
113	1	19	8	27	臺北市	文山區	文山區光輝路與光輝路21巷口口	24.9858301	121.5549196	0	0	2	2	8	6	5	4	1	1	5	4	5	13	4	4	10	5	5	1	15	1	9	1	6	1	10	1		1	2	14	
113	1	19	8	30	臺北市	中山區	中山區復興北路與復興北路402巷口	25.0617836	121.5441256	0	0	1	3	8	6	5	3	1	1	5	4	5	13	1	1	3	4	5	2	17	1	6	1	6	1	10	1		1	3	17	
113	1	19	8	40	臺北市	信義區	信義區松山路與松山路615巷口	25.0367923	121.5784386	0	0	2	2	8	7	5	14	18	1	5	4	5	13	4	4	5	5	5	2	3	4	9	1	6	2	10	1		1	2	11	
113	1	19	8	41	臺北市	北投區	北投區大度路3段往淡水方向靠近立德路口	25.122878	121.4736389	0	0	1	2	8	6	5	14	9	1	5	4	5	13	4	4	1	4	5	1	13	1	9	1	5	2	10	1		1	2	11	
113	1	19	8	48	臺北市	士林區	士林區仰德大道3段61號	25.1193249	121.552932	0	0	2	3	8	6	5	14	9	1	5	4	5	13	1	1	5	5	5	1	12	1	9	1	6	2	10	1		2	2	11	
113	1	19	8	56	臺北市	中山區	中山區樂群二路與敬業四路口	25.0799079	121.5584782	0	0	1	2	8	5	5	3	1	1	5	4	5	13	1	1	1	3	5	1	16	4	5	1	6	1	10	1		1	2	14	
113	1	19	9	14	臺北市	中山區	中山區八德路2段與龍江路口	25.0466532	121.5401623	1	0	0	2	8	7	5	4	2	1	5	4	5	13	4	4	9	4	5	2	13	1	7	1	6	9	10	1		1	1	14	
113	1	19	9	14	臺北市	信義區	信義區福德街241號	25.0387348	121.585673	0	0	2	2	8	6	5	14	9	1	5	4	5	13	4	4	4	5	5	2	16	1	5	1	5	1	10	1		1	2	14	
113	1	19	9	17	臺北市	信義區	信義區忠孝東路5段6號	25.0404304	121.5642415	0	0	1	2	7	5	6	14	9	1	5	4	5	13	4	4	10	4	5	2	13	1	9	1	7	1	4	1		1	3	5	
113	1	19	9	19	臺北市	中山區	中山區農安街227巷與農安街口	25.0647734	121.5338752	0	0	1	2	8	6	5	4	2	1	5	4	5	13	4	4	5	5	5	2	15	4	9	1	3	2	4	1		2	3	1	
113	1	19	9	20	臺北市	中山區	中山區北安路305號對面	25.0777594	121.5373656	0	0	1	3	8	6	5	14	9	1	5	4	5	13	1	1	1	4	5	2	13	4	9	1	3	1	10	1		1	2	11	
113	1	19	9	22	臺北市	南港區	南港區南港路1段263號對面	25.054947	121.6100341	0	0	2	2	8	6	5	14	7	1	5	4	5	13	4	4	8	3	5	2	13	1	9	1	5	1	10	1		2	2	14	
113	1	19	9	40	臺北市	文山區	文山區羅斯福路5段127號	25.0047127	121.5389336	0	0	1	2	8	6	5	14	9	1	5	4	5	13	4	4	1	4	5	2	12	1	9	1	6	2	10	1		1	2	14	
113	1	19	9	42	臺北市	內湖區	內湖區民權東路6段36號	25.06747237	121.5807395	0	0	1	2	8	6	5	14	9	1	5	4	5	13	4	4	9	4	5	2	16	1	7	1	6	1	10	1		2	3	14	
113	1	19	9	58	臺北市	大同區	大同區延平北路2段239號	25.0614473	121.5113459	0	0	1	2	8	6	5	14	9	1	5	4	5	13	4	4	9	4	5	2	12	4	14	1	7	1	4	1		1	3	4	
113	1	19	10	0	臺北市	大安區	大安區信義路3段157巷與信義路3段口	25.0335179	121.5429172	0	0	1	2	8	6	5	14	9	1	5	4	5	13	4	4	10	5	5	1	12	1	5	1	7	1	4	1		2	3	8	
113	1	19	10	13	臺北市	士林區	士林區建業路7號	25.13530542	121.5476157	0	0	1	2	8	6	5	11	9	1	5	4	5	13	4	4	9	5	5	1	17	1	9	1	7	2	8	1		1	3	8	
113	1	19	10	25	臺北市	中山區	中山區中山北路3段往南、水晶橋下	25.0709582	121.5234139	0	0	2	2	7	5	5	14	9	1	5	4	5	13	1	1	1	3	5	1	12	4	8	1	6	1	10	1		2	2	14	
113	1	19	10	30	臺北市	萬華區	萬華區西園路1段與桂林路口	25.0384854	121.4998813	0	0	1	2	8	5	5	4	1	1	5	4	5	13	1	1	8	3	4	1	17	1	1	1	7	1	4	1		1	3	3	
113	1	19	10	50	臺北市	信義區	信義區大道路與林口街38巷口	25.0393674	121.5831299	0	0	2	2	8	5	5	3	2	1	5	4	5	13	4	4	5	2	5	2	17	1	11	1	5	1	10	1		1	2	14	
113	1	19	11	0	臺北市	中正區	中正區和平西路2段與寧波西街口	25.0292052	121.5120462	0	0	1	2	8	7	5	4	1	1	5	4	5	13	1	1	1	4	5	2	16	4	5	1	7	1	8	1		1	3	5	
113	1	19	11	0	臺北市	士林區	士林區後港街與前港街口	25.0847257	121.5213792	0	0	1	2	8	6	5	4	1	1	5	4	5	13	4	4	5	5	5	2	15	4	9	1	3	1	10	1		1	2	14	
113	1	19	11	5	臺北市	萬華區	萬華區萬大路242號	25.0264516	121.5003491	0	0	2	2	8	7	5	14	9	1	5	4	5	13	1	1	10	4	5	1	11	1	8	1	6	1	10	1		1	2	12	
113	1	19	11	21	臺北市	北投區	北投區尊賢街與尊賢街230巷口	25.1161918	121.507625	0	0	1	2	8	6	5	4	1	1	5	4	5	13	4	4	10	5	5	2	15	1	1	1	7	1	8	1		1	3	8	
113	1	19	11	38	臺北市	萬華區	萬華區西園路2段與艋舺大道口	25.033076	121.4977558	0	0	1	2	8	6	5	5	1	1	5	4	5	13	1	1	8	3	5	1	17	1	6	1	7	1	8	1		1	3	5	
113	1	19	11	45	臺北市	大同區	大同區承德路3段與昌吉街口	25.0659245	121.5184706	0	0	2	3	8	5	5	3	1	1	5	4	5	13	2	1	1	4	5	2	17	4	8	1	3	1	10	1		1	3	13	
113	1	19	11	48	臺北市	中正區	中正區寧波西街與羅斯福路1段口	25.0316207	121.5189984	0	0	2	3	8	7	5	4	1	1	5	4	5	13	1	1	10	4	5	2	17	1	5	1	5	1	10	1		1	2	14	
113	1	19	11	54	臺北市	中山區	中山區長安東路1段52巷與長安東路1段口	25.0483283	121.5281869	0	0	2	2	8	6	5	4	1	1	5	4	5	13	2	1	4	4	5	2	12	4	5	1	3	2	10	1		1	2	14	
113	1	19	12	6	臺北市	內湖區	內湖區成功路4段與金龍路口	25.08407127	121.5952695	0	0	2	2	8	5	5	4	1	1	5	4	5	13	1	1	1	4	5	2	16	1	5	1	6	1	10	1		2	2	11	
113	1	19	12	10	臺北市	大安區	大安區市民大道4段與忠孝東路4段205巷口	25.0443836	121.5519282	0	0	2	2	7	6	5	3	2	1	5	4	1	13	4	4	1	5	5	2	16	1	4	1	5	1	10	1		1	2	14	
113	1	19	12	11	臺北市	松山區	松山區復興北路33號	25.04958584	121.5441316	0	0	1	2	8	5	5	14	9	1	5	4	5	13	4	4	1	3	5	2	16	1	1	1	6	1	10	1		2	3	14	
113	1	19	12	15	臺北市	大安區	大安區忠孝東路4段與忠孝東路4段49巷口	25.0417507	121.54527	0	0	1	2	8	6	5	3	1	1	5	4	5	13	4	4	1	4	5	2	3	1	6	1	7	1	4	1		1	3	6	
113	1	19	12	17	臺北市	大安區	大安區和平東路1段104巷附近	25.0267641	121.5250586	0	0	2	2	8	6	5	14	9	1	5	4	5	13	4	4	1	4	5	2	12	4	10	1	6	1	10	1		2	2	12	
113	1	19	12	25	臺北市	中山區	中山區南京東路1段13巷與中山北路2段11巷口	25.0527614	121.5236389	0	0	2	3	8	5	5	4	1	1	5	4	5	13	4	4	10	5	5	1	15	4	9	1	3	1	8	1		1	2	5	
113	1	19	12	51	臺北市	中正區	中正區中山南路與凱達格蘭大道口	25.0387642	121.5173497	0	0	2	2	8	6	5	5	1	1	5	4	5	13	1	1	10	4	5	2	13	4	9	1	6	2	10	1		1	2	11	
113	1	19	13	32	臺北市	內湖區	內湖區瑞光路53號旁	25.07000796	121.5831478	0	0	1	2	8	7	5	14	9	1	5	4	5	13	4	4	9	4	5	2	12	1	8	1	5	2	10	1		1	2	12	
113	1	19	13	33	臺北市	中正區	中正區重慶南路3段與寧波西街口	25.0298268	121.515345	0	0	1	2	8	7	5	4	2	1	5	4	5	13	1	1	1	4	5	2	13	1	9	1	5	2	10	1		2	2	11	
113	1	19	13	48	臺北市	萬華區	萬華區長沙街2段與雅江街口	25.0407294	121.5013051	0	0	1	2	8	6	5	3	1	1	5	4	5	13	4	4	8	5	5	1	17	1	5	1	7	1	5	1		1	3	8	
113	1	19	13	50	臺北市	中正區	中正區襄陽路2號	25.0433514	121.5148339	0	0	1	3	8	6	5	14	9	1	5	4	5	13	4	4	5	4	5	2	13	4	12	7	3	11	19	2		4	4	15	
113	1	19	13	52	臺北市	北投區	北投區泉源路硫磺谷停車場	25.1436379	121.5210622	0	0	2	2	8	6	8	22	22	1	5	4	5	13	4	4	7	2	5	2	8	5	17	8	4	10	20	1		1	2	16	
113	1	19	14	43	臺北市	信義區	信義區信義路5段與松勇路口口	25.0329344	121.5696717	0	0	2	3	8	6	5	3	1	1	5	4	5	13	4	4	1	4	5	1	16	4	6	1	3	1	8	1		1	3	2	
113	1	19	14	45	臺北市	中山區	中山區大直街96號對面停車場出口	25.08403903	121.5462774	0	0	2	2	8	6	5	14	9	1	5	4	5	13	4	4	9	4	5	2	11	1	1	1	5	2	10	1		1	2	14	
113	1	19	14	45	臺北市	信義區	信義區基隆路1段37巷與基隆路1段45巷口	25.0475136	121.5688822	0	0	1	2	8	6	5	3	2	1	5	4	3	10	4	4	5	5	5	2	16	4	1	1	3	1	10	1		2	2	12	
113	1	19	15	10	臺北市	北投區	北投區承德路7段與承德路7段393巷口	25.1194385	121.5014006	0	0	1	2	8	5	5	4	1	1	5	4	5	13	2	1	3	3	4	2	16	1	5	1	7	2	8	1		1	3	5	
113	1	19	15	20	臺北市	內湖區	內湖區康寧路3段與康寧路3段165巷口	25.07048949	121.6113307	0	0	1	2	8	6	5	4	1	1	5	4	5	13	1	1	1	4	5	2	11	1	11	1	7	1	8	1		2	3	5	
113	1	19	15	22	臺北市	萬華區	萬華區中華路2段418號	25.0278507	121.5060208	0	0	1	2	8	5	5	14	9	1	5	4	5	13	4	4	9	4	4	2	13	1	9	6	5	1	10	1		2	2	11	
113	1	19	15	30	臺北市	大安區	大安區市民大道4段102號	25.0446213	121.5502044	0	0	1	2	8	6	5	14	9	1	5	4	5	13	4	4	1	4	5	2	12	1	4	1	7	1	8	1		1	3	2	
113	1	19	15	47	臺北市	大同區	大同區延平北路4段與酒泉街口	25.0720792	121.5109671	0	0	2	2	8	6	5	4	1	1	5	4	5	13	2	1	5	4	5	2	15	1	9	1	5	1	10	1		1	2	11	
113	1	19	16	5	臺北市	大安區	大安區仁愛路3段123巷與仁愛路3段123巷26弄口	25.0390695	121.5419925	0	0	2	3	8	6	5	4	1	1	5	4	5	13	4	4	10	5	5	2	15	1	9	1	6	1	10	1		1	2	11	
113	1	19	16	5	臺北市	松山區	松山區民生東路5段與新東街口	25.0590463	121.5659869	0	0	2	2	8	7	5	4	1	1	5	4	5	13	1	1	1	4	5	2	15	1	11	1	7	1	8	1		2	2	5	
113	1	19	16	10	臺北市	中正區	中正區永福橋與思源街口	25.0130308	121.5296021	0	0	2	2	8	6	5	14	9	1	5	4	5	13	4	4	5	5	5	1	12	1	7	1	6	2	10	1		2	2	14	
113	1	19	16	13	臺北市	中山區	中山區北安路與大直街口	25.0798577	121.5472813	0	0	1	2	8	6	5	4	1	1	5	4	5	13	1	1	1	4	5	2	16	1	5	1	7	1	8	1		1	3	5	
113	1	19	16	28	臺北市	大安區	大安區忠孝東路4段216巷與安和路1段49巷口	25.0384972	121.5529572	0	0	2	2	8	7	8	4	1	1	5	4	5	13	4	4	8	3	5	2	15	4	9	1	3	1	10	1		1	2	12	
113	1	19	16	48	臺北市	士林區	士林區磺溪街與磺溪街55巷口	25.10747141	121.5231287	0	0	1	2	8	6	5	4	1	1	5	4	5	13	4	4	5	5	5	1	13	1	9	1	5	1	10	1		1	2	11	
113	1	19	16	55	臺北市	信義區	信義區吳興街284巷與吳興街260巷21弄口	25.02526428	121.5637806	0	0	1	2	8	6	5	3	1	1	5	4	5	13	4	4	10	5	5	1	16	4	6	1	3	1	4	1		1	3	8	
113	1	19	17	7	臺北市	文山區	文山區木新路3段河堤便道第91號汽車停車格	24.98048837	121.562248	0	0	1	3	8	6	5	14	9	1	5	4	5	13	4	4	10	5	5	2	17	4	9	1	3	2	10	1		2	2	12	
113	1	19	17	20	臺北市	北投區	北投區承德路7段與承德路7段1巷口	25.1109434	121.5107094	0	0	1	2	8	5	5	3	1	1	5	4	5	13	2	1	1	3	4	2	12	1	7	2	5	2	18	1		1	2	14	
113	1	19	17	36	臺北市	文山區	文山區木新路3段與興隆路4段口	24.9820616	121.5623534	0	0	2	2	7	5	5	14	9	1	5	4	5	13	2	1	5	4	5	2	13	1	9	1	5	1	10	1		1	2	11	
113	1	19	17	46	臺北市	文山區	文山區木柵路3段與木柵路3段48巷口	24.988314	121.5652587	0	0	1	2	8	5	5	4	18	1	5	4	5	13	1	1	10	5	5	2	1	1	5	1	7	2	7	1		1	3	8	
113	1	19	18	6	臺北市	中正區	中正區中華路1段59號	25.0408785	121.5081966	0	0	1	2	7	5	5	14	25	4	5	4	5	13	4	4	10	5	5	2	18	1	15	8	4	7	20	1		1	2	11	
113	1	19	18	12	臺北市	大安區	大安區辛亥路3段157巷14號	25.0176207	121.5494835	0	0	1	2	8	5	5	3	1	1	5	4	5	13	4	4	5	5	5	2	15	1	1	1	7	1	8	1		1	3	1	
113	1	19	18	14	臺北市	南港區	南港區南港路2段與成功路口側附近1段口	25.0544601	121.5933094	0	0	1	2	8	5	5	3	1	1	5	4	5	13	1	1	9	4	5	2	12	1	11	1	3	2	8	1		1	3	4	
113	1	19	18	28	臺北市	中正區	中正區中華路1段29號1段	25.04528869	121.5093574	0	0	1	2	8	5	5	14	9	1	5	4	5	13	4	4	1	4	1	2	9	1	1	1	7	2	2	1		1	3	2	
113	1	19	18	40	臺北市	中山區	中山區中山北路1段與中山北路1段126巷口	25.0791157	121.5427481	0	0	1	2	8	5	5	14	9	1	5	4	5	13	4	4	1	4	5	2	13	1	14	1	2	1	8	1		1	3	6	
113	1	19	18	41	臺北市	北投區	北投區大度路3段#1205122燈桿	25.12299349	121.4719851	0	0	2	2	7	5	5	14	9	1	5	4	5	13	1	1	1	4	1	1	17	1	9	1	5	9	10	1		2	2	14	
113	1	19	19	8	臺北市	中山區	中山區中原街10號	25.05627389	121.5288618	0	0	2	2	8	5	5	14	9	1	5	4	5	13	4	4	5	5	4	2	16	1	11	1	6	1	10	1		1	2	14	
113	1	19	19	16	臺北市	文山區	文山區辛亥路7段與木柵路1段口	24.9878256	121.5523016	0	0	2	2	8	5	5	4	1	1	5	4	5	13	2	1	10	5	5	2	16	4	5	1	5	2	10	1		1	2	12	
113	1	19	19	28	臺北市	松山區	松山區敦化北路與民權東路4段口	25.0614021	121.5511908	0	0	2	3	8	5	5	4	2	1	5	4	5	13	1	1	8	3	4	1	16	1	6	1	3	1	8	1		1	3	1	
113	1	19	19	42	臺北市	信義區	信義區基隆路2段與嘉興街口	25.0306509	121.5580772	0	0	2	3	8	5	5	3	2	1	5	4	5	13	4	4	3	4	5	2	12	1	8	1	7	2	4	1		1	3	4	
113	1	19	19	42	臺北市	萬華區	萬華區西藏路201號對面	25.02937886	121.4986775	0	0	5	5	8	5	5	14	9	1	5	4	5	13	4	4	1	4	5	2	17	1	9	1	5	1	10	1		1	2	14	
113	1	19	19	58	臺北市	萬華區	萬華區長順街與環河南路2段口	25.0313718	121.4907031	0	0	2	3	7	5	5	4	1	1	5	4	5	13	2	1	1	4	5	2	16	1	5	1	7	1	8	1		1	3	5	
113	1	19	20	41	臺北市	士林區	士林區承德路4段與承德路4段9巷口口	25.0794115	121.5218414	0	0	2	2	7	5	5	4	1	1	5	4	5	13	2	1	9	5	5	2	16	1	5	1	6	1	10	1		1	2	12	
113	1	19	21	37	臺北市	大同區	大同區承德路3段與敦煌路口口	25.0749466	121.5192907	0	0	1	2	7	6	5	4	1	1	5	4	5	13	2	1	1	4	5	2	16	4	5	1	5	2	10	1		1	2	12	
113	1	19	21	40	臺北市	信義區	信義區市民大道5段與東興路口	25.048269	121.5658573	0	0	1	2	8	5	5	4	1	1	5	4	5	13	2	1	1	4	5	1	16	4	5	1	3	2	8	1		1	3	2	
113	1	19	22	5	臺北市	中正區	中正區和平西路1段與南昌路2段口	25.0266747	121.5212722	0	0	1	2	8	5	5	5	1	1	5	4	5	13	2	1	5	5	5	2	9	1	15	1	7	9	8	1		1	3	1	
113	1	19	22	5	臺北市	士林區	士林區重慶北路4段143巷與重慶北路4段口	25.0831981	121.5119815	0	0	1	2	8	5	5	3	2	1	5	4	5	13	4	4	1	4	4	1	16	4	8	1	3	1	8	1		1	3	5	
113	1	19	22	30	臺北市	中山區	中山區建國北路3段與建國北路3段151巷口	25.0673109	121.5345517	0	0	1	2	8	5	5	4	1	1	5	4	5	13	2	1	1	4	5	2	16	4	5	1	6	2	10	1		2	2	13	
113	1	20	0	3	臺北市	南港區	南港區忠孝東路7段與興中路口	25.0521825	121.6080723	0	0	1	2	8	5	5	3	2	1	5	4	5	13	2	1	1	4	5	1	16	4	7	1	3	1	8	1		2	3	8	
113	1	20	0	29	臺北市	中正區	中正區市民大道1段168號前	25.04829006	121.5186458	0	0	2	2	8	5	5	22	6	1	5	4	5	13	4	4	1	4	5	2	16	1	11	1	5	2	10	1		1	2	13	
113	1	20	4	37	臺北市	士林區	士林區百齡橋與承德路5段口第001號燈桿	25.0903054	121.5149775	0	0	2	2	8	5	5	3	1	1	5	4	5	13	4	4	1	5	5	1	17	1	15	1	5	1	10	1		1	2	11	
113	1	20	5	35	臺北市	中正區	中正區中華路2段與廣州街口	25.0360612	121.5066256	0	0	1	2	7	5	5	4	18	1	5	4	5	13	2	1	1	3	5	1	3	1	5	1	7	2	4	1		1	3	8	
113	1	20	5	35	臺北市	信義區	信義區虎林街120巷270號	25.0422828	121.5706786	0	0	2	3	8	5	5	14	9	1	5	4	5	13	4	4	10	5	5	1	17	4	11	1	3	1	8	1		1	3	17	
113	1	20	6	22	臺北市	萬華區	萬華區富民路20號	25.0190432	121.4979615	0	0	1	2	8	5	5	14	9	1	5	4	5	13	4	4	10	4	5	2	17	4	13	1	7	1	4	1		1	3	4	
113	1	20	6	50	臺北市	信義區	信義區基隆路1段與一之六號道路口	25.0343495	121.5605201	0	0	3	3	8	6	5	3	2	1	5	4	5	13	4	4	3	3	5	2	13	4	9	1	6	1	10	1		1	2	11	
113	1	20	7	15	臺北市	北投區	北投區西安街2段與公館路口	25.1214268	121.5026812	0	0	1	2	7	6	5	14	9	1	5	4	5	13	1	1	9	4	5	2	16	1	5	1	7	1	4	1		1	3	8	
113	1	20	8	0	臺北市	信義區	信義區信安街與信安街67巷口	25.0260105	121.5575103	0	0	1	2	8	7	5	14	9	1	5	4	5	13	1	1	9	5	5	2	16	4	6	1	6	1	10	1		2	2	11	
113	1	20	8	18	臺北市	萬華區	萬華區忠孝橋下橋處	25.04813478	121.5094233	0	0	1	2	8	5	8	22	22	1	5	4	5	13	1	1	10	5	5	2	17	4	9	1	3	2	8	1		1	3	5	
113	1	20	8	40	臺北市	中山區	中山區新生北路2段與民生東路1段口	25.05805841	121.5274817	0	0	1	2	8	6	5	4	1	1	5	4	5	13	1	1	5	4	5	2	12	1	8	1	5	1	10	1		1	3	12	
113	1	20	9	15	臺北市	內湖區	內湖區行善路與行愛路口	25.0606723	121.5826093	0	0	1	2	8	6	5	4	1	1	5	4	5	13	2	1	1	4	5	2	16	1	5	1	7	1	8	1		1	3	2	
113	1	20	9	25	臺北市	信義區	信義區松仁路281巷與信義路5段150巷401弄口	25.0240802	121.5703066	0	0	1	2	8	6	5	4	2	1	5	4	5	13	4	4	8	5	5	2	16	4	5	1	3	2	8	1		1	3	8	
113	1	20	9	43	臺北市	信義區	信義區基隆路2段79巷與基隆路2段79巷30弄口	25.0294189	121.559764	0	0	2	2	8	7	5	4	1	1	5	4	5	13	4	4	10	5	5	1	15	4	9	1	5	2	10	1		1	2	11	
113	1	20	9	51	臺北市	內湖區	內湖區康樂街136巷與康樂街136巷15弄口	25.0729986	121.6185501	0	0	3	3	8	5	5	4	1	1	5	4	5	13	4	4	10	5	5	2	15	1	9	1	5	2	10	1		2	2	15	
113	1	20	10	0	臺北市	萬華區	萬華區中華路2段2號	25.03407048	121.5056241	0	0	1	2	8	5	5	14	9	1	5	4	5	13	1	1	5	4	5	2	17	4	5	1	7	1	8	1		1	3	5	
113	1	20	10	14	臺北市	北投區	北投區大興街24巷與大興街24巷6弄口	25.1291166	121.4988034	0	0	1	2	8	6	5	4	1	1	5	4	5	13	4	4	10	5	5	2	15	1	9	1	7	1	4	1		1	3	7	
113	1	20	10	20	臺北市	文山區	文山區羅斯福路6段159巷與景興路42巷8弄口	24.9969732	121.5427732	0	0	1	2	8	6	5	4	1	1	5	4	5	13	4	4	10	5	5	2	15	1	9	1	6	1	10	1		1	2	12	
113	1	20	10	25	臺北市	松山區	松山區延壽街72巷與健康路325巷19弄口	25.055641	121.5654939	0	0	1	2	8	5	5	4	1	1	5	4	5	13	4	4	10	5	5	2	17	1	5	8	4	2	20	1		2	2	12	
113	1	20	10	29	臺北市	信義區	信義區基隆路2段39巷與基隆路2段39巷8弄口	25.031114	121.5590909	0	0	1	2	8	6	5	4	2	1	5	4	5	13	4	4	5	5	5	2	16	4	5	1	3	1	2	1		1	3	8	
113	1	20	10	30	臺北市	北投區	北投區豐年路2段與豐年路2段32巷口	25.13553535	121.4957603	0	0	3	3	7	6	5	3	1	1	5	4	5	13	4	4	5	4	5	2	17	1	5	1	6	1	10	1		1	2	14	
113	1	20	10	33	臺北市	士林區	士林區天母東路105巷與天母東路口	25.1181004	121.5363953	0	0	1	2	7	6	5	3	1	1	5	4	5	13	2	1	1	4	5	2	13	1	9	1	6	2	10	1		2	2	11	
113	1	20	11	0	臺北市	大安區	大安區忠孝東路4段320號前	25.0411809	121.5574735	0	0	1	2	8	7	5	14	9	1	5	4	5	13	4	4	8	3	5	1	12	1	8	1	7	11	8	2		1	3	15	