年	月	日	時	分	縣市	行政區	allLocation	GoogleLat	GoogleLng	死	2-30	受傷	當事人數	天候	道路照明設備	道路類別	道路型態	事故位置	路面狀況1	路面狀況2	路面狀況3	道路障礙1	道路障礙2	號誌1	號誌2	車道劃分-分向	車道劃分-分道1	車道劃分-分道2	車道劃分-分道3	事故類型及型態	行動電話	當事者行動狀態	駕駛資格情形	保護裝置	飲酒情形	駕駛執照種類	個人肇逃否	肇因碼-主要	性別	受傷程度	車輛撞擊部位1	車輛撞擊部位2
113	1	20	12	0	臺北市	萬華區	萬華區堤外便道自行車道往南近3014012號燈桿	25.0177753	121.4907369	0	0	1	2	7	6	7	14	23	1	5	4	5	13	4	4	10	3	5	1	8	4	9	8	3	9	20	1		1	2	12	
113	1	20	12	11	臺北市	松山區	松山區三民路113巷1-3號	25.0578272	121.5634278	0	0	1	2	8	5	5	14	9	1	5	4	5	13	4	4	1	3	5	2	12	1	9	1	5	1	10	1		1	2	14	
113	1	20	12	16	臺北市	松山區	松山區八德路4段36巷與光復南路17巷口	25.0473605	121.559226	0	0	1	3	8	6	5	4	1	1	5	4	5	10	4	4	10	5	5	2	15	1	9	8	4	2	20	1		2	2	12	
113	1	20	12	23	臺北市	北投區	北投區立賢路168-1號	25.11425314	121.5022576	0	0	3	3	7	6	5	14	9	1	5	4	5	13	3	1	1	4	5	1	16	1	1	1	7	1	8	1		1	2	1	
113	1	20	12	41	臺北市	信義區	信義區信義路4段與基隆路1段口	25.0331866	121.5597625	0	0	2	3	7	5	5	5	2	1	5	4	5	13	1	1	5	5	5	2	16	1	5	1	7	1	8	1		1	3	1	
113	1	20	12	47	臺北市	中山區	中山區中山北路3段與農安街口	25.0649629	121.5223523	0	0	1	2	8	5	5	4	1	1	5	4	5	13	1	1	4	3	4	1	17	1	5	1	7	1	8	1		1	3	8	
113	1	20	12	55	臺北市	萬華區	萬華區永福街與貴陽街2段96巷口	25.03873844	121.5030685	0	0	2	2	8	6	5	4	1	1	5	4	5	13	4	4	10	5	5	2	15	1	9	1	6	1	10	1		2	2	11	
113	1	20	13	11	臺北市	內湖區	內湖區港墘路95巷3號附近	25.0802329	121.5783573	0	0	1	2	7	6	5	14	9	1	5	4	5	13	4	4	10	5	5	1	2	4	9	7	3	11	19	2		1	4	15	
113	1	20	13	25	臺北市	中正區	中正區汀州路2段65號	25.0258095	121.5160519	0	0	1	2	8	7	5	14	9	1	5	4	5	13	4	4	5	5	5	2	12	1	9	1	5	2	9	1		2	2	11	
113	1	20	13	43	臺北市	士林區	士林區中正路與延平北路6段口	25.08685809	121.5092205	0	0	4	4	8	6	5	4	2	1	5	4	5	13	1	1	9	4	5	2	17	1	5	1	5	2	10	1		1	2	11	
113	1	20	13	51	臺北市	內湖區	內湖區康寧路3段75巷218弄與康寧路3段75巷口	25.07653778	121.6141843	0	0	1	2	8	6	5	3	1	1	5	4	5	13	3	1	10	5	5	2	15	1	1	1	7	1	8	1		2	3	5	
113	1	20	13	54	臺北市	信義區	信義區大道路與忠孝東路5段790巷24弄口	25.0419366	121.581927	0	0	2	3	8	6	5	4	2	1	5	4	5	13	4	4	9	5	5	2	16	4	5	1	3	1	10	1		2	2	14	
113	1	20	14	25	臺北市	中山區	中山區農安街6號	25.06646816	121.521486	0	0	1	2	8	5	5	14	9	1	5	4	5	13	4	4	9	4	5	2	12	4	1	1	3	1	4	1		1	3	8	
113	1	20	14	30	臺北市	中山區	中山區中山北路2段與中山北路2段44巷口	25.0549454	121.522581	0	0	1	2	7	5	5	4	1	1	5	4	5	13	1	1	1	3	5	1	17	4	6	1	3	1	4	1		1	3	5	
113	1	20	15	3	臺北市	南港區	南港區南港路2段與興南街口	25.0541772	121.5979707	0	0	1	3	8	6	5	3	1	1	5	4	5	13	2	1	5	4	4	2	15	4	11	1	3	2	8	1		1	3	1	
113	1	20	15	31	臺北市	文山區	文山區汀州路4段與基隆路4段口	25.0109338	121.536445	0	0	1	2	8	6	5	5	18	1	5	4	5	13	2	1	1	4	1	2	9	1	5	1	7	11	8	1		1	3	17	
113	1	20	15	32	臺北市	中正區	中正區羅斯福路3段90號	25.0218434	121.5267279	0	0	1	2	7	7	5	14	9	1	5	4	5	13	4	4	1	4	5	2	12	1	8	1	5	1	10	1		1	2	14	
113	1	20	15	59	臺北市	中山區	中山區新生北路2段與錦州街口橋上	25.06034254	121.5278357	0	0	1	2	8	6	5	4	1	1	5	4	5	13	1	1	5	4	5	2	12	1	9	1	6	1	10	1		1	3	12	
113	1	20	16	2	臺北市	松山區	松山區敦化北路與民權東路3段口	25.06165375	121.5505661	0	0	2	3	8	6	5	4	1	1	5	4	5	13	1	1	5	4	1	2	16	1	5	1	6	1	10	1		1	2	12	
113	1	20	16	58	臺北市	文山區	文山區福興路與福興路63巷口	25.0035507	121.5501527	0	0	2	3	8	6	5	4	1	1	5	4	5	13	4	4	10	5	5	2	16	1	5	1	5	1	10	1		1	2	12	
113	1	20	17	39	臺北市	大同區	大同區環河北路1段171號	25.05553256	121.5079276	0	0	1	3	7	5	5	14	9	1	5	4	5	13	4	4	10	4	5	2	12	1	8	1	5	1	10	1		1	2	12	
113	1	20	18	12	臺北市	松山區	松山區長春路339巷與長春路口	25.0545445	121.5447913	0	0	1	2	7	5	5	4	18	1	5	4	5	13	4	4	10	5	5	2	3	1	5	1	7	1	8	1		2	3	1	
113	1	20	18	14	臺北市	松山區	松山區新東街3巷與延壽街119巷口口	25.0574937	121.5648071	0	0	1	2	8	5	5	4	18	1	5	4	5	13	4	4	10	5	5	2	9	1	5	1	7	11	8	1		1	3	8	
113	1	20	18	52	臺北市	北投區	北投區大度路與中央北路4段口	25.1238166	121.4646393	0	0	1	2	8	5	5	4	1	1	5	4	5	13	1	1	3	4	3	2	12	4	15	1	3	1	10	1		2	2	14	
113	1	20	18	58	臺北市	內湖區	內湖區新明路與新明路321巷口	25.05691734	121.5844548	0	0	1	2	8	5	5	3	4	1	5	4	5	13	2	1	9	4	4	2	16	4	5	1	5	11	10	2		1	3	17	
113	1	20	19	30	臺北市	中山區	中山區吉林路與新生北路2段149巷口	25.0620005	121.5302746	0	0	1	2	7	5	5	4	1	1	5	4	5	13	4	4	9	4	5	2	16	4	11	1	3	1	8	1		1	3	8	
113	1	20	20	30	臺北市	內湖區	內湖區成功路3段174巷與成功路4段口	25.080857	121.5909701	0	0	2	2	7	5	5	4	1	1	5	4	5	13	2	1	1	4	5	1	12	1	7	1	6	2	10	1		1	2	14	
113	1	20	21	9	臺北市	文山區	文山區木新路3段與木新路3段310巷口	24.9808906	121.5572166	0	0	2	3	7	5	5	4	1	1	5	4	5	13	1	1	10	5	5	2	16	1	5	1	5	1	10	1		1	2	11	
113	1	20	21	43	臺北市	中山區	中山區大直街與北安路口	25.07900217	121.5461839	0	0	1	2	7	5	5	4	2	1	5	4	5	13	1	1	1	3	5	1	12	1	8	1	7	1	8	1		1	3	2	
113	1	20	22	35	臺北市	士林區	士林區中山北路5段與劍潭路口	25.0842343	121.5253529	0	0	1	2	8	5	5	3	2	1	5	4	5	13	2	1	1	4	5	1	17	1	6	1	7	1	4	1		1	3	5	
113	1	20	22	45	臺北市	文山區	文山區木新路3段與木新路3段95巷口	24.98217198	121.5628657	0	0	1	2	8	5	5	14	9	1	5	4	5	13	4	4	5	5	4	2	16	1	5	1	6	2	10	1		1	2	12	12
113	1	21	6	15	臺北市	大同區	大同區重慶北路3段與民族西路口	25.0686899	121.5138429	0	0	2	3	6	5	5	4	1	1	4	4	5	13	2	1	1	2	5	2	15	4	9	3	3	7	18	1		1	2	11	
113	1	21	6	17	臺北市	中正區	中正區忠孝東路2段與八德路1段口	25.04339324	121.5286866	0	0	1	2	6	5	5	3	2	1	4	4	5	13	2	1	3	4	4	2	17	1	9	1	5	2	10	1		1	2	12	
113	1	21	6	30	臺北市	士林區	士林區福華路與福華路157巷口	25.10374934	121.5221685	1	0	0	2	6	6	5	3	2	1	4	4	5	13	4	4	10	4	5	2	3	1	9	1	7	2	8	1		1	3	1	
113	1	21	6	49	臺北市	松山區	松山區新中街與新中街52巷口口	25.0614007	121.5602434	0	0	2	2	6	5	5	4	2	1	4	4	5	13	4	4	8	4	5	2	16	1	5	1	5	1	9	1		1	2	11	
113	1	21	7	37	臺北市	中正區	中正區廈門街與廈門街135巷口	25.0222313	121.5174208	0	0	1	2	6	6	5	3	1	1	4	4	5	13	4	4	9	5	5	2	17	1	5	1	7	2	8	1		1	2	4	
113	1	21	7	40	臺北市	信義區	信義區福德街221巷240號	25.0309576	121.5863954	0	0	1	2	8	7	5	14	9	1	5	4	5	13	4	4	10	5	5	2	18	4	9	1	3	9	10	1		2	2	12	
113	1	21	8	2	臺北市	萬華區	萬華區中華路1段與桂林路口	25.0375423	121.5068628	0	0	4	4	6	5	5	5	1	1	4	4	5	13	1	1	1	3	1	1	15	1	9	1	7	2	4	1		1	2	2	
113	1	21	8	25	臺北市	文山區	文山區木柵路1段與木柵路1段70巷口	24.987288	121.5487692	0	0	1	2	6	5	5	4	1	1	4	4	5	13	2	1	10	5	5	1	17	1	11	1	7	1	4	1		2	3	3	
113	1	21	8	55	臺北市	中山區	中山區建國北路2段與長春路口	25.05499028	121.5366263	0	0	1	2	6	6	5	14	8	1	4	4	5	13	2	1	1	5	5	1	17	4	7	1	3	2	8	1		1	3	15	
113	1	21	9	37	臺北市	中山區	中山區錦州街與民權東路2段92巷口	25.06035135	121.5317008	0	0	2	2	6	6	5	4	1	1	4	4	5	13	4	4	10	5	5	2	15	1	9	1	5	1	10	1		1	2	11	12
113	1	21	9	39	臺北市	北投區	北投區大業路與育仁路口	25.1370079	121.5009452	0	0	1	2	6	6	5	4	1	1	4	4	5	13	1	1	10	5	5	2	16	1	6	1	7	2	8	1		1	3	5	
113	1	21	9	51	臺北市	士林區	士林區天母西路62巷與天母橋口	25.11376566	121.5257027	0	0	1	2	6	7	5	4	1	1	4	4	5	13	4	4	10	5	5	2	15	4	9	1	3	2	8	1		1	3	1	
113	1	21	11	37	臺北市	士林區	士林區克強路10巷與克強路口	25.10881515	121.524472	0	0	1	3	7	5	5	3	1	1	5	4	5	13	4	4	5	5	5	2	3	4	9	1	3	1	10	1		1	3	11	
113	1	21	12	1	臺北市	中山區	中山區八德路2段199巷與建國北路1段23巷口	25.0473122	121.5390516	0	0	2	2	7	5	5	4	1	1	5	4	5	13	4	4	10	5	5	2	17	4	9	1	3	1	10	1		1	2	12	
113	1	21	12	37	臺北市	信義區	信義區基隆路2段與基隆路2段39巷口口	25.03138	121.5586764	0	0	1	2	7	7	5	3	2	1	5	4	5	13	4	4	5	5	5	2	18	1	9	1	6	1	10	1		1	2	14	
113	1	21	12	51	臺北市	萬華區	萬華區東園街與長泰街口	25.0222912	121.4981502	0	0	2	2	8	6	5	4	1	1	5	4	5	13	2	1	5	5	5	2	16	1	7	1	6	1	11	1		1	2	14	
113	1	21	12	59	臺北市	信義區	信義區大道路與忠孝東路5段790巷24弄口	25.0418233	121.5819476	0	0	1	2	7	6	6	4	2	1	4	4	5	13	4	4	9	5	5	2	16	4	6	1	2	1	11	1		2	2	12	
113	1	21	13	38	臺北市	中山區	中山區建國北路2段216號前	25.0599469	121.5366774	0	0	1	3	7	5	5	14	9	1	5	4	5	13	4	4	1	4	5	2	17	4	14	1	3	1	8	1		1	3	4	
113	1	21	14	2	臺北市	內湖區	內湖區金龍路與金龍路13巷口	25.08448707	121.5947512	0	0	1	2	6	7	5	3	1	1	4	4	5	13	4	4	9	4	4	2	17	1	14	1	6	2	10	1		1	3	17	
113	1	21	14	8	臺北市	南港區	南港區興中路與興中路28巷口	25.0556923	121.6072206	0	0	1	2	8	6	5	3	2	1	5	4	5	13	4	4	4	5	5	2	12	4	11	1	3	1	8	1		1	3	8	
113	1	21	15	7	臺北市	萬華區	萬華區萬大路與艋舺大道口	25.0329425	121.5005768	0	0	2	3	8	7	5	4	1	1	5	4	5	13	1	1	9	4	5	2	17	1	5	1	7	1	8	1		1	3	6	12
113	1	21	15	10	臺北市	中正區	中正區仁愛路1段與杭州南路1段口	25.03833277	121.5251679	0	0	2	2	7	6	5	4	1	1	5	4	5	13	1	1	1	4	1	2	16	1	5	6	6	2	10	1		1	2	13	
113	1	21	15	22	臺北市	中正區	中正區忠孝東路1段與紹興北街口	25.0445046	121.5248335	0	0	2	4	8	7	5	4	2	1	5	4	5	13	1	1	3	3	5	2	12	1	7	1	5	2	10	1		2	2	14	
113	1	21	15	37	臺北市	中正區	中正區貴陽街1段與重慶南路1段口	25.0388137	121.5127696	0	0	1	2	7	6	5	4	1	1	5	4	5	13	1	1	10	5	5	2	18	1	9	1	5	2	10	1		1	2	17	
113	1	21	17	52	臺北市	士林區	士林區堤外便道與通河西街1段越堤坡道口(百齡左岸076燈桿前)	25.08589943	121.5126559	0	0	1	2	7	6	5	3	2	1	5	4	5	13	4	4	10	5	5	2	17	1	5	1	5	1	10	1		2	2	14	
113	1	21	17	58	臺北市	南港區	南港區南深路31號	25.0377576	121.6215529	0	0	2	3	6	5	5	14	9	1	4	4	5	13	4	4	5	5	5	2	16	4	5	1	3	1	10	1		1	3	14	
113	1	21	18	33	臺北市	內湖區	內湖區陽光街與江南街71巷口	25.0738756	121.5795429	0	0	2	2	7	5	5	3	1	1	5	4	5	13	4	4	5	4	5	2	13	1	9	1	5	1	10	1		1	2	11	
113	1	21	19	4	臺北市	信義區	信義區信義路5段150巷14弄與松仁路口	25.0286258	121.5683784	0	0	1	2	6	5	5	4	2	1	4	4	5	13	2	1	9	4	5	2	17	1	6	1	7	1	4	1		1	3	2	
113	1	21	19	20	臺北市	大同區	大同區民權西路與民權西路225巷口口	25.0630899	121.5121738	0	0	1	2	8	5	5	4	1	1	5	4	5	13	2	1	8	3	5	2	16	1	1	1	7	1	4	1		1	3	8	
113	1	21	19	30	臺北市	文山區	文山區興隆路3段與興隆路3段112巷口	24.9993577	121.5573357	0	0	1	2	6	5	5	4	2	1	4	4	5	13	2	1	1	4	5	2	12	1	13	1	7	1	8	1		2	3	1	
113	1	21	20	16	臺北市	內湖區	內湖區康樂街136巷29弄與安泰街口	25.07349044	121.6181884	0	0	1	2	6	5	5	3	1	1	4	4	5	13	4	4	10	5	5	2	17	1	5	8	4	1	20	1		1	2	11	
113	1	21	20	50	臺北市	南港區	南港區市民大道8段與忠孝東路7段415巷口	25.0530949	121.6057977	0	0	1	2	6	5	5	4	2	1	4	4	5	12	2	1	5	2	5	2	17	4	7	1	3	2	10	1		1	3	13	
113	1	21	21	43	臺北市	中正區	中正區中華路1段與愛國西路口口	25.0374673	121.5071915	0	0	1	2	7	5	5	4	2	1	5	4	5	13	2	1	9	4	5	2	16	1	9	1	7	2	4	1		1	3	8	
113	1	21	22	16	臺北市	內湖區	內湖區內湖路1段與基湖路口	25.0823612	121.5655126	0	0	2	3	7	5	5	4	1	1	5	4	5	13	2	1	1	4	5	2	12	4	9	1	3	2	4	1		1	3	1	
113	1	21	23	8	臺北市	信義區	信義區信義路5段150巷424號	25.0241897	121.5711511	0	0	1	2	6	5	5	14	9	1	4	4	5	13	4	4	10	5	5	2	17	1	9	1	6	1	10	1		1	3	17	
113	1	21	23	37	臺北市	信義區	信義區中坡南路58號	25.0420755	121.5845064	0	0	2	2	6	5	5	14	9	1	4	4	5	13	3	1	10	5	4	2	2	1	9	1	5	2	10	1		1	2	11	
113	1	22	0	31	臺北市	大同區	大同區民族西路與承德路3段口	25.0685719	121.5184485	0	0	1	2	7	5	5	4	2	1	5	4	5	13	2	1	3	4	5	2	17	1	5	1	7	1	8	1		1	3	6	
113	1	22	1	17	臺北市	松山區	松山區民權東路3段110號	25.06202586	121.5451005	0	0	1	10	7	5	5	14	9	1	5	4	5	13	4	4	9	4	5	2	29	4	9	1	3	2	8	1		1	2	2	
113	1	22	2	5	臺北市	中山區	中山區錦州街與林森北路口	25.0603507	121.5253433	0	0	1	4	8	5	5	4	1	1	5	4	5	13	4	4	5	2	5	2	17	1	7	1	7	1	8	1		1	3	15	
113	1	22	6	6	臺北市	南港區	南港區忠孝東路7段415號	25.0524025	121.6088203	0	0	1	3	6	5	5	14	9	1	4	4	5	13	4	4	9	4	5	2	13	4	9	8	2	1	20	1		1	2	11	
113	1	22	7	45	臺北市	中正區	中正區寧波西街與南昌路1段口	25.0308131	121.517916	0	0	1	3	8	7	5	4	1	1	5	4	5	13	1	1	10	4	5	2	12	1	15	1	7	1	8	1		1	3	5	
113	1	22	7	55	臺北市	內湖區	內湖區南京東路6段與新明路426巷口	25.0555243	121.5792007	0	0	2	2	6	5	5	4	1	1	4	4	5	13	1	1	10	4	5	2	16	1	5	1	6	1	10	1		1	2	14	
113	1	22	8	13	臺北市	松山區	松山區復興北路15號	25.0491825	121.5440799	0	0	3	3	8	5	5	14	9	1	5	4	5	13	4	4	1	3	5	2	13	1	9	1	5	1	10	1		1	2	11	13
113	1	22	8	28	臺北市	大安區	大安區市民大道3段與安東街40巷口	25.044454	121.5406122	0	0	3	3	7	6	5	14	9	1	5	4	5	13	4	4	1	4	5	2	13	1	9	1	5	1	10	1		2	2	11	
113	1	22	8	30	臺北市	內湖區	內湖區內湖路1段655號	25.0823089	121.5683655	0	0	1	2	6	7	5	14	9	1	4	4	5	13	4	4	10	5	5	1	12	4	6	1	3	1	10	1		2	3	17	
113	1	22	8	37	臺北市	大同區	大同區民權西路與承德路2段口	25.0628265	121.5187533	0	0	7	10	8	6	5	5	1	1	5	4	5	13	2	1	1	4	5	2	13	1	9	1	6	2	10	1		1	3	11	
113	1	22	8	44	臺北市	信義區	信義區信安街153號	25.02291427	121.5552342	0	0	2	2	8	7	5	14	9	1	5	4	5	13	4	4	5	4	5	2	12	1	9	1	5	1	10	1		1	2	11	
113	1	22	8	57	臺北市	信義區	信義區市府路45號旁往南方向	25.0340583	121.5634924	0	0	1	2	6	6	5	22	9	1	4	4	5	13	4	4	3	4	5	2	13	1	9	1	6	1	10	1		2	2	11	
113	1	22	8	57	臺北市	萬華區	萬華區康定路與桂林路口	25.0384941	121.501791	0	0	1	2	7	5	5	4	1	1	5	4	5	13	1	1	5	4	5	1	13	1	5	1	7	2	8	1		1	3	8	
113	1	22	9	6	臺北市	松山區	松山區南京東路5段與南京東路5段23巷口	25.0516445	121.5580602	0	0	1	2	7	7	5	5	2	1	5	4	5	13	1	1	9	4	4	2	16	1	15	1	7	1	8	1		1	3	7	
113	1	22	9	22	臺北市	中山區	中山區濱江街285號	25.07245428	121.5439353	0	0	1	2	8	5	5	14	9	1	5	4	5	13	4	4	1	4	5	2	16	4	6	1	3	1	10	1		1	3	6	
113	1	22	9	37	臺北市	北投區	北投區東陽街與東陽街411巷16弄口	25.11246428	121.5187714	0	0	1	2	7	7	5	5	2	1	5	4	5	13	4	4	9	5	5	2	17	1	6	1	5	1	10	1		1	3	13	
113	1	22	9	44	臺北市	中山區	中山區松江路與錦州街口	25.06033	121.5331053	0	0	2	2	8	6	5	4	1	1	5	4	5	13	1	1	1	4	5	2	15	1	5	3	5	1	18	1		2	2	11	
113	1	22	9	49	臺北市	北投區	北投區承德路7段393巷與承德路7段口口	25.1194215	121.5013724	0	0	1	2	7	5	5	4	1	1	5	4	5	13	1	1	1	4	5	2	17	1	5	1	7	11	8	2		1	3	17	
113	1	22	11	0	臺北市	北投區	北投區承德路7段與承德路7段393巷口	25.11963653	121.5014211	0	0	1	2	7	7	5	4	1	1	5	4	5	13	1	1	1	4	4	2	2	1	5	1	7	2	1	1		1	3	1	
113	1	22	11	5	臺北市	中山區	中山區南京東路3段48巷與南京東路3段口	25.05189166	121.5384236	0	0	1	2	8	6	5	3	1	1	5	4	5	13	4	4	1	4	1	2	16	4	6	1	3	1	8	1		1	3	2	
113	1	22	11	9	臺北市	萬華區	萬華區康定路與內江街口	25.0417228	121.502277	0	0	1	2	8	7	5	4	1	1	5	4	5	13	2	1	9	5	5	2	17	1	5	1	7	1	8	1		1	3	8	
113	1	22	11	12	臺北市	士林區	士林區文林路615巷1109338燈桿	25.09934863	121.5211153	0	0	2	2	7	6	5	14	9	1	5	4	5	13	4	4	10	5	5	2	17	1	1	1	6	1	10	1		1	2	14	
113	1	22	11	37	臺北市	南港區	南港區向陽路與市民大道7段口	25.0515289	121.5953675	0	0	1	2	6	7	5	4	1	1	4	4	5	13	2	1	1	4	5	2	12	1	8	1	5	1	10	1		1	2	12	
113	1	22	12	10	臺北市	中正區	中正區詔安街240號	25.02697466	121.5091536	0	0	1	2	7	6	5	14	9	1	5	4	5	13	4	4	10	5	5	2	17	1	1	1	5	2	10	1		1	2	12	
113	1	22	12	40	臺北市	松山區	松山區南京東路5段66巷與南京東路5段口	25.0513883	121.5609927	0	0	1	2	8	7	5	4	1	1	5	4	5	13	1	1	1	4	4	2	13	1	10	1	6	1	10	1		1	2	11	
113	1	22	12	51	臺北市	文山區	文山區興隆路2段與福興路口	25.00180208	121.5518239	0	0	1	2	6	6	5	3	18	1	4	4	5	13	2	1	5	5	5	2	3	1	5	1	7	2	4	1		1	3	4	
113	1	22	12	52	臺北市	士林區	士林區東山路與東山路25巷口	25.1164896	121.5391051	0	0	2	2	6	7	5	4	1	1	4	4	5	13	3	1	1	4	5	2	17	1	9	1	6	2	10	1		1	2	11	
113	1	22	13	0	臺北市	北投區	北投區文林北路與明德路口	25.1061245	121.5165045	0	0	1	2	7	6	5	4	1	1	5	4	5	13	2	1	1	4	4	2	16	1	5	1	7	3	3	1		1	3	1	
113	1	22	13	6	臺北市	北投區	北投區自強街120巷15弄與自強街120巷口	25.11031897	121.5158507	0	0	1	2	7	6	5	4	1	1	5	4	5	13	4	4	10	5	5	1	15	1	9	1	7	1	8	1		1	3	1	
113	1	22	13	10	臺北市	中山區	中山區建國北路3段85號對面	25.0652319	121.5368516	0	0	1	2	7	7	5	14	9	1	5	4	5	13	4	4	1	4	5	2	17	4	8	1	3	1	10	1		2	2	14	
113	1	22	13	15	臺北市	松山區	松山區長春路與慶城街口	25.0545571	121.5462727	0	0	2	3	7	6	5	4	1	1	5	4	5	13	1	1	1	4	5	2	16	5	20	8	6	10	20	1		2	2	16	
113	1	22	13	17	臺北市	中山區	中山區民族東路與建國北路3段113巷口	25.06810534	121.5362443	0	0	1	2	8	6	5	4	1	1	5	4	5	13	1	1	1	4	1	2	16	4	11	1	6	2	10	1		2	2	14	
113	1	22	14	5	臺北市	內湖區	內湖區文德路與文德路208巷口	25.07842146	121.5836287	0	0	2	3	6	6	5	4	1	1	4	4	5	13	2	1	1	4	5	2	17	1	5	1	7	2	8	1		2	3	17	
113	1	22	14	15	臺北市	中正區	中正區忠孝東路2段與新生南路1段口	25.0421322	121.532806	0	0	1	2	8	6	5	4	1	1	5	4	5	13	1	1	10	2	5	2	16	4	6	1	7	2	4	1		1	3	2	
113	1	22	14	37	臺北市	中山區	中山區南京東路2段11號	25.0521684	121.5284517	0	0	1	3	8	5	5	14	9	1	5	4	5	13	4	4	3	4	4	2	13	4	9	1	3	1	10	1		2	2	11	
113	1	22	14	45	臺北市	大安區	大安區羅斯福路4段125號	25.0106321	121.5372907	0	0	1	2	6	7	5	14	9	1	4	4	5	13	4	4	1	4	5	2	17	1	7	1	7	1	4	1		1	3	17	
113	1	22	15	40	臺北市	北投區	北投區石牌路2段360號	25.1235948	121.5255029	0	0	1	2	7	6	5	14	9	1	5	4	5	13	4	4	5	5	5	2	16	1	11	1	7	1	8	1		1	3	4	
113	1	22	16	0	臺北市	中山區	中山區松江路與民族東路口	25.068175	121.5325903	0	0	1	2	8	7	5	3	1	1	5	4	5	13	4	4	9	4	5	2	17	1	6	1	7	1	8	1		1	3	15	
113	1	22	16	0	臺北市	信義區	信義區東寧路與市民大道5段口	25.0471997	121.5630807	0	0	2	2	6	6	5	3	3	1	4	4	5	13	1	1	1	4	5	2	13	1	9	1	6	1	10	1		1	2	11	
113	1	22	16	10	臺北市	中山區	中山區中山北路2段93巷與林森北路口	25.0592996	121.5255121	0	0	1	2	8	5	5	3	2	1	5	4	5	13	4	4	5	5	5	2	17	4	6	1	3	1	8	1		2	3	8	
113	1	22	16	10	臺北市	大安區	大安區和平東路2段107巷與和平東路2段口	25.0253806	121.5402954	0	0	1	2	6	7	5	3	1	1	4	4	5	13	2	1	1	4	4	2	17	1	5	1	7	1	4	1		1	3	5	
113	1	22	16	14	臺北市	信義區	信義區信義路5段與莊敬路口口	25.0330306	121.5611696	0	0	1	2	6	6	5	4	2	1	4	4	5	13	2	1	1	4	5	2	17	1	1	1	7	2	8	1		2	3	8	
113	1	22	16	28	臺北市	中正區	中正區汀州路3段305號	25.0115739	121.5359389	0	0	2	2	6	6	5	14	9	1	4	4	5	13	4	4	5	4	5	2	13	1	9	1	6	1	10	1		1	2	11	
113	1	22	16	30	臺北市	大安區	大安區辛亥路1段迴轉道	25.0225458	121.5352991	0	0	1	2	7	5	5	11	6	1	5	4	5	13	1	1	8	4	5	1	18	1	5	1	5	9	10	1		1	2	17	
113	1	22	16	45	臺北市	大安區	大安區羅斯福路3段與師大路口	25.0211801	121.5277361	0	0	1	2	6	6	5	4	1	1	4	4	5	13	1	1	1	5	5	1	12	1	7	1	5	2	10	1		2	2	14	
113	1	22	17	0	臺北市	士林區	士林區承德路4段6巷與承德路4段口口	25.07902153	121.5213098	0	0	1	2	8	6	5	4	1	1	5	4	5	13	4	4	10	5	5	2	15	1	9	1	6	1	10	1		2	2	12	
113	1	22	17	41	臺北市	信義區	信義區嘉興街與嘉興街181巷口	25.0263806	121.5564712	0	0	1	2	6	5	5	3	1	1	4	4	5	13	1	1	5	2	5	2	16	1	5	1	7	1	4	1		1	3	4	
113	1	22	17	42	臺北市	大同區	大同區承德橋北往南	25.0755774	121.5201456	0	0	2	2	8	5	5	14	11	1	5	4	5	13	4	4	4	3	3	2	2	1	9	3	6	1	18	1		2	2	11	
113	1	22	17	50	臺北市	信義區	信義區富陽街與富陽街87巷口口	25.0212572	121.5566459	0	0	1	2	6	5	5	4	1	1	4	4	5	13	4	4	5	5	5	2	3	1	5	1	7	2	4	1		1	3	8	
113	1	22	18	12	臺北市	信義區	信義區忠孝東路5段236巷10弄與忠孝東路5段口	25.0400881	121.5719494	0	0	2	2	6	5	5	3	1	1	4	4	5	13	3	1	10	5	5	2	3	1	9	1	6	2	10	1		1	2	14	
113	1	22	18	15	臺北市	信義區	信義區忠孝東路5段623號	25.0416879	121.5792794	0	0	1	2	6	5	5	14	9	1	4	4	5	13	4	4	1	4	5	2	18	1	9	1	6	1	10	1		2	2	14	
113	1	22	18	17	臺北市	文山區	文山區指南路2段197巷與萬壽路口	24.9887995	121.5775624	0	0	1	2	6	5	5	3	18	1	4	4	5	13	3	1	5	5	5	2	9	4	5	1	3	2	8	1		2	3	1	
113	1	22	18	22	臺北市	中山區	中山區民權東路3段與民權東路3段75巷口	25.06245276	121.5436606	0	0	1	2	8	5	5	3	1	1	5	4	5	13	4	4	1	4	5	2	16	1	6	1	6	1	10	1		1	3	12	
113	1	22	18	24	臺北市	中山區	中山區龍江路39號與龍江路口	25.0488351	121.5404553	0	0	1	2	8	5	5	4	2	1	5	4	5	13	4	4	9	5	5	2	9	1	9	8	4	11	20	1		2	3	11	
113	1	22	18	46	臺北市	松山區	松山區復興北路145號	25.0536722	121.5441547	0	0	1	2	7	5	5	14	9	1	5	4	5	13	4	4	1	4	5	2	13	1	9	1	5	1	8	1		2	2	11	
113	1	22	19	2	臺北市	內湖區	內湖區康寧路3段與康寧路3段165巷口	25.07052928	121.6113557	0	0	1	2	6	5	5	4	2	1	4	4	5	13	2	1	10	5	5	2	3	1	9	1	7	1	8	1		1	3	1	