年	月	日	時	分	縣市	行政區	allLocation	GoogleLat	GoogleLng	死	2-30	受傷	當事人數	天候	道路照明設備	道路類別	道路型態	事故位置	路面狀況1	路面狀況2	路面狀況3	道路障礙1	道路障礙2	號誌1	號誌2	車道劃分-分向	車道劃分-分道1	車道劃分-分道2	車道劃分-分道3	事故類型及型態	行動電話	當事者行動狀態	駕駛資格情形	保護裝置	飲酒情形	駕駛執照種類	個人肇逃否	肇因碼-主要	性別	受傷程度	車輛撞擊部位1	車輛撞擊部位2
113	1	22	19	5	臺北市	萬華區	萬華區西藏路與西藏路125巷口	25.0297598	121.5023016	0	0	1	2	6	5	6	3	1	1	4	4	5	13	1	1	1	3	1	2	3	1	5	1	7	1	8	1		2	3	1	
113	1	22	19	19	臺北市	中山區	中山區長安東路2段與伊通街口	25.048313	121.5345179	0	0	1	2	8	5	5	4	2	1	5	4	5	13	1	1	5	4	5	2	7	5	16	8	4	10	20	1		2	2	16	
113	1	22	19	46	臺北市	士林區	士林區忠誠路1段與德行東路132巷7弄口	25.1068045	121.5297289	1	0	1	2	7	5	5	3	1	1	5	4	5	13	4	4	1	4	4	2	3	1	9	1	6	2	10	1		1	2	14	
113	1	22	21	12	臺北市	內湖區	內湖區康樂街129號	25.07374203	121.6196037	0	0	2	3	6	5	5	14	9	1	4	4	5	13	4	4	9	5	5	2	17	1	9	1	5	2	10	1		1	2	11	
113	1	22	21	46	臺北市	中山區	中山區濱江街與濱江街口七號水門口	25.0724639	121.550998	0	0	1	2	6	5	5	4	1	1	4	4	5	13	2	1	1	4	4	2	12	4	7	1	3	1	8	1		1	3	4	
113	1	22	21	55	臺北市	松山區	松山區長春路與慶城街口	25.0545031	121.5459856	0	0	1	2	6	5	5	4	1	1	4	4	5	13	2	1	1	4	5	2	12	1	15	1	7	2	4	1		1	3	7	
113	1	22	22	2	臺北市	士林區	士林區格致路7號	25.13632228	121.5462619	0	0	1	2	6	5	5	14	9	1	4	4	5	13	4	4	8	5	5	1	13	1	9	1	7	1	8	1		2	3	1	
113	1	22	23	6	臺北市	內湖區	內湖區內湖路1段91巷與內湖路1段口	25.08450315	121.5612441	0	0	1	2	6	5	5	4	18	1	4	4	5	13	2	1	1	3	1	1	3	1	5	1	7	2	8	1		1	3	8	
113	1	23	2	35	臺北市	萬華區	萬華區環河快速道路往南上華中橋匝道	25.0382832	121.4949059	1	0	1	3	6	5	5	8	7	1	4	4	5	13	4	4	3	4	5	2	35	1	9	1	7	2	8	1		1	2	5	
113	1	23	6	31	臺北市	中正區	中正區中華路1段與寶慶路口	25.0418144	121.5083814	0	0	1	2	6	5	5	14	9	1	4	4	5	13	4	4	9	4	5	2	17	1	9	1	5	2	10	1		1	3	11	
113	1	23	6	58	臺北市	萬華區	萬華區環河南路1段65號對面	25.0459093	121.5028272	0	0	3	3	6	6	5	14	9	1	4	4	5	13	4	4	9	4	5	2	3	1	9	2	6	2	18	1		1	2	11	
113	1	23	7	0	臺北市	士林區	士林區福華路與福華路147巷口	25.1032833	121.5222449	0	0	1	2	6	5	5	3	18	1	4	4	5	13	4	4	1	4	5	2	3	1	9	1	6	9	10	2		1	3	11	
113	1	23	7	0	臺北市	萬華區	萬華區昆明街201巷與柳州街口	25.03883987	121.5053732	0	0	2	4	8	7	5	3	2	1	4	4	5	10	4	4	9	5	5	2	17	1	5	1	7	1	8	1		1	3	8	
113	1	23	7	15	臺北市	文山區	文山區興隆路1段70巷11弄與景明街口口	25.0015422	121.5409111	0	0	1	2	6	6	5	4	1	1	4	4	5	13	4	4	10	5	5	2	15	1	9	8	4	2	20	1		2	2	14	
113	1	23	7	28	臺北市	北投區	北投區大業路與中和街口	25.13736835	121.5034992	0	0	1	2	6	7	5	4	2	1	4	4	5	13	1	1	1	4	5	2	16	1	6	1	7	3	8	1		1	3	8	
113	1	23	7	31	臺北市	中正區	中正區杭州南路1段與濟南路1段口	25.04155582	121.5261275	0	0	2	2	6	7	5	3	1	1	4	4	5	13	1	1	9	4	5	2	16	1	5	6	5	2	9	1		1	2	13	
113	1	23	7	50	臺北市	北投區	北投區致遠一路2段與致遠一路2段111巷口	25.1132693	121.5127502	0	0	2	2	6	6	5	4	1	1	4	4	5	13	4	4	9	4	5	2	15	1	9	1	5	1	10	1		2	2	11	
113	1	23	8	0	臺北市	南港區	南港區松河街長虹工地出入口	25.058892	121.6059406	0	0	2	2	6	6	5	14	9	1	4	4	5	13	4	4	8	3	5	2	17	4	15	1	3	1	10	1		1	2	11	
113	1	23	8	2	臺北市	北投區	北投區中和街與中和街57巷口	25.13864593	121.5021319	0	0	1	2	9	7	5	3	1	1	4	4	5	13	4	4	5	5	5	2	17	1	9	1	5	2	10	1		2	2	14	
113	1	23	8	15	臺北市	內湖區	內湖區民權東路6段153巷與民權東路6段口	25.06879324	121.594854	0	0	1	2	6	6	5	3	1	1	4	4	5	13	4	4	1	4	5	2	16	1	6	1	7	9	8	1		1	3	5	
113	1	23	8	15	臺北市	萬華區	萬華區堤外便道與長順街口底水門口	25.03255878	121.4884767	0	0	1	2	6	6	5	4	1	1	4	4	5	13	2	1	5	5	5	2	17	1	5	1	7	1	8	1		1	3	1	
113	1	23	8	16	臺北市	北投區	北投區明德路321號	25.1155085	121.5203486	0	0	1	2	8	7	5	14	9	1	4	4	5	13	2	1	5	5	5	2	13	1	9	1	6	1	10	1		1	3	11	
113	1	23	8	19	臺北市	內湖區	內湖區文德路與文德路101巷口	25.07858436	121.5835621	0	0	1	2	6	6	5	4	1	1	4	4	5	13	1	1	1	3	5	1	16	1	5	1	7	1	8	1		2	3	7	
113	1	23	8	25	臺北市	內湖區	內湖區新湖一路288號旁	25.06278174	121.582754	0	0	1	2	6	6	5	14	9	1	4	4	5	13	4	4	9	5	5	2	12	1	6	1	7	2	8	1		1	3	5	
113	1	23	8	34	臺北市	文山區	文山區木新路3段與一壽街口口前	24.980578	121.5561882	0	0	1	2	6	6	5	3	1	1	4	4	5	13	2	1	5	4	5	2	3	1	5	1	6	2	10	1		1	3	11	
113	1	23	8	47	臺北市	中正區	中正區重慶南路3段87號	25.0252603	121.5165582	0	0	1	2	6	7	5	14	9	1	4	4	5	13	4	4	1	4	5	2	17	1	8	1	5	9	10	1		1	3	17	
113	1	23	9	24	臺北市	大安區	大安區和平東路3段與安和路2段口	25.02463386	121.5503622	0	0	1	2	6	7	5	4	2	1	4	4	5	13	2	1	8	3	5	1	17	4	5	7	3	11	19	2		4	4	17	
113	1	23	9	24	臺北市	萬華區	萬華區長順街水門東側無名巷２３號停車格	25.03516311	121.5072165	0	0	1	2	6	5	5	14	9	1	4	4	5	13	4	4	10	5	5	1	17	1	15	1	7	1	8	1		1	3	4	
113	1	23	9	33	臺北市	萬華區	萬華區忠孝橋機車道往臺北市	25.04937567	121.5051583	0	0	3	4	6	7	5	8	11	1	4	4	5	13	4	4	1	5	5	2	17	1	9	1	5	1	10	1		1	2	15	
113	1	23	9	40	臺北市	信義區	信義區嘉興街127巷與基隆路2段口	25.0296138	121.5576006	0	0	1	2	6	7	5	3	2	1	4	4	5	13	1	1	3	4	5	2	12	4	8	7	3	9	19	2		1	4	15	
113	1	23	10	32	臺北市	大安區	大安區和平東路3段與基隆路2段口	25.0246519	121.5527999	0	0	1	2	6	7	5	4	2	1	4	4	5	13	2	1	8	3	5	1	17	1	6	1	7	1	8	1		1	3	2	
113	1	23	11	4	臺北市	萬華區	萬華區環河南路2段與環河南路2段149巷口	25.0338209	121.492895	0	0	2	2	6	7	5	3	2	1	4	4	5	13	1	1	1	4	5	2	16	1	11	1	5	1	10	1		1	2	14	
113	1	23	11	43	臺北市	大安區	大安區忠孝東路4段與忠孝東路4段77巷口	25.0416437	121.5474446	0	0	1	2	6	5	5	4	2	1	4	4	5	13	2	1	1	4	5	2	17	1	3	1	6	1	9	1		1	2	14	
113	1	23	11	55	臺北市	大同區	大同區環河北路1段191號	25.0558567	121.5080279	0	0	1	2	7	6	5	14	9	1	4	4	5	13	4	4	10	4	5	2	17	1	8	1	6	2	10	1		1	2	12	
113	1	23	12	4	臺北市	萬華區	萬華區西寧南路4號	25.0482578	121.507473	0	0	1	2	6	7	5	14	9	1	4	4	3	10	4	4	5	4	5	2	3	5	16	8	4	10	20	1		2	2	16	
113	1	23	12	29	臺北市	大同區	大同區塔城街與鄭州路口	25.0504679	121.510554	0	0	1	2	7	6	5	5	1	1	4	4	5	13	2	1	5	4	5	2	12	4	9	7	3	11	8	2		1	4	6	
113	1	23	12	37	臺北市	文山區	文山區辛亥路5段與興隆路2段244巷口	24.9998269	121.5540084	0	0	1	2	7	6	5	4	18	1	4	4	5	13	2	1	5	5	5	2	2	1	5	1	7	2	8	1		1	3	8	
113	1	23	12	44	臺北市	中正區	中正區林森北路與林森北路9巷口	25.04589033	121.5235872	0	0	1	2	7	6	5	3	1	1	4	4	5	13	4	4	7	4	5	2	13	1	9	1	6	2	10	1		1	2	14	
113	1	23	12	53	臺北市	中山區	中山區合江街93巷與合江街口	25.05950244	121.5392204	0	0	2	3	6	6	5	4	1	1	4	4	5	13	4	4	8	5	5	1	15	4	9	1	3	1	9	1		1	2	14	
113	1	23	12	59	臺北市	士林區	士林區中正路287號	25.09473729	121.5235775	0	0	1	2	8	6	5	14	9	1	5	4	5	13	4	4	1	4	5	2	16	4	7	3	3	1	18	1		1	3	7	
113	1	23	13	21	臺北市	中山區	中山區長安東路2段與八德路2段167巷口	25.04839206	121.5379437	0	0	3	3	6	6	5	3	1	1	4	4	5	13	4	4	5	4	5	2	17	1	5	6	5	2	10	1		1	2	14	12
113	1	23	13	54	臺北市	南港區	南港區南港路1段與興中路口	25.0544381	121.6074658	0	0	1	2	6	6	5	4	1	1	4	4	5	13	2	1	5	4	5	2	16	4	5	1	3	2	5	1		1	3	8	
113	1	23	15	0	臺北市	中山區	中山區中山北路1段與市民大道2段口	25.04824713	121.5209664	0	0	1	3	8	5	5	4	1	1	5	4	5	13	1	1	1	4	5	2	13	1	9	1	6	1	10	1		1	3	11	
113	1	23	15	11	臺北市	北投區	北投區承德路7段與吉利街口	25.11797281	121.5036945	0	0	2	2	6	6	5	14	9	1	4	4	5	13	4	4	9	4	5	2	16	1	6	1	5	1	10	1		2	2	11	
113	1	23	15	28	臺北市	中山區	中山區建國北路1段1號	25.046525	121.5369571	0	0	1	2	7	7	5	14	9	1	5	4	5	13	4	4	1	4	5	2	13	1	9	1	5	1	10	1		1	2	12	
113	1	23	15	52	臺北市	北投區	北投區石牌路1段158號	25.11443899	121.5132019	0	0	1	2	7	7	5	14	9	1	5	4	5	13	4	4	5	4	5	2	16	1	5	1	7	1	8	1		2	3	1	
113	1	23	15	54	臺北市	大同區	大同區承德路3段與民族西路口	25.0685757	121.518663	0	0	1	2	7	5	5	4	2	1	5	4	5	13	2	1	1	4	5	2	12	4	15	6	3	1	18	1		1	2	14	
113	1	23	17	11	臺北市	南港區	南港區南港路2段99號與南港路2段口	25.0542361	121.5970823	0	0	1	2	6	6	5	3	1	1	4	4	5	13	2	1	4	3	4	2	17	4	11	1	3	2	8	1		1	3	1	
113	1	23	17	17	臺北市	中正區	中正區重慶南路2段與愛國西路口	25.0347951	121.5127129	0	0	1	2	8	5	5	4	2	1	5	4	5	13	1	1	1	4	5	2	13	1	15	1	7	11	8	1		1	3	8	
113	1	23	17	25	臺北市	大安區	大安區忠孝東路4段55號	25.0416996	121.5454181	0	0	1	2	6	5	5	14	9	1	4	4	5	13	4	4	1	4	5	2	17	1	9	1	7	1	2	1		1	3	15	
113	1	23	17	45	臺北市	中山區	中山區林森北路與新生北路2段58巷口	25.055381	121.5254654	0	0	2	2	7	5	5	4	1	1	5	4	5	13	4	4	10	5	5	2	15	1	9	1	6	1	10	1		2	2	14	
113	1	23	17	50	臺北市	松山區	松山區南京東路3段300號	25.05167769	121.5459504	0	0	1	2	8	5	5	22	20	4	5	4	5	13	4	4	10	5	5	2	17	4	9	8	3	1	20	2		4	2	15	
113	1	23	18	0	臺北市	中正區	中正區衡陽路與博愛路口	25.04232383	121.5115182	0	0	1	2	7	5	5	4	2	1	5	4	5	13	1	1	9	4	5	2	16	1	6	1	5	2	10	1		1	3	12	
113	1	23	18	10	臺北市	中山區	中山區復興北路與民生東路3段口	25.0578758	121.5439966	0	0	1	2	8	5	8	4	1	1	5	4	5	13	1	1	1	3	5	1	17	1	9	1	6	2	10	1		1	2	11	
113	1	23	18	30	臺北市	信義區	信義區信安街與信安街103巷口	25.0253329	121.5565315	0	0	1	2	6	5	5	4	18	1	4	4	5	13	4	4	9	5	5	2	3	4	9	1	3	2	8	1		1	3	1	
113	1	23	18	30	臺北市	大同區	大同區承德路2段53巷與赤峰街口	25.05530278	121.5196521	0	0	1	2	7	6	5	4	1	1	5	4	5	13	4	4	10	5	5	1	15	1	9	1	6	1	10	1		1	3	12	
113	1	23	18	37	臺北市	信義區	信義區松仁路226號	25.0256678	121.5689067	0	0	1	2	6	5	5	14	9	1	4	4	5	13	4	4	9	4	5	2	18	1	9	1	6	9	10	1		2	2	12	
113	1	23	18	46	臺北市	中山區	中山區明水路往西北安國中前	25.0777135	121.5410974	0	0	1	2	8	5	5	14	9	1	5	4	5	13	4	4	1	4	5	1	17	1	9	1	6	1	10	1		2	2	14	
113	1	23	18	55	臺北市	中山區	中山區市民大道2段與林森北路口	25.047873	121.5241835	0	0	1	2	7	5	5	4	1	1	5	4	5	13	2	1	1	3	5	2	16	4	5	5	3	2	4	1		1	3	6	
113	1	23	18	55	臺北市	內湖區	內湖區新湖一路東向西(近路燈0305025)	25.06081627	121.5800652	0	0	1	3	6	5	8	14	9	1	4	4	5	13	4	4	5	5	5	2	17	1	15	1	7	2	8	1		1	3	4	
113	1	23	19	29	臺北市	中正區	中正區羅斯福路1段7號	25.033569	121.5175712	0	0	1	2	7	7	5	14	7	1	5	4	5	13	4	4	1	4	4	2	12	4	9	7	3	11	19	2		1	4	5	
113	1	23	19	32	臺北市	中山區	中山區北安路608巷4弄與北安路608巷14弄口	25.0814926	121.5502506	0	0	1	2	8	5	5	3	1	1	5	4	5	13	4	4	4	3	5	1	3	1	5	1	7	2	8	1		1	3	8	
113	1	23	20	7	臺北市	萬華區	萬華區康定路24號附近側附近	25.0446115	121.5029217	0	0	1	2	7	5	5	14	9	1	5	4	5	13	4	4	5	5	5	2	12	1	7	1	6	1	10	1		2	2	14	
113	1	23	20	40	臺北市	北投區	北投區大業路與豐年路2段口	25.1348952	121.4964239	0	0	1	2	8	5	8	4	1	1	5	4	5	13	2	1	1	3	1	1	17	1	5	1	7	1	8	1		2	3	17	2
113	1	23	20	47	臺北市	信義區	信義區基隆路1段149號	25.0425814	121.565504	0	0	1	2	7	5	5	14	9	1	5	4	5	13	4	4	10	4	5	2	17	1	15	1	7	1	8	1		1	3	2	
113	1	23	21	6	臺北市	中山區	中山區吉林路24號	25.0515021	121.5300109	0	0	1	2	8	5	5	14	9	1	5	4	5	13	4	4	4	3	5	1	17	1	11	1	7	1	4	1		1	3	7	
113	1	23	21	24	臺北市	北投區	北投區公館路423巷8弄與公館路口	25.1201657	121.5020014	0	0	1	2	8	5	5	3	1	1	5	4	5	13	3	1	9	4	5	2	17	4	5	1	3	1	10	1		2	3	11	
113	1	23	22	0	臺北市	萬華區	萬華區中華路1段與忠孝西路2段口	25.0474822	121.5101649	0	0	1	2	7	5	5	4	2	1	5	4	5	13	1	1	1	3	5	1	13	4	9	1	3	1	8	1		1	3	1	
113	1	23	22	25	臺北市	內湖區	內湖區新明路與新明路321巷口	25.0568665	121.5843616	0	0	1	3	8	5	5	3	2	1	5	4	1	11	2	1	5	4	5	1	17	1	6	1	6	1	10	1		1	2	12	
113	1	23	22	31	臺北市	松山區	松山區長春路與長春路339巷口	25.0544995	121.5447671	0	0	1	2	7	5	5	4	1	1	5	4	5	13	4	4	5	4	5	2	15	1	9	1	7	2	4	1		1	3	5	
113	1	23	23	6	臺北市	松山區	松山區健康路225巷與延壽街330巷17弄口	25.05489295	121.5623731	0	0	2	2	7	5	5	4	1	1	5	4	5	13	4	4	10	5	5	2	15	1	9	1	6	1	10	1		2	2	14	
113	1	23	23	16	臺北市	中山區	中山區新生北路1段與長安東路1段口	25.0481402	121.5294923	0	0	1	2	8	5	5	4	1	1	5	4	5	13	1	1	1	3	5	1	15	1	9	1	7	2	8	1		1	3	4	
113	1	24	0	47	臺北市	信義區	信義區信安街與嘉興街181巷口	25.0262242	121.5575654	0	0	1	2	7	5	5	4	2	1	5	4	5	13	2	1	9	5	5	2	3	1	5	1	7	2	8	1		1	3	8	
113	1	24	6	53	臺北市	內湖區	內湖區民權東路6段與瑞光路口	25.06883938	121.5842827	0	0	2	2	7	6	5	4	1	1	5	4	5	13	2	1	9	4	5	2	16	1	9	1	6	1	10	1		1	2	11	
113	1	24	7	0	臺北市	士林區	士林區仁民路東往西	25.13401744	121.545707	0	0	1	2	7	6	5	11	9	1	5	4	5	13	4	4	10	5	5	2	10	1	9	1	7	9	8	1		2	3	8	
113	1	24	7	40	臺北市	萬華區	萬華區萬大路與萬大路186巷口	25.02783905	121.5005227	0	0	2	2	7	6	5	3	1	1	5	4	5	13	2	1	10	5	5	2	16	1	5	1	6	1	10	1		2	2	12	
113	1	24	7	52	臺北市	文山區	文山區和平東路4段第232號燈桿前	25.004356	121.571537	0	0	1	2	7	6	5	11	9	1	5	4	5	13	4	4	4	5	5	1	18	1	9	1	6	1	10	1		1	2	12	
113	1	24	7	55	臺北市	文山區	文山區木柵路5段43巷2070123燈桿對面	25.00696652	121.5863078	0	0	1	2	7	6	5	11	9	1	4	4	5	13	4	4	5	5	5	2	18	4	9	1	3	9	10	1		1	2	14	
113	1	24	7	59	臺北市	士林區	士林區延平北路7段106巷與延平北路7段106巷327弄口	25.10453769	121.4959412	0	0	2	2	7	7	5	3	1	1	5	4	5	13	1	1	10	5	5	1	17	1	5	1	6	1	10	1		1	2	11	
113	1	24	8	0	臺北市	松山區	松山區松河街240號	25.05183517	121.5785974	0	0	1	2	7	6	5	14	9	1	5	4	5	13	4	4	9	5	5	2	13	1	9	1	6	1	10	1		2	2	12	
113	1	24	8	5	臺北市	北投區	北投區裕民一路與裕民一路40巷口	25.11653819	121.517197	0	0	1	2	7	7	5	3	2	1	5	4	5	13	4	4	10	5	5	2	18	1	5	1	5	9	10	1		1	2	12	
113	1	24	8	7	臺北市	信義區	信義區吳興街與吳興街345巷口	25.0265442	121.565958	0	0	1	2	8	7	5	3	1	1	5	4	5	13	4	4	9	5	5	2	17	4	6	1	3	1	8	1		1	3	8	
113	1	24	8	10	臺北市	士林區	士林區中山北路5段250號往南	25.0863362	121.5257892	0	0	1	2	8	6	5	14	9	1	5	4	5	13	4	4	4	3	5	1	9	1	12	1	7	9	1	1		1	3	17	
113	1	24	8	11	臺北市	士林區	士林區福華路173號	25.1044306	121.5220121	0	0	1	2	8	5	5	14	9	1	5	4	5	13	4	4	9	4	5	1	17	1	7	1	6	1	10	1		2	2	13	
113	1	24	8	22	臺北市	信義區	信義區虎林街74巷與永吉路236巷口	25.0437534	121.5753916	0	0	1	2	7	6	5	4	1	1	5	4	5	13	4	4	9	4	5	2	18	1	5	1	6	1	10	1		1	2	15	
113	1	24	8	57	臺北市	大同區	大同區長安西路與南京西路64巷口口	25.05059116	121.5182154	0	0	1	2	7	6	5	3	2	1	5	4	5	13	2	1	5	5	5	2	16	1	6	1	7	1	8	1		2	3	5	
113	1	24	9	0	臺北市	中正區	中正區惠安街5號前	25.02862832	121.5074575	0	0	2	2	8	7	5	14	9	1	5	4	5	13	4	4	10	5	5	2	3	1	9	1	6	2	10	1		1	2	11	
113	1	24	9	0	臺北市	內湖區	內湖區舊宗路2段五汐高架南下出口附近	25.07067861	121.5748775	0	0	1	3	7	6	5	14	9	1	5	4	5	13	1	1	1	3	5	1	12	1	7	1	6	2	10	1		2	2	14	
113	1	24	9	2	臺北市	內湖區	內湖區潭美街399號旁(機車停車格)	25.06064065	121.5926185	0	0	1	2	7	5	5	14	9	1	5	4	5	13	4	4	5	5	5	2	12	1	9	1	6	1	10	1		2	2	11	
113	1	24	9	4	臺北市	信義區	信義區福德街251巷與福德街口	25.0388951	121.5861112	0	0	1	3	8	7	5	4	1	1	5	4	5	13	1	1	5	5	5	2	17	4	5	8	3	1	20	1		2	2	14	
113	1	24	9	5	臺北市	中山區	中山區錦州街325號	25.06026636	121.5389759	0	0	2	4	7	7	5	14	9	1	5	4	5	13	4	4	8	5	5	1	17	1	14	1	7	1	4	1		1	3	6	
113	1	24	9	15	臺北市	內湖區	內湖區南京東路6段與行善路59巷口	25.0561614	121.5788707	0	0	1	2	8	7	5	4	1	1	4	4	5	13	1	1	10	3	1	1	17	4	6	1	3	1	8	1		2	3	6	
113	1	24	9	25	臺北市	內湖區	內湖區瑞光路與港墘路口	25.07637535	121.5749786	0	0	1	2	7	6	5	4	1	1	5	4	5	13	1	1	5	4	5	2	12	1	6	1	7	1	8	1		1	3	2	
113	1	24	9	34	臺北市	中正區	中正區臨沂街63巷與臨沂街口	25.03663935	121.5287546	0	0	1	2	8	6	5	4	1	1	5	4	5	13	4	4	10	5	5	2	15	1	9	1	7	9	8	1		1	3	1	
113	1	24	9	41	臺北市	文山區	文山區辛亥路7段與辛亥路7段26巷口口	24.9859461	121.5534609	0	0	1	2	7	5	5	3	2	1	5	4	5	13	2	1	5	5	4	2	17	1	9	1	5	2	10	1		1	2	11	
113	1	24	9	50	臺北市	內湖區	內湖區民善街與新湖一路口	25.0588317	121.5762509	0	0	1	2	7	5	5	4	1	1	5	4	5	13	1	1	5	4	5	2	3	1	5	3	7	1	18	1		2	3	8	
113	1	24	9	52	臺北市	中山區	中山區新生北路2段與錦州街口	25.0603016	121.527509	0	0	2	2	8	5	5	4	1	1	5	4	5	13	2	1	1	4	5	2	13	4	5	1	3	1	10	1		1	2	13	
113	1	24	9	53	臺北市	南港區	南港區市民大道8段與南港路1段277巷口口	25.05357601	121.6088501	0	0	1	2	7	6	5	4	1	1	5	4	5	13	2	1	10	4	5	2	17	4	6	1	3	11	10	2		1	4	12	
113	1	24	10	18	臺北市	信義區	信義區松山路與永吉路口	25.0455194	121.5778544	0	0	1	2	8	7	5	4	1	1	5	4	5	13	1	1	1	4	5	2	17	4	5	8	3	1	20	1		1	3	12	
113	1	24	10	21	臺北市	內湖區	內湖區成功路2段與安康路口	25.0619653	121.5910155	0	0	1	3	8	6	5	3	1	1	5	4	5	13	4	4	1	4	5	2	17	1	6	1	7	1	4	1		1	3	5	
113	1	24	10	38	臺北市	文山區	文山區興隆路4段105巷45號前	24.9879349	121.5629553	0	0	1	2	7	6	5	14	9	1	5	4	5	13	4	4	9	5	5	2	17	1	5	1	5	1	10	1		2	3	17	
113	1	24	11	20	臺北市	萬華區	萬華區青年路與青年路30巷口	25.02562994	121.5049637	0	0	1	2	7	5	5	3	1	1	5	4	5	13	3	1	5	5	5	2	3	4	9	1	7	2	4	1		1	3	8	
113	1	24	11	31	臺北市	大安區	大安區和平東路3段與基隆路2段口	25.0242122	121.5524636	0	0	1	2	8	6	5	4	1	1	5	4	5	13	1	1	1	4	5	2	16	1	8	1	5	1	10	1		1	2	12	
113	1	24	11	42	臺北市	南港區	南港區南港路1段271號與南港路1段277巷口	25.0547582	121.6087648	0	0	1	2	7	6	5	3	4	1	5	4	5	13	2	1	5	4	5	2	17	4	12	1	3	1	10	1		1	2	12	
113	1	24	11	42	臺北市	萬華區	萬華區中華路2段416巷與國興路口	25.0274417	121.5052275	0	0	1	2	7	7	5	4	1	1	5	4	5	13	1	1	8	3	5	2	15	1	9	1	5	1	10	1		1	3	11	
113	1	24	12	0	臺北市	內湖區	內湖區潭美街與安康路106巷口	25.06064041	121.5992423	0	0	1	2	8	5	5	4	1	1	4	4	5	13	1	1	4	3	5	1	13	4	6	1	3	1	8	1		1	3	6	
113	1	24	12	24	臺北市	大安區	大安區信義路3段與新生南路1段口	25.0336851	121.5329893	0	0	1	2	8	7	5	4	2	1	5	4	5	13	1	1	8	3	5	2	17	4	6	1	3	1	8	1		2	3	1	
113	1	24	12	35	臺北市	內湖區	內湖區成功路2段440號	25.07186293	121.5896825	0	0	1	2	8	6	8	14	9	1	5	4	5	13	2	1	1	4	5	2	17	1	8	1	5	2	10	1		2	3	13	
113	1	24	12	45	臺北市	中正區	中正區福州街56號與福州街口56號	25.0269367	121.5155583	0	0	1	2	8	6	5	3	2	1	5	4	3	10	4	4	1	5	5	1	17	4	15	8	3	11	20	2		4	3	15	
113	1	24	12	49	臺北市	中山區	中山區中山北路3段與民權西路口	25.0628683	121.5222188	0	0	1	2	7	7	5	4	2	1	5	4	5	13	4	4	1	4	5	2	12	4	7	1	6	2	10	1		1	2	14	
113	1	24	12	51	臺北市	中正區	中正區三元街96號	25.0286515	121.5096521	0	0	1	2	7	6	5	14	9	1	5	4	5	13	4	4	2	3	4	1	16	1	7	1	6	1	10	1		1	2	14	
113	1	24	13	19	臺北市	中正區	中正區南昌路2段與南昌路2段202巷口	25.0242333	121.5242122	0	0	2	2	8	7	5	4	2	1	5	4	5	13	1	1	5	5	5	2	16	1	5	1	6	1	10	1		1	2	11	
113	1	24	13	20	臺北市	中山區	中山區中山北路1段與市民大道1段口	25.0479497	121.5214332	0	0	1	2	7	6	5	4	1	1	5	4	5	13	1	1	5	4	4	2	13	4	9	1	3	1	10	1		1	2	11	
113	1	24	13	23	臺北市	萬華區	萬華區桂林路與西昌街口	25.0384071	121.5006511	0	0	1	2	7	7	5	4	1	1	5	4	5	13	1	1	8	3	5	2	17	1	6	1	5	1	10	1		1	3	17	
113	1	24	13	27	臺北市	文山區	文山區木新路3段232巷7弄與木新路3段232巷45弄口口	24.9817397	121.5585096	0	0	2	2	7	6	5	3	2	1	5	4	5	13	4	4	10	5	5	2	17	1	5	8	4	1	20	1		2	2	14	
113	1	24	13	28	臺北市	士林區	士林區中正路與文林路口口	25.09495773	121.5244703	0	0	1	2	8	6	5	4	2	1	5	4	5	13	2	1	3	4	5	2	16	1	7	1	6	1	10	1		2	2	14	
113	1	24	13	45	臺北市	文山區	文山區懷恩隧道（北向南）出口	24.9917639	121.5513496	0	0	1	2	7	6	5	6	9	1	5	4	5	13	4	4	10	2	5	2	19	1	9	1	6	1	10	1		1	2	11	
113	1	24	14	15	臺北市	萬華區	萬華區艋舺大道336巷(西園路2段50巷4弄11-1號前)	25.0324334	121.4960971	0	0	1	2	8	7	5	11	9	1	5	4	5	13	4	4	10	5	5	2	10	1	9	1	5	1	10	1		1	2	11	
113	1	24	14	40	臺北市	文山區	文山區木新路3段與忠順街1段26巷口	24.9815822	121.5599662	0	0	1	3	7	7	5	3	1	1	5	4	5	13	1	1	10	5	5	2	16	1	5	1	7	1	8	1		1	3	8	
113	1	24	15	11	臺北市	士林區	士林區延平北路5段與延平北路5段147巷口	25.08235472	121.5102477	0	0	3	3	8	6	5	3	2	1	5	4	5	13	4	4	1	4	5	1	17	1	7	1	5	2	10	1		2	2	14	
113	1	24	15	26	臺北市	大安區	大安區金山南路2段13巷7號	25.0333719	121.5280235	0	0	1	2	7	6	5	14	9	1	5	4	5	13	4	4	10	5	5	1	16	1	1	1	7	1	8	1		2	3	8	
113	1	24	15	37	臺北市	中山區	中山區松江路330巷與錦州街231巷口	25.06119179	121.5325283	0	0	2	2	7	7	5	4	2	1	5	4	5	13	4	4	10	5	5	1	15	1	9	1	5	4	10	1		2	2	14	
113	1	24	16	0	臺北市	中山區	中山區合江街36巷45號與合江街36巷口	25.05547237	121.5377583	0	0	2	2	7	7	5	3	1	1	5	4	5	13	4	4	10	5	5	2	15	4	9	1	6	1	10	1		1	2	11	
113	1	24	16	12	臺北市	信義區	信義區信義路5段8號	25.0329431	121.5609281	0	0	1	2	7	6	5	14	9	1	5	4	5	13	4	4	1	4	5	2	12	1	7	3	5	2	18	1		2	2	14	