年	月	日	時	分	縣市	行政區	allLocation	GoogleLat	GoogleLng	死	2-30	受傷	當事人數	天候	道路照明設備	道路類別	道路型態	事故位置	路面狀況1	路面狀況2	路面狀況3	道路障礙1	道路障礙2	號誌1	號誌2	車道劃分-分向	車道劃分-分道1	車道劃分-分道2	車道劃分-分道3	事故類型及型態	行動電話	當事者行動狀態	駕駛資格情形	保護裝置	飲酒情形	駕駛執照種類	個人肇逃否	肇因碼-主要	性別	受傷程度	車輛撞擊部位1	車輛撞擊部位2
113	1	24	16	15	臺北市	大安區	大安區和平東路2段365號	25.0247917	121.5464327	0	0	1	2	7	6	5	14	9	1	5	4	5	13	4	4	1	4	5	2	12	1	7	1	7	1	4	1		1	3	2	
113	1	24	16	29	臺北市	萬華區	萬華區康定路與長沙街2段口	25.03791809	121.4987946	0	0	1	2	7	7	5	4	1	1	5	4	5	13	1	1	9	4	5	2	17	1	6	1	7	1	8	1		1	3	17	
113	1	24	16	48	臺北市	萬華區	萬華區萬大路355號對面	25.02349868	121.4998133	0	0	1	2	8	7	5	14	9	1	5	4	5	13	1	1	1	5	5	2	17	1	8	8	4	1	20	1		2	2	12	
113	1	24	17	7	臺北市	信義區	信義區環東大道下基隆(平面處)	25.0470153	121.5679721	0	0	1	2	7	5	5	10	16	1	5	4	5	13	4	4	10	3	5	2	13	4	9	1	3	1	4	1		1	3	1	
113	1	24	17	39	臺北市	萬華區	萬華區環河南路2段與和平西路3段口	25.0357671	121.4945015	0	0	1	2	7	7	5	4	2	1	5	4	5	13	1	1	1	4	5	2	13	1	1	1	7	9	8	1		1	3	1	
113	1	24	17	53	臺北市	士林區	士林區重慶北路4段49巷15弄與重慶北路4段49巷口	25.08099977	121.5116945	0	0	1	2	8	6	5	4	2	1	5	4	5	13	4	4	9	5	5	1	15	1	9	1	5	2	10	1		2	2	12	
113	1	24	18	3	臺北市	信義區	信義區忠孝東路4段與基隆路1段口	25.0416026	121.5645857	0	0	2	3	7	5	5	5	1	1	5	4	5	13	2	1	1	4	5	1	13	4	9	1	3	1	9	1		1	2	11	
113	1	24	18	10	臺北市	南港區	南港區向陽路與重陽路口	25.0549665	121.5944135	0	0	2	2	8	5	5	4	2	1	5	4	5	13	1	1	5	4	5	2	13	1	9	1	5	1	10	1		1	2	11	
113	1	24	18	14	臺北市	北投區	北投區大度路2段1208613燈桿機慢車優先道	25.1224856	121.4803146	0	0	2	2	8	5	5	14	12	1	5	4	5	13	4	4	1	4	5	2	13	1	9	3	6	1	18	1		1	2	13	
113	1	24	18	41	臺北市	中山區	中山區民權東路2段41號	25.0626708	121.5300838	0	0	1	2	7	5	5	14	9	1	5	4	5	13	4	4	1	4	5	2	13	4	9	1	3	2	10	1		1	2	12	
113	1	24	18	45	臺北市	大安區	大安區仁愛路4段27巷與仁愛路4段27巷27弄口	25.0405987	121.5452217	0	0	1	4	7	5	5	4	1	1	5	4	5	13	4	4	10	5	5	2	15	4	9	1	3	1	10	1		1	2	12	
113	1	24	18	56	臺北市	南港區	南港區南港路2段與南港路2段41巷口	25.0529119	121.6032012	0	0	1	2	7	5	5	3	1	1	5	4	5	12	2	1	5	2	5	2	17	4	5	1	3	2	10	1		1	3	11	
113	1	24	19	6	臺北市	松山區	松山區八德路4段與塔悠路口	25.04996442	121.5721493	0	0	1	2	8	5	5	5	1	1	5	4	5	13	2	1	1	4	5	2	16	1	9	1	7	1	4	1		1	3	5	
113	1	24	19	22	臺北市	中山區	中山區吉林路148號	25.05632717	121.5301274	0	0	1	3	7	5	5	14	8	1	5	4	5	13	4	4	4	5	4	2	13	4	8	6	3	1	4	1		1	3	1	
113	1	24	19	33	臺北市	萬華區	萬華區和平西路3段與艋舺大道口	25.0340907	121.5046564	0	0	1	3	7	5	5	4	1	1	5	4	5	13	2	1	1	3	5	1	13	4	10	1	3	1	10	1		1	2	15	
113	1	24	19	38	臺北市	士林區	士林區中山北路4段67號	25.0803332	121.5243644	0	0	1	2	8	5	5	11	9	1	5	4	5	13	4	4	2	5	5	1	13	1	9	1	5	1	10	1		1	3	11	
113	1	24	19	55	臺北市	士林區	士林區中山北路5段與文林路口口	25.0855828	121.5257119	0	0	1	2	7	5	5	4	1	1	5	4	5	13	1	1	1	2	1	1	12	1	11	1	7	1	8	1		1	3	7	
113	1	24	19	56	臺北市	內湖區	內湖區內湖路2段44號停車格	25.08106716	121.5863653	0	0	2	5	8	5	5	14	9	1	5	4	5	13	4	4	9	5	5	2	9	1	9	1	5	2	10	1		1	2	11	
113	1	24	20	10	臺北市	中山區	中山區新生北路1段林森公園停車場出口	25.05264982	121.5274488	0	0	1	2	8	5	6	14	9	1	5	4	5	13	4	4	1	3	5	1	9	1	9	1	7	2	8	1		1	3	5	
113	1	24	20	45	臺北市	信義區	信義區松仁路與松壽路口	25.0358901	121.5682564	0	0	1	3	7	5	5	14	9	1	5	4	5	13	1	1	10	4	5	2	17	1	6	1	7	2	8	1		1	3	5	
113	1	24	20	52	臺北市	中山區	中山區建國高架道	25.05652469	121.5369281	0	0	1	2	7	5	5	10	7	1	5	4	5	13	4	4	1	3	5	2	13	4	9	1	3	2	8	1		1	2	1	
113	1	24	20	56	臺北市	萬華區	萬華區內江街29號	25.0416171	121.5063921	0	0	1	2	7	5	5	14	9	1	5	4	5	13	4	4	10	3	5	2	16	1	10	1	5	2	10	1		2	2	13	
113	1	24	21	8	臺北市	松山區	松山區三民路與富錦街口	25.0609381	121.5632747	0	0	1	2	8	5	5	4	1	1	5	4	5	13	2	2	9	4	5	2	15	1	9	1	7	1	8	1		1	3	4	
113	1	24	21	13	臺北市	大安區	大安區羅斯福路5段與基隆路4段口公館圓環	25.011197	121.5374179	0	0	1	2	7	5	5	5	1	1	5	4	5	13	1	1	10	4	5	2	10	1	7	1	6	1	10	1		1	2	11	
113	1	24	21	20	臺北市	文山區	文山區景中街與景文街口	24.9928937	121.5413004	0	0	1	2	8	5	5	4	1	1	5	4	5	13	2	1	1	4	5	2	16	1	5	1	7	2	8	1		1	3	1	
113	1	24	22	0	臺北市	中山區	(中山北路1段58號前)	25.04858197	121.5208916	0	0	2	3	7	5	5	14	9	1	5	4	5	13	4	4	5	4	5	2	16	4	6	1	3	2	8	1		1	3	2	
113	1	24	22	4	臺北市	大同區	大同區環河快速道路與涼州街口	25.0605055	121.5083899	0	0	1	2	8	5	5	14	7	1	5	4	5	13	4	4	1	4	5	2	17	4	7	1	3	2	8	1		1	3	17	
113	1	24	22	28	臺北市	士林區	士林區格致路與格致路8巷口	25.1359153	121.5461818	0	0	1	2	8	5	5	3	1	1	5	4	5	13	4	4	10	5	5	1	14	1	2	1	7	2	8	1		1	3	3	
113	1	25	0	14	臺北市	士林區	士林區中山北路6段315巷22弄與天母橋口	25.1137347	121.5256861	0	0	1	2	8	5	5	3	1	1	5	4	5	13	4	4	10	5	5	1	15	1	9	1	7	2	4	1		1	3	1	
113	1	25	6	1	臺北市	中山區	中山區松江路與農安街口	25.06469156	121.5331586	0	0	1	2	7	5	5	4	1	1	5	4	5	13	1	1	3	4	5	2	2	1	5	1	7	1	8	1		1	3	8	
113	1	25	6	7	臺北市	信義區	信義區吳興街220巷與吳興街口	25.0277648	121.5630823	0	0	2	2	7	5	5	4	1	1	5	4	5	13	2	1	10	5	5	2	17	1	5	6	5	9	10	1		1	2	11	
113	1	25	6	14	臺北市	中正區	中正區和平西路1段與牯嶺街口	25.0263996	121.5192152	0	0	1	2	7	5	5	4	2	1	4	4	5	13	1	1	1	4	5	2	17	1	5	1	7	2	4	1		1	3	4	
113	1	25	6	33	臺北市	信義區	信義區吳興街220巷33號	25.0270219	121.5623091	0	0	1	2	7	7	5	4	2	1	5	4	5	13	1	1	5	5	5	2	17	1	5	1	7	1	2	1		1	3	17	
113	1	25	6	39	臺北市	萬華區	萬華區中華路2段606巷6號對面	25.0237443	121.509805	0	0	1	2	8	5	5	14	9	1	4	4	5	13	4	4	9	5	5	2	12	1	1	1	5	9	9	1		1	2	14	
113	1	25	7	41	臺北市	松山區	松山區民權東路3段122號	25.0620119	121.544896	0	0	2	4	7	5	5	14	9	1	5	4	5	13	4	4	1	3	5	2	13	1	9	1	6	1	10	1		1	2	11	
113	1	25	7	54	臺北市	松山區	松山區八德路4段與東寧路口	25.0486263	121.5628589	0	0	1	2	7	6	5	4	1	1	5	4	5	13	1	1	5	4	5	2	16	1	6	1	7	1	8	1		1	3	6	
113	1	25	8	0	臺北市	內湖區	內湖區成功路2段與成功路2段456巷口	25.07264954	121.5897362	0	0	1	3	6	7	5	14	9	1	4	4	5	13	4	4	1	4	5	2	12	1	7	1	6	2	10	1		1	2	14	
113	1	25	8	0	臺北市	大安區	大安區樂利路11巷與通化街200巷口	25.0283412	121.5516154	0	0	1	2	7	6	5	4	1	1	5	4	5	13	4	4	10	5	5	2	16	4	5	1	6	1	10	1		1	2	14	
113	1	25	8	6	臺北市	中山區	中山區民權東路2段144號	25.06242543	121.5341173	0	0	1	2	8	7	5	14	9	1	5	4	5	13	4	4	1	4	5	2	17	4	9	1	3	9	8	1		2	3	17	
113	1	25	8	13	臺北市	中山區	中山區松江路402巷7弄與農安街口	25.0648304	121.5326402	0	0	2	3	7	5	5	3	1	1	5	4	5	13	4	4	10	5	5	2	16	1	5	1	7	1	8	1		1	3	4	
113	1	25	8	39	臺北市	內湖區	內湖區瑞湖街161號	25.06851504	121.5764585	0	0	1	2	6	6	5	14	9	2	4	4	5	13	4	4	9	4	5	2	16	1	6	1	7	1	8	1		1	3	2	
113	1	25	8	40	臺北市	萬華區	萬華區堤外便道與水源快速道路口匝道處	25.0161998	121.4983426	0	0	1	3	7	6	5	3	1	1	4	4	5	13	4	4	1	5	5	2	17	1	6	1	7	1	4	1		1	3	2	
113	1	25	8	50	臺北市	中山區	中山區長春路16號	25.0549283	121.523609	0	0	3	3	6	5	5	14	8	1	4	4	5	13	4	4	5	5	4	2	17	4	9	1	3	1	10	1		1	2	11	
113	1	25	9	0	臺北市	南港區	南港區中南街33號	25.0540704	121.615256	0	0	1	3	6	7	8	14	9	1	4	4	5	13	4	4	10	5	5	2	3	5	16	8	4	1	20	1		1	3	16	
113	1	25	9	0	臺北市	松山區	松山區三民路與民生東路5段口	25.05874657	121.5637857	0	0	1	2	6	6	5	18	9	1	4	4	5	13	2	1	1	4	5	2	17	4	21	1	3	9	10	2		1	4	17	
113	1	25	9	10	臺北市	文山區	文山區一壽街與一壽街17巷口	24.9794357	121.5566871	0	0	1	2	7	6	5	4	1	1	4	4	5	13	4	4	9	5	5	2	15	1	9	1	6	1	10	1		1	3	17	
113	1	25	9	19	臺北市	松山區	松山區南京東路3段342號	25.0516776	121.5477574	0	0	2	2	6	6	5	14	7	1	4	4	5	13	1	1	1	4	4	2	13	1	9	1	6	1	10	1		1	2	11	
113	1	25	9	25	臺北市	內湖區	內湖區洲子街70號	25.07964923	121.5720473	0	0	2	2	6	6	5	14	9	1	4	4	5	13	4	4	9	5	5	2	3	1	9	1	5	1	10	1		1	2	14	
113	1	25	9	30	臺北市	北投區	北投區石牌路1段71巷與石牌路1段71巷9弄口	25.1141079	121.5110442	0	0	2	2	6	6	5	4	1	1	4	4	5	13	4	4	10	5	5	2	15	1	9	1	6	1	10	1		2	2	11	
113	1	25	9	30	臺北市	大同區	大同區通河西街堤外便道	25.0775293	121.5183588	0	0	1	2	6	5	5	22	9	1	4	4	5	13	4	4	1	5	5	2	17	4	21	7	3	11	19	2		2	4	15	
113	1	25	9	43	臺北市	文山區	文山區木新路3段95巷52弄與木新路3段127巷12弄口	24.98114265	121.5617628	0	0	1	2	6	6	5	3	1	1	4	4	5	13	4	4	10	5	5	2	16	1	5	1	7	1	8	1		1	3	7	
113	1	25	9	47	臺北市	大安區	大安區延吉街131巷與光復南路116巷口(廢鐵道)	25.0430033	121.5562175	0	0	1	2	7	6	5	4	1	1	4	4	5	13	4	4	1	5	5	2	16	1	5	1	6	1	10	1		2	2	11	
113	1	25	11	0	臺北市	信義區	信義區基隆路1段與一之六號道路口	25.0342825	121.5605254	0	0	1	2	7	6	5	3	2	1	5	4	5	13	4	4	3	3	5	2	16	4	6	1	3	9	8	1		1	3	5	
113	1	25	11	9	臺北市	萬華區	萬華區西寧南路與漢口街2段口	25.0455811	121.5067398	0	0	2	2	8	6	5	4	2	1	5	4	5	13	2	1	9	4	5	2	17	1	7	1	6	9	10	1		1	2	14	
113	1	25	11	34	臺北市	大同區	大同區重慶北路3段與重慶北路3段236巷口	25.07049	121.5137649	0	0	1	2	7	6	5	4	2	1	5	4	5	13	2	1	1	3	5	1	16	1	9	1	7	2	1	1		1	3	1	
113	1	25	12	58	臺北市	中正區	中正區忠孝東路2段134巷16號	25.04102399	121.531546	0	0	2	3	6	6	5	14	9	1	4	4	5	13	4	4	5	5	5	2	13	1	9	1	5	1	10	1		1	2	11	
113	1	25	13	2	臺北市	中山區	中山區南京東路2段與吉林路口	25.052156	121.5303511	0	0	1	2	6	7	5	4	2	1	4	4	5	13	1	1	1	4	4	2	13	1	9	1	7	1	8	1		1	3	1	
113	1	25	13	50	臺北市	內湖區	內湖區民權東路6段180巷70弄與民權東路6段180巷42弄口口	25.06663153	121.5919779	0	0	1	3	6	6	5	14	9	1	4	4	5	13	4	4	10	5	5	2	17	1	9	1	6	1	10	1		2	2	11	
113	1	25	14	16	臺北市	大同區	大同區承德路3段與庫倫街口	25.07188416	121.5188751	0	0	1	2	6	6	5	14	9	1	4	4	5	13	2	1	1	3	5	1	17	1	8	1	7	1	10	1		1	3	17	
113	1	25	15	6	臺北市	松山區	松山區八德路4段245巷與東興路口無名巷	25.0499985	121.5645822	0	0	1	2	6	7	5	4	1	1	4	4	1	13	2	1	5	4	5	2	1	1	5	1	7	1	4	1		1	3	5	
113	1	25	15	11	臺北市	大同區	大同區延平北路3段與民族西路口	25.0685607	121.5108245	0	0	1	2	6	6	5	5	2	1	4	4	5	13	4	4	5	5	5	2	16	1	6	1	7	1	8	1		1	3	2	
113	1	25	15	44	臺北市	松山區	松山區八德路4段與八德路4段17巷口	25.04831074	121.5584559	0	0	1	2	7	6	5	3	1	1	4	4	5	13	4	4	4	3	5	2	17	1	9	1	6	1	10	1		1	2	14	
113	1	25	16	20	臺北市	中正區	中正區市民大道1段168號	25.04810335	121.5194993	0	0	1	2	6	7	5	14	9	1	4	4	5	13	4	4	1	4	5	2	13	1	7	3	6	2	18	1		1	2	11	
113	1	25	16	21	臺北市	內湖區	內湖區康樂街72巷與康樂街72巷17弄口	25.06959208	121.6178087	0	0	3	3	6	6	5	3	1	1	4	4	5	13	4	4	5	5	5	2	11	1	5	2	5	1	18	1		1	2	12	
113	1	25	16	29	臺北市	松山區	松山區撫遠街435號	25.07016242	121.5681296	0	0	1	2	7	6	5	14	8	1	4	4	5	13	4	4	1	3	4	2	17	1	13	1	3	1	8	1		1	3	4	
113	1	25	16	30	臺北市	萬華區	萬華區雙園街3號	25.0288778	121.4953999	0	0	1	2	6	7	5	14	9	1	4	4	5	13	4	4	1	4	5	2	17	1	10	1	6	1	10	1		2	2	11	
113	1	25	16	35	臺北市	信義區	信義區忠孝東路5段2號	25.0411696	121.5673402	0	0	1	2	6	6	5	14	9	1	4	4	5	13	4	4	1	4	5	2	13	1	9	1	5	1	10	1		1	2	11	
113	1	25	16	50	臺北市	北投區	北投區大度路1段1205091燈桿	25.121552	121.4961973	0	0	1	2	6	5	5	14	12	1	4	4	5	13	4	4	3	4	3	1	9	1	9	3	5	1	18	1		2	2	11	
113	1	25	17	11	臺北市	文山區	文山區和平東路4段與萬寧街口口	25.00499243	121.5679084	0	0	1	2	6	5	5	5	1	1	4	4	5	13	2	1	10	5	5	2	3	1	9	1	5	2	10	1		2	2	11	
113	1	25	17	27	臺北市	內湖區	內湖區康寧路3段與東湖路口	25.06902724	121.6120305	0	0	1	2	6	5	8	3	2	1	4	4	5	13	1	1	1	4	4	2	12	1	9	1	7	1	8	1		2	3	5	
113	1	25	17	41	臺北市	信義區	信義區松仁路280號	25.0234737	121.5698639	0	0	1	2	6	5	5	11	9	1	4	4	5	13	3	1	9	5	5	2	17	4	5	1	3	2	10	1		1	2	12	
113	1	25	17	45	臺北市	中正區	中正區羅斯福路2段與和平西路1段口	25.0271515	121.5222184	0	0	2	2	6	5	5	4	1	1	4	4	5	13	1	1	2	4	5	2	15	1	9	1	6	1	10	1		1	2	12	
113	1	25	17	45	臺北市	松山區	松山區敦化北路與敦化北路4巷口	25.050132	121.5486042	0	0	1	2	6	6	5	3	1	1	4	4	5	13	1	1	4	3	1	2	3	1	9	1	3	1	8	1		1	3	1	
113	1	25	17	50	臺北市	中正區	中正區和平西路1段62號	25.0264071	121.5193385	0	0	1	2	6	5	5	14	8	1	4	4	3	13	4	4	1	4	4	2	12	1	9	1	5	1	10	1		1	2	11	
113	1	25	18	2	臺北市	中山區	中山區林森北路119巷與新生北路1段口	25.0503854	121.5280178	0	0	1	2	6	5	5	4	1	1	4	4	5	13	1	1	1	3	5	1	16	1	6	1	6	1	10	1		1	2	14	
113	1	25	18	8	臺北市	中正區	中正區林森北路與忠孝東路1段口	25.04487966	121.5233648	0	0	2	4	6	5	5	4	1	1	4	4	5	13	2	1	1	4	5	2	17	1	11	1	5	1	10	1		1	3	17	
113	1	25	18	10	臺北市	中山區	中山區民生東路2段與復興北路口	25.0578753	121.5441433	0	0	1	2	6	5	5	4	1	1	4	4	5	13	1	1	1	4	5	2	17	4	8	1	3	1	10	1		2	2	15	
113	1	25	18	25	臺北市	文山區	文山區羅斯福路6段與景中街口	24.9932495	121.5410372	0	0	2	2	6	5	5	4	18	1	4	4	5	13	2	1	1	4	5	2	9	1	9	1	5	1	10	1		1	2	11	
113	1	25	18	31	臺北市	中正區	中正區西藏路116號	25.0302742	121.5049219	0	0	2	2	6	5	5	14	9	1	4	4	5	13	1	1	1	4	5	2	9	5	16	8	4	10	20	1		2	2	16	
113	1	25	18	35	臺北市	信義區	信義區基隆路2段107號	25.0295204	121.5575557	0	0	1	2	6	5	5	14	9	1	4	4	5	13	4	4	1	4	5	2	18	1	9	1	5	1	10	1		1	2	14	
113	1	25	18	44	臺北市	士林區	士林區後港街與劍潭路口	25.0841712	121.5227474	0	0	1	2	6	5	5	4	2	1	4	4	5	13	4	4	10	4	5	2	3	5	16	8	4	10	20	2		4	2	16	
113	1	25	18	54	臺北市	信義區	信義區仁愛路4段與逸仙路口	25.0377477	121.5615497	0	0	1	2	7	5	5	4	2	1	4	4	5	13	1	1	5	4	5	1	2	1	6	1	7	1	4	1		1	3	5	
113	1	25	18	58	臺北市	內湖區	內湖區成功路2段299號	25.06941795	121.5911086	0	0	1	2	6	5	5	14	9	1	4	4	5	13	4	4	1	5	5	2	17	1	15	1	7	9	8	2		1	3	15	
113	1	25	19	0	臺北市	信義區	信義區松德路200巷與信義路5段91巷口	25.034724	121.571789	0	0	1	2	6	5	5	3	2	1	4	4	5	13	4	4	9	4	5	2	17	1	5	1	7	9	8	1		1	3	5	
113	1	25	19	0	臺北市	文山區	文山區一壽街17巷與樟新街15巷口	24.9794086	121.5566157	0	0	1	2	6	5	5	14	9	2	4	4	5	13	4	4	10	5	5	2	9	4	9	1	5	1	10	1		2	2	11	
113	1	25	19	10	臺北市	大同區	大同區民權西路136號	25.0628287	121.5164908	0	0	1	2	6	5	5	14	9	1	4	4	5	13	4	4	1	4	5	2	17	1	9	1	5	1	10	1		1	2	11	
113	1	25	19	50	臺北市	士林區	士林區中正路與延平北路5段口	25.0870088	121.5097921	0	0	1	2	6	5	6	4	2	1	4	4	5	13	1	1	10	4	5	2	18	1	12	1	6	1	10	1		2	2	14	
113	1	25	20	5	臺北市	中山區	中山區民生西路7號	25.0578493	121.5217866	0	0	1	2	6	5	5	14	9	1	4	4	5	13	4	4	9	4	5	2	9	1	12	1	7	1	1	1		1	3	17	
113	1	25	20	10	臺北市	信義區	信義區松勇路31號	25.0369152	121.5697777	0	0	2	2	8	5	5	14	9	1	5	4	5	13	4	4	8	3	5	2	3	4	15	1	3	1	10	1		1	2	11	
113	1	25	21	5	臺北市	大同區	大同區鄭州路與西寧北路口	25.0505849	121.5081686	0	0	1	2	6	5	5	4	1	1	4	4	5	13	2	1	1	4	5	2	17	4	5	1	6	1	10	1		2	2	14	
113	1	25	21	10	臺北市	士林區	士林區承德路5段往南	25.0951891	121.5142614	0	0	3	3	7	5	5	14	11	1	4	4	5	13	4	4	1	4	5	2	13	1	9	1	6	2	10	1		1	2	11	
113	1	25	22	7	臺北市	大安區	大安區信義路2段198巷與永康街17巷口	25.0323733	121.5307223	0	0	1	2	6	5	5	4	1	1	4	4	5	13	4	4	10	5	5	2	17	1	9	1	7	1	4	1		1	3	4	
113	1	25	22	12	臺北市	大安區	大安區敦化南路1段295巷與仁愛路4段122巷口	25.0354827	121.5502552	0	0	1	2	6	5	5	4	1	1	4	4	5	13	4	4	10	5	5	1	15	1	9	1	5	1	10	1		1	2	11	
113	1	25	22	17	臺北市	南港區	南港區松河街與中坡北路口	25.05201365	121.579854	0	0	2	2	7	5	5	14	9	1	4	4	5	13	4	4	5	5	5	2	16	1	8	1	5	1	10	1		1	2	12	
113	1	26	3	25	臺北市	中山區	中山區中山北路2段與錦州街口	25.0603416	121.5233229	0	0	1	2	7	5	5	4	2	1	5	4	5	13	1	1	5	4	5	2	17	4	11	1	3	1	10	1		1	2	11	
113	1	26	4	44	臺北市	萬華區	萬華區忠孝橋往北市下橋處	25.0484774	121.5077545	0	0	1	2	8	5	5	14	9	1	5	4	5	13	4	4	1	4	5	2	12	4	9	1	3	1	4	1		1	3	2	
113	1	26	6	10	臺北市	大安區	大安區臥龍街與臥龍街151巷口	25.0182376	121.5509792	0	0	1	2	7	5	5	5	1	1	4	4	5	13	1	1	5	4	5	1	16	1	5	1	7	1	8	1		1	3	1	
113	1	26	7	2	臺北市	文山區	文山區忠順街2段與興隆路4段165巷口	24.9847665	121.5633796	0	0	1	2	7	5	5	3	1	1	4	4	5	13	4	4	9	5	5	1	16	1	5	1	7	2	8	1		1	3	8	
113	1	26	7	30	臺北市	北投區	北投區承德路6段與文承路口	25.104563	121.5121708	0	0	2	2	7	7	5	3	1	1	5	4	5	13	2	1	1	4	4	2	13	1	9	1	6	1	10	1		1	2	11	
113	1	26	8	5	臺北市	內湖區	內湖區新湖三路與新湖二路250巷口	25.06588923	121.5816747	0	0	2	2	8	5	5	14	9	1	5	4	5	13	4	4	5	5	5	2	17	1	9	1	5	1	10	1		2	2	11	
113	1	26	8	6	臺北市	中山區	中山區民生東路1段與林森北路口	25.0580815	121.5255356	1	0	0	2	7	6	5	5	1	1	5	4	5	13	2	1	5	4	5	2	16	1	5	1	7	2	3	1		1	3	8	
113	1	26	8	15	臺北市	南港區	南港區向陽路120巷2弄與重陽路39巷口	25.0551578	121.596016	0	0	1	2	8	6	5	4	2	1	5	4	5	13	1	1	10	5	5	2	1	4	9	1	3	2	8	1		1	3	1	
113	1	26	8	18	臺北市	北投區	北投區大度路3段與立功街口	25.12322944	121.46947	0	0	1	2	8	7	5	3	2	1	5	4	5	13	2	1	3	4	5	1	17	1	4	1	6	1	10	1		2	2	12	
113	1	26	8	23	臺北市	士林區	士林區通河西街1段堤外機車練習場	25.08317733	121.5132708	0	0	3	3	7	6	5	14	9	1	5	4	5	13	4	4	9	5	5	2	17	1	4	1	6	1	9	1		1	2	11	
113	1	26	8	30	臺北市	內湖區	內湖區舊宗路2段121巷與瑞湖街口	25.0689551	121.5765793	0	0	1	2	7	6	5	4	18	1	5	4	5	13	2	1	5	5	5	2	2	1	5	1	7	2	8	1		1	3	1	
113	1	26	8	30	臺北市	大安區	大安區愛國東路與金山南路2段口	25.0316237	121.5267339	0	0	1	2	8	6	5	4	1	1	5	4	5	13	2	1	10	5	5	2	12	4	9	1	6	1	10	1		1	3	14	
113	1	26	8	58	臺北市	大安區	大安區復興南路2段151巷與復興南路2段151巷35弄口	25.0283705	121.545059	0	0	1	2	7	6	6	3	1	1	5	4	5	13	4	4	5	2	5	1	16	1	9	1	5	1	10	1		1	2	14	
113	1	26	10	35	臺北市	中山區	中山區中山北路2段與長春路口	25.0549644	121.5228033	0	0	1	2	8	7	5	4	1	1	5	4	5	13	4	4	5	2	5	2	17	1	6	1	7	1	8	1		1	3	2	
113	1	26	10	40	臺北市	北投區	北投區行義路241號	25.1347108	121.5287167	0	0	1	2	8	7	5	11	9	1	5	4	5	13	4	4	4	5	5	1	11	1	15	1	7	1	8	1		2	3	8	
113	1	26	10	56	臺北市	中正區	中正區金山南路1段35號	25.03992789	121.5290345	0	0	1	2	7	6	5	14	9	1	5	4	5	13	4	4	3	4	5	2	17	1	15	1	2	2	8	1		1	3	17	
113	1	26	11	2	臺北市	大同區	大同區蘭州街與蘭州街89巷口	25.0643864	121.515275	0	0	1	2	7	6	5	5	2	1	5	4	5	13	4	4	5	5	5	2	13	1	9	1	6	9	10	1		2	2	11	
113	1	26	11	8	臺北市	大同區	大同區酒泉街與迪化街2段口	25.0720258	121.5132318	0	0	1	2	8	6	5	3	1	1	5	4	5	13	2	1	5	2	5	2	16	4	5	1	5	1	10	1		1	2	14	
113	1	26	11	15	臺北市	內湖區	內湖區瑞光路與民權東路6段口	25.06885515	121.5842064	0	0	1	2	7	7	5	14	9	1	5	4	5	13	1	1	4	3	5	1	17	1	9	1	6	1	10	1		2	2	14	
113	1	26	11	20	臺北市	士林區	士林區延平北路7段106巷94弄與延平北路7段106巷口	25.0991942	121.4962441	0	0	1	2	8	5	5	3	1	1	5	4	5	13	4	4	10	5	5	2	17	1	5	1	7	1	8	1		1	3	8	
113	1	26	11	25	臺北市	大同區	大同區民權西路與民權西路144巷口	25.0628478	121.5157589	0	0	3	3	8	6	5	14	9	1	5	4	5	13	2	1	1	4	5	2	13	1	9	1	5	1	10	1		1	2	11	
113	1	26	11	42	臺北市	文山區	文山區景興路與景興路153巷口	24.993722	121.544552	0	0	1	2	7	6	5	3	18	1	5	4	5	13	2	1	10	5	5	2	3	1	5	1	7	2	8	1		1	3	1	
113	1	26	11	56	臺北市	北投區	北投區中央北路2段與大業路口	25.1361534	121.4969071	0	0	1	2	7	6	5	4	2	1	5	4	5	13	2	1	5	4	5	2	17	1	9	1	6	9	10	1		2	2	17	
113	1	26	12	0	臺北市	北投區	北投區石牌路2段與天母西路口	25.119222	121.5219221	0	0	1	2	8	7	5	3	1	2	5	4	5	13	3	1	5	4	5	2	15	1	1	1	7	1	1	1		1	3	8	
113	1	26	12	27	臺北市	中正區	中正區市民大道2段與天津街口	25.0477893	121.5223444	0	0	1	2	7	6	5	4	2	1	5	4	5	13	1	1	10	5	5	2	16	1	1	1	2	2	8	1		2	3	6	
113	1	26	12	50	臺北市	內湖區	內湖區安康路282號	25.06443794	121.6056253	0	0	1	2	7	5	5	14	9	1	5	4	5	13	4	4	9	5	5	2	17	1	5	1	7	2	8	1		1	3	8	
113	1	26	13	30	臺北市	內湖區	內湖區行善路與行愛路口	25.0606306	121.5826703	0	0	1	2	7	6	5	4	1	1	5	4	5	13	2	1	9	4	4	2	16	1	5	1	7	1	4	1		1	3	6	
113	1	26	13	47	臺北市	信義區	信義區永吉路30巷與松隆路口	25.0443629	121.5686825	0	0	1	2	7	7	5	14	18	1	5	4	5	13	1	1	3	4	5	2	1	4	5	1	3	1	8	1		1	3	8	
113	1	26	13	55	臺北市	文山區	文山區基隆路4段與羅斯福路4段口	25.0109408	121.5370306	0	0	1	2	7	6	5	5	1	1	5	4	5	13	2	1	1	4	1	1	16	1	6	1	7	2	8	1		1	3	2	
113	1	26	14	17	臺北市	南港區	南港區向陽路162巷與重陽路57巷口	25.0563668	121.5963133	0	0	1	2	8	7	5	4	1	1	5	4	5	13	4	4	9	5	5	2	15	4	9	1	3	1	4	1		1	3	7	