年	月	日	時	分	縣市	行政區	allLocation	GoogleLat	GoogleLng	死	2-30	受傷	當事人數	天候	道路照明設備	道路類別	道路型態	事故位置	路面狀況1	路面狀況2	路面狀況3	道路障礙1	道路障礙2	號誌1	號誌2	車道劃分-分向	車道劃分-分道1	車道劃分-分道2	車道劃分-分道3	事故類型及型態	行動電話	當事者行動狀態	駕駛資格情形	保護裝置	飲酒情形	駕駛執照種類	個人肇逃否	肇因碼-主要	性別	受傷程度	車輛撞擊部位1	車輛撞擊部位2
113	1	26	14	30	臺北市	北投區	北投區大度路3段與立功街口口	25.12319854	121.4691773	0	0	1	2	8	5	5	3	2	1	5	4	5	13	4	4	3	4	5	2	13	1	9	1	7	1	8	1		1	3	1	
113	1	26	14	36	臺北市	中正區	中正區中山南路與徐州路口	25.0416697	121.5185497	0	0	1	2	7	6	5	3	2	1	5	4	5	13	2	1	9	4	1	1	13	1	9	1	7	2	2	1		1	3	1	
113	1	26	14	44	臺北市	信義區	信義區信義路5段8號	25.0329558	121.5607131	0	0	1	2	8	5	5	14	9	1	5	4	5	13	4	4	5	5	5	2	13	1	9	1	5	1	10	1		2	2	11	
113	1	26	14	49	臺北市	大安區	大安區復興南路1段與復興南路1段107巷口	25.0436003	121.5439657	0	0	2	3	7	6	5	3	1	1	5	4	5	13	2	1	1	4	5	1	16	4	6	1	3	1	4	1		1	3	5	
113	1	26	15	44	臺北市	中山區	中山區民族東路336號與民族東路口	25.0681433	121.5365781	0	0	1	2	7	6	5	5	1	1	5	4	5	13	2	1	1	4	5	2	16	1	5	1	7	2	8	1		1	3	5	
113	1	26	15	59	臺北市	中山區	中山區錦州街338號	25.0602284	121.5388661	0	0	1	4	8	5	5	14	9	1	5	4	5	13	4	4	9	5	5	2	13	4	9	1	3	2	10	1		1	2	13	
113	1	26	16	15	臺北市	文山區	文山區秀明路2段與新光路1段口	24.9916075	121.5737692	0	0	1	2	8	5	5	4	1	1	5	4	5	13	2	1	10	5	5	1	13	1	15	1	7	1	8	1		1	3	1	
113	1	26	16	30	臺北市	北投區	北投區榮華三路與明德路口	25.1140624	121.5222596	0	0	2	3	7	6	5	3	1	1	5	4	5	13	3	1	9	4	5	2	17	1	6	1	7	1	8	1		2	3	5	
113	1	26	16	30	臺北市	士林區	士林區百齡橋005燈桿	25.0901351	121.5148367	0	0	2	2	8	6	5	8	11	1	5	4	5	13	4	4	3	4	4	1	13	4	9	2	3	1	18	1		1	2	11	
113	1	26	16	45	臺北市	中山區	中山區民生東路2段149號	25.0580873	121.5346787	0	0	2	3	8	7	5	14	9	1	5	4	5	13	4	4	1	4	5	2	17	1	14	1	7	1	2	1		1	3	17	
113	1	26	16	53	臺北市	大安區	大安區光復南路390號	25.03716296	121.557524	0	0	2	3	7	6	5	14	9	1	5	4	5	13	4	4	1	4	5	1	12	4	8	1	3	1	4	1		2	3	4	
113	1	26	17	20	臺北市	松山區	松山區民權東路5段與民權東路5段口1號無名巷	25.0631773	121.5649087	0	0	1	2	7	7	5	3	1	1	5	4	5	13	2	1	1	4	5	2	12	1	9	1	5	1	9	1		1	2	11	
113	1	26	17	25	臺北市	大安區	大安區新生南路3段與新生南路3段86巷口	25.0186756	121.5337111	0	0	1	2	8	5	5	3	2	1	5	4	5	13	2	1	1	4	4	1	15	4	15	8	4	11	20	1		1	3	17	
113	1	26	17	27	臺北市	中山區	中山區民權西路與天祥路口	25.062711	121.520722	0	0	1	2	7	5	5	4	2	1	5	4	5	13	2	1	1	4	5	2	16	1	6	1	6	1	9	1		1	3	12	
113	1	26	17	38	臺北市	士林區	士林區福林橋北往南	25.0978184	121.5272423	0	0	1	3	8	5	5	8	9	1	5	4	5	13	4	4	3	5	5	1	17	1	8	1	5	1	9	1		1	3	11	
113	1	26	17	45	臺北市	中山區	中山區松江路607號	25.07074548	121.5336674	0	0	1	3	8	5	5	14	9	1	5	4	5	13	4	4	1	4	5	2	13	4	9	1	6	1	9	1		1	2	11	
113	1	26	18	15	臺北市	萬華區	萬華區華江橋往板橋機車道001047燈桿	25.03582476	121.4886198	0	0	2	3	8	5	5	8	11	1	5	4	5	13	4	4	3	5	5	2	13	4	9	1	5	1	9	1		1	2	11	
113	1	26	18	22	臺北市	北投區	北投區石牌路2段與東華街2段口	25.1151618	121.514805	0	0	2	3	8	5	5	4	2	1	5	4	5	13	1	1	1	4	5	2	12	1	15	1	6	2	10	1		1	2	14	
113	1	26	18	37	臺北市	中山區	中山區德惠街3巷與德惠街口	25.06673372	121.5229743	0	0	1	2	8	5	5	4	1	1	5	4	5	13	4	4	5	5	5	2	15	1	9	1	6	1	10	1		2	2	12	
113	1	26	18	37	臺北市	松山區	松山區市民大道4段與延吉街口	25.04452797	121.5537606	0	0	2	2	8	5	5	4	2	1	5	4	5	13	2	1	1	4	5	2	12	1	6	1	5	1	10	1		2	2	12	
113	1	26	18	49	臺北市	萬華區	萬華區西園路2段290-2號	25.0272295	121.4939449	0	0	1	2	7	5	5	14	8	1	5	4	5	13	4	4	10	3	4	2	14	1	2	1	5	2	10	1		1	3	13	
113	1	26	18	50	臺北市	萬華區	萬華區環河南路3段與萬大路口	25.0169536	121.4954889	0	0	1	2	8	5	5	4	1	1	5	4	5	13	1	1	1	3	5	2	13	1	6	1	7	1	8	1		1	3	5	
113	1	26	18	51	臺北市	萬華區	萬華區中華路2段與艋舺大道口	25.034653	121.5056548	0	0	2	2	8	5	5	3	2	1	5	4	5	13	2	1	1	4	4	2	17	1	7	1	6	1	10	1		2	2	13	
113	1	26	19	1	臺北市	大安區	大安區信義路4段265巷與信義路4段265巷21弄口	25.0344561	121.5548015	0	0	1	2	7	5	5	4	2	1	5	4	5	13	4	4	5	5	5	2	17	1	14	1	7	1	8	1		1	3	4	
113	1	26	19	10	臺北市	中山區	中山區中山北路1段57號前	25.0493632	121.5215443	0	0	2	2	7	5	5	14	9	1	5	4	5	13	4	4	5	4	5	2	17	4	9	1	3	1	10	1		1	2	12	
113	1	26	19	36	臺北市	大安區	大安區忠孝東路3段237巷與忠孝東路3段口	25.0417682	121.5407122	0	0	2	3	8	5	5	3	1	1	5	4	1	11	4	4	10	4	5	2	17	1	6	1	7	1	8	1		2	3	5	
113	1	26	20	10	臺北市	內湖區	內湖區洲子街81號	25.08012697	121.5709163	0	0	1	2	8	5	5	14	9	1	5	4	5	13	4	4	9	5	5	2	16	1	5	1	7	1	7	1		1	3	8	
113	1	26	20	44	臺北市	北投區	北投區立德路與立德路120巷口	25.12653528	121.4718096	0	0	2	3	8	5	5	4	1	1	5	4	5	13	2	1	5	4	5	2	17	1	5	1	2	1	8	1		1	3	4	
113	1	26	21	0	臺北市	中山區	中山區林森北路85巷16號	25.04966915	121.5254455	0	0	1	2	8	6	5	14	9	1	5	4	5	13	4	4	10	5	5	2	2	4	9	1	3	11	4	2		2	4	4	
113	1	26	21	30	臺北市	內湖區	內湖區成功路2段與成功路2段320巷口	25.0675678	121.5906644	0	0	2	3	8	5	5	3	2	1	5	4	5	13	1	1	10	5	5	2	13	1	9	1	7	8	8	1		1	3	1	
113	1	26	22	15	臺北市	信義區	信義區基隆路2段13號	25.0321235	121.559135	0	0	1	2	7	5	5	14	9	1	5	4	5	13	4	4	8	5	5	2	12	4	8	1	3	1	10	1		1	3	6	2
113	1	26	22	41	臺北市	北投區	北投區中央北路4段400號前	25.129571	121.4711457	0	0	1	2	7	5	5	14	9	1	5	4	5	13	4	4	9	4	5	2	17	1	11	1	7	2	8	1		1	3	4	
113	1	26	23	0	臺北市	松山區	松山區塔悠路與八德路4段口	25.0501394	121.5719224	0	0	1	3	7	5	5	14	9	1	5	4	5	13	1	1	1	3	1	2	9	5	19	8	7	10	20	1		2	3	16	
113	1	26	23	2	臺北市	大同區	大同區鄭州路與西寧北路口	25.0504691	121.5081356	0	0	1	2	7	5	5	4	1	1	5	4	5	13	2	1	1	4	5	2	13	4	5	3	3	2	18	1		1	3	1	
113	1	26	23	23	臺北市	北投區	北投區中央南路1段與大業路280巷口	25.1277658	121.5004042	0	0	1	2	7	5	5	4	1	1	5	4	5	13	1	1	10	5	5	2	17	1	5	1	7	1	4	1		1	3	1	
113	1	26	23	30	臺北市	中正區	中正區永福橋上坡處	25.0128913	121.5294414	0	0	2	4	7	5	5	14	9	1	5	4	5	12	4	4	5	5	5	2	13	1	9	1	5	2	10	1		2	2	12	
113	1	26	23	41	臺北市	信義區	信義區松壽路19號	25.0357891	121.5676245	0	0	2	3	7	5	5	14	9	1	5	4	5	13	4	4	9	4	5	1	12	4	8	8	3	1	20	1		1	3	13	
113	1	26	23	42	臺北市	北投區	北投區崇仁路1段與崇仁路1段17巷口	25.127835	121.5013009	0	0	1	2	7	5	8	4	1	1	5	4	5	13	4	4	10	5	5	2	15	1	9	1	5	2	10	1		1	2	11	
113	1	26	23	58	臺北市	信義區	信義區和平東路3段627號	25.013608	121.5627639	0	0	2	2	7	5	5	14	9	1	5	4	5	13	4	4	9	4	5	1	9	4	9	1	3	2	10	1		2	2	11	
113	1	27	3	36	臺北市	萬華區	萬華區忠孝西路2段與西寧南路口	25.048519	121.5075616	0	0	1	2	8	5	5	4	1	1	5	4	5	13	2	1	5	4	5	2	16	1	9	1	5	1	10	1		2	2	11	
113	1	27	4	30	臺北市	士林區	士林區延平北路5段與中正路口	25.086695	121.5098346	0	0	1	2	7	5	5	4	2	1	5	4	5	13	1	1	5	4	5	2	17	1	6	1	7	2	4	1		1	3	1	
113	1	27	6	50	臺北市	文山區	文山區光輝路與下崙路口	24.9866699	121.5549534	0	0	1	2	7	6	5	4	1	1	5	4	5	13	4	4	5	5	5	2	15	4	9	1	3	2	10	1		2	2	12	
113	1	27	7	7	臺北市	中正區	中正區重慶南路1段與愛國西路口口	25.0355866	121.5123232	0	0	1	2	7	5	5	4	2	1	5	4	5	13	2	1	1	4	1	1	17	1	8	1	7	2	8	1		1	3	17	
113	1	27	7	35	臺北市	大安區	大安區市民大道4段與忠孝東路4段223巷口口	25.0442471	121.5529607	0	0	1	2	7	7	5	4	1	1	5	4	5	13	1	1	1	4	5	2	17	4	6	1	3	1	4	1		1	3	2	
113	1	27	7	45	臺北市	信義區	信義區基隆路2段與嘉興街127巷口	25.029104	121.5573554	0	0	1	2	7	5	5	3	1	1	5	4	5	13	4	4	10	4	5	2	17	1	6	1	5	2	10	1		1	3	11	
113	1	27	8	33	臺北市	北投區	北投區福國路與士科路口	25.1015728	121.5147792	0	0	2	4	7	7	5	4	1	1	5	4	5	12	2	1	3	4	4	2	15	4	9	1	3	1	8	1		2	3	1	
113	1	27	8	55	臺北市	中山區	中山區新生北路3段與民族東路口	25.0683102	121.5274814	0	0	1	2	7	5	5	4	1	1	5	4	5	13	1	1	4	3	5	1	16	1	9	1	6	1	10	1		2	2	14	
113	1	27	9	5	臺北市	信義區	信義區逸仙路與逸仙路50巷口	25.040645	121.5615342	0	0	1	2	7	6	5	3	1	1	4	4	5	13	4	4	5	4	5	2	12	1	11	1	7	1	4	1		1	3	4	
113	1	27	9	13	臺北市	大安區	大安區仁愛路3段123巷與仁愛路3段123巷26弄口	25.0390643	121.5419921	0	0	1	2	6	6	5	4	1	1	4	4	5	13	4	4	10	5	5	2	15	1	9	1	6	1	10	1		2	2	11	
113	1	27	9	28	臺北市	中正區	中正區羅斯福路3段128巷與羅斯福路3段128巷36弄口口	25.0202257	121.5270007	0	0	1	2	6	6	5	4	1	1	4	4	5	10	4	4	10	5	5	1	15	1	9	1	6	2	8	1		2	2	12	
113	1	27	9	37	臺北市	北投區	北投區中央北路1段38號	25.1338536	121.5008495	0	0	2	2	7	5	6	14	8	1	5	4	5	13	4	4	9	4	4	2	3	5	16	8	4	10	20	1		2	2	16	
113	1	27	9	40	臺北市	北投區	北投區新民路與新民路1巷口	25.13950266	121.5077674	0	0	1	2	6	6	5	14	9	1	4	4	5	13	4	4	9	4	5	2	18	1	9	1	5	11	10	1		1	2	14	
113	1	27	9	42	臺北市	中山區	中山區市民大道3段與建國南路1段口	25.0448175	121.5371171	0	0	3	3	6	6	5	4	2	1	4	4	5	13	2	1	5	2	4	2	13	1	9	1	5	1	10	1		1	2	11	
113	1	27	9	55	臺北市	萬華區	萬華區西藏路與西藏路125巷口	25.02966777	121.5022475	0	0	1	2	6	6	5	3	1	1	4	4	5	13	2	1	1	5	5	2	17	1	8	7	7	11	19	1		1	3	17	
113	1	27	9	57	臺北市	信義區	信義區忠孝東路5段與大道路口	25.0428955	121.5812462	0	0	1	2	6	6	5	5	2	1	4	4	5	13	2	1	1	2	5	1	16	4	6	1	3	1	10	1		1	2	12	
113	1	27	10	49	臺北市	信義區	信義區市民大道6段108號	25.049173	121.5725641	0	0	2	2	6	7	5	14	9	1	4	4	5	13	4	4	9	4	5	2	12	1	9	1	5	2	10	1		1	2	11	
113	1	27	10	50	臺北市	內湖區	內湖區環山路1段與文湖街口	25.0863798	121.5657088	0	0	1	2	7	6	5	3	1	1	4	4	5	13	2	1	5	4	5	2	15	4	11	1	3	1	8	1		1	3	5	
113	1	27	11	17	臺北市	大同區	大同區延平北路2段與民生西路口	25.0572057	121.5115774	0	0	2	3	7	6	5	4	1	1	4	4	5	13	2	1	9	4	5	2	12	1	7	1	5	1	10	1		1	2	14	
113	1	27	11	44	臺北市	信義區	信義區莊敬路與吳興街225巷口	25.0280641	121.5635229	0	0	2	3	7	6	5	4	2	1	5	4	5	13	1	1	4	5	5	2	12	4	9	1	3	11	10	2		1	4	12	
113	1	27	11	56	臺北市	文山區	文山區興隆路2段與興隆路2段244巷口	25.001016	121.5538275	0	0	1	2	7	6	5	3	18	1	5	4	5	13	4	4	9	5	5	2	3	5	16	8	4	10	20	1		2	2	16	
113	1	27	12	30	臺北市	南港區	南港區市民大道7段396-1號對面	25.051128	121.5931064	0	0	1	2	7	7	5	14	9	1	5	4	5	13	4	4	1	4	5	2	12	4	9	1	3	1	8	1		1	3	2	
113	1	27	14	12	臺北市	文山區	文山區文和橋與新光路2段口	25.0013394	121.5963467	0	0	1	2	6	6	5	3	1	1	4	4	5	13	3	1	5	5	5	1	17	4	5	1	3	2	5	1		1	3	4	
113	1	27	14	28	臺北市	松山區	松山區民權東路3段160巷與民權東路3段106巷3弄口	25.0613959	121.5479002	0	0	2	3	8	7	5	4	1	1	5	4	5	13	4	4	10	5	5	2	15	1	9	1	7	2	4	1		1	3	2	
113	1	27	14	30	臺北市	內湖區	內湖區陽光街92巷25弄與文德路208巷口	25.07605732	121.5836074	0	0	2	2	7	6	6	3	1	1	4	4	5	13	3	1	5	5	5	2	16	1	5	1	5	2	10	1		2	2	12	
113	1	27	14	47	臺北市	松山區	松山區延壽街402巷3弄5號	25.0555034	121.5572333	0	0	2	2	7	6	5	14	9	1	5	4	5	13	4	4	10	5	5	2	14	1	2	1	6	1	10	1		1	2	13	
113	1	27	14	49	臺北市	文山區	文山區木新路3段與木新路3段74巷口口旁	24.98233998	121.5636025	0	0	1	2	7	6	5	3	2	1	5	4	5	13	4	4	5	5	4	2	17	1	5	1	5	1	11	1		2	2	13	
113	1	27	14	57	臺北市	士林區	士林區文林路587巷兒童新樂園停車場出入口	25.0981356	121.5148068	0	0	1	2	6	7	5	14	9	1	5	4	5	13	4	4	5	5	5	2	13	1	9	1	7	1	8	1		1	3	1	
113	1	27	15	14	臺北市	中正區	中正區重慶南路1段與襄陽路口	25.0434827	121.5134213	0	0	1	2	6	5	5	3	2	1	4	4	5	13	2	1	9	4	5	1	12	1	7	1	5	2	10	1		2	2	14	
113	1	27	15	19	臺北市	中山區	中山區林森北路587號	25.0660433	121.5257161	0	0	2	3	7	5	5	14	9	1	4	4	5	13	4	4	4	3	5	1	13	1	9	1	6	1	10	1		1	2	11	
113	1	27	15	35	臺北市	大安區	大安區仁愛路4段與大安路1段口口	25.0384241	121.5458579	0	0	2	2	8	7	5	4	1	1	4	4	5	13	2	1	1	5	5	2	16	4	5	1	3	1	10	1		1	2	12	
113	1	27	15	38	臺北市	南港區	南港區南港路1段與經貿一路口	25.0552114	121.6188217	0	0	1	3	7	6	5	3	2	1	4	4	5	13	2	1	1	4	5	2	13	1	9	1	7	1	4	1		1	3	1	
113	1	27	15	55	臺北市	北投區	北投區承德路7段與實踐街口北往南	25.1141696	121.5072368	0	0	1	2	8	5	5	3	2	1	5	4	5	13	1	1	9	4	4	1	12	1	9	1	7	2	8	1		1	3	7	
113	1	27	16	0	臺北市	北投區	北投區中央北路4段往東114號停車格	25.1289824	121.4703968	0	0	1	2	7	7	5	14	9	1	5	4	5	13	4	4	4	4	5	2	17	1	9	3	5	1	18	1		1	2	12	
113	1	27	16	55	臺北市	松山區	松山區民生東路5段與民生東路5段69巷口	25.0584662	121.5583647	0	0	1	2	6	5	5	3	1	1	4	4	5	13	2	1	1	4	5	2	17	1	11	1	7	1	8	1		2	3	17	
113	1	27	17	36	臺北市	信義區	信義區松仁路277號	25.0238937	121.5699821	0	0	1	2	6	5	5	14	9	1	4	4	5	13	4	4	9	4	5	2	17	1	6	1	7	1	8	2		1	3	17	
113	1	27	17	38	臺北市	內湖區	內湖區民權東路6段180巷與民權東路6段180巷41弄口	25.06739768	121.5927092	0	0	1	2	6	5	5	4	1	1	4	4	5	13	2	1	5	5	5	2	17	1	6	1	7	2	8	1		2	3	2	
113	1	27	17	45	臺北市	中山區	中山區大直街與北安路口	25.07987	121.5472465	0	0	1	2	7	5	5	4	1	1	5	4	5	13	1	1	1	1	5	2	16	1	5	1	7	2	8	1		1	3	5	
113	1	27	18	0	臺北市	大安區	大安區市民高架道往東下光復南路匝道前	25.04435324	121.5545894	0	0	1	3	7	5	5	10	7	1	5	4	5	13	4	4	1	1	5	2	16	4	8	1	3	1	8	1		2	3	5	
113	1	27	18	12	臺北市	信義區	信義區信安街與信安街15巷口	25.0278722	121.5580467	0	0	1	2	6	5	5	4	1	1	4	4	5	13	4	4	9	4	5	1	17	4	9	1	3	1	10	1		1	2	14	
113	1	27	18	15	臺北市	中正區	中正區襄陽路與館前路口	25.0433361	121.5157409	0	0	1	2	7	5	5	3	2	1	5	4	5	13	4	4	9	4	5	1	17	1	12	1	7	2	2	1		1	3	3	
113	1	27	18	16	臺北市	文山區	文山區木柵路4段與木柵路4段21巷口口	24.99308613	121.5713928	0	0	1	2	7	6	5	3	1	1	5	4	4	12	4	4	5	5	5	2	17	1	6	1	7	1	8	1		1	3	5	
113	1	27	18	36	臺北市	中山區	中山區大直街20巷與大直街口	25.0813173	121.5463991	0	0	1	2	7	5	5	4	1	1	5	4	5	13	4	4	4	5	5	1	16	4	6	1	3	1	8	1		2	3	8	
113	1	27	18	52	臺北市	北投區	北投區承德路7段312號前	25.117049	121.5043958	0	0	1	2	7	5	5	14	9	1	5	4	5	13	4	4	1	4	5	2	13	1	9	1	5	2	10	1		1	2	11	
113	1	27	19	13	臺北市	士林區	士林區中正路629號	25.0863894	121.5085338	0	0	1	2	7	6	5	14	9	1	5	4	5	13	2	1	1	4	5	1	17	1	9	1	7	1	1	1		1	3	8	
113	1	27	19	25	臺北市	內湖區	內湖區安康路西向東(國道一號康寧交流道下)	25.06486371	121.6104368	0	0	1	2	6	5	5	14	9	1	4	4	5	13	1	1	1	3	5	1	17	1	8	1	6	1	10	1		1	3	12	
113	1	27	20	0	臺北市	中正區	中正區重慶南路3段52號	25.0278856	121.5157447	0	0	1	2	7	5	5	14	9	1	5	4	5	13	1	1	1	4	5	2	13	1	9	1	5	2	10	1		1	2	11	
113	1	27	20	38	臺北市	文山區	文山區興隆路4段145巷與興隆路4段145巷9弄口口	24.98506449	121.5621725	0	0	1	3	6	5	5	3	1	1	4	4	5	13	4	4	9	4	5	2	17	1	5	1	5	1	10	1		2	3	14	
113	1	27	20	40	臺北市	士林區	士林區德行西路與福華路口	25.1048562	121.522352	0	0	3	3	6	5	5	4	1	1	4	4	5	13	1	1	10	5	5	1	16	1	5	1	2	2	10	1		2	2	14	
113	1	27	21	15	臺北市	大安區	大安區愛國東路與杭州南路2段口	25.0324192	121.5225604	0	0	2	3	8	5	5	4	1	1	5	4	5	13	1	1	10	5	5	2	16	1	5	1	7	2	8	1		1	3	2	
113	1	27	22	8	臺北市	信義區	信義區吳興街156巷與吳興街156巷16弄口口	25.0287725	121.5610579	0	0	1	2	7	5	5	3	1	1	4	4	5	13	4	4	9	5	5	2	17	1	9	1	5	2	10	1		1	2	14	
113	1	27	22	20	臺北市	內湖區	內湖區內湖路1段520號燈桿0308074	25.07990037	121.5752749	0	0	1	2	6	5	5	14	8	1	4	4	5	13	4	4	9	4	4	2	16	1	7	1	7	2	8	1		1	3	2	
113	1	27	22	36	臺北市	中山區	中山區新生北路2段70號	25.05681924	121.527292	0	0	1	2	7	6	5	14	9	1	5	4	5	13	4	4	10	5	5	2	17	1	13	1	7	1	8	1		1	3	4	
113	1	27	23	15	臺北市	中正區	中正區中華路1段3號	25.0478149	121.5102259	0	0	1	2	6	5	5	14	9	1	4	4	5	13	1	1	1	4	5	2	3	1	9	1	7	2	4	1		1	3	1	
113	1	27	23	20	臺北市	內湖區	內湖區成功路2段與新明路口	25.0606113	121.591273	0	0	2	2	8	5	5	4	1	1	5	4	5	13	1	1	5	4	5	2	16	1	5	1	6	1	10	1		1	2	12	
113	1	27	23	37	臺北市	北投區	北投區豐年路2段與中央北路2段237巷口	25.13696447	121.4934245	0	0	1	2	6	5	5	3	2	1	4	4	5	13	4	4	9	4	5	2	16	1	5	1	7	1	8	1		1	3	5	
113	1	28	0	2	臺北市	中山區	中山區長安東路1段43巷與長安東路1段口	25.04896005	121.5255472	0	0	2	5	6	5	5	3	1	1	4	4	5	13	4	4	5	4	5	2	12	1	13	1	2	1	4	1		1	3	15	11
113	1	28	0	8	臺北市	士林區	士林區百齡橋東往西1100154燈桿	25.09044167	121.5154426	0	0	1	2	6	5	5	8	9	1	4	4	5	13	1	1	1	4	5	2	17	1	9	1	5	2	10	1		1	2	12	
113	1	28	0	17	臺北市	中山區	中山區建國北路1段與長安東路2段口	25.04838384	121.5365197	0	0	2	3	6	6	5	4	1	1	4	4	5	13	1	1	1	5	5	2	2	4	6	1	3	1	4	1		1	3	3	
113	1	28	0	30	臺北市	萬華區	萬華區西園路1段與廣州街口	25.03986382	121.5001295	0	0	1	2	6	5	5	4	1	1	4	4	5	13	1	1	1	3	1	2	3	1	9	1	6	1	10	1		2	2	12	
113	1	28	0	48	臺北市	北投區	北投區大度路2段1208575燈桿(往北投)	25.1222823	121.4773243	0	0	3	3	6	5	5	14	12	1	4	4	5	13	4	4	9	4	4	2	13	1	9	1	5	1	10	1		1	2	11	
113	1	28	1	35	臺北市	中山區	中山區復興北路50號	25.0497023	121.5437286	0	0	1	2	8	5	5	14	9	1	5	4	5	13	4	4	1	4	5	2	16	4	1	1	3	1	4	1		1	3	4	
113	1	28	3	17	臺北市	中山區	中山區林森北路與林森北路107巷口	25.05037638	121.5248741	0	0	1	2	7	5	5	4	18	1	5	4	5	13	2	1	1	5	5	1	9	5	16	8	4	10	20	1		1	2	16	
113	1	28	6	12	臺北市	內湖區	內湖區瑞光路2號前	25.0692499	121.5837791	0	0	2	2	7	5	5	14	9	1	5	4	5	13	4	4	5	4	5	2	12	1	9	1	5	2	10	1		1	2	11	
113	1	28	8	40	臺北市	內湖區	內湖區港墘路82巷與內湖路1段629巷口口	25.08135519	121.576072	0	0	1	2	8	6	5	3	1	1	5	4	5	13	3	1	10	5	5	2	16	1	1	1	7	1	8	1		1	3	1	
113	1	28	8	45	臺北市	信義區	信義區松仁路與松壽路口	25.0360065	121.5682664	0	0	1	2	8	6	5	3	2	1	5	4	5	13	1	1	1	4	5	2	13	1	9	1	6	2	10	1		1	2	11	
113	1	28	9	18	臺北市	萬華區	萬華區萬大路與萬大路423巷口	25.0215545	121.4987528	0	0	1	2	7	7	5	4	1	1	5	4	5	13	2	1	1	5	5	2	15	1	9	1	7	1	8	1		1	3	2	
113	1	28	10	8	臺北市	大安區	大安區信義路3段134巷與信義路3段134巷45弄口	25.0299348	121.5394039	0	0	1	2	7	6	5	3	1	1	5	4	5	13	4	4	9	4	5	1	16	4	5	1	3	1	8	1		2	3	4	
113	1	28	10	40	臺北市	北投區	北投區中和街與復興一路口復興公園	25.13896687	121.5017934	0	0	1	2	7	6	5	3	18	1	5	4	5	13	4	4	5	4	5	1	3	1	9	1	5	1	10	1		1	3	11	
113	1	28	10	55	臺北市	南港區	南港區南港路1段與南港路1段171巷口	25.055352	121.6133587	0	0	2	3	8	7	5	4	1	1	5	4	5	13	2	1	1	4	5	2	17	1	9	1	5	1	10	1		1	2	11	
113	1	28	11	9	臺北市	中山區	中山區北安路與明水路口	25.0776832	121.5388488	0	0	2	2	7	6	5	3	1	1	5	4	5	13	2	1	1	4	4	2	13	4	9	1	3	1	10	1		1	2	11	
113	1	28	11	13	臺北市	信義區	信義區吳興街220巷與吳興街220巷11弄口	25.0274257	121.5628045	0	0	2	3	7	6	5	3	1	1	5	4	5	13	4	4	5	4	5	2	13	1	9	1	5	1	10	1		1	2	12	
113	1	28	11	26	臺北市	文山區	文山區指南路1段10號	24.9876108	121.5689605	0	0	1	2	8	7	5	14	9	1	5	4	5	10	4	4	9	5	5	2	12	1	9	1	7	1	8	1		1	3	2	
113	1	28	11	26	臺北市	萬華區	萬華區西園路2段與寶興街口	25.02711394	121.4938876	0	0	1	2	8	7	5	4	4	1	5	4	5	13	1	1	1	4	5	2	13	1	8	1	5	1	10	1		1	2	11	
113	1	28	11	30	臺北市	中山區	中山區樂群二路295號	25.0799604	121.5609569	0	0	1	2	7	6	5	14	9	1	5	4	5	13	4	4	1	4	5	2	16	1	1	1	7	2	4	1		1	3	4	
113	1	28	12	22	臺北市	信義區	信義區永吉路與基隆路1段37巷口	25.0457256	121.5687787	0	0	1	2	7	6	5	4	1	1	5	4	5	13	1	1	1	4	5	2	15	1	9	1	7	1	8	1		1	3	8	
113	1	28	12	26	臺北市	信義區	信義區忠孝東路5段493號	25.0410861	121.5782282	0	0	2	2	8	7	5	14	9	1	5	4	5	13	4	4	5	4	5	2	17	1	9	3	6	1	18	1		1	2	11	
113	1	28	13	32	臺北市	士林區	士林區重慶北路4段與葫東街口	25.0835701	121.5120741	0	0	3	5	7	5	5	4	2	1	5	4	5	13	2	1	1	2	5	2	12	1	8	1	7	1	8	1		2	3	1	
113	1	28	14	19	臺北市	士林區	士林區大南路119號	25.0896858	121.5237412	0	0	2	2	6	5	5	14	9	4	4	4	5	13	4	4	10	5	5	1	11	1	9	1	5	1	10	1		2	2	11	
113	1	28	14	23	臺北市	萬華區	萬華區長泰街246巷與寶興街222巷口	25.02208217	121.4947144	0	0	1	2	8	7	5	4	1	1	5	4	5	13	4	4	5	5	5	2	15	1	9	1	5	1	10	1		1	3	12	
113	1	28	15	17	臺北市	萬華區	萬華區永福街與柳州街口	25.0382516	121.505344	0	0	1	2	7	5	5	4	1	1	5	4	5	13	2	1	9	5	5	1	16	4	5	1	3	1	10	1		2	2	14	
113	1	28	15	31	臺北市	文山區	文山區羅斯福路6段與羅斯福路6段142巷口	24.9959997	121.5411194	0	0	3	6	7	6	5	4	1	1	5	4	5	13	2	1	1	4	5	2	16	1	5	1	7	2	8	1		2	2	1	
113	1	28	16	0	臺北市	內湖區	內湖區港華街85巷與港華街口	25.0831734	121.5740421	0	0	1	2	7	6	5	3	1	1	5	4	5	13	4	4	5	5	5	2	16	1	5	1	6	2	10	1		1	3	12	
113	1	28	16	0	臺北市	文山區	文山區老泉街45巷西往東0701850燈桿旁	24.9729415	121.5688085	0	0	1	2	7	5	5	12	9	1	5	4	5	13	4	4	10	5	5	1	18	1	9	8	4	1	20	1		1	2	15	