年	月	日	時	分	縣市	行政區	allLocation	GoogleLat	GoogleLng	死	2-30	受傷	當事人數	天候	道路照明設備	道路類別	道路型態	事故位置	路面狀況1	路面狀況2	路面狀況3	道路障礙1	道路障礙2	號誌1	號誌2	車道劃分-分向	車道劃分-分道1	車道劃分-分道2	車道劃分-分道3	事故類型及型態	行動電話	當事者行動狀態	駕駛資格情形	保護裝置	飲酒情形	駕駛執照種類	個人肇逃否	肇因碼-主要	性別	受傷程度	車輛撞擊部位1	車輛撞擊部位2
113	1	28	16	10	臺北市	士林區	士林區仰德大道3段25號	25.1164871	121.551027	0	0	1	2	8	7	5	14	9	1	5	4	5	13	4	4	9	4	5	1	10	1	9	1	5	1	10	1		2	2	11	
113	1	28	17	17	臺北市	信義區	信義區忠孝東路5段295巷與忠孝東路5段口口	25.0410465	121.5725502	0	0	1	2	6	5	5	3	2	1	4	4	5	13	4	4	9	4	4	2	12	1	6	1	7	1	8	1		1	3	4	
113	1	28	17	24	臺北市	松山區	松山區松河街3號與松河街口	25.0508014	121.5720833	0	0	1	2	6	6	5	3	1	1	4	4	5	13	2	1	5	5	5	2	17	1	9	1	6	1	10	1		2	2	11	
113	1	28	17	55	臺北市	中正區	中正區新生南路1段170巷與信義路2段243巷口	25.03424918	121.5311589	0	0	2	2	7	5	5	4	1	1	5	4	5	13	4	4	10	5	5	2	16	4	9	1	6	2	10	1		2	2	12	
113	1	28	17	56	臺北市	中山區	中山區南京東路3段133號與南京東路3段口私人車道	25.05199476	121.5414251	0	0	1	2	7	5	5	3	2	1	5	4	5	13	4	4	3	4	4	2	16	4	6	1	3	2	8	1		1	3	2	
113	1	28	18	21	臺北市	大同區	大同區承德路2段與錦西街口	25.0601876	121.5182206	0	0	2	3	7	5	5	4	1	1	5	4	5	13	2	1	5	5	5	2	17	4	9	1	3	2	8	1		1	3	8	
113	1	28	18	21	臺北市	大安區	大安區和平東路3段與和平東路3段346巷口	25.0196259	121.5574975	0	0	1	4	8	5	5	4	1	1	5	4	5	13	2	1	1	4	5	2	16	4	5	1	7	2	8	1		1	3	1	
113	1	28	18	41	臺北市	北投區	北投區中央北路3段與中央北路3段40巷口	25.13823238	121.4856599	0	0	1	2	6	5	5	14	9	1	4	4	5	13	1	1	9	4	5	1	13	1	11	1	7	1	4	1		1	3	1	
113	1	28	19	30	臺北市	文山區	文山區忠順街1段26巷27弄與木新路3段172巷口	24.982234	121.5605761	0	0	1	2	8	5	5	4	1	1	5	4	5	13	4	4	10	5	5	1	15	1	9	1	7	1	8	1		1	3	1	
113	1	28	19	33	臺北市	信義區	信義區市民大道5段與東興路口口	25.0481663	121.5657871	0	0	2	3	7	5	5	4	1	1	5	4	5	13	2	1	1	2	5	2	16	1	5	1	7	2	8	1		1	3	5	
113	1	28	19	50	臺北市	中正區	中正區中山南路與愛國西路口	25.0349818	121.5165013	0	0	1	2	7	5	5	4	1	1	5	4	5	13	1	1	1	4	5	2	12	2	9	1	5	2	10	1		1	3	12	
113	1	28	19	59	臺北市	大安區	大安區羅斯福路2段與羅斯福路2段35巷口	25.02792017	121.5219693	0	0	1	2	7	5	5	3	2	1	5	4	5	13	4	4	1	4	5	2	17	1	6	1	6	1	10	1		2	2	11	
113	1	28	20	19	臺北市	內湖區	內湖區陽光街265巷與陽光街口側附近口	25.0745132	121.5810708	0	0	1	2	6	5	6	4	1	1	4	4	5	13	2	1	5	5	5	2	16	4	6	1	3	1	8	1		1	3	6	
113	1	28	20	22	臺北市	信義區	信義區嘉興街與嘉興街175巷口	25.0277884	121.557135	0	0	1	2	8	5	5	4	1	1	5	4	5	13	4	4	5	5	5	2	15	1	9	1	7	9	8	1		2	3	4	
113	1	28	21	8	臺北市	信義區	信義區基隆路1段133號	25.0346486	121.5607148	0	0	1	2	7	6	5	14	9	1	4	4	5	13	4	4	9	3	5	2	18	4	9	1	5	1	10	1		1	2	12	11
113	1	28	21	34	臺北市	大同區	大同區承德路3段64號	25.0654657	121.5182392	0	0	1	3	6	5	7	14	9	1	4	4	5	13	4	4	10	4	5	2	17	1	9	1	6	1	10	1		1	2	11	
113	1	28	21	40	臺北市	士林區	士林區中正路與士商路口	25.0923822	121.5187079	0	0	1	2	7	5	5	4	1	1	4	4	5	13	1	1	5	5	5	1	17	1	6	1	7	1	8	1		1	3	6	
113	1	28	21	51	臺北市	中山區	中山區樂群二路與敬業二路口	25.0799049	121.5543994	0	0	2	2	6	5	5	4	2	1	4	4	5	13	2	1	3	4	5	2	16	4	5	1	3	2	8	1		1	2	6	
113	1	28	22	5	臺北市	南港區	南港區市民大道8段與研究院路1段口	25.0542121	121.6164246	0	0	1	2	6	5	5	4	18	1	4	4	5	13	1	1	1	4	5	2	2	1	6	3	7	2	18	1		1	3	1	
113	1	28	22	26	臺北市	士林區	士林區中山北路6段與中山北路6段405巷口	25.1131677	121.5268758	0	0	1	2	6	5	5	3	1	1	4	4	5	13	1	1	1	4	5	2	18	1	9	1	6	2	10	1		1	2	12	
113	1	28	22	34	臺北市	大安區	大安區金華街148號	25.0297699	121.5293541	0	0	1	2	7	5	5	14	9	1	4	4	5	12	3	1	4	3	5	1	13	1	9	3	5	1	18	1		2	2	11	
113	1	28	22	46	臺北市	南港區	南港區玉成街68號與玉成街口	25.0466437	121.5827217	0	0	1	4	6	5	5	3	2	1	4	4	5	13	4	4	9	4	5	2	16	1	5	1	6	1	10	1		1	3	12	
113	1	29	0	24	臺北市	中正區	中正區重慶南路3段180號	25.0229325	121.5167097	0	0	1	2	6	5	5	14	8	1	4	4	5	13	1	1	1	4	5	2	17	1	9	1	5	2	10	1		1	2	11	
113	1	29	1	0	臺北市	北投區	北投區承德路7段與大業路口大度路一段口	25.1212866	121.4995265	0	0	2	2	6	5	5	5	1	1	4	4	5	13	2	1	1	3	5	2	17	1	5	1	6	2	10	1		2	2	12	
113	1	29	3	39	臺北市	中山區	中山區中山北路1段與市民大道2段口	25.0481758	121.5206367	0	0	1	2	6	5	5	4	2	1	4	4	5	13	2	1	5	4	5	2	16	4	10	1	3	2	8	1		1	3	2	
113	1	29	6	40	臺北市	士林區	士林區重陽橋機車道往士林下橋處	25.0861513	121.507723	0	0	2	2	6	6	8	14	11	1	4	4	5	13	4	4	3	2	5	1	17	1	9	1	5	1	10	1		2	2	17	
113	1	29	6	53	臺北市	中正區	中正區和平西路1段與廈門街口	25.026761	121.5178271	0	0	1	2	7	7	5	4	1	1	4	4	5	13	1	1	1	4	5	2	13	1	9	1	5	2	10	1		1	2	11	
113	1	29	7	0	臺北市	中山區	中山區中山北路2段168號	25.06337641	121.5223616	0	0	2	2	6	6	5	14	8	1	4	4	5	13	4	4	3	4	5	2	17	1	12	1	6	1	10	1		1	2	12	14
113	1	29	7	23	臺北市	萬華區	萬華區環河南路2段149巷與大理街170巷口	25.03350785	121.4935658	0	0	2	3	7	5	5	4	1	1	4	4	5	13	4	4	10	5	5	2	15	4	9	1	5	1	10	1		1	2	11	
113	1	29	7	52	臺北市	松山區	松山區民生東路5段246號	25.05907791	121.5667134	0	0	1	2	7	7	5	14	9	1	5	4	5	13	4	4	1	4	5	2	12	1	7	1	6	1	10	1		1	2	14	
113	1	29	8	7	臺北市	文山區	文山區景美河濱公園福和003燈桿處	24.99953348	121.5351625	0	0	2	2	8	6	8	22	22	1	4	4	5	13	4	4	9	5	5	1	2	1	9	8	4	1	20	1		1	2	11	
113	1	29	8	20	臺北市	士林區	士林區忠誠路2段與忠誠路2段10巷口	25.1086585	121.530273	0	0	1	2	8	7	5	3	2	1	5	4	5	13	4	4	10	5	5	2	15	1	9	1	7	9	4	1		1	3	1	
113	1	29	8	20	臺北市	松山區	松山區塔悠路179號	25.05639873	121.5696097	0	0	1	2	7	6	5	3	2	1	5	4	5	13	1	1	1	3	5	2	17	1	5	1	7	1	8	1		2	3	17	
113	1	29	8	25	臺北市	北投區	北投區公館路228巷與三合街1段117巷口口	25.1246443	121.5047235	0	0	1	2	8	5	5	4	2	1	4	4	5	13	4	4	10	5	5	2	17	1	15	1	5	1	10	1		1	3	17	
113	1	29	8	25	臺北市	南港區	南港區研究院路1段與研究院路1段151巷口	25.0507244	121.615572	0	0	1	2	7	6	5	3	1	1	5	4	5	13	2	2	1	4	5	2	16	4	9	1	3	1	8	1		1	3	5	
113	1	29	8	29	臺北市	內湖區	內湖區陽光街與文德路22巷口	25.07456302	121.581073	0	0	3	3	8	6	5	4	1	1	4	4	5	13	2	1	5	5	5	2	17	1	5	1	5	1	10	1		2	2	12	
113	1	29	8	31	臺北市	信義區	信義區松隆路123巷與基隆路1段35巷7弄口	25.0479455	121.5716195	0	0	2	2	8	7	5	4	1	1	5	4	5	13	4	4	9	5	5	2	15	1	9	1	5	2	10	1		1	2	11	
113	1	29	8	40	臺北市	中山區	中山區中山北路3段與民族東路口	25.0683821	121.5229427	0	0	2	2	8	5	5	4	1	1	5	4	5	13	1	1	5	4	5	2	17	4	9	1	3	1	10	1		1	2	11	
113	1	29	8	41	臺北市	信義區	信義區松仁路8號	25.0402135	121.5684256	0	0	1	2	7	6	5	14	9	1	4	4	5	13	4	4	1	4	5	2	17	1	1	1	7	1	8	1		1	3	1	
113	1	29	8	46	臺北市	信義區	信義區和平東路3段391弄與和平東路3段391巷57弄口口	25.020868	121.5595039	0	0	1	2	7	6	5	4	1	1	4	4	5	13	4	4	5	5	5	2	16	1	5	1	6	1	10	1		1	3	11	
113	1	29	8	47	臺北市	信義區	信義區忠孝東路5段1-5號(基隆路一段上)	25.0415936	121.564912	0	0	1	2	8	5	5	14	9	1	5	4	5	13	4	4	10	4	5	2	17	1	9	1	7	11	4	1		2	3	17	
113	1	29	8	47	臺北市	大安區	大安區信義路2段與新生南路2段口	25.033507	121.5324793	0	0	1	3	8	6	5	4	2	1	5	4	5	13	2	1	1	4	5	1	12	1	7	1	5	1	9	1		1	2	12	
113	1	29	8	55	臺北市	南港區	南港區園區街與園區街58巷口	25.0590679	121.6117403	0	0	1	2	8	7	5	4	1	1	5	4	5	13	2	1	10	5	5	2	17	1	9	1	7	1	8	1		1	3	5	
113	1	29	9	43	臺北市	中山區	中山區民生西路42號前	25.0577285	121.5214258	0	0	2	2	8	5	5	14	9	1	5	4	5	13	4	4	5	4	5	2	17	4	9	1	3	1	10	1		1	2	12	
113	1	29	10	19	臺北市	中正區	中正區懷寧街與衡陽路口	25.0422729	121.5140091	0	0	2	3	8	6	5	3	2	1	5	4	5	13	2	1	9	5	5	2	10	1	6	1	7	2	8	1		1	3	8	
113	1	29	10	50	臺北市	內湖區	內湖區康寧路3段與成功路5段450巷23弄口	25.07231858	121.6081532	0	0	2	3	8	5	5	3	2	1	5	4	5	13	1	1	1	5	4	2	13	1	9	1	7	2	8	1		1	3	1	
113	1	29	10	51	臺北市	大安區	大安區辛亥路3段與芳蘭路口	25.0168812	121.548807	0	0	1	2	8	6	5	4	2	1	5	4	5	13	2	1	3	2	5	2	17	1	6	1	7	1	8	1		1	3	5	
113	1	29	10	59	臺北市	萬華區	萬華區康定路與永福街口	25.0390789	121.5018493	0	0	1	2	8	7	5	4	2	2	5	4	5	13	1	1	8	3	5	2	3	5	16	8	4	10	20	1		2	2	16	
113	1	29	12	34	臺北市	中山區	中山區中山北路2段與撫順街口	25.0641793	121.5221995	0	0	1	2	8	5	5	14	9	1	5	4	5	13	4	4	4	3	5	1	17	1	8	1	6	1	10	1		1	2	17	
113	1	29	12	39	臺北市	松山區	松山區民權東路4段與新中街口	25.0623255	121.560115	0	0	1	2	8	6	5	3	1	1	5	4	5	13	1	1	1	4	4	2	16	1	6	1	7	1	8	1		1	3	2	
113	1	29	12	44	臺北市	士林區	士林區通河西街2段與通河西街2段口引道	25.090771	121.511455	0	0	1	2	8	6	5	3	1	1	5	4	5	13	4	4	10	5	5	2	17	1	6	1	6	1	10	1		2	2	12	
113	1	29	12	49	臺北市	松山區	松山區塔悠路與南京東路5段口	25.05119835	121.5707136	0	0	1	2	8	7	5	14	9	1	5	4	5	13	2	1	9	4	5	2	13	1	9	1	6	1	10	1		1	2	11	
113	1	29	12	50	臺北市	內湖區	內湖區康寧路3段與康寧路3段75巷口	25.07196683	121.6086969	0	0	1	3	8	5	5	3	2	1	5	4	5	13	1	1	1	5	5	2	17	1	15	1	7	2	8	1		1	3	1	
113	1	29	13	10	臺北市	中正區	中正區重慶南路3段與汀州路2段口	25.0257493	121.5162794	0	0	1	2	8	6	5	4	1	1	5	4	5	12	2	1	3	4	5	2	16	1	5	1	7	2	8	1		1	3	5	
113	1	29	13	46	臺北市	大安區	大安區延吉街與延吉街242巷口	25.0357243	121.555676	0	0	2	3	8	5	5	3	1	1	5	4	5	13	4	4	9	4	5	2	13	4	5	1	3	2	10	1		2	2	13	
113	1	29	13	50	臺北市	內湖區	內湖區麥帥一橋與舊宗路1段口往南京東路六段匝道	25.05386457	121.5755193	0	0	1	3	8	6	5	10	7	1	5	4	5	13	4	4	1	5	5	1	13	1	9	1	7	1	6	1		1	3	1	
113	1	29	13	54	臺北市	中山區	中山區民族東路234號	25.06824059	121.5319958	0	0	1	2	8	5	5	14	9	1	5	4	5	13	4	4	1	3	5	1	12	1	9	1	7	2	1	1		1	3	2	
113	1	29	14	1	臺北市	萬華區	萬華區西園路1段與大理街口	25.0344414	121.498832	0	0	1	2	8	7	5	4	1	1	5	4	5	13	1	1	3	3	5	2	16	4	11	1	3	2	8	1		2	3	2	
113	1	29	14	6	臺北市	內湖區	內湖區東湖路119巷50弄19號	25.06959453	121.6177631	0	0	1	2	8	6	5	14	9	1	5	4	5	13	4	4	5	5	5	2	17	1	1	1	5	2	10	1		1	2	14	
113	1	29	14	45	臺北市	松山區	松山區南京東路4段與南京東路4段133巷口	25.0515573	121.5550962	0	0	1	2	8	6	5	5	1	1	5	4	5	13	2	1	1	4	4	2	16	1	9	1	6	1	10	1		2	2	12	
113	1	29	14	55	臺北市	大同區	大同區南京西路410號	25.0532705	121.5096511	0	0	2	2	8	6	5	14	9	1	5	4	5	13	4	4	9	4	5	2	9	5	20	8	4	10	20	1		2	2	16	
113	1	29	14	57	臺北市	信義區	信義區信安街與信安街103巷口	25.0253547	121.556571	0	0	1	2	8	5	5	4	2	1	5	4	5	13	4	4	9	5	5	2	17	4	6	1	3	9	8	1		2	4	2	
113	1	29	15	24	臺北市	文山區	文山區木柵路4段153號	24.9988708	121.5750621	0	0	1	2	7	6	5	14	9	1	5	4	5	13	4	4	5	4	5	2	18	1	9	8	4	1	20	1		2	2	12	
113	1	29	15	31	臺北市	信義區	信義區忠孝東路5段與松山路口	25.0408372	121.5780459	0	0	1	2	8	5	8	14	9	1	5	4	5	13	1	1	1	4	5	2	13	1	6	1	7	1	8	1		1	3	5	
113	1	29	16	3	臺北市	文山區	文山區保儀路9-1號	24.9887561	121.56858	0	0	1	3	8	7	5	14	9	1	5	4	5	13	2	1	5	5	5	2	17	1	15	3	7	1	18	1		1	3	2	
113	1	29	16	20	臺北市	中正區	中正區中山南路與貴陽街1段口	25.03813803	121.5172341	0	0	3	3	8	6	5	3	2	1	5	4	5	13	1	1	4	4	1	2	13	1	9	1	5	1	10	1		2	2	11	
113	1	29	16	22	臺北市	中正區	中正區忠孝東路2段與杭州北路口	25.0439585	121.5268343	0	0	2	2	8	5	5	4	1	1	5	4	5	13	1	1	10	4	5	1	17	1	5	1	5	1	10	1		2	2	11	
113	1	29	16	45	臺北市	內湖區	內湖區民權東路6段90巷15弄3號	25.06797682	121.5862202	0	0	2	2	8	6	5	14	9	1	5	4	5	13	4	4	10	5	5	2	17	1	9	1	6	1	10	1		1	2	11	
113	1	29	16	45	臺北市	內湖區	內湖區民權東路6段與瑞光路口口	25.06888683	121.5846081	0	0	1	2	8	6	5	14	9	1	5	4	5	13	4	4	1	4	5	2	12	1	9	1	7	1	4	1		1	3	2	
113	1	29	17	9	臺北市	大同區	大同區忠孝西路2段與塔城街口	25.048225	121.5101798	0	0	2	3	7	6	5	4	1	1	5	4	5	13	1	1	1	4	5	2	17	1	9	1	5	11	10	1		1	3	11	
113	1	29	17	17	臺北市	中正區	中正區羅斯福路4段與基隆路4段口	25.0112873	121.5369588	0	0	1	2	8	7	5	4	1	1	5	4	5	13	1	1	1	4	5	2	17	1	5	1	5	2	10	1		1	3	14	
113	1	29	17	20	臺北市	士林區	士林區中山北路7段14巷2-1號	25.1187541	121.5305257	0	0	1	2	8	5	5	14	9	1	5	4	5	13	4	4	5	5	5	1	9	5	18	8	4	10	20	1		2	2	16	
113	1	29	17	34	臺北市	中山區	中山區長春路124號	25.0548123	121.5305966	0	0	1	2	8	7	5	14	8	1	5	4	5	13	4	4	9	5	4	2	8	1	9	1	7	11	8	1		1	3	5	
113	1	29	17	53	臺北市	信義區	信義區基隆路1段與一之六號道路口	25.03435	121.560489	0	0	1	3	7	5	5	14	9	1	5	4	5	13	4	4	10	4	5	1	17	1	9	1	7	1	8	1		1	3	5	
113	1	29	17	55	臺北市	南港區	南港區市民大道8段西往東(北流中心)	25.05179876	121.5976511	0	0	1	2	8	5	5	14	9	1	5	4	4	13	4	4	5	4	5	2	12	1	9	1	7	1	8	1		1	3	5	
113	1	29	17	58	臺北市	內湖區	內湖區民權東路6段與行愛路口	25.066696	121.5785172	0	0	1	2	8	5	6	4	1	1	5	4	5	13	1	1	5	4	5	2	16	1	5	1	7	1	8	1		1	3	5	
113	1	29	18	0	臺北市	文山區	文山區羅斯福路6段與景仁街口	24.9973372	121.5407863	0	0	1	2	8	5	5	4	4	1	5	4	5	13	2	1	1	4	5	2	13	1	9	1	7	2	8	1		2	3	5	
113	1	29	18	3	臺北市	信義區	信義區環東大道	25.0478258	121.5684659	0	0	1	3	8	5	5	10	9	1	5	4	5	13	4	4	7	3	5	1	13	1	9	3	7	1	18	1		1	3	1	
113	1	29	18	13	臺北市	士林區	士林區忠誠路1段與忠誠路1段16弄口	25.1042494	121.5259176	0	0	1	2	8	5	5	3	2	1	5	4	5	13	4	4	1	5	5	1	15	1	9	1	5	1	10	1		1	2	11	
113	1	29	18	16	臺北市	中正區	中正區汀州路3段104巷與汀州路3段160巷口	25.01642851	121.5315342	0	0	3	4	7	5	5	3	1	1	5	4	5	13	4	4	10	4	5	1	16	1	5	1	7	2	8	1		2	3	8	
113	1	29	18	40	臺北市	士林區	士林區雨聲街165巷與至誠路1段62巷口	25.1025124	121.5348406	0	0	1	2	8	5	5	3	1	1	5	4	5	13	4	4	10	5	5	2	9	4	5	1	3	9	8	1		1	3	8	
113	1	29	19	0	臺北市	士林區	士林區平菁街大坪尾一公車站前	25.1299095	121.5765227	0	0	2	2	8	5	5	11	9	1	5	4	5	13	4	4	10	5	5	1	10	1	9	1	6	2	10	1		2	2	11	
113	1	29	19	35	臺北市	內湖區	內湖區新明路298巷與南京東路6段口	25.05714835	121.5815118	0	0	1	2	8	5	5	4	1	1	5	4	5	13	2	1	1	4	5	2	17	4	21	7	3	11	19	2		1	4	15	
113	1	29	19	35	臺北市	文山區	文山區興隆路3段與興隆路3段36巷口	25.0004121	121.5555181	0	0	1	2	8	5	5	3	2	1	5	4	5	13	4	4	1	4	5	2	12	1	9	1	7	2	8	1		1	3	5	
113	1	29	20	8	臺北市	中正區	中正區汀州路1段與西藏路口	25.0306597	121.5071955	0	0	2	3	8	5	5	4	1	1	5	4	5	13	1	1	5	5	5	2	16	1	5	1	6	2	10	1		1	2	12	
113	1	29	21	26	臺北市	中山區	中山區市民大道3段與新生北路2段口	25.0460568	121.5309729	0	0	2	3	8	5	5	4	2	1	5	4	5	13	2	1	5	4	5	2	13	4	9	1	3	1	10	1		2	2	11	
113	1	29	21	40	臺北市	中山區	中山區北安路與自強隧道(外)口內湖往士林機車道	25.08619121	121.5508226	0	0	2	2	8	5	5	14	11	1	5	4	5	13	4	4	1	5	5	2	16	1	8	1	6	1	10	1		1	2	11	
113	1	29	21	45	臺北市	士林區	士林區承德路4段與劍潭路口	25.0842794	121.5234156	0	0	2	2	8	5	5	4	1	1	5	4	5	13	2	1	1	4	4	2	9	4	9	1	3	2	10	1		2	2	11	
113	1	29	23	42	臺北市	中正區	中正區中華路2段與廣州街口	25.0364074	121.506746	0	0	1	2	8	5	5	4	2	1	5	4	5	13	1	1	2	4	5	2	12	1	7	1	6	1	10	1		1	2	14	
113	1	30	0	40	臺北市	信義區	信義區基隆路1段與松隆路口口	25.0433073	121.565895	0	0	1	2	8	5	5	3	1	1	5	4	5	13	2	1	1	2	5	2	17	1	6	1	7	2	8	1		1	3	2	
113	1	30	1	17	臺北市	中正區	中正區中山南路與信義路1段口	25.0386178	121.5178258	0	0	1	2	8	5	5	5	1	1	5	4	5	13	1	1	9	4	1	1	15	1	9	1	7	2	4	1		1	3	2	
113	1	30	4	43	臺北市	萬華區	萬華區寶興街與西藏路259巷口	25.02737562	121.4934096	0	0	2	4	8	5	5	4	1	1	5	4	5	13	4	4	10	5	5	2	17	4	5	8	3	11	20	2		1	4	15	6
113	1	30	6	31	臺北市	萬華區	萬華區環河南路1段與開封街2段口	25.0472717	121.504487	0	0	1	2	7	5	5	3	1	1	5	4	5	13	1	1	8	3	5	2	16	1	11	1	7	2	4	1		1	3	7	
113	1	30	7	25	臺北市	中山區	中山區民權東路3段與龍江路口	25.0622405	121.540742	0	0	1	2	8	5	5	4	1	1	5	4	5	13	1	1	1	3	5	1	16	1	9	1	6	9	10	1		1	2	11	
113	1	30	7	47	臺北市	大安區	大安區瑞安街208巷26號	25.0287571	121.5403606	0	0	1	3	7	7	5	14	9	1	5	4	5	13	4	4	8	3	5	2	12	4	1	1	3	1	10	1		1	2	14	
113	1	30	8	4	臺北市	中正區	中正區金山南路1段97號	25.0364256	121.5278721	0	0	1	2	7	5	5	14	9	1	5	4	5	13	4	4	9	4	5	2	17	1	7	1	7	2	4	1		1	3	2	
113	1	30	8	54	臺北市	文山區	文山區和平東路4段258號旁	25.000901	121.5729151	0	0	1	2	8	7	5	14	9	1	5	4	5	13	4	4	5	5	5	1	13	1	9	1	5	2	10	1		1	3	11	
113	1	30	8	56	臺北市	內湖區	內湖區瑞光路與瑞光路188巷口	25.07446686	121.5778942	0	0	1	2	7	6	5	4	1	1	5	4	5	13	1	1	8	3	5	1	16	1	6	1	7	1	8	1		1	3	6	
113	1	30	9	12	臺北市	中正區	中正區思源街16號對面	25.0141868	121.5312795	0	0	1	2	8	6	5	11	9	1	5	4	5	13	4	4	3	4	5	2	12	1	8	6	7	2	18	1		1	3	2	
113	1	30	9	22	臺北市	信義區	信義區松勇路13-29號	25.0378725	121.5697835	0	0	1	2	8	7	5	14	9	1	5	4	5	13	4	4	9	5	5	2	17	1	11	1	7	1	4	1		1	3	4	
113	1	30	9	25	臺北市	信義區	信義區松仁路與信義路5段口口	25.0326795	121.5683509	0	0	1	2	8	6	5	14	9	1	5	5	5	13	2	1	5	4	5	2	18	1	9	1	6	1	10	1		2	2	12	
113	1	30	9	27	臺北市	信義區	信義區松隆路與永吉路127巷11弄口	25.0462467	121.5709753	0	0	1	2	7	6	5	3	2	1	5	4	5	13	4	4	1	4	5	2	17	4	6	1	3	1	8	1		1	3	5	
113	1	30	9	35	臺北市	中正區	中正區重慶南路1段130號	25.03679451	121.5125679	0	0	1	2	8	5	5	14	9	1	5	4	5	13	4	4	10	5	5	2	17	1	8	1	7	1	4	1		1	3	6	6
113	1	30	9	36	臺北市	中正區	中正區中華路1段與酉陽街口	25.04380985	121.5089382	0	0	2	3	8	6	5	3	1	1	5	4	5	13	4	4	5	4	5	2	16	1	6	1	7	2	8	1		1	3	2	
113	1	30	9	41	臺北市	大同區	大同區環河北路1段與民生西路口	25.0570407	121.5083629	0	0	1	2	7	6	5	5	2	1	5	4	5	13	2	1	8	3	5	1	12	1	9	1	6	9	11	1		2	2	14	
113	1	30	9	41	臺北市	松山區	松山區復興北路與五常街口	25.064293	121.5443432	0	0	2	3	7	6	5	3	1	1	5	4	5	13	1	1	1	3	5	2	15	1	9	1	6	1	10	1		1	2	11	
113	1	30	9	48	臺北市	中正區	中正區市民大道2段與林森北路口	25.04773	121.5242078	0	0	2	2	8	6	5	22	9	1	5	4	5	13	2	1	9	4	5	2	16	1	5	1	6	2	10	1		1	2	14	
113	1	30	10	5	臺北市	信義區	信義區市府路1號口	25.0373462	121.5636555	0	0	1	2	8	6	5	14	9	1	5	4	5	13	2	1	5	4	5	2	9	1	9	1	7	1	2	1		1	3	17	
113	1	30	10	34	臺北市	中山區	中山區松江路38巷與新生北路1段口	25.04761446	121.5304896	0	0	1	2	7	5	5	3	2	1	5	4	5	13	4	4	1	5	5	2	16	4	6	1	3	2	4	1		1	3	2	
113	1	30	10	37	臺北市	中正區	中正區重慶南路1段與重慶南路1段136巷口	25.0363119	121.5125016	0	0	1	2	8	6	5	3	2	1	5	4	5	13	4	4	9	4	5	2	13	1	12	1	6	2	9	1		1	2	11	
113	1	30	10	55	臺北市	大同區	大同區重慶北路2段90號	25.0566032	121.5137279	0	0	1	2	8	6	5	14	9	1	5	4	5	13	4	4	1	4	5	2	17	4	7	1	5	1	10	1		1	2	14	
113	1	30	11	15	臺北市	中山區	中山區松江路170巷與長春路137巷口口	25.0560626	121.531445	0	0	1	2	7	7	5	4	1	1	5	4	5	13	4	4	5	4	5	2	17	4	5	1	3	1	10	1		2	2	12	
113	1	30	11	15	臺北市	中山區	中山區民生西路12號	25.0577929	121.5221848	0	0	1	2	8	6	5	14	9	1	5	4	5	13	4	4	5	5	5	2	16	1	5	1	5	1	10	1		2	3	11	
113	1	30	11	19	臺北市	信義區	信義區大道路與大道路7巷口	25.0426521	121.581541	0	0	1	3	8	6	5	4	2	1	5	4	5	13	2	1	9	5	5	2	16	1	5	1	5	2	10	1		1	3	12	
113	1	30	12	4	臺北市	文山區	文山區萬隆街與溪洲街137巷23弄口	25.0009353	121.53637	0	0	1	2	8	6	5	4	1	1	5	4	5	13	4	4	10	5	5	2	15	1	9	1	6	2	10	1		1	2	11	
113	1	30	12	34	臺北市	大安區	大安區通化街與通化街171巷口	25.028325	121.5532521	0	0	1	2	8	5	5	4	1	1	5	4	5	13	2	1	4	3	4	2	17	1	6	8	4	11	20	1		1	3	15	
113	1	30	12	50	臺北市	大同區	大同區重慶北路1段與長安西路口	25.0516222	121.5138713	0	0	1	2	7	6	5	4	1	1	5	4	5	13	1	1	1	4	5	2	17	1	5	1	7	2	8	1		1	3	6	
113	1	30	13	39	臺北市	松山區	松山區八德路3段74巷52號	25.04653827	121.5525024	0	0	1	2	8	6	5	14	9	1	4	4	5	13	4	4	10	5	5	2	7	1	9	1	6	2	10	1		1	3	11	
113	1	30	14	14	臺北市	松山區	松山區南京東路5段與南京東路5段23巷口	25.05160207	121.5579495	0	0	1	2	8	6	5	5	1	1	5	4	5	13	1	1	1	3	5	2	15	1	9	1	3	1	8	1		1	3	15	
113	1	30	14	20	臺北市	士林區	士林區至善路2段321號	25.1016576	121.5523958	0	0	2	4	8	6	5	14	9	1	5	4	5	13	1	1	1	4	5	2	11	4	9	1	3	2	8	1		1	3	2	
113	1	30	14	42	臺北市	大安區	大安區羅斯福路3段95號前	25.0224239	121.5263519	0	0	2	2	8	7	5	14	9	1	5	4	5	13	1	1	1	4	5	2	17	1	9	3	6	1	18	1		1	2	11	
113	1	30	14	44	臺北市	萬華區	萬華區堤外便道(華翠大橋旁)	25.02783984	121.4887369	0	0	1	2	8	5	5	22	9	1	5	4	5	13	4	4	9	5	5	2	17	4	5	1	7	1	3	1		1	3	16	
113	1	30	15	11	臺北市	士林區	士林區承德路4段282號	25.0896933	121.5190294	0	0	1	3	8	5	5	14	8	1	5	4	5	13	4	4	1	4	4	1	17	1	9	1	6	1	10	1		1	2	11	
113	1	30	15	34	臺北市	南港區	南港區東新街與南港路3段口	25.0519646	121.5828073	0	0	1	2	7	7	5	5	1	1	5	4	5	13	1	1	4	1	4	2	12	1	9	1	7	1	8	1		1	3	2	