年	月	日	時	分	縣市	行政區	allLocation	GoogleLat	GoogleLng	死	2-30	受傷	當事人數	天候	道路照明設備	道路類別	道路型態	事故位置	路面狀況1	路面狀況2	路面狀況3	道路障礙1	道路障礙2	號誌1	號誌2	車道劃分-分向	車道劃分-分道1	車道劃分-分道2	車道劃分-分道3	事故類型及型態	行動電話	當事者行動狀態	駕駛資格情形	保護裝置	飲酒情形	駕駛執照種類	個人肇逃否	肇因碼-主要	性別	受傷程度	車輛撞擊部位1	車輛撞擊部位2
113	1	30	16	0	臺北市	中山區	中山區龍江路356巷58號前	25.0660136	121.5387059	0	0	1	2	7	7	5	14	9	1	5	4	5	13	4	4	9	5	5	2	17	4	5	1	3	1	10	1		1	3	14	
113	1	30	16	8	臺北市	中山區	中山區吉林路370號對面	25.06430267	121.5303702	0	0	2	2	8	5	5	14	9	1	5	4	5	13	4	4	5	4	4	2	16	1	7	1	6	1	10	1		1	2	14	
113	1	30	16	30	臺北市	中山區	中山區市民大道1段往西	25.04838756	121.5204127	0	0	2	4	8	7	5	14	9	1	5	4	5	13	4	4	1	4	5	2	17	1	14	1	7	1	4	1		1	3	2	
113	1	30	16	58	臺北市	大安區	大安區和平東路2段134號前	25.0247087	121.5449018	0	0	2	2	8	7	5	14	9	1	5	4	5	13	1	1	1	4	5	2	13	1	9	1	6	1	10	1		1	2	12	
113	1	30	17	18	臺北市	中正區	中正區愛國西路與公園路口	25.0347471	121.5149447	0	0	1	2	8	7	5	4	1	1	5	4	5	13	1	1	1	4	5	2	17	1	6	1	7	2	8	1		2	2	5	
113	1	30	17	28	臺北市	內湖區	內湖區行善路與舊宗路1段口	25.05876326	121.580283	0	0	1	3	8	6	5	4	1	1	5	4	5	13	1	1	5	4	5	2	1	1	15	1	7	9	8	1		2	3	8	
113	1	30	17	30	臺北市	中山區	中山區中山北路1段與華陰街口	25.04892487	121.5210229	0	0	2	4	8	7	5	3	1	1	5	4	5	13	4	4	9	4	1	2	12	1	7	1	5	1	10	1		1	2	14	
113	1	30	17	45	臺北市	大同區	大同區民權西路與蘭州街口	25.05140559	121.5086006	0	0	1	2	7	5	5	4	2	1	5	4	5	13	2	1	1	4	5	2	12	4	9	1	3	1	5	1		1	3	5	
113	1	30	18	0	臺北市	大安區	大安區芳蘭路與基隆路4段41巷68弄口	25.0115469	121.5438599	0	0	1	2	8	5	5	3	2	1	5	4	5	13	1	1	1	5	5	2	13	1	9	1	5	1	10	1		1	3	11	
113	1	30	18	1	臺北市	大安區	大安區敦化南路2段與文昌街口	25.0328836	121.5490739	0	0	1	2	8	5	5	3	2	1	5	4	5	13	1	1	1	4	5	2	17	4	21	7	3	9	19	2		2	4	15	
113	1	30	18	4	臺北市	萬華區	萬華區環河快速道路下桂林匝道	25.0391965	121.4977941	0	0	2	5	8	5	5	14	16	1	5	4	5	13	4	4	1	4	5	2	17	4	14	1	3	1	8	1		1	3	3	
113	1	30	18	19	臺北市	文山區	文山區木新路1段與木新路1段口無名巷口	24.9887565	121.570728	0	0	1	2	8	5	5	3	1	1	5	4	5	13	2	1	10	5	5	2	17	1	6	1	7	2	8	1		2	2	2	
113	1	30	18	41	臺北市	大安區	大安區文昌街138號	25.0326069	121.5529284	0	0	1	2	8	5	5	3	1	1	5	4	5	13	4	4	10	5	5	2	16	4	6	1	3	1	8	1		2	3	15	
113	1	30	18	43	臺北市	大同區	大同區承德路2段與萬全街口	25.0583771	121.5181705	0	0	1	2	7	5	5	4	1	1	5	4	5	13	1	1	1	4	5	2	17	1	9	1	7	2	4	1		1	3	8	
113	1	30	18	45	臺北市	文山區	文山區新光路2段燈桿0707707號	24.99728082	121.591589	0	0	1	2	8	5	5	14	9	1	5	4	5	13	4	4	9	5	5	1	13	1	9	1	6	2	10	1		1	2	11	
113	1	30	18	46	臺北市	萬華區	萬華區國興路與國興路1巷口	25.02340111	121.5084467	0	0	2	2	8	5	8	22	22	1	5	4	5	13	4	4	10	5	5	2	9	5	16	8	4	1	20	1		1	2	16	
113	1	30	18	50	臺北市	大安區	大安區辛亥路1段與溫州街口	25.0227349	121.5332379	0	0	1	2	8	5	5	4	2	1	5	4	5	13	2	1	1	4	4	2	9	4	6	7	3	11	19	2		1	4	15	
113	1	30	18	53	臺北市	信義區	信義區永吉路326巷17號	25.0446714	121.5754681	0	0	1	2	7	5	5	14	9	1	5	4	5	13	4	4	9	5	5	2	12	1	9	1	7	1	8	1		1	3	2	
113	1	30	19	1	臺北市	大同區	大同區延平北路4段237號	25.0762102	121.5124071	0	0	2	2	7	5	5	14	9	1	5	4	5	13	4	4	5	4	5	2	17	4	14	1	3	2	10	1		1	2	16	
113	1	30	19	23	臺北市	萬華區	萬華區艋舺大道與環河南路3段口	25.027842	121.4893343	0	0	1	2	8	5	5	3	1	1	5	4	5	13	4	4	9	5	5	2	15	1	15	1	7	2	8	1		1	3	4	
113	1	30	19	25	臺北市	松山區	松山區民權東路3段與復興北路口	25.0622349	121.5445607	0	0	1	2	8	5	5	4	2	1	5	4	5	13	1	1	1	3	4	1	13	1	9	1	5	1	10	1		1	3	11	
113	1	30	20	39	臺北市	萬華區	萬華區西園路2段與西園路2段281巷口	25.02492774	121.4916334	0	0	1	2	8	5	8	4	1	1	5	4	5	13	3	1	10	5	5	2	15	4	9	1	3	1	10	1		1	2	11	
113	1	30	21	0	臺北市	大同區	大同區承德路3段與承德路3段285巷口口	25.07402386	121.519789	0	0	1	2	8	5	5	4	2	1	5	4	5	13	2	1	1	4	5	2	17	4	21	7	3	11	19	2		4	4	15	
113	1	30	21	2	臺北市	大安區	大安區復興南路2段與復興南路2段160巷口	25.0277817	121.5434581	0	0	1	2	8	5	5	4	1	1	5	4	5	13	2	1	1	5	5	2	15	4	9	1	3	2	8	1		1	3	8	
113	1	30	21	28	臺北市	北投區	北投區行義路269號	25.13776866	121.528214	0	0	1	2	8	5	5	11	9	1	5	4	5	13	4	4	4	5	5	1	16	1	1	1	7	1	8	1		1	3	8	
113	1	30	21	33	臺北市	信義區	信義區基隆路2段155號	25.0258453	121.5543183	0	0	1	2	7	5	5	14	9	1	5	4	5	13	2	1	3	4	5	2	16	1	11	1	7	2	8	1		2	3	5	
113	1	30	22	0	臺北市	中山區	中山區合江街180巷與錦州街305巷口	25.0610737	121.5378659	0	0	2	3	8	5	5	4	1	1	5	4	5	13	4	4	10	5	5	2	15	4	9	1	3	1	8	1		2	3	5	
113	1	30	22	25	臺北市	萬華區	萬華區成都路與西寧南路口	25.04281577	121.5058203	0	0	1	2	8	5	5	4	2	1	5	4	5	13	2	1	10	5	5	2	17	4	6	1	3	1	8	1		1	3	8	
113	1	30	23	0	臺北市	文山區	文山區木柵路4段與萬芳交流道口	25.00020807	121.5768535	0	0	1	2	7	5	5	3	1	1	5	4	5	13	1	1	10	5	5	2	16	1	5	1	7	2	8	1		1	3	6	
113	1	30	23	50	臺北市	中山區	中山區長春路132號	25.05482753	121.5310432	0	0	1	2	8	5	5	14	8	1	5	4	5	13	4	4	9	4	4	2	2	5	16	8	4	10	20	1		1	2	16	
113	1	31	0	17	臺北市	北投區	北投區光明路與中央北路1段口	25.1332578	121.5015546	0	0	2	2	7	5	5	5	1	1	5	4	5	13	3	1	1	4	5	2	17	1	6	1	5	1	10	1		2	2	11	
113	1	31	0	30	臺北市	中山區	中山區中山北路2段與錦西街口	25.06033132	121.5228476	0	0	1	2	8	5	5	4	1	1	5	4	5	13	1	1	1	5	1	1	16	1	5	1	7	1	4	1		1	3	1	
113	1	31	0	32	臺北市	大同區	大同區重慶北路1段1號	25.05162151	121.5088226	0	0	1	2	7	5	5	14	9	1	5	4	5	13	4	4	1	4	5	1	17	4	9	1	3	1	10	1		1	2	12	
113	1	31	6	18	臺北市	信義區	信義區信義路6段36號	25.0344329	121.5758271	0	0	1	2	8	5	5	14	9	1	5	4	5	13	4	4	9	4	5	2	3	5	16	8	4	10	20	1		2	2	16	
113	1	31	7	1	臺北市	萬華區	萬華區環河南路2段與和平西路3段口	25.0353098	121.4943926	0	0	2	2	7	5	5	4	1	1	5	4	5	13	1	1	1	4	5	2	15	4	1	1	5	1	10	1		1	2	14	
113	1	31	7	18	臺北市	中正區	中正區仁愛路1段與金山南路1段口	25.0383617	121.5284285	0	0	1	3	8	6	8	22	22	1	5	4	5	13	2	1	9	4	3	2	16	1	9	1	6	1	10	1		1	2	11	
113	1	31	7	28	臺北市	信義區	信義區基隆路1段97號	25.0454874	121.5671962	0	0	1	2	8	6	5	14	9	1	5	4	5	13	1	1	1	4	5	2	12	4	9	1	3	1	10	1		1	2	17	
113	1	31	7	40	臺北市	中正區	中正區汀州路1段與三元街口口	25.03058903	121.5073174	0	0	1	3	8	6	5	4	2	1	5	4	5	13	1	1	1	4	4	1	12	1	15	1	6	1	10	1		1	3	14	
113	1	31	7	44	臺北市	內湖區	內湖區民權東路6段119號	25.0689695	121.5924532	0	0	1	2	8	7	5	14	9	1	5	4	5	13	4	4	3	4	5	2	12	1	7	1	7	1	8	1		1	3	3	
113	1	31	8	0	臺北市	內湖區	內湖區大湖街202號前	25.09797124	121.6041304	0	0	1	3	8	6	5	12	9	1	5	4	5	13	4	4	10	5	5	1	18	1	15	1	5	1	10	1		2	2	14	
113	1	31	8	3	臺北市	中正區	中正區南陽街與許昌街口	25.04550741	121.5161183	0	0	1	2	8	6	5	4	2	1	5	4	5	13	4	4	10	5	5	2	17	1	5	1	5	1	10	1		1	2	12	
113	1	31	8	20	臺北市	中正區	中正區館前路46號	25.04414675	121.5149541	0	0	1	2	8	5	5	14	9	1	5	4	5	13	4	4	10	4	5	2	16	4	5	1	6	2	10	1		1	3	11	
113	1	31	8	22	臺北市	南港區	南港區舊莊街1段145巷與舊莊街1段口	25.0399266	121.6203313	0	0	1	3	8	6	5	3	2	1	5	4	5	13	3	1	5	2	5	2	17	1	5	1	5	1	10	1		1	3	17	
113	1	31	8	31	臺北市	中正區	中正區忠孝東路1段84巷善導寺捷運站四號出口	25.0441179	121.5241648	0	0	1	2	8	6	8	22	22	1	5	4	5	13	4	4	9	4	5	2	16	1	1	1	7	2	8	1		2	3	8	
113	1	31	8	35	臺北市	文山區	文山區興隆路4段109巷139號	24.98705396	121.5657139	0	0	1	2	8	6	5	14	9	1	5	4	5	13	4	4	9	5	5	2	12	4	8	1	3	1	8	1		1	3	5	
113	1	31	8	47	臺北市	中正區	中正區羅斯福路3段258號	25.0171428	121.5316611	0	0	1	2	8	7	5	14	9	1	5	4	5	13	4	4	1	4	5	2	17	1	8	1	5	1	10	1		1	2	12	
113	1	31	8	54	臺北市	內湖區	內湖區民權東路6段161號	25.0685414	121.5953705	0	0	1	2	8	7	5	14	9	1	5	4	5	13	1	1	1	4	5	2	12	1	7	1	7	1	8	1		1	3	4	
113	1	31	8	57	臺北市	士林區	士林區文林路615巷10號	25.0992926	121.5223329	0	0	2	2	8	7	5	14	9	1	5	4	5	13	4	4	10	5	5	1	17	1	5	1	6	1	10	1		1	2	13	
113	1	31	9	5	臺北市	中山區	中山區南京東路2段與新生北路2段口	25.0521821	121.5281589	0	0	1	2	7	6	5	4	2	1	5	4	5	13	2	1	1	4	4	2	12	1	8	1	6	9	10	1		1	3	12	
113	1	31	9	15	臺北市	中山區	中山區北安路305號海軍司令部對面	25.077686	121.5386032	0	0	1	2	8	7	5	14	9	1	5	4	5	13	1	1	1	4	5	2	13	4	9	1	3	1	10	1		2	2	11	
113	1	31	9	25	臺北市	士林區	士林區中山北路6段23號	25.103382	121.525002	0	0	1	3	8	6	5	14	9	1	5	4	5	13	4	4	1	4	5	2	17	1	7	1	6	1	10	1		1	2	11	
113	1	31	9	27	臺北市	南港區	南港區松河街0402336燈桿	25.0537142	121.5860294	0	0	2	2	8	6	5	14	9	1	5	4	5	13	4	4	9	5	5	2	12	4	9	1	5	1	10	1		1	2	15	
113	1	31	10	18	臺北市	士林區	士林區美崙街與美崙街152巷口口	25.0967835	121.5193187	0	0	1	2	8	6	5	3	2	1	5	4	5	13	4	4	5	2	5	1	16	1	9	1	7	1	8	1		1	3	4	
113	1	31	10	26	臺北市	中山區	中山區中山北路2段102號	25.0601002	121.5228429	0	0	3	3	8	7	5	14	9	1	5	4	5	13	4	4	9	4	1	2	13	1	9	1	6	1	10	1		2	2	11	
113	1	31	10	31	臺北市	松山區	松山區八德路4段與八德路4段106巷口	25.0485357	121.5610013	0	0	1	2	8	6	5	4	1	1	5	4	5	13	2	1	5	4	5	2	16	4	5	1	3	2	8	1		1	3	8	
113	1	31	10	42	臺北市	大安區	大安區四維路170巷與四維路口	25.0281586	121.5479701	0	0	1	2	8	7	5	4	19	1	5	4	5	13	3	1	9	4	5	2	3	4	15	1	3	1	8	1		1	3	1	
113	1	31	11	6	臺北市	內湖區	內湖區瑞光路390號	25.07783756	121.5716399	0	0	1	2	8	6	5	14	9	1	5	4	5	13	4	4	5	4	5	2	17	1	11	1	7	1	4	1		1	3	8	
113	1	31	11	21	臺北市	中正區	中正區公園路與愛國西路口	25.034805	121.5147044	0	0	1	3	7	7	5	4	1	1	5	4	5	13	1	1	1	4	5	2	17	1	12	1	7	2	2	1		1	3	17	
113	1	31	11	29	臺北市	中正區	中正區延平南路與延平南路192巷口	25.03609056	121.5078249	0	0	1	3	8	6	5	14	9	1	5	4	5	13	4	4	9	5	5	2	17	1	15	1	7	2	8	1		2	3	4	
113	1	31	11	33	臺北市	大安區	大安區安居街與安居街75巷口	25.0191159	121.5527771	0	0	1	2	8	7	5	4	1	1	5	4	5	13	4	4	8	3	4	2	15	1	9	1	6	1	10	1		1	2	11	
113	1	31	11	45	臺北市	文山區	文山區新光路1段22號對面	24.98881846	121.5737435	0	0	2	2	8	6	5	14	9	1	5	4	5	13	4	4	10	5	5	2	16	1	9	3	5	2	18	1		2	2	11	12
113	1	31	11	50	臺北市	大同區	大同區承德路2段與平陽街口	25.0546754	121.5170282	0	0	1	2	8	6	5	4	1	1	5	4	5	13	2	1	1	4	5	2	16	4	5	1	7	2	8	1		1	3	6	
113	1	31	12	15	臺北市	萬華區	萬華區華中橋往新北機車道	25.0118283	121.4955002	0	0	2	2	8	6	5	14	11	1	5	4	5	13	4	4	10	3	5	1	16	4	8	1	3	1	10	1		2	2	12	
113	1	31	12	17	臺北市	信義區	信義區基隆路1段與市民大道6段口	25.049127	121.5694568	0	0	1	2	7	7	5	14	9	1	5	4	5	13	4	4	1	4	5	2	16	4	6	1	6	1	10	1		1	3	11	
113	1	31	12	20	臺北市	中山區	中山區建國北路2段與建國北路2段186巷口	25.0595455	121.5367593	0	0	1	2	8	7	5	3	2	1	5	4	5	13	1	1	10	4	5	2	13	1	9	1	7	2	4	1		1	3	1	
113	1	31	12	23	臺北市	信義區	信義區松隆路與永吉路30巷口	25.0443653	121.568797	0	0	1	2	8	6	5	4	1	1	5	4	5	13	2	1	1	4	5	1	16	4	5	1	3	1	8	1		2	3	8	
113	1	31	12	32	臺北市	南港區	南港區忠孝東路6段與昆陽街157巷口	25.0506071	121.5954429	0	0	1	2	8	7	5	5	2	1	5	4	5	13	2	1	5	5	5	2	17	1	5	1	7	11	8	1		1	3	17	
113	1	31	12	36	臺北市	士林區	士林區社中街298巷4弄與無名巷口	25.09255584	121.5065485	0	0	2	2	8	6	5	4	1	1	5	4	5	13	4	4	10	5	5	2	15	1	9	1	6	2	10	1		2	2	12	
113	1	31	12	39	臺北市	信義區	信義區逸仙路與逸仙路32巷口	25.03983913	121.5615548	0	0	1	2	8	7	5	3	1	1	5	4	5	13	4	4	5	4	5	2	1	4	5	1	3	1	8	1		1	3	8	
113	1	31	12	53	臺北市	中山區	中山區朱崙街20號前	25.0499927	121.539827	0	0	2	2	8	5	5	14	9	1	5	4	5	13	4	4	9	4	5	2	17	4	5	1	3	1	10	1		1	2	12	
113	1	31	12	55	臺北市	中山區	中山區民權東路3段與龍江路口	25.0623569	121.5406577	0	0	1	2	8	6	6	14	10	1	5	4	5	13	1	1	1	4	5	2	9	4	9	1	3	1	2	1		1	3	17	
113	1	31	12	56	臺北市	信義區	信義區信義路5段與松德路口	25.033424	121.5745751	0	0	3	3	8	6	5	4	1	1	5	4	5	13	2	1	1	4	5	1	12	4	9	1	3	1	10	1		2	2	14	
113	1	31	12	56	臺北市	大同區	大同區鄭州路21巷與鄭州路口	25.049272	121.5145017	0	0	1	2	7	6	5	3	2	1	5	4	5	13	4	4	1	4	5	2	17	1	6	1	7	1	8	1		2	3	2	
113	1	31	13	6	臺北市	大安區	大安區延吉街與光復南路240巷口	25.0407128	121.5546624	0	0	1	2	8	7	5	14	9	1	5	4	5	13	4	4	5	4	5	2	17	4	4	1	3	1	10	1		1	2	12	
113	1	31	13	28	臺北市	中正區	中正區重慶南路1段44號	25.04475311	121.5131799	0	0	2	2	8	5	5	14	9	1	5	4	5	13	4	4	5	5	5	2	9	1	9	1	6	1	10	1		1	2	11	11
113	1	31	14	0	臺北市	內湖區	內湖區民權東路6段與行愛路口	25.066696	121.5785172	0	0	1	2	8	6	5	4	1	1	5	4	5	13	1	1	1	3	5	1	16	1	5	1	6	2	10	1		1	3	12	
113	1	31	14	25	臺北市	內湖區	內湖區行善路168巷與新湖一路口	25.05957695	121.5779603	0	0	1	2	8	6	5	3	2	1	5	4	5	13	4	4	5	5	5	2	17	1	11	1	7	1	8	1		1	3	4	
113	1	31	14	30	臺北市	大安區	大安區光復南路82號	25.0446523	121.5575361	0	0	1	2	8	5	8	22	20	2	4	4	4	12	4	4	10	5	5	2	9	4	9	8	4	1	20	1		2	2	15	
113	1	31	14	40	臺北市	內湖區	內湖區陽光街68巷102弄與陽光街口	25.0750042	121.5838208	0	0	1	3	8	5	5	3	1	1	5	4	5	10	4	4	9	5	5	2	16	1	5	1	7	1	8	1		1	3	8	
113	1	31	14	45	臺北市	中山區	中山區民生東路1段12號	25.0579463	121.5235708	0	0	1	2	8	6	5	14	9	1	5	4	5	13	4	4	4	5	5	1	13	4	9	1	3	1	10	1		1	3	11	
113	1	31	14	46	臺北市	中正區	中正區師大路與水源路口口	25.02046884	121.5223947	0	0	1	2	8	6	5	5	1	1	5	4	5	13	1	1	1	4	5	1	17	1	8	1	7	2	8	1		1	3	4	
113	1	31	14	58	臺北市	中山區	中山區民生東路2段123號	25.0578159	121.5323573	0	0	3	5	8	6	5	14	9	1	5	4	5	13	1	1	5	4	5	2	12	4	8	1	3	1	10	1		1	3	12	
113	1	31	15	4	臺北市	文山區	文山區木柵路1段與景美溪橋口	24.9868347	121.5452854	0	0	1	2	8	5	5	3	1	1	5	4	5	13	2	1	5	5	5	1	17	1	6	1	7	2	8	1		2	3	5	
113	1	31	15	9	臺北市	大安區	大安區新生南路1段157巷與仁愛路3段24巷口	25.03494698	121.5359505	0	0	1	2	8	5	5	4	1	1	5	4	5	13	4	4	10	5	5	2	15	1	9	1	7	1	3	1		1	3	6	
113	1	31	15	13	臺北市	士林區	士林區中社路2段與中社路2段91巷口	25.10747378	121.5666129	0	0	1	2	8	6	5	4	2	1	5	4	5	13	4	4	9	4	4	2	17	1	9	8	4	1	20	1		1	2	17	
113	1	31	16	12	臺北市	中山區	中山區松江路與民族東路口旁	25.06874804	121.5329974	0	0	1	2	8	5	5	14	9	1	5	4	5	13	4	4	1	4	5	2	12	1	9	1	7	1	1	1		1	3	2	
113	1	31	16	49	臺北市	北投區	北投區承德路6段1200008燈桿	25.10375563	121.5122405	0	0	1	2	8	6	5	14	8	1	5	4	5	13	4	4	1	4	4	2	12	1	1	1	7	1	8	1		1	3	4	
113	1	31	17	8	臺北市	文山區	文山區辛亥路7段(北往南往新店）	24.9808704	121.5536491	0	0	2	3	8	5	5	14	9	1	5	4	5	13	4	4	1	4	5	2	12	1	8	1	5	2	10	1		1	2	11	
113	1	31	17	10	臺北市	中正區	中正區忠孝東路1段與天津街口	25.04528505	121.5217838	0	0	1	2	7	6	5	4	1	1	5	4	5	13	1	1	2	4	5	2	12	4	7	1	6	2	10	1		1	2	13	
113	1	31	17	17	臺北市	中正區	中正區貴陽街1段(北一女187號燈桿)	25.03865674	121.514312	0	0	1	2	8	5	5	14	9	1	5	4	5	13	4	4	9	4	5	2	12	1	8	1	6	2	10	1		1	3	12	
113	1	31	17	40	臺北市	內湖區	內湖區內湖路1段737巷與內湖路1段737巷50弄口	25.08046473	121.5789863	0	0	1	2	8	6	5	4	1	1	5	4	5	13	4	4	5	5	5	2	3	1	9	1	5	9	10	1		2	3	12	
113	1	31	17	45	臺北市	中山區	中山區中山北路1段與市民大道1段口	25.04827537	121.5207293	0	0	1	2	8	5	5	4	3	1	5	4	5	13	1	1	1	4	1	2	12	4	9	1	3	11	10	2		4	4	14	
113	1	31	18	0	臺北市	中山區	中山區長安東路1段與長安東路1段30巷口	25.04873881	121.526337	0	0	1	2	8	5	5	4	1	1	5	4	5	13	1	1	5	4	5	2	16	1	11	1	7	1	8	1		1	3	8	
113	1	31	18	16	臺北市	中正區	中正區重慶南路2段與南海路口口	25.032105	121.5141719	0	0	2	3	7	5	5	4	2	1	5	4	5	13	1	1	1	4	5	2	12	4	4	1	6	1	10	1		2	2	12	
113	1	31	18	17	臺北市	大安區	信義區信義路4段與光復南路口	25.0330265	121.5576783	0	0	1	2	8	5	6	4	1	1	5	4	5	13	1	1	10	5	5	2	9	5	16	8	4	10	20	2		4	2	16	
113	1	31	18	20	臺北市	北投區	北投區中央北路4段與自立路口	25.1259953	121.4654855	0	0	1	2	8	5	5	4	1	1	5	4	5	13	1	1	5	4	5	2	16	4	5	1	3	2	8	1		1	3	2	
113	1	31	18	35	臺北市	萬華區	萬華區環河南路1段與峨眉街口	25.04458177	121.501198	0	0	1	2	8	5	5	3	1	1	5	4	5	13	4	4	8	3	5	1	17	1	6	1	7	1	8	1		1	3	5	
113	1	31	18	45	臺北市	中山區	中山區濱江街與復興北路地下道口往南	25.0718643	121.5442334	0	0	1	2	8	5	5	14	9	1	5	4	5	13	4	4	1	4	5	2	13	4	9	1	6	1	10	1		2	2	11	
113	1	31	18	47	臺北市	大安區	大安區羅斯福路4段與基隆路4段口	25.0113516	121.5372005	0	0	2	3	8	5	5	18	9	1	5	4	5	13	2	1	10	5	5	2	12	4	8	1	3	1	8	1		1	3	1	
113	1	31	19	58	臺北市	大安區	大安區基隆路3段與臥龍街口	25.0205294	121.548456	0	0	1	2	8	5	5	3	2	1	5	4	5	13	4	4	1	4	5	2	17	1	6	1	5	1	10	1		1	3	17	
113	1	31	20	9	臺北市	文山區	文山區興隆路4段與興隆路4段58巷口	24.9854901	121.5613008	0	0	1	3	8	5	5	3	1	1	5	4	5	13	1	1	1	4	5	2	16	1	11	1	7	2	8	1		1	3	1	
113	1	31	20	14	臺北市	士林區	士林區天母西路與天母西路13巷口	25.11840681	121.5284504	0	0	1	2	8	5	5	3	1	1	5	4	5	13	2	1	5	5	5	2	16	4	5	1	3	1	8	1		2	3	4	
113	1	31	20	22	臺北市	士林區	士林區延平北路6段與中正路口	25.0868557	121.5093191	0	0	1	2	7	5	5	4	1	1	5	4	5	13	1	1	1	4	5	2	17	1	9	1	6	2	10	1		2	2	12	
113	1	31	20	55	臺北市	大安區	大安區忠孝東路4段295號	25.0414583	121.5548975	0	0	1	2	8	5	5	14	9	1	5	4	5	13	4	4	10	5	5	2	13	4	9	6	3	1	8	1		1	3	1	
113	1	31	22	12	臺北市	中山區	中山區市民大道2段與天津街口	25.0480169	121.5223836	0	0	1	2	7	5	5	4	1	1	5	4	5	13	2	1	5	5	5	2	16	1	9	1	6	2	10	1		1	3	11	
113	1	31	22	15	臺北市	信義區	信義區忠孝東路5段431號	25.0409048	121.5756611	0	0	3	5	7	5	8	22	22	1	5	4	5	13	1	1	1	4	5	2	17	1	9	1	6	2	10	1		1	2	11	
113	1	31	22	38	臺北市	松山區	松山區八德路4段339號	25.0492675	121.5675429	0	0	1	2	7	5	5	14	9	1	5	4	5	13	4	4	5	4	5	2	17	1	15	1	6	2	10	1		2	3	11	
113	1	31	23	55	臺北市	松山區	松山區敦化北路與八德路2段口	25.0481622	121.5486852	0	0	1	2	8	5	5	4	1	1	5	4	5	13	1	1	1	4	1	1	15	1	9	1	5	2	10	1		1	2	13	
113	2	1	6	20	臺北市	北投區	北投區福美路199號	25.1004345	121.505605	0	0	1	2	8	5	5	14	9	1	5	4	5	13	4	4	5	5	5	2	9	4	1	1	3	9	2	1		1	3	15	
113	2	1	7	15	臺北市	中正區	中正區市民大道2段近金山北路西向東P168柱子	25.0462649	121.5294911	0	0	3	3	8	6	5	14	9	1	5	4	5	13	4	4	1	4	5	2	12	1	9	1	6	2	10	1		2	2	12	
113	2	1	7	19	臺北市	中正區	中正區汀州路1段116號	25.02693617	121.5111876	0	0	2	3	8	6	5	14	9	1	5	4	5	13	4	4	9	4	5	2	13	1	9	1	6	2	10	1		2	2	11	
113	2	1	7	25	臺北市	中正區	中正區和平西路2段與寧波西街口	25.0290247	121.5119422	0	0	1	2	8	7	5	4	1	1	5	4	5	13	1	1	1	4	5	2	9	4	15	1	7	1	2	1		1	3	17	
113	2	1	7	35	臺北市	中正區	中正區市民高架道往東第30號燈桿	25.04918867	121.5145528	0	0	1	2	8	6	5	8	9	1	5	4	5	13	4	4	9	4	5	2	13	4	7	1	6	2	9	1		1	2	11	
113	2	1	7	37	臺北市	中正區	中正區寧波西街48號	25.0308836	121.5178031	0	0	2	2	8	6	5	14	9	1	5	4	5	13	4	4	10	4	5	2	17	1	9	1	5	2	10	1		1	2	11	
113	2	1	7	52	臺北市	大安區	大安區新生南路2段與金華街口	25.0306065	121.5335143	0	0	3	4	8	6	5	3	1	1	5	4	5	13	1	1	1	4	5	2	16	4	5	1	3	2	8	1		2	3	2	
113	2	1	7	56	臺北市	中正區	中正區羅斯福路1段與南海路口口	25.03290953	121.5181551	0	0	2	2	8	6	5	5	1	1	5	4	5	13	1	1	10	4	5	1	17	1	5	1	6	1	10	1		1	2	14	
113	2	1	8	20	臺北市	中正區	中正區市民大道1段台北車站北一門前	25.0483898	121.5183417	0	0	2	3	8	6	5	14	9	1	5	4	5	13	4	4	1	4	5	2	17	1	12	1	6	2	10	1		2	2	11	
113	2	1	8	24	臺北市	中正區	中正區林森南路與徐州路口	25.0411323	121.5222463	0	0	1	2	8	6	5	4	1	1	5	4	5	13	1	1	5	4	5	2	16	1	5	1	7	2	8	1		2	3	4	
113	2	1	8	38	臺北市	萬華區	萬華區南寧路與廣州街口	25.0364535	121.5049309	0	0	1	2	8	7	5	4	2	1	5	4	5	13	1	1	5	4	5	1	17	1	6	3	6	2	18	1		1	2	11	
113	2	1	8	45	臺北市	中正區	中正區市民大道2段與天津街口	25.04780403	121.5223534	0	0	1	2	8	7	5	4	2	1	5	4	5	13	1	1	1	4	1	2	13	1	9	1	6	1	10	1		1	2	11	
113	2	1	9	33	臺北市	內湖區	內湖區瑞光路28號	25.07003375	121.5830597	0	0	1	2	8	7	5	14	9	1	5	4	5	13	1	1	4	3	5	1	16	1	6	1	7	1	8	1		1	3	2	
113	2	1	9	45	臺北市	大同區	大同區迪化街2段146巷與迪化街2段194巷口	25.0681423	121.5098396	0	0	1	2	8	6	5	4	1	1	5	4	5	13	4	4	1	5	5	2	15	4	9	1	5	2	10	1		2	3	11	
113	2	1	9	58	臺北市	大安區	大安區辛亥路3段往西方向(二殯對面)	25.01488245	121.5524326	0	0	2	3	8	7	5	14	9	1	5	4	5	13	2	1	8	3	5	1	12	1	15	1	5	1	10	1		1	3	14	
113	2	1	10	6	臺北市	大同區	大同區承德路3段196號	25.0698905	121.5183206	0	0	3	4	8	6	5	14	9	1	5	4	5	13	4	4	1	4	5	2	17	1	9	1	5	1	10	1		2	2	14	