年	月	日	時	分	縣市	行政區	allLocation	GoogleLat	GoogleLng	死	2-30	受傷	當事人數	天候	道路照明設備	道路類別	道路型態	事故位置	路面狀況1	路面狀況2	路面狀況3	道路障礙1	道路障礙2	號誌1	號誌2	車道劃分-分向	車道劃分-分道1	車道劃分-分道2	車道劃分-分道3	事故類型及型態	行動電話	當事者行動狀態	駕駛資格情形	保護裝置	飲酒情形	駕駛執照種類	個人肇逃否	肇因碼-主要	性別	受傷程度	車輛撞擊部位1	車輛撞擊部位2
113	2	1	10	33	臺北市	松山區	松山區民權東路4段與光復北路口	25.0617835	121.5542675	0	0	1	2	8	6	5	4	2	1	5	4	5	13	1	1	1	3	4	2	16	4	8	1	3	1	4	1		1	3	6	
113	2	1	10	37	臺北市	中正區	中正區汀州路1段與寧波西街口	25.0268746	121.5108284	0	0	1	3	8	6	5	4	2	1	5	4	5	13	1	1	10	5	5	2	13	1	9	1	7	11	8	1		1	3	1	
113	2	1	10	53	臺北市	大安區	大安區敦化南路1段270巷與仁愛路4段71巷口	25.0389703	121.5471333	0	0	1	2	8	6	5	4	2	1	5	4	5	13	4	4	10	4	5	2	15	1	9	1	5	11	21	1		2	2	11	
113	2	1	11	16	臺北市	士林區	士林區中山北路5段R1853燈桿	25.0839186	121.5253391	0	0	1	3	8	6	5	22	20	4	5	4	3	13	4	4	10	5	5	2	17	1	9	1	5	2	10	1		1	2	12	
113	2	1	11	19	臺北市	信義區	信義區永吉路與松隆路口	25.0455624	121.5700735	0	0	1	2	8	6	5	5	2	1	5	4	5	13	1	1	3	3	5	2	16	4	6	1	3	1	2	1		1	3	5	
113	2	1	11	46	臺北市	松山區	松山區復興北路233號	25.0573131	121.5442443	0	0	1	2	8	7	5	14	9	1	5	4	5	13	4	4	1	4	1	2	13	1	9	1	5	1	10	1		1	2	14	
113	2	1	11	52	臺北市	大安區	大安區市民大道3段與復興南路1段口	25.0447184	121.5435565	0	0	2	2	8	7	5	14	9	1	5	4	5	13	2	1	1	4	5	2	12	4	9	1	3	2	10	1		1	2	14	
113	2	1	11	53	臺北市	萬華區	萬華區東園街58號	25.0260448	121.4963173	0	0	1	2	8	6	5	14	9	1	5	4	5	13	4	4	8	3	5	1	16	4	5	3	3	1	18	1		2	3	11	
113	2	1	12	4	臺北市	士林區	士林區延平北路8段2巷200弄百齡左岸堤防便道	25.11121036	121.4935503	0	0	1	2	8	6	5	4	1	1	5	4	5	13	4	4	5	5	5	1	17	1	5	1	7	1	14	1		1	3	8	
113	2	1	12	6	臺北市	萬華區	萬華區環河快速道路(往北)	25.04875705	121.5054645	0	0	1	3	8	7	5	10	7	1	5	4	5	13	4	4	2	4	5	2	13	1	9	1	6	1	9	1		1	2	11	
113	2	1	12	7	臺北市	中山區	中山區濱江街與復興北路地下道口	25.07213555	121.5441869	0	0	1	2	8	7	5	4	1	1	5	4	5	13	1	1	1	4	5	2	16	1	6	1	7	2	8	1		1	3	5	
113	2	1	12	20	臺北市	內湖區	內湖區行善路與行愛路口	25.0606306	121.5826703	0	0	1	2	8	6	5	4	1	1	5	4	5	13	1	1	1	3	5	1	16	1	5	1	7	1	8	1		1	3	8	
113	2	1	12	35	臺北市	中山區	中山區林森北路383巷與林森北路口	25.0584975	121.5257	0	0	1	2	8	5	5	4	1	1	5	4	5	13	4	4	5	5	5	2	12	1	9	1	6	1	10	1		1	2	12	
113	2	1	12	41	臺北市	中正區	中正區汀州路1段與西藏路口	25.0305786	121.5073661	0	0	1	2	8	6	5	4	1	1	5	4	5	13	1	1	3	4	5	2	17	1	11	1	7	1	4	1		1	3	5	
113	2	1	12	53	臺北市	大安區	大安區龍泉街與雲和街口口	25.0234971	121.5293565	0	0	1	2	8	7	5	4	1	1	5	4	5	13	4	4	10	5	5	1	15	1	9	1	7	1	14	1		1	3	5	
113	2	1	13	9	臺北市	中正區	中正區重慶南路1段與凱達格蘭大道口	25.03969475	121.5128897	0	0	1	2	8	6	5	3	1	1	5	4	5	13	1	1	10	5	5	2	13	4	9	1	6	2	10	1		1	2	11	
113	2	1	13	47	臺北市	中山區	中山區長春路11號	25.05501497	121.5236127	0	0	1	2	8	6	5	14	8	1	5	4	5	13	4	4	9	4	4	2	3	1	9	1	5	1	10	1		1	3	11	
113	2	1	13	52	臺北市	內湖區	內湖區成功路3段與成功路3段76巷口	25.07826633	121.589629	0	0	1	2	8	5	5	3	1	1	5	4	5	13	4	4	1	4	5	2	16	1	6	1	5	1	10	1		1	3	12	
113	2	1	14	1	臺北市	內湖區	內湖區民權東路6段與民權東路6段19巷口	25.06806727	121.5816031	0	0	1	5	8	5	5	14	7	1	5	4	5	13	1	1	9	4	4	2	13	1	9	1	7	1	8	1		1	3	1	
113	2	1	14	4	臺北市	內湖區	內湖區安美街與潭美街口善德堂	25.06054811	121.5967437	0	0	1	2	8	5	5	4	1	1	5	4	5	13	2	1	7	4	5	2	16	1	6	1	7	9	8	1		1	3	2	
113	2	1	14	5	臺北市	內湖區	內湖區內湖路1段與港墘路口	25.0794395	121.5765983	0	0	1	2	8	7	5	4	2	1	5	4	5	13	1	1	1	4	5	2	13	1	9	1	5	1	10	1		1	2	11	
113	2	1	14	17	臺北市	中正區	中正區金門街與金門街24巷口	25.0214985	121.5230929	0	0	1	3	8	6	5	4	1	1	5	4	5	13	4	4	10	5	5	2	15	1	9	1	7	1	8	1		1	2	1	
113	2	1	14	25	臺北市	士林區	士林區承德路5段與士商路口	25.0966595	121.5140796	0	0	1	2	8	6	5	4	18	1	5	4	5	13	1	1	3	4	4	2	3	1	5	1	7	2	8	1		1	3	8	
113	2	1	14	50	臺北市	文山區	文山區新光路2段捷運動物園公車站	24.99870395	121.580154	0	0	1	2	8	5	5	14	10	1	5	4	5	13	4	4	1	4	5	1	9	1	14	1	7	1	2	1		1	3	2	
113	2	1	15	8	臺北市	萬華區	萬華區環河南路1段與漢口街2段口	25.046757	121.5041091	0	0	1	2	8	6	5	3	1	1	5	4	5	13	3	1	9	4	5	2	17	4	5	1	3	1	8	1		2	3	2	
113	2	1	15	26	臺北市	大同區	大同區鄭州路145號	25.0505439	121.5086767	0	0	1	3	7	5	5	14	9	1	5	4	5	13	4	4	9	4	5	1	13	1	7	1	5	11	10	2		1	3	15	
113	2	1	15	28	臺北市	信義區	信義區松壽路1號	25.0359172	121.5631551	0	0	1	3	8	6	5	14	9	1	5	4	5	13	4	4	8	3	5	2	17	4	15	7	3	11	2	2		4	3	17	
113	2	1	16	1	臺北市	大安區	大安區新生南路1段與新生南路1段161巷口	25.034707	121.5328659	0	0	1	2	8	6	5	3	1	1	5	4	5	13	4	4	1	4	5	2	17	4	6	1	3	1	8	1		2	3	17	
113	2	1	16	16	臺北市	萬華區	萬華區環河南路1段與漢口街2段口	25.04650199	121.5036859	0	0	1	2	8	5	5	3	1	1	5	4	5	13	4	4	5	4	5	2	16	4	5	1	7	1	8	1		1	3	1	
113	2	1	16	19	臺北市	松山區	松山區市民大道4段與復興南路1段口	25.04497157	121.5439249	0	0	1	3	8	5	5	4	1	1	5	4	5	13	2	1	1	4	5	2	12	1	7	1	7	1	8	1		1	3	4	
113	2	1	16	44	臺北市	內湖區	內湖區堤外便道與五分街口	25.0658333	121.617882	0	0	1	2	8	7	8	3	1	1	5	4	5	13	1	1	5	5	5	2	16	1	5	1	7	1	8	1		1	3	2	
113	2	1	16	50	臺北市	文山區	文山區景中街與景後街口	24.9927331	121.5432946	0	0	3	3	8	6	5	4	1	1	5	4	5	13	2	1	1	4	5	2	16	1	5	1	5	2	10	1		2	2	12	
113	2	1	17	24	臺北市	內湖區	內湖區康寧路3段56巷	25.0710786	121.6102386	0	0	1	2	7	5	5	3	1	1	5	4	5	13	4	4	1	4	4	2	16	1	5	1	7	1	8	1		1	3	5	
113	2	1	17	36	臺北市	大同區	大同區寧夏路與錦西街口	25.0590261	121.5149027	0	0	2	2	8	5	5	4	2	1	5	4	5	13	2	1	5	5	5	2	3	4	9	1	3	2	10	1		1	2	11	
113	2	1	17	44	臺北市	大同區	大同區台北橋機慢車道往西	25.0635983	121.5075701	0	0	3	3	8	5	5	14	11	1	5	4	5	13	4	4	1	4	5	2	17	4	15	1	3	1	10	1		2	2	12	
113	2	1	17	50	臺北市	文山區	文山區辛亥路6段84號對面	24.9888121	121.5523791	0	0	2	2	7	5	5	14	9	1	5	4	5	13	1	1	1	4	5	2	13	1	9	1	6	1	10	1		1	2	11	
113	2	1	17	56	臺北市	士林區	士林區菁山路101巷71弄與菁山路101巷口	25.1512623	121.5618437	0	0	2	3	8	5	5	3	1	1	5	4	5	13	3	1	8	5	5	1	16	1	5	1	7	2	4	1		1	3	4	
113	2	1	18	0	臺北市	中山區	中山區長安東路1段與長安東路1段52巷口	25.0483159	121.5282322	0	0	2	2	7	5	5	4	1	1	5	4	5	13	2	1	5	4	5	2	13	1	9	1	6	1	10	1		2	2	11	
113	2	1	18	5	臺北市	大安區	大安區潮州街98巷與金山南路2段192巷口	25.0281037	121.5251839	0	0	1	2	8	5	5	3	1	1	5	4	5	13	4	4	10	5	5	2	17	4	6	1	3	1	10	1		2	3	17	
113	2	1	18	10	臺北市	大安區	大安區仁愛路4段110號	25.0372181	121.5493804	0	0	1	3	8	5	5	14	9	1	5	4	5	13	4	4	8	3	5	1	16	1	7	1	7	1	8	1		1	3	4	
113	2	1	18	31	臺北市	大安區	大安區羅斯福路4段119巷與基隆路4段口	25.0111399	121.5374188	0	0	1	2	8	5	5	5	1	1	5	4	5	13	2	1	1	4	5	2	17	4	10	1	3	1	10	1		2	2	14	
113	2	1	18	40	臺北市	文山區	文山區興隆路2段220巷與興隆路2段220巷31弄口口	25.0005541	121.5523089	0	0	1	2	8	5	5	4	1	1	5	4	5	13	2	1	5	5	5	2	16	1	6	1	7	2	8	1		1	3	2	
113	2	1	19	14	臺北市	信義區	信義區和平東路3段與富陽街口口	25.0207676	121.5564627	0	0	1	2	7	5	5	5	1	1	5	4	5	13	1	1	1	4	5	2	9	1	5	1	7	2	4	1		1	3	8	
113	2	1	19	29	臺北市	中正區	中正區和平西路1段與泉州街口口	25.0276448	121.5147901	0	0	1	2	7	5	5	5	1	1	5	4	5	13	1	1	1	4	4	2	12	4	9	1	3	2	8	1		2	3	5	
113	2	1	19	48	臺北市	萬華區	萬華區民和街與西藏路199巷口	25.02639353	121.4998003	0	0	2	3	8	5	5	5	1	1	5	4	5	13	3	1	9	5	5	2	17	1	9	7	6	11	19	1		1	3	17	
113	2	1	20	0	臺北市	士林區	士林區社子大橋下自行車道	25.1116078	121.4970585	0	0	2	2	8	5	8	14	23	1	5	4	5	13	4	4	10	5	5	1	17	1	4	8	4	1	20	1		2	2	11	
113	2	1	20	5	臺北市	文山區	文山區木柵路1段311巷與木柵路1段311巷口工地	24.9886242	121.5556605	0	0	1	2	7	5	5	11	9	1	4	4	5	13	4	4	9	5	5	2	16	1	1	1	6	2	10	1		1	2	12	
113	2	1	20	50	臺北市	北投區	北投區石牌路1段166巷與石牌路1段166巷69弄口	25.1128648	121.5147383	0	0	2	3	8	5	5	4	1	1	5	4	5	13	4	4	10	5	5	2	16	1	9	1	5	2	10	1		2	3	11	
113	2	1	21	6	臺北市	中正區	中正區汀州路2段130號	25.0246434	121.5205448	0	0	1	2	7	5	5	14	9	1	5	4	5	13	4	4	5	5	5	2	12	1	4	1	5	1	10	1		1	2	14	
113	2	1	21	30	臺北市	南港區	南港區園區街與三重路口口	25.0591076	121.6142087	0	0	1	2	8	5	5	3	2	1	5	4	5	13	1	1	5	4	5	2	13	1	5	1	5	1	10	1		2	2	11	
113	2	1	22	10	臺北市	北投區	北投區大度路3段與立德路口	25.12293157	121.4720259	0	0	1	3	8	5	5	3	2	1	5	4	5	13	2	1	1	5	5	1	13	1	9	1	7	1	8	1		1	2	1	
113	2	1	22	20	臺北市	中正區	中正區重慶南路3段與和平西路1段口	25.0272495	121.51639	0	0	2	4	8	5	5	5	2	2	5	4	5	13	2	1	3	4	5	2	17	1	9	1	5	1	10	1		1	2	13	
113	2	1	23	28	臺北市	萬華區	萬華區中華路1段168號	25.0409602	121.5077246	0	0	1	2	8	5	5	14	9	1	5	3	5	13	4	4	9	5	5	2	29	1	9	1	5	1	10	1		1	2	11	
113	2	2	0	0	臺北市	中山區	中山區民權東路2段與中原街口	25.0626873	121.5290217	0	0	2	2	7	5	5	4	1	1	5	4	5	13	2	1	1	4	5	2	15	1	9	1	5	2	10	1		2	2	11	
113	2	2	2	25	臺北市	大安區	大安區復興南路2段與瑞安街23巷口	25.0310598	121.5436537	0	0	1	2	8	5	5	4	1	1	5	4	5	13	1	1	1	3	5	2	17	4	5	1	3	11	4	2		1	4	7	
113	2	2	7	34	臺北市	內湖區	內湖區江南街71巷65弄與江南街71巷口	25.0759667	121.5785969	0	0	1	2	7	6	6	14	9	1	5	4	5	13	4	4	5	5	5	2	10	4	9	1	3	2	8	1		1	3	8	
113	2	2	7	45	臺北市	北投區	北投區承德路7段與承德路7段393巷口	25.11581644	121.5231899	0	0	1	2	7	6	5	4	2	1	5	4	5	13	1	1	1	4	5	1	13	1	9	6	5	1	18	1		1	2	11	
113	2	2	7	47	臺北市	信義區	信義區松仁路1號	25.0404985	121.568915	0	0	1	2	7	7	5	14	9	1	5	4	5	13	4	4	9	5	5	2	16	4	5	1	3	1	8	1		1	3	8	
113	2	2	7	49	臺北市	大安區	大安區信義路4段265巷與信義路4段265巷20弄口	25.0343803	121.5546431	0	0	2	2	8	5	5	4	2	1	5	4	5	13	4	4	5	4	5	2	16	4	5	1	3	1	10	1		2	2	14	
113	2	2	8	15	臺北市	大同區	大同區承德路2段與平陽街口	25.0548801	121.5181987	0	0	1	2	7	6	5	4	1	1	5	4	5	13	2	1	9	4	5	2	17	1	6	1	7	1	4	1		1	3	8	
113	2	2	8	22	臺北市	萬華區	萬華區西園路2段11巷與西園路2段13巷口	25.0322141	121.4981462	0	0	2	2	7	6	5	4	1	1	5	4	5	13	4	4	5	5	5	2	15	1	9	1	5	1	10	1		2	2	11	
113	2	2	8	26	臺北市	中山區	中山區大直街與大直街20巷口	25.0814364	121.5463912	0	0	1	2	8	7	5	3	1	1	5	4	5	13	4	4	10	5	5	2	17	1	5	1	7	1	8	1		1	3	8	
113	2	2	8	35	臺北市	中山區	中山區民權東路1段中山國小對面	25.0626086	121.5264247	0	0	2	5	7	7	5	14	9	1	5	4	5	13	4	4	1	4	5	2	17	4	8	1	3	1	8	1		2	3	6	
113	2	2	9	25	臺北市	士林區	士林區承德路4段與承德路4段3巷口	25.0792749	121.5217874	0	0	1	2	8	6	5	4	1	1	5	4	5	13	4	4	9	5	5	2	15	1	9	1	7	1	8	1		1	3	5	
113	2	2	9	42	臺北市	松山區	松山區八德路4段與南京東路5段66巷22弄口	25.0484008	121.5594252	0	0	2	2	8	5	5	3	1	1	5	4	5	13	4	4	4	3	5	1	15	1	9	1	3	1	10	1		1	2	14	
113	2	2	11	15	臺北市	中正區	中正區重慶南路2段45號	25.03146112	121.5145413	0	0	1	3	8	6	5	14	9	1	5	4	5	13	4	4	1	4	5	1	17	1	7	1	6	2	10	1		2	2	12	
113	2	2	11	16	臺北市	信義區	信義區永吉路278巷57弄與永吉路278巷口	25.043433	121.5741104	0	0	1	3	7	6	5	4	2	1	4	4	5	13	4	4	5	5	5	2	15	1	9	1	6	1	10	1		1	3	14	
113	2	2	11	43	臺北市	大安區	大安區羅斯福路3段273號	25.0183434	121.5307846	0	0	2	3	8	7	5	14	9	1	5	4	5	13	4	4	1	4	5	2	13	4	9	1	3	1	10	1		2	2	11	
113	2	2	11	43	臺北市	萬華區	萬華區環河南路1段101號	25.0436644	121.5006963	0	0	2	2	8	7	5	14	7	1	5	4	5	13	4	4	4	1	5	2	12	1	7	1	5	1	10	1		1	2	14	
113	2	2	11	57	臺北市	中正區	中正區和平西路2段126巷與汀州路1段口	25.0313539	121.5067002	0	0	1	2	8	6	5	5	1	1	5	4	5	13	1	1	10	5	5	2	13	1	5	1	7	1	4	1		1	3	8	
113	2	2	12	25	臺北市	文山區	文山區興隆路3段181巷與興隆路3段181巷1弄口	24.99627284	121.5605027	0	0	1	2	8	6	5	3	2	1	5	4	5	13	4	4	10	5	5	2	10	1	9	1	5	2	10	1		1	2	11	
113	2	2	12	40	臺北市	松山區	松山區復興北路361巷與復興北路口	25.06047765	121.5443909	0	0	1	2	8	7	5	3	1	1	5	4	5	13	4	4	1	4	5	2	16	1	6	1	2	9	8	1		1	3	2	
113	2	2	13	9	臺北市	文山區	文山區興隆路4段145巷9弄2號	24.9854373	121.5620399	0	0	2	3	7	7	5	14	9	1	5	4	5	13	4	4	10	5	5	2	17	1	1	1	7	2	8	1		1	3	4	
113	2	2	13	13	臺北市	松山區	松山區南京東路5段266號	25.05129307	121.5667086	0	0	1	2	7	5	5	14	9	1	5	4	5	13	4	4	9	4	5	2	12	1	7	1	6	1	10	1		1	2	14	
113	2	2	13	34	臺北市	中山區	中山區錦州街259號	25.0603325	121.5346094	0	0	2	2	8	6	5	14	9	1	5	4	5	13	4	4	5	5	5	2	2	5	16	8	4	10	20	1		2	2	16	
113	2	2	13	40	臺北市	中山區	中山區民族東路與雙城街口	25.06847045	121.5239993	0	0	2	2	7	6	5	3	2	1	5	4	5	13	4	4	1	4	5	2	12	1	8	1	5	1	10	1		1	2	13	
113	2	2	13	50	臺北市	北投區	北投區致遠二路與致遠二路71巷口	25.11561339	121.5115821	0	0	1	2	8	6	5	3	1	1	5	4	5	13	1	1	5	4	5	2	17	1	5	1	7	1	8	1		1	3	8	
113	2	2	13	56	臺北市	中正區	中正區重慶南路3段與和平西路1段口	25.0270512	121.5161722	0	0	1	2	8	6	5	4	1	1	5	4	5	13	1	1	1	4	5	2	17	1	6	1	7	1	8	1		1	3	2	
113	2	2	13	58	臺北市	萬華區	萬華區梧州街36號	25.0371661	121.4976243	0	0	1	2	7	6	5	14	9	1	5	4	5	13	4	4	5	5	5	2	2	1	9	1	7	9	8	1		2	3	5	
113	2	2	14	0	臺北市	大安區	大安區安和路1段27號	25.03928818	121.5501644	0	0	1	2	7	6	5	14	9	1	5	4	5	13	4	4	2	3	5	1	13	1	9	1	6	1	10	1		2	2	11	
113	2	2	14	13	臺北市	士林區	士林區中正路588號	25.0871231	121.510049	0	0	1	2	7	6	5	11	9	1	5	4	5	13	4	4	8	5	5	1	17	1	13	1	3	2	8	1		1	3	4	
113	2	2	14	15	臺北市	中正區	中正區忠孝東路2段與新生南路1段口	25.0423012	121.5327218	0	0	1	2	7	7	5	4	1	1	5	4	5	13	1	1	1	4	5	2	12	1	9	1	7	9	4	2		1	3	17	
113	2	2	14	32	臺北市	信義區	信義區忠孝東路5段22巷與忠孝東路5段口	25.0410236	121.5660245	0	0	1	2	8	6	5	3	2	1	5	4	5	13	1	1	1	4	5	2	16	4	6	1	3	1	8	1		2	3	5	
113	2	2	14	36	臺北市	北投區	北投區立農街1段與吉利街123巷8弄口	25.119081	121.506631	1	0	0	2	8	7	5	4	1	1	5	4	5	13	4	4	10	5	5	1	15	1	4	1	7	2	8	1		1	3	2	1
113	2	2	14	37	臺北市	內湖區	內湖區康寧路3段189巷與東湖路43巷口	25.07058562	121.6129471	0	0	2	2	7	7	5	4	1	1	5	4	5	13	4	4	10	5	5	1	15	1	9	1	6	1	10	1		2	2	11	
113	2	2	14	40	臺北市	南港區	南港區成福路與成福路26巷口	25.0454265	121.5861861	0	0	1	2	7	6	6	4	2	1	5	4	5	13	3	1	5	5	5	2	11	1	9	3	2	1	18	1		2	2	11	
113	2	2	14	50	臺北市	內湖區	內湖區成美橋與新明路298巷口	25.0556472	121.5821984	0	0	1	2	8	5	5	4	1	1	5	4	5	13	1	1	5	5	5	2	17	1	9	1	5	2	10	1		1	2	11	
113	2	2	15	11	臺北市	中正區	中正區新生北路1段與八德路1段口	25.04436437	121.532798	0	0	2	3	8	6	5	4	2	1	5	4	5	13	2	1	3	4	5	2	17	1	1	1	5	1	10	1		2	2	14	
113	2	2	15	13	臺北市	大安區	大安區信義路3段147巷18號	25.0359027	121.5419163	0	0	1	2	8	7	5	14	9	1	5	4	5	13	4	4	9	4	5	1	17	4	9	8	3	11	20	2		4	2	12	
113	2	2	15	14	臺北市	萬華區	萬華區莒光路與莒光路183巷口	25.0311987	121.5022083	0	0	2	2	7	6	5	4	1	1	5	4	5	13	2	1	1	4	5	2	16	4	11	1	6	2	10	1		2	2	14	
113	2	2	15	37	臺北市	中山區	中山區長春路27號	25.0550125	121.5242536	0	0	1	3	7	7	5	14	8	1	5	4	3	13	4	4	9	4	4	2	16	1	6	1	7	1	8	1		1	3	5	
113	2	2	15	50	臺北市	士林區	士林區福華路164巷與福華路口	25.10425	121.5225647	0	0	1	3	7	6	5	5	1	1	5	4	5	13	4	4	10	4	5	2	17	1	5	1	6	1	10	1		2	2	12	
113	2	2	16	10	臺北市	中山區	中山區民權東路3段與合江街口	25.0621189	121.539212	0	0	2	2	8	5	5	3	2	1	5	4	5	13	4	4	5	5	5	2	3	4	6	1	3	2	10	1		1	2	11	
113	2	2	16	38	臺北市	文山區	文山區羅斯福路6段與景華街口	24.9948413	121.5412208	0	0	1	2	7	6	5	4	1	1	5	4	5	13	2	1	1	4	5	2	16	1	5	1	6	1	8	1		2	2	14	
113	2	2	16	47	臺北市	大安區	大安區羅斯福路3段283巷與新生南路3段86巷口	25.0189313	121.5316556	0	0	2	3	7	5	5	4	1	1	5	4	5	13	4	4	10	5	5	2	15	4	9	1	3	2	10	1		1	2	11	
113	2	2	16	55	臺北市	文山區	文山區忠順街1段26巷27弄與木新路3段172巷口口	24.98224046	121.5605403	0	0	2	2	6	6	5	4	1	1	4	4	5	13	4	4	10	5	5	2	15	1	9	1	5	1	10	1		2	2	11	
113	2	2	17	9	臺北市	中山區	中山區民族東路與松江路581巷42弄口	25.0683123	121.5363296	0	0	2	2	8	5	5	4	2	4	5	4	5	13	2	1	3	5	5	2	15	4	9	1	3	1	10	1		1	2	12	
113	2	2	17	15	臺北市	大安區	大安區信義路4段199巷與安和路1段102巷口	25.0342895	121.5516576	0	0	1	2	7	5	5	4	1	1	5	4	5	13	4	4	5	4	5	2	15	1	9	1	7	1	8	1		2	3	8	
113	2	2	17	30	臺北市	士林區	士林區中正路與延平北路6段口	25.0870166	121.5098401	0	0	1	2	7	6	5	4	2	1	5	4	5	13	1	1	10	4	5	2	13	1	9	1	7	2	8	1		1	3	1	
113	2	2	17	30	臺北市	大安區	大安區忠孝東路3段與忠孝東路3段217巷口口	25.0417614	121.5396529	0	0	1	2	7	7	5	3	1	1	5	4	5	13	2	1	1	4	5	1	13	1	9	1	6	1	10	1		2	2	11	
113	2	2	17	40	臺北市	大安區	大安區和平東路2段134號與和平東路2段口	25.02472196	121.544766	0	0	3	3	8	5	5	14	9	1	5	4	5	13	1	1	1	3	5	2	13	1	9	1	5	1	10	1		1	2	11	
113	2	2	17	44	臺北市	大同區	大同區民生西路與承德路2段口	25.05742	121.5184762	0	0	1	2	8	5	5	5	2	1	5	4	5	13	2	1	8	3	5	2	17	1	9	1	2	11	4	1		1	3	5	
113	2	2	17	55	臺北市	松山區	松山區市民大道4段與八德路4段106巷口	25.0466401	121.5612184	0	0	1	2	7	5	5	3	1	1	5	4	5	13	3	1	1	4	5	2	13	1	9	1	5	1	10	1		1	2	11	
113	2	2	18	5	臺北市	萬華區	萬華區康定路與和平西路3段口	25.0356198	121.5011746	0	0	1	2	7	5	5	4	2	1	5	4	5	13	2	1	9	4	5	2	13	4	9	1	3	1	8	1		1	3	1	
113	2	2	18	10	臺北市	中正區	中正區博愛路與漢口街1段口	25.0450234	121.5114526	0	0	1	2	8	5	5	4	1	1	5	4	5	13	2	1	10	5	5	2	3	1	12	1	5	2	10	1		2	2	14	
113	2	2	18	29	臺北市	中山區	中山區民權東路2段92巷與錦州街口	25.06034406	121.5316945	0	0	2	2	8	5	5	4	1	1	5	4	3	13	4	4	10	4	5	2	15	1	9	1	6	1	10	1		1	2	14	
113	2	2	19	10	臺北市	內湖區	內湖區康寧路3段16巷103號與無名巷口	25.07093824	121.6092128	0	0	1	2	8	5	5	3	18	1	5	4	5	13	4	4	10	5	5	2	3	1	5	1	7	2	8	1		1	3	8	
113	2	2	19	27	臺北市	大同區	大同區承德路2段239號	25.06265019	121.5183707	0	0	1	2	8	5	5	4	2	1	5	4	5	13	2	1	1	2	5	2	12	1	7	1	6	1	10	1		1	2	13	
113	2	2	19	30	臺北市	士林區	士林區中山北路5段376號對面	25.09025805	121.5273726	0	0	1	2	8	5	8	22	22	1	5	4	5	13	2	1	1	5	1	1	17	1	6	1	5	1	10	1		2	3	12	
113	2	2	19	30	臺北市	士林區	士林區文林路與基河路口	25.0860671	121.5251457	0	0	1	2	8	5	5	4	2	1	5	4	5	13	1	1	10	1	5	1	16	1	6	1	5	2	10	1		1	2	11	
113	2	2	19	41	臺北市	信義區	信義區市民大道5段82號	25.0486009	121.5668593	0	0	1	2	8	5	5	22	6	1	5	4	5	13	4	4	5	5	5	2	13	1	1	1	7	1	8	1		1	3	4	
113	2	2	20	30	臺北市	中正區	中正區重慶南路3段與寧波西街口口	25.0298889	121.5151626	0	0	1	2	7	5	5	4	1	1	5	4	5	13	1	1	1	4	5	2	13	4	9	1	3	2	10	1		1	2	11	
113	2	2	21	2	臺北市	中正區	中正區中正橋上橋處(往新北市方向)	25.0225233	121.5166904	0	0	1	3	8	5	5	14	9	2	5	4	5	13	4	4	1	4	5	1	17	1	8	1	7	11	8	2		1	3	5	
113	2	2	21	5	臺北市	北投區	北投區中央北路3段與中央北路3段118巷口	25.13742459	121.4835548	0	0	2	4	8	5	5	14	9	1	5	4	5	13	4	4	9	4	5	2	16	1	1	1	7	1	8	1		2	3	4	
113	2	2	21	7	臺北市	內湖區	內湖區金龍路與內湖路3段口	25.08498256	121.5927295	0	0	1	2	8	5	5	5	2	1	5	4	5	13	1	1	5	4	5	2	17	1	1	1	5	1	10	1		1	3	13	
113	2	2	21	15	臺北市	信義區	信義區林口街80巷51號	25.0398696	121.5810992	0	0	2	3	6	5	8	22	22	1	4	4	5	13	4	4	10	5	5	2	17	1	14	1	7	2	8	1		1	3	4	
113	2	2	21	20	臺北市	北投區	北投區中央北路4段與中央北路4段515巷口	25.12833847	121.4685979	0	0	1	3	8	5	5	3	2	1	5	4	5	13	2	1	5	4	5	2	9	5	20	8	7	10	20	1		1	3	16	
113	2	2	21	32	臺北市	松山區	松山區八德路3段74巷3弄6號	25.04762062	121.5526888	0	0	1	2	6	5	5	14	9	1	4	4	5	13	4	4	10	5	5	2	2	1	9	1	5	1	10	1		1	3	12	
113	2	2	21	36	臺北市	中山區	中山區長安東路2段與吉林路口	25.0485237	121.5298897	0	0	2	3	8	5	5	5	1	1	5	4	5	13	2	1	5	4	5	2	12	4	7	1	3	2	10	1		1	2	14	
113	2	2	21	48	臺北市	松山區	松山區民生東路3段117號	25.0578713	121.5465218	0	0	1	4	8	5	5	14	9	1	5	4	5	13	4	4	1	4	5	2	13	1	9	1	5	2	10	1		2	2	11	
113	2	2	21	57	臺北市	信義區	信義區忠孝東路5段與忠孝東路5段345巷口	25.0409513	121.5739662	0	0	1	2	6	5	5	4	1	1	4	4	5	13	2	1	3	4	5	2	16	4	11	1	3	1	4	1		1	3	5	
113	2	2	23	20	臺北市	南港區	南港區忠孝東路7段510號	25.052385	121.6100446	0	0	3	3	6	5	8	14	8	1	4	4	5	13	4	4	1	5	4	2	17	1	9	1	5	2	10	1		1	2	12	
113	2	2	23	30	臺北市	中山區	中山區北安路與自強隧道(外)口圓環	25.0854366	121.5504948	0	0	1	2	8	5	5	18	9	1	5	4	5	13	1	1	1	4	5	2	13	1	9	1	6	1	9	1		1	3	11	
113	2	3	2	14	臺北市	中山區	中山區松江路與德惠街口	25.0667794	121.5337839	0	0	4	5	8	5	5	14	9	1	5	4	5	13	1	1	3	4	4	2	13	4	9	1	3	1	3	1		1	3	1	