年	月	日	時	分	縣市	行政區	allLocation	GoogleLat	GoogleLng	死	2-30	受傷	當事人數	天候	道路照明設備	道路類別	道路型態	事故位置	路面狀況1	路面狀況2	路面狀況3	道路障礙1	道路障礙2	號誌1	號誌2	車道劃分-分向	車道劃分-分道1	車道劃分-分道2	車道劃分-分道3	事故類型及型態	行動電話	當事者行動狀態	駕駛資格情形	保護裝置	飲酒情形	駕駛執照種類	個人肇逃否	肇因碼-主要	性別	受傷程度	車輛撞擊部位1	車輛撞擊部位2
113	2	3	6	16	臺北市	信義區	信義區信義路4段與光復南路口	25.0331927	121.5575344	0	0	2	2	8	7	5	5	1	1	5	4	5	13	1	1	5	5	5	2	15	1	9	1	5	1	10	1		2	2	11	
113	2	3	8	21	臺北市	士林區	士林區文林路89號	25.0879637	121.5260728	0	0	1	3	7	7	5	14	9	1	5	4	5	13	4	4	4	5	5	1	17	1	1	1	5	1	10	1		2	2	14	
113	2	3	8	26	臺北市	萬華區	萬華區西藏路與中華路2段口	25.03006856	121.5040506	0	0	1	2	8	7	5	4	2	1	5	4	5	11	1	1	1	4	5	2	17	1	11	1	7	11	8	1		1	3	17	
113	2	3	8	30	臺北市	文山區	文山區興隆路4段108號	24.98317631	121.5620848	0	0	1	2	8	6	6	14	9	1	5	4	2	13	4	4	1	4	4	1	13	1	9	1	6	1	10	1		1	2	11	
113	2	3	9	0	臺北市	信義區	信義區忠孝東路5段423巷與虎林街82巷口	25.043351	121.5753904	0	0	1	2	6	7	5	4	1	1	4	4	5	13	4	4	9	4	5	2	15	1	9	1	5	2	10	1		1	3	11	
113	2	3	9	0	臺北市	南港區	南港區舊莊街1段與舊莊街1段91巷口	25.0407342	121.6191615	0	0	1	2	7	5	5	3	1	1	4	4	5	13	3	1	9	4	5	2	17	1	9	1	5	2	10	1		1	2	17	
113	2	3	9	15	臺北市	中正區	中正區忠孝東路2段與八德路1段口	25.0433899	121.5289328	0	0	1	2	7	6	5	4	1	1	5	4	5	13	1	1	9	4	5	2	17	1	5	1	7	2	8	1		1	3	5	
113	2	3	9	34	臺北市	中山區	中山區建國北路3段86巷與松江路469巷口	25.06574601	121.535069	0	0	1	2	7	6	5	4	1	1	5	4	5	13	4	4	8	5	5	1	15	4	9	1	3	9	10	1		2	2	11	
113	2	3	9	34	臺北市	北投區	北投區石牌路1段166巷43弄與西安街1段313巷16弄口	25.1137115	121.514733	0	0	1	3	7	7	5	4	1	1	5	4	5	13	4	4	10	5	5	2	15	1	9	1	6	9	10	2		1	3	12	
113	2	3	10	5	臺北市	內湖區	內湖區內湖路2段261號	25.08201232	121.5902814	0	0	1	2	8	6	5	14	9	1	5	4	5	13	2	1	9	5	5	2	3	1	9	8	4	2	20	1		2	3	11	
113	2	3	10	11	臺北市	信義區	信義區松信路154號	25.0433986	121.571963	0	0	1	2	8	7	5	14	9	1	5	4	5	13	4	4	5	4	4	2	9	1	2	1	7	1	8	1		1	3	3	
113	2	3	10	51	臺北市	北投區	北投區建民路129巷與致遠一路1段46巷口	25.1101435	121.5175932	0	0	2	2	8	7	5	4	1	1	5	4	5	13	4	4	10	5	5	2	15	1	9	3	5	1	18	1		2	2	11	
113	2	3	11	10	臺北市	中正區	中正區重慶南路3段103號	25.0246419	121.5168657	0	0	1	2	8	6	5	14	9	1	5	4	5	13	4	4	2	4	5	1	13	1	9	1	5	1	10	1		1	2	11	
113	2	3	11	10	臺北市	內湖區	內湖區大湖街五指幹45號電桿	25.09645914	121.6046998	0	0	1	2	8	7	5	11	9	5	5	4	5	13	4	4	10	5	5	1	18	1	12	8	4	1	20	1		2	2	15	
113	2	3	11	12	臺北市	士林區	士林區中山北路7段141巷與中山北路7段181巷口	25.12491131	121.5306302	0	0	2	3	8	6	5	3	1	1	5	4	5	13	4	4	5	5	5	2	17	1	11	1	7	2	8	1		1	3	8	
113	2	3	11	40	臺北市	大同區	大同區延平北路4段與酒泉街口	25.0719231	121.5108604	0	0	1	2	8	6	5	4	2	1	5	4	5	13	2	1	5	4	4	2	17	4	21	7	3	11	19	2		1	4	15	
113	2	3	11	59	臺北市	文山區	文山區興隆路2段66號	24.9997385	121.5478275	0	0	1	3	8	6	5	14	9	1	5	4	5	13	4	4	1	4	5	2	12	1	7	3	6	2	18	1		2	2	14	
113	2	3	12	0	臺北市	文山區	文山區木新路3段與樟新街口口	24.98021584	121.5550004	0	0	3	3	8	6	5	3	1	1	5	4	5	13	2	1	4	4	5	1	16	1	5	3	6	2	18	1		1	2	12	
113	2	3	12	2	臺北市	松山區	松山區民生東路5段36巷與民生東路5段36巷8弄口	25.0570882	121.5571322	0	0	1	2	7	6	5	3	1	1	5	4	5	13	4	4	5	5	5	2	16	1	5	1	7	1	8	1		1	3	8	
113	2	3	12	4	臺北市	北投區	北投區中央北路3段與中央北路3段118巷口	25.13737813	121.4835701	0	0	2	2	8	5	5	3	1	1	5	4	5	13	4	4	5	4	5	2	16	1	5	1	5	2	10	1		1	2	14	
113	2	3	12	25	臺北市	大安區	大安區忠孝東路4段與敦化南路1段口	25.0416361	121.5489583	0	0	1	2	8	5	5	4	1	1	5	4	5	13	2	1	1	3	4	1	16	1	6	1	7	1	8	1		1	3	2	
113	2	3	12	47	臺北市	萬華區	萬華區青年路與國興路口	25.0260628	121.5064727	0	0	2	2	8	5	8	4	1	1	5	4	5	13	1	1	10	5	5	2	17	4	1	1	3	2	10	1		1	2	11	
113	2	3	13	3	臺北市	中正區	中正區市民大道3段8號前	25.045506	121.5321209	0	0	1	2	8	5	5	14	9	1	5	4	5	13	4	4	9	4	5	1	12	1	4	1	7	2	8	1		1	3	4	
113	2	3	13	10	臺北市	中正區	中正區詔安街59號	25.0257444	121.5114052	0	0	1	2	8	6	5	14	9	1	5	4	5	13	4	4	10	5	5	1	17	1	5	3	6	1	18	1		2	3	12	
113	2	3	13	28	臺北市	中正區	中正區愛國西路與公園路口	25.0352684	121.5148172	0	0	1	2	8	5	6	4	2	1	5	4	5	13	1	1	1	5	5	2	16	1	9	1	7	1	8	1		1	3	4	4
113	2	3	13	30	臺北市	大同區	大同區民生西路與承德路2段口	25.0574254	121.5184274	0	0	1	3	8	5	5	4	1	1	5	4	5	13	2	1	1	3	5	2	17	1	9	1	7	11	8	2		1	3	5	
113	2	3	13	42	臺北市	松山區	松山區八德路4段與塔悠路口	25.0502918	121.5720541	1	0	0	2	7	7	5	5	1	1	5	4	5	13	1	1	1	3	4	2	17	1	6	1	7	2	1	1		1	3	5	
113	2	3	13	51	臺北市	大安區	大安區敦化南路1段187巷與敦化南路1段口	25.0425012	121.5488464	0	0	1	2	8	5	5	4	18	1	5	4	5	13	2	1	1	3	1	1	1	1	5	1	7	1	8	1		1	3	8	
113	2	3	13	56	臺北市	內湖區	內湖區舊宗路2段111號	25.06910729	121.5748305	0	0	1	2	8	7	5	14	9	1	5	4	5	13	1	1	1	3	5	1	17	1	15	1	7	1	8	1		1	3	17	
113	2	3	14	14	臺北市	大安區	大安區市民大道4段與敦化南路1段口	25.0447193	121.5488304	0	0	2	3	8	6	5	5	1	1	5	4	5	13	1	1	1	4	5	2	12	4	6	1	3	1	8	1		1	3	6	
113	2	3	14	39	臺北市	大安區	大安區杭州南路2段與杭州南路2段9巷口	25.0343109	121.523849	0	0	2	3	8	6	5	3	2	1	5	4	5	13	4	4	1	4	5	2	17	4	6	1	6	1	9	1		1	2	14	
113	2	3	15	2	臺北市	中山區	中山區南京東路2段與伊通街口	25.0519303	121.5347954	0	0	1	2	8	5	5	4	1	1	5	4	5	13	1	1	1	4	4	2	16	1	6	1	6	1	10	1		2	3	12	
113	2	3	15	5	臺北市	士林區	士林區福林路254巷099燈桿處	25.0981004	121.5370437	0	0	1	3	8	6	5	14	9	1	5	4	5	13	4	4	10	5	5	1	17	1	8	1	7	2	8	1		1	3	15	
113	2	3	15	53	臺北市	萬華區	接華中橋匝道口	25.0165208	121.4955132	0	0	1	3	8	7	8	3	1	1	5	4	5	13	1	1	1	5	5	2	15	1	15	1	7	1	8	1		1	3	5	
113	2	3	15	56	臺北市	大安區	大安區復興南路2段17號與無名巷口	25.02573	121.543573	0	0	2	3	8	7	5	3	2	1	5	4	5	13	4	4	1	4	4	2	17	1	6	1	7	1	8	1		1	3	2	
113	2	3	16	9	臺北市	大安區	大安區復興南路1段與復興南路1段313巷口	25.03420658	121.5436487	0	0	2	3	8	6	5	3	2	1	5	4	5	13	4	4	1	4	5	2	17	4	9	1	6	1	10	1		1	2	11	
113	2	3	16	17	臺北市	中正區	中正區重慶南路2段59號對面	25.03078806	121.5148633	0	0	1	2	8	6	5	14	9	1	5	4	5	13	4	4	1	4	5	2	13	1	9	1	5	2	10	1		2	2	11	
113	2	3	16	18	臺北市	萬華區	萬華區昆明街與西寧南路50巷口	25.0443668	121.5052277	0	0	1	2	8	6	5	3	2	1	5	4	5	13	4	4	9	4	5	2	17	1	7	1	7	1	8	1		2	3	8	
113	2	3	16	30	臺北市	中山區	中山區民權東路1段與林森北路口	25.0627766	121.5261085	0	0	1	2	7	7	5	14	9	1	5	4	5	13	4	4	1	4	5	2	12	4	7	1	6	1	10	1		2	2	14	
113	2	3	16	36	臺北市	信義區	信義區忠孝東路5段與永吉路30巷口口	25.0411294	121.5686665	0	0	1	3	8	6	5	4	1	1	5	4	5	13	2	1	9	4	5	2	12	4	8	1	3	1	8	1		1	3	2	
113	2	3	16	38	臺北市	信義區	信義區忠孝東路5段423巷6弄與忠孝東路5段423巷口	25.0417144	121.575382	0	0	1	2	8	6	5	4	2	1	5	4	5	13	4	4	10	5	5	1	16	4	6	1	3	1	9	1		1	3	12	
113	2	3	16	39	臺北市	中山區	中山區新生北路2段與民生東路1段口	25.0579987	121.5274203	0	0	2	2	8	6	5	4	1	1	5	4	5	13	2	1	1	4	5	2	16	4	5	1	3	2	10	1		2	2	14	
113	2	3	17	5	臺北市	內湖區	內湖區成功路2段與成功路1段口口	25.06195579	121.5911002	0	0	1	2	8	6	5	3	2	1	5	4	5	13	4	4	1	4	5	2	17	1	6	1	7	1	8	1		1	3	6	
113	2	3	17	16	臺北市	信義區	信義區福德街與大道路口	25.0380319	121.5838389	0	0	1	2	8	6	5	4	2	1	5	4	5	13	1	1	1	5	5	2	3	4	5	1	3	1	8	1		1	3	1	
113	2	3	17	24	臺北市	士林區	士林區承德路4段與中正路口	25.09101251	121.5166065	0	0	1	2	8	6	5	4	2	1	5	4	5	13	1	1	10	4	4	1	17	1	6	1	7	2	8	1		1	3	2	
113	2	3	17	30	臺北市	內湖區	內湖區民權東路6段50號	25.0683933	121.5832773	0	0	1	3	8	5	8	22	22	1	5	4	5	13	4	4	1	4	4	2	16	1	6	1	7	2	8	1		1	3	2	
113	2	3	17	30	臺北市	士林區	士林區承德路4段與承德路4段40巷口	25.080889	121.5223529	0	0	1	2	8	5	5	4	1	1	5	4	5	13	2	1	9	4	5	1	17	1	6	1	7	1	8	1		1	3	6	
113	2	3	17	35	臺北市	大安區	大安區新生南路1段與新生南路1段143巷口	25.0358449	121.533007	0	0	1	2	7	6	5	14	20	1	5	4	5	13	4	4	10	5	5	2	16	4	6	1	3	1	4	1		1	3	5	
113	2	3	18	5	臺北市	內湖區	內湖區舊宗路2段與舊宗路2段171巷口	25.07125567	121.5747069	0	0	2	3	8	5	5	3	1	1	5	4	5	13	4	4	1	4	5	2	16	1	4	1	5	1	9	1		1	3	13	
113	2	3	18	6	臺北市	內湖區	內湖區江南街71巷16弄42號前	25.07560808	121.5778765	0	0	2	2	8	5	5	14	9	1	5	4	5	13	4	4	9	5	5	2	13	1	9	1	6	1	10	1		2	2	11	
113	2	3	18	10	臺北市	信義區	信義區信安街67巷與無名巷口0602649燈桿對面	25.0258982	121.5602301	0	0	1	3	7	5	5	3	2	1	5	4	5	13	4	4	9	5	4	2	17	4	5	1	3	2	8	1		2	3	1	
113	2	3	18	43	臺北市	大安區	大安區光復南路116巷、廢鐵道	25.043	121.5562477	0	0	1	3	8	5	5	4	1	1	5	4	5	13	4	4	10	5	5	1	16	4	5	1	3	1	8	1		1	3	5	
113	2	3	18	55	臺北市	松山區	松山區民生東路4段80巷與民生東路4段56巷3弄口	25.0572218	121.5529652	0	0	1	2	8	6	5	4	1	1	5	4	5	13	4	4	7	5	5	2	17	1	6	8	4	9	20	1		2	2	12	
113	2	3	19	36	臺北市	大安區	大安區建國南路2段南往北（勝利加油站旁）	25.0311538	121.5375124	0	0	2	2	7	5	5	14	9	1	5	4	5	13	4	4	1	4	5	2	12	1	1	8	4	1	20	1		2	2	15	
113	2	3	19	57	臺北市	文山區	文山區辛亥路7段燈桿0706687旁	24.9827546	121.5539565	0	0	3	7	7	5	5	14	8	1	5	4	5	13	4	4	5	4	4	2	12	1	7	1	5	2	10	1		1	2	13	
113	2	3	20	19	臺北市	內湖區	內湖區民權大橋與民權大橋口西往東(編號7510465路燈處)	25.06454473	121.5714732	0	0	2	3	8	5	5	8	11	1	5	4	5	13	4	4	5	4	4	1	13	1	4	2	6	1	18	1		1	2	12	
113	2	3	22	21	臺北市	內湖區	內湖區環山路3段與內湖路2段103巷口	25.0847075	121.5808984	0	0	1	2	8	5	5	4	1	1	5	4	5	13	1	1	5	4	5	2	13	1	8	1	5	2	10	1		2	2	13	
113	2	3	22	40	臺北市	內湖區	內湖區成功路2段南向北(南京東路六段)	25.06280434	121.5909417	0	0	2	3	7	5	5	3	1	1	5	4	5	13	4	4	1	4	5	2	16	1	9	1	6	11	10	2		4	2	14	
113	2	3	22	54	臺北市	大同區	大同區鄭州路與西寧北路口	25.0506052	121.5082021	0	0	1	2	8	5	5	4	1	1	5	4	5	13	1	1	1	2	5	2	17	1	5	1	6	1	10	1		1	2	14	
113	2	3	23	45	臺北市	松山區	松山區民權東路3段與敦化北路口	25.06150688	121.5505016	0	0	2	2	7	5	5	5	2	1	5	4	5	13	1	1	3	2	5	2	13	1	9	1	6	1	10	1		1	2	11	
113	2	4	0	0	臺北市	松山區	松山區塔悠路與塔悠路口25號旁無名巷	25.05048026	121.5717077	0	0	1	3	8	5	5	3	2	1	5	4	5	13	3	1	3	4	4	2	17	1	6	1	6	1	10	1		1	2	14	
113	2	4	0	33	臺北市	大安區	大安區忠孝東路4段77巷與敦化南路1段190巷口	25.0426279	121.5472133	0	0	1	2	7	5	5	4	1	1	5	4	5	13	4	4	10	5	5	2	15	4	9	1	5	1	10	1		1	2	11	
113	2	4	1	20	臺北市	中山區	中山區市民大道3段83號	25.0447255	121.5378844	0	0	1	2	8	5	5	14	9	1	5	4	5	13	1	1	1	4	4	2	13	4	9	6	3	1	8	1		1	3	1	
113	2	4	3	31	臺北市	萬華區	萬華區青年路與水源路口	25.020024	121.5042619	0	0	1	2	7	5	5	4	1	1	5	4	5	13	1	1	8	3	5	2	16	1	6	1	7	2	8	1		1	3	1	
113	2	4	7	0	臺北市	松山區	松山區南京東路4段與健康路口	25.0514128	121.5530583	0	0	1	2	7	7	6	4	1	1	5	4	5	13	2	1	1	4	5	2	18	1	9	1	5	1	10	1		1	2	14	
113	2	4	7	16	臺北市	中山區	中山區錦州街與中原街口	25.0603601	121.5287798	0	0	1	2	8	6	5	4	18	1	5	4	5	13	2	1	9	4	5	2	2	1	5	1	7	1	8	1		1	3	1	
113	2	4	7	44	臺北市	士林區	士林區承德路4段與通河街口	25.0802599	121.5222142	0	0	1	2	8	6	5	4	2	1	5	4	5	13	1	1	2	4	5	1	15	4	9	1	3	1	8	1		1	3	1	
113	2	4	8	2	臺北市	士林區	士林區延平北路6段與社中街口	25.0903817	121.5011257	0	0	1	3	8	7	5	4	2	1	5	4	5	13	2	1	1	4	4	1	17	1	5	1	6	1	10	1		1	2	14	
113	2	4	8	50	臺北市	中山區	中山區中山北路3段往北、美術館前	25.0729861	121.5242555	0	0	3	3	8	7	5	14	9	1	5	4	5	13	4	4	1	4	5	2	13	4	9	1	5	2	11	1		1	2	11	
113	2	4	9	0	臺北市	大安區	大安區麗水街與金山南路2段185巷口	25.028165	121.528221	0	0	2	2	8	6	5	4	1	1	5	4	5	13	4	4	5	4	5	2	15	1	9	1	6	1	10	1		2	2	12	
113	2	4	9	25	臺北市	北投區	北投區懷德街與榮華三路口	25.11421743	121.5198546	0	0	1	2	8	7	5	4	1	1	5	4	5	13	2	1	5	5	5	2	1	1	5	1	7	2	4	1		1	3	8	
113	2	4	9	39	臺北市	中山區	中山區長安東路1段53巷與林森北路85巷口	25.04941931	121.5265659	0	0	1	2	7	5	5	4	1	5	5	4	5	13	4	4	10	5	5	2	15	1	9	1	7	1	4	1		1	3	1	
113	2	4	9	53	臺北市	文山區	、興隆路四段66巷多岔路口	24.9849408	121.5615699	0	0	2	2	8	6	5	4	1	1	5	4	5	13	4	4	10	5	1	2	15	4	9	1	3	2	10	1		1	2	11	
113	2	4	9	53	臺北市	士林區	士林區通河西街2段堤外便道百齡左岸249號燈桿	25.0932079	121.5078371	0	0	1	2	8	7	5	14	9	1	5	4	5	13	4	4	5	5	5	1	17	1	4	1	7	1	8	1		2	3	2	
113	2	4	10	10	臺北市	萬華區	萬華區華中橋機車道往台北市	25.0150154	121.4954118	0	0	2	3	7	5	5	8	11	1	5	4	5	13	4	4	5	4	5	2	13	1	9	1	6	1	10	1		1	2	15	
113	2	4	10	13	臺北市	中正區	中正區重慶南路3段182號	25.02285561	121.5167651	0	0	1	2	8	6	5	14	9	1	5	4	5	13	4	4	2	3	5	1	16	1	9	1	7	1	8	1		1	3	8	
113	2	4	10	30	臺北市	信義區	信義區永吉路180巷66弄16號	25.0434903	121.570576	0	0	3	3	8	7	5	14	9	1	5	4	5	13	4	4	9	4	5	2	11	1	4	1	5	1	10	1		1	2	11	
113	2	4	11	8	臺北市	士林區	士林區延平北路7段與延平北路7段106巷口	25.0967187	121.497324	0	0	2	2	8	5	6	3	1	1	5	4	5	13	4	4	10	5	5	1	17	1	11	8	4	1	20	1		1	2	14	
113	2	4	11	17	臺北市	大安區	大安區四維路170巷與敦化南路2段口	25.0281623	121.5484161	0	0	2	2	7	7	5	4	2	1	5	4	5	13	1	1	5	4	5	2	17	1	15	1	6	2	10	1		1	2	11	
113	2	4	11	40	臺北市	士林區	士林區德行東路331巷與德行東路331巷36弄口口	25.1116058	121.5375204	0	0	1	2	8	6	5	3	1	1	5	4	5	13	4	4	9	4	5	1	15	1	15	1	7	1	8	1		1	3	8	
113	2	4	11	50	臺北市	北投區	北投區石牌路1段158號對面	25.1144559	121.513245	0	0	1	2	8	7	5	14	9	1	5	4	5	13	4	4	5	4	5	2	17	1	15	1	7	2	8	1		1	3	6	
113	2	4	12	14	臺北市	士林區	士林區德行東路與芝玉路1段口	25.10973526	121.5341053	0	0	1	2	8	7	8	5	2	1	5	4	5	13	3	1	5	5	5	1	15	1	9	1	5	1	10	1		2	2	12	
113	2	4	12	20	臺北市	大同區	大同區重慶北路3段與昌吉街口	25.06594442	121.5139304	0	0	1	3	8	6	5	4	2	1	5	4	5	13	2	1	8	4	5	2	12	1	9	1	6	1	10	1		1	2	11	
113	2	4	12	22	臺北市	萬華區	萬華區西園路2段與東園街口	25.02813673	121.4950587	0	0	1	2	8	5	5	3	2	1	5	4	5	13	2	1	3	3	5	2	16	1	11	1	5	1	10	1		1	2	14	
113	2	4	12	40	臺北市	萬華區	萬華區艋舺大道與雙園街口	25.0304413	121.4935791	0	0	3	3	8	5	5	4	1	1	5	4	5	13	1	1	9	4	5	2	17	4	5	1	5	1	10	1		1	2	14	
113	2	4	13	8	臺北市	北投區	北投區中和街與珠海路口	25.13838041	121.5025653	0	0	1	2	8	6	5	4	2	1	5	4	5	13	1	1	9	4	5	2	16	1	6	1	5	1	10	1		1	3	12	
113	2	4	14	0	臺北市	中正區	中正區汀州路3段230巷23號前	25.0103171	121.5336657	0	0	2	3	8	7	5	14	9	1	5	4	5	13	4	4	10	5	5	2	16	1	7	1	5	1	10	1		1	3	14	
113	2	4	15	14	臺北市	內湖區	內湖區民權東路6段26號前	25.0668343	121.5791963	0	0	1	2	8	6	5	14	9	1	5	4	5	13	4	4	1	4	5	2	12	1	8	1	5	1	10	1		1	2	14	
113	2	4	15	29	臺北市	中山區	中山區市民大道3段與建國南路1段口	25.0448913	121.5369448	0	0	1	2	8	7	5	4	1	1	5	4	5	13	2	1	7	2	5	2	17	1	6	1	7	1	8	1		1	3	2	
113	2	4	15	44	臺北市	文山區	文山區興隆路3段與興隆路4段1巷口	24.9912277	121.5589405	0	0	3	3	8	6	5	3	2	1	5	4	5	13	2	1	1	4	5	2	16	1	5	8	4	1	20	1		1	2	12	
113	2	4	15	50	臺北市	松山區	松山區敦化北路與敦化北路222巷口	25.05854516	121.549044	0	0	2	3	8	6	8	3	2	1	5	4	5	13	4	4	1	4	4	2	12	1	8	1	7	1	8	1		2	3	2	
113	2	4	16	1	臺北市	大安區	大安區基隆路2段222號	25.02343395	121.5515259	0	0	1	3	8	6	5	14	9	1	5	4	5	13	4	4	5	3	5	2	12	1	9	1	7	1	8	1		1	3	1	
113	2	4	16	9	臺北市	中正區	中正區重慶南路3段143號前	25.0234212	121.5169519	0	0	1	2	8	7	5	14	9	1	5	4	5	13	4	4	2	4	5	2	16	1	1	1	7	2	8	1		1	3	8	
113	2	4	16	18	臺北市	大同區	大同區鄭州路東往西(1006368燈桿)	25.0489688	121.5160149	0	0	4	4	8	6	5	14	9	1	5	4	5	13	4	4	1	4	5	2	17	1	8	1	5	1	10	1		1	2	12	
113	2	4	16	22	臺北市	信義區	信義區虎林街132巷與無名巷口	25.0403438	121.5753925	0	0	2	2	8	7	5	3	1	1	5	4	5	13	4	4	10	5	5	2	3	1	9	8	4	1	20	1		1	2	11	
113	2	4	16	39	臺北市	士林區	士林區至善路2段往故宮	25.10316302	121.5536445	0	0	1	2	8	7	5	11	9	1	5	4	5	13	4	4	1	5	5	2	17	3	9	1	6	1	10	1		1	3	11	
113	2	4	16	44	臺北市	內湖區	內湖區新明路與新明路298巷口口	25.05588873	121.5823851	0	0	1	2	8	6	5	4	2	1	5	4	5	13	2	1	5	2	5	2	17	1	8	1	7	1	8	1		1	3	15	
113	2	4	17	50	臺北市	中山區	中山區中山北路1段140巷與中山北路1段口	25.05139919	121.5221922	0	0	3	3	8	5	5	3	1	1	5	4	5	13	4	4	9	4	5	2	17	1	7	1	5	1	10	1		1	2	12	
113	2	4	17	51	臺北市	萬華區	萬華區青年公園旁人行道(國興路與國興路1巷口)	25.0241574	121.5081747	0	0	1	2	8	5	8	22	20	4	5	4	5	13	4	4	10	5	5	2	1	4	9	8	2	1	20	1		1	2	11	
113	2	4	18	0	臺北市	南港區	南港區南湖大橋上橋處	25.0627236	121.6123709	0	0	1	2	8	5	5	8	5	1	5	4	5	12	4	4	9	4	5	2	17	4	8	1	3	1	10	1		1	2	11	
113	2	4	18	2	臺北市	士林區	士林區雨農橋南往北	25.0995328	121.5325974	0	0	1	3	8	5	5	8	9	1	5	4	5	13	4	4	5	5	5	1	12	4	9	1	3	2	4	1		1	3	2	
113	2	4	18	10	臺北市	中山區	中山區市民大道2段與長安東路1段52巷口	25.0470354	121.5278172	0	0	3	4	8	5	5	3	2	1	5	4	5	13	2	1	1	4	5	2	17	4	6	1	3	1	8	1		1	3	5	
113	2	4	18	15	臺北市	大同區	大同區延平北路1段與南京西路口	25.0538685	121.5116732	0	0	1	2	7	5	5	4	1	1	5	4	5	13	1	1	5	2	5	2	17	1	5	1	5	1	10	1		1	2	13	
113	2	4	18	15	臺北市	大安區	大安區市民大道4段與忠孝東路4段223巷口	25.0441733	121.553151	0	0	2	2	7	5	5	4	2	1	5	4	5	13	2	1	1	4	5	2	17	4	9	8	2	1	20	1		2	2	11	
113	2	4	18	32	臺北市	大安區	大安區光復南路與信義路4段口	25.0329957	121.5572873	0	0	2	4	8	5	5	5	1	1	5	4	5	13	1	1	3	4	5	2	17	4	9	1	5	1	10	1		1	2	14	
113	2	4	18	33	臺北市	文山區	文山區忠順街1段9巷與光輝路口	24.98494857	121.5566274	0	0	1	2	8	5	5	4	1	1	5	4	5	13	4	4	10	5	5	2	15	4	9	1	3	1	8	1		1	3	4	
113	2	4	18	44	臺北市	中正區	中正區汀州路1段與西藏路口	25.0308095	121.5070607	0	0	2	3	7	5	5	4	2	1	5	4	5	13	1	1	5	5	5	2	17	1	6	1	5	1	10	1		1	2	12	
113	2	4	19	7	臺北市	中山區	中山區松江路199號	25.05690626	121.5332062	0	0	1	2	7	5	5	14	9	1	5	4	5	13	4	4	3	4	5	2	17	1	8	1	7	1	4	1		1	3	17	
113	2	4	19	54	臺北市	北投區	北投區中央北路2段257巷與中央北路2段口	25.13848121	121.4910745	0	0	1	2	7	5	5	4	19	1	5	4	5	13	2	1	4	4	5	2	3	1	5	1	7	2	8	1		1	3	1	
113	2	4	19	54	臺北市	士林區	士林區文林路191號	25.08969666	121.5269921	0	0	1	3	7	5	5	14	9	1	5	4	5	13	4	4	9	4	5	2	13	1	9	1	5	1	10	1		1	2	11	
113	2	4	20	5	臺北市	北投區	北投區尊賢街與尊賢街230巷口	25.1162245	121.5076903	0	0	1	2	8	5	5	4	2	1	5	4	5	13	4	4	10	5	5	1	9	1	5	1	7	1	8	1		1	3	8	
113	2	4	20	10	臺北市	中正區	中正區忠孝東路1段10號旁	25.0447975	121.5236122	0	0	1	2	7	5	5	14	9	1	5	4	5	13	2	1	9	4	4	1	9	1	12	1	7	9	2	1		1	3	17	
113	2	4	20	14	臺北市	中正區	中正區林森南路與林森南路61巷口	25.0397489	121.5219026	0	0	2	2	7	5	5	3	1	1	5	4	5	13	1	1	9	4	5	1	13	1	9	1	6	2	10	1		1	2	11	
113	2	4	20	42	臺北市	內湖區	內湖區行善路與行愛路口	25.0606306	121.5826703	0	0	2	3	7	5	5	4	1	1	5	4	5	13	1	1	1	3	5	1	16	1	5	1	7	1	8	1		1	3	5	
113	2	4	20	48	臺北市	大同區	大同區民生西路與承德路2段口	25.05736962	121.5182373	0	0	2	3	6	6	5	4	2	1	4	4	5	13	2	1	1	3	5	1	16	4	9	7	3	11	10	2		4	4	11	
113	2	4	21	0	臺北市	士林區	士林區仰德大道4段1106069燈桿	25.129937	121.547449	0	0	1	2	7	5	5	11	9	1	5	4	5	13	4	4	5	5	5	1	17	1	9	1	7	11	1	2		1	4	17	
113	2	4	21	5	臺北市	中正區	中正區寧波西街與牯嶺街口	25.0301405	121.5163645	0	0	1	2	6	5	5	4	2	1	4	4	5	13	1	1	10	4	5	2	3	1	5	1	7	2	8	1		1	3	1	
113	2	4	21	10	臺北市	士林區	士林區中山北路5段與中山北路5段470巷口	25.0922042	121.5278727	0	0	1	2	8	5	5	3	1	1	5	4	5	13	4	4	4	4	5	1	17	4	6	1	3	1	15	1		1	3	2	
113	2	4	21	13	臺北市	大安區	大安區建國南路1段與新生南路1段161巷口	25.0343717	121.537549	0	0	2	3	6	5	5	5	1	1	4	4	5	13	1	1	1	4	5	2	17	4	8	1	7	1	8	1		1	3	6	
113	2	4	21	28	臺北市	萬華區	萬華區忠孝西路2段與忠孝西路2段16巷口口	25.04819314	121.5085654	0	0	1	2	8	5	5	3	1	1	5	4	5	13	4	4	3	4	5	2	16	4	6	1	7	1	8	1		1	3	6	
113	2	4	21	50	臺北市	信義區	信義區吳興街220巷33號	25.0271066	121.5623306	0	0	1	2	7	5	5	14	9	1	5	4	5	13	2	1	5	5	5	2	17	4	11	1	3	2	4	1		1	3	7	
113	2	4	22	11	臺北市	信義區	信義區逸仙路與逸仙路50巷口口	25.0408199	121.5616177	0	0	2	3	7	5	5	3	1	1	5	4	5	13	4	4	5	4	5	2	16	1	6	1	6	1	10	1		2	2	14	
113	2	4	22	13	臺北市	大同區	大同區迪化街1段與涼州街口	25.0605353	121.5093343	0	0	1	2	7	5	5	4	1	1	5	4	5	13	3	1	9	4	5	2	15	1	9	1	7	2	8	1		1	3	8	