年	月	日	時	分	縣市	行政區	allLocation	GoogleLat	GoogleLng	死	2-30	受傷	當事人數	天候	道路照明設備	道路類別	道路型態	事故位置	路面狀況1	路面狀況2	路面狀況3	道路障礙1	道路障礙2	號誌1	號誌2	車道劃分-分向	車道劃分-分道1	車道劃分-分道2	車道劃分-分道3	事故類型及型態	行動電話	當事者行動狀態	駕駛資格情形	保護裝置	飲酒情形	駕駛執照種類	個人肇逃否	肇因碼-主要	性別	受傷程度	車輛撞擊部位1	車輛撞擊部位2
113	2	8	17	54	臺北市	大同區	大同區西寧北路與南京西路口	25.0532802	121.5087283	0	0	2	3	6	5	5	4	2	1	4	4	5	13	2	1	5	5	5	2	17	4	6	1	3	1	8	1		1	3	2	
113	2	8	18	30	臺北市	大同區	大同區承德路3段249號	25.07134014	121.5185822	0	0	1	2	8	5	5	14	9	1	5	4	5	13	4	4	8	3	5	2	17	1	15	1	7	1	8	1		1	3	2	
113	2	8	19	25	臺北市	松山區	松山區松河街與饒河街221巷口	25.05020671	121.5797822	0	0	2	3	6	5	5	14	9	1	4	4	5	13	1	1	8	5	5	2	11	1	11	1	6	1	8	1		1	3	12	
113	2	8	19	45	臺北市	萬華區	萬華區和平西路3段與南寧路口	25.03495518	121.5035886	0	0	1	2	6	5	5	5	2	1	4	4	5	13	2	1	2	4	5	2	12	1	9	1	7	1	8	1		1	3	5	
113	2	8	20	17	臺北市	中正區	中正區愛國西路50號	25.0367822	121.5075298	0	0	1	2	6	5	5	14	9	1	4	4	5	13	4	4	1	4	4	2	12	1	7	1	7	2	8	1		1	3	4	
113	2	8	21	4	臺北市	萬華區	萬華區萬大路與萬大路423巷口	25.0215201	121.4986978	0	0	1	2	6	5	5	4	1	1	4	4	5	13	1	1	4	3	5	2	11	1	9	1	7	1	4	1		1	3	1	
113	2	8	21	44	臺北市	中山區	中山區長春路68號	25.0549098	121.5263219	0	0	1	2	6	5	5	14	9	1	4	4	5	13	4	4	9	4	4	2	29	1	9	1	5	1	10	1		1	2	11	
113	2	8	21	51	臺北市	大同區	大同區長安西路與長安西路138巷口	25.0507048	121.5176863	0	0	3	3	6	5	6	4	2	1	4	4	5	13	4	4	5	5	5	2	3	4	9	1	5	2	10	1		1	2	11	
113	2	8	21	52	臺北市	南港區	南港區福德街與福德街339巷口	25.0395272	121.5885258	0	0	1	2	6	5	5	3	1	1	4	4	5	13	4	4	4	5	4	2	3	4	9	1	3	1	10	1		1	3	11	
113	2	8	22	12	臺北市	中正區	中正區南昌路2段140號	25.0252497	121.5229698	0	0	2	2	6	5	5	14	9	1	4	4	5	13	4	4	5	4	5	2	3	1	9	1	5	2	10	1		1	2	11	
113	2	8	22	34	臺北市	士林區	士林區通河街與通河街1巷口口	25.0799516	121.5237182	0	0	1	2	6	5	5	4	1	1	4	4	5	13	3	1	5	4	5	1	17	1	9	1	5	2	10	1		1	2	17	
113	2	8	22	51	臺北市	大安區	大安區師大路63號與師大路口	25.0239627	121.5284941	0	0	1	2	6	5	5	4	2	1	4	4	5	13	4	4	7	4	5	2	2	1	9	6	3	1	8	1		1	3	4	
113	2	8	23	10	臺北市	萬華區	萬華區萬大路與長泰街口	25.02253009	121.4991684	0	0	1	2	6	6	5	3	1	2	4	4	5	13	2	1	4	4	5	2	17	1	6	1	7	1	4	1		1	3	6	
113	2	8	23	14	臺北市	信義區	信義區忠孝東路5段790巷與忠孝東路5段790巷25弄口	25.0423794	121.5827214	0	0	1	2	6	5	5	4	1	1	4	4	5	13	4	4	10	5	5	2	15	1	9	1	6	1	10	1		2	3	11	
113	2	9	0	3	臺北市	大安區	大安區和平東路2段與建國南路2段口	25.0257981	121.5374108	0	0	1	2	6	5	5	4	1	1	4	4	5	13	1	1	1	5	5	2	17	1	6	1	7	1	8	1		1	3	2	
113	2	9	1	17	臺北市	中山區	中山區民生東路1段23巷與林森北路口側附近口	25.059074	121.5255136	0	0	3	3	6	5	5	4	1	1	4	4	5	13	1	1	5	5	5	2	3	5	17	8	4	10	20	1		1	2	16	
113	2	9	2	50	臺北市	中山區	中山區林森北路與民生東路1段口	25.05806515	121.5255298	0	0	1	2	6	5	5	4	1	1	4	4	5	13	1	1	5	5	5	2	16	1	5	1	7	1	8	1		2	3	4	
113	2	9	6	1	臺北市	中正區	中正區三元街與南海路口	25.0297158	121.5088099	0	0	1	2	6	5	5	4	1	1	4	4	5	13	1	1	5	4	5	2	17	1	5	1	7	1	8	1		1	3	8	
113	2	9	8	2	臺北市	文山區	文山區木新路2段與木新路2段299巷口	24.9827548	121.5652856	0	0	1	2	6	6	5	4	1	1	4	4	5	13	1	1	5	4	4	2	17	4	1	1	3	9	8	1		1	3	17	
113	2	9	9	58	臺北市	萬華區	萬華區萬大路與莒光路口	25.0308104	121.5007156	0	0	1	2	7	6	5	4	1	1	4	4	5	13	2	1	9	4	5	2	17	1	8	7	3	11	19	2		2	3	17	
113	2	9	10	8	臺北市	信義區	信義區虎林街132巷59號	25.0403322	121.5745612	0	0	1	2	7	7	5	14	9	1	5	4	5	13	4	4	9	5	5	2	17	4	1	1	3	1	8	1		1	3	5	
113	2	9	11	7	臺北市	大同區	大同區承德路2段142號	25.0597087	121.518099	0	0	1	2	7	6	5	14	9	1	5	4	5	13	4	4	1	4	4	1	17	4	8	1	3	11	4	2		1	3	17	
113	2	9	11	55	臺北市	松山區	松山區松河街2號與松河街口	25.05142445	121.5710369	0	0	2	2	8	5	5	3	1	1	5	4	5	12	4	4	9	4	5	2	17	1	5	1	6	1	10	1		2	2	12	
113	2	9	11	59	臺北市	南港區	南港區舊莊街1段3巷與大坑街口	25.0431683	121.61915	0	0	1	2	6	7	5	4	1	1	4	4	5	13	1	1	5	4	5	2	16	4	5	1	3	2	8	1		1	3	2	
113	2	9	12	1	臺北市	士林區	士林區忠誠路1段173巷與忠義街口	25.1080306	121.5329377	0	0	1	3	7	5	5	4	1	1	5	4	5	13	3	1	4	5	5	1	15	1	9	1	7	1	8	1		1	3	1	
113	2	9	12	26	臺北市	北投區	北投區三合街2段與清江路口	25.1264893	121.5021159	0	0	1	2	8	6	5	3	1	1	5	4	5	13	4	4	10	5	5	2	16	1	5	1	5	1	10	1		2	2	12	
113	2	9	13	49	臺北市	文山區	文山區羅斯福路5段211巷26弄與興隆路1段70巷口口	25.0016211	121.5399101	0	0	2	2	7	6	5	5	1	1	4	4	5	13	4	4	10	5	5	2	15	1	9	1	2	1	10	1		1	2	11	
113	2	9	13	53	臺北市	內湖區	內湖區五分街20號	25.06746919	121.6139671	0	0	1	2	7	6	5	14	9	1	4	4	5	13	4	4	9	4	5	2	17	1	3	1	6	9	10	1		1	3	14	
113	2	9	14	8	臺北市	中正區	中正區仁愛路2段與金山南路1段口	25.03811685	121.5283155	0	0	1	2	8	7	5	4	1	1	5	4	5	13	1	1	1	3	1	2	12	1	15	1	7	1	8	1		1	3	4	
113	2	9	14	15	臺北市	大安區	大安區和平東路2段與建國南路2段口	25.0256632	121.5382765	0	0	1	2	7	6	5	14	9	1	5	4	5	13	4	4	1	4	5	2	18	4	9	1	6	1	10	1		1	2	17	
113	2	9	15	42	臺北市	北投區	北投區承德路7段與承德路7段401巷口	25.12000153	121.500721	0	0	2	3	7	7	5	3	2	1	5	4	5	13	4	4	1	4	5	2	13	1	9	1	5	2	11	1		2	2	11	
113	2	9	15	52	臺北市	文山區	文山區辛亥路4段與辛亥路4段252巷口	25.0013505	121.5548068	0	0	1	3	6	6	5	3	2	1	4	4	5	13	4	4	1	4	5	2	17	1	14	1	7	2	8	1		1	3	2	
113	2	9	15	53	臺北市	中山區	中山區大直橋與濱江街口	25.0724272	121.5444016	0	0	1	2	7	7	5	4	1	1	5	4	5	13	1	1	1	4	5	2	16	1	6	1	5	1	9	1		1	3	13	
113	2	9	15	55	臺北市	大同區	大同區南京西路與華亭街口	25.0514671	121.5086116	0	0	1	2	7	6	5	3	1	1	5	4	5	13	4	4	4	4	5	2	3	4	9	1	3	2	9	1		1	3	11	
113	2	9	17	18	臺北市	內湖區	內湖區內湖路1段411巷與環山路2段口	25.0857596	121.5726562	0	0	1	2	8	5	5	14	9	1	5	4	5	13	2	1	5	4	5	2	16	1	11	1	7	2	8	1		1	3	4	
113	2	9	17	30	臺北市	內湖區	內湖區行善路與行善路48巷口	25.05653502	121.5755237	0	0	1	2	8	5	5	4	1	1	5	4	5	13	1	1	4	5	5	2	17	1	9	1	5	1	10	1		1	2	14	
113	2	9	18	8	臺北市	士林區	士林區堤外便道堤防便道口	25.09399855	121.5026616	0	0	1	2	8	5	5	14	9	1	5	4	5	13	4	4	10	5	5	2	16	1	5	1	7	1	7	1		1	3	4	
113	2	9	18	51	臺北市	信義區	信義區吳興街260巷與吳興街260巷21弄口	25.02596735	121.5629981	0	0	1	2	8	5	5	3	18	1	5	4	5	13	4	4	10	5	5	2	3	1	5	1	7	1	2	1		2	3	4	
113	2	9	22	11	臺北市	信義區	信義區市民大道5段與東興路附近口	25.0480276	121.5664717	0	0	1	2	8	5	5	14	9	1	5	4	5	13	1	1	1	4	5	2	13	1	12	1	5	1	10	1		1	2	11	
113	2	9	22	20	臺北市	士林區	士林區基河路15號前	25.08695859	121.5244218	0	0	1	4	8	5	5	14	9	1	5	4	5	13	4	4	9	4	5	1	12	1	11	1	7	1	8	1		1	3	4	
113	2	9	22	36	臺北市	文山區	文山區景文街與羅斯福路6段401巷口	24.9917743	121.541348	0	0	2	2	8	5	5	3	1	1	5	4	5	13	4	4	5	5	4	1	3	5	16	8	4	10	20	1		2	2	16	
113	2	9	22	52	臺北市	中正區	中正區南海路42號	25.032204	121.5157372	0	0	1	2	8	5	5	14	9	2	5	4	5	13	4	4	10	4	5	1	13	1	9	1	5	2	8	1		1	2	11	
113	2	10	1	47	臺北市	萬華區	萬華區康定路260號	25.0371563	121.5014442	0	0	1	3	8	5	6	14	7	1	5	4	5	13	4	4	8	1	5	2	13	1	9	1	5	2	10	1		1	2	11	
113	2	10	7	3	臺北市	北投區	北投區知行路關渡河濱038燈桿	25.12030339	121.4625718	0	0	1	2	8	7	5	14	9	1	5	4	5	13	4	4	9	5	5	1	13	1	9	1	6	1	10	1		1	2	11	
113	2	10	9	6	臺北市	南港區	南港區忠孝東路6段與忠孝東路6段403巷口	25.0504182	121.5926027	0	0	3	3	8	6	5	4	1	1	5	4	5	13	4	4	10	5	5	2	16	1	9	1	5	1	10	1		1	2	12	
113	2	10	9	46	臺北市	士林區	士林區至誠路2段22號	25.1021665	121.5296964	0	0	2	3	7	7	5	11	9	1	5	4	5	13	4	4	9	5	5	1	17	1	1	1	6	1	10	1		2	2	11	
113	2	10	11	35	臺北市	松山區	松山區民生東路5段與民生東路5段36巷口	25.0584423	121.5570685	0	0	1	2	7	5	5	3	1	2	5	4	5	13	2	1	9	4	5	2	17	1	5	1	6	1	10	1		1	2	13	
113	2	10	11	42	臺北市	大同區	大同區哈密街59巷與哈密街59巷56弄口	25.0753657	121.5157475	0	0	1	2	8	6	5	4	1	1	5	4	5	13	4	4	10	4	5	1	16	4	5	1	3	1	8	1		1	3	8	
113	2	10	11	52	臺北市	大安區	大安區復興南路2段與瑞安街口附近	25.0296184	121.5436272	0	0	1	2	7	6	5	14	7	1	5	4	5	13	4	4	1	4	4	2	13	4	21	1	6	2	10	1		1	2	11	
113	2	10	12	11	臺北市	大安區	大安區和平東路2段與建國南路2段口	25.025806	121.5374045	0	0	1	2	8	6	5	5	1	1	5	4	5	13	1	1	10	3	5	2	17	1	6	1	7	1	8	1		2	3	5	
113	2	10	12	23	臺北市	士林區	士林區平菁街平菁幹99號電桿	25.12230466	121.5737137	0	0	1	2	8	6	5	14	9	1	5	4	5	13	4	4	10	5	5	1	13	4	9	1	3	1	10	1		1	2	14	
113	2	10	13	10	臺北市	松山區	松山區八德路4段746號對面	25.05008107	121.5781928	0	0	1	2	8	6	5	14	9	1	5	4	5	13	4	4	9	4	5	1	17	1	7	1	7	1	8	1		1	3	17	
113	2	10	13	13	臺北市	萬華區	萬華區環河南路2段35巷與桂林路151巷口	25.0389465	121.4982913	0	0	3	4	7	6	5	3	1	1	5	4	5	13	4	4	10	5	5	2	17	1	13	1	6	1	10	1		1	2	11	
113	2	10	13	40	臺北市	內湖區	內湖區內湖路3段路燈0301964附近	25.09666449	121.575027	0	0	3	3	8	6	5	11	9	1	5	4	5	13	4	4	10	5	5	2	17	1	15	1	7	1	8	1		1	2	8	
113	2	10	13	40	臺北市	南港區	南港區大坑街與研究院路2段口	25.04536725	121.6179125	0	0	1	2	7	7	5	4	1	1	5	4	5	13	2	1	5	5	5	2	16	1	5	2	7	1	18	1		1	3	5	
113	2	10	14	6	臺北市	信義區	信義區大道路125號	25.039172	121.5832144	0	0	1	7	7	7	5	14	9	1	5	4	5	13	4	4	9	5	5	2	9	4	14	1	3	1	8	1		1	3	6	5
113	2	10	14	20	臺北市	大同區	大同區台北橋機慢車道往北市	25.0628504	121.5110164	0	0	1	2	8	6	7	14	11	1	5	4	5	13	4	4	9	4	5	2	17	1	9	6	6	11	10	2		1	4	15	
113	2	10	14	44	臺北市	北投區	北投區承德路7段與立農街1段口	25.11866001	121.5025921	0	0	2	3	8	6	5	3	2	1	5	4	5	13	4	4	8	3	5	2	13	1	6	1	7	1	8	1		1	3	1	
113	2	10	15	30	臺北市	文山區	文山區新光路2段(0707699燈桿)	25.00220471	121.598677	0	0	2	3	8	6	5	14	9	2	5	4	5	13	4	4	9	5	5	2	17	4	5	1	3	1	8	1		2	3	7	
113	2	10	15	49	臺北市	信義區	信義區福德街218號	25.0384234	121.5845013	0	0	2	4	8	6	5	14	9	1	5	4	5	13	4	4	5	5	5	2	9	1	14	1	7	1	8	1		2	3	2	
113	2	10	15	53	臺北市	萬華區	萬華區堤外便道北往南往方向(編號DSR265牌面前)	25.0363659	121.4917338	0	0	1	2	7	6	6	14	9	1	5	4	5	13	4	4	10	5	5	1	17	1	1	1	7	1	8	1		1	3	4	
113	2	10	16	11	臺北市	信義區	信義區松智路40號	25.0292131	121.5649978	0	0	1	3	7	7	5	14	9	1	5	4	5	13	1	1	9	5	5	2	13	4	9	1	3	1	8	1		1	3	5	
113	2	10	16	47	臺北市	中正區	中正區衡陽路與桃源街口	25.0421765	121.5104788	0	0	1	2	8	6	5	3	1	1	5	4	5	13	4	4	5	4	5	2	15	1	11	1	7	2	8	1		1	3	8	
113	2	10	18	18	臺北市	萬華區	萬華區西園路2段與西藏路口	25.0287481	121.4955815	0	0	3	4	8	5	5	4	1	1	5	4	5	13	1	1	8	3	5	1	17	1	5	1	7	1	8	1		1	3	2	
113	2	10	18	20	臺北市	內湖區	內湖區行善路與行愛路口	25.0606306	121.5826703	0	0	1	2	8	5	8	4	1	1	5	4	5	13	1	1	1	3	4	1	16	4	5	1	3	1	8	1		1	3	6	
113	2	10	18	45	臺北市	大同區	大同區鄭州路143巷與長安西路口口	25.05198572	121.5100175	0	0	1	2	8	5	5	3	1	1	5	4	5	13	4	4	8	3	5	2	16	1	5	1	7	1	8	1		1	3	4	
113	2	10	19	19	臺北市	大同區	大同區重慶北路3段與重慶北路3段120巷口	25.0671836	121.513662	0	0	2	3	7	5	5	4	18	1	5	4	5	13	2	1	1	4	5	2	3	4	5	1	3	2	8	1		1	3	1	
113	2	10	19	54	臺北市	大安區	大安區仁愛路4段與敦化南路1段口	25.0372998	121.5490268	0	0	1	2	7	5	5	18	9	1	5	4	5	13	2	1	1	4	5	1	17	4	8	1	3	2	4	1		1	2	2	
113	2	10	20	48	臺北市	內湖區	內湖區民權東路6段與舊宗路1段口	25.0655547	121.574987	0	0	1	2	8	5	5	4	1	1	5	4	5	13	1	1	5	4	5	2	17	1	9	1	7	11	8	2		4	2	17	
113	2	10	21	5	臺北市	中正區	中正區永福橋(往新北市方向)	25.0117448	121.5282591	0	0	1	2	8	5	5	8	17	1	5	4	5	13	4	4	5	2	5	1	17	1	10	1	7	2	8	1		1	3	4	
113	2	10	22	3	臺北市	松山區	松山區南京東路4段133巷與南京東路4段133巷4弄口	25.05221076	121.5551049	0	0	1	2	7	5	5	4	1	1	5	4	5	13	4	4	8	3	5	2	15	1	9	1	6	1	10	1		1	2	11	
113	2	10	23	3	臺北市	中山區	中山區大直橋與濱江街口	25.07234927	121.5441958	0	0	1	3	7	5	5	4	2	1	5	4	5	13	1	1	1	3	5	1	13	1	9	1	5	1	10	1		1	2	11	
113	2	10	23	10	臺北市	中山區	中山區中山北路3段(0101523燈桿)	25.069075	121.5228778	0	0	1	2	8	6	5	14	9	1	5	4	5	13	4	4	5	4	1	2	13	1	9	1	6	1	10	1		1	2	11	
113	2	11	0	15	臺北市	內湖區	內湖區內湖路1段與內湖路1段91巷口	25.08459269	121.5612273	0	0	2	2	8	5	5	4	1	1	5	4	5	13	2	1	1	4	5	2	16	4	5	1	6	2	10	1		1	2	12	
113	2	11	10	28	臺北市	士林區	士林區延平北路8段2巷55弄與延平北路8段2巷口	25.1055451	121.4868846	0	0	3	3	8	6	5	4	1	1	5	4	5	13	4	4	10	5	5	1	15	1	9	1	6	1	10	1		1	2	12	
113	2	11	10	29	臺北市	松山區	松山區東興路與東興路15巷口	25.0501855	121.5653516	0	0	1	2	7	6	5	4	2	1	5	4	5	13	2	1	5	4	5	2	17	1	15	1	7	1	4	1		1	3	17	
113	2	11	10	46	臺北市	中山區	中山區民權東路2段92巷與松江路362巷口	25.06197183	121.531729	0	0	1	2	8	5	5	4	1	1	5	4	5	13	4	4	9	5	5	2	15	1	9	1	6	1	10	1		1	2	11	
113	2	11	10	52	臺北市	松山區	松山區光復北路11巷81號	25.0501941	121.5614231	0	0	1	2	8	6	5	14	9	1	5	4	5	13	4	4	8	5	5	2	17	1	5	1	7	1	4	1		1	3	5	
113	2	11	11	15	臺北市	南港區	南港區八德路4段與成美橋口	25.051508	121.5824986	0	0	2	2	8	7	5	5	2	1	5	4	5	13	1	1	5	4	5	2	17	1	6	1	5	1	10	1		1	2	14	
113	2	11	11	18	臺北市	北投區	北投區致遠一路2段129巷與致遠一路2段口	25.1137139	121.5124201	0	0	2	2	8	7	5	3	1	1	5	4	5	13	4	4	9	5	5	2	16	1	11	1	6	2	10	1		1	2	11	
113	2	11	11	28	臺北市	信義區	信義區祥雲街11號	25.0190871	121.5740865	0	0	1	2	8	5	5	14	9	1	5	4	5	13	4	4	10	5	5	2	17	1	14	1	2	1	8	1		1	3	4	
113	2	11	12	5	臺北市	北投區	北投區立功街82號	25.125936	121.4699843	0	0	1	2	8	6	5	14	9	1	5	4	5	13	1	1	9	4	5	2	13	1	6	1	7	1	8	1		1	3	2	
113	2	11	12	29	臺北市	萬華區	萬華區和平西路3段與康定路口	25.035178	121.5011307	0	0	1	2	7	7	5	4	1	1	5	4	5	13	1	1	1	1	4	2	15	1	9	3	5	1	18	1		1	2	11	
113	2	11	12	50	臺北市	士林區	士林區延平北路5段與延平北路5段136巷口	25.0820166	121.510286	0	0	1	2	8	6	5	3	19	1	5	4	5	13	1	1	1	4	5	2	3	1	5	1	7	2	4	1		1	3	1	
113	2	11	14	33	臺北市	內湖區	內湖區環山路3段與環山路3段30巷口	25.08471601	121.5800823	0	0	1	2	8	6	5	3	1	1	5	4	5	13	4	4	5	4	5	2	17	1	11	1	7	1	8	2		1	3	17	
113	2	11	15	3	臺北市	大同區	大同區延平北路2段與民生西路口	25.0567456	121.511557	0	0	1	2	8	5	5	4	2	2	5	4	5	13	4	4	9	4	5	2	12	1	1	1	7	2	8	1		1	3	4	
113	2	11	15	20	臺北市	文山區	文山區木柵路2段109巷2-1號	24.9890676	121.5617553	0	0	1	2	7	6	5	11	9	1	5	4	5	13	4	4	10	5	5	2	13	1	9	1	6	2	10	1		1	2	11	
113	2	11	16	5	臺北市	南港區	南港區舊莊街1段91巷與大坑街口	25.0423051	121.6171357	0	0	1	2	8	6	5	4	1	1	5	4	5	12	4	4	5	2	5	2	17	4	6	1	3	2	8	1		1	3	8	
113	2	11	16	26	臺北市	中山區	中山區民權東路3段與建國北路3段口	25.0624837	121.5373535	0	0	1	2	8	7	5	4	2	1	5	4	5	13	2	2	1	4	5	2	13	4	9	1	5	1	10	1		1	2	12	
113	2	11	17	52	臺北市	中山區	中山區農安街與中山北路3段口	25.0652561	121.5223467	0	0	1	3	8	5	5	4	2	1	5	4	5	13	2	1	3	4	5	2	18	4	10	1	3	2	10	1		1	2	12	
113	2	11	18	10	臺北市	中山區	中山區南京西路與中山北路1段口	25.05218839	121.5223354	0	0	2	3	8	5	5	4	1	1	5	4	5	13	1	1	3	4	5	2	17	1	14	1	7	1	8	1		1	3	7	14
113	2	11	18	10	臺北市	中山區	中山區新生北路2段131-2號與錦州街口	25.06061573	121.5278236	0	0	2	2	8	5	5	4	2	1	5	4	5	13	4	4	1	4	5	2	16	1	9	1	6	1	10	1		2	2	12	
113	2	11	18	10	臺北市	北投區	北投區大度路043燈桿	25.12239337	121.480366	0	0	1	2	7	5	5	14	12	1	5	4	5	13	4	4	1	4	1	1	13	1	9	1	5	1	10	1		2	2	11	
113	2	11	18	19	臺北市	士林區	士林區前港街與前港街68巷口	25.08490643	121.5203505	0	0	1	3	7	5	5	4	2	1	5	4	5	13	4	4	10	5	5	2	17	1	8	1	7	1	8	1		1	3	5	
113	2	11	19	18	臺北市	士林區	士林區百齡橋與承德路5段口引道往社子方向	25.0902599	121.5150714	0	0	2	3	8	5	5	5	2	1	5	4	5	13	4	4	1	4	5	1	12	1	7	1	7	2	8	1		1	3	4	
113	2	11	20	25	臺北市	中正區	中正區中華路1段3號	25.0475073	121.5100558	0	0	1	4	7	5	5	14	9	1	5	4	5	13	4	4	1	2	5	2	17	1	9	1	7	2	4	1		1	3	5	
113	2	11	21	3	臺北市	文山區	文山區指南路2段與萬壽路口	24.9876575	121.5756715	0	0	1	2	8	5	5	3	1	1	5	4	5	13	3	1	5	5	5	2	16	1	5	1	6	1	10	1		1	3	14	
113	2	11	21	35	臺北市	士林區	士林區承德路4段與福港街口	25.08996013	121.5183935	0	0	1	2	8	5	5	4	1	1	5	4	5	13	2	1	1	4	4	1	17	1	11	1	7	1	8	1		1	3	6	
113	2	11	21	38	臺北市	內湖區	內湖區內湖路2段與文德路101巷口	25.07978038	121.5828443	0	0	3	3	8	5	5	4	1	1	5	4	5	13	1	1	8	3	5	1	16	1	13	1	6	2	10	1		1	2	12	
113	2	11	21	44	臺北市	中正區	中正區中山南路與愛國西路口	25.03502099	121.5164361	0	0	1	2	7	5	5	4	1	1	5	4	5	13	1	1	10	4	5	2	17	4	5	1	7	2	15	1		1	3	17	
113	2	11	22	13	臺北市	萬華區	萬華區華江橋機車道往台北市（燈桿001033）	25.0349361	121.489173	0	0	2	3	8	5	7	11	11	1	5	4	5	13	4	4	10	5	5	1	13	4	9	1	3	1	10	1		1	2	11	
113	2	11	22	45	臺北市	萬華區	萬華區和平西路3段與環河南路2段口	25.0355052	121.4943638	0	0	1	3	7	5	5	4	1	1	5	4	5	13	2	1	1	4	5	2	12	1	10	1	7	1	8	1		1	3	2	
113	2	11	23	40	臺北市	士林區	士林區中山北路6段與忠誠路1段口	25.103695	121.5249574	0	0	1	2	8	5	5	4	2	1	5	4	5	13	1	1	10	4	5	1	17	1	15	1	7	2	8	1		1	3	1	
113	2	12	0	10	臺北市	萬華區	萬華區西園路2段與東園街口	25.0282414	121.4952087	0	0	2	2	7	5	5	3	1	1	5	4	5	13	2	1	1	4	5	2	17	1	9	1	6	1	10	1		2	2	12	
113	2	12	0	40	臺北市	文山區	文山區興隆路4段109巷94號	24.9868545	121.5636274	0	0	1	2	8	5	5	14	9	1	5	4	5	13	3	1	5	5	5	1	16	4	11	1	7	1	8	1		1	3	4	
113	2	12	0	52	臺北市	中正區	中正區中山南路與愛國西路口	25.0349918	121.5164899	0	0	2	2	7	5	5	4	1	1	5	4	5	13	1	1	1	4	5	2	12	1	9	1	6	2	10	1		1	2	14	
113	2	12	6	48	臺北市	大同區	大同區延平北路3段與民權西路口口	25.0629943	121.511301	0	0	2	2	8	6	5	4	1	1	5	4	5	13	2	1	1	5	5	2	15	1	9	1	6	2	10	1		1	2	11	
113	2	12	8	35	臺北市	中山區	中山區民族東路與松江路口	25.06816273	121.5330857	0	0	1	2	8	5	5	4	1	1	5	4	5	13	1	1	1	4	5	2	16	4	6	1	3	1	8	1		1	3	5	
113	2	12	9	20	臺北市	士林區	士林區承德路5段與士商路口	25.0959998	121.514225	0	0	1	2	8	6	5	4	1	1	5	4	5	13	1	1	1	4	5	2	17	1	6	1	7	2	8	1		1	3	5	
113	2	12	10	6	臺北市	信義區	信義區基隆路2段11號	25.0324581	121.5593315	0	0	1	2	8	6	5	14	9	1	5	4	5	13	4	4	1	4	5	2	12	1	9	1	6	1	10	1		1	2	14	
113	2	12	11	11	臺北市	文山區	文山區萬樂街與萬和街口	24.99943364	121.5690418	0	0	1	2	8	6	5	3	1	1	5	4	5	13	4	4	5	5	5	2	16	1	5	6	5	1	18	1		1	2	11	
113	2	12	11	12	臺北市	中正區	中正區中華路1段與衡陽路口	25.0423387	121.508528	0	0	1	2	8	7	5	4	2	1	5	4	5	13	2	1	1	4	1	1	12	1	9	3	6	2	18	1		1	2	11	
113	2	12	12	30	臺北市	北投區	北投區三合街1段與三合街1段117巷口	25.12677198	121.5041664	0	0	1	2	8	6	5	4	1	1	5	4	5	13	3	1	9	4	5	1	15	1	9	1	5	1	10	1		2	2	11	
113	2	12	12	30	臺北市	士林區	士林區承德路4段與中正路口	25.0913255	121.5166731	0	0	1	2	8	6	5	4	2	1	5	4	5	13	4	4	3	3	5	1	12	1	8	1	7	2	6	1		2	3	5	
113	2	12	12	31	臺北市	中山區	中山區天津街56號	25.05029353	121.5230483	0	0	1	2	8	6	5	14	9	1	5	4	5	13	4	4	8	5	5	1	12	4	9	1	3	1	4	1		1	3	5	
113	2	12	13	5	臺北市	大同區	大同區鄭州路與塔城街口	25.0503001	121.5104874	0	0	2	2	8	5	5	5	1	1	5	4	5	13	2	1	1	4	1	2	12	1	9	1	5	2	10	1		1	2	14	
113	2	12	13	10	臺北市	中正區	中正區市民大道3段與新生北路1段口	25.04501574	121.5330435	0	0	1	2	7	7	5	14	9	1	5	4	5	13	4	4	1	4	1	2	17	1	7	1	7	2	8	1		2	3	4	
113	2	12	13	20	臺北市	士林區	士林區仰德大道1段與仰德大道1段口上山路段1106013號路燈桿處	25.10846445	121.536465	0	0	3	3	8	7	5	11	9	1	5	4	5	13	4	4	9	4	5	1	17	1	5	1	5	2	9	1		1	2	11	
113	2	12	13	50	臺北市	萬華區	萬華區貴陽街2段與昆明街口	25.03976916	121.5040628	0	0	3	4	8	5	5	4	1	1	5	4	5	13	1	1	5	4	5	2	17	4	5	1	5	2	10	1		1	3	14	
113	2	12	14	42	臺北市	信義區	信義區信安街132號	25.024269	121.5558236	0	0	1	2	8	7	5	14	9	1	5	4	5	13	4	4	5	4	5	2	3	5	16	8	4	10	20	1		2	2	16	
113	2	12	14	53	臺北市	北投區	北投區大度路(燈桿1208633)往淡水	25.1203856	121.4692654	0	0	2	2	8	6	5	14	12	1	5	4	5	13	4	4	9	4	4	1	13	1	9	1	5	1	10	1		1	2	11	
113	2	12	15	18	臺北市	大同區	大同區西寧北路與南京西路239巷口	25.0538774	121.5087936	0	0	2	3	8	6	5	14	9	1	5	4	5	13	4	4	9	4	5	2	16	4	6	6	7	1	4	1		1	3	1	
113	2	12	15	41	臺北市	信義區	信義區永吉路278巷58弄與永吉路278巷口	25.0434393	121.5741357	0	0	1	4	8	7	5	4	1	1	5	4	5	13	4	4	9	4	5	2	15	1	9	1	7	4	8	1		1	3	1	
113	2	12	15	43	臺北市	萬華區	萬華區西園路2段140巷與雙園街67巷口	25.0312888	121.4952595	0	0	1	2	8	7	5	5	1	1	5	4	5	13	4	4	10	5	5	1	3	5	16	8	4	10	20	1		2	2	16	