年	月	日	時	分	縣市	行政區	allLocation	GoogleLat	GoogleLng	死	2-30	受傷	當事人數	天候	道路照明設備	道路類別	道路型態	事故位置	路面狀況1	路面狀況2	路面狀況3	道路障礙1	道路障礙2	號誌1	號誌2	車道劃分-分向	車道劃分-分道1	車道劃分-分道2	車道劃分-分道3	事故類型及型態	行動電話	當事者行動狀態	駕駛資格情形	保護裝置	飲酒情形	駕駛執照種類	個人肇逃否	肇因碼-主要	性別	受傷程度	車輛撞擊部位1	車輛撞擊部位2
113	2	12	16	10	臺北市	士林區	士林區中山北路5段公車劍潭站牌	25.0819232	121.5248726	0	0	1	2	7	5	5	14	9	1	5	4	5	13	4	4	1	4	5	2	13	1	9	1	5	1	10	1		1	2	11	
113	2	12	17	50	臺北市	內湖區	內湖區新湖一路與新湖二路口	25.0650208	121.5846783	0	0	2	2	8	5	5	4	1	1	5	4	5	13	4	4	5	4	5	2	15	1	9	1	7	2	8	1		1	2	7	
113	2	12	18	48	臺北市	大安區	大安區辛亥路3段與芳蘭路口口	25.0168624	121.5489066	0	0	1	2	8	5	5	4	1	1	5	4	5	13	2	1	3	4	5	2	12	1	9	1	7	2	8	1		1	3	2	
113	2	12	20	26	臺北市	文山區	文山區木柵路4段電燈桿102號	25.00057126	121.5783237	0	0	1	2	8	6	5	14	9	1	5	4	5	13	4	4	4	4	5	2	13	2	9	1	6	2	10	1		1	2	11	12
113	2	12	22	0	臺北市	中山區	中山區明水路447號	25.0773891	121.5502666	0	0	1	4	8	5	5	14	9	1	5	4	5	13	4	4	1	4	5	2	17	4	15	6	6	2	11	1		1	2	14	
113	2	12	22	4	臺北市	士林區	士林區基河路與大南路口	25.0899167	121.5227093	0	0	1	2	8	5	5	4	2	1	5	4	5	13	2	1	10	4	5	1	17	1	9	1	6	2	10	1		2	2	11	
113	2	12	22	14	臺北市	大同區	大同區承德路1段與長安西路口	25.050852	121.5170743	0	0	1	2	7	5	5	4	1	1	5	4	5	13	2	1	1	4	5	2	17	4	5	1	7	2	4	1		1	3	17	
113	2	12	23	41	臺北市	大安區	大安區忠孝東路3段與建國南路1段口	25.0415486	121.5374397	0	0	1	2	8	5	5	4	1	1	5	4	5	13	2	1	1	4	5	2	16	1	6	1	7	1	4	1		1	3	2	
113	2	13	2	11	臺北市	中正區	中正區仁愛路2段48號與仁愛路2段口	25.03805828	121.5282309	0	0	1	2	8	5	5	5	2	1	5	4	5	13	2	1	1	2	5	2	9	1	5	1	7	1	8	1		1	3	1	1
113	2	13	3	40	臺北市	中正區	中正區中華路1段39號	25.0451878	121.5093039	0	0	1	2	8	5	5	14	9	1	5	4	5	13	1	1	10	4	5	2	16	1	5	1	7	2	8	1		1	3	8	
113	2	13	6	58	臺北市	中正區	中正區和平西路1段與泉州街口	25.0276492	121.514592	0	0	1	2	8	7	5	5	1	1	5	4	5	13	1	1	1	4	4	2	16	4	5	1	7	1	4	1		1	3	8	
113	2	13	10	30	臺北市	內湖區	內湖區成功路3段174巷與成功路3段口	25.0808683	121.5906976	0	0	1	2	8	6	5	3	1	1	5	4	5	13	2	1	5	5	5	2	16	1	6	1	7	1	8	1		1	3	2	
113	2	13	11	10	臺北市	信義區	信義區崇德街土地公嶺古道前	25.0116588	121.5745837	0	0	1	2	7	7	5	11	9	1	5	4	5	13	4	4	10	5	5	2	11	1	9	1	5	2	10	1		1	2	14	
113	2	13	11	46	臺北市	信義區	信義區信義路5段55號	25.032926	121.5690406	0	0	3	4	7	6	5	14	9	1	5	4	5	13	4	4	3	4	5	2	13	4	9	3	3	2	18	1		1	3	1	
113	2	13	12	2	臺北市	中正區	中正區南昌路1段與南海路口	25.03248387	121.5163418	0	0	1	2	8	6	5	4	1	1	5	4	5	13	1	1	10	4	5	2	15	1	9	1	7	2	4	1		1	3	5	
113	2	13	12	3	臺北市	士林區	士林區菁山路101巷與無名巷口田尾湖公車站	25.161377	121.5650895	0	0	2	3	8	6	5	3	2	1	5	4	5	13	4	4	4	3	5	1	17	1	5	1	7	2	8	1		1	3	5	
113	2	13	12	22	臺北市	大安區	大安區市民大道3段與復興南路1段口	25.04483	121.5437546	0	0	2	3	8	6	5	14	9	1	5	4	5	13	2	1	5	3	5	2	12	1	9	1	5	2	10	1		2	2	11	
113	2	13	12	28	臺北市	中山區	中山區松江路75號	25.0497269	121.532882	0	0	1	2	8	5	5	14	9	1	5	4	5	10	4	4	1	4	5	2	13	4	9	1	3	1	10	1		1	2	11	
113	2	13	12	53	臺北市	中正區	中正區忠孝東路1段11-1號旁	25.0447655	121.5238737	0	0	2	3	8	5	5	14	9	1	5	4	5	13	1	1	9	4	5	1	13	1	9	1	5	1	10	1		1	2	11	
113	2	13	12	57	臺北市	大同區	大同區忠孝西路2段13號	25.04824006	121.509715	0	0	4	5	8	7	5	14	9	1	5	4	5	13	4	4	1	4	5	2	13	1	9	1	5	1	10	1		1	3	17	
113	2	13	13	30	臺北市	中正區	中正區貴陽街1段與懷寧街口	25.03908635	121.5135691	0	0	1	2	8	7	5	3	1	1	5	4	5	13	4	4	9	4	5	2	16	1	5	1	7	2	8	1		1	3	8	
113	2	13	14	40	臺北市	中正區	中正區林森南路與徐州路口	25.04109532	121.5222585	0	0	2	2	8	6	5	4	1	1	5	4	5	13	1	1	10	4	5	2	16	4	5	1	6	1	10	1		1	2	14	
113	2	13	14	51	臺北市	士林區	士林區忠誠路2段168號	25.1152729	121.5330422	0	0	1	2	8	5	5	14	9	1	5	4	5	13	4	4	10	5	4	1	17	1	9	1	7	2	8	2		1	3	5	
113	2	13	15	15	臺北市	士林區	士林區通河西街2段(堤外風箏公園)	25.09399	121.5026968	0	0	1	2	8	5	8	22	22	1	5	4	5	13	4	4	4	5	5	1	17	1	5	1	7	1	8	1		1	3	5	
113	2	13	15	55	臺北市	南港區	南港區忠孝東路7段與忠孝東路7段487巷口	25.0527179	121.611515	0	0	2	2	8	6	5	3	1	1	5	4	5	13	4	4	1	3	4	2	12	4	8	1	3	2	10	1		1	2	12	
113	2	13	16	25	臺北市	士林區	士林區延平北路7段提防上淡水右岸腳踏車專用車道約淡水右岸2.5KM處	25.1006717	121.4876554	0	0	2	2	8	6	7	14	23	1	5	4	5	12	4	4	9	4	5	2	16	1	4	8	4	1	20	1		2	2	11	
113	2	13	16	36	臺北市	大安區	大安區忠孝東路3段1號	25.0422927	121.53392	0	0	2	3	8	6	5	14	9	1	5	4	5	13	4	4	3	4	5	2	12	4	8	1	7	1	8	1		1	3	5	
113	2	13	18	25	臺北市	士林區	士林區士東路與士東路299巷口	25.1135297	121.5373833	0	0	1	2	7	5	5	3	1	1	5	4	4	13	4	4	1	4	5	2	17	1	6	1	7	1	8	1		1	3	8	
113	2	13	18	30	臺北市	松山區	松山區基隆路1段與市民大道6段口	25.04902242	121.5689385	0	0	1	2	8	5	5	4	1	1	5	4	5	13	1	1	10	5	5	2	17	4	5	1	3	1	8	1		2	3	8	
113	2	13	20	11	臺北市	中正區	中正區汀州路1段與三元街212巷口	25.0266418	121.5122598	0	0	1	2	7	5	5	3	1	1	5	4	5	13	1	1	5	5	5	2	15	1	9	1	5	1	10	1		2	3	12	
113	2	13	20	20	臺北市	松山區	松山區民權東路3段與復興北路口	25.06225717	121.544351	0	0	2	2	8	5	5	4	2	1	5	4	5	13	2	1	1	4	5	2	17	1	15	1	5	1	10	1		1	2	11	
113	2	13	20	24	臺北市	大安區	大安區延吉街與延吉街236巷口口	25.0435194	121.5539224	0	0	1	2	8	5	5	3	1	1	5	4	5	13	4	4	5	5	5	1	17	1	6	3	7	1	18	1		1	3	4	
113	2	13	20	31	臺北市	內湖區	內湖區永保街與安康路129巷口	25.06360953	121.5997735	0	0	2	3	8	5	5	3	1	1	5	4	5	13	4	4	10	5	5	2	15	1	11	8	4	1	20	1		1	2	12	
113	2	13	20	39	臺北市	萬華區	萬華區昆明街與昆明街74巷口	25.0454916	121.5055173	0	0	1	2	8	5	5	3	1	1	5	4	5	13	4	4	8	3	5	1	16	4	5	1	3	1	10	1		1	3	14	
113	2	13	22	5	臺北市	士林區	士林區基河路與大南路口	25.08988214	121.5226913	0	0	1	2	8	5	5	3	2	1	5	4	5	13	2	1	5	4	5	2	17	1	7	1	7	1	8	1		1	3	8	
113	2	13	22	20	臺北市	中正區	中正區南海路與泉州街口	25.0317117	121.5136884	0	0	1	2	8	5	5	3	1	1	5	4	5	13	3	1	10	4	4	2	17	4	5	1	3	11	10	1		1	4	12	
113	2	13	22	55	臺北市	松山區	松山區塔悠路56號	25.05188929	121.5701555	0	0	1	2	8	5	5	14	9	1	5	4	5	13	4	4	1	4	5	2	16	1	7	1	5	1	10	1		2	2	14	
113	2	13	23	47	臺北市	內湖區	內湖區南湖大橋與安康路口	25.06503168	121.6109912	0	0	1	2	7	5	5	5	3	1	5	4	5	13	1	1	1	3	5	1	16	1	6	1	7	1	10	1		2	3	2	
113	2	14	0	20	臺北市	中山區	中山區錦州街東往西(林森與新生之間)	25.0603411	121.5266352	0	0	1	2	8	5	4	14	9	1	5	4	5	13	4	4	9	4	5	2	13	1	9	1	6	1	10	1		1	2	11	
113	2	14	1	30	臺北市	中山區	中山區南京東路1段100號	25.0520094	121.5264706	0	0	1	2	8	5	5	14	9	1	5	4	5	13	1	1	1	4	4	2	12	1	9	1	6	1	10	1		1	2	11	
113	2	14	5	22	臺北市	中山區	中山區民權西路70巷與民權西路口口	25.0620254	121.5197378	0	0	2	2	8	5	5	4	1	1	5	4	5	13	1	1	1	4	5	2	13	4	9	6	5	1	10	1		1	2	11	
113	2	14	8	20	臺北市	大安區	大安區和平東路3段308巷與安居街9巷口	25.0202047	121.556146	0	0	1	2	8	6	5	5	1	1	5	4	5	13	4	4	8	5	5	2	17	4	21	7	3	11	19	2		4	4	15	
113	2	14	8	25	臺北市	中正區	中正區中正河濱公園(中正橋下)	25.02168696	121.5163812	0	0	2	2	8	6	5	11	9	1	5	4	5	13	4	4	10	5	5	2	1	1	9	8	4	2	20	1		1	2	11	
113	2	14	8	50	臺北市	北投區	北投區中央北路3段與中央北路3段276巷口	25.1355196	121.4790185	0	0	2	3	8	6	5	3	1	1	5	4	5	13	4	4	4	4	5	2	16	1	1	1	7	1	10	1		1	3	8	
113	2	14	9	22	臺北市	信義區	信義區忠孝東路5段與松山路口口	25.0410805	121.5778227	0	0	1	2	8	6	5	4	2	1	5	4	5	13	2	1	1	4	5	2	17	1	7	1	6	1	10	1		2	2	14	
113	2	14	10	22	臺北市	中正區	中正區八德路1段與臨沂街口口	25.04385	121.5307938	0	0	1	2	8	5	5	3	1	1	5	4	5	13	3	1	9	4	5	1	3	1	9	1	7	2	8	1		1	3	1	
113	2	14	10	23	臺北市	內湖區	內湖區環山路2段與環山路2段50巷口	25.08532	121.5738431	0	0	2	2	8	5	5	4	1	1	5	4	5	13	1	1	5	4	5	2	16	1	5	1	5	1	10	1		2	2	15	
113	2	14	10	40	臺北市	士林區	士林區雨聲街芝山加油站入口	25.10212284	121.5289878	0	0	1	2	8	6	5	3	1	1	5	4	5	13	4	4	5	5	5	1	17	1	1	1	5	1	10	1		1	2	11	
113	2	14	10	40	臺北市	中山區	與無名巷口(建國北路2段226巷41號前)	25.0610301	121.536095	0	0	1	2	8	7	5	4	1	1	5	4	5	13	4	4	10	5	5	2	17	1	9	1	6	1	10	1		1	2	12	
113	2	14	11	34	臺北市	南港區	南港區研究院路1段20號	25.0486776	121.616026	0	0	1	4	8	6	5	14	9	1	5	4	5	12	4	4	3	4	5	2	17	4	9	1	3	1	10	1		2	2	11	
113	2	14	11	57	臺北市	信義區	信義區忠孝東路4段與光復南路口側附近口	25.0415085	121.5577549	0	0	1	2	8	6	5	5	1	1	5	4	5	13	2	1	3	4	4	2	16	4	6	1	3	1	8	1		1	3	2	
113	2	14	12	1	臺北市	士林區	士林區至善路3段71巷30號	25.11872005	121.5688861	0	0	1	2	8	6	5	14	9	1	5	4	5	13	4	4	10	5	5	1	14	1	2	1	7	1	8	1		1	3	3	
113	2	14	12	23	臺北市	中山區	中山區中山北路3段與民族東路口	25.06838622	121.5227233	0	0	1	2	8	5	5	4	1	1	5	4	5	13	1	1	5	4	5	2	16	4	6	1	3	1	8	1		1	3	5	
113	2	14	12	26	臺北市	文山區	文山區忠順街1段26巷與忠順街1段26巷3弄口	24.9835086	121.5593435	0	0	1	2	8	7	5	4	1	1	5	4	5	13	4	4	10	5	5	2	15	1	9	1	7	1	4	1		1	3	1	
113	2	14	12	52	臺北市	內湖區	內湖區成功路4段303號	25.08461851	121.5979475	0	0	1	2	8	6	5	14	8	1	5	4	5	13	4	4	1	4	4	2	13	1	9	1	5	1	10	1		1	2	11	
113	2	14	13	5	臺北市	文山區	文山區久康街24巷與久康街60巷口口	24.9893447	121.5663698	0	0	1	2	7	5	5	3	1	1	5	4	5	13	4	4	9	5	5	2	16	1	1	1	5	1	10	1		1	3	12	
113	2	14	13	10	臺北市	大同區	大同區環河北路1段與涼州街口	25.0604627	121.5085324	0	0	3	5	8	6	5	3	1	1	5	4	5	13	4	4	1	4	5	2	17	1	6	1	7	1	8	1		1	3	5	
113	2	14	13	14	臺北市	內湖區	內湖區民權東路6段409號前	25.07035011	121.603536	0	0	1	2	8	5	5	14	8	1	5	4	5	13	4	4	1	4	4	2	13	1	9	1	6	1	10	1		1	2	11	
113	2	14	13	41	臺北市	士林區	士林區中正路120號	25.0959802	121.5285475	0	0	1	3	8	6	5	14	8	1	5	4	5	13	4	4	3	4	4	1	17	1	9	1	7	1	8	1		2	3	2	
113	2	14	14	24	臺北市	大安區	大安區和平東路3段308巷15弄與和平東路3段308巷口	25.0200135	121.5560347	0	0	2	3	8	7	5	3	2	1	5	4	5	13	4	4	8	3	5	1	12	1	15	1	7	1	8	1		1	3	5	
113	2	14	14	26	臺北市	內湖區	內湖區堤外便道與五分街口	25.06580604	121.6178665	0	0	1	2	8	7	5	4	1	1	5	4	5	13	1	1	5	5	5	2	16	1	5	1	7	1	8	1		1	3	5	
113	2	14	14	40	臺北市	大同區	大同區承德路2段與民生西路口口	25.05728165	121.5182794	0	0	1	2	8	6	5	4	2	1	5	4	5	13	2	1	1	4	5	2	13	1	8	1	6	2	10	1		1	2	13	
113	2	14	15	9	臺北市	信義區	信義區福德街251巷與福德街251巷7弄口	25.0379743	121.5863156	0	0	1	2	8	6	5	4	1	1	5	4	5	13	4	4	9	5	5	2	17	1	9	1	5	1	10	1		1	2	11	
113	2	14	15	10	臺北市	北投區	北投區大興街24巷與大興街24巷5弄口	25.1291284	121.4987823	0	0	1	2	8	6	5	4	1	1	5	4	5	13	4	4	10	5	5	2	15	1	9	1	5	1	10	1		2	3	11	
113	2	14	15	38	臺北市	士林區	士林區至善路3段110號	25.114479	121.5693511	0	0	1	2	8	6	5	11	9	1	5	4	5	13	4	4	4	5	5	1	12	1	9	1	5	2	10	1		2	2	12	
113	2	14	16	5	臺北市	南港區	南港區南深路與南深路19巷口	25.0383177	121.6213992	0	0	2	3	8	7	5	3	2	1	5	4	5	13	4	4	5	4	5	2	16	1	5	1	7	1	8	1		1	3	2	
113	2	14	16	24	臺北市	大同區	大同區南京西路與承德路2段口(西北角)	25.0533958	121.5174557	0	0	1	3	8	6	5	14	8	1	5	4	5	13	4	4	8	3	5	1	16	1	9	7	7	11	2	2		2	3	4	
113	2	14	17	2	臺北市	北投區	北投區竹子湖路(燈桿1207701)	25.1553027	121.546011	0	0	1	2	8	6	5	14	9	1	5	4	5	13	1	1	9	4	5	2	13	1	9	1	5	1	10	1		1	2	11	
113	2	14	17	45	臺北市	北投區	北投區承德路7段413巷自行車道	25.11192319	121.4983236	0	0	1	2	8	6	8	14	23	1	5	4	5	13	4	4	9	4	5	1	10	1	9	8	4	1	20	1		2	3	14	
113	2	14	20	17	臺北市	士林區	士林區忠誠路2段與忠誠路2段154巷口	25.114979	121.5328413	0	0	1	2	7	5	5	3	1	1	5	4	5	13	1	1	1	4	4	2	17	1	6	1	7	1	8	1		1	3	17	
113	2	14	21	29	臺北市	中正區	中正區廣州街花園酒店停車場出入口前	25.0359095	121.507165	0	0	1	2	8	5	5	14	9	1	5	4	5	13	4	4	5	5	5	2	17	1	11	1	7	1	6	1		1	3	8	
113	2	14	22	1	臺北市	中山區	中山區民權東路3段58號	25.0622751	121.5424369	0	0	1	2	8	5	5	14	9	1	5	4	5	13	2	1	1	5	5	1	13	4	9	1	3	1	10	1		1	3	11	
113	2	14	22	50	臺北市	北投區	北投區三合街2段與中央南路2段口	25.1101023	121.5118563	0	0	1	2	7	5	5	4	1	1	5	4	5	13	1	1	5	4	5	1	15	1	9	1	7	1	8	1		1	3	8	
113	2	14	23	55	臺北市	大安區	大安區復興南路1段129號	25.04315784	121.543861	0	0	2	3	8	5	5	14	9	1	5	4	5	13	4	4	1	4	5	2	13	1	8	1	5	1	10	1		1	2	12	
113	2	15	6	15	臺北市	大同區	大同區酒泉街74號	25.07196137	121.5150658	0	0	2	3	7	5	5	14	9	1	5	4	5	13	4	4	5	4	5	1	12	1	13	1	5	1	10	1		2	2	13	
113	2	15	6	56	臺北市	內湖區	內湖區安康路32巷24弄與安康路32巷口	25.0619197	121.5949678	0	0	1	2	8	5	5	4	1	1	5	4	5	13	4	4	5	5	5	2	15	1	9	3	6	2	18	1		1	2	11	
113	2	15	7	0	臺北市	士林區	士林區中山北路5段1112010號電燈桿	25.0863829	121.5259605	0	0	2	2	8	6	5	14	9	1	5	4	5	13	4	4	4	3	5	1	17	1	9	1	7	1	2	1		1	2	8	
113	2	15	7	10	臺北市	萬華區	萬華區華中橋機車道往中和方向(編號051牌面前)	25.01185292	121.4953739	0	0	1	2	8	6	5	8	11	1	5	4	5	13	4	4	9	4	3	1	17	1	12	1	5	1	10	1		1	2	11	
113	2	15	7	15	臺北市	萬華區	萬華區環河快速高架道往南中興橋匝道口	25.04528549	121.5014458	1	0	0	2	8	6	5	10	7	1	5	4	5	13	4	4	3	4	5	1	20	4	9	6	3	9	8	1		1	1	1	
113	2	15	7	26	臺北市	大安區	大安區基隆路3段153號	25.0157456	121.5427812	0	0	3	4	8	7	5	14	8	1	5	4	5	13	4	4	1	4	4	2	13	4	9	1	3	1	10	1		2	2	13	
113	2	15	7	33	臺北市	大同區	大同區忠孝西路2段與昆明街口	25.0490174	121.5065238	0	0	1	2	8	6	5	3	1	1	5	4	5	13	1	1	1	2	5	2	17	1	6	1	7	1	8	1		1	3	8	
113	2	15	7	45	臺北市	士林區	士林區承德路4段179巷東向西	25.087838	121.523552	0	0	1	2	8	6	5	14	9	1	5	4	5	13	4	4	4	1	5	1	16	1	9	1	7	2	8	1		1	3	2	
113	2	15	7	49	臺北市	信義區	信義區富陽街90號與富陽街87巷口	25.0211575	121.5565312	0	0	1	2	8	6	5	3	1	1	5	4	5	13	4	4	5	5	5	2	17	1	6	8	2	2	20	1		2	2	14	
113	2	15	7	50	臺北市	信義區	信義區莊敬路178巷18號	25.03150752	121.5602629	0	0	2	3	8	7	5	14	9	1	5	4	5	13	4	4	10	5	5	2	17	4	5	1	3	1	10	1		1	2	13	
113	2	15	7	52	臺北市	文山區	文山區福興路82巷與福興路口84號	25.0055786	121.5499302	0	0	2	4	8	6	5	14	9	1	5	4	5	13	4	4	10	5	5	1	9	1	14	1	7	2	8	1		1	3	4	
113	2	15	7	52	臺北市	文山區	文山區羅斯福路6段142巷與羅斯福路6段150巷口	24.9963014	121.540506	0	0	1	2	8	6	5	4	2	1	5	4	5	13	4	4	10	5	5	2	17	1	1	8	4	11	20	1		2	2	11	
113	2	15	7	56	臺北市	松山區	松山區民權東路4段與新中街口	25.0623623	121.5601139	0	0	3	6	8	6	5	3	2	1	5	4	5	13	1	1	8	3	4	1	17	1	9	1	3	1	10	1		1	2	11	
113	2	15	8	0	臺北市	內湖區	內湖區文德路208巷20號	25.07710969	121.58362	0	0	1	2	8	6	5	4	1	1	5	4	5	13	2	1	5	5	5	2	16	1	6	1	6	1	10	1		1	3	12	
113	2	15	8	5	臺北市	中正區	中正區三元街與寧波西街口	25.0279466	121.5113244	0	0	1	2	8	6	5	4	1	1	5	4	5	13	1	1	3	4	4	2	16	1	5	1	7	2	8	1		1	3	6	
113	2	15	8	5	臺北市	內湖區	內湖區環山路1段與內湖路1段口	25.08252886	121.5654895	0	0	1	2	8	7	5	4	1	1	5	4	5	13	1	1	1	3	4	1	13	4	6	1	3	1	2	1		1	3	1	
113	2	15	8	17	臺北市	內湖區	內湖區陽光街與陽光街285巷口	25.074121	121.5800698	0	0	2	2	8	7	5	3	1	1	5	4	5	13	4	4	5	4	4	2	16	1	5	1	6	1	10	1		1	2	14	
113	2	15	8	32	臺北市	北投區	北投區承德路7段第1205070號燈桿	25.1177612	121.5032908	0	0	2	3	8	6	5	14	7	1	5	4	5	13	4	4	1	2	5	2	13	1	1	1	7	2	8	1		1	2	7	12
113	2	15	8	45	臺北市	中山區	中山區南京東路3段19號	25.05215969	121.5281468	0	0	2	3	8	6	5	14	9	1	5	4	5	13	4	4	3	4	5	2	17	1	9	1	6	1	10	1		1	2	11	
113	2	15	9	0	臺北市	北投區	北投區承德路6段與福國路口	25.1017361	121.5121162	0	0	1	2	8	6	5	14	9	1	5	4	5	13	1	1	9	4	4	2	16	1	6	1	7	1	8	1		1	3	7	
113	2	15	9	13	臺北市	信義區	信義區信義路6段42號	25.0345307	121.5759834	0	0	1	2	8	5	5	14	9	1	5	4	5	13	4	4	9	4	5	2	17	1	6	1	6	1	10	1		1	2	13	
113	2	15	9	20	臺北市	士林區	士林區中山北路6段370號	25.112425	121.5264117	0	0	1	2	8	6	5	14	9	1	5	4	5	13	4	4	1	4	5	2	13	1	9	1	6	1	10	1		1	2	11	
113	2	15	9	31	臺北市	大同區	大同區環河北路1段與長安西路口	25.0523472	121.5073597	0	0	1	2	8	6	5	3	1	1	5	4	5	13	1	1	9	4	5	2	17	4	6	1	6	11	10	2		2	3	15	
113	2	15	10	7	臺北市	士林區	士林區承德路5段60號	25.0928741	121.5150679	0	0	1	2	8	6	5	14	9	1	5	4	5	13	4	4	10	5	5	1	17	1	12	1	5	9	10	2		4	2	14	
113	2	15	10	50	臺北市	北投區	北投區大業路65巷與大業路口	25.12323416	121.4989555	0	0	1	2	7	6	5	14	9	1	5	4	5	13	4	4	9	5	5	2	16	1	6	1	7	1	4	1		2	3	8	
113	2	15	11	15	臺北市	大同區	大同區歸綏街234號	25.0581183	121.5092904	0	0	2	2	8	6	5	14	9	1	5	4	5	13	4	4	9	4	5	2	17	4	5	1	6	1	10	1		1	2	12	
113	2	15	11	18	臺北市	松山區	松山區民權東路3段106巷與復興北路361巷口	25.06045762	121.5448924	0	0	2	2	8	5	5	4	1	1	5	4	5	13	4	4	10	5	5	2	15	1	9	1	5	1	10	1		1	2	11	
113	2	15	11	45	臺北市	內湖區	內湖區舊宗路1段與行善路口	25.0589855	121.5806505	0	0	1	2	8	7	5	4	1	1	5	4	5	13	1	1	3	2	5	2	16	1	11	1	7	1	8	1		1	3	1	
113	2	15	12	42	臺北市	中山區	中山區長春路310號對面	25.05473049	121.540065	0	0	1	2	8	7	5	14	8	1	5	4	5	13	4	4	9	4	4	2	17	1	1	1	7	1	8	1		1	3	3	
113	2	15	12	48	臺北市	北投區	北投區中央北路4段與中央北路4段515巷口	25.1280769	121.4682287	0	0	1	2	8	7	5	3	2	1	5	4	5	13	2	1	5	4	5	1	16	1	6	1	6	1	10	1		1	3	12	
113	2	15	13	25	臺北市	北投區	北投區立農街1段與立農街1段320巷口	25.1194989	121.5067367	0	0	2	2	8	6	5	4	1	1	5	4	5	13	4	4	10	5	5	2	15	1	9	1	5	1	10	1		2	2	12	
113	2	15	13	50	臺北市	北投區	北投區西安街1段與文林北路94巷口	25.10781755	121.5199277	0	0	1	2	8	6	5	4	1	1	5	4	5	13	2	1	1	4	5	2	12	1	1	1	7	1	8	1		2	3	7	
113	2	15	14	10	臺北市	松山區	松山區塔悠路與南京東路5段389巷5弄口	25.0518613	121.5701654	0	0	1	2	8	6	5	3	1	1	5	4	5	13	4	4	9	4	5	2	17	4	6	1	7	1	8	1		1	3	8	
113	2	15	14	20	臺北市	中山區	中山區建國北路1段78巷8號	25.0494227	121.5359502	0	0	1	2	8	6	5	14	24	1	5	4	5	13	4	4	10	4	5	2	12	4	6	1	3	1	8	1		1	3	6	
113	2	15	15	40	臺北市	士林區	士林區重陽橋機車道 往三重	25.08582803	121.5053361	0	0	1	2	8	5	5	11	11	1	5	4	5	13	4	4	1	3	1	1	12	1	9	1	5	11	10	1		1	3	15	
113	2	15	16	5	臺北市	信義區	信義區松信路148號	25.0437771	121.5719871	0	0	2	2	8	7	5	14	9	1	5	4	5	13	1	1	9	4	5	2	13	1	8	8	4	1	20	1		1	2	13	
113	2	15	16	39	臺北市	萬華區	萬華區民和街與德昌街132巷口	25.0248961	121.4963294	0	0	2	2	8	7	5	4	1	1	5	4	5	13	4	4	9	5	5	2	15	1	9	1	6	1	10	1		2	2	12	
113	2	15	16	49	臺北市	大同區	大同區重慶北路1段與長安西路口	25.05163763	121.5138895	0	0	1	2	8	6	5	4	1	1	5	4	5	13	1	1	1	4	5	2	17	1	9	1	6	1	10	1		1	2	14	
113	2	15	16	51	臺北市	內湖區	內湖區舊宗路2段與舊宗路2段口五汐高架南下出口	25.07079621	121.5748267	0	0	1	3	8	6	5	4	1	1	5	4	5	13	2	1	3	4	5	2	13	1	9	1	5	1	10	1		1	2	12	
113	2	15	17	5	臺北市	文山區	文山區萬壽橋與新光路1段口	24.9916817	121.5736484	0	0	1	2	8	6	5	4	1	1	5	4	5	13	1	1	10	5	5	2	17	4	5	1	3	2	8	1		1	3	1	
113	2	15	17	18	臺北市	中山區	中山區吉林路與長安東路2段口	25.0485615	121.5298233	0	0	1	2	7	5	5	4	1	1	5	4	5	13	1	1	5	4	5	2	16	4	6	1	3	1	2	1		1	3	8	
113	2	15	17	18	臺北市	大安區	大安區市民大道4段136-4號	25.0445615	121.5504159	0	0	2	2	8	7	5	14	9	1	5	4	5	13	4	4	1	4	5	2	12	4	8	1	3	1	9	1		1	2	12	
113	2	15	17	33	臺北市	大同區	大同區鄭州路71號	25.0497204	121.5122291	0	0	3	4	7	6	5	14	9	1	5	4	5	13	4	4	1	4	5	2	13	4	9	1	5	1	10	1		1	2	11	
113	2	15	18	4	臺北市	信義區	信義區永吉路30巷與永吉路30巷12弄口	25.0451615	121.5688105	0	0	1	2	7	5	5	4	1	1	5	4	5	13	4	4	9	5	5	2	14	4	2	1	3	2	7	1		1	3	3	
113	2	15	18	15	臺北市	中山區	中山區市民大道3段19號	25.045342	121.5335084	0	0	1	2	8	5	5	14	9	1	5	4	5	13	4	4	5	4	5	2	13	4	9	1	3	1	10	1		1	3	11	
113	2	15	18	26	臺北市	南港區	南港區園區街18號	25.0590366	121.6132202	0	0	2	2	8	5	5	14	9	1	5	4	5	13	4	4	9	4	5	2	16	1	1	1	5	1	10	1		2	2	14	
113	2	15	18	34	臺北市	士林區	士林區大南路與承德路4段266巷口	25.0885506	121.5204358	0	0	1	2	8	5	5	3	1	1	5	4	5	13	4	4	10	5	5	1	17	1	10	1	6	2	10	1		2	2	11	
113	2	15	18	39	臺北市	中正區	中正區重慶南路1段124號	25.0373948	121.5126214	0	0	1	2	7	5	5	14	9	1	5	4	5	13	4	4	9	4	5	1	12	1	13	1	7	2	8	1		1	3	4	
113	2	15	18	41	臺北市	中正區	中正區忠孝東路2段1號	25.0439448	121.5271917	0	0	2	2	8	5	5	14	9	1	5	4	5	13	2	1	3	4	5	2	13	1	12	1	6	2	10	1		2	2	11	