年	月	日	時	分	縣市	行政區	allLocation	GoogleLat	GoogleLng	死	2-30	受傷	當事人數	天候	道路照明設備	道路類別	道路型態	事故位置	路面狀況1	路面狀況2	路面狀況3	道路障礙1	道路障礙2	號誌1	號誌2	車道劃分-分向	車道劃分-分道1	車道劃分-分道2	車道劃分-分道3	事故類型及型態	行動電話	當事者行動狀態	駕駛資格情形	保護裝置	飲酒情形	駕駛執照種類	個人肇逃否	肇因碼-主要	性別	受傷程度	車輛撞擊部位1	車輛撞擊部位2
113	2	15	19	33	臺北市	萬華區	萬華區桂林路與昆明街口	25.0378131	121.5041079	0	0	1	2	8	5	5	4	1	1	5	4	5	13	2	1	9	4	5	2	13	1	9	1	6	1	10	1		1	2	13	
113	2	15	19	40	臺北市	信義區	信義區忠孝東路5段與忠孝東路5段15巷口	25.0412249	121.5652956	0	0	1	2	7	5	5	3	1	1	5	4	5	13	4	4	10	4	5	1	17	1	6	1	7	1	4	1		1	3	8	
113	2	15	19	43	臺北市	大同區	大同區南京西路與華亭街口	25.0540417	121.5125862	0	0	1	2	7	5	5	3	1	1	5	4	5	13	4	4	5	2	5	2	15	4	9	1	7	1	8	1		1	3	8	
113	2	15	20	33	臺北市	萬華區	萬華區中華路1段108號	25.043471	121.5084351	0	0	1	2	8	5	5	14	9	1	5	4	5	13	4	4	1	4	5	2	12	4	7	1	3	1	4	1		1	3	4	
113	2	15	20	42	臺北市	內湖區	內湖區成功路3段174巷與內湖路2段口	25.08197754	121.5903271	0	0	1	2	8	5	5	4	2	1	5	4	5	13	2	1	5	5	5	2	17	1	9	1	6	1	10	1		1	3	14	
113	2	15	20	45	臺北市	萬華區	萬華區萬大路與莒光路口	25.03119449	121.5004566	0	0	1	2	8	6	5	4	1	1	5	4	5	13	2	1	5	4	5	2	17	1	6	1	7	1	8	1		1	3	6	
113	2	15	21	38	臺北市	大安區	大安區建國南路1段與市民大道3段口	25.0446052	121.536359	0	0	1	2	8	5	5	4	1	1	5	4	5	13	2	1	1	4	1	2	15	4	15	8	3	1	20	1		1	4	17	
113	2	15	21	43	臺北市	大安區	大安區仁愛路3段與仁愛路3段5巷口	25.0383217	121.5334627	0	0	2	2	8	5	5	3	2	1	5	4	5	13	4	4	10	4	5	1	13	4	9	1	6	2	10	1		1	2	11	
113	2	15	21	44	臺北市	松山區	松山區八德路3段12巷16弄與八德路3段8巷口	25.0471391	121.549717	0	0	2	2	8	5	5	4	1	1	5	4	5	13	4	4	9	4	5	2	15	1	9	1	5	1	10	1		1	2	14	
113	2	15	22	15	臺北市	萬華區	萬華區環河快速道路（近燈桿6011200)	25.0464433	121.5032463	0	0	2	4	8	5	5	14	16	1	5	4	5	13	4	4	10	4	5	2	13	4	9	1	6	1	9	1		1	2	13	
113	2	15	22	28	臺北市	萬華區	萬華區中華路2段與廣州街口	25.0360612	121.5066256	0	0	2	3	8	5	5	4	1	1	5	4	5	13	1	1	4	1	5	2	12	1	8	1	6	1	10	1		1	3	13	
113	2	15	23	28	臺北市	中山區	中山區林森北路與錦州街口	25.060276	121.5256055	0	0	1	2	8	5	5	22	9	1	5	4	5	13	2	1	10	5	5	1	16	1	9	1	5	1	10	1		1	2	11	
113	2	16	1	12	臺北市	南港區	南港區忠孝東路7段與中南街口	25.0531352	121.6152291	0	0	2	2	8	5	5	4	1	1	5	4	5	13	2	1	1	4	5	1	15	4	9	1	5	1	10	1		1	2	11	
113	2	16	6	40	臺北市	士林區	士林區士林橋與文林路594巷口	25.0984783	121.5237088	0	0	1	2	7	6	5	5	1	1	5	4	5	13	3	1	5	5	4	2	18	1	9	1	6	1	10	1		2	2	12	
113	2	16	7	15	臺北市	中正區	中正區南海路與牯嶺街口	25.0319998	121.514945	0	0	1	2	7	7	5	5	1	1	5	4	5	13	1	1	1	4	5	2	15	1	9	1	5	2	10	1		2	2	12	
113	2	16	7	37	臺北市	南港區	南港區興中路與忠孝東路7段口	25.0522987	121.6081755	0	0	2	3	7	6	5	3	1	1	5	4	5	13	2	1	1	4	5	2	13	1	9	1	5	1	10	1		1	2	12	
113	2	16	7	45	臺北市	內湖區	內湖區行忠路與行愛路口	25.0659523	121.5788322	0	0	1	2	7	6	5	4	1	1	5	4	5	13	1	1	1	3	5	1	11	1	9	1	6	2	10	1		2	2	11	
113	2	16	7	47	臺北市	大同區	大同區重慶北路3段與民族西路口	25.0685573	121.5136259	0	0	1	2	7	6	5	4	2	1	5	4	5	13	1	1	5	2	5	2	17	1	6	1	7	1	8	1		1	3	2	
113	2	16	7	50	臺北市	北投區	北投區承德路7段與中央南路2段口	25.1210582	121.500011	0	0	1	2	7	6	5	5	1	1	5	4	5	13	2	1	1	4	5	2	17	1	6	1	7	1	8	1		2	3	1	
113	2	16	7	56	臺北市	士林區	士林區天母東路116號	25.1180986	121.5368151	0	0	3	3	8	6	5	14	9	1	5	4	5	13	4	4	10	5	5	1	16	1	1	1	5	2	10	1		2	2	14	
113	2	16	8	8	臺北市	中正區	中正區市民大道2段與金山北路口	25.0461488	121.5299394	0	0	2	2	7	5	5	14	9	1	5	4	5	13	4	4	1	4	5	1	12	1	9	1	5	2	10	1		1	2	12	
113	2	16	8	13	臺北市	內湖區	內湖區東湖路43巷與東湖路43巷32弄口	25.07015266	121.6133256	0	0	1	2	7	6	5	3	1	1	5	4	5	13	4	4	10	5	5	2	3	1	9	1	5	1	9	1		1	3	11	
113	2	16	8	30	臺北市	中山區	中山區復興北路地下道與民族東路口	25.0665106	121.5438662	0	0	2	3	8	6	5	7	9	1	5	4	5	13	1	1	8	3	4	2	11	1	10	1	3	1	8	1		1	3	2	
113	2	16	8	34	臺北市	內湖區	內湖區康寧路3段東湖捷運站公車站牌	25.06752939	121.6112028	0	0	1	2	7	6	5	14	9	1	5	4	5	13	4	4	1	4	5	2	6	1	1	1	7	9	2	1		1	3	2	
113	2	16	9	5	臺北市	中山區	中山區吉林路220巷與吉林路口側附近口	25.0585108	121.530113	0	0	1	2	7	7	5	3	1	1	5	4	5	13	4	4	10	5	5	2	17	4	5	1	3	1	10	1		2	3	14	
113	2	16	9	6	臺北市	中山區	中山區中山北路3段與圓山涵洞口下坡處	25.07465235	121.525725	0	0	1	2	8	6	5	14	9	1	5	4	5	13	4	4	3	4	3	2	12	1	9	1	6	1	10	1		1	2	14	
113	2	16	9	18	臺北市	信義區	信義區松德路200巷18號	25.034743	121.572912	0	0	1	2	8	5	5	14	9	1	5	4	5	13	4	4	9	5	5	2	17	1	1	1	7	1	4	1		1	3	5	
113	2	16	9	20	臺北市	內湖區	內湖區內湖路1段285巷65弄26號前	25.0823089	121.5683655	0	0	1	2	7	6	5	14	9	1	5	4	5	13	4	4	10	4	5	2	17	1	5	1	5	2	10	1		1	3	15	
113	2	16	9	45	臺北市	中山區	中山區長春路與龍江路口	25.0547132	121.5404658	0	0	1	2	7	7	5	4	1	1	5	4	5	13	1	1	9	4	5	2	16	1	9	1	7	1	4	1		1	3	1	
113	2	16	10	11	臺北市	大同區	大同區鄭州路119號	25.0502095	121.5109071	0	0	2	2	7	6	5	14	9	1	5	4	5	13	4	4	1	4	5	2	17	1	7	3	6	1	18	1		1	2	15	
113	2	16	10	23	臺北市	松山區	松山區南京東路4段75-1號	25.05176003	121.5535189	0	0	1	2	7	7	5	14	9	2	5	4	5	13	4	4	1	4	5	2	12	1	8	6	7	1	4	1		1	3	6	
113	2	16	11	3	臺北市	文山區	文山區辛亥路4段與辛亥路4段130巷口	25.0050173	121.5571593	0	0	1	2	8	6	5	14	9	1	5	4	5	13	2	1	1	4	5	2	12	1	8	1	6	2	10	1		1	3	12	
113	2	16	11	38	臺北市	文山區	文山區木新路3段與興隆路4段口口	24.9821725	121.5625564	0	0	1	2	7	5	5	3	1	1	5	4	5	13	2	1	10	5	5	2	16	1	5	1	7	2	8	1		2	3	1	
113	2	16	11	58	臺北市	中山區	中山區復興北路58號	25.0507075	121.5438019	0	0	1	2	8	6	5	14	9	1	5	4	5	13	4	4	1	4	4	2	12	4	11	1	3	1	8	1		1	3	6	
113	2	16	12	40	臺北市	中山區	中山區中山北路3段中山橋北往南	25.07401476	121.5248399	0	0	1	2	8	7	5	8	7	1	5	4	5	13	4	4	1	4	4	2	13	1	9	1	6	1	10	1		1	2	11	
113	2	16	13	4	臺北市	士林區	士林區福國路與福華路口	25.1020125	121.5225002	0	0	2	2	8	6	5	4	2	1	5	4	5	13	2	1	1	5	5	2	13	1	9	1	5	2	9	1		1	2	11	
113	2	16	13	45	臺北市	內湖區	內湖區成功路2段與民權東路6段口口	25.06889456	121.5910757	0	0	1	2	8	6	5	4	1	1	5	4	5	13	2	1	1	4	5	2	16	1	5	1	7	1	4	1		1	3	5	
113	2	16	14	0	臺北市	北投區	北投區登山路與無名巷口No.1209732燈桿	25.1498363	121.5220283	0	0	2	2	8	7	5	4	2	1	5	4	5	13	4	4	5	5	5	1	11	1	9	3	7	1	18	1		1	2	8	
113	2	16	14	1	臺北市	文山區	文山區興隆路4段62巷與無名巷口口	24.9850666	121.5606322	0	0	2	3	7	5	5	4	1	1	5	4	5	13	4	4	10	5	5	2	15	1	9	1	5	1	10	1		2	2	11	
113	2	16	14	34	臺北市	北投區	北投區明德路與東華街1段口	25.1092865	121.5193667	0	0	1	2	7	6	5	4	1	1	5	4	5	13	2	1	5	5	5	2	17	1	5	1	6	1	10	1		2	2	13	
113	2	16	14	56	臺北市	大安區	大安區仁愛路4段與延吉街口口	25.0374911	121.555549	0	0	1	2	8	6	5	4	1	1	5	4	5	13	2	1	5	4	5	2	17	1	6	1	7	1	8	1		1	3	2	
113	2	16	14	59	臺北市	中正區	中正區中華路1段與中華路1段9巷口	25.04736804	121.5100313	0	0	1	2	8	5	5	4	2	1	5	4	5	13	2	1	1	4	5	2	12	1	7	1	7	1	8	1		1	3	4	
113	2	16	15	2	臺北市	大同區	大同區鄭州路與西寧北路口口	25.0505884	121.5081623	0	0	1	2	8	6	5	4	1	1	5	4	5	13	2	1	1	5	5	2	16	1	5	1	6	1	10	1		1	2	14	
113	2	16	15	30	臺北市	信義區	信義區忠孝東路4段508號	25.0411473	121.5621152	0	0	1	2	8	7	5	14	9	1	5	4	5	13	4	4	3	4	5	2	18	1	9	1	5	9	10	1		1	2	17	
113	2	16	15	40	臺北市	中正區	中正區杭州北路與北平東路口	25.0453739	121.5272359	0	0	1	2	8	7	5	3	1	1	5	4	5	13	3	1	10	4	5	2	13	1	9	1	5	2	10	1		1	2	11	
113	2	16	17	7	臺北市	信義區	信義區市民大道5段與東興路口	25.0481909	121.5658203	0	0	1	2	8	7	5	4	1	1	5	4	5	13	1	1	1	2	5	2	17	4	9	1	3	1	8	1		1	3	8	
113	2	16	18	0	臺北市	中正區	中正區襄陽路23號與館前路口	25.0434551	121.5150791	0	0	2	3	7	5	5	4	2	1	5	4	5	13	1	1	5	4	5	2	16	1	6	1	6	2	10	1		1	3	12	
113	2	16	18	23	臺北市	文山區	文山區景華街與景華街52巷口	24.9950878	121.543787	0	0	1	2	7	5	5	3	1	1	5	4	5	13	4	4	9	5	5	2	16	1	11	1	7	11	8	1		1	3	8	
113	2	16	18	24	臺北市	中山區	中山區南京東路3段89巷6-1號	25.05277518	121.5387404	0	0	1	2	7	5	5	14	9	1	5	4	5	13	4	4	10	5	5	2	17	1	1	1	7	1	8	1		1	3	5	
113	2	16	18	28	臺北市	中山區	中山區民權東路3段4號	25.0621679	121.5388322	0	0	3	4	7	5	5	22	9	1	5	4	5	13	1	1	8	3	5	1	12	1	9	1	5	1	10	1		2	2	11	
113	2	16	18	35	臺北市	松山區	松山區復興北路與長春路口	25.0544066	121.5441965	0	0	1	2	8	5	5	14	9	1	5	4	5	13	1	1	9	4	5	2	12	1	9	1	7	1	8	1		2	3	2	
113	2	16	18	40	臺北市	中山區	中山區龍江路與龍江路345巷口	25.0633702	121.5409184	0	0	1	2	8	5	5	3	1	1	5	4	5	13	4	4	9	5	5	2	3	1	9	1	6	1	10	1		1	3	11	
113	2	16	18	45	臺北市	萬華區	萬華區雙和街(西藏路125巷17號旁)	25.0279686	121.5033459	0	0	1	4	8	5	5	14	9	1	5	4	5	13	4	4	10	5	5	2	11	1	9	6	5	1	18	1		1	3	12	
113	2	16	18	59	臺北市	內湖區	內湖區瑞光路316巷60號	25.07560349	121.5732567	0	0	2	2	8	5	5	14	9	1	5	4	5	13	4	4	9	5	5	2	17	1	5	6	7	1	18	1		1	2	1	
113	2	16	19	14	臺北市	內湖區	內湖區新明路305號	25.05711032	121.5849612	0	0	1	2	7	5	5	14	7	1	5	4	5	13	4	4	5	4	4	2	12	4	11	1	3	1	8	1		1	3	8	
113	2	16	20	3	臺北市	信義區	信義區忠孝東路4段與基隆路1段口	25.0410795	121.5638264	0	0	1	2	8	7	5	14	9	1	5	4	5	13	2	1	1	5	5	2	12	4	8	1	3	1	4	1		1	3	2	
113	2	16	20	17	臺北市	大安區	大安區基隆路2段與敦化南路2段口	25.0216322	121.549348	0	0	2	2	7	5	5	3	2	1	5	4	5	13	2	1	1	4	5	1	13	4	11	1	6	1	10	1		2	2	14	
113	2	16	20	50	臺北市	中山區	中山區遼寧街與遼寧街81巷口	25.04951404	121.5422292	0	0	2	4	7	5	5	4	1	1	5	4	5	13	4	4	9	4	5	2	9	4	5	8	3	7	20	1		1	2	12	
113	2	16	21	36	臺北市	中山區	中山區北安路與北安路608巷口	25.0819809	121.5488143	0	0	2	2	8	5	5	4	2	1	5	4	5	13	2	1	3	4	5	2	16	4	11	1	3	2	10	1		2	2	14	
113	2	16	21	42	臺北市	大安區	大安區復興南路2段80號	25.0308937	121.5435228	0	0	1	2	8	5	5	14	9	1	5	4	5	13	2	1	1	4	5	2	12	4	7	1	3	1	8	1		1	3	8	
113	2	16	21	45	臺北市	大安區	大安區復興南路2段與復興南路2段160巷口	25.0279084	121.5434114	0	0	3	3	8	5	5	14	9	1	5	4	5	13	2	1	1	4	5	1	13	4	9	1	3	2	10	1		2	2	12	
113	2	16	22	17	臺北市	中山區	中山區中山北路2段與民生東路1段口	25.05788378	121.5229908	0	0	4	4	8	5	5	4	1	1	5	4	5	13	1	1	1	4	5	2	13	1	9	1	6	1	10	1		1	2	11	
113	2	16	22	25	臺北市	大安區	大安區市民大道3段與復興南路1段口口	25.0447017	121.5435384	0	0	1	2	8	5	5	4	2	1	5	4	5	13	2	1	1	4	5	2	13	1	9	1	5	2	10	1		1	2	11	
113	2	16	22	32	臺北市	中山區	中山區中山北路2段77巷45號	25.05750418	121.524856	0	0	1	3	8	5	5	14	9	1	5	4	5	13	4	4	10	5	5	2	16	1	5	1	5	1	10	1		1	3	11	
113	2	17	1	32	臺北市	大同區	大同區民族西路與環河北路2段口	25.0692047	121.5094951	0	0	2	3	7	5	5	3	1	1	5	4	5	13	2	1	1	2	5	2	17	4	9	1	5	2	10	1		1	2	11	
113	2	17	1	48	臺北市	中正區	中正區市民大道1段台北車站北三門前	25.04861	121.5168767	0	0	2	2	8	5	5	14	9	1	5	4	5	13	1	1	1	4	5	2	16	2	7	1	6	2	10	1		2	2	14	
113	2	17	7	23	臺北市	中山區	中山區中山北路1段與中山北路1段121巷口	25.05133889	121.522436	0	0	1	2	8	5	5	4	1	1	5	4	5	13	4	4	5	4	3	2	17	1	6	1	7	1	4	1		1	3	5	2
113	2	17	7	30	臺北市	士林區	士林區百齡橋與承德路4段口	25.0907086	121.5162312	0	0	1	3	8	6	5	4	2	1	5	4	5	13	1	1	3	4	5	1	13	1	9	1	5	2	10	1		1	2	11	
113	2	17	7	40	臺北市	文山區	文山區羅斯福路5段與興隆路1段口口	25.0045952	121.5389215	0	0	2	2	8	6	5	4	1	1	5	4	5	13	2	1	1	4	5	2	12	1	9	1	6	1	10	1		1	2	12	
113	2	17	8	10	臺北市	信義區	信義區松仁路228巷與吳興街口	25.0248076	121.5676664	0	0	1	2	8	6	5	4	1	1	5	4	5	13	2	1	8	3	5	2	9	4	15	1	3	1	4	1		1	3	1	
113	2	17	8	29	臺北市	文山區	文山區木新路2段251號	24.9832983	121.5669018	0	0	1	2	8	6	5	14	9	1	5	4	5	13	4	4	5	4	5	2	12	1	8	1	6	1	10	1		1	3	14	
113	2	17	9	5	臺北市	士林區	士林區福林路與福林路251巷口	25.0985799	121.535343	0	0	2	2	8	6	5	3	1	1	5	4	5	13	4	4	5	4	5	2	17	1	11	1	6	1	10	1		2	2	14	
113	2	17	9	45	臺北市	大安區	大安區新生南路3段與新生南路3段86巷口口	25.0187232	121.5337272	0	0	1	2	8	6	5	3	1	1	5	4	5	13	2	1	1	4	5	2	17	4	11	1	3	2	8	1		1	3	5	
113	2	17	9	53	臺北市	萬華區	萬華區光復橋往台北市下橋處(燈桿:003016)	25.02512736	121.491687	0	0	1	2	8	5	5	14	9	1	5	4	5	13	4	4	1	5	5	2	13	4	9	1	5	1	10	1		2	2	11	
113	2	17	10	3	臺北市	萬華區	萬華區萬大路331號	25.023935	121.5001562	0	0	2	2	8	7	5	14	9	1	5	4	5	13	4	4	2	3	5	2	3	5	16	8	4	10	20	1		2	2	16	
113	2	17	10	40	臺北市	大同區	大同區重慶北路3段與敦煌路口	25.0763139	121.5137452	0	0	1	2	8	6	5	5	1	1	5	4	5	13	4	4	1	4	5	2	17	1	9	1	6	1	10	1		2	2	14	
113	2	17	10	59	臺北市	大同區	大同區環河北路1段161號	25.0551076	121.5078497	0	0	1	2	8	5	5	14	9	1	5	4	5	13	4	4	1	4	5	2	17	4	9	1	3	1	3	1		1	3	2	
113	2	17	11	38	臺北市	中山區	中山區北安路與敬業二路口	25.08509476	121.554352	0	0	1	2	8	6	5	3	1	1	5	4	5	13	4	4	3	4	5	2	17	1	6	1	6	1	10	1		1	3	12	
113	2	17	11	48	臺北市	內湖區	內湖區港墘路與港墘路82巷口口	25.0807221	121.5777556	0	0	1	2	8	6	5	4	18	1	5	4	5	13	2	1	10	5	5	2	3	1	6	1	2	1	8	1		1	3	5	
113	2	17	11	51	臺北市	信義區	信義區福德街與福德街84巷口	25.0372103	121.5815015	0	0	1	2	8	6	5	4	1	4	5	4	5	13	2	1	10	4	4	1	17	4	5	1	3	1	10	1		2	2	12	
113	2	17	11	59	臺北市	內湖區	內湖區潭美街與安康路228巷口	25.06114701	121.6035895	0	0	1	2	8	6	5	3	1	1	5	4	5	13	2	1	5	5	5	2	17	1	5	1	7	2	8	1		1	3	1	
113	2	17	12	0	臺北市	大安區	大安區辛亥路3段與芳蘭路口	25.0168126	121.5490065	0	0	1	2	8	5	5	4	2	1	5	4	5	13	1	1	9	4	5	2	12	1	8	1	7	1	8	1		1	3	2	
113	2	17	13	8	臺北市	中正區	中正區羅斯福路2段與和平西路1段口口	25.02693987	121.5225517	0	0	1	2	8	6	5	4	1	1	5	4	5	13	1	1	1	4	4	1	17	1	11	8	4	11	20	1		2	2	14	
113	2	17	13	8	臺北市	大安區	大安區信義路2段242號	25.033541	121.5322666	0	0	1	3	8	6	5	14	9	1	5	4	5	13	2	1	1	4	5	2	12	4	7	6	6	1	10	1		2	3	17	
113	2	17	13	58	臺北市	北投區	北投區石牌路2段與東華街2段口	25.11536877	121.515214	0	0	2	2	8	7	5	4	1	1	5	4	5	13	2	1	1	4	5	2	16	1	5	1	6	1	10	1		2	2	12	
113	2	17	14	8	臺北市	中正區	中正區寧波東街15號	25.0328809	121.5202611	0	0	1	2	8	7	5	14	9	1	5	4	5	13	1	1	10	4	5	2	13	1	9	1	5	2	10	1		2	2	11	
113	2	17	14	15	臺北市	北投區	北投區育仁路與育仁路119巷口	25.13570628	121.5000868	0	0	1	2	8	7	5	3	2	1	5	4	5	13	4	4	5	5	5	2	17	1	15	1	6	1	10	1		1	2	14	
113	2	17	14	33	臺北市	中山區	中山區南京東路2段115巷與松江路133巷口	25.05435993	121.5336335	0	0	3	3	8	6	5	4	1	1	5	4	5	13	4	4	10	5	5	2	15	1	9	1	5	1	10	1		1	2	14	12
113	2	17	14	33	臺北市	中山區	中山區新生北路3段19巷13號	25.0640421	121.5283321	0	0	1	2	8	5	5	14	9	1	5	4	5	13	4	4	10	5	5	2	3	1	9	1	7	1	8	1		1	3	8	
113	2	17	14	33	臺北市	文山區	文山區老泉街45巷25-7號	24.9732457	121.5744276	0	0	1	2	8	6	5	11	9	1	5	4	5	13	4	4	10	5	5	2	11	1	9	1	6	2	10	1		1	2	14	
113	2	17	14	58	臺北市	中正區	中正區汀州路2段220號	25.0221436	121.5240487	0	0	2	2	8	6	5	14	9	1	5	4	5	13	4	4	5	4	5	2	12	1	9	1	5	2	10	1		1	2	12	
113	2	17	15	15	臺北市	大同區	大同區承德路3段與民權西路口	25.0629979	121.5186224	0	0	2	3	8	6	5	4	2	1	5	4	5	13	2	1	1	2	5	2	13	4	9	1	6	2	10	1		1	2	11	
113	2	17	15	23	臺北市	大安區	大安區信義路3段與新生南路1段口	25.0335048	121.5328727	0	0	2	2	8	6	5	4	1	1	4	4	5	13	1	1	1	4	5	2	15	4	1	1	3	1	10	1		2	2	12	
113	2	17	15	25	臺北市	士林區	士林區故宮路與故宮路47巷口	25.0964084	121.5473284	0	0	1	2	8	6	5	4	1	1	5	4	5	13	2	1	3	4	5	2	17	4	11	1	3	2	8	1		1	3	4	
113	2	17	15	40	臺北市	萬華區	萬華區忠孝橋機車道往台北市方向	25.0493129	121.5053476	0	0	3	3	8	7	5	8	11	1	5	4	5	13	4	4	10	5	5	2	13	1	9	1	6	1	10	1		1	2	11	
113	2	17	16	13	臺北市	大同區	大同區民生西路與西寧北路口	25.0568745	121.508998	0	0	1	2	7	6	5	4	1	1	5	4	5	13	2	1	5	4	5	2	17	4	5	1	6	1	10	1		1	3	14	
113	2	17	17	33	臺北市	中正區	中正區同安街66號	25.0230831	121.5209718	0	0	1	2	8	6	5	14	9	1	5	4	5	13	4	4	10	5	5	2	12	1	14	3	7	2	18	1		1	3	2	
113	2	17	17	45	臺北市	中山區	中山區南京東路3段224號前	25.0517853	121.5436666	0	0	1	2	8	5	5	14	9	1	5	4	5	13	1	1	1	4	5	2	13	4	9	1	3	2	8	1		1	3	1	
113	2	17	17	55	臺北市	中山區	中山區民權東路3段與民權東路3段75巷口	25.06254446	121.5436422	0	0	1	2	8	5	5	3	2	1	5	4	5	13	4	4	10	5	5	2	13	1	6	1	7	1	8	1		1	3	5	
113	2	17	17	57	臺北市	中正區	中正區羅斯福路4段158號	25.0125903	121.5362046	0	0	1	3	8	5	5	14	9	1	5	4	5	13	4	4	1	4	5	2	12	1	8	1	5	1	10	1		1	2	12	
113	2	17	18	27	臺北市	大同區	大同區保安街與甘州街口	25.05915647	121.512823	0	0	1	3	8	5	5	4	1	1	5	4	5	13	1	1	5	5	5	2	16	1	5	1	7	2	8	1		2	3	8	
113	2	17	18	40	臺北市	內湖區	內湖區成功路4段234號	25.0846208	121.5966996	0	0	1	2	8	5	5	14	7	1	5	4	5	13	4	4	1	4	4	2	17	1	1	1	7	2	8	1		1	3	17	
113	2	17	18	43	臺北市	北投區	北投區承德路7段與石牌路1段口	25.1123959	121.5091289	0	0	1	2	8	5	5	4	1	1	5	4	5	13	1	1	1	4	4	2	15	1	9	1	5	11	10	2		1	3	12	
113	2	17	18	52	臺北市	內湖區	內湖區民權東路6段與民權東路6段413巷口	25.07006563	121.6033579	0	0	2	2	8	5	5	3	2	1	5	4	5	13	4	4	9	4	4	2	13	1	10	1	6	2	10	1		1	2	13	
113	2	17	19	5	臺北市	內湖區	內湖區成功路2段與新明路口	25.06075446	121.5912219	0	0	2	2	8	5	5	4	2	1	5	4	5	13	2	1	1	2	5	2	13	1	9	1	5	2	9	1		1	2	11	
113	2	17	19	9	臺北市	大安區	大安區八德路2段與新生南路1段口	25.0441629	121.5330226	0	0	1	2	7	5	5	4	4	1	5	4	5	13	1	1	1	3	5	2	13	1	9	1	7	2	4	1		1	3	1	
113	2	17	19	19	臺北市	中正區	中正區林森南路與濟南路1段口	25.04243515	121.5226715	0	0	2	4	7	6	5	4	1	1	5	4	5	13	1	1	10	4	5	2	16	4	6	1	7	2	8	1		1	3	5	
113	2	17	19	21	臺北市	南港區	南港區南港路3段與玉成街口	25.05192566	121.5815277	0	0	1	2	8	5	5	4	1	1	5	4	5	13	1	1	9	4	5	2	3	5	16	8	4	1	20	1		1	2	16	
113	2	17	19	40	臺北市	士林區	士林區天母西路42號	25.11845099	121.5256858	0	0	1	3	7	5	5	14	9	1	5	4	5	13	4	4	9	4	5	1	17	1	15	1	5	2	10	1		1	2	13	
113	2	17	19	45	臺北市	士林區	士林區承德路4段與劍潭路口	25.08421123	121.5236281	0	0	1	2	8	5	5	4	2	1	5	4	5	13	2	1	3	4	5	2	16	1	6	1	7	1	8	1		1	3	5	
113	2	17	20	0	臺北市	內湖區	內湖區新湖一路東往西(IKEA停車場出入口)	25.0600609	121.5787323	0	0	1	2	8	5	5	14	9	1	5	4	5	13	4	4	9	5	5	2	17	1	1	1	7	1	8	1		1	3	1	
113	2	17	20	8	臺北市	文山區	文山區辛亥路6段86巷對面	24.9887929	121.5523842	0	0	1	3	8	5	5	14	9	1	5	4	5	13	3	1	1	4	5	2	13	1	9	3	5	1	18	1		1	2	14	
113	2	17	20	30	臺北市	士林區	士林區中山北路5段與中山北路5段699巷口口	25.09780472	121.5273027	0	0	2	3	7	5	5	4	1	1	5	4	5	13	2	1	1	4	5	1	17	1	8	1	5	2	10	1		1	3	13	
113	2	17	20	42	臺北市	士林區	士林區承德路4段292巷與大南路口	25.0887703	121.5190665	0	0	2	5	8	5	5	4	1	1	5	4	5	13	2	1	5	5	5	2	12	1	9	1	5	6	10	1		1	2	11	
113	2	17	21	5	臺北市	南港區	南港區南港路3段192號與南港路3段190巷口口	25.053046	121.5868356	0	0	2	2	8	5	5	3	1	1	5	4	5	13	1	1	9	4	5	2	16	1	5	1	5	1	10	1		1	2	14	
113	2	17	21	50	臺北市	中山區	中山區長安東路2段與伊通街口	25.04843244	121.534753	0	0	1	2	8	5	5	4	1	1	5	4	5	13	1	1	5	4	5	2	16	1	5	1	7	1	8	1		1	3	8	
113	2	17	22	0	臺北市	中山區	中山區大直街與北安路口	25.0798145	121.5472583	0	0	1	2	8	5	5	4	1	1	5	4	5	13	2	1	7	2	5	2	17	1	9	1	7	1	8	1		1	3	2	
113	2	17	22	50	臺北市	北投區	北投區大度路3段往淡水070燈桿	25.1229168	121.4719534	0	0	1	2	8	5	5	14	12	1	5	4	5	13	4	4	1	3	1	1	13	1	7	1	6	1	10	1		1	2	11	
113	2	17	23	5	臺北市	中山區	中山區樂群二路與敬業一路口	25.0799984	121.5532196	0	0	2	3	8	5	5	4	1	1	5	4	5	13	2	1	1	4	5	2	17	4	11	1	3	2	8	1		1	3	7	
113	2	17	23	45	臺北市	中山區	中山區林森北路與中山北路2段65巷口	25.0570364	121.5254869	0	0	1	2	8	5	5	4	1	1	5	4	5	13	4	4	9	5	5	2	16	1	9	1	7	1	4	1		1	3	8	
113	2	18	7	43	臺北市	信義區	信義區莊敬路196號	25.0306068	121.5613459	0	0	1	2	8	5	5	14	8	1	5	4	5	13	2	1	5	4	4	2	18	1	9	1	5	7	10	1		1	2	14	
113	2	18	7	47	臺北市	中山區	中山區建國北路2段119號	25.05959825	121.5372085	0	0	2	2	8	5	5	3	2	1	5	4	5	13	1	1	10	4	5	2	17	1	7	8	4	1	20	1		1	2	14	12
113	2	18	8	48	臺北市	中山區	中山區民權西路與天祥路口	25.0625184	121.5211653	0	0	1	2	8	6	5	4	1	1	5	4	5	13	1	1	1	4	5	2	12	4	7	1	3	1	8	1		1	3	6	
113	2	18	10	13	臺北市	文山區	文山區木柵路5段與萬福橋口	25.00275919	121.5838625	0	0	1	2	8	6	5	4	1	1	5	4	5	13	1	1	5	4	5	2	16	1	6	1	7	1	8	1		1	3	5	