年	月	日	時	分	縣市	行政區	allLocation	GoogleLat	GoogleLng	死	2-30	受傷	當事人數	天候	道路照明設備	道路類別	道路型態	事故位置	路面狀況1	路面狀況2	路面狀況3	道路障礙1	道路障礙2	號誌1	號誌2	車道劃分-分向	車道劃分-分道1	車道劃分-分道2	車道劃分-分道3	事故類型及型態	行動電話	當事者行動狀態	駕駛資格情形	保護裝置	飲酒情形	駕駛執照種類	個人肇逃否	肇因碼-主要	性別	受傷程度	車輛撞擊部位1	車輛撞擊部位2
113	2	18	10	34	臺北市	士林區	士林區堤外便道與通河西街1段口越堤坡道堤外槌球場南側臨時停車場	25.08586594	121.5126519	0	0	1	2	8	7	5	4	1	1	5	4	5	13	4	4	5	4	5	1	11	1	9	1	5	11	10	1		1	5	14	
113	2	18	10	39	臺北市	文山區	文山區木新路2段161巷24弄2號	24.9825809	121.5693678	0	0	1	2	7	6	5	14	9	1	5	4	5	13	4	4	10	5	5	2	11	1	15	1	6	1	10	1		2	2	14	
113	2	18	10	58	臺北市	萬華區	萬華區雙園街86號	25.0307666	121.4931733	0	0	3	3	8	6	5	14	9	1	5	4	5	13	4	4	5	4	5	2	17	1	5	1	5	1	10	1		1	2	11	
113	2	18	11	7	臺北市	萬華區	萬華區西園路2段與艋舺大道口	25.0331023	121.497621	0	0	2	3	8	7	5	4	2	1	5	4	5	13	1	1	3	3	5	2	13	4	9	1	5	1	9	1		1	2	11	
113	2	18	11	10	臺北市	文山區	文山區木柵路3段66巷(西往東0700212燈桿旁）	24.9868342	121.5675072	0	0	1	2	8	5	5	14	9	1	5	4	5	13	4	4	5	5	5	2	17	1	13	1	7	2	8	1		1	3	4	
113	2	18	11	39	臺北市	大安區	大安區光復南路686號	25.0300187	121.5573111	0	0	1	3	8	6	5	14	9	1	5	4	5	13	2	1	1	4	5	2	17	4	15	3	3	9	18	1		1	3	6	
113	2	18	11	46	臺北市	北投區	北投區大同街204巷與永興路1段32巷口	25.13807	121.5001171	0	0	2	2	8	6	5	4	1	1	5	4	5	13	4	4	10	5	5	2	15	1	9	1	5	1	10	1		1	2	11	
113	2	18	11	54	臺北市	文山區	文山區興隆路4段179巷與中崙路25巷口	24.9838485	121.5639024	0	0	1	2	8	6	5	4	2	1	5	4	5	13	4	4	10	5	5	2	17	1	5	1	6	9	10	2		2	3	11	
113	2	18	11	55	臺北市	大同區	大同區忠孝西路2段與西寧北路口口	25.04879865	121.507652	0	0	1	2	8	6	5	4	1	1	5	4	5	13	2	1	1	2	4	2	17	1	5	1	6	1	10	1		1	2	14	
113	2	18	11	57	臺北市	士林區	士林區延平北路8段2巷153弄附近社子廣和宮前腳踏車專用道	25.11102381	121.4809071	0	0	1	2	8	6	8	22	22	1	5	4	1	13	4	4	10	5	5	2	29	4	9	8	4	1	20	1		1	2	17	
113	2	18	12	10	臺北市	北投區	北投區福國路與承德路6段口	25.1013456	121.5125407	0	0	1	2	8	6	5	4	1	1	5	4	5	13	2	1	1	2	5	2	17	1	6	1	7	1	8	1		1	3	2	
113	2	18	12	19	臺北市	士林區	士林區中山北路5段第14停車格前	25.09737733	121.5273441	0	0	2	3	8	6	5	14	9	1	5	4	5	13	4	4	1	5	5	1	17	1	1	1	3	11	8	1		1	4	17	
113	2	18	12	29	臺北市	中正區	中正區愛國東路24號	25.0343094	121.5179796	0	0	1	3	8	7	5	14	8	1	5	4	5	13	1	1	1	4	4	2	17	1	12	1	5	1	10	1		1	3	17	
113	2	18	12	53	臺北市	松山區	松山區市民大道5段與東興路口	25.0483443	121.5657693	0	0	1	2	7	6	5	4	1	1	5	4	5	13	1	1	1	4	5	2	17	1	5	1	7	1	8	1		2	3	8	
113	2	18	13	3	臺北市	萬華區	萬華區雙園街86號	25.0307872	121.4931769	0	0	2	2	8	7	5	14	9	1	5	4	5	13	4	4	8	3	5	2	13	4	9	1	5	1	10	1		1	2	11	
113	2	18	13	30	臺北市	中山區	中山區民權東路3段16號前	25.0622773	121.5399498	0	0	1	2	8	7	5	14	9	1	5	4	5	13	4	4	1	4	5	2	17	4	9	1	3	1	10	1		1	2	17	
113	2	18	13	56	臺北市	松山區	松山區南京東路5段286巷與南京東路5段口	25.05128541	121.5672928	0	0	1	2	8	6	5	3	1	1	5	4	5	13	4	4	1	4	4	2	17	4	15	1	6	1	10	1		1	2	13	
113	2	18	14	17	臺北市	中正區	中正區愛國西路與延平南路口	25.0365752	121.5079281	0	0	2	3	8	7	5	4	2	1	5	4	5	13	1	1	1	4	4	2	17	1	6	1	5	1	10	1		1	2	12	
113	2	18	14	50	臺北市	中正區	中正區重慶南路2段與重慶南路2段7巷口	25.0331776	121.5137225	0	0	1	3	8	6	5	3	1	1	5	4	5	13	4	4	1	4	5	2	17	1	6	1	7	2	4	1		1	3	2	
113	2	18	15	6	臺北市	中山區	中山區南京西路12巷	25.0792088	121.5427726	0	0	1	2	8	6	5	22	9	1	5	4	5	13	4	4	10	5	5	1	16	1	7	1	6	1	10	1		1	2	14	
113	2	18	15	18	臺北市	信義區	信義區松壽路11號	25.0359067	121.5671293	0	0	1	2	8	6	8	22	22	1	5	4	5	13	1	1	5	4	5	2	17	1	5	1	7	2	4	1		1	3	2	
113	2	18	15	36	臺北市	中山區	中山區明水路397巷2弄與明水路397巷口	25.07804835	121.5476849	0	0	2	15	8	6	8	4	1	1	5	4	5	13	4	4	10	5	5	2	17	1	5	1	7	1	8	1		1	2	1	10
113	2	18	16	35	臺北市	大安區	大安區辛亥路2段與復興南路2段口	25.0214758	121.543364	0	0	2	3	8	6	5	5	1	1	5	4	5	13	2	1	1	4	5	2	13	1	14	1	7	1	8	1		2	3	7	
113	2	18	17	49	臺北市	中正區	中正區思源街1號(自來水園區)永福橋頭	25.01182986	121.5284718	0	0	2	2	8	7	5	12	23	1	5	4	5	13	4	4	1	4	5	1	17	1	9	8	4	11	20	2		1	2	11	
113	2	18	18	31	臺北市	內湖區	內湖區新明路與新明路380巷口	25.05478185	121.5804781	0	0	1	2	8	5	5	4	2	1	5	4	5	13	4	4	10	5	5	2	17	1	6	1	5	2	10	1		1	3	11	
113	2	18	18	35	臺北市	中正區	中正區羅斯福路2段與和平西路1段口	25.0272051	121.5221558	0	0	1	2	8	6	5	4	1	1	5	4	5	13	2	1	1	4	5	2	16	1	8	1	5	1	10	1		2	2	11	
113	2	18	18	46	臺北市	萬華區	萬華區萬大路323號	25.02441415	121.5003693	0	0	1	2	8	5	5	14	9	1	5	4	5	13	4	4	1	5	5	2	13	1	9	1	5	1	10	1		2	2	11	
113	2	18	19	9	臺北市	文山區	文山區羅斯福路4段與基隆路4段口	25.0110012	121.5369747	0	0	1	2	8	5	5	4	1	1	5	4	5	13	2	1	1	4	5	2	16	1	5	1	5	2	10	1		1	3	14	
113	2	18	19	45	臺北市	中正區	中正區重慶南路1段與襄陽路口	25.0433761	121.5132673	0	0	1	2	8	5	5	3	1	1	5	4	5	13	2	1	5	4	5	2	16	1	9	1	5	2	10	1		2	2	14	
113	2	18	19	55	臺北市	士林區	士林區天母西路38巷與天母西路38巷口停車場出入口	25.1178396	121.5260672	0	0	1	2	8	5	5	5	1	1	5	4	3	10	4	4	7	5	5	2	17	4	1	1	3	1	8	1		1	3	8	
113	2	18	21	15	臺北市	南港區	南港區南港路1段與興華路口	25.0542589	121.6062349	0	0	2	2	8	5	5	4	1	1	5	4	5	13	1	1	5	4	5	2	16	1	5	1	5	1	10	1		1	2	12	
113	2	18	21	40	臺北市	士林區	士林區中山北路5段6號	25.0827532	121.5255689	0	0	1	2	8	5	5	11	9	1	5	4	5	13	4	4	4	3	1	1	17	1	6	1	2	1	8	1		1	3	2	
113	2	18	22	2	臺北市	萬華區	萬華區西藏路125巷與西藏路口	25.0296801	121.5023901	0	0	2	2	8	5	5	3	1	1	5	4	5	13	1	1	8	3	5	1	3	1	9	1	5	2	10	1		1	2	11	
113	2	18	22	40	臺北市	信義區	信義區松德路與松德路12巷口口	25.0394302	121.5774423	0	0	1	2	7	5	8	3	1	1	5	4	5	13	4	4	1	4	4	2	17	1	6	1	7	2	4	1		1	3	2	
113	2	19	5	25	臺北市	松山區	松山區饒河街與八德路4段口	25.0500596	121.5724524	0	0	1	2	7	5	5	5	1	1	5	4	5	13	2	1	1	2	5	2	17	4	5	1	3	2	8	1		1	3	17	
113	2	19	5	33	臺北市	內湖區	內湖區成功路4段與金湖路口	25.08400304	121.5951839	0	0	1	2	8	5	5	4	1	1	5	4	5	13	2	1	1	4	5	2	3	5	18	8	4	10	20	1		1	2	16	
113	2	19	5	56	臺北市	中山區	中山區濱江街356號與濱江街口無名巷	25.07210269	121.5500229	0	0	1	2	8	5	5	3	2	1	5	4	5	13	4	4	9	4	5	2	17	1	8	6	7	2	4	1		1	3	4	
113	2	19	6	40	臺北市	大安區	大安區基隆路2段200號	25.0238351	121.5517808	0	0	2	2	8	5	5	14	9	1	5	4	5	13	4	4	5	4	5	2	12	1	7	1	6	2	10	1		1	2	14	
113	2	19	7	3	臺北市	萬華區	萬華區內江街與雅江街口	25.0417699	121.5015906	0	0	2	3	7	7	5	4	1	1	5	4	5	13	4	4	9	5	5	2	15	1	9	1	7	1	8	1		1	3	8	
113	2	19	7	10	臺北市	內湖區	內湖區民權東路6段與民權東路6段289巷口	25.0682929	121.6019317	0	0	1	2	8	7	5	3	1	1	5	4	5	13	4	4	1	4	4	2	16	1	6	1	7	1	8	1		1	3	5	
113	2	19	7	22	臺北市	士林區	士林區福林路與福林路254巷口	25.0977859	121.534323	0	0	1	2	8	6	5	4	1	1	5	4	5	13	1	1	5	4	5	2	17	4	6	5	3	11	8	1		1	3	2	
113	2	19	7	33	臺北市	中正區	中正區羅斯福路1段96號	25.03012875	121.5200688	0	0	1	3	8	7	5	14	9	1	5	4	5	13	4	4	3	4	5	2	17	1	8	1	5	11	10	2		1	3	12	
113	2	19	7	57	臺北市	中山區	中山區中山北路2段65巷與林森北路口	25.0570802	121.5254757	0	0	1	2	8	7	5	4	1	1	5	4	5	13	4	4	10	5	5	2	17	1	6	1	7	1	8	1		1	3	8	
113	2	19	7	58	臺北市	大安區	大安區市民大道3段與建國南路1段口	25.0446803	121.5361296	0	0	1	2	8	6	5	4	2	1	5	4	5	13	2	1	1	4	4	2	12	1	9	1	5	1	10	1		2	2	12	
113	2	19	8	17	臺北市	大安區	大安區忠孝東路4段與敦化南路1段口	25.0414652	121.5490298	0	0	1	2	8	7	5	4	1	1	5	4	5	13	1	1	1	4	5	2	17	1	9	1	7	1	8	1		1	3	5	
113	2	19	8	36	臺北市	士林區	士林區通河街2巷與承德路4段3巷口	25.07840831	121.5229089	0	0	1	3	8	6	5	3	2	1	5	4	5	13	4	4	10	5	5	2	17	1	5	1	7	1	8	1		1	3	4	
113	2	19	8	45	臺北市	文山區	文山區木柵路2段與興隆路4段口	24.98871411	121.5602342	0	0	1	2	8	6	5	4	1	1	5	4	5	13	1	1	1	4	5	2	16	1	8	1	6	1	10	1		1	2	12	
113	2	19	8	53	臺北市	中正區	中正區重慶南路3段5號	25.02922	121.5154999	0	0	1	2	8	6	5	14	9	1	5	4	5	13	4	4	1	4	5	2	17	1	9	1	5	2	10	1		2	2	11	
113	2	19	8	55	臺北市	中山區	中山區民權東路2段與中原街口	25.0626746	121.5289692	0	0	2	3	8	6	5	4	1	1	3	4	4	13	1	1	1	4	1	2	17	1	9	1	6	11	10	2		4	2	17	
113	2	19	8	57	臺北市	內湖區	內湖區新湖三路與民善街口	25.06267437	121.574831	0	0	1	2	8	6	5	4	1	1	5	4	5	13	2	1	9	4	5	2	17	1	5	1	6	1	10	1		2	2	13	
113	2	19	9	8	臺北市	信義區	信義區忠孝東路5段345巷與忠孝東路5段口	25.04093	121.5741356	0	0	1	2	8	6	5	4	2	1	5	4	5	13	1	1	1	4	5	2	13	4	9	1	3	1	10	1		2	2	11	
113	2	19	9	25	臺北市	中山區	中山區民權東路3段與復興北路口	25.0625621	121.5441443	0	0	3	3	8	7	5	4	2	1	5	4	5	13	1	1	1	4	5	2	13	1	15	1	5	1	10	1		1	2	13	
113	2	19	9	30	臺北市	信義區	信義區基隆路1段往環東大道引道	25.0439132	121.5661297	0	0	1	3	8	5	5	10	7	1	5	4	5	13	4	4	10	4	5	2	13	1	9	1	7	1	8	1		1	3	1	
113	2	19	9	55	臺北市	信義區	信義區光復南路471號	25.0336629	121.5575209	0	0	1	2	8	6	5	14	9	1	5	4	5	13	4	4	1	4	5	2	13	4	9	1	3	1	9	1		1	2	11	
113	2	19	9	58	臺北市	文山區	文山區景華街128巷與景華街128巷3弄口	24.9954284	121.5473095	0	0	2	2	8	6	5	4	1	1	5	4	5	13	4	4	10	5	5	2	15	1	9	1	5	1	10	1		1	2	14	
113	2	19	10	0	臺北市	士林區	士林區和豐街3號	25.08271081	121.5193171	0	0	2	3	8	5	8	14	9	1	5	4	5	13	4	4	10	5	5	2	17	1	15	8	4	1	20	1		1	2	14	
113	2	19	10	9	臺北市	北投區	北投區承德路6段449巷449-2號與承德路6段449巷口	25.1083101	121.5097092	0	0	1	2	8	6	5	3	1	1	5	4	5	13	4	4	10	5	5	2	16	1	4	1	5	1	10	1		2	2	14	
113	2	19	10	16	臺北市	松山區	松山區敦化北路168號與無名巷口	25.05634794	121.5487406	0	0	1	2	8	5	5	3	2	1	5	4	5	13	4	4	1	4	4	2	16	1	15	1	7	2	8	1		1	3	8	
113	2	19	10	48	臺北市	大安區	大安區敦化南路2段與安和路2段171巷口	25.0281375	121.5489729	0	0	4	5	8	5	5	4	1	1	5	4	5	13	2	1	5	4	5	2	15	1	15	1	7	2	8	1		1	2	5	
113	2	19	10	53	臺北市	士林區	士林區延平北路8段與延平北路8段2巷口	25.1033191	121.4872115	0	0	1	2	8	5	5	5	2	1	5	4	5	13	1	1	5	5	5	1	17	1	5	1	7	2	7	1		1	3	8	
113	2	19	11	19	臺北市	文山區	文山區木柵路3段與秀明路1段口	24.99171939	121.5710147	0	0	1	2	8	6	5	4	1	1	5	4	5	13	1	1	5	4	5	2	16	1	6	1	7	2	8	1		1	3	5	
113	2	19	11	34	臺北市	大同區	大同區民權西路102巷與民權西路102巷4弄口	25.06156706	121.5177057	0	0	2	2	8	6	5	4	1	1	5	4	5	13	4	4	10	5	5	2	15	1	9	1	6	2	10	1		2	2	11	
113	2	19	12	25	臺北市	南港區	南港區南港路2段與南港路2段41巷口口	25.0536213	121.6025751	0	0	1	3	8	6	5	3	1	1	5	4	5	13	2	1	5	5	4	2	12	1	9	1	7	1	8	1		1	3	5	
113	2	19	12	32	臺北市	士林區	士林區文林路與文林路404巷口	25.09389992	121.5249305	0	0	2	2	8	6	8	3	1	1	5	4	5	13	4	4	5	2	5	1	17	1	11	1	6	2	10	1		1	2	11	
113	2	19	12	57	臺北市	內湖區	內湖區民權東路6段21巷與民權東路6段口	25.068382	121.5826343	0	0	1	2	8	7	5	3	1	1	5	4	1	13	4	4	1	4	5	2	16	1	6	1	7	1	8	1		1	3	6	
113	2	19	13	20	臺北市	中山區	中山區南京東路2段102號	25.0519635	121.5323669	0	0	3	3	8	6	5	14	9	1	5	4	5	13	4	4	1	4	5	2	13	1	9	1	5	1	10	1		1	2	11	
113	2	19	14	7	臺北市	信義區	信義區永吉路30巷與永吉路30巷178弄口	25.0415759	121.5686606	0	0	2	2	8	6	5	4	1	1	5	4	5	13	4	4	9	5	5	2	15	1	9	1	6	2	10	1		1	2	11	
113	2	19	15	11	臺北市	文山區	文山區興隆路3段與興隆路3段229巷口	24.9934555	121.5591265	0	0	1	2	8	6	5	3	1	1	5	4	5	13	1	1	1	4	5	2	13	1	15	1	6	2	10	1		1	2	11	
113	2	19	15	14	臺北市	信義區	信義區虎林街120巷與永吉路180巷口	25.0422674	121.5713937	0	0	1	2	7	5	5	4	1	1	5	4	5	13	4	4	5	5	5	2	15	1	9	1	7	1	8	1		2	3	4	
113	2	19	15	19	臺北市	大安區	大安區建國南路2段25巷與建國南路2段口	25.0324711	121.5380389	0	0	1	2	8	5	5	3	1	1	5	4	5	13	4	4	10	5	5	2	16	4	8	1	3	1	8	1		1	3	6	
113	2	19	15	37	臺北市	南港區	南港區向陽路49號	25.05395	121.5953611	0	0	2	3	8	7	5	14	9	1	5	4	5	13	4	4	3	4	5	2	17	1	9	3	7	2	18	1		1	2	1	
113	2	19	16	0	臺北市	大同區	大同區承德路2段與民生西路口	25.05744	121.5180975	0	0	1	2	7	6	5	4	2	1	5	4	5	13	2	1	1	4	5	2	13	4	1	1	3	1	10	1		2	3	11	
113	2	19	16	18	臺北市	士林區	士林區基河路240巷8號	25.09080927	121.5206194	0	0	1	2	8	6	5	14	9	1	5	4	5	13	4	4	9	5	5	2	16	1	8	1	7	1	1	1		1	3	2	
113	2	19	16	28	臺北市	文山區	文山區木新路2段43巷河堤停車格393旁	24.9861941	121.5714238	0	0	1	2	8	5	5	14	9	1	5	4	5	13	4	4	10	5	5	1	11	1	9	1	6	2	10	1		1	2	11	
113	2	19	16	43	臺北市	大同區	大同區長安西路與塔城街口口	25.0520235	121.5104337	0	0	2	2	8	6	5	4	2	1	5	4	5	13	1	1	5	4	5	2	17	1	5	1	6	2	10	1		1	2	12	
113	2	19	16	47	臺北市	士林區	士林區仰德大道2段2巷旁	25.10204048	121.5395853	0	0	1	3	8	5	5	12	9	1	5	4	5	13	4	4	4	5	5	1	13	1	12	1	5	1	10	1		2	3	13	
113	2	19	17	12	臺北市	萬華區	萬華區萬大路與莒光路口	25.0311271	121.5006178	0	0	1	2	8	6	5	4	1	1	5	4	5	13	2	1	2	4	5	2	17	1	15	1	6	1	10	1		2	2	15	
113	2	19	17	15	臺北市	文山區	文山區保儀路177號	24.98340422	121.565778	0	0	2	2	8	6	5	14	9	1	5	4	5	13	4	4	10	5	5	2	17	1	1	1	5	1	10	1		1	2	11	
113	2	19	17	16	臺北市	中正區	中正區南昌路2段與南昌路2段202巷口	25.0241503	121.5242969	0	0	1	2	8	7	5	4	2	1	5	4	5	13	2	1	1	1	5	2	17	1	9	1	5	1	10	1		1	2	17	
113	2	19	17	24	臺北市	中正區	中正區羅斯福路4段20號	25.0156647	121.5332652	0	0	1	2	8	6	5	14	9	1	5	4	5	13	4	4	3	4	5	2	12	1	8	1	5	2	10	1		1	2	14	
113	2	19	17	30	臺北市	松山區	松山區八德路4段692號	25.0499713	121.5769113	0	0	1	2	8	5	5	14	7	1	5	4	5	13	4	4	1	3	4	2	9	1	9	1	7	2	2	1		1	3	17	
113	2	19	17	45	臺北市	內湖區	內湖區康寧路3段225號車道口	25.06695278	121.6115239	0	0	2	3	8	5	5	14	9	1	5	4	5	13	4	4	1	4	5	2	16	4	6	1	3	2	8	1		1	3	2	
113	2	19	18	21	臺北市	中正區	中正區濟南路2段60-7號	25.0401561	121.5323165	0	0	1	2	8	7	5	14	7	2	5	4	5	13	4	4	4	3	5	2	13	1	9	1	5	2	10	1		1	3	11	
113	2	19	18	28	臺北市	大安區	大安區忠孝東路3段與新生南路1段口	25.0422053	121.5329809	0	0	1	2	8	5	5	4	1	1	5	4	5	13	2	1	1	4	5	2	16	1	6	1	7	1	8	1		2	3	2	
113	2	19	18	36	臺北市	南港區	南港區研究院路1段101巷與研究院路1段口	25.05197924	121.6161531	0	0	1	2	8	6	5	4	1	1	5	4	5	13	2	1	4	3	5	2	16	4	6	3	3	2	18	1		1	3	12	
113	2	19	19	0	臺北市	內湖區	內湖區大湖山莊街148號	25.08616898	121.6015683	0	0	1	2	8	5	5	14	9	1	5	4	5	13	4	4	9	5	5	2	17	1	6	1	5	1	10	1		1	3	17	
113	2	19	19	15	臺北市	中山區	中山區明水路與明水路397巷口	25.0773084	121.5479321	0	0	1	2	8	5	5	4	2	1	5	4	5	13	2	1	9	4	5	2	12	1	8	1	5	2	10	1		1	2	12	
113	2	19	19	26	臺北市	大安區	大安區樂業街與和平東路3段228巷口	25.0203521	121.5526257	0	0	1	2	8	5	5	4	1	1	5	4	5	13	1	1	4	1	5	2	11	1	9	3	5	7	18	1		2	2	11	
113	2	19	19	40	臺北市	中山區	中山區天祥路與撫順街口	25.0636172	121.520743	0	0	1	2	8	5	5	4	1	1	5	4	5	13	4	4	10	5	5	2	15	1	9	1	7	1	6	1		1	3	1	
113	2	19	19	53	臺北市	內湖區	內湖區環山路1段與內湖路1段217巷口	25.0839915	121.5655246	0	0	3	4	8	5	5	3	1	1	5	4	5	13	4	4	5	4	4	2	16	5	21	8	5	10	20	1		1	2	17	
113	2	19	20	15	臺北市	北投區	北投區稻香路與稻香路161巷口	25.1426602	121.4890798	0	0	1	2	8	5	5	3	1	1	5	4	5	12	1	1	9	4	5	2	17	4	5	1	3	2	8	1		1	3	5	
113	2	19	20	23	臺北市	中山區	中山區中山北路2段18號	25.05313831	121.5225018	0	0	1	2	8	5	5	14	9	1	5	4	5	13	4	4	5	4	5	2	12	1	7	1	6	1	9	1		1	2	14	
113	2	19	20	40	臺北市	大安區	大安區建國南路2段280號	25.0251203	121.5374139	0	0	2	2	8	5	5	5	1	1	5	4	5	13	1	1	1	2	5	1	13	1	5	1	5	2	10	1		2	2	13	
113	2	19	20	40	臺北市	文山區	文山區和平東路4段與和平東路4段295巷口口	25.00065505	121.5731181	0	0	1	2	8	5	5	3	1	1	5	4	5	13	2	1	5	5	5	1	16	1	5	1	7	1	8	1		1	3	2	
113	2	19	20	53	臺北市	大安區	大安區辛亥路2段169號	25.0213161	121.5409499	0	0	1	2	8	5	5	14	9	1	5	4	5	13	2	1	1	4	5	2	13	1	9	1	7	1	8	1		2	2	1	
113	2	19	22	44	臺北市	萬華區	萬華區和平西路2段與艋舺大道口	25.0333241	121.5055349	0	0	1	3	8	5	5	5	1	1	5	4	5	13	2	1	1	4	5	2	17	4	8	7	3	11	19	2		1	3	17	
113	2	20	7	20	臺北市	內湖區	內湖區內湖路1段629巷103弄與港華街口	25.08256362	121.5767811	0	0	1	2	8	5	5	4	2	1	5	4	5	13	4	4	5	5	5	2	3	1	9	6	5	2	10	1		1	3	11	
113	2	20	7	20	臺北市	內湖區	內湖區民權東路6段與成功路2段口西南角	25.06889778	121.5905935	0	0	1	2	8	6	5	14	9	1	5	4	5	13	2	1	1	4	5	2	17	1	9	1	7	2	8	1		1	3	2	
113	2	20	7	28	臺北市	信義區	信義區吳興街450巷5弄與吳興街450巷口口	25.0238682	121.5685296	0	0	1	3	8	6	5	4	1	1	5	4	3	10	4	4	9	5	5	2	15	1	9	1	5	1	10	1		2	2	11	14
113	2	20	7	30	臺北市	士林區	士林區基河路10號	25.080932	121.5239137	0	0	1	2	8	6	5	14	9	1	5	4	5	13	4	4	10	2	5	2	13	1	9	1	6	1	9	1		1	2	11	
113	2	20	7	33	臺北市	中山區	中山區敬業三路與植福路口	25.0839658	121.5560089	0	0	2	2	8	5	5	4	2	1	5	4	5	13	2	1	5	5	5	2	16	4	11	1	3	1	10	1		1	2	14	
113	2	20	7	39	臺北市	文山區	文山區興隆路4段與忠順街2段口	24.984536	121.5617244	0	0	2	2	8	5	5	4	1	1	5	4	5	13	2	1	10	5	5	1	16	1	5	3	6	2	18	1		1	2	11	
113	2	20	7	44	臺北市	中正區	中正區鄭州路與延平北路口	25.0496775	121.5122507	0	0	1	3	8	7	5	4	2	1	5	4	5	13	1	1	1	4	5	1	12	1	9	1	7	9	2	2		4	3	4	
113	2	20	7	55	臺北市	信義區	信義區和平東路3段與信安街口口	25.0225521	121.5547887	0	0	1	2	8	7	5	4	2	1	5	4	5	13	2	1	5	5	5	2	12	1	9	1	7	1	8	1		1	3	2	
113	2	20	8	1	臺北市	大同區	大同區重慶北路3段與重慶北路3段322巷口	25.0755688	121.5137346	0	0	1	3	8	6	5	3	1	1	5	4	5	13	4	4	1	4	5	2	17	1	9	1	6	1	10	1		2	2	11	
113	2	20	8	6	臺北市	文山區	文山區木柵路1段111號	24.98713955	121.548254	0	0	1	2	7	6	5	22	9	1	5	4	5	13	4	4	5	4	5	2	17	4	6	1	3	2	10	1		1	3	13	
113	2	20	8	23	臺北市	萬華區	萬華區忠孝橋往北市機車道	25.04949713	121.5047708	0	0	1	3	7	6	7	14	11	1	5	4	5	13	4	4	10	5	5	1	17	4	9	1	3	1	10	1		2	2	11	
113	2	20	8	29	臺北市	大同區	大同區重慶北路3段113巷60號	25.067324	121.5154942	0	0	2	2	8	6	5	14	9	1	5	4	5	13	4	4	9	5	5	2	16	1	5	1	6	2	10	1		1	2	14	
113	2	20	8	32	臺北市	中山區	中山區民生東路2段與吉林路口	25.0579438	121.5302607	0	0	2	2	8	6	5	5	2	1	5	4	5	13	2	1	10	3	5	1	16	1	5	1	5	1	10	1		2	2	12	
113	2	20	8	45	臺北市	中正區	中正區重慶南路3段83號	25.0255519	121.516519	0	0	2	2	8	6	5	14	9	1	5	4	5	13	2	1	2	4	5	1	12	1	9	1	5	2	10	1		1	2	14	
113	2	20	9	6	臺北市	文山區	文山區興隆路3段192巷8弄與興隆路3段192巷8弄口	24.99767555	121.5579612	0	0	2	2	8	6	5	3	1	1	5	4	5	13	4	4	9	5	5	2	17	1	15	1	6	1	10	1		1	2	12	
113	2	20	9	20	臺北市	南港區	南港區南湖大橋(北向南燈桿7010373)	25.0627236	121.6123709	0	0	2	3	8	6	5	8	9	1	5	4	5	13	4	4	1	4	5	1	16	1	7	1	6	1	10	1		1	3	14	
113	2	20	9	22	臺北市	松山區	松山區八德路3段199巷與八德路3段155巷26弄口	25.0494723	121.5563191	0	0	1	2	8	7	5	3	1	1	5	4	5	13	4	4	10	5	5	2	3	4	5	1	3	9	4	2		1	3	8	
113	2	20	9	28	臺北市	中山區	中山區八德路2段305號	25.04736296	121.542922	0	0	2	2	8	7	5	14	9	1	5	4	5	13	4	4	5	4	5	2	16	1	5	1	5	1	10	1		2	2	14	
113	2	20	9	34	臺北市	內湖區	內湖區瑞光路431號前	25.07855468	121.5701662	0	0	1	2	8	6	5	14	9	1	5	4	5	13	4	4	5	4	5	2	13	1	9	1	7	1	2	1		1	3	1	
113	2	20	9	38	臺北市	萬華區	萬華區西園路2段與莒光路口	25.0310343	121.4970975	0	0	2	2	7	7	5	3	2	1	5	4	5	13	1	1	1	3	5	2	17	1	9	8	4	2	20	1		1	2	11	
113	2	20	9	50	臺北市	中正區	中正區杭州南路1段105巷與杭州南路1段口口	25.03752932	121.5250237	0	0	2	2	8	7	5	3	2	1	5	4	5	13	4	4	10	4	5	2	17	1	6	1	6	1	10	1		2	2	13	
113	2	20	9	55	臺北市	信義區	信義區基隆路2段149號	25.0267781	121.5553478	0	0	1	2	8	5	5	14	9	1	5	4	5	13	4	4	1	4	5	2	13	4	9	1	3	1	10	1		1	2	11	
113	2	20	10	3	臺北市	大同區	大同區民族西路138號	25.0684961	121.5162721	0	0	2	2	8	6	5	14	9	1	5	4	5	13	4	4	5	4	5	2	17	1	8	1	6	1	10	1		2	2	12	
113	2	20	10	21	臺北市	內湖區	內湖區民權東路6段與民權東路6段413巷口	25.070091	121.6033154	0	0	1	2	8	7	5	3	1	1	5	4	5	13	4	4	1	4	4	2	16	1	8	1	7	1	8	1		2	3	2	
113	2	20	10	25	臺北市	南港區	南港區東新街170巷路邊停車格(89))	25.0431103	121.5927816	0	0	1	2	8	7	5	14	9	1	5	4	5	13	4	4	5	4	5	2	12	1	9	1	5	1	10	1		1	2	12	
113	2	20	10	45	臺北市	大安區	大安區泰順街38巷與龍泉街口口	25.0245804	121.5294044	0	0	1	2	8	6	5	4	1	1	5	4	5	13	4	4	10	5	5	1	15	1	9	1	6	1	10	1		2	2	11	
113	2	20	10	46	臺北市	北投區	北投區大業路262號	25.1266672	121.4982328	0	0	1	2	8	6	5	14	9	1	5	4	5	13	4	4	1	4	5	2	17	1	7	1	7	1	8	1		1	3	4	