年	月	日	時	分	縣市	行政區	allLocation	GoogleLat	GoogleLng	死	2-30	受傷	當事人數	天候	道路照明設備	道路類別	道路型態	事故位置	路面狀況1	路面狀況2	路面狀況3	道路障礙1	道路障礙2	號誌1	號誌2	車道劃分-分向	車道劃分-分道1	車道劃分-分道2	車道劃分-分道3	事故類型及型態	行動電話	當事者行動狀態	駕駛資格情形	保護裝置	飲酒情形	駕駛執照種類	個人肇逃否	肇因碼-主要	性別	受傷程度	車輛撞擊部位1	車輛撞擊部位2
113	2	20	11	20	臺北市	信義區	信義區吳興街156巷與莊敬路口	25.0295131	121.5622469	0	0	1	2	8	7	5	4	1	1	5	4	5	13	2	1	9	4	5	2	17	1	9	1	6	1	10	1		2	2	11	
113	2	20	11	35	臺北市	士林區	士林區仰德大道2段與仰德大道2段2巷口	25.1019784	121.5395928	0	0	1	2	8	6	5	3	1	1	5	4	5	13	2	1	4	5	5	1	11	1	9	1	6	1	9	1		1	2	11	
113	2	20	11	55	臺北市	大安區	大安區麗水街與金山南路2段185巷口	25.02816434	121.5282176	0	0	2	2	8	6	5	4	1	1	5	4	5	13	4	4	10	5	5	2	17	1	9	1	6	1	10	1		1	2	12	
113	2	20	12	13	臺北市	文山區	文山區新光路2段與無名巷口	25.0021985	121.5990219	0	0	1	2	8	5	5	3	1	1	5	4	5	13	4	4	10	5	5	1	17	1	11	1	7	2	4	1		1	3	17	
113	2	20	12	17	臺北市	大安區	大安區忠孝東路4段與敦化南路1段口口	25.04156719	121.5488848	0	0	1	2	8	6	5	4	1	1	5	4	5	13	1	1	1	1	4	1	13	1	9	1	6	1	10	1		2	2	11	
113	2	20	12	18	臺北市	信義區	信義區忠孝東路5段6號	25.0402973	121.5641523	0	0	1	2	8	5	6	14	9	1	5	4	5	13	4	4	10	4	5	1	12	1	7	1	2	1	8	1		2	2	14	
113	2	20	12	23	臺北市	松山區	松山區光復南路58巷與光復南路32巷16弄口	25.0455995	121.5565957	0	0	1	2	8	6	5	4	1	1	5	4	5	13	4	4	10	5	5	2	15	1	9	1	5	1	10	1		1	2	14	
113	2	20	12	54	臺北市	中山區	中山區農安街與民權東路2段135巷口	25.064597	121.5349648	0	0	1	2	8	7	5	4	2	1	5	4	5	13	4	4	5	5	5	2	13	1	3	1	5	1	10	1		1	3	11	
113	2	20	13	20	臺北市	大安區	大安區敦化南路2段70號	25.0297432	121.5484946	0	0	1	2	8	7	5	14	9	1	5	4	5	13	4	4	10	3	5	1	17	4	3	1	3	1	4	1		1	3	17	
113	2	20	13	30	臺北市	內湖區	內湖區金龍路與金龍路47巷口	25.0849311	121.593741	0	0	2	3	8	5	5	4	1	1	5	4	5	13	2	1	5	5	5	2	16	1	5	1	7	1	8	1		1	3	4	
113	2	20	13	37	臺北市	北投區	北投區懷德街與建民路口	25.1106643	121.5197013	0	0	2	2	8	7	5	4	2	1	5	4	5	13	4	4	9	5	5	2	3	5	16	8	4	1	20	1		2	2	16	
113	2	20	14	27	臺北市	大同區	大同區哈密街70巷1弄與庫倫街13巷3弄口	25.0730608	121.5184285	0	0	1	2	8	6	5	3	1	1	5	4	5	13	4	4	10	5	5	2	17	1	5	1	7	1	8	1		1	3	5	
113	2	20	14	30	臺北市	中山區	中山區南京東路2段115巷與南京東路2段115巷3弄口	25.05805506	121.5222075	0	0	1	2	8	7	5	3	2	1	5	4	5	13	4	4	10	5	5	2	9	1	9	1	7	1	8	1		2	3	8	
113	2	20	14	31	臺北市	文山區	文山區萬隆街2號	25.00043409	121.5392062	0	0	1	2	8	6	5	14	9	1	5	4	5	13	4	4	9	5	5	2	17	1	8	8	4	1	20	1		2	2	12	
113	2	20	14	40	臺北市	信義區	信義區嘉興街268號	25.0244327	121.5554275	0	0	1	2	8	5	5	14	9	1	5	4	5	13	4	4	5	2	5	2	17	1	9	1	6	9	10	1		1	2	17	
113	2	20	14	50	臺北市	北投區	北投區行義路260巷前	25.1357684	121.528703	0	0	1	3	8	5	5	14	9	1	5	4	5	13	4	4	4	5	5	1	13	1	9	1	7	1	8	1		1	3	1	
113	2	20	14	54	臺北市	士林區	士林區至善路3段與至善路3段71巷口	25.1133724	121.5664017	0	0	1	2	8	6	5	3	1	1	5	4	5	13	2	1	5	4	5	1	17	1	7	1	5	2	9	1		1	2	14	
113	2	20	15	18	臺北市	中正區	中正區中華路1段與開封街1段口口	25.0460048	121.5093533	0	0	1	2	8	5	5	4	1	1	5	4	5	13	2	1	9	4	5	1	16	1	5	1	5	1	10	1		1	2	14	
113	2	20	15	25	臺北市	中山區	中山區南京東路1段與天津街口	25.05212212	121.523673	0	0	1	2	7	7	5	3	1	1	5	4	5	13	2	1	1	4	4	2	12	4	9	1	3	1	15	1		1	3	7	
113	2	20	15	25	臺北市	大同區	大同區重慶北路2段18號	25.05468519	121.5141877	0	0	1	2	8	5	5	14	9	1	5	4	5	13	4	4	7	4	1	1	17	1	9	1	5	11	10	2		4	2	12	
113	2	20	15	29	臺北市	大安區	大安區敦化南路1段198號	25.042434	121.5486138	0	0	1	4	8	6	6	14	9	1	5	4	5	13	4	4	10	3	5	2	17	1	1	1	6	1	10	1		2	2	11	
113	2	20	15	55	臺北市	大安區	大安區仁愛路4段71巷與大安路1段101巷口	25.0401708	121.5471578	0	0	1	2	8	5	5	4	1	1	5	4	5	13	4	4	10	5	5	2	15	1	9	1	7	1	8	1		1	3	8	
113	2	20	16	25	臺北市	信義區	信義區基隆路1段333號	25.034712	121.560695	0	0	1	2	8	6	5	14	9	1	5	4	5	13	4	4	1	4	5	2	12	1	4	1	7	1	8	1		1	3	2	
113	2	20	16	28	臺北市	中正區	中正區重慶南路1段130號	25.03684246	121.5125496	0	0	1	2	8	6	5	14	9	1	5	4	5	13	4	4	5	4	5	2	17	1	1	1	7	2	2	1		1	3	1	
113	2	20	16	30	臺北市	文山區	文山區興隆路2段與興隆路2段86巷口	25.0000364	121.5482627	0	0	1	2	8	6	5	3	2	1	5	4	5	13	4	4	1	4	5	2	16	1	6	1	7	2	8	1		1	3	2	
113	2	20	16	35	臺北市	中山區	中山區北安路488號	25.07973648	121.5453627	0	0	1	2	7	7	5	14	9	1	5	4	5	13	4	4	1	4	5	2	12	4	7	1	5	2	10	1		1	3	14	
113	2	20	16	45	臺北市	中山區	中山區新生北路3段與農安街口迴轉道	25.0644882	121.5274491	0	0	1	2	8	6	5	14	9	1	5	4	5	13	4	4	1	5	5	1	17	4	5	1	3	2	9	1		1	3	17	
113	2	20	16	49	臺北市	中山區	中山區復興北路與民生東路3段口	25.05781871	121.5439426	0	0	2	3	8	6	5	14	9	1	5	4	5	13	4	4	9	5	5	2	13	1	9	1	5	9	10	1		1	2	11	
113	2	20	17	10	臺北市	內湖區	內湖區舊宗路1段128號	25.06070849	121.5787775	0	0	1	2	8	5	5	14	9	1	5	4	5	13	4	4	1	4	5	2	9	1	9	1	7	9	2	1		1	3	17	
113	2	20	17	29	臺北市	大安區	大安區樂業街41巷16弄4號	25.0234444	121.5503119	0	0	1	2	8	6	5	14	9	1	5	4	5	13	4	4	10	5	5	2	9	1	2	1	7	9	8	1		1	3	3	
113	2	20	17	51	臺北市	內湖區	內湖區瑞湖街與舊宗路2段121巷口	25.0689879	121.5764451	0	0	1	2	8	5	5	4	1	1	5	4	5	13	1	1	5	5	5	2	16	1	5	1	7	1	8	1		1	3	4	
113	2	20	18	2	臺北市	南港區	南港區向陽路191號	25.05668686	121.5934019	0	0	1	2	8	6	5	14	9	1	5	4	5	13	4	4	1	4	5	2	12	1	9	1	6	1	10	1		2	2	11	
113	2	20	18	5	臺北市	內湖區	內湖區基湖路與堤頂大道2段口	25.07881088	121.5645303	0	0	1	2	8	5	5	4	1	1	5	4	5	13	2	1	9	4	3	2	16	1	6	1	7	1	8	1		2	3	2	
113	2	20	18	10	臺北市	大同區	大同區重慶北路2段與民權西路口	25.0629258	121.5135434	0	0	2	2	8	5	5	4	1	1	5	4	5	13	2	1	1	4	5	2	12	1	7	1	5	1	10	1		1	2	14	
113	2	20	18	24	臺北市	大安區	大安區辛亥路3段自來水廠旁	25.015266	121.55125	0	0	1	2	8	5	5	14	9	1	5	4	5	13	4	4	10	3	5	2	13	1	9	1	5	1	10	1		1	2	11	
113	2	20	18	26	臺北市	大同區	大同區民權西路102巷與民權西路102巷4弄口	25.06156522	121.5176841	0	0	2	3	8	5	5	4	1	1	5	4	5	13	4	4	10	5	5	2	17	1	5	1	6	2	10	1		2	3	13	
113	2	20	18	31	臺北市	萬華區	萬華區艋舺大道389號	25.0310903	121.4939203	0	0	2	2	8	5	5	14	9	1	5	4	5	13	3	1	1	5	5	2	17	1	9	1	5	2	10	1		1	2	11	
113	2	20	18	39	臺北市	信義區	信義區信義路5段1號	25.0330863	121.560313	0	0	1	2	8	5	5	14	9	1	5	4	5	13	1	1	9	4	5	2	12	1	9	1	7	1	8	1		2	3	5	
113	2	20	18	44	臺北市	大同區	大同區萬全街與歸綏街86巷口	25.0581754	121.517021	0	0	3	3	7	5	5	4	2	1	5	4	5	13	4	4	10	5	5	2	17	1	9	1	6	1	10	1		1	2	14	
113	2	20	18	47	臺北市	內湖區	內湖區康寧路1段與星雲街口	25.07942376	121.5938166	0	0	1	2	8	5	5	14	9	1	5	4	5	13	1	1	4	5	5	1	17	1	9	1	6	1	10	1		1	2	17	
113	2	20	18	49	臺北市	大安區	大安區辛亥路3段(西往東)	25.01607912	121.5501085	0	0	1	2	8	5	5	14	9	1	5	4	5	13	4	4	1	4	5	1	12	4	8	1	3	11	10	1		1	2	14	
113	2	20	19	4	臺北市	南港區	南港區向陽路108號前	25.0535124	121.5950942	0	0	1	2	8	5	5	14	7	1	5	4	5	13	4	4	1	4	5	2	12	4	8	1	5	1	10	1		1	2	13	
113	2	20	19	20	臺北市	信義區	信義區信安街67巷	25.0259432	121.5601887	0	0	1	2	8	5	8	22	22	1	5	4	5	13	4	4	8	3	4	2	17	4	1	1	3	1	8	1		1	3	2	
113	2	20	19	31	臺北市	大安區	大安區和平東路1段與師大路口	25.02660898	121.5283824	0	0	1	2	8	5	5	3	1	1	5	4	5	13	2	1	1	4	4	2	23	1	15	1	7	1	15	1		1	2	8	
113	2	20	20	30	臺北市	大同區	大同區長安西路301號對面	25.052199	121.5077666	0	0	1	3	7	5	5	14	9	1	5	4	5	13	4	4	5	2	5	2	17	4	13	1	3	11	1	2		1	4	17	
113	2	20	21	17	臺北市	大安區	大安區基隆路4段與羅斯福路4段119巷口	25.0111644	121.5374283	0	0	1	2	8	5	5	18	9	1	5	4	5	13	2	1	1	4	5	2	17	1	7	1	6	1	10	1		1	2	14	
113	2	20	21	34	臺北市	中山區	中山區民生東路3段7號	25.0579803	121.5373239	0	0	1	2	8	5	5	14	9	1	5	4	5	13	4	4	3	4	5	2	12	1	8	3	7	2	18	1		1	3	2	
113	2	20	21	36	臺北市	信義區	信義區基隆路1段與基隆路1段364巷口	25.0354222	121.5608378	0	0	2	2	8	5	5	3	2	1	5	4	5	13	4	4	10	3	5	2	12	4	7	1	6	1	10	1		2	2	12	
113	2	20	21	37	臺北市	大同區	大同區赤峰街與承德路2段75巷口	25.0557369	121.5196639	0	0	1	2	7	5	5	4	1	1	5	4	5	13	4	4	10	5	5	2	17	1	9	1	5	2	10	1		2	2	12	
113	2	20	22	47	臺北市	中山區	中山區建國北路1段與長安東路2段口	25.04833759	121.5365268	0	0	1	2	8	5	5	4	2	1	5	4	5	13	1	1	10	4	5	2	12	1	9	1	7	1	8	1		1	3	4	
113	2	20	23	59	臺北市	大安區	大安區新生南路3段與新生南路3段98巷口	25.017034	121.5334388	0	0	2	2	8	5	5	4	1	1	5	4	5	13	3	1	1	3	4	2	17	1	9	1	6	2	10	1		1	2	11	
113	2	21	1	8	臺北市	萬華區	萬華區忠孝西路2段與西寧南路口	25.048519	121.5075616	0	0	1	3	8	5	5	4	1	1	5	4	5	13	2	1	3	2	5	2	16	4	11	3	7	2	18	1		1	3	7	
113	2	21	7	9	臺北市	文山區	文山區木柵路1段230號	24.9880247	121.5536678	0	0	3	5	8	7	5	14	9	1	5	4	5	13	2	1	5	4	5	2	13	1	9	1	5	1	10	1		1	2	11	
113	2	21	7	13	臺北市	松山區	松山區民生東路5段與新中街口口	25.0586376	121.5605206	0	0	2	3	8	7	5	4	1	1	5	4	5	13	2	1	1	4	5	2	16	1	5	1	7	2	4	1		1	3	2	
113	2	21	7	29	臺北市	文山區	文山區忠順街1段9巷與忠順街1段口	24.9836044	121.5571412	0	0	1	2	8	5	5	3	2	1	5	4	5	13	3	1	9	5	5	2	16	1	5	1	6	2	10	1		1	2	12	
113	2	21	7	51	臺北市	中正區	中正區長沙街1段與延平南路口	25.04039155	121.5090318	0	0	1	2	8	6	5	4	1	1	5	4	5	13	2	1	5	5	5	2	16	1	6	1	7	9	8	1		2	3	2	
113	2	21	8	1	臺北市	中山區	中山區中山北路3段與撫順街口	25.063918	121.5222543	0	0	1	4	8	7	5	3	2	1	5	4	5	13	4	4	1	4	1	2	16	1	7	7	5	11	19	2		1	3	15	
113	2	21	8	4	臺北市	中正區	中正區中山南路與青島西路口口	25.0444607	121.5194328	0	0	1	2	8	5	5	4	1	1	5	4	5	13	2	1	9	4	5	1	16	1	9	1	7	2	8	1		1	3	5	
113	2	21	8	14	臺北市	北投區	北投區中央北路1段與中央北路口側附近2段口大業路口	25.1360797	121.4972514	0	0	2	2	8	6	5	4	1	1	5	4	5	13	2	1	4	4	5	2	17	1	5	1	6	2	10	1		1	2	12	
113	2	21	8	28	臺北市	士林區	士林區承德路4段與承德路4段266巷口	25.0892722	121.5203165	0	0	1	3	8	6	5	5	2	1	5	4	5	13	2	1	1	4	4	1	16	1	8	1	7	1	8	1		1	3	2	
113	2	21	8	32	臺北市	信義區	信義區富陽街21巷與富陽街71巷口口	25.0222377	121.5576566	0	0	1	2	8	7	5	4	1	1	5	4	5	13	4	4	10	5	5	2	15	1	9	1	7	1	8	1		1	3	8	
113	2	21	8	44	臺北市	文山區	文山區辛亥路7段與木柵路1段口	24.9876138	121.5523803	0	0	2	3	8	7	5	14	9	1	5	4	5	13	2	1	5	4	5	2	13	1	9	1	7	1	8	1		1	3	5	
113	2	21	8	49	臺北市	大同區	大同區民生西路與太原路口	25.0571657	121.516934	0	0	1	2	8	5	5	3	2	1	5	4	5	13	2	1	5	4	5	2	17	4	5	1	3	1	8	1		2	3	8	
113	2	21	8	59	臺北市	信義區	信義區嘉興街219巷與嘉興街口	25.0258313	121.5562846	0	0	1	2	8	5	5	3	2	1	5	4	5	13	4	4	9	5	5	2	14	4	2	1	3	1	8	1		1	3	3	
113	2	21	9	0	臺北市	北投區	北投區承德路7段與大業路口	25.12124494	121.4995435	0	0	1	2	8	6	5	14	9	1	5	4	5	13	1	1	9	4	5	2	13	1	9	6	7	1	8	1		1	3	5	
113	2	21	9	3	臺北市	南港區	南港區三重路與園區街口	25.0593913	121.6142073	0	0	1	2	8	7	5	3	2	1	5	4	5	13	2	1	9	4	5	2	12	1	7	1	7	1	2	1		1	3	8	
113	2	21	9	18	臺北市	萬華區	萬華區東園街73巷與東園街73巷40弄口	25.026375	121.4976026	0	0	1	2	7	7	5	4	1	1	5	4	5	13	4	4	10	5	5	2	15	4	9	8	3	1	20	1		2	2	11	
113	2	21	9	20	臺北市	中山區	中山區長安東路2段與長安東路2段201巷口	25.04826908	121.5433698	0	0	2	2	8	5	5	4	1	1	5	4	5	13	4	4	9	5	5	2	16	1	11	1	6	1	10	1		2	2	14	
113	2	21	9	51	臺北市	信義區	信義區崇德街與崇德街225巷口口	25.0233271	121.5582972	0	0	1	2	8	7	5	3	1	1	5	4	5	13	4	4	10	5	5	2	16	1	5	6	7	1	18	1		1	3	4	
113	2	21	9	53	臺北市	萬華區	萬華區青年路152巷17號	25.02072582	121.5018345	0	0	1	2	8	7	5	14	9	1	5	4	5	13	4	4	9	5	5	2	13	1	9	1	5	1	10	1		2	2	11	
113	2	21	10	7	臺北市	南港區	南港區研究院路2段70巷10弄與研究院路2段98巷21弄口	25.0449664	121.6153815	0	0	1	3	8	7	5	3	2	1	5	4	5	13	4	4	10	5	5	2	16	1	5	1	5	9	10	1		1	2	11	
113	2	21	10	10	臺北市	松山區	松山區八德路3段158巷與光復南路46巷口	25.04588662	121.5553642	0	0	1	2	8	6	5	4	1	1	5	4	5	13	4	4	10	5	5	2	15	1	9	1	7	1	4	1		1	3	8	
113	2	21	10	10	臺北市	松山區	松山區撫遠街與塔悠路口	25.06826466	121.5682071	0	0	2	5	8	7	5	3	2	1	5	4	5	13	2	1	1	4	4	2	17	1	7	1	7	1	4	1		1	3	1	
113	2	21	10	14	臺北市	士林區	士林區中山北路5段470巷與中山北路5段口	25.0921822	121.5278629	0	0	1	2	8	6	5	3	1	1	5	4	5	13	4	4	4	3	5	1	16	1	6	1	7	1	8	1		1	3	6	
113	2	21	10	20	臺北市	內湖區	內湖區民權東路6段13-15號前	25.06700928	121.5793757	0	0	1	2	8	6	5	14	9	1	5	4	5	13	4	4	1	4	5	2	13	1	21	1	5	1	10	1		1	2	11	
113	2	21	10	34	臺北市	中山區	中山區建國北路2段3巷17號	25.0482045	121.5476094	0	0	1	3	8	7	5	14	9	1	5	4	5	13	4	4	10	5	5	2	17	1	14	1	7	1	8	1		1	3	2	
113	2	21	10	34	臺北市	中山區	中山區龍江路91巷10號	25.0513025	121.5412579	0	0	1	2	8	5	5	14	9	1	5	4	5	13	4	4	10	5	5	2	2	4	9	1	3	1	8	1		1	3	2	
113	2	21	10	37	臺北市	信義區	信義區永吉路278巷58弄與永吉路278巷口	25.0434011	121.5740657	0	0	1	2	8	5	5	4	1	1	5	4	5	13	4	4	10	5	5	2	17	1	5	1	7	1	8	1		1	3	1	
113	2	21	11	14	臺北市	大同區	大同區民生西路423巷與民生西路口	25.0569028	121.5088096	0	0	1	2	8	6	5	4	1	1	5	4	5	13	1	1	10	5	5	2	17	1	6	1	7	1	7	1		1	3	15	
113	2	21	11	22	臺北市	中正區	中正區杭州南路1段15號	25.0432935	121.5267002	0	0	1	4	8	7	5	14	9	1	5	4	1	13	4	4	10	4	5	1	13	4	15	8	2	2	20	2		1	2	11	
113	2	21	11	50	臺北市	中正區	中正區南昌路2段與南昌路2段42巷口口	25.02749203	121.5202296	0	0	1	2	8	6	5	3	1	1	5	4	5	13	4	4	9	5	5	1	17	1	2	1	7	2	8	1		1	3	7	
113	2	21	12	59	臺北市	萬華區	萬華區西藏路與西園路2段口	25.028624	121.4956456	0	0	1	2	7	6	5	4	1	1	5	4	5	13	1	1	1	3	5	1	16	4	5	1	3	1	8	1		1	3	2	
113	2	21	13	39	臺北市	中山區	中山區民權東路3段60巷3弄與復興北路402巷8弄口	25.0614167	121.5436314	0	0	1	2	8	7	5	3	1	1	5	4	5	13	4	4	10	5	5	2	16	1	9	8	4	1	20	1		2	2	11	
113	2	21	13	50	臺北市	萬華區	萬華區西昌街206號	25.0373018	121.5004907	0	0	1	2	8	6	5	14	9	1	5	4	5	13	4	4	9	5	5	2	2	1	9	3	6	11	18	1		2	4	12	
113	2	21	13	53	臺北市	大安區	大安區敦化南路1段187巷與忠孝東路4段147巷口	25.0426087	121.5496716	0	0	1	2	8	7	5	4	1	1	5	4	5	13	4	4	10	5	5	2	15	4	9	1	3	1	4	1		1	3	1	
113	2	21	15	25	臺北市	中正區	中正區杭州南路2段與潮州街口口	25.02974138	121.5219972	0	0	2	3	8	6	5	4	2	1	5	4	5	13	1	1	5	5	5	1	17	1	1	1	6	2	10	1		1	2	14	
113	2	21	15	39	臺北市	信義區	信義區基隆路1段與基隆路1段102巷口	25.0453243	121.566789	0	0	1	2	8	7	5	3	1	1	5	4	5	13	4	4	10	4	5	2	16	4	6	1	3	2	4	1		1	3	5	
113	2	21	15	40	臺北市	中山區	中山區中山北路2段與民生東路1段口	25.0579044	121.5229912	0	0	2	3	7	7	5	4	1	1	5	4	5	13	2	1	1	4	5	2	16	4	6	1	6	1	10	1		1	3	13	
113	2	21	16	20	臺北市	文山區	文山區老泉街43號	24.9791693	121.5664943	0	0	1	2	7	7	5	11	9	1	5	4	5	13	4	4	10	5	5	2	17	1	5	1	7	1	8	1		1	3	8	
113	2	21	16	30	臺北市	信義區	信義區中坡南路10號與無名巷口	25.0437392	121.5824539	0	0	1	2	8	7	5	3	2	1	5	4	5	13	4	4	10	5	5	2	15	1	15	8	4	1	20	1		2	2	12	
113	2	21	16	53	臺北市	中山區	中山區樂群二路與敬業四路口	25.0799124	121.558377	0	0	1	2	8	6	5	3	2	1	5	4	5	13	2	1	3	4	5	2	16	1	5	1	6	1	10	1		2	2	13	
113	2	21	17	20	臺北市	內湖區	內湖區內湖路2段179巷與無名巷口口	25.08175701	121.5872845	0	0	1	2	8	5	5	14	9	1	5	4	5	13	4	4	10	5	5	2	10	1	9	1	5	1	10	1		2	2	11	
113	2	21	17	20	臺北市	士林區	士林區德行東路與德行東路46巷口	25.106893	121.5261202	0	0	2	3	8	6	5	4	2	1	5	4	5	13	4	4	9	5	5	1	13	1	9	1	5	2	9	1		1	2	11	
113	2	21	17	52	臺北市	內湖區	內湖區成功路3段與星雲街口	25.07751223	121.5900844	0	0	1	3	8	5	5	4	1	1	5	4	5	13	2	1	9	4	5	2	13	1	6	8	4	2	20	1		2	2	11	
113	2	21	17	53	臺北市	松山區	松山區民族東路與民權東路3段口	25.061746	121.5500965	0	0	2	3	8	5	5	3	1	1	5	4	5	13	4	4	1	4	5	2	13	1	9	1	6	1	10	1		2	2	11	
113	2	21	17	58	臺北市	內湖區	內湖區安康路258號對面	25.06325211	121.6042203	0	0	1	2	8	5	5	14	9	1	5	4	5	13	4	4	9	5	5	2	17	4	13	1	3	1	2	1		1	3	4	
113	2	21	18	24	臺北市	士林區	士林區華岡路47巷與華岡路47巷2弄口	25.1378437	121.5418309	0	0	2	3	8	5	5	3	1	1	5	4	5	13	4	4	10	5	5	2	17	4	6	1	3	1	8	1		1	3	8	
113	2	21	18	40	臺北市	內湖區	內湖區安康路22巷與安康路32巷24弄口	25.0619442	121.5936643	0	0	2	2	7	5	6	3	1	1	5	4	5	13	4	4	5	5	5	2	16	4	9	1	6	1	10	1		2	2	11	
113	2	21	19	0	臺北市	北投區	北投區承德路6段第1203711號燈桿	25.1082846	121.5117372	0	0	1	3	7	5	5	14	7	1	5	4	5	13	4	4	1	4	4	2	13	1	9	1	5	1	10	1		1	2	11	
113	2	21	19	4	臺北市	北投區	北投區稻香路與重三路口	25.1402004	121.489594	0	0	1	2	8	5	5	3	1	1	5	4	5	13	4	4	5	5	5	2	16	1	5	1	6	2	10	1		2	2	12	
113	2	21	19	4	臺北市	南港區	南港區永吉路541號	25.04541366	121.5811668	0	0	2	2	8	5	5	14	8	1	5	4	5	13	4	4	5	4	4	2	12	1	1	1	5	1	10	1		2	2	13	
113	2	21	19	43	臺北市	中正區	中正區西藏路與中華路2段315巷5弄口	25.0301071	121.5050745	0	0	1	3	8	5	5	4	1	1	5	4	1	11	1	1	1	4	5	2	15	1	15	1	5	2	10	1		1	2	11	
113	2	21	19	46	臺北市	中正區	中正區和平西路2段與莒光路口	25.0312469	121.5081736	0	0	1	2	8	5	5	3	1	1	5	4	5	13	1	1	1	4	4	2	12	4	15	1	5	1	10	1		1	3	11	
113	2	21	20	25	臺北市	中正區	中正區八德路1段42號	25.043779	121.5306729	0	0	2	2	7	5	5	14	9	1	5	4	5	13	3	1	5	4	5	2	3	1	9	1	6	2	10	1		1	2	11	
113	2	21	21	39	臺北市	信義區	信義區松壽路12號對面	25.0359379	121.5657818	0	0	1	4	8	5	5	14	9	1	5	4	5	13	4	4	5	4	5	2	9	1	9	1	7	1	4	1		2	3	2	
113	2	21	21	48	臺北市	中山區	中山區長春路與建國北路2段口	25.0547962	121.5370796	0	0	1	2	7	5	5	4	1	1	5	4	5	12	1	1	5	4	4	2	17	4	5	1	3	2	4	1		1	3	17	
113	2	21	22	31	臺北市	松山區	松山區民權大橋東往西	25.06363276	121.5678959	0	0	5	5	7	5	5	14	11	1	5	4	5	13	4	4	1	2	5	2	13	1	9	1	6	2	10	1		1	2	11	
113	2	21	23	5	臺北市	文山區	文山區辛亥路4段與萬美街2段口口	25.0061268	121.5581148	0	0	1	2	7	5	5	3	1	1	5	4	5	13	2	1	5	2	5	2	13	1	9	1	7	1	8	1		1	3	1	
113	2	22	1	40	臺北市	文山區	文山區木柵路4段26號	24.9971433	121.5734625	0	0	1	2	8	5	5	14	9	1	5	4	5	13	4	4	9	4	5	1	18	1	9	1	5	1	10	1		1	2	14	
113	2	22	5	38	臺北市	大同區	大同區錦西街與雙連街口	25.0601583	121.5187238	0	0	1	2	8	6	5	3	2	1	5	4	5	12	3	1	9	5	5	2	3	4	5	1	7	2	8	1		1	3	5	
113	2	22	5	50	臺北市	內湖區	內湖區民權東路6段與民權東路5段90巷口	25.06913075	121.5864818	0	0	3	3	8	5	5	3	2	1	5	4	5	13	1	1	1	3	5	1	12	4	8	1	3	1	10	1		1	2	12	
113	2	22	6	50	臺北市	松山區	松山區南京東路5段23巷與南京東路5段59巷28弄口	25.0526227	121.5580389	0	0	1	2	8	6	5	4	1	1	5	4	5	13	4	4	10	5	5	2	15	1	9	1	7	1	8	1		2	3	8	
113	2	22	7	20	臺北市	信義區	信義區吳興街131號	25.0295875	121.5616316	0	0	1	2	8	7	5	14	9	1	5	4	5	13	4	4	9	4	5	2	18	1	15	8	4	1	20	1		2	2	14	
113	2	22	7	20	臺北市	文山區	文山區木柵路3段與木柵路3段48巷口	24.9884133	121.5651974	0	0	1	2	8	7	5	4	2	1	5	4	5	13	2	1	10	5	5	2	3	1	5	1	7	2	8	1		1	3	1	
113	2	22	7	35	臺北市	萬華區	萬華區堤外便道近果菜市場停車場二區	25.02763978	121.4946162	0	0	2	3	7	6	5	14	9	1	5	4	5	13	4	4	5	4	5	1	17	4	13	7	3	2	19	1		1	3	17	
113	2	22	7	51	臺北市	大安區	大安區復興南路2段112號對面	25.0296987	121.5436562	0	0	2	2	8	5	5	14	9	1	5	4	5	13	4	4	8	4	5	2	11	1	8	1	5	1	10	1		2	2	12	
113	2	22	7	54	臺北市	大安區	大安區建國南路1段105號(億光停車場)	25.0436785	121.5366467	0	0	1	2	8	5	5	14	9	1	5	4	5	13	4	4	10	3	5	1	17	4	15	1	3	1	10	1		1	2	11	
113	2	22	7	54	臺北市	文山區	文山區忠順街2段與忠順街2段90巷口	24.9850453	121.5658339	0	0	2	3	7	6	5	3	1	1	5	4	5	13	4	4	10	5	5	2	17	4	5	1	3	2	10	1		1	2	14	
113	2	22	8	4	臺北市	大同區	大同區哈密街與哈密街59巷口往北	25.07337089	121.5158213	0	0	3	6	8	6	5	14	9	1	5	4	5	13	4	4	9	5	5	2	17	1	15	1	7	1	8	1		2	3	8	
113	2	22	8	21	臺北市	中山區	中山區中山北路1段與華陰街口	25.0489491	121.5210133	0	0	1	2	7	5	5	3	1	1	5	4	5	13	4	4	1	4	5	2	16	1	6	1	7	2	8	1		1	3	2	
113	2	22	8	41	臺北市	萬華區	萬華區康定路與桂林路口	25.0383786	121.5018156	0	0	2	2	7	7	5	4	1	1	5	4	5	13	1	1	8	3	5	2	15	4	9	1	5	1	10	1		1	2	11	
113	2	22	8	59	臺北市	北投區	北投區中山北路7段219巷3弄47號	25.12726879	121.5308628	0	0	1	2	8	7	5	14	9	1	5	4	5	13	4	4	10	5	5	2	16	1	1	1	7	1	8	1		2	3	1	
113	2	22	8	59	臺北市	士林區	士林區華齡街175號66號停車格	25.0871341	121.5194953	0	0	1	2	8	6	5	14	9	1	5	4	5	13	4	4	4	5	5	1	17	1	15	1	7	2	8	1		1	3	4	