年	月	日	時	分	縣市	行政區	allLocation	GoogleLat	GoogleLng	死	2-30	受傷	當事人數	天候	道路照明設備	道路類別	道路型態	事故位置	路面狀況1	路面狀況2	路面狀況3	道路障礙1	道路障礙2	號誌1	號誌2	車道劃分-分向	車道劃分-分道1	車道劃分-分道2	車道劃分-分道3	事故類型及型態	行動電話	當事者行動狀態	駕駛資格情形	保護裝置	飲酒情形	駕駛執照種類	個人肇逃否	肇因碼-主要	性別	受傷程度	車輛撞擊部位1	車輛撞擊部位2
113	2	22	9	3	臺北市	大安區	大安區通化街與通化街39巷口	25.0307787	121.5542091	0	0	1	2	7	6	5	4	2	1	5	4	5	13	4	4	5	5	5	2	17	4	5	6	6	1	18	1		1	2	12	
113	2	22	9	12	臺北市	士林區	士林區至誠路2段102號	25.1013175	121.5274345	0	0	1	2	8	6	5	14	9	1	5	4	5	13	4	4	9	5	5	2	16	1	9	1	7	1	8	1		1	3	5	
113	2	22	9	25	臺北市	信義區	信義區松勤街100號	25.0319776	121.5667346	0	0	1	2	8	6	5	14	9	1	5	4	5	13	4	4	9	4	5	2	13	1	9	1	7	1	8	1		1	3	1	
113	2	22	9	26	臺北市	中正區	中正區羅斯福路3段272號	25.0169348	121.5319397	0	0	1	3	8	6	5	14	9	1	5	4	3	13	4	4	3	4	5	2	17	1	8	1	7	11	4	2		1	3	7	
113	2	22	9	35	臺北市	士林區	士林區福華路與磺溪街21巷口	25.10616023	121.5215795	0	0	1	2	8	6	5	14	9	1	5	4	5	13	1	1	9	4	5	1	17	1	9	1	7	2	8	1		1	3	1	
113	2	22	9	44	臺北市	內湖區	內湖區內湖路1段91巷與堤頂大道2段口	25.08452475	121.5612178	0	0	2	2	8	5	5	4	1	1	5	4	5	13	1	1	1	4	5	2	16	1	8	1	6	1	10	1		2	2	12	
113	2	22	9	45	臺北市	士林區	士林區承德路5段與士商路口	25.09605519	121.514234	0	0	1	2	8	6	5	4	2	1	5	4	5	13	2	1	1	4	4	1	17	1	6	1	7	1	8	1		1	3	2	
113	2	22	11	0	臺北市	內湖區	內湖區民權東路6段191巷62弄與民權東路6段175巷口	25.06961479	121.5972343	0	0	1	2	8	6	5	3	2	1	5	4	5	13	4	4	10	5	5	2	17	1	9	1	5	1	10	1		1	3	11	
113	2	22	11	20	臺北市	北投區	北投區知行路360-1號關渡宮水樣停車場前	25.1185372	121.4629752	0	0	1	2	8	6	5	14	9	1	5	4	5	13	4	4	9	4	5	2	12	1	12	1	7	1	8	1		1	3	2	
113	2	22	11	28	臺北市	內湖區	內湖區安康路32巷21弄與安康路32巷口	25.06192903	121.5949689	0	0	1	2	7	6	5	4	1	1	5	4	5	13	3	1	8	3	5	1	17	1	9	1	7	2	5	1		1	3	4	
113	2	22	11	45	臺北市	士林區	士林區格致路與凱旋路口	25.13699987	121.5464155	0	0	1	2	8	6	5	3	2	1	5	4	5	13	4	4	9	4	5	2	17	1	5	1	5	1	10	1		2	2	13	
113	2	22	11	57	臺北市	松山區	松山區塔悠路335號	25.06178646	121.5686911	0	0	1	2	8	6	5	14	9	1	5	4	5	13	4	4	1	3	5	2	12	1	6	1	7	1	8	1		2	3	2	
113	2	22	12	25	臺北市	信義區	信義區莊敬路與莊敬路6巷口	25.03254	121.5612787	0	0	1	2	8	6	8	3	1	1	5	4	5	13	4	4	9	3	5	2	17	4	15	1	3	1	10	1		1	2	11	
113	2	22	13	57	臺北市	中正區	中正區中華路1段與貴陽街1段口口	25.0391741	121.507851	0	0	1	2	8	5	5	4	2	1	5	4	5	13	2	1	9	4	5	1	16	1	7	1	5	2	10	1		2	2	14	
113	2	22	14	28	臺北市	北投區	北投區東昇路與登山路口	25.15026059	121.5226652	1	0	0	2	8	5	5	3	1	1	5	4	5	13	4	4	5	4	5	1	3	1	5	1	7	2	8	1		1	3	8	
113	2	22	14	53	臺北市	大安區	大安區和平東路3段與敦化南路2段口	25.0245209	121.5490547	0	0	1	2	7	5	5	4	2	1	5	4	5	13	1	1	1	4	5	2	15	1	9	8	4	1	20	1		1	2	14	
113	2	22	15	10	臺北市	大安區	大安區基隆路4段(台大停車場)前	25.0120047	121.5379063	0	0	1	2	8	5	5	14	8	1	5	4	5	13	4	4	8	3	4	1	16	1	6	1	7	2	8	1		1	3	5	
113	2	22	16	8	臺北市	中山區	中山區南京東路2段1號	25.05215471	121.5284087	0	0	4	5	7	7	5	14	9	1	5	4	5	13	1	1	1	3	4	1	17	1	8	1	6	1	10	1		2	2	12	
113	2	22	17	8	臺北市	士林區	士林區延平北路8段2巷與延平北路8段2巷200弄口	25.11289247	121.4905356	0	0	1	2	8	6	5	5	1	1	5	4	5	13	3	1	10	5	5	2	17	4	5	1	3	1	8	1		1	3	6	
113	2	22	17	20	臺北市	北投區	北投區實踐街35號	25.115173	121.5087405	0	0	1	2	7	6	5	14	9	1	5	4	5	13	4	4	9	5	5	2	16	1	11	1	5	2	10	1		1	2	14	
113	2	22	17	25	臺北市	中正區	中正區羅斯福路2段與和平西路1段口	25.0271531	121.5222156	0	0	2	2	8	7	5	4	1	1	5	4	5	13	1	1	2	4	5	2	15	1	9	1	6	1	10	1		1	2	12	
113	2	22	17	30	臺北市	松山區	松山區南京東路4段116號	25.05154196	121.5548049	0	0	1	2	8	5	5	14	10	1	5	4	5	13	2	1	1	4	5	2	9	5	19	8	4	10	20	1		2	2	16	
113	2	22	17	40	臺北市	中山區	中山區中原街與新生北路2段141巷口	25.0616531	121.5289697	0	0	2	2	7	5	5	14	9	1	5	4	5	13	4	4	9	5	5	2	16	1	5	1	6	2	10	1		1	2	14	
113	2	22	17	45	臺北市	內湖區	內湖區金湖路342號附近	25.07354388	121.6034514	0	0	1	4	7	6	5	14	9	1	5	4	5	13	4	4	1	3	5	1	17	1	9	1	6	1	10	1		1	3	17	
113	2	22	17	49	臺北市	松山區	松山區八德路3段12巷51弄與八德路3段12巷口	25.0461889	121.5507271	0	0	1	2	7	5	5	4	1	1	5	4	5	13	4	4	4	5	5	2	17	1	9	1	7	1	4	1		1	3	1	
113	2	22	17	55	臺北市	松山區	松山區光復北路與延壽街口	25.0562186	121.5556647	0	0	1	2	8	5	5	4	1	1	5	4	5	13	1	1	5	4	5	2	16	1	5	1	7	2	8	1		2	3	1	
113	2	22	17	56	臺北市	松山區	松山區南京東路5段286號	25.0512113	121.5671761	0	0	2	4	7	5	5	14	9	1	5	4	5	13	4	4	9	4	5	2	12	1	9	1	5	1	10	1		1	3	17	
113	2	22	18	5	臺北市	中正區	中正區忠孝東路2段62號	25.0431318	121.5288456	0	0	1	2	8	5	5	14	9	1	5	4	5	13	4	4	3	4	5	2	16	1	6	1	6	1	10	1		2	3	11	
113	2	22	18	8	臺北市	中正區	中正區寶慶路與博愛路口	25.04127225	121.5113652	0	0	1	2	8	5	5	4	2	1	5	4	5	13	2	1	10	4	5	2	9	1	15	1	7	1	6	1		1	3	17	
113	2	22	18	17	臺北市	南港區	南港區市民大道8段82號對面(TIMES停車場前)	25.0528869	121.6042633	0	0	1	2	7	5	5	14	9	1	5	4	5	13	4	4	1	4	5	2	16	1	6	1	7	1	8	1		2	3	2	
113	2	22	18	22	臺北市	中正區	中正區羅斯福路3段與羅斯福路3段284巷口	25.0168423	121.5320521	0	0	1	2	8	6	5	4	2	1	5	4	5	13	2	1	3	4	5	2	17	1	9	1	5	2	10	1		1	2	11	
113	2	22	19	13	臺北市	大安區	大安區和平東路2段339號	25.0248262	121.5456854	0	0	1	2	8	5	5	14	9	1	5	4	5	13	4	4	1	4	5	2	17	1	7	1	5	1	10	1		2	2	11	
113	2	22	19	15	臺北市	信義區	信義區松壽路與市府路口	25.0359703	121.5638632	0	0	1	2	8	5	5	4	1	1	5	4	5	13	1	1	5	4	5	2	13	4	9	1	3	1	10	1		2	2	11	
113	2	22	19	42	臺北市	南港區	南港區研究院路2段與舊莊街1段口	25.0424054	121.61697	0	0	1	2	6	5	5	3	1	1	4	4	5	13	2	1	1	4	5	2	16	4	5	1	3	11	2	1		1	3	17	
113	2	22	20	11	臺北市	信義區	信義區吳興街462號	25.0235279	121.5694962	0	0	1	2	7	5	5	14	9	1	5	4	5	13	4	4	9	4	5	2	2	1	10	1	6	2	9	1		1	3	12	
113	2	22	20	19	臺北市	大安區	大安區辛亥路3段157巷與辛亥路3段口	25.0168231	121.549091	0	0	1	2	7	5	5	4	2	1	5	4	5	13	1	1	5	5	5	1	16	1	5	1	5	1	10	1		1	2	12	
113	2	22	21	37	臺北市	中正區	中正區南海路與牯嶺街口	25.032006	121.5149819	0	0	1	2	8	5	5	4	1	4	5	4	5	13	1	1	10	4	5	2	17	1	5	1	7	1	4	1		1	3	17	
113	2	22	21	51	臺北市	大安區	大安區忠孝東路4段285號	25.0414764	121.5541301	0	0	1	2	7	5	5	14	9	1	5	4	5	13	4	4	1	5	5	2	12	1	8	1	5	1	10	1		1	3	14	
113	2	22	22	16	臺北市	大安區	大安區建國南路2段迴轉道欲往北方向(近瑞安路256巷)	25.0280922	121.5377835	0	0	1	2	7	5	5	14	6	1	5	4	5	13	4	4	4	1	5	1	17	1	11	1	5	1	9	1		1	2	11	
113	2	22	23	4	臺北市	北投區	北投區中央北路4段與大度路3段口	25.1243155	121.4648246	0	0	1	2	8	5	5	4	1	1	5	4	5	13	1	1	5	5	5	2	16	1	5	7	5	11	19	2		4	4	14	
113	2	22	23	58	臺北市	大安區	大安區市民大道4段與光復南路口	25.0449669	121.5576324	0	0	1	2	8	5	5	5	2	1	5	4	5	13	2	1	8	3	4	1	15	1	9	1	7	1	8	2		2	3	2	
113	2	23	1	51	臺北市	大安區	大安區新生南路3段與新生南路3段19巷口	25.025083	121.5348846	0	0	1	2	7	5	5	14	9	1	4	4	5	13	4	4	9	4	5	1	13	1	9	6	5	1	10	1		1	2	11	
113	2	23	6	19	臺北市	中山區	中山區北安路478號	25.0797063	121.5450373	0	0	1	2	8	5	5	14	9	1	5	4	5	13	4	4	1	4	5	2	16	1	8	1	7	1	8	1		1	3	5	
113	2	23	6	34	臺北市	大同區	大同區酒泉街234號	25.0721272	121.5098957	0	0	1	2	7	6	5	14	9	1	5	4	5	13	4	4	5	5	5	2	17	1	5	8	4	2	20	1		2	2	14	
113	2	23	6	42	臺北市	中正區	中正區中華路1段與愛國西路口	25.037352	121.5070013	0	0	1	3	8	6	5	5	1	1	5	4	5	13	1	1	1	4	5	2	17	1	7	1	7	9	2	1		1	3	17	
113	2	23	7	10	臺北市	內湖區	內湖區文德路208巷6弄內	25.0779338	121.5833974	0	0	1	2	8	7	5	14	9	1	5	4	5	13	4	4	10	5	5	2	16	1	1	1	5	1	10	1		1	2	14	
113	2	23	7	16	臺北市	大同區	大同區承德路3段與承德路3段8巷口口	25.0636351	121.5181868	0	0	2	2	7	6	5	3	2	1	5	4	5	13	4	4	1	4	5	2	13	1	9	1	6	1	10	1		2	2	11	
113	2	23	7	21	臺北市	中山區	中山區南京東路1段36號	25.05234223	121.5241324	0	0	1	3	7	7	5	14	7	1	5	4	5	13	4	4	1	3	4	1	13	1	9	1	6	1	10	1		1	2	11	
113	2	23	7	30	臺北市	內湖區	內湖區康寧路1段與康寧路1段255巷口	25.07872412	121.5981439	0	0	4	4	7	5	5	3	1	1	5	4	5	13	4	4	8	3	5	1	16	1	5	1	6	2	10	1		1	2	11	
113	2	23	7	34	臺北市	中正區	中正區市民高架道與市民高架道口往東過重慶北路匝道	25.04858364	121.5178926	0	0	2	3	8	6	5	8	9	2	5	4	5	13	4	4	1	4	5	2	17	4	9	1	7	2	8	1		1	3	1	1
113	2	23	7	37	臺北市	北投區	北投區承德路5段與文林北路5巷口	25.09896578	121.5130565	0	0	1	2	7	7	5	4	2	1	5	4	5	13	1	1	1	4	5	2	13	1	9	1	5	1	10	1		1	2	12	
113	2	23	7	42	臺北市	萬華區	萬華區中興橋	25.0426138	121.499858	0	0	1	2	7	5	5	8	11	1	5	4	5	13	4	4	10	5	5	2	13	1	9	1	6	1	10	1		1	2	11	
113	2	23	8	12	臺北市	內湖區	內湖區南京東路6段東向西P136柱前	25.06023631	121.5869401	0	0	1	2	6	7	5	14	9	1	4	4	5	13	4	4	1	4	5	2	12	1	9	1	6	2	10	1		1	2	11	
113	2	23	8	19	臺北市	內湖區	內湖區行愛路與新湖三路口	25.0649802	121.579554	0	0	2	2	8	7	5	4	2	1	5	4	5	13	1	1	5	4	4	2	16	1	5	1	5	1	10	1		1	2	11	
113	2	23	8	30	臺北市	內湖區	內湖區成功路4段與金龍路口	25.0842222	121.5951342	0	0	1	4	7	5	5	4	1	1	5	4	5	13	1	1	1	4	5	2	13	1	9	1	6	1	10	1		1	2	11	
113	2	23	8	32	臺北市	大同區	大同區民權西路144巷與民權西路144巷10弄口	25.0621863	121.5159383	0	0	2	2	8	6	5	4	1	1	5	4	5	13	4	4	10	5	5	2	15	1	9	1	5	1	10	1		1	2	11	
113	2	23	8	46	臺北市	萬華區	萬華區忠孝橋往台北市	25.0487081	121.506773	0	0	1	2	7	5	5	8	9	1	5	4	5	13	4	4	1	4	5	2	13	1	9	1	6	1	10	1		1	3	11	
113	2	23	8	50	臺北市	信義區	信義區信義快速道路往北	25.0314203	121.5719455	0	0	1	6	8	5	5	10	7	1	5	4	5	13	4	4	7	4	5	2	13	1	9	1	7	1	8	1		1	3	1	
113	2	23	9	12	臺北市	士林區	士林區重慶北路4段250號	25.0866989	121.5112455	0	0	1	2	7	6	5	14	9	1	5	4	5	13	4	4	10	5	5	2	12	1	9	1	6	1	10	1		1	2	14	
113	2	23	9	13	臺北市	中山區	中山區民族東路410巷與民族東路口	25.06805057	121.5378757	0	0	1	2	7	7	5	4	2	1	5	4	5	13	1	1	1	5	5	1	1	1	5	1	7	1	8	1		1	3	1	
113	2	23	9	33	臺北市	松山區	松山區三民路與三民路62巷口口	25.0545796	121.5639262	0	0	1	2	7	6	5	3	1	1	5	4	5	13	4	4	5	4	5	2	17	1	9	8	4	1	20	1		1	2	13	
113	2	23	9	48	臺北市	中山區	中山區中山北路2段16號	25.05325482	121.5225076	0	0	2	2	8	7	5	14	9	1	5	4	5	13	4	4	9	4	5	2	17	1	9	1	5	1	10	1		1	2	14	
113	2	23	10	42	臺北市	文山區	文山區木新路3段與木新路3段172巷口	24.9817691	121.5607947	0	0	1	2	8	7	5	3	1	1	5	4	5	13	4	4	10	5	5	2	17	4	6	7	3	11	19	2		1	4	17	
113	2	23	10	50	臺北市	士林區	士林區中山北路5段銘傳大學公車站旁	25.0882509	121.5272002	0	0	2	3	8	6	5	14	9	1	5	4	5	13	4	4	1	4	5	2	13	1	9	1	6	2	10	1		1	2	11	
113	2	23	11	5	臺北市	大安區	大安區芳蘭路與基隆路4段41巷68弄口口	25.0117903	121.5441973	0	0	1	2	7	6	5	3	1	1	5	4	5	13	3	1	5	4	5	2	16	1	5	1	5	1	10	1		2	2	14	
113	2	23	11	15	臺北市	內湖區	內湖區成功路3段與成功路3段174巷口	25.08088462	121.5906799	0	0	1	2	8	6	5	4	2	1	5	4	5	13	2	1	5	5	5	2	17	1	8	1	5	1	10	1		2	2	11	
113	2	23	11	34	臺北市	中正區	中正區南海路與重慶南路2段口	25.0318957	121.5144286	0	0	1	3	8	6	5	4	1	1	5	4	5	13	1	1	1	4	5	2	17	1	5	1	5	2	10	1		2	3	14	
113	2	23	11	37	臺北市	北投區	北投區立德路與立德路159巷口	25.12869371	121.4729963	0	0	1	2	7	7	5	4	2	1	5	4	5	13	4	4	9	4	5	2	17	1	11	1	7	1	8	1		1	3	17	
113	2	23	11	40	臺北市	大安區	大安區龍泉街與師大路49巷口口	25.0242644	121.5294232	0	0	1	2	8	6	5	4	1	1	5	4	5	13	4	4	10	5	5	2	3	1	9	1	7	2	8	1		1	3	8	
113	2	23	11	55	臺北市	大安區	大安區忠孝東路3段與新生南路1段口	25.0423767	121.5331339	0	0	1	2	7	6	5	14	9	1	5	4	5	13	4	4	1	4	5	2	13	1	9	1	5	1	10	1		1	2	11	
113	2	23	12	5	臺北市	中山區	中山區北安路518巷與北安路458巷41弄口	25.0790043	121.54627	0	0	2	2	8	7	5	4	1	1	5	4	5	13	2	1	5	4	5	2	17	1	9	1	5	1	10	1		1	2	12	
113	2	23	12	10	臺北市	中正區	中正區寧波西街與牯嶺街口口	25.03010043	121.516453	0	0	1	2	8	6	5	4	1	1	5	4	5	13	1	1	10	4	5	1	17	1	5	1	7	2	4	1		1	3	4	
113	2	23	12	18	臺北市	內湖區	內湖區港墘路與港華街口	25.0821888	121.5781762	0	0	2	2	8	6	5	4	1	1	5	4	5	13	2	1	1	4	5	2	17	1	5	1	6	1	10	1		1	2	14	
113	2	23	12	31	臺北市	中山區	中山區松江路133巷與南京東路2段115巷口	25.0543606	121.5336429	0	0	1	2	8	6	5	4	1	1	5	4	5	13	4	4	10	5	5	2	15	1	9	1	6	2	10	1		1	3	11	
113	2	23	13	0	臺北市	信義區	信義區莊敬路289巷與莊敬路289巷5弄口	25.0289601	121.5633719	0	0	1	2	7	5	5	4	2	1	5	4	5	13	4	4	10	5	5	2	17	1	9	1	7	1	8	1		1	3	1	
113	2	23	13	1	臺北市	大安區	大安區敦化南路1段190巷與忠孝東路4段77巷口口	25.042658	121.5471884	0	0	2	2	7	6	5	4	1	1	5	4	5	13	4	4	9	4	5	2	15	1	9	1	5	1	10	1		1	2	14	
113	2	23	13	36	臺北市	大同區	大同區民權西路與蘭州街口	25.0631808	121.5154791	0	0	2	2	8	6	5	4	1	1	5	4	5	13	2	1	1	4	5	2	17	4	5	1	5	1	10	1		1	2	14	
113	2	23	13	53	臺北市	大安區	大安區敦化南路1段246號	25.0396347	121.5488335	0	0	1	4	7	5	5	14	9	1	5	4	5	13	4	4	9	4	1	1	13	4	9	1	3	1	8	1		1	3	1	
113	2	23	14	43	臺北市	士林區	士林區莊頂路與莊頂路80巷口	25.11010182	121.5523181	0	0	1	2	8	6	5	5	2	1	5	4	5	13	4	4	10	5	5	2	17	4	21	7	3	11	19	2		4	4	15	
113	2	23	16	10	臺北市	內湖區	內湖區民權東路6段16號附近	25.06625592	121.5772068	0	0	1	2	7	6	5	14	9	1	5	4	5	13	4	4	1	3	5	1	13	1	9	1	7	2	8	1		1	3	1	
113	2	23	16	18	臺北市	士林區	士林區文林路與文林路404巷口口	25.0939836	121.5249338	0	0	1	3	8	6	5	3	1	1	5	4	5	13	4	4	10	5	5	2	17	4	6	1	3	9	8	1		1	3	17	
113	2	23	16	43	臺北市	士林區	士林區延平北路6段與社正路口	25.0880597	121.50883	0	0	1	2	8	6	8	3	2	1	5	4	5	13	4	4	9	4	5	1	16	4	5	1	3	1	10	1		1	3	14	
113	2	23	16	44	臺北市	大安區	大安區和平東路1段162號	25.0266273	121.5271169	0	0	1	2	7	6	5	14	9	1	5	4	5	13	4	4	1	4	5	2	17	4	4	1	5	1	10	1		1	3	13	
113	2	23	16	50	臺北市	大同區	大同區民生西路305號對面	25.0569436	121.512684	0	0	1	2	7	6	5	14	9	1	5	4	5	13	4	4	9	4	5	2	17	1	5	1	7	1	8	1		1	3	1	
113	2	23	17	9	臺北市	文山區	文山區光輝路與忠順街1段9巷口口	24.98492685	121.5566095	0	0	1	3	7	6	5	4	1	1	5	4	5	13	4	4	10	5	5	2	15	5	20	8	7	10	20	1		2	2	16	
113	2	23	17	17	臺北市	大安區	大安區市民大道3段與八德路2段口	25.0449607	121.5342501	0	0	1	3	7	5	5	14	9	1	5	4	5	13	2	1	1	4	5	2	12	4	7	7	3	11	19	2		2	4	15	
113	2	23	17	24	臺北市	中山區	中山區復興北路422號	25.0627541	121.5441321	0	0	1	2	8	6	5	14	9	1	5	4	5	13	4	4	1	4	5	2	12	1	8	1	7	1	8	1		2	3	2	
113	2	23	17	33	臺北市	萬華區	萬華區和平西路3段與梧州街口	25.03531407	121.4976046	0	0	1	2	8	6	5	4	1	1	5	4	5	13	2	1	1	4	4	2	15	1	9	1	5	1	11	1		1	2	12	
113	2	23	17	40	臺北市	士林區	士林區堤外便道與社正路口越堤道口	25.0904832	121.5115423	0	0	1	3	8	5	5	3	1	1	5	4	5	13	4	4	10	5	5	2	17	1	9	1	6	1	10	1		2	2	11	
113	2	23	18	0	臺北市	大安區	大安區市民大道4段與光復南路口	25.044962	121.5577176	0	0	1	2	7	5	5	4	2	1	5	4	5	13	2	1	8	3	5	1	12	1	9	1	7	1	8	1		1	3	5	
113	2	23	18	3	臺北市	士林區	士林區延平北路8段2巷與延平北路8段2巷200弄口	25.04847309	121.5183568	0	0	3	3	8	5	5	3	2	1	5	4	5	13	4	4	10	5	5	1	17	1	9	1	5	2	10	1		1	2	11	
113	2	23	18	6	臺北市	松山區	松山區南京東路5段與三民路口	25.0513418	121.5639947	0	0	1	2	7	5	5	4	1	1	5	4	5	13	2	1	9	4	5	2	13	4	9	1	3	11	10	2		2	4	11	
113	2	23	18	8	臺北市	松山區	松山區民權大橋(西往東)	25.06338006	121.5663609	0	0	2	6	7	5	5	8	11	1	5	4	5	13	4	4	1	4	5	2	17	4	9	1	3	11	10	1		1	3	15	
113	2	23	18	10	臺北市	內湖區	內湖區康寧路3段與康寧路3段222巷口	25.06563754	121.6111776	0	0	1	3	7	5	5	4	2	1	5	4	5	13	1	1	5	4	5	2	13	1	9	1	7	1	8	1		2	3	1	
113	2	23	18	20	臺北市	松山區	松山區民生東路5段與三民路口	25.05879632	121.5638005	0	0	1	2	8	5	8	22	22	1	5	4	5	13	2	1	9	4	5	2	17	1	6	1	7	1	4	1		1	3	5	
113	2	23	18	21	臺北市	信義區	信義區吳興街與吳興街260巷口	25.0267278	121.5639447	0	0	3	3	7	5	5	14	18	1	4	4	5	13	4	4	9	5	5	2	3	4	9	1	6	1	10	1		2	2	11	
113	2	23	18	28	臺北市	萬華區	萬華區華中橋機車道往新北市(橋樑伸縮縫:華中023)	25.01511011	121.4954296	0	0	3	3	8	5	6	8	11	1	5	4	5	13	4	4	1	4	5	2	13	4	9	1	5	9	10	1		1	2	11	
113	2	23	18	30	臺北市	中山區	中山區民族東路與民族東路口無名巷	25.06845912	121.5240046	0	0	1	2	7	5	5	3	1	1	5	4	5	13	4	4	3	4	5	2	17	1	6	1	6	1	10	1		1	2	12	
113	2	23	18	30	臺北市	大同區	大同區延平北路3段與延平北路3段66巷口	25.0654494	121.511015	0	0	2	2	7	5	5	3	2	1	5	4	5	13	4	4	5	2	5	2	17	1	5	1	5	1	10	1		1	2	12	
113	2	23	18	35	臺北市	萬華區	萬華區中華路2段與廣州街口	25.03517566	121.5072678	0	0	2	3	8	5	5	4	1	1	1	4	5	13	1	1	1	4	4	2	12	1	8	1	5	1	10	1		2	2	12	
113	2	23	18	40	臺北市	中正區	中正區福和橋往新北上橋處	25.01073448	121.5353749	0	0	1	2	8	5	5	14	9	1	5	4	5	13	4	4	1	4	5	2	12	1	10	1	5	2	10	1		1	2	14	
113	2	23	18	44	臺北市	中正區	中正區師大路上水源快速道路匝道	25.0200613	121.5227666	0	0	1	2	7	5	5	14	16	1	5	4	5	13	4	4	1	5	5	1	13	1	9	1	6	1	9	1		2	2	11	
113	2	23	19	5	臺北市	中正區	中正區羅斯福路2段與羅斯福路2段66巷口	25.0274348	121.5219854	0	0	1	2	7	5	5	3	2	1	5	4	5	13	4	4	1	4	5	2	17	1	8	1	7	1	1	1		1	3	2	
113	2	23	19	22	臺北市	信義區	信義區信義路5段與松德路口	25.0333959	121.5745975	0	0	2	2	6	5	5	4	1	1	4	4	5	13	2	1	3	2	4	2	12	1	9	1	6	2	10	1		1	2	12	
113	2	23	20	11	臺北市	大安區	大安區信義路3段147巷與信義路3段口	25.0335383	121.5419685	0	0	1	2	7	5	5	4	2	1	5	4	5	13	2	1	8	3	5	1	17	1	5	1	7	1	8	1		1	3	8	
113	2	23	21	2	臺北市	士林區	士林區延平北路5段與中正路口	25.0868391	121.5091617	0	0	1	2	8	5	5	4	2	1	5	4	5	13	2	1	1	4	5	1	17	1	5	1	7	1	8	1		1	3	1	
113	2	23	21	11	臺北市	中山區	中山區北安路與大直街口	25.0799377	121.5473542	0	0	2	3	8	5	5	4	1	1	5	4	5	13	1	1	1	4	5	2	17	1	5	1	6	1	10	1		1	2	14	
113	2	23	21	23	臺北市	南港區	南港區興中路28巷28號	25.0554194	121.6064207	0	0	2	3	6	5	5	14	9	1	4	4	5	13	4	4	9	4	5	2	12	1	1	1	7	1	14	1		1	3	8	
113	2	23	21	46	臺北市	中山區	中山區天津街與市民大道2段口	25.04812415	121.5217852	0	0	1	2	8	5	5	14	20	4	5	3	5	13	4	4	10	5	5	2	18	1	10	8	4	1	20	1		1	2	11	
113	2	23	22	3	臺北市	中山區	中山區建國北路2段與民權東路3段口	25.0622272	121.5377458	0	0	1	2	8	5	5	4	1	1	5	4	5	13	1	1	10	4	5	2	12	1	6	1	7	1	4	1		1	3	2	
113	2	23	22	6	臺北市	信義區	信義區和平東路3段與和平東路3段632巷口	25.0136179	121.5627661	0	0	1	2	7	5	5	4	1	1	5	4	5	13	4	4	5	4	5	2	17	1	5	1	7	1	8	1		1	3	1	
113	2	23	22	23	臺北市	大安區	大安區敦南街與基隆路3段口	25.0205576	121.5480986	0	0	1	2	7	5	5	3	2	1	5	4	5	13	4	4	1	4	5	2	17	1	6	1	7	1	8	1		1	3	15	
113	2	23	22	24	臺北市	中正區	中正區南海路與牯嶺街口	25.0320177	121.5150347	0	0	1	2	7	5	5	4	1	1	5	4	5	13	1	1	10	4	5	2	12	1	9	1	7	2	3	1		1	3	4	
113	2	23	22	46	臺北市	信義區	信義區環東大道下基隆路匝道	25.04669162	121.567805	0	0	2	2	6	5	5	10	7	1	4	4	5	13	1	1	9	4	5	2	13	1	9	1	7	1	8	1		2	2	1	
113	2	23	22	52	臺北市	大同區	大同區民生西路292號	25.0569074	121.5126485	0	0	1	2	7	5	5	14	9	1	5	4	5	13	4	4	9	5	5	2	17	4	9	1	5	2	10	1		1	2	11	
113	2	23	23	15	臺北市	中山區	中山區林森北路與新生北路2段76巷口	25.0575194	121.5255413	0	0	1	2	7	5	5	4	2	1	5	4	5	13	4	4	5	4	5	2	17	4	5	1	3	1	10	1		2	3	17	
113	2	23	23	20	臺北市	信義區	信義區市民高架道	25.0449492	121.5629218	0	0	1	3	8	7	5	10	7	1	5	4	5	13	4	4	3	4	5	2	12	4	15	1	3	2	8	1		1	3	2	4
113	2	23	23	45	臺北市	萬華區	萬華區西園路2段219號	25.02704535	121.4939565	0	0	1	2	8	5	5	14	9	1	5	4	5	13	4	4	8	3	5	1	17	1	10	1	7	1	4	1		1	3	2	
113	2	24	0	47	臺北市	萬華區	萬華區環河南路3段與萬大路口	25.0164906	121.4958676	0	0	1	2	8	5	5	4	2	1	5	4	5	13	2	1	8	3	5	1	3	5	16	8	4	9	20	1		1	2	16	
113	2	24	0	58	臺北市	松山區	松山區復興北路99號	25.0530525	121.5441843	0	0	1	2	7	5	5	14	9	1	5	4	5	13	4	4	1	4	5	2	12	4	7	1	3	2	4	1		1	3	5	
113	2	24	2	21	臺北市	中正區	中正區忠孝東路1段與忠孝東路1段70巷口	25.0446068	121.523767	0	0	2	2	8	5	5	3	1	1	5	4	5	13	4	4	1	4	1	2	16	1	6	1	6	2	10	1		1	2	13	
113	2	24	3	25	臺北市	信義區	信義區松仁路89號	25.0374276	121.5684547	0	0	1	2	6	5	5	14	18	1	4	4	5	13	3	1	1	4	5	2	3	4	9	1	3	2	8	1		1	3	1	
113	2	24	4	28	臺北市	信義區	信義區市民大道6段250號	25.0488883	121.5774272	0	0	1	2	6	5	5	14	9	1	4	4	5	13	1	1	1	4	5	2	37	4	7	1	3	7	10	1		1	2	15	
113	2	24	7	4	臺北市	文山區	文山區木柵路1段與木柵路1段58巷口	24.9869438	121.5475255	0	0	1	2	8	6	5	14	9	1	5	4	5	13	4	4	5	4	5	2	17	1	1	1	6	2	10	1		1	2	14	