年	月	日	時	分	縣市	行政區	allLocation	GoogleLat	GoogleLng	死	2-30	受傷	當事人數	天候	道路照明設備	道路類別	道路型態	事故位置	路面狀況1	路面狀況2	路面狀況3	道路障礙1	道路障礙2	號誌1	號誌2	車道劃分-分向	車道劃分-分道1	車道劃分-分道2	車道劃分-分道3	事故類型及型態	行動電話	當事者行動狀態	駕駛資格情形	保護裝置	飲酒情形	駕駛執照種類	個人肇逃否	肇因碼-主要	性別	受傷程度	車輛撞擊部位1	車輛撞擊部位2
113	2	24	7	9	臺北市	萬華區	萬華區西園路2段96巷與西園路2段140巷口	25.03131978	121.4952792	0	0	2	3	8	7	5	5	2	1	5	4	5	13	4	4	5	5	5	2	3	1	5	1	7	1	8	1		1	3	1	
113	2	24	7	26	臺北市	萬華區	萬華區和平西路3段與桂林路246巷口	25.0355871	121.4908168	0	0	2	2	7	5	5	3	2	1	5	4	5	13	1	1	1	5	5	2	13	1	9	1	6	1	10	1		1	2	11	
113	2	24	7	40	臺北市	信義區	信義區市民大道6段與松信路口口	25.049226	121.5722442	0	0	2	2	8	7	8	4	1	1	5	4	5	13	1	1	5	4	5	2	17	1	5	1	6	1	10	1		1	2	14	
113	2	24	7	52	臺北市	信義區	信義區和平東路3段391巷7弄與和平東路3段391巷口	25.0208499	121.5595665	0	0	1	2	8	6	5	3	1	1	4	4	5	13	4	4	9	5	5	2	15	1	9	1	5	1	10	1		2	2	11	
113	2	24	8	3	臺北市	北投區	北投區承德路7段與立農街1段口	25.1185912	121.5027645	0	0	2	2	8	7	5	3	2	1	5	4	5	13	4	4	1	4	5	2	16	1	6	1	6	1	10	1		2	2	12	
113	2	24	8	31	臺北市	南港區	南港區南港路3段與南港路3段106巷口	25.0534435	121.5898536	0	0	2	2	8	6	5	4	1	1	5	4	5	13	1	1	5	4	5	2	16	4	9	1	5	1	10	1		1	2	11	
113	2	24	8	42	臺北市	士林區	士林區中山北路5段與中山北路5段260巷口銘傳大學對面	25.0873985	121.5266436	0	0	2	2	8	6	5	3	1	1	5	4	5	13	1	1	4	3	5	1	12	1	15	1	6	1	10	1		1	2	14	
113	2	24	9	50	臺北市	中山區	下長安東路匝道口	25.0481081	121.537638	0	0	1	2	8	7	5	10	16	1	5	4	5	13	4	4	9	4	3	2	13	4	9	3	3	11	18	2		1	4	1	
113	2	24	9	53	臺北市	信義區	信義區虎林街164巷與松德路118巷口口	25.0378408	121.5744981	0	0	1	2	8	6	8	4	1	1	5	4	5	13	4	4	9	5	5	2	17	1	9	1	7	1	8	1		1	3	2	
113	2	24	10	0	臺北市	松山區	松山區塔悠路6號水門旁	25.06522282	121.5680383	0	0	1	2	7	6	5	14	9	1	5	4	5	13	4	4	1	4	5	2	12	1	8	1	7	1	8	1		1	3	5	
113	2	24	10	7	臺北市	萬華區	萬華區忠孝橋往北市7010676燈桿	25.05140632	121.5086799	0	0	2	2	7	6	5	8	9	1	5	4	5	13	4	4	2	4	5	1	13	1	8	1	6	1	10	1		1	2	11	
113	2	24	10	12	臺北市	信義區	信義區松高路20巷	25.0365693	121.5676154	0	0	1	2	8	7	5	14	9	1	5	4	5	13	4	4	9	4	5	2	18	1	9	1	5	9	9	1		1	2	14	
113	2	24	10	47	臺北市	萬華區	萬華區華中橋往北市(汽車道)	25.0118283	121.4955002	0	0	1	2	8	5	5	8	7	1	5	4	5	13	4	4	9	4	4	2	17	4	9	1	7	2	8	1		1	3	1	
113	2	24	11	21	臺北市	內湖區	內湖區民權東路6段19巷與民權東路6段口	25.06803872	121.5815002	0	0	1	2	8	5	5	4	2	1	5	4	5	13	2	1	9	4	4	2	13	1	9	1	6	2	10	1		1	2	11	
113	2	24	12	9	臺北市	文山區	文山區羅斯福路5段與萬盛街口	25.0081035	121.5383256	0	0	2	2	7	6	5	4	1	1	5	4	5	13	2	1	1	4	5	2	16	1	6	1	7	2	4	1		1	2	2	
113	2	24	12	26	臺北市	大安區	大安區忠孝東路3段與建國南路1段口	25.0416099	121.5369256	0	0	1	2	7	6	5	4	1	1	5	4	5	13	1	1	10	5	5	2	16	1	6	1	7	1	8	1		1	3	3	
113	2	24	12	35	臺北市	北投區	北投區大度路3段270巷與無名路口	25.12482186	121.4675159	0	0	1	2	8	7	5	4	1	1	5	4	5	13	4	4	10	5	5	2	15	1	9	1	6	1	10	1		1	2	11	
113	2	24	12	45	臺北市	大同區	大同區民權西路245巷與延平北路3段18巷口	25.063971	121.5108414	0	0	2	2	8	6	5	4	1	1	5	4	5	13	4	4	10	5	5	2	15	4	9	1	5	1	10	1		1	2	11	
113	2	24	12	45	臺北市	大安區	大安區仁愛路4段27巷與復興南路1段219巷口口	25.0390105	121.5451894	0	0	1	3	8	6	5	4	1	1	5	4	5	13	4	4	10	5	5	2	15	1	9	1	7	1	8	1		2	3	1	
113	2	24	13	31	臺北市	士林區	士林區延平北路6段與洲美快速道路口	25.0947472	121.4974094	0	0	5	5	8	6	5	3	1	1	5	4	5	13	1	1	1	4	5	1	17	1	15	1	7	2	4	1		1	2	1	
113	2	24	13	40	臺北市	內湖區	內湖區成功路2段與成功路2段273巷口	25.06849523	121.5909363	0	0	1	2	8	5	5	3	1	1	5	4	5	13	4	4	7	2	5	2	16	1	6	1	7	2	8	1		1	3	2	
113	2	24	13	50	臺北市	萬華區	萬華區康定路288號	25.03685376	121.5014703	0	0	1	2	8	5	5	14	9	1	5	4	5	13	1	1	5	4	5	2	17	4	9	1	6	1	10	1		1	2	17	
113	2	24	14	15	臺北市	中山區	中山區新生北路1段與吉林路22巷口	25.0510158	121.52817	0	0	2	3	7	6	5	3	1	1	5	4	5	13	4	4	1	5	5	2	16	1	6	1	7	2	4	1		1	3	5	
113	2	24	14	19	臺北市	松山區	松山區敦化北路與長春路口	25.0544379	121.5487411	0	0	1	2	8	6	5	4	1	1	5	4	5	13	2	1	1	4	1	2	17	1	5	1	7	1	4	1		1	3	1	
113	2	24	14	25	臺北市	士林區	士林區中正路與延平北路5段口	25.0866746	121.5092613	0	0	2	3	8	6	5	4	1	1	5	4	5	13	1	1	5	4	5	2	17	1	5	1	6	1	10	1		2	2	14	
113	2	24	14	40	臺北市	中正區	中正區金山南路1段與濟南路2段口	25.04085808	121.5293591	0	0	1	2	7	6	5	4	1	1	5	4	5	13	1	1	10	5	5	2	16	4	6	1	7	2	8	1		1	3	5	
113	2	24	15	6	臺北市	萬華區	萬華區堤外便道與華中河濱公園口露營場出入口	25.01591692	121.4964893	0	0	1	2	7	6	5	3	1	1	5	4	5	13	4	4	5	5	5	2	16	1	1	1	7	1	2	1		1	3	4	
113	2	24	15	37	臺北市	萬華區	萬華區青年路22號	25.0257791	121.5055249	0	0	2	2	8	5	5	14	9	1	5	4	5	13	4	4	10	4	5	1	17	1	5	1	5	1	10	1		1	2	14	
113	2	24	16	0	臺北市	北投區	北投區中央北路1段與育仁路口	25.1347179	121.4995871	0	0	1	2	8	7	5	4	2	1	5	4	5	13	2	1	8	3	5	2	13	1	6	1	7	1	8	1		1	3	4	
113	2	24	16	5	臺北市	大安區	大安區復興南路1段與仁愛路3段口	25.0381722	121.5435286	0	0	1	2	8	6	5	5	1	1	5	4	5	13	2	1	1	4	5	2	17	4	6	7	3	11	19	2		1	4	15	
113	2	24	16	40	臺北市	士林區	士林區通河街與通河街141巷口	25.0808386	121.5207849	0	0	2	2	8	5	5	4	1	1	5	4	5	13	4	4	5	5	5	2	16	1	4	1	6	2	10	1		1	2	11	
113	2	24	17	10	臺北市	大安區	大安區青田街與青田街5巷口	25.0285958	121.5319714	0	0	1	2	8	5	5	4	1	1	5	4	5	13	4	4	10	5	5	1	15	1	9	1	7	1	8	1		1	3	1	
113	2	24	17	50	臺北市	萬華區	萬華區萬大路與萬大路237巷口	25.0264176	121.5005865	0	0	1	2	8	5	5	4	1	4	5	4	5	13	2	1	1	5	5	2	8	1	9	1	5	1	10	1		2	3	12	
113	2	24	18	0	臺北市	內湖區	內湖區成功路3段與成功路3段174巷口	25.08085129	121.5909051	0	0	1	2	8	5	5	3	2	1	5	4	5	13	4	4	1	3	5	1	12	4	15	1	3	11	10	1		1	3	15	
113	2	24	18	30	臺北市	中正區	中正區辛亥路1段與羅斯福路3段口	25.0198117	121.5290933	0	0	1	2	7	5	5	4	1	1	5	4	5	13	1	1	1	4	5	2	16	1	5	1	5	1	10	1		2	2	14	
113	2	24	19	32	臺北市	中山區	中山區明水路與北安路458巷口	25.07751877	121.544579	0	0	1	2	7	5	5	3	1	1	5	4	5	13	1	1	3	4	5	2	17	1	6	1	7	1	8	1		2	3	2	
113	2	24	19	52	臺北市	士林區	士林區仰德大道3段86號	25.11985244	121.5530391	0	0	2	3	7	5	5	14	9	1	5	4	5	13	4	4	4	5	5	1	17	1	9	1	5	1	10	1		1	2	11	
113	2	24	20	55	臺北市	文山區	文山區景文街與羅斯福路6段469巷口口	24.9897596	121.5408835	0	0	1	2	8	5	5	5	1	1	5	4	5	13	2	1	5	5	4	2	16	1	6	1	7	1	8	1		1	3	5	
113	2	24	20	56	臺北市	中正區	中正區重慶南路1段與重慶南路1段126巷口	25.03714536	121.5125809	0	0	2	2	7	5	5	3	1	1	5	4	5	13	4	4	10	5	5	2	13	1	9	1	5	2	10	1		1	2	12	
113	2	24	21	4	臺北市	中山區	中山區中山橋與圓山河濱公園口自行車道入口處	25.07429844	121.525612	0	0	1	2	8	5	5	3	1	1	5	4	5	13	4	4	2	4	5	2	12	1	8	1	7	1	4	1		1	3	2	12
113	2	24	21	4	臺北市	內湖區	內湖區康寧路3段189巷與康寧路3段189巷21弄口	25.0707242	121.6129661	0	0	1	2	8	5	5	4	1	1	5	4	5	13	4	4	10	5	5	2	15	1	9	1	2	1	8	1		1	3	8	
113	2	24	21	12	臺北市	中正區	中正區南昌路2段與寧波西街口	25.0307277	121.5175332	0	0	2	2	8	5	5	4	1	1	5	4	5	13	1	1	10	4	5	2	17	1	9	1	5	2	10	1		1	2	11	
113	2	24	21	17	臺北市	士林區	士林區環河北路3段No.1104504燈桿	25.080186	121.5081968	0	0	3	3	8	5	5	14	11	1	5	4	5	13	4	4	1	4	3	1	17	1	15	8	4	1	20	1		2	2	14	
113	2	24	21	52	臺北市	文山區	文山區和平東路4段與和平東路4段66巷口	25.0055763	121.5670341	0	0	1	2	7	5	5	4	2	1	5	4	5	13	1	1	5	5	5	1	17	1	6	1	6	2	10	1		1	3	17	
113	2	24	22	0	臺北市	中山區	中山區松江路133巷與南京東路2段115巷口	25.0543609	121.533639	0	0	1	2	8	5	5	4	1	1	5	4	5	13	4	4	10	5	5	2	15	4	9	1	3	1	8	1		1	3	8	
113	2	24	22	50	臺北市	北投區	北投區北投路1段與三合街2段口	25.12615531	121.5007312	0	0	1	2	7	5	5	4	2	1	5	4	5	13	2	1	5	4	5	2	9	1	5	1	7	1	4	1		1	3	1	
113	2	24	23	6	臺北市	萬華區	萬華區三水街與三水街39巷口	25.03531969	121.5041065	0	0	2	3	8	5	5	4	1	1	5	4	5	13	4	4	10	5	5	2	15	1	9	1	6	1	10	1		1	3	11	
113	2	24	23	36	臺北市	信義區	信義區信安街與信安街67巷口	25.0260603	121.5576681	0	0	1	2	8	5	5	4	2	1	5	4	5	13	2	1	5	4	5	2	18	1	9	1	6	9	10	1		1	2	12	
113	2	25	0	45	臺北市	大同區	大同區重慶北路3段與民權西路口	25.0631917	121.5133894	0	0	1	2	7	5	5	4	1	1	5	4	5	13	2	1	1	4	5	2	17	4	6	1	3	1	8	1		1	3	2	
113	2	25	1	5	臺北市	北投區	北投區光明路與七星街口	25.1367928	121.5043301	0	0	1	2	6	6	5	5	1	1	4	4	5	13	2	1	5	4	5	2	17	1	5	1	7	1	8	1		1	3	8	
113	2	25	4	24	臺北市	內湖區	內湖區南京東路6段東往西向第124號燈桿	25.05626908	121.5794258	0	0	1	2	6	5	5	14	9	1	4	4	5	13	4	4	1	4	5	2	13	1	8	1	5	1	9	1		1	2	11	
113	2	25	5	46	臺北市	信義區	信義區嘉興街181巷11號	25.0262601	121.5570069	0	0	1	2	8	5	5	14	9	1	5	4	5	13	1	1	5	4	5	2	3	5	16	8	4	10	20	1		2	2	16	
113	2	25	5	49	臺北市	大同區	大同區台北橋機慢車道701074燈桿	25.0629737	121.5116115	0	0	1	2	8	5	5	10	11	1	5	4	5	13	4	4	10	4	5	2	2	5	16	8	4	10	20	1		2	2	16	
113	2	25	7	33	臺北市	北投區	北投區陽金公路016號燈桿	25.1541391	121.5478931	0	0	2	2	7	5	5	11	9	1	5	4	5	13	4	4	4	1	5	1	17	1	5	2	5	2	18	1		1	2	11	
113	2	25	8	40	臺北市	北投區	北投區中央北路4段268號與中央北路4段口	25.1317328	121.4737963	0	0	1	2	7	7	5	3	1	1	5	4	5	13	4	4	9	4	5	2	16	4	11	1	3	2	4	1		1	3	6	
113	2	25	9	37	臺北市	士林區	士林區基河路251巷與福德路口	25.0922609	121.5226068	0	0	1	2	7	6	5	4	2	1	5	4	5	13	4	4	10	5	5	1	17	1	6	1	6	9	10	1		1	2	11	
113	2	25	9	40	臺北市	內湖區	內湖區康樂街與康樂街61巷口	25.06847996	121.6183953	0	0	2	2	7	5	5	3	1	1	5	4	5	13	1	1	5	5	5	2	17	1	5	1	5	2	10	1		1	2	11	
113	2	25	9	44	臺北市	士林區	士林區福林路203號	25.0972204	121.5333616	0	0	2	3	8	5	5	14	9	1	5	4	5	13	4	4	5	4	5	1	12	1	8	1	5	1	10	1		1	2	14	
113	2	25	9	49	臺北市	中山區	中山區民生東路1段與新生北路2段口	25.05803031	121.5274412	0	0	2	2	7	6	5	4	1	1	5	4	5	13	1	1	1	4	5	2	17	1	5	1	6	1	8	1		1	2	14	
113	2	25	10	0	臺北市	士林區	士林區文林路與雙溪街口	25.0996841	121.5233798	0	0	2	3	8	5	5	4	1	1	5	4	5	13	2	1	5	4	5	1	17	1	1	3	5	1	18	1		2	2	11	
113	2	25	10	50	臺北市	文山區	文山區萬和街1號	25.0013203	121.5678297	0	0	1	2	8	7	5	14	9	1	5	4	5	13	2	1	5	5	5	2	13	1	9	6	7	2	8	1		1	3	1	
113	2	25	10	52	臺北市	信義區	信義區崇德街81巷與崇德街口	25.0242253	121.5553526	0	0	2	2	7	6	5	4	1	1	5	4	4	12	3	1	1	4	5	2	15	4	9	1	3	1	10	1		1	2	11	
113	2	25	10	55	臺北市	文山區	文山區興隆路4段與興隆路4段115巷口	24.98600188	121.561139	0	0	1	2	7	6	5	4	1	1	5	4	5	13	4	4	10	5	5	2	16	1	6	1	7	2	8	1		1	3	2	12
113	2	25	11	2	臺北市	中山區	中山區南京東路3段與建國北路1段口	25.0516088	121.5370408	0	0	1	2	7	5	5	14	9	1	5	4	5	13	4	4	1	4	5	2	16	4	7	1	3	1	8	1		1	3	2	
113	2	25	11	15	臺北市	文山區	文山區辛亥路4段與辛亥路4段口南往北(路燈號碼0703823附近)	25.00946093	121.5578667	0	0	2	3	8	6	5	4	2	1	5	4	5	13	4	4	1	4	5	2	17	1	9	1	6	2	10	1		2	2	12	
113	2	25	11	33	臺北市	大安區	大安區復興南路1段與復興南路1段340巷口	25.0360954	121.5435923	0	0	1	2	7	6	5	4	1	1	5	4	5	13	1	1	1	4	5	2	16	1	5	1	7	1	8	1		1	3	5	
113	2	25	12	18	臺北市	中山區	中山區中山北路3段與德惠街口	25.0668651	121.5223209	0	0	2	5	7	6	5	14	8	1	5	4	5	13	1	1	3	4	3	2	17	1	7	1	7	1	8	1		1	3	17	
113	2	25	12	31	臺北市	中正區	中正區中華路1段與衡陽路口	25.0421442	121.5084715	0	0	1	2	7	7	5	4	1	1	5	4	5	13	1	1	1	4	1	1	13	1	9	1	6	2	10	1		2	2	14	
113	2	25	12	41	臺北市	北投區	北投區東華街1段與裕民二路口	25.11417357	121.5160631	0	0	1	2	7	7	5	3	1	1	5	4	5	13	1	1	10	4	5	2	16	1	6	1	6	2	10	1		1	3	12	
113	2	25	12	51	臺北市	北投區	北投區中和街32號	25.1380295	121.5028251	0	0	1	2	7	7	5	14	9	1	5	4	5	13	4	4	5	5	5	2	17	1	1	1	6	9	10	2		2	3	17	
113	2	25	13	2	臺北市	內湖區	內湖區康樂街125號	25.0711397	121.6191887	0	0	1	2	7	6	5	14	9	1	5	4	5	13	4	4	9	4	4	1	17	1	9	1	5	1	10	1		1	2	17	
113	2	25	14	29	臺北市	中山區	中山區北安路與明水路口	25.0858205	121.5523187	0	0	1	2	7	5	5	11	9	1	5	4	5	13	4	4	1	4	5	2	12	4	9	1	3	2	8	1		1	3	2	
113	2	25	15	10	臺北市	信義區	信義區忠孝東路4段與忠孝東路4段556巷口	25.0410637	121.5636302	0	0	1	2	7	6	5	3	2	1	5	4	5	13	4	4	3	3	5	2	16	1	6	1	6	1	10	1		1	3	12	
113	2	25	15	23	臺北市	士林區	士林區基河路240巷2號前	25.0910706	121.5210284	0	0	2	3	8	6	5	14	9	1	5	4	5	13	4	4	9	4	5	1	12	1	11	1	7	2	4	1		1	3	4	
113	2	25	16	40	臺北市	內湖區	內湖區康樂街110巷與康樂街136巷18弄口	25.07072075	121.6182947	0	0	2	2	7	5	5	4	1	1	5	4	5	13	4	4	10	5	5	2	15	1	9	1	5	1	10	1		2	2	12	
113	2	25	16	40	臺北市	北投區	北投區石牌路1段166巷69弄與西安街1段313巷16弄口	25.11314738	121.5151828	0	0	1	2	7	7	5	4	1	1	5	4	5	8	4	4	10	5	5	2	15	1	9	1	6	2	10	1		2	2	11	
113	2	25	17	13	臺北市	萬華區	萬華區桂林路109號	25.0384704	121.5007671	0	0	1	2	8	6	5	14	8	1	5	4	5	13	4	4	9	4	4	2	9	1	1	1	7	9	2	1		1	3	17	
113	2	25	17	15	臺北市	萬華區	萬華區昆明街與內江街口	25.0415475	121.504474	0	0	1	2	8	5	5	4	1	1	5	4	5	13	1	1	8	3	5	1	17	1	9	1	5	1	10	1		2	2	11	
113	2	25	17	21	臺北市	中山區	中山區市民大道2段與長安東路1段52巷口	25.047021	121.5277974	0	0	1	2	8	6	5	3	2	1	5	4	5	13	3	1	10	4	5	2	12	1	7	1	5	1	10	1		1	2	14	
113	2	25	17	38	臺北市	文山區	文山區景美街125號	24.9897748	121.5414068	0	0	2	4	7	5	5	14	9	1	5	4	5	13	4	4	10	5	5	2	17	1	14	1	7	1	8	1		1	3	7	
113	2	25	18	0	臺北市	信義區	信義區信義路5段16-1號	25.0328887	121.5633352	0	0	1	2	7	5	5	14	9	1	5	4	5	13	4	4	3	4	5	2	12	4	1	1	3	1	4	1		1	3	8	
113	2	25	18	45	臺北市	北投區	北投區石牌路1段與石牌路1段71巷口	25.11357715	121.5112502	0	0	1	2	8	6	5	3	1	1	5	4	5	13	4	4	5	4	5	2	16	1	6	6	5	1	18	2		1	3	13	
113	2	25	19	26	臺北市	松山區	松山區民生東路5段92號	25.0585684	121.5595851	0	0	2	2	8	5	5	14	9	1	5	1	5	13	4	4	6	3	5	1	6	1	9	1	3	2	10	1		1	2	11	
113	2	25	19	29	臺北市	萬華區	萬華區雙園街與雙園街89巷口	25.03148335	121.4922456	0	0	1	3	8	5	5	3	1	1	5	4	5	13	4	4	9	5	5	2	17	4	14	6	7	2	4	1		2	3	4	
113	2	25	19	55	臺北市	士林區	士林區文林路與大東路口	25.0937015	121.5249933	0	0	3	3	7	5	5	3	1	1	5	4	5	13	2	1	5	5	5	1	17	1	12	1	6	2	10	1		1	2	11	
113	2	25	20	40	臺北市	士林區	士林區天母西路60號	25.11859864	121.5244017	0	0	1	2	7	7	8	14	9	1	5	4	5	13	1	1	5	1	5	1	13	1	9	1	7	1	8	1		1	3	1	
113	2	25	20	40	臺北市	士林區	士林區忠誠路1段與德行東路132巷7弄口	25.10680111	121.5297066	0	0	1	2	8	5	5	3	2	1	5	4	5	13	4	4	1	4	4	1	17	1	6	1	7	1	8	1		1	3	6	
113	2	25	20	57	臺北市	信義區	信義區忠孝東路5段498號	25.0409366	121.5782087	0	0	2	3	7	5	5	14	9	1	5	4	5	13	4	4	1	4	5	2	9	1	9	1	6	1	10	1		1	2	14	
113	2	25	21	16	臺北市	萬華區	萬華區萬青街與萬大路329巷口	25.0235932	121.50158	0	0	3	3	7	5	5	4	1	1	5	4	5	13	3	1	8	5	5	2	15	1	9	1	5	2	10	1		1	2	11	
113	2	25	21	21	臺北市	大安區	大安區市民大道4段與光復南路口	25.0449596	121.5576357	0	0	1	2	7	5	5	4	1	1	5	4	5	13	2	1	1	4	5	1	15	4	9	1	3	2	8	1		2	3	5	
113	2	25	21	24	臺北市	大安區	大安區敦化南路1段190巷與忠孝東路4段77巷口	25.0426464	121.5471262	0	0	1	2	7	5	5	4	1	1	5	4	5	13	4	4	10	5	5	2	16	1	6	1	5	2	10	1		2	2	14	
113	2	25	21	31	臺北市	松山區	松山區塔悠路與南京東路5段口	25.0513116	121.5704109	0	0	1	2	7	5	5	5	2	1	4	4	5	13	2	1	1	4	5	2	12	4	9	1	6	1	10	1		1	3	14	
113	2	25	21	34	臺北市	中正區	中正區忠孝東路1段與林森北路口	25.0449432	121.5232997	0	0	1	2	7	5	5	4	2	1	5	4	5	13	1	1	4	4	5	1	17	1	6	1	7	1	4	1		1	3	5	
113	2	25	22	38	臺北市	信義區	信義區基隆路2段與光復南路口	25.0300075	121.5576601	0	0	2	3	7	5	5	14	9	1	5	4	5	13	1	1	3	4	5	2	12	4	9	1	6	1	10	1		1	2	14	
113	2	25	23	12	臺北市	北投區	北投區石牌路2段與立農街2段口口	25.1188799	121.5186276	0	0	3	3	7	5	5	3	18	1	5	4	5	13	2	1	10	5	5	2	3	5	16	8	4	10	20	1		1	2	16	
113	2	26	0	16	臺北市	大安區	大安區信義路3段11號	25.0337054	121.5335142	0	0	1	2	8	5	5	14	9	1	5	4	5	13	4	4	3	4	5	2	12	4	21	7	3	11	19	2		1	4	15	
113	2	26	4	12	臺北市	大同區	大同區酒泉街105號	25.0720536	121.5150504	0	0	2	2	7	5	5	14	9	1	5	4	5	13	4	4	4	4	5	2	3	4	9	1	3	1	10	1		1	2	11	
113	2	26	5	27	臺北市	中山區	中山區中山橋南往北	25.0738929	121.5246878	0	0	1	2	8	5	5	11	9	1	5	4	5	13	4	4	3	4	5	2	23	4	9	1	3	5	10	1		1	2	11	
113	2	26	6	49	臺北市	內湖區	內湖區康樂街與康樂街151巷口	25.07188361	121.6192914	0	0	2	2	8	6	5	4	1	1	5	4	5	13	2	1	10	5	5	2	17	1	5	1	5	1	10	1		1	2	14	
113	2	26	7	27	臺北市	松山區	松山區南京東路5段286巷與南京東路5段250巷2弄口	25.05069654	121.567241	0	0	1	2	7	5	5	4	1	1	5	4	5	13	4	4	10	5	5	2	15	4	9	1	6	2	10	1		1	2	12	
113	2	26	7	33	臺北市	大安區	大安區復興南路2段171巷與和平東路2段265巷口	25.0277391	121.5440753	0	0	1	2	8	6	8	4	1	1	5	4	5	13	4	4	7	5	5	2	15	1	9	1	7	1	4	1		1	3	4	
113	2	26	7	41	臺北市	大安區	大安區金山南路2段138號	25.02947321	121.526358	0	0	2	5	7	6	5	14	8	1	5	4	5	13	4	4	1	4	4	2	17	1	15	1	6	2	10	1		2	2	11	
113	2	26	7	43	臺北市	士林區	士林區士林橋與文林路594巷口	25.0988626	121.5237578	0	0	1	2	8	5	8	4	1	1	5	4	5	13	3	1	4	5	4	1	17	4	6	7	3	11	19	2		1	4	6	
113	2	26	7	47	臺北市	中正區	中正區杭州南路2段與金華街口	25.0308884	121.5221908	0	0	1	2	7	7	5	4	2	1	5	4	5	13	2	1	5	5	5	2	3	5	16	8	4	10	20	1		1	3	16	
113	2	26	8	13	臺北市	內湖區	內湖區民權東路6段99號車道出入口	25.06912431	121.5893239	0	0	1	2	8	6	5	14	9	1	5	4	5	13	4	4	1	4	5	2	17	1	6	1	7	1	8	1		2	3	17	
113	2	26	8	13	臺北市	南港區	南港區忠孝東路6段317號	25.0498719	121.5912172	0	0	2	2	8	6	5	3	1	1	5	4	5	13	2	1	1	4	4	2	16	4	9	1	5	1	10	1		2	2	11	
113	2	26	8	30	臺北市	萬華區	萬華區中華路2段416巷與國興路口	25.0274417	121.5052164	0	0	1	2	8	7	5	4	1	1	5	4	5	13	1	1	4	1	5	2	3	1	5	1	7	1	8	1		1	3	1	
113	2	26	8	41	臺北市	中正區	中正區羅斯福路2段與和平西路1段口	25.0273195	121.5222207	0	0	1	2	8	7	5	4	2	1	5	4	5	13	1	1	1	4	5	2	9	1	12	1	7	1	2	1		2	3	17	
113	2	26	9	19	臺北市	文山區	文山區興隆路2段與興隆路2段22巷口口	24.9988395	121.5456107	0	0	1	2	8	6	5	3	18	1	5	4	5	13	4	4	1	4	5	2	3	1	9	1	6	1	10	1		1	3	11	
113	2	26	9	21	臺北市	內湖區	內湖區成功路2段317巷與民權東路6段123巷20弄口	25.0697344	121.5919454	0	0	1	2	7	7	5	3	1	1	5	4	5	13	4	4	9	5	5	2	16	1	5	1	7	1	8	2		1	3	7	
113	2	26	9	31	臺北市	內湖區	內湖區舊宗路2段133號	25.06971562	121.574846	0	0	1	2	8	6	5	14	9	1	5	4	5	13	4	4	1	4	5	2	17	1	6	1	7	1	8	1		1	3	5	
113	2	26	9	52	臺北市	大同區	大同區延平北路3段17巷與延平北路3段口	25.06378294	121.5111958	0	0	1	2	8	5	5	3	1	1	5	4	5	13	4	4	5	4	5	2	13	1	9	1	5	1	10	1		1	3	11	
113	2	26	9	54	臺北市	士林區	士林區至善路1段與福林路254巷口	25.08777256	121.5161345	0	0	1	2	8	6	5	5	1	1	5	4	5	13	3	1	1	4	4	1	17	1	8	1	7	11	8	2		1	3	15	
113	2	26	10	10	臺北市	士林區	士林區中山北路5段南向北422燈桿	25.088086	121.5273688	0	0	3	4	8	7	5	14	9	1	5	4	5	13	4	4	5	4	5	2	17	4	9	1	3	1	10	1		1	2	11	
113	2	26	10	10	臺北市	士林區	士林區葫蘆街104巷與葫蘆街口	25.0823932	121.5080445	0	0	1	2	7	6	5	3	2	1	5	4	5	13	4	4	10	5	5	2	17	1	6	8	4	9	20	1		1	2	15	
113	2	26	10	31	臺北市	內湖區	內湖區民權東路6段56巷與民權東路6段9巷16弄口	25.06790198	121.5850999	0	0	1	2	7	6	5	3	1	1	5	4	5	13	4	4	5	4	4	2	16	1	5	1	7	1	4	1		1	3	6	
113	2	26	10	45	臺北市	中正區	中正區貴陽街1段與公園路口	25.0385961	121.5152812	0	0	2	2	8	5	5	4	1	1	5	4	5	13	1	1	5	4	5	2	17	1	5	1	5	1	10	1		2	2	11	
113	2	26	11	31	臺北市	士林區	士林區中山北路5段470巷與福林路口	25.09385847	121.5281407	0	0	1	2	8	6	5	14	9	1	5	4	5	13	4	4	5	4	5	1	12	1	9	1	5	2	10	1		1	2	11	
113	2	26	11	43	臺北市	中山區	中山區德惠街與新生北路3段口	25.0669549	121.5276591	0	0	1	2	7	5	5	4	1	1	5	4	5	8	1	1	1	4	5	2	15	4	9	1	3	2	10	1		1	2	12	
113	2	26	12	19	臺北市	北投區	北投區學園路2號與學園路口	25.1329818	121.4673089	0	0	2	2	8	7	5	4	1	1	5	4	5	13	2	1	5	5	5	1	17	1	15	1	6	1	10	1		1	2	11	
113	2	26	12	48	臺北市	大同區	大同區民權西路144巷19弄9號	25.06160966	121.5165338	0	0	1	2	8	6	5	14	9	1	5	4	5	13	4	4	10	5	5	2	17	1	11	1	7	1	6	1		1	3	8	
113	2	26	13	14	臺北市	大安區	大安區新生南路1段與濟南路3段口	25.0402149	121.5332294	0	0	1	3	7	6	5	4	2	1	5	4	5	13	1	1	4	5	5	2	13	1	9	1	7	1	8	1		1	3	1	