年	月	日	時	分	縣市	行政區	allLocation	GoogleLat	GoogleLng	死	2-30	受傷	當事人數	天候	道路照明設備	道路類別	道路型態	事故位置	路面狀況1	路面狀況2	路面狀況3	道路障礙1	道路障礙2	號誌1	號誌2	車道劃分-分向	車道劃分-分道1	車道劃分-分道2	車道劃分-分道3	事故類型及型態	行動電話	當事者行動狀態	駕駛資格情形	保護裝置	飲酒情形	駕駛執照種類	個人肇逃否	肇因碼-主要	性別	受傷程度	車輛撞擊部位1	車輛撞擊部位2
113	2	26	13	16	臺北市	大安區	大安區新生南路2段與金華街口	25.0307157	121.5337673	0	0	1	2	7	6	5	3	1	1	5	4	5	13	1	1	5	5	5	2	18	1	9	1	5	1	10	1		1	2	14	
113	2	26	13	43	臺北市	松山區	松山區民生東路5段117號	25.058727	121.5604853	0	0	1	2	7	7	5	22	9	1	5	4	5	13	1	1	1	4	5	2	16	4	5	1	6	1	10	1		1	3	11	
113	2	26	13	47	臺北市	北投區	北投區承德路7段與承德路7段106巷口	25.1119401	121.5100754	0	0	1	2	8	5	6	3	2	1	5	4	5	13	4	4	9	4	5	1	12	1	8	1	7	1	8	1		1	3	6	
113	2	26	13	47	臺北市	北投區	北投區明德路161號	25.1113183	121.52116	0	0	1	2	7	7	5	4	1	1	5	4	5	13	4	4	9	5	5	2	13	1	9	1	5	2	10	1		1	2	11	
113	2	26	14	41	臺北市	松山區	松山區堤外便道4號水門(成美左岸013)旁	25.05146915	121.5763079	0	0	2	2	7	7	8	22	22	1	5	4	5	13	4	4	9	4	5	2	3	1	9	8	4	1	20	1		1	2	11	
113	2	26	15	28	臺北市	信義區	信義區信義路5段與莊敬路口	25.0330417	121.5612274	0	0	1	2	8	6	5	4	18	1	5	4	5	13	2	1	1	4	5	2	3	1	5	1	7	2	4	1		1	3	8	
113	2	26	16	5	臺北市	中山區	中山區八德路2段191號前	25.0464707	121.5388108	0	0	1	2	7	5	5	14	9	1	5	4	5	13	4	4	5	4	5	2	13	4	9	1	3	1	10	1		2	2	11	
113	2	26	16	11	臺北市	中山區	中山區中山北路1段與市民大道2段口	25.0480615	121.5212938	0	0	1	2	7	5	5	3	1	1	5	4	5	13	3	1	1	4	5	2	15	4	1	1	3	1	8	1		1	3	8	
113	2	26	16	16	臺北市	內湖區	內湖區港墘路82巷與內湖路1段667巷口	25.0812611	121.5764289	0	0	1	2	7	5	5	3	1	1	5	4	5	13	1	1	5	5	5	2	3	1	9	1	7	9	8	2		2	3	2	
113	2	26	16	23	臺北市	萬華區	萬華區萬大路與萬大路90巷口	25.0302555	121.5004567	0	0	1	2	8	7	5	4	1	1	5	4	5	13	2	1	9	5	5	2	9	1	9	8	4	1	20	1		2	3	11	
113	2	26	16	27	臺北市	北投區	北投區泉源路與行義路口	25.1439945	121.5267365	0	0	1	2	7	7	5	4	1	1	5	4	5	13	1	1	5	4	5	2	16	1	5	1	7	1	8	1		1	3	6	
113	2	26	16	31	臺北市	萬華區	萬華區西藏路與萬大路口	25.0296043	121.5004823	0	0	1	2	8	5	5	4	1	1	5	4	5	13	1	1	8	3	4	1	13	1	9	3	7	1	18	1		1	3	1	
113	2	26	16	45	臺北市	內湖區	內湖區環山路2段109巷6弄與港墘路口	25.0832331	121.5781646	0	0	1	2	7	5	5	4	1	1	5	4	5	13	4	4	1	5	5	2	15	1	9	1	5	2	10	1		2	2	14	
113	2	26	16	54	臺北市	內湖區	內湖區內湖路1段671號	25.07990464	121.5759823	0	0	2	4	8	6	5	14	9	1	5	4	5	13	4	4	1	4	4	2	13	1	9	1	5	1	10	1		1	2	11	
113	2	26	16	57	臺北市	士林區	士林區延平北路5段與葫蘆街口	25.0841285	121.5099705	0	0	1	2	8	6	5	4	1	1	5	4	5	13	1	1	1	4	5	2	17	4	1	1	3	1	7	1		1	3	7	
113	2	26	17	7	臺北市	松山區	松山區市民大道4段37巷與市民大道4段口	25.0450656	121.545137	0	0	2	2	8	7	5	3	1	1	5	4	5	13	4	4	1	4	5	2	16	1	5	1	6	2	10	1		1	2	11	
113	2	26	17	10	臺北市	信義區	信義區基隆路1段176號	25.0431406	121.5655283	0	0	1	2	8	7	5	14	9	1	5	4	5	13	4	4	9	4	5	2	13	1	9	6	5	2	10	1		1	2	11	
113	2	26	17	30	臺北市	中正區	中正區中華路1段與延平南路95巷口口	25.0472638	121.5099763	0	0	1	2	8	5	5	14	9	1	5	4	5	13	4	4	9	4	4	1	16	1	8	1	6	2	10	1		2	2	14	
113	2	26	17	30	臺北市	文山區	文山區新光路2段圓環	25.00015733	121.5831876	0	0	1	2	6	6	5	18	9	1	4	4	5	13	3	1	1	4	5	2	13	1	9	1	6	1	10	1		1	2	17	
113	2	26	17	42	臺北市	文山區	文山區老泉街	24.9797651	121.5670475	0	0	1	2	6	5	5	14	9	1	4	4	5	13	4	4	10	5	5	2	17	1	9	1	5	1	10	1		2	2	12	
113	2	26	17	45	臺北市	大安區	大安區仁愛路4段37號	25.0380969	121.5464124	0	0	1	2	7	6	5	14	9	1	5	4	5	13	4	4	10	4	5	1	13	4	9	1	3	1	8	1		2	3	5	
113	2	26	17	56	臺北市	大同區	大同區塔城街與忠孝西路2段口	25.0485228	121.5102647	0	0	1	2	8	5	5	14	9	1	5	4	5	13	4	4	5	4	5	2	12	1	15	1	7	1	8	1		1	3	2	
113	2	26	18	18	臺北市	信義區	信義區松仁路246號附近側附近	25.0245625	121.5695971	0	0	2	2	6	5	5	14	9	1	4	4	5	13	4	4	9	5	5	2	3	1	9	1	6	2	10	1		1	2	11	
113	2	26	18	20	臺北市	中正區	中正區重慶南路1段與重慶南路1段136巷口	25.03633316	121.5124932	0	0	1	2	8	5	5	3	1	1	5	4	5	13	4	4	4	3	4	2	12	1	15	1	7	1	8	1		1	3	6	
113	2	26	18	29	臺北市	中山區	中山區遼寧街與遼寧街116巷口	25.0526938	121.5420522	0	0	1	2	8	5	5	3	1	1	5	4	5	13	4	4	10	5	5	2	1	1	6	1	7	1	8	1		1	3	1	
113	2	26	18	45	臺北市	北投區	北投區東華街2段296號前	25.1208364	121.5072753	0	0	1	4	7	5	5	14	9	1	5	4	5	13	4	4	9	4	5	2	12	1	7	1	5	2	11	1		2	3	14	
113	2	26	19	2	臺北市	大安區	大安區和平東路3段與基隆路2段口	25.0248285	121.5529892	0	0	1	4	7	5	5	5	1	1	5	4	5	13	2	1	10	5	5	2	17	4	9	1	3	1	10	1		1	3	11	
113	2	26	19	3	臺北市	南港區	南港區忠孝東路7段與忠孝東路7段265巷口	25.051789	121.6036493	0	0	2	2	7	5	5	3	2	1	5	4	5	13	2	1	9	4	5	2	13	1	9	1	6	1	10	1		2	2	11	
113	2	26	19	17	臺北市	士林區	士林區中山北路7段與中山北路7段181巷口	25.1246572	121.5324351	0	0	1	2	8	5	5	5	1	1	5	4	5	13	4	4	5	5	5	2	3	1	2	1	7	1	4	1		1	3	3	
113	2	26	19	40	臺北市	萬華區	萬華區萬大路143號	25.02884885	121.5005881	0	0	1	2	8	5	5	14	9	1	5	4	5	13	4	4	1	4	5	2	9	1	15	1	7	11	2	2		1	3	17	
113	2	26	19	45	臺北市	內湖區	內湖區舊宗路2段121巷與瑞湖街口	25.06898212	121.5764527	0	0	1	2	7	5	5	4	1	1	5	4	5	13	2	1	5	5	5	2	16	1	6	1	7	9	8	1		2	3	6	
113	2	26	20	12	臺北市	萬華區	萬華區西園路2段與西藏路口	25.0286234	121.4959052	0	0	2	2	8	5	5	4	2	1	5	4	5	13	2	1	1	4	5	2	13	1	8	1	6	1	10	1		1	2	13	
113	2	26	20	45	臺北市	大同區	大同區延平北路2段與涼州街口	25.060643	121.5113998	0	0	2	3	8	5	5	4	1	1	5	4	5	13	2	1	5	4	5	2	17	1	5	1	7	2	8	1		1	3	6	
113	2	26	21	7	臺北市	中山區	中山區建國北路1段與長安東路2段口	25.0483438	121.5369124	0	0	1	2	8	5	5	4	1	1	5	4	5	13	1	1	1	4	5	2	16	1	5	1	7	1	8	1		1	3	4	
113	2	26	21	49	臺北市	萬華區	萬華區萬大路與萬大路322巷口	25.02425928	121.5001742	0	0	1	2	8	5	5	4	1	1	5	4	5	13	1	1	1	4	5	2	17	1	5	1	7	1	4	1		1	3	5	
113	2	26	21	50	臺北市	大安區	大安區光復南路與光復南路692巷口口	25.0300129	121.5579435	0	0	1	2	8	5	5	14	9	1	5	4	5	13	2	1	1	4	1	2	13	4	9	1	3	1	4	1		1	3	5	
113	2	26	21	56	臺北市	信義區	信義區吳興街220巷與吳興街220巷11弄口	25.0274302	121.5627062	0	0	1	2	7	5	5	3	2	1	5	4	5	13	4	4	9	5	5	2	12	1	8	1	5	1	10	1		2	3	13	
113	2	26	22	7	臺北市	中山區	中山區林森北路與新生北路3段88巷口	25.05147355	121.5086674	0	0	2	2	8	5	5	5	1	1	5	4	5	13	4	4	5	5	5	2	16	1	6	1	5	1	10	1		1	2	12	
113	2	26	22	16	臺北市	南港區	南港區南港路1段與中南街口	25.0552073	121.615073	0	0	1	2	6	5	5	3	2	1	4	4	5	13	2	1	9	4	4	2	16	1	5	1	7	1	4	1		1	3	8	
113	2	26	22	18	臺北市	文山區	文山區萬盛街與羅斯福路5段97巷口	25.0056904	121.5409203	0	0	1	2	7	5	5	4	1	1	5	4	5	13	4	4	5	5	5	2	10	1	9	1	7	2	4	1		1	3	8	
113	2	26	22	39	臺北市	北投區	北投區復興四路6號	25.14161433	121.4996288	0	0	1	3	8	5	5	14	9	1	5	4	5	13	4	4	9	4	5	2	16	1	11	1	5	1	10	1		1	3	14	
113	2	26	23	51	臺北市	中山區	中山區中山北路1段與長安東路1段口	25.0498141	121.5217731	0	0	1	2	8	5	5	4	2	1	5	4	5	13	2	1	5	4	5	2	17	4	9	1	3	1	10	1		2	2	12	
113	2	27	0	41	臺北市	萬華區	萬華區堤外便道與桂林路口	25.0389907	121.4958654	0	0	2	2	8	5	7	4	1	1	5	4	5	13	1	1	1	5	5	2	17	1	15	1	5	1	10	1		1	2	12	
113	2	27	1	16	臺北市	中山區	中山區長春路與吉林路口	25.0548678	121.5301371	0	0	1	2	8	5	5	4	1	1	5	4	5	13	1	1	5	5	5	2	16	1	5	1	7	1	8	1		1	3	8	
113	2	27	3	0	臺北市	信義區	信義區吳興街549號	25.0229526	121.5695124	0	0	1	2	6	5	5	14	9	1	4	4	5	13	4	4	9	5	5	2	16	1	9	1	5	9	10	2		4	2	11	
113	2	27	5	6	臺北市	大同區	大同區酒泉街107號	25.0720564	121.5151911	0	0	1	2	7	5	5	14	9	1	5	4	5	13	4	4	5	2	5	2	3	5	16	8	4	10	20	1		1	2	16	
113	2	27	6	11	臺北市	大安區	大安區仁愛路3段與建國南路1段口	25.0382699	121.5376291	0	0	1	2	6	6	5	4	1	1	4	4	5	13	2	1	9	4	5	1	16	4	6	1	3	1	8	1		1	3	5	
113	2	27	7	6	臺北市	內湖區	內湖區五分街與五分街14巷口	25.0674928	121.6137433	0	0	1	2	6	6	5	4	1	1	4	4	5	13	4	4	9	5	5	2	17	1	9	1	6	1	9	1		1	3	12	
113	2	27	7	20	臺北市	南港區	南港區研究院路2段4號	25.0479947	121.6157761	0	0	1	2	6	7	5	14	9	1	4	4	5	13	4	4	1	4	5	1	13	4	9	3	5	1	18	1		1	2	11	
113	2	27	7	33	臺北市	士林區	士林區雨聲街與雨聲街165巷口	25.1024305	121.5335671	0	0	1	2	7	5	5	3	1	1	4	4	5	13	3	1	5	4	5	1	17	1	5	1	7	1	8	1		2	3	4	
113	2	27	7	42	臺北市	士林區	士林區承德路4段77巷與承德路4段口	25.0822124	121.5232416	0	0	1	2	6	5	5	5	1	1	4	4	5	13	2	1	1	4	1	1	17	1	5	1	7	2	8	1		1	3	5	
113	2	27	7	45	臺北市	萬華區	萬華區艋舺大道與西藏路口	25.0290967	121.491776	0	0	2	3	6	7	5	4	18	1	4	4	5	13	2	1	3	4	5	2	3	1	6	1	7	1	4	1		1	3	1	
113	2	27	7	46	臺北市	松山區	松山區敦化北路與民生東路3段口	25.0578198	121.548787	0	0	1	2	6	5	5	4	1	1	4	4	5	13	1	1	1	3	5	2	11	1	8	1	7	1	8	1		1	3	6	
113	2	27	8	0	臺北市	內湖區	內湖區港墘路與麗山街口	25.0831053	121.5782753	0	0	2	2	7	6	5	4	1	1	5	4	5	13	4	4	1	4	5	2	17	1	9	1	5	1	10	1		1	2	12	
113	2	27	8	3	臺北市	大安區	東往西方向(辛亥路3段330號對面)	25.01490732	121.5523906	0	0	1	2	6	6	5	14	9	1	4	4	5	13	4	4	1	4	5	2	13	1	9	1	7	1	8	1		1	3	1	
113	2	27	8	10	臺北市	大安區	大安區和平東路2段與新生南路3段口	25.0257457	121.5347897	0	0	1	2	6	6	5	4	2	1	4	4	5	13	2	1	3	4	3	1	11	1	9	1	5	1	9	1		1	2	11	
113	2	27	8	12	臺北市	信義區	信義區松隆路107號	25.0461787	121.5714418	0	0	1	2	8	5	5	14	9	1	4	4	5	13	4	4	1	4	5	2	16	1	6	1	7	1	8	1		1	3	6	
113	2	27	8	12	臺北市	內湖區	內湖區民權東路6段與民權東路6段90巷口	25.06902024	121.5859948	0	0	2	2	8	6	5	14	9	1	5	4	5	13	2	1	1	4	5	2	13	1	9	1	6	1	10	1		1	2	11	
113	2	27	8	21	臺北市	中正區	中正區中華路1段與寶慶路口	25.04211821	121.5084758	0	0	1	2	6	6	5	5	2	1	4	4	5	13	1	1	10	5	5	2	17	1	8	1	5	1	10	1		1	3	17	
113	2	27	8	29	臺北市	大同區	大同區重慶北路3段335巷2號	25.0745872	121.5141792	0	0	2	2	6	6	5	14	9	1	4	4	5	13	4	4	10	5	5	1	3	5	20	8	4	10	20	1		2	2	16	
113	2	27	8	30	臺北市	中山區	中山區林森北路568號前	25.0647644	121.525636	0	0	2	2	6	7	5	14	9	1	4	4	5	13	4	4	5	4	5	2	13	4	8	1	3	1	10	1		1	2	11	
113	2	27	8	37	臺北市	文山區	文山區木柵路5段100號	24.99935864	121.5912509	0	0	1	2	6	6	5	14	9	1	4	4	5	13	4	4	5	4	5	1	17	1	1	1	7	1	8	1		1	3	7	
113	2	27	8	50	臺北市	大安區	大安區敦化南路1段247巷與敦化南路1段口	25.0389107	121.5490937	0	0	1	2	6	6	5	3	1	1	4	4	5	13	4	4	1	4	5	2	17	1	6	1	7	1	8	1		2	3	5	
113	2	27	9	11	臺北市	中山區	中山區北安路與大直街口	25.08417017	121.549284	0	0	1	3	7	6	5	4	2	1	5	4	5	13	1	1	3	4	5	2	12	1	9	1	5	1	10	1		1	2	11	14
113	2	27	9	13	臺北市	中正區	中正區思源街16號與思源街口16號對面與無名巷口	25.01400982	121.5309592	0	0	1	3	8	6	5	3	2	1	4	4	5	13	4	4	1	4	5	1	17	1	9	1	6	2	10	1		1	2	11	
113	2	27	9	52	臺北市	大安區	大安區大安路1段與復興南路1段107巷口口	25.0435813	121.5461681	0	0	1	2	6	6	5	4	1	1	4	4	5	13	4	4	10	4	5	2	17	1	9	1	7	1	8	1		1	3	17	
113	2	27	9	53	臺北市	中正區	中正區重慶南路3段81號	25.0254816	121.5165124	0	0	1	2	7	7	5	14	9	1	4	4	5	13	1	1	1	4	5	2	17	1	7	1	5	2	11	1		2	2	14	
113	2	27	10	7	臺北市	松山區	松山區敦化北路165巷與敦化北路155巷66弄口	25.0547149	121.5513361	0	0	2	2	6	5	5	4	2	1	4	4	5	13	4	4	9	5	5	2	16	1	5	1	5	1	10	1		1	2	12	
113	2	27	10	57	臺北市	士林區	士林區中山北路5段500號	25.09299	121.5280494	0	0	1	3	6	5	8	14	8	1	4	4	5	13	4	4	4	5	1	1	29	1	15	1	5	1	10	1		1	2	12	
113	2	27	11	20	臺北市	內湖區	內湖區內湖路1段與麗山街口	25.08117708	121.5723056	0	0	1	3	7	5	5	3	2	1	5	4	5	13	2	1	1	4	5	2	17	1	11	1	7	1	4	1		1	3	8	11
113	2	27	11	39	臺北市	北投區	北投區中央北路3段與中央北路3段40巷口	25.1382022	121.4857281	0	0	2	2	7	5	5	3	1	1	5	4	5	13	2	1	5	4	4	2	16	1	9	1	7	11	8	2		1	2	4	
113	2	27	11	58	臺北市	文山區	文山區興隆路3段112巷與興隆路3段192巷2弄口	24.9985952	121.5571169	0	0	1	2	6	6	5	4	1	1	4	4	5	13	4	4	10	5	5	2	16	1	6	1	7	1	4	1		1	3	8	
113	2	27	12	53	臺北市	大同區	大同區延平北路3段與延平北路3段61巷口	25.0656602	121.5110136	0	0	2	2	7	7	5	3	2	1	5	4	5	13	4	4	5	4	5	2	3	5	16	8	4	10	20	1		2	2	16	
113	2	27	13	22	臺北市	南港區	南港區南港路1段與興中路口	25.0545703	121.6075758	0	0	1	2	6	7	5	4	2	1	4	4	5	13	2	1	5	4	5	2	16	1	6	1	7	1	8	1		2	3	6	
113	2	27	13	29	臺北市	中正區	中正區金門街與金門街24巷口	25.0215058	121.5230973	0	0	1	2	7	7	5	4	1	1	5	4	5	13	4	4	10	5	5	2	17	1	9	1	5	1	10	1		1	2	12	
113	2	27	13	40	臺北市	中山區	中山區北安路139號(忠烈祠)對面	25.077997	121.5325623	0	0	1	2	8	6	5	14	9	1	5	4	5	13	4	4	1	4	5	2	12	4	9	1	3	2	8	1		1	3	2	
113	2	27	13	49	臺北市	中山區	中山區合江街105巷	25.05985704	121.539235	0	0	2	2	8	5	5	14	9	1	5	4	5	13	4	4	5	5	5	2	16	4	5	1	3	1	10	1		1	2	14	
113	2	27	14	30	臺北市	內湖區	內湖區堤頂大道1段與民權東路6段口	25.06507292	121.572416	0	0	1	3	7	7	5	3	1	1	5	4	5	13	1	1	1	4	5	1	16	1	9	1	7	2	8	1		1	3	1	
113	2	27	15	7	臺北市	中正區	中正區中山南路與信義路1段口	25.03870355	121.5179789	0	0	2	3	8	6	5	5	1	1	5	4	5	13	1	1	10	5	5	2	16	1	6	1	5	1	10	1		1	2	14	
113	2	27	15	31	臺北市	松山區	松山區八德路4段與東寧路口	25.0486397	121.5625261	0	0	1	2	8	7	8	4	1	1	5	4	5	13	1	1	9	4	5	2	16	1	5	8	4	2	20	1		2	2	14	
113	2	27	16	22	臺北市	中正區	中正區重慶南路1段與沅陵街口	25.0427472	121.5132304	0	0	1	2	7	7	5	3	1	1	5	4	5	13	4	4	9	4	5	1	12	1	11	1	7	2	8	1		1	3	8	
113	2	27	16	37	臺北市	大安區	大安區市民大道4段30號	25.0449149	121.5451244	0	0	1	3	7	5	5	14	6	1	5	4	5	13	4	4	1	4	5	2	17	1	5	1	5	1	10	1		1	3	13	
113	2	27	16	43	臺北市	松山區	松山區富錦街第2020042號燈桿旁	25.06036573	121.5558943	0	0	1	4	7	7	5	14	9	1	5	4	5	13	4	4	5	4	5	2	11	1	7	1	7	2	8	1		2	2	1	
113	2	27	16	56	臺北市	內湖區	內湖區南湖大橋與安康路口	25.064937	121.6110268	0	0	1	2	7	6	5	5	1	1	5	4	5	13	1	1	2	4	5	1	15	4	9	1	3	1	10	1		1	3	2	
113	2	27	17	29	臺北市	中正區	中正區中華路2段313巷19號	25.0285131	121.5064885	0	0	1	2	7	5	5	14	9	1	5	4	5	13	4	4	9	5	5	2	2	1	9	1	5	2	9	1		1	3	11	
113	2	27	17	31	臺北市	中山區	中山區建國北路3段與建國北路3段113巷口	25.05603304	121.5492386	0	0	1	5	8	5	5	3	1	1	5	4	5	13	1	1	5	5	5	2	17	4	6	1	3	9	8	1		1	4	17	
113	2	27	17	35	臺北市	大安區	大安區金山南路2段與愛國東路口	25.0318163	121.5267724	0	0	1	2	7	6	5	4	2	1	5	4	5	13	2	1	1	4	5	2	17	1	6	1	6	2	10	1		1	3	12	
113	2	27	17	36	臺北市	大安區	大安區復興南路2段210巷5弄與復興南路2段160巷口	25.0278402	121.5427786	0	0	1	2	8	5	5	4	1	1	5	4	5	12	4	4	10	5	5	2	17	1	9	1	2	1	8	1		2	3	1	
113	2	27	17	58	臺北市	內湖區	內湖區成功路5段大湖公園捷運站2號出口	25.08341502	121.6027517	0	0	1	3	6	5	5	14	7	1	4	4	5	13	4	4	1	4	4	2	12	1	1	1	7	1	8	1		2	3	8	
113	2	27	18	11	臺北市	萬華區	萬華區寶興街127號	25.0250667	121.4947955	0	0	1	4	8	5	5	14	9	1	5	4	5	13	4	4	8	3	5	2	17	1	9	1	5	1	10	1		2	3	11	
113	2	27	18	14	臺北市	萬華區	萬華區中華路2段364巷與中華路2段364巷24弄口	25.02864985	121.5040369	0	0	1	2	8	5	5	4	1	1	5	4	5	13	1	1	5	5	5	2	3	4	6	1	7	1	8	1		1	3	5	
113	2	27	18	41	臺北市	士林區	士林區中正路與延平北路5段口	25.0868183	121.509184	0	0	1	2	8	5	5	4	2	1	5	4	5	13	1	1	1	4	5	1	16	4	5	1	3	1	10	1		1	3	14	
113	2	27	19	8	臺北市	北投區	北投區中央北路4段380號	25.12976156	121.4713258	0	0	2	3	8	5	5	14	9	1	5	4	5	13	4	4	5	4	5	2	17	1	11	1	7	1	8	1		1	3	4	
113	2	27	19	12	臺北市	大同區	大同區承德路3段與庫倫街口	25.0722041	121.5185785	0	0	1	2	8	5	5	5	1	1	5	4	5	13	2	1	3	4	5	2	13	1	12	8	4	2	20	1		2	2	11	
113	2	27	19	50	臺北市	內湖區	內湖區民權東路6段58號	25.06875546	121.5846246	0	0	1	2	7	6	5	14	8	1	5	4	5	13	4	4	9	4	4	2	16	1	8	1	6	1	10	1		1	3	13	
113	2	27	20	13	臺北市	松山區	松山區敦化北路199號	25.0558634	121.5498098	0	0	1	2	7	5	5	14	9	1	5	4	5	13	4	4	9	4	5	2	17	1	2	1	7	1	8	1		1	3	3	
113	2	27	20	16	臺北市	中正區	中正區林森北路與林森北路9巷口	25.045828	121.5236384	0	0	2	2	8	5	5	3	1	1	5	4	5	13	4	4	7	4	5	2	13	1	9	1	5	2	10	1		2	2	11	
113	2	27	20	20	臺北市	大同區	大同區南京西路與太原路口	25.0536984	121.5161965	0	0	1	2	7	5	5	4	2	1	5	4	5	13	2	1	1	4	4	2	17	4	6	1	3	1	10	1		1	2	12	
113	2	27	21	30	臺北市	大安區	大安區基隆路2段144巷	25.0281283	121.557016	0	0	1	2	8	5	5	14	9	1	5	4	5	13	4	4	5	4	5	2	13	4	21	7	3	11	19	2		4	4	15	
113	2	27	22	30	臺北市	大同區	大同區赤峰街41巷與赤峰街口	25.0548851	121.5196083	0	0	3	3	7	5	5	5	1	1	5	4	5	13	4	4	10	5	5	2	15	1	9	1	6	1	10	1		2	2	11	
113	2	27	22	40	臺北市	南港區	南港區惠民街與南港路1段口	25.0550187	121.6102564	0	0	2	2	7	5	5	3	2	1	5	4	5	13	1	1	5	4	5	2	17	1	5	1	5	1	10	2		2	2	11	
113	2	27	22	53	臺北市	文山區	文山區羅斯福路5段20號	25.00932209	121.5374631	0	0	1	2	8	5	5	14	9	1	5	4	5	13	4	4	1	4	5	2	17	1	1	1	7	1	8	1		1	3	4	
113	2	27	22	55	臺北市	士林區	士林區百齡橋東向西	25.0878819	121.5116396	0	0	4	5	8	5	5	14	9	1	5	4	5	13	4	4	1	4	5	1	23	1	9	3	7	2	18	1		1	2	1	
113	2	27	23	11	臺北市	大安區	大安區和平東路3段與基隆路2段口	25.0244031	121.5524629	0	0	2	3	8	5	5	4	1	1	5	4	5	13	2	1	1	4	5	1	16	4	6	1	3	1	8	1		1	3	5	
113	2	28	2	43	臺北市	中山區	中山區中山北路2段與民生西路口	25.05804347	121.5224423	0	0	1	2	7	5	5	4	2	1	5	4	5	13	1	1	1	3	5	1	16	1	5	6	7	1	8	1		1	3	1	
113	2	28	6	0	臺北市	大安區	大安區樂利路86巷與樂利路口口	25.025456	121.5525433	0	0	1	2	8	5	5	3	1	1	5	4	5	13	4	4	5	4	5	2	16	4	6	6	3	1	18	1		1	3	8	
113	2	28	7	37	臺北市	大安區	大安區敦化南路1段295巷與仁愛路4段112巷口	25.0354834	121.5496632	0	0	1	2	7	6	5	4	1	1	5	4	5	13	4	4	10	5	5	2	15	1	9	3	7	1	18	1		1	3	4	
113	2	28	8	11	臺北市	大同區	大同區重慶北路3段與民權西路口	25.0631004	121.5145499	0	0	2	2	8	6	5	4	2	1	5	4	5	13	2	1	1	2	5	2	12	4	9	1	5	1	10	1		1	2	14	
113	2	28	8	27	臺北市	內湖區	內湖區新湖二路146巷33號	25.06372519	121.5785219	0	0	1	2	8	6	5	14	9	1	4	4	1	13	4	4	9	4	5	1	3	5	16	8	4	10	20	1		1	2	16	
113	2	28	8	34	臺北市	文山區	文山區木柵路1段355號	24.98874186	121.5578031	0	0	1	2	8	6	5	14	9	1	5	4	5	13	2	1	5	4	5	1	13	1	9	1	6	1	10	1		1	2	11	
113	2	28	9	39	臺北市	文山區	文山區興隆路3段與興隆路3段221巷口口	25.00002926	121.5468805	0	0	1	2	8	6	5	3	2	1	5	4	5	13	4	4	10	5	5	2	16	1	6	1	6	1	10	1		2	2	13	
113	2	28	10	0	臺北市	內湖區	內湖區成功交流道圓環西南角	25.058883	121.5801905	0	0	3	3	8	6	5	18	9	1	5	4	5	13	2	1	1	4	5	2	17	1	9	1	6	1	10	1		1	2	11	
113	2	28	10	11	臺北市	北投區	北投區西安街2段353號	25.12090699	121.5046144	0	0	1	3	8	6	5	14	9	1	5	4	5	13	4	4	10	4	5	2	12	1	7	1	5	1	10	1		1	2	14	
113	2	28	10	13	臺北市	萬華區	萬華區艋舺大道與和平西路2段口	25.0337904	121.5047078	0	0	1	2	8	7	5	4	1	1	5	4	5	13	1	1	1	4	5	1	17	1	6	6	7	2	8	1		1	3	2	
113	2	28	10	44	臺北市	北投區	北投區承德路7段32巷與承德路7段口口	25.1109884	121.5111905	0	0	1	2	8	5	5	3	1	1	5	4	5	13	1	1	1	4	4	2	16	1	6	1	5	1	10	1		2	2	12	
113	2	28	11	25	臺北市	中山區	中山區民族東路117號	25.0681892	121.5388052	0	0	1	2	8	5	5	14	7	1	5	4	5	13	4	4	1	4	4	2	13	1	9	2	6	1	18	1		2	2	11	
113	2	28	11	25	臺北市	內湖區	內湖區成功路2段488號前	25.0733032	121.5897947	0	0	1	2	8	6	5	14	9	1	5	4	5	13	2	1	1	4	5	2	12	1	7	1	7	2	8	1		1	3	2	
113	2	28	11	40	臺北市	內湖區	內湖區金龍路與內湖路2段口	25.08500151	121.5925229	0	0	3	3	7	5	5	4	2	1	5	4	5	13	1	1	5	5	5	2	9	1	1	1	5	2	10	1		2	2	14	
113	2	28	11	45	臺北市	大同區	大同區重慶北路2段與涼州街口口	25.0607846	121.5132879	0	0	2	3	8	6	5	4	2	1	5	4	5	13	2	1	8	1	5	2	16	1	5	1	6	9	10	1		1	2	11	
113	2	28	12	15	臺北市	大同區	大同區大龍街與昌吉街口	25.06584662	121.516031	0	0	2	2	8	5	5	4	1	1	5	4	5	13	2	1	7	4	5	1	16	1	5	1	5	1	10	1		1	2	14	
113	2	28	12	40	臺北市	中山區	中山區長安東路1段與新生北路1段口	25.0484018	121.5297125	0	0	1	2	7	6	5	4	1	1	5	4	5	13	1	1	5	4	5	2	16	1	5	1	7	2	8	1		1	3	5	
113	2	28	13	28	臺北市	南港區	南港區經貿二路62巷與經貿二路口側附近62巷5弄口	25.0569559	121.6152871	0	0	2	3	8	6	5	3	1	1	5	4	5	13	4	4	9	4	5	2	16	1	5	1	7	1	14	1		1	3	1	
113	2	28	13	34	臺北市	中正區	中正區市民高架道與金山北路1段口(往東下新生南路)	25.04611327	121.5305855	0	0	1	2	7	5	5	10	9	1	5	4	5	13	4	4	9	4	5	1	13	4	9	1	7	2	8	1		2	2	1	
113	2	28	13	59	臺北市	士林區	士林區通河西街1段與百齡橋口堤外便道槌球場南側停車場出入口處	25.0859238	121.5126559	0	0	1	2	7	6	5	3	2	1	5	4	5	13	4	4	10	5	5	2	16	1	1	1	7	1	8	1		1	3	5	