年	月	日	時	分	縣市	行政區	allLocation	GoogleLat	GoogleLng	死	2-30	受傷	當事人數	天候	道路照明設備	道路類別	道路型態	事故位置	路面狀況1	路面狀況2	路面狀況3	道路障礙1	道路障礙2	號誌1	號誌2	車道劃分-分向	車道劃分-分道1	車道劃分-分道2	車道劃分-分道3	事故類型及型態	行動電話	當事者行動狀態	駕駛資格情形	保護裝置	飲酒情形	駕駛執照種類	個人肇逃否	肇因碼-主要	性別	受傷程度	車輛撞擊部位1	車輛撞擊部位2
113	2	28	14	31	臺北市	北投區	北投區大度路3段270巷與立功街55巷口	25.1248074	121.4674746	0	0	2	3	7	6	5	4	1	1	5	4	5	13	4	4	10	4	5	2	15	1	9	1	7	1	8	1		1	3	2	14
113	2	28	14	41	臺北市	中正區	中正區忠孝東路2段62號	25.0433071	121.5285255	0	0	1	3	8	6	5	14	9	1	5	4	5	13	1	1	1	2	4	2	17	1	9	1	7	2	2	1		1	3	17	
113	2	28	14	51	臺北市	中山區	中山區建國北路3段與松江路口	25.0676164	121.5334181	0	0	1	2	7	6	5	3	2	1	5	4	5	13	2	1	8	3	5	1	16	1	9	1	5	1	10	1		2	2	14	
113	2	28	15	15	臺北市	士林區	士林區士東路200巷58弄與忠誠路2段21巷45弄口	25.1104567	121.5328859	0	0	2	2	7	7	5	4	1	1	5	4	5	13	4	4	10	4	5	1	17	1	9	1	5	2	10	1		1	2	12	
113	2	28	15	32	臺北市	北投區	北投區尊賢街245巷7號	25.1172639	121.5067022	0	0	1	3	7	6	5	14	9	1	5	4	5	13	4	4	10	5	5	2	9	1	14	1	7	2	8	1		1	3	2	12
113	2	28	15	44	臺北市	士林區	士林區天母西路與中山北路6段口	25.04847309	121.5183568	0	0	2	3	8	5	5	5	1	1	5	4	5	13	2	1	1	4	5	1	17	1	9	1	5	1	10	2		4	2	12	
113	2	28	15	57	臺北市	萬華區	萬華區堤外便道與富民路口水門口	25.03514832	121.5071159	0	0	2	3	7	6	5	3	2	1	5	4	5	13	4	4	9	4	5	1	17	4	6	1	3	1	10	1		1	2	12	
113	2	28	16	17	臺北市	士林區	士林區社正路與社中街口	25.0889423	121.510605	0	0	1	2	7	7	5	4	1	1	5	4	5	13	2	1	5	5	5	2	16	1	5	1	6	1	10	1		2	2	13	
113	2	28	17	23	臺北市	萬華區	萬華區內江街與昆明街口	25.041501	121.5046313	0	0	1	2	8	7	5	4	2	1	5	4	5	13	2	1	10	3	5	2	3	1	6	1	7	2	8	1		1	3	1	
113	2	28	17	36	臺北市	中山區	中山區新生北路2段58巷與長春路61巷口	25.05535527	121.5263626	0	0	2	2	7	5	5	4	1	1	5	4	5	13	4	4	10	5	5	2	15	1	9	1	6	1	10	1		1	2	11	14
113	2	28	17	40	臺北市	士林區	士林區長春街與光華路附近口	25.13744073	121.5431581	0	0	1	2	7	5	5	11	9	1	5	4	5	13	4	4	10	4	5	1	17	1	9	1	7	2	8	1		1	3	1	
113	2	28	18	21	臺北市	中正區	中正區基隆路4段160-1號	25.01066228	121.5352812	0	0	1	2	8	5	5	14	9	1	5	4	5	13	4	4	1	4	5	1	17	1	9	1	6	1	10	1		1	3	14	
113	2	28	19	34	臺北市	大安區	大安區忠孝東路4段181巷與敦化南路1段177巷口	25.0429454	121.5511611	0	0	1	2	8	5	5	4	1	1	5	4	5	13	4	4	1	5	5	2	15	1	9	1	7	1	8	1		1	3	1	
113	2	28	19	55	臺北市	松山區	松山區八德路3段199巷與八德路3段199巷4弄口	25.0486488	121.5563175	0	0	1	2	8	5	5	4	1	1	5	4	5	13	4	4	10	5	5	2	15	1	9	1	7	1	8	1		2	3	5	
113	2	28	20	25	臺北市	南港區	南港區忠孝東路6段與忠孝東路6段81巷口	25.0478536	121.5847672	0	0	4	6	8	5	5	3	2	1	5	4	5	13	4	4	5	4	4	2	13	1	9	1	5	1	10	1		2	2	11	
113	2	28	20	33	臺北市	大安區	大安區仁愛路4段71巷與敦化南路1段270巷口	25.0389718	121.5471278	0	0	1	2	7	5	5	4	1	1	5	4	5	13	4	4	10	5	5	2	15	1	9	1	6	1	10	1		1	3	14	
113	2	28	21	36	臺北市	大安區	大安區市民大道3段208號	25.0444662	121.540246	0	0	1	2	8	5	5	14	9	1	5	4	5	13	4	4	5	4	5	2	16	1	7	1	7	1	8	1		1	3	2	
113	2	28	22	1	臺北市	大同區	大同區忠孝橋機慢車道	25.0488678	121.5070898	0	0	1	2	7	5	5	14	11	1	5	4	5	13	4	4	1	4	5	2	13	4	9	1	3	1	10	1		1	3	11	
113	2	28	22	5	臺北市	中正區	中正區南海路與牯嶺街口	25.0320129	121.5150054	0	0	1	3	8	5	5	4	1	1	5	4	5	13	2	1	10	4	5	2	12	1	15	1	5	1	10	1		1	3	14	
113	2	28	22	42	臺北市	北投區	北投區承德路7段384號	25.1190127	121.5022746	0	0	2	4	7	5	5	14	9	1	5	4	5	13	4	4	1	4	5	2	13	1	9	1	5	2	9	1		1	2	11	
113	2	29	0	50	臺北市	大同區	大同區鄭州路與太原路11巷口	25.0490106	121.5156815	0	0	1	2	7	5	5	3	1	1	5	4	5	13	4	4	1	4	5	2	17	1	1	1	7	1	8	1		1	3	8	
113	2	29	1	25	臺北市	內湖區	內湖區康樂街217號	25.07652257	121.6222981	0	0	1	2	7	5	5	11	9	1	5	4	5	13	4	4	5	5	5	2	17	1	5	1	6	8	10	1		2	2	12	
113	2	29	6	14	臺北市	信義區	信義區忠孝東路5段與忠孝東路5段71巷口	25.0411828	121.5673341	0	0	1	2	8	5	5	14	9	1	5	4	5	13	4	4	1	4	5	2	16	1	6	1	7	1	8	1		2	3	5	
113	2	29	7	40	臺北市	大同區	大同區酒泉街與迪化街2段口	25.0720436	121.5127804	0	0	1	2	8	7	5	3	1	1	5	4	5	13	2	1	5	4	5	2	16	1	11	1	7	2	8	1		1	3	5	
113	2	29	7	44	臺北市	大安區	大安區基隆路3段與辛亥路3段口	25.0195031	121.5468835	0	0	1	2	7	6	5	5	1	1	5	4	5	13	2	1	1	4	5	2	12	1	8	6	5	1	10	1		1	2	13	
113	2	29	8	3	臺北市	中正區	中正區重慶南路1段122號對面公車停靠區	25.0374575	121.5127996	0	0	1	3	8	6	5	14	9	1	5	4	5	13	4	4	7	4	5	2	17	1	9	1	5	1	10	1		1	3	14	
113	2	29	8	38	臺北市	中山區	中山區明水路與北安路口	25.07764901	121.538705	0	0	2	2	8	5	5	4	1	1	5	4	5	13	1	1	1	4	5	2	13	1	9	1	6	1	10	1		1	2	11	
113	2	29	8	45	臺北市	中正區	中正區信義路1段與紹興南街口	25.03609677	121.5227867	0	0	1	2	8	5	5	3	2	1	5	4	5	13	1	1	5	4	1	1	17	1	8	6	7	1	4	1		1	3	3	
113	2	29	8	47	臺北市	松山區	松山區民生東路5段與撫遠街口	25.05929326	121.5684391	0	0	1	2	8	6	5	14	9	1	5	4	5	13	2	1	9	4	5	2	13	1	9	1	5	1	10	1		1	2	11	
113	2	29	8	50	臺北市	中山區	中山區北安路與明水路口	25.0776764	121.5385777	0	0	2	2	8	6	5	3	2	1	5	4	5	13	1	1	3	4	5	2	13	1	9	1	5	1	10	1		2	2	11	14
113	2	29	9	9	臺北市	內湖區	內湖區康寧路3段245巷與安康路口	25.0661561	121.6136869	0	0	1	2	8	6	5	4	1	1	5	4	5	12	1	1	5	4	5	1	17	1	6	1	7	1	4	1		1	3	5	
113	2	29	9	15	臺北市	大安區	大安區忠孝東路3段251巷3弄5號	25.0423419	121.541914	0	0	1	2	8	6	5	14	9	1	5	4	5	13	4	4	10	4	5	2	1	5	16	8	4	10	20	1		1	2	16	
113	2	29	9	24	臺北市	士林區	士林區至善路1段與臨溪路口	25.09711209	121.5424245	0	0	1	2	8	6	5	3	2	1	5	4	5	13	2	1	1	4	5	2	16	1	6	1	7	1	8	1		1	3	5	
113	2	29	9	34	臺北市	北投區	北投區承德路7段與承德路7段344巷口	25.1173078	121.5037645	0	0	2	2	8	6	5	14	7	1	5	4	5	13	2	1	1	4	4	1	13	1	9	1	5	1	10	1		1	2	12	
113	2	29	9	45	臺北市	中正區	中正區市民大道2段往東(229號燈桿前迴轉道)	25.04639114	121.5288985	0	0	1	3	8	6	5	14	6	1	5	4	5	13	4	4	1	4	5	2	16	1	7	1	5	11	10	2		4	3	14	
113	2	29	10	0	臺北市	大安區	大安區基隆路3段與基隆路3段155巷口	25.0158216	121.5427901	0	0	1	3	8	6	5	4	2	1	5	4	5	13	1	1	1	2	4	2	16	1	7	1	5	1	10	1		1	2	14	
113	2	29	10	4	臺北市	信義區	信義區永吉路30巷與忠孝東路5段165巷3弄口	25.0415738	121.5686649	0	0	2	2	8	7	5	4	1	1	5	4	5	13	4	4	9	5	5	2	15	1	9	1	5	2	10	1		2	2	11	
113	2	29	10	9	臺北市	中正區	中正區中山南路與中山南路2巷口口	25.0450226	121.519245	0	0	2	2	8	5	5	3	2	1	5	4	5	13	4	4	1	4	5	2	13	2	9	3	6	1	18	1		1	2	11	
113	2	29	10	30	臺北市	文山區	文山區木新路2段299巷與木新路2段299巷1弄口口	24.98252414	121.5653932	0	0	1	2	8	6	5	3	1	1	5	4	5	10	4	4	10	5	5	2	15	1	9	1	7	1	8	1		2	3	1	
113	2	29	10	36	臺北市	中正區	中正區重慶南路2段與重慶南路2段6巷口	25.0343766	121.5127631	0	0	1	2	8	6	5	3	1	1	5	4	5	13	3	1	1	2	5	2	17	1	5	1	7	2	8	1		1	3	5	
113	2	29	10	45	臺北市	內湖區	內湖區成功路2段與民權東路6段口東南角	25.06846708	121.5909068	0	0	2	2	8	5	5	3	2	1	5	4	5	13	4	4	7	2	4	2	16	1	6	1	5	2	10	1		1	2	12	
113	2	29	11	0	臺北市	文山區	文山區秀明路1段185巷與秀明路1段口	24.99151079	121.5683596	0	0	1	2	8	6	5	3	2	1	5	4	5	13	4	4	1	4	4	2	16	1	1	1	6	1	10	1		1	2	14	
113	2	29	11	29	臺北市	萬華區	萬華區堤外便道往北中興橋下(DSR-347牌面前)	25.0310277	121.4882697	0	0	2	4	8	6	5	14	11	1	5	4	5	13	4	4	3	4	5	1	10	1	12	1	5	1	10	1		1	2	11	
113	2	29	11	33	臺北市	北投區	北投區中央北路2段與文化三路口	25.136736	121.4962758	0	0	1	2	8	6	5	3	2	1	5	4	5	13	2	1	5	5	5	2	13	1	1	1	7	1	4	1		1	3	1	
113	2	29	11	50	臺北市	中山區	中山區新生北路3段與農安街口迴轉道	25.06430223	121.5275993	0	0	1	2	7	6	5	3	2	1	5	4	5	13	4	4	1	4	4	2	17	1	5	1	7	2	8	1		2	3	17	
113	2	29	12	10	臺北市	信義區	信義區忠孝東路5段6號1段	25.0404734	121.5642586	0	0	1	2	8	6	5	14	9	1	5	4	5	13	2	1	1	4	1	2	13	1	9	1	7	1	4	1		1	3	1	
113	2	29	12	20	臺北市	北投區	北投區裕民一路21號	25.1167217	121.5166333	0	0	1	2	7	5	5	14	13	1	5	4	5	13	4	4	9	4	5	2	2	5	16	8	4	10	20	1		1	2	16	
113	2	29	12	35	臺北市	中正區	中正區汀州路3段60巷與汀州路3段口	25.0156765	121.5313959	0	0	1	2	8	6	5	4	1	1	5	4	5	13	1	1	5	4	5	2	13	1	9	1	7	1	8	1		2	3	8	
113	2	29	12	37	臺北市	士林區	士林區忠誠路2段40巷14弄與士東路口	25.11218104	121.5299569	0	0	1	2	8	6	5	3	18	1	5	4	5	8	4	4	10	5	5	2	9	4	6	1	3	2	4	1		1	3	1	
113	2	29	12	38	臺北市	士林區	士林區中山北路5段465號	25.09276989	121.5277481	0	0	1	2	8	6	5	14	9	1	5	4	5	13	4	4	4	4	1	1	17	4	7	7	3	11	10	2		1	4	15	
113	2	29	12	39	臺北市	大安區	大安區光復南路與光復南路456巷口	25.0335767	121.5574058	0	0	2	2	8	6	5	14	9	1	5	4	5	13	4	4	9	4	5	1	13	4	8	1	6	1	10	1		1	2	13	
113	2	29	13	5	臺北市	中正區	中正區和平西路1段與重慶南路3段口	25.0273244	121.5161539	0	0	1	3	8	6	5	5	1	1	5	4	5	13	1	1	1	4	5	2	17	1	6	1	5	1	10	1		1	2	12	
113	2	29	13	9	臺北市	士林區	士林區中正路與百齡橋口	25.0904021	121.515255	0	0	1	2	8	5	5	3	2	1	5	4	5	13	4	4	3	4	5	2	17	1	9	1	6	2	10	1		2	2	12	
113	2	29	13	17	臺北市	文山區	文山區木柵路4段161號	24.9998825	121.5758549	0	0	1	2	8	6	5	14	9	1	5	4	5	13	4	4	4	4	5	1	17	1	9	1	6	1	10	1		1	2	14	
113	2	29	13	24	臺北市	文山區	文山區溪洲街43號	25.00622804	121.5341942	0	0	2	3	8	6	5	11	9	1	5	4	5	13	4	4	9	5	5	2	17	1	9	1	7	11	8	1		1	3	17	
113	2	29	14	19	臺北市	大同區	大同區延平北路2段272巷與安西街口	25.0620841	121.5097531	0	0	2	2	7	6	5	4	1	1	5	4	5	13	4	4	10	5	5	2	15	4	9	1	5	2	10	1		1	2	11	
113	2	29	14	24	臺北市	大同區	大同區寧夏路與重慶北路2段73巷口	25.056215	121.5153404	0	0	2	2	7	6	5	3	2	4	5	4	5	13	4	4	1	5	5	2	17	1	15	8	4	1	20	1		1	2	11	
113	2	29	14	59	臺北市	大同區	大同區民族西路與民族西路32巷口	25.0684479	121.5195458	0	0	2	2	7	6	5	4	2	1	5	4	5	13	2	1	8	3	5	1	16	1	6	1	7	1	8	1		2	2	2	
113	2	29	15	2	臺北市	北投區	北投區中央北路4段第94號停車格前	25.12759236	121.467269	0	0	1	3	8	6	5	14	9	1	5	4	5	13	4	4	5	4	5	2	12	1	9	1	2	2	8	2		1	3	6	
113	2	29	15	22	臺北市	松山區	松山區市民大道6段與松山路口	25.0494938	121.5778991	0	0	2	2	7	6	5	4	2	1	5	4	5	13	1	1	1	3	5	2	16	1	5	1	6	1	10	1		1	2	14	
113	2	29	15	26	臺北市	文山區	文山區辛亥路7段與光輝路21巷口口	24.9855096	121.5538049	0	0	2	2	7	6	5	3	1	1	4	4	5	13	1	1	5	4	4	2	16	1	5	1	6	1	10	1		1	2	12	
113	2	29	15	46	臺北市	中正區	中正區金山南路1段與齊東街口	25.04265304	121.5295968	0	0	2	3	7	6	5	4	1	1	5	4	5	12	4	4	10	5	5	2	16	4	15	1	7	2	8	1		1	3	1	
113	2	29	16	28	臺北市	中山區	中山區南京東路2段與松江路口	25.0520377	121.5328461	0	0	1	2	8	5	5	4	2	1	5	4	5	13	2	1	3	4	5	2	9	4	12	1	3	1	2	1		1	3	17	
113	2	29	16	28	臺北市	士林區	士林區基河路21號	25.08698302	121.5244363	0	0	1	5	6	6	5	14	9	1	4	4	3	10	4	4	9	4	5	2	17	1	1	1	7	1	8	1		2	3	8	
113	2	29	16	33	臺北市	信義區	信義區永吉路525號	25.0454536	121.5804094	0	0	3	3	8	6	5	14	8	1	5	4	5	13	4	4	1	4	4	2	13	1	21	8	4	1	20	1		1	2	13	
113	2	29	16	49	臺北市	中山區	中山區南京東路1段35號林森公園地下停車場出入口	25.0522293	121.5277947	0	0	1	2	7	6	5	14	7	1	5	4	5	13	4	4	10	3	4	1	12	1	9	6	5	1	10	1		1	2	11	
113	2	29	16	50	臺北市	信義區	信義區基隆路2段151-7號	25.02625746	121.5548217	0	0	2	4	7	5	7	14	9	1	5	4	5	13	4	4	10	4	5	2	12	1	9	6	5	2	10	1		1	2	14	
113	2	29	17	8	臺北市	南港區	南港區昆陽街與昆陽街152巷口	25.0489887	121.5942105	0	0	1	2	7	5	5	3	2	1	5	4	5	13	4	4	5	4	5	2	16	1	5	3	6	1	18	1		2	2	14	
113	2	29	17	26	臺北市	萬華區	萬華區光復橋往新北市	25.02429103	121.49041	0	0	2	3	7	5	5	14	9	1	5	4	5	13	4	4	1	5	5	2	23	5	20	8	5	10	20	1		2	2	16	
113	2	29	17	31	臺北市	松山區	松山區民權東路4段與敦化北路口	25.06161832	121.5510988	0	0	1	2	7	5	5	4	1	1	5	4	5	13	1	1	1	3	5	2	16	4	6	1	3	1	8	1		1	3	2	
113	2	29	17	49	臺北市	大同區	大同區環河北路2段197號	25.0689583	121.5092344	0	0	1	2	6	6	5	14	9	1	4	4	5	13	4	4	8	3	5	1	12	1	9	1	6	2	10	1		2	2	12	
113	2	29	17	50	臺北市	內湖區	內湖區民權東路6段200號	25.06839835	121.5952744	0	0	1	2	6	5	5	14	9	1	4	4	5	13	1	1	1	5	5	2	16	1	9	1	7	2	8	1		2	3	8	
113	2	29	17	57	臺北市	大同區	大同區忠孝西路2段與塔城街口	25.0482244	121.5101353	0	0	1	2	6	6	5	5	1	1	4	4	5	13	2	1	1	4	5	2	17	1	8	1	5	2	10	1		1	2	12	
113	2	29	17	59	臺北市	士林區	士林區大東路165號	25.09356855	121.524997	0	0	1	2	6	5	5	14	9	1	4	4	5	13	1	1	9	4	5	1	17	1	7	1	5	2	10	1		1	2	14	
113	2	29	18	6	臺北市	信義區	信義區松壽路與松壽路20巷口	25.035805	121.567638	0	0	1	2	6	5	5	4	2	1	4	4	5	13	4	4	5	4	4	2	17	4	6	1	3	1	10	1		1	2	14	
113	2	29	18	8	臺北市	北投區	北投區文林北路80巷與西安街1段口	25.1052769	121.5181692	0	0	1	2	6	5	5	3	1	1	4	4	5	13	4	4	9	4	5	2	17	1	6	1	7	1	8	1		1	3	4	
113	2	29	18	30	臺北市	信義區	信義區忠孝東路5段709號	25.0426414	121.5805171	0	0	2	3	6	5	5	14	9	1	4	4	5	13	4	4	1	4	5	2	12	4	9	1	3	1	10	1		1	2	14	
113	2	29	18	35	臺北市	士林區	士林區通河東街1段188號	25.08909816	121.5155044	0	0	1	3	6	5	5	14	9	1	4	4	5	13	4	4	10	5	5	2	29	1	9	1	6	2	10	1		1	3	11	
113	2	29	18	38	臺北市	南港區	南港區南港路1段4號對面	25.0547171	121.6199334	0	0	1	2	6	5	5	14	9	1	4	4	5	13	4	4	5	4	4	2	17	1	8	1	7	1	8	1		1	3	2	
113	2	29	18	39	臺北市	北投區	北投區中央北路4段與大度路3段口引道	25.12432076	121.4649774	0	0	2	2	6	5	5	4	1	1	4	4	5	13	1	1	5	4	5	2	9	1	5	1	5	2	10	1		2	2	11	
113	2	29	18	51	臺北市	文山區	文山區羅斯福路6段136號	24.9968195	121.5408731	0	0	1	2	6	5	5	14	9	1	4	4	5	13	4	4	1	4	5	2	13	1	9	1	6	2	10	1		1	2	11	
113	2	29	18	53	臺北市	內湖區	內湖區民權東路6段423巷與民權東路6段423巷9弄口	25.07141741	121.6037229	0	0	1	2	6	5	5	4	1	1	4	4	5	13	4	4	5	5	5	2	15	4	9	1	3	1	8	1		1	3	2	
113	2	29	18	56	臺北市	內湖區	內湖區行善路417巷30號旁(停車格)	25.06461663	121.5867451	0	0	1	2	7	5	5	14	9	1	5	4	5	13	4	4	9	5	5	2	17	1	9	1	6	1	10	1		1	2	12	
113	2	29	18	59	臺北市	中正區	中正區南海路與和平西路2段口	25.0305819	121.5094836	0	0	1	2	6	5	5	4	1	1	4	4	5	13	1	1	10	4	5	1	17	1	5	1	5	11	10	1		2	2	13	
113	2	29	19	4	臺北市	大同區	大同區重慶北路1段與華陰街口	25.0507039	121.5137458	0	0	1	2	6	5	5	5	18	1	4	4	5	13	2	1	1	4	5	2	9	5	16	8	4	10	20	1		2	2	16	
113	2	29	19	27	臺北市	士林區	士林區克強路與磺溪街口	25.1089432	121.5232907	0	0	1	2	6	5	5	3	1	1	4	4	5	13	1	1	10	5	5	1	16	1	6	8	4	2	20	1		2	2	12	
113	2	29	19	29	臺北市	信義區	信義區吳興街432巷110號	25.0232811	121.5678746	0	0	1	2	6	5	5	12	9	1	4	4	5	13	4	4	10	5	5	2	17	1	5	1	5	2	10	1		1	2	14	
113	2	29	19	30	臺北市	大同區	大同區重慶北路3段與民族西路口	25.0687537	121.5138216	0	0	1	2	8	5	5	4	2	1	4	4	5	13	2	1	1	4	5	2	17	4	6	1	3	1	4	1		1	3	2	
113	2	29	20	19	臺北市	松山區	松山區光復北路34號	25.049347	121.5577523	0	0	1	2	8	5	5	14	9	1	5	4	5	13	4	4	1	4	5	2	9	1	14	1	7	1	2	1		1	3	15	
113	2	29	20	40	臺北市	信義區	信義區忠孝東路5段236巷2弄27號	25.0404974	121.57031	0	0	1	3	6	5	5	14	9	1	4	4	5	13	4	4	10	5	5	2	3	5	16	8	4	10	20	1		2	3	16	
113	2	29	20	48	臺北市	文山區	文山區興隆路4段58巷37號	24.9852131	121.5592349	0	0	1	2	6	5	5	14	9	1	4	4	3	13	4	4	9	5	5	2	2	1	9	1	7	2	8	1		1	3	5	
113	2	29	21	10	臺北市	中山區	中山區錦州街與復興北路口	25.06018266	121.5440278	0	0	1	2	6	5	5	4	2	2	4	4	5	13	2	1	10	4	5	2	16	1	5	1	6	1	10	1		1	2	11	
113	2	29	21	55	臺北市	中山區	中山區敬業三路100號	25.08193464	121.5565142	0	0	1	2	6	5	8	22	23	1	4	4	5	13	4	4	10	5	5	2	17	1	1	1	7	9	8	2		1	3	1	
113	2	29	21	55	臺北市	士林區	士林區福林路與中山北路5段470巷口	25.0944479	121.5291542	0	0	2	2	6	5	5	3	1	1	4	4	5	13	4	4	10	5	5	1	16	1	5	1	5	2	10	1		1	2	11	
113	2	29	22	10	臺北市	中山區	中山區南京東路1段與林森北路口	25.05203428	121.5252709	0	0	2	2	6	6	5	4	18	1	4	4	5	13	2	1	9	4	5	2	9	5	18	8	4	10	20	1		2	2	16	
113	2	29	22	15	臺北市	中山區	中山區大直橋往北	25.0756175	121.5444503	0	0	1	2	6	5	5	8	11	1	4	4	5	13	4	4	1	5	5	2	13	1	9	1	6	2	10	1		1	2	13	
113	2	29	22	37	臺北市	文山區	文山區木柵路1段與辛亥路6段口	24.987869	121.5523408	0	0	1	2	6	5	5	4	1	1	4	4	5	13	2	1	10	5	5	2	16	1	5	3	5	1	18	1		1	3	11	
113	2	29	22	38	臺北市	大同區	大同區民權西路194號(中油加油站出口)	25.0628479	121.5144641	0	0	1	2	7	5	5	22	19	1	4	4	5	13	4	4	10	5	5	2	3	1	1	1	7	9	8	1		1	3	15	
113	2	29	22	50	臺北市	內湖區	內湖區內湖路1段與港墘路口	25.07934515	121.5768735	0	0	1	2	6	5	5	4	1	1	4	4	5	13	1	1	1	5	5	2	17	1	5	1	7	2	8	1		1	3	17	
113	2	29	23	14	臺北市	萬華區	萬華區富民路與富民路145巷口	25.01803283	121.4998588	0	0	1	2	7	5	5	3	2	1	4	4	5	13	4	4	10	3	5	2	17	1	1	1	7	2	8	1		1	3	17	
113	2	29	23	38	臺北市	南港區	南港區南港路2段95號與南港路2段口前	25.0540823	121.5976405	0	0	1	2	6	5	5	3	1	1	4	4	5	13	1	1	5	4	4	1	16	1	5	1	3	1	8	1		2	3	5	
113	3	1	6	30	臺北市	南港區	南港區南港路3段與成功路1段口口	25.05445381	121.593355	0	0	1	2	6	5	5	3	2	1	4	4	5	13	2	1	5	2	5	2	12	1	11	1	7	4	8	1		2	3	8	
113	3	1	7	9	臺北市	大安區	大安區樂利路86巷與樂利路口	25.0254569	121.5520879	0	0	1	2	6	5	5	3	2	1	4	4	5	13	4	4	10	5	5	2	17	4	9	7	3	11	19	2		1	3	15	
113	3	1	7	27	臺北市	中正區	中正區水源路49-3號旁停車場出入口	25.01966733	121.5231954	0	0	1	2	7	6	5	14	9	1	4	4	5	13	4	4	10	5	5	1	17	1	1	1	7	11	8	1		1	3	2	
113	3	1	7	29	臺北市	內湖區	內湖區潭美街與安美街175巷口	25.0608529	121.6008836	0	0	1	2	6	7	5	3	2	1	4	4	5	13	4	4	5	5	5	2	17	1	1	1	5	1	10	1		1	3	13	
113	3	1	7	37	臺北市	中正區	中正區重慶南路3段與廈門街82巷口	25.0245874	121.5167796	0	0	1	2	6	7	5	3	2	1	4	4	5	13	4	4	1	4	5	2	17	1	12	1	5	1	10	1		1	2	11	
113	3	1	7	41	臺北市	中山區	中山區大直橋往北上橋第2支燈桿處	25.07262569	121.5443855	0	0	2	2	6	6	5	14	9	1	4	4	5	13	4	4	2	4	5	2	17	1	9	1	5	1	10	1		2	2	11	14
113	3	1	7	41	臺北市	萬華區	萬華區華中橋機車道（近燈桿7010478)	25.0116085	121.4953216	0	0	3	3	6	6	5	8	11	1	4	4	5	13	4	4	1	4	3	2	13	4	9	1	5	1	10	1		1	2	11	
113	3	1	7	50	臺北市	中山區	中山區南京東路3段與建國北路1段口	25.0519289	121.5371957	0	0	1	2	6	7	5	4	1	1	4	4	5	13	1	1	1	4	5	2	1	1	6	1	7	1	4	1		1	3	1	
113	3	1	7	58	臺北市	大同區	大同區承德路2段與平陽街口	25.0548316	121.5180656	0	0	1	3	8	6	5	3	1	1	5	4	5	13	2	1	1	4	5	2	16	1	6	1	7	11	4	2		1	3	2	
113	3	1	8	0	臺北市	南港區	南港區舊莊街1段91巷與舊莊街1段91巷16弄口	25.0413225	121.6197178	0	0	1	2	6	6	5	3	2	1	4	4	5	13	4	4	10	5	5	2	17	1	5	1	7	9	8	1		2	3	17	
113	3	1	8	23	臺北市	信義區	信義區忠孝東路5段781號	25.0436976	121.5815101	0	0	1	2	6	7	5	14	9	1	4	4	5	13	4	4	2	4	5	2	17	4	9	1	5	1	10	1		1	2	15	
113	3	1	8	30	臺北市	大安區	大安區和平東路2段134-1號旁	25.0246323	121.5462329	0	0	1	3	6	6	5	14	9	1	4	4	5	13	4	4	1	4	5	2	13	1	12	1	5	1	10	1		1	2	12	11
113	3	1	8	34	臺北市	中山區	中山區南京東路2段與吉林路口	25.05197695	121.5300624	0	0	3	3	6	6	5	4	1	1	4	4	5	13	1	1	1	4	4	2	13	1	9	1	6	1	10	1		1	2	11	
113	3	1	8	35	臺北市	松山區	松山區光復北路190巷0202561燈桿	25.05449698	121.5531803	0	0	1	2	6	6	5	14	9	1	4	4	5	13	4	4	9	5	5	2	13	1	9	1	7	1	8	1		2	3	5	
113	3	1	8	40	臺北市	中山區	中山區濱江街350號	25.0721039	121.5484085	0	0	1	3	6	7	5	14	9	1	4	4	5	13	4	4	3	4	4	2	16	4	10	1	3	2	8	1		1	3	5	
113	3	1	8	46	臺北市	大安區	大安區和平東路3段228巷與安居街60巷口	25.0207381	121.5531759	0	0	1	2	6	6	5	14	9	1	4	4	5	13	4	4	7	4	5	2	13	1	9	1	5	1	10	1		1	2	11	
113	3	1	8	46	臺北市	松山區	松山區民權大橋(西往東第7510451號燈)	25.06336506	121.5672324	0	0	2	3	6	7	5	14	9	1	4	4	5	13	4	4	9	4	4	2	13	1	9	1	5	1	10	1		1	2	11	
113	3	1	8	50	臺北市	中山區	中山區復興北路62號	25.0499249	121.5438349	0	0	1	2	6	7	5	14	9	1	4	4	5	13	2	1	8	3	5	1	12	1	9	1	5	1	10	1		1	2	11	
113	3	1	8	51	臺北市	松山區	松山區敦化北路153號	25.05426119	121.5492058	0	0	1	2	6	5	5	14	7	1	4	4	5	13	2	1	3	4	4	2	13	4	9	1	6	1	10	1		1	2	11	
113	3	1	8	53	臺北市	中山區	中山區北安路608巷與北安路口	25.08205836	121.5488821	0	0	1	2	8	5	5	4	1	1	4	4	5	13	1	1	1	4	5	2	12	4	21	1	3	1	10	1		2	3	13	
113	3	1	8	53	臺北市	中山區	中山區吉林路47號	25.0525839	121.530113	0	0	1	2	6	6	5	22	9	1	4	4	5	13	4	4	10	3	5	1	12	1	9	1	5	1	10	1		1	2	11	
113	3	1	9	17	臺北市	中山區	中山區北安路與北安路841巷口	25.05598449	121.5492554	0	0	1	2	6	7	5	3	2	1	4	4	5	13	4	4	1	4	5	2	17	1	9	8	4	1	20	1		2	2	14	