年	月	日	時	分	縣市	行政區	allLocation	GoogleLat	GoogleLng	死	2-30	受傷	當事人數	天候	道路照明設備	道路類別	道路型態	事故位置	路面狀況1	路面狀況2	路面狀況3	道路障礙1	道路障礙2	號誌1	號誌2	車道劃分-分向	車道劃分-分道1	車道劃分-分道2	車道劃分-分道3	事故類型及型態	行動電話	當事者行動狀態	駕駛資格情形	保護裝置	飲酒情形	駕駛執照種類	個人肇逃否	肇因碼-主要	性別	受傷程度	車輛撞擊部位1	車輛撞擊部位2
113	3	1	9	32	臺北市	大同區	大同區民生西路與寧夏路口	25.0569589	121.5147778	0	0	1	2	6	6	5	4	1	1	4	4	5	13	2	1	5	4	5	2	17	4	5	1	5	1	10	1		2	2	13	
113	3	1	9	37	臺北市	大安區	大安區文昌街與文昌街136巷口	25.0326453	121.5528845	0	0	1	2	6	6	5	3	1	1	4	4	5	13	4	4	10	5	5	2	16	1	6	1	7	1	8	1		2	3	2	
113	3	1	9	47	臺北市	中山區	中山區建國北路2段258巷與建國北路2段口	25.06182764	121.5367122	0	0	1	4	6	6	5	3	1	1	4	4	5	13	4	4	1	4	5	2	17	4	14	1	3	1	14	1		1	3	17	
113	3	1	9	50	臺北市	北投區	北投區中央北路4段301號	25.1312711	121.4732593	0	0	1	2	7	6	5	14	9	1	4	4	5	13	4	4	5	4	5	2	16	1	11	1	7	2	8	1		1	3	4	
113	3	1	10	2	臺北市	大同區	大同區酒泉街與庫倫街口	25.0719584	121.5162726	0	0	1	2	6	6	5	4	1	1	4	4	5	13	4	4	5	2	5	2	17	1	5	1	7	2	8	1		1	3	1	
113	3	1	10	16	臺北市	中正區	中正區汀州路3段230巷與汀州路3段口	25.0115039	121.5358881	0	0	1	2	6	7	6	4	2	1	4	4	5	13	4	4	5	5	5	2	17	4	9	8	4	1	20	1		2	2	11	
113	3	1	10	16	臺北市	大安區	大安區新生北路1段與八德路2段口口	25.0444467	121.5330064	0	0	1	2	6	6	5	4	1	1	4	4	5	13	2	1	5	4	5	2	16	1	5	1	5	2	10	1		1	2	12	
113	3	1	10	18	臺北市	萬華區	萬華區西園路2段與寶興街口	25.0273722	121.4940428	0	0	1	3	6	7	8	4	2	1	4	4	5	13	2	1	9	4	5	2	13	4	9	1	3	1	8	1		1	3	8	
113	3	1	11	1	臺北市	大安區	大安區新生南路1段與忠孝東路3段口	25.0422335	121.5329704	0	0	1	2	6	7	5	4	1	1	4	4	5	13	2	1	1	3	5	1	13	1	9	1	6	1	10	1		1	3	11	
113	3	1	11	4	臺北市	大安區	大安區忠孝東路3段1號	25.0422441	121.5339686	0	0	1	3	6	7	5	14	9	1	4	4	5	13	2	1	1	3	5	1	13	4	9	1	5	1	10	1		2	2	11	
113	3	1	11	15	臺北市	松山區	松山區民生東路3段與民生東路3段110巷口	25.0576865	121.5448361	0	0	2	2	6	7	5	3	2	1	4	4	5	13	4	4	9	4	5	2	17	1	6	1	6	1	10	1		2	2	15	
113	3	1	11	46	臺北市	文山區	文山區木柵路2段138巷與木柵路2段口	24.9887036	121.5617427	0	0	1	2	6	6	5	4	2	1	4	4	5	13	2	1	5	4	5	2	16	4	6	1	3	2	3	1		1	3	2	
113	3	1	11	50	臺北市	內湖區	內湖區瑞湖街80號	25.0724526	121.5763307	0	0	1	2	8	5	5	14	9	1	5	4	5	13	4	4	4	4	5	1	12	4	15	1	3	1	10	1		1	3	14	
113	3	1	12	18	臺北市	內湖區	內湖區民權東路6段25號	25.0685612	121.5832691	0	0	1	2	6	6	5	14	8	1	4	4	5	13	4	4	1	4	4	2	17	1	7	1	6	2	10	1		1	2	11	
113	3	1	12	30	臺北市	北投區	北投區東華街1段與石牌路2段口	25.1152791	121.5153307	0	0	2	3	6	6	5	4	2	1	4	4	5	13	2	1	1	4	5	2	16	1	6	1	7	2	4	1		1	3	2	
113	3	1	12	34	臺北市	中山區	中山區北安路與中山北路3段口823紀念公園旁	25.0762256	121.5272229	0	0	1	2	6	6	5	5	2	1	4	4	5	13	2	1	8	3	5	1	12	1	15	1	5	1	10	1		1	2	11	
113	3	1	13	3	臺北市	文山區	文山區景華街58號	24.9950844	121.5440136	0	0	1	2	6	6	5	14	9	1	4	4	5	13	4	4	9	5	5	2	12	1	1	1	7	1	8	1		1	3	8	
113	3	1	13	21	臺北市	北投區	北投區中和街與中和街20巷口	25.13762578	121.5032067	0	0	1	2	6	6	5	4	1	1	4	4	5	13	4	4	5	4	5	2	12	1	1	1	7	2	4	1		1	3	4	
113	3	1	13	22	臺北市	士林區	士林區福德路與基河路251巷口	25.09227421	121.522602	0	0	2	2	6	6	5	4	1	1	4	4	5	13	4	4	10	5	5	2	15	1	9	1	6	1	10	1		1	2	12	
113	3	1	13	51	臺北市	中山區	中山區民權東路2段52號	25.06303596	121.529892	0	0	1	3	6	7	5	14	9	1	4	4	5	13	4	4	1	4	5	2	17	1	9	1	5	1	10	1		1	2	14	
113	3	1	13	57	臺北市	松山區	松山區延壽街356巷4弄與延壽街356巷口	25.05575253	121.5589776	0	0	1	2	6	7	5	4	1	1	4	4	5	13	4	4	10	5	5	2	15	1	9	1	7	1	8	1		1	3	5	
113	3	1	14	0	臺北市	內湖區	內湖區舊宗路2段與民權東路6段口	25.06574868	121.5750866	0	0	1	2	6	5	5	4	2	1	4	4	5	13	1	1	1	3	5	1	17	4	15	1	3	1	8	1		1	3	1	
113	3	1	14	1	臺北市	萬華區	萬華區堤外便道與堤外便道口環南平面停車場出入口	25.02924898	121.4882773	0	0	1	2	6	6	5	4	1	1	4	4	5	13	3	1	5	5	5	2	16	1	6	1	7	1	8	1		1	3	2	
113	3	1	14	10	臺北市	內湖區	內湖區成功路2段與成功路2段426巷口	25.07179908	121.5898117	0	0	1	2	6	6	5	3	2	2	4	4	5	13	2	1	1	4	5	2	17	1	5	1	7	2	4	1		1	3	6	
113	3	1	14	11	臺北市	內湖區	內湖區成功路2段與石潭路口	25.06361896	121.590613	0	0	1	2	6	6	5	3	2	1	4	4	5	13	2	1	9	4	5	2	16	1	6	1	7	1	8	1		1	3	2	
113	3	1	14	30	臺北市	大安區	大安區復興南路2段143號	25.0286654	121.5436162	0	0	1	2	6	6	5	14	9	1	4	4	5	13	2	1	1	4	5	1	12	4	8	1	3	1	8	1		2	3	2	
113	3	1	14	32	臺北市	北投區	北投區文林北路與明德路口	25.1061882	121.5166685	0	0	1	2	6	5	5	4	1	1	4	4	5	13	2	1	1	4	4	2	16	1	5	3	5	11	18	1		1	3	11	
113	3	1	14	32	臺北市	大安區	大安區大安路1段與大安路1段101巷口	25.0402036	121.5461314	0	0	1	2	6	5	5	4	1	1	4	4	5	13	4	4	8	3	5	1	15	1	9	1	7	1	8	1		1	3	1	
113	3	1	14	43	臺北市	北投區	北投區東華街2段36號	25.1167975	121.5142437	0	0	1	2	6	5	6	14	9	1	4	4	5	13	4	4	9	4	5	1	12	1	9	1	7	1	7	1		1	3	5	
113	3	1	15	4	臺北市	大同區	大同區鄭州路145號	25.0504542	121.5094183	0	0	1	2	6	6	5	14	9	1	4	4	5	13	4	4	1	4	5	2	17	4	15	1	3	1	2	1		1	3	2	
113	3	1	15	5	臺北市	大安區	大安區信義路2段198巷與永康街17巷口	25.0324091	121.5307121	0	0	1	2	6	6	5	4	1	1	4	4	5	13	4	4	10	5	5	2	17	1	6	1	5	1	10	1		1	3	17	
113	3	1	15	30	臺北市	松山區	松山區民生東路3段與民生東路3段130巷口	25.0576085	121.546612	0	0	1	2	6	6	5	4	2	1	4	4	5	13	1	1	1	3	5	2	13	1	9	1	6	1	10	1		2	2	11	
113	3	1	16	15	臺北市	文山區	文山區木柵路4段105號	24.9973718	121.5735963	0	0	1	2	6	5	5	14	9	1	4	4	5	13	2	1	10	4	5	1	13	1	9	1	5	1	10	1		1	2	11	
113	3	1	16	38	臺北市	中正區	中正區南海路與牯嶺街口	25.0320208	121.5150542	0	0	1	2	6	5	5	4	2	4	4	4	5	13	1	1	1	4	5	2	17	1	5	1	7	1	4	1		1	3	8	
113	3	1	17	2	臺北市	信義區	信義區松德路106號	25.0377284	121.5751167	0	0	1	2	6	6	5	14	8	1	4	4	5	13	4	4	1	4	4	1	17	4	13	1	3	1	8	1		1	3	4	
113	3	1	17	32	臺北市	松山區	松山區敦化北路135號	25.05280708	121.5492457	0	0	1	2	6	5	5	14	9	1	4	4	5	13	4	4	1	5	4	2	12	4	1	1	3	2	8	1		1	3	4	
113	3	1	17	33	臺北市	大安區	大安區和平東路3段228巷與樂業街口	25.0204578	121.5527335	0	0	1	2	6	5	5	4	2	1	4	4	5	13	2	1	10	5	5	2	17	4	6	1	3	2	4	1		1	3	17	
113	3	1	17	45	臺北市	內湖區	內湖區民權東路6段280巷18-4號	25.07136379	121.6061202	0	0	1	2	6	5	6	22	9	1	4	4	4	12	4	4	10	5	5	1	17	1	5	1	7	1	8	1		2	3	4	
113	3	1	17	52	臺北市	內湖區	內湖區金湖路47巷與金湖路口	25.08222871	121.5967156	0	0	1	2	6	5	5	4	2	1	4	4	5	13	2	1	3	4	5	2	12	1	1	1	7	1	8	1		1	3	4	
113	3	1	17	53	臺北市	大同區	大同區南京西路與南京西路262巷口	25.053823	121.5151162	0	0	1	2	6	5	5	3	19	1	4	4	5	13	3	1	1	4	4	2	3	4	9	1	6	2	10	1		1	3	12	
113	3	1	18	14	臺北市	松山區	松山區健康路156號	25.0537044	121.5573323	0	0	1	2	6	5	5	14	7	1	4	4	5	13	4	4	8	3	4	1	16	1	7	1	3	1	8	1		1	3	7	
113	3	1	18	20	臺北市	南港區	南港區研究院路2段12巷與研究院路2段12巷14弄口	25.0476864	121.6154409	0	0	1	2	6	5	5	14	9	1	4	4	5	13	4	4	5	2	5	2	3	5	16	8	4	10	20	1		2	2	16	
113	3	1	18	34	臺北市	松山區	松山區民生東路4段97巷4弄25號	25.0589905	121.5536085	0	0	1	2	6	5	5	14	9	1	4	4	5	13	4	4	10	5	5	2	2	1	9	1	6	1	10	1		1	3	11	
113	3	1	18	35	臺北市	南港區	南港區經貿二路235巷60弄與經貿二路235巷口	25.062421	121.6156591	0	0	1	2	6	5	5	3	1	1	4	4	5	13	4	4	5	5	5	2	3	4	6	1	3	1	8	1		2	3	1	
113	3	1	18	38	臺北市	中山區	中山區錦州街21-2號	25.0603665	121.5250972	0	0	1	2	6	5	5	14	9	1	4	4	5	13	4	4	5	5	5	2	17	4	13	1	3	2	8	1		1	3	4	
113	3	1	18	55	臺北市	信義區	信義區忠孝東路5段22巷(松高11號旁)	25.0400485	121.5661006	0	0	1	2	6	5	5	14	18	1	4	4	5	13	4	4	9	4	5	2	3	4	9	1	3	2	4	1		1	3	8	
113	3	1	19	0	臺北市	松山區	松山區復興北路與八德路2段口	25.04758963	121.544007	0	0	1	2	6	5	5	4	1	1	4	4	5	13	2	1	1	4	5	2	12	1	7	1	6	1	10	1		1	2	13	
113	3	1	19	9	臺北市	松山區	松山區南京東路4段75巷14弄與南京東路4段133巷4弄口	25.05224643	121.5537001	0	0	1	2	7	5	5	4	1	1	4	4	5	13	4	4	10	5	5	2	17	4	9	1	7	2	8	1		2	3	4	
113	3	1	19	13	臺北市	信義區	信義區松仁路與忠孝東路5段口口	25.0407374	121.5685893	0	0	2	4	6	5	5	14	9	1	4	4	5	13	2	1	1	4	5	2	13	1	9	1	7	2	4	1		2	3	1	
113	3	1	19	25	臺北市	松山區	松山區八德路3段與北寧路口	25.04821541	121.5525201	0	0	1	2	6	5	5	4	1	1	4	4	5	13	2	1	9	4	5	2	12	1	10	1	5	1	10	1		2	2	12	
113	3	1	19	28	臺北市	中正區	中正區愛國西路與延平南路口	25.0365203	121.5079449	0	0	2	3	8	5	5	4	18	1	5	4	5	13	2	1	1	4	3	2	9	4	9	1	5	2	10	1		1	3	11	
113	3	1	19	55	臺北市	信義區	信義區信義路5段150巷290號	25.0274483	121.5690252	0	0	2	2	6	5	8	22	22	1	4	4	5	13	4	4	10	5	5	1	3	4	9	1	3	1	10	1		1	2	11	
113	3	1	20	16	臺北市	內湖區	內湖區新湖二路與新湖二路259巷口	25.06401503	121.5818132	0	0	1	2	6	5	5	4	1	1	4	4	5	13	4	4	9	4	5	2	15	1	9	1	3	2	4	1		2	3	2	
113	3	1	20	28	臺北市	南港區	南港區忠孝東路6段與忠孝東路6段188巷口口	25.0487154	121.5867891	0	0	1	2	6	5	5	4	1	1	4	4	5	13	1	1	1	4	5	2	15	4	11	1	3	2	8	1		1	3	5	
113	3	1	20	32	臺北市	士林區	士林區承德路4段40巷109號	25.0815991	121.5206164	0	0	2	2	6	5	5	14	9	1	4	4	5	13	4	4	8	5	5	1	3	1	9	1	5	2	10	1		1	2	11	
113	3	1	20	59	臺北市	信義區	信義區松信路與松隆路口	25.0470181	121.572112	0	0	2	2	6	5	8	4	1	1	4	4	5	13	2	1	1	4	5	1	13	4	9	1	3	1	10	1		1	2	11	
113	3	1	21	12	臺北市	大安區	大安區仁愛路4段71巷21號	25.0392871	121.5471372	0	0	1	2	6	5	5	14	9	1	4	4	5	13	4	4	8	5	5	2	29	4	9	1	3	1	11	1		1	2	12	
113	3	1	21	34	臺北市	士林區	士林區格致路與凱旋路口	25.1371039	121.5465358	0	0	1	3	6	5	5	3	2	1	4	4	5	13	4	4	8	5	5	1	17	1	1	1	7	1	8	1		2	3	5	
113	3	1	21	51	臺北市	中山區	中山區植福路與內湖路1段32巷口	25.0838276	121.5593272	0	0	2	2	6	5	5	3	2	1	4	4	5	13	4	4	5	5	5	2	3	5	16	8	4	10	20	1		2	2	16	
113	3	1	22	30	臺北市	文山區	文山區忠順街2段69號	24.9851078	121.5649821	0	0	1	8	6	5	5	14	9	1	4	4	5	13	4	4	9	5	5	2	17	4	9	1	3	8	10	1		1	2	11	
113	3	1	22	46	臺北市	中山區	中山區敬業四路與植福路286巷口	25.0816123	121.5588673	0	0	2	2	6	5	5	14	9	1	4	4	5	13	4	4	9	4	5	2	1	1	9	1	6	2	10	1		1	2	11	
113	3	1	23	3	臺北市	中山區	中山區市民大道2段與長安東路1段52巷口	25.0470653	121.527699	0	0	1	2	6	5	5	3	1	1	4	4	5	13	3	1	3	4	5	2	17	1	6	1	7	2	8	1		1	3	7	
113	3	2	0	27	臺北市	大安區	大安區通化街與通化街120巷口	25.0293083	121.5539435	0	0	1	2	7	5	5	4	1	1	4	4	5	13	4	4	8	1	5	1	15	1	9	1	7	1	8	1		1	3	1	
113	3	2	0	42	臺北市	萬華區	萬華區桂林路與桂林路29巷口	25.0378901	121.5047129	0	0	1	2	6	5	5	3	2	1	4	4	5	13	4	4	8	3	5	2	16	1	6	3	7	1	18	1		1	3	8	
113	3	2	1	24	臺北市	內湖區	內湖區環山路2段與環山路2段53巷口	25.0853432	121.5737676	0	0	2	3	6	5	5	4	1	1	4	4	5	13	1	1	5	4	5	2	13	1	9	1	7	2	8	1		1	3	1	
113	3	2	5	25	臺北市	士林區	士林區德行西路與福華路口	25.1046416	121.5219631	0	0	1	2	6	5	5	4	1	1	4	4	5	13	1	1	10	5	5	1	17	4	1	1	7	9	4	2		1	3	17	
113	3	2	6	15	臺北市	大安區	大安區敦化南路1段211號	25.0418286	121.5492347	0	0	1	2	6	5	5	14	9	1	4	4	5	13	4	4	1	4	1	2	13	1	9	1	5	1	10	1		2	2	11	
113	3	2	6	30	臺北市	士林區	士林區延平北路5段132號	25.0819637	121.5103971	0	0	1	2	6	6	5	14	9	1	4	4	5	13	1	1	1	4	5	2	13	1	9	1	7	1	8	1		1	3	1	
113	3	2	7	36	臺北市	萬華區	萬華區西園路2段11巷與西園路2段13巷口	25.0322351	121.4981923	0	0	1	3	7	6	5	4	2	1	4	4	5	8	4	4	10	5	5	1	17	4	5	1	3	1	10	1		1	3	17	
113	3	2	7	55	臺北市	萬華區	萬華區堤外便道近華翠橋	25.02734667	121.488952	0	0	1	2	6	5	5	14	9	1	4	4	5	13	4	4	9	4	5	2	17	4	11	1	7	1	8	1		1	3	4	
113	3	2	8	9	臺北市	中正區	中正區金山北路與新生高架道口下方迴轉道	25.04547743	121.5304048	0	0	1	2	6	6	5	3	1	1	4	4	5	13	4	4	1	5	5	2	16	1	5	1	7	1	8	1		1	3	4	
113	3	2	8	25	臺北市	中山區	中山區民族東路與雙城街口	25.06835915	121.5246302	0	0	1	3	6	7	5	3	1	1	4	4	5	13	2	1	1	4	4	2	12	4	8	1	6	1	10	1		1	3	14	
113	3	2	8	59	臺北市	大安區	大安區金山南路2段與金華街口	25.0301727	121.5266578	0	0	1	2	6	6	5	4	1	1	4	4	5	13	1	1	10	5	5	2	16	1	5	1	7	1	4	1		1	3	2	
113	3	2	9	11	臺北市	內湖區	內湖區內湖路1段285巷69弄與內湖路1段285巷口	25.08500907	121.566958	0	0	1	2	6	7	5	3	1	1	4	4	5	13	4	4	10	4	5	2	16	1	5	1	6	2	10	1		1	3	11	
113	3	2	9	21	臺北市	中正區	中正區中華路2段57號前	25.0349312	121.5061293	0	0	2	4	6	7	5	14	9	1	4	4	5	13	4	4	1	2	5	2	17	1	7	1	7	1	8	1		1	3	8	
113	3	2	9	35	臺北市	士林區	士林區忠誠路1段與德行東路104巷口	25.10571934	121.5289254	0	0	1	2	6	6	5	4	1	1	4	4	5	13	1	1	1	4	4	1	16	4	5	1	3	1	8	1		2	3	2	
113	3	2	9	47	臺北市	北投區	北投區西安街2段與立農街1段１８７巷口	25.120854	121.504892	0	0	2	2	7	6	5	4	2	1	5	4	5	13	1	1	1	4	1	1	16	1	10	1	5	1	10	1		2	2	12	
113	3	2	10	1	臺北市	北投區	北投區大度路3段與大度路3段270巷口	25.1233164	121.4669006	0	0	1	2	6	6	5	4	1	1	4	4	5	13	1	1	5	4	5	1	17	1	6	1	7	2	3	1		1	3	8	
113	3	2	10	20	臺北市	中山區	中山區民族東路與新生北路3段口	25.0683036	121.5275794	0	0	1	2	6	7	5	4	1	1	4	4	5	13	2	1	5	2	5	2	17	1	6	1	7	1	8	1		1	3	2	
113	3	2	10	37	臺北市	萬華區	萬華區寶興街191號	25.02282129	121.4957235	0	0	1	2	6	5	8	22	22	1	4	4	5	13	4	4	10	5	5	2	14	4	2	1	3	1	8	1		1	3	3	
113	3	2	10	45	臺北市	文山區	文山區興隆路3段54號旁	25.000043	121.5558871	0	0	1	2	6	6	5	14	9	1	4	4	5	13	2	1	10	5	5	2	2	1	9	1	7	1	4	1		1	3	2	
113	3	2	11	58	臺北市	士林區	士林區中正路與中正路399巷口	25.0941025	121.5212101	0	0	1	2	6	5	5	3	1	1	4	4	5	13	4	4	1	4	1	2	13	4	4	1	3	1	10	1		1	2	12	
113	3	2	12	25	臺北市	北投區	北投區復興二路與開明街口口	25.1414032	121.5021566	0	0	1	3	7	6	5	4	1	1	4	4	5	13	4	4	10	5	5	2	15	1	9	1	6	1	10	1		1	2	12	14
113	3	2	13	4	臺北市	文山區	文山區木新路3段74巷與興隆路4段165巷口	24.98415367	121.5628776	0	0	2	3	6	6	5	4	1	1	4	4	5	13	4	4	10	5	5	2	15	1	9	1	7	2	8	1		1	3	4	
113	3	2	13	24	臺北市	北投區	北投區中央南路1段53號	25.133084	121.50162	0	0	2	2	8	5	5	14	9	1	5	4	5	13	4	4	5	5	5	2	16	1	11	1	5	1	10	1		2	2	14	
113	3	2	14	0	臺北市	內湖區	內湖區成功路2段與民權東路6段口西北角(防災科學教育館)	25.06908754	121.5903544	0	0	1	2	6	5	5	3	1	1	4	4	5	13	4	4	9	4	4	2	13	1	9	1	7	2	2	1		1	3	1	
113	3	2	14	8	臺北市	文山區	文山區指南路2段50號前	24.98776298	121.5752061	0	0	1	2	6	6	5	14	9	1	4	4	5	13	4	4	9	5	5	2	16	1	5	1	5	1	10	1		2	2	14	
113	3	2	14	9	臺北市	松山區	松山區八德路4段與塔悠路口	25.0501181	121.5720503	0	0	1	2	6	7	5	5	1	1	5	4	5	13	1	1	1	4	5	2	9	1	9	1	7	9	2	1		1	3	17	
113	3	2	14	39	臺北市	南港區	南港區市民大道7段與昆陽街口	25.051223	121.5936256	0	0	1	2	6	6	5	4	1	1	4	4	5	13	2	1	1	3	5	2	1	4	5	1	3	2	8	2		1	3	5	
113	3	2	14	50	臺北市	中山區	中山區民生西路20號	25.05782445	121.5219548	0	0	1	2	8	7	5	14	9	1	5	4	5	13	4	4	5	2	5	2	9	1	9	1	5	1	10	1		1	2	17	
113	3	2	15	3	臺北市	中山區	中山區長安東路2段80號	25.04846731	121.5339863	0	0	1	2	6	6	5	14	9	1	4	4	5	13	4	4	5	4	5	2	17	1	9	1	6	1	10	1		1	2	14	
113	3	2	16	5	臺北市	文山區	文山區懷恩隧道(往景美)	24.9939812	121.5518018	0	0	2	2	6	5	5	14	9	1	4	4	5	13	4	4	10	2	5	1	13	1	9	1	6	2	10	1		1	2	11	
113	3	2	16	12	臺北市	大安區	大安區仁愛路4段與敦化南路口側附近1段口	25.0380404	121.547758	0	0	1	2	6	6	5	5	1	1	4	4	5	13	1	1	10	3	5	2	17	1	1	8	4	1	20	1		2	2	12	
113	3	2	16	19	臺北市	信義區	信義區信義路5段與基隆路1段口	25.0332498	121.559783	0	0	1	2	6	5	5	4	2	1	4	4	5	13	2	1	1	4	5	2	17	1	6	1	7	1	8	1		2	3	8	
113	3	2	16	22	臺北市	南港區	南港區市民大道7段與忠孝東路6段269巷口	25.0496146	121.5898186	0	0	1	2	6	6	5	3	1	1	4	4	5	12	2	1	3	5	5	2	9	4	5	1	3	2	8	1		1	3	5	
113	3	2	16	23	臺北市	信義區	信義區松仁路與松勤街口	25.0319207	121.5683644	0	0	2	3	7	7	5	4	1	1	5	4	5	13	2	1	9	4	5	2	15	1	9	1	7	2	15	1		1	3	4	
113	3	2	16	34	臺北市	大安區	大安區和平東路1段與金山南路2段口	25.0268632	121.5258028	0	0	1	2	6	6	5	22	18	1	4	4	5	13	1	1	10	5	5	2	3	1	6	1	7	1	4	1		1	3	1	
113	3	2	16	59	臺北市	士林區	士林區文林路與美崙街口	25.09735007	121.5239808	0	0	1	2	6	6	5	4	1	1	4	4	5	13	2	1	5	2	5	1	17	1	5	1	7	2	8	1		1	3	17	
113	3	2	17	38	臺北市	文山區	文山區木新路3段與木新路3段95巷口	24.98216827	121.5628987	0	0	3	3	6	5	5	3	1	1	4	4	5	13	4	4	10	5	5	2	17	4	5	1	5	1	9	1		1	2	14	
113	3	2	18	0	臺北市	中正區	中正區汀州路2段與重慶南路3段口	25.0257118	121.5164584	0	0	1	2	6	5	5	4	1	1	4	4	5	13	1	1	5	5	5	2	13	1	9	1	6	2	10	1		1	3	11	
113	3	2	18	4	臺北市	中山區	中山區復興北路與長春路口	25.05457655	121.5440241	0	0	1	3	6	5	5	4	2	1	4	4	5	13	2	1	1	4	5	2	17	1	9	1	6	2	10	1		1	2	12	
113	3	2	18	4	臺北市	士林區	士林區文林路與大北路口	25.0896642	121.5269584	0	0	1	2	6	5	5	3	2	1	4	4	5	13	4	4	9	5	5	1	13	1	9	1	7	2	4	1		1	3	1	
113	3	2	18	27	臺北市	中山區	中山區民權東路2段與中原街口	25.062564	121.5290567	0	0	1	2	6	5	5	4	18	1	4	4	5	13	2	1	3	4	5	2	3	1	5	1	7	1	8	1		1	3	8	
113	3	2	18	42	臺北市	中正區	中正區羅斯福路3段與辛亥路1段口	25.0197617	121.5289033	0	0	2	2	6	5	5	4	2	1	4	4	5	13	2	1	1	4	5	2	3	1	6	1	5	2	10	1		1	2	11	
113	3	2	18	51	臺北市	信義區	信義區大道路117號	25.0395345	121.5830525	0	0	1	2	6	5	5	14	9	1	4	4	5	13	4	4	5	5	5	2	3	1	9	1	7	2	8	1		1	3	4	
113	3	2	18	58	臺北市	大同區	大同區錦西街84號	25.0602349	121.5190115	0	0	1	2	6	5	5	14	9	1	4	4	5	13	4	4	5	5	5	2	3	5	16	8	4	10	20	2		4	2	16	
113	3	2	19	3	臺北市	大安區	大安區仁愛路4段與安和路1段口	25.0379984	121.5514933	0	0	1	2	6	5	5	4	1	1	4	4	5	13	2	1	1	4	1	1	17	1	6	1	6	1	10	1		1	3	12	
113	3	2	19	10	臺北市	大安區	大安區信義路3段與復興南路1段口	25.0336059	121.5436953	0	0	1	2	6	5	5	4	1	1	4	4	5	13	2	1	1	4	5	1	2	4	5	1	3	11	2	1		1	3	5	
113	3	2	19	21	臺北市	內湖區	內湖區金龍路149號	25.08613209	121.5895547	0	0	1	2	6	6	5	14	9	1	4	4	5	13	4	4	9	4	5	2	16	1	11	1	7	1	8	1		2	3	4	
113	3	2	19	35	臺北市	松山區	松山區光復北路與光復北路26巷口	25.0491676	121.5578422	0	0	1	2	6	5	5	4	1	1	4	4	5	13	2	1	1	4	5	2	17	1	5	1	6	1	10	1		1	2	14	
113	3	2	20	32	臺北市	中山區	中山區松江路133巷與南京東路2段115巷口	25.05549934	121.5317603	0	0	2	2	6	5	5	4	1	1	4	4	5	11	4	4	10	5	5	2	15	4	9	1	3	1	10	1		1	2	11	
113	3	2	20	46	臺北市	文山區	文山區辛亥路4段100號	25.0060338	121.5579099	0	0	1	2	6	5	5	14	9	1	4	4	5	13	2	1	1	2	5	2	17	1	9	1	6	2	10	1		1	2	11	
113	3	2	20	50	臺北市	松山區	松山區民生東路4段63號	25.05791606	121.5508774	0	0	1	2	6	5	5	14	9	1	4	4	5	13	3	1	9	5	5	2	13	1	9	1	6	1	10	1		1	2	11	
113	3	2	20	55	臺北市	內湖區	內湖區內湖路2段179巷52號前	25.08322265	121.586756	0	0	1	2	6	5	5	14	9	1	4	4	5	13	4	4	9	5	5	2	13	1	9	1	6	1	10	1		1	2	11	
113	3	2	21	15	臺北市	信義區	信義區忠孝東路5段與松仁路口	25.0408903	121.5683983	0	0	1	2	6	5	5	4	1	1	4	4	5	13	2	1	1	4	5	1	18	4	6	1	3	1	10	1		2	2	12	
113	3	2	21	25	臺北市	萬華區	萬華區桂林路與環河南路1段348巷口	25.03541606	121.5072472	0	0	1	2	6	5	5	5	1	1	4	4	5	13	2	1	1	4	5	2	16	1	6	1	7	1	8	1		1	3	2	
113	3	2	21	47	臺北市	信義區	信義區松信路210號	25.041525	121.5719085	0	0	1	3	6	5	5	14	9	1	4	4	5	13	1	1	9	4	5	2	17	4	1	1	3	9	8	1		2	3	17	
113	3	2	22	39	臺北市	北投區	北投區東華街1段與東陽街口	25.1122124	121.5174708	0	0	2	2	6	5	5	4	2	1	4	4	5	13	2	1	10	5	5	1	3	1	5	1	6	1	10	1		1	2	14	
113	3	2	23	16	臺北市	南港區	南港區忠孝東路6段(昆陽捷運站4號出口)	25.0503965	121.5936412	0	0	1	2	6	5	5	14	7	1	4	4	5	13	4	4	1	4	4	2	17	1	1	1	7	9	8	2		1	3	17	
113	3	2	23	34	臺北市	大同區	大同區鄭州路與西寧北路口	25.0506247	121.5081741	0	0	2	2	6	5	5	4	1	1	4	4	5	13	2	1	1	4	5	2	16	1	8	1	5	1	10	1		1	2	15	
113	3	3	0	47	臺北市	松山區	松山區南京東路5段與南京東路5段23巷口	25.0516217	121.5582354	0	0	1	2	6	5	5	5	1	1	4	4	5	13	2	1	1	4	5	2	17	1	7	1	7	9	4	2		1	3	17	
113	3	3	3	7	臺北市	士林區	士林區環河北路3段上重陽橋	25.0875282	121.504175	0	0	1	2	7	5	5	14	9	1	4	4	5	13	4	4	1	2	5	2	35	1	8	1	7	1	8	1		1	2	5	
113	3	3	5	3	臺北市	文山區	文山區興隆路2段與興隆路2段275巷口	25.0016906	121.5524106	0	0	1	2	6	5	5	4	2	1	4	4	5	13	1	1	1	4	5	2	17	1	9	1	5	2	10	1		1	2	11	
113	3	3	6	40	臺北市	萬華區	萬華區中華路1段與成都路口	25.0344696	121.5060577	0	0	1	2	7	6	5	4	2	1	5	4	5	13	2	1	9	4	5	1	9	4	12	1	3	1	2	1		1	3	17	