年	月	日	時	分	縣市	行政區	allLocation	GoogleLat	GoogleLng	死	2-30	受傷	當事人數	天候	道路照明設備	道路類別	道路型態	事故位置	路面狀況1	路面狀況2	路面狀況3	道路障礙1	道路障礙2	號誌1	號誌2	車道劃分-分向	車道劃分-分道1	車道劃分-分道2	車道劃分-分道3	事故類型及型態	行動電話	當事者行動狀態	駕駛資格情形	保護裝置	飲酒情形	駕駛執照種類	個人肇逃否	肇因碼-主要	性別	受傷程度	車輛撞擊部位1	車輛撞擊部位2
113	3	3	8	37	臺北市	內湖區	內湖區民權大橋東往西	25.06504254	121.5726964	0	0	1	3	8	6	5	14	11	1	5	4	5	13	4	4	2	4	4	1	12	1	8	1	6	1	10	1		1	3	14	
113	3	3	9	0	臺北市	中山區	中山區民權東路2段122號	25.0623967	121.5326345	0	0	1	3	8	7	5	14	9	1	5	4	5	13	4	4	9	4	5	2	17	1	8	1	5	1	10	1		1	3	12	
113	3	3	9	25	臺北市	南港區	南港區三重路與重陽路口	25.0621494	121.6131618	0	0	1	2	7	5	5	4	2	1	4	4	5	13	4	4	5	4	5	2	6	5	18	8	4	10	20	1		2	2	16	
113	3	3	9	51	臺北市	萬華區	萬華區西園路2段與寶興街口	25.02653	121.4936012	0	0	1	2	7	6	5	4	2	1	5	4	5	13	2	1	1	4	5	2	12	1	5	1	5	11	10	2		1	3	14	
113	3	3	10	41	臺北市	中山區	中山區錦州街48號	25.05828292	121.5229111	0	0	1	4	7	7	5	14	9	1	5	4	3	13	4	4	5	5	5	2	16	1	15	1	5	1	10	1		1	2	14	
113	3	3	11	15	臺北市	信義區	信義區信義路6段15巷與信義路6段15巷12弄口	25.0348928	121.5751286	0	0	1	2	8	7	5	4	1	1	5	4	5	13	4	4	10	5	5	2	15	1	15	1	5	1	10	1		2	2	11	
113	3	3	11	33	臺北市	信義區	信義區永吉路17號	25.0457959	121.5679901	0	0	2	2	7	6	5	14	9	1	5	4	5	13	4	4	1	4	5	2	12	4	1	1	3	1	10	1		1	2	14	
113	3	3	12	1	臺北市	士林區	士林區仰德大道3段與新安路口	25.1189284	121.5528361	0	0	2	3	8	6	5	3	1	1	5	4	5	13	2	1	5	2	5	1	17	1	6	1	7	2	8	1		1	3	5	
113	3	3	12	3	臺北市	萬華區	萬華區萬大路與艋舺大道口	25.0328633	121.5005769	0	0	1	2	7	7	5	4	2	1	5	4	5	13	1	1	9	4	5	2	13	1	9	1	5	1	10	1		1	2	11	
113	3	3	12	35	臺北市	中正區	中正區忠孝西路1段與中華路1段口	25.04803005	121.5100738	0	0	1	2	6	7	5	4	1	1	4	4	5	13	1	1	1	4	1	2	12	1	9	1	7	2	8	1		1	2	5	
113	3	3	13	5	臺北市	松山區	松山區市民大道4段與八德路3段12巷口	25.0448724	121.5507124	0	0	1	2	7	6	8	4	1	1	5	4	5	13	1	1	1	3	5	2	16	4	5	1	3	1	8	1		1	3	4	
113	3	3	13	15	臺北市	大同區	大同區延平北路3段與景化街口	25.0650667	121.5110642	0	0	2	4	7	6	5	3	1	1	4	4	5	13	4	4	5	4	5	2	17	4	15	1	5	1	10	1		1	3	17	
113	3	3	13	18	臺北市	松山區	松山區松河街130號	25.0512014	121.5756163	0	0	2	3	6	7	5	14	9	1	4	4	5	13	4	4	9	4	5	2	17	1	9	1	6	1	10	1		1	2	14	
113	3	3	13	25	臺北市	大安區	大安區和平東路3段與基隆路2段口	25.0247026	121.5527895	0	0	1	2	6	6	5	4	1	1	4	4	5	13	2	1	10	4	5	1	17	4	6	1	6	1	10	1		2	3	17	
113	3	3	13	30	臺北市	士林區	士林區中山北路5段與文林路口	25.08638439	121.5254338	0	0	1	2	8	6	5	5	2	1	5	4	5	13	2	1	1	4	1	1	12	1	9	1	7	2	2	1		1	3	2	
113	3	3	15	4	臺北市	中正區	中正區杭州南路1段與徐州路口	25.04018858	121.5257097	0	0	1	2	7	7	5	4	1	1	5	4	5	13	1	1	10	4	5	2	2	1	5	1	7	1	8	1		2	3	8	
113	3	3	16	25	臺北市	北投區	北投區石牌路2段與石牌路2段331巷口	25.12237693	121.5242623	0	0	3	3	7	5	5	3	1	1	5	4	5	13	4	4	5	4	5	2	3	4	9	1	3	2	10	1		1	2	11	
113	3	3	16	33	臺北市	大安區	大安區仁愛路4段與敦化南路1段口	25.0380745	121.5479565	0	0	1	2	8	5	5	18	9	1	5	4	5	13	2	1	10	5	5	2	12	4	9	1	3	1	10	1		1	3	13	
113	3	3	17	14	臺北市	大安區	大安區金華街199巷與金華街199巷3弄口	25.0306923	121.5281762	0	0	1	2	7	7	5	4	1	1	5	4	5	13	4	4	10	5	5	2	15	1	1	1	7	1	8	1		1	3	1	
113	3	3	17	16	臺北市	萬華區	萬華區環河南路2段與桂林路口	25.038504	121.4970843	0	0	1	2	7	6	5	4	1	1	5	4	5	13	2	1	2	4	5	2	17	1	5	1	6	1	10	1		1	2	14	
113	3	3	17	20	臺北市	士林區	士林區德行東路331巷與德行東路331巷51弄口	25.112248	121.5381832	0	0	2	2	7	5	5	4	1	1	5	4	5	13	4	4	10	5	5	1	15	1	9	1	5	1	10	1		2	2	11	
113	3	3	17	58	臺北市	士林區	士林區福林路60號士林官邸	25.09527747	121.5307982	0	0	1	2	8	6	5	14	9	1	5	4	5	13	4	4	9	5	5	1	17	1	9	6	7	2	4	1		1	3	1	
113	3	3	18	56	臺北市	北投區	北投區立農街1段與立農街1段187巷口	25.12005528	121.5038586	0	0	1	2	7	5	5	4	2	1	5	4	5	13	3	1	10	5	5	1	3	1	5	1	7	1	8	1		2	3	8	
113	3	3	19	15	臺北市	士林區	士林區天母西路與天母西路6巷口	25.11839468	121.5291632	0	0	1	2	7	5	5	5	2	1	5	4	5	13	4	4	9	4	5	2	13	1	9	1	5	1	10	1		2	2	11	
113	3	3	20	7	臺北市	信義區	信義區永吉路498號	25.0453032	121.579669	0	0	1	2	8	5	5	14	8	1	5	4	5	13	4	4	1	4	4	2	17	1	3	1	7	2	8	1		1	3	8	
113	3	3	20	10	臺北市	松山區	松山區健康路與光復北路口	25.0535609	121.5565888	0	0	1	3	7	5	5	4	1	1	5	4	5	13	2	1	3	4	4	2	11	1	15	1	7	1	8	1		1	3	6	
113	3	3	22	40	臺北市	中山區	中山區林森北路與林森北路353巷口	25.05703187	121.5255068	0	0	2	2	7	5	5	4	1	1	5	4	5	13	4	4	9	4	5	2	17	1	6	1	6	1	10	1		1	2	12	
113	3	3	23	23	臺北市	中正區	中正區忠孝西路1段與公園路口	25.0462228	121.5177749	0	0	1	2	8	5	5	4	1	1	5	4	5	13	3	1	1	3	5	2	3	1	9	1	7	2	2	1		1	3	1	
113	3	4	1	40	臺北市	中正區	中正區漢口街1段107號	25.0452027	121.5105682	0	0	1	2	8	5	5	14	9	1	5	4	4	13	4	4	10	5	5	2	17	1	1	1	7	1	8	1		1	3	3	14
113	3	4	7	0	臺北市	文山區	文山區試院路138號	24.9900127	121.5475382	0	0	1	2	8	6	5	14	9	1	5	4	5	13	4	4	10	5	5	2	13	1	9	1	7	1	8	1		1	3	5	
113	3	4	7	14	臺北市	中正區	中正區和平西路1段46號前	25.0264924	121.5195308	0	0	1	2	8	7	5	14	7	1	5	4	5	13	4	4	1	4	5	2	13	1	9	1	6	9	10	1		2	2	11	
113	3	4	7	35	臺北市	文山區	文山區羅斯福路6段與羅斯福路6段39巷口	24.99897314	121.5402076	0	0	1	2	8	6	5	3	2	1	5	4	5	13	4	4	1	4	5	2	13	1	9	1	5	1	10	1		1	2	11	
113	3	4	8	24	臺北市	中正區	中正區南昌路2段與南昌路2段9巷口	25.0282885	121.5194576	0	0	2	2	8	6	5	3	1	1	5	4	5	13	4	4	9	4	5	2	16	1	15	1	5	1	10	1		2	2	11	
113	3	4	8	27	臺北市	中正區	中正區中山南路與信義路1段口	25.0386067	121.5178107	0	0	1	2	8	6	5	5	1	1	5	4	5	13	1	1	10	5	5	1	18	1	9	1	6	2	10	1		1	2	12	
113	3	4	8	50	臺北市	中正區	中正區博愛路162號	25.041387	121.5114199	0	0	1	3	8	7	5	14	9	1	5	4	5	13	4	4	10	4	5	1	13	1	7	1	6	11	10	1		1	3	13	
113	3	4	8	56	臺北市	中正區	中正區貴陽街1段與公園路口	25.03862939	121.5151968	0	0	1	2	8	6	5	4	1	1	5	4	5	13	2	1	5	4	5	2	16	1	5	1	7	1	8	1		1	3	1	
113	3	4	9	0	臺北市	中山區	中山區基湖路157巷與基湖路口	25.0769992	121.5632559	0	0	1	2	8	7	7	3	1	1	5	4	5	13	4	4	9	4	5	2	17	1	5	1	7	1	4	1		1	3	2	
113	3	4	9	38	臺北市	中山區	中山區中山北路2段與民權東路1段口	25.06258064	121.5228201	0	0	3	3	7	7	5	4	1	1	5	4	5	13	1	1	1	3	5	1	15	1	9	1	5	1	10	1		2	2	12	
113	3	4	9	54	臺北市	大安區	大安區新生南路3段54巷與溫州街口側附近口	25.0209485	121.5330351	0	0	1	2	8	7	5	4	1	1	5	4	5	13	4	4	10	5	5	2	15	1	9	1	7	1	7	1		2	3	4	
113	3	4	10	0	臺北市	大安區	大安區基隆路4段41巷68弄6號	25.01184569	121.5417507	0	0	1	3	8	7	5	14	9	1	5	4	5	13	4	4	10	5	5	2	12	1	9	1	7	1	8	1		1	3	6	
113	3	4	10	32	臺北市	士林區	士林區中山北路5段與至誠路2段口口	25.10095412	121.5264861	0	0	1	2	7	7	5	5	1	1	5	4	5	13	3	1	9	4	5	1	17	1	5	1	7	9	4	1		1	3	1	
113	3	4	10	41	臺北市	中正區	中正區羅斯福路2段102號旁	25.0264276	121.5227039	0	0	1	2	8	7	8	22	22	1	5	4	5	8	4	4	10	5	5	2	17	1	1	1	7	1	8	1		2	3	5	
113	3	4	10	48	臺北市	內湖區	內湖區成功路4段與金龍路口口	25.0839023	121.5950023	0	0	1	3	8	5	5	4	1	1	5	4	5	12	2	1	10	3	1	2	13	1	10	1	6	2	10	1		1	2	11	
113	3	4	10	56	臺北市	大同區	大同區民族西路與民族西路76巷口0803967燈桿旁	25.0684739	121.5177033	0	0	1	2	8	5	5	3	2	1	5	4	5	13	4	4	5	2	5	2	13	1	5	1	7	2	8	1		2	3	2	
113	3	4	11	0	臺北市	內湖區	內湖區江南街71巷75弄與文德路22巷53弄口	25.0753106	121.5793155	0	0	1	2	8	6	5	4	1	1	5	4	5	13	4	4	10	5	5	2	15	1	9	1	6	1	10	1		1	2	14	
113	3	4	11	4	臺北市	內湖區	內湖區內湖路2段與文德路口	25.0785714	121.5795675	0	0	1	2	8	5	5	4	1	1	5	4	5	13	2	1	5	5	5	2	16	1	6	1	7	1	8	1		1	3	6	
113	3	4	11	9	臺北市	內湖區	內湖區民權東路6段90巷16弄與民權東路6段90巷口	25.06798426	121.5860471	0	0	2	2	8	7	5	4	1	1	5	4	5	13	4	4	10	5	5	2	16	3	9	1	5	2	10	1		1	2	12	
113	3	4	11	19	臺北市	信義區	信義區信義路6段12巷與松德路269巷口	25.0329372	121.5751147	0	0	1	2	8	6	5	4	1	1	5	4	5	13	4	4	10	5	5	2	15	1	9	1	3	1	8	1		1	3	5	
113	3	4	12	15	臺北市	中正區	中正區中山南路與貴陽街1段口	25.04134466	121.519899	0	0	2	2	8	7	5	4	1	1	5	4	5	13	1	1	1	4	1	2	13	1	9	1	5	2	10	1		1	2	11	
113	3	4	12	15	臺北市	內湖區	內湖區金龍路111號	25.0858019	121.590806	0	0	1	2	8	6	5	14	8	1	5	4	5	13	4	4	5	4	4	2	16	1	7	1	7	2	8	1		1	3	2	
113	3	4	13	15	臺北市	內湖區	內湖區舊宗路2段1號	25.06648147	121.5748564	0	0	1	2	7	5	6	14	9	1	5	4	5	13	4	4	1	5	5	2	17	1	8	1	5	11	10	1		1	3	12	
113	3	4	13	30	臺北市	士林區	士林區延平北路7段86號	25.0965804	121.4951767	0	0	1	2	7	7	5	14	9	1	5	4	5	13	4	4	9	4	5	1	9	1	9	1	7	2	8	1		1	3	1	
113	3	4	13	36	臺北市	士林區	士林區福德路與基河路251巷口	25.0925361	121.5224129	0	0	2	3	8	7	5	4	1	1	5	4	5	13	4	4	10	5	5	2	15	4	9	1	3	1	8	1		1	3	6	
113	3	4	14	1	臺北市	中正區	中正區延平南路與愛國西路口	25.03709358	121.5081215	0	0	3	4	8	7	5	4	1	1	5	4	5	13	1	1	1	4	1	2	17	1	9	1	7	2	8	1		1	3	1	
113	3	4	14	22	臺北市	中正區	中正區中華路2段與中華路2段39巷口口	25.0352502	121.5063476	0	0	2	2	8	7	5	3	2	1	5	4	5	13	4	4	1	4	5	2	16	1	6	1	7	1	8	1		1	2	2	
113	3	4	15	6	臺北市	大同區	大同區環河北路1段與涼州街口	25.0605366	121.5085327	0	0	1	2	8	6	5	3	2	1	5	4	5	13	4	4	1	4	5	2	17	1	6	1	7	2	8	1		1	3	7	
113	3	4	15	28	臺北市	士林區	士林區通河西街1段與通河西街1段口堤外便道南側平面停車場	25.08591293	121.5126565	0	0	2	2	8	6	5	4	1	1	5	4	5	13	4	4	5	5	5	1	17	1	9	1	5	1	10	1		2	2	11	
113	3	4	15	39	臺北市	士林區	士林區承德路5段與士商路口	25.0960476	121.5142316	0	0	1	2	8	5	5	4	1	1	5	4	5	13	2	1	3	4	4	1	17	1	6	1	7	1	8	1		1	3	2	
113	3	4	16	20	臺北市	中正區	中正區信義路1段與中山南路口21-1號	25.03707693	121.5207441	0	0	1	3	8	7	5	14	9	1	5	4	5	13	4	4	1	4	5	2	12	1	10	1	5	2	10	1		1	2	14	
113	3	4	16	22	臺北市	文山區	文山區木柵路1段與景美溪橋口	24.9867653	121.5456601	0	0	1	2	8	7	5	14	9	1	5	4	5	13	1	1	5	2	5	2	17	1	7	1	5	9	10	2		1	3	13	
113	3	4	16	32	臺北市	信義區	信義區松隆路9巷與松隆路9巷30弄口	25.0444458	121.5671996	0	0	1	3	7	5	5	3	1	1	5	4	3	12	4	4	10	5	5	2	17	1	6	1	5	1	10	1		2	2	11	
113	3	4	16	37	臺北市	中正區	中正區金山北路橋下迴轉道	25.04517317	121.5303675	0	0	1	2	8	6	5	14	6	1	5	4	4	13	4	4	1	5	5	2	16	1	9	1	5	2	10	1		1	2	12	
113	3	4	16	55	臺北市	信義區	信義區永吉路321巷與永吉路口	25.045602	121.575553	0	0	1	2	8	6	5	4	1	1	5	4	5	13	1	1	1	4	4	2	16	1	8	1	6	1	10	1		1	3	13	
113	3	4	17	10	臺北市	松山區	松山區民權東路4段100號	25.06209754	121.5563385	0	0	2	2	7	5	6	14	9	1	5	4	5	13	2	1	1	4	4	2	13	1	9	1	6	2	10	1		1	2	11	
113	3	4	17	43	臺北市	北投區	北投區大業路與大業路65巷口	25.12351454	121.4990677	0	0	1	5	8	5	5	14	9	1	5	4	5	13	1	1	9	4	5	2	13	1	10	1	7	1	8	1		1	3	1	
113	3	4	17	55	臺北市	大安區	大安區基隆路4段與羅斯福路4段口	25.0113959	121.5371396	0	0	1	2	8	5	5	4	2	1	5	4	5	13	1	1	1	4	5	2	15	1	9	1	7	1	8	1		2	3	2	
113	3	4	17	58	臺北市	中山區	中山區民權東路2段115號	25.06258669	121.5342686	0	0	1	2	7	5	5	14	9	1	5	4	5	13	4	4	3	4	5	2	17	1	8	1	7	1	8	1		2	3	5	
113	3	4	18	12	臺北市	萬華區	萬華區堤外便道往南近中興橋	25.0436005	121.5005986	0	0	1	2	7	5	5	14	11	1	5	4	5	13	4	4	8	3	5	2	12	4	15	1	3	1	10	1		1	3	14	
113	3	4	18	34	臺北市	士林區	士林區百齡左岸河濱公園150燈桿往南方向	25.0851123	121.5127975	0	0	2	2	7	6	8	14	9	1	5	4	5	13	4	4	9	4	5	1	13	1	9	1	5	1	10	1		1	2	11	
113	3	4	18	43	臺北市	南港區	南港區忠孝東路7段415巷與市民大道8段口	25.0535496	121.6088586	0	0	1	2	8	5	5	4	1	1	5	4	5	13	2	1	5	4	5	2	16	1	5	1	7	1	8	1		1	3	8	
113	3	4	18	48	臺北市	士林區	士林區文林路與美崙街口	25.0972746	121.5238534	0	0	2	2	8	5	5	4	2	1	5	4	5	13	1	1	5	5	5	2	3	1	9	1	6	2	10	1		1	2	11	
113	3	4	18	50	臺北市	士林區	士林區忠誠路1段173巷與德行東路190巷口	25.1080843	121.5313125	0	0	1	2	7	5	5	4	1	1	5	4	5	13	4	4	10	5	5	2	15	1	9	1	7	1	8	1		1	3	4	
113	3	4	19	52	臺北市	大安區	大安區市民大道4段與敦化南路1段口	25.0447605	121.5485876	0	0	1	2	8	5	5	4	2	1	5	4	5	13	2	1	1	4	5	2	16	4	6	1	3	2	4	1		1	3	2	
113	3	4	20	20	臺北市	士林區	士林區社子街28號	25.0875444	121.5078023	0	0	1	2	7	5	5	14	9	1	5	4	5	13	4	4	9	5	5	2	17	1	5	3	5	2	18	1		1	3	12	
113	3	4	20	51	臺北市	士林區	士林區延平北路7段106巷與延平北路7段106巷口社子大橋下越堤道	25.11066835	121.4944899	0	0	1	2	8	5	5	3	2	1	5	4	5	13	4	4	10	5	5	1	10	4	9	1	3	1	10	1		1	3	11	
113	3	4	21	21	臺北市	大安區	大安區延吉街131巷1弄50號	25.0435398	121.5548344	0	0	1	4	7	5	5	14	9	1	5	4	5	13	4	4	10	5	5	2	12	4	3	1	3	2	8	1		2	3	8	
113	3	4	22	19	臺北市	中山區	中山區建國北路3段93巷與五常街11巷口	25.06601088	121.5369831	0	0	1	2	8	5	5	4	2	1	5	4	5	13	4	4	10	5	5	2	17	4	5	8	2	1	20	1		2	2	11	14
113	3	4	23	9	臺北市	信義區	信義區永吉路30巷98號	25.0437519	121.5688091	0	0	1	2	7	5	8	22	22	1	5	4	5	13	4	4	9	4	5	2	17	1	9	8	2	9	20	1		2	2	14	
113	3	4	23	13	臺北市	松山區	松山區南京東路5段與基隆路1段口	25.0510979	121.5701815	0	0	1	2	8	5	5	5	1	1	5	4	5	13	2	1	1	4	5	2	16	1	15	1	6	2	10	1		2	2	12	
113	3	4	23	31	臺北市	內湖區	內湖區民權東路6段56巷與民權東路6段56巷25弄口	25.0672334	121.5854365	0	0	1	2	7	5	5	4	1	1	5	4	5	13	4	4	9	5	5	2	16	1	5	1	7	1	8	1		1	3	4	
113	3	5	6	6	臺北市	大同區	大同區承德路2段與民權西路口	25.0628319	121.5180283	0	0	3	3	8	5	5	4	2	1	5	4	5	13	2	1	1	3	5	1	3	1	9	1	6	2	10	1		1	2	11	
113	3	5	6	37	臺北市	文山區	文山區和平東路4段與萬美街1段口	25.0022853	121.5718897	0	0	1	2	8	6	5	3	1	1	5	4	5	13	1	1	5	5	5	2	16	1	5	1	7	2	8	1		1	3	8	
113	3	5	6	50	臺北市	士林區	士林區福國路與福國路15巷口口	25.1021356	121.5246783	0	0	2	3	8	7	5	4	1	1	5	4	5	13	2	1	1	4	4	1	17	1	9	1	7	2	8	1		2	3	4	
113	3	5	6	50	臺北市	萬華區	萬華區和平西路3段339號	25.0355682	121.4925587	0	0	1	2	8	6	5	14	9	1	5	4	5	13	4	4	10	5	5	1	12	1	15	8	4	1	20	1		1	2	14	
113	3	5	7	28	臺北市	中正區	中正區重慶南路1段與重慶南路1段136巷口	25.0362831	121.5125289	0	0	1	2	8	5	5	3	1	1	5	4	5	13	4	4	9	4	4	1	16	1	5	1	7	2	8	1		2	3	2	
113	3	5	7	36	臺北市	大安區	大安區辛亥路2段往西迴轉道（龍安國小側門）	25.0226913	121.5353026	0	0	1	2	8	5	5	14	9	1	5	4	5	13	2	1	1	4	5	2	12	1	9	1	7	1	8	1		1	3	5	
113	3	5	7	42	臺北市	松山區	松山區延壽街與延壽街72巷口	25.0566357	121.5654479	0	0	1	2	8	7	5	3	2	1	5	4	5	13	4	4	10	5	5	2	14	1	2	6	7	1	18	1		1	3	7	
113	3	5	7	47	臺北市	中正區	中正區貴陽街1段與重慶南路1段口	25.03881783	121.5127864	0	0	1	2	8	6	5	4	1	1	5	4	5	13	2	1	5	4	5	2	12	4	9	1	5	9	10	1		2	4	12	
113	3	5	7	51	臺北市	文山區	文山區木新路2段111巷12弄12號	24.98340304	121.5699355	0	0	1	3	8	6	5	14	9	1	5	4	5	13	4	4	10	5	5	2	11	1	9	1	7	1	8	1		1	3	8	
113	3	5	7	53	臺北市	南港區	南港區三重路與三重路41巷口	25.0599063	121.6142573	0	0	2	2	8	6	5	3	1	1	5	4	5	13	4	4	5	4	5	2	16	1	11	1	6	1	9	1		2	2	14	
113	3	5	7	54	臺北市	文山區	文山區木柵路2段與興隆路4段口口	24.988802	121.5601095	0	0	1	2	8	5	5	4	1	1	5	4	5	13	2	1	5	5	5	2	16	1	5	1	7	2	8	1		1	3	2	
113	3	5	7	57	臺北市	南港區	南港區松河街與重陽路235巷口	25.0585516	121.6031178	0	0	1	2	8	7	5	3	2	1	5	4	5	13	4	4	5	5	5	2	13	1	9	1	5	1	10	1		1	2	11	
113	3	5	8	1	臺北市	信義區	信義區松山路191巷與永吉路443巷口口	25.0457671	121.5783754	0	0	2	2	8	6	5	3	2	1	5	4	5	13	4	4	9	5	5	2	15	1	9	1	5	1	10	1		1	2	12	14
113	3	5	8	20	臺北市	中山區	中山區新生高架道與新生高架道口橋下停車場錦州民權	25.06225301	121.5277609	0	0	1	2	8	7	5	3	1	1	5	4	5	13	4	4	9	4	5	2	17	4	21	7	3	1	10	2		2	4	15	
113	3	5	8	20	臺北市	士林區	士林區社子街146巷與社子街口	25.08854103	121.5050485	0	0	1	2	8	5	5	4	1	1	5	4	5	13	4	4	5	5	5	1	9	1	5	1	7	2	8	1		1	3	1	
113	3	5	8	33	臺北市	萬華區	萬華區長泰街與長泰街19巷口口	25.02318991	121.5009616	0	0	2	2	8	5	5	4	1	1	5	4	5	13	4	4	10	5	5	2	17	4	9	1	3	1	10	1		2	2	14	
113	3	5	8	39	臺北市	大安區	大安區基隆路4段消防隊前	25.0117702	121.537623	0	0	1	2	8	7	5	14	9	1	5	4	5	13	4	4	10	3	5	2	17	1	8	1	6	1	10	1		2	3	11	
113	3	5	8	54	臺北市	萬華區	萬華區堤外便道與堤外便道口貴陽疏散門(DSR314牌面前)	25.0413225	121.4988649	0	0	2	2	8	6	7	3	2	1	5	4	5	13	1	1	9	4	5	1	13	1	9	1	5	1	10	1		2	2	11	
113	3	5	9	0	臺北市	大同區	大同區環河北路2段137號	25.0670388	121.5091775	0	0	1	2	8	6	5	14	9	1	5	4	5	13	4	4	8	3	5	2	12	1	9	1	6	1	10	1		1	3	11	
113	3	5	9	1	臺北市	中山區	中山區八德路2段與八德路2段174巷口	25.04629798	121.5381746	0	0	1	2	8	7	5	4	1	1	5	4	5	13	2	1	9	4	5	2	16	1	5	6	7	2	8	1		1	3	1	
113	3	5	9	7	臺北市	松山區	松山區南京東路5段23巷15弄與光復北路口	25.0529107	121.5569233	0	0	1	3	8	7	5	4	1	1	5	4	5	13	4	4	9	4	5	2	9	1	9	1	7	9	2	1		1	3	1	
113	3	5	9	15	臺北市	內湖區	內湖區潭美街與安美街口	25.06034783	121.5973758	0	0	1	2	8	7	5	4	2	1	5	4	5	13	1	1	4	3	5	1	12	4	15	1	3	1	10	1		1	3	14	
113	3	5	9	54	臺北市	中山區	中山區明水路397巷與明水路397巷7弄口口	25.0780271	121.5477775	0	0	1	2	8	6	5	4	18	1	5	4	5	13	4	4	5	5	5	2	3	1	5	1	7	1	8	1		1	3	8	
113	3	5	9	55	臺北市	中山區	中山區松江路140巷3號	25.0532867	121.5321698	0	0	1	2	8	7	5	14	24	1	5	4	5	13	4	4	10	5	5	2	1	1	9	1	7	1	8	1		1	3	2	
113	3	5	10	0	臺北市	士林區	重陽橋上第270699號路燈桿處	25.0853069	121.5032189	0	0	1	2	8	7	5	8	11	1	5	4	5	13	4	4	10	4	5	1	17	1	9	1	5	1	10	1		1	2	11	
113	3	5	10	7	臺北市	中正區	中正區林森南路與青島東路口口	25.0436097	121.522993	0	0	1	2	8	5	5	4	1	1	5	4	5	13	2	1	9	4	4	1	16	1	5	1	7	2	4	1		1	3	5	
113	3	5	10	30	臺北市	士林區	士林區延平北路7段106巷377號	25.11071837	121.4944	0	0	2	4	8	7	5	14	9	1	5	4	5	13	4	4	10	5	5	2	17	4	1	1	3	2	8	1		1	3	5	
113	3	5	10	31	臺北市	中山區	中山區復興北路26號	25.0487026	121.5438665	0	0	2	4	8	7	5	14	9	1	5	4	5	13	4	4	1	4	5	2	13	4	9	1	3	1	10	1		1	2	11	
113	3	5	11	13	臺北市	南港區	南港區經貿二路62巷與經貿二路62巷5弄口	25.0569288	121.6153569	0	0	1	2	8	6	5	3	1	1	5	4	5	13	4	4	5	4	5	2	16	1	5	1	7	1	2	1		1	3	4	
113	3	5	11	23	臺北市	中山區	中山區八德路2段與復興北路口	25.0476067	121.5438304	0	0	2	3	8	6	5	4	1	1	5	4	5	13	2	1	1	4	5	2	12	1	11	1	7	1	4	1		1	3	1	
113	3	5	11	30	臺北市	大同區	大同區鄭州路與塔城街口	25.0500532	121.5104826	0	0	1	3	8	6	5	4	1	1	5	4	5	13	2	1	8	3	5	2	16	1	9	1	6	1	10	1		1	3	14	
113	3	5	11	34	臺北市	中山區	中山區長安東路1段18號	25.04935294	121.523816	0	0	1	2	7	7	5	14	9	1	5	4	5	13	4	4	4	3	5	1	17	1	7	1	5	1	10	1		1	3	17	
113	3	5	11	45	臺北市	士林區	士林區至善路2段與力行街口	25.0986119	121.5473884	0	0	1	2	8	6	5	3	1	1	5	4	5	13	2	1	1	4	5	1	17	1	9	1	7	2	8	1		1	3	1	
113	3	5	11	59	臺北市	大安區	大安區敦化南路1段158號	25.0443845	121.5486489	0	0	2	4	8	7	5	14	8	1	5	4	5	13	4	4	1	4	5	2	12	4	7	1	3	1	8	1		2	3	5	
113	3	5	12	8	臺北市	中正區	中正區愛國東路與林森南路口口	25.0337173	121.5194348	0	0	2	2	7	6	5	3	1	1	5	4	5	13	4	4	1	4	4	2	13	1	14	1	5	2	10	1		1	2	13	
113	3	5	12	35	臺北市	大安區	大安區忠孝東路4段77巷與忠孝東路4段口	25.041559	121.547123	0	0	1	2	8	6	5	14	9	1	5	4	5	13	2	1	10	5	5	2	6	5	18	8	4	10	20	1		1	2	16	
113	3	5	12	38	臺北市	大同區	大同區重慶北路2段與民生西路口	25.0570266	121.5140146	0	0	1	2	8	6	5	4	2	1	5	4	5	13	1	1	5	2	5	2	17	1	7	1	6	1	10	1		1	2	11	
113	3	5	12	55	臺北市	中正區	中正區金山南路1段108號	25.03607328	121.5276036	0	0	1	3	8	6	5	14	9	1	5	4	5	13	4	4	3	4	5	2	13	1	9	1	2	2	2	1		1	3	1	
113	3	5	13	14	臺北市	大同區	大同區民生西路180號	25.0571854	121.5174124	0	0	1	3	8	6	5	14	9	1	5	4	5	13	4	4	5	4	5	2	17	1	8	1	6	1	10	1		1	2	12	
113	3	5	13	20	臺北市	文山區	文山區萬芳路第184號汽車停車格	24.9974992	121.5711711	0	0	1	2	8	6	5	14	9	1	5	4	5	13	4	4	5	4	5	2	17	4	9	1	3	2	10	1		1	2	15	
113	3	5	13	42	臺北市	萬華區	萬華區水源快速道路與青年路口	25.0199076	121.5043474	0	0	1	2	8	7	5	5	1	1	5	4	5	13	1	1	1	3	1	2	15	1	9	3	5	2	18	1		1	2	11	
113	3	5	14	6	臺北市	萬華區	萬華區萬大路與莒光路口	25.03087478	121.500626	0	0	1	2	8	5	5	4	2	1	5	4	5	13	1	1	1	4	5	2	12	4	7	1	5	1	10	1		1	2	14	
113	3	5	15	44	臺北市	北投區	北投區致遠一路2段與致遠一路2段70巷口	25.11216228	121.5135906	0	0	1	2	8	6	5	14	9	1	5	4	5	13	4	4	9	4	5	2	16	1	5	8	4	1	20	1		1	2	14	
113	3	5	15	47	臺北市	大安區	大安區和平東路3段372號	25.0191876	121.5579678	0	0	1	2	8	5	8	14	9	1	5	4	5	13	4	4	1	5	5	2	14	1	2	1	7	2	8	1		1	3	6	