年	月	日	時	分	縣市	行政區	allLocation	GoogleLat	GoogleLng	死	2-30	受傷	當事人數	天候	道路照明設備	道路類別	道路型態	事故位置	路面狀況1	路面狀況2	路面狀況3	道路障礙1	道路障礙2	號誌1	號誌2	車道劃分-分向	車道劃分-分道1	車道劃分-分道2	車道劃分-分道3	事故類型及型態	行動電話	當事者行動狀態	駕駛資格情形	保護裝置	飲酒情形	駕駛執照種類	個人肇逃否	肇因碼-主要	性別	受傷程度	車輛撞擊部位1	車輛撞擊部位2
113	3	5	16	4	臺北市	萬華區	萬華區環河南路1段與忠孝西路2段口	25.048956	121.5061964	0	0	3	5	7	7	8	3	1	1	5	4	5	13	1	1	3	3	5	2	16	4	5	1	3	1	8	1		1	3	4	
113	3	5	16	35	臺北市	大同區	大同區重慶北路2段與涼州街口	25.0607397	121.513174	0	0	1	3	7	6	5	14	9	1	5	4	5	13	4	4	4	4	5	2	13	4	15	1	3	1	10	1		1	3	14	
113	3	5	16	47	臺北市	萬華區	萬華區西寧南路與長沙街2段口	25.0407873	121.5060479	0	0	1	2	7	5	5	4	1	1	5	4	5	13	2	1	5	4	5	2	3	5	16	8	4	9	20	2		4	2	16	
113	3	5	17	15	臺北市	中山區	中山區天祥路與天祥路60巷口	25.0621389	121.5210264	0	0	1	2	7	6	5	4	1	1	5	4	5	13	4	4	7	4	5	2	16	1	6	1	7	1	8	1		1	3	8	
113	3	5	17	23	臺北市	大安區	大安區復興南路1段與忠孝東路3段口	25.0417305	121.5436835	0	0	1	2	7	6	5	4	1	1	5	4	5	13	1	1	1	5	5	1	12	1	9	1	6	1	10	1		1	2	11	
113	3	5	17	29	臺北市	中正區	中正區青島東路與中山南路口	25.0445521	121.5192678	0	0	2	3	8	6	5	4	1	1	5	4	5	13	1	1	1	4	5	2	16	1	5	1	7	2	8	1		2	3	5	
113	3	5	17	47	臺北市	文山區	文山區木新路3段213號	24.98144138	121.5595769	0	0	1	3	8	5	5	14	9	1	5	4	5	13	4	4	5	4	5	2	13	1	9	1	7	2	8	1		1	3	4	
113	3	5	17	54	臺北市	北投區	北投區尊賢街與實踐街口	25.1150094	121.5082082	0	0	1	2	8	5	5	14	9	1	5	4	5	13	4	4	9	4	5	2	17	1	9	1	7	2	8	1		1	3	1	
113	3	5	18	20	臺北市	大安區	大安區和平東路2段175巷與和平東路2段175巷35弄口	25.026868	121.5418492	0	0	1	2	7	5	5	3	2	1	5	4	5	13	4	4	10	5	5	2	3	1	9	1	5	1	10	1		1	3	11	
113	3	5	18	30	臺北市	中山區	中山區大直橋往南	25.07931118	121.5442756	0	0	3	3	8	5	5	8	9	1	5	4	5	13	4	4	1	4	5	2	12	4	8	1	6	1	10	1		2	2	12	
113	3	5	18	30	臺北市	中正區	中正區牯嶺街與和平西路1段口	25.0265323	121.5192796	0	0	2	4	8	5	5	4	1	1	5	4	5	13	1	1	1	4	5	2	13	1	9	1	5	2	10	1		1	2	11	
113	3	5	18	31	臺北市	南港區	南港區市民大道7段與向陽路口	25.0517981	121.5955272	0	0	1	2	8	5	5	4	1	1	5	4	5	13	2	1	1	4	1	2	16	1	5	1	7	1	14	1		1	3	8	
113	3	5	18	40	臺北市	內湖區	內湖區內湖路3段與金龍路口	25.0849992	121.5926691	0	0	1	2	8	5	5	4	1	5	5	4	5	13	1	1	10	5	5	2	13	1	5	1	5	2	10	1		1	2	11	
113	3	5	18	43	臺北市	文山區	文山區忠順街1段26巷31號對面	24.98145888	121.5591106	0	0	1	4	8	5	5	3	1	1	5	4	5	13	4	4	5	2	5	2	29	4	9	1	5	1	10	1		1	2	11	
113	3	5	18	49	臺北市	信義區	信義區松仁路與松勤街口	25.0319125	121.5683681	0	0	1	2	8	5	7	4	1	1	5	4	5	13	1	1	9	4	5	2	17	1	9	1	6	1	10	1		1	2	11	
113	3	5	19	39	臺北市	中山區	中山區長春路與中山北路2段口	25.0549681	121.5228735	0	0	2	3	7	5	5	4	2	1	5	4	5	13	2	1	4	5	5	1	16	4	5	1	3	1	4	1		1	3	8	
113	3	5	19	39	臺北市	萬華區	萬華區漢口街2段54-25號	25.0457157	121.5063614	0	0	1	2	8	5	5	14	9	1	5	4	5	13	4	4	10	4	5	2	3	5	16	8	4	10	20	1		1	3	16	
113	3	5	20	45	臺北市	中山區	中山區南京東路2段21巷與新生北路2段5巷口	25.05261271	121.5287831	0	0	1	2	8	5	5	3	1	1	5	4	5	13	4	4	10	5	5	2	15	1	6	1	7	11	8	2		1	3	8	
113	3	5	21	10	臺北市	士林區	士林區重慶北路4段220巷與重慶北路4段口	25.0857712	121.5114009	0	0	1	2	7	5	5	3	2	1	5	4	5	13	4	4	1	4	4	1	16	4	6	1	3	1	8	1		1	3	2	
113	3	5	21	20	臺北市	萬華區	萬華區西園路2段與西園路2段320巷口	25.0259901	121.4922183	0	1	0	2	7	5	5	4	1	1	5	4	5	13	1	1	3	4	5	2	21	1	9	1	6	1	10	1		1	5	11	
113	3	5	21	25	臺北市	信義區	信義區信義路5段與松仁路口	25.0327426	121.5682013	0	0	1	2	8	5	5	4	1	1	5	4	5	13	1	1	1	4	5	2	17	1	6	1	7	2	8	1		1	3	2	
113	3	5	21	55	臺北市	大安區	大安區敦化南路1段187巷與忠孝東路4段147巷口	25.0426071	121.5496638	0	0	1	2	8	6	5	4	1	1	5	4	5	13	4	4	10	5	5	2	15	1	9	1	7	1	8	1		1	3	8	
113	3	5	22	22	臺北市	中山區	中山區松江路133巷與南京東路2段115巷口	25.05435977	121.5336243	0	0	2	2	8	5	5	4	1	1	5	4	5	13	4	4	5	1	5	2	15	4	9	1	6	1	10	1		2	2	11	
113	3	5	23	46	臺北市	士林區	士林區德行東路與德行東路93巷口	25.10753443	121.5278727	0	0	1	2	7	5	5	3	2	1	5	4	5	13	4	4	9	4	5	2	17	4	21	7	3	9	19	2		2	4	15	
113	3	5	23	57	臺北市	中山區	中山區林森北路與民生東路1段23巷口	25.05911774	121.5255228	0	0	1	2	8	5	5	4	1	1	5	4	5	13	1	1	5	5	5	2	13	1	9	3	5	1	18	1		2	2	11	
113	3	6	5	47	臺北市	萬華區	萬華區康定路與廣州街口	25.03661639	121.5014334	1	0	0	2	8	5	5	4	1	1	5	4	5	13	2	1	5	5	5	2	16	1	9	6	5	1	10	1		1	1	12	
113	3	6	7	18	臺北市	大同區	大同區民權西路與蘭州街口	25.0628496	121.5148181	0	0	3	3	8	6	5	4	2	1	5	4	5	13	2	1	1	5	5	2	16	1	8	6	6	1	18	1		1	2	13	
113	3	6	7	29	臺北市	中正區	中正區中山南路與青島西路口	25.04455478	121.5191095	0	0	1	2	8	7	5	4	2	1	5	4	5	13	1	1	4	5	5	2	17	1	15	1	6	9	10	1		1	5	14	
113	3	6	8	1	臺北市	士林區	士林區洲美快速道路往南	25.09631124	121.497197	0	0	2	2	6	7	5	14	9	1	4	4	5	13	4	4	10	5	5	2	12	4	8	1	3	2	9	1		1	2	12	
113	3	6	8	2	臺北市	北投區	北投區大業路與大業路527巷口	25.1344628	121.4962507	0	0	2	2	6	5	5	5	1	1	4	4	5	13	1	1	5	2	4	1	16	1	5	1	5	1	10	1		1	2	14	
113	3	6	8	2	臺北市	大安區	大安區愛國東路79巷13號	25.0325888	121.5276288	0	0	1	2	7	6	5	14	9	1	5	4	5	13	4	4	9	4	5	1	16	4	5	1	3	1	8	1		2	3	4	
113	3	6	8	12	臺北市	萬華區	萬華區西園路2段254巷與西藏路259巷口	25.0282271	121.494343	0	0	1	2	7	7	5	3	2	1	5	4	5	13	4	4	10	5	5	2	15	1	9	1	5	1	10	1		1	3	11	
113	3	6	8	13	臺北市	中山區	中山區松江路與建國北路3段口	25.0677575	121.533124	0	0	1	2	6	7	5	4	1	1	5	4	5	13	1	1	10	5	5	2	16	1	6	1	6	1	10	1		1	3	12	
113	3	6	8	21	臺北市	大同區	大同區鄭州路與鄭州路29巷口	25.0492987	121.5141995	0	0	1	3	6	6	5	3	2	1	4	4	5	13	1	1	1	5	5	2	13	1	9	1	6	1	10	1		2	2	11	
113	3	6	8	23	臺北市	大同區	大同區台北橋機慢車道西往東(第1根燈桿旁)	25.0629246	121.5105447	0	0	1	2	6	7	5	14	11	1	4	4	5	13	4	4	1	4	5	2	12	1	9	1	5	2	10	1		1	3	15	
113	3	6	8	30	臺北市	北投區	北投區中央南路2段與三合街2段口	25.1262335	121.5003998	0	0	1	2	6	7	5	4	1	1	4	4	5	13	1	1	5	5	5	2	17	1	6	1	6	2	10	1		2	3	12	
113	3	6	8	33	臺北市	萬華區	萬華區環河南路3段與艋舺大道口	25.0275007	121.4895466	0	0	1	2	7	6	5	3	1	1	5	4	5	13	4	4	8	3	5	1	17	1	1	1	5	2	10	1		1	3	17	
113	3	6	8	39	臺北市	中山區	中山區北安路與北安路口側附近630巷口	25.08287505	121.549046	0	0	1	2	6	6	5	4	1	1	4	4	5	13	2	1	3	4	5	2	16	1	5	1	7	2	8	1		2	3	6	
113	3	6	8	39	臺北市	內湖區	內湖區麥帥一橋機車道西向東	25.0541361	121.576343	0	0	1	2	6	6	5	8	11	1	4	4	5	13	4	4	3	4	5	1	13	1	9	1	5	1	10	1		1	3	11	
113	3	6	8	47	臺北市	中山區	中山區龍江路305巷與龍江路口側附近口	25.0611288	121.5412148	0	0	1	2	6	7	5	4	1	1	4	4	5	13	4	4	9	5	5	2	12	1	15	1	7	2	8	1		1	3	8	
113	3	6	8	50	臺北市	萬華區	萬華區堤外便道接水源快速道路匝道口	25.0161926	121.4982895	0	0	1	2	8	7	5	3	1	1	5	4	5	13	4	4	9	5	5	2	17	1	6	1	7	1	8	1		2	3	2	
113	3	6	8	55	臺北市	大安區	大安區臥龍街151巷21號	25.0199298	121.5520024	0	0	1	2	7	5	5	14	9	1	5	4	5	13	4	4	9	5	5	2	12	4	5	8	4	11	20	1		1	4	11	
113	3	6	8	57	臺北市	內湖區	內湖區行愛路與新湖二路口	25.0816157	121.5400478	0	0	1	2	6	6	5	4	1	1	4	4	5	13	1	1	10	5	5	2	17	1	9	1	6	11	10	1		1	2	12	
113	3	6	9	17	臺北市	松山區	松山區南京東路4段158巷與南京東路4段口	25.05142851	121.5563786	0	0	1	2	6	6	5	3	1	1	4	4	5	13	4	4	1	3	4	2	17	1	6	1	7	1	8	1		1	3	1	
113	3	6	9	19	臺北市	萬華區	萬華區和平西路3段232號	25.0352789	121.4970887	0	0	2	2	7	7	8	14	9	1	5	4	5	13	4	4	1	4	5	2	3	5	18	8	4	10	20	1		1	2	16	
113	3	6	9	29	臺北市	大同區	大同區重慶北路2段與民權西路口	25.0629329	121.513815	0	0	1	2	6	6	5	4	2	1	4	4	5	13	1	1	1	4	5	2	9	1	9	1	7	1	4	1		1	3	5	
113	3	6	9	52	臺北市	信義區	信義區崇德街146巷與崇德街206巷口	25.022741	121.55769	0	0	1	2	8	7	5	4	1	1	5	4	5	13	3	1	10	5	5	2	15	1	9	1	7	2	8	1		1	3	4	
113	3	6	11	3	臺北市	信義區	信義區基隆路2段與基隆路2段147巷口	25.026973	121.5556437	0	0	2	3	6	7	5	3	1	1	4	4	5	13	4	4	3	4	5	2	12	1	9	1	5	2	10	1		2	2	11	
113	3	6	11	36	臺北市	北投區	北投區立農街1段與承德路7段口	25.1187004	121.5025848	0	0	1	2	6	7	5	3	1	1	4	4	5	13	4	4	10	5	5	2	16	1	6	1	7	2	8	1		2	3	8	
113	3	6	12	0	臺北市	大同區	大同區延平北路2段與民生西路口	25.0567019	121.5116417	0	0	1	2	6	6	5	14	9	1	4	4	5	13	4	4	5	4	5	2	17	1	15	3	5	1	18	1		1	3	12	
113	3	6	12	20	臺北市	士林區	士林區德行東路與德行東路81巷口	25.1071747	121.5269166	0	0	1	2	6	5	5	4	1	1	4	4	5	13	4	4	5	5	5	1	17	1	5	1	7	1	8	1		2	3	1	
113	3	6	12	20	臺北市	文山區	文山區木柵路4段157-1號	24.99951027	121.575454	0	0	1	2	6	6	5	14	9	1	4	4	5	13	4	4	5	4	5	2	16	1	5	1	7	2	8	1		1	3	1	
113	3	6	12	31	臺北市	萬華區	萬華區長沙街2段57號	25.0406255	121.5055155	0	0	1	2	6	7	5	14	9	1	4	4	5	13	4	4	8	3	5	2	17	1	8	1	7	9	4	1		1	3	17	
113	3	6	12	36	臺北市	南港區	南港區三重路41巷第0405137號燈桿	25.0599394	121.6138774	0	0	1	2	6	7	5	14	9	1	4	5	1	11	4	4	10	1	5	2	28	1	9	1	5	2	10	1		3	2	14	
113	3	6	13	10	臺北市	士林區	士林區仁民路與仰德大道4段口	25.13401224	121.5458522	0	0	1	2	6	7	5	3	1	2	4	4	5	13	4	4	5	5	5	1	15	4	9	1	3	1	8	1		2	3	4	
113	3	6	13	12	臺北市	中正區	中正區中山南路與凱達格蘭大道口	25.0392491	121.5172722	0	0	1	2	6	6	5	5	1	1	4	4	5	13	1	1	1	4	5	2	15	1	15	1	7	2	8	1		1	3	5	
113	3	6	13	39	臺北市	松山區	松山區三民路與南京東路5段251巷32弄口	25.05294836	121.5638567	0	0	2	2	7	7	5	3	1	1	4	4	5	13	4	4	5	4	5	2	17	1	5	1	6	1	10	1		1	2	14	
113	3	6	13	50	臺北市	南港區	南港區忠孝東路6段與東新街口	25.0478178	121.5847169	0	0	1	2	7	7	5	4	2	1	5	4	5	13	2	1	1	2	4	2	16	1	11	1	7	1	8	1		1	3	5	
113	3	6	15	53	臺北市	內湖區	內湖區成功路3段75號	25.07784112	121.5899212	0	0	1	3	6	5	5	14	9	1	4	4	5	13	4	4	3	4	5	2	16	1	8	1	7	2	8	1		2	3	2	
113	3	6	16	13	臺北市	士林區	士林區延平北路6段511巷延平幹 52 L16 B6152 FD77電桿	25.09329628	121.4981752	0	0	1	2	6	6	5	11	9	1	4	4	5	13	4	4	10	5	5	1	17	1	1	1	7	1	8	1		2	3	8	
113	3	6	16	47	臺北市	士林區	士林區至善路2段469號	25.11079066	121.5575441	1	0	0	2	8	6	5	14	9	1	4	4	3	13	4	4	4	4	5	2	13	4	9	1	5	9	10	1		1	1	11	
113	3	6	17	2	臺北市	士林區	士林區中山北路7段與天玉街38巷口	25.11891724	121.530477	0	0	1	2	6	6	5	4	1	1	4	4	5	13	1	1	1	4	5	1	17	1	5	1	7	2	8	1		2	3	2	
113	3	6	17	20	臺北市	信義區	信義區基隆路1段與信義路4段口	25.0332569	121.5595605	0	0	1	2	6	5	5	4	1	1	4	4	5	13	1	1	1	4	5	2	12	4	7	1	5	2	10	1		1	3	14	
113	3	6	17	20	臺北市	大同區	大同區延平北路3段18巷6號	25.06395153	121.5107744	0	0	1	2	6	6	5	14	9	1	4	4	5	13	4	4	10	5	5	2	17	4	21	7	3	9	19	2		1	4	15	
113	3	6	17	30	臺北市	大同區	大同區承德路3段與承德路3段129巷口	25.06741708	121.5184788	0	0	1	2	6	6	5	4	2	1	4	4	5	13	1	1	1	4	5	2	17	1	6	1	7	1	4	1		1	3	8	
113	3	6	17	56	臺北市	松山區	松山區南京東路5段162號	25.05137702	121.5629985	0	0	1	2	6	5	5	14	7	1	4	4	5	13	4	4	3	4	4	2	16	1	8	1	7	1	4	1		1	2	8	
113	3	6	18	0	臺北市	文山區	文山區新光路1段32巷19-29號	24.98984604	121.5726147	0	0	1	2	6	5	5	14	9	1	4	4	5	13	4	4	10	5	5	1	16	1	1	1	6	1	10	1		1	2	11	
113	3	6	18	0	臺北市	文山區	文山區木柵路1段與木柵路1段103巷口	24.9870903	121.5476834	0	0	3	3	6	5	5	3	2	1	4	4	5	13	4	4	10	5	5	1	17	1	5	1	5	1	10	1		1	2	11	
113	3	6	18	5	臺北市	信義區	信義區一號道路	25.0373184	121.5624884	0	0	1	2	6	5	5	14	9	4	4	4	5	13	1	1	9	5	5	2	18	4	9	1	3	9	10	1		2	2	17	
113	3	6	18	14	臺北市	信義區	信義區基隆路2段與信義路5段口口	25.032967	121.5598359	0	0	2	2	6	5	5	4	1	1	4	4	5	13	2	1	1	4	5	2	9	1	6	1	6	2	10	1		1	2	11	
113	3	6	18	15	臺北市	信義區	信義區忠孝東路5段236巷與忠孝東路5段236巷45弄口	25.0375018	121.5718379	0	0	1	2	6	5	5	4	1	1	4	4	5	13	4	4	5	5	5	2	17	4	1	1	3	1	8	1		1	3	17	
113	3	6	18	16	臺北市	內湖區	內湖區成功路4段199號前	25.08426325	121.5958561	0	0	1	3	6	5	5	14	8	1	4	4	5	13	4	4	1	4	4	2	12	1	7	1	5	2	10	1		1	3	14	
113	3	6	18	22	臺北市	大安區	大安區和平東路1段129號	25.0266647	121.5286955	0	0	1	2	6	5	5	14	9	1	4	4	5	13	2	1	8	3	5	2	12	1	9	1	7	1	8	1		1	3	1	
113	3	6	18	44	臺北市	大同區	大同區承德路3段南往北近敦煌路	25.0741489	121.5198254	0	0	1	3	6	5	5	14	9	1	4	4	5	13	4	4	9	4	5	2	17	1	9	1	5	1	10	1		1	2	12	
113	3	6	19	3	臺北市	中山區	中山區崇實路與大直街62巷口對面	25.080788	121.5447791	0	0	1	2	6	5	5	3	1	1	4	4	5	13	2	1	10	3	5	1	12	1	1	1	7	1	8	1		1	3	4	
113	3	6	19	20	臺北市	內湖區	內湖區內湖路1段711號與內湖路1段口	25.07935593	121.5773781	0	0	1	2	6	5	5	3	2	1	4	4	5	13	4	4	1	4	5	2	17	1	6	1	7	1	8	1		2	3	2	
113	3	6	19	28	臺北市	中山區	中山區南京東路2段與伊通街口	25.0518715	121.5347773	0	0	1	2	6	5	5	4	1	1	4	4	5	13	2	1	4	5	5	1	17	4	11	1	3	1	10	1		1	3	17	
113	3	6	19	35	臺北市	中山區	中山區吉林路與吉林路315巷口	25.0634111	121.5302759	0	0	4	4	6	5	5	4	2	1	4	4	5	13	4	4	5	5	4	2	16	4	1	1	3	1	10	1		2	2	13	
113	3	6	19	35	臺北市	中正區	中正區羅斯福路3段與羅斯福路3段240巷口	25.0180888	121.5307434	0	0	1	2	6	5	5	3	1	1	4	4	5	13	4	4	3	4	5	2	17	3	6	1	7	11	8	2		1	3	1	
113	3	6	19	47	臺北市	中山區	中山區林森北路104號	25.05080014	121.525014	0	0	1	2	6	5	5	14	9	1	4	4	5	13	4	4	1	5	5	1	3	5	16	8	4	10	20	1		2	2	16	
113	3	6	19	50	臺北市	士林區	士林區通河街與通河街2巷口	25.07989135	121.5237365	0	0	1	2	6	5	5	4	1	1	4	4	5	13	3	1	5	3	5	1	17	1	9	1	5	1	10	1		2	3	12	
113	3	6	19	55	臺北市	中山區	中山區長安東路1段與長安東路1段56巷口	25.0480982	121.5291183	0	0	2	2	6	5	5	4	2	1	4	4	5	13	4	4	5	4	5	2	3	5	16	8	4	10	20	1		2	2	16	
113	3	6	20	33	臺北市	中山區	中山區民族東路67號	25.06825428	121.5357517	0	0	1	2	6	5	5	14	5	1	4	4	5	13	4	4	1	4	4	2	10	4	9	1	3	2	10	1		1	2	11	
113	3	6	20	49	臺北市	大安區	大安區基隆路4段公車公館站	25.0116573	121.5374911	0	0	1	2	8	5	5	14	9	1	5	4	5	13	4	4	8	4	5	2	9	1	1	1	7	1	2	1		1	3	17	
113	3	6	21	8	臺北市	信義區	信義區信義路6段與松德路口	25.0337963	121.5748918	0	0	1	2	6	5	5	4	2	1	4	4	5	13	2	1	9	4	5	2	12	1	9	1	7	2	8	1		1	3	2	
113	3	6	21	11	臺北市	大安區	大安區瑞安街120巷10弄與瑞安街208巷47弄口口	25.0300479	121.5418443	0	0	1	2	6	5	5	4	1	1	4	4	5	13	4	4	9	5	5	1	12	1	9	1	6	1	10	1		1	2	13	
113	3	6	21	15	臺北市	中正區	中正區重慶南路1段126巷與重慶南路1段口	25.0371178	121.5126137	0	0	3	3	6	5	5	3	1	1	4	4	5	13	4	4	5	4	5	2	17	1	5	1	7	2	8	1		2	2	2	
113	3	6	21	54	臺北市	士林區	士林區百齡橋東往西002燈桿	25.09046423	121.5154592	0	0	1	2	6	5	5	8	9	1	4	4	5	13	4	4	9	4	1	2	17	1	7	1	7	1	8	1		1	3	4	
113	3	6	22	2	臺北市	士林區	士林區德行東路與德行東路203巷口	25.1090936	121.5321489	0	0	1	2	6	5	5	4	2	1	4	4	5	13	4	4	9	5	5	1	17	1	5	1	7	2	8	1		1	3	2	
113	3	6	22	16	臺北市	大安區	大安區復興南路1段與復興南路1段126巷口	25.0431827	121.5436871	0	0	1	2	6	5	5	3	1	1	4	4	5	13	1	1	1	3	5	2	13	1	9	1	7	1	8	1		1	3	8	
113	3	6	22	24	臺北市	中正區	中正區南昌路2段與同安街口	25.0254337	121.522746	0	0	2	2	6	5	5	4	1	1	4	4	5	13	1	1	5	4	5	2	17	1	5	1	5	2	10	1		2	2	12	
113	3	6	22	29	臺北市	內湖區	內湖區金龍路182號	25.08680803	121.5882996	0	0	1	2	6	5	5	14	7	1	4	4	5	13	4	4	5	5	4	1	16	1	1	1	7	1	7	1		1	3	8	
113	3	6	22	51	臺北市	南港區	南港區南港路3段與玉成街口	25.0515567	121.5814912	0	0	3	3	6	5	5	4	1	1	4	4	5	13	2	1	4	3	5	1	16	4	6	1	3	2	8	1		1	2	8	
113	3	6	22	56	臺北市	中山區	中山區吉林路15號	25.04981404	121.5300315	0	0	2	2	6	5	5	14	18	1	4	4	5	13	3	1	4	5	5	1	3	4	9	1	3	1	10	1		1	2	11	
113	3	6	23	19	臺北市	信義區	信義區松仁路99號	25.0358602	121.5684414	0	0	1	2	7	5	5	14	9	1	5	4	5	13	2	1	1	4	5	2	13	1	9	1	6	1	10	1		1	3	11	
113	3	6	23	33	臺北市	南港區	南港區向陽路與重陽路口	25.0547379	121.5946553	0	0	3	3	6	5	5	4	1	1	4	4	5	13	1	1	1	4	5	2	10	4	15	1	3	1	10	1		1	2	11	
113	3	7	0	11	臺北市	中山區	中山區樂群二路與敬業四路口	25.07996773	121.5585402	0	0	1	2	6	5	5	4	1	1	4	4	5	13	2	1	1	5	5	1	16	4	5	1	3	1	8	1		1	3	6	
113	3	7	1	34	臺北市	北投區	北投區光明路178號	25.135678	121.5032118	0	0	1	2	6	5	5	14	9	1	4	4	5	13	4	4	5	5	5	2	13	1	9	3	2	7	18	1		1	2	11	
113	3	7	2	13	臺北市	中山區	中山區新生北路2段與長春路口	25.0548663	121.5272092	0	0	2	3	6	5	5	5	1	1	4	4	5	13	2	1	10	3	5	1	12	1	9	1	7	1	4	1		1	3	1	
113	3	7	3	29	臺北市	中山區	中山區民生東路2段與吉林路口	25.0579634	121.5303198	0	0	1	2	6	5	5	4	1	1	4	4	5	13	1	1	5	4	5	2	1	1	5	1	7	1	8	1		1	3	1	
113	3	7	5	31	臺北市	南港區	南港區研究院路1段與中南街123巷口口	25.05194347	121.6160337	0	0	1	2	6	5	5	4	1	1	4	4	5	13	2	1	1	4	5	2	16	1	5	1	6	1	2	1		1	3	12	
113	3	7	5	45	臺北市	士林區	士林區德行西路與福華路口	25.104603	121.5218962	0	0	1	2	6	5	5	4	2	1	4	4	5	13	1	1	5	4	5	2	3	1	15	1	6	2	10	1		1	3	11	
113	3	7	5	45	臺北市	萬華區	萬華區長沙街2段與貴陽街2段115巷口	25.0404642	121.5033969	0	0	1	2	6	6	5	4	1	1	4	4	5	13	4	4	9	5	5	2	17	4	11	1	3	1	8	1		1	3	17	
113	3	7	6	1	臺北市	大同區	大同區民權西路與蘭州街口	25.062696	121.5135919	0	0	3	3	6	5	5	14	9	1	4	4	5	13	4	4	9	4	5	2	3	5	16	8	4	2	20	1		2	2	16	
113	3	7	6	7	臺北市	內湖區	內湖區成功路2段與成功路2段193巷口	25.0668928	121.5907048	0	0	2	2	7	5	5	3	2	1	4	4	5	13	4	4	1	4	5	2	3	5	16	8	4	10	20	1		2	2	16	
113	3	7	6	32	臺北市	士林區	士林區中山北路5段與福林路口	25.09373163	121.5280173	0	0	1	2	6	7	8	4	2	1	4	4	5	13	1	1	1	4	5	1	23	4	9	1	3	8	8	1		2	2	1	
113	3	7	7	17	臺北市	文山區	文山區老泉街15號	24.97582002	121.5587025	0	0	1	3	6	6	8	22	22	1	4	4	5	13	4	4	10	5	5	2	17	4	14	1	3	1	4	1		1	3	2	
113	3	7	7	20	臺北市	中山區	中山區八德路2段與復興南路1段口	25.0475015	121.5438364	0	0	2	3	6	5	5	14	9	1	4	4	5	13	1	1	5	4	5	2	16	4	6	1	3	1	8	1		1	3	2	
113	3	7	7	28	臺北市	中正區	中正區愛國東路與杭州南路2段口口	25.0324944	121.5222815	0	0	2	3	6	5	5	4	2	1	4	4	5	13	2	1	9	4	5	1	12	1	6	1	7	2	8	1		1	3	8	
113	3	7	8	10	臺北市	士林區	士林區承德路4段與劍潭路口	25.0838036	121.5235617	0	0	1	4	6	6	5	4	1	1	4	4	5	13	2	1	1	4	4	1	13	1	9	1	7	1	4	1		1	3	1	
113	3	7	8	13	臺北市	大同區	大同區昌吉街與重慶北路3段口	25.0658961	121.5137687	0	0	2	2	6	6	5	5	1	1	4	4	5	13	2	1	1	4	5	2	17	4	5	1	6	1	10	1		2	2	11	
113	3	7	8	29	臺北市	大安區	大安區師大路與師大路59巷口	25.0239846	121.528565	0	0	1	2	6	6	5	5	1	1	4	4	5	13	4	4	9	1	5	2	15	4	9	1	6	1	10	1		1	2	12	
113	3	7	8	37	臺北市	文山區	文山區木柵路4段與和平東路4段口	24.9980919	121.5745157	0	0	1	2	6	5	5	3	2	1	4	4	5	13	2	1	10	4	5	2	17	1	7	1	6	2	10	1		2	3	13	
113	3	7	8	38	臺北市	中山區	中山區明水路341號對面	25.0774127	121.5447709	0	0	2	2	6	7	5	14	9	1	4	4	5	13	4	4	1	4	5	2	17	4	15	1	3	1	10	1		2	2	13	
113	3	7	8	39	臺北市	大同區	大同區重慶北路3段與重慶北路3段236巷口	25.0708276	121.5136982	0	0	1	2	6	6	5	4	2	1	4	4	5	13	1	1	1	4	5	2	17	4	15	7	3	11	19	2		1	4	15	
113	3	7	8	40	臺北市	北投區	北投區西安街2段與立農街1段187巷口	25.1209046	121.5045996	0	0	1	2	6	6	5	14	9	1	4	4	5	13	1	1	9	4	5	2	18	1	9	1	5	9	10	1		2	2	14	
113	3	7	8	45	臺北市	中山區	中山區南京東路3段208號	25.05178123	121.5431014	0	0	1	2	6	5	5	14	9	1	4	4	5	8	1	1	1	4	4	2	13	4	9	1	3	1	10	1		1	3	11	
113	3	7	8	56	臺北市	中正區	中正區林森南路與青島東路口	25.0436314	121.5230604	0	0	1	2	6	5	5	4	1	1	4	4	5	13	1	1	5	4	5	1	17	1	5	1	7	2	8	1		2	3	6	
113	3	7	9	24	臺北市	大同區	大同區市民大道1段209號	25.0484899	121.5187032	0	0	1	2	6	7	5	14	6	1	4	4	5	13	4	4	1	5	5	2	13	1	5	1	7	1	8	1		1	3	1	
113	3	7	10	0	臺北市	士林區	士林區中山北路6段405巷57號前	25.1159779	121.5266007	0	0	2	3	6	6	5	14	9	1	4	4	5	13	4	4	1	2	5	1	3	1	9	1	5	1	10	1		2	2	14	
113	3	7	10	55	臺北市	士林區	士林區中山北路6段與中山北路6段776巷口	25.1165657	121.5285805	0	0	1	2	7	5	5	3	1	1	4	4	5	13	1	1	1	4	5	2	17	1	9	8	5	1	20	1		1	3	16	
113	3	7	10	59	臺北市	信義區	信義區永吉路127巷與永吉路127巷11弄口	25.0462196	121.5703717	0	0	2	2	7	7	5	4	1	1	4	4	5	13	4	4	10	5	5	2	15	4	9	1	3	1	8	1		2	2	5	
113	3	7	11	0	臺北市	內湖區	內湖區新明路321巷與新明路口	25.05694956	121.5844319	0	0	1	2	6	5	5	3	1	1	4	4	5	13	1	1	5	4	5	2	16	1	5	1	7	1	4	1		1	3	8	
113	3	7	11	20	臺北市	北投區	北投區西安街1段與明德路口	25.1090854	121.5191253	0	0	1	2	8	5	5	4	18	1	5	4	5	13	1	1	9	4	5	1	1	1	5	1	7	2	4	1		1	3	8	
113	3	7	11	22	臺北市	士林區	士林區延平北路7段106巷與延平北路7段106巷327弄口	25.1046632	121.4959017	0	0	1	2	7	6	5	3	1	1	4	4	5	13	1	1	10	5	5	1	17	4	6	1	3	2	8	1		1	3	5	