年	月	日	時	分	縣市	行政區	allLocation	GoogleLat	GoogleLng	死	2-30	受傷	當事人數	天候	道路照明設備	道路類別	道路型態	事故位置	路面狀況1	路面狀況2	路面狀況3	道路障礙1	道路障礙2	號誌1	號誌2	車道劃分-分向	車道劃分-分道1	車道劃分-分道2	車道劃分-分道3	事故類型及型態	行動電話	當事者行動狀態	駕駛資格情形	保護裝置	飲酒情形	駕駛執照種類	個人肇逃否	肇因碼-主要	性別	受傷程度	車輛撞擊部位1	車輛撞擊部位2
113	3	7	12	15	臺北市	內湖區	內湖區江南街與江南街107巷口	25.0767241	121.576391	0	0	2	2	6	5	5	4	1	1	4	4	5	13	4	4	4	3	5	1	3	4	9	1	3	1	10	1		1	2	11	
113	3	7	12	35	臺北市	中山區	中山區中山北路3段與農安街口	25.0650633	121.5227082	0	0	1	2	7	7	5	4	1	1	5	4	5	13	2	1	1	4	1	2	3	1	5	1	7	2	1	1		1	3	5	
113	3	7	12	43	臺北市	松山區	松山區八德路4段194號	25.04878925	121.5639345	0	0	1	2	6	6	5	14	9	1	4	4	5	13	2	1	5	5	5	2	13	4	12	1	3	1	8	1		1	3	3	
113	3	7	12	44	臺北市	中正區	中正區思源街與思源街口2號對面	25.01483626	121.5321099	0	0	1	2	7	6	5	3	1	1	4	4	5	13	4	4	1	4	5	1	17	1	6	1	7	2	4	1		1	3	5	
113	3	7	12	54	臺北市	信義區	信義區松德路169巷與信義路6段15巷口	25.0361073	121.5751247	0	0	1	2	7	6	5	4	1	1	4	4	5	13	4	4	9	4	5	1	3	5	16	8	4	10	20	1		2	2	16	
113	3	7	12	56	臺北市	士林區	士林區中正路與延平北路6段口	25.08682	121.5091777	0	0	3	3	7	5	5	4	1	1	4	4	5	13	1	1	1	4	5	2	16	1	5	1	6	1	10	1		1	2	14	
113	3	7	13	35	臺北市	中正區	中正區忠孝東路2段與金山南路1段口	25.04324607	121.5297762	0	0	1	2	6	7	5	4	1	1	4	4	5	13	1	1	1	4	1	2	16	1	6	1	7	2	8	1		1	3	2	
113	3	7	14	18	臺北市	中正區	中正區市民大道1段168號迴轉道	25.0483082	121.5189317	0	0	1	2	7	5	5	14	9	1	5	4	5	13	4	4	5	4	5	1	16	1	11	1	7	2	4	1		1	3	6	
113	3	7	14	35	臺北市	文山區	文山區羅斯福路5段與萬盛街口	25.0078475	121.5381572	0	0	1	2	8	6	5	4	3	1	5	4	5	13	2	1	1	4	5	2	17	1	9	1	6	2	10	1		1	2	11	
113	3	7	14	36	臺北市	中正區	中正區廈門街與廈門街114巷口	25.0231738	121.5172985	0	0	1	2	7	7	5	3	2	1	5	4	5	13	1	1	5	5	5	2	17	1	6	1	7	1	8	1		1	3	8	
113	3	7	14	40	臺北市	中山區	中山區市民大道1段往西(第156號燈桿)	25.0482737	121.5202922	0	0	1	2	7	6	5	14	9	2	5	4	5	13	4	4	1	4	5	2	11	4	9	1	3	9	8	1		1	3	2	
113	3	7	15	18	臺北市	大安區	大安區基隆路4段41巷68弄2號與基隆路4段41巷68弄口	25.0127156	121.543356	0	0	2	2	7	6	5	3	1	1	5	4	5	13	4	4	9	5	5	1	13	4	5	1	6	1	10	1		1	2	12	
113	3	7	15	30	臺北市	中山區	中山區龍江路34號	25.0486558	121.5403561	0	0	1	3	7	6	5	14	9	1	5	4	5	13	4	4	5	5	5	2	17	1	14	1	7	1	8	1		1	3	4	
113	3	7	15	40	臺北市	中正區	中正區和平西路2段與和平西路2段52巷口口	25.02866197	121.5126008	0	0	1	2	8	6	5	3	1	1	5	4	5	13	4	4	1	4	5	1	17	1	1	1	7	1	8	1		1	3	8	
113	3	7	15	49	臺北市	松山區	松山區市民大道4段與八德路3段74巷口	25.0445938	121.5524603	0	0	1	2	8	5	5	3	1	1	5	4	5	13	4	4	9	4	5	2	17	1	6	1	7	1	8	1		2	3	5	
113	3	7	16	2	臺北市	文山區	文山區興隆路4段105巷42號旁	24.9877481	121.5620364	0	0	1	2	7	5	5	14	9	1	5	4	5	13	2	1	10	5	5	2	13	1	9	1	7	1	8	1		2	3	1	
113	3	7	16	38	臺北市	大安區	大安區市民大道4段與忠孝東路4段101巷口	25.0447633	121.5482169	0	0	1	2	7	6	5	3	2	1	5	4	5	13	4	4	1	4	5	2	13	4	9	1	6	1	10	1		1	2	11	
113	3	7	16	44	臺北市	中正區	中正區博愛路172號旁人行道	25.0361051	121.5106222	0	0	1	2	7	6	8	22	20	4	5	4	5	13	4	4	10	5	5	2	9	1	12	8	4	2	20	1		2	3	11	
113	3	7	17	11	臺北市	大同區	大同區延平北路4段與敦煌路口	25.0762422	121.5119541	0	0	2	2	7	6	5	4	1	1	4	4	5	13	2	1	5	4	5	2	17	4	7	1	6	2	10	1		1	2	13	
113	3	7	17	25	臺北市	中山區	中山區興安街與合江街口	25.05616782	121.5390387	0	0	1	2	7	7	5	4	2	1	5	4	5	13	1	1	9	4	4	2	16	1	11	1	7	1	8	1		1	3	7	
113	3	7	17	50	臺北市	中山區	中山區建國北路2段與長春路口	25.0544823	121.5371268	0	0	1	2	7	5	5	14	9	1	5	4	5	13	1	1	1	4	5	2	13	4	9	1	3	1	10	1		1	2	12	
113	3	7	17	50	臺北市	中山區	中山區林森北路159巷4號對面	25.05176129	121.5254676	0	0	1	3	7	5	5	14	9	1	5	4	5	13	4	4	10	5	5	2	17	5	19	8	3	9	20	2		4	3	16	
113	3	7	17	50	臺北市	士林區	士林區福林路254巷與至善路1段口	25.09802463	121.5380611	0	0	1	2	8	6	5	3	2	1	5	4	5	13	3	1	7	4	5	1	17	1	7	1	5	11	10	1		1	2	14	
113	3	7	17	55	臺北市	北投區	北投區中和街318號	25.14096086	121.4997703	0	0	1	3	7	5	5	14	9	1	5	4	5	13	4	4	9	5	5	2	16	1	5	1	5	1	10	1		1	3	13	
113	3	7	18	5	臺北市	北投區	北投區承德路6段與福國路口	25.1014736	121.5125762	0	0	2	2	8	6	5	4	1	1	5	4	5	13	1	1	1	5	1	2	17	1	6	1	5	1	10	1		1	2	11	
113	3	7	18	26	臺北市	中正區	中正區羅斯福路4段與羅斯福路4段196巷口	25.0119095	121.5365868	0	0	1	2	8	5	5	3	1	1	5	4	5	13	4	4	1	4	5	2	17	4	14	1	7	1	1	1		1	3	2	
113	3	7	18	31	臺北市	大安區	大安區市民大道4段68巷與大安路1段19巷口	25.0444379	121.5472639	0	0	2	2	8	5	5	4	1	1	5	4	5	13	4	4	10	5	5	2	17	4	5	8	3	1	20	1		2	2	14	
113	3	7	18	40	臺北市	內湖區	內湖區麥帥一橋機車道東向西	25.05300447	121.5734432	0	0	3	4	8	5	5	14	11	1	5	4	5	13	4	4	1	4	5	2	13	1	12	1	5	1	10	1		1	2	13	
113	3	7	18	43	臺北市	信義區	信義區忠孝東路5段236巷2弄與松勇路口	25.040488	121.5697639	0	0	1	2	8	5	5	3	1	1	5	4	5	13	4	4	9	3	5	2	17	4	15	1	3	1	10	1		2	2	11	
113	3	7	18	45	臺北市	中正區	中正區羅斯福路2段與福州街口	25.03311597	121.5164353	0	0	1	2	7	5	5	5	1	1	5	4	5	13	2	1	1	4	5	1	3	5	18	8	4	2	20	1		1	3	17	
113	3	7	18	45	臺北市	大安區	大安區敦化南路1段與忠孝東路4段口	25.0415655	121.5491162	0	0	2	4	8	5	5	4	2	1	5	4	5	13	2	1	1	4	5	2	13	1	9	1	7	1	2	1		1	3	8	
113	3	7	19	1	臺北市	大同區	大同區環河北路2段101號	25.066057	121.5089599	0	0	1	4	7	6	5	14	9	1	5	4	5	13	4	4	8	3	5	1	13	1	9	1	7	2	8	1		2	2	1	
113	3	7	19	15	臺北市	中正區	中正區中山南路與愛國西路口	25.0351008	121.5164476	0	0	1	2	7	5	5	4	1	1	5	4	5	13	1	1	1	4	5	2	13	1	9	1	5	2	10	1		1	2	11	
113	3	7	19	26	臺北市	大同區	大同區鄭州路145號(中興醫院前)	25.0505534	121.5086678	0	0	3	3	8	5	5	14	9	1	5	4	5	13	4	4	1	5	5	2	12	1	15	1	6	1	10	1		2	2	11	
113	3	7	19	40	臺北市	中山區	中山區新生北路2段與長春路口	25.0550094	121.5273858	0	0	1	3	7	5	5	4	1	1	2	4	5	13	2	1	1	4	5	2	17	4	6	3	6	1	18	1		1	3	17	
113	3	7	19	50	臺北市	士林區	士林區文林路與文林路714巷口	25.1022891	121.5209538	0	0	1	2	7	5	5	3	2	1	5	4	5	13	1	1	1	4	4	2	17	1	6	1	7	1	8	1		1	3	2	
113	3	7	19	56	臺北市	大安區	大安區安和路2段與安和路2段189巷口口	25.0269031	121.5498226	0	0	1	3	7	5	5	3	1	1	5	4	5	13	3	1	1	3	5	1	3	1	9	1	2	1	8	1		2	3	1	
113	3	7	20	0	臺北市	信義區	信義區虎林街與虎林街242巷口	25.0364985	121.5776634	0	0	2	3	7	5	6	4	2	1	5	4	5	13	4	4	10	5	5	1	17	1	9	1	5	1	10	1		1	2	14	
113	3	7	20	37	臺北市	大安區	大安區基隆路3段與長興街口	25.017203	121.544304	0	0	1	2	7	5	5	4	1	1	5	3	5	13	2	2	8	3	5	2	15	1	9	1	7	1	8	1		1	3	8	
113	3	7	20	45	臺北市	信義區	信義區吳興街220巷南往北景勤一號公園旁	25.0266908	121.5618661	0	0	2	2	8	5	5	14	9	1	5	4	5	13	4	4	8	3	5	2	17	4	15	1	3	1	10	1		1	2	11	
113	3	7	21	30	臺北市	中正區	中正區林森南路85號	25.0395537	121.5217631	0	0	1	2	6	5	5	14	9	1	4	4	5	13	4	4	5	4	5	2	13	1	9	1	6	2	10	1		1	3	11	
113	3	7	21	35	臺北市	士林區	士林區文林路與小北街口	25.0902706	121.5270165	0	0	1	2	7	5	5	3	2	1	5	4	5	13	2	1	5	4	5	2	16	1	6	1	5	1	10	1		1	3	12	
113	3	7	22	25	臺北市	中山區	中山區德惠街22號	25.066614	121.5253595	0	0	1	2	7	5	5	14	9	1	5	4	5	13	4	4	9	5	5	2	16	1	11	1	7	1	8	1		1	3	8	
113	3	7	22	31	臺北市	中正區	中正區汀州路3段與羅斯福路4段24巷口	25.014876	121.5325446	0	0	1	2	7	5	5	4	1	1	5	4	5	13	2	1	4	4	5	1	16	1	6	1	7	2	8	1		1	3	2	
113	3	7	23	3	臺北市	內湖區	內湖區金湖路與康寧路1段口	25.0789699	121.5995958	0	0	2	2	6	5	5	3	1	1	4	4	5	13	1	1	1	3	1	1	17	1	5	1	6	1	10	2		2	2	12	
113	3	7	23	6	臺北市	北投區	北投區中央北路4段362號	25.1299711	121.4715991	0	0	2	2	7	5	5	14	9	1	5	4	5	13	4	4	5	4	5	2	3	5	16	8	4	10	20	1		1	2	16	
113	3	7	23	19	臺北市	士林區	士林區福林路004號燈桿	25.094686	121.5296718	0	0	3	3	8	5	5	14	9	1	5	4	5	13	4	4	5	5	5	1	17	1	8	1	5	1	10	1		1	2	12	
113	3	8	6	39	臺北市	士林區	士林區承德路4段與劍潭路口	25.0842105	121.5234645	0	0	1	2	8	7	5	4	1	1	5	4	5	13	1	1	1	3	1	1	16	1	5	1	3	1	8	1		1	3	2	
113	3	8	6	46	臺北市	大同區	大同區鄭州路0802476燈桿	25.0504823	121.5075337	0	0	1	2	8	5	5	14	9	1	5	4	5	13	4	4	1	4	5	2	13	1	12	1	6	2	10	1		1	3	13	
113	3	8	6	48	臺北市	信義區	信義區基隆路1段與市民大道6段口	25.0489204	121.569264	0	0	2	2	8	7	5	4	2	1	5	4	5	13	1	1	1	4	5	2	13	4	9	1	3	1	10	1		1	2	11	
113	3	8	7	30	臺北市	北投區	北投區石仙路與稻香路125巷口	25.14152179	121.4894867	0	0	2	2	8	6	5	3	2	1	5	4	5	13	4	4	10	5	5	2	16	1	5	1	5	1	10	1		1	2	11	
113	3	8	7	45	臺北市	中山區	中山區北安路往東七海園區對面	25.0778965	121.5348927	0	0	3	4	7	5	5	14	9	1	5	4	5	13	3	1	1	4	5	2	17	4	9	1	3	1	10	1		1	2	11	
113	3	8	8	4	臺北市	北投區	北投區立德路與立功街口	25.1253889	121.4716149	0	0	1	2	8	6	5	4	1	1	5	4	5	13	1	1	10	5	5	2	16	1	5	1	7	2	2	1		1	3	5	
113	3	8	8	4	臺北市	大同區	大同區敦煌路迪化污水處理廠旁	25.0763659	121.5103106	0	0	1	2	7	6	5	14	9	1	5	4	5	13	4	4	10	5	5	2	17	4	1	1	3	1	8	1		1	3	8	
113	3	8	8	8	臺北市	文山區	文山區新光路1段與秀明路2段口	24.9916723	121.5737227	0	0	1	2	8	7	5	4	1	1	5	4	5	13	2	1	10	5	5	2	16	1	5	1	7	1	8	1		1	3	1	
113	3	8	8	29	臺北市	北投區	北投區大度路3段270巷與大度路3段296巷口	25.12479353	121.4670361	0	0	1	2	8	6	5	3	1	1	5	4	5	13	4	4	10	5	5	2	11	1	9	8	4	2	20	1		2	2	11	
113	3	8	8	34	臺北市	萬華區	萬華區青年路66號	25.024309	121.5028603	0	0	1	2	8	6	5	11	9	1	5	4	5	13	3	1	5	4	5	2	17	1	6	1	5	9	10	2		1	3	17	14
113	3	8	8	42	臺北市	中山區	中山區建國北路1段71號	25.05144978	121.5370373	0	0	1	4	8	5	5	14	9	1	5	4	5	13	4	4	1	4	5	2	13	4	9	1	3	1	10	1		1	2	11	
113	3	8	8	47	臺北市	南港區	南港區忠孝東路7段與忠孝東路7段口社會宅工地出入口	25.0507492	121.5960199	0	0	1	2	8	6	5	14	8	1	5	4	5	13	4	4	1	3	4	2	13	4	9	1	3	1	10	1		1	2	11	
113	3	8	8	48	臺北市	南港區	南港區松河街與重陽路203巷口	25.05831987	121.6002657	0	0	1	2	7	7	5	3	2	1	5	4	5	13	4	4	5	5	5	2	17	1	5	1	7	1	1	1		1	3	17	
113	3	8	8	49	臺北市	士林區	士林區大南路與承德路4段266巷口	25.08858994	121.5204647	0	0	2	2	8	7	5	3	2	1	5	4	5	13	4	4	5	5	5	1	15	1	9	1	5	1	10	1		2	2	11	
113	3	8	8	55	臺北市	南港區	南港區忠孝東路7段591號	25.0529813	121.613836	0	0	1	3	8	7	5	14	8	1	5	4	5	13	4	4	1	4	4	2	13	1	9	1	5	9	10	1		1	2	11	
113	3	8	8	57	臺北市	士林區	士林區中正路與中正路365巷口	25.09453826	121.5223633	0	0	3	3	8	6	5	4	1	1	5	4	5	13	2	1	1	4	5	1	15	1	9	1	5	1	10	1		1	2	12	
113	3	8	9	7	臺北市	萬華區	萬華區萬大路與萬大路329巷口	25.035155	121.5071257	0	0	1	3	7	6	5	4	1	1	5	4	5	13	1	1	3	3	5	2	17	4	6	1	3	9	8	1		1	3	17	
113	3	8	9	8	臺北市	松山區	松山區敦化北路與敦化北路244巷口	25.06053642	121.5500387	0	0	1	2	7	7	5	3	2	1	5	4	5	13	4	4	9	4	4	2	13	1	9	1	6	2	10	1		2	2	11	
113	3	8	9	22	臺北市	萬華區	萬華區忠孝橋往北市機車道	25.0450628	121.5021289	0	0	2	5	8	6	5	8	11	1	5	4	5	13	4	4	3	5	5	1	17	1	13	1	6	1	10	1		2	3	13	
113	3	8	9	34	臺北市	信義區	信義區信義路5段與基隆路2段口	25.0327599	121.5594646	0	0	1	2	8	6	5	4	4	1	5	4	5	13	2	1	1	2	4	1	13	4	9	1	3	1	10	1		1	2	11	
113	3	8	9	41	臺北市	信義區	信義區永吉路200巷與永吉路200巷56弄口	25.0434805	121.5726071	0	0	1	2	8	7	5	4	1	1	5	4	5	13	4	4	5	5	5	2	15	4	9	1	3	1	4	1		1	3	1	
113	3	8	11	5	臺北市	中正區	中正區博愛路與武昌街1段口	25.05148627	121.5087453	0	0	1	2	7	7	5	4	1	1	5	4	5	13	1	1	7	4	5	2	3	1	9	1	5	2	10	1		2	3	11	
113	3	8	11	53	臺北市	大同區	大同區重慶北路2段太平國小前	25.0616263	121.5134901	1	0	1	2	7	6	5	14	9	1	5	4	5	13	4	4	1	4	5	2	3	5	16	8	4	10	20	1		2	1	16	
113	3	8	12	0	臺北市	萬華區	萬華區西藏路與雙園街口	25.028738	121.4950198	0	0	1	3	7	5	5	3	2	1	5	4	5	13	3	1	1	4	5	2	13	1	8	1	6	1	10	1		2	2	11	
113	3	8	12	17	臺北市	內湖區	內湖區潭美街785號堤外便道	25.0625132	121.6100953	0	0	2	2	8	6	5	12	9	1	5	4	5	13	4	4	10	4	5	2	10	1	9	1	5	1	10	1		2	2	12	
113	3	8	12	17	臺北市	北投區	北投區西安街1段345號	25.11365444	121.5158327	0	0	1	3	8	6	5	14	9	1	5	4	5	13	4	4	1	4	5	2	13	1	9	1	5	1	10	1		1	2	11	
113	3	8	12	21	臺北市	信義區	信義區忠孝東路5段與忠孝東路5段345巷口	25.0410553	121.5740557	0	0	1	3	8	6	5	4	2	1	5	4	5	13	1	1	10	5	5	2	9	1	9	1	5	1	10	1		1	2	11	
113	3	8	12	34	臺北市	大安區	大安區新生南路1段與濟南路3段口	25.0401273	121.5329579	0	0	1	2	7	6	5	4	2	1	5	4	5	13	1	1	3	1	5	2	16	1	6	1	7	1	8	1		1	3	6	
113	3	8	12	44	臺北市	北投區	北投區公館路與北投路1段口	25.1214618	121.5025466	0	0	3	3	8	6	5	4	1	1	5	4	5	13	1	1	5	4	5	2	17	1	5	1	5	1	10	1		1	2	14	
113	3	8	13	38	臺北市	松山區	松山區健康路與延壽街330巷口	25.0540158	121.5605206	0	0	2	2	8	6	5	3	1	1	5	4	5	13	2	1	1	4	5	2	13	4	11	1	6	2	9	1		1	2	13	
113	3	8	13	40	臺北市	文山區	文山區木柵路5段43巷(燈桿0706825)	25.01129346	121.588873	0	0	1	2	8	7	5	11	9	1	5	4	5	13	4	4	5	5	5	1	17	1	5	1	7	2	8	1		1	3	8	
113	3	8	13	55	臺北市	中山區	中山區民權東路2段144號	25.0626473	121.5339823	0	0	4	5	8	7	5	14	9	1	5	4	5	13	4	4	1	4	5	2	12	1	9	1	6	2	10	1		1	2	11	
113	3	8	13	58	臺北市	內湖區	內湖區民權東路6段15巷與民權東路6段口	25.06750945	121.5804103	0	0	1	2	8	6	5	3	1	1	5	4	5	13	4	4	9	4	4	2	13	1	6	1	7	2	8	1		1	3	3	
113	3	8	14	1	臺北市	士林區	士林區大南路與小西街口	25.0897965	121.5233262	0	0	2	2	8	7	8	4	1	1	5	4	5	13	4	4	10	5	5	2	17	1	9	1	6	1	10	1		1	2	11	
113	3	8	14	50	臺北市	中正區	中正區重慶南路1段與重慶南路1段136巷口	25.0363207	121.5124966	0	0	1	2	8	7	5	3	1	1	5	4	5	13	4	4	8	3	5	2	16	1	6	1	7	2	4	1		1	3	2	
113	3	8	15	28	臺北市	信義區	信義區信義路5段150巷431弄23號	25.023183	121.5712242	0	0	1	2	8	6	5	14	9	1	5	4	5	13	4	4	9	4	5	1	12	4	9	1	3	9	8	2		1	3	6	
113	3	8	15	50	臺北市	內湖區	內湖區民權東路6段56巷9號	25.06811968	121.5848876	0	0	2	2	8	6	5	3	1	1	5	4	5	13	4	4	10	5	5	2	16	1	1	1	6	2	10	1		1	2	12	
113	3	8	16	1	臺北市	文山區	文山區興隆路2段275巷與興隆路2段275巷1弄口	25.0025829	121.5528977	0	0	1	2	7	6	5	3	1	1	5	4	5	13	4	4	10	5	5	2	16	1	5	1	5	1	10	1		2	2	12	
113	3	8	16	2	臺北市	士林區	士林區文林路與文林路421巷口	25.0944062	121.524784	0	0	1	2	8	6	5	3	1	1	5	4	5	13	4	4	9	4	5	2	17	1	5	1	6	1	10	1		1	2	12	
113	3	8	16	12	臺北市	內湖區	內湖區成功路3段175號	25.08015418	121.5904418	0	0	1	3	8	6	5	14	8	1	5	4	5	13	4	4	9	4	4	2	12	4	7	1	3	11	10	2		1	4	15	
113	3	8	16	17	臺北市	中正區	中正區汀州路1段54號	25.0319233	121.5062527	0	0	1	2	8	7	5	14	9	1	5	4	5	13	4	4	5	5	5	2	12	1	11	1	7	2	8	1		1	3	8	
113	3	8	16	17	臺北市	大同區	大同區重慶北路2段與民生西路口	25.0570792	121.5138603	0	0	1	2	8	7	5	4	1	1	5	4	5	13	2	1	5	4	5	2	16	4	5	1	3	1	4	1		1	3	5	
113	3	8	16	45	臺北市	內湖區	內湖區康寧路3段75巷246號	25.07578558	121.614936	0	0	1	2	8	6	5	12	9	1	5	4	5	13	4	4	9	4	5	2	11	1	9	1	6	1	10	1		2	2	14	
113	3	8	16	50	臺北市	萬華區	萬華區長泰街與長泰街20巷口	25.0231453	121.5010498	1	0	0	2	8	5	5	4	2	1	5	4	5	13	4	4	8	3	5	1	3	4	1	1	3	2	2	1		1	3	5	
113	3	8	16	58	臺北市	中正區	中正區中山南路與凱達格蘭大道口	25.0384605	121.5173864	0	0	1	2	8	6	8	22	22	1	5	4	5	13	2	1	3	4	3	2	11	1	9	8	2	2	20	1		1	2	12	
113	3	8	17	0	臺北市	大安區	大安區基隆路4段與羅斯福路4段口	25.0111581	121.5373821	0	0	2	3	7	6	5	5	1	1	5	4	5	13	2	1	10	4	5	1	16	4	5	1	6	1	10	1		1	3	13	
113	3	8	17	36	臺北市	士林區	士林區中山北路6段172巷與中山北路6段172巷16弄口	25.1068844	121.5250111	0	0	2	2	8	5	5	4	1	1	5	4	5	13	4	4	10	5	5	2	17	1	9	1	5	2	10	1		2	2	12	
113	3	8	17	45	臺北市	中山區	中山區長安東路1段與新生北路1段口	25.04818588	121.5294989	0	0	1	2	8	5	5	4	1	1	5	4	5	13	1	1	10	4	5	2	16	1	5	6	7	1	8	1		1	2	4	
113	3	8	18	7	臺北市	內湖區	內湖區新湖二路與新湖三路口	25.0650413	121.584678	0	0	1	2	8	5	5	4	1	1	5	4	5	13	4	4	5	4	5	1	15	1	9	1	7	1	8	1		1	3	1	
113	3	8	18	9	臺北市	文山區	文山區興隆路2段345號	25.00100962	121.5542049	0	0	1	3	8	5	5	14	9	1	5	4	5	13	4	4	1	4	5	2	13	1	9	1	6	2	10	1		2	2	11	
113	3	8	18	27	臺北市	北投區	北投區文林北路116號	25.10599978	121.516939	0	0	2	3	7	5	5	14	8	1	5	4	5	13	4	4	1	4	4	1	13	1	9	1	5	1	10	1		1	2	11	
113	3	8	18	40	臺北市	文山區	文山區辛亥路5段與辛亥路5段25巷口口	24.9999133	121.5540011	0	0	1	2	8	5	5	4	1	1	5	4	5	13	2	1	1	4	5	2	17	1	5	1	7	1	8	1		1	3	17	
113	3	8	18	48	臺北市	文山區	文山區景興路與木柵路1段口口	24.9883395	121.5420881	0	0	2	3	8	5	5	3	1	1	5	4	5	13	2	1	5	5	5	2	16	1	5	1	6	1	10	1		2	2	12	
113	3	8	19	10	臺北市	信義區	信義區松仁路38號	25.0379563	121.5683067	0	0	1	2	8	5	5	14	9	1	5	4	5	13	4	4	1	4	5	2	17	1	8	1	7	1	8	1		1	3	2	
113	3	8	19	30	臺北市	內湖區	內湖區麥帥一橋東向西	25.05255199	121.5726388	0	0	2	2	8	5	5	8	11	1	5	4	5	13	4	4	1	4	1	2	17	1	10	1	5	1	10	1		1	2	11	
113	3	8	20	0	臺北市	萬華區	萬華區華中橋往中和	25.0138094	121.4954566	0	0	2	3	8	5	7	8	11	1	5	4	5	13	4	4	7	4	3	2	17	4	10	1	5	2	10	1		1	2	15	
113	3	8	20	7	臺北市	松山區	松山區南京東路5段256號	25.0512662	121.5662874	0	0	3	3	7	5	5	14	9	1	5	4	5	13	4	4	1	4	5	2	13	1	9	1	6	2	10	1		1	2	11	
113	3	8	20	42	臺北市	萬華區	萬華區華江橋機車引道（近燈桿0904461)	25.0377534	121.4935103	0	0	2	2	8	5	5	14	11	1	5	4	5	13	4	4	10	5	5	2	12	4	9	1	3	2	10	1		1	2	12	
113	3	8	22	53	臺北市	文山區	文山區羅斯福路4段與基隆路4段口	25.01108027	121.5369456	0	0	1	3	7	5	5	5	1	1	5	4	5	13	2	1	1	4	5	2	12	1	10	1	7	1	8	1		1	3	5	
113	3	8	23	16	臺北市	士林區	士林區承德路5段62號	25.0924913	121.5152309	0	0	1	2	8	5	5	14	8	1	5	4	5	13	4	4	10	5	4	1	17	1	1	1	7	1	2	1		1	3	7	
113	3	8	23	23	臺北市	中正區	中正區重慶南路3段89號	25.0249789	121.5166649	0	0	1	2	8	5	5	14	9	1	5	4	5	13	4	4	3	4	5	2	17	1	8	1	7	1	4	1		1	3	6	
113	3	8	23	28	臺北市	內湖區	內湖區東湖路43巷與東湖路43巷26弄口	25.06981504	121.6136381	0	0	1	2	8	5	5	4	1	1	5	4	5	13	4	4	10	5	5	1	15	1	9	1	7	1	4	1		1	3	2	
113	3	8	23	32	臺北市	大安區	大安區信義路2段與杭州南路2段口	25.0352908	121.5244831	0	0	1	2	8	5	5	14	18	1	5	4	5	13	2	1	1	4	5	2	3	5	16	8	4	11	20	2		4	2	16	
113	3	8	23	40	臺北市	萬華區	萬華區中華路2段與西藏路口	25.0301077	121.5041507	0	0	1	2	7	5	5	4	2	1	5	4	5	13	1	1	1	3	5	1	3	4	9	1	3	2	10	1		1	2	17	
113	3	8	23	47	臺北市	大安區	大安區樂業街與臥龍街195巷口	25.0187104	121.554536	0	0	1	5	7	5	5	4	1	1	5	4	5	13	4	4	10	5	5	2	17	4	9	1	3	1	8	1		1	3	2	
113	3	8	23	57	臺北市	士林區	士林區建業路與格致路口	25.1356646	121.5461231	0	0	1	2	8	6	5	4	2	1	5	4	5	13	2	1	9	4	5	1	16	4	9	1	3	1	10	1		1	2	11	
113	3	9	0	14	臺北市	內湖區	內湖區大湖山莊街176巷與大湖街131巷口	25.08743191	121.599344	0	0	1	3	8	5	5	3	2	1	5	4	5	13	4	4	10	5	5	2	17	1	14	1	7	9	4	2		1	3	6	
113	3	9	0	50	臺北市	中山區	中山區錦州街與民權東路2段92巷口	25.0603458	121.5316972	0	0	1	2	8	5	5	4	1	1	5	4	5	13	4	4	10	5	5	2	15	1	9	1	6	1	10	1		1	2	11	
113	3	9	1	35	臺北市	北投區	北投區大度路2段#1208633燈桿	25.1224642	121.4806123	0	0	1	2	7	5	5	14	11	1	5	4	5	13	4	4	1	4	1	1	27	1	9	1	5	1	10	1		1	2	14	
113	3	9	6	3	臺北市	大同區	大同區民權西路與民權西路144巷口	25.0628322	121.5159006	0	0	2	3	7	6	5	4	1	1	5	4	5	13	2	1	1	4	5	2	16	4	9	1	3	1	10	1		1	2	11	
113	3	9	6	40	臺北市	中山區	中山區民族東路與建國北路3段113巷口	25.0682497	121.5364159	0	0	1	3	8	7	5	3	1	1	5	4	5	13	4	4	9	4	5	2	17	1	2	1	7	1	8	1		1	3	3	
113	3	9	7	40	臺北市	北投區	北投區文林北路53巷與福國路口口	25.1015272	121.5147978	0	0	1	2	7	5	5	4	2	1	5	4	5	13	2	1	5	5	5	2	16	4	6	7	3	11	19	2		1	4	15	
113	3	9	7	42	臺北市	萬華區	萬華區堤外便道與水源快速道路口	25.01507365	121.4953614	0	0	1	2	7	5	5	3	1	1	5	4	5	13	4	4	5	5	5	2	11	4	11	1	7	1	8	1		2	3	5	
113	3	9	8	39	臺北市	中正區	中正區羅斯福路2段與和平西路1段口	25.0273194	121.522111	0	0	2	3	8	6	5	4	1	1	5	4	5	13	1	1	3	5	5	2	13	1	9	1	5	2	10	1		2	2	13	
113	3	9	9	0	臺北市	士林區	士林區前港街與後港街口口	25.0847551	121.5213474	0	0	1	2	7	6	5	4	1	1	5	4	5	13	4	4	9	4	5	1	15	1	9	1	5	1	10	1		2	2	11	
113	3	9	9	31	臺北市	中山區	中山區中山北路2段與撫順街口	25.06385455	121.5222371	0	0	2	3	8	6	5	3	2	1	5	4	5	13	4	4	4	4	3	2	12	1	9	1	5	1	10	1		1	2	11	12
113	3	9	9	46	臺北市	文山區	文山區景華街與景華街97巷口	24.9954593	121.5463666	0	0	1	2	7	6	5	3	1	1	5	4	5	13	4	4	10	5	5	2	16	1	5	1	6	2	10	1		1	3	12	