年	月	日	時	分	縣市	行政區	allLocation	GoogleLat	GoogleLng	死	2-30	受傷	當事人數	天候	道路照明設備	道路類別	道路型態	事故位置	路面狀況1	路面狀況2	路面狀況3	道路障礙1	道路障礙2	號誌1	號誌2	車道劃分-分向	車道劃分-分道1	車道劃分-分道2	車道劃分-分道3	事故類型及型態	行動電話	當事者行動狀態	駕駛資格情形	保護裝置	飲酒情形	駕駛執照種類	個人肇逃否	肇因碼-主要	性別	受傷程度	車輛撞擊部位1	車輛撞擊部位2
113	3	9	10	2	臺北市	士林區	士林區中正路與延平北路6段口	25.08686807	121.5092299	0	0	1	2	7	7	5	4	1	1	5	4	5	13	2	1	9	4	5	1	17	1	5	1	7	2	8	1		1	3	1	
113	3	9	10	17	臺北市	大安區	大安區市民大道4段與敦化南路1段口	25.0448367	121.5486407	0	0	2	3	8	7	5	4	1	1	5	4	5	13	2	1	1	3	1	1	13	1	9	1	6	1	10	1		1	2	11	
113	3	9	11	32	臺北市	萬華區	萬華區西藏路與莒光路299巷口	25.0294098	121.4991577	0	0	1	3	7	6	8	3	2	1	5	4	5	13	1	1	1	4	5	2	17	1	7	1	7	9	8	1		2	3	17	
113	3	9	11	35	臺北市	文山區	文山區景興路46巷與景華街49巷口	24.9960416	121.5428526	0	0	1	2	7	6	5	4	1	1	5	4	5	13	3	1	10	5	5	2	15	1	9	1	6	2	10	1		2	2	12	
113	3	9	11	42	臺北市	中山區	中山區民權東路3段71號	25.06245183	121.5434662	0	0	1	2	7	5	5	14	9	1	5	4	5	13	4	4	1	4	5	2	12	1	1	1	7	1	8	1		1	3	8	
113	3	9	11	45	臺北市	內湖區	內湖區成功路2段456巷3-1號	25.07359592	121.5875927	0	0	3	3	7	5	5	11	9	1	5	4	5	13	4	4	10	5	5	2	9	1	6	1	5	2	10	1		2	2	11	
113	3	9	11	54	臺北市	內湖區	內湖區瑞光路504號	25.07938352	121.568216	0	0	1	2	7	5	5	14	9	1	5	4	5	13	4	4	5	4	5	2	16	1	11	1	7	1	8	1		1	3	4	
113	3	9	12	0	臺北市	南港區	南港區富康街與市民大道7段口	25.0544856	121.6163916	0	0	1	2	8	6	5	5	1	1	5	4	5	13	2	1	5	5	5	2	16	4	9	1	3	1	8	1		1	3	4	
113	3	9	12	4	臺北市	大同區	大同區長安西路35號	25.05146792	121.5092316	0	0	1	2	7	6	5	14	9	1	5	4	5	13	4	4	5	5	5	2	13	1	9	1	7	2	4	1		1	3	1	
113	3	9	12	25	臺北市	中山區	中山區中山北路2段59巷與中山北路口側附近2段口	25.05588141	121.5229054	0	0	2	2	8	5	5	3	1	1	5	4	5	13	4	4	1	5	5	2	17	4	6	1	3	1	10	1		1	2	12	
113	3	9	12	54	臺北市	中山區	中山區民權東路1段與新生北路2段口	25.0625127	121.527514	0	0	2	2	7	5	5	5	1	1	5	4	5	13	1	1	1	4	5	2	16	4	9	1	3	2	10	1		1	2	11	
113	3	9	13	8	臺北市	大同區	大同區鄭州路143巷0801050燈桿	25.0513246	121.509908	0	0	1	2	8	5	5	14	9	1	5	4	5	13	4	4	10	5	5	2	10	1	9	1	5	2	10	1		1	3	11	
113	3	9	13	30	臺北市	中正區	中正區和平西路2段與莒光路口	25.0313231	121.5078823	0	0	1	2	8	6	5	3	1	1	5	4	5	13	1	1	1	4	4	2	16	1	5	6	5	1	10	1		1	2	14	
113	3	9	13	35	臺北市	中山區	中山區美堤河濱公園籃球場自行車道	25.07647554	121.5524883	0	0	1	2	7	6	8	14	23	1	5	4	5	13	4	4	9	4	5	2	17	1	7	8	4	1	20	1		1	3	17	
113	3	9	13	40	臺北市	萬華區	萬華區廣州街與西昌街口	25.0366744	121.5004421	0	0	1	2	8	6	5	4	1	4	5	4	5	13	4	4	5	4	5	2	9	1	9	1	7	1	4	1		1	3	5	
113	3	9	15	18	臺北市	大同區	大同區延平北路2段與南京西路口	25.0536975	121.5125273	0	0	1	2	8	6	5	4	1	1	5	4	5	13	1	1	5	4	5	2	17	4	21	7	3	11	19	2		4	4	15	
113	3	9	15	50	臺北市	北投區	北投區西安街2段161號	25.1190798	121.5118788	0	0	2	2	8	7	5	14	9	1	5	4	5	13	4	4	1	4	5	2	17	1	9	1	6	2	10	1		1	2	11	
113	3	9	16	3	臺北市	中山區	中山區大直橋與北安路口	25.0793659	121.5445512	0	0	1	2	7	6	5	14	11	1	5	4	5	13	2	1	8	3	5	1	12	1	9	1	5	1	10	1		1	3	11	
113	3	9	16	17	臺北市	中山區	中山區長安東路1段30巷與長安東路1段30巷8弄口	25.04788166	121.5261025	0	0	2	4	8	6	5	4	1	1	5	4	5	10	4	4	10	5	5	2	17	1	9	1	5	1	10	1		2	3	17	
113	3	9	16	23	臺北市	大安區	大安區長興街83號	25.0153514	121.5470688	0	0	2	2	7	6	8	22	22	1	5	4	5	12	4	4	9	4	5	1	17	1	9	8	4	1	20	1		2	2	11	
113	3	9	16	30	臺北市	中正區	中正區羅斯福路4段與羅斯福路4段90巷口	25.0141446	121.5348319	0	0	1	3	8	6	5	3	1	1	5	4	5	13	1	1	3	4	5	2	3	1	9	1	5	2	10	1		1	2	12	
113	3	9	16	30	臺北市	萬華區	萬華區光復橋往新北市上橋處（燈桿003012）	25.024221	121.4904041	1	0	1	4	8	5	5	8	9	1	5	4	5	13	4	4	1	3	5	1	23	4	9	1	3	9	9	1		1	1	14	
113	3	9	16	33	臺北市	文山區	文山區景興路與景興路202巷口	24.9916176	121.543718	0	0	1	2	7	6	5	3	1	1	5	4	5	13	2	1	5	5	5	2	17	1	5	1	7	2	8	1		2	3	17	
113	3	9	16	45	臺北市	大安區	大安區樂業街與臥龍街195巷口口	25.0193399	121.5538436	0	0	1	2	8	7	5	4	1	1	5	4	5	13	4	4	9	5	5	2	15	4	9	1	3	2	8	1		1	3	8	
113	3	9	17	0	臺北市	文山區	文山區羅斯福路5段與羅斯福路5段211巷口	25.002235	121.5389281	0	0	1	2	7	6	5	4	1	1	5	4	5	13	2	1	1	4	5	2	16	1	5	1	7	2	8	1		2	3	2	
113	3	9	17	30	臺北市	萬華區	萬華區環河南路1段與內江街口	25.04202787	121.500016	0	0	1	2	8	7	5	5	2	1	5	4	5	13	2	1	4	2	5	2	17	1	5	1	6	1	10	1		1	3	14	
113	3	9	17	50	臺北市	文山區	文山區木柵路1段與富山路口	24.9880728	121.5536238	0	0	1	6	8	5	5	4	2	1	5	4	5	13	1	1	9	4	5	1	12	1	7	1	5	1	10	1		2	2	14	
113	3	9	18	5	臺北市	松山區	松山區光復北路與光復北路11巷口	25.04916259	121.5579413	0	0	1	2	8	5	5	4	1	1	5	4	5	13	2	1	1	4	5	2	17	1	5	1	7	1	8	1		1	3	5	
113	3	9	18	8	臺北市	大安區	大安區信義路3段與信義路3段166巷口	25.0333163	121.5418638	0	0	1	2	8	6	5	4	2	1	5	4	5	13	2	1	10	4	5	1	17	4	6	7	3	9	19	2		1	4	17	
113	3	9	18	10	臺北市	南港區	南港區南港路3段358號	25.0515117	121.5808617	0	0	1	2	7	5	5	14	9	1	5	4	5	13	4	4	5	4	5	2	16	1	11	1	6	1	9	1		1	2	14	
113	3	9	18	19	臺北市	中正區	中正區羅斯福路1段與金華街口	25.0323312	121.5186931	0	0	1	2	8	5	5	3	2	1	5	4	5	13	4	4	3	4	5	2	17	1	8	1	7	2	4	1		1	3	17	
113	3	9	18	51	臺北市	信義區	信義區松智路與松智路9巷口	25.0379031	121.5655538	0	0	2	2	8	5	5	3	2	1	5	4	5	13	4	4	9	5	5	2	15	1	15	1	5	1	10	1		1	2	14	12
113	3	9	19	11	臺北市	大安區	大安區忠孝東路4段180號	25.0413864	121.5525975	0	0	1	2	8	5	5	14	9	1	5	4	5	13	4	4	1	4	5	2	17	1	7	1	5	11	10	2		4	2	17	
113	3	9	20	14	臺北市	士林區	士林區社中街426巷5號	25.09198741	121.5024202	0	0	2	2	7	5	5	14	9	1	5	4	5	13	4	4	10	5	5	2	16	1	9	1	5	2	10	1		1	2	11	
113	3	9	20	15	臺北市	大同區	大同區忠孝橋機慢車道往三重上橋處	25.0490607	121.5065214	0	0	1	2	8	6	7	8	11	1	5	4	5	13	4	4	8	3	5	2	12	1	15	1	6	1	10	1		1	3	12	
113	3	9	20	29	臺北市	北投區	北投區中央北路1段155號	25.1355976	121.4986079	0	0	2	2	7	5	5	14	9	1	5	4	5	13	4	4	5	2	5	2	13	1	9	3	5	1	18	1		2	2	14	
113	3	9	20	30	臺北市	士林區	士林區通河東街2段自行車越堤道	25.09098071	121.5148393	0	0	1	2	7	5	5	14	9	1	5	4	5	13	4	4	10	5	5	2	17	1	21	1	6	1	10	1		1	3	17	
113	3	9	20	50	臺北市	中山區	中山區市民大道3段3號	25.04603288	121.5312088	0	0	1	2	8	5	5	14	9	1	5	4	5	13	4	4	9	4	5	2	17	1	9	1	5	1	10	1		1	3	11	
113	3	9	21	44	臺北市	大同區	大同區鄭州路與重慶北路1段口	25.049565	121.5133077	0	0	1	3	8	5	5	4	2	1	5	4	5	13	1	1	1	4	5	2	13	1	9	1	6	2	10	1		2	2	11	
113	3	9	22	5	臺北市	大安區	大安區建國南路1段152號	25.0413442	121.5369772	0	0	2	3	8	5	5	14	9	1	5	4	5	13	4	4	1	4	5	2	12	4	7	1	3	1	8	1		1	3	4	
113	3	9	22	20	臺北市	南港區	南港區研究院路2段24號	25.0472311	121.6154268	0	0	1	2	8	5	5	14	9	1	5	4	5	13	1	1	1	3	5	1	9	4	15	1	7	9	2	1		1	4	15	
113	3	9	23	50	臺北市	萬華區	萬華區忠孝西路2段與西寧南路口	25.0413561	121.5199187	0	0	2	2	8	5	5	5	2	1	5	4	5	13	2	1	5	4	5	2	17	1	6	1	6	1	10	1		1	2	12	
113	3	10	0	41	臺北市	萬華區	萬華區長沙街2段與環河南路1段口	25.0413266	121.4996138	0	0	1	2	8	5	5	3	1	1	5	4	5	13	1	1	4	3	5	2	11	1	9	1	5	1	10	1		1	3	12	
113	3	10	1	55	臺北市	大安區	大安區忠孝東路4段205巷與忠孝東路4段181巷7弄口口	25.0420928	121.5525011	0	0	3	3	8	5	5	4	1	1	5	4	5	13	4	4	10	5	5	2	15	4	9	1	3	1	4	1		1	2	1	
113	3	10	8	0	臺北市	中正區	中正區中山南路與青島東路口	25.0442852	121.51934	0	0	1	2	8	7	5	4	2	1	5	4	5	13	1	1	8	3	1	2	13	1	9	1	5	2	10	1		2	2	11	
113	3	10	8	25	臺北市	士林區	士林區延平北路5段與中正路口	25.0865876	121.5092885	0	0	1	2	8	6	5	4	2	1	5	4	5	13	2	1	9	4	5	1	17	1	5	1	5	2	9	1		1	2	14	
113	3	10	8	50	臺北市	大同區	大同區台北橋機車道282593號燈桿西往東	25.0635765	121.5064709	0	0	2	2	7	6	5	14	11	1	5	4	5	13	4	4	1	5	5	2	17	1	9	1	6	1	10	1		1	2	11	
113	3	10	9	13	臺北市	南港區	南港區市民大道8段與南港路2段無名巷口	25.0521782	121.5995426	0	0	2	2	8	7	5	3	2	1	5	4	5	13	3	1	5	4	5	2	13	1	6	1	5	1	10	1		1	2	13	
113	3	10	10	9	臺北市	萬華區	萬華區桂林路與梧州街口	25.0384709	121.4976223	0	0	1	2	7	7	5	4	1	1	5	4	5	13	4	4	10	5	5	2	17	1	5	6	5	1	18	1		1	2	14	
113	3	10	10	20	臺北市	士林區	士林區延平北路6段與社中街口口	25.0903803	121.5011655	1	0	0	2	7	6	5	5	1	1	5	4	5	13	2	1	1	2	2	1	16	1	1	1	5	2	10	1		1	1	11	
113	3	10	10	30	臺北市	中正區	中正區仁愛路2段與杭州南路1段口	25.0386281	121.5253126	0	0	1	2	7	6	5	4	1	1	5	4	4	13	1	1	10	5	5	1	12	1	9	1	7	1	8	1		1	3	2	
113	3	10	10	41	臺北市	內湖區	內湖區陽光街與陽光街202巷口	25.07416064	121.5801768	0	0	1	2	7	5	5	3	2	1	5	4	5	13	4	4	5	5	4	2	16	1	5	8	4	2	20	1		1	2	14	
113	3	10	10	45	臺北市	大同區	大同區西寧北路28號與環河北路1段口(玉泉公園環河北路側)	25.0499661	121.5066514	0	0	1	2	8	7	5	3	2	1	5	4	5	13	4	4	5	4	5	2	16	4	6	1	3	1	8	1		1	3	2	
113	3	10	10	50	臺北市	中正區	中正區杭州南路1段11巷與杭州南路1段口	25.0434831	121.5267329	0	0	2	3	8	5	5	4	1	1	5	4	5	13	4	4	10	5	5	2	16	1	6	1	7	2	8	1		1	3	4	
113	3	10	10	52	臺北市	文山區	文山區木柵路4段與木柵路4段149巷口	24.9988207	121.574896	0	0	2	4	8	6	5	14	9	1	5	4	5	13	4	4	5	5	5	2	17	4	9	1	5	2	10	2		1	3	11	
113	3	10	10	55	臺北市	文山區	文山區秀明路1段與木柵路3段169巷口	24.9914954	121.5684568	0	0	1	2	7	7	5	3	1	1	5	4	5	13	3	1	1	5	4	2	16	1	5	1	7	1	8	1		1	3	7	
113	3	10	11	3	臺北市	內湖區	內湖區內湖路2段179巷與金龍隧道口	25.08432482	121.5850975	0	0	1	2	8	6	5	3	2	1	5	4	5	13	2	1	5	4	5	2	17	1	6	1	6	2	9	1		1	2	12	
113	3	10	11	11	臺北市	萬華區	萬華區環河南路2段與環河南路2段175巷口	25.0328703	121.4921621	0	0	1	2	7	7	5	4	1	1	5	4	5	13	1	1	1	4	5	2	16	1	5	1	7	1	8	1		1	3	6	
113	3	10	11	17	臺北市	士林區	士林區東山路25巷81弄38號	25.1221231	121.5413604	0	0	1	2	8	6	5	11	9	1	5	4	5	13	1	1	10	5	5	1	17	4	9	1	3	2	8	1		1	3	8	
113	3	10	11	25	臺北市	信義區	信義區基隆路1段333號	25.03506752	121.5610214	0	0	1	3	8	6	5	14	9	1	5	4	5	13	4	4	10	4	5	2	12	1	8	1	6	1	10	1		1	3	12	
113	3	10	11	33	臺北市	文山區	文山區老泉街45巷樟湖幹76號(06137126FA30)前	24.97119465	121.5752356	1	0	3	5	7	6	5	14	9	1	5	4	5	13	4	4	10	5	5	1	38	4	9	1	3	2	8	1		1	2	5	
113	3	10	11	38	臺北市	信義區	信義區吳興街269巷18弄與吳興街269巷口	25.02732433	121.5647006	0	0	1	2	8	7	5	3	1	1	5	4	5	13	4	4	10	5	5	2	18	1	6	1	6	9	10	1		2	2	12	
113	3	10	11	41	臺北市	萬華區	萬華區德昌街10巷與東園街73巷口	25.02637732	121.4997949	0	0	2	2	8	7	5	5	1	1	5	4	5	13	3	1	10	5	5	2	17	1	9	1	5	1	10	1		2	2	11	
113	3	10	12	25	臺北市	信義區	信義區基隆路1段380巷	25.03448553	121.5590027	0	0	1	2	8	7	5	14	9	1	5	4	5	13	4	4	10	5	5	2	17	1	1	1	5	1	10	1		2	2	11	
113	3	10	12	39	臺北市	南港區	南港區忠孝東路6段159巷與忠孝東路6段口	25.0489775	121.5865043	0	0	1	2	8	6	5	4	1	1	5	4	5	13	4	4	10	5	5	2	15	1	9	1	5	1	10	1		2	3	12	
113	3	10	12	43	臺北市	大安區	大安區信義路2段與麗水街口	25.0336808	121.529226	0	0	1	2	8	5	5	4	2	1	5	4	5	13	4	4	5	5	5	2	17	1	6	1	5	1	10	1		1	3	17	
113	3	10	13	18	臺北市	中山區	中山區中山北路1段7號	25.04827795	121.5209727	0	0	1	2	8	6	5	14	9	1	5	4	5	13	4	4	1	4	5	2	12	4	9	1	6	11	10	2		1	4	12	
113	3	10	13	26	臺北市	大同區	大同區延平北路4段與迪化街2段364巷口	25.07302261	121.5112541	0	0	1	2	7	7	5	3	2	1	5	4	5	13	2	1	5	4	5	2	16	4	5	1	3	1	4	1		1	3	8	
113	3	10	13	29	臺北市	文山區	文山區景興路與景華街口	24.9952594	121.5447392	0	0	2	3	7	6	5	5	2	1	5	4	5	13	2	1	1	4	5	2	17	1	11	1	6	2	10	1		2	3	13	
113	3	10	13	41	臺北市	信義區	信義區忠孝東路5段790巷與忠孝東路5段790巷23弄口	25.0426878	121.5824261	0	0	1	2	8	7	5	4	1	1	5	4	5	13	4	4	10	5	5	2	15	1	9	3	6	1	18	1		1	2	11	
113	3	10	14	27	臺北市	士林區	士林區復興橋與至誠路1段口便道	25.10105671	121.5375658	0	0	1	2	8	6	5	5	2	1	5	4	5	13	2	1	5	4	5	1	17	1	9	1	7	2	8	1		1	3	5	
113	3	10	14	35	臺北市	內湖區	內湖區內湖路1段與內湖路1段737巷口	25.07881623	121.578663	0	0	1	2	8	6	5	14	9	1	5	4	5	13	4	4	1	4	5	2	9	1	9	1	7	9	2	1		1	3	17	
113	3	10	15	10	臺北市	大同區	大同區忠孝西路2段與塔城街口	25.04824996	121.5098765	0	0	1	2	8	5	5	4	2	1	5	4	5	13	1	1	1	4	1	2	11	1	9	1	7	1	4	1		1	3	4	
113	3	10	15	30	臺北市	士林區	士林區文林路161號	25.08924431	121.5267458	0	0	2	2	8	5	5	14	9	1	5	4	5	13	4	4	9	5	5	2	17	1	11	1	6	1	10	1		2	2	14	
113	3	10	15	58	臺北市	士林區	士林區仰德大道1段與至誠路1段口	25.1010483	121.5376025	0	0	1	2	8	5	5	5	1	1	5	4	5	13	2	1	7	4	5	1	5	5	20	8	4	10	20	1		1	2	16	
113	3	10	16	0	臺北市	大安區	大安區和平東路3段10號	25.0246495	121.5468081	0	0	1	2	8	7	5	14	9	1	5	4	5	13	1	1	1	4	5	2	12	4	8	1	3	1	10	1		2	2	14	
113	3	10	16	24	臺北市	萬華區	萬華區艋舺大道與華翠大橋口下迴轉道	25.02846955	121.4913271	0	0	1	2	8	6	5	3	1	1	5	4	5	13	4	4	10	4	5	2	3	5	16	8	4	10	20	1		2	2	16	
113	3	10	16	42	臺北市	信義區	信義區永吉路225巷與虎林街50巷口	25.04696239	121.5742471	0	0	1	2	7	7	5	4	1	1	5	4	5	13	4	4	10	5	5	2	17	1	6	1	7	2	3	1		1	3	1	
113	3	10	17	27	臺北市	信義區	信義區松平路81號	25.0304541	121.5669491	0	0	1	2	8	6	5	14	9	1	5	4	5	13	4	4	9	5	5	2	16	1	9	1	6	2	10	1		2	2	11	
113	3	10	17	32	臺北市	松山區	松山區北寧路32巷與八德路3段99巷口	25.04924795	121.5535988	0	0	1	2	7	6	5	3	1	1	4	4	5	13	4	4	10	5	5	2	3	1	2	1	7	9	8	1		1	3	3	
113	3	10	18	55	臺北市	大同區	大同區赤峰街43號	25.0550468	121.5196179	0	0	2	2	7	5	5	14	9	1	5	4	5	13	4	4	10	5	5	2	9	1	9	1	5	1	10	1		2	2	15	
113	3	10	19	10	臺北市	大同區	大同區哈密街59巷與哈密街59巷38弄口	25.0749346	121.5157006	0	0	1	2	7	5	5	14	9	1	5	4	5	13	4	4	10	5	5	1	16	4	5	1	5	11	11	2		2	3	11	
113	3	10	19	25	臺北市	信義區	信義區永吉路326巷40號	25.0441391	121.5754101	0	0	1	2	8	5	5	14	9	1	5	4	5	13	4	4	9	5	5	2	16	4	11	1	3	2	10	1		1	3	17	
113	3	10	19	40	臺北市	松山區	松山區市民大道5段與八德路4段204巷口	25.04782223	121.5642128	0	0	2	3	7	5	5	3	1	1	5	4	5	13	4	4	1	4	5	2	15	4	15	1	7	1	8	1		1	3	4	
113	3	10	20	0	臺北市	中山區	中山區松江路與農安街口	25.0648711	121.533333	0	0	2	3	8	5	5	4	1	1	5	4	5	13	2	1	3	5	5	2	2	1	5	1	7	2	4	1		1	3	8	
113	3	10	20	41	臺北市	士林區	士林區百齡橋與中正路口	25.0903872	121.5152387	0	0	1	2	7	5	5	3	2	1	5	4	5	13	4	4	10	4	5	1	17	1	8	1	7	2	8	1		1	3	4	
113	3	10	21	7	臺北市	大同區	大同區民族西路與民族西路169巷口	25.068654	121.5153973	0	0	1	2	7	5	5	4	2	1	5	4	5	13	4	4	5	2	5	2	17	4	11	1	3	11	8	2		1	4	5	
113	3	10	21	10	臺北市	士林區	士林區延平北路6段與中正路口	25.086928	121.5093714	0	0	2	3	8	5	5	4	2	1	5	4	5	13	2	1	1	4	5	2	16	4	8	1	3	1	10	1		1	3	12	
113	3	10	23	40	臺北市	士林區	士林區萬溪產業道路3K+300	25.1351171	121.6011317	0	0	1	2	8	6	5	11	9	1	5	4	5	13	4	4	10	5	5	1	17	1	9	1	5	1	10	1		2	3	17	
113	3	10	23	54	臺北市	中山區	中山區市民大道2段與長安東路1段52巷口	25.0470358	121.5276736	0	0	1	2	8	5	5	3	2	1	5	4	5	13	3	1	10	4	5	2	16	1	6	1	7	1	4	1		1	3	4	
113	3	11	0	46	臺北市	北投區	北投區石牌路2段與石牌路2段113巷口	25.11808849	121.5175704	0	0	1	2	7	5	5	4	1	1	5	4	5	13	3	1	4	4	5	2	17	1	5	1	5	1	10	1		1	2	12	
113	3	11	6	36	臺北市	北投區	北投區承德路7段與承德路7段188巷口	25.1140729	121.5078696	0	0	3	3	8	6	5	3	1	1	5	4	5	13	4	4	10	5	5	2	15	1	9	1	5	2	10	1		1	2	11	
113	3	11	7	17	臺北市	內湖區	內湖區內湖路1段47巷與內湖路1段口	25.08509091	121.5593065	0	0	1	2	8	5	5	3	1	1	5	4	5	13	4	4	10	5	5	2	16	1	6	1	7	1	8	1		1	3	5	
113	3	11	7	30	臺北市	中正區	中正區和平西路2段56號前	25.02885367	121.5123941	0	0	1	3	7	6	5	14	9	1	5	4	5	13	4	4	1	4	5	1	17	1	7	1	7	1	8	1		2	3	17	
113	3	11	7	35	臺北市	士林區	士林區中正路與重陽橋口	25.08798165	121.5155229	0	0	1	2	8	6	5	8	11	1	5	4	5	13	4	4	1	4	5	1	13	1	9	1	5	9	10	1		2	2	13	
113	3	11	8	35	臺北市	中山區	中山區新生北路2段與林森北路485巷口	25.0613519	121.5273795	0	0	3	3	8	7	5	3	2	1	5	4	5	13	4	4	5	4	5	2	17	4	5	1	6	1	10	1		2	2	13	
113	3	11	8	42	臺北市	大安區	大安區信義路2段與杭州南路2段口	25.0353019	121.5243418	0	0	1	2	8	6	5	14	9	1	5	4	5	13	2	1	1	4	5	1	12	4	15	1	3	9	8	2		1	3	17	
113	3	11	8	44	臺北市	松山區	松山區塔悠路與健康路口	25.05455564	121.5697099	0	0	1	2	6	5	5	4	1	1	4	4	5	13	2	1	3	4	4	2	16	4	6	1	3	2	8	1		2	3	5	
113	3	11	9	5	臺北市	南港區	南港區研究院路2段與研究院路2段182巷口	25.0375123	121.6175093	0	0	1	2	7	7	5	3	2	1	5	4	5	13	2	1	9	5	5	2	17	4	6	1	3	1	8	1		1	3	5	
113	3	11	9	11	臺北市	萬華區	萬華區青年路68巷與青年路106巷30弄口	25.0235435	121.5024983	0	0	2	3	7	7	5	3	1	1	5	4	3	10	4	4	4	1	5	2	16	1	5	1	5	2	10	1		1	2	11	
113	3	11	9	24	臺北市	中正區	中正區仁愛路1段與林森南路口	25.0384182	121.5214763	0	0	1	3	7	7	5	4	2	1	5	4	5	13	1	1	9	4	5	1	11	1	1	1	7	2	4	2		1	3	8	
113	3	11	9	25	臺北市	文山區	文山區木柵路1段與木柵路1段79巷口	24.98689343	121.5466541	0	0	2	3	8	6	5	3	1	1	5	4	5	13	4	4	5	4	5	2	17	4	5	1	5	2	9	1		1	2	11	
113	3	11	9	27	臺北市	松山區	松山區八德路4段286號	25.0487437	121.5672152	0	0	2	3	7	5	5	14	9	1	5	4	5	13	4	4	1	4	5	2	13	1	10	1	5	1	10	1		1	2	14	
113	3	11	9	40	臺北市	文山區	文山區指南路2段84號	24.98667387	121.5789127	0	0	2	2	7	7	5	14	9	1	5	4	5	13	4	4	9	5	5	2	16	1	5	1	5	1	10	1		2	2	14	
113	3	11	10	27	臺北市	松山區	松山區市民大道4段與市民大道4段37巷口	25.0451188	121.5451767	0	0	2	2	7	7	5	3	2	1	5	4	5	13	4	4	1	4	1	2	12	1	7	1	6	1	10	1		1	2	13	
113	3	11	11	43	臺北市	大安區	大安區仁愛路4段151巷與忠孝東路4段170巷17弄口	25.0399029	121.551744	0	0	1	2	7	5	5	4	1	1	5	4	5	13	4	4	10	5	5	2	1	1	9	1	7	9	4	1		1	3	1	
113	3	11	12	12	臺北市	士林區	士林區故宮路19號	25.09708544	121.5470429	0	0	1	2	6	7	5	14	9	1	4	4	5	13	4	4	1	4	5	1	17	1	1	1	5	2	10	1		1	2	14	
113	3	11	12	17	臺北市	大安區	大安區基隆路3段與辛亥路3段口	25.0196027	121.5469302	0	0	1	2	6	6	5	14	9	1	4	4	5	13	4	4	1	4	4	2	17	1	9	1	6	1	10	1		1	2	14	
113	3	11	12	45	臺北市	中山區	中山區林森北路與民生東路1段口	25.0583357	121.5255107	0	0	2	3	6	6	5	4	2	1	4	4	5	13	1	1	9	4	5	2	17	1	10	1	7	1	8	1		2	3	17	
113	3	11	13	3	臺北市	大安區	大安區復興南路2段與復興南路2段151巷口	25.0284526	121.5434221	0	0	1	2	7	6	5	4	1	1	4	4	5	13	1	1	1	4	5	1	15	1	9	1	6	1	10	1		1	2	11	
113	3	11	13	37	臺北市	南港區	南港區南港路1段與興中路口	25.0545484	121.6074981	0	0	1	2	6	7	5	4	1	1	4	4	5	13	2	1	4	3	5	2	17	1	5	1	7	1	8	1		1	3	2	
113	3	11	13	59	臺北市	大同區	大同區市民大道1段與承德路1段口	25.0487902	121.5168707	0	0	1	2	6	6	5	14	9	1	4	4	5	13	4	4	1	4	5	2	17	1	7	6	7	1	18	1		1	3	7	
113	3	11	14	0	臺北市	中山區	中山區建國北路2段與南京東路3段口	25.05187452	121.5366032	0	0	1	2	6	6	5	4	2	1	4	4	5	13	1	1	8	4	5	2	18	1	9	1	5	1	10	1		2	2	11	
113	3	11	14	35	臺北市	大同區	大同區延平北路3段113巷與民族西路282巷口	25.068235	121.5112325	0	0	1	2	6	5	5	4	1	1	4	4	5	13	4	4	10	5	5	2	15	1	9	1	5	2	10	1		1	3	14	
113	3	11	14	47	臺北市	大同區	大同區酒泉街161號	25.0721283	121.5125885	0	0	1	3	6	6	5	14	9	1	4	4	5	13	4	4	8	3	5	1	10	4	15	1	3	2	8	1		1	3	1	
113	3	11	15	30	臺北市	文山區	文山區木柵路4段與木柵路4段159巷口	24.9999084	121.575832	0	0	1	2	7	6	5	11	9	1	4	4	5	13	1	1	5	2	5	2	13	1	12	1	6	2	10	1		2	2	11	12
113	3	11	15	45	臺北市	中山區	中山區新生北路2段與錦州街口	25.06042977	121.5278317	0	0	2	3	6	7	5	3	2	1	4	4	5	13	4	4	1	4	5	2	17	4	6	1	3	2	8	1		1	3	7	
113	3	11	15	57	臺北市	萬華區	萬華區西藏路125巷與中華路2段416巷口	25.0267893	121.5031273	0	0	1	2	6	5	5	4	2	1	4	4	5	13	1	1	9	4	5	2	17	4	9	1	7	1	8	1		1	3	8	
113	3	11	15	59	臺北市	萬華區	萬華區青年路152巷與青年路152巷口51號旁無名巷	25.0199364	121.5011677	0	0	1	2	6	6	5	4	1	1	4	4	5	13	4	4	5	5	5	2	17	1	5	1	7	1	4	1		1	3	8	
113	3	11	16	5	臺北市	信義區	信義區忠孝東路4段與基隆路1段口	25.0411557	121.5644322	0	0	1	2	6	7	5	5	1	1	4	4	5	13	2	1	3	4	5	2	9	1	9	1	7	2	2	1		1	3	17	
113	3	11	16	27	臺北市	文山區	文山區木柵路1段357號	24.98872038	121.5577928	0	0	1	2	6	6	5	14	9	2	4	4	5	13	4	4	5	4	5	2	17	4	7	1	3	1	8	1		2	3	17	
113	3	11	16	43	臺北市	萬華區	萬華區長順街46巷與長順街14巷口	25.0308337	121.4897532	0	0	1	2	6	7	5	3	1	1	4	4	5	13	4	4	10	5	5	2	13	1	6	1	5	1	10	1		2	3	12	
113	3	11	17	13	臺北市	信義區	信義區松仁路38號	25.0385978	121.568316	0	0	1	3	6	5	5	14	9	1	4	4	5	13	4	4	9	4	5	2	17	4	6	7	3	11	8	2		1	4	17	