年	月	日	時	分	縣市	行政區	allLocation	GoogleLat	GoogleLng	死	2-30	受傷	當事人數	天候	道路照明設備	道路類別	道路型態	事故位置	路面狀況1	路面狀況2	路面狀況3	道路障礙1	道路障礙2	號誌1	號誌2	車道劃分-分向	車道劃分-分道1	車道劃分-分道2	車道劃分-分道3	事故類型及型態	行動電話	當事者行動狀態	駕駛資格情形	保護裝置	飲酒情形	駕駛執照種類	個人肇逃否	肇因碼-主要	性別	受傷程度	車輛撞擊部位1	車輛撞擊部位2
113	3	11	17	24	臺北市	大同區	大同區鄭州路與西寧北路口	25.0505728	121.5082103	0	0	1	2	6	5	5	4	2	1	4	4	5	13	2	1	1	4	5	2	17	4	9	1	3	1	8	1		1	3	5	
113	3	11	17	35	臺北市	士林區	士林區中山北路5段與雙溪街口	25.10078697	121.5265028	0	0	1	2	6	5	5	5	2	2	4	4	5	13	3	1	1	2	5	1	12	1	7	1	5	1	10	1		1	2	14	
113	3	11	17	43	臺北市	文山區	文山區信義快速道路北往南	25.00782853	121.5812146	0	0	1	4	6	5	5	14	9	1	4	4	5	13	4	4	10	4	5	2	13	1	9	1	7	2	8	1		1	3	1	
113	3	11	17	52	臺北市	大安區	大安區建國南路1段63-1號	25.0436728	121.5366481	0	0	1	2	6	5	5	14	9	1	4	4	5	13	4	4	5	5	5	1	16	4	5	1	3	1	4	1		1	3	17	
113	3	11	18	50	臺北市	中正區	中正區仁愛路1段19號前	25.0388021	121.5223616	0	0	2	3	6	5	5	14	9	1	4	4	5	13	4	4	9	4	5	1	17	1	9	1	6	2	10	1		1	2	11	
113	3	11	19	15	臺北市	中山區	中山區南京東路3段與復興北路口	25.0520662	121.5439504	0	0	1	2	6	5	5	4	2	1	4	4	5	13	2	1	1	4	5	2	12	1	9	1	7	1	8	1		2	3	8	
113	3	11	19	17	臺北市	文山區	文山區信義快速道路文山隧道內中間車道避難方向牌260公尺處	25.0094552	121.5812978	0	0	26	27	6	5	5	6	9	2	4	4	5	13	4	4	6	1	5	1	18	5	17	8	3	10	20	1		1	2	16	
113	3	11	19	31	臺北市	中正區	中正區忠孝東路2段與新生南路1段口	25.04244757	121.5327722	0	0	1	2	6	5	5	4	1	1	4	4	5	13	1	1	1	4	1	2	3	5	16	8	4	10	20	1		1	2	16	
113	3	11	19	46	臺北市	士林區	士林區延平北路6段與社中街口	25.09036937	121.5011675	0	0	1	2	6	5	5	4	2	1	4	4	5	13	1	1	10	3	5	1	17	1	9	1	7	2	1	1		1	3	4	
113	3	11	20	0	臺北市	萬華區	萬華區成都路與成都路105巷口	25.0431539	121.5041958	0	0	1	2	6	5	5	3	1	1	4	4	5	13	4	4	10	5	5	2	3	1	9	1	5	1	10	1		1	3	11	
113	3	11	20	5	臺北市	文山區	文山區辛亥路5段與辛亥路5段25巷口	24.9999198	121.5540749	0	0	2	2	6	5	5	4	1	1	4	4	5	13	2	1	5	5	5	2	16	1	5	1	6	1	10	1		1	2	11	
113	3	11	20	21	臺北市	信義區	信義區福德街與大道路口口	25.0380601	121.5836696	0	0	2	2	6	5	5	4	2	1	4	4	5	13	2	1	1	4	5	2	3	1	9	1	6	2	10	1		1	2	11	
113	3	11	21	2	臺北市	萬華區	萬華區內江街與昆明街口	25.0415498	121.5045007	0	0	1	2	6	5	5	4	2	1	4	4	5	13	1	1	10	4	5	1	1	4	5	1	3	1	8	1		1	3	1	
113	3	11	21	32	臺北市	中山區	中山區伊通街121號	25.053804	121.5352513	0	0	2	2	6	7	5	14	9	1	4	4	5	12	4	4	10	4	5	2	3	1	9	1	6	2	10	1		2	2	11	
113	3	11	21	36	臺北市	中正區	中正區貴陽街1段235號	25.03910948	121.5094585	0	0	1	2	6	5	5	14	9	1	4	4	5	13	4	4	5	4	5	2	17	1	11	1	7	2	8	1		1	3	4	
113	3	11	21	36	臺北市	內湖區	內湖區內湖路2段355巷6弄2-1號對面	25.08369209	121.591622	0	0	2	3	6	5	5	14	9	1	4	4	5	13	4	4	10	5	5	2	12	1	7	8	4	1	20	1		1	2	14	
113	3	11	21	59	臺北市	信義區	信義區忠孝東路4段345號	25.0413895	121.5604585	0	0	1	2	6	5	5	14	9	1	4	4	5	13	4	4	3	4	5	2	6	5	18	8	4	10	20	1		1	3	16	
113	3	11	22	10	臺北市	內湖區	內湖區環山路1段24巷與環山路1段口	25.08452211	121.565513	0	0	1	2	6	5	5	4	1	1	4	4	5	13	1	1	5	4	5	1	17	1	9	1	5	1	10	1		2	2	12	
113	3	11	22	18	臺北市	士林區	士林區士林橋與文林路587巷口	25.098422	121.5236885	0	0	1	2	6	5	5	4	2	1	4	4	5	13	4	4	10	5	4	1	17	1	1	1	7	1	4	1		1	3	8	
113	3	11	23	5	臺北市	萬華區	萬華區環河南路1段348巷與貴陽街2段口	25.04016225	121.4980057	0	0	1	2	6	5	5	4	1	1	4	4	5	13	1	1	9	4	5	2	3	4	5	1	5	1	10	1		1	3	11	
113	3	12	0	15	臺北市	信義區	信義區吳興街50巷與基隆路2段39巷口	25.0305913	121.5595139	0	0	1	2	6	5	5	4	1	1	4	4	5	13	4	4	9	5	5	2	15	4	9	1	3	1	8	1		1	3	4	
113	3	12	1	49	臺北市	信義區	信義區基隆路2段109號	25.0288582	121.5571688	0	0	1	2	6	5	5	14	9	1	4	4	5	13	4	4	2	4	5	2	17	1	9	1	5	1	10	1		1	2	17	
113	3	12	6	55	臺北市	中正區	中正區天津街與北平東路口	25.046783	121.5221004	0	0	2	3	7	7	5	4	1	1	4	4	5	13	1	1	10	5	5	2	15	1	9	1	7	2	8	1		1	3	6	
113	3	12	7	15	臺北市	文山區	文山區萬寧街139號旁對面	25.00328205	121.5710754	0	0	1	2	8	6	5	11	9	1	5	4	5	13	4	4	5	5	5	2	29	1	9	1	6	1	10	1		2	2	12	
113	3	12	7	34	臺北市	南港區	南港區忠孝東路6段與東新街口口	25.047875	121.5848427	0	0	1	2	8	7	5	4	2	1	5	4	5	13	1	1	1	4	4	1	16	4	6	1	3	2	8	1		2	2	8	
113	3	12	7	37	臺北市	北投區	北投區三合街1段與三合街1段117巷口	25.1267437	121.5039817	0	0	1	3	8	6	5	4	2	1	4	4	5	13	3	1	9	5	5	2	13	1	9	1	5	1	10	1		1	2	11	
113	3	12	7	50	臺北市	松山區	松山區新中街2巷與新中街口	25.05446259	121.5571725	0	0	1	2	7	7	5	3	1	5	5	4	5	13	4	4	10	5	5	2	12	1	8	1	7	1	8	1		1	3	5	
113	3	12	7	53	臺北市	內湖區	內湖區內湖路1段362號加油站出口	25.0813182	121.5713167	0	0	1	3	8	7	5	14	8	1	5	4	5	13	4	4	1	4	4	2	16	1	1	1	7	1	8	1		2	4	4	
113	3	12	8	0	臺北市	大安區	大安區辛亥路3段21巷與敦南街口	25.0223793	121.5466512	0	0	1	2	8	6	5	4	1	1	5	4	5	13	4	4	10	5	5	2	15	1	9	1	7	1	8	1		2	3	5	
113	3	12	8	15	臺北市	大同區	大同區台北橋機慢車道往台北(第282520燈桿)	25.0634258	121.506886	0	0	1	2	8	6	5	8	11	1	5	4	5	13	4	4	1	4	5	2	12	1	8	1	6	1	10	1		1	3	12	
113	3	12	8	20	臺北市	南港區	南港區忠孝東路7段與向陽路口	25.0508388	121.595658	0	0	1	4	8	7	5	5	2	1	5	4	5	13	2	1	1	2	4	2	13	4	9	1	6	2	10	1		1	2	11	
113	3	12	8	33	臺北市	萬華區	萬華區漢口街2段與漢口街2段20巷口	25.04540452	121.5078204	0	0	1	2	7	6	5	3	2	1	5	4	5	13	4	4	10	5	5	1	9	1	9	1	6	11	10	2		1	4	11	
113	3	12	8	34	臺北市	大安區	大安區市民大道4段與敦化南路1段口	25.0447483	121.5487494	0	0	2	3	8	7	5	14	9	1	5	4	5	13	4	4	1	4	5	2	13	4	9	1	3	1	10	1		1	2	11	
113	3	12	8	57	臺北市	內湖區	內湖區潭美街與安康路106巷口	25.0606511	121.5992353	0	0	1	2	8	5	5	4	1	1	5	4	5	13	1	1	5	5	5	2	16	1	6	1	7	1	8	1		1	3	6	
113	3	12	9	0	臺北市	大安區	大安區辛亥路3段11號	25.021437	121.5438767	0	0	1	2	8	6	5	14	9	1	5	4	5	13	4	4	1	4	5	2	17	1	1	1	7	1	8	1		1	3	5	
113	3	12	9	25	臺北市	北投區	北投區懷德街與懷德街75巷口	25.1135876	121.5196774	0	0	1	3	8	6	5	4	1	1	5	4	5	13	4	4	10	5	5	2	11	1	14	1	7	2	8	1		2	3	4	
113	3	12	9	30	臺北市	南港區	南港區忠孝東路7段512號對面	25.0525886	121.6106336	0	0	2	2	8	7	5	14	8	1	5	4	5	13	4	4	1	4	4	2	12	4	7	1	5	1	10	1		1	2	14	
113	3	12	9	33	臺北市	士林區	士林區忠誠路1段與德行東路口	25.1082573	121.530066	0	0	1	2	8	5	5	4	1	1	5	4	5	13	2	1	1	4	5	2	17	1	6	1	7	1	8	1		1	3	2	
113	3	12	9	42	臺北市	松山區	松山區敦化北路與民生東路3段口	25.0577686	121.5487626	0	0	2	3	8	7	5	5	1	1	5	4	5	13	2	1	1	4	5	2	16	1	9	1	7	9	1	2		1	3	2	
113	3	12	9	45	臺北市	中正區	中正區中山北路1段與市民大道1段口	25.04803105	121.5204428	0	0	1	2	8	6	5	4	1	1	5	4	5	13	1	1	1	2	5	2	12	4	8	7	6	11	19	2		2	4	13	
113	3	12	10	0	臺北市	士林區	士林區菁山路101巷32弄(NO.1111691燈桿前)	25.08702794	121.5181452	0	0	1	2	8	7	5	11	9	1	5	4	5	13	4	4	10	5	5	2	11	1	1	1	7	11	8	1		1	3	8	
113	3	12	10	37	臺北市	中正區	中正區廈門街5號旁	25.02713425	121.5181732	0	0	1	3	8	6	5	14	9	1	5	4	5	10	4	4	8	4	5	1	12	1	1	1	7	1	4	1		1	3	8	
113	3	12	10	37	臺北市	中正區	中正區重慶南路1段124號	25.03749257	121.5126379	0	0	1	3	8	6	5	14	9	2	5	4	5	13	4	4	5	4	5	2	3	5	16	8	4	10	20	1		1	3	16	
113	3	12	11	20	臺北市	松山區	松山區八德路4段與松山路口	25.05000827	121.5777449	0	0	1	4	8	7	5	4	2	1	5	4	5	13	2	1	9	4	5	2	17	1	7	1	7	2	4	1		1	3	8	
113	3	12	11	42	臺北市	文山區	文山區興隆路4段5號前	24.99091046	121.5590406	0	0	2	3	8	6	5	14	9	1	5	4	5	13	4	4	1	4	5	2	16	1	7	1	6	2	11	1		2	2	11	12
113	3	12	12	4	臺北市	信義區	信義區莊敬路325巷與莊敬路289巷6弄口	25.0285156	121.5641954	0	0	1	2	8	7	5	4	2	1	5	4	5	13	4	4	9	4	5	2	17	1	5	1	7	1	8	1		1	3	8	
113	3	12	12	9	臺北市	大安區	大安區和平東路2段與新生南路3段口	25.0258812	121.5349867	0	0	1	2	8	7	5	4	2	1	5	4	5	13	2	1	8	3	5	1	17	1	21	7	7	11	19	2		1	4	15	
113	3	12	12	15	臺北市	北投區	北投區公館路423巷與立農街1段187巷口	25.120093	121.5038062	0	0	2	2	7	6	5	4	1	1	5	4	5	13	3	1	9	5	5	2	17	1	9	1	5	1	10	1		2	2	14	
113	3	12	13	7	臺北市	大安區	大安區忠孝東路4段177號	25.0415918	121.5504525	0	0	1	2	8	6	6	14	9	1	5	4	5	13	4	4	1	4	5	2	12	4	9	6	3	1	8	1		1	3	2	
113	3	12	13	25	臺北市	萬華區	萬華區西藏路284號	25.02945952	121.5012966	0	0	1	2	8	7	5	14	9	1	5	4	5	13	4	4	3	4	5	2	17	1	1	1	7	1	6	1		1	3	7	
113	3	12	13	27	臺北市	內湖區	內湖區舊宗路1段268號旁	25.06325106	121.5760713	0	0	1	2	8	6	5	14	9	1	5	4	5	13	4	4	9	4	5	2	16	1	1	1	7	1	8	1		1	3	5	
113	3	12	14	0	臺北市	中山區	中山區中山北路3段與民權西路口	25.0631689	121.5224007	0	0	1	2	8	7	5	4	2	1	5	4	5	13	2	1	5	4	5	2	12	4	7	1	3	2	10	1		1	3	12	
113	3	12	14	10	臺北市	中山區	中山區八德路2段與建國南路1段口	25.04707268	121.5358189	0	0	1	2	8	7	5	4	2	1	5	4	5	13	2	1	1	4	5	2	13	4	9	1	6	2	10	1		2	2	12	
113	3	12	14	45	臺北市	萬華區	萬華區環河南路2段與環河南路2段250巷3弄口	25.0321462	121.4913867	0	0	1	2	8	5	5	4	1	1	5	4	5	13	1	1	3	4	5	2	17	4	5	1	5	2	10	1		1	2	12	
113	3	12	14	50	臺北市	士林區	士林區重陽橋機車道往台北	25.0851182	121.5031771	0	0	2	2	8	6	5	14	11	1	5	4	5	13	4	4	3	4	5	1	17	1	8	8	4	2	20	1		1	2	14	
113	3	12	15	21	臺北市	士林區	士林區菁山路99巷47號	25.14741544	121.5531082	0	0	1	2	8	5	5	14	9	1	5	4	5	13	4	4	10	5	5	1	17	1	9	1	6	1	10	1		2	2	14	
113	3	12	15	27	臺北市	中山區	中山區民權東路1段與雙城街口	25.0628444	121.5245132	0	0	2	2	8	5	5	3	1	1	5	4	5	13	2	1	1	4	5	2	16	4	6	1	6	1	10	1		1	2	12	
113	3	12	15	50	臺北市	文山區	文山區興隆路4段105巷與興隆路4段口	24.9876699	121.5606041	0	0	2	3	8	5	5	4	1	1	5	4	5	13	1	1	10	5	5	1	17	1	5	1	6	1	9	1		1	3	17	
113	3	12	16	13	臺北市	文山區	文山區指南路2段29號	24.9880726	121.5738451	0	0	1	2	8	6	5	14	9	1	5	4	5	13	4	4	5	5	5	2	17	4	15	1	3	1	10	1		2	2	11	
113	3	12	16	46	臺北市	萬華區	萬華區青年路與青年路106巷口	25.02270051	121.5027599	0	0	1	2	8	6	5	3	2	1	5	4	5	13	2	1	9	4	5	1	17	4	5	1	3	1	8	1		1	3	2	
113	3	12	17	0	臺北市	中山區	中山區長春路與松江路口	25.05480308	121.532868	0	0	3	5	7	7	5	4	2	1	5	4	5	13	1	1	1	3	5	1	16	1	5	1	2	1	8	1		1	3	1	
113	3	12	17	10	臺北市	信義區	信義區仁愛路4段505號	25.0376987	121.5611534	0	0	1	2	8	5	5	14	9	1	5	4	5	13	4	4	10	5	1	2	13	1	9	1	7	1	8	1		1	3	1	
113	3	12	17	24	臺北市	信義區	信義區光復南路415巷與光復南路口	25.0372919	121.5576573	0	0	2	3	8	5	5	3	2	1	5	4	5	13	4	4	1	4	5	2	17	5	17	8	5	10	20	1		2	2	16	
113	3	12	17	36	臺北市	南港區	南港區忠孝東路7段與中南街口口	25.0529604	121.6151919	0	0	1	3	7	5	5	3	1	1	5	4	5	10	1	1	1	4	5	2	13	4	5	1	3	1	8	1		1	3	5	
113	3	12	17	42	臺北市	大安區	大安區復興南路2段與復興南路2段210巷口	25.0264935	121.5433888	0	0	2	2	8	5	5	4	1	1	5	4	5	13	2	1	1	3	1	2	12	1	8	1	5	1	11	1		2	2	12	
113	3	12	18	0	臺北市	文山區	文山區羅斯福路5段128號	25.00608892	121.5389053	0	0	1	2	8	5	5	14	9	1	5	4	5	13	4	4	1	4	5	2	12	1	9	1	6	1	10	1		1	2	14	
113	3	12	18	11	臺北市	松山區	松山區八德路3段27號	25.0482273	121.5527453	0	0	1	2	7	5	6	14	9	1	5	4	5	13	2	1	5	4	5	2	13	1	9	1	6	1	10	1		1	3	11	
113	3	12	18	22	臺北市	中山區	中山區建國高架道與長春路口上方	25.0499072	121.5367201	0	0	1	3	8	5	5	10	7	1	5	4	5	13	4	4	10	4	5	2	13	1	9	1	7	2	8	1		1	3	1	
113	3	12	18	36	臺北市	萬華區	萬華區堤外便道機車道往南(貴陽疏散門附近)	25.04144379	121.4992052	0	0	1	2	8	5	8	22	22	1	5	4	5	13	2	1	10	5	5	2	17	4	15	1	3	1	9	1		1	2	13	
113	3	12	18	37	臺北市	中山區	中山區大直街與大直街127巷口	25.08418081	121.5487807	0	0	1	2	8	5	5	4	1	1	5	4	5	13	4	4	10	5	5	2	13	1	9	1	6	1	10	1		1	3	11	
113	3	12	18	52	臺北市	大同區	大同區涼州街與甘州街口	25.0606565	121.5119402	0	0	1	3	7	5	5	3	1	1	5	4	5	13	4	4	5	4	5	2	17	4	5	1	5	1	10	1		1	2	12	
113	3	12	19	40	臺北市	中山區	中山區中山北路2段與南京西路口	25.0526445	121.5224439	0	0	1	2	7	5	5	4	1	1	5	4	5	13	1	1	1	3	5	1	13	1	9	1	5	1	10	1		1	2	12	
113	3	12	19	50	臺北市	大安區	大安區信義路4段與安和路2段口	25.0330468	121.5525376	0	0	1	3	8	6	5	4	1	1	5	4	5	13	2	1	5	4	5	2	13	1	15	1	6	1	10	1		1	2	11	
113	3	12	20	22	臺北市	信義區	信義區虎林街121巷2號	25.0402764	121.5770207	0	0	1	2	7	5	5	14	9	1	5	4	5	13	4	4	10	5	5	2	3	5	16	8	4	10	20	1		2	2	16	
113	3	12	20	30	臺北市	北投區	北投區大業路與大業路452巷口	25.1314173	121.4963105	0	0	1	2	8	5	5	3	1	1	5	4	5	13	1	1	1	4	4	2	17	1	5	1	7	2	4	1		1	3	17	
113	3	12	20	58	臺北市	中正區	中正區和平西路2段130號	25.0321619	121.5066873	0	0	1	3	7	5	5	14	9	1	5	4	5	13	1	1	1	4	5	2	12	1	7	1	5	1	10	1		2	2	14	
113	3	12	21	0	臺北市	文山區	文山區木新路2段69巷與木新路2段口	24.98568922	121.5706662	0	0	1	2	7	5	5	4	2	1	5	4	5	13	4	4	5	4	5	2	16	1	5	1	6	1	10	1		2	3	12	
113	3	12	21	5	臺北市	士林區	士林區通河西街2段203號與通河西街2段口對面基隆河防汛道路	25.0939224	121.5027893	0	0	1	3	8	5	5	3	1	1	5	4	5	13	4	4	5	5	5	2	17	1	5	1	7	2	4	1		1	3	5	
113	3	12	21	12	臺北市	北投區	北投區石牌路1段與西安街2段口	25.11523147	121.5147378	0	0	2	2	7	5	5	14	9	1	5	4	5	13	4	4	10	4	5	1	12	1	7	1	5	1	10	1		2	2	11	
113	3	12	21	19	臺北市	大同區	大同區承德橋	25.0761512	121.5212241	0	0	3	4	7	5	7	8	11	1	5	4	5	13	4	4	5	4	5	2	13	4	9	1	5	2	10	1		2	2	11	
113	3	12	21	24	臺北市	大安區	大安區愛國東路與麗水街口	25.0313466	121.5287676	0	0	2	10	8	5	5	4	1	1	5	4	5	13	2	1	5	5	5	2	16	1	5	1	6	1	10	1		2	2	11	
113	3	12	21	28	臺北市	松山區	松山區北寧路與北寧路56巷口	25.0498573	121.5526587	0	0	1	3	8	5	5	3	1	1	5	4	5	13	2	1	5	2	5	2	17	4	1	1	6	1	10	1		2	3	11	
113	3	12	21	30	臺北市	中山區	中山區中山北路3段與民族西路口	25.0685686	121.5225883	0	0	1	2	8	5	5	4	2	1	5	4	5	13	2	1	5	4	5	2	16	1	6	1	7	2	8	1		1	3	1	
113	3	12	21	41	臺北市	士林區	自行車道(延平北路7段213-1號)	25.10980381	121.4762422	0	0	2	4	8	5	8	14	23	1	5	4	5	13	4	4	9	5	5	1	9	5	16	8	4	10	20	1		2	3	16	
113	3	12	21	54	臺北市	南港區	南港區成福路與成福路171巷口	25.0409878	121.5882615	0	0	1	2	8	5	5	4	18	1	5	4	5	13	4	4	5	4	5	2	3	4	9	7	4	9	19	2		4	4	11	
113	3	12	22	0	臺北市	信義區	信義區莊敬路與莊敬路423巷口	25.0272031	121.5665632	0	0	2	2	7	5	5	4	2	1	5	4	5	13	1	1	5	5	5	2	16	4	7	1	3	1	8	1		1	2	14	
113	3	12	22	1	臺北市	內湖區	內湖區成功路2段與民權東路6段口西南角	25.06893358	121.5906665	0	0	2	2	8	5	5	4	1	1	5	4	5	13	2	1	9	2	4	2	16	1	5	1	6	2	10	1		1	2	14	
113	3	12	22	5	臺北市	中正區	中正區忠孝西路1段265號	25.04753297	121.5124376	0	0	2	3	8	5	5	14	9	1	5	4	5	13	4	4	4	3	5	1	12	1	8	1	7	1	4	1		1	3	5	
113	3	12	22	8	臺北市	萬華區	萬華區桂林路與昆明街口	25.0379738	121.5037518	0	0	3	3	8	5	5	4	1	1	5	4	5	13	1	1	9	4	4	2	16	1	8	2	5	1	18	1		1	2	12	
113	3	12	22	33	臺北市	大安區	大安區和平東路2段117號	25.0253329	121.5406219	0	0	2	2	7	5	5	14	9	1	5	4	5	13	4	4	8	3	5	2	11	4	8	1	3	1	10	1		2	2	12	
113	3	12	22	50	臺北市	內湖區	內湖區內湖路2段東往西(達人高中公車站牌)	25.08130348	121.5872187	0	0	1	2	8	5	5	14	9	1	5	4	5	13	4	4	5	5	5	2	17	1	9	1	7	2	8	1		2	3	5	
113	3	12	22	54	臺北市	北投區	北投區竹子湖路1207409號燈桿	25.1815972	121.5546063	0	0	4	5	8	5	5	14	9	1	5	4	5	13	4	4	7	4	5	1	10	1	9	1	7	2	8	1		1	2	1	
113	3	12	23	20	臺北市	大同區	大同區承德路2段與南京西路口	25.0532645	121.5178686	0	0	1	2	8	5	5	14	9	1	5	4	5	13	2	1	9	4	5	2	12	4	8	1	6	1	10	1		1	2	11	
113	3	12	23	50	臺北市	文山區	文山區木柵路2段2號	24.98861402	121.5641282	0	0	1	2	7	5	5	14	9	1	5	4	5	13	4	4	5	5	5	2	18	1	9	1	6	2	10	1		1	2	11	
113	3	13	2	42	臺北市	中山區	中山區長春路115號	25.05488669	121.5296669	0	0	2	3	7	5	5	14	9	1	5	4	5	13	3	3	5	4	4	2	13	4	9	3	3	1	18	1		1	2	11	
113	3	13	6	35	臺北市	大安區	大安區信義路2段148巷與金山南路2段13巷口口	25.0332885	121.5286229	0	0	1	2	8	6	5	4	1	1	5	4	5	13	4	4	10	5	5	1	15	4	9	1	6	2	10	1		1	2	12	
113	3	13	7	21	臺北市	大安區	大安區仁愛路4段266巷與仁愛路4段300巷26弄口	25.0365432	121.5526973	0	0	1	2	8	6	5	4	1	1	5	4	5	13	1	1	5	4	5	2	17	1	9	1	6	1	10	1		2	2	11	
113	3	13	7	32	臺北市	北投區	北投區明德路與明德路18巷口	25.1069451	121.5175099	0	0	1	2	8	6	5	14	9	1	5	4	5	13	4	4	9	4	5	2	16	1	5	1	5	1	10	1		1	3	12	
113	3	13	7	40	臺北市	士林區	士林區通河西街1段與重慶北路4段口	25.08772927	121.5119157	0	0	1	2	8	6	5	3	2	1	5	4	5	13	2	1	5	4	5	2	13	1	9	1	5	1	10	1		1	4	11	
113	3	13	7	53	臺北市	北投區	北投區中和街與中和街398巷口	25.1434725	121.4981462	0	0	1	3	8	6	5	3	1	1	5	4	5	13	4	4	10	5	5	2	17	1	9	1	5	2	10	1		1	3	12	
113	3	13	8	2	臺北市	大安區	大安區基隆路2段124號	25.0288838	121.5569226	0	0	1	2	8	5	8	14	20	4	5	4	4	12	4	4	10	5	5	2	17	1	6	1	5	1	10	1		2	3	15	
113	3	13	8	21	臺北市	中山區	中山區內湖路1段32巷與內湖路1段口	25.08477044	121.5594929	0	0	2	2	8	5	5	14	9	1	5	4	5	13	4	4	5	5	5	2	3	1	9	1	3	1	10	1		1	2	11	
113	3	13	8	22	臺北市	北投區	北投區東陽街與東陽街411巷口	25.112409	121.5176713	0	0	1	2	8	6	5	3	1	1	5	4	4	13	4	4	5	5	5	2	17	1	6	1	6	1	10	1		1	2	11	
113	3	13	8	23	臺北市	中山區	中山區民生東路3段32-2號	25.0577176	121.5396344	0	0	3	4	8	7	5	14	9	1	5	4	5	13	4	4	9	4	5	2	17	1	9	1	5	1	10	1		2	2	11	
113	3	13	8	25	臺北市	南港區	南港區松河街376號	25.0542734	121.5873177	0	0	1	4	8	7	5	14	9	1	5	4	5	13	4	4	9	5	5	2	11	1	7	1	7	2	8	1		1	3	8	
113	3	13	8	34	臺北市	士林區	士林區承德路4段與劍潭路口	25.08405877	121.5237072	0	0	1	2	8	7	8	4	1	1	5	4	5	13	1	1	1	5	5	2	16	1	9	1	5	1	10	1		1	3	11	
113	3	13	8	38	臺北市	信義區	信義區信義路5段61號	25.0329029	121.5702055	0	0	1	2	8	6	5	14	9	1	5	4	5	13	4	4	1	4	5	2	12	4	9	1	5	1	10	1		1	2	17	
113	3	13	8	39	臺北市	中正區	中正區中山南路21號	25.0373104	121.5174686	0	0	2	3	8	7	5	11	9	1	5	4	5	13	4	4	1	5	5	2	23	1	9	1	5	2	10	1		1	2	11	
113	3	13	8	40	臺北市	文山區	文山區景隆街與景隆街1巷口	24.9997502	121.540196	0	0	1	2	8	6	5	4	1	1	5	4	5	13	4	4	10	5	5	2	15	1	9	1	6	1	10	1		1	2	12	
113	3	13	8	43	臺北市	中山區	中山區基湖路157巷與基湖路口	25.0769982	121.563261	0	0	1	2	8	7	5	3	1	1	5	4	5	13	4	4	9	4	5	2	17	1	9	1	7	1	8	1		1	3	1	
113	3	13	8	45	臺北市	文山區	文山區新光路2段19號	25.0001767	121.5832422	0	0	2	4	8	7	5	18	9	1	5	4	5	13	3	1	1	4	5	2	17	1	9	1	7	1	2	1		1	3	17	
113	3	13	8	48	臺北市	內湖區	內湖區瑞光路258巷與瑞光路口218號	25.0752732	121.5754952	0	0	1	2	8	7	5	3	1	1	5	4	5	13	4	4	9	5	5	2	16	1	6	1	7	1	8	1		1	3	5	
113	3	13	8	50	臺北市	北投區	北投區行義路(燈桿1206165)	25.14191803	121.5284967	0	0	1	2	8	6	5	14	9	1	5	4	5	13	4	4	9	4	5	1	11	1	9	1	5	1	10	1		2	2	14	
113	3	13	8	54	臺北市	內湖區	內湖區康寧路3段與安康路口南湖大橋	25.06491743	121.610997	0	0	1	2	8	6	5	3	2	1	5	4	5	13	1	1	1	4	5	2	12	1	6	1	7	1	8	1		1	3	6	
113	3	13	9	40	臺北市	北投區	北投區西安街2段215號前	25.1199851	121.5095168	0	0	1	2	8	6	5	14	9	1	5	4	5	13	4	4	10	4	5	2	12	1	8	1	7	2	4	1		1	3	2	
113	3	13	9	42	臺北市	萬華區	萬華區環河南路1段288號	25.03695928	121.4957552	0	0	1	2	7	6	5	14	9	1	5	4	5	13	4	4	3	3	5	2	13	4	8	1	3	9	10	2		1	3	13	
113	3	13	9	44	臺北市	中山區	中山區建國北路2段123號	25.05985189	121.5370648	0	0	2	2	7	7	5	14	9	1	5	4	5	13	1	1	1	3	5	1	17	1	9	1	6	1	10	1		1	2	12	
113	3	13	9	50	臺北市	大安區	大安區仁愛路3段53號	25.0384774	121.5367578	0	0	1	2	8	6	5	14	9	1	5	4	5	13	4	4	10	4	5	1	12	4	1	1	3	1	8	1		1	3	7	
113	3	13	9	53	臺北市	大安區	大安區忠孝東路4段128號	25.041464	121.5476053	0	0	1	2	8	6	8	14	9	1	5	4	5	13	4	4	9	4	5	1	12	4	9	1	3	1	8	1		1	3	2	
113	3	13	9	57	臺北市	萬華區	萬華區桂林路154號	25.0385169	121.4979811	0	0	2	3	7	6	5	14	7	1	5	4	5	13	4	4	5	5	4	2	12	1	7	1	6	1	10	1		1	2	14	
113	3	13	10	23	臺北市	內湖區	內湖區內湖路1段381號	25.0820312	121.5698847	0	0	2	2	8	7	8	14	25	4	5	4	5	13	4	4	10	5	5	2	2	1	9	8	4	1	20	1		1	2	11	
113	3	13	10	25	臺北市	大同區	大同區延平北路3段與延平北路3段61巷口	25.0656752	121.5110624	0	0	2	2	8	6	5	3	1	1	5	4	5	13	4	4	5	4	5	2	13	4	9	1	6	1	10	1		1	2	11	
113	3	13	10	28	臺北市	中山區	中山區北安路458巷41弄55號	25.07942347	121.5467384	0	0	1	2	8	5	5	14	9	1	5	4	5	13	4	4	9	4	5	2	16	1	11	1	7	1	15	1		2	3	5	