年	月	日	時	分	縣市	行政區	allLocation	GoogleLat	GoogleLng	死	2-30	受傷	當事人數	天候	道路照明設備	道路類別	道路型態	事故位置	路面狀況1	路面狀況2	路面狀況3	道路障礙1	道路障礙2	號誌1	號誌2	車道劃分-分向	車道劃分-分道1	車道劃分-分道2	車道劃分-分道3	事故類型及型態	行動電話	當事者行動狀態	駕駛資格情形	保護裝置	飲酒情形	駕駛執照種類	個人肇逃否	肇因碼-主要	性別	受傷程度	車輛撞擊部位1	車輛撞擊部位2
113	3	13	10	31	臺北市	北投區	北投區致遠一路1段94號	25.1095948	121.515184	0	0	2	2	8	6	5	14	9	1	5	4	5	13	4	4	9	4	5	2	16	1	5	1	5	1	10	1		2	2	14	
113	3	13	10	39	臺北市	內湖區	內湖區安康路250號與永保街口	25.06418888	121.6044473	0	0	1	2	8	7	5	3	1	1	5	4	5	13	4	4	5	5	5	2	16	1	11	1	7	1	8	1		1	3	6	
113	3	13	10	45	臺北市	信義區	信義區崇德街與嘉興街口	25.0240739	121.5554772	0	0	1	2	8	6	6	4	18	1	5	4	5	13	3	1	9	5	5	2	3	1	9	1	7	9	8	1		1	3	1	
113	3	13	10	47	臺北市	南港區	南港區忠孝東路6段與玉成街口	25.0461178	121.5833612	0	0	2	2	8	6	5	3	2	1	5	4	5	13	2	1	1	4	5	2	16	1	9	1	5	1	10	1		1	2	12	
113	3	13	11	5	臺北市	大安區	大安區復興南路1段與大安路1段116巷口	25.039852	121.543827	0	0	1	2	8	6	5	4	1	1	5	4	5	13	2	1	1	4	5	1	16	4	5	1	3	1	8	1		2	3	2	
113	3	13	11	20	臺北市	北投區	北投區大業路與洲美快速道路口	25.12084	121.4996042	0	0	1	2	8	6	5	5	1	1	5	4	5	13	1	1	10	5	5	2	16	1	5	1	5	1	10	1		1	2	11	
113	3	13	11	20	臺北市	萬華區	萬華區艋舺大道與西園路2段口	25.0331201	121.4981345	0	0	2	2	8	5	5	4	1	1	5	4	5	13	2	1	1	3	5	1	16	4	5	1	3	1	10	1		1	2	12	
113	3	13	11	24	臺北市	松山區	松山區光復北路11巷31號	25.04958676	121.5591325	0	0	1	2	8	5	5	14	9	1	5	4	5	13	4	4	9	5	5	2	16	1	6	1	7	1	8	1		2	3	2	
113	3	13	11	26	臺北市	萬華區	萬華區萬大路與萬大路186巷口口	25.0278314	121.500166	0	0	2	2	8	6	5	3	2	1	5	4	5	11	1	1	8	3	5	1	17	4	5	3	3	1	18	1		2	2	11	
113	3	13	11	32	臺北市	北投區	北投區公館路與公館路130巷口	25.1295335	121.5053623	0	0	1	2	8	6	5	3	2	1	5	4	5	13	4	4	9	5	5	2	17	1	5	1	7	2	8	1		1	3	17	
113	3	13	11	35	臺北市	士林區	士林區至善路1段與福林路口	25.09928744	121.5363884	0	0	1	2	8	7	5	3	1	1	5	4	5	13	1	1	1	4	5	2	16	1	5	1	7	1	8	1		1	3	2	
113	3	13	11	36	臺北市	士林區	士林區基河路240巷與士商路口	25.0901485	121.5205197	0	0	2	3	8	7	5	3	1	1	5	4	5	13	2	1	4	5	5	1	17	1	6	1	7	1	8	1		1	3	5	
113	3	13	11	56	臺北市	南港區	南港區忠孝東路6段與忠孝東路6段110巷口口	25.04736113	121.5845179	0	0	2	3	8	6	5	4	1	1	5	4	5	13	4	4	10	5	5	2	16	1	6	1	7	1	3	1		1	3	5	
113	3	13	11	58	臺北市	大同區	大同區延平北路2段272巷與安西街口	25.06213029	121.5097691	0	0	1	2	8	6	5	4	1	1	5	4	5	13	4	4	10	3	5	1	15	1	9	1	6	1	10	1		2	2	11	
113	3	13	12	3	臺北市	士林區	士林區基河路12號前	25.0817607	121.5241356	0	0	1	4	8	6	5	14	9	1	5	4	5	13	4	4	10	4	5	1	13	1	9	1	5	1	10	1		2	2	11	
113	3	13	12	3	臺北市	萬華區	萬華區雙園街與雙園街152巷口	25.0316538	121.4919625	0	0	1	2	8	5	5	4	1	1	5	4	5	13	4	4	10	5	5	1	16	4	6	1	3	1	10	1		2	2	14	
113	3	13	12	8	臺北市	士林區	士林區通河西街2段堤外棒球場前	25.0937473	121.5031068	0	0	2	2	8	5	5	14	9	1	5	4	5	13	4	4	5	5	5	1	17	1	9	2	5	1	18	1		1	2	11	
113	3	13	12	10	臺北市	松山區	松山區塔悠路12號	25.05034708	121.571674	0	0	1	2	8	6	5	14	9	1	5	4	5	13	1	1	9	4	4	1	12	4	9	1	7	1	4	1		1	3	2	
113	3	13	12	20	臺北市	大安區	大安區延吉街與延吉街97巷口	25.043798	121.5538773	0	0	1	2	8	6	5	4	1	1	5	4	5	13	2	1	9	2	5	1	17	4	6	1	3	1	8	1		1	3	8	
113	3	13	13	12	臺北市	內湖區	內湖區星雲街與星雲街138巷口	25.0798464	121.5948485	0	0	1	3	8	7	5	3	2	1	5	4	5	13	1	1	5	5	5	2	13	1	9	6	6	11	10	2		1	3	11	
113	3	13	13	13	臺北市	大安區	大安區市民大道3段與建國南路1段口	25.0448633	121.5363453	0	0	1	3	8	7	5	4	2	1	5	4	5	13	2	1	8	3	5	1	17	1	12	1	5	1	10	1		1	3	11	
113	3	13	13	17	臺北市	中正區	中正區中華路1段與武昌街1段口	25.0441497	121.5090759	0	0	2	2	8	5	5	4	1	1	5	4	5	13	1	1	1	4	1	2	13	1	9	1	5	2	10	1		1	2	11	
113	3	13	14	18	臺北市	中正區	中正區和平西路1段120號對面	25.02705151	121.5171154	0	0	1	2	8	6	5	14	9	1	5	4	5	13	4	4	1	4	5	1	17	1	7	1	6	1	10	1		1	2	14	
113	3	13	15	13	臺北市	信義區	信義區松山路655號	25.03521285	121.5799038	0	0	1	2	8	7	5	14	9	1	5	4	5	13	4	4	10	5	5	2	17	1	1	1	7	2	8	1		1	3	8	
113	3	13	16	14	臺北市	內湖區	內湖區民權大橋往西	25.06448135	121.570003	0	0	2	2	8	6	5	14	11	1	5	4	5	13	4	4	1	4	5	2	13	1	9	1	5	1	10	1		1	2	11	
113	3	13	16	35	臺北市	士林區	士林區福華路與德行西路口	25.1046271	121.5219749	0	0	1	4	8	6	5	4	2	1	5	4	5	13	1	1	10	4	5	1	17	1	1	1	7	1	4	1		1	3	8	
113	3	13	16	38	臺北市	北投區	北投區崇仁路1段與崇仁路1段80巷口	25.12597672	121.5015978	0	0	2	2	7	6	5	4	1	1	5	4	5	13	4	4	9	4	5	1	15	1	9	8	4	1	20	1		1	2	11	
113	3	13	16	38	臺北市	萬華區	萬華區西藏路125巷9號	25.0273195	121.5029114	0	0	1	2	8	6	5	14	9	1	5	4	5	13	4	4	10	5	5	2	17	1	1	1	6	1	10	1		2	2	14	
113	3	13	16	55	臺北市	中山區	中山區錦州街241巷與錦州街口	25.06035	121.5337903	0	0	1	2	8	7	5	4	1	1	5	4	5	13	4	4	9	4	5	2	9	5	16	8	4	1	20	1		2	3	16	
113	3	13	17	4	臺北市	萬華區	萬華區萬大路425號	25.0217951	121.4991245	0	0	1	2	8	6	5	14	9	1	5	4	5	13	4	4	1	4	5	2	12	4	9	1	3	1	8	1		1	3	5	
113	3	13	18	9	臺北市	南港區	南港區成福路與成福路207巷口	25.040171	121.5889109	0	0	1	2	8	6	5	4	1	1	5	4	5	13	4	4	4	5	5	2	16	1	5	1	7	9	8	1		2	3	8	
113	3	13	18	25	臺北市	信義區	信義區忠孝東路5段8號	25.0410346	121.5652529	0	0	1	2	7	5	5	14	9	1	5	4	5	13	4	4	10	5	5	2	9	1	8	1	7	1	2	1		1	3	6	
113	3	13	18	58	臺北市	信義區	信義區松仁路與松平路口	25.0304459	121.5682967	0	0	1	2	8	5	5	4	1	1	5	4	5	13	2	1	9	4	5	2	15	1	15	1	7	1	8	1		2	3	6	
113	3	13	19	12	臺北市	士林區	士林區中山北路5段與劍潭路口	25.0839982	121.5255945	0	0	1	2	7	5	5	3	3	1	5	4	5	13	2	1	1	5	1	2	16	1	6	1	5	1	10	1		2	2	11	
113	3	13	19	27	臺北市	內湖區	內湖區民權東路6段138號	25.0689809	121.5888158	0	0	1	3	8	5	5	14	9	1	5	4	5	13	2	1	1	4	5	1	13	1	9	1	7	2	8	1		1	3	1	
113	3	13	19	51	臺北市	信義區	信義區吳興街191號	25.028459	121.562545	0	0	1	2	7	5	5	14	9	1	5	4	5	13	4	4	5	5	5	2	2	4	9	1	3	1	8	1		2	3	1	
113	3	13	19	53	臺北市	中正區	中正區貴陽街1段與桃源街口	25.03906044	121.5101242	0	0	1	2	8	5	5	4	1	1	5	4	5	13	2	1	5	4	5	2	16	1	4	1	6	2	10	1		1	2	12	
113	3	13	19	59	臺北市	中山區	中山區市民大道3段與八德路2段口	25.0451723	121.5347626	0	0	2	3	7	5	5	14	9	1	5	4	5	13	1	1	5	4	1	2	16	4	8	1	3	2	4	1		1	3	6	
113	3	13	20	12	臺北市	南港區	南港區市民大道8段與興中路口	25.0533508	121.6076061	0	0	1	2	8	5	5	4	1	1	5	4	5	13	2	1	5	2	5	2	17	1	9	1	5	9	10	1		1	2	14	
113	3	13	21	15	臺北市	內湖區	內湖區南京東路6段與新明路298巷口	25.05690104	121.5817121	0	0	2	2	8	5	5	4	2	1	5	4	5	13	1	1	10	5	5	2	17	1	9	6	6	1	18	1		1	2	11	
113	3	13	21	59	臺北市	萬華區	萬華區康定路與廣州街口	25.036621	121.5014469	0	0	1	2	8	5	5	4	1	1	5	4	5	13	1	1	8	3	5	2	17	1	5	1	7	1	8	1		1	3	8	
113	3	13	22	20	臺北市	萬華區	萬華區長沙街2段與康定路口	25.0404774	121.5020626	0	0	1	2	7	5	5	4	18	1	5	4	5	13	1	1	9	4	5	2	3	1	5	1	7	1	8	1		1	3	8	
113	3	13	22	23	臺北市	中山區	中山區中山北路1段與市民大道2段口	25.0482659	121.5206718	0	0	1	2	7	5	5	14	9	1	5	4	5	13	1	1	4	4	1	2	16	4	6	1	3	1	10	1		1	3	12	
113	3	13	22	40	臺北市	內湖區	內湖區民權東路6段190巷65弄第7車格	25.06554272	121.5948124	0	0	2	3	8	5	5	14	9	1	5	4	5	13	4	4	10	5	5	2	13	1	3	1	5	1	10	1		1	2	13	
113	3	13	22	54	臺北市	士林區	士林區中山北路6段77號	25.10450619	121.5247597	0	0	1	2	7	5	5	14	8	1	5	4	5	13	4	4	1	4	4	2	17	1	8	1	5	1	10	1		2	3	17	
113	3	14	0	14	臺北市	松山區	松山區八德路3段74巷與八德路3段12巷51弄口	25.0461508	121.5524905	0	0	1	2	7	5	5	4	1	1	5	4	5	13	4	4	7	5	5	2	15	1	9	1	5	2	10	1		1	2	11	
113	3	14	2	58	臺北市	萬華區	萬華區東園街與萬大路口	25.0215928	121.4986642	0	0	1	2	8	5	5	4	1	1	5	4	5	13	1	1	8	3	5	2	16	1	5	1	7	1	8	1		1	3	6	
113	3	14	6	5	臺北市	大安區	大安區建國南路1段與濟南路3段口	25.040282	121.538034	0	0	1	2	8	5	5	3	1	1	5	4	5	13	2	1	1	4	5	2	16	1	5	1	7	1	4	1		1	3	1	
113	3	14	7	20	臺北市	南港區	南港區惠民街67號	25.0579686	121.6099873	0	0	1	2	8	7	5	14	9	1	5	4	5	13	4	4	5	4	5	2	16	1	6	1	7	2	8	1		1	3	2	
113	3	14	7	30	臺北市	中正區	中正區博愛路與衡陽路口	25.0422704	121.5117423	0	0	1	2	7	6	5	4	2	1	5	4	5	13	1	1	10	4	5	2	13	1	9	1	6	2	10	1		1	2	11	
113	3	14	7	40	臺北市	大同區	大同區延平北路2段與歸綏街口	25.0580451	121.5114682	0	0	2	2	7	5	5	4	1	1	5	4	5	13	2	1	5	5	5	2	3	1	9	1	6	1	10	1		2	2	11	
113	3	14	7	55	臺北市	中山區	中山區龍江路415巷與民族東路512巷口	25.0662346	121.5419749	0	0	1	2	8	7	5	4	1	1	5	4	5	13	4	4	9	4	5	2	17	1	6	1	5	1	10	1		2	2	14	
113	3	14	7	58	臺北市	北投區	北投區承德路7段與無名巷口	25.1145153	121.5067476	0	0	1	2	8	6	5	3	2	1	5	4	5	13	4	4	1	4	4	2	17	1	6	1	7	1	8	1		1	3	2	
113	3	14	8	2	臺北市	大同區	大同區重慶北路3段205巷與民族西路187巷口	25.0700655	121.5149328	0	0	2	4	7	5	5	4	2	1	5	4	5	13	4	4	10	5	5	2	15	4	9	1	3	1	10	1		1	2	12	
113	3	14	8	11	臺北市	中山區	中山區新生北路2段與長春路口	25.0549221	121.5277108	0	0	1	2	7	6	5	4	1	1	5	4	5	13	2	1	3	4	5	2	15	1	9	1	7	2	8	1		1	3	4	
113	3	14	8	13	臺北市	士林區	士林區百齡橋	25.0893151	121.5142007	0	0	1	2	7	7	5	14	11	1	5	4	5	13	4	4	9	4	5	1	12	1	9	1	5	1	10	1		2	3	12	
113	3	14	8	25	臺北市	內湖區	內湖區堤頂大道2段407巷26號	25.0810128	121.563994	0	0	1	2	7	7	5	14	9	1	5	4	5	13	4	4	9	5	5	2	16	1	5	1	5	1	10	1		1	3	13	
113	3	14	8	35	臺北市	中正區	中正區市民大道2段與林森北路口	25.0477105	121.5242105	0	0	3	3	7	6	5	4	1	1	5	4	5	13	1	1	1	4	5	2	16	1	5	1	6	2	10	1		2	2	14	
113	3	14	8	46	臺北市	內湖區	內湖區民權東路6段15巷與瑞光路76巷口	25.0683293	121.5786685	0	0	1	2	6	5	5	4	1	1	4	4	5	13	2	1	5	5	5	2	16	1	5	1	5	1	10	1		1	3	14	
113	3	14	8	50	臺北市	松山區	松山區南京東路4段56號	25.05157858	121.5535198	0	0	1	2	7	6	5	14	8	1	5	4	5	13	4	4	1	4	4	2	14	1	2	1	7	2	8	1		1	3	8	
113	3	14	9	2	臺北市	大安區	大安區羅斯福路3段與新生南路3段口	25.0163975	121.5329425	0	0	1	2	8	5	5	4	2	1	5	4	5	13	1	1	1	5	1	2	17	1	9	1	5	1	10	1		2	2	11	
113	3	14	9	27	臺北市	士林區	士林區中正路與志成街口口	25.09617113	121.5302894	0	0	2	2	8	6	5	14	9	1	5	4	5	13	3	1	3	4	5	2	16	1	7	1	6	1	10	1		1	2	12	
113	3	14	9	30	臺北市	中山區	中山區復興北路478號	25.06441473	121.5441907	0	0	2	2	8	7	5	14	9	1	5	4	5	13	4	4	9	4	5	2	17	1	7	1	5	1	10	1		1	2	14	
113	3	14	9	32	臺北市	南港區	南港區南港路2段78號	25.0538981	121.6039123	0	0	1	2	8	7	5	14	8	1	5	4	5	13	4	4	5	4	4	2	13	1	9	1	5	1	10	1		2	2	11	
113	3	14	9	44	臺北市	中山區	中山區中山北路2段與民生西路口	25.0578407	121.522775	0	0	2	2	8	7	5	4	1	1	5	4	5	13	2	1	9	4	5	2	17	1	8	1	5	1	10	1		1	2	12	
113	3	14	9	50	臺北市	信義區	信義區松德路127號旁	25.0373027	121.5750865	0	0	1	2	7	6	5	14	9	1	5	4	5	13	1	1	10	5	5	2	13	4	9	1	3	2	4	1		1	3	1	
113	3	14	10	10	臺北市	松山區	松山區南京東路5段233號	25.05145342	121.5646254	0	0	1	2	7	6	5	14	9	1	5	4	5	13	4	4	3	4	5	2	17	1	7	1	7	2	4	1		1	3	17	
113	3	14	10	20	臺北市	南港區	南港區松河街與南港路3段256巷口	25.0528929	121.5833005	0	0	1	2	8	6	5	5	1	1	5	4	5	13	4	4	5	5	5	2	16	4	5	1	3	1	8	1		1	3	1	
113	3	14	10	29	臺北市	北投區	北投區光明路166-3號	25.1351119	121.5026773	0	0	1	4	8	6	5	14	20	4	5	4	5	13	4	4	10	5	5	2	17	1	13	1	6	9	10	1		2	3	13	
113	3	14	10	30	臺北市	中山區	中山區市民大道3段159號	25.0448275	121.5401526	0	0	1	2	7	7	5	14	9	1	5	4	5	13	4	4	1	4	5	2	12	4	8	1	3	1	10	1		2	3	12	
113	3	14	10	45	臺北市	中正區	中正區重慶南路3段與汀州路2段口	25.0257268	121.5162956	0	0	1	2	8	7	5	4	1	1	5	4	5	12	2	1	3	4	5	2	16	1	5	1	7	1	8	1		1	3	1	
113	3	14	10	51	臺北市	北投區	北投區西安街1段與石牌路1段166巷69弄口	25.1137466	121.5158103	0	0	2	4	8	6	5	14	9	1	5	4	5	13	4	4	9	4	5	2	13	1	14	1	5	1	10	1		1	3	13	
113	3	14	11	0	臺北市	中正區	中正區開封街1段與延平南路口	25.04597104	121.5107617	0	0	2	3	8	6	5	4	2	1	5	4	5	13	1	1	10	5	5	2	16	1	5	1	5	1	10	1		1	2	14	
113	3	14	11	0	臺北市	松山區	松山區光復北路與南京東路5段23巷7弄口	25.0521802	121.5571721	0	0	1	2	8	6	5	4	1	1	5	4	5	13	4	4	5	4	5	2	15	1	9	1	5	1	11	1		1	2	12	
113	3	14	11	11	臺北市	中正區	中正區市民大道1段168號	25.0483859	121.5186028	0	0	1	2	8	5	5	14	9	1	5	4	5	13	4	4	1	4	1	2	13	1	9	1	5	2	10	1		1	3	13	
113	3	14	11	33	臺北市	內湖區	內湖區內湖路1段737巷與麗山街口	25.08275403	121.5791743	0	0	1	2	8	5	5	4	1	1	5	4	5	13	4	4	5	5	5	1	16	1	5	1	7	1	7	1		1	3	4	
113	3	14	12	36	臺北市	文山區	文山區景興路與景興路238巷口	24.9906427	121.5432518	0	0	2	3	8	6	5	3	1	1	5	4	5	13	2	1	5	5	5	2	16	1	9	1	7	2	8	1		2	3	4	
113	3	14	12	47	臺北市	文山區	文山區木柵路1段34號前	24.9867826	121.5463823	0	0	1	2	8	5	5	14	9	1	5	4	5	13	4	4	5	4	5	2	13	1	9	1	5	1	8	1		1	2	11	
113	3	14	12	49	臺北市	內湖區	內湖區新明路與南京東路6段368巷口	25.0579528	121.5871599	0	0	1	2	8	7	5	3	1	2	5	4	5	13	1	1	4	1	4	1	17	1	5	1	7	1	8	1		1	3	5	
113	3	14	13	0	臺北市	中山區	中山區民權西路與天祥路口	25.062725	121.5207375	0	0	2	3	7	7	5	4	1	1	5	4	5	13	2	1	1	4	5	2	12	4	8	1	3	2	4	1		1	3	2	
113	3	14	13	7	臺北市	內湖區	內湖區成功路3段與星雲街口	25.07749771	121.5900073	0	0	1	2	8	6	5	4	1	1	5	4	5	13	1	1	5	4	5	2	13	1	9	1	7	1	8	1		1	3	1	
113	3	14	13	14	臺北市	中正區	中正區和平西路1段與牯嶺街口	25.026552	121.5188465	0	0	1	2	8	6	5	4	1	1	5	4	5	13	1	1	1	4	5	2	3	1	5	1	7	2	8	1		1	3	8	
113	3	14	13	16	臺北市	大同區	大同區民族西路與民族西路31巷口	25.0685715	121.5194427	0	0	1	2	7	6	5	4	2	1	5	4	5	13	2	1	5	4	5	2	12	4	9	1	3	1	1	1		1	3	2	
113	3	14	13	47	臺北市	北投區	北投區大度路3段296巷51號捷運關渡站	25.1251517	121.4670575	0	0	1	2	8	7	5	14	9	1	5	4	5	13	4	4	10	5	5	2	9	1	15	1	7	9	2	1		1	3	17	
113	3	14	15	16	臺北市	文山區	文山區景興路與景華街口	24.9951399	121.544715	0	0	2	2	8	6	5	4	1	1	5	4	5	13	2	1	1	4	5	2	16	1	5	1	6	2	10	1		1	2	11	
113	3	14	15	50	臺北市	士林區	士林區中正路與福港街口	25.0920431	121.5177887	0	0	1	2	8	6	5	3	2	1	5	4	5	13	1	1	1	5	5	1	9	1	1	1	7	1	2	1		1	3	17	
113	3	14	15	52	臺北市	文山區	文山區秀明路1段與秀明路1段119巷口	24.9916673	121.5695972	0	0	2	2	7	7	5	3	4	1	5	4	5	13	1	1	1	4	5	2	13	1	9	1	5	1	9	1		1	2	11	
113	3	14	16	6	臺北市	內湖區	內湖區內湖路1段387巷38號前	25.0838387	121.5706416	0	0	1	2	7	7	5	14	9	1	5	4	5	13	4	4	10	4	5	2	7	5	16	8	4	10	20	1		2	2	16	
113	3	14	16	9	臺北市	大安區	大安區復興南路1段180號	25.0409002	121.5436458	0	0	1	5	7	6	5	14	9	1	5	4	5	13	4	4	1	4	5	2	13	1	9	1	7	2	4	1		1	3	1	
113	3	14	16	11	臺北市	北投區	北投區中央北路2段與稻香路口	25.1384903	121.4914018	0	0	2	3	7	6	5	4	1	1	5	4	5	13	2	1	9	4	5	1	17	1	5	1	7	1	8	1		1	3	6	
113	3	14	16	38	臺北市	中正區	中正區中華路2段與寧波西街口	25.0246929	121.5101602	0	0	1	2	8	6	5	4	1	1	5	4	5	13	1	1	5	4	4	2	17	1	6	3	7	2	18	1		1	3	2	
113	3	14	16	53	臺北市	萬華區	萬華區西園路2段與西園路2段225巷口	25.0273952	121.494392	0	0	1	4	7	6	5	3	1	1	5	4	5	13	2	1	1	5	5	2	13	1	10	1	7	1	8	1		1	3	1	
113	3	14	17	8	臺北市	內湖區	內湖區舊宗路1段150巷與民善街口	25.06166896	121.5751821	0	0	1	2	8	5	5	4	1	1	5	4	5	13	4	4	5	5	5	2	15	1	9	1	7	1	8	1		1	3	8	
113	3	14	17	11	臺北市	中正區	中正區八德路1段5-2號	25.0438605	121.5306084	0	0	1	2	8	6	5	14	9	1	5	4	5	13	1	1	5	4	5	2	16	1	7	1	2	1	8	1		1	3	4	
113	3	14	17	12	臺北市	中正區	中正區中華路1段與忠孝西路1段口	25.04806802	121.5101075	0	0	1	3	8	6	5	4	2	1	5	4	5	13	2	1	1	4	5	2	17	1	9	1	5	9	10	1		2	3	12	
113	3	14	17	20	臺北市	士林區	士林區德行東路160號	25.10821652	121.5298646	0	0	1	2	7	5	5	14	9	1	5	4	5	13	4	4	9	5	5	1	17	1	1	1	7	1	8	1		1	3	8	
113	3	14	17	20	臺北市	大安區	大安區復興南路1段與信義路3段口	25.0336979	121.5435132	0	0	2	2	7	7	5	4	1	1	5	4	5	13	2	1	1	4	5	1	13	1	9	1	6	1	8	1		2	2	13	
113	3	14	17	51	臺北市	內湖區	內湖區基湖路與基湖路3巷口	25.08137625	121.5652984	0	0	1	2	8	5	5	4	2	1	5	4	5	13	2	1	5	5	5	2	17	1	9	1	6	1	10	1		2	2	11	
113	3	14	18	12	臺北市	內湖區	內湖區康寧路3段75巷137號	25.07505644	121.6100926	0	0	2	2	8	5	5	12	9	1	5	4	5	13	2	1	5	5	5	2	6	5	18	8	4	10	20	1		2	2	16	12
113	3	14	18	14	臺北市	中山區	中山區遼寧街116巷與遼寧街口	25.05279797	121.5420726	0	0	1	2	8	5	5	3	1	1	5	4	5	13	4	4	10	5	5	2	1	5	16	8	4	10	20	1		2	2	16	
113	3	14	18	27	臺北市	松山區	松山區敦化北路與敦化北路4巷口口	25.050095	121.5489011	0	0	1	3	8	5	5	4	1	1	5	4	5	13	1	1	1	4	4	1	9	1	9	1	7	1	1	1		1	3	17	
113	3	14	18	44	臺北市	松山區	松山區松河街158號	25.05129717	121.5761855	0	0	2	2	8	5	5	14	9	1	5	4	5	13	4	4	9	4	5	2	16	4	9	1	6	2	10	1		1	2	11	
113	3	14	18	55	臺北市	松山區	松山區民生東路4段103號	25.0580624	121.5524905	0	0	1	2	8	5	5	14	9	1	5	4	5	13	4	4	3	4	5	2	9	4	14	1	3	2	2	1		1	3	17	
113	3	14	19	11	臺北市	內湖區	內湖區新明路271號	25.05767684	121.586292	0	0	2	2	8	5	5	14	7	1	5	4	5	13	4	4	9	4	1	2	13	1	9	1	5	1	10	1		1	2	12	
113	3	14	19	25	臺北市	內湖區	內湖區麗山街322號	25.08331319	121.5731996	0	0	1	2	8	5	5	14	9	1	5	4	5	13	4	4	10	5	5	2	17	1	9	1	5	1	10	1		1	3	11	
113	3	14	20	0	臺北市	中山區	中山區敬業四路與植福路286巷口	25.0815062	121.5585407	0	0	1	2	8	5	5	14	9	1	5	4	5	13	4	4	4	3	5	1	9	1	9	1	7	1	2	1		1	3	17	
113	3	14	20	2	臺北市	內湖區	內湖區內湖路1段737巷51弄與麗山街口	25.0804377	121.5805293	0	0	1	2	7	5	5	4	2	1	5	4	5	13	4	4	3	5	5	2	17	4	13	1	3	2	8	1		2	3	4	
113	3	14	20	7	臺北市	北投區	北投區知行路3015036號燈桿	25.12189891	121.4622481	0	0	2	3	8	5	5	14	9	1	5	4	5	13	4	4	9	5	5	2	24	1	9	1	6	1	10	1		1	2	11	
113	3	14	20	29	臺北市	大安區	大安區光復南路與光復南路346巷口	25.0383629	121.5574996	0	0	1	2	8	5	5	3	2	1	5	4	5	13	4	4	9	4	5	1	17	1	9	1	5	1	10	1		1	3	17	
113	3	14	20	35	臺北市	中正區	中正區市民高架道往東、三創前	25.04579444	121.531472	0	0	1	2	8	5	5	10	7	1	5	4	5	13	4	4	10	4	5	1	13	1	9	3	7	2	18	1		1	3	1	
113	3	14	20	43	臺北市	中山區	中山區民權東路2段與吉林路口	25.0624144	121.5302726	0	0	1	2	8	5	5	4	1	1	5	4	5	13	1	1	5	4	5	2	17	1	7	1	3	1	8	1		1	3	4	
113	3	14	21	8	臺北市	北投區	北投區承德路7段與大業路口	25.1209838	121.5001474	0	0	2	3	7	5	5	5	1	1	5	4	5	13	1	1	1	1	5	1	16	1	6	1	7	2	8	1		1	3	5	12
113	3	14	21	16	臺北市	萬華區	萬華區長沙街2段與西寧南路口	25.0406928	121.5058905	0	0	2	3	7	5	5	4	1	1	5	4	5	13	1	1	8	3	5	2	15	1	9	1	7	1	4	1		1	3	2	
113	3	14	21	39	臺北市	大同區	大同區鄭州路與塔城街口	25.0498373	121.5095917	0	0	1	3	7	5	5	4	1	1	5	4	5	13	2	1	1	4	5	2	17	4	9	1	7	9	2	1		1	3	17	
113	3	14	21	43	臺北市	中山區	中山區建國北路2段與民生東路3段口	25.05799572	121.5371533	0	0	1	2	8	5	5	4	1	1	5	4	5	13	1	1	1	4	5	2	16	1	5	1	7	2	4	1		1	3	2	
113	3	14	22	19	臺北市	萬華區	萬華區康定路與桂林路口	25.0385152	121.5017392	0	0	2	3	8	5	5	4	1	1	5	4	5	13	1	1	8	3	5	1	13	1	9	3	5	1	18	1		1	3	11	
113	3	14	22	30	臺北市	萬華區	萬華區環河南路1段111號	25.04305193	121.5005522	0	0	2	5	8	5	5	14	9	1	5	4	5	13	4	4	5	5	5	2	13	1	9	3	6	1	18	1		1	2	11	
113	3	14	23	20	臺北市	中正區	中正區汀州路3段305號	25.0116123	121.5359256	0	0	1	2	7	5	5	14	9	1	5	4	5	13	4	4	5	5	5	2	17	1	11	1	7	1	8	1		1	3	2	
113	3	15	0	11	臺北市	大安區	大安區辛亥路1段與泰順街口	25.0221372	121.5317722	0	0	1	2	7	5	5	4	2	1	5	4	5	13	2	1	1	4	5	1	13	1	9	1	7	2	8	1		1	3	8	
113	3	15	3	58	臺北市	內湖區	內湖區文湖街80號	25.08645341	121.5649616	0	0	1	2	8	5	5	14	9	1	5	4	5	13	4	4	9	4	5	2	11	1	1	1	7	2	4	1		1	3	4	
113	3	15	7	0	臺北市	文山區	文山區恆光橋上	24.9811074	121.5673882	0	0	1	2	7	6	5	14	9	1	5	4	5	13	4	4	5	5	5	2	12	4	4	1	3	2	8	1		1	3	2	
113	3	15	7	15	臺北市	北投區	北投區致遠一路1段與致遠一路1段107巷口	25.109689	121.515185	0	0	1	2	7	6	5	4	1	1	5	4	5	13	4	4	9	4	5	2	15	1	9	1	5	2	10	1		1	2	12	
113	3	15	7	32	臺北市	中山區	中山區民權東路3段與龍江路口	25.0626067	121.54135	0	0	1	2	7	7	5	4	1	1	5	4	5	13	2	1	5	5	5	2	12	1	9	1	7	1	8	1		1	3	2	
113	3	15	7	32	臺北市	文山區	文山區羅斯福路6段與景華街口口	24.9948638	121.5412322	0	0	2	3	8	6	5	4	1	1	5	4	5	13	2	1	1	4	5	2	13	1	9	1	7	1	8	1		1	3	3	
113	3	15	7	50	臺北市	內湖區	內湖區康樂街與東湖路口	25.0678406	121.6175906	0	0	1	2	7	5	6	4	1	1	5	4	5	13	1	1	5	5	5	2	17	1	5	1	7	2	8	1		2	3	1	