年	月	日	時	分	縣市	行政區	allLocation	GoogleLat	GoogleLng	死	2-30	受傷	當事人數	天候	道路照明設備	道路類別	道路型態	事故位置	路面狀況1	路面狀況2	路面狀況3	道路障礙1	道路障礙2	號誌1	號誌2	車道劃分-分向	車道劃分-分道1	車道劃分-分道2	車道劃分-分道3	事故類型及型態	行動電話	當事者行動狀態	駕駛資格情形	保護裝置	飲酒情形	駕駛執照種類	個人肇逃否	肇因碼-主要	性別	受傷程度	車輛撞擊部位1	車輛撞擊部位2
113	3	15	8	4	臺北市	松山區	松山區寧安街9巷與八德路3段155巷口	25.0497816	121.5550908	0	0	1	2	7	5	5	4	1	1	5	4	5	13	3	1	9	4	5	2	15	1	9	1	7	1	4	1		2	3	2	
113	3	15	8	9	臺北市	士林區	士林區承德路5段與基河路口	25.09777871	121.5135441	0	0	1	2	7	6	5	4	1	1	5	4	5	13	2	1	1	4	4	2	17	1	6	1	7	1	8	1		1	3	6	
113	3	15	8	15	臺北市	中正區	中正區衡陽路10號	25.0423035	121.5137045	0	0	1	2	7	6	5	14	9	1	5	4	5	13	4	4	10	4	5	2	17	1	1	1	2	2	8	1		2	3	5	
113	3	15	8	24	臺北市	中山區	中山區樂群二路與敬業四路口	25.0799385	121.5585169	0	0	1	3	8	6	5	4	1	1	5	4	5	13	2	1	1	5	5	2	16	1	5	1	7	1	2	1		1	3	6	
113	3	15	8	27	臺北市	大同區	大同區承德路2段與萬全街口	25.0582614	121.5182411	0	0	1	2	8	6	5	4	2	1	5	4	5	13	1	1	1	4	5	2	17	4	9	1	3	11	1	2		1	4	15	
113	3	15	8	34	臺北市	松山區	松山區民權東路4段121號	25.06239802	121.5591569	0	0	1	2	7	5	5	14	7	1	5	4	5	13	2	1	3	4	4	2	13	1	9	1	5	1	10	1		1	2	11	
113	3	15	8	53	臺北市	松山區	松山區南京東路4段77號	25.05172832	121.55377	0	0	1	2	8	6	5	14	8	1	5	4	5	13	4	4	1	4	4	1	12	4	7	8	3	1	20	1		2	2	14	
113	3	15	9	0	臺北市	中山區	中山區南京東路2段71號	25.0520029	121.5315612	0	0	1	2	7	7	5	14	9	1	5	4	5	13	4	4	1	4	5	2	12	4	1	1	3	1	8	1		1	3	4	
113	3	15	9	10	臺北市	北投區	北投區西安街2段85-2號	25.1174406	121.5132459	0	0	2	2	8	5	5	14	9	1	5	4	5	13	4	4	9	4	5	2	12	1	7	8	4	1	20	1		2	2	15	
113	3	15	9	22	臺北市	內湖區	內湖區瑞光路358巷與瑞光路358巷30弄口	25.07677449	121.5720956	0	0	1	2	6	5	5	3	1	1	4	4	5	13	4	4	5	4	5	2	15	1	9	1	7	1	8	1		1	3	1	
113	3	15	9	49	臺北市	士林區	士林區社子大橋與社子大橋口下自行車道	25.1109164	121.4940643	0	0	2	2	8	5	5	14	23	1	5	4	5	13	4	4	10	5	5	1	17	1	9	8	4	1	20	1		1	2	14	
113	3	15	9	50	臺北市	內湖區	內湖區環山路2段87號	25.08474779	121.5752076	0	0	1	2	7	5	5	14	9	1	5	4	5	13	4	4	5	5	5	2	17	1	15	1	5	1	8	1		2	2	11	
113	3	15	9	50	臺北市	士林區	士林區仰德大道3段100號	25.12047405	121.5530361	0	0	1	2	7	6	5	11	9	1	5	4	5	13	4	4	5	5	5	2	17	1	21	1	7	11	8	2		2	3	17	
113	3	15	10	2	臺北市	大同區	大同區承德路1段與太原路97巷口	25.05188787	121.5173978	0	0	1	2	7	6	5	4	1	1	5	4	5	13	2	1	1	4	5	2	17	1	9	1	6	2	10	1		1	2	12	
113	3	15	10	10	臺北市	士林區	士林區小北街與文林路口	25.0902422	121.527112	0	0	2	2	7	5	5	4	1	1	5	4	5	13	2	1	4	5	5	2	17	4	5	1	3	1	10	1		1	2	12	
113	3	15	10	13	臺北市	信義區	信義區福德街221巷12號	25.0374139	121.5850209	0	0	1	2	6	6	5	12	9	1	4	4	5	13	4	4	5	4	5	1	12	4	7	1	3	1	10	1		2	2	14	
113	3	15	10	40	臺北市	松山區	松山區民生東路5段與民生東路5段36巷口口	25.0583713	121.5570785	0	0	1	2	6	7	5	3	2	1	4	4	5	13	2	1	1	4	5	2	17	1	6	1	7	2	4	1		1	3	5	
113	3	15	10	47	臺北市	中山區	中山區八德路2段326號	25.04738234	121.542946	0	0	1	2	6	7	5	14	9	1	4	4	5	13	4	4	4	3	5	1	17	1	1	1	7	1	4	1		1	3	7	
113	3	15	10	48	臺北市	中正區	中正區市民大道3段2號	25.0457844	121.5311478	0	0	1	1	6	5	5	5	2	1	4	4	5	13	1	1	1	4	1	2	17	1	21	1	5	1	10	1		2	2	15	
113	3	15	11	0	臺北市	士林區	士林區延平北路9段與延平北路9段206巷口口	25.1076101	121.4716004	1	0	0	2	7	6	5	4	1	1	5	4	5	13	3	1	10	4	5	1	15	1	9	1	5	9	10	1		2	1	14	
113	3	15	11	18	臺北市	萬華區	萬華區萬大路424巷與萬大路408巷口	25.0213794	121.4974948	0	0	1	2	7	6	5	3	1	1	5	4	5	13	4	4	10	5	5	2	17	1	9	1	6	9	10	1		1	3	12	
113	3	15	11	40	臺北市	中山區	中山區中山北路2段56號	25.0558062	121.5226277	0	0	1	2	6	6	6	14	9	1	4	4	5	13	4	4	1	4	4	2	12	1	9	1	5	2	10	1		1	3	12	
113	3	15	11	52	臺北市	松山區	松山區延壽街與健康路325巷口	25.0571622	121.5671062	0	0	1	2	7	7	5	3	18	1	5	4	5	13	3	1	5	5	5	2	3	1	9	1	7	1	8	1		2	3	5	
113	3	15	12	3	臺北市	中正區	中正區林森南路與青島東路口	25.0436568	121.5230147	0	0	1	2	6	6	5	4	1	1	4	4	5	13	1	1	5	4	5	2	16	1	5	1	7	2	8	1		1	3	4	
113	3	15	12	8	臺北市	大同區	大同區民權西路與民權西路185巷口	25.063098	121.5158084	0	0	3	4	7	6	5	3	2	1	4	4	5	13	4	4	1	4	5	2	17	1	15	1	6	1	10	1		1	2	14	
113	3	15	12	28	臺北市	信義區	信義區市民大道5段與東興路口	25.0482299	121.5658837	0	0	2	2	7	6	5	4	1	1	5	4	5	13	1	1	3	3	5	2	15	1	1	1	6	1	10	1		1	2	14	
113	3	15	13	22	臺北市	南港區	南港區南港路2段312號與向陽路口	25.0547147	121.5939012	0	0	2	2	6	6	5	5	1	1	4	4	5	12	2	1	3	4	5	2	17	4	9	1	3	1	10	1		2	2	11	
113	3	15	13	28	臺北市	信義區	信義區虎林街132巷43號	25.0403356	121.5753497	0	0	2	2	6	7	5	14	9	1	4	4	5	13	4	4	10	5	5	2	3	4	9	3	6	2	18	1		2	2	11	
113	3	15	13	30	臺北市	信義區	信義區嘉興街219巷與嘉興街口	25.025661	121.5562297	0	0	1	2	6	5	5	3	1	1	4	4	5	13	4	4	9	5	5	2	17	1	5	1	6	1	10	1		1	3	17	
113	3	15	13	45	臺北市	萬華區	萬華區環河南路2段48巷2號	25.0382187	121.4967523	0	0	2	2	6	6	5	14	9	1	4	4	5	13	4	4	2	4	5	1	17	1	15	1	6	2	10	1		2	2	13	
113	3	15	13	55	臺北市	信義區	信義區基隆路2段與基隆路2段79巷口	25.0303301	121.5580152	0	0	3	5	7	6	5	3	2	1	5	4	5	13	4	4	3	3	5	2	17	1	12	1	6	1	10	1		1	2	12	
113	3	15	14	15	臺北市	信義區	信義區永吉路443巷9弄26號	25.0464608	121.5799232	0	0	1	2	8	7	5	22	9	1	5	4	5	13	4	4	5	5	5	2	17	1	1	1	5	9	10	1		2	3	11	
113	3	15	14	20	臺北市	中山區	中山區吉林路343巷與吉林路口	25.0643829	121.5304001	0	0	1	2	6	6	5	4	2	1	4	4	5	13	4	4	5	4	5	2	17	1	9	1	5	1	10	1		2	2	17	
113	3	15	15	30	臺北市	士林區	士林區仰德大道2段與仰德大道2段100巷口	25.10742931	121.5455127	0	0	1	5	6	5	5	3	2	1	4	4	5	13	1	1	8	4	5	1	13	1	12	1	5	1	10	1		1	3	13	
113	3	15	15	40	臺北市	中正區	中正區羅斯福路3段282號前	25.01672779	121.5321815	0	0	1	2	6	6	5	14	9	1	4	4	5	13	2	1	1	4	5	1	17	1	15	7	5	11	19	2		1	4	17	
113	3	15	15	43	臺北市	萬華區	萬華區西園路1段與西園路1段136巷口	25.03788384	121.4996552	0	0	1	2	7	6	5	3	1	1	4	4	5	13	4	4	5	5	5	2	3	1	5	1	7	1	4	1		1	3	4	
113	3	15	16	33	臺北市	士林區	士林區克強路6號	25.1088179	121.5247455	0	0	1	2	6	6	5	14	9	1	4	4	5	13	4	4	5	5	5	2	13	1	9	1	6	2	9	1		1	2	11	
113	3	15	17	0	臺北市	內湖區	內湖區港墘路與瑞光路口	25.0764394	121.5749272	0	0	1	3	6	7	8	4	1	1	4	4	5	13	1	1	3	4	5	2	13	1	8	1	7	1	4	1		1	3	3	
113	3	15	17	15	臺北市	內湖區	內湖區新明路與新明路174巷口	25.05736741	121.5854429	0	0	2	2	6	6	5	3	2	1	4	4	5	13	1	1	5	4	5	1	15	1	9	8	4	1	20	1		1	2	12	
113	3	15	17	22	臺北市	南港區	南港區忠孝東路6段102號對面	25.0473097	121.5841438	0	0	2	2	7	5	5	14	8	1	4	4	5	13	4	4	1	4	4	2	12	4	15	3	5	1	18	1		1	2	11	
113	3	15	17	28	臺北市	信義區	信義區吳興街220巷與吳興街220巷37弄口	25.02701	121.5622968	0	0	1	2	6	6	5	3	2	1	4	4	5	13	2	1	9	5	5	2	16	4	5	1	3	2	8	1		1	3	8	1
113	3	15	17	38	臺北市	中正區	中正區中山南路3號	25.0436401	121.5191397	0	0	1	2	6	6	5	14	9	1	4	4	5	13	4	4	1	4	5	2	13	1	15	1	6	2	9	1		1	2	11	
113	3	15	18	13	臺北市	文山區	文山區木柵路4段與木柵路4段33巷口	24.9940344	121.5715873	0	0	1	2	6	5	5	3	1	1	4	4	5	13	1	1	10	5	5	2	17	4	5	1	3	1	10	1		2	3	15	
113	3	15	18	23	臺北市	內湖區	內湖區康寧路3段219巷與康寧路3段口	25.0681089	121.6120635	0	0	1	2	6	5	5	3	1	1	4	4	5	13	4	4	1	4	5	2	16	1	8	1	7	1	8	1		1	3	6	
113	3	15	19	24	臺北市	南港區	南港區忠孝東路7段與向陽路口	25.05076819	121.5955952	0	0	3	3	7	5	5	5	1	1	4	4	5	13	1	1	1	4	5	2	17	1	5	1	6	1	10	1		1	2	14	
113	3	15	19	36	臺北市	大安區	大安區敦化南路2段與四維路170巷口	25.02832124	121.5485125	0	0	2	3	6	5	5	4	2	1	4	4	5	13	2	1	1	4	1	2	17	4	9	1	3	1	10	1		1	2	12	
113	3	15	20	1	臺北市	松山區	松山區延壽街137號	25.05691518	121.5640212	0	0	1	2	8	5	5	14	9	1	4	4	5	13	4	4	9	5	5	2	16	1	1	1	6	1	14	1		2	2	12	
113	3	15	21	12	臺北市	中山區	中山區建國高架道與長安東路2段口匝道	25.0467013	121.5365308	0	0	1	3	8	5	5	10	16	1	5	4	5	13	4	4	1	4	5	2	13	4	9	1	3	1	4	1		1	3	1	
113	3	15	23	0	臺北市	萬華區	萬華區內江街126號	25.0415463	121.5031037	0	0	1	2	8	5	5	14	9	1	5	4	5	13	4	4	10	5	5	2	17	4	1	1	3	1	4	1		1	3	4	
113	3	15	23	47	臺北市	中山區	中山區市民大道2段與長安東路1段52巷口	25.0470364	121.5276378	0	0	2	3	7	5	5	3	2	1	5	4	5	13	3	1	5	4	5	2	17	1	6	1	7	1	8	1		1	3	4	
113	3	16	0	29	臺北市	松山區	松山區南京東路5段123巷11號	25.0523298	121.5607901	0	0	1	2	7	5	5	14	9	1	5	4	5	13	4	4	9	4	5	2	2	4	9	8	4	7	20	1		2	3	15	
113	3	16	2	44	臺北市	中山區	中山區中山北路3段與民族西路口	25.0685179	121.522738	0	0	1	3	8	5	5	4	1	1	5	4	5	13	1	1	9	4	5	1	16	4	6	1	3	1	4	1		1	3	2	
113	3	16	8	5	臺北市	中正區	中正區市民大道2段與金山北路1段口	25.04597719	121.5304914	0	0	2	2	7	7	5	14	8	1	5	4	5	13	1	1	1	4	1	2	13	1	14	1	5	2	10	1		1	2	13	
113	3	16	8	7	臺北市	文山區	文山區福和河濱公園南往北(福和047燈桿)	24.9999875	121.5469841	0	0	2	3	8	6	8	22	22	1	5	4	5	13	4	4	5	5	5	1	9	5	18	8	4	10	20	1		2	2	16	
113	3	16	8	58	臺北市	文山區	文山區辛亥路4段與辛亥路4段166巷口	25.0036937	121.556312	0	0	1	2	8	6	5	3	1	1	5	4	5	13	2	1	1	4	5	2	17	1	9	1	6	2	10	1		1	2	11	
113	3	16	9	5	臺北市	中山區	中山區民權東路3段75巷與民權東路3段口	25.0625053	121.5439258	0	0	1	2	8	7	6	3	2	1	5	4	5	13	4	4	10	4	5	2	13	1	6	1	7	1	4	1		1	3	6	
113	3	16	9	18	臺北市	北投區	北投區崗山路與崗山路5巷口	25.14030961	121.4867956	0	0	1	2	7	7	5	4	1	1	5	4	5	13	4	4	10	5	5	2	15	1	9	1	5	1	11	1		2	2	11	
113	3	16	9	50	臺北市	中正區	中正區水源路與思源街口古亭河濱公園	25.01119888	121.5289233	0	0	2	3	8	6	5	3	1	1	5	4	5	13	4	4	5	5	5	1	17	1	9	8	4	1	20	1		2	2	11	
113	3	16	9	58	臺北市	大安區	大安區敦化南路1段與敦化南路1段161巷5弄口	25.0435159	121.5496685	0	0	2	2	7	7	5	4	2	1	5	4	5	13	4	4	9	3	5	1	15	1	9	1	5	1	10	1		1	2	12	
113	3	16	10	28	臺北市	文山區	文山區興隆路4段145巷57弄與忠順街2段85巷1弄口	24.9853983	121.5642922	0	0	1	2	8	6	5	4	2	2	5	4	5	13	4	4	10	5	5	2	17	4	9	1	5	1	10	1		2	2	12	
113	3	16	10	30	臺北市	士林區	士林區中山北路6段與忠誠路1段口	25.1039656	121.5249056	0	0	1	2	8	6	5	5	2	1	5	4	5	13	2	1	1	4	5	1	17	1	7	1	7	2	8	1		1	3	4	
113	3	16	10	31	臺北市	大安區	大安區光復南路與光復南路692巷口	25.0299966	121.5573278	0	0	1	2	7	6	5	3	2	1	5	4	5	13	1	1	1	4	5	1	12	1	9	1	7	2	4	1		1	3	5	
113	3	16	11	5	臺北市	北投區	北投區泉源路硫磺谷停車場前	25.1436687	121.5212158	0	0	1	2	7	5	5	14	9	1	5	4	5	13	4	4	5	2	5	1	16	1	5	1	7	1	8	1		1	3	8	
113	3	16	11	10	臺北市	中正區	中正區愛國西路與羅斯福路1段口	25.0345365	121.5173253	0	0	1	2	8	7	5	4	1	1	5	4	5	13	1	1	1	4	1	2	13	4	9	1	5	1	10	1		1	2	11	
113	3	16	11	25	臺北市	內湖區	內湖區康寧路1段56號	25.0802182	121.5920216	0	0	1	2	8	7	5	14	9	1	5	4	5	13	4	4	7	5	5	2	2	1	9	1	7	1	8	1		1	3	10	
113	3	16	11	45	臺北市	北投區	北投區立農街1段與立農街1段320巷口	25.1194965	121.5067329	0	0	2	2	7	6	5	4	1	1	5	4	5	13	4	4	10	5	5	1	15	1	9	1	6	1	10	1		2	2	13	
113	3	16	11	50	臺北市	士林區	士林區美崙街26號	25.0971976	121.5230118	0	0	1	2	8	6	5	14	9	1	5	4	5	13	4	4	10	5	5	1	2	4	15	1	3	9	8	2		1	4	15	
113	3	16	12	58	臺北市	中山區	中山區民權東路1段與雙城街口	25.062641	121.5240779	0	0	1	2	7	6	5	3	2	1	5	4	5	13	1	1	1	4	5	2	13	1	9	1	5	2	10	1		1	2	11	
113	3	16	13	0	臺北市	中正區	中正區忠孝東路2段與八德路1段口	25.04331479	121.5287822	0	0	1	2	8	6	5	3	1	1	5	4	5	13	1	1	1	2	4	2	13	4	9	1	6	2	10	1		1	2	11	
113	3	16	13	15	臺北市	文山區	文山區羅斯福路6段435號	24.9905062	121.5399462	0	0	1	2	8	6	5	14	9	1	5	4	4	13	4	4	1	4	5	2	29	1	9	1	5	2	11	1		2	2	11	
113	3	16	13	44	臺北市	萬華區	萬華區忠孝橋往北市(下橋處)	25.04846133	121.5085736	0	0	1	2	8	5	5	14	7	1	5	4	5	13	1	1	9	4	4	2	17	4	7	1	7	2	8	1		1	2	4	
113	3	16	14	27	臺北市	南港區	南港區市民大道8段東往西0402197燈	25.0312347	121.6111949	0	0	1	3	7	6	5	14	9	1	5	4	5	12	4	4	3	4	5	2	17	4	10	1	3	2	1	1		1	3	5	
113	3	16	15	3	臺北市	大安區	大安區建國南路1段318巷與建國南路1段口	25.0356878	121.5374455	0	0	1	2	8	7	5	3	2	1	5	4	5	13	4	4	10	5	5	1	16	1	6	1	5	1	9	1		1	3	12	
113	3	16	15	5	臺北市	大安區	大安區仁愛路3段與建國南路1段口	25.0379337	121.5379658	0	0	1	3	8	5	5	4	1	1	5	4	5	13	2	1	1	4	5	2	12	1	21	1	7	1	8	1		1	3	5	
113	3	16	15	12	臺北市	大同區	大同區環河堤外便道3號水門堤外機慢車道	25.0503483	121.506318	0	0	1	2	7	6	5	14	9	1	5	4	5	13	4	4	4	5	5	2	17	1	9	1	6	1	10	1		1	3	14	
113	3	16	15	19	臺北市	松山區	松山區中坡北路北往南第0204235號燈桿	25.05075914	121.5796402	0	0	1	3	7	6	5	14	9	1	5	4	5	13	4	4	10	5	5	2	13	4	9	1	7	1	8	1		1	3	1	
113	3	16	15	37	臺北市	北投區	北投區承德路7段139號	25.11257768	121.5089701	0	0	3	4	7	6	5	14	8	1	5	4	5	13	4	4	1	4	4	1	12	1	8	1	5	1	10	1		1	2	13	
113	3	16	15	45	臺北市	萬華區	萬華區中華路1段與漢口街2段口	25.04518051	121.5087837	0	0	1	2	7	6	5	14	9	1	5	4	5	13	2	1	9	4	5	1	9	4	15	1	3	1	2	1		1	3	17	
113	3	16	15	50	臺北市	信義區	信義區永吉路247號	25.0455985	121.5747868	0	0	1	3	8	6	5	14	8	1	5	4	5	13	4	4	9	5	4	2	13	4	14	1	3	2	8	1		1	3	6	3
113	3	16	19	33	臺北市	中山區	中山區民權東路2段135巷32號	25.0642317	121.5349515	0	0	1	2	8	5	5	14	9	1	5	4	5	13	4	4	9	5	5	2	3	1	5	1	5	1	10	1		2	3	11	
113	3	16	20	19	臺北市	士林區	士林區環河北路3段115號	25.0849613	121.5061701	0	0	2	3	8	5	5	14	9	1	5	4	5	13	4	4	1	4	5	2	12	4	8	1	3	2	8	1		1	3	5	
113	3	16	20	42	臺北市	文山區	文山區興隆路4段與興隆路4段145巷口	24.98495077	121.5615247	0	0	1	3	8	5	5	4	1	1	5	4	5	13	4	4	10	5	5	2	15	4	9	1	3	2	8	1		1	3	8	
113	3	16	20	55	臺北市	大安區	大安區敦化南路1段與仁愛路4段112巷13弄口	25.0363327	121.5491104	0	0	1	2	7	5	5	3	1	1	5	4	5	13	4	4	10	4	5	2	17	4	6	1	3	1	8	1		1	3	2	
113	3	16	21	12	臺北市	中正區	中正區重慶北路1段與北平西路口	25.0482202	121.5134847	0	0	1	2	8	7	5	4	1	1	5	4	5	13	1	1	9	4	5	1	17	1	11	1	7	2	2	1		1	3	1	
113	3	16	21	19	臺北市	大安區	大安區光復南路244號	25.0406932	121.557717	0	0	2	2	7	5	5	14	9	1	5	4	5	13	4	4	1	4	5	2	9	4	9	1	6	1	9	1		1	2	11	
113	3	16	21	20	臺北市	士林區	士林區承德路4段10巷與通河街76巷口	25.0801447	121.520127	0	0	1	2	8	5	5	4	1	1	5	4	5	13	4	4	5	5	5	2	15	4	9	1	3	1	4	1		1	3	4	
113	3	16	21	32	臺北市	松山區	松山區民權東路4段西向東(燈桿0205123)	25.06180935	121.55431	0	0	1	2	8	5	5	14	9	1	5	4	5	13	4	4	1	4	4	2	12	4	8	1	7	1	8	1		1	3	6	
113	3	16	22	7	臺北市	中山區	中山區新生北路3段與農安街口迴轉道	25.0650726	121.5271143	0	0	1	2	8	5	5	14	9	1	5	4	5	13	4	4	10	5	5	2	3	4	6	1	3	1	8	1		1	3	5	
113	3	16	22	15	臺北市	松山區	松山區民生東路4段56巷與民生東路4段口	25.05788705	121.5515285	0	0	1	2	8	5	5	3	2	1	5	4	5	13	4	4	1	4	5	2	16	1	6	1	7	2	8	1		1	3	2	
113	3	16	23	13	臺北市	中正區	中正區羅斯福路4段與基隆路4段口	25.0113513	121.5369853	0	0	1	2	8	5	5	4	1	1	5	4	5	13	1	1	1	4	5	2	17	1	8	1	5	2	10	1		1	3	13	
113	3	16	23	31	臺北市	中山區	中山區新生北路1段與長安東路1段口	25.0486183	121.5295137	0	0	1	2	8	5	5	14	9	1	5	4	5	13	2	1	9	4	5	2	12	1	9	1	5	1	10	1		1	2	11	
113	3	16	23	40	臺北市	士林區	士林區中山北路6段與克強路口	25.1088146	121.5253207	0	0	1	2	8	5	5	3	2	1	5	4	5	13	2	1	1	5	5	1	17	1	11	1	7	1	8	1		1	3	5	
113	3	17	4	45	臺北市	中正區	中正區汀州路3段與思源街口	25.01486605	121.5326016	0	0	2	2	7	5	5	4	18	1	5	4	5	13	2	1	4	4	5	1	3	1	5	1	5	2	10	1		1	2	14	
113	3	17	6	44	臺北市	文山區	文山區辛亥路5段與辛亥路5段25巷口口	24.9998887	121.5541528	0	0	2	2	8	6	5	4	1	1	5	4	5	13	2	1	1	4	5	2	15	1	9	1	5	2	10	1		2	2	12	
113	3	17	8	21	臺北市	萬華區	萬華區廣州街與廣州街265巷口	25.0367655	121.4964214	0	0	1	2	8	5	5	3	1	1	5	4	5	13	4	4	8	3	5	1	12	4	1	3	3	1	18	1		1	2	12	
113	3	17	8	48	臺北市	萬華區	萬華區忠孝橋與西寧南路口	25.04885632	121.5077457	0	0	1	2	8	7	5	4	1	1	5	4	5	13	2	1	3	4	5	2	17	1	5	1	6	1	10	1		2	2	14	
113	3	17	9	51	臺北市	大安區	大安區仁愛路3段24巷與新生南路1段161巷口	25.0345795	121.5359316	0	0	1	2	7	6	5	4	1	1	5	4	5	13	4	4	10	5	5	1	15	1	9	1	5	1	10	1		1	2	11	
113	3	17	10	0	臺北市	文山區	文山區木柵路4段149巷與木柵路4段口	24.9987639	121.5750192	0	0	1	2	8	5	5	3	2	1	5	4	5	13	2	1	10	5	5	1	17	1	6	3	6	9	18	2		1	3	12	
113	3	17	10	2	臺北市	萬華區	萬華區中興橋往台北市機車道	25.04551064	121.4988895	0	0	2	2	8	6	7	8	11	1	5	4	5	13	4	4	10	5	5	1	17	1	12	1	5	1	10	1		2	2	11	
113	3	17	10	54	臺北市	士林區	士林區通河東街1段與通河東街1段口引道	25.0867834	121.5154513	0	0	4	5	8	6	5	3	2	1	5	4	3	10	4	4	10	5	5	2	17	1	9	1	6	1	10	1		1	2	11	
113	3	17	11	0	臺北市	中山區	中山區建國北路1段5-1號	25.0465189	121.5367399	0	0	1	2	8	6	5	14	9	1	5	4	5	13	4	4	5	4	5	2	17	1	1	1	6	1	10	1		1	2	12	
113	3	17	11	0	臺北市	大同區	大同區環河北路2段221號	25.07001441	121.5093189	0	0	1	2	8	5	5	14	9	1	5	4	5	13	4	4	1	4	5	2	13	4	8	1	7	1	8	1		1	3	1	
113	3	17	11	5	臺北市	北投區	北投區承德路7段與承德路7段1巷口	25.1109536	121.5105788	0	0	1	2	8	6	5	3	2	1	5	4	5	13	1	1	9	4	5	2	16	1	6	1	7	1	8	1		1	3	5	
113	3	17	11	10	臺北市	中正區	中正區濟南路2段39號	25.0407353	121.5298483	0	0	1	3	8	6	5	14	9	1	5	4	5	13	4	4	5	5	5	2	17	1	14	1	7	2	4	1		1	3	2	
113	3	17	11	12	臺北市	文山區	文山區萬芳路與萬利街口	24.99906021	121.5668755	0	0	1	2	8	5	8	3	2	1	5	4	5	13	1	1	5	4	5	2	16	3	6	1	7	2	8	1		1	3	1	
113	3	17	11	15	臺北市	中正區	中正區林森北路與市民大道2段口	25.04765008	121.5241911	0	0	3	3	8	7	5	4	1	1	5	4	5	13	1	1	1	4	1	2	13	1	9	1	5	2	10	1		2	2	13	
113	3	17	11	20	臺北市	松山區	松山區市民大道4段與八德路3段8巷口	25.04487796	121.549668	0	0	1	2	8	5	5	3	1	1	5	4	5	13	4	4	3	4	4	2	17	4	6	7	3	9	19	2		1	2	11	
113	3	17	11	36	臺北市	中山區	中山區新生北路2段108號	25.06010428	121.5273394	0	0	2	2	8	7	5	14	9	1	5	4	5	13	4	4	9	4	5	2	16	1	1	1	5	2	10	1		2	2	14	
113	3	17	12	12	臺北市	士林區	士林區至善路2段429號	25.1080026	121.557541	0	0	2	8	8	6	5	14	9	1	5	4	5	13	4	4	1	4	5	2	29	1	9	1	7	2	8	1		1	2	1	
113	3	17	12	17	臺北市	萬華區	萬華區堤外便道自行車道（華中032燈桿）	25.035158	121.5072528	0	0	2	2	8	6	5	14	23	1	5	4	5	13	4	4	9	5	5	1	2	1	9	8	4	1	20	1		1	2	11	
113	3	17	12	25	臺北市	大安區	大安區辛亥路3段157巷2號	25.0167794	121.5498383	0	0	1	2	8	6	5	14	5	1	5	4	5	13	2	1	1	5	5	2	16	4	6	1	3	2	8	1		1	3	5	
113	3	17	12	29	臺北市	文山區	文山區辛亥路7段與忠順街1段口	24.98320317	121.5540158	0	0	2	2	8	6	5	14	9	2	5	4	5	13	2	1	5	4	4	2	17	4	15	1	5	1	10	1		2	2	12	
113	3	17	12	30	臺北市	內湖區	內湖區江南街71巷16弄與江南街117巷8弄口	25.07607937	121.5765933	0	0	2	2	8	6	5	3	2	1	5	4	5	13	4	4	10	5	5	2	17	1	5	1	6	1	10	1		2	2	14	
113	3	17	12	31	臺北市	中正區	中正區辛亥路1段8號	25.01848366	121.5282048	0	0	1	2	8	6	5	14	8	1	5	4	5	13	4	4	10	4	4	2	17	1	1	1	7	2	8	1		1	3	8	
113	3	17	12	50	臺北市	中正區	中正區市民大道3段8號	25.04564928	121.5316222	0	0	1	2	8	7	5	14	9	1	5	4	5	13	4	4	1	4	5	2	16	1	6	1	7	1	8	1		2	3	2	
113	3	17	13	3	臺北市	中正區	中正區羅斯福路2段與和平西路1段口	25.0269997	121.5222204	0	0	1	2	8	7	5	4	1	1	5	4	5	13	1	1	1	4	5	2	13	1	9	1	5	1	10	1		1	2	11	
113	3	17	13	25	臺北市	文山區	文山區羅斯福路5段與汀州路4段23巷口	25.00969866	121.5373127	0	0	1	2	8	6	5	3	2	1	5	4	5	13	4	4	10	5	5	2	16	1	6	1	7	1	8	1		2	3	7	
113	3	17	13	42	臺北市	北投區	北投區中央北路4段593號	25.12450469	121.4650122	0	0	2	3	8	7	5	14	9	1	5	4	5	13	4	4	8	3	5	2	13	1	9	1	6	1	10	1		2	2	11	
113	3	17	14	12	臺北市	文山區	文山區汀州路4段與溪洲街口	25.0037667	121.5354408	0	0	2	2	8	6	5	3	1	1	5	4	5	13	3	1	5	5	5	2	17	1	5	1	6	2	10	1		2	2	12	
113	3	17	14	20	臺北市	大同區	大同區鄭州路145號	25.05054496	121.5090056	0	0	1	2	8	6	5	14	9	1	5	4	5	13	4	4	8	3	5	1	12	4	9	1	3	11	8	2		2	4	4	
113	3	17	14	33	臺北市	文山區	文山區政大三街與政大一街口	24.98537563	121.582201	0	0	2	2	8	6	5	14	9	2	5	4	5	13	4	4	5	5	5	2	17	1	9	8	4	1	20	1		1	2	13	
113	3	17	15	3	臺北市	南港區	南港區南港路3段133號與南港路3段190巷附近口	25.0530368	121.586663	0	0	1	2	8	7	5	4	4	1	5	4	5	13	2	1	4	4	5	1	16	4	1	1	3	1	8	1		1	3	5	
113	3	17	15	28	臺北市	內湖區	內湖區堤外便道東向西，近路燈3012367	25.06485759	121.612293	0	0	1	2	8	6	5	14	9	1	5	4	5	13	4	4	5	5	5	2	13	1	9	1	5	1	9	1		1	2	11	