年	月	日	時	分	縣市	行政區	allLocation	GoogleLat	GoogleLng	死	2-30	受傷	當事人數	天候	道路照明設備	道路類別	道路型態	事故位置	路面狀況1	路面狀況2	路面狀況3	道路障礙1	道路障礙2	號誌1	號誌2	車道劃分-分向	車道劃分-分道1	車道劃分-分道2	車道劃分-分道3	事故類型及型態	行動電話	當事者行動狀態	駕駛資格情形	保護裝置	飲酒情形	駕駛執照種類	個人肇逃否	肇因碼-主要	性別	受傷程度	車輛撞擊部位1	車輛撞擊部位2
113	3	17	16	50	臺北市	中山區	中山區松江路與錦州街口	25.0603512	121.5330695	0	0	2	2	8	6	5	4	2	1	5	4	5	13	2	1	10	5	5	2	15	4	9	1	3	1	10	1		1	2	11	
113	3	17	16	53	臺北市	中山區	中山區中山北路2段96巷與民生西路45巷口	25.0598688	121.5207934	0	0	1	2	7	5	5	14	9	1	5	4	5	13	4	4	10	5	5	2	3	4	9	1	3	1	10	1		1	3	11	
113	3	17	17	0	臺北市	中山區	中山區市民大道3段與新生北路1段62巷口	25.0460834	121.5309317	0	0	1	3	8	7	5	4	1	1	5	4	5	13	1	1	9	4	1	2	12	1	15	1	6	1	10	1		1	3	12	
113	3	17	17	25	臺北市	中山區	中山區新生北路2段與民生東路1段口迴轉道	25.058547	121.5279905	0	0	2	3	8	7	5	9	6	1	5	4	5	13	4	4	10	5	5	2	13	1	6	1	7	2	8	1		1	3	8	
113	3	17	17	31	臺北市	萬華區	萬華區中華路2段與艋舺大道口	25.03460974	121.5055804	0	0	1	2	8	5	5	5	1	1	5	4	5	13	2	1	1	5	5	2	17	1	5	1	5	1	10	1		1	3	12	
113	3	17	17	36	臺北市	萬華區	萬華區寶興街109號	25.0254933	121.4946191	0	0	1	3	8	7	5	14	9	1	5	4	5	13	4	4	9	5	5	2	17	1	15	1	5	1	10	1		1	2	12	
113	3	17	17	43	臺北市	大同區	大同區大龍街177巷29號與大龍街177巷口	25.0689169	121.5168057	0	0	1	3	7	6	5	3	1	1	5	4	5	13	4	4	10	5	5	1	16	4	5	1	3	1	8	1		1	3	1	
113	3	17	17	45	臺北市	內湖區	內湖區瑞光路583巷與基湖路3巷口口	25.0803579	121.5678812	0	0	2	4	8	7	5	4	1	1	5	4	5	13	3	1	5	5	5	2	15	1	9	6	7	2	8	1		1	3	7	12
113	3	17	17	52	臺北市	信義區	信義區松高路16號	25.0384159	121.5676472	0	0	1	2	8	6	5	14	9	1	5	4	5	13	4	4	9	3	5	2	12	4	5	1	3	1	8	1		1	3	8	12
113	3	17	18	14	臺北市	中山區	(吉林路176號旁)	25.0571005	121.5301261	0	0	1	2	7	5	5	14	9	1	5	4	5	13	4	4	9	4	4	2	16	4	6	1	3	1	8	1		2	3	5	
113	3	17	18	15	臺北市	文山區	文山區辛亥路7段與木新路3段口	24.97994686	121.553788	0	0	1	2	8	6	5	3	1	1	5	4	5	13	1	1	10	5	5	2	18	1	6	1	5	9	10	1		1	2	14	
113	3	17	18	20	臺北市	萬華區	萬華區成都路95號	25.043183	121.504661	0	0	2	2	8	5	5	14	9	1	5	4	5	13	4	4	10	3	5	1	3	5	16	8	4	10	20	1		2	2	16	
113	3	17	18	23	臺北市	內湖區	內湖區環山路3段25號	25.0844734	121.579117	0	0	1	2	8	5	5	12	8	1	5	4	5	13	2	1	5	4	4	2	13	1	9	1	6	1	10	1		1	2	11	
113	3	17	18	43	臺北市	松山區	松山區敦化北路145巷與敦化北路口	25.0538587	121.5492063	0	0	1	2	8	5	5	14	9	1	5	4	5	13	4	4	1	3	4	2	13	1	9	1	6	2	10	1		1	2	11	
113	3	17	19	5	臺北市	中山區	中山區堤頂大道2段與內湖路1段口	25.08461127	121.560296	0	0	1	2	7	5	5	4	2	1	5	4	5	13	2	1	1	4	5	2	12	4	9	1	3	1	8	1		1	3	2	
113	3	17	19	8	臺北市	萬華區	萬華區桂林路與西園路1段口	25.0384877	121.4999469	0	0	1	3	7	5	5	4	2	1	5	4	5	13	2	1	5	4	4	2	12	1	9	1	6	1	10	1		2	3	11	
113	3	17	19	34	臺北市	文山區	文山區新光路1段166號	24.9931355	121.5736734	0	0	3	4	7	5	5	14	8	1	5	4	5	13	4	4	5	4	4	2	13	1	9	1	5	1	10	1		1	2	11	
113	3	17	19	46	臺北市	信義區	信義區松隆路與永吉路30巷口	25.0443709	121.56863	0	0	2	3	8	5	5	4	19	1	5	4	5	13	1	1	5	5	5	2	9	1	5	1	7	2	8	1		1	3	1	
113	3	17	19	48	臺北市	中正區	中正區中華路2段與西藏路口	25.0301147	121.5041534	0	0	1	2	8	5	5	4	1	1	5	4	5	13	1	1	1	4	5	2	17	4	21	7	3	11	19	2		1	4	15	
113	3	17	20	39	臺北市	南港區	南港區向陽路80號	25.0526406	121.5952692	0	0	1	2	8	5	5	14	9	1	5	4	5	13	3	1	3	4	5	2	13	1	9	1	7	1	8	1		1	3	8	
113	3	17	20	52	臺北市	南港區	南港區南港路1段與經貿一路口口	25.0546809	121.6191482	0	0	2	4	7	5	5	14	7	1	5	4	5	13	4	4	1	4	5	2	9	4	9	1	5	2	10	1		1	3	17	
113	3	17	22	2	臺北市	信義區	信義區仁愛路4段505號	25.0377892	121.5583376	0	0	1	2	8	5	5	14	9	1	5	4	5	13	4	4	1	5	5	1	18	4	9	1	3	1	10	1		1	2	14	
113	3	17	22	15	臺北市	北投區	北投區中央北路4段30巷與中央北路4段口	25.1399236	121.475411	0	0	1	2	8	5	5	3	1	1	5	4	5	13	2	1	5	3	5	1	15	4	11	1	7	1	8	1		2	3	7	1
113	3	17	22	25	臺北市	文山區	文山區木柵路1段與試院路口	24.9874391	121.5498491	0	0	1	2	7	5	5	4	1	1	5	4	5	13	2	1	10	5	5	2	17	4	5	1	3	2	8	1		1	3	2	
113	3	17	22	44	臺北市	松山區	松山區光復北路75號	25.05050267	121.5579388	0	0	1	3	8	5	5	14	9	1	5	4	5	13	4	4	3	4	5	2	17	4	8	1	3	9	8	2		2	4	15	
113	3	17	23	3	臺北市	大安區	大安區和平東路3段與基隆路2段口	25.0247157	121.5528662	0	0	1	2	7	5	5	4	1	1	5	4	5	13	2	1	9	3	5	2	12	1	7	1	6	1	10	1		2	2	14	
113	3	17	23	11	臺北市	士林區	士林區忠誠路1段131號	25.1057274	121.5292555	0	0	2	3	8	5	5	14	9	1	5	4	5	13	4	4	1	4	4	2	16	1	9	1	5	1	10	1		1	2	11	
113	3	18	1	15	臺北市	內湖區	內湖區東湖路與東湖路58巷口	25.06878102	121.6138859	0	0	1	2	6	5	5	4	2	1	4	4	5	13	2	1	5	4	5	2	13	1	9	1	7	1	8	1		2	3	5	
113	3	18	2	0	臺北市	松山區	松山區民生東路5段212巷1號	25.05880588	121.5649276	0	0	1	3	8	5	5	14	9	1	5	4	5	13	2	1	3	4	5	2	17	4	5	1	6	2	10	1		1	2	11	
113	3	18	2	47	臺北市	松山區	松山區健康路413號	25.0545748	121.5694825	0	0	2	4	7	5	5	14	8	1	5	4	5	13	4	4	1	3	4	2	13	1	9	1	7	1	8	1		1	2	1	
113	3	18	5	55	臺北市	信義區	信義區福德街與林口街口	25.0362501	121.5792142	0	0	2	2	8	5	5	4	1	1	5	4	5	13	2	1	1	4	5	2	15	4	9	8	4	2	20	1		1	2	14	
113	3	18	7	10	臺北市	中山區	中山區市民大道2段與中山北路1段口東北角	25.04818644	121.5209536	0	0	3	3	8	5	5	4	1	2	5	4	5	13	1	1	1	4	5	2	16	1	6	1	6	1	10	1		1	2	12	
113	3	18	7	16	臺北市	信義區	信義區吳興街與吳興街269巷口	25.0268353	121.5639045	0	0	1	2	7	7	5	4	1	1	4	4	5	13	4	4	9	4	5	2	3	1	9	1	5	2	10	1		1	3	11	
113	3	18	7	30	臺北市	北投區	北投區大度路3段與聖景路口	25.123781	121.4641763	0	0	3	3	7	7	5	4	2	1	5	4	5	13	2	1	3	4	5	2	12	4	8	7	3	1	19	1		1	2	12	
113	3	18	7	43	臺北市	內湖區	內湖區康寧路3段56巷1號	25.07087176	121.6101161	0	0	2	3	7	7	5	14	8	1	5	4	5	13	4	4	10	5	5	2	16	1	5	1	7	2	8	1		1	3	4	
113	3	18	7	50	臺北市	中正區	中正區林森南路與徐州路口	25.0410038	121.5222375	0	0	2	2	8	7	5	4	2	1	5	4	5	13	1	1	4	3	5	2	17	1	9	1	6	2	10	1		1	2	12	
113	3	18	7	50	臺北市	士林區	士林區忠誠路2段與忠誠路2段53巷口	25.1110834	121.5308443	0	0	2	2	8	6	5	3	1	1	5	4	5	13	4	4	1	4	4	2	16	1	9	1	6	1	10	1		1	2	14	
113	3	18	8	0	臺北市	士林區	士林區福港街107巷8號與福港街107巷口	25.0883726	121.5187638	0	0	2	4	8	6	5	3	1	1	5	4	5	13	4	4	10	5	5	1	17	1	5	1	7	1	8	1		1	3	1	
113	3	18	8	18	臺北市	中山區	中山區松江路與農安街口	25.0645292	121.5333323	0	0	1	2	7	7	5	14	9	1	5	4	5	13	1	1	1	4	5	2	9	1	12	1	7	1	2	1		1	3	17	
113	3	18	8	20	臺北市	大同區	大同區承德路1段與市民大道1段口	25.04902425	121.5166011	0	0	1	2	8	5	5	4	2	1	5	4	5	13	1	1	5	4	5	1	12	4	6	1	3	11	4	2		2	3	15	
113	3	18	8	36	臺北市	中山區	中山區民權東路3段18號	25.0622835	121.5402454	0	0	1	3	8	6	5	14	9	1	5	4	5	13	4	4	1	4	5	2	12	4	1	1	3	1	4	1		1	3	1	
113	3	18	8	36	臺北市	內湖區	內湖區金湖路與康寧路1段口	25.07898903	121.5995916	0	0	2	2	7	5	5	3	1	1	5	4	5	13	2	1	1	4	4	1	16	1	5	3	5	9	18	1		2	2	12	
113	3	18	8	43	臺北市	中山區	中山區建國高架道附近往南里程0處	25.0659623	121.5343193	0	0	1	3	8	7	5	10	7	1	5	4	5	13	4	4	10	4	5	2	12	1	7	1	7	1	8	1		1	3	8	
113	3	18	8	54	臺北市	大安區	大安區辛亥路3段東往西和平籃球館前快車道	25.0208988	121.5448567	0	0	2	3	7	6	5	14	9	1	5	4	5	13	4	4	1	4	5	2	13	1	9	1	7	1	8	1		1	3	1	
113	3	18	8	55	臺北市	中山區	中山區民權東路1段與林森北路口	25.06263574	121.5256235	0	0	1	2	8	6	5	4	1	1	5	4	5	13	1	1	3	4	5	2	17	1	6	1	7	1	4	1		2	3	5	
113	3	18	9	0	臺北市	大安區	大安區復興南路1段與信義路3段口	25.0334821	121.543721	0	0	1	2	7	7	5	4	2	1	5	4	5	13	2	1	8	3	5	1	12	1	15	1	5	1	10	1		2	2	14	
113	3	18	9	4	臺北市	大安區	大安區忠孝東路3段與建國南路1段口	25.0416427	121.5368068	0	0	1	2	7	6	5	4	1	1	5	4	5	13	1	1	1	4	5	1	12	1	7	1	5	2	10	1		2	2	14	
113	3	18	9	16	臺北市	大同區	大同區塔城街(北向南，塔城公園對面）	25.050762	121.5104605	0	0	1	3	7	6	5	14	9	1	5	4	5	13	4	4	8	3	5	1	14	4	9	1	3	1	8	1		1	3	2	
113	3	18	9	18	臺北市	士林區	士林區中山北路6段195巷與克強路15巷口	25.107524	121.5243831	0	0	1	2	7	5	5	4	1	1	5	4	5	13	4	4	10	5	5	1	17	1	9	1	5	1	10	1		1	2	11	
113	3	18	9	22	臺北市	信義區	信義區松仁路95巷與松仁路口	25.036585	121.5685165	0	0	1	2	8	5	5	3	2	1	5	4	5	13	4	4	1	4	5	2	17	1	6	1	7	1	8	1		2	3	2	
113	3	18	9	49	臺北市	南港區	南港區中坡南路與中坡南路49巷口	25.0428278	121.5836024	0	0	1	2	7	6	5	4	1	1	5	4	5	13	2	1	5	5	5	2	16	1	6	1	5	1	10	1		2	2	12	
113	3	18	10	20	臺北市	松山區	松山區長春路與敦化北路口	25.0544858	121.5492683	0	0	1	2	7	7	5	4	2	1	5	4	5	13	2	1	1	4	4	2	13	1	6	1	5	1	11	1		2	2	11	
113	3	18	10	22	臺北市	信義區	信義區基隆路2段131-5號	25.0275912	121.5563308	0	0	1	2	6	7	5	14	9	1	4	4	5	13	1	1	9	4	5	2	18	1	9	1	5	1	10	1		1	2	14	
113	3	18	10	59	臺北市	士林區	士林區延平北路5段111號	25.0813916	121.5103395	0	0	1	2	8	7	5	14	9	1	5	4	5	13	4	4	1	5	5	1	17	1	7	1	5	1	10	1		1	2	14	
113	3	18	11	33	臺北市	內湖區	內湖區金湖路北向南，近路燈0308512	25.07616051	121.600852	0	0	1	2	8	6	5	14	8	1	5	4	5	13	4	4	1	4	4	2	12	1	1	3	7	2	18	1		2	3	4	
113	3	18	11	47	臺北市	中正區	中正區臨沂街與臨沂街6巷口	25.042396	121.5306185	0	0	1	2	8	5	5	4	1	1	5	4	5	13	4	4	9	5	5	1	17	1	9	1	5	1	10	1		2	2	12	
113	3	18	11	50	臺北市	內湖區	內湖區康寧路3段與民權東路6段口	25.07307267	121.6061674	0	0	1	2	8	5	5	3	2	1	5	4	5	13	1	1	1	4	4	2	16	1	6	1	6	2	11	1		1	2	14	
113	3	18	12	0	臺北市	中山區	中山區民生西路1號馬偕醫院急診室前	25.0578643	121.5220704	0	0	1	2	8	5	5	14	9	1	5	4	5	13	4	4	5	4	5	2	13	4	9	3	3	1	18	1		2	2	11	
113	3	18	12	10	臺北市	內湖區	內湖區港墘路59號前	25.0814554	121.57842	0	0	1	2	8	6	5	14	9	1	5	4	5	13	4	4	5	5	5	2	17	1	9	3	6	2	18	1		2	2	11	
113	3	18	12	15	臺北市	信義區	信義區基隆路1段與松隆路口	25.0431097	121.5657804	0	0	2	3	8	6	5	14	9	1	5	4	5	13	2	1	1	4	5	2	13	1	9	1	5	1	10	1		1	2	11	
113	3	18	12	25	臺北市	中山區	中山區民權東路2段192號	25.06227218	121.5358658	0	0	1	2	8	5	5	14	9	1	5	4	5	13	4	4	1	4	5	2	16	4	7	1	3	1	8	1		1	3	8	
113	3	18	12	29	臺北市	內湖區	內湖區康樂街151巷與康樂街口	25.0718919	121.6192337	0	0	2	3	7	6	5	4	1	1	5	4	5	13	1	1	5	4	4	1	17	1	5	3	7	1	18	1		1	3	5	
113	3	18	13	3	臺北市	萬華區	萬華區桂林路242巷與桂林路242巷53弄口	25.0372184	121.4944805	0	0	1	3	7	6	5	3	2	1	5	4	5	13	4	4	5	5	5	2	17	1	12	1	7	9	4	1		1	3	17	
113	3	18	13	17	臺北市	內湖區	內湖區內湖路2段177號	25.0813481	121.58754	0	0	1	2	8	6	8	14	9	1	5	4	5	13	2	1	5	5	5	2	12	1	7	1	5	2	10	1		2	2	14	
113	3	18	13	30	臺北市	中山區	中山區民權東路2段與中原街口	25.0623937	121.5293297	0	0	1	2	8	7	5	4	1	1	5	4	5	13	2	1	3	4	5	2	16	1	9	1	6	1	10	1		2	2	11	
113	3	18	13	49	臺北市	萬華區	萬華區寶興街196號	25.02777245	121.4947901	0	0	2	3	7	6	5	14	9	1	5	4	5	13	4	4	5	5	5	1	17	4	9	1	3	1	8	1		1	3	5	
113	3	18	14	1	臺北市	信義區	信義區莊敬路與吳興街345巷口	25.0272913	121.5662665	0	0	1	2	8	6	5	4	2	1	5	4	5	13	1	1	10	4	4	2	16	1	9	1	7	1	8	1		1	3	8	
113	3	18	14	55	臺北市	信義區	信義區忠孝東路5段與虎林街口口	25.0407662	121.5769221	0	0	1	2	8	7	5	4	2	1	5	4	5	13	2	1	3	4	5	2	12	1	9	1	7	1	8	1		2	3	2	
113	3	18	15	15	臺北市	松山區	松山區南京東路4段與北寧路口	25.051729	121.5529914	0	0	1	3	8	5	5	4	2	1	5	4	5	13	1	1	1	3	5	2	17	1	9	1	5	2	10	1		1	2	17	
113	3	18	16	17	臺北市	信義區	信義區忠孝東路4段400號	25.0412332	121.5581587	0	0	1	2	8	7	8	14	9	1	5	4	5	13	4	4	5	5	5	2	17	4	9	1	3	1	8	1		1	3	4	
113	3	18	16	30	臺北市	文山區	文山區秀明路1段7號	24.98918531	121.5635279	0	0	1	2	8	5	5	14	9	1	5	4	5	13	4	4	9	4	5	1	17	1	9	1	6	2	10	1		1	2	11	
113	3	18	16	51	臺北市	松山區	松山區民生東路4段與民生東路4段131巷口	25.05822942	121.554269	0	0	1	2	8	6	5	4	1	1	5	4	5	13	2	1	2	4	5	2	17	1	5	1	7	1	8	1		2	3	6	
113	3	18	17	0	臺北市	信義區	信義區光復南路271號	25.0409197	121.5576834	0	0	1	2	8	5	8	14	9	1	5	4	5	13	2	1	3	4	5	2	17	1	7	1	7	1	4	1		1	3	8	
113	3	18	17	0	臺北市	北投區	北投區大度路機慢車優先道(中央北路2段257巷口往東約240公尺處)	25.1219816	121.4884867	0	0	2	3	7	7	5	14	12	1	5	4	5	13	4	4	1	4	5	1	12	1	15	1	6	2	10	1		2	2	12	
113	3	18	17	27	臺北市	南港區	南港區忠孝東路7段124巷與昆陽街157巷口	25.0505678	121.5954725	0	0	2	3	7	6	5	5	1	1	5	4	5	13	2	1	5	5	5	2	16	1	6	3	7	1	18	1		2	3	6	
113	3	18	17	45	臺北市	文山區	文山區信義快速道路(國3甲匝道旁)	25.0018879	121.5781197	0	0	1	2	8	6	5	14	9	1	5	4	5	13	4	4	1	4	5	1	13	4	15	6	3	9	10	1		1	2	15	
113	3	18	17	54	臺北市	內湖區	內湖區民權大橋內湖往松山上橋處	25.0664828	121.5775486	0	0	1	2	7	5	5	14	9	1	5	4	5	13	4	4	1	4	5	2	12	1	8	1	5	1	10	1		1	3	12	
113	3	18	17	56	臺北市	大安區	大安區光復南路308巷40號	25.038915	121.5554947	0	0	1	3	8	6	5	14	9	1	5	4	5	10	4	4	10	5	5	1	6	4	9	1	3	9	4	2		1	4	2	
113	3	18	18	5	臺北市	信義區	信義區基隆路1段與松壽路口口	25.0358916	121.5614567	0	0	2	4	7	5	5	4	1	1	5	4	5	13	2	1	1	2	5	2	16	1	6	1	7	2	8	1		1	3	5	
113	3	18	18	7	臺北市	中山區	中山區雙城街7巷10號	25.0638121	121.5253734	0	0	1	2	7	5	5	14	9	1	5	4	5	13	4	4	10	5	5	2	16	4	1	1	3	1	8	1		1	3	8	
113	3	18	18	15	臺北市	信義區	信義區松壽路22號	25.0358116	121.5678522	0	0	1	2	8	5	5	14	9	1	5	4	5	13	4	4	5	4	5	2	13	4	8	1	3	1	4	1		1	3	5	
113	3	18	18	25	臺北市	萬華區	萬華區西園路2段372巷98號	25.02747965	121.4899988	0	0	1	2	8	6	5	14	9	1	5	4	5	13	4	4	10	5	5	2	6	4	9	1	6	1	10	1		2	3	11	
113	3	18	18	38	臺北市	松山區	松山區民權大橋7510451號燈桿	25.0632745	121.5667304	0	0	3	5	8	7	5	14	11	1	5	4	5	13	4	4	1	3	5	2	13	1	9	1	5	1	10	1		1	2	11	
113	3	18	19	19	臺北市	萬華區	萬華區洛陽街與西寧南路口	25.0474588	121.5072465	0	0	2	2	8	5	5	4	2	1	5	4	5	13	1	1	5	4	5	2	17	1	11	1	6	1	10	1		2	2	13	
113	3	18	19	25	臺北市	大同區	大同區忠孝西路2段與西寧北路口	25.0490709	121.5076925	0	0	1	3	8	5	5	14	9	1	5	4	5	13	2	1	4	4	5	2	16	4	7	1	3	2	10	1		1	3	14	
113	3	18	19	38	臺北市	大安區	大安區瑞安街與瑞安街149巷口	25.0265659	121.5395059	0	0	1	2	8	5	5	3	1	1	5	4	5	13	4	4	10	5	5	2	9	1	5	1	7	2	8	1		2	3	4	
113	3	18	19	39	臺北市	萬華區	萬華區西寧南路67號	25.0461709	121.5069053	0	0	1	2	7	5	5	14	9	1	5	4	5	13	4	4	8	3	5	2	16	4	9	1	5	1	10	1		2	2	12	
113	3	18	20	4	臺北市	士林區	士林區至誠路2段與至誠路2段21巷口	25.1021933	121.5297606	0	0	1	2	8	5	5	3	1	1	5	4	5	13	4	4	9	4	5	1	16	4	5	1	3	1	10	1		2	2	11	
113	3	18	20	46	臺北市	北投區	北投區三合街1段79巷與三合街1段82巷口	25.1268762	121.5050104	0	0	1	2	8	5	5	4	2	1	5	4	5	13	3	1	7	4	5	1	15	1	9	1	7	1	4	1		1	3	5	
113	3	19	0	23	臺北市	大安區	大安區復興南路1段135巷與忠孝東路4段17巷口	25.0426802	121.5444787	0	0	2	3	7	5	5	4	1	1	5	4	5	13	4	4	5	4	5	2	15	1	9	1	7	1	4	1		1	3	8	
113	3	19	0	30	臺北市	北投區	北投區中央北路4段與大度路3段口	25.1238149	121.4646262	0	0	1	2	7	5	5	4	2	1	5	4	5	13	1	1	1	4	5	2	27	1	9	1	5	9	10	1		1	2	13	
113	3	19	4	23	臺北市	中正區	中正區南海路與泉州街口	25.0316688	121.5135265	0	0	3	3	6	5	5	3	1	1	4	4	5	13	3	1	10	4	4	2	15	1	9	8	4	2	20	1		1	2	12	
113	3	19	7	30	臺北市	士林區	士林區中山北路6段77號騎樓	25.10463733	121.5245474	0	0	1	2	7	6	5	22	25	4	5	4	5	13	4	4	10	5	5	2	17	1	9	8	4	1	20	1		1	3	11	
113	3	19	7	30	臺北市	士林區	士林區承德路4段與後港街口	25.0824835	121.5231672	0	0	1	4	6	6	5	5	2	1	4	4	5	13	1	1	1	4	5	1	12	1	8	1	7	1	8	1		2	3	2	
113	3	19	7	44	臺北市	中正區	中正區林森南路地下道上坡處	25.0336983	121.5190116	0	0	1	2	6	7	5	7	9	1	4	4	5	13	4	4	1	4	5	2	13	1	12	1	5	1	10	1		1	2	14	
113	3	19	7	45	臺北市	士林區	士林區中山北路5段811巷與福國路15巷口	25.10106375	121.5246969	0	0	2	2	6	6	5	4	2	1	4	4	5	13	4	4	5	5	5	1	15	1	9	1	5	1	10	1		2	2	11	
113	3	19	8	5	臺北市	大安區	大安區新生南路1段157巷與新生南路1段口	25.0349732	121.5328708	0	0	1	2	6	6	5	14	9	1	4	4	5	13	4	4	1	4	5	2	17	4	9	1	6	1	11	1		2	2	13	
113	3	19	8	12	臺北市	中山區	中山區五常街53巷與龍江路394巷口	25.06722024	121.539653	0	0	2	3	6	6	5	4	1	1	4	4	5	10	4	4	9	5	5	2	15	4	9	1	6	1	10	1		2	2	14	
113	3	19	8	15	臺北市	中山區	中山區北安路845號對面	25.0845476	121.5580475	0	0	1	2	6	6	5	14	7	1	4	4	5	13	4	4	1	4	5	2	17	4	9	1	3	1	10	1		2	2	14	
113	3	19	8	15	臺北市	大同區	大同區承德路3段與承德路3段208巷口	25.05835151	121.5230103	0	0	2	3	6	6	5	4	1	1	4	4	5	13	2	1	8	3	5	1	3	4	9	1	6	2	10	1		1	3	11	
113	3	19	8	30	臺北市	士林區	士林區天母東路43巷與天母東路口	25.1181009	121.5323753	0	0	1	2	6	6	5	4	1	1	4	4	5	13	1	1	3	4	5	2	17	1	5	1	5	1	10	1		1	2	12	
113	3	19	8	34	臺北市	文山區	文山區木新路2段79巷12弄16號前	24.98426837	121.5710608	0	0	1	2	6	6	5	14	9	1	4	4	5	13	4	4	9	4	5	2	13	1	9	6	5	7	10	1		1	2	11	
113	3	19	8	36	臺北市	士林區	士林區中正路631號	25.086371	121.508487	0	0	1	2	6	6	5	14	9	1	4	4	5	13	3	1	10	4	5	2	12	1	8	1	7	1	4	1		1	3	5	
113	3	19	8	37	臺北市	萬華區	萬華區萬板大橋往台北機車道下橋處	25.0300819	121.4893197	0	0	2	2	6	7	5	8	11	1	4	4	5	13	4	4	9	3	1	2	2	1	9	1	6	1	10	1		2	2	11	
113	3	19	9	0	臺北市	內湖區	內湖區民權東路6段與成功路2段320巷31弄口口	25.0689911	121.5891304	0	0	1	2	6	6	5	3	18	1	4	4	5	13	2	1	1	4	5	2	3	1	9	1	7	2	4	1		1	3	1	
113	3	19	9	20	臺北市	信義區	信義區吳興街7巷與吳興街口	25.0317113	121.5594102	0	0	1	2	6	7	5	4	1	1	4	4	5	13	4	4	10	5	5	2	15	1	9	1	7	1	8	1		1	3	4	
113	3	19	9	25	臺北市	士林區	士林區德行東路140號	25.1080865	121.529523	0	0	2	4	6	6	5	14	9	1	4	4	5	13	4	4	9	5	5	1	17	1	9	1	5	1	10	1		2	2	11	
113	3	19	9	45	臺北市	萬華區	萬華區西園路2段255號	25.02540062	121.4920611	0	0	2	3	7	6	5	14	9	2	4	4	5	13	4	4	1	3	5	1	13	4	9	1	3	1	10	1		1	2	11	
113	3	19	10	6	臺北市	萬華區	萬華區西寧南路50巷與昆明街口	25.04447027	121.5052424	0	0	1	2	6	6	5	4	1	1	4	4	5	13	4	4	8	3	5	1	17	1	15	1	5	1	10	1		1	2	13	
113	3	19	11	9	臺北市	大安區	大安區信義路3段與金山南路2段口	25.0337753	121.5272808	0	0	1	3	6	5	5	4	2	1	4	4	5	13	1	1	1	4	5	2	16	4	7	1	3	1	8	1		1	3	7	
113	3	19	11	11	臺北市	松山區	松山區民權東路3段164號	25.0619236	121.5482092	0	0	1	2	6	7	5	14	9	1	4	4	5	13	4	4	1	4	5	2	12	1	9	1	7	2	8	1		2	3	5	
113	3	19	11	25	臺北市	中山區	中山區林森北路與中山北路1段53巷口口	25.0486886	121.5243961	0	0	1	2	7	6	5	4	1	1	5	4	5	13	4	4	5	4	5	2	17	4	9	1	3	1	10	1		1	3	12	
113	3	19	11	31	臺北市	士林區	士林區中山北路6段269-1號	25.109794	121.5253519	0	0	1	3	7	6	5	14	9	1	5	4	5	13	4	4	1	4	5	1	16	4	8	1	7	1	8	1		1	3	17	
113	3	19	12	2	臺北市	中山區	中山區濱江街297號	25.07242714	121.5456882	0	0	1	2	7	6	5	14	8	1	5	4	5	13	4	4	10	5	3	2	17	1	6	1	7	1	8	1		1	3	2	12
113	3	19	12	13	臺北市	信義區	信義區松廉路76號	25.0339503	121.5673079	0	0	1	2	7	6	5	14	9	1	4	4	5	13	4	4	5	5	5	2	13	1	9	1	7	1	8	1		1	3	1	
113	3	19	12	44	臺北市	中正區	中正區汀州路2段與金門街口	25.0222116	121.5239791	0	0	1	2	7	6	5	4	1	1	5	4	5	13	1	1	5	4	5	2	16	1	11	1	7	2	8	1		2	3	5	
113	3	19	12	47	臺北市	大同區	大同區延平北路3段與民權西路口	25.0629936	121.5113026	0	0	2	2	7	6	5	4	1	1	5	4	5	13	2	1	1	5	5	2	17	1	15	1	6	1	10	1		1	2	12	
113	3	19	13	5	臺北市	萬華區	萬華區康定路與桂林路口	25.0383604	121.5018099	0	0	1	2	8	6	5	4	1	1	5	4	5	13	1	1	8	3	5	1	17	1	5	1	7	1	7	1		1	3	8	
113	3	19	13	21	臺北市	北投區	北投區中央北路1段224號	25.1361612	121.4969336	0	0	1	2	7	7	5	14	9	1	5	4	5	13	4	4	4	2	5	2	16	1	11	1	7	1	8	1		1	3	7	
113	3	19	13	25	臺北市	萬華區	萬華區環河南路2段與桂林路口	25.0385071	121.4971908	0	0	2	2	8	7	5	4	1	1	5	4	5	13	1	1	9	4	4	2	11	1	15	1	5	1	10	1		1	2	14	
113	3	19	13	51	臺北市	文山區	文山區木柵路1段與辛亥路7段口口	24.9878264	121.552401	0	0	2	2	7	5	5	4	1	1	5	4	5	13	2	1	10	5	5	2	16	1	5	1	5	2	10	1		1	2	12	
113	3	19	14	0	臺北市	內湖區	內湖區內湖路2段413號	25.08472967	121.593695	0	0	1	2	7	5	5	14	9	1	4	4	5	13	2	1	5	5	5	1	17	1	1	1	7	1	8	1		1	3	5	
113	3	19	14	10	臺北市	北投區	北投區文林北路與文林北路70巷口	25.104987	121.5183274	0	0	1	2	7	6	5	3	2	1	5	4	5	13	4	4	1	4	1	1	17	1	13	1	7	1	8	1		1	3	4	
113	3	19	14	55	臺北市	大同區	大同區環河堤外便道(市民-桂林)	25.05067366	121.5063995	0	0	1	5	7	6	7	14	9	1	5	4	5	13	4	4	5	5	5	2	17	1	15	1	5	11	10	1		2	3	17	