年	月	日	時	分	縣市	行政區	allLocation	GoogleLat	GoogleLng	死	2-30	受傷	當事人數	天候	道路照明設備	道路類別	道路型態	事故位置	路面狀況1	路面狀況2	路面狀況3	道路障礙1	道路障礙2	號誌1	號誌2	車道劃分-分向	車道劃分-分道1	車道劃分-分道2	車道劃分-分道3	事故類型及型態	行動電話	當事者行動狀態	駕駛資格情形	保護裝置	飲酒情形	駕駛執照種類	個人肇逃否	肇因碼-主要	性別	受傷程度	車輛撞擊部位1	車輛撞擊部位2
113	3	19	15	5	臺北市	大同區	大同區重慶北路3段186號	25.0693287	121.5136486	0	0	1	2	8	6	5	14	9	1	5	4	5	13	4	4	9	4	5	2	17	1	9	1	5	1	10	1		1	2	11	
113	3	19	16	8	臺北市	中正區	中正區市民大道1段與承德路1段口	25.04857923	121.5166689	0	0	1	2	7	7	5	4	1	1	5	4	5	13	1	1	1	4	1	2	16	1	6	1	7	2	2	1		1	3	5	
113	3	19	16	25	臺北市	士林區	士林區德行東路與德行東路90巷口	25.107474	121.5277801	0	0	1	3	8	6	5	4	2	1	5	4	3	13	4	4	5	5	5	2	17	4	9	1	3	1	9	1		1	3	14	
113	3	19	16	43	臺北市	信義區	信義區基隆路2段與嘉興街175巷口	25.0279469	121.5566384	0	0	1	2	8	6	5	4	1	1	5	4	5	13	4	4	1	4	5	2	16	1	6	1	7	1	8	1		1	3	2	
113	3	19	16	47	臺北市	中山區	中山區明水路與北安路458巷口	25.07738926	121.5444032	0	0	3	3	8	6	5	3	3	1	5	4	5	13	1	1	5	4	5	2	12	1	8	1	5	1	10	1		2	2	12	14
113	3	19	16	47	臺北市	大同區	大同區延平北路4段與敦煌路口	25.0765962	121.5120883	0	0	1	3	8	6	5	4	1	1	5	4	5	13	2	1	9	4	5	2	16	1	11	1	5	1	10	1		1	3	12	
113	3	19	16	50	臺北市	信義區	信義區基隆路汽機車混合地下道往南	25.039783	121.5635238	0	0	1	2	8	7	5	7	9	1	5	4	5	13	4	4	1	5	5	2	17	1	2	1	7	2	8	1		1	3	3	
113	3	19	17	12	臺北市	大安區	大安區忠孝東路4段216巷與忠孝東路4段口	25.0413275	121.5528566	0	0	2	3	7	6	5	4	1	1	5	4	5	13	2	1	10	5	5	2	17	4	9	1	6	1	10	1		1	2	11	
113	3	19	17	22	臺北市	中山區	中山區市民大道3段1-1號	25.0447438	121.5429064	0	0	2	2	8	6	5	14	9	1	5	4	5	13	2	1	10	3	5	1	12	1	9	1	5	1	10	1		1	2	11	
113	3	19	17	31	臺北市	萬華區	萬華區中華路2段606巷與中華路2段596巷口	25.023521	121.5097833	0	0	1	2	8	7	5	3	1	1	5	4	5	13	4	4	9	5	5	2	18	1	9	1	5	1	10	1		1	2	12	
113	3	19	17	36	臺北市	北投區	北投區承德路7段與承德路7段344巷口	25.1172975	121.503695	0	0	1	3	7	7	5	3	1	1	5	4	5	13	1	1	1	4	4	2	13	1	9	1	6	1	8	1		1	3	11	
113	3	19	17	40	臺北市	中正區	中正區中華路1段與中華路1段9巷口	25.04708346	121.5098647	0	0	2	4	8	5	5	4	2	1	5	4	5	13	1	1	1	3	1	2	12	1	9	1	7	2	2	1		1	3	5	
113	3	19	17	55	臺北市	南港區	南港區東新街170巷47號對面	25.0423045	121.5929902	0	0	1	2	7	6	5	14	9	1	5	4	5	13	4	4	9	5	5	2	12	1	6	1	7	1	8	1		1	3	5	
113	3	19	18	13	臺北市	文山區	文山區興隆路3段與興隆路3段207巷口	24.9954218	121.5597478	0	0	1	2	8	5	5	3	1	1	5	4	5	13	2	1	1	4	5	2	17	1	1	1	7	1	8	1		1	3	17	
113	3	19	18	15	臺北市	信義區	信義區松仁路2號	25.0404786	121.5684363	0	0	1	2	8	5	5	14	9	1	5	4	5	13	4	4	1	4	1	2	10	1	1	1	5	9	10	1		1	3	14	
113	3	19	18	35	臺北市	中正區	中正區臨沂街與臨沂街25巷口	25.0415927	121.5303895	0	0	1	2	8	5	5	4	1	1	5	4	5	13	4	4	10	5	5	2	15	1	9	1	2	1	8	1		1	3	1	
113	3	19	18	40	臺北市	松山區	松山區復興北路與復興北路141巷口	25.0531865	121.5442053	0	0	2	3	7	5	5	5	1	1	5	4	5	13	2	1	1	4	5	2	12	4	8	1	5	2	10	1		2	2	12	
113	3	19	18	44	臺北市	中山區	中山區長安東路1段與長安東路1段52巷口	25.0484242	121.527832	0	0	3	3	8	5	5	4	1	1	5	4	5	13	1	1	4	3	5	1	16	1	5	1	6	1	10	1		1	2	14	
113	3	19	18	49	臺北市	大同區	大同區南京西路與承德路2段口	25.0532248	121.5180105	0	0	1	2	8	5	5	5	2	1	5	4	5	13	1	1	1	5	5	2	12	1	10	3	6	2	18	1		1	2	12	
113	3	19	18	51	臺北市	大安區	大安區仁愛路4段298號	25.0375432	121.5538409	0	0	1	4	8	5	5	14	9	1	5	4	5	13	4	4	1	4	5	2	17	1	12	1	6	1	9	1		1	2	11	
113	3	19	19	14	臺北市	大安區	大安區信義路4段53巷與復興南路1段295巷口	25.035141	121.5451226	0	0	1	2	8	5	5	4	1	1	5	4	5	13	4	4	10	5	5	2	15	1	9	1	6	1	10	1		1	2	14	
113	3	19	19	33	臺北市	萬華區	萬華區西藏路與西園路2段口	25.0287498	121.4953935	0	0	1	2	7	5	5	4	2	1	5	4	5	13	2	1	1	4	5	2	12	1	9	1	6	1	10	1		2	2	12	
113	3	19	19	45	臺北市	士林區	士林區仰德大道4段75號	25.13091033	121.5469786	0	0	1	2	7	5	5	14	9	1	5	4	5	13	4	4	9	4	5	1	17	1	8	1	7	2	8	1		1	3	2	
113	3	19	20	33	臺北市	中正區	中正區汀州路1段與汀州路1段218巷口	25.0277052	121.5098278	0	0	1	3	8	5	5	3	1	1	5	4	5	13	4	4	5	5	5	2	17	1	9	1	6	1	9	1		2	2	11	
113	3	19	20	55	臺北市	大同區	大同區承德路2段與民生西路口	25.0569955	121.5182523	0	0	1	2	8	5	5	5	2	1	5	4	5	13	4	4	1	5	5	2	17	4	9	1	6	9	10	2		1	4	12	
113	3	19	21	0	臺北市	北投區	北投區大業路與大同街口	25.1369504	121.499131	0	0	1	2	7	5	5	4	1	1	5	4	5	13	1	1	10	5	5	2	16	1	5	1	5	2	9	1		1	2	12	
113	3	19	22	58	臺北市	中山區	中山區長安東路1段與新生北路1段口	25.0481119	121.5291279	0	0	1	2	7	5	5	4	2	1	5	4	5	13	4	4	5	4	5	2	17	1	11	1	7	11	4	1		1	3	17	
113	3	20	4	40	臺北市	大安區	大安區臨江街與通化街39巷50弄口	25.0299627	121.5552419	0	0	2	2	8	5	5	4	1	4	5	4	5	13	4	4	10	5	5	1	17	1	5	1	6	1	10	1		1	2	11	
113	3	20	6	41	臺北市	中山區	中山區中山北路2段與民權西路口	25.06269116	121.5225163	0	0	2	2	8	6	5	4	1	1	5	4	5	13	1	1	1	5	1	2	16	1	6	1	6	1	10	1		1	2	12	
113	3	20	7	0	臺北市	信義區	信義區吳興街118巷26弄與基隆路2段79巷33弄口	25.0299462	121.5600729	0	0	1	2	8	5	5	3	1	1	5	4	5	13	4	4	10	5	5	2	17	1	5	1	7	1	8	1		1	3	4	
113	3	20	7	15	臺北市	北投區	北投區無名巷基隆河（河雙河濱自行車道#078燈桿）	25.10996066	121.5123747	0	0	2	2	7	6	8	22	23	1	5	4	5	13	4	4	9	4	5	1	17	4	5	8	2	9	20	1		1	2	15	
113	3	20	7	28	臺北市	萬華區	萬華區華江橋機車道往北市	25.03457913	121.4899554	0	0	4	4	8	5	5	8	11	1	5	4	5	13	4	4	3	4	5	2	17	4	9	1	6	1	10	1		2	2	11	
113	3	20	8	0	臺北市	南港區	南港區東新街與忠孝東路6段口口旁	25.04828509	121.5848824	0	0	5	5	8	6	5	3	2	1	5	4	5	13	4	4	1	4	5	2	17	1	9	1	6	1	10	1		2	2	14	
113	3	20	8	7	臺北市	文山區	文山區保儀路69號前	24.9869989	121.5684735	0	0	1	2	8	5	5	14	9	1	5	4	5	13	4	4	5	5	5	2	12	1	11	3	5	2	18	1		1	3	14	
113	3	20	8	26	臺北市	士林區	士林區忠誠路2段53巷大葉高島屋P出入口前	25.1111795	121.5314756	0	0	2	3	8	6	5	14	9	1	5	4	5	13	4	4	10	5	5	1	16	1	8	1	6	1	10	1		2	3	17	
113	3	20	8	28	臺北市	中山區	中山區松江路607號	25.0712465	121.5336553	0	0	2	2	8	6	5	14	9	1	5	4	5	13	4	4	8	5	5	1	9	5	2	8	4	10	20	1		1	2	16	
113	3	20	8	40	臺北市	文山區	文山區景豐街37巷7弄與景豐街31巷口	25.0000121	121.5454823	0	0	1	2	8	6	5	4	1	1	5	4	5	13	4	4	10	5	5	2	15	1	9	1	6	2	10	1		2	2	12	
113	3	20	8	43	臺北市	內湖區	內湖區潭美街東向西	25.0622784	121.6068074	0	0	2	3	8	7	5	14	9	1	5	4	5	13	4	4	5	5	5	2	17	1	9	1	5	2	10	1		2	2	11	
113	3	20	8	44	臺北市	內湖區	內湖區行善路158號	25.0579765	121.5782947	0	0	1	2	8	7	5	14	9	1	5	4	5	13	4	4	5	4	5	2	17	1	5	1	7	1	8	1		1	3	2	
113	3	20	8	44	臺北市	南港區	南港區福德街344號	25.0395394	121.5884715	0	0	1	2	8	6	5	14	9	1	5	4	5	13	4	4	5	5	5	2	16	1	5	1	6	1	10	1		1	3	13	
113	3	20	8	51	臺北市	中山區	中山區民權東路2段與民權東路2段135巷口	25.0625375	121.5350142	0	0	1	2	8	6	5	14	9	1	5	4	5	13	2	1	10	3	5	1	12	1	9	1	5	1	10	1		1	2	11	
113	3	20	9	23	臺北市	文山區	文山區景中街與景文街口	24.9927612	121.5412823	0	0	1	2	8	6	5	4	2	1	5	4	5	13	2	1	5	5	5	2	12	1	9	1	7	11	8	2		1	3	5	
113	3	20	9	29	臺北市	士林區	士林區克強路19號	25.10893389	121.5238818	0	0	1	4	8	6	5	3	2	1	5	4	5	13	4	4	5	5	5	1	12	1	1	1	7	1	14	1		2	3	8	
113	3	20	9	52	臺北市	文山區	文山區久康街24巷8號前	24.98923636	121.5658806	0	0	2	2	8	6	5	14	9	1	5	4	5	13	4	4	9	5	5	2	12	1	9	1	5	1	10	1		1	2	11	
113	3	20	10	2	臺北市	中正區	中正區羅斯福路3段316巷8弄與羅斯福路3段316巷口	25.0157718	121.5325017	0	0	1	2	8	6	5	4	1	1	5	4	5	13	4	4	10	5	5	1	17	1	6	1	6	11	10	2		1	3	11	
113	3	20	11	10	臺北市	士林區	士林區承德路5段1101940燈桿	25.0953352	121.5145186	0	0	2	3	8	6	5	14	8	1	5	4	5	13	4	4	1	4	4	2	17	4	8	1	7	2	8	1		1	3	2	
113	3	20	11	17	臺北市	士林區	士林區社子街22巷與社子街84巷口	25.0866464	121.5065602	0	0	1	2	7	7	5	4	1	1	5	4	5	13	4	4	10	5	5	1	15	1	9	1	5	1	10	1		1	2	11	
113	3	20	11	20	臺北市	中山區	中山區南京東路3段36號	25.05186516	121.5382584	0	0	1	2	8	7	5	14	8	1	5	4	5	13	4	4	1	4	4	2	13	1	9	1	6	1	10	1		1	2	11	
113	3	20	11	21	臺北市	信義區	信義區松仁路97號	25.0365826	121.5687924	0	0	1	2	8	6	5	14	9	1	5	4	5	13	4	4	9	5	5	2	13	4	9	1	5	1	10	1		2	2	11	
113	3	20	11	21	臺北市	松山區	松山區敦化北路10號	25.05050745	121.5487121	0	0	1	2	8	5	5	14	7	1	5	4	5	13	4	4	3	4	4	2	17	4	8	1	3	1	8	1		2	3	6	
113	3	20	11	30	臺北市	中正區	中正區青島東路與杭州南路1段口	25.0425871	121.5264448	0	0	1	2	8	6	5	3	2	1	5	4	5	13	1	1	5	4	5	2	12	1	9	1	7	9	4	1		1	3	8	
113	3	20	11	35	臺北市	萬華區	萬華區青年路152巷45號對面(崇仁花園社區停車場出口)	25.0200548	121.5010807	0	0	1	2	8	7	8	22	22	1	5	4	5	13	4	4	9	5	5	2	9	1	1	1	7	2	8	1		2	3	1	
113	3	20	11	41	臺北市	內湖區	內湖區江南街89巷與江南街117巷8弄口	25.0764892	121.5773206	0	0	1	2	8	6	5	4	1	1	5	4	4	8	4	4	10	5	5	1	17	1	9	1	7	1	8	1		1	3	5	
113	3	20	11	48	臺北市	中山區	中山區民生東路1段與新生北路2段口	25.0580281	121.5274561	0	0	2	2	8	6	5	4	1	1	5	4	5	13	1	1	1	4	5	2	17	4	5	1	3	1	10	1		1	2	14	
113	3	20	12	10	臺北市	信義區	信義區中坡南路90號	25.0411385	121.5851128	0	0	4	12	8	6	5	14	9	1	5	4	5	13	4	4	9	4	5	1	9	4	15	1	3	2	2	1		1	3	5	
113	3	20	13	23	臺北市	內湖區	內湖區民權東路6段20號與行愛路口	25.06629651	121.5786505	0	0	1	2	8	7	5	4	2	1	5	4	5	13	4	4	5	4	5	2	16	1	5	1	7	1	8	1		1	3	2	
113	3	20	13	40	臺北市	萬華區	萬華區康定路與大理街口	25.0347843	121.5010902	0	0	1	2	8	6	5	4	2	1	5	4	5	13	4	4	5	4	5	2	9	1	14	1	7	9	1	1		1	3	2	
113	3	20	13	40	臺北市	萬華區	萬華區萬大路90巷與萬大路口	25.0302943	121.5005174	0	0	2	2	8	6	5	4	1	1	5	4	5	13	1	1	8	3	5	1	15	1	12	1	5	1	10	1		1	2	11	
113	3	20	14	11	臺北市	信義區	信義區忠孝東路5段與忠孝東路5段621巷口	25.041616	121.5792179	0	0	1	2	8	6	5	4	1	1	5	4	5	13	1	1	1	4	5	2	17	4	5	1	3	2	8	1		2	3	5	
113	3	20	14	18	臺北市	萬華區	萬華區桂林路與西昌街口	25.038465	121.5006669	0	0	3	3	7	7	5	4	2	1	1	4	5	13	1	1	9	4	5	2	16	1	1	1	5	1	10	1		1	2	14	
113	3	20	14	30	臺北市	大安區	大安區金山南路2段與金華街口口	25.0301989	121.52663	0	0	1	2	8	7	6	4	1	1	5	4	5	13	2	1	1	4	1	1	17	1	5	1	7	1	8	1		1	3	2	
113	3	20	14	37	臺北市	中山區	中山區八德路2段與市民大道3段口	25.0451068	121.5350964	0	0	1	2	8	7	5	4	1	1	5	4	5	13	1	1	1	4	4	2	16	1	6	1	7	1	8	1		1	3	5	
113	3	20	14	55	臺北市	士林區	士林區中正路439號	25.0929818	121.5198362	0	0	1	2	8	7	5	14	8	1	5	4	5	13	4	4	1	4	4	1	12	1	9	1	7	2	8	1		2	3	2	
113	3	20	15	4	臺北市	萬華區	萬華區光復橋往新北市上橋處	25.02429267	121.4903251	0	0	1	2	8	5	5	8	9	1	5	4	5	13	4	4	1	4	5	2	17	4	9	1	5	1	10	1		1	2	14	
113	3	20	15	40	臺北市	萬華區	萬華區昆明街218號	25.0401995	121.5042711	0	0	1	2	8	6	5	14	9	1	5	4	5	13	4	4	10	4	5	2	16	1	5	1	6	1	10	1		2	3	14	
113	3	20	15	59	臺北市	信義區	信義區忠孝東路4段515號	25.0414466	121.558135	0	0	1	2	8	5	8	22	22	1	5	4	5	13	1	1	1	4	5	2	13	1	9	1	7	1	8	1		1	3	5	
113	3	20	16	30	臺北市	文山區	文山區辛亥路4段與辛亥路4段166巷口	25.0037293	121.5564548	0	0	1	2	8	6	5	14	9	1	5	4	5	13	4	4	1	4	5	2	13	1	9	1	6	3	10	1		2	2	11	
113	3	20	16	42	臺北市	士林區	士林區社中街254號與社中街250巷口	25.09156673	121.5073923	0	0	1	2	8	5	5	4	2	1	5	4	5	13	4	4	9	5	5	1	9	1	9	1	7	11	2	1		1	3	17	
113	3	20	16	48	臺北市	大同區	大同區台北橋機慢車道往北市(282597號燈桿)	25.0633718	121.5079574	0	0	1	2	7	6	7	14	11	1	5	4	5	13	4	4	1	5	5	1	17	4	15	1	6	1	10	1		1	2	13	
113	3	20	16	49	臺北市	信義區	信義區市民大道5段與東興路口	25.0482224	121.5658691	0	0	1	2	8	6	5	4	1	1	5	4	5	13	2	1	1	4	5	2	15	1	15	1	7	1	8	1		1	3	2	
113	3	20	17	30	臺北市	中山區	中山區南京東路1段120號對面	25.0522223	121.526703	0	0	1	2	8	5	5	14	8	1	5	4	5	13	4	4	1	5	5	1	13	4	9	1	3	1	11	1		1	2	11	
113	3	20	17	40	臺北市	中正區	中正區中山南路與貴陽街1段口	25.0381438	121.5169937	0	0	1	2	8	7	5	3	2	1	5	4	5	13	1	1	9	5	5	1	12	1	15	1	7	2	8	1		1	3	5	
113	3	20	17	50	臺北市	中山區	中山區市民高架道往西	25.04475247	121.5376711	0	0	1	3	8	7	5	10	9	1	5	4	5	13	4	4	9	4	5	2	17	1	9	1	7	1	8	1		1	3	1	
113	3	20	18	15	臺北市	中正區	中正區重慶南路2段與南海路口	25.0321017	121.5142185	0	0	1	4	8	5	5	4	1	1	5	4	5	13	1	1	1	4	5	2	17	1	12	1	5	1	10	1		1	3	13	
113	3	20	18	28	臺北市	中山區	中山區民族東路與新生北路3段口	25.0683715	121.5277022	0	0	1	2	7	5	5	14	9	1	5	4	5	13	2	1	5	4	5	2	13	1	9	1	5	2	10	1		1	2	11	
113	3	20	18	35	臺北市	內湖區	內湖區民權東路6段491號	25.0729823	121.6053859	0	0	1	2	8	5	5	14	9	1	5	4	5	13	4	4	3	4	4	1	17	1	7	1	7	1	8	1		2	3	8	
113	3	20	19	5	臺北市	中正區	中正區重慶南路1段與襄陽路口	25.0434309	121.5134435	0	0	1	2	7	5	5	3	2	1	5	4	5	13	1	1	5	5	5	2	17	4	6	1	6	2	10	1		1	3	15	
113	3	20	19	12	臺北市	松山區	松山區市民大道4段與復興南路1段口	25.0449448	121.5440057	0	0	1	2	7	5	5	4	1	1	5	4	5	13	1	1	1	4	5	2	13	4	8	7	3	11	19	2		1	4	15	
113	3	20	19	22	臺北市	士林區	士林區通河街2巷與承德路4段9巷口	25.0787973	121.5230867	0	0	1	2	8	5	6	3	1	1	5	4	5	13	4	4	10	5	5	2	17	4	15	7	3	9	19	2		4	4	15	
113	3	20	19	24	臺北市	中山區	中山區樂群二路309號	25.08037847	121.5623375	0	0	1	2	8	5	5	14	9	1	5	4	5	13	4	4	1	4	5	2	12	1	8	1	7	1	8	1		1	3	2	
113	3	20	19	24	臺北市	文山區	文山區木柵路2段138巷與興隆路4段109巷口口	24.9867511	121.5627818	0	0	1	2	8	5	5	4	18	1	5	4	5	13	2	1	10	5	5	2	3	1	5	1	7	1	8	1		1	3	1	
113	3	20	19	43	臺北市	文山區	文山區羅斯福路6段201號	24.9962233	121.5411665	0	0	3	4	8	5	6	14	9	1	5	4	5	13	4	4	1	4	5	2	13	1	7	1	6	1	10	1		1	2	11	
113	3	20	20	20	臺北市	大安區	大安區樂業街與嘉興街口	25.0215336	121.5512456	0	0	1	2	8	5	5	4	2	1	5	4	5	13	4	4	5	4	5	2	13	4	9	1	3	1	10	1		1	3	11	
113	3	20	20	25	臺北市	文山區	文山區景隆街36巷與景興路10巷口	24.9980586	121.5439325	0	0	2	3	8	5	5	5	1	1	5	4	5	13	4	4	10	5	5	2	15	1	9	1	5	1	10	1		1	2	12	
113	3	20	21	0	臺北市	大安區	大安區仁愛路4段135號	25.0380157	121.5506001	0	0	2	2	8	5	5	14	9	1	5	4	5	13	4	4	1	4	5	2	13	1	9	1	5	1	10	1		1	2	11	
113	3	20	21	16	臺北市	松山區	松山區八德路3段158巷20弄與八德路3段106巷口	25.0472176	121.5539524	0	0	1	2	7	5	5	4	1	1	5	4	5	13	4	4	9	5	5	2	15	4	9	1	6	2	10	1		2	3	11	
113	3	20	21	25	臺北市	士林區	士林區通河西街1段堤外考照練習場	25.08306823	121.5133334	0	0	1	2	8	5	5	14	9	1	5	4	5	13	4	4	9	4	5	1	16	4	5	1	3	2	10	1		1	3	13	
113	3	20	21	30	臺北市	內湖區	內湖區江南街與江南街96巷口	25.0769518	121.5771688	0	0	2	2	8	5	5	3	1	1	5	4	5	13	4	4	8	3	5	1	3	4	9	1	3	1	10	1		1	2	14	
113	3	20	21	35	臺北市	文山區	文山區木柵路5段(燈桿0706937)	24.99796475	121.5932141	0	0	1	2	8	5	5	11	9	1	5	4	5	13	4	4	2	2	5	2	18	1	6	1	5	1	10	1		1	2	12	
113	3	20	21	50	臺北市	士林區	士林區延平北路7段106巷與無名巷口	25.1032425	121.4960803	0	0	2	2	8	5	5	3	1	1	5	4	5	13	4	4	10	5	5	1	16	4	5	1	3	1	10	1		1	2	12	
113	3	20	22	3	臺北市	大安區	大安區新生南路2段與信義路3段口	25.0334694	121.5328778	0	0	1	2	8	5	5	4	1	1	5	4	5	13	2	1	1	4	5	2	17	1	6	1	6	1	10	1		2	2	15	
113	3	20	22	16	臺北市	士林區	士林區中山北路5段與福林路口	25.0937054	121.5281155	0	0	1	2	8	5	5	5	1	1	5	4	5	13	1	1	5	4	5	2	16	4	6	7	3	11	19	2		1	4	17	
113	3	20	23	23	臺北市	松山區	松山區健康路與光復北路口	25.0535483	121.5567013	0	0	1	2	8	5	5	4	19	1	5	4	5	13	2	1	9	4	5	2	3	4	9	1	7	1	4	1		1	3	5	
113	3	21	2	36	臺北市	中山區	中山區龍江路與錦州街口	25.0601712	121.540724	0	0	1	2	8	5	5	4	2	1	5	4	5	13	2	1	5	5	5	2	3	1	5	1	7	2	8	1		1	3	5	
113	3	21	6	16	臺北市	信義區	信義區光復南路與市民大道5段口	25.0450146	121.5577868	0	0	1	2	8	5	5	4	1	1	5	4	5	13	2	1	2	4	5	2	13	1	12	1	5	1	10	1		1	3	13	
113	3	21	6	51	臺北市	大安區	大安區樂利路與樂利路86巷口	25.02545781	121.5521272	0	0	1	2	8	6	5	3	1	1	5	4	5	13	4	4	1	5	5	2	16	1	5	1	7	1	8	1		1	3	8	
113	3	21	7	50	臺北市	士林區	士林區承德路5段與士商路口	25.0960237	121.5142116	0	0	2	2	8	6	5	14	8	1	5	4	5	13	1	1	1	4	5	2	17	1	15	1	5	1	10	1		2	2	14	
113	3	21	8	3	臺北市	士林區	士林區天母北路與天母西路口	25.04847309	121.5183568	0	0	1	2	8	7	5	4	1	1	5	4	5	13	2	1	4	5	5	1	3	1	6	1	5	1	10	1		1	3	11	
113	3	21	8	25	臺北市	士林區	士林區福國路與福華路口	25.04847309	121.5183568	0	0	1	2	8	6	5	4	2	1	5	4	5	13	2	1	9	4	5	1	13	4	21	7	3	11	19	2		2	4	15	
113	3	21	8	27	臺北市	中正區	中正區襄陽路9號	25.04342346	121.515842	0	0	1	2	8	5	5	14	9	1	5	4	5	13	4	4	10	5	5	2	17	1	9	1	6	1	10	1		1	3	11	11
113	3	21	8	31	臺北市	士林區	士林區延平北路7段106巷333號	25.1061807	121.49581	0	0	2	2	8	6	5	14	9	1	5	4	5	13	4	4	10	5	5	2	11	1	7	1	6	2	10	1		1	2	14	
113	3	21	8	35	臺北市	中正區	中正區和平西路2段130號	25.03208672	121.5068233	0	0	1	2	8	6	5	14	9	1	5	4	5	13	4	4	2	4	5	1	12	1	8	1	5	1	10	1		2	2	12	
113	3	21	8	45	臺北市	中山區	中山區民生東路3段8號	25.05735922	121.5394126	0	0	1	2	8	7	5	14	9	1	5	4	5	13	4	4	1	4	5	2	13	1	9	1	5	1	10	1		1	2	11	
113	3	21	8	53	臺北市	內湖區	內湖區瑞光路258巷與港墘路221巷口	25.0742315	121.5741888	0	0	1	2	8	6	5	3	1	1	5	4	5	13	4	4	5	5	5	2	13	1	9	1	5	1	10	1		2	2	11	
113	3	21	8	55	臺北市	士林區	士林區德行東路132巷與德行東路104巷5弄口	25.1074636	121.5292463	0	0	2	3	8	6	5	4	1	1	5	4	5	13	4	4	10	5	5	1	15	1	9	1	5	1	10	1		2	2	11	
113	3	21	8	55	臺北市	士林區	士林區忠誠路1段173巷與德行東路190巷口	25.1079707	121.5310007	0	0	2	2	8	7	5	4	1	1	5	4	5	13	4	4	10	5	5	1	15	1	9	1	5	1	10	1		2	2	11	
113	3	21	9	5	臺北市	松山區	松山區三民路與三民路110巷口	25.0580029	121.5635788	0	0	1	2	7	7	5	4	1	1	5	4	5	13	2	1	1	4	5	2	17	1	6	1	7	1	8	1		1	3	5	
113	3	21	9	8	臺北市	大安區	大安區市民大道3段與復興南路1段口	25.044497	121.5443086	0	0	3	3	8	6	5	4	1	1	5	4	5	13	1	1	1	4	5	2	16	1	8	1	5	1	10	1		1	2	12	
113	3	21	9	33	臺北市	士林區	士林區仰德大道1段101號對面	25.1042095	121.5382072	0	0	1	2	8	6	5	14	9	1	5	4	5	13	1	1	4	5	5	1	13	1	9	1	5	2	10	1		1	3	11	
113	3	21	9	34	臺北市	士林區	士林區天母東路105巷與天母東路口	25.1181696	121.536261	0	0	1	2	7	6	5	3	2	1	5	4	5	13	1	1	1	4	5	1	13	4	11	1	3	2	10	1		2	2	13	
113	3	21	10	0	臺北市	士林區	士林區中山北路6段與中山北路6段405巷口	25.11295018	121.5265596	0	0	1	2	8	6	5	3	2	1	5	4	5	13	1	1	10	4	5	1	13	1	9	1	6	2	10	1		1	3	11	
113	3	21	10	2	臺北市	松山區	松山區民權東路5段34號	25.06295752	121.5645344	0	0	1	2	8	6	5	22	20	4	5	4	5	8	4	4	3	4	5	2	9	1	9	1	6	9	10	1		2	3	11	
113	3	21	10	39	臺北市	信義區	信義區永吉路與松隆路口	25.0457434	121.5708016	0	0	1	2	7	5	5	5	2	1	5	4	5	13	1	1	1	4	5	1	16	1	6	1	7	9	8	1		1	3	2	
113	3	21	10	40	臺北市	內湖區	內湖區文德路66巷與文德路66巷11弄口	25.07795278	121.5814206	0	0	2	3	8	6	5	4	1	1	5	4	5	13	4	4	10	5	5	2	15	1	9	1	5	1	10	1		1	2	14	
113	3	21	10	46	臺北市	中山區	中山區北安路與明水路口	25.0777183	121.5388466	0	0	1	2	8	6	5	3	2	1	5	4	5	13	2	1	8	3	4	1	16	1	5	1	5	1	10	1		2	2	11	
113	3	21	11	44	臺北市	文山區	文山區木柵路1段與辛亥路6段口	24.98776869	121.5523435	0	0	2	2	8	6	5	4	1	1	5	4	5	13	1	1	1	4	4	2	13	1	9	1	6	1	10	1		2	2	11	
113	3	21	11	54	臺北市	松山區	松山區光復北路11巷33號	25.0497878	121.5596507	0	0	1	2	7	5	8	22	22	1	5	4	5	13	4	4	5	5	5	2	17	1	2	1	7	1	8	1		1	3	7	
113	3	21	12	18	臺北市	中山區	中山區樂群二路與敬業三路162巷口	25.0799091	121.5595619	0	0	1	2	8	6	5	14	9	1	5	4	5	13	2	1	8	3	5	1	16	1	7	1	7	1	8	1		2	3	8	
113	3	21	12	21	臺北市	中正區	中正區愛國西路與博愛路口	25.0354243	121.5108715	0	0	1	2	8	6	5	4	1	1	5	4	5	13	1	1	1	4	1	2	12	1	9	1	7	2	8	1		2	3	4	
113	3	21	12	29	臺北市	大同區	大同區承德路3段與承德路3段122巷口	25.06730076	121.5182889	0	0	1	2	8	6	5	4	1	1	5	4	5	13	2	1	1	4	5	2	12	4	1	1	5	1	10	1		1	2	12	
113	3	21	12	35	臺北市	士林區	士林區福林路	25.095102	121.5301927	0	0	2	3	8	7	5	14	9	1	5	4	5	13	4	4	5	4	5	1	16	1	6	1	7	1	8	1		2	3	2	
113	3	21	12	39	臺北市	大安區	大安區復興南路1段107巷與大安路1段口	25.0436024	121.5461735	0	0	1	2	8	7	5	4	1	1	5	4	5	13	4	4	10	4	5	2	15	1	9	8	4	1	20	1		1	2	11	
113	3	21	12	56	臺北市	文山區	文山區萬壽橋(往西第2根燈桿)	24.9916877	121.5732735	0	0	1	2	8	6	5	14	9	1	5	4	5	13	4	4	1	4	4	2	29	4	10	1	6	1	10	1		1	2	11	