年	月	日	時	分	縣市	行政區	allLocation	GoogleLat	GoogleLng	死	2-30	受傷	當事人數	天候	道路照明設備	道路類別	道路型態	事故位置	路面狀況1	路面狀況2	路面狀況3	道路障礙1	道路障礙2	號誌1	號誌2	車道劃分-分向	車道劃分-分道1	車道劃分-分道2	車道劃分-分道3	事故類型及型態	行動電話	當事者行動狀態	駕駛資格情形	保護裝置	飲酒情形	駕駛執照種類	個人肇逃否	肇因碼-主要	性別	受傷程度	車輛撞擊部位1	車輛撞擊部位2
113	3	21	12	59	臺北市	松山區	松山區松河街168號	25.05133671	121.5763581	0	0	1	2	8	5	5	14	9	1	5	4	5	13	4	4	8	3	5	2	12	1	9	3	5	1	18	1		2	3	12	
113	3	21	13	9	臺北市	文山區	文山區試院路58號	24.98919175	121.5493094	0	0	1	2	8	6	5	14	9	1	5	4	5	13	4	4	9	5	5	2	17	1	9	1	6	2	10	1		2	2	17	
113	3	21	13	20	臺北市	大安區	大安區羅斯福路3段309號	25.0172663	121.5318751	0	0	1	2	8	5	5	14	9	1	5	4	5	13	4	4	1	4	5	2	13	4	9	1	3	1	10	1		1	2	11	
113	3	21	13	23	臺北市	萬華區	萬華區萬大路與萬大路237巷口	25.0262463	121.5005349	0	0	1	2	8	7	5	4	2	2	5	4	5	13	1	1	9	5	5	2	13	1	9	1	5	1	10	1		1	2	11	
113	3	21	13	50	臺北市	文山區	文山區木新路2段與木新路2段69巷口	24.9856061	121.5706438	0	0	1	2	8	7	5	4	1	1	5	4	5	13	4	4	10	5	5	2	17	1	8	1	7	1	8	1		1	3	6	
113	3	21	13	51	臺北市	內湖區	內湖區安康路與安美街口	25.06217881	121.596392	0	0	1	2	8	6	5	4	2	1	5	4	5	8	2	1	5	4	5	2	16	1	1	1	7	1	8	1		1	3	1	
113	3	21	13	53	臺北市	中山區	中山區龍江路356巷70-1號	25.06599433	121.5381234	0	0	1	2	8	6	5	14	9	1	5	4	5	13	4	4	9	5	5	2	16	4	1	1	3	1	4	1		1	3	8	
113	3	21	13	54	臺北市	信義區	信義區吳興街279號	25.0265799	121.5641201	0	0	1	2	8	6	5	14	9	1	5	4	5	13	4	4	5	5	5	2	12	1	9	1	7	1	6	1		1	3	6	
113	3	21	14	27	臺北市	士林區	士林區文林路91號	25.0877719	121.5260492	0	0	2	2	8	7	5	14	9	1	5	4	5	13	4	4	9	4	5	1	12	1	1	1	6	2	10	1		1	2	14	
113	3	21	14	28	臺北市	南港區	南港區東明街與興華路口	25.0559735	121.6057658	0	0	2	2	8	6	5	3	1	1	5	4	5	13	4	4	4	3	5	2	16	4	6	1	3	1	10	1		1	2	14	
113	3	21	14	37	臺北市	大安區	大安區文昌街與無名巷口口	25.0328585	121.5506569	0	0	1	2	8	6	5	4	1	1	5	4	5	13	2	1	10	5	5	2	15	4	9	1	3	1	8	1		2	3	8	
113	3	21	15	0	臺北市	北投區	北投區大業路與大同街口口	25.1369477	121.4991134	0	0	1	2	8	7	5	4	1	1	5	4	5	13	2	1	1	4	5	2	15	1	9	6	5	1	18	1		2	2	12	
113	3	21	15	8	臺北市	內湖區	內湖區民權東路6段55號	25.0691194	121.5872308	0	0	1	2	8	7	5	14	9	1	5	4	5	13	1	1	1	3	1	2	17	1	2	1	7	1	8	1		1	3	3	
113	3	21	15	37	臺北市	中山區	中山區建國北路1段與長安東路2段口	25.0484508	121.5368469	0	0	1	2	8	7	5	4	2	1	5	4	5	13	1	1	1	4	5	2	16	1	1	1	7	1	8	1		1	3	5	
113	3	21	15	40	臺北市	萬華區	萬華區中華路2段與廣州街口	25.0361166	121.506354	0	0	1	2	8	5	5	4	1	1	5	4	5	13	1	1	1	4	4	2	17	4	6	3	7	1	18	1		1	3	5	
113	3	21	16	9	臺北市	內湖區	內湖區麥帥一橋機車道內湖往松山	25.05407794	121.5755195	0	0	1	2	8	6	5	14	11	1	5	4	5	13	4	4	1	4	5	2	17	1	8	1	5	1	10	1		1	3	13	
113	3	21	16	10	臺北市	大安區	大安區安和路1段21巷與忠孝東路4段170巷口	25.0394743	121.5507696	0	0	2	4	8	5	5	4	1	1	5	4	3	10	4	4	10	5	5	1	15	1	9	1	7	1	8	1		1	3	1	
113	3	21	16	26	臺北市	大安區	大安區羅斯福路4段與新生南路3段口	25.0157791	121.5334406	0	0	3	3	8	6	5	3	1	1	5	4	5	13	4	4	1	4	5	2	16	1	7	1	5	1	10	1		2	2	14	
113	3	21	17	1	臺北市	中正區	中正區林森南路與青島東路口口	25.0436203	121.5229546	0	0	1	2	8	5	5	4	1	1	5	4	5	13	2	1	9	4	5	1	16	1	5	1	7	2	8	1		1	3	8	
113	3	21	17	10	臺北市	中正區	中正區和平西路1段與羅斯福路2段口口	25.02698974	121.522556	0	0	1	2	8	6	5	4	1	1	5	4	5	13	1	1	1	4	4	1	17	1	9	1	6	1	10	1		2	2	11	
113	3	21	17	13	臺北市	士林區	士林區大南路與承德路4段口	25.08882096	121.5215848	0	0	1	3	8	5	5	4	1	1	5	4	5	13	1	1	5	5	5	2	17	4	15	1	3	2	8	1		1	3	8	
113	3	21	17	17	臺北市	中山區	中山區松江路77巷與松江路口	25.05008136	121.5330398	0	0	2	2	7	5	5	3	2	1	5	4	5	13	4	4	3	4	5	2	13	4	9	1	3	1	10	1		2	2	11	
113	3	21	18	1	臺北市	內湖區	內湖區康寧路3段265巷12號	25.06645044	121.611718	0	0	2	3	8	6	5	14	9	1	5	4	5	13	4	4	10	5	5	2	14	1	2	1	5	1	10	1		2	3	13	
113	3	21	18	9	臺北市	中山區	中山區北安路458巷與明水路口	25.0772686	121.5452231	0	0	3	3	8	5	5	3	1	1	5	4	5	13	1	1	5	4	5	2	15	4	9	1	5	1	10	1		1	2	11	
113	3	21	18	15	臺北市	萬華區	萬華區堤外便道貴陽疏散門口	25.0415632	121.4991243	0	0	1	2	8	5	7	14	11	1	5	4	5	13	1	1	9	4	5	1	17	1	9	1	5	1	10	1		2	2	12	
113	3	21	18	24	臺北市	大同區	大同區民族西路與民族西路32巷口	25.0684666	121.5195394	0	0	1	2	8	5	5	5	1	1	5	4	5	13	2	1	1	2	5	2	16	1	5	1	7	2	8	1		1	3	6	
113	3	21	18	29	臺北市	松山區	松山區八德路3段158巷與光復南路46巷口	25.0458869	121.555364	0	0	2	2	8	5	5	4	1	1	5	4	5	13	4	4	10	5	5	2	15	1	9	1	6	1	10	1		1	2	14	
113	3	21	18	36	臺北市	中山區	中山區大直橋	25.07877826	121.544529	0	0	2	2	8	5	5	8	11	1	5	4	5	13	4	4	8	4	5	2	13	1	9	1	5	1	10	1		1	2	11	
113	3	21	18	47	臺北市	松山區	松山區塔悠路320號	25.06130612	121.5685821	0	0	2	3	8	5	5	14	9	1	5	4	5	13	4	4	1	4	5	2	13	1	7	1	7	1	8	1		1	3	1	1
113	3	21	18	55	臺北市	大安區	大安區和平東路2段2號對面(往西)	25.0260789	121.5354687	0	0	1	2	8	5	5	14	9	1	5	4	5	13	4	4	1	4	5	2	12	1	9	8	4	2	20	1		1	3	14	
113	3	21	19	2	臺北市	信義區	信義區市民大道6段與虎林街口	25.0491349	121.5759427	0	0	2	2	7	5	5	4	1	1	5	4	5	13	1	1	1	4	5	2	15	4	9	1	6	1	10	1		1	2	11	
113	3	21	19	40	臺北市	內湖區	內湖區成功路2段369號	25.07396421	121.5900288	0	0	1	2	8	5	5	14	9	1	5	4	5	13	4	4	1	4	5	2	12	1	7	1	5	1	10	1		2	2	14	
113	3	21	19	40	臺北市	士林區	士林區德行東路與德行東路129巷口	25.10796169	121.5290984	0	0	1	2	7	5	5	4	1	1	5	4	5	13	4	4	9	4	5	1	17	1	5	1	5	2	10	1		1	2	12	
113	3	21	19	42	臺北市	松山區	松山區南京東路5段與南京東路5段389巷口	25.0514321	121.569333	0	0	1	3	7	5	5	3	1	1	5	4	5	13	4	4	1	4	5	2	16	1	6	1	6	1	10	1		1	3	13	
113	3	21	19	55	臺北市	士林區	士林區中山北路5段74號與劍潭路口	25.0840048	121.5253946	0	0	1	2	8	5	5	4	2	1	5	4	5	13	2	1	1	4	1	1	37	1	9	1	6	1	10	1		1	2	11	
113	3	21	20	19	臺北市	士林區	士林區基河路366號	25.09485918	121.5186262	0	0	1	2	8	5	5	14	9	1	5	4	5	13	4	4	5	4	5	2	17	1	9	1	6	2	10	1		1	2	11	
113	3	21	20	30	臺北市	士林區	士林區延平北路6段與堤外便道口	25.0943651	121.4976604	0	0	1	2	8	5	5	5	2	1	5	4	5	13	2	1	1	2	5	2	17	1	6	6	7	1	8	1		1	3	8	
113	3	21	20	44	臺北市	中正區	中正區忠孝東路1段1號	25.04566163	121.5203079	0	0	1	2	7	5	5	14	8	1	5	4	5	13	4	4	5	4	4	2	17	4	9	1	7	2	8	1		1	3	5	
113	3	21	21	20	臺北市	士林區	士林區重慶北路4段49巷與重慶北路4段49巷15弄口	25.07894278	121.5136515	0	0	2	7	8	5	5	4	1	1	5	4	5	13	4	4	10	5	5	1	15	1	9	1	5	1	10	1		1	2	12	
113	3	21	21	23	臺北市	文山區	文山區興隆路1段與景明街口口	25.002027	121.5419328	0	0	1	3	8	5	5	4	1	1	5	4	5	13	2	1	1	4	5	2	17	1	11	1	7	1	4	1		1	3	7	
113	3	21	22	11	臺北市	北投區	北投區大度路2號旁	25.1213736	121.4984593	0	0	2	3	7	5	5	14	9	1	5	4	5	13	4	4	1	4	5	2	13	1	9	1	5	2	10	1		1	2	14	
113	3	21	22	23	臺北市	北投區	北投區西安街1段與明德路口	25.10913406	121.5189802	0	0	1	2	8	5	5	4	1	1	5	4	5	13	2	1	1	3	5	2	17	1	5	1	5	1	10	1		1	3	17	
113	3	22	0	25	臺北市	內湖區	內湖區康樂街111巷與康樂街61巷口	25.07069403	121.6197914	0	0	1	2	7	6	5	4	1	1	5	4	5	13	4	4	10	5	5	2	15	1	9	1	7	1	5	1		1	3	7	
113	3	22	2	0	臺北市	萬華區	萬華區忠孝西路2段與西寧南路口忠孝橋下橋	25.0485822	121.5073296	0	0	2	2	7	5	7	4	2	1	5	4	5	13	1	1	1	1	5	2	13	1	9	1	5	1	10	1		1	2	11	
113	3	22	6	30	臺北市	內湖區	內湖區彩虹河濱公園	25.06181078	121.572405	0	0	1	2	8	6	5	14	9	1	5	4	5	13	4	4	9	5	5	2	16	1	5	8	4	1	20	1		2	2	11	
113	3	22	6	48	臺北市	中正區	中正區中華路2段與中華路2段39巷口	25.0353298	121.5063303	0	0	1	2	8	7	5	3	2	1	5	4	5	13	4	4	1	4	5	2	12	1	7	1	7	1	8	1		2	3	4	
113	3	22	6	55	臺北市	信義區	信義區忠孝東路5段790巷70弄與忠孝東路5段790巷口口	25.04037007	121.5835847	0	0	1	2	8	7	6	4	1	1	5	4	5	13	4	4	10	5	5	2	9	4	6	1	3	9	8	1		1	3	2	
113	3	22	7	17	臺北市	信義區	信義區吳興街220巷與吳興街220巷11弄口	25.0274642	121.5628608	0	0	1	2	8	5	5	3	2	1	5	4	5	13	4	4	5	4	5	2	17	1	9	1	7	1	8	1		1	3	4	
113	3	22	7	56	臺北市	北投區	北投區中央北路4段515巷與中央北路4段口	25.1281743	121.4683564	0	0	3	3	8	5	5	3	1	1	5	4	5	13	1	1	5	4	5	2	16	1	1	1	5	1	10	1		2	2	11	
113	3	22	8	10	臺北市	中正區	中正區中華路1段公車站牌捷運西門站前	25.0446764	121.5092113	0	0	1	4	8	6	5	14	8	1	5	4	5	13	4	4	3	4	3	2	17	1	12	1	6	2	10	1		1	3	11	
113	3	22	8	16	臺北市	士林區	士林區美崙街與基河路口	25.0955405	121.5188992	0	0	1	2	7	6	5	14	9	1	5	4	5	13	4	4	9	4	5	1	12	4	1	1	3	1	10	1		1	3	13	
113	3	22	8	25	臺北市	大安區	大安區市民大道4段100號	25.0446301	121.5499613	0	0	2	2	8	6	5	14	9	1	5	4	5	13	4	4	1	4	5	2	17	4	8	1	3	1	10	1		1	2	12	
113	3	22	8	35	臺北市	中山區	中山區民權東路3段與建國北路2段口	25.06236687	121.5370775	0	0	2	2	7	7	5	4	2	1	5	4	5	13	2	1	7	4	5	2	13	4	8	3	5	2	18	1		2	2	11	
113	3	22	8	36	臺北市	內湖區	內湖區新湖一路339巷與行善路口	25.0626994	121.5846528	0	0	1	2	8	6	5	4	1	1	5	4	5	13	2	1	1	4	5	2	16	4	5	1	3	2	8	1		2	3	1	
113	3	22	8	40	臺北市	士林區	士林區至善路2段與故宮路口	25.0982235	121.5464086	0	0	1	2	8	6	5	4	1	1	5	4	5	13	1	1	1	4	5	2	17	1	9	8	4	1	20	1		1	3	11	
113	3	22	9	11	臺北市	文山區	文山區秀明路2段與新光路1段口	24.99170574	121.573657	0	0	1	2	8	6	5	4	1	1	5	4	5	13	1	1	10	5	5	2	15	1	1	1	7	1	8	1		2	3	1	
113	3	22	9	22	臺北市	南港區	南港區忠孝東路7段與昆陽街157巷口	25.0507429	121.5957611	0	0	2	3	8	6	5	5	1	1	5	4	5	13	2	1	1	3	4	2	17	4	9	5	3	2	10	1		1	2	11	
113	3	22	9	25	臺北市	松山區	松山區敦化北路4巷與南京東路3段256巷口	25.05020973	121.5446946	0	0	1	2	8	6	5	4	1	1	5	4	5	13	4	4	10	5	5	1	15	1	9	1	5	1	10	1		2	2	14	
113	3	22	9	35	臺北市	中正區	中正區金華街與金華街32巷口	25.0311538	121.5216785	0	0	1	2	8	7	5	3	2	1	5	4	5	13	4	4	9	5	5	2	16	1	11	1	7	2	8	1		1	3	6	
113	3	22	9	41	臺北市	松山區	松山區環東大道與堤頂大道口匯流處往南	25.05065698	121.5699891	0	0	1	6	8	5	8	22	22	1	5	4	5	13	3	1	1	1	5	2	17	1	7	1	7	2	8	1		1	3	1	3
113	3	22	9	43	臺北市	北投區	北投區西安街2段與立農街1段279巷口	25.1205831	121.5064878	0	0	1	2	7	7	5	14	9	1	5	4	5	13	4	4	10	4	5	2	12	1	9	1	7	9	8	2		1	3	2	
113	3	22	9	54	臺北市	文山區	文山區萬盛街與無名巷口	25.0074516	121.5392442	0	0	2	2	8	6	5	3	2	1	5	4	5	13	4	4	9	5	5	2	16	1	5	1	6	2	10	1		1	2	11	
113	3	22	10	0	臺北市	內湖區	內湖區民權東路6段13-16號	25.06713097	121.5794817	0	0	1	2	8	6	5	14	9	1	5	4	5	13	4	4	1	4	5	2	16	1	4	1	5	1	10	1		2	2	14	
113	3	22	10	15	臺北市	內湖區	內湖區潭美街與新明路298巷口	25.0548677	121.582644	0	0	1	2	7	6	5	3	1	1	5	4	5	13	1	1	5	4	5	2	16	1	6	1	7	1	8	1		1	3	2	
113	3	22	10	29	臺北市	中山區	中山區市民大道2段與新生北路1段62巷口	25.046225	121.5304986	0	0	2	2	8	7	5	4	1	1	5	4	5	13	1	1	1	4	5	2	16	1	8	1	5	1	10	1		1	2	12	
113	3	22	10	30	臺北市	信義區	信義區富陽街86號	25.0209598	121.5565407	0	0	1	2	8	7	5	14	9	1	5	4	5	13	4	4	9	5	5	2	13	1	9	1	5	1	10	1		1	2	11	
113	3	22	11	17	臺北市	萬華區	萬華區萬大路486巷46弄與萬大路486巷口	25.02055538	121.4958841	0	0	2	3	8	6	5	4	1	1	5	4	3	10	4	4	10	5	5	1	15	1	9	1	5	1	9	1		1	2	12	
113	3	22	12	18	臺北市	中正區	中正區中山南路與信義路1段口	25.0386219	121.5178991	0	0	2	3	8	5	6	5	2	1	5	4	5	13	1	1	8	5	5	2	17	1	5	1	5	1	10	1		1	2	14	12
113	3	22	12	35	臺北市	中正區	中正區金山北路南往北三創園區停車場入口	25.0448415	121.5305596	0	0	1	2	8	5	5	14	9	1	5	4	5	13	4	4	9	4	5	1	17	1	1	1	7	1	8	1		1	3	17	
113	3	22	12	40	臺北市	士林區	士林區至善路2段與故宮路口	25.0980156	121.5465471	0	0	2	3	8	5	5	4	1	1	5	4	5	13	2	1	1	2	5	2	16	1	9	1	6	2	10	1		2	2	14	
113	3	22	13	0	臺北市	萬華區	萬華區環河南路2段250巷與環河南路2段250巷56弄口	25.03389615	121.4905015	0	0	1	2	8	6	5	3	1	1	5	4	5	13	4	4	10	5	5	2	16	1	5	1	7	1	4	1		1	3	4	
113	3	22	13	4	臺北市	北投區	北投區承德路7段與石牌路1段口	25.11233924	121.509139	0	0	3	3	8	6	4	4	1	1	5	4	5	13	2	1	1	4	5	2	11	1	9	1	5	1	10	1		1	2	14	
113	3	22	13	10	臺北市	萬華區	萬華區青年路186號	25.02020946	121.5039339	0	0	1	2	8	5	5	14	9	1	5	4	5	13	4	4	5	4	5	2	17	4	5	1	7	1	8	1		1	3	8	
113	3	22	13	32	臺北市	中山區	中山區南京東路2段與南京東路2段21巷口	25.05223577	121.5287908	0	0	2	2	8	5	5	3	2	1	5	4	5	13	4	4	3	4	4	2	17	4	6	8	3	1	20	1		2	2	11	
113	3	22	13	47	臺北市	大安區	大安區辛亥路2段與建國南路2段口	25.0225513	121.538143	0	0	1	2	8	6	5	3	1	1	5	4	5	13	1	1	1	4	4	2	12	4	9	1	3	2	10	1		2	2	14	
113	3	22	13	55	臺北市	萬華區	萬華區桂林路246巷與和平西路3段口	25.0355957	121.4908478	0	0	1	2	8	6	5	3	1	1	5	4	5	13	1	1	10	5	5	1	12	1	12	1	5	1	10	1		2	2	14	
113	3	22	13	59	臺北市	南港區	南港區南港路1段與南港路1段277巷口口	25.0547097	121.6091968	0	0	1	2	8	6	5	3	2	1	5	4	5	13	2	1	5	4	5	2	16	1	7	1	7	2	8	1		1	3	4	
113	3	22	13	59	臺北市	大安區	大安區敦化南路1段246號	25.03965487	121.5488429	0	0	1	5	8	6	5	14	7	1	5	4	5	13	4	4	4	1	1	2	12	1	12	1	7	1	8	1		1	3	1	
113	3	22	14	15	臺北市	文山區	文山區木柵路1段與木柵路1段58巷口	24.98692907	121.5472552	0	0	2	2	8	6	5	14	9	1	5	4	5	13	1	1	5	4	5	2	13	1	9	1	6	1	10	1		1	2	12	
113	3	22	14	41	臺北市	大安區	大安區仁愛路4段300巷17弄3號	25.036601	121.5550255	0	0	1	2	8	7	5	14	9	1	5	4	5	13	4	4	10	5	5	2	17	4	1	1	3	1	10	1		2	2	12	
113	3	22	14	57	臺北市	內湖區	內湖區康寧路3段與東湖路口	25.0689085	121.612081	0	0	1	2	8	6	5	3	1	1	5	4	5	13	2	1	1	4	4	2	16	4	1	1	3	2	8	1		1	3	1	
113	3	22	14	59	臺北市	信義區	信義區莊敬路423巷8弄與松仁路口	25.028577	121.5683925	0	0	1	2	8	5	5	4	1	1	5	4	5	13	2	1	9	4	5	2	3	4	5	1	3	2	8	1		1	3	5	
113	3	22	14	59	臺北市	萬華區	萬華區民和街與民和街81巷口	25.0255791	121.4979708	0	0	1	2	7	6	5	4	1	1	5	4	5	13	4	4	9	5	5	2	15	1	9	1	6	1	10	1		1	2	14	
113	3	22	15	28	臺北市	內湖區	內湖區安美街121號	25.05994616	121.598642	0	0	1	2	7	5	5	14	9	1	5	4	5	13	4	4	10	5	5	2	17	1	1	1	7	2	8	1		2	3	1	
113	3	22	15	46	臺北市	北投區	北投區石牌路2段與石牌路2段99巷口	25.11770215	121.5168085	0	0	2	3	8	6	5	3	2	1	5	4	5	13	3	1	5	4	5	2	12	1	8	1	7	2	4	1		1	3	6	
113	3	22	15	54	臺北市	大安區	大安區羅斯福路3段245號	25.0189206	121.5301463	0	0	1	2	8	7	5	14	9	1	5	4	5	13	4	4	8	3	5	2	11	4	10	1	3	1	10	1		1	2	14	
113	3	22	16	20	臺北市	大安區	大安區金山南路2段與金華街口口	25.0300403	121.5269983	0	0	1	2	8	6	8	4	1	1	5	4	5	13	2	1	1	4	5	2	16	4	8	1	3	1	4	1		1	3	6	
113	3	22	16	25	臺北市	中山區	中山區中山橋往北上坡處	25.07368091	121.5244813	0	0	1	2	7	7	5	8	9	1	5	4	5	13	4	4	1	4	5	2	12	4	7	1	7	9	8	2		2	3	2	
113	3	22	17	4	臺北市	內湖區	內湖區新湖二路259巷與行愛路77巷口	25.0632821	121.5823626	0	0	1	2	8	6	5	4	1	1	5	4	5	13	4	4	5	5	5	2	15	4	9	1	5	2	10	1		2	2	11	
113	3	22	17	20	臺北市	中山區	中山區民族東路55號	25.0683257	121.5343811	0	0	1	2	8	6	5	14	9	1	5	4	5	13	4	4	1	4	5	2	11	1	6	1	7	2	8	1		1	3	2	
113	3	22	17	28	臺北市	文山區	文山區新光路2段動物園公務門	24.99998349	121.5829751	0	0	3	3	8	6	5	14	9	1	5	4	5	13	1	1	1	4	5	1	16	1	1	1	6	1	10	1		1	2	11	
113	3	22	17	35	臺北市	中正區	中正區重慶南路2段與南海路口	25.03194434	121.5143261	0	0	1	2	7	6	5	4	1	1	5	4	5	13	2	1	1	4	5	1	16	1	6	7	5	11	19	2		1	4	12	
113	3	22	18	26	臺北市	信義區	信義區基隆路1段11號	25.0487975	121.5692092	0	0	1	2	8	5	5	14	9	1	5	4	5	13	4	4	1	3	5	2	17	1	9	1	6	1	10	1		1	3	17	
113	3	22	18	35	臺北市	士林區	士林區中正路104巷2弄與中山北路5段698巷口	25.09726872	121.5291543	0	0	1	2	8	5	5	3	1	1	5	4	5	13	4	4	10	5	5	2	17	4	5	1	3	1	10	1		1	3	11	
113	3	22	18	39	臺北市	士林區	士林區中山北路7段141巷圓環	25.1231265	121.5295396	0	0	1	3	8	5	5	18	9	1	5	4	5	13	4	4	5	5	5	1	16	1	9	1	7	1	8	1		1	3	5	
113	3	22	18	42	臺北市	松山區	松山區民權大橋西往東(第5支燈桿處)	25.06376361	121.568534	0	0	2	2	8	5	5	14	11	1	5	4	5	13	4	4	9	4	5	2	17	1	9	1	6	2	10	1		2	2	15	
113	3	22	19	1	臺北市	文山區	文山區辛亥路4段與辛亥路4段222巷口口	25.0021288	121.5553507	0	0	1	2	8	5	5	3	1	1	5	4	5	13	2	1	1	4	5	2	12	1	9	1	6	1	10	1		2	2	11	
113	3	22	19	7	臺北市	松山區	松山區長春路與復興北路141巷6弄口	25.0545122	121.5448283	0	0	2	3	7	5	5	4	1	1	5	4	5	13	4	4	9	4	5	2	13	1	9	1	5	1	10	1		1	2	11	
113	3	22	19	13	臺北市	大同區	大同區台北橋機慢車道282528燈桿	25.0637289	121.5076104	0	0	1	2	8	5	5	8	11	1	5	4	5	13	4	4	1	5	5	2	12	1	9	1	6	2	10	1		2	2	12	
113	3	22	19	40	臺北市	內湖區	內湖區潭美街東往西(0307199路燈桿處)	25.06029607	121.5921048	0	0	2	3	8	5	5	14	9	1	5	4	5	13	4	4	5	4	5	2	11	1	4	1	6	1	10	1		2	2	11	
113	3	22	20	35	臺北市	內湖區	內湖區瑞光路與瑞光路478巷口	25.078863	121.5694814	0	0	1	2	8	5	5	4	1	1	5	4	5	13	1	1	5	4	5	2	16	1	5	1	7	2	8	1		1	3	5	
113	3	22	20	48	臺北市	內湖區	內湖區堤頂大道2段與基湖路口	25.07908187	121.5641049	0	0	1	3	8	5	5	14	5	1	5	4	5	13	1	1	1	5	5	2	23	1	7	1	6	2	9	1		1	2	12	
113	3	22	21	13	臺北市	中正區	中正區南昌路2段232號	25.0237637	121.5247534	0	0	1	2	8	5	8	22	22	1	5	4	5	13	1	1	1	4	5	2	12	4	7	1	7	1	8	1		1	3	4	
113	3	22	21	17	臺北市	北投區	北投區裕民一路與裕民二路口	25.1166077	121.5170663	0	0	2	2	7	5	5	3	2	1	5	4	5	13	4	4	5	5	5	2	17	1	5	1	5	1	10	1		2	2	11	
113	3	22	21	33	臺北市	松山區	松山區吉祥路35號	25.04986347	121.5625331	0	0	1	2	8	5	5	14	9	1	5	4	5	13	4	4	9	4	4	2	3	1	9	1	6	2	10	1		1	3	11	
113	3	22	21	42	臺北市	內湖區	內湖區潭美街495號	25.06036454	121.5971853	0	0	1	2	8	5	5	4	1	1	5	4	5	13	2	1	5	5	5	2	12	4	5	1	5	11	10	2		1	4	14	
113	3	22	22	10	臺北市	中山區	中山區林森北路與錦州街口	25.0601437	121.5249657	0	0	1	3	8	5	5	4	1	1	5	4	5	13	1	1	9	4	5	2	16	4	5	1	3	1	6	1		1	3	2	
113	3	22	22	17	臺北市	中正區	中正區杭州南路1段與青島東路口	25.04275093	121.5264767	0	0	2	3	7	5	5	3	1	1	5	4	5	13	1	1	9	4	1	2	16	1	5	1	7	2	8	1		1	3	4	
113	3	22	22	31	臺北市	中正區	中正區延平南路與延平南路171巷口	25.034864	121.507566	0	0	2	3	7	5	5	4	2	1	5	4	5	13	4	4	5	5	5	2	3	1	9	1	5	2	10	1		2	2	11	
113	3	22	22	41	臺北市	中山區	中山區南京東路2段155巷與松江路133巷口	25.0543613	121.5340031	0	0	1	2	8	5	5	4	1	1	5	4	5	13	4	4	10	5	5	2	16	1	9	1	7	1	8	1		1	3	1	
113	3	22	22	45	臺北市	大同區	大同區鄭州路與塔城街口	25.0503131	121.5110254	0	0	1	2	8	5	5	4	1	1	5	4	5	13	1	1	1	4	5	2	17	1	9	1	6	1	10	1		1	2	11	
113	3	22	22	48	臺北市	士林區	士林區重慶北路4段19-1號	25.0804377	121.5132517	0	0	1	2	8	5	8	22	22	1	5	3	1	11	4	4	1	4	5	1	29	1	15	1	5	1	10	1		1	2	17	
113	3	22	22	50	臺北市	士林區	士林區承德路4段62號	25.08167224	121.5228227	0	0	2	3	7	5	5	14	8	1	5	4	5	13	4	4	1	4	4	1	17	1	8	1	7	2	4	1		1	3	17	
113	3	22	23	0	臺北市	中正區	中正區重慶南路2段與愛國西路口	25.0350264	121.5125027	0	0	1	2	8	5	5	4	1	1	5	4	5	13	1	1	1	4	1	2	16	4	6	1	5	1	10	1		1	3	13	
113	3	22	23	13	臺北市	大安區	大安區忠孝東路4段216巷與仁愛路4段345巷4弄口口	25.0389586	121.5529748	0	0	1	2	8	5	5	4	1	1	5	4	5	13	4	4	5	5	5	2	17	1	9	1	5	1	10	1		1	3	17	
113	3	22	23	24	臺北市	北投區	北投區陽金公路燈桿1207707	25.154104	121.5478592	0	0	1	2	7	5	8	11	9	1	5	4	5	13	4	4	5	2	5	1	11	1	11	1	7	2	8	1		1	3	1	
113	3	22	23	30	臺北市	士林區	士林區通河西街1段與重慶北路4段口	25.08771771	121.5119275	0	0	1	2	7	5	5	3	1	1	5	4	5	13	2	1	9	4	5	1	17	1	9	1	5	2	10	1		1	2	12	
113	3	23	1	25	臺北市	中山區	中山區建國北路1段與朱崙街口	25.0489027	121.5375857	0	0	1	2	8	5	5	14	8	1	5	4	5	13	4	4	1	4	4	2	12	4	7	1	3	1	4	1		1	3	4	
113	3	23	7	15	臺北市	中山區	中山區大直街與大直街62巷口	25.0828971	121.5463875	0	0	1	2	8	5	5	14	9	1	5	4	5	13	2	1	5	5	5	2	15	1	9	1	5	1	10	1		2	2	14	
113	3	23	8	30	臺北市	士林區	士林區中山北路6段35巷與福國路口	25.1023032	121.5246542	0	0	2	3	8	6	5	4	1	1	5	4	5	13	2	1	10	4	5	2	17	4	9	1	3	1	10	1		1	2	14	
113	3	23	8	34	臺北市	信義區	信義區虎林街164巷與虎林街164巷60弄口	25.0378422	121.5744708	0	0	1	2	8	5	5	4	2	1	5	4	5	13	4	4	10	5	5	2	17	1	9	1	6	1	10	1		1	2	12	
113	3	23	8	50	臺北市	中山區	中山區民族東路410巷41號	25.0662732	121.5383339	0	0	1	2	7	7	5	14	9	1	5	4	5	12	4	4	5	4	5	2	17	4	15	1	3	1	8	1		1	3	8	
113	3	23	9	0	臺北市	北投區	北投區承德路7段384號	25.1190706	121.5021824	0	0	2	3	7	6	5	14	7	1	5	4	5	13	4	4	1	4	5	1	17	1	6	1	7	1	8	1		1	3	17	