年	月	日	時	分	縣市	行政區	allLocation	GoogleLat	GoogleLng	死	2-30	受傷	當事人數	天候	道路照明設備	道路類別	道路型態	事故位置	路面狀況1	路面狀況2	路面狀況3	道路障礙1	道路障礙2	號誌1	號誌2	車道劃分-分向	車道劃分-分道1	車道劃分-分道2	車道劃分-分道3	事故類型及型態	行動電話	當事者行動狀態	駕駛資格情形	保護裝置	飲酒情形	駕駛執照種類	個人肇逃否	肇因碼-主要	性別	受傷程度	車輛撞擊部位1	車輛撞擊部位2
113	3	23	9	0	臺北市	士林區	士林區至誠路2段70號	25.10164651	121.5285	0	0	2	3	8	5	8	22	22	1	5	4	5	13	4	4	5	5	5	1	13	1	9	1	7	1	8	1		1	3	1	
113	3	23	9	45	臺北市	文山區	文山區興隆路4段6-11號	24.9895218	121.5597639	0	0	1	2	8	6	8	22	22	1	5	4	5	13	3	1	1	3	5	2	17	4	1	1	3	1	8	1		1	3	5	
113	3	23	9	57	臺北市	文山區	文山區萬和街1號旁	25.001218	121.5678978	0	0	1	2	8	6	5	14	9	1	5	4	5	13	4	4	9	5	5	2	13	1	9	1	6	2	10	1		2	2	11	
113	3	23	10	2	臺北市	南港區	南港區富康街與富康街3巷口	25.054352	121.6172543	0	0	1	2	8	7	5	3	1	1	5	4	5	13	4	4	5	5	5	2	16	1	5	1	5	1	10	1		2	2	12	
113	3	23	10	15	臺北市	南港區	南港區研究院路2段與研究院路2段12巷口	25.0477322	121.6157923	0	0	1	2	8	6	5	3	1	1	5	4	5	13	2	1	1	4	5	2	17	1	11	1	7	1	8	1		1	3	17	
113	3	23	10	35	臺北市	文山區	文山區木柵路1段與辛亥路7段口	24.987787	121.5522441	0	0	1	2	8	6	5	4	1	1	5	4	5	13	1	1	10	5	5	2	16	4	5	1	5	1	10	1		2	2	14	
113	3	23	11	5	臺北市	大同區	大同區承德路3段與承德路3段122巷口口	25.067293	121.5184559	0	0	1	2	8	6	5	4	1	1	5	4	5	13	2	1	8	3	5	2	15	1	9	1	7	1	4	1		1	3	1	
113	3	23	11	15	臺北市	文山區	文山區指南路3段與指南路3段34巷口	24.9793457	121.5825329	0	0	1	2	8	6	5	3	1	1	5	4	5	13	4	4	1	5	5	2	12	4	15	1	5	2	10	1		2	2	14	
113	3	23	11	41	臺北市	北投區	北投區大度路3段與關渡路口	25.12288522	121.4694796	0	0	1	2	8	6	5	3	1	1	5	4	5	13	1	1	1	4	5	2	16	1	6	1	7	1	8	1		2	3	2	
113	3	23	11	48	臺北市	大安區	大安區仁愛路3段與新生南路1段口	25.038519	121.53294	0	0	1	2	8	7	5	4	2	1	5	4	5	13	2	1	8	3	5	1	12	1	15	1	7	1	8	1		1	3	2	
113	3	23	11	59	臺北市	中正區	中正區臨沂街45巷與濟南路2段48巷口	25.0393082	121.5310953	0	0	2	2	7	6	8	4	1	1	5	4	5	13	4	4	10	5	5	2	15	1	12	1	6	2	10	1		1	2	11	
113	3	23	12	30	臺北市	內湖區	內湖區內湖路2段與成功路4段30巷口	25.08238638	121.5908011	0	0	1	2	8	6	5	3	1	1	5	4	5	13	4	4	5	4	5	2	3	1	9	1	5	2	10	1		1	3	11	
113	3	23	12	47	臺北市	中山區	中山區中山北路3段32-2號	25.06482272	121.5221907	0	0	1	2	8	7	5	14	9	1	5	4	5	13	4	4	1	4	5	2	13	1	9	1	5	1	10	1		2	2	11	
113	3	23	12	50	臺北市	內湖區	內湖區瑞光路與陽光街口	25.0737525	121.5791768	0	0	2	2	8	5	5	4	1	1	5	4	5	13	1	1	4	3	5	1	12	4	15	1	3	1	10	1		1	2	12	
113	3	23	13	3	臺北市	士林區	士林區重慶北路4段1巷與重慶北路4段1巷21弄口	25.0796201	121.5123752	0	0	2	2	8	6	5	3	2	1	5	4	5	13	4	4	10	5	5	1	15	1	9	1	6	2	10	1		1	2	12	
113	3	23	13	5	臺北市	信義區	信義區信義路6段與松德路133巷口	25.0352653	121.5768696	0	0	2	2	8	7	5	4	2	1	5	4	5	13	1	1	5	4	5	2	16	1	11	1	5	1	10	1		1	2	13	
113	3	23	13	45	臺北市	中山區	中山區復興北路與民權東路3段口	25.0624255	121.5437977	0	0	1	2	8	7	5	4	2	1	5	4	5	13	1	1	1	4	5	2	17	1	15	1	5	1	10	1		1	2	14	
113	3	23	14	38	臺北市	中山區	中山區市民大道3段與建國南路1段口	25.0448556	121.5368185	0	0	1	3	8	6	5	14	9	1	5	4	5	13	2	1	5	4	5	2	12	1	9	3	6	2	18	1		1	3	11	
113	3	23	14	50	臺北市	萬華區	萬華區長泰街316巷22號	25.0215744	121.4925123	0	0	1	2	8	6	5	4	1	1	5	4	5	13	4	4	10	5	5	2	15	4	21	7	3	11	19	2		1	4	15	
113	3	23	15	10	臺北市	中山區	中山區大直橋西側自行車道	25.07555908	121.5442209	0	0	1	2	8	7	7	14	23	1	5	4	5	13	4	4	10	5	5	2	13	1	9	8	4	1	20	1		2	2	11	
113	3	23	15	12	臺北市	信義區	信義區吳興街156巷與吳興街口	25.0292681	121.5618683	0	0	1	2	8	7	5	4	1	1	5	4	5	13	2	1	9	4	5	2	17	4	9	8	4	1	20	1		1	3	12	
113	3	23	15	15	臺北市	大同區	大同區承德路2段與民生西路口	25.057887	121.5180608	0	0	1	2	8	6	5	14	9	1	5	4	5	13	4	4	1	4	5	2	17	1	13	1	2	1	8	1		1	3	4	
113	3	23	16	0	臺北市	松山區	松山區南京東路4段與光復北路口	25.0516424	121.5573249	0	0	1	2	8	6	5	4	1	1	5	4	5	13	1	1	1	4	5	2	13	1	9	1	6	1	10	1		1	2	11	
113	3	23	16	1	臺北市	信義區	信義區永吉路與永吉路30巷口	25.0456634	121.5688607	0	0	1	2	8	7	5	4	1	1	5	4	5	13	1	1	9	4	5	2	15	4	9	1	3	1	2	1		1	3	1	
113	3	23	16	2	臺北市	松山區	松山區民權大橋東往西(下橋處)	25.06359626	121.5678539	0	0	1	2	8	6	5	14	9	1	5	4	5	13	4	4	1	4	5	2	12	4	8	1	3	2	8	1		1	3	5	
113	3	23	16	6	臺北市	南港區	南港區忠孝東路7段99號	25.0513009	121.5995335	0	0	1	2	8	6	5	14	7	1	5	4	5	13	4	4	1	4	4	2	12	1	8	1	7	2	4	1		1	3	6	
113	3	23	17	19	臺北市	北投區	北投區泉源路25號	25.13965177	121.5062836	0	0	2	2	8	5	5	14	9	1	5	4	5	13	4	4	9	4	5	2	3	5	16	8	4	10	20	1		2	2	16	
113	3	23	17	30	臺北市	中山區	中山區大佳河濱公園往西近8號水門	25.07365329	121.541748	0	0	2	3	8	7	5	14	9	1	5	4	5	13	4	4	9	5	5	2	13	1	9	1	7	2	8	1		1	3	8	
113	3	23	17	30	臺北市	松山區	松山區市民大道5段82號	25.0487685	121.5673241	0	0	1	2	7	6	5	14	9	1	5	4	5	13	3	1	10	5	5	2	17	4	6	1	3	1	8	1		1	3	17	
113	3	23	17	35	臺北市	中正區	中正區林森北路與林森北路9巷口	25.0458622	121.5236254	0	0	1	2	8	6	5	3	1	1	5	4	5	13	4	4	7	4	5	2	16	1	5	1	7	2	2	1		1	3	8	
113	3	23	17	36	臺北市	中山區	中山區濱江街與濱江街180巷口	25.0726349	121.5385656	0	0	1	2	8	5	5	3	1	1	5	4	5	13	2	1	1	4	4	2	15	1	11	1	7	2	8	1		1	3	5	
113	3	23	17	40	臺北市	大安區	大安區信義路3段143號	25.0335195	121.5418843	0	0	1	2	8	6	5	14	9	1	5	4	5	13	4	4	1	4	5	2	16	1	7	1	5	1	10	1		1	3	14	
113	3	23	17	45	臺北市	中山區	中山區林森北路596號	25.06565102	121.5255582	0	0	1	2	8	7	5	14	9	1	5	4	5	13	4	4	5	4	5	2	17	1	14	1	7	1	8	1		1	3	4	
113	3	23	17	59	臺北市	萬華區	萬華區康定路43號對面	25.0414435	121.5021942	0	0	2	3	8	6	5	14	9	1	5	4	5	13	4	4	5	4	5	2	17	1	8	1	7	1	4	1		1	3	2	
113	3	23	18	30	臺北市	中山區	中山區中山北路2段44巷無名巷口	25.0550073	121.5217356	0	0	2	3	7	5	5	4	1	1	5	4	5	13	4	4	10	5	5	2	16	4	5	1	3	1	4	1		1	3	1	
113	3	23	18	36	臺北市	萬華區	萬華區西園路1段與大理街口	25.0399027	121.5000866	0	0	1	2	7	5	5	4	1	1	5	4	5	13	1	1	1	3	5	1	16	4	5	1	3	1	8	1		1	3	1	
113	3	23	19	0	臺北市	中正區	(博愛路154號前)	25.0422786	121.5115053	0	0	1	2	7	6	5	14	9	1	5	4	5	13	1	1	10	4	5	2	16	1	5	1	6	2	10	1		1	3	14	
113	3	23	19	19	臺北市	大安區	大安區和平東路3段與敦化南路2段口	25.0246308	121.5484682	0	0	1	2	8	5	5	5	1	1	5	4	5	13	2	1	1	4	5	2	16	1	5	1	7	1	8	1		1	3	1	
113	3	23	20	10	臺北市	文山區	文山區老泉街45巷27-1號	24.97009041	121.5787709	0	0	1	3	8	5	5	14	9	2	5	4	5	13	4	4	10	5	5	2	17	4	7	1	3	1	8	1		1	3	8	
113	3	23	21	0	臺北市	松山區	松山區市民大道5段與東興路口	25.0483586	121.5658013	0	0	2	3	7	5	5	4	2	1	4	4	5	13	2	1	1	2	5	2	15	4	5	1	3	2	8	1		1	3	2	
113	3	23	21	28	臺北市	大安區	大安區市民大道4段與大安路1段口	25.0449952	121.5463372	0	0	1	4	7	5	5	4	2	1	5	4	5	13	1	1	1	5	5	2	17	1	12	1	5	1	10	1		1	2	12	
113	3	23	21	50	臺北市	萬華區	萬華區西園路2段310號	25.0262815	121.4926706	0	0	1	2	8	5	5	14	9	1	5	4	5	13	4	4	1	3	5	1	17	4	9	1	3	2	10	1		2	2	17	
113	3	23	22	13	臺北市	中山區	中山區中山北路2段與錦州街口	25.06033419	121.5230609	0	0	1	2	7	5	5	4	1	1	5	4	5	13	1	1	3	4	5	2	17	1	8	1	6	1	10	1		1	2	12	
113	3	23	23	40	臺北市	大同區	大同區鄭州路與環河北路1段口	25.05057713	121.5069669	0	0	1	2	7	5	5	5	2	1	5	4	5	13	1	1	1	4	5	2	12	1	8	1	7	2	4	1		1	3	2	
113	3	24	0	44	臺北市	大安區	大安區信義路4段與安和路1段口	25.03338906	121.552522	0	0	1	2	8	5	5	4	1	1	5	4	5	13	1	1	10	4	5	2	17	1	5	1	7	1	4	1		1	3	8	
113	3	24	2	35	臺北市	大安區	大安區敦化南路1段與敦化南路1段187巷口	25.0425936	121.5491506	0	0	1	2	8	5	5	4	1	1	5	4	5	13	1	1	5	5	5	2	16	1	5	1	7	1	4	1		1	3	2	
113	3	24	7	22	臺北市	大安區	大安區復興南路2段與瑞安街口	25.0298887	121.543469	0	0	1	2	8	7	5	4	1	1	5	4	5	13	2	1	1	4	1	1	17	1	5	1	7	2	4	1		1	3	5	
113	3	24	8	44	臺北市	萬華區	萬華區桂林路與桂林路242巷口	25.0388549	121.4959031	0	0	1	2	8	6	5	5	1	1	5	4	5	13	2	1	1	5	5	2	13	1	5	1	6	1	10	1		1	2	11	
113	3	24	9	44	臺北市	松山區	松山區三民路與新東街51巷口	25.0613753	121.5632394	0	0	1	2	8	6	5	4	2	1	5	4	5	13	1	1	1	4	5	2	13	1	9	1	5	1	10	1		2	2	11	
113	3	24	10	20	臺北市	北投區	北投區明德路150巷17-1號	25.1104469	121.5223951	0	0	1	4	7	6	5	14	18	1	5	4	5	13	4	4	10	5	5	1	3	1	9	1	7	1	8	1		2	3	1	
113	3	24	10	35	臺北市	文山區	文山區景興路與景興路238巷口	24.9906617	121.5430321	0	0	1	3	8	6	5	3	2	1	5	4	5	13	2	1	5	5	5	2	16	1	1	1	6	1	10	1		1	3	14	
113	3	24	11	2	臺北市	大同區	大同區錦西街53巷18號	25.0580245	121.5221587	0	0	2	2	7	6	5	14	9	1	5	4	5	13	4	4	10	4	5	2	16	4	5	1	3	1	10	1		1	2	14	
113	3	24	11	17	臺北市	士林區	士林區中正路與文昌路口	25.0942861	121.521668	0	0	1	2	8	6	5	3	2	1	5	4	5	13	1	1	10	5	5	1	12	1	9	1	7	2	8	1		1	3	2	
113	3	24	11	28	臺北市	內湖區	內湖區大湖街上（電線桿五指幹41號）	25.0960004	121.6058819	0	0	1	2	7	6	5	11	9	1	5	4	5	13	4	4	10	5	5	1	11	1	9	8	4	1	20	1		2	2	11	
113	3	24	11	55	臺北市	南港區	南港區惠民街77號	25.0586571	121.6098928	0	0	1	3	8	7	5	14	9	1	5	4	5	13	4	4	7	5	5	2	17	4	14	1	3	1	8	1		2	3	6	
113	3	24	12	0	臺北市	士林區	士林區承德路5段與士商路口	25.0960493	121.5142322	0	0	1	2	8	6	5	5	1	1	5	4	5	13	2	1	3	4	4	2	17	4	6	1	3	1	8	1		1	3	2	
113	3	24	12	10	臺北市	內湖區	內湖區文德路22巷53弄與江南街71巷75弄口	25.07556008	121.5797494	0	0	1	2	8	6	5	5	2	1	5	4	5	13	4	4	10	5	5	2	17	1	9	1	6	2	10	1		1	2	12	
113	3	24	12	40	臺北市	中山區	中山區建國北路3段與農安街口	25.0648713	121.5365601	0	0	1	2	7	7	5	4	1	1	5	4	5	13	2	1	1	4	5	2	16	4	6	1	3	1	3	1		1	3	6	
113	3	24	12	40	臺北市	大安區	大安區建國南路1段212巷與仁愛路3段51巷口口	25.0397116	121.5359551	0	0	1	2	8	6	5	4	1	1	5	4	5	13	4	4	10	5	5	1	15	1	9	1	7	1	8	1		2	3	5	
113	3	24	12	57	臺北市	中山區	中山區吉林路與吉林路144巷口	25.0559754	121.5300962	0	0	1	4	8	5	5	4	2	1	5	4	5	13	2	1	5	4	4	2	12	1	9	8	4	1	20	1		2	3	11	
113	3	24	13	19	臺北市	大安區	大安區和平東路3段與臥龍街口	25.0246318	121.5467488	0	0	1	2	8	6	8	4	1	1	5	4	5	13	2	1	1	3	5	2	16	1	5	1	7	2	4	1		1	3	5	
113	3	24	13	22	臺北市	松山區	松山區三民路與健康路口	25.05354716	121.5638835	0	0	1	2	8	6	5	14	9	1	5	4	5	13	4	4	5	4	5	2	9	1	15	1	7	1	1	1		1	3	17	
113	3	24	13	45	臺北市	大同區	大同區民權西路與蘭州街口	25.0629039	121.5146948	0	0	1	2	7	6	5	4	1	1	5	4	5	13	2	1	1	4	5	2	16	4	5	1	3	1	10	1		2	3	13	
113	3	24	13	51	臺北市	萬華區	萬華區環河南路2段與雙園街口	25.0321259	121.4914308	0	0	1	2	7	7	5	4	2	1	5	4	5	13	1	1	1	4	5	2	16	1	5	1	7	1	4	1		1	3	4	
113	3	24	13	56	臺北市	萬華區	萬華區富民路145巷15弄23號與富民路145巷15弄口	25.01894312	121.4996813	0	0	2	2	8	7	5	3	2	1	5	4	5	13	4	4	10	5	5	2	16	1	6	1	5	1	10	1		2	2	11	
113	3	24	14	28	臺北市	文山區	文山區萬安街與萬安街22巷口	25.0007736	121.5705905	0	0	2	2	8	7	5	3	1	1	5	4	5	13	4	4	10	5	5	2	16	1	5	1	5	2	10	1		1	2	11	
113	3	24	14	31	臺北市	中正區	中正區中正橋上橋處(往新北市方向)	25.0227924	121.5167518	0	0	1	2	8	6	5	8	9	1	5	4	5	13	4	4	3	4	5	1	12	1	9	1	5	2	10	1		2	3	12	
113	3	24	14	37	臺北市	大安區	大安區新生南路2段與和平東路1段口	25.0261803	121.5347183	0	0	1	2	8	7	5	4	1	1	5	4	5	13	1	1	1	4	1	2	17	1	6	1	7	1	8	1		1	3	6	
113	3	24	15	36	臺北市	內湖區	內湖區新湖三路23號(民善街上)	25.06237238	121.574917	0	0	2	3	8	5	5	14	9	1	5	4	5	13	4	4	5	2	5	1	16	1	6	1	7	1	8	1		1	3	17	
113	3	24	15	37	臺北市	中正區	中正區齊東街70巷與齊東街口	25.04200893	121.5278703	0	0	1	2	7	6	5	4	2	1	5	4	5	8	4	4	10	5	5	2	16	4	5	1	7	1	8	1		2	3	8	
113	3	24	15	50	臺北市	士林區	士林區百齡右岸河濱公園足球場(二)停車場旁	25.08857943	121.5144359	0	0	2	2	8	6	7	14	23	1	5	4	5	13	4	4	10	5	5	1	10	4	9	8	3	1	20	1		1	2	15	
113	3	24	16	8	臺北市	中山區	中山區建國高架道往北長安出口	25.04608493	121.5367782	0	0	5	7	8	7	5	10	16	1	5	4	5	13	4	4	1	3	5	2	13	1	9	1	7	1	8	1		1	3	1	
113	3	24	17	0	臺北市	內湖區	內湖區民權東路6段109號	25.06903049	121.5914235	0	0	1	2	8	6	5	3	1	1	5	4	5	13	4	4	1	4	5	2	16	1	6	1	7	2	8	1		2	3	5	
113	3	24	17	15	臺北市	大安區	大安區和平東路3段與基隆路2段口	25.0246627	121.5527436	0	0	1	2	8	7	5	22	9	1	5	4	5	13	1	1	8	3	5	2	12	4	15	1	3	1	8	1		2	3	5	
113	3	24	17	34	臺北市	大安區	大安區辛亥路3段與臥龍街188巷口	25.0161729	121.5505305	0	0	1	2	8	7	5	3	2	1	5	4	5	13	4	4	8	3	5	1	17	1	6	1	7	1	8	1		1	3	2	
113	3	24	17	53	臺北市	士林區	士林區延平北路5段318號	25.08619329	121.509527	0	0	1	2	8	5	5	14	9	1	5	4	5	13	4	4	1	5	5	2	13	1	9	1	6	1	10	1		2	2	11	
113	3	24	17	56	臺北市	萬華區	萬華區西寧南路70號	25.0434187	121.5061002	0	0	2	3	8	5	7	14	9	1	5	4	5	13	4	4	10	3	5	2	12	1	1	1	5	1	9	1		1	2	14	
113	3	24	18	10	臺北市	中正區	中正區古亭河濱公園191號燈桿處	25.02057698	121.5207585	0	0	1	2	8	6	5	14	23	1	5	4	5	13	4	4	5	4	5	1	27	1	9	8	4	1	20	1		2	2	11	
113	3	24	18	29	臺北市	北投區	北投區致遠二路與西安街2段口	25.1174619	121.5131984	0	0	1	2	7	5	5	4	2	1	5	4	5	13	1	1	10	5	5	2	2	1	5	1	7	2	8	1		1	3	1	
113	3	24	19	40	臺北市	大安區	大安區市民大道4段與復興南路1段口	25.04475029	121.5437794	0	0	1	2	8	5	5	4	1	1	5	4	5	13	2	1	10	5	5	2	16	4	6	1	3	2	4	1		1	3	5	
113	3	24	19	58	臺北市	信義區	信義區吳興街104號	25.0302699	121.5609989	0	0	2	2	7	5	5	14	9	1	5	4	5	12	4	4	10	5	5	2	3	5	18	8	4	10	20	1		1	2	16	
113	3	24	20	25	臺北市	中山區	中山區堤頂大道2段466號	25.08170183	121.5618429	0	0	1	2	8	5	5	14	8	1	5	4	5	13	4	4	4	5	1	2	12	1	8	1	7	1	14	1		1	3	6	14
113	3	24	21	29	臺北市	大同區	大同區鄭州路與環河北路1段口	25.0506267	121.5067152	0	0	2	2	7	5	7	5	1	1	5	4	5	13	2	1	1	4	5	2	17	4	5	1	5	1	10	1		1	2	14	
113	3	24	21	40	臺北市	信義區	信義區莊敬隧道	25.0092061	121.5655735	0	0	1	2	7	5	5	6	9	1	5	4	5	13	4	4	9	5	5	2	18	4	9	1	3	9	10	1		3	2	12	
113	3	24	22	44	臺北市	大安區	大安區師大路與師大路135巷口	25.0216361	121.5280336	0	0	1	2	8	5	5	4	1	1	5	4	5	13	4	4	5	5	5	2	16	1	5	1	7	1	7	1		1	3	4	
113	3	24	22	53	臺北市	北投區	北投區中央北路2段與稻香路口	25.138577	121.4913911	0	0	1	2	8	5	5	4	1	1	5	4	5	13	2	1	5	4	5	1	16	1	6	1	7	1	8	1		1	3	5	
113	3	24	23	43	臺北市	信義區	信義區和平東路3段與信安街口口	25.0224498	121.5546102	0	0	1	2	8	5	5	4	2	1	5	4	5	13	2	1	1	4	5	2	2	4	5	1	3	2	4	1		1	3	8	
113	3	25	6	34	臺北市	文山區	文山區木柵路2段與興隆路4段口	24.9887092	121.5601532	0	0	1	2	8	7	5	4	1	1	5	4	5	13	2	1	10	5	5	2	16	1	5	1	7	2	8	1		1	3	1	
113	3	25	6	47	臺北市	內湖區	內湖區民權東路6段232巷與民權東路6段210巷47弄口	25.06625886	121.6004723	0	0	1	2	8	7	5	3	1	1	2	4	4	13	4	4	10	5	5	2	17	1	6	1	5	1	10	1		2	2	14	
113	3	25	7	0	臺北市	信義區	信義區信義路5段與信義路5段91巷口口	25.0329047	121.5718665	0	0	2	2	8	7	5	3	2	1	5	4	5	13	2	1	1	4	5	2	13	1	9	1	6	1	10	1		1	2	11	12
113	3	25	7	11	臺北市	大安區	大安區基隆路2段206號	25.0237238	121.5516653	0	0	2	2	8	6	5	14	9	1	5	4	5	13	4	4	1	4	1	2	16	4	6	8	3	2	20	1		1	2	12	
113	3	25	7	31	臺北市	大同區	大同區承德路3段與民族西路口	25.0686757	121.5186727	0	0	1	2	8	6	8	22	22	4	5	4	5	13	4	4	10	5	5	2	9	5	20	8	4	10	20	1		2	3	16	
113	3	25	7	37	臺北市	信義區	信義區信安街103巷8號	25.0251919	121.5580118	0	0	1	2	8	6	5	14	9	1	5	4	5	13	4	4	9	5	5	2	16	4	1	1	3	1	8	1		2	3	1	
113	3	25	7	50	臺北市	松山區	松山區市民大道4段與光復南路66巷口	25.04503318	121.5567216	0	0	2	2	7	6	5	3	2	1	5	4	5	13	4	4	1	4	5	2	13	4	9	6	5	2	10	1		1	2	11	
113	3	25	8	9	臺北市	南港區	南港區南深路37號旁往南港彎道	25.030623	121.6211526	0	0	1	2	8	6	5	11	9	1	5	4	5	13	4	4	5	4	4	2	18	1	5	1	5	2	10	1		1	2	12	
113	3	25	8	26	臺北市	中山區	中山區北安路往大直機車引道	25.0793412	121.5425232	0	0	1	2	8	5	5	7	11	1	5	4	4	13	4	4	10	5	5	2	17	1	9	1	6	1	10	1		1	2	11	
113	3	25	8	29	臺北市	南港區	南港區南港路3段264之2號	25.0524955	121.5848626	0	0	1	2	8	7	5	14	9	1	5	4	5	13	2	1	7	4	5	2	13	4	9	1	3	1	8	1		2	3	5	
113	3	25	9	5	臺北市	中正區	中正區三元街23號	25.0285827	121.5101586	0	0	1	2	8	7	8	22	22	1	5	4	5	13	1	1	1	4	4	2	17	4	9	1	5	1	10	1		1	2	17	
113	3	25	9	16	臺北市	信義區	信義區信義路6段76巷與信義路6段76巷3弄口	25.0348719	121.5772267	0	0	1	2	8	7	5	3	1	1	5	4	5	13	4	4	10	5	5	2	16	4	5	1	3	1	10	1		2	3	14	
113	3	25	9	16	臺北市	松山區	松山區三民路與南京東路5段251巷32弄口口	25.0529763	121.563891	0	0	2	2	8	7	5	3	1	1	5	4	5	13	4	4	5	4	5	2	16	1	5	1	6	1	10	1		1	2	11	
113	3	25	9	43	臺北市	信義區	信義區基隆路2段與基隆路2段79巷口口	25.0301967	121.5579601	0	0	3	3	8	7	5	3	2	1	5	4	5	13	4	4	3	4	5	2	13	1	9	1	6	1	10	1		1	2	11	14
113	3	25	10	30	臺北市	內湖區	內湖區麗山街346號	25.0822986	121.5730038	0	0	2	2	8	6	5	14	9	1	5	4	5	13	4	4	10	5	5	2	10	1	9	3	5	11	18	1		2	2	11	
113	3	25	10	36	臺北市	北投區	北投區西安街2段與西安街2段259巷口	25.1203777	121.5074721	0	0	1	2	7	7	5	3	1	1	5	4	5	13	1	1	10	4	5	2	12	1	9	6	5	9	10	2		1	3	13	
113	3	25	10	49	臺北市	大安區	大安區安和路2段181巷與樂利路口口	25.0275956	121.5513522	0	0	1	2	8	6	5	4	1	1	5	4	5	13	4	4	8	4	5	1	15	1	9	1	6	1	10	1		1	2	13	
113	3	25	11	3	臺北市	大安區	大安區市民大道3段與建國南路1段口口	25.0446616	121.5363512	0	0	2	2	8	6	5	4	1	1	5	4	5	13	2	1	8	3	4	1	15	4	15	1	3	1	10	1		1	2	11	
113	3	25	11	14	臺北市	內湖區	內湖區環山路1段與內湖路1段217巷口	25.0833635	121.5655344	0	0	2	2	8	6	5	3	1	1	5	4	5	13	4	4	9	4	4	2	16	1	5	1	6	1	10	1		2	2	14	
113	3	25	11	15	臺北市	信義區	信義區虎林街222巷與虎林街口	25.0373784	121.5772276	0	0	1	2	8	5	5	3	2	1	5	4	5	13	4	4	9	5	5	2	17	1	9	6	5	1	18	1		1	3	11	
113	3	25	11	15	臺北市	士林區	士林區士東路與士東路200巷口	25.1127333	121.5330726	0	0	1	2	8	6	5	3	2	1	5	4	5	13	1	1	1	4	5	2	17	1	11	1	5	2	10	1		2	2	12	
113	3	25	11	43	臺北市	中山區	中山區吉林路478號	25.06794632	121.5303987	0	0	1	2	7	7	5	14	9	1	5	4	5	13	4	4	4	3	4	1	17	1	5	1	7	1	8	1		1	3	8	
113	3	25	12	10	臺北市	南港區	南港區忠孝東路7段與忠孝東路7段265巷口口	25.0517742	121.6035214	0	0	1	2	7	7	5	3	1	1	5	4	5	13	1	1	1	4	5	2	16	4	9	1	3	2	8	1		1	3	1	
113	3	25	12	29	臺北市	文山區	文山區木新路3段354號對面	24.9801582	121.5547963	0	0	1	2	8	6	5	14	9	1	5	4	5	13	1	1	1	5	5	2	13	4	9	1	3	1	1	1		1	3	1	
113	3	25	12	32	臺北市	大安區	大安區光復南路286號	25.0396901	121.5575647	0	0	1	3	8	7	5	14	9	1	5	4	3	13	2	1	1	4	5	2	12	4	9	1	3	1	2	1		1	3	2	
113	3	25	12	58	臺北市	信義區	信義區松高路1號	25.0391645	121.5640427	0	0	1	2	8	5	5	14	7	1	5	4	5	13	4	4	10	5	5	2	17	1	9	1	7	1	4	1		1	3	1	
113	3	25	13	3	臺北市	信義區	信義區松仁路100號	25.0345597	121.5682661	0	0	2	3	8	5	5	14	9	1	5	4	5	13	4	4	1	4	5	2	13	1	9	1	5	1	10	1		1	2	11	
113	3	25	13	58	臺北市	松山區	松山區光復北路與南京東路4段口	25.05165058	121.5573286	0	0	1	2	8	5	5	4	1	1	5	4	5	13	2	1	1	4	5	2	17	4	8	1	3	1	8	1		1	3	5	
113	3	25	14	6	臺北市	大安區	大安區建國南路1段往北(人行道0504678燈桿)	25.0391093	121.538277	0	0	1	3	7	6	5	14	8	1	5	4	5	13	4	4	1	4	4	2	13	4	9	1	3	1	10	1		1	2	11	
113	3	25	14	45	臺北市	士林區	士林區延平北路6段與通河西街2段口	25.09417571	121.4979523	0	0	1	2	8	6	5	5	1	1	5	4	5	13	1	1	1	4	4	1	17	1	6	1	5	1	10	1		1	2	12	
113	3	25	15	17	臺北市	士林區	士林區中正路與重慶北路4段口	25.0867072	121.5098414	0	0	2	3	7	6	5	4	2	1	5	4	5	13	4	4	1	4	5	1	16	4	15	7	3	11	19	2		1	4	15	
113	3	25	15	23	臺北市	士林區	士林區中山北路6段與忠誠路1段口	25.1047691	121.5245427	0	0	1	2	7	7	5	4	1	1	5	4	5	13	1	1	1	5	5	1	17	1	9	1	7	1	4	1		1	3	8	
113	3	25	15	43	臺北市	大安區	大安區建國南路1段與忠孝東路3段217巷7弄口口	25.0436665	121.5368517	0	0	2	2	7	7	5	4	1	1	5	4	5	13	2	1	1	4	5	1	17	1	1	1	6	1	10	1		2	2	14	
113	3	25	16	5	臺北市	中正區	中正區中華路1段83號	25.03856048	121.5074486	0	0	1	2	8	7	5	14	9	1	5	4	5	13	4	4	1	4	5	2	17	1	8	1	5	2	10	1		1	3	13	
113	3	25	16	35	臺北市	中正區	中正區重慶南路1段與愛國西路口	25.0353752	121.5123333	0	0	1	2	8	7	5	4	1	1	5	4	5	13	2	1	3	5	1	1	16	1	6	1	7	2	8	1		1	3	5	
113	3	25	16	58	臺北市	萬華區	萬華區環河南路1段348巷與環河南路1段口	25.0369331	121.4958365	0	0	2	3	7	6	5	3	1	1	5	4	5	13	1	1	3	4	5	2	13	4	9	1	3	1	10	1		2	2	11	
113	3	25	17	12	臺北市	中山區	中山區松江路與民族東路口	25.0681644	121.5325834	0	0	1	2	8	5	5	3	1	1	5	4	5	13	1	1	1	4	5	2	17	4	6	1	3	1	4	1		1	3	2	