年	月	日	時	分	縣市	行政區	allLocation	GoogleLat	GoogleLng	死	2-30	受傷	當事人數	天候	道路照明設備	道路類別	道路型態	事故位置	路面狀況1	路面狀況2	路面狀況3	道路障礙1	道路障礙2	號誌1	號誌2	車道劃分-分向	車道劃分-分道1	車道劃分-分道2	車道劃分-分道3	事故類型及型態	行動電話	當事者行動狀態	駕駛資格情形	保護裝置	飲酒情形	駕駛執照種類	個人肇逃否	肇因碼-主要	性別	受傷程度	車輛撞擊部位1	車輛撞擊部位2
113	3	25	17	12	臺北市	北投區	北投區中央北路2段與稻香路口	25.1385384	121.4913569	0	0	2	3	8	6	5	14	9	1	5	4	4	13	1	1	5	4	5	2	12	1	9	1	7	2	8	1		1	3	2	
113	3	25	17	50	臺北市	北投區	北投區崇仁路1段與清江路口	25.12564438	121.501703	0	0	2	2	8	5	5	3	3	1	5	4	5	13	4	4	5	5	5	2	16	1	5	1	5	1	10	1		1	2	14	
113	3	25	17	57	臺北市	內湖區	內湖區內湖路1段360巷2-1號	25.08096699	121.5705884	0	0	1	2	8	5	5	14	9	1	5	4	5	13	4	4	9	4	5	2	11	1	11	1	7	1	8	1		1	3	2	
113	3	25	18	23	臺北市	大同區	大同區塔城街與忠孝西路1段口	25.0482293	121.5101813	0	0	1	2	8	5	5	4	1	1	5	4	5	13	2	1	1	3	5	1	16	1	9	1	3	9	10	2		1	3	12	
113	3	25	18	25	臺北市	中山區	中山區中山北路3段59號	25.06889517	121.52311	0	0	1	3	8	5	5	14	9	1	5	4	5	13	4	4	1	4	5	2	17	4	9	1	3	1	10	1		2	3	11	
113	3	25	18	48	臺北市	大安區	大安區辛亥路3段157巷與辛亥路3段157巷24弄口	25.0181096	121.5504981	0	0	3	3	8	5	5	3	1	1	5	4	5	13	4	4	10	5	5	2	16	4	5	1	3	1	10	1		2	2	12	
113	3	25	18	52	臺北市	文山區	文山區木新路3段228號前	24.98134836	121.5591941	0	0	1	2	8	5	5	14	9	1	5	4	5	13	2	1	5	4	5	2	12	1	8	1	5	1	11	1		1	2	12	
113	3	25	18	54	臺北市	中山區	中山區龍江路370巷與民族東路410巷口口	25.0664284	121.5383278	0	0	1	2	7	5	5	4	1	1	5	4	5	13	4	4	9	4	5	2	17	4	9	8	3	1	20	1		1	2	11	
113	3	25	18	57	臺北市	中山區	中山區市民大道2段與天津街口	25.0479977	121.5225074	0	0	2	3	8	5	5	4	1	1	5	4	5	13	1	1	1	4	5	2	12	1	15	1	6	1	10	1		1	2	13	
113	3	25	19	0	臺北市	萬華區	萬華區康定路與和平西路3段口	25.035034	121.5012279	0	0	1	2	8	5	5	4	2	1	5	4	5	13	2	1	9	4	5	2	12	4	9	1	3	1	8	1		1	3	2	
113	3	25	19	32	臺北市	信義區	信義區吳興街215號	25.0279409	121.5629635	0	0	2	2	8	5	5	14	9	1	5	4	5	13	4	4	9	4	5	2	12	4	15	8	2	1	20	1		1	2	14	
113	3	25	19	36	臺北市	北投區	北投區湖底路10-12號	25.146584	121.5375425	0	0	1	2	7	5	5	11	9	1	5	4	5	13	4	4	10	5	5	2	10	1	9	1	7	2	8	1		1	3	1	
113	3	25	19	42	臺北市	士林區	士林區福華路與福國路口	25.10194854	121.5224465	0	0	2	2	8	5	5	4	1	1	5	4	5	13	1	1	1	4	5	2	16	4	5	1	3	2	10	1		1	2	14	
113	3	25	20	24	臺北市	中正區	中正區仁愛路1段42號	25.0382584	121.5242383	0	0	1	2	8	5	5	14	9	1	5	4	5	13	4	4	1	4	5	2	16	1	1	1	7	2	8	1		1	3	1	
113	3	25	20	45	臺北市	內湖區	內湖區港墘路與內湖路1段737巷50弄口	25.08062413	121.5778064	0	0	1	2	8	5	5	14	9	1	5	4	5	13	2	1	1	4	5	2	17	4	12	1	6	2	10	1		2	3	17	
113	3	25	21	18	臺北市	信義區	信義區忠孝東路5段611號	25.041448	121.5788752	0	0	1	2	8	5	5	14	9	1	5	4	5	13	4	4	3	4	5	2	16	1	1	1	7	1	8	1		1	3	8	
113	3	25	21	49	臺北市	萬華區	萬華區環河南路1段324號	25.04080088	121.4986432	0	0	3	3	8	5	5	14	9	1	5	4	5	13	4	4	9	4	5	2	13	4	9	6	6	1	18	1		1	2	11	
113	3	25	21	53	臺北市	中正區	中正區羅斯福路1段與林森南路地下道口	25.0328965	121.5181019	0	0	2	2	8	5	5	5	1	1	5	4	5	13	1	1	10	4	5	1	17	1	5	1	5	2	10	1		2	2	14	
113	3	25	22	2	臺北市	文山區	文山區木柵路4段與木柵路4段33巷口口旁	24.99404319	121.5715895	0	0	1	2	8	5	5	3	2	1	5	4	5	13	2	1	10	5	5	2	13	1	9	1	7	2	8	1		1	3	1	
113	3	25	22	15	臺北市	信義區	信義區忠孝東路5段438號	25.0407426	121.5765219	0	0	1	3	8	5	5	14	9	1	5	4	5	13	4	4	9	4	5	2	17	1	14	1	7	1	8	1		1	3	2	
113	3	25	22	25	臺北市	松山區	松山區民生東路5段與三民路口	25.0585176	121.5635421	0	0	3	4	7	5	5	4	2	1	2	4	5	13	1	1	1	3	5	2	17	4	9	1	3	11	2	1		1	3	17	
113	3	25	22	40	臺北市	士林區	士林區仰德大道3段與永公路口	25.1134556	121.55012	0	0	1	2	8	5	5	3	2	1	5	4	1	13	1	1	5	5	5	1	12	1	9	1	6	1	10	1		2	2	14	
113	3	25	22	42	臺北市	大同區	大同區民生西路與寧夏路口	25.0570713	121.5162553	0	0	1	2	7	5	5	4	1	1	5	4	5	13	2	1	5	4	5	2	17	4	8	1	6	11	10	2		1	4	17	
113	3	25	23	7	臺北市	文山區	文山區辛亥路4段191號與無名巷口	25.0047576	121.5569624	0	0	1	2	8	5	5	3	2	1	5	4	5	13	2	1	1	4	5	2	16	1	11	1	7	2	2	1		1	3	4	
113	3	25	23	37	臺北市	南港區	南港區南港路1段與興華路口	25.0542774	121.6063128	0	0	1	2	8	5	5	4	1	1	5	4	5	13	2	1	5	4	5	2	3	4	5	1	3	2	8	1		1	3	1	
113	3	26	3	42	臺北市	萬華區	萬華區西寧南路與峨眉街口	25.0437172	121.5061712	0	0	1	2	7	5	5	4	1	1	5	4	5	13	2	1	9	4	5	1	9	4	20	8	4	1	20	1		1	2	16	
113	3	26	5	34	臺北市	內湖區	內湖區成功路2段250巷	25.0661729	121.5906274	0	0	1	3	7	5	5	3	2	1	5	4	5	13	1	1	1	4	5	2	9	1	9	3	5	1	18	1		2	2	11	
113	3	26	6	22	臺北市	中正區	中正區重慶北路1段與鄭州路口	25.0493604	121.5131378	0	0	1	2	7	6	5	4	1	1	5	4	5	13	1	1	1	4	5	2	12	1	7	1	6	2	10	1		1	2	14	
113	3	26	6	24	臺北市	萬華區	萬華區富民路101號	25.03691096	121.50737	0	0	1	2	7	6	5	14	9	1	5	4	3	13	4	4	9	4	5	1	9	5	16	8	4	10	20	1		1	2	16	
113	3	26	6	52	臺北市	北投區	北投區中央北路4段與自立路口	25.12606998	121.4655003	0	0	1	2	7	7	5	4	1	1	5	4	5	13	1	1	4	4	5	2	16	1	6	1	6	1	10	1		1	3	12	
113	3	26	7	44	臺北市	中山區	中山區新生北路2段與長春路口	25.05499358	121.5272112	0	0	1	2	6	5	5	3	1	1	4	4	5	13	4	4	9	4	5	2	17	4	5	1	3	1	10	1		1	3	17	
113	3	26	7	45	臺北市	信義區	信義區信義路6段42號	25.0345196	121.5759821	0	0	1	2	6	6	5	14	9	1	4	4	5	13	4	4	5	4	5	2	18	1	9	1	6	1	10	1		2	2	14	
113	3	26	7	48	臺北市	文山區	文山區和平東路4段與和平東路4段295巷口	25.0006648	121.5731086	0	0	1	2	6	7	5	3	1	1	4	4	5	13	1	1	10	5	5	2	16	1	5	1	7	1	8	1		1	3	6	
113	3	26	8	2	臺北市	北投區	北投區中和街與大業路口	25.13718581	121.503791	0	0	1	2	7	7	5	4	1	1	5	4	5	13	1	1	5	4	5	2	15	1	9	1	7	2	8	1		2	3	5	
113	3	26	8	12	臺北市	信義區	信義區信義路6段6號	25.0337245	121.5748774	0	0	1	2	8	7	5	14	9	1	4	4	5	13	4	4	10	4	5	2	12	4	9	1	3	1	14	1		1	3	5	
113	3	26	8	15	臺北市	中山區	中山區伊通街與長春路口	25.0548955	121.5353246	0	0	1	2	7	6	5	3	1	1	4	4	5	13	1	1	5	4	5	2	17	4	9	1	5	1	10	1		1	2	14	
113	3	26	8	23	臺北市	內湖區	內湖區文德路212號	25.0783908	121.5845327	0	0	1	2	7	7	8	22	20	4	5	4	5	13	4	4	10	5	5	2	9	1	9	8	4	1	20	1		1	3	17	
113	3	26	8	40	臺北市	士林區	士林區通河街76巷與承德路4段10巷口	25.0801212	121.5201443	0	0	1	2	8	6	5	4	1	1	5	4	5	13	4	4	5	5	5	2	15	4	9	1	3	1	10	1		1	2	11	
113	3	26	9	1	臺北市	信義區	信義區基隆路1段與忠孝東路5段口	25.0410241	121.5645333	0	0	1	2	6	6	5	4	4	1	4	4	5	13	2	1	1	4	5	2	12	1	9	1	5	1	10	1		2	2	12	
113	3	26	9	1	臺北市	南港區	南港區重陽路與無名巷口	25.0576775	121.6039864	0	0	1	2	6	6	5	4	2	1	4	4	5	13	4	4	5	5	4	2	15	4	21	1	3	2	10	1		1	2	11	
113	3	26	9	5	臺北市	信義區	信義區基隆路2段133號與嘉興街216巷口	25.0275525	121.5562957	0	0	1	2	6	6	5	4	1	1	4	4	5	13	2	1	1	4	5	1	11	1	9	1	7	9	8	1		1	3	2	
113	3	26	9	14	臺北市	中山區	中山區建國北路2段96巷與建國北路2段口	25.05745549	121.536605	0	0	1	2	6	5	5	14	9	1	4	4	5	13	4	4	1	4	5	2	13	4	9	1	3	1	4	1		1	3	7	
113	3	26	9	28	臺北市	中正區	中正區中華路1段與武昌街1段口	25.04415199	121.5090339	0	0	1	2	7	7	5	4	1	1	5	4	5	13	1	1	1	4	1	1	18	1	9	1	6	2	11	1		2	2	12	
113	3	26	9	32	臺北市	士林區	士林區承德路4段與通河街口	25.0802188	121.5222191	0	0	1	2	8	7	5	4	1	1	5	4	5	13	1	1	4	5	5	2	12	1	9	1	6	11	10	2		4	2	11	
113	3	26	9	37	臺北市	萬華區	萬華區艋舺大道312號	25.032924	121.4967418	0	0	1	2	8	7	5	14	9	1	5	4	5	13	4	4	1	5	5	2	12	1	4	1	5	1	10	1		2	2	14	
113	3	26	9	44	臺北市	信義區	信義區虎林街202巷與虎林街202巷口	25.0379035	121.5764363	0	0	1	2	7	7	5	4	1	1	4	4	5	13	4	4	10	5	5	2	11	4	9	1	6	1	10	1		1	2	14	
113	3	26	9	47	臺北市	松山區	松山區東興路與東興路15巷口口	25.0499332	121.5654659	0	0	2	6	7	6	5	4	1	1	5	4	5	13	1	1	5	4	5	2	13	1	9	1	5	1	10	1		2	2	13	
113	3	26	9	48	臺北市	中正區	中正區重慶南路2段與愛國西路口	25.0351292	121.5126276	0	0	2	3	7	7	5	4	2	1	5	4	5	13	1	1	1	4	1	2	13	4	9	1	7	2	8	1		1	3	1	
113	3	26	9	55	臺北市	內湖區	內湖區安康路32巷24弄與安康路32巷口	25.0619197	121.5949678	0	0	1	2	7	7	5	4	1	2	5	4	5	13	4	4	5	5	5	2	15	1	9	1	7	1	8	1		1	3	5	
113	3	26	10	4	臺北市	文山區	文山區羅斯福路5段176巷與羅斯福路5段176巷3弄口	25.0042075	121.5380265	0	0	2	3	7	6	5	4	1	1	4	4	5	13	4	4	10	5	5	2	15	1	9	1	6	1	10	1		2	2	14	
113	3	26	10	37	臺北市	中正區	中正區詔安街與中華路2段467巷口口	25.0256012	121.5115534	0	0	1	2	7	6	5	3	1	1	5	4	5	13	4	4	10	5	5	2	14	4	2	1	3	1	8	1		1	3	3	
113	3	26	10	56	臺北市	大安區	大安區復興南路1段與大安路1段116巷口	25.0398239	121.5438172	0	0	1	2	8	7	5	4	1	1	5	4	5	13	2	1	1	4	5	2	17	4	5	1	3	1	8	1		1	3	2	
113	3	26	11	14	臺北市	大安區	大安區新生南路3段與新生南路3段98巷口口	25.01682335	121.5332813	0	0	1	2	7	6	5	14	9	1	5	4	5	13	1	1	2	3	4	1	12	1	9	1	6	1	10	1		1	2	12	
113	3	26	11	18	臺北市	大同區	大同區承德路2段130號	25.058825	121.5180759	0	0	2	4	7	6	5	14	9	1	5	4	5	13	4	4	1	5	5	2	13	1	1	1	7	1	8	1		1	3	17	
113	3	26	11	22	臺北市	士林區	士林區承德路5段與士商路口	25.0963394	121.5140053	0	0	1	2	8	5	8	4	1	1	5	4	5	13	2	1	1	4	4	2	17	4	6	1	3	1	8	1		1	3	8	
113	3	26	11	25	臺北市	松山區	松山區民生東路4段55巷與民生東路4段55巷3弄口口	25.0583724	121.5504895	0	0	1	3	7	5	5	3	1	1	5	4	3	10	4	4	9	4	5	2	16	1	9	1	7	1	8	1		1	3	1	
113	3	26	11	31	臺北市	松山區	松山區南京東路5段162號	25.0513729	121.5629959	0	0	1	2	8	5	5	14	8	1	5	4	5	13	4	4	3	4	4	2	13	1	9	1	5	1	10	1		1	2	11	
113	3	26	11	50	臺北市	萬華區	萬華區永福街與桂林路29巷口	25.0383441	121.5047487	0	0	1	2	7	7	5	3	1	1	5	4	5	13	4	4	10	5	5	2	16	1	5	1	5	1	10	1		2	2	11	
113	3	26	11	56	臺北市	大安區	大安區新生南路2段與金華街口口	25.0305817	121.5335206	0	0	1	2	7	6	5	4	1	1	5	4	5	13	1	1	1	1	1	1	11	1	5	1	7	1	8	1		1	3	6	
113	3	26	12	52	臺北市	大安區	大安區復興南路1段與信義路4段口	25.033206	121.5435399	0	0	2	3	8	7	5	4	1	1	5	4	5	13	2	1	1	4	5	2	13	4	9	1	3	1	10	1		1	2	11	
113	3	26	13	21	臺北市	中山區	中山區中山北路1段與中山北路1段121巷口	25.0513307	121.5224403	0	0	2	2	8	6	5	3	1	1	5	4	5	13	4	4	1	4	5	2	16	1	6	1	6	2	9	1		1	2	12	
113	3	26	13	26	臺北市	內湖區	內湖區民權東路6段45號	25.06899925	121.5854934	0	0	1	2	7	5	5	14	7	1	5	4	5	13	4	4	1	4	4	2	12	1	7	1	7	1	4	1		1	3	1	
113	3	26	13	26	臺北市	大同區	大同區鄭州路與西寧北路口	25.0506106	121.5082078	0	0	2	2	7	6	5	4	1	1	5	4	5	13	2	1	1	5	5	2	16	1	9	1	6	2	10	1		2	2	11	
113	3	26	13	28	臺北市	大同區	大同區南京西路25巷28號	25.0564386	121.5204563	0	0	1	2	7	6	5	14	9	1	5	4	5	13	4	4	5	5	5	2	2	1	9	1	7	1	4	1		1	3	2	
113	3	26	13	35	臺北市	中正區	中正區信義路1段1號	25.0378655	121.519189	0	0	2	3	8	7	5	14	8	1	5	4	5	13	4	4	8	3	1	2	12	1	8	1	7	2	8	1		1	3	2	
113	3	26	13	45	臺北市	中山區	中山區吉林路299巷與吉林路口	25.0631316	121.5303241	0	0	1	2	7	6	5	4	1	1	5	4	5	13	4	4	9	4	5	2	16	1	9	1	5	1	10	1		2	2	11	
113	3	26	13	57	臺北市	大同區	大同區重慶北路2段與保安街口口	25.0593866	121.5135722	0	0	1	2	7	6	5	4	2	1	5	4	5	13	2	1	1	5	5	2	9	1	15	1	7	1	2	1		2	3	17	
113	3	26	14	21	臺北市	文山區	文山區景文街97號對面	24.990992	121.5412347	0	0	1	2	7	6	5	14	7	1	5	4	5	13	4	4	5	5	4	2	16	1	5	8	4	1	20	1		2	3	13	
113	3	26	14	30	臺北市	萬華區	萬華區西藏路213號	25.02899091	121.4964314	0	0	1	2	8	7	5	11	9	1	5	4	5	13	4	4	1	4	5	2	17	1	9	1	7	1	8	1		1	3	17	
113	3	26	14	50	臺北市	士林區	士林區德行西路與磺溪街口	25.105504	121.5230194	0	0	1	2	7	6	5	3	1	1	5	4	5	13	1	1	5	4	5	2	17	1	9	1	5	1	10	1		1	2	11	
113	3	26	14	58	臺北市	內湖區	內湖區成功交流道	25.0645402	121.5902738	0	0	1	2	7	7	5	18	9	1	5	4	5	13	1	1	1	4	5	2	17	1	9	1	7	1	8	1		1	3	4	
113	3	26	15	30	臺北市	中山區	中山區八德路2段與建國南路1段口	25.04608534	121.5369711	0	0	1	2	7	6	5	4	1	1	5	4	5	13	1	1	10	4	5	2	17	1	6	1	7	1	4	1		1	3	5	
113	3	26	15	30	臺北市	大同區	大同區環河北路1段與歸綏街口	25.0584658	121.508469	0	0	1	2	7	6	5	3	2	1	5	4	5	13	4	4	1	4	5	2	12	4	7	1	6	1	10	1		2	2	14	
113	3	26	15	30	臺北市	大同區	大同區鄭州路與鄭州路21巷口口	25.04931494	121.5145066	0	0	1	6	7	6	5	3	1	1	5	4	5	13	4	4	1	5	5	2	13	1	12	1	6	1	10	1		2	3	13	13
113	3	26	15	48	臺北市	中山區	中山區建國高架道往南下農安匝道前	25.06662607	121.5350059	0	0	1	3	7	5	5	10	16	1	5	4	5	13	4	4	1	4	5	2	13	4	9	3	3	1	18	1		1	3	1	
113	3	26	15	55	臺北市	士林區	士林區福林路100巷與福林路口	25.0959029	121.5315929	0	0	1	3	7	5	5	3	2	1	5	4	5	13	3	1	5	5	5	2	17	1	9	1	7	2	8	1		1	3	2	
113	3	26	16	6	臺北市	士林區	士林區忠誠路1段與德行東路104巷口	25.1056496	121.5288775	0	0	1	2	7	6	5	4	2	1	5	4	5	13	1	1	1	4	5	1	16	4	5	1	3	1	8	1		2	3	2	
113	3	26	17	45	臺北市	萬華區	萬華區艋舺大道與艋舺大道口大理街160巷8弄10號台電倉庫前	25.032387	121.4953562	0	0	1	2	7	7	5	14	9	1	1	4	5	13	4	4	1	4	5	2	17	1	1	1	5	1	10	1		1	3	17	
113	3	26	17	49	臺北市	中正區	中正區中華路1段與長沙街1段口口	25.040517	121.5081428	0	0	1	2	8	5	5	4	1	1	5	4	5	13	2	1	9	4	5	1	13	1	9	1	7	2	8	1		1	3	1	
113	3	26	17	54	臺北市	松山區	松山區敦化北路165巷與敦化北路199巷2弄口	25.05476537	121.5499494	0	0	1	2	8	5	5	3	1	1	5	4	5	13	4	4	10	4	5	2	17	1	6	1	7	1	8	1		2	3	8	
113	3	26	18	3	臺北市	大同區	大同區重慶北路2段與涼州街口	25.0605857	121.5134195	0	0	1	2	7	5	5	5	2	1	5	4	5	13	4	4	1	5	5	2	17	1	8	1	6	2	10	1		1	3	17	
113	3	26	18	9	臺北市	北投區	北投區福國路與無名路口	25.10126821	121.5099098	0	0	1	2	7	5	5	3	1	1	5	4	5	13	3	1	1	5	5	2	17	1	10	6	7	2	8	1		1	3	2	
113	3	26	18	14	臺北市	松山區	松山區南京東路4段與南京東路4段53巷口	25.05178778	121.5511289	0	0	1	3	7	5	5	3	1	1	5	4	5	13	4	4	1	4	4	2	12	1	10	1	6	1	10	1		1	2	14	
113	3	26	18	15	臺北市	文山區	文山區木新路1段與指南路1段51巷口口	24.9885984	121.5705836	0	0	1	2	8	5	5	4	1	1	5	4	5	13	2	1	10	5	5	2	16	1	5	1	5	1	10	1		2	2	12	
113	3	26	18	25	臺北市	中山區	中山區龍江路257巷無名巷	25.05910099	121.5412745	0	0	2	2	8	5	5	4	1	1	5	4	5	13	4	4	10	5	5	2	15	1	9	1	5	1	10	1		1	2	11	
113	3	26	18	31	臺北市	大同區	大同區錦西街50號（對面）	25.06028246	121.5193589	0	0	1	2	8	5	5	14	9	1	5	4	5	13	4	4	8	3	5	1	13	1	9	1	6	1	10	1		1	2	11	
113	3	26	18	39	臺北市	中山區	中山區中山橋往北	25.07390796	121.5248807	0	0	2	4	8	5	5	8	9	1	5	4	5	13	4	4	1	4	5	2	17	4	9	1	3	1	4	1		1	3	2	
113	3	26	18	50	臺北市	士林區	士林區百齡橋東往西007燈桿	25.0894673	121.5138252	0	0	2	3	8	5	5	8	11	1	5	4	5	13	4	4	1	2	5	2	13	1	9	1	5	1	10	1		1	2	11	
113	3	26	19	28	臺北市	中山區	中山區長安東路2段與龍江路口	25.0483516	121.5404279	0	0	2	2	7	5	5	4	2	1	5	4	5	13	2	1	5	5	5	2	17	4	5	1	3	1	10	1		1	2	12	
113	3	26	19	32	臺北市	松山區	松山區復興北路與長安東路2段口	25.0480628	121.5440371	0	0	3	3	7	5	5	4	2	1	5	4	5	13	1	1	1	3	5	2	13	1	9	1	5	2	10	1		1	2	11	
113	3	26	19	35	臺北市	北投區	北投區中央北路4段543號	25.1276424	121.467395	0	0	2	7	7	5	5	14	9	1	5	4	5	13	4	4	9	4	5	2	12	4	1	1	3	2	10	1		2	2	14	
113	3	26	19	40	臺北市	內湖區	內湖區民權東路6段21巷18-2號停車場出口	25.06929095	121.5803371	0	0	1	2	7	5	5	14	9	1	5	4	5	13	4	4	9	4	5	2	16	1	1	1	7	1	8	1		1	3	1	
113	3	26	19	42	臺北市	中山區	中山區民權東路2段與吉林路口	25.0624614	121.5304396	0	0	1	2	7	5	5	4	2	1	5	4	5	13	2	1	5	3	5	2	17	4	8	1	3	1	8	1		1	3	17	
113	3	26	20	0	臺北市	內湖區	內湖區民權東路6段42號	25.06771731	121.581987	0	0	1	2	7	5	5	14	9	1	5	4	5	13	4	4	9	5	5	2	17	1	5	1	7	2	8	1		1	3	8	
113	3	26	20	27	臺北市	中山區	中山區北安路與中山北路3段口	25.07657836	121.526557	0	0	1	2	7	5	5	5	2	1	5	4	5	13	1	1	8	3	5	1	17	1	9	1	5	1	10	1		1	2	11	
113	3	26	21	30	臺北市	中正區	中正區汀州路2段與同安街口	25.02405971	121.5216961	0	0	1	3	7	5	5	4	1	1	5	4	5	13	2	1	4	4	5	1	16	1	6	1	6	1	10	1		1	3	12	
113	3	26	21	58	臺北市	大同區	大同區民生西路與寧夏路口	25.0569854	121.5156734	0	0	1	2	8	5	5	4	1	1	5	4	5	13	2	1	4	3	5	1	16	4	11	1	3	1	8	1		1	3	2	
113	3	26	22	25	臺北市	士林區	士林區基河路240巷與基河路口	25.09131287	121.5215421	0	0	2	3	8	5	5	4	2	1	5	4	5	13	2	1	9	4	5	1	17	1	6	1	7	1	4	1		1	3	8	
113	3	26	22	30	臺北市	大安區	大安區仁愛路4段與仁愛路4段345巷口	25.0379535	121.5539927	0	0	1	2	7	5	5	3	2	1	5	4	5	13	4	4	1	4	5	2	13	4	9	1	3	1	10	1		1	2	11	
113	3	26	22	57	臺北市	北投區	北投區中央北路4段310號	25.1310994	121.4731049	0	0	2	2	8	5	5	14	8	1	5	4	5	13	4	4	5	4	4	2	3	5	16	8	4	1	20	1		1	2	16	
113	3	26	23	3	臺北市	松山區	松山區市民大道6段與松信路口	25.04946178	121.5722433	0	0	1	2	8	5	5	4	1	1	5	4	5	13	2	1	9	4	5	2	15	1	9	1	7	2	4	1		1	3	1	
113	3	26	23	7	臺北市	松山區	松山區市民大道5段與東興路口	25.048322	121.5658635	0	0	2	2	8	5	5	4	1	1	5	4	5	13	2	1	1	4	5	2	17	1	10	1	6	1	10	1		1	2	14	
113	3	26	23	54	臺北市	萬華區	萬華區中華路2段與西藏路口	25.0301077	121.5041507	0	0	1	4	8	5	5	4	1	1	5	4	5	13	1	2	1	3	5	2	12	1	6	1	7	1	8	1		1	3	5	
113	3	27	0	10	臺北市	松山區	松山區八德路3段74巷與延吉街30巷口	25.0461713	121.5524841	0	0	1	4	8	5	5	4	1	1	5	4	5	13	4	4	9	4	5	2	15	1	9	1	7	2	8	1		1	2	2	
113	3	27	0	25	臺北市	士林區	士林區至善路1段132號前	25.0974022	121.539428	0	0	1	2	7	5	5	14	8	1	5	4	5	13	4	4	1	4	4	1	14	1	2	1	7	1	8	1		1	3	3	8
113	3	27	0	27	臺北市	北投區	北投區石牌路2段301號	25.1213684	121.5229412	0	0	1	2	8	5	5	11	9	1	5	4	5	13	4	4	5	5	5	2	11	1	9	6	7	11	18	2		1	3	8	
113	3	27	6	11	臺北市	中正區	中正區中山南路與信義路1段口	25.03868806	121.518025	0	0	1	2	7	7	5	5	1	1	5	4	5	13	1	1	1	4	1	2	16	1	9	1	7	2	8	1		1	3	1	
113	3	27	7	20	臺北市	中正區	中正區中山南路與徐州路口	25.04184678	121.5186715	0	0	1	2	8	5	5	3	1	1	5	4	5	13	1	1	10	4	5	2	16	4	8	1	6	1	10	1		1	3	13	
113	3	27	7	20	臺北市	士林區	士林區雨農路與雙溪街口	25.1012954	121.5328725	0	0	1	2	8	7	5	3	1	1	5	4	5	13	4	4	1	5	5	2	17	1	6	1	6	11	10	1		1	2	11	
113	3	27	7	20	臺北市	大安區	大安區和平東路3段與嘉興街口	25.0231283	121.5537817	0	0	1	2	8	7	5	4	2	1	5	4	5	13	2	1	1	4	5	2	17	1	15	1	7	1	8	1		1	3	7	
113	3	27	7	27	臺北市	文山區	文山區木柵路3段102巷23號前	24.98689629	121.5678757	0	0	1	2	8	6	5	14	9	1	5	4	5	13	4	4	10	5	5	2	16	1	9	1	6	1	10	1		1	3	14	
113	3	27	7	29	臺北市	文山區	文山區和平東路4段381巷與木柵路4段149巷口	24.9995103	121.5745599	0	0	1	2	8	6	5	3	1	1	5	4	5	13	4	4	10	5	5	2	17	4	6	1	3	1	8	1		2	3	8	
113	3	27	7	37	臺北市	士林區	士林區文林路與福國路口	25.1016007	121.5213894	0	0	1	3	8	5	5	5	1	1	5	4	5	13	1	1	1	4	5	1	15	1	6	1	7	2	4	1		1	3	8	
113	3	27	7	44	臺北市	萬華區	萬華區堤外便道南往北(DSR402牌面前)	25.0411258	121.4985286	0	0	1	2	8	6	7	14	11	1	5	4	5	13	4	4	9	4	5	1	13	1	9	1	5	1	10	1		2	2	11	
113	3	27	7	55	臺北市	內湖區	內湖區東湖路與東湖路113巷口	25.06871103	121.6146825	0	0	1	2	7	6	5	4	1	1	5	4	5	13	1	1	5	4	5	2	16	1	6	1	7	1	8	1		1	3	17	
113	3	27	7	57	臺北市	內湖區	內湖區潭美街與潭美街口東往西(編號0309041路燈處)	25.06193504	121.6061035	0	0	1	2	7	5	5	14	9	1	5	4	5	13	4	4	5	2	5	2	13	1	9	1	5	1	10	1		2	2	12	
113	3	27	7	59	臺北市	中山區	中山區民權東路3段61號	25.0625459	121.5432209	0	0	1	2	8	5	5	14	9	1	5	4	5	13	4	4	1	4	5	2	17	4	15	1	3	1	8	1		1	3	8	
113	3	27	8	9	臺北市	內湖區	內湖區金湖路與康寧路1段口	25.07901259	121.5995431	0	0	3	4	8	5	5	3	1	1	5	4	5	13	2	1	1	4	5	2	13	1	9	1	5	2	10	1		1	2	11	
113	3	27	8	12	臺北市	松山區	松山區麥帥一橋機慢車專用道往內湖	25.05127679	121.5681387	0	0	5	5	7	6	5	14	11	1	5	4	5	13	4	4	1	4	4	2	13	1	9	1	5	2	10	1		1	2	12	14
113	3	27	8	32	臺北市	松山區	松山區市民大道4段與敦化南路1段口	25.04473963	121.5491441	0	0	1	2	8	5	5	4	1	1	5	4	5	13	2	1	3	4	4	2	17	4	9	1	3	11	8	1		1	3	7	
113	3	27	8	42	臺北市	松山區	松山區民生東路4段與光復北路口	25.0583267	121.5551919	0	0	1	2	8	7	5	4	1	1	5	4	5	13	2	1	1	3	5	2	16	1	5	1	5	1	10	1		1	3	12	
113	3	27	8	44	臺北市	中正區	中正區羅斯福路1段與愛國西路口	25.0345891	121.5163761	0	0	2	4	8	7	5	4	1	1	5	4	5	13	1	1	1	4	1	2	9	5	20	8	4	10	20	1		1	3	16	
113	3	27	8	45	臺北市	內湖區	內湖區康樂街61巷與康樂街85巷口	25.069588	121.6195159	0	0	1	2	8	7	5	4	1	1	5	4	5	13	4	4	10	5	5	2	15	1	9	1	5	2	10	1		1	3	11	
113	3	27	8	45	臺北市	大同區	大同區延平北路4段282巷與敦煌路175巷口	25.0770224	121.5110645	0	0	2	2	8	6	5	4	1	1	5	4	5	13	4	4	10	5	5	2	15	1	9	1	7	4	8	1		1	2	8	