年	月	日	時	分	縣市	行政區	allLocation	GoogleLat	GoogleLng	死	2-30	受傷	當事人數	天候	道路照明設備	道路類別	道路型態	事故位置	路面狀況1	路面狀況2	路面狀況3	道路障礙1	道路障礙2	號誌1	號誌2	車道劃分-分向	車道劃分-分道1	車道劃分-分道2	車道劃分-分道3	事故類型及型態	行動電話	當事者行動狀態	駕駛資格情形	保護裝置	飲酒情形	駕駛執照種類	個人肇逃否	肇因碼-主要	性別	受傷程度	車輛撞擊部位1	車輛撞擊部位2
113	3	27	8	45	臺北市	萬華區	萬華區大理街與大理街175巷口	25.03386709	121.4945967	0	0	2	2	8	6	5	3	1	1	5	4	5	13	4	4	10	5	5	2	16	1	5	1	6	1	10	1		1	2	11	
113	3	27	8	47	臺北市	中正區	中正區襄陽路與南陽街口	25.0433531	121.515964	0	0	1	2	8	6	5	3	2	1	5	4	5	13	4	4	5	4	5	2	13	4	8	1	6	11	10	1		2	2	13	
113	3	27	8	50	臺北市	萬華區	萬華區艋舺大道86巷與艋舺大道口	25.0333404	121.5029568	0	0	1	2	8	6	5	3	1	1	5	4	5	13	4	4	8	3	5	1	13	1	9	1	5	1	10	1		1	2	11	
113	3	27	8	54	臺北市	中正區	中正區和平西路2段與寧波西街口	25.0290734	121.5119578	0	0	1	2	8	7	5	4	1	1	5	4	5	13	1	1	1	4	5	2	12	1	7	1	5	2	11	1		2	2	14	
113	3	27	8	55	臺北市	萬華區	萬華區莒光路153巷與中華路2段130巷口	25.0307336	121.5029584	0	0	1	3	8	7	5	4	1	1	5	4	5	13	4	4	10	5	5	2	15	1	9	1	5	1	10	1		2	2	11	
113	3	27	9	5	臺北市	中正區	中正區中華路2段與愛國西路口口	25.0374626	121.5069704	0	0	1	2	8	6	5	5	1	1	5	4	5	13	1	1	1	4	5	1	17	1	6	1	7	1	8	1		1	3	2	
113	3	27	9	17	臺北市	大同區	大同區延平北路2段與保安街口	25.0591323	121.5114294	0	0	1	2	8	6	5	3	1	1	5	4	5	13	1	1	5	4	5	2	17	4	5	1	6	2	9	1		1	3	14	
113	3	27	9	22	臺北市	中正區	中正區台北車站西側門(西三門)	25.0474646	121.5161198	0	0	1	2	8	5	6	22	18	1	5	4	5	13	4	4	9	5	5	2	9	1	5	1	7	2	8	1		1	3	1	
113	3	27	9	28	臺北市	內湖區	內湖區舊宗路1段279號	25.06324021	121.576363	0	0	2	3	7	6	5	14	9	1	5	4	5	13	4	4	1	4	5	2	16	1	6	1	7	1	8	1		2	3	17	
113	3	27	9	31	臺北市	中正區	中正區廈門街與牯嶺街口	25.0275218	121.5182696	0	0	1	2	8	7	5	3	1	1	5	4	5	13	3	1	5	5	5	1	17	1	5	1	7	2	8	1		1	3	5	
113	3	27	10	10	臺北市	中山區	中山區新生北路3段與民族東路口	25.0686524	121.5276815	0	0	1	2	8	7	5	14	9	1	5	4	5	13	4	4	1	4	5	2	13	4	9	1	3	1	10	1		2	2	11	
113	3	27	10	10	臺北市	中正區	中正區貴陽街1段60號	25.0390734	121.5090028	0	0	1	2	8	7	5	14	9	1	5	4	5	13	4	4	5	4	5	2	17	1	9	1	5	1	10	1		1	2	14	
113	3	27	10	12	臺北市	內湖區	內湖區民權東路6段81巷與民權東路6段口	25.06911576	121.5878344	0	0	2	2	7	6	5	4	1	1	5	4	5	13	2	1	9	4	5	2	17	1	1	1	6	1	10	1		1	2	14	
113	3	27	10	17	臺北市	大同區	大同區民權西路與民權西路225巷口	25.0630343	121.5122918	0	0	3	3	8	6	5	4	1	1	5	4	5	13	2	1	1	5	5	2	13	1	9	5	5	11	10	1		1	2	11	
113	3	27	10	25	臺北市	松山區	松山區南京東路4段65號	25.0517839	121.553102	0	0	1	2	8	5	5	14	8	1	5	4	5	13	4	4	1	3	4	2	11	4	14	1	3	2	8	1		1	3	4	
113	3	27	10	35	臺北市	內湖區	內湖區潭美街與安康路32巷口	25.0610694	121.595037	0	0	1	2	7	7	5	3	2	1	5	4	5	13	4	4	5	5	5	2	16	1	9	1	5	1	10	1		1	3	14	
113	3	27	11	26	臺北市	中正區	中正區市民大道1段北2門前	25.0484957	121.5175263	0	0	1	5	8	6	5	14	9	1	5	4	5	13	4	4	1	4	5	2	13	4	1	1	7	11	4	2		2	3	17	
113	3	27	12	34	臺北市	萬華區	萬華區東園街與東園街28巷口口	25.0273203	121.4958502	0	0	3	3	7	6	5	3	2	1	5	4	5	13	4	4	8	3	5	1	16	4	5	1	3	1	10	1		1	2	12	
113	3	27	12	37	臺北市	士林區	士林區華岡路32號	25.1379994	121.5427048	0	0	1	2	8	6	5	14	9	1	5	4	5	13	4	4	10	5	5	2	8	1	9	1	7	2	8	1		1	3	2	
113	3	27	12	45	臺北市	士林區	士林區重慶北路4段與中正路口	25.0871907	121.5111001	0	0	2	2	8	6	5	3	2	1	5	4	5	13	1	1	10	5	5	1	13	1	9	1	5	1	10	1		2	2	11	
113	3	27	13	5	臺北市	士林區	士林區大南路與小西街口	25.0897449	121.5233726	0	0	2	2	8	6	5	4	2	1	5	4	5	13	4	4	10	5	5	1	15	1	9	1	6	2	10	1		1	2	11	
113	3	27	13	20	臺北市	中山區	中山區中山北路2段與民生西路口	25.0578601	121.5227232	0	0	1	2	7	6	5	4	1	1	5	4	5	13	2	1	1	4	5	2	12	1	8	1	6	2	10	1		2	2	11	
113	3	27	13	20	臺北市	中山區	中山區民族東路與建國北路3段口	25.0682079	121.5338118	0	0	2	2	8	6	5	4	1	1	5	4	5	13	1	1	1	4	5	2	15	4	9	1	5	1	10	1		2	2	11	
113	3	27	13	30	臺北市	大安區	大安區信義路4段與大安路1段口	25.0333322	121.5461856	0	0	1	2	8	5	7	22	10	1	5	4	5	13	2	1	1	1	1	1	9	1	1	1	7	1	2	1		1	3	17	
113	3	27	13	39	臺北市	大安區	大安區仁愛路3段143巷50號	25.04050524	121.5420348	0	0	2	3	7	6	5	14	9	1	2	4	5	13	4	4	10	5	5	1	9	5	16	8	4	9	20	1		1	3	16	
113	3	27	14	6	臺北市	士林區	士林區中山北路4段與通河街口	25.0800962	121.5244422	0	0	2	4	8	5	5	3	2	1	5	4	5	13	1	1	2	5	5	1	13	1	9	1	5	1	10	1		2	2	11	
113	3	27	14	20	臺北市	內湖區	內湖區民權東路6段與成功路2段口	25.0690296	121.5907963	1	0	3	9	7	6	5	5	1	1	5	4	5	13	2	1	9	4	5	2	16	4	9	1	3	9	4	1		1	1	1	
113	3	27	15	3	臺北市	南港區	南港區玉成街與玉成街190巷口	25.0434442	121.58515	0	0	2	3	8	7	5	4	1	1	5	4	5	13	2	1	5	4	4	2	13	1	9	1	7	2	8	1		1	3	1	
113	3	27	15	23	臺北市	大安區	大安區基隆路3段155巷57號	25.0145966	121.5434714	0	0	1	2	7	6	5	14	9	1	5	4	5	13	4	4	5	4	5	2	16	4	15	1	3	1	10	1		1	2	12	
113	3	27	15	30	臺北市	萬華區	萬華區堤外便道(桂林往大理)	25.03597866	121.4907031	0	0	1	2	8	7	5	14	9	1	5	4	5	13	4	4	10	5	5	2	17	1	11	1	6	1	10	1		2	3	17	
113	3	27	15	58	臺北市	中山區	中山區中山北路2段44巷2號旁無名巷	25.0547438	121.5216692	0	0	1	3	8	5	5	14	9	1	5	4	5	13	4	4	10	5	5	2	17	4	5	1	3	1	8	1		1	3	4	
113	3	27	16	6	臺北市	信義區	信義區基隆路2段與和平東路3段口	25.0245646	121.5528681	0	0	1	2	8	7	5	4	1	1	5	4	5	13	2	1	9	4	5	2	16	4	6	1	3	1	8	1		1	3	5	
113	3	27	16	11	臺北市	中山區	中山區八德路2段80號	25.0454889	121.5355241	0	0	1	2	7	7	5	14	9	1	5	4	5	13	4	4	9	4	5	2	13	1	9	8	5	1	20	1		2	2	16	
113	3	27	16	20	臺北市	中正區	中正區延平南路270號	25.0323	121.5072981	0	0	1	3	7	7	5	11	9	1	5	4	5	13	4	4	5	5	5	2	17	1	5	8	4	1	20	1		1	3	11	
113	3	27	16	34	臺北市	內湖區	內湖區金龍隧道與金龍路口	25.08658491	121.5885082	0	0	1	2	7	7	5	3	2	1	5	4	5	13	2	1	5	2	4	2	13	1	9	1	7	1	8	1		1	3	1	
113	3	27	16	43	臺北市	中山區	中山區長安東路1段99號	25.0481104	121.5290503	0	0	2	2	8	7	5	4	2	1	5	4	5	13	4	4	5	5	5	2	15	4	15	1	3	1	10	1		1	2	11	
113	3	27	16	47	臺北市	萬華區	萬華區桂林路與西寧南路口	25.03848441	121.4996017	0	0	1	2	8	7	5	5	1	1	5	4	5	13	2	1	3	4	5	2	12	1	9	1	5	1	11	1		2	2	12	
113	3	27	16	58	臺北市	中正區	中正區重慶南路3段與廈門街114巷口口	25.0231122	121.5169414	0	0	1	2	8	6	5	4	1	1	5	4	1	13	1	1	5	4	5	1	17	1	5	1	6	2	10	1		1	2	11	
113	3	27	17	5	臺北市	士林區	士林區延平北路7段與延平北路7段150巷口	25.0982147	121.4933206	0	0	1	2	8	5	5	4	1	1	5	4	5	13	1	1	5	5	5	2	12	1	15	1	7	1	8	1		1	3	5	
113	3	27	17	10	臺北市	文山區	文山區木新路3段與樟新街口口	24.9801788	121.5548853	0	0	1	2	8	5	5	4	1	1	5	4	5	13	2	1	10	5	5	2	16	1	6	1	5	1	10	1		1	3	12	
113	3	27	17	12	臺北市	大安區	大安區基隆路4段與羅斯福路4段口	25.0114155	121.5371634	0	0	1	2	8	7	5	4	1	1	5	4	5	13	2	1	1	4	5	2	12	1	9	1	7	1	8	1		1	3	5	
113	3	27	17	30	臺北市	中山區	中山區大直橋南	25.07645631	121.5442846	0	0	1	2	8	5	5	8	9	1	5	4	5	13	4	4	1	4	5	2	17	4	9	1	3	11	6	1		1	3	17	
113	3	27	17	39	臺北市	內湖區	內湖區民權東路6段15巷與民權東路6段口	25.0675328	121.5804667	0	0	1	2	8	6	5	3	1	1	5	4	5	13	4	4	1	4	4	2	16	4	6	1	3	1	8	1		1	3	6	
113	3	27	17	50	臺北市	松山區	松山區民生東路5段與撫遠街口	25.05928649	121.5683346	0	0	2	2	8	5	5	4	1	1	5	4	5	13	2	1	9	4	5	2	15	1	9	1	6	2	10	1		2	2	11	
113	3	27	17	56	臺北市	北投區	北投區立農街2段與義理街口	25.1185846	121.5163996	0	0	2	2	8	5	5	3	1	1	5	4	5	13	4	4	5	5	5	2	3	1	9	1	6	1	10	1		2	2	11	
113	3	27	18	4	臺北市	萬華區	萬華區桂林路244巷與環河南路2段130巷口	25.0370809	121.4937919	0	0	2	2	8	5	5	4	1	5	5	4	5	13	4	4	10	5	5	2	15	1	9	1	6	1	10	1		1	2	11	
113	3	27	18	30	臺北市	內湖區	內湖區民權大橋東往西(民權012牌)	25.0642816	121.5695421	0	0	3	4	8	5	5	8	11	1	5	4	5	13	4	4	1	4	4	1	12	4	7	1	6	2	10	1		1	2	14	
113	3	27	18	53	臺北市	中山區	中山區市民大道3段與建國南路1段口	25.0448835	121.5364821	0	0	1	4	8	5	5	4	2	1	5	4	5	13	1	1	5	4	5	2	13	1	9	1	5	1	10	1		2	3	11	
113	3	27	19	0	臺北市	內湖區	內湖區內湖路1段西向東(港墘捷運站2號出口)	25.08017491	121.5748218	0	0	1	2	7	5	5	14	9	1	5	4	5	13	4	4	1	5	4	2	17	1	7	1	7	1	8	1		1	3	7	
113	3	27	19	1	臺北市	大安區	大安區和平東路3段與和平東路3段228巷口口	25.0223957	121.5545547	0	0	2	2	8	5	5	4	1	1	5	4	5	13	2	1	1	4	5	2	17	1	9	1	6	1	10	1		1	2	15	
113	3	27	19	5	臺北市	萬華區	萬華區西藏路與艋舺大道口	25.0288203	121.4916697	0	0	1	2	8	5	5	4	2	1	5	4	5	13	1	1	9	4	5	2	17	4	7	1	7	1	8	1		1	3	8	
113	3	27	19	6	臺北市	內湖區	內湖區民權大橋東向西	25.06568909	121.5745922	0	0	1	2	8	5	5	14	11	1	5	4	5	13	4	4	1	5	5	2	17	4	21	7	3	9	19	2		2	4	15	
113	3	27	19	23	臺北市	北投區	北投區大度路1205094號燈桿	25.12156609	121.4960115	0	0	2	3	8	5	5	14	12	1	5	4	5	13	4	4	1	4	1	1	13	1	9	1	5	1	10	1		2	2	11	
113	3	27	19	27	臺北市	文山區	文山區興隆路3段與辛亥路4段口	25.0010336	121.5547171	0	0	1	3	8	5	5	4	2	1	5	4	5	13	2	1	1	2	5	2	17	1	6	1	7	1	6	1		1	3	17	
113	3	27	19	37	臺北市	松山區	松山區光復北路與南京東路5段口	25.0514897	121.5579532	0	0	2	2	8	5	5	5	1	1	5	4	5	13	2	1	1	4	5	2	15	1	15	1	5	1	10	1		1	2	11	
113	3	27	20	25	臺北市	文山區	文山區木柵路1段與木柵路1段89巷口口	24.9870582	121.5475126	0	0	1	2	8	5	5	14	9	1	5	4	5	13	2	1	5	4	5	2	13	1	9	1	5	1	10	1		2	2	11	
113	3	27	20	50	臺北市	中正區	中正區中山南路與常德街口	25.0409262	121.5183715	0	0	1	2	8	5	5	3	2	1	5	4	5	13	1	1	4	4	1	1	17	1	8	1	7	1	4	1		1	3	6	
113	3	27	20	53	臺北市	內湖區	內湖區康樂街136巷29弄與東湖路113巷口	25.07255991	121.61747	0	0	1	2	8	5	5	3	1	1	5	4	5	13	4	4	8	3	5	1	17	1	5	8	4	2	20	1		2	2	12	
113	3	27	21	13	臺北市	中正區	中正區和平西路1段36號前	25.0265488	121.5200159	0	0	1	2	8	5	5	14	8	1	5	4	5	13	4	4	1	4	4	2	12	1	8	1	7	1	4	1		1	3	2	
113	3	27	22	35	臺北市	中正區	中正區汀州路1段與西藏路口	25.0305797	121.5073263	0	0	2	2	8	5	5	4	1	1	5	4	5	13	2	1	2	4	5	2	15	1	9	1	6	2	10	1		1	2	11	
113	3	27	23	7	臺北市	中山區	中山區北安路與大直街口	25.0799013	121.5472826	0	0	1	2	8	5	5	4	1	1	5	4	5	13	1	1	1	4	5	2	16	1	5	1	5	1	10	1		1	2	14	
113	3	27	23	26	臺北市	大安區	大安區安居街98巷與安居街口	25.0190951	121.5527631	0	0	2	3	8	5	5	4	1	1	5	4	5	13	4	4	5	3	5	2	15	1	9	1	5	1	10	1		1	2	11	
113	3	27	23	52	臺北市	中正區	中正區中山南路與信義路1段口	25.03876032	121.5179795	0	0	2	2	8	5	5	5	1	1	5	4	5	13	2	1	5	4	5	2	16	1	9	1	7	2	8	1		1	2	1	
113	3	28	0	50	臺北市	士林區	士林區福國路15巷與中山北路5段829巷口	25.1015102	121.524615	0	0	1	2	8	5	5	4	1	1	5	4	5	13	4	4	10	5	5	2	15	1	9	1	6	1	10	1		1	2	11	
113	3	28	3	44	臺北市	中正區	中正區林森北路與忠孝東路1段口	25.04481969	121.523328	0	0	1	2	8	5	5	4	1	1	5	4	5	13	2	1	1	4	5	2	16	1	9	3	7	1	18	1		1	3	5	
113	3	28	4	2	臺北市	中山區	中山區長安東路2段與新生北路1段口	25.04840516	121.5298346	0	0	3	4	7	5	5	4	2	1	3	4	5	13	4	4	5	4	5	2	17	4	9	1	3	9	6	1		1	3	17	
113	3	28	5	42	臺北市	萬華區	萬華區西寧南路195號	25.04123	121.506141	0	0	1	2	8	6	5	14	9	1	5	4	5	13	4	4	10	4	5	2	17	4	11	2	3	11	18	2		1	4	4	
113	3	28	6	14	臺北市	大安區	大安區通化街與通化街171巷口	25.0281047	121.5535951	0	0	2	2	7	5	5	4	2	1	5	4	5	13	2	1	9	5	5	2	16	1	5	1	6	1	10	1		2	2	11	
113	3	28	6	20	臺北市	南港區	南港區研究院路2段與研究院路2段180巷口	25.0376619	121.6169827	0	0	1	2	8	6	5	3	2	1	5	4	5	13	1	1	5	4	5	2	3	5	16	8	4	9	20	2		4	2	16	
113	3	28	7	30	臺北市	大同區	大同區錦西街與歸綏街79巷口	25.0598617	121.5161837	0	0	3	3	7	6	5	3	1	1	5	4	5	13	4	4	9	5	5	2	17	4	5	1	6	1	10	1		1	2	12	
113	3	28	7	35	臺北市	大同區	大同區敦煌路與敦煌路80巷口	25.0757799	121.5175998	0	0	1	2	8	7	5	3	1	1	5	4	5	13	2	1	1	4	5	2	16	1	9	1	5	2	10	1		1	2	14	
113	3	28	7	44	臺北市	大安區	大安區信義路3段與建國南路2段口	25.0333668	121.5373967	0	0	2	2	8	6	5	4	1	1	5	4	5	13	2	1	4	4	5	2	17	1	6	1	6	1	10	1		1	2	11	
113	3	28	7	48	臺北市	信義區	信義區林口街114巷與林口街80巷口口	25.0395585	121.5803681	0	0	1	2	8	7	8	4	1	1	5	4	5	13	4	4	10	5	5	2	15	1	9	7	3	9	10	2		2	4	12	
113	3	28	7	52	臺北市	中山區	中山區新生北路2段122號前	25.0622583	121.527549	0	0	1	3	7	7	5	14	9	1	5	4	5	13	4	4	1	4	5	2	17	1	9	1	5	11	10	2		1	3	17	
113	3	28	7	55	臺北市	大安區	大安區和平東路1段與金山南路2段口	25.0267648	121.5259338	0	0	2	3	8	6	5	3	1	1	5	4	5	13	2	1	1	4	5	2	16	1	9	1	7	1	8	1		2	3	5	
113	3	28	8	1	臺北市	松山區	松山區民生東路4段80巷3號	25.0572694	121.5530379	0	0	2	2	8	7	5	14	18	1	5	4	5	13	4	4	9	4	5	2	3	5	16	8	4	10	20	1		2	2	16	
113	3	28	8	4	臺北市	內湖區	內湖區新湖一路與新湖二路口	25.06505669	121.5847037	0	0	1	2	8	6	5	4	2	1	5	4	5	13	4	4	5	5	5	2	17	1	9	1	7	2	8	1		1	3	5	
113	3	28	8	8	臺北市	文山區	文山區興隆路4段109巷92弄與無名巷口	24.98637508	121.5642341	0	0	1	2	7	6	5	3	2	1	5	4	5	13	4	4	10	5	5	2	16	1	5	1	7	2	8	1		1	3	4	14
113	3	28	8	14	臺北市	信義區	信義區崇德街與崇德街60巷口	25.0242465	121.5544776	0	0	1	3	7	6	5	3	1	1	2	4	5	13	4	4	9	4	5	2	18	1	9	1	5	1	10	1		1	2	14	
113	3	28	8	19	臺北市	大同區	大同區承德路2段與南京西路口	25.0533998	121.5176475	0	0	2	2	7	6	5	4	1	1	5	4	5	13	2	1	1	4	5	2	17	4	8	1	6	1	10	1		2	2	12	
113	3	28	8	19	臺北市	萬華區	萬華區南寧路與廣州街口	25.0365436	121.5050038	0	0	2	2	7	7	5	5	1	1	5	4	5	13	1	1	1	4	5	2	13	1	9	1	5	1	10	1		1	2	11	
113	3	28	8	40	臺北市	中正區	中正區林森南路與濟南路1段口	25.0424048	121.5227051	0	0	1	2	7	7	5	4	1	1	5	4	5	13	1	1	10	5	5	2	16	1	5	1	7	1	6	1		1	3	6	
113	3	28	8	50	臺北市	中山區	中山區南京東路3段與龍江路口	25.052003	121.5407469	0	0	2	2	7	5	5	4	2	1	5	4	5	13	1	1	1	4	4	2	13	4	9	1	3	1	10	1		2	2	11	
113	3	28	8	52	臺北市	內湖區	內湖區瑞湖街與舊宗路2段181巷口	25.07197479	121.5762534	0	0	2	2	8	6	5	3	1	1	5	4	5	13	4	4	5	5	5	2	3	1	9	1	6	2	10	1		1	2	11	
113	3	28	9	0	臺北市	士林區	士林區承德路4段與福港街口	25.0897043	121.5185536	0	0	1	2	7	6	5	4	2	1	5	4	5	13	1	1	1	4	4	2	18	1	6	1	6	2	10	1		1	2	12	
113	3	28	9	19	臺北市	中山區	中山區復興北路514巷與民族東路512巷口	25.0659614	121.5418392	0	0	2	2	7	5	5	14	9	1	5	4	5	13	3	3	5	5	5	2	12	4	7	1	3	1	8	1		1	2	14	
113	3	28	9	20	臺北市	信義區	信義區光復南路133號	25.0447401	121.557821	0	0	1	2	7	5	8	22	22	1	5	4	5	13	1	1	1	4	5	2	13	1	9	1	6	1	10	1		2	2	11	
113	3	28	9	23	臺北市	松山區	松山區光復北路與南京東路4段133巷7弄口	25.05262617	121.5569858	0	0	1	2	7	7	5	4	1	1	5	4	5	13	1	1	9	4	5	2	15	1	11	1	7	1	4	1		1	3	5	
113	3	28	10	14	臺北市	松山區	松山區八德路2段與敦化南路1段口	25.048155	121.5484832	0	0	1	2	8	6	5	4	1	1	5	4	5	13	1	1	1	4	1	1	17	1	6	1	7	1	4	1		1	3	6	
113	3	28	10	25	臺北市	士林區	士林區士東路91巷與士東路89巷16弄口	25.11276008	121.5292943	0	0	1	2	7	7	5	3	1	1	5	4	5	13	4	4	9	5	5	2	16	4	1	1	3	1	10	1		1	3	12	
113	3	28	11	10	臺北市	文山區	文山區羅斯福路6段與景福街口	24.9933452	121.5408348	0	0	1	3	7	6	5	4	2	1	4	4	5	13	1	1	1	4	5	2	17	1	8	1	7	1	2	1		1	3	17	
113	3	28	12	5	臺北市	大同區	大同區迪化街1段238號	25.0598601	121.5093972	0	0	1	3	8	6	5	14	9	1	5	4	5	13	4	4	10	5	5	2	9	1	9	1	7	2	1	1		1	3	4	
113	3	28	12	18	臺北市	松山區	松山區健康路與延壽街356巷口	25.0539131	121.559149	0	0	2	3	8	6	5	3	2	1	5	4	5	13	1	1	1	4	4	2	12	1	1	1	6	1	10	1		1	2	14	
113	3	28	12	31	臺北市	松山區	松山區民權東路3段與敦化北路口	25.0613179	121.5504847	0	0	1	2	8	7	5	4	1	1	5	4	5	13	1	1	1	4	1	2	23	1	9	1	6	2	10	1		1	2	11	
113	3	28	13	12	臺北市	信義區	信義區莊敬路371號	25.0276329	121.5651263	0	0	2	2	8	5	5	14	8	1	5	4	5	13	4	4	10	5	4	2	16	1	9	1	5	1	10	1		1	2	11	14
113	3	28	13	33	臺北市	中正區	中正區金門街24巷與汀州路2段178巷口	25.0228814	121.5214736	0	0	2	2	8	7	5	4	1	1	5	4	5	13	4	4	10	5	5	2	15	1	9	1	5	1	9	1		1	2	11	
113	3	28	13	45	臺北市	士林區	士林區延平北路7段106巷325號	25.10256701	121.4960849	0	0	1	2	8	6	5	14	9	1	5	4	5	13	4	4	10	5	5	1	13	1	9	1	6	1	10	1		1	3	11	
113	3	28	14	10	臺北市	文山區	文山區懷恩隧道北往南	24.99195092	121.5513505	0	0	1	2	8	5	8	11	9	1	5	4	5	13	4	4	10	2	5	1	18	1	9	1	5	1	10	1		1	2	11	
113	3	28	14	21	臺北市	中正區	中正區杭州南路1段14巷13號	25.0397858	121.5246298	0	0	2	2	8	6	8	22	22	1	5	4	5	13	4	4	10	5	5	2	17	1	9	1	6	1	10	1		1	2	12	
113	3	28	14	48	臺北市	信義區	信義區忠孝東路5段790巷與忠孝東路5段790巷23弄口	25.0426874	121.5824261	0	0	2	2	8	7	5	4	1	1	5	4	5	13	4	4	10	5	5	2	15	4	9	1	6	1	10	1		2	2	11	
113	3	28	14	50	臺北市	內湖區	內湖區民權東路6段56巷與民權東路6段56巷25弄口	25.06741996	121.5853869	0	0	1	2	8	5	5	3	1	1	5	4	5	13	4	4	9	4	4	2	15	1	1	8	4	1	20	1		1	2	14	
113	3	28	14	52	臺北市	南港區	南港區東新街與南港路3段口	25.0517935	121.5827889	0	0	2	2	8	6	5	5	1	1	5	4	5	13	2	1	1	3	5	2	17	4	8	3	3	1	18	1		1	2	5	
113	3	28	15	26	臺北市	大同區	大同區重慶北路2段88號	25.057163	121.5136528	0	0	1	3	8	6	5	14	9	1	5	4	5	13	4	4	1	4	5	2	12	4	9	1	5	1	10	1		1	2	14	
113	3	28	15	34	臺北市	大同區	大同區承德路3段與庫倫街口	25.0716419	121.5186871	0	0	1	2	7	6	5	4	2	1	5	4	5	13	2	1	1	4	5	2	17	4	15	1	3	2	8	1		1	3	4	
113	3	28	15	49	臺北市	信義區	信義區永吉路120巷與永吉路口	25.0457146	121.5701919	0	0	1	2	7	7	5	5	1	1	5	4	5	13	1	1	1	3	5	2	18	4	5	1	6	1	10	1		1	2	12	
113	3	28	16	10	臺北市	士林區	士林區中正路與志成街口	25.09619771	121.5302401	0	0	1	2	8	5	8	3	2	1	5	4	5	13	2	1	3	5	5	1	17	1	8	1	7	1	8	1		1	3	1	
113	3	28	16	39	臺北市	中山區	中山區松江路與松江路108巷口口	25.051621	121.5328682	0	0	1	2	8	7	5	3	1	1	5	4	5	13	4	4	1	4	5	2	17	4	6	1	3	1	8	1		1	3	2	
113	3	28	16	47	臺北市	大同區	大同區民權西路120號	25.0628451	121.5167405	0	0	1	2	8	6	5	14	9	1	5	4	5	13	4	4	1	4	5	2	13	4	9	1	3	1	8	1		2	3	1	
113	3	28	16	48	臺北市	中山區	中山區濱江街333號	25.0725045	121.5476481	0	0	1	2	8	7	5	14	7	1	5	4	5	13	4	4	1	4	4	2	16	1	6	1	7	1	2	1		1	3	5	
113	3	28	16	55	臺北市	大安區	大安區和平東路3段與樂利路口	25.0247556	121.5525753	0	0	1	2	8	6	5	3	2	1	5	4	5	13	4	4	10	4	5	2	13	1	6	1	7	2	8	1		1	3	5	
113	3	28	17	11	臺北市	大安區	大安區市民大道4段與敦化南路1段口	25.0445911	121.5494283	0	0	2	3	8	6	5	4	2	1	5	4	5	13	4	4	1	4	5	2	16	1	15	1	2	11	8	2		1	3	15	
113	3	28	17	27	臺北市	中山區	中山區復興北路178號	25.0543307	121.5440076	0	0	2	4	8	7	5	14	9	1	5	4	5	13	4	4	1	4	5	2	13	1	9	1	6	1	10	1		1	2	11	
113	3	28	17	43	臺北市	信義區	信義區松壽路(東向西)	25.0358681	121.5650721	0	0	1	2	8	6	5	14	9	1	5	4	5	13	4	4	4	3	5	2	12	4	11	1	3	1	8	1		2	3	4	
113	3	28	17	50	臺北市	中山區	中山區復興北路376號	25.06083734	121.5441012	0	0	2	2	7	5	5	14	9	1	5	4	5	13	4	4	1	4	5	2	13	4	9	1	6	1	10	1		1	2	11	
113	3	28	18	12	臺北市	南港區	南港區研究院路2段61巷與大坑街口	25.0453443	121.6178994	0	0	1	2	8	5	5	4	1	1	5	4	5	13	2	1	5	5	5	2	16	1	5	1	6	1	10	1		1	2	13	
113	3	28	18	31	臺北市	中山區	中山區吉林路與德惠街口	25.0666285	121.5304422	0	0	1	2	8	5	5	4	1	1	5	4	5	13	2	1	5	2	5	2	17	1	5	1	5	1	10	1		1	3	11	
113	3	28	18	36	臺北市	文山區	文山區一壽街與一壽街17巷口	24.9794383	121.5566425	0	0	1	2	7	5	5	4	1	1	5	4	5	13	4	4	5	5	5	2	15	1	9	1	6	2	10	1		1	2	11	
113	3	28	18	40	臺北市	北投區	北投區中央北路3段與中央北路3段53巷口	25.1381192	121.4852009	0	0	3	4	7	7	5	3	2	1	5	4	5	13	1	1	5	4	5	2	16	4	5	1	3	2	8	1		2	3	6	
113	3	28	18	41	臺北市	松山區	松山區民權東路4段與光復北路口	25.0619619	121.5540674	0	0	1	2	8	5	5	14	9	1	5	4	5	13	4	4	3	4	5	2	12	1	9	1	5	1	10	1		2	2	12	
113	3	28	18	59	臺北市	萬華區	萬華區華江橋往新北市機車道	25.03515759	121.5072849	0	0	2	2	7	5	7	14	11	1	5	4	5	13	4	4	9	4	5	1	17	4	9	1	3	1	10	1		1	2	12	
113	3	28	19	12	臺北市	中山區	中山區明水路397巷與明水路口	25.077436	121.5476958	0	0	2	3	7	5	5	3	2	1	5	4	5	13	1	1	3	4	5	2	17	4	5	1	3	2	8	1		1	3	2	
113	3	28	19	18	臺北市	內湖區	內湖區洲子街12號旁	25.07840708	121.5752	0	0	1	2	8	5	5	14	20	2	5	4	5	13	4	4	10	5	5	2	17	1	1	1	7	1	8	1		1	3	1	
113	3	28	19	19	臺北市	大安區	大安區基隆路4段與羅斯福路4段口	25.0111448	121.5374127	0	0	2	3	7	5	5	5	1	1	5	4	5	13	2	1	1	4	5	2	12	1	15	1	6	1	10	1		1	3	14	
113	3	28	19	32	臺北市	萬華區	萬華區萬大路145號	25.0290434	121.5006532	0	0	2	3	8	5	5	14	9	1	5	4	5	13	4	4	1	4	5	2	13	4	9	1	3	1	2	1		1	3	5	