年	月	日	時	分	縣市	行政區	allLocation	GoogleLat	GoogleLng	死	2-30	受傷	當事人數	天候	道路照明設備	道路類別	道路型態	事故位置	路面狀況1	路面狀況2	路面狀況3	道路障礙1	道路障礙2	號誌1	號誌2	車道劃分-分向	車道劃分-分道1	車道劃分-分道2	車道劃分-分道3	事故類型及型態	行動電話	當事者行動狀態	駕駛資格情形	保護裝置	飲酒情形	駕駛執照種類	個人肇逃否	肇因碼-主要	性別	受傷程度	車輛撞擊部位1	車輛撞擊部位2
113	3	28	19	48	臺北市	中山區	中山區長春路與松江路口	25.0547698	121.5331411	0	0	1	2	8	5	5	4	1	1	5	4	5	13	2	1	9	4	5	2	17	1	9	1	5	1	10	2		4	2	17	
113	3	28	20	29	臺北市	北投區	北投區承德路7段與承德路7段413巷口	25.1207651	121.4999121	0	0	1	2	7	5	5	5	2	1	5	4	5	13	1	1	3	4	5	2	16	4	6	1	3	2	8	1		1	3	5	
113	3	28	20	45	臺北市	信義區	信義區基隆路2段39巷12號	25.0310204	121.5591584	0	0	1	2	8	5	5	14	9	1	5	4	5	13	4	4	9	4	5	2	1	1	9	1	5	2	10	1		2	3	11	
113	3	28	20	55	臺北市	信義區	信義區莊敬路與吳興街361巷口	25.0267223	121.567864	0	0	3	3	8	5	5	3	18	1	5	4	5	13	4	4	9	5	4	1	3	4	5	1	3	1	10	1		1	2	11	
113	3	28	21	19	臺北市	信義區	信義區信義路5段150巷401弄與信義路5段150巷口口	25.0249905	121.5707422	0	0	1	2	8	5	5	3	1	1	5	4	5	13	4	4	9	5	5	2	16	4	5	1	3	1	8	1		1	3	8	12
113	3	28	22	37	臺北市	中山區	中山區林森北路317號	25.0561029	121.5255227	0	0	1	3	8	5	5	14	9	1	5	4	5	13	4	4	5	5	5	2	12	1	9	8	4	7	20	1		2	2	12	
113	3	28	23	38	臺北市	信義區	信義區松信路與虎林街120巷口	25.0422592	121.5719453	0	0	1	2	7	5	5	4	1	1	5	4	5	13	3	1	5	4	5	1	15	1	9	1	6	1	8	1		2	2	12	
113	3	29	0	33	臺北市	文山區	文山區辛亥路6段112號	24.9880938	121.5522639	0	0	2	3	8	5	5	14	9	1	5	4	5	13	4	4	1	4	5	2	18	4	9	1	3	2	10	1		1	2	14	
113	3	29	5	24	臺北市	萬華區	萬華區廣州街241號	25.03676948	121.4980067	0	0	1	2	8	5	5	14	9	1	5	4	5	13	4	4	9	4	5	2	2	4	9	1	7	2	8	1		1	3	5	
113	3	29	7	13	臺北市	松山區	松山區敦化南路1段88號	25.04730572	121.5486533	0	0	2	2	8	7	5	14	8	1	5	4	5	13	4	4	9	4	4	2	12	1	9	1	5	1	10	1		1	2	11	
113	3	29	7	19	臺北市	大同區	大同區鄭州路與西寧北路口	25.04950523	121.5085526	0	0	2	2	7	6	5	5	1	1	5	4	5	13	2	1	1	4	5	2	17	1	5	1	6	1	10	1		2	2	14	
113	3	29	7	32	臺北市	大同區	大同區鄭州路與鄭州路143巷口	25.0503767	121.5099953	0	0	1	2	8	5	5	3	1	1	5	4	5	13	4	4	1	4	1	2	15	1	1	1	6	2	10	1		1	2	12	
113	3	29	7	35	臺北市	中山區	中山區民權西路與天祥路口	25.06271043	121.5207782	0	0	1	2	7	7	5	4	1	1	5	4	5	13	1	1	1	4	5	2	12	1	15	1	6	9	10	1		2	3	12	
113	3	29	7	36	臺北市	中正區	中正區寧波西街130號	25.0292685	121.5129175	0	0	1	2	8	7	5	14	9	1	5	4	5	13	4	4	5	4	5	2	13	1	9	1	5	2	10	1		1	2	11	
113	3	29	7	46	臺北市	內湖區	內湖區五分街與五分街72巷口	25.06713436	121.6163799	0	0	1	2	8	6	5	4	2	1	5	4	5	13	4	4	5	5	5	2	17	1	5	1	7	1	8	1		2	3	8	
113	3	29	8	18	臺北市	中山區	中山區長春路410號	25.05455931	121.5437415	0	0	1	2	8	6	5	14	9	1	5	4	5	13	4	4	5	4	5	2	17	1	8	1	5	1	10	1		1	3	17	
113	3	29	8	39	臺北市	中正區	中正區金門街與金門街35巷口	25.0207543	121.5223424	0	0	2	2	8	6	5	4	1	1	5	4	5	13	4	4	10	5	5	2	15	1	9	1	5	2	10	1		1	2	12	
113	3	29	9	0	臺北市	大同區	大同區長安西路與貴德街口	25.0521662	121.507959	0	0	3	3	8	6	5	3	1	1	5	4	5	13	4	4	5	2	5	2	17	1	5	1	6	1	10	1		1	2	12	
113	3	29	9	3	臺北市	大安區	大安區安東街與忠孝東路3段251巷13弄口	25.0438514	121.5422247	0	0	1	2	8	7	5	4	1	1	5	4	5	13	4	4	5	5	5	2	15	1	9	1	6	1	10	1		2	2	11	
113	3	29	9	42	臺北市	大同區	大同區迪化街2段172巷與迪化街2段172巷19弄口	25.0671435	121.5097305	0	0	1	2	7	6	5	4	1	1	5	4	5	13	4	4	10	5	5	2	15	4	9	1	3	2	8	1		1	3	5	
113	3	29	9	50	臺北市	松山區	松山區八德路3段158巷4號	25.04789796	121.5551006	0	0	1	2	8	6	8	14	9	1	5	4	5	13	4	4	10	5	5	2	2	4	9	1	3	11	4	1		1	3	2	
113	3	29	10	13	臺北市	文山區	文山區辛亥路6段13號	24.9906394	121.5522414	0	0	1	4	8	7	6	14	9	1	5	4	5	13	4	4	1	4	5	2	13	1	10	1	7	2	1	1		1	3	17	
113	3	29	10	28	臺北市	大安區	大安區建國南路1段200號前	25.039826	121.5374687	0	0	2	2	8	7	5	14	9	1	5	4	5	13	4	4	10	4	5	2	17	1	10	1	6	1	10	1		1	2	14	
113	3	29	10	45	臺北市	士林區	士林區中正路士林國中前	25.094509	121.5226637	0	0	1	2	8	6	5	14	9	1	5	4	5	13	4	4	3	4	5	2	13	4	9	1	3	1	10	1		2	2	11	
113	3	29	11	0	臺北市	中山區	中山區吉林路與松江路90巷口口	25.0504935	121.5300908	0	0	1	2	8	7	5	4	1	1	5	4	5	13	1	1	5	4	4	2	17	4	5	1	3	1	8	1		1	3	8	
113	3	29	11	16	臺北市	士林區	士林區中山北路5段與雙溪街口	25.10091978	121.5263793	0	0	1	3	8	7	5	5	1	1	5	4	5	13	3	1	1	5	5	2	17	4	5	1	3	1	8	1		1	3	5	
113	3	29	11	40	臺北市	中正區	中正區貴陽街1段與懷寧街口	25.0387006	121.5136171	0	0	2	2	8	6	5	3	1	1	5	4	5	13	4	4	9	5	5	2	17	1	15	1	6	2	10	1		1	2	11	
113	3	29	11	40	臺北市	北投區	北投區東華街2段與立農街1段口	25.119705	121.5117557	0	0	2	2	8	6	5	5	2	1	5	4	5	13	1	1	5	4	5	1	16	1	5	1	5	2	10	1		1	2	14	14
113	3	29	11	50	臺北市	士林區	士林區中山北路6段與德行西路口	25.1064512	121.5248587	0	0	1	2	9	5	8	4	1	1	5	4	3	12	2	1	1	5	5	1	17	1	11	1	5	1	10	1		1	2	12	
113	3	29	11	51	臺北市	中山區	中山區市民大道2段與長安東路1段52巷口口	25.0470311	121.5278432	0	0	1	2	8	7	5	3	1	1	5	4	5	13	1	1	1	4	5	2	17	4	9	1	3	1	8	1		1	3	2	
113	3	29	11	51	臺北市	士林區	士林區中山北路5段榕樹SL0234531202	25.0828258	121.5253193	0	0	1	3	8	7	5	14	9	1	5	4	5	13	4	4	1	4	5	2	13	1	9	1	6	1	10	1		2	2	11	
113	3	29	12	9	臺北市	文山區	文山區興隆路4段109巷4號旁	24.98664208	121.5614729	0	0	2	2	8	6	5	14	10	1	5	4	5	13	4	4	9	5	5	2	16	1	7	1	6	2	10	1		1	2	11	14
113	3	29	12	45	臺北市	內湖區	內湖區文德路101巷1弄與文德路101巷口	25.07885441	121.5833857	0	0	2	2	8	6	5	3	1	1	5	4	5	13	4	4	9	5	5	2	16	1	5	1	6	2	10	1		1	2	13	
113	3	29	13	10	臺北市	松山區	松山區八德路3段12巷與八德路3段12巷70弄口	25.0453239	121.550708	0	0	1	2	7	6	5	4	1	1	5	4	5	13	4	4	10	5	5	2	15	1	9	1	7	1	8	1		1	3	1	
113	3	29	13	40	臺北市	信義區	信義區松山路197號	25.0457313	121.5778632	0	0	1	3	8	5	5	14	9	1	5	4	5	13	4	4	1	4	5	2	13	1	9	1	5	1	10	1		1	3	11	
113	3	29	14	47	臺北市	大同區	大同區酒泉街117巷與酒泉街口	25.07197121	121.5148826	0	0	1	2	8	5	5	3	1	1	5	4	5	13	4	4	5	4	5	2	16	1	11	1	7	2	4	1		1	3	4	
113	3	29	14	56	臺北市	信義區	信義區基隆路2段與嘉興街口	25.0305152	121.557946	0	0	1	2	8	7	8	3	1	1	5	4	5	13	4	4	7	5	5	2	17	1	9	1	7	1	8	1		1	3	15	
113	3	29	15	0	臺北市	文山區	文山區木新路2段69巷與木新路口側附近2段口	24.9857044	121.5706372	0	0	1	2	8	7	5	4	1	1	5	4	5	13	4	4	10	5	5	2	16	1	5	8	3	1	20	1		2	2	11	
113	3	29	15	5	臺北市	文山區	文山區羅斯福路5段與萬盛街口	25.0080899	121.5382127	0	0	1	2	8	6	6	4	1	1	5	4	5	13	1	1	1	2	5	2	16	1	5	1	7	2	8	1		1	3	5	
113	3	29	15	42	臺北市	北投區	北投區中央北路2段338號	25.1384045	121.4886614	0	0	1	2	8	6	5	14	9	1	5	4	5	13	3	1	5	4	5	2	16	1	11	1	7	2	8	1		1	3	7	
113	3	29	16	5	臺北市	北投區	北投區崇仁路1段與崇仁路1段131巷口	25.12432165	121.5020484	0	0	2	3	8	7	5	4	1	1	5	4	3	13	4	4	5	5	5	2	16	1	5	1	5	1	10	1		2	2	11	
113	3	29	16	27	臺北市	信義區	信義區和平東路3段511號	25.0171933	121.5601588	0	0	3	3	8	5	8	14	9	1	5	4	5	13	4	4	1	4	5	2	17	1	7	1	5	1	9	1		1	2	13	
113	3	29	16	30	臺北市	內湖區	內湖區內湖路2段301巷7弄與內湖路2段301巷5弄口	25.0829211	121.5906228	0	0	2	2	8	6	5	4	1	1	5	4	5	13	4	4	10	5	5	2	15	1	9	1	6	1	10	1		1	2	14	
113	3	29	16	32	臺北市	中山區	中山區錦州街6號	25.06036622	121.5236359	0	0	1	2	8	6	5	14	9	1	5	4	5	13	4	4	9	5	5	2	13	1	9	8	4	1	20	1		1	2	11	
113	3	29	16	36	臺北市	信義區	信義區忠孝東路5段與忠孝東路5段743巷口	25.0432903	121.581115	0	0	2	2	8	7	5	14	9	1	5	4	5	13	1	1	3	4	5	2	16	4	8	1	6	1	10	1		1	2	12	
113	3	29	16	38	臺北市	大同區	大同區民生西路214號	25.0569686	121.514978	0	0	1	2	8	6	8	14	9	1	5	4	5	13	4	4	5	4	5	2	17	1	14	3	7	11	18	2		1	3	4	
113	3	29	17	9	臺北市	松山區	松山區市民大道4段307號	25.04508667	121.5570603	0	0	2	3	8	7	5	14	9	1	5	4	5	13	4	4	9	4	5	2	17	1	10	1	6	9	10	1		1	3	17	
113	3	29	17	25	臺北市	內湖區	內湖區瑞光路451號	25.05473799	121.5570701	0	0	2	2	7	6	5	14	9	1	5	4	5	13	4	4	5	4	5	2	16	1	1	1	5	1	10	1		2	2	11	
113	3	29	17	27	臺北市	信義區	信義區松勤街78號	25.031926	121.5648342	0	0	1	2	7	5	5	14	20	4	5	4	5	13	4	4	10	5	5	2	17	4	1	7	3	11	19	2		1	3	1	
113	3	29	17	29	臺北市	士林區	士林區天母西路38巷3號	25.11819602	121.5261151	0	0	1	3	8	5	5	14	9	1	5	4	5	12	4	4	9	5	5	1	17	1	14	1	7	1	4	1		1	3	2	
113	3	29	17	31	臺北市	中正區	中正區重慶南路2段與重慶南路2段7巷口口	25.03326605	121.5136337	0	0	2	2	8	6	5	3	1	1	5	4	5	13	4	4	5	5	5	1	17	1	6	1	6	2	10	1		1	2	14	
113	3	29	17	46	臺北市	大安區	大安區通化街與通化街171巷口	25.0280692	121.5536038	0	0	1	2	8	7	5	4	1	1	5	4	5	13	2	1	9	5	5	1	16	4	9	1	5	9	10	1		2	2	11	
113	3	29	17	48	臺北市	大同區	大同區承德路3段與承德路3段176巷口	25.0691551	121.5182759	0	0	1	2	8	6	5	3	1	1	5	4	5	13	4	4	1	4	5	2	17	1	6	1	7	1	8	1		1	3	2	
113	3	29	18	5	臺北市	中山區	中山區北安路305號	25.07927734	121.5391364	0	0	1	2	8	5	5	11	9	1	5	4	5	13	3	1	1	4	5	2	12	1	9	1	7	1	8	1		2	3	17	
113	3	29	18	8	臺北市	中正區	中正區羅斯福路2段與和平西路1段口	25.0270993	121.5220382	0	0	2	2	8	6	5	4	2	1	5	4	5	13	1	1	3	4	4	2	17	1	9	1	5	1	10	1		1	2	11	
113	3	29	18	30	臺北市	信義區	信義區忠孝東路5段與松信路口	25.0409954	121.5722311	0	0	1	2	8	5	5	4	2	1	5	4	5	13	2	1	1	4	5	1	12	4	7	1	3	1	4	1		1	3	17	
113	3	29	18	35	臺北市	大同區	大同區民生西路與西寧北路口	25.056904	121.5089013	0	0	1	3	7	5	5	4	1	1	5	4	5	13	1	1	5	2	5	2	17	4	5	7	3	11	19	2		1	4	15	
113	3	29	19	28	臺北市	士林區	士林區至誠路1段與雨聲街口	25.10127242	121.5336324	0	0	1	2	8	5	5	3	1	1	5	4	5	13	1	1	5	5	5	2	16	4	9	1	3	1	8	1		1	3	5	
113	3	29	20	30	臺北市	北投區	北投區中央北路2段與稻香路口	25.1387514	121.4911865	0	0	3	3	8	5	5	4	1	1	5	4	5	13	2	1	4	4	5	2	13	1	6	1	5	2	10	1		1	2	13	
113	3	29	20	35	臺北市	士林區	士林區承德路4段與承德路4段77巷口	25.0821887	121.5232202	0	0	1	2	8	5	5	5	1	1	5	4	5	13	2	1	1	4	5	1	15	1	9	1	7	1	8	1		1	3	2	
113	3	29	20	42	臺北市	大安區	大安區師大路與師大路93巷口	25.0229378	121.5284999	0	0	1	2	8	5	5	4	1	1	5	4	5	13	4	4	10	5	5	1	3	4	9	1	6	2	10	1		2	3	17	
113	3	29	20	58	臺北市	大同區	大同區延平北路4段與敦煌路口	25.0764509	121.5119885	0	0	2	2	7	5	5	4	1	1	5	4	5	13	1	1	5	2	5	2	17	1	9	1	6	1	10	1		2	2	11	
113	3	29	21	1	臺北市	士林區	士林區延平北路5段136巷與延平北路5段口	25.0821844	121.5103563	0	0	2	3	7	5	5	3	2	1	5	4	5	13	1	1	1	4	5	1	16	4	11	1	3	1	10	1		2	2	12	
113	3	29	21	26	臺北市	信義區	信義區吳興街與吳興街156巷口	25.0292479	121.561876	0	0	1	2	8	5	5	4	1	1	5	4	5	13	2	1	9	5	5	1	16	4	5	1	3	2	4	1		1	3	4	
113	3	29	22	52	臺北市	松山區	松山區市民大道4段與延吉街口	25.0444702	121.5537671	0	0	2	3	7	5	5	5	1	1	5	4	5	13	1	1	1	3	5	2	16	1	5	1	6	1	10	1		2	2	12	
113	3	29	23	0	臺北市	信義區	信義區松壽路20號	25.035779	121.5670251	0	0	1	2	8	5	5	14	9	1	5	4	5	13	1	1	10	4	5	2	3	4	9	1	3	1	4	1		1	3	2	
113	3	29	23	33	臺北市	信義區	信義區環東大道下基隆路匝道	25.0462004	121.5675673	0	0	1	2	7	6	5	14	9	1	5	4	5	13	4	4	10	4	5	2	12	4	7	1	3	2	4	1		1	3	8	
113	3	30	0	10	臺北市	大安區	大安區仁愛路3段123巷與仁愛路3段口	25.038237	121.5419201	0	0	2	3	8	5	5	3	1	1	5	4	5	13	4	4	1	3	1	2	16	1	6	1	7	1	8	1		1	3	5	
113	3	30	0	12	臺北市	大同區	大同區忠孝西路1段與延平北路1段口	25.0480712	121.5115953	0	0	1	2	8	5	5	3	1	1	5	4	5	13	2	1	8	3	5	2	16	1	9	1	6	11	9	2		4	2	11	
113	3	30	2	0	臺北市	大同區	大同區敦煌路88巷與哈密街59巷31弄口口	25.07493849	121.5169589	0	0	2	2	8	5	5	3	1	1	5	4	5	13	4	4	9	5	5	2	16	1	9	8	4	1	20	1		2	2	11	
113	3	30	3	0	臺北市	中山區	中山區民生東路1段與林森北路口	25.0581774	121.5255511	0	0	1	2	7	5	5	4	18	1	5	4	5	13	2	1	5	4	5	2	3	1	5	1	7	1	4	1		1	3	8	
113	3	30	5	45	臺北市	萬華區	萬華區水源路東往西方向(編號0905257燈桿前)	25.020647	121.5052057	0	0	1	2	7	5	6	14	9	1	5	4	5	13	4	4	4	3	5	1	12	1	9	1	5	11	10	2		4	2	13	
113	3	30	6	38	臺北市	萬華區	萬華區長沙街2段與西昌街口	25.0409461	121.5007595	0	0	1	2	6	7	5	4	2	1	4	4	5	13	1	1	9	5	5	2	17	1	5	8	4	1	20	1		1	3	17	
113	3	30	7	13	臺北市	松山區	松山區光復北路與民權東路4段口	25.0617955	121.5543306	0	0	2	2	6	6	5	4	2	1	4	4	5	13	1	1	1	4	5	2	12	1	9	1	6	1	10	1		1	2	15	
113	3	30	7	20	臺北市	內湖區	內湖區堤頂大道1段351號	25.0639498	121.5726665	0	0	1	2	6	6	5	14	9	1	4	4	5	13	4	4	9	4	5	2	21	1	9	1	7	2	4	1		1	2	1	
113	3	30	8	6	臺北市	士林區	士林區福港街259巷與福港街259巷18弄口	25.0840146	121.518472	0	0	1	3	6	5	5	4	1	1	4	4	5	13	4	4	10	5	5	2	15	1	9	1	7	1	6	1		1	3	1	
113	3	30	8	58	臺北市	大安區	大安區和平東路2段134號	25.02473965	121.5446878	0	0	1	3	6	6	5	14	9	1	4	4	5	13	1	1	1	4	5	1	13	1	9	1	7	1	4	1		1	3	1	
113	3	30	9	12	臺北市	萬華區	萬華區西園路2段與西園路2段225巷口	25.03809508	121.4945252	0	0	1	3	6	7	5	3	1	1	4	4	5	13	2	1	1	4	5	2	13	1	9	1	5	1	10	1		1	2	11	
113	3	30	9	13	臺北市	大同區	大同區延平北路3段與伊寧街口	25.0646519	121.5111156	0	0	1	2	8	5	5	4	2	1	4	4	5	13	2	1	5	4	5	1	17	4	5	1	3	1	8	1		1	3	4	
113	3	30	10	8	臺北市	中山區	中山區濱江街5號旁	25.07161573	121.5304468	0	0	1	2	6	6	5	14	9	1	4	4	5	13	1	1	10	5	4	2	16	4	5	1	3	1	8	1		1	3	4	
113	3	30	10	19	臺北市	大安區	大安區敦化南路1段187巷與忠孝東路4段205巷口	25.0425659	121.5519212	0	0	1	2	6	7	5	4	1	1	4	4	5	13	4	4	10	5	5	2	15	4	9	1	3	1	8	1		2	3	5	
113	3	30	10	26	臺北市	士林區	士林區至善路2段與臨溪路口	25.0970507	121.5423973	0	0	1	2	7	5	5	3	1	1	4	4	5	13	1	1	1	4	5	2	16	1	6	1	7	2	8	1		2	3	2	
113	3	30	10	40	臺北市	中山區	中山區中山北路2段與民權西路口	25.06293282	121.5224701	0	0	3	3	6	6	5	4	4	1	4	4	5	13	1	1	4	4	1	2	13	1	12	1	5	1	10	1		2	2	11	12
113	3	30	10	40	臺北市	文山區	文山區光輝路與光輝路71巷口口	24.98495423	121.5566092	0	0	1	2	6	7	5	5	1	1	4	4	5	13	4	4	10	5	5	2	15	1	9	1	5	1	10	1		2	2	11	
113	3	30	10	55	臺北市	內湖區	內湖區民權東路6段與行愛路口	25.06658468	121.5785947	0	0	1	2	6	7	5	4	1	1	4	4	5	13	1	1	1	1	4	1	17	4	6	1	3	1	8	1		1	3	6	
113	3	30	11	10	臺北市	中正區	中正區市民大道1段168號	25.04836943	121.5182846	0	0	2	6	8	6	5	14	9	1	5	4	5	13	4	4	10	4	5	2	17	4	1	1	7	11	8	1		1	3	17	13
113	3	30	11	27	臺北市	內湖區	內湖區康寧路3段與東湖路口	25.06845236	121.6120724	0	0	1	2	7	6	5	3	1	1	5	4	5	13	1	1	1	4	5	2	12	1	7	1	5	1	10	1		1	2	13	
113	3	30	11	32	臺北市	大安區	大安區信義路4段265巷5弄與信義路4段265巷口	25.0338075	121.5543128	0	0	1	2	8	7	5	4	1	1	5	4	5	13	4	4	5	3	5	1	3	4	5	1	3	2	8	1		1	3	1	
113	3	30	11	55	臺北市	大安區	大安區忠孝東路4段77巷與敦化南路1段190巷口	25.0426521	121.5472125	0	0	2	2	8	5	5	4	1	1	5	4	5	13	4	4	9	5	5	2	15	1	9	1	6	1	10	1		2	2	11	
113	3	30	11	55	臺北市	文山區	文山區興隆路3段與辛亥路5段口	25.0007326	121.5546979	0	0	2	2	8	6	5	4	18	1	5	4	5	13	2	1	1	4	5	2	3	5	18	8	4	10	20	1		2	2	16	
113	3	30	12	0	臺北市	信義區	信義區福德街與福德街221巷口	25.0385165	121.5849078	0	0	2	2	7	6	5	4	2	1	5	4	5	13	2	1	9	5	5	2	16	1	5	1	5	2	10	1		1	2	12	14
113	3	30	12	43	臺北市	松山區	松山區復興北路313巷41號	25.0589698	121.5464585	0	0	1	2	7	6	5	14	9	1	5	4	5	13	4	4	10	5	5	2	12	1	7	1	7	2	4	1		1	3	4	
113	3	30	12	58	臺北市	中正區	中正區南海路與南海路44巷口	25.0321595	121.5156215	0	0	2	2	8	6	5	3	1	1	5	4	5	13	4	4	10	4	5	2	17	1	5	1	5	1	10	1		2	2	13	
113	3	30	13	6	臺北市	信義區	信義區基隆路1段200號	25.0399899	121.5636376	0	0	1	2	7	6	5	6	9	1	5	4	5	13	4	4	9	5	5	2	13	4	9	1	5	1	10	1		1	2	11	14
113	3	30	13	31	臺北市	信義區	信義區基隆路1段172巷與忠孝東路4段559巷16弄口口	25.0432184	121.5649355	0	0	4	5	8	7	5	3	1	1	5	4	5	13	4	4	10	5	5	2	16	1	6	1	7	1	8	1		1	3	1	
113	3	30	13	52	臺北市	文山區	文山區興隆路3段82號	24.99981506	121.5566217	0	0	1	2	8	6	5	14	9	1	5	4	5	13	4	4	1	4	5	2	17	1	14	1	7	2	8	1		2	3	4	
113	3	30	15	14	臺北市	信義區	信義區永吉路30巷與永吉路30巷148弄口	25.0427439	121.5686975	0	0	1	2	8	6	5	3	1	1	5	4	5	13	4	4	8	4	5	2	3	1	6	1	5	2	10	1		2	3	11	
113	3	30	15	45	臺北市	南港區	南港區南港路1段與興中路口	25.0545915	121.6081676	0	0	1	2	7	7	5	4	2	1	5	4	5	13	2	1	9	4	5	2	16	4	5	1	6	1	10	1		1	3	14	
113	3	30	15	50	臺北市	文山區	文山區道南河濱公園景美溪左岸自行車道(第3013301燈桿)	24.97747295	121.5544162	0	0	1	2	8	7	8	22	22	1	5	4	5	13	4	4	10	5	5	1	17	1	15	8	4	1	20	1		2	3	17	
113	3	30	16	5	臺北市	南港區	南港區忠孝東路7段與忠孝東路7段265巷口	25.0516805	121.6037164	0	0	2	3	7	7	5	5	2	1	5	4	5	12	1	1	5	4	5	2	13	1	9	1	5	2	10	1		1	2	11	
113	3	30	17	30	臺北市	中正區	中正區重慶南路1段與貴陽街1段口	25.03885265	121.5127442	0	0	2	2	7	6	5	4	1	1	5	4	5	13	1	1	10	2	5	2	16	4	8	1	6	2	10	1		1	2	12	
113	3	30	18	1	臺北市	中山區	中山區敬業三路100號	25.08192541	121.5564027	0	0	1	2	8	7	5	14	8	1	5	4	5	13	4	4	1	4	4	2	12	1	6	1	7	2	8	1		1	3	2	
113	3	30	18	1	臺北市	信義區	信義區松德路與松德路118巷口	25.0374725	121.5747858	0	0	1	2	8	5	5	4	2	1	5	4	5	13	1	1	1	3	4	2	16	4	5	1	3	1	8	1		2	3	2	
113	3	30	18	24	臺北市	文山區	文山區興隆路3段36巷與興隆路3段36巷17弄口口	24.9994839	121.5550762	0	0	3	4	8	5	5	3	2	1	5	4	5	13	3	1	9	5	5	2	16	5	20	8	6	10	20	1		1	2	16	
113	3	30	18	30	臺北市	內湖區	內湖區新明路354號前	25.0549966	121.5810544	0	0	1	2	8	5	5	14	9	1	5	4	5	13	4	4	5	5	5	2	2	1	9	1	7	2	8	1		1	3	5	
113	3	30	18	35	臺北市	士林區	士林區雙溪街(1107877燈桿)	25.10038018	121.5244986	0	0	2	2	8	5	5	14	9	1	5	4	5	13	4	4	5	4	5	1	3	4	9	1	3	2	10	1		1	2	11	
113	3	30	18	41	臺北市	大安區	大安區新生南路3段22巷與溫州街口	25.024143	121.5334045	0	0	1	2	8	5	5	4	1	1	5	4	5	13	4	4	10	5	5	1	15	4	9	1	3	1	8	1		2	3	1	
113	3	30	18	41	臺北市	文山區	文山區羅斯福路6段391號	24.9924355	121.5407282	0	0	2	3	8	5	5	14	9	1	5	4	5	13	4	4	1	4	5	2	12	1	15	1	6	2	10	1		1	2	14	
113	3	30	18	44	臺北市	大安區	大安區市民大道4段與復興南路1段107巷5弄口	25.0447829	121.5444499	0	0	2	3	8	5	5	3	2	1	5	4	5	13	4	4	10	4	5	1	16	4	9	1	6	1	10	1		2	2	11	
113	3	30	18	46	臺北市	中山區	中山區民權東路3段與龍江路口	25.06244384	121.540856	0	0	1	2	7	5	5	4	18	1	5	4	5	13	2	1	1	3	5	2	3	5	16	8	4	10	20	1		2	2	16	
113	3	30	18	50	臺北市	中正區	中正區重慶南路1段與愛國西路口	25.03555062	121.5125738	0	0	4	4	8	5	5	5	2	1	5	4	5	13	2	1	1	5	5	2	17	1	8	1	6	1	10	1		1	2	13	12
113	3	30	21	13	臺北市	萬華區	萬華區萬大路與東園街口	25.02156533	121.4986736	0	0	2	2	8	5	5	4	1	4	5	4	1	11	2	1	5	5	5	2	15	1	9	1	6	1	10	1		2	2	11	
113	3	30	21	20	臺北市	中山區	中山區市民大道2段與中山北路1段口	25.0481238	121.5210533	0	0	2	4	7	5	5	4	3	1	5	4	5	13	2	1	1	4	5	2	12	1	9	1	6	1	10	1		1	3	12	
113	3	30	22	50	臺北市	大同區	大同區鄭州路與鄭州路83巷口	25.0498908	121.512376	0	0	1	3	7	5	5	3	1	1	5	4	5	13	4	4	1	4	5	2	17	1	6	2	6	1	18	1		1	3	17	
113	3	30	23	56	臺北市	信義區	信義區大道路與大道路28巷口	25.0419226	121.5818925	0	0	1	2	8	5	5	4	2	1	5	4	5	13	4	4	10	5	5	2	15	1	9	1	3	1	4	1		1	3	4	
113	3	31	6	16	臺北市	內湖區	內湖區金龍路與內湖路3段18巷口	25.08492632	121.5930205	0	0	1	2	8	7	5	3	1	1	5	4	5	13	4	4	5	5	4	2	16	1	11	1	7	1	8	1		1	3	2	
113	3	31	7	46	臺北市	萬華區	萬華區康定路與大理街口	25.0345437	121.5011158	0	0	2	3	6	7	5	4	1	1	4	4	5	13	1	1	8	3	5	2	16	1	5	1	5	1	10	1		1	2	14	
113	3	31	8	50	臺北市	南港區	南港區忠孝東路6段與忠孝東路6段225巷口	25.0494653	121.5887812	0	0	1	2	6	7	5	4	2	5	4	4	5	13	4	4	10	5	5	2	15	4	9	1	3	1	8	1		2	3	5	
113	3	31	9	20	臺北市	中山區	中山區北安路47號	25.0777147	121.5285613	0	0	1	2	7	7	5	14	9	1	4	4	5	13	4	4	1	4	5	2	17	4	5	1	3	1	8	1		1	3	2	
113	3	31	9	26	臺北市	中正區	中正區市民大道3段與金山北路1段口	25.04596102	121.5307656	0	0	2	2	6	7	5	4	1	1	4	4	5	13	1	1	1	4	1	2	10	1	9	1	5	2	10	1		1	2	11	
113	3	31	9	30	臺北市	大安區	大安區復興南路2段與瑞安街23巷口	25.0309527	121.5435946	0	0	1	2	6	6	5	4	2	1	4	4	5	13	2	1	1	4	5	2	13	4	7	1	3	1	4	1		1	3	3	
113	3	31	9	40	臺北市	中正區	中正區市民大道2段與林森北路口	25.0477328	121.52397	0	0	2	2	8	6	5	4	1	1	4	4	5	13	1	1	1	4	5	2	17	1	9	1	6	2	10	1		2	2	15	
113	3	31	9	50	臺北市	大同區	大同區民權西路194號	25.0628893	121.514503	0	0	1	2	7	6	5	14	9	1	4	4	5	13	4	4	1	5	5	2	12	1	8	1	6	1	10	1		2	3	12	