年	月	日	時	分	縣市	行政區	allLocation	GoogleLat	GoogleLng	死	2-30	受傷	當事人數	天候	道路照明設備	道路類別	道路型態	事故位置	路面狀況1	路面狀況2	路面狀況3	道路障礙1	道路障礙2	號誌1	號誌2	車道劃分-分向	車道劃分-分道1	車道劃分-分道2	車道劃分-分道3	事故類型及型態	行動電話	當事者行動狀態	駕駛資格情形	保護裝置	飲酒情形	駕駛執照種類	個人肇逃否	肇因碼-主要	性別	受傷程度	車輛撞擊部位1	車輛撞擊部位2
113	3	31	9	52	臺北市	中正區	中正區羅斯福路4段24巷2號	25.0153966	121.5330848	0	0	1	2	8	6	5	14	9	1	5	4	5	13	4	4	5	2	5	2	17	1	5	1	7	2	8	1		2	3	4	
113	3	31	9	56	臺北市	內湖區	內湖區金湖路與康寧路1段口	25.07901848	121.5996896	0	0	2	3	8	6	5	3	2	1	5	4	5	13	1	1	1	4	4	2	17	4	8	7	3	11	19	2		1	4	15	
113	3	31	10	8	臺北市	大安區	大安區羅斯福路4段與羅斯福路4段113巷口	25.0111819	121.5374924	0	0	1	2	7	6	5	5	1	1	4	4	5	13	2	1	10	3	5	2	16	1	6	1	7	2	4	1		1	3	2	
113	3	31	10	51	臺北市	中山區	中山區長春路與吉林路口	25.0540471	121.5302075	0	0	2	5	7	6	5	14	8	1	5	4	5	13	4	4	10	3	4	1	17	1	6	1	5	1	10	1		1	2	11	
113	3	31	10	56	臺北市	信義區	信義區松信路與永吉路口	25.0455136	121.5719184	0	0	1	2	8	7	5	4	2	1	5	4	5	13	1	1	3	4	5	2	9	4	12	1	3	1	2	1		1	3	17	
113	3	31	11	54	臺北市	內湖區	內湖區康寧路1段185號前	25.07834551	121.5961916	0	0	2	3	7	5	5	14	9	1	5	4	5	13	4	4	9	5	5	2	16	1	11	1	7	2	4	1		1	3	8	
113	3	31	11	54	臺北市	大安區	大安區和平東路2段175巷15弄4號	25.0261328	121.5419894	0	0	1	2	7	7	5	14	9	1	5	4	5	13	4	4	10	5	5	2	9	4	9	1	2	9	8	2		1	3	2	
113	3	31	12	4	臺北市	大安區	大安區忠孝東路4段與仁愛路4段151巷口	25.0413831	121.5515804	0	0	1	2	7	6	5	3	2	1	5	4	5	13	4	4	1	4	5	2	13	4	9	1	3	1	10	1		1	2	11	
113	3	31	12	5	臺北市	士林區	士林區福林路254巷第37號停車格	25.09810077	121.5367759	0	0	4	6	7	5	5	14	9	1	5	4	5	13	4	4	10	5	5	2	17	1	3	1	7	1	8	1		1	3	17	
113	3	31	12	55	臺北市	內湖區	內湖區康樂街85巷與康樂街61巷口	25.06957467	121.6194757	0	0	1	2	6	5	5	4	1	1	4	4	5	13	4	4	10	5	5	1	15	4	9	1	3	1	10	1		2	2	12	
113	3	31	13	20	臺北市	士林區	士林區中山北路5段與福國路口	25.1024739	121.5256425	0	0	1	2	6	6	5	3	1	1	4	4	5	13	2	1	3	4	5	2	17	4	5	1	3	1	10	1		2	2	14	
113	3	31	14	2	臺北市	大安區	大安區仁愛路3段與新生南路1段口	25.0377982	121.5329381	0	0	1	2	7	5	5	4	1	1	5	4	5	13	1	1	1	4	5	2	13	1	9	1	6	1	10	1		1	2	11	
113	3	31	14	18	臺北市	中正區	中正區衡陽路與博愛路口	25.04225435	121.5114948	0	0	1	2	7	6	5	4	1	1	5	4	5	13	1	1	10	4	5	2	16	1	5	1	7	2	6	1		1	3	4	
113	3	31	15	1	臺北市	中山區	中山區吉林路與錦州街口	25.0601855	121.5302581	0	0	1	2	8	5	5	4	2	1	5	4	5	13	2	1	5	4	4	2	16	4	5	1	3	1	10	1		1	3	14	
113	3	31	15	18	臺北市	中山區	中山區明水路與北安路口	25.08575409	121.552776	0	0	1	2	6	7	5	4	1	1	4	4	5	13	2	1	1	4	5	2	16	4	9	1	3	1	8	1		1	3	5	
113	3	31	15	20	臺北市	萬華區	萬華區雙園街與雙園街152巷口	25.03175602	121.4918961	0	0	1	2	8	5	5	4	1	1	5	4	5	13	4	4	9	4	5	2	17	4	9	2	6	1	18	1		1	2	14	
113	3	31	15	25	臺北市	中山區	中山區中山北路4段與中山橋口	25.07494623	121.525689	0	0	2	3	6	5	5	14	11	1	4	4	5	13	4	4	10	5	5	2	13	1	9	1	6	1	10	1		1	2	11	
113	3	31	15	42	臺北市	大安區	大安區辛亥路3段與基隆路3段口	25.01944137	121.5467078	0	0	1	2	7	6	5	4	1	1	5	4	5	13	2	1	1	4	5	1	17	1	6	1	7	2	8	1		1	3	5	
113	3	31	15	46	臺北市	大同區	大同區環河北路1段與鄭州路口口	25.0505191	121.5068634	0	0	1	2	7	6	5	4	1	1	5	4	5	13	2	1	1	2	4	2	13	1	12	1	6	1	10	1		1	2	13	
113	3	31	16	10	臺北市	萬華區	萬華區中華路1段與開封街2段口	25.0459565	121.5092233	0	0	1	2	6	7	5	22	18	1	4	4	5	13	1	1	1	4	5	2	1	5	16	8	4	10	20	2		4	2	16	
113	3	31	16	40	臺北市	大同區	大同區延平北路4段與延平北路4段153巷口	25.0726855	121.5111582	0	0	1	2	6	6	5	3	1	1	4	4	5	13	4	4	4	3	5	1	16	4	11	1	3	1	8	1		1	3	4	
113	3	31	16	47	臺北市	北投區	北投區公館路155號	25.12915	121.5060673	0	0	2	3	6	7	5	14	9	1	4	4	5	13	4	4	9	5	5	1	9	1	9	1	6	1	10	1		1	2	12	
113	3	31	17	16	臺北市	中山區	中山區松江路5號	25.0461118	121.5331382	0	0	2	2	6	5	5	14	9	1	4	4	5	13	4	4	5	4	5	2	12	1	9	1	6	1	10	1		1	2	14	
113	3	31	17	26	臺北市	文山區	文山區木柵路1段與木柵路1段59巷口	24.9867989	121.5459639	0	0	1	2	6	5	5	4	1	1	4	4	5	13	1	1	10	5	5	2	17	4	5	1	3	1	8	1		1	3	2	
113	3	31	18	20	臺北市	北投區	北投區中央北路4段577巷與中央北路4段口	25.1271848	121.4667582	0	0	1	2	6	5	5	3	1	1	4	4	5	13	2	1	5	4	5	2	15	4	11	1	3	1	8	1		2	3	6	
113	3	31	19	10	臺北市	信義區	信義區忠孝東路5段423巷與虎林街82巷口	25.0433685	121.5754374	0	0	1	2	6	5	5	4	1	1	4	4	5	13	4	4	9	5	5	2	18	1	9	1	5	1	10	1		1	2	14	
113	3	31	19	35	臺北市	內湖區	內湖區碧山路7號附近	25.08742265	121.5911291	0	0	1	2	7	5	5	14	9	1	4	4	5	13	4	4	10	3	5	1	11	1	9	1	6	1	9	1		1	2	12	11
113	3	31	19	46	臺北市	中正區	中正區羅斯福路1段與愛國西路口	25.034541	121.516693	0	0	1	2	6	5	5	4	1	1	4	4	5	13	1	1	1	4	1	2	17	4	6	7	3	9	19	2		1	4	17	
113	3	31	21	26	臺北市	大安區	大安區通化街與通化街120巷口	25.029222	121.5539741	0	0	1	2	8	5	5	4	2	1	5	4	5	13	4	4	9	5	5	1	17	4	6	1	5	1	9	1		1	3	17	
113	3	31	21	30	臺北市	內湖區	內湖區堤外便道(PU12A柱)	25.06573526	121.6172403	0	0	1	2	6	5	5	14	9	1	4	4	5	13	4	4	9	5	5	1	10	1	9	1	7	2	8	1		1	3	8	
113	3	31	21	50	臺北市	中山區	中山區長安東路2段28號	25.0486529	121.5316071	0	0	1	2	8	5	5	14	9	1	5	4	5	13	4	4	9	4	5	2	12	1	7	1	7	1	4	1		1	3	8	
113	3	31	22	52	臺北市	松山區	松山區南京東路4段75號	25.0517719	121.5532228	0	0	1	2	7	5	5	14	9	1	5	4	5	13	4	4	1	4	5	2	13	1	9	1	5	1	10	1		2	2	11	
113	3	31	23	8	臺北市	大安區	大安區和平東路1段與新生南路2段口	25.0259651	121.534621	0	0	2	3	7	5	5	4	2	1	4	4	5	13	2	1	1	4	5	2	29	1	12	1	5	1	8	1		2	2	12	
113	4	1	1	50	臺北市	信義區	信義區松信路與松隆路口	25.0465915	121.5720619	0	0	2	3	6	5	5	4	2	1	4	4	5	13	2	1	3	4	5	2	18	1	5	6	7	2	18	1		1	2	1	
113	4	1	5	30	臺北市	文山區	文山區木柵路5段43巷151號附近側附近	25.00643775	121.5909177	0	0	1	2	6	7	5	11	9	1	4	4	5	13	4	4	9	5	5	2	18	1	9	1	5	1	10	1		1	2	11	
113	4	1	7	15	臺北市	大安區	大安區新生南路1段與忠孝東路3段口	25.0422196	121.5329694	0	0	1	2	8	6	5	4	1	1	5	4	5	13	2	1	1	4	4	2	17	1	8	1	3	9	8	2		1	3	17	
113	4	1	7	27	臺北市	松山區	松山區復興北路與復興北路499巷口	25.06535087	121.5444235	0	0	1	2	7	6	5	3	2	1	5	4	5	13	4	4	1	3	5	2	16	1	6	1	7	1	8	1		1	3	2	
113	4	1	7	45	臺北市	內湖區	內湖區陽光街與瑞光路口	25.0737525	121.5791768	0	0	1	2	8	5	5	4	1	1	5	4	5	13	2	1	5	4	5	2	16	1	5	1	5	1	10	1		1	3	14	
113	4	1	8	10	臺北市	大安區	大安區辛亥路3段與基隆路3段口	25.0194867	121.5468102	0	0	1	2	8	5	5	4	1	1	5	4	5	13	2	1	8	3	5	1	16	1	6	1	5	1	10	1		1	3	12	
113	4	1	8	20	臺北市	萬華區	萬華區環河南路1段與內江街口	25.041923	121.5001389	0	0	1	2	7	6	5	3	1	1	5	4	5	13	2	1	2	4	5	2	17	1	5	1	6	1	10	1		1	3	11	
113	4	1	8	26	臺北市	大同區	大同區延平北路1段92號	25.0524345	121.5117652	0	0	1	3	8	6	5	14	9	1	5	4	5	13	4	4	5	5	5	2	17	1	2	1	6	1	10	1		2	3	13	
113	4	1	8	33	臺北市	中山區	中山區民族東路236號	25.0680968	121.5321767	0	0	2	3	8	7	5	14	9	1	5	4	5	13	4	4	1	4	5	2	16	1	7	1	5	1	10	1		2	2	14	
113	4	1	9	0	臺北市	中山區	中山區復興北路28號	25.048884	121.5438844	0	0	1	2	8	7	5	14	9	1	5	4	5	13	4	4	9	4	5	2	17	1	9	1	5	1	10	1		1	2	11	
113	4	1	9	3	臺北市	大同區	大同區延平北路1段與長安西路口	25.0524496	121.5118198	0	0	1	2	8	6	5	5	2	1	5	4	5	13	1	1	5	5	5	2	13	1	9	1	6	1	10	1		1	2	11	
113	4	1	9	5	臺北市	文山區	文山區汀州路4段與溪洲街107巷口口	25.0033647	121.5354619	0	0	2	2	8	6	5	3	1	1	5	4	5	8	4	4	10	5	5	2	15	1	1	1	5	2	10	1		2	2	14	
113	4	1	9	15	臺北市	中山區	中山區錦西街與民生西路3巷口	25.060319	121.5218618	0	0	1	2	8	5	5	4	1	1	5	4	5	13	4	4	5	5	5	2	16	1	5	1	6	1	10	1		1	2	14	
113	4	1	9	22	臺北市	萬華區	萬華區內江街與康定路口	25.03516763	121.507217	0	0	1	2	7	6	8	4	1	1	5	4	5	13	1	1	8	4	5	2	1	4	5	1	3	1	8	1		1	3	8	
113	4	1	9	28	臺北市	信義區	信義區松信路73號	25.046417	121.5721988	0	0	1	2	8	7	5	14	9	1	5	4	5	13	4	4	9	4	5	2	17	1	3	1	7	1	8	1		1	3	3	
113	4	1	9	50	臺北市	信義區	信義區吳興街與吳興街365巷口	25.0254587	121.5666825	0	0	1	2	8	6	5	3	1	1	5	4	5	13	4	4	5	4	5	2	16	1	5	1	6	2	10	1		1	2	14	
113	4	1	9	54	臺北市	大安區	大安區和平東路1段14號	25.0268723	121.5237143	0	0	1	2	8	6	5	14	9	1	5	4	5	13	4	4	1	1	4	1	13	1	9	2	6	1	18	1		1	2	11	
113	4	1	9	59	臺北市	南港區	南港區舊莊街1段23號	25.0412566	121.6184646	0	0	1	2	8	7	5	14	9	1	5	4	5	13	4	4	9	4	5	2	13	1	9	1	5	1	10	1		2	2	14	
113	4	1	10	11	臺北市	北投區	北投區大度路3段168號	25.12331824	121.4684185	0	0	1	2	8	6	5	14	9	1	5	4	5	13	4	4	7	4	5	2	12	1	8	1	7	1	17	1		1	3	2	
113	4	1	10	39	臺北市	松山區	松山區三民路18號	25.05263944	121.5638676	0	0	1	2	7	6	5	14	9	1	5	4	5	13	4	4	8	3	5	2	12	4	8	1	3	1	8	1		1	3	5	
113	4	1	11	0	臺北市	大同區	大同區民權西路與民權西路225巷口	25.0630321	121.5121393	0	0	1	2	7	6	5	4	1	1	5	4	5	13	2	1	8	3	5	1	16	4	5	1	3	1	8	1		1	3	5	
113	4	1	11	50	臺北市	松山區	松山區南京東路4段與南京東路4段13巷口	25.05180814	121.5501673	0	0	1	2	7	6	5	3	2	1	5	4	5	13	1	1	1	3	5	2	16	4	10	1	3	1	8	1		1	3	5	
113	4	1	12	5	臺北市	文山區	文山區仙岩路27號	24.9990767	121.548887	0	0	1	2	8	6	5	14	9	1	5	4	5	13	4	4	9	5	5	2	1	1	9	1	7	1	8	1		1	3	2	
113	4	1	12	27	臺北市	中山區	中山區新生北路3段與濱江街口	25.070657	121.5277912	0	0	1	2	8	7	5	3	2	1	5	4	5	13	1	1	9	4	5	2	15	4	9	1	7	1	4	1		1	3	5	
113	4	1	13	10	臺北市	中山區	中山區復興北路地下道往北出口處	25.07200522	121.5443619	0	0	2	3	7	7	5	14	9	1	5	4	5	13	2	1	1	4	5	2	13	4	9	1	6	1	10	1		1	2	11	
113	4	1	13	50	臺北市	松山區	松山區南京東路3段與南京東路3段338巷口	25.05165875	121.5475651	0	0	1	2	7	6	5	3	2	1	5	4	5	13	3	1	1	3	5	2	17	4	12	1	3	1	8	1		2	3	7	
113	4	1	14	8	臺北市	士林區	士林區文昌路與美崙街口	25.0967974	121.5209917	0	0	1	2	8	5	5	4	1	1	5	4	5	13	2	1	5	4	5	2	16	4	5	1	3	1	8	1		2	3	5	
113	4	1	14	11	臺北市	大安區	大安區大安路1段95號	25.0403658	121.5461249	0	0	1	2	8	6	5	14	9	1	5	4	5	13	4	4	10	4	5	2	2	4	9	7	3	11	19	2		1	4	12	
113	4	1	14	27	臺北市	中山區	中山區中山橋北往南下坡處	25.07347081	121.5241112	0	0	1	3	7	7	5	8	11	1	5	3	4	13	4	4	1	4	4	2	20	4	15	1	6	9	10	1		2	2	12	
113	4	1	14	30	臺北市	北投區	北投區中和街與復興一路口	25.1389839	121.5018218	0	0	3	3	8	7	5	3	2	1	5	4	5	13	4	4	5	4	5	2	12	4	9	1	3	1	10	1		1	2	12	
113	4	1	14	47	臺北市	北投區	北投區承德路7段145號	25.113744	121.5076465	0	0	1	2	8	7	5	14	7	1	5	4	5	13	4	4	1	4	5	2	13	1	9	1	6	1	10	1		1	2	11	
113	4	1	14	49	臺北市	中山區	中山區農安街77巷與德惠街口	25.0666187	121.5285298	0	0	1	3	8	7	5	3	2	1	5	3	5	13	4	4	10	5	5	2	11	1	10	1	6	1	10	1		1	2	11	
113	4	1	14	51	臺北市	文山區	文山區興隆路1段與興隆路1段16巷口	25.004285	121.539575	0	0	1	2	7	6	5	3	1	1	5	4	5	13	4	4	1	4	5	2	16	1	11	1	7	2	8	1		2	3	8	
113	4	1	15	18	臺北市	中正區	中正區中山南路與信義路1段口	25.03861461	121.5177921	0	0	1	2	8	6	5	5	1	1	5	4	5	13	2	1	5	4	5	2	16	1	6	1	7	2	8	1		1	3	5	
113	4	1	15	32	臺北市	士林區	士林區承德路5段與文林路587巷口	25.0978101	121.5135808	0	0	1	2	8	5	5	4	1	1	5	4	5	13	2	1	1	4	5	2	16	4	6	1	3	1	8	1		1	3	2	
113	4	1	16	10	臺北市	信義區	信義區基隆路2段81號	25.0302029	121.5579245	0	0	1	2	8	6	5	14	9	1	5	4	5	13	4	4	9	4	5	2	12	1	1	1	7	1	8	1		2	3	8	
113	4	1	16	20	臺北市	北投區	北投區石牌路1段37號	25.113059	121.5103105	0	0	1	2	8	5	5	14	9	1	5	4	5	13	2	1	5	4	5	2	12	4	1	1	3	2	8	1		1	3	4	
113	4	1	17	25	臺北市	內湖區	內湖區新湖一路191號附近側附近	25.06070715	121.5799374	0	0	1	2	8	5	5	14	9	1	5	4	5	13	4	4	9	5	5	2	16	1	11	1	7	2	8	1		2	3	4	
113	4	1	17	38	臺北市	信義區	信義區松高路20巷	25.03747996	121.5676042	0	0	1	2	8	7	5	14	9	1	5	4	5	13	4	4	9	4	5	2	3	1	9	1	7	2	4	1		1	3	5	
113	4	1	17	56	臺北市	士林區	士林區中山北路5段與雙溪街口口	25.10086149	121.5262732	0	0	2	2	8	6	5	3	1	1	5	4	5	13	3	1	5	5	5	2	16	1	7	1	6	1	10	1		1	2	11	
113	4	1	18	21	臺北市	信義區	信義區莊敬路與吳興街225巷口	25.0281213	121.5634852	0	0	1	2	8	5	5	4	3	1	5	4	5	13	1	1	9	4	5	2	13	1	7	1	6	1	10	1		1	2	11	
113	4	1	18	26	臺北市	內湖區	內湖區新明路353號	25.05596322	121.5826983	0	0	1	2	8	5	5	14	9	1	5	4	5	13	4	4	4	3	5	1	16	1	5	1	7	1	8	1		2	3	2	
113	4	1	18	26	臺北市	松山區	松山區民權東路3段140巷與民權東路3段口	25.0623496	121.5466739	0	0	2	2	7	5	5	14	9	1	5	4	5	13	1	1	1	3	5	1	13	1	9	1	5	2	10	1		1	2	11	
113	4	1	18	27	臺北市	松山區	松山區民權東路5段與撫遠街口	25.063134	121.5648585	0	0	1	2	7	5	5	3	1	1	5	4	5	13	2	1	1	4	5	2	15	1	9	1	5	1	10	1		1	2	11	
113	4	1	18	28	臺北市	信義區	信義區松壽路與市府路口口	25.0358317	121.5634746	0	0	1	2	8	6	5	4	1	1	5	4	5	13	2	1	5	4	5	2	16	1	6	1	7	1	8	1		1	3	2	
113	4	1	18	30	臺北市	中正區	中正區市民大道1段與承德路1段口	25.0487397	121.5163992	0	0	1	2	7	5	5	5	1	1	5	4	5	13	1	1	1	4	5	2	16	1	5	1	6	2	10	1		2	3	13	
113	4	1	18	58	臺北市	大同區	大同區延平北路3段與民權西路口	25.0630305	121.5114453	0	0	1	2	7	5	5	4	1	1	5	4	5	13	2	1	1	4	5	2	17	4	21	7	3	9	19	2		1	4	15	
113	4	1	19	3	臺北市	中山區	中山區市民大道2段與天津街口往西	25.0481555	121.5218132	0	0	1	2	8	5	5	14	9	1	5	4	5	13	4	4	1	3	5	1	17	4	9	1	5	11	10	1		1	3	15	
113	4	1	19	7	臺北市	中山區	中山區建國北路2段11巷與建國北路2段口	25.0536041	121.5370748	0	0	1	2	8	5	5	14	9	1	5	4	5	13	4	4	1	4	5	2	16	4	6	1	3	1	8	1		1	3	5	
113	4	1	19	15	臺北市	大同區	大同區延平北路3段與延平北路3段18巷口	25.0641033	121.5111231	0	0	1	2	7	5	5	3	2	1	5	4	5	13	4	4	5	2	5	2	17	1	9	1	6	2	10	1		2	2	11	
113	4	1	19	24	臺北市	文山區	文山區木柵路2段與興隆路4段口	24.9888021	121.560205	0	0	1	2	8	5	5	4	1	1	5	4	5	13	1	1	5	4	5	2	16	1	6	1	5	9	10	1		1	3	12	
113	4	1	19	55	臺北市	松山區	松山區民權東路4段路燈NO.0205690	25.06239419	121.5591486	0	0	1	3	7	5	5	14	8	1	5	4	5	13	2	1	1	4	4	2	13	1	9	1	5	1	10	1		1	2	11	
113	4	1	19	57	臺北市	萬華區	萬華區環河南路1段14號	25.048293	121.5056781	0	0	1	3	7	5	5	11	9	1	5	4	5	13	4	4	8	3	5	1	17	1	9	1	5	1	10	1		1	2	17	
113	4	1	21	44	臺北市	信義區	信義區吳興街486號	25.0234612	121.5696848	0	0	1	2	7	5	5	14	9	1	5	4	5	13	3	1	9	5	5	2	18	1	5	1	5	1	10	1		1	2	14	
113	4	1	21	49	臺北市	大安區	大安區和平東路1段與新生南路2段口	25.0261282	121.5347115	0	0	2	3	7	5	5	4	1	1	5	4	5	13	2	1	1	4	1	2	17	4	6	1	3	1	8	1		1	3	5	
113	4	1	21	58	臺北市	大同區	大同區民權西路與民權西路133巷口	25.0630967	121.5169007	0	0	1	3	7	5	5	3	2	1	5	4	5	13	2	1	1	4	5	2	13	4	9	1	6	2	10	1		1	3	11	
113	4	1	22	15	臺北市	中山區	中山區南京東路2段3號	25.0521608	121.5279311	0	0	1	2	7	5	5	14	9	1	5	4	5	13	4	4	1	4	4	2	12	1	8	1	7	1	4	1		1	3	6	
113	4	1	22	52	臺北市	中山區	中山區南京東路2段11號	25.0521552	121.5282516	0	0	2	3	8	5	5	14	9	1	5	4	5	13	4	4	10	4	5	2	12	4	15	7	3	11	10	2		4	2	12	
113	4	1	23	6	臺北市	文山區	文山區萬和街與萬樂街口	24.9993755	121.5689196	0	0	1	3	8	5	5	3	1	1	5	4	5	13	4	4	5	5	5	2	16	1	15	1	6	2	10	1		1	3	11	14
113	4	1	23	20	臺北市	士林區	士林區重慶北路4段與葫東街口	25.08405	121.5120101	0	0	1	2	7	5	5	3	2	1	5	4	5	13	1	1	1	4	4	1	17	4	9	1	3	9	3	1		1	3	17	
113	4	2	0	37	臺北市	中正區	中正區忠孝西路1段與重慶南路1段口口	25.0474073	121.5132656	0	0	1	2	7	5	5	4	1	1	5	4	5	13	2	1	9	4	5	1	17	1	1	1	6	2	10	1		1	3	17	
113	4	2	0	56	臺北市	大安區	大安區新生南路3段與羅斯福路3段口口	25.0164473	121.5327345	0	0	1	2	6	5	5	3	1	1	4	4	5	13	2	1	3	4	5	2	17	1	5	1	7	1	4	1		1	3	15	
113	4	2	3	21	臺北市	信義區	信義區忠孝東路4段與光復南路口	25.0416211	121.5577865	0	0	1	2	7	7	5	5	2	1	4	4	5	13	1	1	5	5	5	2	29	3	6	1	5	9	10	1		1	2	12	
113	4	2	6	48	臺北市	南港區	南港區研究院路2段61巷3弄與舊莊街1段3巷1弄口	25.0437762	121.6180265	0	0	1	2	8	6	5	4	1	1	5	4	5	13	4	4	9	5	5	2	16	4	5	1	3	1	8	1		1	3	4	
113	4	2	7	27	臺北市	信義區	信義區莊敬路391巷與莊敬路423巷7弄口	25.0285465	121.5659182	0	0	2	2	8	7	5	4	1	1	5	4	5	13	4	4	9	5	5	2	15	1	9	1	5	2	10	1		1	2	14	
113	4	2	7	28	臺北市	萬華區	萬華區桂林路242巷2號	25.03825493	121.4953346	0	0	1	2	8	7	5	14	9	1	5	4	5	13	4	4	5	4	5	2	17	1	15	1	5	1	10	1		1	3	14	
113	4	2	7	34	臺北市	信義區	信義區忠孝東路5段423巷72號	25.0436855	121.57542	0	0	1	2	8	6	5	14	9	1	5	4	5	13	4	4	9	4	5	2	10	1	1	8	4	2	20	1		1	2	14	
113	4	2	7	39	臺北市	萬華區	萬華區萬大路與興寧街口	25.03223942	121.5004918	0	0	1	2	8	7	5	4	2	1	5	4	5	13	2	1	5	4	5	2	13	1	9	1	6	1	10	1		1	2	11	
113	4	2	8	6	臺北市	中正區	中正區中山南路與愛國東路口	25.03509119	121.5167743	0	0	1	2	8	7	5	4	2	1	5	4	5	13	1	1	1	4	1	2	12	1	8	1	7	2	8	1		1	3	2	
113	4	2	8	12	臺北市	萬華區	萬華區華中橋機車道往新北市	25.0135056	121.4953981	0	0	2	3	7	6	7	14	11	1	5	4	5	13	4	4	3	3	5	2	13	4	12	1	3	1	10	1		1	3	13	
113	4	2	8	33	臺北市	南港區	南港區研究院路2段與舊莊街1段口	25.0421702	121.6171733	0	0	1	2	8	6	5	3	2	1	5	4	5	13	2	1	5	5	5	2	12	4	15	1	5	1	10	1		1	2	14	
113	4	2	8	35	臺北市	中正區	中正區中華路2段與西藏路口	25.029828	121.5043053	0	0	1	2	8	6	5	4	1	1	5	4	5	13	2	1	5	4	5	2	17	1	4	1	5	1	10	1		1	2	11	
113	4	2	8	35	臺北市	大安區	大安區和平東路2段與復興南路2段口	25.0247866	121.5434887	0	0	3	3	8	7	5	4	1	1	5	4	5	13	2	1	1	4	5	2	15	4	9	1	3	1	10	1		2	2	12	
113	4	2	8	47	臺北市	信義區	信義區光復南路與市民大道5段口	25.0450586	121.5580028	0	0	1	2	8	7	5	5	1	1	5	4	5	13	2	1	3	4	5	2	23	1	9	1	5	1	10	1		2	2	11	
113	4	2	8	50	臺北市	松山區	松山區敦化北路100號	25.05258913	121.5487199	0	0	1	2	8	6	5	14	8	1	5	4	5	13	4	4	1	4	4	2	17	1	6	1	7	1	8	1		1	3	2	
113	4	2	9	10	臺北市	大安區	大安區羅斯福路4段與新生南路3段口口	25.0161685	121.5338034	0	0	1	2	8	6	5	4	1	1	5	4	5	13	2	1	8	3	5	1	17	4	15	1	3	2	10	1		1	3	11	
113	4	2	10	46	臺北市	文山區	文山區辛亥路5段與辛亥路5段25巷口	24.9998898	121.5540497	0	0	1	2	8	6	5	4	1	1	5	4	5	13	2	1	1	4	5	2	16	1	5	1	7	2	8	1		1	3	6	
113	4	2	11	2	臺北市	士林區	士林區中山北路5段路燈525號往南	25.0822278	121.5250595	0	0	3	4	8	5	5	14	9	1	5	4	5	13	4	4	3	4	5	1	17	1	8	1	6	1	10	1		1	3	13	
113	4	2	11	8	臺北市	士林區	士林區忠誠路1段34號	25.1043253	121.5263814	0	0	1	2	8	5	5	14	8	1	5	4	5	13	4	4	1	4	4	2	17	1	8	1	7	1	4	1		1	3	17	
113	4	2	11	18	臺北市	內湖區	內湖區堤外便道與堤外便道口口中山高速下涵洞	25.06537334	121.6138264	0	0	2	2	8	6	5	3	1	1	5	4	5	13	2	1	5	4	5	2	15	1	9	1	5	9	10	1		2	2	11	
113	4	2	11	53	臺北市	中正區	中正區重慶南路1段與衡陽路口	25.04235655	121.5131454	0	0	2	2	8	6	5	4	1	1	5	4	5	13	2	1	5	4	5	2	15	1	9	1	6	2	10	1		1	2	11	
113	4	2	11	55	臺北市	內湖區	內湖區民權東路6段46巷與行忠路口	25.06737067	121.5828556	0	0	1	2	8	5	5	3	1	1	5	4	5	13	3	1	5	4	5	2	16	1	6	1	7	2	8	1		2	3	2	
113	4	2	12	16	臺北市	大同區	大同區延平北路3段與昌吉街口	25.0659043	121.5110807	0	0	1	2	8	6	5	4	1	1	5	4	5	13	2	1	5	5	5	2	16	1	1	1	7	1	8	1		1	2	8	
113	4	2	12	19	臺北市	大同區	大同區承德路3段與敦煌路口	25.07529	121.5200516	0	0	1	2	8	6	5	5	1	1	5	4	5	13	1	1	5	5	5	2	16	1	6	1	7	1	8	1		1	3	2	
113	4	2	12	20	臺北市	內湖區	內湖區康樂街136巷2號	25.07188176	121.6189403	0	0	1	3	7	5	5	14	9	1	5	4	5	13	4	4	10	5	5	2	9	5	20	8	4	10	20	1		1	2	16	
113	4	2	12	40	臺北市	中正區	中正區汀州路3段60巷2弄7號前	25.0152918	121.5303228	0	0	2	2	8	6	5	14	9	1	5	4	5	13	4	4	10	5	5	1	16	1	4	1	5	1	9	1		1	2	14	
113	4	2	12	42	臺北市	士林區	士林區忠誠路2段與忠誠路2段178巷口	25.11598676	121.5336092	0	0	1	2	8	5	5	3	1	1	5	4	5	13	4	4	1	4	4	2	12	1	7	1	5	1	8	1		2	2	14	
113	4	2	12	55	臺北市	信義區	信義區忠孝東路5段345巷與忠孝東路5段423巷5弄口口	25.0418037	121.5740691	0	0	2	2	8	7	8	4	1	1	5	4	5	13	4	4	10	5	5	2	15	1	9	1	5	1	10	1		1	2	12	
113	4	2	12	58	臺北市	士林區	士林區延平北路7段106巷94弄與延平北路7段106巷口	25.0991588	121.4962382	0	0	2	2	8	5	5	3	1	1	5	4	5	13	4	4	10	5	5	1	17	1	5	1	6	2	10	1		1	2	11	
113	4	2	13	12	臺北市	北投區	北投區中央北路2段與大業路口	25.1360871	121.4971398	0	0	1	2	8	5	8	4	1	1	5	4	5	13	2	1	1	4	5	2	16	1	5	1	7	2	8	1		1	3	5	
113	4	2	13	45	臺北市	中山區	中山區南京東路2段115巷與松江路133巷口口	25.0543607	121.5336455	0	0	1	2	8	6	5	5	1	1	5	4	5	13	4	4	10	5	5	2	16	1	9	1	5	1	10	1		2	2	11	