年	月	日	時	分	縣市	行政區	allLocation	GoogleLat	GoogleLng	死	2-30	受傷	當事人數	天候	道路照明設備	道路類別	道路型態	事故位置	路面狀況1	路面狀況2	路面狀況3	道路障礙1	道路障礙2	號誌1	號誌2	車道劃分-分向	車道劃分-分道1	車道劃分-分道2	車道劃分-分道3	事故類型及型態	行動電話	當事者行動狀態	駕駛資格情形	保護裝置	飲酒情形	駕駛執照種類	個人肇逃否	肇因碼-主要	性別	受傷程度	車輛撞擊部位1	車輛撞擊部位2
113	4	2	13	53	臺北市	松山區	松山區北寧路32巷與北寧路口	25.0493134	121.5526021	0	0	2	3	8	5	5	3	1	1	5	4	3	13	4	4	8	3	4	1	3	1	9	1	3	1	10	1		1	3	11	
113	4	2	14	0	臺北市	文山區	文山區木新路3段95巷與木新路3段口	24.9821831	121.5628663	0	0	1	2	8	5	5	3	1	1	5	4	5	13	4	4	10	5	5	1	17	1	5	1	7	1	8	1		2	3	8	
113	4	2	14	6	臺北市	士林區	士林區通河東街1段130巷與通河東街1段136巷口	25.08721411	121.5169659	0	0	1	2	8	6	8	4	2	1	5	4	5	13	4	4	10	5	5	1	17	1	5	3	5	1	18	1		2	2	11	
113	4	2	14	22	臺北市	文山區	文山區興隆路1段與興隆路1段137巷口	25.0019518	121.5419932	0	0	1	2	8	6	5	4	1	1	5	4	5	13	2	1	1	4	5	2	16	1	5	1	7	2	8	1		1	3	5	
113	4	2	14	39	臺北市	文山區	文山區指南路3段115-8號	24.97796502	121.5826031	0	0	4	4	8	5	5	11	9	1	5	4	5	13	4	4	10	5	5	1	11	1	9	1	7	2	8	1		2	2	8	
113	4	2	14	55	臺北市	內湖區	內湖區康樂街與康樂街48巷口	25.0688453	121.6184522	0	0	2	2	8	5	5	3	2	1	5	4	5	13	4	4	9	5	5	2	13	1	9	1	6	1	10	1		2	2	11	
113	4	2	14	56	臺北市	內湖區	內湖區五分街與東湖路160巷口	25.0671714	121.6172669	0	0	1	2	8	5	5	4	1	1	5	4	5	13	3	1	10	5	5	2	15	1	9	1	7	2	8	1		2	3	1	
113	4	2	15	0	臺北市	中正區	中正區重慶南路1段與愛國西路口	25.03543931	121.5125408	0	0	2	2	8	6	5	4	1	1	5	4	5	13	1	2	10	4	5	2	12	4	15	1	6	2	10	1		1	2	12	
113	4	2	15	15	臺北市	文山區	文山區木柵路4段159巷84停車格	25.00075229	121.5756709	0	0	2	2	8	5	5	14	9	1	5	4	5	13	4	4	9	4	5	1	17	1	1	1	7	1	8	1		2	2	4	
113	4	2	15	29	臺北市	信義區	信義區松智路與松勤街口	25.0319633	121.5653602	0	0	1	2	8	5	5	4	1	1	5	4	5	13	1	1	9	5	5	2	17	1	5	1	5	1	10	1		1	3	11	
113	4	2	16	9	臺北市	中山區	中山區中山北路2段96巷與中山北路2段口	25.05975544	121.5227615	0	0	1	3	7	5	5	3	2	1	5	4	5	13	4	4	5	4	5	2	9	5	19	8	3	10	20	1		2	3	16	
113	4	2	16	42	臺北市	大安區	大安區敦化南路2段與和平東路3段口	25.0245661	121.5484545	0	0	1	2	7	6	5	4	1	1	5	4	5	13	1	1	1	4	1	2	15	4	9	1	3	1	10	1		1	2	11	
113	4	2	17	23	臺北市	士林區	士林區故宮路與力行街口	25.08703114	121.5178799	0	0	1	2	8	6	5	3	2	1	5	4	5	13	4	4	1	4	5	1	17	1	6	1	5	11	10	2		1	3	17	
113	4	2	17	30	臺北市	松山區	松山區敦化北路與敦化北路244巷口	25.0603746	121.549908	0	0	1	2	7	6	5	14	8	1	5	4	5	13	4	4	1	4	4	2	16	1	6	1	7	1	8	1		1	3	5	
113	4	2	17	39	臺北市	萬華區	萬華區西園路2段70號	25.0315906	121.4969713	0	0	2	2	8	6	5	14	9	1	5	4	5	13	4	4	1	4	5	2	13	1	9	1	6	1	10	1		1	2	11	
113	4	2	17	40	臺北市	大安區	大安區延吉街85號與延吉街62巷口	25.0434954	121.553986	0	0	1	3	8	6	5	3	1	1	5	4	5	13	4	4	5	5	5	2	12	4	9	1	3	1	8	1		1	3	5	
113	4	2	18	23	臺北市	萬華區	萬華區堤外便道往南過光復橋	25.030935	121.4881965	0	0	2	2	8	5	5	14	9	1	5	4	5	13	4	4	5	5	5	2	13	1	5	8	4	1	20	1		1	2	14	
113	4	2	18	29	臺北市	南港區	南港區重陽路與興中路口	25.0581396	121.6066964	0	0	1	2	8	5	5	4	1	2	5	4	5	13	2	1	4	3	4	2	15	4	9	1	3	2	8	1		2	3	1	
113	4	2	18	32	臺北市	大安區	大安區辛亥路3段81號	25.0195444	121.5465727	0	0	2	2	8	5	5	14	9	1	5	4	5	13	4	4	8	3	5	1	12	1	9	1	5	1	10	1		2	2	11	
113	4	2	18	40	臺北市	萬華區	萬華區艋舺大道與萬大路口	25.0328902	121.5004927	0	0	1	2	8	5	5	4	1	1	5	4	5	13	2	1	1	3	5	1	15	4	9	1	3	1	10	1		2	3	11	
113	4	2	18	44	臺北市	信義區	信義區逸仙路50巷與忠孝東路4段554巷口	25.0406156	121.5633716	0	0	1	2	7	5	5	4	1	1	5	4	5	13	4	4	10	5	5	2	17	4	9	1	3	1	8	1		2	3	8	
113	4	2	19	2	臺北市	大同區	大同區民權西路144巷與民權西路102巷4弄口	25.0616328	121.5159155	0	0	2	3	8	5	5	4	1	1	5	4	5	13	3	1	10	5	5	2	15	1	15	1	7	2	8	1		1	3	5	
113	4	2	19	20	臺北市	松山區	松山區八德路4段與八德路4段204巷口	25.0488225	121.5641071	0	0	1	2	8	5	5	4	2	1	5	4	5	13	2	1	5	4	5	2	17	1	8	1	5	1	10	1		1	2	12	
113	4	2	19	27	臺北市	北投區	北投區中央北路2段350巷與中央北路2段口	25.138453	121.4883038	0	0	1	2	8	5	5	4	1	1	5	4	5	13	2	1	5	5	5	2	16	1	5	1	7	1	8	1		1	3	5	
113	4	2	19	37	臺北市	中山區	中山區林森北路與中山北路2段65巷2弄口	25.0566307	121.5254875	0	0	1	3	8	5	5	4	1	1	5	4	5	13	4	4	9	5	5	1	16	4	5	1	3	1	8	1		1	3	4	
113	4	2	19	58	臺北市	南港區	南港區東新街170巷與福德街口	25.040406	121.5928321	0	0	1	2	8	5	5	3	1	1	5	4	5	13	3	1	9	4	5	2	13	1	9	1	7	2	8	1		1	2	5	
113	4	2	20	0	臺北市	信義區	信義區松德路與松德路269巷口	25.0330514	121.5746209	0	0	1	2	8	5	5	3	2	1	5	4	5	13	4	4	8	3	5	2	17	4	5	1	3	1	10	1		1	2	11	
113	4	2	20	42	臺北市	內湖區	內湖區星雲街與成功路3段187巷口	25.0788134	121.592262	0	0	2	2	8	5	5	3	18	1	5	4	5	13	4	4	4	5	5	1	3	1	9	1	6	1	10	1		1	2	11	
113	4	2	21	5	臺北市	士林區	士林區中山北路7段81巷與天玉街口	25.121759	121.530711	0	0	1	2	8	5	5	4	1	1	5	4	5	13	4	4	5	5	5	1	15	1	9	1	7	2	8	1		1	3	1	
113	4	2	22	28	臺北市	萬華區	萬華區華中橋機車道往新北市（華中069）	25.0119728	121.4952977	0	0	2	2	8	5	7	8	11	1	5	4	5	13	4	4	10	3	5	1	17	4	9	1	3	1	10	1		1	2	15	
113	4	2	22	37	臺北市	萬華區	萬華區東園街14巷18號	25.02709931	121.4948063	0	0	1	2	8	5	5	14	9	1	5	4	5	13	4	4	10	5	5	2	17	1	9	8	4	1	20	1		1	2	11	
113	4	2	22	45	臺北市	大同區	大同區重慶北路2段與保安街口	25.0591487	121.5135898	0	0	2	2	7	5	5	4	18	1	5	4	5	13	2	1	1	4	5	2	2	4	6	1	3	6	8	1		1	2	8	
113	4	2	23	0	臺北市	中正區	中正區汀州路1段與西藏路口	25.03066065	121.5071839	0	0	2	2	8	5	5	4	1	1	5	4	5	13	1	1	5	4	5	2	16	1	5	1	5	2	10	1		1	2	11	
113	4	3	6	31	臺北市	大安區	大安區敦化南路2段與安和路2段171巷口	25.0279787	121.5490251	0	0	3	3	8	5	5	14	9	1	5	4	5	13	1	1	1	4	5	2	17	1	12	1	6	9	10	1		1	2	12	
113	4	3	6	56	臺北市	中正區	中正區襄陽路與館前路口	25.04341196	121.5150023	0	0	2	2	8	6	5	3	1	1	5	4	5	13	2	1	5	2	5	2	16	1	9	5	5	2	10	1		2	2	12	
113	4	3	6	56	臺北市	北投區	北投區石牌路2段與石牌路2段343巷口	25.1230985	121.5249138	0	0	2	2	8	6	5	14	9	1	5	4	5	13	4	4	9	4	5	2	3	1	9	1	5	1	10	1		2	2	11	
113	4	3	7	2	臺北市	萬華區	萬華區長沙街2段與環河南路1段口	25.0415066	121.4996373	0	0	2	2	8	6	5	3	1	1	5	4	5	13	2	1	5	4	5	2	17	1	5	1	6	1	10	1		1	2	11	12
113	4	3	7	12	臺北市	中山區	中山區民權西路與民權西路70巷口	25.0627961	121.5198279	0	0	1	2	8	5	8	14	9	1	5	4	5	13	4	4	3	4	5	2	12	4	9	1	3	1	10	1		1	2	14	
113	4	3	7	23	臺北市	中山區	中山區中山北路2段183巷7號	25.06380079	121.523552	0	0	1	2	7	7	5	14	9	1	5	4	5	12	4	4	10	5	5	1	17	1	2	8	4	1	20	1		1	3	16	
113	4	3	7	55	臺北市	中正區	中正區羅斯福路4段64號	25.0148499	121.5340081	0	0	2	2	8	6	5	14	9	1	5	4	5	13	4	4	3	4	5	2	17	1	9	1	5	2	10	1		1	2	12	
113	4	3	8	0	臺北市	內湖區	內湖區康寧路3段70巷與康寧路3段口	25.070355	121.611227	0	0	2	3	8	6	5	4	2	1	5	4	5	13	1	1	1	5	5	2	17	1	9	1	7	1	8	1		1	3	2	
113	4	3	8	25	臺北市	南港區	南港區忠孝東路6段229號	25.0492363	121.5886224	0	0	1	2	8	7	5	14	7	1	5	4	5	13	4	4	1	4	4	2	13	1	8	1	5	1	10	1		1	2	11	
113	4	3	8	28	臺北市	大同區	大同區承德路2段與南京西路口	25.0534361	121.5176744	0	0	3	3	8	6	5	4	1	1	5	4	5	13	1	1	1	4	5	2	13	1	9	1	6	2	10	1		1	2	11	
113	4	3	8	28	臺北市	松山區	松山區健康路與健康路15巷口	25.0533097	121.5526544	0	0	1	2	8	6	5	4	1	1	5	4	5	13	1	1	10	5	5	2	16	1	5	1	7	1	8	1		1	3	1	
113	4	3	8	31	臺北市	大同區	大同區長安西路與重慶北路1段26巷9弄口	25.0517364	121.5131963	0	0	2	3	8	6	5	5	1	1	5	4	5	13	1	1	5	5	5	2	17	1	6	1	7	2	8	1		2	3	5	
113	4	3	8	34	臺北市	大安區	大安區和平東路2段與新生南路2段口	25.0261542	121.5349934	0	0	2	3	8	7	5	4	1	1	5	4	5	13	1	1	10	4	5	2	17	1	6	1	7	1	8	1		1	3	15	
113	4	3	8	42	臺北市	信義區	信義區吳興街475號	25.0236586	121.5693088	0	0	2	2	8	7	5	14	9	1	5	4	5	13	4	4	10	4	5	2	10	4	9	1	6	1	10	1		2	2	11	
113	4	3	8	51	臺北市	中山區	中山區建國北路2段與建國北路2段116巷口	25.0588712	121.5366769	0	0	2	3	8	6	5	3	1	1	5	4	5	13	4	4	1	4	5	2	12	1	9	1	6	1	10	1		1	2	12	
113	4	3	8	52	臺北市	大安區	大安區和平東路1段與新生南路2段口	25.0262336	121.5347153	0	0	1	2	8	6	5	4	1	1	5	4	5	13	1	1	10	5	5	2	16	1	6	1	7	9	8	1		2	3	2	
113	4	3	8	53	臺北市	中山區	中山區長安東路1段53巷	25.04885239	121.5264581	0	0	2	2	7	7	5	14	9	1	5	4	5	13	1	1	10	5	5	1	17	1	9	1	6	1	10	1		2	2	11	
113	4	3	8	58	臺北市	信義區	信義區市民大道5段燈號0604558號	25.0492316	121.5726928	0	0	3	4	8	7	5	14	9	1	5	4	5	13	4	4	10	4	5	2	12	1	9	1	5	2	10	1		1	2	11	
113	4	3	9	5	臺北市	中正區	中正區衡陽路10號	25.04235486	121.5136632	0	0	1	4	8	6	5	14	9	1	5	4	5	13	4	4	10	4	5	2	13	1	9	1	7	9	8	1		2	3	1	
113	4	3	9	5	臺北市	松山區	松山區八德路2段與八德路2段346巷口	25.0478082	121.5449143	0	0	1	2	8	6	5	3	1	1	5	4	5	13	4	4	9	4	5	2	17	1	5	1	7	1	8	1		1	3	6	
113	4	3	9	8	臺北市	信義區	信義區仁愛路4段與逸仙路口	25.0378976	121.5615546	0	0	1	3	8	7	5	14	9	1	5	4	5	13	1	1	9	4	5	2	12	4	9	1	3	1	8	1		1	3	6	
113	4	3	9	8	臺北市	大安區	大安區復興南路2段151巷35弄與復興南路2段125巷口	25.0291617	121.5450866	0	0	1	2	8	7	5	4	2	1	5	4	5	13	4	4	10	5	5	1	12	1	11	8	4	1	20	1		2	2	14	
113	4	3	9	22	臺北市	中正區	中正區金門街與晉江街口	25.0229456	121.5245822	0	0	2	3	8	6	5	4	1	1	5	4	5	13	4	4	10	5	5	2	15	1	9	1	5	2	10	1		1	2	11	
113	4	3	9	22	臺北市	士林區	士林區堤外便道與百齡堤外停車場口(百齡左岸槌球場停車場前)	25.08589698	121.5126612	0	0	1	3	8	6	5	4	1	1	5	4	5	13	4	4	5	5	5	2	17	4	4	1	3	2	8	1		1	3	8	
113	4	3	9	50	臺北市	大安區	大安區和平東路3段與基隆路2段口	25.0242566	121.5524477	0	0	1	2	8	6	5	4	1	5	5	4	5	13	1	1	10	5	5	2	17	1	9	1	6	1	10	1		2	2	12	
113	4	3	9	53	臺北市	文山區	文山區萬芳路與萬和街口口旁	24.99888883	121.5690793	0	0	2	2	8	6	5	3	2	1	5	4	5	13	2	1	5	4	5	2	13	1	9	1	5	1	10	1		2	2	13	
113	4	3	9	56	臺北市	北投區	北投區石牌路1段與石牌路1段71巷口	25.11361	121.5112555	0	0	1	2	8	6	5	3	1	1	5	4	5	13	4	4	10	5	5	2	16	1	5	1	5	2	10	1		1	2	12	
113	4	3	10	12	臺北市	萬華區	萬華區雙園街與雙園街152巷口	25.0316158	121.4918838	0	0	1	2	8	7	5	4	1	1	5	4	5	13	4	4	8	3	5	2	15	1	9	1	6	1	10	1		1	2	11	
113	4	3	10	15	臺北市	大安區	大安區新生南路3段與新生南路3段56巷口	25.0203973	121.5339121	0	0	1	2	8	6	5	3	1	1	5	4	5	13	1	1	10	5	5	2	17	4	21	7	3	11	19	2		4	4	15	
113	4	3	10	25	臺北市	文山區	文山區新光路2段0707697路燈	25.002657	121.5972022	0	0	1	2	8	5	5	11	9	1	5	4	5	13	4	4	9	5	5	1	17	1	8	1	7	1	8	1		2	3	8	
113	4	3	10	26	臺北市	中正區	中正區中華路1段與中華路1段9巷口	25.04702141	121.5098105	0	0	1	2	7	7	5	4	1	1	5	4	5	13	1	1	1	4	1	2	17	1	9	6	5	9	10	1		1	3	13	
113	4	3	10	50	臺北市	文山區	文山區辛亥路5段與辛亥路5段25巷口	24.9998908	121.5541386	0	0	2	2	8	6	5	4	1	1	5	4	5	13	2	1	1	4	5	2	16	1	9	1	6	2	10	1		1	2	11	
113	4	3	10	57	臺北市	大安區	大安區信義路3段與建國南路1段口	25.0333782	121.5375542	0	0	2	3	8	7	5	4	1	1	5	4	5	13	2	1	10	3	5	1	17	4	8	1	3	1	4	1		1	3	17	
113	4	3	11	22	臺北市	內湖區	內湖區安康路434巷20弄與東湖路160巷口	25.0662503	121.6163811	0	0	1	5	8	7	8	3	1	1	5	4	5	13	4	4	9	5	5	2	16	1	5	1	5	2	10	1		2	3	11	
113	4	3	11	35	臺北市	北投區	北投區大度路3段往淡水方向機慢車優先道	25.1227891	121.4753496	0	0	3	3	8	6	5	14	12	1	5	4	5	13	4	4	1	4	1	1	13	1	9	1	5	1	10	1		1	2	11	
113	4	3	11	43	臺北市	大安區	大安區安居街93號	25.0188256	121.5525135	0	0	1	2	8	6	5	14	9	1	5	4	5	13	4	4	10	5	5	2	17	1	1	1	6	1	10	1		2	2	14	
113	4	3	12	2	臺北市	士林區	士林區延平北路5段224巷與重慶北路4段口	25.08414915	121.5116618	0	0	1	3	8	7	5	3	2	1	5	4	5	13	4	4	1	4	4	1	17	1	14	1	7	1	4	1		1	3	2	
113	4	3	12	10	臺北市	信義區	信義區光復南路525號	25.0319009	121.5575477	0	0	1	2	8	7	8	22	22	1	5	4	5	13	4	4	1	4	4	2	17	1	8	1	6	9	10	1		2	2	12	
113	4	3	12	32	臺北市	北投區	北投區立功街55巷	25.12478859	121.4680218	0	0	1	2	8	6	5	14	9	1	5	4	5	13	4	4	9	4	5	2	13	1	9	1	5	1	10	1		2	2	11	
113	4	3	12	37	臺北市	中山區	中山區中山北路2段與民權東路1段口	25.06285606	121.5227365	0	0	1	2	7	7	8	4	1	1	5	4	5	13	2	1	1	4	5	2	15	4	9	1	5	1	10	1		1	3	12	
113	4	3	12	51	臺北市	中山區	中山區吉林路與吉林路461巷口	25.0677425	121.530455	0	0	1	2	7	6	5	4	1	1	5	4	1	12	4	4	5	4	5	2	16	1	5	1	5	1	10	1		1	2	12	
113	4	3	13	56	臺北市	大安區	大安區忠孝東路3段96號	25.0416962	121.5363821	0	0	1	2	8	7	5	14	9	1	5	4	5	13	2	1	1	3	5	1	13	1	7	1	5	1	10	1		1	2	11	
113	4	3	14	1	臺北市	大安區	大安區仁愛路4段與敦化南路1段口	25.0373193	121.5495134	0	0	2	2	8	5	5	18	9	1	5	4	5	13	4	4	10	4	5	2	12	1	7	1	6	1	10	1		1	2	13	
113	4	3	14	16	臺北市	中山區	中山區中山北路4段與中山北路3段口新生高架匝道前	25.05025669	121.5210791	0	0	1	3	8	7	5	4	2	1	5	4	5	13	1	1	1	3	5	1	15	1	9	1	7	2	8	1		1	3	1	
113	4	3	14	25	臺北市	信義區	信義區忠孝東路5段372巷與忠孝東路5段236巷3弄口口	25.0403504	121.5740109	0	0	2	2	8	7	8	4	2	1	5	4	5	13	4	4	5	5	5	2	15	1	9	1	6	1	10	1		2	2	14	
113	4	3	15	38	臺北市	士林區	士林區延平北路6段116巷與延平北路6段口	25.089075	121.5078907	0	0	2	2	8	6	5	4	2	1	5	4	5	13	4	4	5	5	5	1	17	1	5	1	5	1	10	1		1	2	14	
113	4	3	15	57	臺北市	信義區	信義區市民大道5段與東興路口	25.0482135	121.5658417	0	0	1	2	8	6	5	4	1	1	5	4	5	13	2	1	1	4	5	1	16	4	5	1	3	1	8	1		1	3	1	
113	4	3	16	1	臺北市	大同區	大同區民生西路與民生西路171巷口	25.0572676	121.5172478	0	0	2	2	8	6	5	3	1	1	5	4	5	13	4	4	5	4	5	2	17	1	5	1	6	2	10	1		1	2	12	
113	4	3	16	42	臺北市	內湖區	內湖區江南街與江南街41巷口	25.07776566	121.5780686	0	0	1	2	8	5	5	3	1	1	5	4	5	13	4	4	9	5	5	2	17	4	21	7	3	11	19	2		1	4	15	
113	4	3	17	20	臺北市	信義區	信義區松信路與基隆路1段35巷7弄口	25.04791673	121.5721762	0	0	1	2	8	5	5	3	1	1	5	4	5	13	1	1	5	5	4	2	12	4	8	1	3	1	8	1		1	3	5	
113	4	3	17	21	臺北市	萬華區	萬華區堤外便道與堤外便道口接水源快速道路匝道口	25.0162169	121.4982902	0	0	1	2	8	7	5	3	1	1	5	4	5	13	4	4	9	5	5	2	16	1	6	1	7	1	8	1		2	3	2	
113	4	3	17	53	臺北市	文山區	文山區辛亥路7段與光輝路50巷口口	24.98484162	121.5542727	0	0	1	2	8	5	5	3	1	1	5	4	5	13	2	1	5	4	4	2	16	1	6	1	2	1	8	1		1	3	2	
113	4	3	17	58	臺北市	內湖區	內湖區安康路20號前	25.0620068	121.5929717	0	0	1	2	8	7	5	3	2	1	5	4	5	13	1	1	5	4	5	2	13	4	9	1	5	2	10	1		1	2	11	
113	4	3	18	0	臺北市	內湖區	內湖區內湖路2段192號	25.08092051	121.5857215	0	0	1	2	8	5	5	14	9	1	5	4	5	13	4	4	9	5	5	2	17	1	1	1	7	1	8	1		2	3	8	
113	4	3	18	4	臺北市	中正區	中正區中山南路與信義路1段口	25.0386727	121.517772	0	0	1	2	8	5	5	18	17	1	5	4	5	13	1	1	10	5	3	1	16	1	5	1	5	2	10	1		1	2	14	
113	4	3	18	17	臺北市	大同區	大同區承德路3段與庫倫街口	25.0719533	121.518523	0	0	1	2	7	5	5	4	2	1	5	4	5	13	2	1	1	4	5	2	17	1	5	1	7	2	8	1		1	3	5	
113	4	3	18	19	臺北市	內湖區	內湖區康樂街與康樂街110巷口	25.0706431	121.6190679	0	0	1	2	8	5	5	4	1	1	5	4	5	13	1	1	4	5	5	1	17	1	5	8	4	1	20	1		2	3	12	
113	4	3	18	26	臺北市	大同區	大同區環河北路1段與民生西路口	25.0570869	121.5083859	0	0	1	3	8	5	5	4	2	1	5	4	5	13	1	1	1	4	5	2	17	4	21	7	3	11	19	2		1	4	15	
113	4	3	18	27	臺北市	大安區	大安區仁愛路3段與新生南路1段口	25.0383424	121.5329305	0	0	1	3	8	5	5	4	1	1	5	4	5	13	1	1	1	3	1	2	13	1	9	1	5	1	10	1		1	2	11	
113	4	3	18	33	臺北市	內湖區	內湖區金豐街與金莊路口	25.0653477	121.5876909	0	0	1	2	8	5	5	4	1	1	5	4	5	13	2	1	5	5	5	2	17	1	6	1	7	1	8	1		1	3	5	
113	4	3	18	45	臺北市	中正區	中正區濟南路1段71號對面	25.04217943	121.523387	0	0	1	2	8	5	5	14	8	1	5	4	5	13	4	4	5	4	4	2	16	1	6	1	2	2	8	1		2	3	5	
113	4	3	19	2	臺北市	大安區	大安區仁愛路3段24巷與建國南路1段304巷口	25.035685	121.5359332	0	0	1	2	8	5	5	4	1	1	5	4	5	13	4	4	10	5	5	2	9	1	5	1	7	2	8	1		1	3	8	
113	4	3	19	18	臺北市	萬華區	萬華區西園路1段與和平西路3段口	25.0351476	121.4991835	0	0	1	2	7	5	5	4	2	1	5	4	5	13	1	1	8	3	4	2	12	1	8	1	7	2	2	1		1	3	5	
113	4	3	19	25	臺北市	大安區	大安區和平東路2段107巷與和平東路2段107巷16弄口	25.0263564	121.5404073	0	0	1	2	8	5	5	4	2	1	5	4	5	13	4	4	10	5	5	1	8	1	6	1	7	1	8	1		1	3	4	
113	4	3	19	26	臺北市	中正區	中正區和平西路1段與南昌路2段口	25.0269204	121.5214271	0	0	1	2	8	5	5	4	2	1	5	4	5	13	1	1	3	4	5	2	13	1	9	1	7	2	8	1		2	3	5	
113	4	3	19	58	臺北市	中正區	中正區南海路與南昌路1段口	25.0324797	121.5167037	0	0	2	2	8	5	5	4	2	4	5	4	5	13	1	1	10	4	5	2	17	1	7	1	5	2	10	1		2	2	13	
113	4	3	20	55	臺北市	萬華區	萬華區中華路1段192號	25.0386999	121.5070701	0	0	2	2	7	5	5	14	9	1	5	4	5	13	4	4	1	3	1	2	13	1	9	1	5	1	10	1		1	2	11	
113	4	3	21	37	臺北市	中正區	中正區徐州路1號	25.0417601	121.5191297	0	0	2	3	8	5	5	14	7	1	5	4	5	13	4	4	8	3	4	2	11	1	9	2	5	2	18	1		1	2	11	
113	4	4	6	15	臺北市	中山區	中山區民權東路2段與新生北路3段口	25.0627227	121.5279334	0	0	1	2	7	7	5	4	1	1	5	4	5	13	2	1	9	4	5	2	16	1	6	1	7	1	8	1		1	3	2	
113	4	4	7	30	臺北市	士林區	士林區至誠路2段60巷與至誠路2段口	25.10164573	121.5285708	0	0	2	2	8	7	5	3	1	1	5	4	5	13	4	4	9	5	5	1	17	1	5	1	5	1	11	1		2	2	11	
113	4	4	7	35	臺北市	內湖區	內湖區康寧路3段與康寧路3段16巷口	25.07116784	121.6100003	0	0	1	2	8	6	5	4	1	1	5	4	5	13	1	1	1	3	5	1	16	1	5	1	7	2	8	1		1	3	2	
113	4	4	7	48	臺北市	中正區	中正區愛國東路88號	25.0334169	121.5201416	0	0	1	3	8	7	5	14	9	1	5	4	5	13	4	4	1	4	5	2	12	4	7	1	5	2	10	1		1	2	13	
113	4	4	7	48	臺北市	文山區	文山區指南路3段（西往東0709043燈桿旁）	24.9761868	121.5894483	0	0	2	3	8	5	5	14	9	1	5	4	5	13	4	4	10	5	5	2	11	1	9	1	5	2	10	1		1	2	11	
113	4	4	7	50	臺北市	萬華區	萬華區漢口街2段60號	25.04603251	121.5052548	0	0	1	3	8	6	5	14	9	1	5	4	5	13	4	4	9	4	5	1	9	4	9	1	3	9	2	1		1	3	17	
113	4	4	7	54	臺北市	大安區	大安區羅斯福路3段與浦城街口	25.02217384	121.5266847	0	0	1	2	8	7	5	3	1	1	5	4	5	13	4	4	10	4	5	2	17	1	6	1	7	9	8	1		1	3	15	
113	4	4	8	17	臺北市	文山區	文山區和平東路4段燈桿編號012號旁	25.00486361	121.5690442	0	0	1	2	8	6	5	11	9	1	5	4	5	13	4	4	5	5	5	2	18	1	9	6	5	4	10	1		1	2	12	
113	4	4	8	30	臺北市	文山區	文山區新光路2段與新光路2段口圓環	25.0000348	121.5830722	0	0	1	2	8	5	5	3	2	1	5	4	5	13	4	4	9	4	5	2	17	1	8	1	7	1	8	1		1	3	3	
113	4	4	8	53	臺北市	萬華區	萬華區萬大路與富民路口	25.01930497	121.4973834	0	0	1	2	8	6	5	3	1	1	5	4	5	13	4	4	3	4	5	2	17	1	6	1	7	1	8	1		1	3	5	
113	4	4	9	2	臺北市	文山區	文山區景興路與景興路202巷口	24.9915356	121.5436693	0	0	1	2	8	6	5	3	2	1	5	4	5	13	2	1	5	5	5	2	12	1	9	1	6	2	10	1		1	2	12	
113	4	4	9	57	臺北市	大安區	大安區信義路2段148巷與金山南路2段13巷口	25.0332804	121.5286229	0	0	1	2	8	6	5	4	1	1	5	4	5	13	4	4	10	5	5	2	15	1	9	1	5	1	10	1		2	2	12	
113	4	4	10	15	臺北市	中山區	中山區林森北路與新生北路3段84巷口	25.06746878	121.5257269	0	0	2	2	8	7	5	4	1	1	5	4	5	13	4	4	10	5	5	2	1	1	9	1	6	2	10	1		1	2	11	
113	4	4	10	50	臺北市	士林區	士林區基河路(兒童樂園停車場出入口)	25.09819855	121.5149272	0	0	2	3	8	6	5	14	9	1	5	4	5	13	4	4	5	4	5	1	16	4	11	6	3	1	8	1		2	3	8	
113	4	4	10	54	臺北市	文山區	文山區木柵路5段18之2號對面	25.0025123	121.5821966	0	0	1	2	8	5	5	14	9	1	5	4	5	13	4	4	5	4	5	2	16	1	11	1	7	2	8	1		1	3	5	
113	4	4	11	0	臺北市	北投區	北投區崇仁路1段5號	25.127872	121.5012598	0	0	1	2	8	6	5	14	9	1	5	4	5	13	4	4	9	5	5	2	17	1	4	1	7	1	8	1		1	3	2	
113	4	4	11	0	臺北市	萬華區	萬華區艋舺大道242巷1號	25.03273724	121.4989675	0	0	2	3	8	6	5	14	9	1	5	4	5	13	4	4	5	5	5	2	17	1	11	1	7	1	8	1		1	3	7	
113	4	4	11	40	臺北市	南港區	南港區松河街418號	25.0568781	121.5908887	0	0	1	2	8	5	5	14	9	1	5	4	5	13	4	4	5	4	5	2	16	4	11	1	3	1	8	1		1	3	7	
113	4	4	11	40	臺北市	士林區	士林區福林路與福林路口士林官邸前	25.0951127	121.5302033	0	0	2	3	8	6	5	3	1	1	5	4	5	13	4	4	5	5	5	2	17	4	6	1	3	1	8	1		1	3	2	
113	4	4	11	41	臺北市	士林區	士林區中正路與中正路247巷口	25.0951685	121.5257945	0	0	1	2	7	6	5	3	2	1	5	4	5	13	1	1	3	4	5	2	17	4	6	1	3	9	8	1		1	4	2	
113	4	4	11	41	臺北市	大同區	大同區承德路3段與敦煌路口	25.0751896	121.5202592	0	0	1	3	8	6	5	4	1	1	5	4	5	13	1	1	1	4	5	2	17	1	8	1	6	2	10	1		1	3	17	
113	4	4	11	55	臺北市	信義區	(基隆路1段156號)	25.0442917	121.5639861	0	0	1	2	8	7	8	22	22	1	5	4	5	13	4	4	5	4	5	2	11	1	9	1	6	2	10	1		1	2	14	
113	4	4	12	16	臺北市	松山區	松山區延壽街394號	25.0563799	121.5577628	0	0	1	2	7	7	5	14	9	1	5	4	5	13	4	4	8	5	5	2	12	1	1	1	5	1	11	1		2	2	14	