年	月	日	時	分	縣市	行政區	allLocation	GoogleLat	GoogleLng	死	2-30	受傷	當事人數	天候	道路照明設備	道路類別	道路型態	事故位置	路面狀況1	路面狀況2	路面狀況3	道路障礙1	道路障礙2	號誌1	號誌2	車道劃分-分向	車道劃分-分道1	車道劃分-分道2	車道劃分-分道3	事故類型及型態	行動電話	當事者行動狀態	駕駛資格情形	保護裝置	飲酒情形	駕駛執照種類	個人肇逃否	肇因碼-主要	性別	受傷程度	車輛撞擊部位1	車輛撞擊部位2
113	4	4	12	49	臺北市	文山區	文山區木柵路5段與萬福橋口口	25.002809	121.5835851	0	0	2	2	8	5	5	4	2	1	5	4	5	13	2	1	10	5	5	2	13	1	9	1	5	1	10	1		1	2	11	
113	4	4	12	55	臺北市	中正區	中正區金山南路1段與濟南路2段口	25.0408655	121.52927	0	0	1	3	7	6	5	4	1	1	5	4	5	13	1	1	5	5	5	2	16	1	6	1	7	2	8	1		1	3	2	
113	4	4	13	53	臺北市	文山區	文山區汀州路4段與溪洲街口	25.0038597	121.5354431	0	0	2	3	7	6	6	3	1	1	5	4	5	13	3	1	5	5	5	2	20	1	15	2	6	1	18	1		2	2	12	
113	4	4	14	2	臺北市	松山區	松山區敦化北路100號	25.05264143	121.5487437	0	0	1	2	6	7	5	14	9	1	4	4	5	13	4	4	9	4	5	2	17	1	1	1	7	2	8	1		2	3	5	
113	4	4	14	6	臺北市	文山區	文山區政大三街與政大二街口口	24.9865471	121.584072	0	0	1	2	7	6	5	4	1	1	5	4	5	13	4	4	10	5	5	2	15	1	9	1	7	1	8	1		1	3	4	
113	4	4	14	26	臺北市	大安區	大安區敦化南路2段與安和路2段171巷口	25.0280164	121.5490171	0	0	1	2	6	6	5	4	2	1	4	4	5	13	1	1	10	5	5	2	18	1	9	1	5	1	10	1		3	2	12	
113	4	4	14	29	臺北市	大安區	大安區光復南路420巷與光復南路口	25.0364686	121.5574032	0	0	1	2	6	5	5	3	1	1	4	4	5	13	2	1	10	5	5	2	17	4	6	1	3	1	8	1		2	3	5	
113	4	4	14	35	臺北市	內湖區	內湖區堤外便道與五分街口口	25.06579068	121.6178489	0	0	1	2	6	6	5	4	1	1	4	4	5	13	2	1	5	5	5	2	16	1	5	1	7	2	8	1		1	3	1	
113	4	4	15	37	臺北市	大安區	大安區忠孝東路4段181巷7弄23號	25.04208654	121.5509802	0	0	1	2	7	5	5	14	9	1	5	4	5	13	4	4	10	5	5	2	9	4	9	1	3	1	8	1		1	3	5	
113	4	4	16	31	臺北市	士林區	士林區中山北路5段與中山北路5段829巷口	25.101592	121.5258228	0	0	1	2	7	7	5	3	1	1	4	4	5	13	4	4	10	5	5	1	17	1	6	1	7	1	8	1		1	3	2	
113	4	4	16	45	臺北市	北投區	北投區立農街1段與立農街1段320巷口	25.1195061	121.5067358	0	0	2	2	8	7	5	4	1	1	5	4	5	13	4	4	10	5	5	1	15	1	9	1	6	2	10	1		1	2	12	
113	4	4	16	52	臺北市	中山區	中山區樂群三路美麗華停車場出入口	25.0826885	121.5568613	0	0	1	3	8	6	5	14	8	1	5	4	5	13	4	4	5	5	4	2	17	1	1	1	7	1	8	1		1	3	8	
113	4	4	17	0	臺北市	大同區	大同區酒泉街與延平北路4段口口	25.0721073	121.5109159	0	0	1	2	8	6	5	4	1	1	5	4	5	13	2	1	8	3	5	2	16	1	6	1	7	1	8	1		1	3	5	
113	4	4	19	10	臺北市	中正區	中正區重慶南路3段與寧波西街口	25.0297887	121.5153529	0	0	1	2	8	5	5	4	1	1	5	4	5	13	1	1	1	4	5	2	17	1	6	1	5	2	10	1		1	3	12	
113	4	4	20	23	臺北市	萬華區	萬華區內江街與昆明街口	25.0415182	121.5045222	0	0	1	2	7	5	5	4	1	1	5	4	5	13	1	1	10	4	5	2	17	4	7	1	7	1	8	1		1	3	8	
113	4	4	20	35	臺北市	信義區	信義區基隆路1段37巷與基隆路1段87巷口	25.0462658	121.5688711	0	0	1	2	7	5	5	4	1	1	5	4	5	13	4	4	10	5	5	2	17	4	9	1	5	1	10	1		1	2	14	
113	4	4	20	49	臺北市	中山區	中山區建國北路3段113巷與民族東路口	25.0681206	121.5366231	0	0	1	2	7	5	5	3	2	1	5	4	5	13	2	1	8	3	4	1	17	1	5	1	7	1	8	1		1	3	2	
113	4	4	21	25	臺北市	松山區	松山區南京東路4段162號	25.05147096	121.5564946	0	0	1	3	7	5	8	22	20	4	5	4	5	13	4	4	10	5	5	2	24	1	9	8	4	1	20	1		2	2	15	
113	4	4	21	34	臺北市	文山區	文山區興隆路1段251巷與興隆路1段251巷4弄口口	24.9997874	121.544891	0	0	2	2	8	5	5	4	1	1	5	4	5	13	4	4	10	5	5	2	15	1	9	1	6	1	10	1		2	2	11	
113	4	4	21	45	臺北市	士林區	士林區中正路與中正路247巷口	25.0951012	121.525534	0	0	1	2	7	5	5	3	18	1	5	4	5	13	1	1	3	4	5	2	3	1	15	1	6	2	10	1		1	3	12	
113	4	4	21	51	臺北市	萬華區	萬華區青年路與國興路口	25.02613682	121.5064303	0	0	2	3	8	5	5	4	1	1	5	4	5	13	2	1	5	5	5	2	17	4	1	1	5	1	10	1		2	3	13	
113	4	4	21	56	臺北市	中山區	中山區民族東路與松江路口	25.0681666	121.5326185	0	0	1	2	8	5	5	3	1	1	5	4	5	13	4	4	1	4	5	2	16	4	6	1	3	1	8	1		2	3	2	
113	4	4	23	8	臺北市	大同區	大同區環河北路1段與民生西路口	25.0566094	121.5082838	0	0	1	2	7	5	5	4	2	1	5	4	5	13	2	1	1	2	5	2	13	4	9	3	3	2	18	1		1	3	1	
113	4	4	23	15	臺北市	中山區	中山區新生北路3段與民族東路口	25.06823142	121.5280341	0	0	1	2	6	5	5	4	1	1	4	4	5	13	1	1	1	4	5	2	16	4	6	1	3	1	4	1		1	3	5	
113	4	4	23	52	臺北市	大安區	大安區四維路170巷與和平東路3段1巷口	25.0282242	121.5469036	0	0	1	2	7	5	5	3	1	1	4	4	5	13	4	4	10	5	5	2	17	1	15	1	7	1	4	1		1	3	17	
113	4	5	10	45	臺北市	大安區	西往東方向(辛亥路2段171巷與辛亥復興路口之間)	25.02124714	121.5418967	0	0	1	3	7	6	5	14	7	1	5	4	5	13	4	4	1	4	1	2	13	1	9	1	7	1	8	1		1	3	1	
113	4	5	11	8	臺北市	中山區	中山區長安東路2段與松江路口	25.0485793	121.533079	0	0	1	2	8	5	5	4	1	1	5	4	5	13	2	1	3	4	5	2	2	4	6	1	3	1	4	1		1	3	1	
113	4	5	12	48	臺北市	大安區	大安區金華街199巷與愛國東路口	25.0314824	121.5283	0	0	1	2	8	5	5	4	1	1	5	4	5	13	4	4	4	3	5	2	15	1	9	1	7	1	4	1		1	3	8	
113	4	5	12	50	臺北市	士林區	士林區小東街37號	25.08961487	121.5264435	0	0	1	2	8	6	5	14	9	1	5	4	5	13	4	4	10	5	5	2	17	1	2	1	7	1	8	1		1	3	3	
113	4	5	13	25	臺北市	士林區	士林區文林路與大東路口	25.0936656	121.5249975	0	0	2	2	8	6	5	3	2	1	5	4	5	13	4	4	9	4	5	1	16	4	9	1	3	1	10	1		2	2	14	
113	4	5	13	28	臺北市	萬華區	萬華區桂林路246巷與和平西路3段口	25.036051	121.4911999	0	0	2	2	7	6	5	3	2	1	5	4	5	13	1	1	10	5	5	2	12	1	9	1	6	1	10	1		1	2	14	
113	4	5	14	0	臺北市	中正區	中正區中正河濱公園與中正橋口下方	25.02152027	121.5168297	0	0	2	2	8	6	5	11	9	1	5	4	1	11	4	4	10	5	5	1	17	1	5	8	4	1	20	1		1	2	11	
113	4	5	14	13	臺北市	大安區	大安區臥龍街236號	25.01866323	121.5552756	0	0	2	3	7	6	5	14	9	1	5	4	5	13	4	4	4	3	4	1	12	1	9	1	6	1	10	1		1	2	11	
113	4	5	15	13	臺北市	內湖區	內湖區港墘路與港墘路82巷口	25.08071086	121.5779357	0	0	2	2	7	5	5	4	2	1	5	4	5	13	1	1	5	5	5	2	16	1	11	1	6	2	10	1		1	2	12	
113	4	5	15	24	臺北市	松山區	松山區光復南路22巷與八德路3段158巷口	25.0468878	121.5552241	0	0	1	2	7	5	5	4	1	1	5	4	5	13	4	4	10	5	5	2	15	1	9	1	7	1	8	1		1	3	4	
113	4	5	15	39	臺北市	大安區	大安區新生南路2段與和平東路1段口	25.0261632	121.5347069	0	0	1	2	8	5	5	4	2	1	5	4	5	12	2	1	9	2	3	2	16	1	6	1	7	1	4	1		1	3	5	
113	4	5	16	12	臺北市	信義區	信義區富陽街71巷22號	25.0222019	121.5574027	0	0	1	3	8	7	5	14	9	1	5	4	5	13	4	4	7	5	5	2	17	1	15	1	7	2	8	1		1	3	4	
113	4	5	16	20	臺北市	信義區	信義區松山路與永吉路口	25.0453147	121.5777738	0	0	1	2	7	7	5	4	1	1	5	4	5	13	2	1	1	4	5	2	17	1	5	1	5	1	10	1		1	2	12	
113	4	5	16	26	臺北市	士林區	士林區中正路639號	25.08636875	121.508116	0	0	1	2	7	6	5	14	9	1	5	4	5	13	4	4	1	4	5	2	17	1	8	3	7	2	18	1		1	3	2	
113	4	5	16	30	臺北市	信義區	信義區忠孝東路5段與忠孝東路5段743巷口	25.0436401	121.5814189	0	0	1	2	7	6	5	5	1	1	5	4	5	13	2	1	1	4	5	1	17	4	6	1	3	1	8	1		1	3	17	
113	4	5	16	31	臺北市	士林區	士林區環河北路3段堤外自行車道延平河濱047桿	25.0844165	121.5058821	0	0	2	2	7	7	5	14	23	1	5	4	5	13	4	4	9	5	5	1	17	1	9	8	4	1	20	1		1	2	11	
113	4	5	17	48	臺北市	大安區	大安區仁愛路4段與光復南路口	25.037743	121.5572878	0	0	1	2	7	5	5	4	1	1	5	4	5	13	1	1	10	3	5	2	12	1	8	1	7	1	8	1		1	3	5	
113	4	5	18	10	臺北市	士林區	士林區中正路行政中心公車站	25.0928162	121.5194195	0	0	1	3	8	6	6	14	8	1	5	4	5	13	4	4	3	4	4	2	17	4	9	3	3	2	18	1		1	3	11	
113	4	5	20	30	臺北市	中山區	中山區中山北路1段與華陰街口	25.0489927	121.5210353	0	0	1	2	8	5	5	3	2	1	5	4	5	13	4	4	1	4	1	2	17	1	9	1	5	1	10	1		2	2	12	
113	4	5	20	39	臺北市	士林區	士林區承德路5段55號(兒童新樂園士商路大門口)	25.09636287	121.5154291	0	0	1	2	8	5	5	14	9	1	5	4	5	13	3	1	10	4	5	1	17	1	5	1	7	1	1	1		1	3	4	
113	4	5	20	50	臺北市	北投區	北投區中央北路2段257巷與中央北路2段口	25.1384636	121.4911287	0	0	1	2	7	5	5	5	1	1	5	4	5	13	1	1	10	5	5	2	17	1	1	1	6	1	10	1		2	2	11	
113	4	5	21	10	臺北市	士林區	士林區承德路4段與承德路4段179巷口	25.0873146	121.522664	0	0	2	3	7	5	5	3	1	1	5	4	5	13	3	1	1	4	5	2	17	1	6	1	7	2	8	1		1	3	8	
113	4	5	22	0	臺北市	內湖區	內湖區石潭路27號	25.0625536	121.586252	0	0	1	2	8	5	5	14	9	1	3	4	5	13	2	1	5	4	5	2	17	1	5	1	7	11	1	1		1	3	17	
113	4	5	22	33	臺北市	大安區	大安區忠孝東路4段317號	25.0414328	121.5563144	0	0	1	2	8	5	5	14	9	1	5	4	5	13	2	1	10	5	5	2	12	4	7	1	3	2	4	1		1	3	7	
113	4	6	4	15	臺北市	士林區	士林區百齡橋7510211燈桿	25.089095	121.5138688	0	0	2	2	6	5	5	8	11	1	4	4	5	13	4	4	3	2	5	1	13	1	9	1	6	2	10	1		1	2	11	
113	4	6	6	45	臺北市	大同區	大同區承德路3段與庫倫街口	25.0723843	121.5188216	0	0	1	2	7	6	5	4	2	1	4	4	5	13	2	1	1	5	5	2	17	1	11	1	7	2	8	1		1	3	17	
113	4	6	7	3	臺北市	大安區	大安區敦化南路1段190巷與忠孝東路4段77巷口	25.0426254	121.5472149	0	0	1	2	7	6	5	4	1	1	5	4	5	13	4	4	10	5	5	2	15	4	9	1	3	1	10	1		1	2	11	
113	4	6	7	40	臺北市	文山區	文山區秀明路1段201號	24.9916675	121.5697807	0	0	2	2	8	6	5	14	9	1	5	4	5	13	3	1	1	4	4	2	13	1	9	1	7	2	8	1		1	2	1	
113	4	6	8	34	臺北市	南港區	南港區成功路1段與向陽路199巷口	25.0568285	121.5926763	0	0	1	2	7	7	5	3	1	1	5	4	5	13	4	4	5	4	5	2	16	4	5	1	3	1	10	1		1	3	13	
113	4	6	9	25	臺北市	信義區	信義區信義路5段7號	25.0330403	121.5645456	0	0	1	2	8	6	5	14	9	1	5	4	5	13	4	4	3	3	5	2	9	1	12	1	3	1	2	1		1	3	2	
113	4	6	10	53	臺北市	中正區	中正區林森南路地下道北往南	25.0379187	121.5213237	0	0	3	3	8	5	5	7	9	1	5	4	5	13	4	4	7	4	5	1	13	1	9	1	6	2	10	1		1	2	11	
113	4	6	11	20	臺北市	萬華區	萬華區堤外便道龍山022燈桿	25.03890362	121.4955641	0	0	1	2	7	6	7	14	23	1	5	4	5	13	4	4	10	5	5	1	17	4	5	8	3	1	20	1		1	3	13	
113	4	6	11	26	臺北市	中山區	中山區中山北路2段與民權西路1段口	25.0627012	121.5226455	0	0	1	2	7	6	5	4	1	1	5	4	5	13	2	1	1	4	5	2	12	1	9	1	7	2	8	1		1	3	6	
113	4	6	11	28	臺北市	信義區	信義區吳興街520號	25.0220895	121.5690088	0	0	1	2	8	6	5	14	9	1	5	4	5	13	4	4	5	5	5	2	16	1	11	1	7	2	8	1		1	3	8	
113	4	6	11	47	臺北市	士林區	士林區至善路2段與故宮路口	25.09826093	121.5464848	0	0	2	3	8	5	5	4	1	1	5	4	5	13	2	1	1	4	4	2	17	4	6	1	3	1	4	1		1	3	8	
113	4	6	12	1	臺北市	大安區	大安區忠孝東路4段216巷與敦化南路1段233巷口	25.040307	121.5529295	0	0	1	2	7	6	5	4	1	1	5	4	5	13	4	4	5	5	5	2	17	1	9	1	7	2	4	1		1	3	1	
113	4	6	12	2	臺北市	大同區	大同區鄭州路與延平北路1段口	25.05002581	121.5120242	0	0	1	3	8	5	5	4	1	1	5	4	5	13	1	1	1	4	1	2	17	1	15	1	5	1	10	1		1	3	11	
113	4	6	12	10	臺北市	中山區	中山區八德路2段223號	25.04666873	121.540131	0	0	1	2	8	7	5	14	9	1	5	4	5	13	4	4	5	4	5	2	12	1	8	1	7	1	8	1		1	3	5	
113	4	6	12	14	臺北市	中正區	中正區羅斯福路2段9號	25.028559	121.5214598	0	0	1	2	8	6	5	14	9	1	5	4	5	13	4	4	3	4	5	2	13	1	9	1	5	1	10	1		1	2	11	
113	4	6	12	35	臺北市	萬華區	萬華區堤外便道與長順街口(水門)	25.03383565	121.489086	0	0	2	2	8	5	5	14	9	1	5	4	5	13	4	4	10	5	5	2	17	4	9	1	5	1	10	1		2	2	11	
113	4	6	12	52	臺北市	大安區	大安區建國南路1段222號	25.0392984	121.5375422	0	0	1	2	7	6	5	14	9	1	5	4	5	13	4	4	10	4	5	2	17	1	8	1	7	1	8	1		1	3	17	
113	4	6	13	10	臺北市	中山區	中山區市民大道3段與八德路2段210巷口口	25.0447474	121.5395734	0	0	2	3	7	7	5	14	9	1	5	4	5	13	2	1	1	4	5	2	12	1	6	1	7	1	8	1		1	3	2	
113	4	6	13	56	臺北市	萬華區	萬華區忠孝西路2段與西寧南路口	25.0486904	121.5068599	0	0	2	2	8	6	5	4	2	1	5	4	5	13	1	1	8	3	5	1	13	1	12	1	5	1	10	1		1	2	11	
113	4	6	14	46	臺北市	中正區	中正區基隆路4段與羅斯福路4段口	25.0111178	121.5365992	0	0	1	2	7	7	5	4	2	1	5	4	5	13	1	1	1	4	5	2	17	1	9	1	7	1	8	1		1	3	6	
113	4	6	15	17	臺北市	內湖區	內湖區堤外便道東向西基11號水門	25.06434798	121.6116939	0	0	2	3	7	6	5	14	9	1	5	4	5	13	4	4	9	4	5	2	6	5	18	8	4	10	20	1		1	3	16	
113	4	6	15	19	臺北市	萬華區	萬華區東園街與東園街46巷口	25.02655761	121.4961601	0	0	2	2	7	5	5	3	19	1	5	4	5	13	4	4	10	5	5	2	3	4	9	1	3	1	10	1		1	2	11	
113	4	6	15	32	臺北市	中正區	中正區中華路1段與愛國西路口	25.03744272	121.5071201	0	0	1	2	7	7	5	5	2	1	5	4	5	13	1	1	1	4	1	2	13	1	7	1	7	2	8	1		1	3	5	
113	4	6	16	42	臺北市	萬華區	萬華區西園路1段236號	25.0350572	121.4989817	0	0	2	2	8	6	6	14	9	1	5	4	5	13	4	4	8	3	5	1	13	1	9	1	5	1	10	1		1	2	11	
113	4	6	16	54	臺北市	大安區	大安區羅斯福路4段與基隆路4段口	25.0112408	121.5375831	0	0	1	2	7	5	5	5	2	1	5	4	5	13	2	1	8	3	5	1	16	1	9	1	6	1	10	2		4	2	17	
113	4	6	17	28	臺北市	中正區	中正區寧波西街與南昌路1段口	25.0307185	121.5174898	0	0	2	2	7	5	5	4	2	1	5	4	5	13	1	1	10	4	5	2	17	1	5	1	5	2	10	1		1	2	14	
113	4	6	17	32	臺北市	萬華區	萬華區西園路2段與寶興街口	25.02682947	121.4936383	0	0	2	2	8	5	5	4	18	1	5	4	5	13	1	1	10	5	5	2	9	4	9	1	3	1	10	1		1	2	11	
113	4	6	17	51	臺北市	內湖區	口(成功路4段182巷6弄37號附近)	25.08339902	121.5930899	0	0	1	2	7	5	5	3	1	1	5	4	5	13	4	4	8	3	5	1	16	1	5	1	7	1	8	1		1	3	4	
113	4	6	18	20	臺北市	萬華區	萬華區忠孝西路2段36號	25.04848163	121.5079805	0	0	1	2	7	5	5	14	9	1	5	4	5	13	4	4	1	4	5	2	12	1	7	1	7	1	4	1		1	3	4	
113	4	6	18	28	臺北市	大安區	大安區忠孝東路4段101巷與忠孝東路4段口	25.0417123	121.5480845	0	0	1	2	7	5	5	4	2	1	5	4	5	13	4	4	10	5	5	2	17	1	11	8	4	1	20	1		1	2	11	
113	4	6	18	43	臺北市	中正區	中正區新生南路1段與仁愛路2段口	25.04191592	121.5221406	0	0	1	2	7	5	5	4	1	1	4	4	5	13	1	1	1	4	1	2	13	1	9	1	5	2	10	1		1	2	11	
113	4	6	18	50	臺北市	大同區	大同區長安西路與重慶北路1段口	25.0515541	121.5142347	0	0	1	2	8	5	5	5	2	1	4	4	5	13	2	1	5	2	5	2	17	4	1	1	3	9	8	1		1	3	17	
113	4	6	19	14	臺北市	大安區	大安區忠孝東路4段223巷與忠孝東路4段205巷7弄口	25.0421013	121.5529904	0	0	2	3	8	5	5	4	1	1	5	4	5	13	4	4	5	5	5	1	16	1	5	1	7	2	4	1		1	3	4	
113	4	6	19	32	臺北市	信義區	信義區永吉路與基隆路1段口	25.0458524	121.5672725	0	0	4	4	7	5	5	5	1	1	4	4	5	13	1	1	9	4	5	2	12	1	1	1	5	2	10	1		1	2	13	
113	4	6	20	25	臺北市	中正區	中正區杭州南路1段31號	25.0416257	121.5261349	0	0	2	3	6	5	5	14	9	1	4	4	5	13	1	1	9	4	5	2	16	1	5	1	6	2	10	1		1	2	14	
113	4	6	20	30	臺北市	內湖區	內湖區康寧路1段282號	25.07856848	121.5975077	0	0	1	5	7	5	5	14	9	1	5	4	5	13	4	4	9	5	5	2	17	1	9	1	5	2	10	1		2	2	11	
113	4	6	20	50	臺北市	北投區	北投區中央北路2段113號與中央北路2段口	25.1372227	121.4945998	0	0	2	2	6	5	6	3	1	1	4	4	5	13	4	4	9	4	5	2	16	4	11	8	3	2	20	1		2	2	17	
113	4	6	22	0	臺北市	中正區	中正區師大路241號前	25.0204369	121.5232233	0	0	1	2	7	5	5	14	9	1	5	4	5	13	4	4	1	4	4	1	9	1	1	1	7	2	8	1		1	3	17	
113	4	6	22	0	臺北市	松山區	信義區松壽路12號	25.0358437	121.5666003	0	0	1	2	7	5	8	14	9	1	5	4	5	13	4	4	9	4	5	2	16	1	11	1	5	2	10	1		1	3	14	
113	4	7	4	20	臺北市	大同區	大同區承德路3段與承德路3段108巷口口	25.0669613	121.5182935	0	0	3	3	6	5	5	3	1	1	4	4	5	13	4	4	1	4	5	2	4	5	17	8	4	10	20	1		1	2	16	
113	4	7	4	44	臺北市	信義區	信義區市民大道6段與松信路口	25.0492165	121.5723481	0	0	1	2	6	5	5	4	2	1	4	4	5	13	1	1	9	4	5	2	16	1	5	1	7	2	8	1		1	3	8	
113	4	7	4	55	臺北市	中山區	中山區民生東路2段105號	25.05803493	121.5313099	0	0	1	2	6	5	5	14	9	2	4	4	5	13	4	4	5	4	4	2	12	4	8	1	3	1	4	1		1	3	2	
113	4	7	5	8	臺北市	萬華區	萬華區環河南路2段294號	25.03154447	121.4908791	0	0	1	2	6	5	5	14	9	1	4	4	3	10	4	4	1	4	5	2	17	1	9	1	5	1	10	1		1	2	11	
113	4	7	8	19	臺北市	大安區	大安區通化街26號	25.0316723	121.5542471	0	0	2	2	7	6	5	14	9	1	4	4	5	13	4	4	5	5	5	2	13	4	9	1	6	1	10	1		1	2	11	
113	4	7	9	20	臺北市	萬華區	萬華區富民路121號	25.0183365	121.499812	0	0	1	2	7	5	5	14	9	1	5	4	5	13	4	4	10	3	5	1	9	4	9	1	3	2	8	1		1	3	4	
113	4	7	10	9	臺北市	松山區	松山區民生東路3段與民生東路3段113巷口	25.05781081	121.5464985	0	0	3	3	7	6	5	4	2	1	5	4	5	13	1	1	1	3	5	2	13	1	9	1	6	1	10	1		1	2	11	
113	4	7	10	10	臺北市	大安區	大安區金山南路2段與潮州街口	25.0288722	121.5263527	0	0	1	2	8	6	5	4	1	1	5	4	5	13	1	1	1	4	5	2	17	4	5	1	3	1	4	1		1	3	5	
113	4	7	10	15	臺北市	中山區	中山區林森北路111號	25.05056743	121.5250279	0	0	1	2	8	6	5	14	9	1	5	4	5	13	4	4	2	4	5	2	9	1	15	1	7	1	2	1		1	3	15	
113	4	7	10	30	臺北市	內湖區	內湖區內湖路1段387巷與內湖路1段口	25.08186634	121.5701437	0	0	1	2	8	6	5	3	1	1	5	4	5	13	4	4	1	4	4	2	16	1	6	1	6	1	10	1		1	3	13	
113	4	7	10	39	臺北市	中山區	中山區建國北路2段26號	25.05306608	121.5366102	0	0	1	2	8	6	6	3	1	1	5	4	5	13	4	4	1	4	5	2	17	1	7	1	7	1	8	1		1	3	7	
113	4	7	11	41	臺北市	內湖區	內湖區南京東路6段與新明路426巷口	25.0558147	121.5790158	0	0	1	2	8	7	5	5	1	1	5	4	5	13	1	1	1	5	5	2	17	1	9	1	7	1	8	1		1	3	1	
113	4	7	12	15	臺北市	中正區	中正區仁愛路1段與紹興南街口	25.03833296	121.5233607	0	0	1	2	7	7	5	4	2	1	5	4	5	13	1	1	1	4	1	2	16	1	5	1	7	2	8	1		1	3	4	
113	4	7	12	17	臺北市	萬華區	萬華區中華路2段與大埔街口	25.03243306	121.5046924	0	0	1	2	8	6	5	4	1	1	5	4	5	13	2	1	5	4	5	2	17	1	6	1	7	1	8	1		1	3	5	
113	4	7	12	23	臺北市	文山區	文山區辛亥路4段與辛亥路4段222巷口口	25.0022317	121.5553894	0	0	2	2	8	6	5	3	1	1	5	4	5	13	3	1	10	5	5	1	16	1	5	1	6	2	10	1		2	2	11	
113	4	7	12	41	臺北市	北投區	北投區新市街24巷10號對面	25.1318726	121.5028232	0	0	1	2	8	5	5	14	9	1	5	4	5	13	4	4	10	5	5	2	17	4	2	1	3	1	8	1		2	3	5	
113	4	7	12	50	臺北市	士林區	士林區社中街120號	25.08988039	121.5102412	0	0	1	2	7	5	5	14	9	1	5	4	5	13	4	4	9	5	5	2	16	1	5	1	6	1	10	1		1	2	12	
113	4	7	14	17	臺北市	大同區	大同區重慶北路3段與民族西路口	25.0685923	121.5136877	0	0	3	3	7	6	5	4	1	1	5	4	5	13	1	1	1	2	5	2	17	1	5	1	5	1	10	1		1	2	14	
113	4	7	14	48	臺北市	士林區	士林區延平北路7段106巷與洲美快速道路口橋下	25.0969102	121.4971724	0	0	1	2	8	6	5	3	1	1	5	4	5	13	4	4	10	5	5	1	15	1	9	1	7	2	8	1		1	3	1	
113	4	7	15	10	臺北市	文山區	文山區木新路3段172巷2弄與木新路3段172巷口	24.9822549	121.5605742	0	0	1	2	8	5	5	4	1	1	5	4	5	13	4	4	10	5	5	1	17	1	9	1	5	1	10	1		2	2	12	
113	4	7	15	10	臺北市	文山區	文山區汀州路4段與溪洲街107巷口口	25.00341804	121.5355859	0	0	1	2	8	6	5	3	1	1	5	4	5	13	4	4	5	5	5	2	16	1	5	8	4	1	20	1		1	2	14	
113	4	7	15	46	臺北市	信義區	信義區中坡南路10號	25.0437304	121.5824293	0	0	2	3	8	5	5	14	8	1	5	4	3	13	4	4	5	5	4	2	17	1	1	8	4	2	20	1		1	2	14	
113	4	7	16	0	臺北市	中山區	中山區中山北路1段與市民大道2段口	25.0482558	121.520583	0	0	1	2	7	7	5	4	1	1	5	4	5	13	1	1	9	4	5	2	17	1	6	1	6	1	10	1		2	3	13	
113	4	7	16	10	臺北市	大安區	大安區仁愛路4段與敦化南路1段口	25.0377763	121.5479676	0	0	1	2	8	5	5	4	2	1	5	4	5	13	2	1	1	4	4	2	12	1	15	1	7	1	14	1		1	3	8	
113	4	7	16	22	臺北市	中山區	中山區市民大道2段與新生北路1段62巷口	25.0460968	121.5306237	0	0	1	2	8	7	5	4	1	1	5	4	5	13	1	1	1	4	5	2	16	1	6	1	7	1	4	1		1	3	2	
113	4	7	17	3	臺北市	信義區	信義區信義路6段86號	25.0353775	121.5770168	0	0	2	5	8	7	5	14	9	1	5	4	5	13	4	4	5	4	5	2	13	1	9	1	7	2	8	1		1	2	1	14
113	4	7	18	2	臺北市	南港區	南港區南港路1段與興中路口口	25.0545245	121.6074907	0	0	3	3	7	5	5	4	1	1	5	4	5	13	2	1	5	4	5	2	16	1	5	1	6	1	10	1		2	2	14	
113	4	7	18	32	臺北市	大安區	大安區師大路31號旁	25.0251305	121.528491	0	0	1	3	8	5	5	11	9	1	5	4	3	10	4	4	8	3	5	1	12	1	8	1	7	1	8	1		1	3	2	
113	4	7	18	59	臺北市	中山區	中山區中山北路2段20巷與中山北路2段口	25.05351754	121.5225057	0	0	1	3	8	5	5	3	1	1	5	4	5	13	4	4	1	4	1	2	13	1	9	1	6	1	10	1		1	3	11	
113	4	7	19	23	臺北市	松山區	松山區八德路4段245巷32弄與八德路4段207巷口	25.0499446	121.5637802	0	0	1	2	7	5	6	4	1	1	4	4	5	13	4	4	9	5	5	2	15	1	9	1	5	1	10	1		1	2	11	
113	4	7	19	42	臺北市	大安區	大安區忠孝東路4段205巷7弄與忠孝東路4段223巷口	25.0420575	121.5529237	0	0	1	2	7	5	5	4	2	1	5	4	5	13	4	4	5	4	5	1	17	1	5	1	7	1	8	1		1	3	2	
113	4	7	20	27	臺北市	信義區	信義區松信路230號	25.0413121	121.5719111	0	0	1	3	7	5	5	14	9	1	5	4	5	13	4	4	9	4	5	2	12	1	8	1	7	1	8	1		1	3	2	
113	4	7	20	44	臺北市	北投區	北投區中央北路4段601巷關渡河濱039燈桿	25.12196563	121.4622893	0	0	1	2	7	5	5	14	9	1	5	4	5	13	4	4	8	3	5	2	17	1	15	1	7	2	8	1		1	3	7	
113	4	7	20	54	臺北市	萬華區	萬華區環河南路1段與貴陽街2段口	25.0401309	121.4979949	0	0	1	2	7	5	5	4	1	1	5	4	5	13	2	1	1	4	5	1	17	1	9	1	7	1	8	1		2	3	5	12
113	4	7	21	0	臺北市	中山區	中山區市民大道2段與天津街口	25.0480448	121.5225209	0	0	4	4	7	5	5	4	1	1	5	4	5	13	2	1	1	4	5	2	17	4	6	1	6	2	10	1		1	2	13	
113	4	7	21	16	臺北市	大安區	大安區和平東路1段與青田街口	25.0262791	121.5320824	0	0	2	2	8	5	5	3	19	1	5	4	5	13	2	1	8	3	4	1	3	1	15	1	5	1	10	1		2	2	12	