年	月	日	時	分	縣市	行政區	allLocation	GoogleLat	GoogleLng	死	2-30	受傷	當事人數	天候	道路照明設備	道路類別	道路型態	事故位置	路面狀況1	路面狀況2	路面狀況3	道路障礙1	道路障礙2	號誌1	號誌2	車道劃分-分向	車道劃分-分道1	車道劃分-分道2	車道劃分-分道3	事故類型及型態	行動電話	當事者行動狀態	駕駛資格情形	保護裝置	飲酒情形	駕駛執照種類	個人肇逃否	肇因碼-主要	性別	受傷程度	車輛撞擊部位1	車輛撞擊部位2
113	4	7	21	40	臺北市	中正區	中正區中山南路與信義路1段口	25.0386394	121.5179206	0	0	2	3	7	5	5	5	2	1	5	4	5	13	1	1	1	4	5	2	12	5	20	8	5	10	20	1		2	2	16	
113	4	7	22	34	臺北市	士林區	士林區文昌路與美崙街口	25.0967679	121.5208693	0	0	1	2	8	5	5	4	1	1	5	4	5	13	1	1	1	4	5	2	16	1	5	1	7	1	8	1		1	3	2	
113	4	8	5	2	臺北市	萬華區	萬華區環河南路2段與貴陽街2段口	25.0400785	121.497939	0	0	1	2	7	5	5	4	1	1	5	4	5	13	1	1	3	4	5	2	15	4	9	1	5	1	10	1		1	2	12	
113	4	8	5	40	臺北市	信義區	信義區福德街221巷3弄與福德街221巷口	25.03803475	121.5851239	0	0	1	2	7	7	5	4	2	1	4	4	5	13	4	4	10	4	5	2	18	1	9	1	5	1	10	1		2	2	11	
113	4	8	6	44	臺北市	北投區	北投區大業路與永興路1段口	25.1369519	121.4982781	0	0	1	2	6	7	5	3	1	1	4	4	5	13	4	4	5	5	5	2	17	1	6	1	7	9	8	2		1	3	17	
113	4	8	6	50	臺北市	士林區	士林區環河北路3段23停車格	25.0896973	121.5022506	0	0	1	2	7	7	5	14	8	1	4	4	5	13	4	4	1	4	4	2	17	1	1	1	7	1	8	1		2	3	7	
113	4	8	7	28	臺北市	士林區	士林區中正路620號	25.04847309	121.5183568	0	0	1	2	7	7	5	14	9	1	5	4	5	13	4	4	1	5	5	1	12	1	9	1	7	1	8	1		2	3	5	
113	4	8	8	9	臺北市	萬華區	萬華區環河南路1段9號	25.0407112	121.4985471	0	0	2	2	6	7	5	14	7	1	4	4	5	13	4	4	4	1	5	2	13	1	7	1	6	1	10	1		2	2	13	
113	4	8	8	19	臺北市	大同區	大同區重慶北路3段與民權西路口	25.0630864	121.5138401	0	0	1	2	6	6	5	4	1	1	4	4	5	13	2	1	1	5	5	2	13	1	9	1	7	1	8	1		1	3	1	
113	4	8	8	23	臺北市	士林區	士林區德行東路331巷與德行東路口	25.1103241	121.537568	0	0	1	2	6	6	5	4	1	1	4	4	5	13	1	1	10	5	5	1	17	1	5	1	7	1	8	1		1	3	6	
113	4	8	8	32	臺北市	中山區	中山區樂群二路150號	25.0798921	121.5575614	0	0	1	2	6	6	5	14	9	1	4	4	5	13	4	4	1	4	5	2	12	4	7	1	3	9	8	2		1	3	17	
113	4	8	8	38	臺北市	信義區	信義區崇德街與嘉興街口口	25.0241631	121.5555539	0	0	1	2	6	7	5	4	1	1	4	4	5	13	1	1	5	5	5	2	16	1	5	1	7	1	8	1		1	3	8	
113	4	8	8	47	臺北市	內湖區	內湖區潭美街285號	25.05700985	121.5873302	0	0	1	2	6	5	5	14	9	1	4	4	5	13	4	4	9	4	5	2	12	1	4	1	6	2	10	1		1	2	12	
113	4	8	8	53	臺北市	大安區	大安區建國南路2段5號	25.0330857	121.5380675	0	0	1	2	6	5	5	14	9	1	4	4	5	13	4	4	5	3	5	2	12	1	9	1	6	1	10	1		2	3	14	
113	4	8	9	3	臺北市	信義區	信義區忠孝東路5段236巷57弄與忠孝東路5段236巷口	25.03708828	121.5718754	0	0	1	2	6	7	5	3	1	1	4	4	5	13	4	4	5	5	5	2	17	4	6	1	3	1	8	1		1	3	8	
113	4	8	9	3	臺北市	松山區	松山區民生東路5段與民生東路5段69巷口	25.0585255	121.5583167	0	0	1	2	6	6	5	3	1	1	4	4	5	13	1	1	1	3	5	2	16	4	5	1	3	1	8	1		2	3	2	
113	4	8	9	16	臺北市	中山區	中山區民族東路32號	25.068333	121.5249122	0	0	2	2	6	6	5	14	8	1	4	4	5	13	4	4	1	4	4	2	13	4	9	1	3	9	10	1		2	2	11	
113	4	8	9	16	臺北市	文山區	文山區木柵路1段與木柵路1段76巷口	24.98751	121.55015	0	0	1	2	7	6	5	5	1	1	4	4	5	13	1	1	10	5	5	2	13	4	9	1	3	1	10	1		1	2	11	
113	4	8	9	20	臺北市	萬華區	萬華區環河南路2段與貴陽街2段口	25.040083	121.4979772	0	0	1	2	6	7	5	4	1	1	4	4	5	13	1	1	1	3	5	2	16	1	9	1	7	1	8	1		1	3	5	
113	4	8	10	22	臺北市	內湖區	內湖區江南街71巷16弄與江南街71巷16弄口	25.0753754	121.5774478	0	0	1	2	7	5	5	3	1	1	4	4	5	13	4	4	5	5	5	2	17	1	9	1	7	2	10	1		1	3	8	
113	4	8	10	45	臺北市	中山區	中山區大直橋北往南	25.0760885	121.5444498	0	0	1	2	7	7	5	8	9	1	5	4	5	13	4	4	1	4	5	2	13	4	9	3	3	1	18	1		1	2	11	
113	4	8	11	15	臺北市	內湖區	內湖區文湖街與內湖路1段91巷25弄口	25.0866289	121.5617751	0	0	1	2	7	7	8	3	1	1	5	4	5	13	4	4	9	5	5	2	16	1	6	1	5	1	10	1		1	2	14	
113	4	8	11	28	臺北市	士林區	士林區中山北路4段與通河街口劍潭公園前	25.0795711	121.5245981	0	0	1	3	7	7	5	3	2	1	4	4	5	13	2	1	1	4	5	2	13	1	9	1	6	1	10	1		1	2	11	
113	4	8	11	44	臺北市	大安區	大安區復興南路1段與仁愛路4段口	25.0376404	121.5437937	0	0	1	2	6	6	5	4	2	1	4	4	5	13	2	1	1	4	5	2	17	1	12	1	7	1	4	1		1	3	6	
113	4	8	12	0	臺北市	南港區	南港區園區街18號	25.0590742	121.6132568	0	0	1	2	6	6	5	14	9	1	4	4	5	13	4	4	9	4	5	2	16	1	9	1	6	9	11	2		2	3	11	
113	4	8	12	15	臺北市	大安區	大安區信義路4段與安和路1段口口	25.0332815	121.5525198	0	0	1	2	6	6	5	4	1	1	4	4	5	13	2	1	1	4	4	2	17	1	6	1	7	1	8	1		1	3	15	
113	4	8	12	15	臺北市	松山區	松山區八德路4段245巷與南京東路5段口	25.0513529	121.5639645	0	0	2	2	7	7	5	4	1	1	4	4	5	13	2	1	1	4	4	2	12	1	9	1	6	1	10	1		1	2	12	
113	4	8	12	24	臺北市	大安區	大安區建國南路1段與建國南路1段212巷口	25.0395614	121.5375131	0	0	2	3	8	6	5	3	1	1	4	4	5	13	4	4	1	4	5	2	17	1	6	1	7	2	8	1		2	3	5	
113	4	8	12	27	臺北市	大安區	大安區基隆路3段與臥龍街口	25.020503	121.5483698	0	0	1	2	7	6	5	3	1	1	4	4	5	13	4	4	1	4	5	2	16	1	6	1	7	1	8	1		1	3	8	
113	4	8	12	40	臺北市	萬華區	萬華區西園路2段與東園街口	25.02824407	121.4952192	0	0	2	2	6	5	8	22	22	1	4	4	5	13	2	1	10	5	5	2	17	4	9	3	3	1	18	1		2	2	11	
113	4	8	13	15	臺北市	松山區	松山區光復南路22巷與光復南路32巷16弄口	25.04702222	121.5563853	0	0	1	3	8	5	5	4	1	1	5	4	5	13	4	4	10	5	5	2	15	1	9	1	7	1	8	1		1	2	2	
113	4	8	14	50	臺北市	信義區	信義區忠孝東路4段553巷與忠孝東路4段553巷46弄口	25.0441808	121.5627807	0	0	1	3	7	6	5	3	1	1	5	4	5	13	4	4	10	5	5	2	17	4	5	1	3	1	3	1		1	3	5	
113	4	8	15	39	臺北市	大同區	大同區承德路3段與承德路3段24巷口	25.0642039	121.5188204	0	0	1	3	7	6	5	3	1	1	5	4	5	13	4	4	1	4	5	2	16	4	6	1	5	9	10	2		1	3	12	
113	4	8	16	10	臺北市	信義區	信義區吳興街與吳興街350巷口	25.0257855	121.5664672	0	0	1	2	7	6	5	4	1	1	5	4	5	13	4	4	9	5	5	2	17	4	5	1	3	2	8	1		2	3	4	
113	4	8	17	5	臺北市	中正區	中正區公園路與貴陽街1段口	25.038576	121.5152018	0	0	1	2	8	7	6	4	1	1	5	4	5	13	1	1	10	5	5	2	13	1	9	1	5	2	10	1		2	2	14	
113	4	8	17	5	臺北市	內湖區	內湖區內湖路2段192號	25.0808798	121.5853819	0	0	1	3	7	6	5	14	9	1	5	4	5	13	4	4	9	5	5	2	11	1	15	1	7	1	8	1		1	3	8	
113	4	8	17	6	臺北市	大安區	大安區瑞安街與瑞安街276巷口	25.0260591	121.5391314	0	0	2	3	7	5	5	4	1	1	5	4	5	13	4	4	10	5	5	2	17	1	6	1	7	1	8	1		1	3	8	
113	4	8	17	20	臺北市	士林區	士林區中正路與雨農路口	25.0966003	121.5320392	0	0	1	2	8	6	5	4	2	1	5	4	5	13	1	1	10	5	5	1	16	1	6	1	5	1	10	1		1	3	12	
113	4	8	17	43	臺北市	內湖區	內湖區民權東路6段280巷69弄34-1號對面	25.06945582	121.6074692	0	0	2	2	8	5	5	14	9	1	4	4	5	13	4	4	10	5	5	2	9	5	18	8	4	1	20	1		1	2	16	
113	4	8	18	0	臺北市	大同區	大同區延平北路4段(19號停車格)	25.0627546	121.5109592	0	0	1	2	7	5	5	14	9	1	5	4	5	13	4	4	3	4	5	2	12	4	9	8	4	1	20	1		1	2	12	
113	4	8	18	11	臺北市	中山區	中山區松江路133巷與南京東路2段115巷口	25.05435605	121.5336355	0	0	1	2	7	5	5	4	1	1	5	4	5	13	4	4	5	5	5	2	15	1	9	1	7	1	8	1		1	3	4	
113	4	8	18	16	臺北市	大安區	大安區基隆路2段207號	25.02446209	121.5523945	0	0	1	2	7	6	5	14	9	1	5	4	5	13	4	4	1	4	5	2	12	1	7	1	6	1	10	1		1	2	11	
113	4	8	18	36	臺北市	萬華區	萬華區華中橋往北市機慢車道近7010507號燈桿	25.0133567	121.4955536	0	0	1	2	7	5	7	14	11	1	5	4	5	13	4	4	10	3	5	2	12	4	9	1	3	1	10	1		1	3	12	
113	4	8	18	58	臺北市	大同區	大同區承德路3段223號	25.0700549	121.5185253	0	0	2	2	8	5	5	14	9	1	5	4	5	13	4	4	1	4	5	2	12	1	9	1	5	1	10	1		1	2	14	
113	4	8	19	13	臺北市	大安區	大安區忠孝東路3段237巷與忠孝東路3段口	25.041758	121.5407283	0	0	1	2	7	5	5	3	1	1	5	4	1	11	4	4	1	4	5	1	16	1	9	1	5	1	10	1		2	2	14	
113	4	8	19	25	臺北市	南港區	南港區東新街與東新街113巷口口	25.0465733	121.5899335	0	0	1	2	7	5	5	4	1	1	5	4	5	13	1	1	5	4	5	1	16	4	1	1	3	1	8	1		1	3	1	
113	4	8	19	30	臺北市	內湖區	內湖區成功路2段472-1號與成功路西側附近2段456巷口口	25.07312344	121.588602	0	0	2	2	6	5	5	3	1	1	4	4	5	13	4	4	10	5	5	2	16	1	6	1	5	1	10	1		1	2	11	
113	4	8	19	41	臺北市	萬華區	萬華區萬大路424巷141號	25.02088931	121.4944079	0	0	1	3	7	5	5	14	9	1	4	4	5	13	4	4	9	4	5	2	17	1	13	1	2	1	4	1		2	3	4	14
113	4	8	20	46	臺北市	大安區	大安區仁愛路4段與忠孝東路4段216巷口	25.0379917	121.5531376	0	0	2	2	6	5	5	14	9	1	4	4	5	13	2	1	5	4	5	2	13	1	9	1	6	1	10	1		1	2	11	
113	4	8	20	48	臺北市	中山區	中山區民權東路2段與建國北路3段口	25.0624947	121.5364082	0	0	2	3	6	5	5	14	9	1	4	4	5	13	4	4	3	4	5	2	17	4	12	1	3	1	10	2		1	2	14	
113	4	8	21	12	臺北市	松山區	松山區民權東路4段與敦化北路口	25.06162509	121.5511431	0	0	2	3	6	5	5	5	1	1	4	4	5	13	1	1	1	2	1	2	12	4	9	1	5	1	10	1		1	2	14	
113	4	8	21	20	臺北市	信義區	信義區信義路5段1號與基隆路1段口	25.0331406	121.5599303	0	0	1	2	6	5	5	4	2	1	4	4	5	13	2	1	1	4	5	2	16	1	6	1	7	1	2	1		1	3	5	
113	4	8	21	23	臺北市	士林區	士林區至誠路2段與中山北路5段口福林橋下	25.100994	121.5265103	0	0	1	2	6	5	5	5	1	1	4	4	5	13	3	1	5	5	5	1	16	1	5	1	7	1	4	1		1	3	8	
113	4	8	21	35	臺北市	內湖區	內湖區瑞光路與瑞光路26巷口	25.06977784	121.5833466	0	0	1	2	6	5	5	4	1	1	4	4	5	13	2	1	5	4	5	2	16	1	6	1	7	1	8	1		1	3	4	
113	4	8	21	36	臺北市	南港區	南港區福德街310巷35號	25.0405599	121.5871871	0	0	2	3	6	5	5	14	9	1	4	4	5	13	4	4	10	5	5	2	16	4	9	2	5	1	18	1		1	2	11	
113	4	8	21	41	臺北市	大安區	大安區辛亥路3段308號前	25.01452	121.5523519	0	0	1	2	6	5	5	14	9	1	4	4	5	13	2	1	8	3	5	1	17	1	6	1	7	1	7	1		1	3	2	
113	4	8	21	50	臺北市	文山區	文山區木柵路4段與和平東路4段口	24.99820271	121.5746122	0	0	1	2	6	5	5	14	9	2	4	4	5	13	2	1	5	4	5	2	17	4	9	1	6	1	10	1		1	3	11	
113	4	8	21	58	臺北市	萬華區	萬華區中華路1段與長沙街2段口	25.0403899	121.5077006	0	0	1	2	6	5	5	4	2	1	4	4	5	13	2	1	1	4	1	2	9	1	5	1	7	2	8	1		1	3	5	
113	4	8	22	10	臺北市	北投區	北投區溫泉路與溫泉路73巷口	25.1355463	121.5051101	0	0	2	3	6	5	5	3	1	1	4	4	5	13	4	4	10	5	5	2	17	1	15	1	6	1	10	1		1	3	11	
113	4	8	23	30	臺北市	中正區	中正區南海路與牯嶺街口	25.0319548	121.5149555	0	0	1	2	6	5	5	4	18	1	4	4	5	13	2	1	10	4	5	2	3	1	5	1	7	2	8	1		1	3	8	
113	4	8	23	30	臺北市	信義區	信義區松壽路4號對面	25.0359481	121.5638129	0	0	1	2	6	5	8	22	22	1	4	4	5	13	4	4	5	4	5	2	18	1	9	1	6	9	10	1		1	2	14	
113	4	9	0	25	臺北市	信義區	信義區松勤街與莊敬路口	25.0319886	121.561273	0	0	2	2	6	5	5	4	18	1	4	4	5	13	2	1	9	4	5	2	3	1	5	1	5	1	10	1		1	2	11	
113	4	9	0	54	臺北市	大安區	大安區瑞安街23巷與瑞安街口	25.0310841	121.5439417	0	0	1	2	7	5	5	4	1	1	4	4	5	13	4	4	10	5	5	2	17	1	9	1	6	1	10	1		1	3	11	
113	4	9	3	36	臺北市	松山區	松山區市民大道4段171號	25.04469013	121.551559	0	0	1	2	7	5	5	14	9	1	5	4	5	13	4	4	1	4	5	2	13	4	9	1	6	1	10	1		1	2	14	
113	4	9	6	41	臺北市	大同區	大同區民權西路139號	25.0630197	121.5169724	0	0	1	2	8	6	5	14	9	1	5	4	5	13	2	1	1	4	5	2	13	1	9	1	7	1	4	1		1	3	1	
113	4	9	6	44	臺北市	文山區	文山區汀州路4段267號前	25.0009908	121.5359981	0	0	1	2	7	6	5	14	9	1	5	4	5	13	4	4	5	5	5	2	17	1	1	1	7	2	8	1		1	3	1	
113	4	9	7	10	臺北市	南港區	南港區忠孝東路6段278巷22弄40號	25.0479491	121.5883342	0	0	1	2	6	5	5	14	9	1	4	4	5	13	4	4	5	5	5	2	17	4	9	8	4	1	20	1		1	3	17	
113	4	9	7	27	臺北市	文山區	文山區忠順街1段26巷與忠順街1段26巷27弄口	24.9820623	121.5597613	0	0	1	2	6	6	5	4	1	1	4	4	5	13	4	4	10	5	5	2	15	4	9	1	3	2	10	1		1	2	12	
113	4	9	7	43	臺北市	北投區	北投區中央北路3段21號	25.1382	121.4858743	0	0	1	2	7	6	5	14	9	1	4	4	5	13	4	4	9	4	5	1	14	1	2	1	7	1	8	1		1	3	4	
113	4	9	7	44	臺北市	內湖區	內湖區洲子街與瑞光路393巷口	25.0790703	121.573547	0	0	1	2	7	6	5	4	2	1	4	4	5	13	2	1	5	5	5	2	12	1	9	1	7	1	8	1		1	3	2	
113	4	9	7	45	臺北市	內湖區	內湖區成功路2段與成功交流道口	25.06449474	121.5909782	0	0	1	3	8	5	5	4	1	1	5	4	5	13	1	1	1	5	5	2	17	1	15	1	7	1	8	1		1	3	5	
113	4	9	7	51	臺北市	北投區	北投區中央北路3段40巷34弄與新興路158巷口	25.1397312	121.4855696	0	0	3	4	6	5	5	3	1	1	4	4	5	10	4	4	10	4	5	2	16	4	5	1	3	1	10	1		2	2	14	
113	4	9	8	1	臺北市	萬華區	萬華區西昌街與貴陽街2段口	25.04027107	121.5007	0	0	1	3	7	6	5	4	1	1	5	4	5	13	2	1	5	5	5	2	17	1	9	1	6	1	10	1		1	3	14	
113	4	9	8	32	臺北市	內湖區	內湖區行善路與行愛路口口	25.06081526	121.5828205	0	0	1	2	6	6	5	4	1	1	4	4	5	13	2	1	1	4	5	2	17	1	6	1	7	1	4	1		1	3	17	
113	4	9	8	40	臺北市	文山區	文山區辛亥路4段252巷與辛亥路4段252巷2弄口口	25.0015525	121.5543983	0	0	1	2	6	6	5	3	1	1	4	4	5	13	4	4	10	5	5	2	16	1	5	8	4	1	20	1		1	3	14	
113	4	9	8	44	臺北市	信義區	信義區忠孝東路4段(仁愛路4段505號)	25.0412113	121.5584085	0	0	2	3	7	6	8	22	22	1	4	4	5	13	4	4	1	4	5	2	17	4	10	7	3	9	19	2		1	4	15	
113	4	9	8	45	臺北市	北投區	北投區中央北路4段與中央北路4段316巷口	25.1309548	121.4728171	0	0	1	2	7	7	5	3	2	1	5	4	5	13	2	1	5	4	5	2	16	1	9	1	6	1	10	1		1	2	12	
113	4	9	9	0	臺北市	內湖區	內湖區成美橋與新明路298巷口	25.055715	121.5822746	0	0	1	2	7	5	8	4	1	1	5	4	5	13	1	1	5	5	5	2	17	1	6	1	7	1	8	1		1	3	2	
113	4	9	9	0	臺北市	大同區	大同區民族西路210號	25.0685675	121.5141135	0	0	1	3	7	6	5	14	9	1	5	4	5	13	4	4	5	4	5	2	17	1	15	1	6	1	10	1		1	2	11	
113	4	9	9	2	臺北市	內湖區	內湖區基湖路與基湖路3巷口口	25.08137211	121.5652724	0	0	2	3	7	6	5	4	1	1	5	4	5	13	2	1	9	4	5	2	16	1	5	1	7	1	8	1		1	3	1	
113	4	9	9	4	臺北市	中山區	中山區市民大道2段與天津街口	25.048036	121.5223748	0	0	2	3	7	7	5	4	1	1	5	4	5	13	1	1	1	4	5	2	16	1	15	1	5	1	10	1		1	2	14	
113	4	9	9	42	臺北市	大安區	大安區敦化南路1段與敦化南路1段233巷口	25.04045277	121.5490375	0	0	3	5	7	6	5	3	1	1	5	4	5	13	4	4	1	5	1	2	17	4	7	1	3	1	10	1		1	3	17	
113	4	9	9	57	臺北市	萬華區	萬華區廣州街與南寧路口	25.0369818	121.5053267	0	0	2	3	7	6	5	5	1	1	5	4	5	13	2	1	9	5	5	2	17	4	5	1	3	1	4	1		1	3	8	
113	4	9	10	46	臺北市	大安區	大安區復興南路1段239號	25.0374371	121.5437779	0	0	1	3	8	6	5	14	9	1	5	4	5	13	4	4	1	4	5	2	17	4	9	1	3	9	8	2		2	3	8	
113	4	9	11	2	臺北市	大安區	大安區忠孝東路4段248巷與延吉街138巷口口	25.0398566	121.5540834	0	0	1	2	6	6	5	4	1	1	4	4	5	13	4	4	10	5	5	2	15	1	9	1	7	1	8	1		1	3	5	
113	4	9	12	11	臺北市	大安區	大安區臥龍街與臥龍街151巷口	25.0183658	121.5508689	0	0	1	2	7	6	5	5	1	1	5	4	5	13	1	1	10	5	5	2	17	1	5	1	7	1	8	1		1	3	5	
113	4	9	12	35	臺北市	中山區	中山區松江路與松江路70巷口	25.0498267	121.5328194	0	0	1	2	7	6	5	3	1	1	5	4	5	13	4	4	1	5	5	2	13	1	9	1	5	2	10	1		2	2	11	
113	4	9	12	39	臺北市	內湖區	內湖區堤外便道3012364燈桿	25.0652895	121.6131968	0	0	2	3	6	6	6	14	9	1	4	4	5	13	4	4	5	5	5	2	12	4	11	1	3	2	7	1		1	3	5	
113	4	9	12	45	臺北市	大安區	大安區基隆路3段與長興街口	25.0173356	121.5441739	0	0	1	2	6	6	5	4	1	1	4	4	5	13	2	1	1	4	5	2	16	1	6	1	7	1	8	1		1	3	5	
113	4	9	12	52	臺北市	萬華區	萬華區長泰街與萬青街口	25.0231494	121.5015189	0	0	1	2	7	6	5	4	2	1	5	4	5	13	3	1	5	5	5	2	16	1	5	1	5	1	10	1		1	3	14	
113	4	9	13	48	臺北市	信義區	信義區莊敬路與莊敬路341巷口	25.0279235	121.5642169	0	0	1	2	6	7	5	3	1	1	4	4	5	13	4	4	9	5	4	2	16	1	9	1	5	2	10	1		1	3	11	
113	4	9	13	52	臺北市	文山區	文山區辛亥路4段與辛亥路4段77巷口	25.0075694	121.5586096	0	0	1	2	6	6	5	3	2	1	4	4	5	13	2	1	1	4	5	2	13	1	1	1	7	1	8	1		1	3	1	
113	4	9	14	19	臺北市	內湖區	內湖區瑞光路258巷2號	25.07529087	121.5754553	0	0	1	2	7	6	4	14	9	1	5	4	5	13	4	4	9	5	5	2	16	1	6	1	7	2	8	1		1	3	15	
113	4	9	14	20	臺北市	內湖區	內湖區內湖路1段與內湖路1段39巷口口	25.08513941	121.5590518	0	0	1	2	7	6	5	3	1	1	5	4	5	13	4	4	1	4	4	2	16	1	9	6	5	1	10	1		1	3	14	
113	4	9	14	24	臺北市	萬華區	萬華區廣州街218巷與梧州街60巷口	25.03582	121.4968448	0	0	1	2	8	6	5	3	1	1	5	4	5	13	4	4	10	5	5	1	17	1	6	1	5	1	10	1		1	3	13	
113	4	9	14	50	臺北市	內湖區	內湖區舊宗路1段135號前	25.06065117	121.5790762	0	0	1	2	7	6	5	22	20	2	5	4	5	13	4	4	10	5	5	2	16	1	1	1	7	1	8	1		2	3	1	
113	4	9	14	54	臺北市	文山區	文山區羅斯福路6段與萬隆街口	25.0005301	121.5394843	0	0	1	2	6	6	5	4	1	1	4	4	5	13	2	1	1	4	5	2	17	1	5	1	7	11	8	1		2	3	17	
113	4	9	15	5	臺北市	松山區	松山區塔悠路97號	25.0526825	121.5702557	0	0	2	2	7	6	5	14	9	1	5	4	5	13	3	1	1	4	5	2	16	1	5	1	5	1	10	1		2	2	14	
113	4	9	15	9	臺北市	大安區	大安區溫州街與溫州街58巷口	25.0205092	121.5329654	0	0	1	2	7	6	5	4	1	1	4	4	5	13	4	4	9	5	5	1	17	4	9	8	4	1	20	1		2	2	14	
113	4	9	15	20	臺北市	內湖區	內湖區行善路與新湖二路口	25.0648363	121.5856165	0	0	2	3	7	6	5	4	1	1	5	4	5	13	2	1	1	4	5	2	16	1	5	1	7	1	8	1		2	3	1	
113	4	9	17	1	臺北市	中正區	中正區和平西路1段與牯嶺街口	25.0265428	121.5190258	0	0	2	3	8	6	5	5	1	1	5	4	5	13	1	1	1	4	5	2	17	1	6	1	5	2	10	1		1	2	12	
113	4	9	17	10	臺北市	大同區	大同區南京西路與赤峰街口	25.053015	121.5190453	0	0	1	2	7	6	5	3	2	1	4	4	5	13	2	1	3	4	4	2	17	1	6	1	6	1	10	1		1	2	12	
113	4	9	17	25	臺北市	大同區	大同區承德路2段與南京西路口	25.0532128	121.5175996	0	0	1	2	7	6	5	4	2	1	5	4	5	13	2	1	1	4	5	2	17	4	9	1	5	1	10	1		2	2	14	
113	4	9	17	45	臺北市	士林區	士林區社子街36號	25.0875546	121.5076299	0	0	1	2	7	6	5	14	9	1	5	4	5	13	4	4	9	4	5	1	11	4	1	1	3	2	8	1		2	3	7	
113	4	9	17	50	臺北市	內湖區	內湖區新湖二路250巷33號	25.0657765	121.5823165	0	0	1	3	8	5	5	14	9	1	5	4	5	13	4	4	4	5	5	1	14	4	2	1	3	1	8	1		1	3	7	
113	4	9	18	50	臺北市	士林區	士林區德行西路與磺溪街口	25.1055355	121.5230271	0	0	1	2	7	6	5	3	2	1	5	4	5	13	1	1	9	4	5	1	16	4	5	1	3	1	8	1		1	3	1	
113	4	9	19	7	臺北市	大同區	大同區錦西街76號	25.060293	121.5191862	0	0	1	3	8	5	5	14	9	1	5	4	5	13	4	4	5	4	5	2	17	1	13	1	7	1	8	1		2	3	8	
113	4	9	19	18	臺北市	中正區	中正區汀州路3段289號	25.0119833	121.5356868	0	0	2	3	7	5	6	14	9	1	5	4	5	13	4	4	9	5	5	2	12	1	8	1	5	1	10	1		2	2	12	
113	4	9	19	45	臺北市	信義區	信義區松仁路與松勤街口	25.0319351	121.5681686	0	0	1	2	8	5	5	4	2	1	5	4	5	13	2	1	8	5	5	2	17	4	15	1	3	11	8	1		1	3	1	
113	4	9	19	54	臺北市	北投區	北投區立功街與中央北路4段515巷口	25.1258705	121.4699133	0	0	1	3	8	5	5	3	1	1	5	4	5	13	2	1	5	4	5	2	17	1	6	1	7	2	8	1		1	3	8	
113	4	9	20	7	臺北市	大安區	大安區光復南路306號	25.0389436	121.5575234	0	0	1	2	7	6	5	14	9	1	5	4	5	13	4	4	1	4	5	2	28	1	9	1	5	1	10	1		2	2	12	
113	4	9	20	51	臺北市	信義區	信義區松山路與市民大道6段口	25.0489321	121.5778258	0	0	3	3	7	5	8	4	1	1	5	4	5	13	1	1	10	4	5	1	17	1	5	2	5	1	18	1		1	2	14	
113	4	9	21	27	臺北市	大同區	大同區民族西路與承德路3段口	25.0684101	121.5183273	0	0	1	2	8	5	5	5	1	1	5	4	5	13	2	1	1	2	1	2	2	1	5	1	7	2	8	1		1	3	4	
113	4	9	21	40	臺北市	文山區	文山區久康街與秀明路1段口	24.989711	121.5648967	0	0	1	2	6	5	5	4	1	1	4	4	5	13	2	1	10	5	5	1	17	1	5	1	7	1	8	1		1	3	5	
113	4	9	22	16	臺北市	中正區	中正區新生南路1段與仁愛路2段口	25.03824978	121.5324993	0	0	3	4	7	5	5	14	8	1	4	4	5	13	1	1	1	4	1	2	13	1	3	1	7	2	8	1		1	3	1	
113	4	9	22	18	臺北市	士林區	士林區文林路514號	25.0969715	121.5241459	0	0	1	3	7	5	5	14	9	1	5	4	5	13	4	4	5	5	5	1	17	1	9	1	5	7	10	1		1	3	11	
113	4	9	22	23	臺北市	中山區	中山區市民大道3段與八德路2段口	25.0451023	121.5351054	0	0	1	2	8	5	5	4	1	1	5	4	5	13	2	1	1	5	5	2	16	1	6	1	7	1	8	1		2	3	6	
113	4	9	22	39	臺北市	萬華區	萬華區西寧南路與忠孝西路2段口	25.0485843	121.5076683	0	0	1	2	7	5	5	4	1	1	5	4	5	13	1	1	5	4	5	2	12	1	8	1	5	1	10	1		1	2	12	
113	4	9	22	48	臺北市	北投區	北投區石牌路2段與西安街1段口	25.1151306	121.5148303	0	0	2	3	7	5	5	4	1	1	5	4	5	13	1	1	10	5	5	2	13	1	5	1	5	2	10	1		1	2	13	
113	4	9	23	7	臺北市	中山區	中山區長春路與復興北路口	25.0545243	121.543979	0	0	1	2	7	5	5	4	1	1	5	4	5	13	2	1	5	4	5	2	13	4	9	6	3	1	18	1		1	2	11	
113	4	9	23	10	臺北市	士林區	士林區重慶北路4段122號	25.08304403	121.5124732	0	0	1	2	8	5	5	14	9	1	5	4	5	13	4	4	1	5	5	1	17	1	9	1	5	1	10	1		2	2	12	
113	4	9	23	45	臺北市	文山區	文山區萬美街1段與和平東路4段口	25.0023882	121.5718816	0	0	1	2	6	5	5	3	1	1	4	4	5	13	2	1	10	5	5	1	17	1	9	1	6	1	10	1		1	2	12	
113	4	10	0	45	臺北市	內湖區	內湖區舊宗路2段與堤頂大道1段口	25.07269201	121.5732117	0	0	4	4	8	5	5	3	1	1	5	4	5	13	1	1	1	4	1	2	16	1	5	1	7	2	8	1		2	2	2	
113	4	10	6	31	臺北市	內湖區	內湖區潭美街207號	25.05567893	121.5845412	0	0	1	2	6	5	5	14	9	1	4	4	5	13	4	4	5	5	5	2	12	1	9	1	5	9	10	1		2	2	14	
113	4	10	6	35	臺北市	中正區	(汀州路2段118號前 )	25.02478242	121.5202454	0	0	1	2	6	6	5	14	9	1	4	4	5	13	2	1	4	4	5	1	16	1	5	1	5	1	9	1		1	3	11	