年	月	日	時	分	縣市	行政區	allLocation	GoogleLat	GoogleLng	死	2-30	受傷	當事人數	天候	道路照明設備	道路類別	道路型態	事故位置	路面狀況1	路面狀況2	路面狀況3	道路障礙1	道路障礙2	號誌1	號誌2	車道劃分-分向	車道劃分-分道1	車道劃分-分道2	車道劃分-分道3	事故類型及型態	行動電話	當事者行動狀態	駕駛資格情形	保護裝置	飲酒情形	駕駛執照種類	個人肇逃否	肇因碼-主要	性別	受傷程度	車輛撞擊部位1	車輛撞擊部位2
113	4	10	7	3	臺北市	中正區	中正區中山北路1段與市民大道1段口	25.0479135	121.5205352	0	0	1	2	6	6	5	4	1	1	4	4	5	13	1	1	1	4	5	2	16	1	6	1	7	9	2	1		1	3	2	
113	4	10	7	21	臺北市	信義區	信義區信安街67巷與吳興街156巷65弄口	25.0259319	121.5593384	0	0	1	2	6	6	5	3	1	1	4	4	5	13	4	4	5	5	4	1	17	4	1	1	3	1	8	1		1	3	17	
113	4	10	7	25	臺北市	中山區	中山區民族西路往東、圓山花博對面	25.0683898	121.5223175	0	0	1	2	6	7	5	14	9	1	4	4	5	13	4	4	5	4	5	2	12	4	8	1	3	2	8	1		1	3	17	
113	4	10	7	30	臺北市	大同區	大同區重慶北路3段320號	25.07542219	121.5137553	0	0	1	2	6	6	5	14	9	1	4	4	5	13	4	4	8	3	5	2	6	5	18	8	4	10	20	1		1	3	16	
113	4	10	7	36	臺北市	士林區	士林區文林路587巷與文昌路口	25.0984726	121.5201143	0	0	1	2	8	6	5	3	2	1	5	4	5	13	4	4	10	5	5	1	3	4	21	7	3	11	19	2		2	4	15	
113	4	10	7	45	臺北市	大安區	大安區建國南路2段與建國南路2段69巷口	25.03120045	121.5380976	0	0	1	2	7	6	6	3	1	1	4	4	5	13	4	4	9	4	5	2	17	1	15	1	7	1	8	1		1	3	15	
113	4	10	7	56	臺北市	信義區	信義區基隆路2段與基隆路2段39巷口	25.0313288	121.5586584	0	0	1	2	6	6	5	3	2	1	4	4	5	13	4	4	1	4	5	2	12	1	1	1	7	1	4	1		1	3	1	
113	4	10	8	10	臺北市	北投區	北投區承德路6段與福國路口	25.1018508	121.5121105	0	0	2	2	6	5	5	4	2	1	4	4	5	13	2	1	1	4	5	2	13	4	9	1	3	2	10	1		1	2	11	
113	4	10	8	19	臺北市	中山區	中山區中山北路2段與民權東路1段口	25.06262101	121.5227891	0	0	2	2	6	5	5	4	1	1	4	4	5	13	1	1	1	4	4	2	13	1	9	1	6	1	10	1		1	2	11	
113	4	10	8	23	臺北市	文山區	文山區木柵路4段與木柵路4段33巷口	24.9940876	121.5715296	0	0	1	2	6	7	5	3	1	1	4	4	5	10	2	1	10	5	5	2	16	1	5	1	7	1	8	1		1	3	1	
113	4	10	8	24	臺北市	信義區	信義區信安街與信安街115巷口	25.02477357	121.5561317	0	0	1	2	6	6	5	3	1	1	4	4	5	13	4	4	9	5	5	1	16	4	6	1	3	1	8	1		1	3	1	
113	4	10	8	30	臺北市	松山區	松山區民權東路3段120號	25.0619785	121.5449839	0	0	1	2	6	6	5	14	9	1	4	4	5	13	4	4	1	3	5	2	17	1	9	1	6	1	10	1		1	2	17	
113	4	10	8	31	臺北市	北投區	北投區西安街1段與西安街1段165巷口	25.1097006	121.5185582	0	0	2	2	8	7	5	3	2	1	5	4	5	13	4	4	10	4	5	2	13	1	9	1	6	1	10	1		1	2	12	
113	4	10	8	39	臺北市	中山區	中山區明水路與樂群一路口	25.07726715	121.5506101	0	0	1	2	7	7	5	3	1	1	4	4	5	13	1	1	1	4	5	2	12	4	9	1	3	1	8	1		1	3	2	
113	4	10	8	45	臺北市	信義區	信義區基隆路1段135號	25.0438001	121.5661522	0	0	2	4	6	7	5	14	9	1	4	4	5	13	4	4	1	4	5	2	13	4	9	1	3	1	10	1		1	3	11	
113	4	10	8	50	臺北市	北投區	北投區致遠二路137號	25.1172276	121.5128307	0	0	1	2	7	5	5	14	9	1	5	4	5	13	4	4	9	4	5	2	17	4	5	1	3	1	10	1		2	3	15	
113	4	10	8	59	臺北市	中山區	中山區基湖路與基湖路122巷口口	25.0783244	121.563803	0	0	1	2	7	7	5	4	1	1	5	4	5	13	4	4	3	4	5	2	16	1	5	1	7	2	8	1		1	3	6	
113	4	10	9	0	臺北市	內湖區	內湖區瑞光路335號旁	25.07727073	121.5754435	0	0	1	2	6	6	5	14	9	1	4	4	5	13	4	4	1	4	5	2	12	1	8	1	7	1	8	1		2	3	2	
113	4	10	9	4	臺北市	萬華區	萬華區華江橋往北市機車道	25.033875	121.4893851	0	0	2	2	6	7	5	8	11	1	4	4	5	13	4	4	3	4	5	1	17	1	9	1	6	2	10	1		1	2	11	
113	4	10	9	12	臺北市	南港區	南港區重陽路與興華路口	25.0576263	121.6054692	0	0	1	2	8	7	5	4	2	1	5	4	5	13	1	1	5	5	5	2	17	1	1	1	7	1	8	1		1	3	5	
113	4	10	9	26	臺北市	內湖區	內湖區成功路4段與金龍路口	25.08418782	121.5950372	0	0	1	2	7	5	5	4	1	1	5	4	5	13	1	1	1	4	5	2	16	1	9	1	7	1	4	1		1	3	5	
113	4	10	9	32	臺北市	信義區	信義區永吉路30巷與永吉路30巷101弄口	25.0434489	121.568793	0	0	1	2	6	6	5	4	2	1	4	4	5	13	4	4	9	5	5	1	17	4	5	1	3	11	10	1		1	3	17	
113	4	10	9	42	臺北市	信義區	信義區忠孝東路4段516號	25.0411364	121.5631271	0	0	1	2	6	6	5	14	9	1	4	4	5	13	4	4	1	4	5	2	13	1	9	1	5	9	10	1		2	2	11	
113	4	10	9	55	臺北市	中山區	中山區建國北路2段15號與建國北路2段口迴轉道	25.05386175	121.537061	0	0	1	2	6	5	5	3	1	1	4	4	5	13	1	1	1	4	5	2	16	1	5	1	7	1	8	1		2	3	4	
113	4	10	11	0	臺北市	文山區	文山區興隆路4段與興隆路4段115巷口	24.9860419	121.5611071	0	0	1	2	6	7	5	3	2	1	4	4	5	13	4	4	10	4	5	2	17	1	1	1	7	1	6	1		1	3	4	
113	4	10	11	30	臺北市	中正區	中正區公園路與信陽街口	25.0446163	121.5169807	0	0	1	2	6	7	5	3	1	1	4	4	5	13	4	4	5	4	5	2	16	1	9	1	5	2	10	1		1	2	11	
113	4	10	11	42	臺北市	大安區	大安區和平東路3段與四維路口	25.0246538	121.5495235	0	0	1	2	7	5	5	3	1	1	4	4	5	13	4	4	10	5	5	2	17	4	11	1	3	1	10	1		1	3	11	
113	4	10	12	4	臺北市	文山區	文山區興隆路3段與興隆路3段192巷8弄口	24.9967813	121.559837	0	0	2	3	6	6	5	4	1	1	4	4	5	13	2	1	1	4	5	2	16	1	5	1	7	2	8	1		1	3	5	
113	4	10	13	8	臺北市	文山區	(近興隆路3段)	24.9967204	121.559435	0	0	1	2	6	6	5	14	9	1	4	4	5	13	4	4	9	5	5	2	17	4	15	1	3	2	8	1		2	3	8	
113	4	10	13	17	臺北市	大安區	大安區敦化南路2段200巷14弄與臥龍街口	25.0217265	121.5476859	0	0	1	2	7	5	5	5	19	1	4	4	5	13	4	4	10	5	5	2	9	1	10	1	5	9	10	2		2	3	11	
113	4	10	13	40	臺北市	松山區	松山區撫遠街與民生東路5段口	25.05930304	121.5683275	0	0	1	2	6	6	5	4	2	1	4	4	5	13	2	1	1	4	5	1	12	1	11	1	7	1	4	1		1	3	4	
113	4	10	13	49	臺北市	大安區	大安區和平東路3段與和平東路3段228巷口	25.0223128	121.5546364	0	0	1	2	7	6	5	4	1	1	5	4	5	13	1	1	10	5	5	2	18	1	9	1	5	1	10	1		1	2	12	
113	4	10	15	18	臺北市	信義區	信義區信安街67巷與吳興街156巷65弄口	25.025922	121.559051	0	0	1	2	7	6	5	3	1	1	5	4	5	13	4	4	8	4	4	1	17	4	5	8	4	1	20	1		2	3	17	
113	4	10	15	56	臺北市	北投區	北投區竹子湖路與中興路口	25.1632818	121.5447335	0	0	1	2	8	5	5	3	2	1	5	4	5	13	4	4	7	4	5	1	17	1	6	1	7	9	8	2		1	3	17	
113	4	10	16	11	臺北市	文山區	文山區景後街與景中街30巷口	24.9921467	121.5428927	0	0	2	3	6	6	5	4	1	1	4	4	5	10	3	1	10	5	5	2	16	1	5	6	5	2	18	1		1	2	14	
113	4	10	16	34	臺北市	南港區	南港區昆陽街與昆陽街152巷口	25.0490245	121.5942307	0	0	1	2	7	7	5	3	2	1	4	4	5	13	4	4	5	5	5	2	17	1	5	1	5	1	10	1		1	3	17	
113	4	10	16	35	臺北市	中正區	中正區漢口街1段144號	25.0451564	121.5096194	0	0	2	2	7	7	5	14	9	1	4	4	5	13	4	4	10	4	5	2	3	1	9	1	5	2	9	1		1	2	12	
113	4	10	16	43	臺北市	中正區	中正區中華路2段與廣州街口	25.0359406	121.5065535	0	0	2	2	7	7	5	4	2	1	5	4	5	13	1	1	1	4	5	2	13	1	9	1	5	1	10	1		1	2	12	
113	4	10	17	40	臺北市	中山區	中山區南京東路2段與松江路口	25.05213771	121.5326997	0	0	2	2	7	7	5	4	2	1	5	4	5	13	2	1	1	4	4	2	3	5	18	8	4	10	20	1		1	2	16	
113	4	10	17	44	臺北市	大安區	大安區基隆路3段與臥龍街口	25.020686	121.5482792	0	0	2	3	8	5	5	3	2	1	5	4	5	13	4	4	1	4	5	2	12	4	9	1	5	1	10	1		1	2	11	
113	4	10	18	20	臺北市	文山區	文山區景興路與景後街口	24.9890382	121.5421459	0	0	1	2	6	5	6	3	1	1	4	4	5	13	4	4	9	5	5	2	17	1	9	1	6	2	10	1		1	2	14	
113	4	10	18	25	臺北市	信義區	信義區松山路540巷與虎林街口	25.0373899	121.577217	0	0	1	2	7	5	5	4	1	1	5	4	5	13	4	4	10	5	5	1	17	4	9	1	3	1	10	1		2	2	14	
113	4	10	19	2	臺北市	南港區	南港區中坡南路與玉成街166巷口	25.0434781	121.5828069	0	0	2	3	8	5	5	4	18	1	5	4	5	13	4	4	5	5	4	2	3	1	9	6	7	2	18	1		1	3	5	
113	4	10	19	4	臺北市	大安區	大安區仁愛路3段9號	25.0383205	121.5335544	0	0	1	3	7	5	5	14	9	1	5	4	5	13	4	4	1	4	5	2	17	1	7	1	7	1	4	1		2	3	17	
113	4	10	19	29	臺北市	大安區	大安區仁愛路3段與大安路1段口	25.037763	121.5458019	0	0	1	5	7	5	5	4	2	1	5	4	5	13	2	1	1	4	5	2	12	1	15	1	7	2	4	1		1	3	4	
113	4	10	19	30	臺北市	內湖區	內湖區成功路4段與大湖街158巷口	25.08458874	121.6005191	0	0	3	6	8	5	5	4	1	1	5	4	5	13	2	1	1	4	4	2	13	1	9	1	7	1	8	1		1	3	8	
113	4	10	22	47	臺北市	中山區	中山區敬業三路與樂群一路口	25.0772204	121.5563722	0	0	1	2	8	5	5	4	1	1	5	4	5	13	2	1	1	4	5	2	17	1	9	1	6	1	10	1		2	2	14	
113	4	10	23	4	臺北市	內湖區	內湖區文德路66巷與陽光街口	25.0749896	121.5824577	0	0	2	2	7	5	5	3	1	1	5	4	5	13	4	4	5	4	5	2	16	1	9	1	6	1	9	1		2	2	11	
113	4	11	0	4	臺北市	士林區	士林區德行東路與德行東路74巷口	25.1073805	121.5273951	0	0	1	2	8	5	5	4	1	1	5	4	5	13	4	4	4	5	5	1	16	1	5	1	7	2	8	1		1	3	8	
113	4	11	0	38	臺北市	文山區	文山區木柵路2段與木柵路2段54巷口口	24.9887751	121.5589837	0	0	1	2	8	5	5	4	1	1	5	4	5	13	2	1	5	4	5	2	16	1	5	1	5	1	10	1		2	2	14	
113	4	11	2	4	臺北市	信義區	信義區和平東路3段(莊敬隧道口)	25.0100572	121.5650496	0	0	1	2	7	5	5	11	9	1	5	4	5	13	4	4	8	5	5	2	29	4	9	1	3	1	8	1		1	2	1	
113	4	11	5	12	臺北市	文山區	文山區木新路2段與無名巷口口	24.9841681	121.5692528	0	0	1	2	8	5	5	3	1	1	5	4	5	13	4	4	10	5	5	2	16	1	5	1	7	2	8	1		1	3	4	
113	4	11	6	43	臺北市	中正區	中正區師大路134號	25.0208908	121.5270426	0	0	1	2	8	6	5	14	8	1	5	4	5	13	4	4	3	4	4	2	16	1	1	1	7	9	8	1		1	3	15	
113	4	11	7	7	臺北市	南港區	南港區忠孝東路7段西往東015燈桿	25.0514606	121.6015638	0	0	1	2	8	7	5	14	7	1	5	4	5	13	4	4	1	4	4	2	12	4	7	1	6	1	10	1		1	2	14	
113	4	11	7	25	臺北市	中山區	中山區民權東路2段與建國北路2段口	25.0629918	121.5370412	0	0	3	3	8	7	5	5	2	1	5	4	5	13	1	1	9	4	5	2	13	1	9	1	5	1	10	1		1	2	11	
113	4	11	7	26	臺北市	萬華區	萬華區長泰街156巷與東園街154巷口	25.0227776	121.4971617	0	0	2	3	8	6	5	4	1	1	5	4	5	13	4	4	10	5	5	2	15	4	9	1	3	1	10	1		1	2	11	
113	4	11	7	29	臺北市	中正區	中正區中華路1段與漢口街1段口	25.0448372	121.5092511	0	0	2	2	7	5	5	4	2	1	5	4	5	13	1	1	1	4	5	2	13	1	9	1	5	2	10	1		1	2	11	
113	4	11	7	37	臺北市	南港區	南港區三重路與南湖大橋口	25.060542	121.6141933	0	0	1	2	8	6	5	5	1	1	5	4	5	13	2	1	1	4	5	2	16	1	7	1	5	1	10	1		1	2	13	
113	4	11	7	40	臺北市	文山區	文山區萬壽橋與新光路1段口	24.9916237	121.5732754	0	0	1	2	8	7	5	4	2	1	5	4	5	13	2	1	1	2	5	2	13	4	9	1	3	1	8	1		1	3	1	
113	4	11	7	49	臺北市	萬華區	萬華區無名巷(萬大路22號旁)	25.0316373	121.4999461	0	0	2	3	8	7	5	14	9	1	5	4	5	13	4	4	10	5	5	2	17	1	5	1	6	1	10	1		2	2	11	
113	4	11	7	50	臺北市	北投區	北投區大度路與中央北路2段257巷口	25.1221161	121.4861687	0	0	1	3	8	5	5	14	12	1	5	4	5	13	4	4	1	4	3	1	13	1	9	1	5	1	10	1		2	2	11	
113	4	11	7	58	臺北市	萬華區	萬華區艋舺大道與和平西路3段口	25.0336319	121.5037866	0	0	1	2	8	6	5	5	1	1	5	4	5	13	2	1	1	4	5	2	13	1	9	1	6	1	10	1		1	2	11	
113	4	11	8	5	臺北市	中正區	中正區林森南路與林森南路61巷口往南	25.03958981	121.5218169	0	0	2	2	7	6	5	4	2	1	5	4	5	13	4	4	5	5	5	2	16	4	1	1	6	2	10	1		2	2	14	
113	4	11	8	10	臺北市	中正區	中正區中山南路與愛國西路口	25.0350187	121.5166353	0	0	2	3	8	7	5	4	1	1	5	4	5	13	1	1	1	5	5	2	16	5	20	8	5	10	20	1		2	2	16	
113	4	11	8	10	臺北市	中正區	中正區中正橋(重慶南路3段159號前)	25.0226664	121.5168492	0	0	3	3	8	7	5	14	9	1	5	4	5	13	4	4	1	4	5	2	17	1	9	1	6	1	10	1		2	2	11	
113	4	11	8	13	臺北市	內湖區	內湖區洲子街114號前	25.08071407	121.5692664	0	0	1	2	8	6	5	14	9	1	5	4	5	13	4	4	9	5	5	2	16	1	5	1	6	1	10	1		1	2	11	
113	4	11	8	30	臺北市	松山區	松山區八德路2段367號	25.04776057	121.5447235	0	0	1	2	8	6	5	14	9	1	5	4	5	13	4	4	5	4	5	2	16	1	11	1	7	1	8	1		1	3	4	
113	4	11	8	31	臺北市	松山區	松山區市民大道5段167號	25.04802709	121.5648076	0	0	2	2	7	6	5	14	9	1	5	4	5	13	4	4	1	3	5	2	17	4	1	1	3	1	6	1		1	2	8	
113	4	11	8	40	臺北市	萬華區	萬華區環河南路1段348巷15號停車格	25.0427387	121.4997335	0	0	2	2	7	7	5	14	9	1	5	4	5	13	4	4	10	5	5	1	16	1	5	8	4	9	20	1		2	2	14	
113	4	11	8	52	臺北市	信義區	信義區松仁路與忠孝東路5段236巷2弄口	25.0404359	121.5685936	0	0	1	4	8	6	5	3	1	1	5	4	5	13	4	4	1	4	5	1	16	4	6	1	3	1	8	1		2	3	5	
113	4	11	9	25	臺北市	松山區	松山區市民大道4段與敦化南路1段100巷3弄口	25.04514122	121.5482985	0	0	1	2	8	7	5	14	9	1	5	4	5	13	4	4	1	3	5	2	16	1	6	1	7	2	8	1		1	3	5	
113	4	11	9	40	臺北市	中正區	中正區汀州路3段與思源街口	25.014959	121.5320891	0	0	1	2	8	7	5	3	1	1	5	4	5	13	1	1	5	4	5	2	17	1	5	1	7	2	8	1		1	3	8	
113	4	11	9	41	臺北市	內湖區	內湖區東湖路與康寧路3段口	25.06886782	121.6123058	0	0	1	2	8	6	5	4	1	1	5	4	5	13	4	4	4	3	5	1	17	1	5	1	7	2	8	1		1	3	2	
113	4	11	10	15	臺北市	信義區	信義區忠孝東路5段與虎林街口	25.040902	121.5770125	0	0	1	2	7	7	5	4	1	1	5	4	5	13	2	1	1	4	5	2	17	1	1	1	7	2	4	1		1	3	8	
113	4	11	10	45	臺北市	南港區	南港區忠孝東路7段與忠孝東路7段265巷口	25.0518618	121.6042374	0	0	1	2	8	7	5	14	8	1	5	4	5	13	4	4	1	4	4	2	13	1	9	1	6	11	10	2		4	2	13	
113	4	11	10	50	臺北市	士林區	士林區士商路與基河路188巷口口	25.08957182	121.5210278	0	0	2	2	7	7	5	3	2	1	5	4	5	13	4	4	9	4	5	1	17	1	5	8	4	2	20	1		2	2	13	
113	4	11	10	50	臺北市	士林區	士林區社子大橋(往西 )	25.11096106	121.4944092	0	0	1	2	8	6	5	3	1	1	5	4	5	13	1	1	1	4	5	1	16	4	6	1	3	1	8	1		1	3	5	
113	4	11	11	0	臺北市	大安區	大安區和平東路1段與師大路口	25.0265255	121.5282701	0	0	3	3	8	6	5	4	2	1	5	4	5	13	1	1	1	2	5	2	17	1	8	1	5	1	10	1		1	2	17	
113	4	11	11	9	臺北市	士林區	士林區至善路2段與至善路2段342巷口	25.10324274	121.5542302	0	0	1	2	8	6	5	3	2	1	5	4	5	13	4	4	1	4	5	1	16	1	6	1	7	2	8	1		1	3	2	
113	4	11	11	20	臺北市	萬華區	萬華區康定路與和平西路3段42巷口	25.03405976	121.5010366	0	0	2	2	8	5	8	22	22	1	5	4	5	13	1	1	10	5	5	2	17	4	5	1	3	1	10	1		1	2	14	
113	4	11	11	35	臺北市	大同區	大同區承德路2段31號	25.05394327	121.5180556	0	0	1	2	8	6	5	14	9	1	5	4	5	13	4	4	8	3	5	2	17	1	1	1	7	1	8	1		1	3	5	
113	4	11	11	38	臺北市	松山區	松山區南京東路3段與南京東路3段303巷口	25.0519472	121.5466026	0	0	1	2	8	5	5	3	2	1	5	4	5	13	2	1	4	3	4	1	9	1	9	1	7	1	8	1		1	3	1	
113	4	11	12	14	臺北市	中山區	中山區中山北路2段與農安街口	25.0649421	121.5221602	0	0	3	3	8	5	5	4	1	1	5	4	5	13	1	1	4	4	1	2	11	4	9	1	6	1	10	1		1	2	12	
113	4	11	12	25	臺北市	士林區	士林區中正路與中正路212巷口	25.0954682	121.5264736	0	0	1	2	8	5	6	4	2	1	5	4	5	13	4	4	1	4	5	1	17	1	8	1	7	1	8	1		1	3	7	
113	4	11	12	27	臺北市	中正區	中正區羅斯福路1段7-1號	25.0332816	121.5179921	0	0	1	2	8	6	5	14	8	1	5	4	5	13	4	4	3	4	4	2	17	1	9	1	7	2	4	1		1	3	1	
113	4	11	12	35	臺北市	中正區	中正區濟南路2段40號	25.0405901	121.5301151	0	0	2	2	7	6	5	14	9	1	5	4	5	13	4	4	5	5	5	2	13	3	9	1	6	2	10	1		2	2	11	
113	4	11	13	15	臺北市	中正區	中正區杭州南路2段與愛國東路口	25.0323978	121.5224274	0	0	1	2	8	6	5	4	1	1	5	4	5	13	1	1	1	4	5	2	3	1	5	1	7	2	4	1		1	3	8	
113	4	11	13	15	臺北市	大安區	大安區愛國東路與愛國東路170巷口	25.0321162	121.5234781	0	0	1	2	8	5	5	3	2	1	5	4	5	13	4	4	8	4	4	2	17	4	6	1	3	1	10	1		1	3	17	
113	4	11	13	20	臺北市	士林區	士林區洲美快速道路下橋處	25.09527056	121.4971406	0	0	1	8	8	6	5	8	9	1	5	4	5	13	4	4	1	4	5	1	17	1	9	1	7	2	1	1		1	3	16	
113	4	11	13	45	臺北市	中山區	中山區錦州街與民生東路3段73巷口	25.0601563	121.5436436	0	0	1	2	8	7	5	4	1	1	5	4	5	13	4	4	5	2	5	2	17	1	9	1	5	1	10	1		1	3	14	
113	4	11	13	52	臺北市	內湖區	內湖區新明路與新明路246巷口	25.0566773	121.5838193	0	0	1	2	8	6	5	4	2	1	5	4	5	13	2	1	5	4	5	2	12	1	7	1	5	2	10	1		1	2	14	
113	4	11	14	10	臺北市	文山區	文山區木柵路1段與辛亥路6段口	24.9877778	121.552185	0	0	2	3	8	7	5	4	1	1	5	4	5	13	2	1	10	5	5	2	13	1	9	1	7	1	8	1		1	3	1	
113	4	11	14	12	臺北市	北投區	北投區北投路2段與大業路516巷口南往北	25.1325047	121.4976803	0	0	1	2	8	5	5	3	2	1	5	4	5	13	1	1	5	4	5	1	13	1	5	1	7	1	8	1		2	3	7	
113	4	11	14	18	臺北市	中山區	中山區民權東路1段9號	25.06290321	121.5233299	0	0	1	3	8	6	5	14	8	1	5	4	5	13	4	4	1	4	4	2	12	1	9	1	6	1	10	1		2	2	12	
113	4	11	14	25	臺北市	南港區	南港區東新街與東新街63巷口	25.047262	121.5859552	0	0	1	2	7	7	5	4	2	1	5	4	5	13	1	1	5	4	5	2	17	1	5	1	7	1	8	1		1	3	7	
113	4	11	14	50	臺北市	松山區	松山區三民路38號對面	25.05300534	121.5638426	0	0	1	3	8	6	5	14	9	1	5	4	5	13	4	4	5	3	5	2	17	1	8	1	7	1	2	1		1	3	17	
113	4	11	15	51	臺北市	北投區	北投區裕民六路與裕民六路114巷口	25.1144274	121.5174208	0	0	1	2	8	6	5	4	1	1	5	4	5	13	2	1	5	5	5	1	3	1	5	1	7	2	8	1		1	3	1	
113	4	11	15	58	臺北市	文山區	文山區木柵路1段與景美溪橋口	24.9868749	121.5453963	0	0	3	4	8	6	6	3	1	1	5	4	5	13	1	1	10	5	5	2	16	5	17	8	5	10	20	1		1	2	16	
113	4	11	16	2	臺北市	北投區	北投區承德路7段與承德路7段32巷口南往北	25.1109793	121.5111535	0	0	1	3	8	5	6	3	2	1	5	4	5	13	4	4	9	4	5	1	17	1	6	1	6	2	10	1		1	3	17	
113	4	11	16	27	臺北市	信義區	信義區松德路118巷與松德路口	25.0375052	121.5748113	0	0	1	2	8	7	5	4	1	1	5	4	5	13	1	1	9	4	4	2	15	1	11	1	7	2	8	1		1	3	1	
113	4	11	16	31	臺北市	文山區	文山區興隆路3段與興隆路3段185巷口	24.9959556	121.5600175	0	0	1	2	8	6	5	4	1	1	5	4	5	13	3	1	1	4	5	2	17	1	9	1	5	2	10	1		1	2	12	
113	4	11	16	55	臺北市	中正區	中正區和平西路1段與泉州街口	25.02763573	121.5145487	0	0	1	2	8	6	5	5	1	1	5	4	5	13	2	1	1	4	5	1	16	1	9	1	7	1	8	1		1	3	2	
113	4	11	17	7	臺北市	中正區	中正區西藏路與西藏路62巷口口	25.03046667	121.5058172	0	0	1	2	8	6	5	4	1	1	5	4	1	11	1	1	1	4	5	1	17	1	9	1	6	2	10	1		1	3	17	
113	4	11	17	18	臺北市	文山區	文山區木柵路2段與木柵路2段138巷口	24.988837	121.5617117	0	0	1	2	8	6	5	4	1	1	5	4	5	13	2	1	5	4	5	2	16	1	9	6	5	2	10	1		1	2	12	
113	4	11	17	20	臺北市	北投區	北投區立農街1段187巷與東華街2段口	25.121295	121.5048541	0	0	1	2	7	6	5	3	1	1	5	4	5	13	1	1	10	4	4	1	16	1	5	1	5	1	10	1		2	3	14	14
113	4	11	17	32	臺北市	南港區	南港區東新街2號	25.047467	121.5857557	0	0	1	2	8	7	5	14	9	1	5	4	5	13	4	4	9	5	5	2	16	4	6	1	3	2	8	1		2	3	5	
113	4	11	17	38	臺北市	松山區	松山區民生東路3段與民生東路3段113巷口	25.0578297	121.5460265	0	0	1	2	7	7	5	4	2	1	5	4	5	13	2	1	1	4	5	2	17	1	8	8	4	1	20	1		2	2	12	
113	4	11	17	56	臺北市	大同區	大同區鄭州路與西寧北路口	25.0505874	121.5081724	0	0	1	2	8	5	5	4	2	1	5	4	5	13	1	1	1	4	5	2	17	1	9	1	7	1	8	1		1	3	5	
113	4	11	18	2	臺北市	大安區	大安區忠孝東路3段與復興南路1段口	25.0418018	121.5436662	0	0	2	2	8	7	5	4	1	1	5	4	5	13	1	1	1	4	5	1	13	4	9	1	3	1	10	1		1	2	11	
113	4	11	18	10	臺北市	中山區	中山區林森北路67巷24弄與市民大道2段口	25.0477027	121.5247452	0	0	1	2	7	5	5	3	2	1	5	4	5	13	4	4	1	4	5	2	13	1	6	1	6	1	10	1		1	3	13	
113	4	11	18	55	臺北市	大安區	大安區辛亥路3段21巷編號90燈桿附近	25.0223145	121.5454503	0	0	1	2	7	5	5	14	9	1	5	4	5	13	4	4	10	5	5	2	17	4	11	1	3	1	8	1		1	3	7	
113	4	11	19	2	臺北市	南港區	南港區忠孝東路6段與東新街口	25.0482102	121.5850256	0	0	2	2	8	5	5	4	2	1	5	4	5	13	2	1	3	4	5	2	17	1	6	1	5	1	10	1		1	2	11	
113	4	11	19	6	臺北市	中正區	中正區詔安街與中華路2段467巷口	25.0258094	121.5110305	0	0	1	2	8	5	5	4	1	1	5	4	5	13	4	4	10	5	5	2	16	4	1	1	7	1	8	1		1	3	8	
113	4	11	19	14	臺北市	中山區	中山區市民大道2段與長安東路1段52巷口	25.0470412	121.52783	0	0	2	3	7	5	5	3	1	1	5	4	5	13	1	1	1	4	5	2	16	4	6	1	3	1	8	1		2	3	2	
113	4	11	19	25	臺北市	大安區	大安區基隆路4段43號對面	25.012832	121.5394789	0	0	1	2	8	5	5	14	7	1	5	4	5	13	4	4	1	4	4	2	13	4	9	1	3	1	10	1		1	3	11	
113	4	11	19	30	臺北市	大安區	大安區和平東路3段274號	25.0210573	121.5559358	0	0	1	2	8	5	5	14	9	1	5	4	5	13	4	4	9	4	5	1	12	4	15	1	3	1	8	1		1	3	4	
113	4	11	20	0	臺北市	信義區	信義區基隆路1段與松隆路口	25.0433257	121.5660332	0	0	1	2	8	5	5	3	2	1	5	4	5	13	2	1	8	1	5	2	17	4	15	1	3	1	8	1		1	3	8	
113	4	11	20	10	臺北市	大同區	大同區承德路3段與民族西路口	25.0685919	121.5185816	0	0	1	2	8	5	5	4	1	1	5	4	5	13	2	1	9	4	5	2	16	1	6	1	5	1	10	1		2	2	12	
113	4	11	20	15	臺北市	中正區	中正區館前路與開封街1段口	25.04601923	121.5147891	0	0	1	2	8	5	5	3	2	1	5	4	5	13	4	4	10	4	5	2	12	1	1	1	7	1	8	1		1	3	8	
113	4	11	20	15	臺北市	內湖區	內湖區民權東路6段與民權東路6段46巷口	25.06785632	121.581547	0	0	1	3	8	5	5	4	2	1	5	4	5	13	1	1	1	3	5	1	13	4	9	1	3	1	8	1		1	3	1	
113	4	11	20	24	臺北市	文山區	文山區木柵路5段與木柵路5段21巷口口	25.0020156	121.5809449	0	0	2	2	8	5	5	14	18	1	5	4	5	13	3	1	5	4	5	2	3	1	9	1	5	2	10	1		1	2	11	
113	4	11	21	5	臺北市	大安區	大安區基隆路4段140號	25.0136101	121.5398429	0	0	1	2	8	5	5	14	8	1	5	4	5	13	4	4	10	3	4	2	13	1	9	1	7	1	2	1		1	3	5	
113	4	11	21	23	臺北市	中正區	中正區重慶南路3段172號	25.023173	121.5167386	0	0	2	2	7	5	5	14	9	1	5	4	5	13	1	1	1	4	5	2	13	1	9	1	5	1	10	1		1	2	11	
113	4	11	21	24	臺北市	松山區	松山區敦化南路1段102號	25.04605778	121.5486351	0	0	1	2	8	5	5	14	9	1	5	4	5	13	4	4	1	4	5	2	13	1	14	1	3	2	2	1		1	3	7	