年	月	日	時	分	縣市	行政區	allLocation	GoogleLat	GoogleLng	死	2-30	受傷	當事人數	天候	道路照明設備	道路類別	道路型態	事故位置	路面狀況1	路面狀況2	路面狀況3	道路障礙1	道路障礙2	號誌1	號誌2	車道劃分-分向	車道劃分-分道1	車道劃分-分道2	車道劃分-分道3	事故類型及型態	行動電話	當事者行動狀態	駕駛資格情形	保護裝置	飲酒情形	駕駛執照種類	個人肇逃否	肇因碼-主要	性別	受傷程度	車輛撞擊部位1	車輛撞擊部位2
113	4	11	21	39	臺北市	信義區	信義區松勤街與松智路口口	25.0320419	121.5653941	0	0	1	2	8	5	5	4	2	1	5	4	5	13	2	1	9	5	5	2	9	4	5	1	3	2	8	1		1	3	1	
113	4	11	22	15	臺北市	大安區	大安區敦化南路2段與敦化南路2段265巷口	25.0255273	121.5490156	0	0	1	2	8	5	5	3	2	1	5	4	5	13	4	4	1	4	5	1	17	4	6	1	3	1	8	1		1	3	5	
113	4	11	23	1	臺北市	萬華區	萬華區桂林路246巷與桂林路228巷11弄口	25.0384552	121.49553	0	0	1	2	7	5	5	4	1	1	5	4	5	13	1	1	1	4	5	2	12	1	7	1	6	1	10	1		1	3	13	
113	4	11	23	14	臺北市	內湖區	內湖區舊宗路1段150巷與民善街口	25.0615487	121.5751601	0	0	1	2	7	5	5	4	1	1	5	4	5	13	4	4	5	4	5	2	17	1	1	1	5	1	10	1		2	2	12	
113	4	12	0	52	臺北市	北投區	北投區大度路167號	25.1217319	121.4923111	0	0	2	2	8	5	5	14	12	1	5	4	5	13	4	4	1	4	3	1	13	1	9	1	6	2	10	1		2	2	13	
113	4	12	6	40	臺北市	士林區	士林區中山北路6段與克強路口	25.1085665	121.5251262	0	0	3	6	8	5	5	4	1	1	5	4	5	13	2	1	1	4	5	2	16	4	11	1	3	1	8	1		1	2	5	
113	4	12	6	44	臺北市	信義區	信義區松隆路與松隆路123巷口	25.0467248	121.5716434	0	0	1	2	7	7	5	3	1	1	5	4	5	13	4	4	1	4	4	2	16	1	6	1	7	1	4	1		1	3	5	
113	4	12	7	20	臺北市	大安區	大安區樂利路與通化街口	25.0258971	121.5519804	0	0	1	2	8	6	5	4	1	1	5	4	5	13	1	1	5	4	5	2	17	1	11	1	7	2	8	1		1	3	4	
113	4	12	7	23	臺北市	萬華區	萬華區環河南路1段洛陽停車場入口	25.0478196	121.5054297	0	0	1	2	8	6	5	14	9	1	5	4	5	13	4	4	9	4	5	2	16	4	5	1	3	1	4	1		1	3	5	
113	4	12	7	45	臺北市	中山區	中山區林森北路與新生北路2段62巷口	25.0562403	121.5255257	0	0	1	2	7	7	5	4	1	1	5	4	5	13	2	1	5	4	5	2	16	4	5	1	3	2	4	1		1	3	1	
113	4	12	8	0	臺北市	大同區	大同區南京西路80號	25.0531103	121.5181485	0	0	1	2	8	6	5	14	9	1	5	4	5	13	4	4	9	4	5	2	12	4	9	1	7	1	8	1		1	3	8	
113	4	12	8	26	臺北市	文山區	文山區和平東路4段與萬美街1段口	25.0021433	121.571914	0	0	1	2	8	6	5	14	9	1	5	4	5	13	1	1	4	5	5	2	16	1	7	1	6	2	10	1		1	3	14	
113	4	12	8	27	臺北市	大安區	大安區忠孝東路4段77巷與大安路1段51巷口	25.04313197	121.5472066	0	0	1	2	8	6	5	4	1	1	5	4	5	13	4	4	5	5	5	2	17	1	6	6	7	1	8	1		1	3	5	
113	4	12	8	29	臺北市	中正區	中正區齊東街76號	25.0416971	121.5276927	0	0	1	2	8	5	5	14	9	1	5	4	5	13	4	4	10	5	5	2	9	1	9	1	7	9	8	1		2	3	2	2
113	4	12	8	50	臺北市	大同區	大同區台北橋往北市機慢車道入橋面第2燈桿	25.06367663	121.5064373	0	0	3	3	8	6	6	8	11	1	5	4	5	13	4	4	10	4	5	2	12	1	9	1	6	1	10	1		2	2	11	
113	4	12	8	53	臺北市	萬華區	萬華區桂林路與柳州街口	25.037725	121.5050941	0	0	1	2	8	6	5	4	1	1	5	4	5	13	2	1	9	4	5	2	16	4	6	1	3	1	8	1		1	3	2	
113	4	12	9	0	臺北市	信義區	信義區和平東路3段與嘉興街口	25.0230318	121.5540483	0	0	2	3	7	5	5	4	1	1	5	4	5	13	2	1	1	4	4	2	17	1	5	1	7	2	8	1		2	3	2	
113	4	12	9	15	臺北市	內湖區	東向西(近行善路平面停車場)	25.0646751	121.5867513	0	0	1	4	8	7	5	14	9	1	5	4	5	13	4	4	4	5	5	2	17	1	6	1	7	1	8	1		1	3	2	
113	4	12	9	20	臺北市	松山區	松山區南京東路5段34號與無名巷	25.05143978	121.5590796	0	0	1	2	8	6	5	3	2	1	5	4	5	13	1	1	5	4	4	1	17	4	6	1	3	1	8	1		1	3	6	
113	4	12	9	23	臺北市	信義區	信義區永吉路30巷158弄2號	25.04232	121.5686202	0	0	1	3	8	5	5	14	9	1	5	4	5	13	4	4	10	5	5	1	3	4	9	1	7	9	4	2		1	3	5	
113	4	12	9	35	臺北市	內湖區	內湖區瑞光路與瑞湖街口	25.0751382	121.5768148	0	0	2	2	8	7	5	4	1	1	5	4	5	13	1	1	4	3	5	1	17	1	5	1	6	1	10	1		2	2	12	
113	4	12	9	44	臺北市	文山區	文山區試院路154巷1弄與試院路口	24.9903776	121.5466768	0	0	1	2	8	7	5	4	1	1	5	4	5	13	4	4	10	5	5	2	17	4	2	1	3	1	8	1		1	3	6	
113	4	12	9	47	臺北市	信義區	信義區松智路市府東大門前	25.0372031	121.5655787	0	0	1	3	8	6	5	14	9	1	5	4	5	13	4	4	5	4	5	2	17	1	14	1	7	1	4	1		1	3	2	
113	4	12	9	55	臺北市	內湖區	內湖區民權東路6段與瑞光路口	25.06884531	121.5842312	0	0	3	3	8	5	5	4	1	1	5	4	5	13	1	1	5	4	5	2	16	1	8	1	6	1	10	1		1	2	12	
113	4	12	10	51	臺北市	北投區	北投區自強街80號	25.1107236	121.5149288	0	0	1	2	8	6	5	14	9	1	5	4	5	13	4	4	5	5	5	2	12	1	1	6	5	2	10	1		1	2	14	
113	4	12	11	0	臺北市	中山區	中山區明水路526巷與樂群二路30巷口	25.07922459	121.5533252	0	0	1	2	8	7	5	4	2	1	5	4	5	13	2	1	5	4	5	2	17	4	9	1	3	2	8	1		2	3	17	
113	4	12	11	3	臺北市	中山區	中山區市民大道2段與市民大道口側附近2段5巷口	25.0480545	121.521865	0	0	1	3	8	7	5	3	1	1	5	4	5	13	4	4	1	4	4	2	15	1	9	1	5	1	10	1		1	3	12	
113	4	12	11	8	臺北市	信義區	信義區信安街56號	25.0264383	121.5575443	0	0	1	2	8	7	5	14	9	1	5	4	5	13	4	4	9	4	5	2	18	1	9	1	5	9	10	1		1	2	12	
113	4	12	11	27	臺北市	大安區	大安區四維路52巷19弄與四維路44巷口	25.0355442	121.5470619	0	0	1	2	8	7	5	4	1	1	5	4	5	13	4	4	10	5	5	2	15	4	9	1	3	1	8	1		1	3	5	
113	4	12	11	34	臺北市	內湖區	內湖區瑞光路548巷與基湖路35巷口口	25.07903918	121.5671413	0	0	1	2	8	5	5	4	1	1	5	4	5	13	3	1	5	5	5	2	16	1	9	1	7	1	8	1		1	3	1	
113	4	12	11	36	臺北市	松山區	松山區市民大道4段與市民大道4段37巷口	25.04518481	121.5451427	0	0	1	2	7	6	5	4	2	1	5	4	5	13	4	4	1	3	5	2	16	4	6	1	3	1	8	1		1	3	2	
113	4	12	11	41	臺北市	士林區	士林區中山北路6段與德行東路口	25.1065674	121.5250431	0	0	2	3	8	6	7	4	2	1	5	4	5	13	1	1	10	4	5	1	17	1	6	1	7	1	8	1		2	3	2	
113	4	12	11	47	臺北市	松山區	松山區南京東路5段89號	25.05157043	121.5601199	0	0	1	2	8	5	5	14	8	1	5	4	5	13	4	4	3	4	4	2	16	1	8	1	5	1	10	1		1	3	13	
113	4	12	12	5	臺北市	北投區	北投區中央北路3段與中央北路3段220巷口	25.13627368	121.4806503	0	0	1	2	8	6	5	3	1	1	5	4	5	13	1	1	10	5	5	1	17	1	9	1	5	1	10	1		2	2	12	
113	4	12	12	6	臺北市	大同區	大同區重慶北路3段243巷與重慶北路3段223巷1弄口	25.0712622	121.5143562	0	0	2	2	7	6	5	3	2	1	5	4	5	13	4	4	10	5	5	2	17	1	9	1	6	1	10	1		1	2	11	
113	4	12	12	22	臺北市	松山區	松山區市民大道6段與松山路口	25.0495024	121.5776456	0	0	2	2	7	6	5	4	1	1	5	4	5	13	2	1	1	4	5	2	16	1	5	1	5	1	10	1		2	2	14	
113	4	12	12	34	臺北市	信義區	信義區忠孝東路5段與忠孝東路5段345巷口	25.0410244	121.5740593	0	0	2	2	8	6	5	4	2	1	5	4	5	13	1	1	10	5	5	2	15	1	9	8	4	1	20	1		2	2	12	
113	4	12	13	15	臺北市	內湖區	內湖區瑞光路與瑞光路316巷口口	25.07672233	121.5741078	0	0	1	2	8	6	5	3	2	1	5	4	5	13	2	1	5	4	5	2	17	1	9	1	6	2	10	1		2	2	11	
113	4	12	13	32	臺北市	北投區	北投區榮華三路與榮華三路42巷口	25.1140968	121.520668	0	0	2	4	8	6	5	4	1	1	5	4	5	13	4	4	5	5	5	1	15	1	9	1	5	2	10	1		1	2	11	14
113	4	12	13	47	臺北市	內湖區	內湖區瑞光路與瑞光路513巷口口	25.078863	121.5694814	0	0	1	2	8	6	5	4	1	1	5	4	5	13	2	1	10	4	5	2	16	1	5	1	5	1	10	1		2	2	14	
113	4	12	13	50	臺北市	北投區	北投區知行路316巷與知行路316巷20弄口	25.12240621	121.4683644	0	0	1	2	8	6	5	3	1	1	5	4	5	13	4	4	9	5	5	2	16	1	5	1	7	2	8	1		1	3	1	
113	4	12	14	3	臺北市	中山區	中山區長安東路2段153巷與長安東路口側附近2段口	25.0484008	121.5390796	0	0	2	2	8	7	5	4	1	1	5	4	5	13	1	1	9	4	5	2	15	1	15	1	5	1	10	1		1	2	12	
113	4	12	15	29	臺北市	大同區	大同區西寧北路與西寧北路86巷口	25.0551998	121.508852	0	0	1	2	7	7	5	22	9	1	5	4	5	13	4	4	5	4	5	2	17	4	9	1	3	1	8	1		1	3	2	
113	4	12	15	31	臺北市	士林區	士林區中山北路6段275號	25.04847309	121.5183568	0	0	1	2	7	5	5	14	9	1	5	4	5	13	4	4	1	5	1	1	17	1	12	1	5	1	10	1		1	2	17	
113	4	12	15	44	臺北市	南港區	南港區大坑街與民權橋口民權街2段	25.0452527	121.6179439	0	0	2	2	8	6	5	4	1	1	5	4	5	13	2	1	9	4	5	2	16	1	9	8	2	1	20	1		1	2	14	
113	4	12	16	13	臺北市	北投區	北投區文林北路與文林北路244巷口	25.1088084	121.5131437	0	0	1	4	8	6	5	3	1	1	5	4	5	13	1	1	1	4	4	2	12	1	9	1	5	2	10	1		1	3	14	
113	4	12	16	16	臺北市	大安區	大安區芳蘭路66號停車格	25.01296919	121.5456549	0	0	1	2	8	6	5	14	9	1	5	4	5	13	4	4	9	5	5	2	17	1	11	1	7	2	8	1		2	3	1	
113	4	12	16	17	臺北市	北投區	北投區崇仁路1段70號	25.12654429	121.5014572	0	0	1	2	8	6	5	14	9	1	5	4	5	13	4	4	4	1	5	2	10	1	4	1	7	1	8	1		1	3	8	
113	4	12	16	20	臺北市	信義區	信義區松隆路215巷與松隆路口	25.0484202	121.5764049	0	0	1	2	8	7	5	3	2	1	5	4	5	13	4	4	1	4	5	2	17	1	9	8	4	2	20	1		2	2	11	
113	4	12	16	26	臺北市	文山區	文山區木柵路1段378巷與木柵路1段口	24.9884841	121.5565729	0	0	1	3	7	5	5	3	1	1	5	4	5	13	4	4	5	4	5	2	17	1	15	1	6	2	10	1		1	3	11	
113	4	12	16	35	臺北市	大安區	大安區光復南路116巷與光復南路108巷口口	25.0430607	121.5571213	0	0	1	2	7	6	5	4	2	1	5	4	5	13	4	4	10	5	5	2	17	1	5	1	7	1	8	1		1	3	4	
113	4	12	16	56	臺北市	萬華區	萬華區忠孝西路2段與西寧南路口	25.04855	121.5074351	0	0	1	2	7	5	5	4	1	1	5	4	5	13	2	1	1	4	5	2	17	1	15	1	6	1	10	1		1	3	12	
113	4	12	17	0	臺北市	北投區	北投區石牌路1段166巷70號與石牌路1段166巷口	25.1144522	121.5134948	0	0	2	2	8	5	5	4	1	1	5	4	5	13	4	4	10	5	5	1	16	1	9	8	4	1	20	1		1	2	11	2
113	4	12	17	7	臺北市	內湖區	內湖區環山路2段139號前	25.0839275	121.5770875	0	0	2	2	7	7	6	3	2	1	5	4	5	13	4	4	9	4	5	2	17	1	5	1	5	1	10	1		2	2	11	
113	4	12	17	14	臺北市	內湖區	內湖區港墘路與內湖路1段口引道口	25.07907949	121.5767486	0	0	1	3	8	6	5	3	2	1	5	4	5	13	2	1	3	4	5	2	17	1	14	1	7	1	8	1		1	3	6	
113	4	12	17	25	臺北市	內湖區	內湖區陽光街與陽光街68巷152弄口	25.07500705	121.583015	0	0	1	2	8	5	5	3	1	1	5	4	5	13	4	4	4	3	5	1	16	4	5	1	3	1	10	1		1	2	12	
113	4	12	17	38	臺北市	中山區	中山區南京東路3段77號與南京東路3段89巷口	25.0520455	121.5389351	0	0	1	2	7	7	5	3	2	1	5	4	5	13	4	4	3	4	4	2	16	1	6	1	7	1	8	1		1	3	8	
113	4	12	17	54	臺北市	內湖區	內湖區金豐街與金莊路口	25.0653477	121.5876909	0	0	1	2	8	5	5	4	1	1	5	4	5	13	2	1	5	5	5	2	1	1	5	1	7	2	8	1		1	3	1	
113	4	12	18	20	臺北市	文山區	文山區和平東路4段與萬美街1段口口	25.0024799	121.5718633	0	0	1	2	8	5	5	3	1	1	5	4	5	13	2	1	5	5	5	2	13	1	6	1	5	1	10	1		2	3	11	
113	4	12	18	36	臺北市	中正區	中正區博愛路與貴陽街1段口	25.038953	121.5111735	0	0	1	2	8	5	5	4	1	1	5	4	5	13	1	1	9	4	5	1	17	1	5	1	7	2	8	1		1	3	5	
113	4	12	18	39	臺北市	士林區	士林區文林北路5巷與文林北路5巷口法官學院	25.1000078	121.5178223	0	0	1	2	8	5	5	5	1	1	5	4	5	13	4	4	5	5	5	1	17	1	5	8	4	1	20	1		2	2	14	
113	4	12	18	50	臺北市	中山區	中山區民權東路1段與民權東路口側附近1段12巷口	25.0626401	121.5234224	0	0	1	2	7	5	5	3	2	2	5	4	5	13	4	4	1	4	4	2	13	4	9	1	3	1	10	1		2	2	11	
113	4	12	18	57	臺北市	中山區	中山區農安街124號	25.0646944	121.5312934	0	0	1	2	8	5	5	14	9	1	5	4	5	13	4	4	9	5	5	2	17	4	14	1	3	2	4	1		1	3	8	
113	4	12	19	18	臺北市	北投區	北投區泉源路75號前	25.1434148	121.5196557	0	0	1	2	7	5	5	22	9	1	5	4	5	13	4	4	10	5	5	2	17	1	5	1	7	1	8	1		1	3	5	
113	4	12	19	32	臺北市	松山區	松山區民權東路5段32號	25.06295873	121.5644876	0	0	2	3	8	5	5	14	9	1	5	4	5	13	4	4	3	4	5	2	16	4	6	1	3	1	8	1		2	3	5	
113	4	12	19	55	臺北市	文山區	文山區興隆路4段與興隆路4段66巷口	24.9849654	121.5614588	0	0	1	2	7	6	5	4	1	1	5	4	5	13	4	4	10	5	5	2	15	1	9	1	6	1	10	1		2	2	11	
113	4	12	20	0	臺北市	中山區	中山區市民大道2段與天津街口	25.048039	121.5224343	0	0	2	2	8	5	5	4	1	1	5	4	5	13	1	1	2	4	5	2	17	4	6	1	3	1	10	1		2	2	11	
113	4	12	20	41	臺北市	大同區	大同區民權西路與蘭州街口	25.0627391	121.5140424	0	0	2	3	7	6	5	4	1	1	5	4	5	13	2	1	1	4	5	2	13	4	1	1	5	1	10	1		2	3	17	
113	4	12	20	42	臺北市	松山區	松山區南京東路5段66巷與南京東路5段66巷12弄口	25.0504552	121.5608141	0	0	1	3	8	5	5	3	2	1	5	4	5	13	4	4	9	5	5	2	16	4	5	1	5	1	10	1		1	2	12	
113	4	12	21	0	臺北市	大安區	大安區基隆路2段172號	25.0264556	121.5556324	0	0	1	2	8	5	5	14	9	1	5	4	5	13	4	4	1	4	5	2	13	4	9	1	3	1	10	1		2	2	11	
113	4	12	21	13	臺北市	南港區	南港區南港路2段與南港路2段178巷口	25.0535606	121.5996126	0	0	2	2	8	5	5	4	1	1	5	4	5	13	1	1	4	3	4	2	13	1	9	1	6	1	10	1		1	2	11	
113	4	12	22	21	臺北市	大安區	大安區復興南路1段204號	25.0395996	121.5436386	0	0	2	3	8	5	5	14	9	1	5	4	5	13	4	4	1	4	5	1	12	4	4	1	3	2	4	1		1	3	6	
113	4	12	22	33	臺北市	中山區	中山區圓山河濱公園	25.07646023	121.5274435	0	0	1	2	7	5	5	11	23	1	5	4	5	13	4	4	9	5	5	2	17	4	9	8	3	1	20	1		2	3	17	
113	4	12	23	25	臺北市	文山區	文山區興隆路3段317號對面	24.99163445	121.5586767	0	0	1	2	8	5	5	14	9	1	5	4	5	13	4	4	1	4	5	2	17	1	9	1	5	11	10	1		1	2	12	
113	4	12	23	29	臺北市	大安區	大安區敦化南路1段187巷與忠孝東路4段205巷口	25.0425562	121.5519412	0	0	2	3	8	7	5	4	2	1	5	4	5	13	4	4	10	5	5	2	15	4	9	8	3	1	20	1		2	2	12	
113	4	12	23	54	臺北市	大安區	大安區和平東路2段與復興南路2段口	25.0247699	121.5434909	0	0	2	2	8	5	5	4	1	1	5	4	5	13	2	1	1	4	5	1	12	4	8	1	3	1	10	1		1	2	13	
113	4	13	3	1	臺北市	中山區	中山區中山北路2段與長春路口	25.0549707	121.5228017	0	0	1	2	8	5	5	4	1	1	5	4	5	13	1	1	8	4	5	2	16	1	5	1	7	1	4	1		1	3	5	
113	4	13	7	22	臺北市	大同區	大同區民生西路與民生西路423巷口	25.0569126	121.5089904	0	0	1	2	7	6	5	4	2	1	5	4	5	13	1	1	5	2	5	2	17	1	5	1	5	2	10	1		2	2	14	
113	4	13	7	34	臺北市	信義區	信義區永吉路512號	25.0453095	121.5800498	0	0	1	2	8	6	5	14	9	1	5	4	5	13	4	4	1	4	4	2	13	1	9	1	7	1	2	1		1	2	8	
113	4	13	7	48	臺北市	萬華區	萬華區和平西路3段與南寧路口	25.035117	121.5032699	0	0	1	2	8	6	5	5	1	1	5	4	5	13	1	1	8	3	5	1	17	1	15	1	7	1	8	1		1	3	2	
113	4	13	8	17	臺北市	中正區	中正區重慶南路1段與貴陽街1段口	25.0387763	121.5127042	0	0	2	2	8	5	5	4	2	1	5	4	5	13	1	1	5	4	5	2	13	1	9	1	5	1	10	1		2	2	11	
113	4	13	8	18	臺北市	萬華區	萬華區西園路2段11巷與西園路2段13巷口	25.0322507	121.4981523	0	0	3	3	8	7	5	4	1	1	5	4	5	13	4	4	9	5	5	2	15	1	9	1	5	1	10	1		1	2	14	
113	4	13	9	0	臺北市	文山區	文山區興隆路2段203巷與興隆路2段153巷6弄口口	25.0019093	121.5486914	0	0	2	3	8	6	5	4	1	1	5	4	5	10	3	1	10	5	5	2	15	1	9	1	5	2	10	1		1	3	11	
113	4	13	9	8	臺北市	萬華區	萬華區萬大路與民和街口	25.02635255	121.5004761	0	0	1	2	8	6	5	4	1	4	5	4	5	13	2	1	9	5	5	2	15	1	9	3	5	1	18	1		1	3	12	
113	4	13	9	14	臺北市	士林區	士林區中山北路5段與中正路口	25.0958771	121.5282273	0	0	1	2	8	5	8	4	2	1	5	4	5	13	2	1	1	4	4	1	17	1	7	1	5	1	10	1		1	2	14	
113	4	13	9	42	臺北市	中山區	中山區建國北路1段與南京東路3段口	25.0518676	121.5371049	0	0	1	2	8	6	5	4	1	1	5	4	5	13	2	1	10	4	5	2	16	1	9	1	6	1	10	1		2	2	14	
113	4	13	9	43	臺北市	大安區	大安區忠孝東路4段與大安路1段口頂好市場公車站	25.04174449	121.546537	0	0	1	2	8	6	5	14	9	1	5	4	5	13	4	4	1	4	5	2	9	1	15	1	7	2	1	1		1	3	17	
113	4	13	9	55	臺北市	北投區	北投區大度路3段與聖景路口	25.12376382	121.4642552	0	0	1	2	8	6	5	4	1	1	5	4	5	13	1	1	1	4	5	1	17	1	6	1	7	1	8	1		1	3	5	
113	4	13	9	58	臺北市	中正區	中正區南昌路2段94號	25.0262331	121.5218257	0	0	1	2	8	6	5	14	9	1	5	4	5	13	4	4	9	5	5	1	17	1	11	1	7	1	8	1		1	3	5	
113	4	13	10	35	臺北市	萬華區	萬華區桂林路246巷與桂林路244巷55弄口	25.03697353	121.4926149	0	0	1	2	8	5	5	3	2	1	5	4	5	13	1	1	10	4	4	2	13	4	9	1	5	1	10	1		1	3	11	
113	4	13	11	10	臺北市	北投區	北投區中和街與大業路口	25.1376298	121.5032093	0	0	1	2	8	6	5	4	1	1	5	4	5	13	4	4	5	5	5	2	17	1	11	1	7	1	4	1		1	3	1	
113	4	13	11	58	臺北市	內湖區	內湖區內湖路1段港墘捷運站2號出口	25.08006445	121.5749738	0	0	1	2	8	7	5	14	7	1	5	4	5	13	4	4	1	4	4	2	17	1	1	1	7	1	8	1		2	3	7	
113	4	13	12	28	臺北市	中正區	中正區汀州路2段60號	25.0252423	121.5181883	0	0	2	3	8	6	5	14	9	1	5	4	5	13	4	4	9	4	5	2	16	1	1	1	5	1	10	1		2	2	14	
113	4	13	12	30	臺北市	大安區	大安區忠孝東路3段與忠孝東路3段217巷口	25.041771	121.5397442	0	0	1	2	8	5	5	3	2	1	5	4	5	13	2	1	1	4	5	2	16	1	6	1	7	1	8	1		1	3	2	
113	4	13	12	42	臺北市	松山區	松山區光復北路與民生東路4段口	25.0583116	121.5552288	0	0	1	2	8	5	5	4	1	1	5	4	5	13	2	1	3	4	5	2	17	1	5	1	7	1	8	1		1	3	2	
113	4	13	12	48	臺北市	大同區	大同區萬全街與民生西路171巷口	25.0579719	121.5167055	0	0	1	2	8	7	5	4	1	1	5	4	5	13	4	4	10	5	5	2	15	1	9	1	7	1	8	1		2	3	5	
113	4	13	12	49	臺北市	大安區	大安區仁愛路4段與敦化南路口側附近1段口	25.0388487	121.5490744	0	0	1	2	8	7	5	5	2	1	5	4	5	13	1	1	10	3	5	2	17	1	6	1	5	1	10	1		2	2	14	
113	4	13	13	19	臺北市	萬華區	萬華區武成街與武成街101巷口	25.01940512	121.4944669	0	0	1	2	8	5	5	4	1	1	5	4	5	13	4	4	10	5	5	2	17	4	9	1	5	1	10	1		1	3	14	
113	4	13	13	41	臺北市	松山區	松山區復興北路499巷與復興北路499巷2弄口	25.0656102	121.5449618	0	0	2	4	8	7	5	4	2	1	5	4	3	10	4	4	10	5	5	2	17	1	6	1	6	1	9	1		1	2	11	
113	4	13	14	0	臺北市	中山區	中山區中山北路3段與民族西路口	25.06840521	121.5226059	0	0	3	3	8	7	5	4	1	1	5	4	5	13	2	1	5	4	5	2	16	4	6	1	6	2	10	1		1	2	12	
113	4	13	14	0	臺北市	萬華區	萬華區西寧南路與西寧南路50巷口	25.0442726	121.5063832	0	0	1	3	7	7	5	4	1	1	5	4	5	13	4	4	10	4	5	2	13	1	9	1	5	1	10	1		2	2	11	
113	4	13	14	20	臺北市	士林區	士林區劍潭路與基河路口	25.0841161	121.5247185	0	0	1	2	8	7	5	4	1	1	5	4	5	13	2	1	1	4	5	2	16	1	5	1	7	2	8	1		2	3	6	
113	4	13	14	22	臺北市	文山區	文山區木新路2段299巷與木新路3段45巷7弄口	24.9823268	121.5654813	0	0	1	5	8	6	5	4	1	1	5	4	5	13	4	4	10	5	5	2	15	4	9	1	3	2	10	1		2	2	12	
113	4	13	14	26	臺北市	大同區	大同區民權西路與民權西路225巷口	25.0629659	121.5124699	0	0	1	2	8	7	5	3	2	1	5	4	5	13	2	1	1	4	5	2	17	4	5	1	3	1	10	1		2	3	14	
113	4	13	14	43	臺北市	中山區	中山區農安街1巷6號與農安街1巷口	25.06558077	121.5228944	0	0	1	2	8	7	5	14	9	1	5	4	5	13	4	4	10	4	5	2	17	1	6	1	7	1	8	1		2	3	17	
113	4	13	14	50	臺北市	南港區	南港區研究院路3段與研究院路3段20巷口口	25.0347585	121.6157178	0	0	1	2	7	6	5	3	1	1	5	4	5	13	1	1	5	5	5	2	16	4	6	1	3	1	8	1		1	3	2	
113	4	13	15	11	臺北市	中正區	中正區市民大道2段與長安東路1段30巷口	25.0473384	121.5258007	0	0	3	3	8	6	5	3	1	1	5	4	5	13	3	1	1	4	5	2	12	1	9	1	6	2	10	1		1	2	14	
113	4	13	15	11	臺北市	松山區	松山區南京東路5段250巷與八德路4段295巷18弄口	25.0496059	121.5661639	0	0	1	2	8	6	5	4	1	1	5	4	5	13	4	4	10	5	5	2	15	4	9	1	7	1	8	1		1	3	8	
113	4	13	16	0	臺北市	士林區	士林區文昌路與中正路口	25.0944967	121.5217531	0	0	1	2	8	7	5	4	1	1	5	4	5	13	2	1	1	4	1	2	16	1	6	1	7	1	8	1		1	3	5	
113	4	13	16	7	臺北市	北投區	北投區懷德街與東華街1段400巷口	25.1111566	121.5193387	0	0	1	2	8	6	5	3	1	1	5	4	5	13	1	1	5	4	5	2	1	1	6	1	7	2	4	1		1	3	5	
113	4	13	17	16	臺北市	大同區	大同區承德路3段212-3號	25.07122681	121.5183654	0	0	1	2	8	5	5	14	9	1	5	4	5	13	4	4	1	4	5	2	17	1	9	1	7	1	8	1		1	3	2	
113	4	13	18	17	臺北市	松山區	松山區南京東路3段300號	25.05171175	121.546768	0	0	1	2	8	7	5	22	23	1	5	4	5	13	4	4	1	4	4	2	17	1	1	1	7	9	8	1		1	3	5	
113	4	13	18	20	臺北市	信義區	信義區松廉路與松仁路口	25.0341117	121.5682754	0	0	1	3	8	5	5	3	1	1	5	4	5	13	4	4	1	4	5	2	17	1	7	1	6	2	10	1		1	2	11	
113	4	13	18	22	臺北市	士林區	士林區百齡橋東向西方向	25.08810997	121.5122394	0	0	1	5	8	6	5	8	9	1	5	4	5	13	4	4	10	4	5	1	13	1	14	1	7	1	8	1		1	3	3	
113	4	13	18	33	臺北市	北投區	北投區中和街31號	25.1380218	121.5027128	0	0	1	2	7	5	5	14	9	1	5	4	5	13	4	4	9	5	5	2	17	1	9	1	5	1	10	1		1	2	12	
113	4	13	18	55	臺北市	士林區	士林區文林路647號	25.10027671	121.523064	0	0	1	2	8	5	5	14	9	1	5	4	5	13	4	4	9	5	5	2	12	4	9	1	3	1	8	1		1	3	15	
113	4	13	19	54	臺北市	松山區	松山區麥帥一橋機車道東向西(燈桿7510332)	25.05140405	121.568209	0	0	2	2	8	5	5	14	11	1	5	4	5	13	4	4	9	4	5	2	13	4	9	1	6	1	9	1		1	2	11	
113	4	13	20	29	臺北市	內湖區	內湖區金龍路與內湖路2段口	25.0847818	121.5936948	0	0	1	2	8	7	5	4	1	1	5	4	5	13	2	1	5	5	4	2	17	1	11	1	5	2	10	1		1	3	17	
113	4	13	21	55	臺北市	內湖區	內湖區潭美街117號	25.0535162	121.579074	0	0	1	3	8	5	5	14	9	1	5	4	5	13	4	4	5	5	5	2	17	1	9	6	5	2	18	1		1	2	11	
113	4	13	22	4	臺北市	大同區	大同區承德路3段與承德路3段176巷口	25.06912886	121.5183576	0	0	1	2	8	5	5	3	1	1	5	4	5	13	4	4	1	4	5	2	16	4	6	1	3	1	8	1		1	3	2	
113	4	13	22	15	臺北市	中山區	中山區建國高架道往北(編號第185燈桿前)	25.05179025	121.5368436	0	0	1	2	8	5	5	8	9	1	5	4	5	13	4	4	2	4	5	2	13	1	9	1	7	1	8	1		1	3	1	
113	4	13	22	31	臺北市	松山區	松山區敦化北路與南京東路4段口	25.0515911	121.5491658	0	0	1	2	8	5	5	14	7	1	5	4	5	13	2	1	7	4	4	2	13	1	9	1	7	1	8	1		1	3	5	