年	月	日	時	分	縣市	行政區	allLocation	GoogleLat	GoogleLng	死	2-30	受傷	當事人數	天候	道路照明設備	道路類別	道路型態	事故位置	路面狀況1	路面狀況2	路面狀況3	道路障礙1	道路障礙2	號誌1	號誌2	車道劃分-分向	車道劃分-分道1	車道劃分-分道2	車道劃分-分道3	事故類型及型態	行動電話	當事者行動狀態	駕駛資格情形	保護裝置	飲酒情形	駕駛執照種類	個人肇逃否	肇因碼-主要	性別	受傷程度	車輛撞擊部位1	車輛撞擊部位2
113	4	13	22	33	臺北市	士林區	士林區德行東路與德行東路109巷口	25.10773274	121.5284277	0	0	1	2	8	5	5	4	1	1	5	4	5	13	2	1	5	5	5	2	16	1	5	1	7	1	8	1		1	3	5	
113	4	14	0	6	臺北市	大安區	大安區忠孝東路4段15號	25.0417348	121.5443273	0	0	1	2	8	5	5	3	2	1	5	4	5	13	4	4	9	5	5	2	15	4	15	1	3	1	10	1		2	2	11	
113	4	14	5	35	臺北市	中山區	中山區民權東路1段與林森北路口	25.06274315	121.5258484	0	0	1	2	8	6	5	14	9	1	5	4	5	13	1	1	3	4	5	2	13	1	7	1	5	2	10	1		2	2	11	12
113	4	14	5	54	臺北市	文山區	文山區木柵路1段與景興路口	24.988254	121.5422376	0	0	1	2	7	5	5	3	1	1	5	4	5	13	2	1	10	5	5	1	29	1	6	1	7	2	4	1		1	2	1	
113	4	14	7	10	臺北市	大安區	大安區羅斯福路4段車行地下道	25.01025365	121.5374403	0	0	2	3	8	5	5	7	9	1	5	4	5	13	4	4	4	5	5	1	20	1	9	1	7	1	2	1		1	2	5	1
113	4	14	8	13	臺北市	信義區	信義區松智路與松智路29巷口	25.0314306	121.5654215	0	0	1	2	7	5	5	14	9	1	5	4	5	13	4	4	9	5	5	2	16	1	6	1	5	1	10	1		1	3	12	
113	4	14	8	50	臺北市	松山區	松山區八德路3段10號	25.04818974	121.550201	0	0	1	2	8	5	5	14	9	1	5	4	5	13	4	4	9	4	5	2	13	1	9	1	7	2	8	1		1	3	5	
113	4	14	8	51	臺北市	內湖區	內湖區大湖山莊街與成功路5段口	25.08441761	121.6020113	0	0	1	2	8	6	6	4	1	1	5	4	5	13	4	4	5	4	5	2	15	1	9	1	5	1	10	1		2	2	12	
113	4	14	9	4	臺北市	大安區	大安區和平東路3段與敦化南路2段口	25.0246398	121.5484989	0	0	1	2	8	6	5	5	1	1	5	4	5	13	2	1	1	4	5	2	16	1	5	1	7	1	3	1		1	3	2	
113	4	14	9	21	臺北市	北投區	北投區知行路225巷與知行路235巷口	25.1200942	121.4664983	0	0	1	2	8	6	5	4	1	1	5	4	5	13	4	4	10	5	5	1	15	1	9	1	5	1	10	1		1	2	11	
113	4	14	10	15	臺北市	中山區	中山區大佳河濱公園與大佳河濱公園口8號水門	25.07364877	121.5399331	0	0	1	2	8	7	5	4	1	1	5	4	5	13	4	4	10	5	5	2	17	1	1	1	6	2	10	1		2	2	13	
113	4	14	10	25	臺北市	中山區	中山區復興北路與興安街口	25.0561927	121.5440987	0	0	2	3	8	6	5	4	1	1	5	4	5	13	2	1	10	5	5	2	13	1	9	1	6	2	10	1		1	2	11	
113	4	14	10	30	臺北市	信義區	信義區忠孝東路5段與忠孝東路5段15巷口	25.0412655	121.5654168	0	0	1	2	8	7	5	3	2	4	5	4	5	13	4	4	1	4	5	2	1	5	16	8	4	11	20	2		4	2	16	
113	4	14	11	6	臺北市	士林區	士林區延平北路6段與中正路口口	25.08691337	121.5091773	0	0	1	2	8	6	5	4	1	1	5	4	5	13	2	1	5	4	5	2	16	1	5	1	6	1	10	1		2	2	12	
113	4	14	11	32	臺北市	內湖區	內湖區金龍路73號	25.0850846	121.5923616	0	0	2	3	7	7	5	14	9	1	5	4	5	13	4	4	5	4	5	2	12	1	4	1	7	1	8	1		1	3	5	
113	4	14	11	56	臺北市	內湖區	內湖區內湖路2段56號	25.0790665	121.5804246	0	0	2	2	8	7	5	14	9	1	5	4	5	13	4	4	5	5	5	2	16	1	5	1	5	1	10	1		2	2	14	
113	4	14	12	50	臺北市	北投區	北投區文林北路225號	25.10762541	121.5144821	0	0	1	2	8	6	5	14	8	1	5	4	5	13	4	4	1	4	4	2	12	1	8	1	5	2	10	1		1	3	12	
113	4	14	13	13	臺北市	中山區	中山區北安路625號	25.0830909	121.5490395	0	0	1	2	8	6	5	14	9	1	5	4	5	13	4	4	10	5	5	2	16	1	1	1	5	2	10	1		1	3	13	
113	4	14	13	16	臺北市	信義區	信義區基隆路2段79巷與基隆路2段口	25.0302431	121.557986	0	0	2	3	8	7	5	3	1	1	5	4	5	13	4	4	9	4	5	2	17	1	6	1	7	11	8	2		1	3	17	
113	4	14	13	28	臺北市	大安區	大安區通化街39巷與通化街39巷62弄口	25.0305886	121.5558603	0	0	1	3	7	6	5	4	1	1	5	4	3	10	4	4	10	5	5	2	15	4	9	1	3	1	10	1		1	2	12	
113	4	14	13	40	臺北市	中山區	中山區松江路與錦州街口	25.0603504	121.5332542	0	0	2	2	7	6	5	4	1	1	5	4	5	13	1	1	1	4	5	2	12	1	9	1	5	1	10	1		1	2	14	
113	4	14	13	53	臺北市	南港區	南港區南港路2段178巷與南港路2段口	25.0534567	121.5997172	0	0	3	4	8	6	5	4	1	1	5	4	4	13	1	1	8	3	5	2	12	4	5	1	5	1	10	1		2	3	14	
113	4	14	14	5	臺北市	中正區	中正區中山南路與信義路1段口	25.0387003	121.5180255	0	0	2	3	8	6	5	5	1	1	5	4	5	13	1	1	1	4	5	2	16	1	9	1	7	2	6	1		1	3	5	
113	4	14	14	20	臺北市	士林區	士林區環河北路3段205號前	25.0879778	121.5039168	0	0	2	3	8	5	5	14	9	1	5	4	5	13	4	4	1	4	4	1	13	1	9	1	7	1	8	1		1	2	1	
113	4	14	14	32	臺北市	萬華區	萬華區中華路2段與艋舺大道口	25.0345952	121.505669	0	0	1	2	8	7	5	3	1	1	5	4	5	13	1	1	9	5	5	2	17	1	5	1	5	1	8	1		2	2	14	
113	4	14	14	43	臺北市	大同區	大同區哈密街與重慶北路3段口	25.07270813	121.5137787	0	0	1	2	8	6	5	5	1	1	5	4	5	13	1	1	10	5	5	2	17	1	5	8	4	1	20	1		1	3	17	
113	4	14	15	31	臺北市	中正區	中正區汀州路3段與汀州路3段60巷口口	25.0157065	121.5313576	0	0	2	2	7	6	5	4	1	1	5	4	5	13	1	1	5	5	5	2	16	1	1	1	6	1	10	1		1	2	14	
113	4	14	15	35	臺北市	大安區	大安區延吉街與光復南路308巷口	25.038932	121.5551447	0	0	2	3	7	6	5	4	1	1	5	4	5	13	4	4	10	5	5	2	16	1	11	1	7	1	8	1		1	3	8	
113	4	14	16	8	臺北市	信義區	信義區松德路與松德路133巷口	25.0374223	121.5749733	0	0	1	2	8	5	8	11	8	1	5	4	5	13	1	1	1	4	4	2	12	1	9	1	6	1	10	1		1	2	14	
113	4	14	16	12	臺北市	南港區	南港區研究院路2段7號	25.0471527	121.6154961	0	0	1	2	7	6	5	14	9	1	5	4	5	13	4	4	1	5	5	2	9	1	1	1	7	1	1	1		1	3	17	
113	4	14	17	10	臺北市	中山區	中山區復興北路敦化北路4巷口	25.0501999	121.5433558	0	0	1	2	7	5	5	3	2	1	4	4	5	13	1	1	1	4	4	2	16	4	11	1	3	1	4	1		1	3	2	
113	4	14	17	14	臺北市	內湖區	內湖區民權東路6段262號	25.0713317	121.6044211	0	0	1	2	8	7	5	14	8	1	5	4	5	13	4	4	1	4	4	2	16	1	8	1	7	1	8	1		1	3	2	
113	4	14	17	24	臺北市	萬華區	萬華區西園路1段145號(艋舺公園前)	25.0353552	121.5007407	0	0	1	2	8	6	5	14	8	1	5	4	5	13	4	4	1	4	4	2	9	1	14	1	7	1	2	1		1	3	2	
113	4	14	17	27	臺北市	中正區	中正區林森南路地下道與羅斯福路1段口	25.0328587	121.5177895	0	0	1	2	8	7	5	5	1	1	5	4	5	13	1	1	1	4	5	2	11	4	8	1	5	1	10	1		1	2	12	
113	4	14	17	47	臺北市	大安區	大安區建國南路2段與建國南路2段25巷口	25.0325068	121.5380718	0	0	1	2	7	6	5	3	2	1	5	4	5	13	4	4	9	4	5	2	16	1	6	1	7	1	4	1		1	2	1	
113	4	14	17	48	臺北市	大安區	大安區和平東路2段與和平東路2段311巷口	25.0248237	121.5450098	0	0	1	2	7	5	5	4	2	1	5	4	5	13	1	1	8	3	5	1	12	1	7	1	7	1	8	1		1	3	4	
113	4	14	18	8	臺北市	士林區	士林區延平北路7段177巷49-1號	25.09752241	121.4924712	0	0	1	3	7	5	8	14	9	1	5	4	5	13	4	4	10	5	5	1	13	1	9	1	7	1	8	1		1	3	1	
113	4	14	18	55	臺北市	北投區	北投區清江路25巷25號	25.1315495	121.5025117	0	0	2	2	7	5	5	14	9	1	5	4	5	13	4	4	10	5	5	2	10	1	9	1	5	1	10	1		1	2	11	
113	4	14	19	14	臺北市	中正區	中正區仁愛路2段與金山南路1段口	25.0381206	121.5282036	0	0	2	3	8	5	5	4	1	1	5	4	5	13	1	1	10	5	1	1	17	1	5	1	7	2	8	1		1	3	8	
113	4	14	19	18	臺北市	信義區	信義區基隆路1段163號	25.041796	121.564999	0	0	1	2	7	5	5	14	9	1	5	4	5	13	4	4	1	4	5	2	18	1	9	1	6	1	10	1		1	2	14	
113	4	14	19	38	臺北市	萬華區	萬華區環河南路2段與桂林路口	25.0382802	121.4978971	0	0	1	2	8	5	5	4	1	1	5	4	5	13	2	1	9	4	4	2	16	4	5	1	3	9	8	1		1	3	8	
113	4	14	19	46	臺北市	內湖區	內湖區潭美街與成功路2段口	25.06008773	121.5917491	0	0	1	2	8	5	5	3	2	2	5	4	5	13	2	1	5	5	5	2	17	1	6	1	5	2	10	1		1	3	13	
113	4	14	20	11	臺北市	中正區	中正區和平西路1段與南昌路2段口	25.0269001	121.5210272	0	0	1	2	8	5	5	5	1	1	5	4	5	13	1	1	3	4	5	2	17	1	8	1	5	1	10	1		1	3	12	
113	4	14	20	20	臺北市	士林區	士林區格致路與愛富一街口	25.13823434	121.5465269	0	0	1	2	7	5	6	3	1	1	5	4	5	13	4	4	5	5	5	2	17	1	5	1	5	1	10	1		2	3	17	
113	4	14	20	33	臺北市	萬華區	萬華區康定路與長沙街2段口	25.0405768	121.5020616	0	0	1	2	8	5	5	4	1	1	5	4	5	13	2	1	5	5	5	2	17	1	9	1	6	1	10	1		1	2	12	
113	4	14	20	50	臺北市	中正區	中正區中山南路與信義路1段口	25.0387056	121.5179881	0	0	1	2	8	5	5	18	17	1	5	4	5	13	1	1	10	5	1	1	16	1	5	1	6	2	10	1		1	2	14	
113	4	14	21	2	臺北市	大安區	大安區敦化南路1段與敦化南路1段236巷口	25.040583	121.5485719	0	0	1	2	8	5	5	3	1	1	5	4	5	13	4	4	8	3	5	2	17	4	6	1	3	1	8	1		2	3	5	
113	4	14	21	19	臺北市	大安區	大安區復興南路1段255號	25.033789	121.5437643	0	0	2	4	8	5	5	14	9	1	5	4	5	13	4	4	1	4	5	2	16	1	9	1	7	1	8	1		1	3	5	
113	4	14	21	45	臺北市	北投區	北投區中央北路4段167號停車格	25.13297392	121.4754233	0	0	1	2	8	5	5	14	9	1	5	4	5	13	4	4	5	2	5	2	17	1	11	1	7	1	8	1		1	3	4	
113	4	14	22	25	臺北市	文山區	文山區羅斯福路5段170巷與公館街口口	25.0047033	121.5371997	0	0	2	3	8	5	5	3	1	1	5	4	5	13	4	4	10	5	5	2	16	1	5	1	5	1	10	1		1	3	11	
113	4	15	0	15	臺北市	士林區	士林區福國路與福華路口	25.1018353	121.5229992	0	0	1	2	8	5	5	4	1	1	5	4	5	13	2	1	1	3	5	1	16	4	15	1	3	2	10	1		1	2	12	
113	4	15	0	42	臺北市	大安區	大安區仁愛路3段與建國南路1段口	25.0380232	121.5376105	0	0	1	2	7	5	5	5	1	1	5	4	5	13	2	1	10	5	5	2	16	1	6	1	7	1	8	1		1	3	6	
113	4	15	3	30	臺北市	大安區	大安區延吉街與延吉街126巷口	25.0403079	121.5547902	0	0	2	3	8	5	5	4	1	1	5	4	5	13	4	4	8	3	5	2	15	4	9	1	3	2	10	1		1	2	11	
113	4	15	4	17	臺北市	北投區	北投區致遠一路1段與自強街口	25.11065897	121.5146776	0	0	1	8	8	5	5	4	1	1	5	4	5	13	3	1	5	5	5	2	15	1	9	1	7	2	8	1		1	2	7	
113	4	15	6	0	臺北市	內湖區	內湖區潭美街往堤外便道	25.0627379	121.6103195	0	0	1	2	8	6	5	12	9	1	2	4	5	13	4	4	5	5	5	2	18	1	6	1	6	2	10	1		1	2	14	
113	4	15	6	3	臺北市	大安區	大安區市民大道3段198號	25.0445313	121.5384871	0	0	2	2	8	7	8	14	9	1	5	4	5	13	4	4	8	3	5	2	5	4	9	1	3	1	10	1		2	2	11	
113	4	15	6	55	臺北市	松山區	松山區市民大道6段與基隆路1段口	25.04903407	121.568628	0	0	1	3	8	7	5	14	9	1	5	4	5	13	4	4	1	4	5	2	13	1	9	1	5	1	10	1		1	2	11	
113	4	15	6	56	臺北市	北投區	北投區大業路452巷與北投路2段口	25.1318543	121.4975012	0	0	1	2	8	5	5	3	1	1	5	4	5	13	4	4	5	4	5	2	17	4	5	1	3	1	4	1		1	3	8	
113	4	15	7	34	臺北市	文山區	文山區三福街與景華街3巷口	24.9959255	121.541419	0	0	1	2	8	6	5	5	1	1	5	4	5	13	4	4	10	5	5	2	15	1	9	1	5	11	10	1		2	3	11	
113	4	15	7	36	臺北市	內湖區	內湖區大湖山莊街243巷1號前	25.09063194	121.5992196	0	0	2	2	8	6	5	11	9	1	5	4	5	13	4	4	10	5	5	2	17	1	6	1	5	1	10	1		2	2	11	
113	4	15	7	41	臺北市	萬華區	萬華區漢口街2段與昆明街口行人穿越道	25.0460284	121.5057008	0	0	1	2	8	5	5	4	18	1	5	4	5	13	2	1	8	3	5	1	3	1	5	1	7	1	8	1		1	3	1	
113	4	15	7	54	臺北市	萬華區	萬華區桂林路246巷54號	25.0368527	121.49242	0	0	2	4	8	7	5	14	9	1	5	4	5	13	4	4	10	4	4	2	17	1	9	7	5	11	19	2		1	4	12	
113	4	15	8	20	臺北市	中正區	中正區汀州路2段與汀州路2段12巷口	25.0257147	121.5161149	0	0	1	2	8	7	5	3	1	1	5	4	5	13	4	4	5	4	5	2	16	1	6	1	5	1	10	1		1	2	11	
113	4	15	8	38	臺北市	大同區	大同區長安西路201號	25.0519018	121.5126096	0	0	2	2	8	6	5	14	9	1	5	4	5	13	4	4	5	5	5	2	12	1	9	1	6	1	10	1		2	2	12	
113	4	15	8	40	臺北市	信義區	信義區忠孝東路5段423巷與忠孝東路5段423巷4弄口	25.0413922	121.5753616	0	0	1	2	7	7	5	4	1	1	5	4	5	13	4	4	10	5	5	2	15	1	9	1	5	1	10	1		2	2	11	
113	4	15	8	46	臺北市	內湖區	內湖區內湖路1段285巷69弄12號	25.0849642	121.5676261	0	0	1	3	8	6	6	12	9	1	5	4	5	13	4	4	10	5	5	2	12	4	9	8	2	2	20	1		2	2	11	
113	4	15	8	55	臺北市	大安區	大安區仁愛路4段與大安路1段口	25.0377369	121.5459928	0	0	2	2	8	6	5	4	1	1	5	4	5	13	1	1	10	5	5	2	16	1	5	1	5	1	10	1		2	2	12	
113	4	15	9	0	臺北市	中山區	中山區中山北路3段181號與中山北路3段口	25.0684716	121.522872	0	0	1	2	8	7	8	22	9	1	5	4	5	13	4	4	1	4	5	2	17	1	9	1	6	1	10	1		1	2	11	
113	4	15	9	18	臺北市	北投區	北投區中央北路3段與中央北路3段220巷口對面	25.1362473	121.480617	0	0	1	2	8	5	6	3	1	1	5	4	5	13	1	1	5	4	5	2	17	4	11	1	3	1	8	1		1	3	7	
113	4	15	9	30	臺北市	北投區	北投區學園路與自強街口	25.1329653	121.4671484	0	0	1	2	8	6	5	5	2	1	5	4	5	13	1	1	9	4	5	1	17	1	6	1	7	1	8	1		1	3	5	
113	4	15	9	31	臺北市	萬華區	萬華區堤外便道與堤外便道口南往北（長順街-桂林）	25.03450012	121.5060577	0	0	2	3	8	7	5	14	9	1	5	4	3	10	4	4	10	5	5	2	11	1	9	1	5	9	10	2		1	2	14	
113	4	15	9	43	臺北市	中山區	中山區中山北路2段與民權西路口	25.06264557	121.5224887	0	0	2	2	8	5	5	14	9	1	5	4	5	13	1	1	1	4	5	2	13	4	9	1	3	1	10	1		2	2	11	
113	4	15	9	57	臺北市	大安區	大安區基隆路2段與樂業街口	25.0222674	121.5503079	0	0	2	2	8	5	5	14	9	1	5	4	5	13	2	1	10	5	5	2	13	4	15	1	3	1	10	1		2	2	13	
113	4	15	9	59	臺北市	北投區	北投區石牌路1段與石牌路1段39巷口	25.1130658	121.5102504	0	0	1	2	8	6	5	5	1	1	5	4	5	13	1	1	5	4	5	1	16	1	5	1	5	1	10	1		1	3	11	12
113	4	15	10	18	臺北市	中正區	中正區南海路56號	25.0310833	121.5112578	0	0	2	2	8	7	5	14	9	1	5	4	5	13	1	1	10	4	5	2	13	4	9	1	5	9	10	1		2	2	11	
113	4	15	10	48	臺北市	士林區	士林區中正路與士商路口	25.0923822	121.5187079	0	0	1	2	8	6	5	4	1	1	5	4	5	13	2	1	1	4	4	2	17	1	5	6	6	1	10	1		1	3	11	
113	4	15	10	55	臺北市	內湖區	內湖區大湖山莊街與大湖山莊街168巷口	25.0869597	121.6014547	0	0	1	3	7	7	5	4	1	1	5	4	5	13	4	4	5	5	5	2	13	1	9	1	7	1	4	1		1	3	1	
113	4	15	11	21	臺北市	中正區	中正區金門街與金門街24巷口	25.0215042	121.5231124	0	0	1	2	8	7	5	4	1	1	5	4	5	13	4	4	10	5	5	2	17	4	9	1	5	1	10	1		1	2	17	
113	4	15	11	21	臺北市	內湖區	內湖區瑞光路122巷41弄與瑞光路122巷口	25.0715438	121.5800468	0	0	2	2	8	7	5	3	2	1	5	4	5	13	4	4	5	5	5	2	17	1	5	1	5	2	10	1		2	2	14	
113	4	15	11	25	臺北市	大同區	大同區延平北路4段與迪化街2段364巷口	25.0729798	121.5112522	0	0	1	2	8	6	5	3	1	1	5	4	5	13	2	1	5	4	5	2	17	4	11	1	3	1	8	1		1	3	17	
113	4	15	12	26	臺北市	信義區	信義區基隆路1段17號	25.048829	121.5692198	0	0	1	2	8	5	5	14	8	1	5	4	5	13	2	1	1	4	5	1	13	1	15	1	5	1	10	1		1	2	11	
113	4	15	12	40	臺北市	北投區	北投區大度路與中央北路2段257巷口	25.1221133	121.4863488	0	0	1	2	8	6	5	4	1	1	5	4	5	13	2	1	1	4	1	2	17	1	8	1	7	2	8	1		1	3	2	
113	4	15	12	40	臺北市	士林區	士林區文林路與雙溪街口口	25.099699	121.5233401	0	0	1	2	8	6	5	4	1	1	5	4	5	13	2	1	5	2	5	1	16	1	5	1	5	1	10	1		1	2	14	
113	4	15	12	56	臺北市	中山區	中山區長春路279號	25.0546704	121.5415307	0	0	1	2	8	6	5	14	8	1	5	4	5	13	4	4	9	4	4	2	13	1	1	1	7	1	8	1		1	3	8	
113	4	15	13	13	臺北市	內湖區	內湖區瑞光路26巷與瑞光路26巷20弄口口旁	25.06943116	121.5829281	0	0	1	2	7	6	5	3	2	1	5	4	5	13	4	4	5	5	5	2	2	4	9	7	3	11	19	2		1	4	15	
113	4	15	14	29	臺北市	內湖區	內湖區成功路2段317巷與成功路2段317巷50弄口	25.06996309	121.5915834	0	0	1	2	8	6	6	3	2	1	5	4	5	13	4	4	9	5	5	2	17	1	5	1	5	2	10	1		1	3	17	
113	4	15	14	43	臺北市	信義區	信義區松山路562號	25.0372106	121.5782703	0	0	1	2	8	6	5	14	9	1	5	4	5	13	4	4	8	3	5	2	17	4	15	1	3	1	10	1		2	2	11	
113	4	15	14	48	臺北市	中正區	中正區中山南路與信義路1段口	25.0386121	121.5178582	0	0	1	2	8	6	5	5	1	1	5	4	5	13	1	1	1	4	5	2	16	1	5	1	6	2	10	1		2	2	14	
113	4	15	15	7	臺北市	內湖區	內湖區星雲街與成功路3段口	25.0775866	121.5900785	0	0	1	2	8	6	5	4	1	1	5	4	5	13	2	1	9	4	5	2	16	4	6	1	3	1	8	1		1	3	2	
113	4	15	15	10	臺北市	中正區	中正區新生南路1段與仁愛路2段口	25.0384942	121.5326473	0	0	2	3	8	7	5	14	9	1	5	4	5	13	1	1	1	5	5	2	13	1	9	1	5	1	10	1		1	2	12	
113	4	15	15	15	臺北市	內湖區	內湖區基湖路與基湖路10巷口	25.08142855	121.5651351	0	0	1	2	8	6	5	4	1	1	5	4	5	13	2	1	5	4	5	2	16	1	5	1	6	1	10	1		1	2	12	
113	4	15	15	25	臺北市	大安區	大安區忠孝東路4段147巷與敦化南路1段177巷口	25.04284781	121.5496907	0	0	1	2	8	7	5	3	18	1	5	4	5	13	4	4	10	5	5	2	1	4	5	1	3	2	8	1		1	3	8	
113	4	15	15	29	臺北市	萬華區	萬華區環河南路2段與長順街口	25.03139307	121.4907753	0	0	1	2	8	6	5	4	1	1	5	4	5	13	2	1	1	5	5	2	16	1	5	1	6	1	10	1		1	3	14	
113	4	15	15	38	臺北市	士林區	士林區中山北路5段與劍潭路口	25.08399253	121.5249212	0	0	1	2	8	6	5	5	2	1	5	4	5	13	2	1	1	4	1	1	12	1	9	1	5	1	10	1		2	2	14	
113	4	15	16	1	臺北市	大安區	大安區潮州街60巷與潮州街60巷5弄口口	25.0283557	121.5237617	0	0	1	2	8	6	5	3	1	1	5	4	5	13	4	4	10	5	5	2	2	4	9	1	7	11	4	1		1	3	8	
113	4	15	16	13	臺北市	北投區	北投區大業路37號	25.1223068	121.4993321	0	0	2	3	8	6	5	14	9	1	5	4	5	13	4	4	1	4	5	1	12	1	7	1	5	2	10	1		2	2	14	
113	4	15	16	26	臺北市	南港區	南港區興中路與興中路28巷口	25.0555742	121.6072351	0	0	2	3	7	6	5	3	2	1	5	4	5	13	4	4	5	4	5	2	16	1	5	1	7	1	8	1		2	3	1	
113	4	15	16	57	臺北市	中山區	中山區林森北路與新生北路3段56巷口	25.0653951	121.5256844	0	0	1	2	8	6	5	4	2	1	5	4	5	13	4	4	5	5	5	2	17	1	12	1	6	1	10	1		1	2	14	
113	4	15	17	7	臺北市	松山區	松山區吉祥路與八德路4段245巷32弄口	25.0498064	121.5625389	0	0	1	3	8	5	5	3	1	1	5	4	5	13	4	4	5	4	5	2	17	4	6	1	6	1	10	1		1	2	14	
113	4	15	17	23	臺北市	大安區	大安區敦化南路2段34號	25.0325898	121.5485734	0	0	1	2	8	7	5	14	8	1	5	4	5	13	4	4	10	4	1	2	13	4	9	1	3	1	10	1		1	2	11	
113	4	15	17	25	臺北市	中正區	中正區重慶南路3段147號	25.0231961	121.5169318	0	0	2	3	8	7	5	14	9	1	5	4	5	13	4	4	1	4	5	2	13	4	9	1	5	1	10	1		1	2	11	
113	4	15	17	26	臺北市	中山區	中山區北安路305號	25.07786571	121.5381416	0	0	1	2	7	5	5	14	9	1	5	4	5	13	1	1	1	4	5	2	16	4	6	1	3	1	4	1		1	3	2	
113	4	15	17	26	臺北市	士林區	士林區中正路與文林路口	25.0949111	121.5246935	0	0	1	2	7	6	5	4	2	1	5	4	5	13	1	1	5	5	5	2	12	1	9	1	7	9	8	2		4	2	2	
113	4	15	17	41	臺北市	大安區	大安區忠孝東路4段與敦化南路1段口	25.0417075	121.5490888	0	0	1	2	7	6	5	4	1	1	5	4	5	13	1	1	1	4	5	1	9	1	12	1	7	1	2	1		1	3	17	
113	4	15	17	54	臺北市	信義區	信義區信義路5段18號	25.0328902	121.5637258	0	0	1	2	8	5	8	14	9	1	5	4	5	13	4	4	1	4	5	2	13	1	9	1	5	1	10	1		1	2	11	
113	4	15	17	56	臺北市	南港區	南港區南深路040078燈桿	25.0192073	121.6227998	0	0	2	2	7	5	5	14	7	1	5	4	5	13	4	4	5	4	4	2	12	1	9	1	6	2	10	1		1	2	12	
113	4	15	18	20	臺北市	信義區	信義區和平東路3段575巷與和平東路3段口	25.015076	121.5617403	0	0	1	2	7	5	5	3	1	1	5	4	5	13	4	4	10	5	5	2	3	4	6	6	3	2	18	1		1	3	1	
113	4	15	18	40	臺北市	北投區	北投區大度路3段往淡水	25.12283391	121.4739751	0	0	1	3	8	5	5	14	9	1	5	4	5	13	4	4	1	5	5	2	17	1	9	1	6	1	10	1		1	3	11	
113	4	15	18	45	臺北市	南港區	南港區東新街170-1號(南港公園前)	25.04618637	121.5913382	0	0	1	2	8	5	5	14	9	1	5	4	5	12	4	4	5	5	5	2	17	1	1	1	7	2	8	1		1	3	17	
113	4	15	18	51	臺北市	大安區	大安區金山南路2段136號	25.0295152	121.52639	0	0	2	2	8	5	5	14	9	1	5	4	5	13	4	4	8	3	5	2	13	4	9	1	3	1	10	1		1	2	11	
113	4	15	19	16	臺北市	信義區	信義區永吉路30巷與忠孝東路5段71巷11弄口口	25.0419495	121.5687355	0	0	1	4	7	5	5	4	1	1	5	4	5	13	4	4	10	5	5	2	15	1	9	1	7	2	4	1		1	3	1	
113	4	15	19	20	臺北市	萬華區	萬華區昆明街與桂林路口	25.03812153	121.5038829	0	0	2	4	8	6	5	4	2	1	5	4	5	13	2	1	5	4	5	2	17	4	9	7	3	11	19	2		2	4	12	
113	4	15	19	21	臺北市	文山區	文山區辛亥路6段88號	24.9888324	121.5523285	0	0	1	2	7	5	5	14	9	1	5	4	5	13	3	1	1	4	5	1	12	1	9	1	6	1	10	1		2	2	11	
113	4	15	19	43	臺北市	內湖區	內湖區南京東路6段482號前	25.06070488	121.5888982	0	0	1	2	8	5	5	14	9	1	5	4	5	13	4	4	10	5	5	2	14	1	2	1	7	1	8	1		2	3	3	
113	4	15	20	20	臺北市	內湖區	內湖區港墘路26巷與港墘路口	25.08271295	121.578082	0	0	1	2	8	5	5	3	1	1	5	4	5	13	4	4	5	5	5	2	1	4	9	7	3	11	19	2		1	4	15	
113	4	15	20	38	臺北市	士林區	士林區中正路與基河路口	25.0934116	121.5199854	0	0	2	3	8	5	5	4	1	1	5	4	5	13	2	1	5	2	5	2	16	1	5	1	6	1	10	1		1	2	14	
113	4	15	22	4	臺北市	內湖區	內湖區內湖路2段179巷60號旁	25.08282717	121.5870431	0	0	1	3	8	5	5	14	9	1	5	4	5	13	4	4	9	5	5	2	16	1	9	1	6	2	9	1		1	2	11	
113	4	15	22	13	臺北市	內湖區	內湖區石潭路與行善路口	25.0631293	121.5849089	0	0	2	2	8	5	5	3	1	1	5	4	1	12	1	1	1	5	5	2	16	1	5	1	6	2	10	1		1	2	12	
113	4	15	22	22	臺北市	中正區	中正區中華路2段與廣州街口	25.0358441	121.5065779	0	0	1	2	8	5	5	4	1	1	5	4	5	13	1	1	1	4	5	2	13	1	9	1	7	1	8	1		1	3	5	
113	4	16	1	53	臺北市	中山區	中山區吉林路110號	25.0537906	121.5301022	0	0	1	2	8	5	5	14	9	1	5	4	5	13	3	1	4	5	4	1	12	1	11	1	7	1	4	1		1	3	8	
113	4	16	6	50	臺北市	信義區	信義區虎林街與市民大道6段口	25.0491512	121.5760406	0	0	2	2	8	6	5	4	1	1	5	4	5	13	1	1	1	4	5	2	17	4	9	1	3	1	10	1		2	2	11	
113	4	16	7	20	臺北市	中山區	中山區民權東路2段160號前	25.0623417	121.5351843	0	0	1	2	7	5	5	14	9	1	5	4	5	13	4	4	1	4	5	2	13	4	9	3	3	1	18	1		1	2	11	
113	4	16	7	20	臺北市	內湖區	內湖區堤外便道PU13A柱(東往西)	25.06573433	121.6170483	0	0	1	2	8	5	5	14	9	1	5	4	5	13	4	4	9	5	5	1	12	4	9	7	3	11	19	2		1	4	2	
113	4	16	7	26	臺北市	大同區	大同區承德路2段與民權西路口	25.0628131	121.5179113	0	0	1	3	7	6	5	4	2	1	5	4	5	13	1	1	1	4	5	2	13	4	9	1	6	1	9	1		1	3	11	