年	月	日	時	分	縣市	行政區	allLocation	GoogleLat	GoogleLng	死	2-30	受傷	當事人數	天候	道路照明設備	道路類別	道路型態	事故位置	路面狀況1	路面狀況2	路面狀況3	道路障礙1	道路障礙2	號誌1	號誌2	車道劃分-分向	車道劃分-分道1	車道劃分-分道2	車道劃分-分道3	事故類型及型態	行動電話	當事者行動狀態	駕駛資格情形	保護裝置	飲酒情形	駕駛執照種類	個人肇逃否	肇因碼-主要	性別	受傷程度	車輛撞擊部位1	車輛撞擊部位2
113	4	16	7	30	臺北市	大同區	大同區民族西路與承德路3段口	25.0684601	121.5187348	0	0	1	2	8	5	5	5	2	1	5	4	5	13	2	1	9	4	5	2	12	1	15	1	5	1	10	1		1	2	11	
113	4	16	7	34	臺北市	北投區	北投區文林北路與明德路口	25.1061156	121.5165565	0	0	1	2	8	6	5	4	1	1	5	4	5	13	2	1	1	4	4	2	16	1	5	1	5	2	11	1		2	2	13	
113	4	16	7	35	臺北市	中正區	中正區延平南路與愛國西路口	25.0365665	121.5079301	0	0	1	2	8	6	6	5	1	1	5	4	5	13	2	1	1	4	4	2	16	1	6	1	7	1	8	1		1	3	5	
113	4	16	7	55	臺北市	中正區	中正區羅斯福路3段與師大路口	25.021197	121.5274769	0	0	1	4	7	7	5	4	2	1	5	4	5	13	1	1	1	4	5	2	12	4	15	1	5	2	10	1		2	2	14	
113	4	16	8	3	臺北市	大安區	大安區新生南路3段68號對面(南向北)	25.0195521	121.5338967	0	0	1	2	7	7	5	14	7	1	5	4	5	13	4	4	9	4	4	2	17	4	9	1	3	2	8	1		1	3	4	
113	4	16	8	5	臺北市	中正區	中正區羅斯福路4段52巷與汀州路3段口	25.0144063	121.5332737	0	0	3	3	8	6	5	3	1	1	5	4	5	12	2	1	5	4	5	2	16	1	5	1	5	1	10	1		1	2	12	
113	4	16	8	20	臺北市	士林區	士林區承德路5段往北近士商路	25.0954894	121.5144429	0	0	1	2	6	6	5	14	8	1	4	4	5	13	4	4	1	4	4	2	17	4	1	1	3	9	10	1		1	3	15	
113	4	16	8	22	臺北市	內湖區	內湖區行善路181巷與行善路口	25.0596439	121.5815686	0	0	1	5	7	6	5	3	1	1	5	4	5	13	4	4	1	4	4	2	16	4	6	1	3	1	8	1		2	3	2	
113	4	16	8	26	臺北市	中山區	中山區民權東路2段71巷與吉林路329巷口口	25.0638111	121.5320323	0	0	2	2	7	7	5	4	1	1	5	4	5	13	4	4	9	5	5	2	15	1	9	1	6	1	10	1		2	2	14	
113	4	16	8	30	臺北市	中正區	中正區許昌街與南陽街口	25.0455269	121.5161166	0	0	1	2	7	7	5	4	1	1	5	4	5	13	4	4	10	5	5	2	13	1	9	1	5	1	10	1		2	2	11	
113	4	16	8	30	臺北市	內湖區	內湖區內湖路3段18巷與金龍路口	25.0849163	121.5930307	0	0	2	2	7	6	5	3	1	1	5	4	4	12	4	4	7	4	4	1	17	1	5	1	5	1	10	1		1	2	11	
113	4	16	8	36	臺北市	南港區	南港區經貿二路62巷與經貿二路口	25.0568567	121.6165508	0	0	1	2	8	6	5	3	1	1	5	4	5	13	2	1	1	3	5	2	16	4	6	1	3	2	8	1		1	3	6	
113	4	16	8	43	臺北市	大安區	大安區基隆路高架道(南向北下敦化南路前)	25.0153709	121.5422459	0	0	1	2	8	7	5	10	9	1	5	4	5	13	4	4	10	5	5	2	12	4	7	1	3	1	2	1		1	3	15	
113	4	16	8	45	臺北市	萬華區	萬華區堤外便道往北(華中堤外停車場外)	25.0163138	121.4989688	0	0	1	2	7	5	8	22	22	1	5	4	5	13	4	4	10	5	5	2	17	4	1	1	3	1	8	1		2	3	8	
113	4	16	8	47	臺北市	大安區	大安區仁愛路4段71巷與敦化南路1段270巷口口	25.0389742	121.5471324	0	0	2	2	8	6	5	4	1	1	5	4	5	13	4	4	10	5	5	2	15	1	9	1	5	1	9	1		1	2	14	
113	4	16	8	51	臺北市	萬華區	萬華區萬大路453號	25.0207286	121.4979838	0	0	1	2	8	7	5	14	9	1	5	4	5	13	4	4	10	5	5	2	18	1	9	1	5	1	10	1		1	2	14	
113	4	16	9	27	臺北市	信義區	信義區忠孝東路5段與大道路口	25.0429933	121.5808898	0	0	1	2	6	6	5	5	1	1	4	4	5	13	2	1	1	4	5	1	18	4	5	1	3	1	10	1		1	2	14	
113	4	16	9	41	臺北市	大同區	大同區承德路3段276號	25.0737113	121.5194027	0	0	1	2	7	6	5	14	9	1	5	4	5	13	4	4	1	4	5	2	13	4	15	1	6	1	10	1		1	2	11	
113	4	16	10	3	臺北市	中正區	中正區金山南路1段與金山南路1段79巷口	25.0368964	121.5279339	0	0	1	2	6	6	5	3	2	1	4	4	5	13	4	4	1	4	5	2	17	1	6	1	7	2	2	1		1	3	15	
113	4	16	10	16	臺北市	大安區	大安區師大路與師大路135巷口	25.0216119	121.5280552	0	0	1	2	7	7	5	4	1	1	5	4	5	13	4	4	5	5	5	1	16	4	5	1	3	1	8	1		1	3	1	
113	4	16	10	27	臺北市	萬華區	萬華區中華路2段30號	25.0331865	121.5051532	0	0	1	2	7	6	5	14	9	1	5	4	5	13	4	4	5	4	5	2	13	1	9	1	6	1	10	1		1	2	11	
113	4	16	11	16	臺北市	士林區	士林區中正路620號與中正路口迴轉道	25.0867318	121.5087517	0	0	1	2	8	6	5	3	1	1	5	4	5	13	4	4	10	5	5	1	16	1	5	1	7	2	8	1		1	3	2	
113	4	16	11	44	臺北市	大同區	大同區承德路2段與錦西街口	25.0598631	121.5177776	0	0	1	2	8	6	5	5	1	1	5	4	5	13	4	4	1	5	5	2	13	1	9	1	6	1	10	1		1	2	11	
113	4	16	11	55	臺北市	中正區	中正區重慶北路1段與忠孝西路1段口	25.0473632	121.51325	0	0	1	2	8	6	5	4	1	1	5	4	5	13	1	1	10	4	5	2	16	1	6	1	7	2	4	1		1	3	2	
113	4	16	12	2	臺北市	內湖區	內湖區康寧街6號	25.0676383	121.6176764	0	0	3	3	8	6	6	14	9	1	5	4	5	13	4	4	5	5	5	2	12	1	8	1	6	2	10	1		1	2	12	
113	4	16	12	20	臺北市	大同區	大同區大龍街與大龍街159巷口	25.0679911	121.5158848	0	0	1	2	8	5	5	3	1	1	5	4	5	13	4	4	10	5	5	2	12	1	15	1	5	2	10	1		2	2	11	
113	4	16	12	35	臺北市	信義區	信義區忠孝東路5段236巷3弄與忠孝東路5段372巷口	25.0403561	121.5740053	0	0	2	2	8	7	5	4	1	1	5	4	5	13	4	4	5	5	5	2	15	4	9	1	3	1	10	1		1	2	14	
113	4	16	13	24	臺北市	大同區	大同區西寧北路與西寧北路口中興醫院急診室車道	25.0514654	121.5084998	0	0	1	2	8	6	5	3	1	1	5	4	5	13	4	4	5	5	5	2	16	1	5	1	7	1	8	1		1	3	8	
113	4	16	13	47	臺北市	內湖區	內湖區民權東路6段268號	25.07183858	121.6047324	0	0	2	3	8	6	5	14	8	1	5	4	5	13	4	4	1	4	4	2	17	1	9	1	5	2	10	1		1	2	13	
113	4	16	14	10	臺北市	信義區	信義區永吉路30巷123號	25.0429159	121.5687655	0	0	1	2	8	7	5	14	9	1	5	4	5	13	4	4	9	5	5	2	16	4	5	1	6	1	10	1		2	3	11	
113	4	16	14	36	臺北市	中山區	中山區龍江路397巷2號	25.0655492	121.5412209	0	0	1	2	8	6	5	14	9	1	5	4	5	13	4	4	10	5	5	2	16	1	5	1	7	2	8	1		2	3	4	
113	4	16	15	18	臺北市	松山區	松山區民生東路4段與民生東路4段80巷口	25.05802811	121.5529211	0	0	1	3	8	5	5	3	1	1	5	4	5	13	2	1	3	4	5	2	13	4	9	1	3	1	8	1		1	3	1	
113	4	16	15	45	臺北市	內湖區	內湖區成功路2段456巷與成功路2段456巷口	25.07312432	121.5885996	0	0	2	2	7	5	5	3	1	1	5	4	5	13	4	4	10	5	5	1	16	1	5	1	5	1	10	1		2	2	13	
113	4	16	16	32	臺北市	萬華區	萬華區康定路與康定路30巷口	25.0440444	121.5027327	0	0	1	2	8	7	5	4	2	1	5	4	5	13	4	4	5	4	4	2	16	1	6	1	7	1	8	1		1	3	2	
113	4	16	17	0	臺北市	北投區	北投區天母西路130巷與振興街口	25.1182724	121.5220262	0	0	1	3	8	6	5	3	1	1	5	4	5	13	4	4	5	5	5	2	3	1	9	1	6	1	9	1		1	3	11	
113	4	16	17	10	臺北市	士林區	士林區延平北路6段與中正路口	25.08683777	121.5086517	0	0	2	2	8	6	7	4	2	1	5	4	5	13	2	1	9	5	5	1	12	1	9	1	5	2	10	1		1	2	11	
113	4	16	17	23	臺北市	中正區	中正區林森南路與徐州路口口	25.0412156	121.5222673	0	0	1	3	8	5	5	4	1	1	5	4	5	13	2	1	9	4	4	1	12	1	9	1	5	9	10	1		2	3	14	
113	4	16	18	0	臺北市	士林區	士林區承德橋南往北009號路燈桿處	25.07790325	121.5211504	0	0	1	2	7	5	5	8	7	1	5	4	5	13	4	4	9	4	4	1	17	1	9	1	5	2	10	1		1	3	15	
113	4	16	18	4	臺北市	松山區	松山區健康路與延壽街72巷口	25.05427693	121.5655996	0	0	1	4	8	5	5	3	1	1	5	4	5	13	4	4	3	4	4	2	17	4	6	1	3	1	8	1		1	3	8	
113	4	16	18	12	臺北市	松山區	松山區民權大橋7510452燈桿	25.0633076	121.5670148	0	0	3	6	8	5	5	8	11	1	5	4	5	13	4	4	1	3	4	2	13	1	10	1	5	2	10	1		1	2	12	
113	4	16	18	30	臺北市	信義區	信義區松山路478號	25.0399586	121.5777443	0	0	1	2	8	5	5	14	9	1	5	4	5	13	4	4	3	4	5	1	12	4	1	1	3	1	4	1		1	3	8	
113	4	16	18	31	臺北市	大同區	大同區承德路2段與民權西路口	25.0627977	121.5184186	0	0	1	2	7	5	5	4	2	1	5	4	5	13	2	1	1	4	5	2	17	4	15	1	3	1	10	1		1	2	11	
113	4	16	19	5	臺北市	北投區	北投區立賢路168-1號	25.1142949	121.5022478	0	0	3	3	7	5	5	14	9	1	5	4	5	13	3	1	1	4	1	2	16	1	5	1	5	1	8	1		2	2	14	
113	4	16	19	10	臺北市	中正區	中正區汀州路3段與羅斯福路4段108巷口	25.0130734	121.5349415	0	0	2	3	8	5	5	3	1	1	5	4	5	13	4	4	5	5	5	2	16	1	5	1	6	1	10	1		1	2	14	
113	4	16	19	14	臺北市	松山區	松山區八德路3段8巷與八德路3段12巷52弄口	25.046191	121.5497007	0	0	1	2	7	5	5	4	1	1	5	4	5	13	2	1	8	4	5	2	15	1	9	1	7	1	4	1		1	3	4	
113	4	16	19	17	臺北市	文山區	文山區木柵路1段57-7號	24.9867967	121.5456505	0	0	2	2	8	5	5	14	9	1	5	4	5	13	4	4	5	2	5	2	17	4	11	1	5	2	10	1		1	2	12	
113	4	16	19	25	臺北市	信義區	信義區逸仙路20號口	25.0394035	121.5614098	0	0	1	2	8	5	5	14	9	1	5	4	5	13	1	1	9	4	5	2	18	4	9	8	4	1	20	1		1	2	15	
113	4	16	19	36	臺北市	中山區	中山區八德路2段60號	25.0453776	121.535279	0	0	1	2	8	5	5	14	9	1	5	4	5	13	1	1	4	3	5	1	13	1	9	1	6	1	10	1		2	2	11	
113	4	16	19	36	臺北市	中山區	中山區長安東路1段93號	25.0481984	121.5286664	0	0	1	2	8	5	5	14	9	1	5	4	5	13	4	4	9	4	5	2	12	1	11	1	7	2	8	1		2	3	8	
113	4	16	19	40	臺北市	大同區	大同區承德路2段與錦西街口	25.0601914	121.518291	0	0	1	2	8	5	5	4	1	1	5	4	5	13	2	1	4	1	5	2	16	1	5	1	7	2	8	1		1	3	2	
113	4	16	19	55	臺北市	中正區	中正區汀州路3段149號前	25.015961	121.531258	0	0	1	2	7	5	5	14	9	1	5	4	5	13	2	1	4	5	5	1	17	1	9	6	6	2	18	2		4	2	17	
113	4	16	20	43	臺北市	大同區	大同區延平北路3段與民權西路口	25.0629958	121.5112173	0	0	1	2	8	5	5	4	1	1	5	4	5	13	1	1	1	4	5	2	17	1	5	1	6	1	10	1		1	3	14	
113	4	16	22	0	臺北市	中正區	中正區中山南路與信義路1段口	25.0386912	121.5179656	0	0	1	2	8	5	6	5	1	1	5	4	5	13	1	1	10	3	1	2	16	1	5	1	5	2	11	1		2	2	14	
113	4	16	23	47	臺北市	萬華區	萬華區康定路與桂林路口	25.038392	121.5017633	0	0	3	3	8	5	5	4	1	1	5	4	5	13	2	1	5	4	5	2	17	1	5	1	6	1	10	1		1	2	14	
113	4	16	23	52	臺北市	中山區	中山區中山北路2段39巷16-2號	25.05369244	121.5241584	0	0	1	3	8	5	5	14	9	1	5	4	5	13	4	4	10	5	5	2	13	1	13	1	3	1	4	1		1	3	3	
113	4	17	6	24	臺北市	中山區	中山區市民大道3段83號前	25.0449268	121.537609	0	0	1	2	8	7	5	14	9	1	5	4	5	13	1	1	4	4	5	2	17	4	9	6	3	1	10	1		2	2	14	
113	4	17	7	10	臺北市	北投區	北投區復興一路37號	25.1401401	121.5027805	0	0	1	2	8	7	6	14	9	2	5	4	5	13	4	4	10	5	5	2	10	1	9	1	6	1	9	1		1	2	11	
113	4	17	7	14	臺北市	中山區	中山區北安路與中山北路4段口	25.07650043	121.5271618	0	0	1	2	8	6	5	4	1	1	5	4	5	13	1	1	3	4	5	2	12	1	9	1	6	1	10	1		2	2	12	
113	4	17	7	14	臺北市	信義區	信義區信義路5段與松勇路口	25.0329483	121.5697206	0	0	1	2	8	6	5	3	1	1	5	4	5	13	4	4	1	4	5	1	16	4	6	1	3	1	8	1		2	3	2	
113	4	17	7	20	臺北市	萬華區	萬華區華中橋機車道往新北市(華中:023)	25.01224046	121.4953774	0	0	2	4	8	5	7	14	11	1	5	4	5	13	4	4	1	4	5	2	13	4	12	1	5	1	10	1		1	3	13	
113	4	17	7	40	臺北市	大安區	大安區信義路3段與建國南路1段口	25.03361562	121.5375824	0	0	1	3	8	7	5	4	2	1	5	4	5	13	2	1	10	5	5	2	17	4	9	1	3	1	10	1		1	2	14	
113	4	17	7	45	臺北市	松山區	松山區撫遠街與民權東路5段口	25.0631658	121.5659246	0	0	1	2	8	6	5	4	2	1	5	4	5	13	2	1	9	4	5	1	13	1	9	1	5	2	10	1		1	2	11	
113	4	17	7	56	臺北市	大同區	大同區民生西路290號	25.0569305	121.5126933	0	0	2	2	8	6	5	14	9	1	5	4	5	13	4	4	9	5	5	2	17	1	5	1	6	1	10	1		1	2	12	
113	4	17	8	0	臺北市	士林區	士林區至善路1段東向西	25.0981635	121.5378587	0	0	1	2	8	6	5	14	9	1	5	4	5	13	3	1	1	5	4	1	17	1	9	1	7	1	8	1		1	3	2	
113	4	17	8	2	臺北市	信義區	信義區忠孝東路5段222號	25.0409411	121.5705382	0	0	1	2	8	6	5	14	9	1	5	4	5	13	4	4	1	4	5	2	12	1	4	1	6	2	10	1		1	2	12	
113	4	17	8	30	臺北市	文山區	文山區新光路2段30號旁(木柵動物園公務門前)	25.000178	121.5832403	0	0	2	2	8	6	5	14	9	1	5	4	5	13	3	1	10	4	5	2	17	4	1	1	5	1	10	1		1	2	14	
113	4	17	8	38	臺北市	內湖區	內湖區東湖路與東湖路33巷口	25.06882753	121.6135706	0	0	1	2	8	5	5	3	2	1	5	4	5	13	4	4	5	4	5	1	12	1	9	1	5	1	10	1		1	2	13	
113	4	17	8	48	臺北市	信義區	信義區永吉路322號與永吉路口	25.0454502	121.5754687	0	0	1	2	8	6	5	4	2	1	5	4	5	13	2	1	1	4	4	2	16	1	5	1	7	2	4	1		1	3	2	
113	4	17	8	50	臺北市	大安區	大安區羅斯福路4段與羅斯福路4段123巷21弄口	25.0099383	121.5375105	0	0	1	2	8	6	5	3	2	1	5	4	5	13	4	4	1	4	5	1	16	4	6	7	3	11	19	2		2	4	15	
113	4	17	8	51	臺北市	大安區	大安區大安路1段與敦化南路1段190巷口	25.0426691	121.5461357	0	0	1	2	8	6	5	4	1	1	5	4	5	13	4	4	10	5	5	2	15	1	9	1	7	1	8	1		2	3	1	
113	4	17	9	0	臺北市	中山區	中山區民生東路1段8號1段	25.0579721	121.5232458	0	0	1	2	8	7	5	14	9	1	5	4	5	13	4	4	5	4	5	2	12	4	9	1	3	1	6	1		1	3	5	
113	4	17	9	23	臺北市	大安區	大安區忠孝東路4段77巷與敦化南路1段190巷口	25.0426441	121.5472184	0	0	1	2	8	7	5	4	1	1	5	4	5	13	4	4	8	5	5	2	15	1	9	1	6	1	10	1		2	2	14	
113	4	17	9	40	臺北市	大安區	大安區市民大道3段與復興南路1段口	25.0448052	121.5437533	0	0	1	2	8	5	5	4	1	1	5	4	5	13	2	1	10	5	5	2	13	4	9	1	3	1	10	1		2	2	11	
113	4	17	9	42	臺北市	信義區	信義區基隆路1段與松壽路口	25.0358722	121.5614771	0	0	1	2	8	6	5	4	1	1	5	4	5	13	1	1	1	4	5	2	16	4	9	1	5	1	10	1		1	3	14	
113	4	17	9	49	臺北市	中山區	中山區林森北路與中山北路2段45巷口	25.05435043	121.5253546	0	0	1	2	8	6	5	4	1	1	5	4	5	13	4	4	5	4	5	2	9	1	6	1	7	1	8	1		1	3	6	
113	4	17	9	58	臺北市	中山區	中山區中山北路2段44巷與中山北路2段口	25.0550345	121.5225553	0	0	1	2	8	6	5	4	2	1	5	4	5	13	4	4	5	5	5	2	17	4	15	1	3	1	8	1		1	2	17	
113	4	17	10	3	臺北市	中山區	中山區中山北路1段與市民大道1段口	25.0481941	121.520656	0	0	1	2	8	5	5	4	1	1	5	4	5	13	1	1	1	4	5	2	17	4	7	1	3	2	10	1		1	2	13	
113	4	17	10	18	臺北市	大同區	大同區承德路1段與南京西路口	25.0531611	121.5177724	0	0	2	3	8	6	5	5	1	1	5	4	5	13	2	1	1	4	5	2	17	1	6	1	6	1	10	1		2	3	12	
113	4	17	10	29	臺北市	士林區	士林區士商路與基河路240巷口	25.0905817	121.5202454	0	0	1	2	8	6	5	3	1	1	5	4	5	13	2	1	5	5	5	2	16	1	11	1	7	1	8	2		2	3	1	
113	4	17	10	37	臺北市	大安區	大安區敦化南路2段與四維路170巷口	25.0280739	121.5485309	0	0	1	2	8	7	5	14	8	1	5	4	1	13	2	1	1	4	1	2	11	4	11	1	3	1	8	1		1	3	2	
113	4	17	10	56	臺北市	中山區	中山區南京東路2段137號	25.0521242	121.5352109	0	0	3	4	7	5	5	14	7	1	5	4	5	13	4	4	1	4	4	2	16	4	7	1	3	2	8	1		2	3	8	
113	4	17	10	57	臺北市	大同區	大同區長安西路與鄭州路143巷口	25.0519786	121.5100668	0	0	2	2	7	7	5	3	1	1	5	4	5	13	4	4	5	5	5	2	16	1	9	1	5	1	10	1		2	2	11	
113	4	17	10	58	臺北市	松山區	松山區敦化北路201巷與民生東路4段54巷口	25.0573323	121.5506232	0	0	1	2	7	6	5	3	2	1	5	4	5	13	4	4	10	5	5	2	12	1	1	1	7	1	8	1		1	3	8	
113	4	17	11	20	臺北市	文山區	文山區辛亥路4段與辛亥路4段101巷口	25.0066256	121.5586019	0	0	1	2	8	6	5	3	1	1	5	4	5	13	1	1	5	4	5	2	16	1	6	1	6	1	10	1		1	3	12	
113	4	17	11	38	臺北市	大安區	大安區復興南路1段與大安路1段116巷口	25.0398107	121.5438521	0	0	2	3	7	6	5	5	1	1	5	4	5	13	1	1	1	4	5	1	16	4	5	1	3	1	8	1		2	3	5	
113	4	17	11	47	臺北市	信義區	信義區松仁路與松勤街口	25.0320272	121.5683815	0	0	1	2	7	7	5	4	1	1	5	4	5	13	2	1	5	4	5	2	17	1	5	1	5	1	10	1		1	3	13	
113	4	17	12	10	臺北市	中正區	中正區重慶南路1段44號	25.0446596	121.513182	0	0	1	2	7	6	5	14	9	1	5	4	5	13	4	4	10	4	5	2	17	1	6	1	7	2	8	1		2	3	17	
113	4	17	12	34	臺北市	士林區	士林區仰德大道2段與仰德大道2段2巷口	25.1020758	121.5395275	0	0	1	2	8	6	5	3	2	1	5	4	5	13	2	1	4	5	5	1	12	1	9	1	7	1	8	1		2	3	2	
113	4	17	13	8	臺北市	中正區	中正區和平西路1段與牯嶺街口	25.0264862	121.5189721	0	0	1	2	7	7	5	4	1	1	5	4	5	13	1	1	1	4	5	2	17	1	6	1	7	1	8	1		1	3	2	
113	4	17	13	13	臺北市	內湖區	內湖區南京東路6段與行善路59巷口	25.0559085	121.5789875	0	0	2	3	7	6	5	4	1	1	5	4	5	13	1	1	1	4	4	2	15	1	9	1	7	1	8	1		1	3	1	
113	4	17	13	45	臺北市	內湖區	內湖區瑞光路與江南街117巷8弄口口	25.07575273	121.5760153	0	0	1	3	8	6	5	4	1	1	5	4	3	13	2	1	5	4	5	2	12	1	7	1	7	1	2	1		1	3	2	
113	4	17	13	55	臺北市	士林區	士林區文林路736號	25.1024871	121.5204967	0	0	1	3	8	6	5	14	7	1	5	4	5	13	4	4	1	4	4	1	17	1	7	1	5	1	10	1		1	2	13	
113	4	17	14	8	臺北市	中正區	中正區濟南路1段與紹興南街口	25.0420232	121.5242445	0	0	1	2	8	5	5	4	2	1	5	4	5	13	1	1	4	4	4	1	17	1	5	1	7	2	8	1		1	3	8	
113	4	17	14	10	臺北市	松山區	松山區八德路2段與八德路2段410巷口	25.04815512	121.5468025	0	0	2	3	8	6	5	4	1	1	5	4	5	13	1	1	9	4	5	2	17	4	6	1	3	1	8	1		1	3	2	
113	4	17	14	33	臺北市	北投區	北投區明德路3巷與文林北路166巷2弄口	25.1068304	121.5165475	0	0	1	2	8	6	5	3	1	1	5	4	5	13	4	4	10	5	5	2	16	1	6	1	5	2	10	1		1	3	11	
113	4	17	15	5	臺北市	信義區	信義區崇德街107號	25.0240188	121.555909	0	0	1	2	7	6	5	14	9	1	5	4	5	13	4	4	9	5	5	2	17	1	9	1	7	11	8	1		1	3	17	
113	4	17	15	22	臺北市	萬華區	萬華區成都路44號	25.0426863	121.506329	0	0	1	3	8	7	5	14	9	1	5	4	5	13	4	4	10	4	5	2	17	1	1	1	6	1	10	1		2	2	13	
113	4	17	15	38	臺北市	內湖區	內湖區港墘路108號	25.07998723	121.5771696	0	0	1	2	8	6	5	14	9	1	5	4	5	13	2	1	1	5	5	2	17	1	9	8	2	2	20	1		2	2	14	
113	4	17	15	43	臺北市	中正區	中正區忠孝東路2段與八德路1段口	25.04342158	121.5291839	0	0	1	2	8	7	5	3	1	1	5	4	5	13	1	1	1	3	4	2	12	1	8	1	7	1	8	1		1	3	5	
113	4	17	15	50	臺北市	大安區	大安區安和路2段與敦化南路2段63巷口	25.0309406	121.552367	0	0	1	2	7	7	5	4	2	1	5	4	5	13	2	1	10	5	5	2	12	4	7	1	3	1	10	1		1	2	14	
113	4	17	15	52	臺北市	松山區	松山區民生東路3段與民生東路3段110巷口	25.0576328	121.5448896	0	0	1	2	7	5	5	14	9	1	5	4	5	13	4	4	1	3	5	2	13	1	9	1	5	1	10	1		1	2	11	
113	4	17	15	58	臺北市	北投區	北投區北投路1段7號(西安橋上)	25.1240798	121.5011219	0	0	1	2	8	7	8	14	9	1	5	4	5	13	4	4	9	4	5	1	17	1	8	1	5	1	10	1		1	3	15	
113	4	17	17	21	臺北市	士林區	士林區至誠路1段與雨聲街口	25.10128465	121.5336762	0	0	1	2	8	6	5	5	2	1	5	4	5	13	2	1	5	4	5	1	16	1	6	1	7	1	8	1		2	3	2	
113	4	17	17	30	臺北市	中山區	中山區市民大道2段與天津街口	25.04819545	121.5224494	0	0	1	2	6	7	5	4	1	1	4	4	5	13	1	1	10	5	5	2	16	1	9	1	7	1	8	1		1	3	5	
113	4	17	17	33	臺北市	大安區	大安區仁愛路4段與復興南路1段口	25.03817107	121.5437791	0	0	3	3	7	7	5	4	3	1	5	4	5	13	2	1	10	5	5	2	17	4	9	1	3	1	10	1		2	2	11	
113	4	17	18	0	臺北市	南港區	南港區玉成街與市民大道7段口	25.0491	121.5814922	0	0	2	2	7	5	5	4	2	1	5	4	5	13	1	1	5	4	5	2	17	1	5	1	5	1	10	1		2	2	13	
113	4	17	18	3	臺北市	中正區	中正區忠孝東路2段64巷與忠孝東路2段口	25.04338352	121.5287144	0	0	1	2	8	6	5	3	2	1	5	4	5	13	2	1	3	2	4	2	13	1	6	1	7	1	8	1		1	3	5	
113	4	17	18	4	臺北市	士林區	士林區中正路409號對面	25.09294407	121.519269	0	0	1	2	8	5	5	14	9	1	5	4	5	13	4	4	10	4	5	1	12	1	9	1	7	1	8	1		2	3	2	
113	4	17	18	18	臺北市	內湖區	內湖區瑞光路與江南街口	25.0760766	121.5754364	0	0	1	2	8	5	5	3	1	1	5	4	5	13	1	1	5	5	5	2	3	1	11	1	7	2	8	1		1	3	1	
113	4	17	18	33	臺北市	信義區	信義區松山路與虎林街119巷口	25.0420443	121.5780564	0	0	2	2	7	5	5	22	18	1	5	4	5	13	1	1	5	5	5	2	3	5	16	8	4	10	20	1		2	2	16	
113	4	17	18	45	臺北市	中山區	中山區濱江街105號與濱江街口	25.0730662	121.5356293	0	0	1	2	8	5	5	3	1	1	5	4	5	13	1	1	5	2	5	2	17	1	5	1	5	1	10	1		1	3	11	
113	4	17	19	0	臺北市	萬華區	萬華區昆明街與內江街口	25.0416898	121.5047293	0	0	1	2	7	5	5	4	2	1	5	4	5	13	2	1	10	4	5	2	17	4	12	1	3	1	4	1		1	3	17	
113	4	17	19	30	臺北市	信義區	信義區基隆路2段與吳興街口口	25.0319678	121.5588432	0	0	1	2	7	5	8	22	22	1	5	4	5	13	1	1	2	4	5	2	9	1	5	1	7	1	8	1		1	3	5	
113	4	17	19	41	臺北市	文山區	文山區木柵路4段98號對面	25.0001391	121.576535	0	0	1	2	7	5	5	11	9	1	5	4	5	13	4	4	10	4	5	2	17	1	6	1	7	1	8	1		1	3	4	
113	4	17	21	8	臺北市	士林區	士林區格致路與格致路251巷口	25.14567562	121.5496547	0	0	1	2	8	5	5	3	1	1	5	4	5	13	4	4	4	5	5	2	16	4	5	1	3	2	8	1		1	3	2	
113	4	17	21	17	臺北市	士林區	士林區社中街216號	25.0911474	121.5083997	0	0	2	2	8	5	5	14	9	1	5	4	5	13	4	4	9	5	5	2	12	1	9	1	6	1	10	1		1	2	11	
113	4	17	22	8	臺北市	大安區	大安區忠孝東路3段218號對面	25.0417701	121.5402977	0	0	2	2	7	5	5	14	9	1	5	4	5	13	4	4	1	4	5	2	16	4	9	1	3	1	10	1		1	2	11	
113	4	17	23	0	臺北市	大同區	大同區鄭州路與太原路口	25.04930165	121.5149372	0	0	1	3	8	5	5	3	1	1	5	4	5	13	3	1	8	3	5	2	16	1	6	1	7	1	8	1		1	3	2	
113	4	17	23	55	臺北市	大安區	大安區辛亥路2段與建國南路2段口	25.0227647	121.5378536	0	0	1	3	7	5	5	3	1	1	5	4	5	13	1	1	1	4	1	1	16	1	5	1	5	1	10	1		2	3	14	
113	4	18	6	10	臺北市	信義區	信義區林口街38巷15號	25.038135	121.5800649	0	0	1	2	8	7	8	22	22	1	5	4	5	13	4	4	10	5	5	2	17	2	6	8	4	1	20	1		1	2	12	
113	4	18	7	15	臺北市	大同區	大同區忠孝西路2段與塔城街口	25.048493	121.5098896	0	0	1	2	6	7	5	4	2	1	4	4	5	13	2	1	1	4	5	2	17	4	9	8	3	1	20	1		2	2	13	
113	4	18	7	24	臺北市	萬華區	萬華區華江橋機車道往臺北	25.03557834	121.487913	0	0	1	2	6	7	7	14	11	1	4	4	5	13	4	4	10	3	5	2	13	1	7	1	5	2	10	1		1	3	13	
113	4	18	7	47	臺北市	萬華區	萬華區和平西路3段與西園路1段口	25.0352183	121.4993879	0	0	1	3	6	7	5	5	1	1	4	4	5	13	1	1	3	4	5	2	17	1	6	1	7	1	6	1		1	3	2	