年	月	日	時	分	縣市	行政區	allLocation	GoogleLat	GoogleLng	死	2-30	受傷	當事人數	天候	道路照明設備	道路類別	道路型態	事故位置	路面狀況1	路面狀況2	路面狀況3	道路障礙1	道路障礙2	號誌1	號誌2	車道劃分-分向	車道劃分-分道1	車道劃分-分道2	車道劃分-分道3	事故類型及型態	行動電話	當事者行動狀態	駕駛資格情形	保護裝置	飲酒情形	駕駛執照種類	個人肇逃否	肇因碼-主要	性別	受傷程度	車輛撞擊部位1	車輛撞擊部位2
113	4	18	7	52	臺北市	中正區	中正區杭州南路2段與羅斯福路1段119巷口	25.0302988	121.5220569	0	0	1	2	6	6	6	3	1	1	4	4	5	13	4	4	4	4	5	2	17	1	5	1	7	11	8	1		1	3	1	
113	4	18	8	10	臺北市	信義區	信義區信義路5段與松仁路口	25.0329631	121.5683349	0	0	1	2	6	6	5	4	1	1	4	4	5	13	2	1	1	4	5	1	13	4	9	1	3	1	10	1		1	2	11	
113	4	18	8	31	臺北市	中正區	中正區汀州路2段與金門街12巷23弄口	25.023083	121.5230204	0	0	1	2	6	6	5	4	1	1	4	4	5	13	4	4	5	4	5	2	3	1	9	5	5	11	10	1		1	3	11	
113	4	18	8	41	臺北市	大同區	大同區延平北路2段與民權西路口	25.0628508	121.5114024	0	0	1	2	6	6	5	5	1	1	4	4	5	13	2	1	1	4	1	2	17	1	9	1	6	1	10	1		2	3	17	
113	4	18	8	49	臺北市	萬華區	萬華區西藏路與西園路2段口	25.02870964	121.4957947	0	0	3	5	6	7	5	4	2	1	4	4	5	13	1	1	1	4	5	2	13	1	9	1	7	1	8	1		2	3	5	
113	4	18	8	50	臺北市	南港區	南港區經貿二路157巷與經貿二路口	25.0595618	121.6160323	0	0	1	2	6	7	5	14	9	1	4	4	5	13	4	4	1	1	5	2	12	1	7	1	7	1	8	1		1	3	8	
113	4	18	9	0	臺北市	中山區	中山區朱崙街與朱崙街27巷口	25.05006866	121.5384309	0	0	2	3	6	7	5	3	1	1	4	4	5	13	4	4	9	5	5	2	12	1	8	1	6	1	10	1		1	2	12	
113	4	18	9	3	臺北市	中山區	中山區天祥路與天祥路16巷口	25.06094427	121.5210546	0	0	1	2	6	6	5	3	1	1	4	4	5	13	4	4	5	5	5	2	17	1	5	1	7	1	8	1		1	3	4	
113	4	18	9	7	臺北市	大安區	大安區和平東路2段與新生南路3段口	25.0256645	121.5349144	0	0	1	3	6	5	5	14	9	1	4	4	5	13	2	1	1	4	5	2	12	1	9	1	6	1	10	1		2	2	14	
113	4	18	9	12	臺北市	內湖區	內湖區民權東路6段50號	25.06838918	121.5833072	0	0	1	2	6	6	5	14	8	1	4	4	5	13	4	4	1	4	4	2	17	1	6	1	7	1	8	1		1	3	5	
113	4	18	9	30	臺北市	士林區	士林區中山北路6段與克強路口	25.1087816	121.5252706	0	0	1	2	6	6	5	4	1	1	4	4	5	13	1	1	10	5	5	1	13	1	9	1	5	1	10	1		2	2	11	
113	4	18	9	41	臺北市	中山區	中山區樂群一路往東	25.0772217	121.5514462	0	0	1	2	6	7	5	14	9	1	3	4	5	13	4	4	1	4	5	2	13	4	9	1	3	1	10	1		1	2	11	
113	4	18	10	6	臺北市	士林區	士林區中正路493號	25.09226774	121.518388	0	0	1	2	6	6	5	14	9	1	4	4	5	13	4	4	1	4	5	2	17	1	7	3	5	1	18	1		1	3	14	
113	4	18	10	20	臺北市	中山區	中山區明水路往東	25.0774351	121.5438962	0	0	1	2	8	7	5	14	9	1	5	4	5	13	4	4	1	4	5	2	17	4	15	1	3	1	3	1		1	3	7	
113	4	18	10	21	臺北市	北投區	北投區大度路3段往東過立德路1公里處	25.1221292	121.4807686	0	0	2	2	7	7	5	14	12	1	5	4	5	13	4	4	1	4	5	1	12	1	8	6	6	2	10	1		1	2	12	
113	4	18	10	30	臺北市	南港區	南港區南港路1段東往西（南港展覽館3號出口）	25.0550594	121.6183508	0	0	2	4	6	7	5	14	9	1	4	4	5	13	4	4	1	4	5	2	17	4	14	1	3	1	4	1		1	3	7	
113	4	18	10	33	臺北市	士林區	士林區天母北路87巷25號	25.1230575	121.5276721	0	0	1	2	7	7	5	11	9	1	4	4	5	13	4	4	10	5	5	1	17	1	9	1	5	1	10	1		2	2	11	
113	4	18	10	54	臺北市	信義區	信義區基隆路1段333號	25.0345652	121.5607021	0	0	1	2	8	6	5	14	9	1	5	4	5	13	4	4	1	4	5	2	12	4	15	1	5	11	10	1		1	4	11	
113	4	18	11	23	臺北市	大安區	大安區辛亥路2段185號對面(臺大停車場出口)	25.0209729	121.5411331	0	0	1	2	8	6	8	22	22	1	4	4	5	13	4	4	4	3	4	1	17	4	1	1	3	1	8	1		2	3	8	
113	4	18	11	25	臺北市	中正區	中正區廣州街8巷與延平南路171巷口	25.0346798	121.5082794	0	0	1	2	7	6	6	3	1	1	5	4	5	13	4	4	10	4	5	2	16	1	5	1	5	1	10	1		1	3	12	
113	4	18	11	35	臺北市	信義區	信義區大道路89號	25.0404455	121.5830634	0	0	1	2	8	6	5	14	9	1	5	4	5	13	4	4	5	4	5	2	14	1	2	1	7	2	8	1		1	3	3	
113	4	18	11	40	臺北市	中山區	中山區南京東路2段與松江路口	25.0521678	121.5331306	0	0	1	2	7	6	5	4	1	1	5	4	5	13	3	1	1	4	5	2	13	1	9	1	5	1	10	1		1	2	11	
113	4	18	11	41	臺北市	中正區	中正區重慶南路1段與沅陵街口	25.04283934	121.5131537	0	0	2	2	7	7	5	3	1	4	5	4	5	13	4	4	4	3	5	2	15	1	9	1	6	1	10	1		1	2	14	
113	4	18	12	0	臺北市	松山區	松山區八德路2段366巷與八德路2段410巷16弄口口	25.0471626	121.5459829	0	0	2	3	7	6	5	4	1	1	4	4	5	13	4	4	10	5	5	2	17	1	6	1	7	1	8	1		1	3	1	
113	4	18	12	10	臺北市	文山區	文山區木柵路1段297巷6號	24.98842252	121.5538762	0	0	1	2	7	5	5	14	9	1	5	4	5	13	4	4	10	5	5	1	17	1	1	1	7	2	8	1		1	3	1	
113	4	18	13	0	臺北市	中正區	中正區延平南路121巷	25.03965953	121.5098586	0	0	1	2	8	6	5	14	9	1	5	4	5	13	4	4	10	4	5	2	10	1	9	1	5	1	10	1		1	2	11	
113	4	18	13	10	臺北市	內湖區	內湖區洲子街與瑞光路513巷口	25.08036243	121.5702055	0	0	1	2	8	6	5	4	2	1	5	4	5	13	2	1	5	5	5	2	17	1	9	1	5	1	10	1		1	2	12	
113	4	18	13	18	臺北市	內湖區	內湖區民權東路6段138號	25.0689484	121.5888105	0	0	1	2	7	6	5	14	9	1	5	4	5	13	4	4	9	4	5	2	13	1	9	1	6	2	10	1		1	2	11	
113	4	18	13	50	臺北市	士林區	士林區環河北路3段北向南	25.0867636	121.5046892	0	0	2	3	7	6	5	14	9	1	4	4	5	13	4	4	1	4	5	1	13	1	9	1	7	2	1	1		1	3	1	
113	4	18	14	24	臺北市	萬華區	萬華區萬大路533號	25.0173351	121.4961737	0	0	3	3	7	6	5	14	9	1	5	4	5	13	4	4	1	5	5	2	13	1	9	1	5	1	10	1		1	2	11	
113	4	18	14	27	臺北市	中正區	中正區基隆路4段與羅斯福路4段口	25.011247	121.536938	0	0	1	2	7	7	5	4	2	1	5	4	5	13	1	1	1	4	5	2	17	1	5	2	5	2	18	1		1	3	14	
113	4	18	14	28	臺北市	北投區	北投區知行路與知行路3巷口	25.11881326	121.4658805	0	0	1	2	7	7	5	14	9	1	5	4	5	13	4	4	9	4	5	2	16	1	5	1	7	1	4	1		1	3	8	
113	4	18	14	35	臺北市	大安區	大安區通化街39巷50弄與通化街123巷口	25.0290283	121.5549739	0	0	2	4	7	6	5	4	1	1	5	4	5	13	4	4	10	5	5	2	15	1	9	1	5	1	10	1		1	2	11	
113	4	18	15	10	臺北市	南港區	南港區市民大道8段與中南街口	25.054493	121.6155573	0	0	1	2	7	7	5	14	9	1	5	4	5	13	4	4	1	4	5	2	13	4	9	1	6	1	10	1		2	2	11	
113	4	18	15	24	臺北市	中山區	中山區南京東路3段89巷9號	25.0529828	121.5390201	0	0	1	2	7	6	5	14	9	1	5	4	5	13	4	4	10	5	5	1	16	4	5	1	3	1	8	1		1	3	8	
113	4	18	15	29	臺北市	信義區	信義區忠孝東路5段297號	25.0409851	121.5736541	0	0	1	2	7	6	5	14	9	1	5	4	5	13	4	4	1	3	5	2	12	4	8	1	3	1	4	1		1	3	6	
113	4	18	16	18	臺北市	北投區	北投區石牌路1段39巷與石牌路1段71巷3弄口	25.1131299	121.5101803	0	0	1	2	8	7	5	3	2	1	5	4	5	13	4	4	10	5	5	2	9	1	6	1	7	1	8	1		1	3	2	
113	4	18	17	4	臺北市	北投區	北投區石牌路2段與石牌路2段113巷口	25.1181702	121.5175886	0	0	1	2	8	7	5	14	9	1	5	4	5	13	1	1	9	4	5	2	16	1	15	1	7	1	8	1		1	3	1	
113	4	18	17	12	臺北市	信義區	信義區永吉路278巷與永吉路278巷57弄口	25.0434291	121.574111	0	0	1	3	7	6	5	4	1	1	5	4	5	10	4	4	10	5	5	2	15	4	9	1	3	1	8	1		2	3	1	
113	4	18	17	16	臺北市	中山區	中山區松江路101號	25.05114723	121.5330775	0	0	1	2	7	6	5	14	9	1	5	4	5	13	4	4	1	5	5	1	12	4	15	1	3	1	10	1		1	2	14	
113	4	18	17	44	臺北市	萬華區	萬華區康定路與三水街口	25.0360946	121.5013377	0	0	2	2	7	5	5	4	1	1	5	4	5	13	2	1	8	3	5	1	16	4	5	1	3	1	10	1		1	2	11	
113	4	18	17	54	臺北市	大安區	大安區基隆路2段與樂業街口	25.0224399	121.5502225	0	0	3	3	7	5	5	4	2	1	5	4	5	13	1	1	1	4	5	1	17	1	9	1	7	1	8	1		1	2	1	
113	4	18	17	58	臺北市	內湖區	內湖區金湖路386號前	25.07351117	121.6049902	0	0	1	4	8	5	5	14	7	1	5	4	5	13	4	4	1	4	4	2	12	1	12	1	7	2	8	1		1	2	8	
113	4	18	18	2	臺北市	士林區	士林區延平北路6段與中正路口	25.08693864	121.5095056	0	0	2	2	8	6	5	3	2	1	5	4	5	13	4	4	1	4	5	2	16	1	7	1	5	1	10	1		1	2	14	
113	4	18	18	5	臺北市	信義區	信義區松仁路與松勤街口	25.0319333	121.5682414	0	0	2	2	8	5	5	4	2	1	5	4	4	13	2	1	5	2	5	2	17	1	5	1	6	1	10	1		2	2	11	
113	4	18	18	5	臺北市	士林區	士林區延平北路6段與社正路口	25.04847309	121.5183568	0	0	2	2	7	5	5	4	1	1	5	4	5	13	1	1	5	5	5	1	17	1	5	1	5	1	10	1		2	2	14	
113	4	18	18	11	臺北市	大安區	大安區敦化南路1段225號	25.0404896	121.5489835	0	0	1	2	7	5	5	14	8	1	5	4	5	13	4	4	1	4	5	1	16	1	7	1	7	2	8	1		2	3	1	
113	4	18	18	15	臺北市	中正區	中正區青島東路47號	25.04301692	121.5255497	0	0	1	2	8	7	5	14	9	1	5	4	5	13	4	4	8	4	4	2	17	1	15	1	7	2	8	1		2	3	4	
113	4	18	18	39	臺北市	大同區	大同區承德路3段與昌吉街口	25.065908	121.518417	0	0	4	4	8	5	5	3	1	1	5	4	5	13	2	1	8	3	5	1	16	5	20	8	3	10	20	1		1	2	16	
113	4	18	19	18	臺北市	中山區	中山區八德路2段199巷與八德路2段口	25.0464577	121.5391181	0	0	1	2	7	5	5	4	2	1	4	4	5	13	4	4	10	5	5	1	17	1	5	1	7	1	8	1		1	3	2	
113	4	18	19	38	臺北市	士林區	士林區格致路168號與格致路166巷口	25.1412647	121.5498976	0	0	1	2	8	5	5	3	1	1	5	4	5	13	4	4	3	5	5	1	17	1	9	1	6	1	10	1		2	2	17	
113	4	18	20	20	臺北市	士林區	士林區劍南路與臨溪路100巷附近口	25.09259311	121.5535709	0	0	1	2	8	5	5	14	9	1	5	4	5	13	4	4	10	5	5	1	17	4	11	1	6	1	10	1		1	3	11	
113	4	18	20	37	臺北市	大安區	大安區市民大道4段66號	25.0449821	121.5470006	0	0	2	2	8	5	5	22	6	1	5	4	5	13	4	4	1	4	5	2	17	1	5	1	6	1	11	1		2	2	12	
113	4	18	20	41	臺北市	中正區	中正區懷寧街與武昌街1段口	25.04407011	121.5140895	0	0	2	2	8	5	5	3	2	1	5	4	5	13	4	4	10	5	5	2	13	1	5	1	5	2	10	1		1	2	14	
113	4	18	21	0	臺北市	中正區	中正區汀州路1段與南海路口	25.0288178	121.5086423	0	0	2	2	8	5	5	4	1	1	5	4	5	13	2	1	5	4	5	2	16	1	9	1	5	1	10	1		2	2	11	
113	4	18	21	4	臺北市	松山區	松山區市民大道4段與八德路3段12巷口	25.0448406	121.5506713	0	0	3	4	8	5	5	3	1	1	5	4	5	13	1	1	1	4	5	2	13	5	17	8	4	10	20	1		2	2	16	
113	4	18	21	34	臺北市	信義區	信義區忠孝東路5段236巷與忠孝東路5段236巷3弄口	25.0404132	121.5719001	0	0	1	2	7	7	5	4	1	1	5	4	5	13	4	4	5	5	5	2	15	4	9	8	2	1	20	1		1	2	12	
113	4	18	21	42	臺北市	萬華區	萬華區寶興街與興義街口	25.0276989	121.4929866	0	0	1	2	8	5	8	4	1	1	5	4	5	13	1	1	10	5	5	2	16	4	5	8	4	1	20	2		2	4	15	
113	4	18	22	12	臺北市	中山區	中山區民權東路2段152巷與建國北路2段258巷口	25.0622024	121.534903	0	0	1	2	8	5	5	4	1	1	5	4	5	13	4	4	9	5	5	2	12	1	11	1	7	2	8	1		1	3	7	
113	4	18	23	48	臺北市	中正區	中正區中華路1段與中華路1段21巷口	25.04655725	121.5097721	0	0	1	2	7	5	5	3	2	1	5	4	5	13	4	4	1	4	5	2	12	4	9	1	7	2	4	1		1	3	6	
113	4	19	1	0	臺北市	北投區	北投區大度路1208556燈桿	25.12178043	121.4864223	0	0	1	2	7	5	5	14	12	1	5	4	5	13	4	4	1	4	1	1	23	1	9	1	5	1	10	1		1	2	11	
113	4	19	7	15	臺北市	大安區	大安區和平東路3段與基隆路2段口	25.0247107	121.5528006	0	0	1	2	8	6	5	5	2	1	5	4	5	13	2	1	10	5	5	2	17	1	6	1	6	1	10	2		1	3	12	
113	4	19	7	32	臺北市	中山區	中山區南京東路3段與復興北路口	25.05221	121.5439545	0	0	1	2	8	7	5	4	2	1	5	4	5	13	1	1	1	4	5	2	13	1	9	1	5	1	10	1		1	2	11	
113	4	19	7	36	臺北市	大同區	大同區鄭州路與延平北路1段口口	25.0499701	121.5121172	0	0	1	2	8	6	5	4	1	1	5	4	5	13	2	1	1	5	5	2	13	1	9	1	6	1	10	1		1	2	11	
113	4	19	7	41	臺北市	南港區	南港區南港路1段與中南街口口	25.05523446	121.614912	0	0	1	2	7	6	5	14	9	1	5	4	5	13	1	1	5	4	5	2	12	4	9	1	3	1	8	1		2	3	2	
113	4	19	7	48	臺北市	士林區	士林區承德路4段332號	25.0899792	121.5177249	0	0	1	4	8	6	5	14	8	1	5	4	5	13	4	4	1	4	4	2	17	1	9	1	6	1	10	1		2	2	11	
113	4	19	7	55	臺北市	信義區	信義區信安街67巷	25.0258892	121.5602425	0	0	1	2	8	6	8	22	22	1	5	4	5	10	4	4	8	3	4	2	16	4	5	1	3	1	8	1		2	3	8	
113	4	19	7	58	臺北市	文山區	文山區樟新街與樟新街48巷口口	24.97824505	121.5555643	0	0	1	2	8	6	5	4	1	1	5	4	5	13	4	4	10	5	5	2	14	1	2	1	7	1	8	1		1	3	7	
113	4	19	8	2	臺北市	大同區	大同區大龍街與民族西路口	25.0685322	121.5158688	0	0	2	2	8	6	5	5	1	1	5	4	5	13	2	1	5	4	5	2	17	1	5	1	6	1	10	1		2	2	12	
113	4	19	8	16	臺北市	大安區	大安區市民大道3段140號	25.0447824	121.5350366	0	0	3	3	7	5	5	14	9	1	5	4	5	13	4	4	1	4	4	2	12	1	9	1	6	1	10	1		2	2	14	
113	4	19	8	28	臺北市	北投區	北投區崇仁路1段與崇仁路1段131巷口	25.1242617	121.5020431	0	0	1	2	8	7	5	4	1	1	5	4	5	13	4	4	5	5	5	2	16	4	5	1	3	1	8	1		2	3	1	
113	4	19	8	30	臺北市	南港區	南港區成功路1段與成功路1段36巷口口	25.0556952	121.5929254	0	0	1	2	8	7	5	3	1	1	5	4	5	13	1	1	8	1	5	2	13	1	9	1	7	2	8	1		1	3	4	
113	4	19	8	36	臺北市	大同區	大同區民權西路與重慶北路2段口口	25.0630935	121.5137033	0	0	2	2	8	6	5	4	1	1	5	4	5	13	2	1	1	5	5	2	13	1	7	1	6	1	10	1		1	2	11	
113	4	19	8	46	臺北市	中正區	中正區新生南路1段140巷與新生南路1段口口	25.0362464	121.5325766	0	0	1	3	8	5	5	3	2	1	5	4	5	13	4	4	9	4	4	1	13	1	9	1	6	2	10	1		2	2	11	
113	4	19	8	52	臺北市	松山區	松山區新中街與民生東路5段36巷4弄口	25.0580325	121.5606027	0	0	3	3	7	7	5	3	18	1	5	4	5	13	4	4	5	5	5	2	3	1	9	1	5	2	10	1		1	2	17	
113	4	19	8	53	臺北市	中山區	中山區合江街93巷與合江街口	25.059508	121.5392171	0	0	1	2	8	6	5	4	1	1	5	4	5	13	4	4	5	5	5	2	15	1	9	1	5	1	10	1		1	3	12	
113	4	19	8	55	臺北市	北投區	北投區明德路與文林北路口	25.1062351	121.5166604	0	0	1	2	7	7	5	4	1	1	5	4	5	13	2	1	1	4	5	2	16	4	6	1	3	9	8	1		1	3	2	
113	4	19	8	55	臺北市	南港區	南港區興南街64巷與興南街64巷6弄口	25.0557385	121.601915	0	0	1	2	7	7	5	3	2	1	5	4	5	13	4	4	9	5	5	2	16	4	5	1	3	1	8	1		2	3	1	
113	4	19	9	37	臺北市	信義區	信義區松山路與松山路615巷口	25.0367451	121.5783593	0	0	1	2	8	6	5	3	2	1	5	4	5	13	4	4	4	5	5	2	16	1	5	8	4	1	20	1		1	2	11	
113	4	19	9	39	臺北市	士林區	士林區士商路108號	25.0919887	121.5190186	0	0	1	2	8	6	5	14	9	1	5	4	5	13	4	4	5	5	5	2	17	1	4	1	6	2	10	1		1	3	11	
113	4	19	9	45	臺北市	大同區	大同區赤峰街與赤峰街41巷口	25.0548812	121.5196136	0	0	1	2	8	6	5	4	1	1	5	4	5	13	4	4	10	5	5	2	15	1	9	1	6	5	10	1		2	2	11	
113	4	19	9	59	臺北市	內湖區	內湖區瑞光路358巷與瑞光路393巷口	25.0772922	121.5727904	0	0	1	2	8	7	5	4	1	1	5	4	5	13	1	1	5	4	5	2	17	1	5	8	4	1	20	1		1	3	12	
113	4	19	10	28	臺北市	萬華區	萬華區西園路2段與西園路2段11巷口	25.0319765	121.4974149	0	0	2	2	8	6	4	4	1	1	5	4	5	13	2	1	1	4	5	2	17	1	6	1	6	1	10	1		2	2	12	
113	4	19	11	14	臺北市	松山區	松山區塔悠路103號	25.0539735	121.5700183	0	0	1	2	8	5	5	14	9	1	5	4	5	13	4	4	1	4	5	2	17	1	9	1	5	1	10	1		1	2	15	
113	4	19	11	24	臺北市	信義區	信義區忠孝東路5段與忠孝東路5段423巷口	25.0409451	121.5752313	0	0	1	2	8	6	5	4	2	1	5	4	5	13	2	1	1	4	5	2	13	1	6	1	7	2	8	1		1	3	5	
113	4	19	11	30	臺北市	大同區	大同區民生西路與雙連街口	25.0574795	121.519454	0	0	1	2	8	5	4	14	9	1	5	4	5	13	4	4	5	4	5	2	17	4	21	7	3	11	19	2		1	4	15	
113	4	19	11	35	臺北市	士林區	士林區延平北路6段與社正路口	25.08819	121.5089728	0	0	1	2	7	6	5	4	2	1	5	4	5	13	4	4	9	4	5	1	13	4	7	2	3	1	18	1		1	3	13	
113	4	19	12	4	臺北市	中山區	中山區南京東路1段(林森公園停車場出入口)	25.0522499	121.526163	0	0	1	2	8	7	5	14	8	1	5	4	5	13	4	4	1	4	4	2	17	4	6	1	3	1	6	1		1	3	2	
113	4	19	12	31	臺北市	信義區	信義區信義路5段與信義路5段91巷口	25.0329523	121.5717025	0	0	2	2	7	5	5	3	2	1	5	4	5	13	3	1	9	5	5	2	17	1	6	1	5	1	10	1		1	2	14	
113	4	19	12	40	臺北市	士林區	士林區美崙街(天文館機車停車場口)	25.0954941	121.5189088	0	0	1	2	8	7	5	14	9	1	5	4	5	13	4	4	9	5	5	1	17	1	5	1	6	1	10	1		1	3	11	
113	4	19	13	6	臺北市	信義區	信義區永吉路62號	25.0455803	121.5697876	0	0	1	2	7	6	5	14	9	1	5	4	5	13	4	4	1	4	5	2	12	1	15	1	5	1	10	1		2	2	14	
113	4	19	15	35	臺北市	大同區	大同區重慶北路2段與涼州街口	25.0608497	121.513418	0	0	1	2	7	6	5	4	1	1	5	4	5	13	2	1	1	4	5	2	16	1	6	1	5	1	10	1		1	3	13	
113	4	19	15	38	臺北市	信義區	信義區忠孝東路5段703巷1弄與忠孝東路5段703巷口	25.0426355	121.5800354	0	0	1	2	8	6	5	3	1	1	5	4	5	13	4	4	10	5	5	2	18	1	5	1	3	9	10	1		1	2	12	
113	4	19	15	39	臺北市	中正區	中正區忠孝西路1段與公園路口	25.0463302	121.5174556	0	0	1	3	7	6	5	3	1	1	5	4	5	13	3	1	1	4	5	2	12	1	9	1	7	11	2	2		4	3	8	
113	4	19	15	59	臺北市	松山區	松山區光復北路142號	25.05249119	121.5570795	0	0	1	2	7	7	5	14	9	1	5	4	5	13	3	1	10	4	5	2	12	1	9	1	5	1	10	1		1	2	12	
113	4	19	16	6	臺北市	士林區	士林區中山北路4段劍潭中心前	25.0794525	121.5243299	0	0	1	2	7	7	5	14	9	1	5	4	5	13	4	4	1	4	5	2	13	1	8	1	7	2	8	1		2	3	3	
113	4	19	16	13	臺北市	萬華區	萬華區中華路1段與峨眉街口	25.04322627	121.5084042	0	0	1	2	7	6	5	4	2	1	5	4	5	13	4	4	1	4	5	2	17	1	21	1	6	2	10	1		2	2	15	
113	4	19	16	19	臺北市	中正區	中正區中山南路與徐州路口	25.0414549	121.5184893	0	0	1	2	8	7	5	3	2	1	5	4	5	13	1	1	8	4	1	1	12	1	7	1	6	2	10	1		1	2	14	
113	4	19	16	22	臺北市	萬華區	萬華區華中橋機車道往北方向	25.0099985	121.4958948	0	0	1	2	7	6	5	8	11	1	5	4	5	13	4	4	1	4	4	2	17	4	7	1	3	1	10	1		1	3	13	
113	4	19	16	26	臺北市	大安區	大安區辛亥路3段與基隆路3段口	25.0187439	121.5473795	0	0	1	2	7	6	5	14	9	1	5	4	5	13	4	4	3	4	5	2	13	1	9	1	5	2	10	1		1	2	11	
113	4	19	16	36	臺北市	萬華區	萬華區長泰街297巷與萬大路424巷口	25.02049241	121.4932312	0	0	1	3	8	7	5	4	1	1	5	4	5	13	4	4	10	5	5	2	15	1	9	1	5	1	10	1		1	2	12	
113	4	19	17	0	臺北市	中正區	中正區濟南路2段與濟南路2段48巷口口	25.0403471	121.5310595	0	0	1	2	6	5	5	3	1	1	4	4	5	13	2	1	9	4	5	1	16	1	6	1	7	1	8	1		1	3	2	
113	4	19	17	4	臺北市	松山區	松山區民權東路3段與敦化北路口	25.06149996	121.5505116	0	0	1	2	7	6	5	4	1	1	4	4	5	13	1	1	1	4	5	2	16	1	6	1	6	1	10	1		1	3	12	
113	4	19	17	11	臺北市	中正區	中正區三元街與寧波西街口口	25.02798047	121.5112472	0	0	1	2	6	6	5	4	1	1	4	4	5	13	1	1	1	4	4	1	13	1	9	1	6	1	10	1		1	2	11	
113	4	19	17	13	臺北市	士林區	士林區仁民路與仁民路口陽明教養院後門	25.13390372	121.5430131	0	0	1	2	7	6	5	3	1	1	5	4	5	13	4	4	10	5	5	1	17	4	11	1	3	1	8	1		1	3	17	
113	4	19	17	16	臺北市	中正區	中正區羅斯福路4段與基隆路4段口	25.0111739	121.5367017	0	0	3	4	7	7	5	5	1	1	4	4	5	13	1	1	1	4	5	2	12	4	15	1	5	1	10	1		2	2	11	
113	4	19	17	30	臺北市	大同區	大同區鄭州路與西寧北路口	25.0506052	121.5082021	0	0	1	2	7	6	5	4	1	1	5	4	5	13	2	1	8	3	5	2	16	1	5	1	6	1	10	1		1	2	14	
113	4	19	17	32	臺北市	內湖區	內湖區民權東路6段與民權東路6段11巷口	25.06678476	121.5784846	0	0	1	2	7	6	5	4	1	1	5	4	5	13	1	1	5	4	5	2	12	1	8	1	5	1	9	1		1	3	12	
113	4	19	17	34	臺北市	中山區	中山區復興北路與長安東路2段口	25.0482193	121.5438571	0	0	1	2	7	6	5	5	3	1	5	4	5	13	2	1	10	3	5	1	17	1	9	1	5	1	9	1		1	3	11	
113	4	19	17	48	臺北市	文山區	文山區木柵路2段81號	24.9888114	121.5609283	0	0	1	2	6	5	5	14	9	1	4	4	5	13	4	4	5	4	5	2	17	4	11	1	5	1	10	1		2	3	12	
113	4	19	17	57	臺北市	信義區	信義區松信路18號	25.0489716	121.5722116	0	0	2	2	7	5	5	14	7	1	5	4	5	13	4	4	5	5	4	2	16	1	11	1	6	1	10	1		1	2	14	
113	4	19	18	1	臺北市	文山區	文山區羅斯福路5段192巷與羅斯福路5段176巷口	25.0034371	121.5367286	0	0	1	2	6	6	5	4	1	1	4	4	5	13	4	4	10	5	5	2	15	1	9	1	6	2	10	1		2	2	11	
113	4	19	18	11	臺北市	中正區	中正區忠孝西路1段100號	25.0472935	121.5125891	0	0	2	3	6	5	5	11	9	1	4	4	5	13	4	4	1	4	5	2	18	1	15	1	5	2	10	1		1	2	14	
113	4	19	18	15	臺北市	文山區	文山區興隆路4段64-3號前	24.98512291	121.561414	0	0	1	2	6	5	5	14	9	1	4	4	5	13	4	4	1	4	5	2	18	1	9	1	6	1	10	1		2	2	11	12
113	4	19	18	16	臺北市	中山區	中山區民權東路2段與新生北路3段口	25.06273153	121.5279108	0	0	2	2	8	5	5	5	1	1	5	4	5	13	2	1	10	5	5	2	13	1	9	1	6	1	10	1		1	2	11	
113	4	19	18	18	臺北市	中正區	中正區濟南路2段與齊東街口	25.0414004	121.5269363	0	0	2	2	8	5	5	4	1	1	5	4	5	13	4	4	9	5	5	1	17	1	5	8	4	2	20	1		1	2	14	
113	4	19	18	26	臺北市	文山區	文山區景興路與景興路46巷口	24.9961178	121.5446484	0	0	1	3	7	5	5	3	1	1	4	4	5	13	3	1	10	5	5	2	17	1	6	1	7	1	8	1		1	3	17	
113	4	19	18	32	臺北市	信義區	信義區永吉路30巷158弄22號	25.0423461	121.5684074	0	0	1	3	7	5	5	14	9	1	5	4	5	13	4	4	10	5	5	2	11	1	9	1	5	1	10	1		1	3	14	
113	4	19	18	33	臺北市	中山區	中山區松江路與民生東路2段口	25.0577834	121.5332585	0	0	2	2	8	6	5	4	4	1	5	4	5	13	2	1	10	4	5	2	16	1	6	1	5	2	10	1		1	2	12	
113	4	19	18	38	臺北市	南港區	南港區南港路3段256巷與松河街口	25.05289823	121.5832665	0	0	2	3	6	7	5	5	2	1	4	4	5	13	4	4	9	5	5	2	16	4	5	1	3	1	8	1		1	3	5	
113	4	19	18	43	臺北市	信義區	信義區忠孝東路4段508號	25.041115	121.5619345	0	0	1	2	7	5	5	14	9	1	5	4	5	13	4	4	3	4	5	2	18	1	12	1	6	1	9	1		1	2	14	
113	4	19	18	45	臺北市	中正區	中正區汀州路2段295號	25.0218985	121.5244196	0	0	1	2	8	6	5	14	9	1	5	4	5	13	4	4	9	4	5	1	16	1	4	1	5	1	10	1		1	3	11	
113	4	19	18	45	臺北市	大同區	大同區承德路2段與平陽街口	25.0580669	121.5181211	0	0	1	3	8	5	5	4	1	1	5	4	5	13	2	1	8	3	5	2	12	1	15	1	6	1	9	1		1	2	11	
113	4	19	19	14	臺北市	大同區	大同區承德橋	25.07603	121.5196187	0	0	1	5	7	5	5	8	9	1	5	4	5	13	4	4	4	4	5	2	13	4	9	5	7	3	4	1		1	3	1	