年	月	日	時	分	縣市	行政區	allLocation	GoogleLat	GoogleLng	死	2-30	受傷	當事人數	天候	道路照明設備	道路類別	道路型態	事故位置	路面狀況1	路面狀況2	路面狀況3	道路障礙1	道路障礙2	號誌1	號誌2	車道劃分-分向	車道劃分-分道1	車道劃分-分道2	車道劃分-分道3	事故類型及型態	行動電話	當事者行動狀態	駕駛資格情形	保護裝置	飲酒情形	駕駛執照種類	個人肇逃否	肇因碼-主要	性別	受傷程度	車輛撞擊部位1	車輛撞擊部位2
113	4	19	19	30	臺北市	文山區	文山區溪洲街與溪洲街137巷口口	25.0000826	121.53535	0	0	1	2	6	5	5	3	1	1	4	4	4	13	2	1	5	5	5	2	17	1	3	1	7	1	4	1		1	3	17	
113	4	19	19	45	臺北市	士林區	士林區忠誠路2段82巷與士東路口	25.1125634	121.5303441	0	0	1	2	8	5	5	5	1	1	5	4	5	13	1	1	10	5	5	2	15	4	6	1	3	2	8	1		2	3	8	
113	4	19	19	56	臺北市	大同區	大同區大龍街221號	25.0707062	121.5159243	0	0	1	3	7	5	5	14	9	1	5	4	5	13	4	4	5	2	5	2	17	1	1	1	5	11	10	2		4	2	11	
113	4	19	21	0	臺北市	大同區	大同區鄭州路與西寧北路口	25.0506052	121.5082021	0	0	1	2	8	5	5	4	1	1	5	4	5	13	2	1	8	3	5	2	16	1	5	1	6	1	10	1		1	2	14	
113	4	19	21	20	臺北市	萬華區	萬華區堤外便道與堤外便道口貴陽疏散門	25.04139284	121.4991751	0	0	1	2	8	5	7	3	1	1	5	4	5	13	3	1	1	5	5	2	15	1	9	8	4	1	20	1		1	3	13	
113	4	19	21	30	臺北市	士林區	士林區重慶北路4段174號	25.08428031	121.5119021	0	0	1	2	7	5	5	14	8	1	5	4	5	13	4	4	1	4	4	1	17	1	12	1	7	2	8	1		2	3	17	
113	4	19	21	54	臺北市	萬華區	萬華區環河南路1段與中興橋口機車道往台北市下橋處交岔口	25.04230672	121.5002913	0	0	1	2	8	5	5	3	1	1	5	4	5	13	4	4	8	3	5	1	15	1	15	1	5	1	10	1		2	2	14	
113	4	19	22	11	臺北市	信義區	信義區永吉路180巷與永吉路180巷16弄口	25.0449677	121.5714873	0	0	2	3	8	5	5	3	1	1	5	4	5	13	4	4	10	4	4	2	16	1	5	1	5	2	9	1		1	2	11	
113	4	19	22	36	臺北市	萬華區	萬華區昆明街與峨眉街口	25.0437843	121.5050373	0	0	2	3	8	5	5	4	2	1	5	4	5	13	1	1	9	5	5	2	17	1	15	1	5	1	10	1		2	2	14	
113	4	19	22	39	臺北市	大同區	大同區台北橋機慢車道	25.0631638	121.509252	0	0	1	2	7	5	5	8	11	1	5	4	5	13	4	4	1	4	5	2	12	4	9	1	5	2	10	1		1	3	15	
113	4	19	23	0	臺北市	松山區	松山區塔悠路95號	25.05235113	121.5703562	0	0	1	2	7	5	5	14	9	1	5	4	5	13	4	4	1	4	5	2	13	1	9	1	5	1	10	1		1	2	11	
113	4	19	23	5	臺北市	信義區	信義區松智路40號	25.0296428	121.5652641	0	0	1	2	7	5	5	14	9	1	5	4	5	13	4	4	9	5	5	2	13	1	9	1	5	1	10	1		2	2	11	12
113	4	19	23	46	臺北市	南港區	南港區市民大道7段與向陽路口	25.0514178	121.5952307	0	0	1	2	8	5	5	4	1	1	2	4	5	13	2	1	3	4	5	2	17	1	14	1	7	9	8	1		1	3	17	
113	4	20	1	48	臺北市	大安區	大安區市民大道4段與忠孝東路4段101巷口	25.0447592	121.5484258	0	0	1	2	8	5	5	3	2	1	5	4	2	13	4	4	8	3	5	1	17	1	9	7	3	11	19	2		1	4	17	
113	4	20	2	37	臺北市	信義區	信義區光復南路577號	25.0305582	121.5574806	0	0	1	2	8	5	5	14	9	1	5	4	5	13	4	4	1	4	4	2	13	1	9	1	5	2	9	1		1	2	11	
113	4	20	6	30	臺北市	文山區	文山區秀明路2段與新光路1段口	24.9916788	121.5736598	0	0	3	3	8	7	5	4	1	1	5	4	5	13	2	1	10	5	5	2	16	1	5	1	7	2	8	1		1	2	1	
113	4	20	8	26	臺北市	文山區	文山區新光路2段(東往西0707699燈桿旁）	25.0026962	121.5972629	0	0	1	2	8	7	5	14	9	1	5	4	5	13	4	4	9	5	5	2	18	1	9	1	5	1	9	1		1	2	12	
113	4	20	8	30	臺北市	大同區	大同區大稻埕堤外便道與大稻埕堤外便道口5號水門停車場車道	25.05569293	121.5062421	0	0	1	2	8	6	5	5	1	1	5	4	5	13	4	4	10	5	5	2	16	1	6	1	7	2	8	1		1	3	2	
113	4	20	8	50	臺北市	松山區	松山區觀山河濱公園自行車道3015173號燈桿附近	25.05492228	121.5702505	0	0	1	2	8	6	8	14	23	1	5	4	5	13	4	4	9	5	5	2	17	1	9	1	7	2	8	1		1	3	17	
113	4	20	8	55	臺北市	南港區	南港區舊莊街1段149號	25.0396292	121.6206926	0	0	1	2	8	6	5	14	9	1	5	4	5	13	4	4	5	2	5	2	12	1	1	1	7	2	8	1		2	3	4	
113	4	20	9	21	臺北市	中山區	中山區民權東路3段與建國北路3段口	25.0622685	121.537297	0	0	1	2	8	7	5	4	1	1	5	4	5	13	1	1	1	3	5	2	17	1	6	1	7	1	8	1		1	3	6	
113	4	20	9	50	臺北市	中山區	中山區中山北路3段往南、水晶橋下	25.070955	121.5234566	0	0	1	2	8	7	5	14	9	1	5	4	5	13	2	1	1	4	5	2	13	4	9	1	6	1	10	1		2	2	11	
113	4	20	10	1	臺北市	松山區	松山區基隆路1段8號	25.0507977	121.5700406	0	0	1	3	8	7	5	14	9	1	5	4	3	13	4	4	1	4	5	2	17	1	1	1	7	2	8	1		1	3	8	
113	4	20	10	19	臺北市	中正區	中正區重慶南路2段與重慶南路2段6巷口	25.034368	121.5128016	0	0	1	2	8	7	5	3	1	1	5	4	5	13	4	4	1	4	5	2	17	1	5	1	7	2	4	1		1	3	2	
113	4	20	10	40	臺北市	文山區	文山區羅斯福路5段與羅斯福路5段176巷口口	25.0041489	121.538606	0	0	2	2	8	6	5	5	2	1	5	4	5	13	2	1	1	4	5	2	13	1	9	1	6	1	10	1		2	2	11	
113	4	20	11	4	臺北市	文山區	文山區新光路1段147號前	24.99221234	121.5737205	0	0	2	3	8	6	5	14	9	1	5	4	5	13	4	4	5	4	4	2	17	1	9	6	5	2	10	1		1	2	11	
113	4	20	11	5	臺北市	中山區	中山區民族西路敦煌書局前	25.06841102	121.5221353	0	0	1	2	8	6	5	14	9	1	5	4	5	13	4	4	5	4	5	2	13	1	9	1	5	1	10	1		1	2	11	
113	4	20	11	14	臺北市	內湖區	內湖區舊宗路1段與行善路口	25.05885435	121.5802841	0	0	1	2	8	6	5	4	1	1	5	4	5	13	2	1	9	4	5	2	16	1	6	1	7	1	1	1		1	3	2	
113	4	20	11	25	臺北市	信義區	信義區永吉路180巷66弄與永吉路120巷口	25.0435057	121.5703071	0	0	2	3	8	6	5	4	1	1	5	4	5	13	1	1	5	4	5	2	3	1	5	1	7	1	8	1		1	3	1	
113	4	20	11	53	臺北市	大安區	大安區復興南路2段319號	25.0241938	121.5435041	0	0	1	2	8	7	5	14	8	1	5	4	5	13	4	4	1	4	4	2	12	4	9	8	3	1	20	1		2	3	14	
113	4	20	12	7	臺北市	中山區	中山區合江街20號與合江街口	25.05514102	121.5390933	0	0	1	2	8	6	5	4	1	1	5	4	5	13	4	4	5	5	5	2	11	4	11	1	3	1	8	1		1	3	5	
113	4	20	12	10	臺北市	中山區	中山區八德路2段199巷與八德路2段口	25.0465366	121.5391204	0	0	1	2	8	6	5	4	1	1	5	4	5	13	1	1	9	4	5	2	17	1	5	1	7	1	8	1		2	3	17	
113	4	20	12	22	臺北市	文山區	文山區指南路1段104號(道南橋上)	24.98761394	121.5716101	0	0	1	2	8	6	5	8	9	1	5	4	5	13	4	4	5	5	5	2	17	4	9	1	3	2	10	1		1	2	12	
113	4	20	12	46	臺北市	信義區	信義區忠孝東路5段215巷與忠孝東路5段口	25.0409925	121.5698281	0	0	1	5	8	6	5	3	2	1	5	4	5	13	1	1	3	4	5	2	13	1	8	1	7	2	8	1		1	3	1	
113	4	20	12	51	臺北市	萬華區	萬華區中華路1段與南寧路口	25.0441233	121.5086056	0	0	1	2	8	7	5	5	1	1	5	4	5	13	1	1	1	3	5	2	12	1	6	1	7	1	8	1		1	3	5	
113	4	20	12	57	臺北市	北投區	北投區中央北路2段1號	25.1363527	121.4964848	0	0	2	3	8	5	5	14	9	1	5	1	5	13	4	4	4	4	5	2	16	1	11	1	7	1	8	1		2	3	4	
113	4	20	12	57	臺北市	南港區	南港區研究院路1段33號	25.0535904	121.6164172	0	0	1	3	8	6	5	14	7	1	5	4	5	13	4	4	1	4	5	2	13	1	9	1	5	2	10	1		1	2	13	
113	4	20	13	12	臺北市	士林區	士林區延平北路6段308號與延平北路6段口	25.08945384	121.5032626	0	0	1	2	7	7	5	3	2	1	5	4	5	13	4	4	5	5	5	1	17	1	8	1	7	1	8	1		1	3	5	
113	4	20	13	14	臺北市	大安區	大安區羅斯福路4段與基隆路4段口	25.0113225	121.5372767	0	0	2	4	8	6	5	5	1	1	5	4	5	13	1	1	8	3	5	1	12	1	9	1	5	1	10	1		1	2	11	
113	4	20	13	20	臺北市	內湖區	內湖區堤頂大道1段與港墘路口	25.07453685	121.5722398	0	0	1	2	7	6	5	3	1	1	5	4	5	13	2	1	1	4	5	2	16	1	9	1	7	1	8	1		2	3	2	
113	4	20	13	30	臺北市	士林區	士林區中山北路5段與至誠路2段口	25.1010005	121.5265175	0	0	1	2	8	6	5	5	1	1	5	4	5	13	3	1	5	5	5	2	17	1	5	1	7	1	8	1		2	3	5	
113	4	20	13	31	臺北市	南港區	南港區忠孝東路7段(西向東0405417燈桿)	25.05123819	121.6001436	0	0	1	2	8	6	5	14	8	1	5	4	5	13	4	4	1	4	4	2	17	1	9	1	6	1	10	1		1	2	11	
113	4	20	13	37	臺北市	大安區	大安區八德路2段與市民大道3段口	25.0449197	121.5342637	0	0	1	2	8	5	5	14	9	1	5	4	5	13	2	1	10	5	5	2	16	1	6	1	7	1	8	1		1	3	2	
113	4	20	14	41	臺北市	大安區	大安區光復南路438號	25.0360515	121.557473	0	0	2	4	8	6	5	14	9	1	5	4	5	13	4	4	3	4	5	2	13	4	12	1	7	1	4	1		2	3	3	
113	4	20	14	44	臺北市	大同區	大同區延平北路4段與敦煌路口	25.0764242	121.5120339	0	0	1	2	8	6	5	5	1	1	5	4	5	13	1	1	5	5	5	2	16	1	5	1	6	1	10	1		1	3	12	
113	4	20	15	40	臺北市	大同區	大同區涼州街與甘州街口	25.060688	121.5126571	0	0	1	2	7	7	5	3	2	1	5	4	5	13	4	4	5	4	5	2	17	4	6	1	3	1	8	1		1	3	5	
113	4	20	16	5	臺北市	萬華區	萬華區康定路與廣州街口	25.0366116	121.5014489	0	0	1	2	8	7	5	4	1	1	5	4	5	13	1	1	9	5	5	2	17	1	9	1	7	1	8	1		1	3	8	
113	4	20	16	55	臺北市	北投區	北投區崇仁路1段與清江路245巷口	25.1259667	121.5015946	0	0	1	2	8	5	5	4	2	1	5	4	5	13	4	4	9	4	5	2	3	1	9	1	5	1	10	1		1	3	12	
113	4	20	16	58	臺北市	中山區	中山區明水路325號	25.07737197	121.5395677	0	0	1	2	7	7	5	14	9	1	5	4	5	13	4	4	1	4	4	2	12	1	7	1	5	1	10	1		2	2	14	
113	4	20	17	19	臺北市	北投區	北投區知行路4巷與知行路口	25.1180846	121.4664271	0	0	2	2	8	7	5	4	1	1	5	4	5	13	4	4	10	5	5	2	15	4	9	1	3	1	10	1		1	2	11	
113	4	20	17	34	臺北市	信義區	信義區林口街96號	25.0396674	121.5794374	0	0	2	2	7	7	5	14	7	1	5	4	5	13	4	4	5	4	4	2	17	1	8	8	4	1	20	1		2	2	11	
113	4	20	17	40	臺北市	中正區	中正區和平西路1段134號對面	25.0271609	121.5167693	0	0	2	2	7	6	5	14	9	1	5	4	5	13	4	4	2	4	5	1	17	1	15	1	5	2	10	1		2	2	12	
113	4	20	17	43	臺北市	中山區	中山區北安路與大直街口	25.0798265	121.5472156	0	0	1	2	8	5	5	5	2	1	5	4	5	13	2	1	3	4	5	2	16	4	5	1	3	2	8	1		2	3	8	
113	4	20	18	2	臺北市	文山區	文山區指南路3段38巷電線桿指南幹58	24.97784112	121.582471	0	0	1	2	7	6	5	11	9	1	5	4	5	13	4	4	10	5	5	2	17	1	9	1	7	2	8	1		1	3	17	
113	4	20	18	20	臺北市	中正區	中正區中正橋上往台北方向	25.0213622	121.5158695	0	0	1	2	7	5	5	8	9	1	5	4	5	13	4	4	1	4	5	2	12	1	7	1	5	1	10	1		2	2	14	
113	4	20	18	45	臺北市	大同區	大同區承德路3段與民權西路口	25.0629234	121.5179909	0	0	1	3	8	5	5	4	1	1	5	4	5	13	1	1	1	4	5	2	17	1	9	1	7	11	2	1		1	3	17	
113	4	20	18	54	臺北市	中正區	中正區開封街1段35號	25.0460025	121.5125099	0	0	1	3	6	5	5	14	9	1	4	4	5	13	4	4	10	4	5	1	17	1	13	1	3	1	8	1		1	3	4	
113	4	20	19	22	臺北市	萬華區	萬華區中華路1段與長沙街2段口	25.04057118	121.5075155	0	0	1	2	6	5	5	4	1	1	4	4	5	13	2	1	1	5	5	2	3	1	6	1	7	2	4	1		1	3	1	
113	4	20	19	25	臺北市	松山區	松山區市民大道5段與八德路4段106巷口	25.04663955	121.5612225	0	0	1	3	6	5	5	14	9	1	4	4	5	13	4	4	9	4	5	2	13	1	9	1	6	1	10	1		1	3	12	
113	4	20	19	27	臺北市	中正區	中正區市民大道2段與天津街口	25.04780255	121.5222131	0	0	2	3	6	5	5	4	1	1	4	4	5	13	1	1	10	4	5	2	17	4	6	1	7	11	8	1		2	3	17	
113	4	20	19	29	臺北市	中山區	中山區南京東路1段與新生北路2段口	25.05201697	121.5274821	0	0	2	2	6	5	5	4	2	1	4	4	5	13	2	1	10	5	5	2	1	1	9	1	6	1	10	1		1	2	11	
113	4	20	20	0	臺北市	中山區	中山區興安街67號	25.056226	121.5433361	0	0	2	2	6	5	5	14	9	1	4	4	5	13	4	4	9	4	5	1	3	4	9	1	5	1	10	1		1	2	11	
113	4	20	20	2	臺北市	大安區	大安區信義路3段122號	25.03339203	121.5385471	0	0	1	2	6	5	5	14	9	1	4	4	5	13	4	4	1	4	5	1	12	1	1	1	7	1	8	1		1	3	4	
113	4	20	20	53	臺北市	中正區	中正區水源路與師大路口	25.0201537	121.5227189	0	0	1	2	7	5	5	4	1	1	4	4	5	13	1	1	1	4	5	2	17	4	15	1	5	1	10	1		1	2	13	
113	4	20	20	58	臺北市	文山區	文山區木新路3段與木新路3段310巷口	24.9809425	121.5571545	0	0	1	2	6	5	5	4	18	1	4	4	5	13	2	1	5	5	5	2	3	1	5	1	7	2	8	1		2	3	1	
113	4	20	21	1	臺北市	松山區	松山區南京東路5段335號	25.05142834	121.5672974	0	0	1	2	6	5	5	14	9	1	4	4	5	13	4	4	9	4	5	2	12	1	7	1	7	1	8	1		1	3	6	
113	4	20	21	53	臺北市	北投區	北投區大業路與大業路280巷口	25.1272016	121.498158	0	0	1	2	7	5	5	3	1	1	5	4	5	13	2	1	3	4	4	2	16	1	6	1	7	2	8	1		1	3	5	
113	4	20	22	0	臺北市	大同區	大同區赤峰街與赤峰街41巷口	25.0548841	121.5196057	0	0	1	2	7	5	5	4	1	1	5	4	5	13	4	4	10	5	5	2	15	4	9	1	3	1	8	1		1	3	8	
113	4	20	22	26	臺北市	信義區	信義區市府路與仁愛路4段口	25.0377091	121.5634843	0	0	1	2	7	5	5	3	1	1	4	4	5	13	1	1	5	3	5	2	15	1	11	8	4	1	20	1		2	2	12	
113	4	20	22	54	臺北市	內湖區	內湖區內湖路1段與堤頂大道2段口	25.08454891	121.5604986	0	0	2	3	8	5	5	3	1	1	5	4	5	13	2	1	1	4	5	2	17	1	8	1	6	2	10	1		1	3	17	
113	4	20	23	0	臺北市	萬華區	萬華區漢口街2段49號對面	25.0457514	121.5063912	0	0	1	2	8	5	5	14	9	1	5	4	5	13	4	4	10	3	5	2	12	4	7	7	3	11	19	2		4	4	12	
113	4	21	1	57	臺北市	士林區	士林區延平北路5段167號	25.0828248	121.5101745	0	0	1	2	8	5	5	14	9	1	5	4	5	13	4	4	1	4	5	2	13	1	9	1	5	2	10	1		1	2	11	
113	4	21	3	45	臺北市	士林區	士林區基河路251巷與基河路口側附近口	25.09135818	121.5215111	0	0	2	3	7	5	5	4	1	1	5	4	5	13	2	1	9	4	5	1	17	1	9	1	5	2	10	1		1	2	11	
113	4	21	4	31	臺北市	信義區	信義區忠孝東路5段與忠孝東路5段215巷口	25.0410737	121.5701854	0	0	2	3	7	5	5	3	1	1	5	4	5	13	2	1	3	4	5	1	16	1	9	1	5	1	10	1		2	2	11	
113	4	21	5	25	臺北市	萬華區	萬華區中華路2段606巷6號	25.02400209	121.509908	0	0	1	2	8	6	5	14	9	1	5	4	5	13	4	4	5	5	5	2	17	1	9	1	6	1	10	1		1	2	11	
113	4	21	5	30	臺北市	中山區	中山區長安東路2段52號	25.0484608	121.5318671	0	0	2	3	8	5	5	14	9	1	5	4	5	13	4	4	5	4	5	2	12	4	9	1	5	1	9	1		1	2	12	
113	4	21	6	45	臺北市	大安區	大安區新生南路3段與羅斯福路4段口	25.0162573	121.5332382	0	0	1	2	7	6	8	22	22	1	5	4	5	13	4	4	10	5	5	2	16	4	5	8	4	1	20	1		1	2	14	
113	4	21	6	55	臺北市	內湖區	內湖區內湖路1段與內湖路1段715巷口	25.0823089	121.5683655	0	0	1	2	8	7	8	3	1	1	5	4	5	13	4	4	1	3	4	1	15	4	9	1	3	1	10	1		1	2	11	
113	4	21	8	25	臺北市	大安區	大安區瑞安街與信義路4段30巷22弄口	25.0324695	121.5439526	0	0	3	3	8	6	5	5	1	1	5	4	5	13	4	4	10	5	5	2	17	4	5	1	6	1	10	1		2	2	12	
113	4	21	8	35	臺北市	萬華區	萬華區青年路152巷與富民路145巷35弄口	25.019741	121.5006961	0	0	2	3	7	6	5	4	1	1	5	4	5	13	4	4	5	5	5	2	16	1	9	1	7	1	8	1		1	3	6	
113	4	21	8	47	臺北市	內湖區	內湖區內湖路3段115巷與金龍路口口	25.0857832	121.5901614	0	0	1	3	7	6	5	3	1	1	5	4	5	13	1	1	5	4	5	2	17	1	9	1	5	1	10	1		1	2	11	
113	4	21	8	55	臺北市	萬華區	萬華區東園街與德昌街口	25.0244506	121.4972839	0	0	3	4	8	7	5	4	2	1	5	4	5	13	1	1	10	5	5	2	11	1	9	1	5	9	10	1		1	2	14	
113	4	21	9	10	臺北市	北投區	北投區中央南路1段152號	25.1297284	121.5009944	0	0	2	3	8	6	5	14	9	1	5	4	5	13	4	4	9	4	5	2	18	1	9	1	5	1	10	1		1	2	17	
113	4	21	9	22	臺北市	大安區	大安區師大路與師大路102巷口	25.0221919	121.52835	0	0	1	2	7	6	5	4	1	1	5	4	5	13	4	4	9	4	5	1	16	4	11	1	3	1	8	1		1	3	8	
113	4	21	9	30	臺北市	內湖區	內湖區環山路1段與環山路1段9巷口	25.08300658	121.5655711	0	0	1	2	8	6	5	3	1	1	5	4	5	13	4	4	5	4	4	2	17	1	5	1	6	1	10	1		1	3	11	
113	4	21	10	5	臺北市	北投區	北投區大同街與大同街125巷口	25.1347315	121.4985166	0	0	1	2	8	6	5	3	1	1	5	4	5	13	4	4	10	5	5	2	17	1	5	1	5	1	10	1		1	3	17	
113	4	21	10	10	臺北市	信義區	信義區松智路與信義路5段口	25.0329562	121.5654389	0	0	2	3	8	7	5	4	1	1	5	4	5	13	1	1	1	4	5	2	17	4	5	1	7	1	8	1		1	3	8	
113	4	21	10	20	臺北市	內湖區	內湖區東湖路113巷與東湖路113巷95弄口	25.07204719	121.6156386	0	0	2	3	8	6	5	4	1	1	5	4	5	13	3	1	5	4	5	2	15	1	9	1	7	1	8	1		1	3	1	
113	4	21	10	34	臺北市	內湖區	內湖區東湖路55號	25.06871646	121.6143936	0	0	2	2	8	7	5	14	9	1	5	4	5	13	4	4	5	4	5	2	12	1	1	1	5	1	10	1		1	2	14	
113	4	21	10	37	臺北市	中山區	中山區復興北路402巷與民權東路3段60巷口	25.0617988	121.542378	0	0	1	2	8	7	5	4	1	1	5	4	5	13	4	4	9	4	5	2	16	1	5	1	7	1	8	1		2	3	5	
113	4	21	10	41	臺北市	北投區	北投區西安街1段與東陽街口	25.1120955	121.5168094	0	0	2	2	8	7	5	4	1	1	5	4	5	13	1	1	5	4	5	2	16	1	6	8	4	2	20	1		2	2	12	
113	4	21	10	54	臺北市	文山區	文山區辛亥路7段與辛亥路7段65巷口口	24.983909	121.5541884	0	0	1	2	8	6	5	14	19	1	5	4	5	13	4	4	5	5	4	2	3	5	16	8	4	10	20	1		2	2	16	
113	4	21	11	2	臺北市	信義區	信義區松勇路53巷12號	25.0341895	121.5710927	0	0	1	2	8	6	5	14	9	1	5	4	5	13	4	4	10	5	5	2	16	4	6	1	3	2	8	1		1	3	2	
113	4	21	11	12	臺北市	大同區	永樂市場6號門前無名巷	25.0544372	121.510635	0	0	1	2	7	6	5	14	9	1	5	4	5	13	4	4	10	5	5	2	3	1	9	1	6	1	10	1		2	3	11	
113	4	21	11	29	臺北市	信義區	信義區莊敬路423巷8弄	25.0285458	121.5676282	0	0	1	3	8	6	5	14	9	1	5	4	5	13	4	4	9	4	5	2	13	1	9	1	5	2	10	1		1	2	11	
113	4	21	11	44	臺北市	文山區	文山區木柵路4段21巷1-18號	24.9931477	121.5713652	0	0	3	3	8	6	5	14	9	1	5	4	5	13	1	1	5	4	5	2	13	1	9	1	6	1	10	1		1	2	11	
113	4	21	11	50	臺北市	中正區	中正區中山南路與凱達格蘭大道口	25.0391471	121.517254	0	0	1	2	8	5	5	5	2	1	5	4	5	13	2	1	1	4	4	2	17	1	9	1	5	1	10	1		1	2	14	14
113	4	21	12	25	臺北市	中正區	中正區仁愛路1段與紹興南街口	25.0386764	121.5231106	0	0	1	2	8	7	5	4	2	1	5	4	5	13	1	1	10	4	1	1	12	1	7	1	6	2	10	1		2	2	14	
113	4	21	12	30	臺北市	中山區	中山區中山北路4段與圓山涵洞口	25.0768292	121.5251345	0	0	1	2	8	7	5	4	1	1	5	4	5	13	2	1	1	4	5	2	15	4	9	1	6	2	10	1		2	2	11	
113	4	21	13	6	臺北市	中山區	中山區大直街62巷與大直街口無名巷	25.08287243	121.5453101	0	0	1	2	8	6	5	4	1	1	5	4	5	13	4	4	10	5	5	2	15	1	9	1	6	9	10	1		2	3	11	
113	4	21	13	10	臺北市	文山區	文山區指南路2段197巷第0707823號燈桿	24.98827068	121.5777115	0	0	1	2	8	7	5	14	9	1	5	4	5	13	4	4	9	5	5	2	13	1	9	1	5	1	10	1		1	2	11	
113	4	21	14	32	臺北市	內湖區	內湖區民權東路6段298號與民權東路6段口無名巷口	25.07273177	121.6053925	0	0	1	2	8	7	5	3	2	1	5	4	5	13	4	4	1	4	4	2	13	1	7	1	5	1	10	1		2	2	11	
113	4	21	15	20	臺北市	萬華區	萬華區西園路2段與東園街口	25.02809679	121.4950744	0	0	1	2	8	5	5	14	9	1	5	4	5	13	1	1	1	4	5	2	17	4	9	1	6	1	10	1		1	2	11	
113	4	21	15	28	臺北市	北投區	北投區關渡河堤燈桿1203485	25.115071	121.4852463	0	0	2	2	8	6	8	8	23	1	5	4	5	13	4	4	9	4	5	2	10	1	4	8	4	1	20	1		1	2	11	
113	4	21	15	44	臺北市	中山區	中山區民權東路1段7巷與民權東路1段口	25.06288258	121.5232555	0	0	2	3	8	7	5	3	1	1	5	4	5	13	4	4	1	4	4	2	16	1	6	1	6	1	10	1		1	2	14	
113	4	21	15	44	臺北市	文山區	文山區基隆路4段與汀州路3段口口	25.0109613	121.5363692	0	0	1	3	8	6	5	5	1	1	5	4	5	13	2	1	5	5	5	2	16	1	5	1	7	1	8	1		2	3	8	
113	4	21	15	54	臺北市	大安區	大安區市民大道4段與敦化南路1段161巷5弄口	25.0446315	121.5496498	0	0	1	2	8	6	5	3	1	1	5	4	5	13	4	4	10	4	5	1	16	4	6	1	3	1	8	1		1	3	2	
113	4	21	16	15	臺北市	大安區	大安區和平東路3段228巷與安居街8巷口	25.0219419	121.5543254	0	0	1	4	8	6	5	3	1	1	5	4	5	13	4	4	9	5	5	2	16	4	5	1	7	1	8	1		1	3	2	
113	4	21	17	6	臺北市	南港區	南港區南港路2段78號斜對面	25.0536157	121.6028689	0	0	1	2	8	6	5	14	8	1	5	5	5	13	4	4	5	4	4	2	18	1	9	1	5	1	10	1		1	2	12	
113	4	21	17	45	臺北市	士林區	士林區中山北路7段與天母東路口	25.11827812	121.5304025	0	0	1	2	8	6	5	4	2	1	5	4	5	13	2	1	1	4	5	2	17	4	21	7	3	9	19	2		1	4	15	
113	4	21	18	27	臺北市	中正區	中正區羅斯福路2段與福州街口	25.0298014	121.5202396	0	0	1	4	7	5	5	4	1	1	5	4	5	13	1	1	1	4	5	2	17	1	8	1	5	1	10	1		1	2	12	
113	4	21	18	51	臺北市	中山區	中山區新生北路2段47號	25.05543487	121.5277449	0	0	4	5	7	5	5	14	9	1	5	4	5	13	4	4	1	4	5	2	13	4	9	1	3	1	10	1		2	2	12	
113	4	21	19	0	臺北市	南港區	南港區成福路17-1號	25.0449072	121.58686	0	0	1	3	8	5	5	14	9	1	5	4	3	13	4	4	5	5	5	2	17	4	15	3	3	2	18	1		2	2	17	
113	4	21	19	15	臺北市	士林區	士林區延平北路8段2巷與延平北路8段2巷55弄口	25.1055434	121.4868921	0	0	1	2	8	5	5	4	1	1	5	4	5	13	4	4	10	5	5	2	15	1	9	1	7	1	8	1		1	3	2	
113	4	21	19	17	臺北市	中山區	中山區林森北路107巷15號	25.0503307	121.5251064	0	0	1	3	7	5	5	14	9	1	5	4	5	13	4	4	10	5	5	2	3	4	9	8	3	9	20	2		1	4	14	
113	4	21	19	44	臺北市	松山區	松山區基隆路1段與塔悠路口	25.0511356	121.5707756	0	0	1	2	8	5	5	5	1	1	5	4	5	13	2	1	1	4	5	2	12	1	9	1	6	1	10	1		1	3	11	
113	4	21	20	28	臺北市	萬華區	萬華區東園街164號	25.0225937	121.4979139	0	0	1	2	8	5	5	14	7	1	5	4	5	13	4	4	5	3	5	2	16	1	6	3	6	8	18	1		2	3	14	
113	4	21	20	45	臺北市	大安區	大安區麗水街與愛國東路口	25.0313425	121.5287678	0	0	1	3	7	5	5	4	1	1	5	4	4	13	2	1	9	4	5	2	17	4	11	1	3	2	10	1		1	3	11	
113	4	21	20	55	臺北市	大同區	大同區鄭州路與西寧北路口	25.0504888	121.5081522	0	0	2	3	8	5	5	14	9	1	5	4	5	13	2	1	7	4	5	1	13	4	9	1	3	1	10	1		1	3	14	
113	4	21	21	40	臺北市	中山區	中山區新生北路2段與民權東路1段口	25.0623256	121.5286069	0	0	1	2	8	5	5	4	19	1	5	4	5	10	2	1	10	4	5	2	3	4	9	1	5	1	10	1		1	2	14	
113	4	21	21	54	臺北市	信義區	信義區松仁路與莊敬路口	25.026705	121.5683843	0	0	1	3	8	5	5	4	1	1	5	4	5	13	2	1	9	4	5	2	12	1	9	1	5	2	10	1		1	3	12	
113	4	21	22	13	臺北市	中正區	中正區南海路與重慶南路2段口	25.0318759	121.5144677	0	0	1	2	7	5	5	4	1	1	5	4	5	13	1	1	1	4	5	2	17	1	7	1	5	1	10	1		2	2	14	
113	4	21	22	33	臺北市	松山區	松山區松山路與市民大道5段口	25.0495519	121.5776547	0	0	1	2	7	5	5	4	1	1	5	4	5	13	2	1	1	4	5	2	16	4	6	1	3	2	8	1		1	3	7	