年	月	日	時	分	縣市	行政區	allLocation	GoogleLat	GoogleLng	死	2-30	受傷	當事人數	天候	道路照明設備	道路類別	道路型態	事故位置	路面狀況1	路面狀況2	路面狀況3	道路障礙1	道路障礙2	號誌1	號誌2	車道劃分-分向	車道劃分-分道1	車道劃分-分道2	車道劃分-分道3	事故類型及型態	行動電話	當事者行動狀態	駕駛資格情形	保護裝置	飲酒情形	駕駛執照種類	個人肇逃否	肇因碼-主要	性別	受傷程度	車輛撞擊部位1	車輛撞擊部位2
113	4	21	23	40	臺北市	中山區	中山區民權東路2段與民權東路口側附近2段152巷口	25.0623238	121.534908	0	0	1	2	8	5	5	4	1	1	5	4	5	13	1	1	1	4	4	2	16	4	6	1	3	1	8	1		1	3	5	
113	4	22	4	26	臺北市	文山區	文山區溪洲街82巷(第0703943號燈桿)	25.0098251	121.5347314	0	0	1	2	8	5	5	11	9	1	5	4	5	13	4	4	10	5	5	2	18	1	5	1	6	11	10	1		2	2	14	
113	4	22	7	0	臺北市	中正區	中正區中華路2段51號	25.0348244	121.5060496	0	0	2	2	8	6	5	14	9	1	5	4	5	13	4	4	1	4	5	1	12	1	9	1	5	2	10	1		2	2	12	
113	4	22	7	8	臺北市	萬華區	萬華區中華路1段138號	25.0434224	121.5084913	1	0	0	2	7	6	5	14	9	1	5	4	5	13	4	4	3	3	5	2	13	4	9	1	5	9	10	1		1	1	11	
113	4	22	7	43	臺北市	中正區	中正區思源街與汀州路3段口	25.0148104	121.5319636	0	0	1	2	8	6	5	3	2	1	5	4	5	13	1	1	3	4	5	2	17	1	7	1	5	11	11	1		2	2	14	
113	4	22	7	58	臺北市	文山區	文山區木柵路1段111號	24.9871873	121.5482482	0	0	2	2	8	6	5	14	9	1	5	4	5	13	4	4	5	4	5	2	16	1	5	1	6	1	10	1		2	2	11	
113	4	22	8	17	臺北市	北投區	北投區明德路190號	25.1122534	121.5217185	0	0	1	3	8	6	5	14	9	1	5	4	5	13	3	1	5	4	5	2	17	1	14	1	7	1	8	1		2	3	4	
113	4	22	8	30	臺北市	南港區	南港區忠孝東路6段與玉成街口	25.0453062	121.5826508	0	0	2	3	8	7	5	5	1	1	5	4	5	13	2	1	1	4	5	2	16	1	5	1	7	2	8	1		1	3	6	
113	4	22	8	40	臺北市	內湖區	內湖區安康路22巷33號	25.0613283	121.593847	0	0	1	2	7	6	5	14	9	1	5	4	5	13	4	4	9	5	5	2	16	1	5	1	7	1	8	1		1	3	2	
113	4	22	8	40	臺北市	南港區	南港區市民大道7段與向陽路口口	25.051436	121.5953361	0	0	3	4	8	6	5	4	1	1	5	4	5	13	2	1	3	4	5	2	16	1	5	1	6	1	10	1		2	2	14	
113	4	22	8	55	臺北市	松山區	松山區民權東路4段西往東第0201183號燈桿	25.06241645	121.5607997	0	0	1	2	8	6	5	14	8	1	5	4	5	13	4	4	1	4	4	2	13	4	8	1	7	1	8	1		1	3	6	
113	4	22	9	50	臺北市	文山區	文山區木新路3段與樟新街口	24.9802418	121.5549423	0	0	1	2	7	6	5	3	1	1	5	4	5	13	1	1	5	4	5	2	16	1	5	3	5	9	18	1		1	2	14	
113	4	22	10	30	臺北市	信義區	信義區松仁路281巷與信義路5段150巷401弄口	25.0241398	121.570232	0	0	1	2	7	6	5	4	1	1	5	4	5	13	4	4	9	4	5	1	17	4	5	8	3	1	20	1		2	2	12	
113	4	22	11	2	臺北市	南港區	與無名巷口(東明街62號)	25.0550762	121.6033285	0	0	2	2	7	7	5	3	1	1	5	4	5	13	3	1	4	4	5	2	16	1	5	1	6	1	10	1		1	2	11	
113	4	22	11	15	臺北市	中正區	中正區杭州南路2段與愛國東路口	25.0322763	121.5225292	0	0	1	2	6	7	5	4	1	1	4	4	5	13	1	1	2	4	5	2	17	1	9	1	6	11	10	2		4	2	14	
113	4	22	11	22	臺北市	內湖區	內湖區康寧路3段與東湖路口	25.0688609	121.6120398	0	0	1	2	6	5	5	3	1	1	4	4	5	13	1	1	1	4	4	2	13	1	9	1	7	1	8	1		1	3	8	
113	4	22	11	27	臺北市	中山區	中山區北安路139號	25.0779225	121.5338915	0	0	1	2	6	7	5	14	9	1	4	4	5	13	4	4	9	4	5	2	17	4	21	7	3	11	19	2		2	4	15	
113	4	22	11	27	臺北市	萬華區	萬華區康定路25巷39號	25.0437047	121.5046254	0	0	1	2	8	7	5	14	7	1	5	4	5	13	4	4	10	5	5	2	9	1	9	1	7	11	8	1		1	3	2	
113	4	22	11	40	臺北市	中山區	中山區八德路2段與八德路2段267巷口	25.0469638	121.5414896	0	0	2	2	6	7	5	4	1	1	4	4	5	13	2	1	5	4	5	2	16	4	5	1	6	1	10	1		2	2	14	
113	4	22	11	47	臺北市	士林區	士林區中山北路5段與中山北路5段282巷口	25.08761268	121.5271471	0	0	1	2	6	6	5	3	1	1	4	4	5	13	4	4	1	4	5	1	13	1	9	1	5	1	10	1		1	2	11	
113	4	22	11	51	臺北市	大同區	大同區台北橋機慢車道往西（第一根燈桿）	25.0630611	121.5108258	0	0	1	2	6	7	7	12	11	1	4	4	5	13	4	4	1	4	5	2	13	1	12	1	7	1	8	1		1	3	3	
113	4	22	12	5	臺北市	士林區	士林區文昌路與美崙街口	25.09726023	121.5206794	0	0	2	3	7	5	5	4	1	1	4	4	5	13	2	1	5	5	5	1	17	1	6	1	7	1	8	1		1	3	17	
113	4	22	12	13	臺北市	信義區	信義區仁愛路4段與一號道路口	25.0374324	121.5619624	0	0	1	2	6	6	5	3	2	1	4	4	5	13	2	1	9	4	5	1	18	4	9	1	3	1	10	1		1	2	14	
113	4	22	12	13	臺北市	士林區	士林區中山北路5段與文林路口	25.0861231	121.5256877	0	0	1	2	6	6	5	3	2	1	4	4	5	13	2	1	1	4	1	1	13	1	9	1	5	1	10	1		1	2	11	
113	4	22	12	32	臺北市	大同區	大同區延平北路2段90號	25.0562089	121.5116099	0	0	1	2	7	7	5	14	9	1	4	4	5	13	4	4	5	4	5	2	16	1	11	1	7	1	8	1		1	3	4	
113	4	22	12	41	臺北市	松山區	松山區東興路與東興路2巷口	25.0507425	121.5653406	0	0	3	3	8	6	5	4	2	1	5	4	5	12	4	4	8	3	4	2	17	1	15	1	5	1	10	1		1	2	12	
113	4	22	12	46	臺北市	北投區	北投區中央北路4段與中央北路4段354巷口	25.1301385	121.4718511	0	0	3	3	8	7	5	3	1	1	5	4	5	13	4	4	5	4	5	2	13	1	9	1	7	1	8	1		1	2	1	
113	4	22	13	32	臺北市	文山區	文山區興隆路2段與興隆路2段244巷口	25.0010861	121.5538601	0	0	1	2	7	6	5	3	1	1	5	4	5	13	4	4	5	5	5	2	17	1	5	1	7	1	4	1		1	3	4	
113	4	22	13	55	臺北市	中山區	中山區八德路2段174巷24弄與建國南路1段口	25.0454157	121.5369733	0	0	2	2	7	6	6	3	1	1	5	4	5	13	4	4	9	4	5	2	16	1	9	8	2	2	20	1		1	2	11	
113	4	22	13	57	臺北市	士林區	士林區格致路44號	25.13737775	121.5465073	0	0	1	2	7	5	5	14	9	1	4	4	5	13	4	4	5	5	5	1	2	1	9	1	7	2	8	1		1	3	2	
113	4	22	14	12	臺北市	文山區	文山區景豐街31巷與景豐街37巷7弄口	25.0000016	121.5454897	0	0	2	2	8	6	5	4	1	1	5	4	5	13	4	4	10	5	5	2	15	1	9	1	6	2	10	1		2	2	12	
113	4	22	14	30	臺北市	大安區	大安區忠孝東路3段與忠孝東路3段248巷口	25.0415529	121.5413021	0	0	1	2	7	6	5	3	1	1	5	4	5	13	3	1	5	4	5	1	16	4	6	1	3	1	8	1		1	3	2	
113	4	22	14	36	臺北市	內湖區	內湖區成功路4段37號	25.081192	121.591402	0	0	1	2	7	6	5	14	7	1	5	4	5	13	2	1	1	4	4	2	3	4	1	1	3	2	4	1		1	3	8	
113	4	22	14	44	臺北市	中山區	中山區中山北路1段與長安東路1段口	25.0500173	121.5218459	0	0	1	2	8	5	5	4	2	1	5	4	5	13	2	1	3	4	5	2	13	4	8	1	3	1	4	1		1	3	3	
113	4	22	14	51	臺北市	中山區	中山區建國北路1段11巷與建國北路1段口	25.04829828	121.5297011	0	0	2	2	7	7	5	4	2	1	5	4	5	13	4	4	1	3	5	1	16	1	9	1	6	1	10	1		1	2	14	
113	4	22	14	51	臺北市	中正區	中正區中山南路與青島東路口	25.04462544	121.5194194	0	0	1	2	7	6	5	4	2	1	5	4	5	13	1	1	1	4	5	2	29	1	15	1	6	11	10	1		1	3	13	
113	4	22	15	5	臺北市	信義區	信義區基隆路1段139號	25.0430986	121.5658065	0	0	1	3	7	5	8	22	22	1	5	4	5	13	1	1	1	4	5	2	17	1	8	1	5	1	10	1		2	2	12	
113	4	22	15	12	臺北市	內湖區	與康寧路3段引道口(民權東路6段300號前)	25.072832	121.6054691	0	0	1	2	7	6	8	22	22	1	5	4	5	13	4	4	1	4	4	2	16	1	6	1	7	1	8	1		1	3	5	
113	4	22	15	59	臺北市	內湖區	內湖區成功路2段與新明路口	25.0606202	121.5912293	0	0	2	2	8	6	5	4	2	1	5	4	5	13	2	1	2	4	5	1	17	1	5	1	7	2	8	1		1	2	2	
113	4	22	16	33	臺北市	北投區	北投區承德路7段168巷7號	25.11392519	121.5084754	0	0	1	2	7	7	5	14	9	1	5	4	3	10	4	4	10	5	5	2	17	1	1	1	7	1	8	1		1	3	8	
113	4	22	16	36	臺北市	中山區	中山區市民大道2段與新生北路1段口	25.0463315	121.5315505	0	0	1	2	8	6	6	4	1	1	4	4	5	13	1	1	1	4	5	2	12	4	8	1	3	1	8	1		1	3	2	
113	4	22	16	40	臺北市	士林區	士林區中山北路5段與中山北路5段704巷口	25.0978362	121.5274347	0	0	1	2	7	6	5	5	1	1	5	4	5	13	2	1	3	4	5	2	16	1	5	1	7	1	4	1		1	3	2	
113	4	22	16	40	臺北市	萬華區	萬華區長順街與堤外便道口	25.03424859	121.4894093	0	0	1	2	8	5	5	14	9	1	5	4	5	13	4	4	5	5	5	2	17	4	9	1	6	1	10	1		1	2	11	
113	4	22	16	44	臺北市	士林區	士林區通河西街1段與通河西街1段口堤外便道	25.08590342	121.5126406	0	0	1	2	7	5	5	3	1	1	4	4	5	13	4	4	10	5	5	2	17	4	1	7	3	9	19	2		1	4	17	
113	4	22	16	51	臺北市	大安區	大安區忠孝東路4段17巷與忠孝東路4段口	25.0417316	121.5444504	0	0	1	2	8	5	5	3	2	1	4	4	5	13	4	4	1	1	5	2	17	1	9	1	7	1	4	1		1	3	8	
113	4	22	16	55	臺北市	萬華區	萬華區桂林路101號	25.038533	121.501212	0	0	1	2	7	5	5	14	7	1	4	4	5	13	4	4	4	3	5	2	17	1	9	1	5	1	10	1		2	3	15	
113	4	22	17	28	臺北市	南港區	南港區南港路1段與經貿一路口	25.054843	121.6185721	0	0	1	2	8	7	5	3	1	1	5	4	5	13	2	1	1	4	5	2	17	1	5	8	4	2	20	1		2	2	14	
113	4	22	17	39	臺北市	內湖區	內湖區新湖三路與舊宗路1段口	25.0635089	121.5766375	0	0	1	2	7	6	5	4	1	1	5	4	5	13	1	1	5	4	5	2	16	1	5	1	5	1	10	1		2	2	13	
113	4	22	18	0	臺北市	中山區	中山區撫順街與天祥路口	25.06361035	121.5207159	0	0	1	2	7	6	5	4	2	1	5	4	5	13	4	4	5	4	5	2	17	1	9	1	6	9	10	1		1	2	12	
113	4	22	18	26	臺北市	中正區	中正區中山南路與信義路1段口	25.03842881	121.517963	0	0	2	2	8	5	5	22	18	1	5	4	5	13	2	1	5	4	5	2	3	1	9	1	5	2	10	1		1	2	11	
113	4	22	18	35	臺北市	文山區	文山區興隆路3段與萬芳路口	24.9967549	121.5598575	0	0	1	2	8	5	5	4	1	1	5	4	5	13	2	1	1	4	5	2	16	1	5	1	7	1	8	1		1	3	6	
113	4	22	19	10	臺北市	北投區	北投區軟橋街與文林北路5巷口	25.0999857	121.5172229	0	0	1	2	7	5	5	3	1	1	5	4	5	13	4	4	5	4	5	1	16	1	5	1	7	2	8	1		2	3	8	
113	4	22	19	16	臺北市	萬華區	萬華區寶興街與民和街口	25.0242898	121.4951153	0	0	1	2	7	5	5	3	1	1	5	4	5	13	4	4	9	5	5	2	17	4	5	1	7	1	8	1		1	3	8	
113	4	22	20	13	臺北市	大安區	大安區臥龍街與安居街口口	25.0180372	121.551508	0	0	1	2	7	5	5	3	1	1	5	4	5	13	4	4	5	3	5	2	1	1	9	1	7	1	8	1		2	3	1	
113	4	22	20	15	臺北市	中山區	中山區松江路與錦州街口	25.0604778	121.5330621	0	0	2	2	8	5	5	4	2	1	5	4	5	13	1	1	1	4	5	2	13	4	14	1	3	1	10	1		2	2	17	
113	4	22	20	19	臺北市	士林區	士林區中正路與文林路口	25.0950533	121.5246641	0	0	1	2	7	5	5	4	1	1	5	4	5	13	2	1	1	4	5	2	12	1	7	1	6	1	10	1		2	3	14	
113	4	22	20	20	臺北市	中正區	中正區重慶南路1段與開封街1段口	25.0459762	121.5132897	0	0	1	2	7	5	5	4	1	1	5	4	5	13	1	1	10	4	5	2	16	1	5	1	6	2	10	1		1	3	14	
113	4	22	20	22	臺北市	南港區	南港區八德路4段與中坡北路口	25.0503073	121.579616	0	0	1	2	7	5	5	4	2	1	4	4	5	13	1	1	1	4	5	2	16	1	5	1	6	1	10	1		1	3	13	
113	4	22	20	27	臺北市	中山區	中山區中山北路3段與民族東路口	25.06823426	121.5229173	0	0	2	2	7	5	5	4	2	1	5	4	5	13	1	1	8	4	5	2	13	1	9	1	6	1	10	1		2	2	11	
113	4	22	21	53	臺北市	中正區	中正區濟南路2段與臨沂街口	25.04066	121.5300778	0	0	2	2	8	5	5	4	1	1	5	4	5	13	4	4	5	4	5	2	15	1	9	1	5	2	10	1		1	2	11	
113	4	22	22	7	臺北市	士林區	士林區中山北路5段250號對面	25.0873707	121.5266205	0	0	2	3	7	5	5	14	9	1	5	4	5	13	2	1	1	4	5	2	12	1	11	1	6	1	10	1		1	3	14	
113	4	22	22	18	臺北市	南港區	南港區忠孝東路7段與中南街口	25.0530318	121.6152573	0	0	1	2	8	5	5	4	2	1	5	4	5	13	1	1	5	4	5	2	17	1	5	1	5	1	10	1		1	2	14	
113	4	22	22	40	臺北市	萬華區	萬華區環河南路2段245號	25.0296339	121.4893103	0	0	1	2	8	5	5	22	6	1	5	4	5	13	4	4	10	5	5	2	9	4	11	1	7	1	8	1		1	3	8	
113	4	22	23	51	臺北市	萬華區	萬華區和平西路3段235號	25.03538176	121.4958362	0	0	1	2	8	5	5	14	7	1	5	4	5	13	4	4	5	5	5	2	3	5	16	8	4	10	20	1		1	2	16	
113	4	23	0	16	臺北市	大同區	大同區市民大道1段與重慶北路1段口	25.0495233	121.513472	0	0	2	3	8	7	5	5	1	1	5	4	5	13	2	1	1	4	5	2	13	1	6	1	7	2	8	1		1	3	5	
113	4	23	6	3	臺北市	松山區	松山區健康路11號	25.05334179	121.5524625	0	0	1	8	6	6	5	14	9	1	4	4	5	13	4	4	8	5	5	2	29	4	9	1	2	2	8	1		1	2	1	
113	4	23	6	31	臺北市	萬華區	萬華區西園路2段與寶興街口	25.0268306	121.4936882	0	0	2	2	6	6	5	4	1	1	4	4	5	13	2	1	1	4	5	2	17	1	9	8	4	1	20	1		2	2	14	14
113	4	23	7	0	臺北市	大安區	大安區瑞安街109號	25.027413	121.5401716	0	0	1	2	7	7	5	14	9	1	4	4	5	13	4	4	10	5	5	2	11	4	9	8	3	1	20	1		1	2	11	
113	4	23	7	15	臺北市	大同區	大同區民權西路與民權西路144巷口	25.06289194	121.515927	0	0	1	2	7	5	5	4	2	1	4	4	5	13	1	1	1	4	1	1	16	1	8	1	7	2	8	1		1	3	2	
113	4	23	7	32	臺北市	大安區	大安區大安路1段與東豐街口	25.0358045	121.5460273	0	0	1	2	6	6	5	14	7	1	4	4	5	13	2	1	9	5	4	1	13	4	9	1	3	1	10	1		2	2	14	
113	4	23	7	35	臺北市	松山區	松山區塔悠路29號	25.05059489	121.5715633	0	0	1	2	7	6	5	14	9	1	4	4	5	13	4	4	1	4	4	2	12	4	8	7	3	9	19	2		1	4	15	
113	4	23	7	56	臺北市	內湖區	內湖區港墘路221巷33號	25.07376279	121.5745954	0	0	1	2	7	6	5	14	20	5	4	4	5	13	4	4	10	5	5	2	17	4	1	7	3	11	19	2		1	4	17	
113	4	23	7	57	臺北市	中正區	中正區貴陽街1段與懷寧街口	25.03870901	121.5137285	0	0	2	2	8	6	5	3	1	1	5	4	5	13	4	4	10	5	5	2	13	4	15	1	6	2	10	1		2	2	13	
113	4	23	8	0	臺北市	北投區	北投區溫泉路與溫泉路68巷口	25.13507527	121.5048332	0	0	2	3	8	6	5	3	2	1	5	4	5	13	4	4	5	5	5	2	17	1	9	1	7	1	8	1		1	3	8	
113	4	23	8	14	臺北市	內湖區	內湖區成功路4段188號	25.0840719	121.5949091	0	0	1	2	8	5	5	14	9	1	5	4	5	13	1	1	1	4	5	1	17	1	9	1	7	9	8	1		1	3	4	
113	4	23	8	30	臺北市	信義區	信義區永吉路200巷56弄4號	25.0434443	121.5722491	0	0	2	2	7	6	5	14	9	1	5	4	5	13	4	4	9	5	5	2	17	1	11	1	5	9	10	1		2	2	11	
113	4	23	8	38	臺北市	大安區	大安區復興南路1段與仁愛路4段口	25.0377445	121.5437883	0	0	1	2	7	6	5	4	1	1	5	4	5	13	2	1	1	5	5	1	12	4	8	1	3	1	8	1		1	3	5	
113	4	23	8	48	臺北市	萬華區	萬華區堤外便道(貴陽疏散門前)	25.0413754	121.4989357	0	0	3	4	8	6	5	14	11	1	5	4	5	13	2	1	3	4	5	2	17	1	9	1	6	1	10	2		2	2	11	14
113	4	23	8	53	臺北市	萬華區	萬華區和平西路3段與桂林路246巷口	25.035894	121.4911431	0	0	1	3	7	6	5	4	1	1	5	4	5	13	3	1	3	3	5	2	17	4	6	1	3	1	8	1		1	3	17	
113	4	23	9	10	臺北市	中正區	中正區中山南路與信義路1段口	25.03866693	121.517903	0	0	1	2	8	6	5	5	1	1	5	4	5	13	2	1	5	4	5	2	16	1	7	1	5	2	10	1		1	2	14	
113	4	23	10	43	臺北市	中正區	中正區襄陽路與懷寧街口	25.04336677	121.5140771	0	0	2	2	8	6	5	4	1	1	5	4	5	13	1	1	10	4	5	2	16	4	5	1	6	1	10	1		1	2	12	
113	4	23	10	52	臺北市	大安區	大安區仁愛路3段與建國南路1段口	25.0381681	121.537624	0	0	1	2	7	6	5	5	1	1	5	4	5	13	1	1	1	3	5	2	17	1	9	1	7	11	4	1		1	3	17	
113	4	23	11	0	臺北市	松山區	松山區八德路4段與虎林街口	25.05003	121.5759676	0	0	1	3	7	6	5	3	1	1	5	4	5	13	2	1	3	3	4	2	15	1	9	1	7	2	8	1		1	3	1	
113	4	23	11	40	臺北市	中山區	中山區北安路與大直街口	25.0799034	121.5473125	0	0	1	2	7	6	5	4	1	2	5	4	5	13	1	1	1	4	5	2	17	1	5	1	5	1	10	1		2	2	14	
113	4	23	12	10	臺北市	中山區	中山區林森北路與錦州街口	25.0603052	121.5255607	0	0	2	4	7	7	5	4	1	1	5	4	3	13	2	1	5	4	5	2	13	4	9	1	5	1	10	1		1	2	12	
113	4	23	12	29	臺北市	信義區	信義區吳興街281巷與吳興街281巷47弄口	25.0265206	121.565458	0	0	1	2	8	6	5	3	2	1	5	4	5	13	4	4	10	5	5	2	17	1	5	1	6	2	10	1		2	3	14	
113	4	23	12	39	臺北市	大安區	大安區基隆路4段台大停車場	25.01241062	121.5383632	0	0	1	2	7	5	5	14	20	1	5	4	5	13	4	4	10	5	5	2	17	1	1	1	5	1	10	1		1	3	11	
113	4	23	12	59	臺北市	萬華區	萬華區環河南路1段348巷與桂林路口	25.0388042	121.4961066	0	0	1	2	7	5	5	5	1	1	5	4	5	13	2	1	1	3	5	1	16	4	5	1	3	1	8	1		1	3	2	
113	4	23	13	7	臺北市	內湖區	內湖區安美街與潭美街口	25.06049335	121.5968567	0	0	2	2	8	6	5	3	2	1	5	4	5	13	2	1	5	5	5	2	17	1	14	1	5	1	10	1		1	2	15	
113	4	23	13	14	臺北市	萬華區	萬華區大理街與西園路1段口	25.0344979	121.4988225	0	0	1	2	8	7	5	4	1	1	5	4	5	13	1	1	1	4	5	2	13	1	9	6	6	2	18	1		1	3	12	
113	4	23	13	15	臺北市	北投區	北投區立賢路168號	25.1144389	121.5024468	0	0	2	3	8	7	5	14	9	1	5	4	5	13	2	1	1	4	5	2	13	4	9	1	3	2	8	1		2	2	1	
113	4	23	13	17	臺北市	大安區	大安區信義路2段10巷8弄與信義路2段10巷口	25.0343551	121.5246699	0	0	1	2	7	6	5	4	1	1	5	4	5	13	4	4	10	5	5	2	15	1	9	8	4	1	20	1		1	2	11	
113	4	23	13	55	臺北市	中正區	中正區重慶南路1段與貴陽街1段口	25.038813	121.5129195	0	0	2	2	8	7	5	4	1	1	5	4	5	13	1	1	10	5	5	2	16	1	8	1	5	2	10	1		2	2	12	
113	4	23	13	58	臺北市	北投區	北投區大業路與北投路2段口	25.1341282	121.4961846	0	0	1	3	8	7	5	5	2	1	5	4	5	13	2	1	3	4	5	2	17	1	7	1	6	1	10	1		2	2	12	
113	4	23	14	12	臺北市	中正區	中正區汀州路3段與羅斯福路4段90巷口	25.0135787	121.534421	0	0	2	2	8	6	5	4	1	1	5	4	5	13	1	1	5	2	5	2	3	1	9	1	5	2	10	1		2	2	11	
113	4	23	14	20	臺北市	萬華區	萬華區萬青街與萬青街118巷口口	25.024443	121.5016815	0	0	2	2	7	6	5	5	1	1	5	4	5	13	4	4	10	5	5	1	17	4	6	1	3	1	10	1		1	2	14	
113	4	23	14	37	臺北市	信義區	信義區信義路5段台北101世貿站2號出口	25.0329151	121.561608	0	0	1	2	8	7	5	14	9	1	5	4	5	13	4	4	5	5	5	2	18	1	15	1	5	9	10	1		1	2	12	
113	4	23	14	58	臺北市	士林區	士林區延平北路8段2巷200弄與延平北路8段口堤外	25.1112786	121.4935083	0	0	3	4	7	6	5	4	1	1	5	4	5	13	4	4	10	5	5	1	17	1	10	1	6	1	10	1		2	2	14	
113	4	23	15	13	臺北市	士林區	士林區文林路與福國路口	25.1018311	121.5207895	0	0	1	2	8	6	5	5	2	1	5	4	5	13	2	1	1	4	5	1	13	1	9	1	7	2	8	1		1	3	8	
113	4	23	15	36	臺北市	士林區	士林區仰德大道2段200號	25.11096029	121.5491616	0	0	1	2	8	5	5	14	9	1	5	4	5	13	4	4	5	5	5	2	12	1	9	1	6	2	10	1		2	2	14	
113	4	23	16	8	臺北市	中正區	中正區思源街1號	25.0136448	121.5306633	0	0	2	2	8	7	5	14	23	1	5	4	5	13	4	4	10	4	5	2	16	1	5	8	4	1	20	1		1	2	13	
113	4	23	16	17	臺北市	內湖區	內湖區港墘路與港墘路37巷口	25.08217941	121.5783033	0	0	1	2	8	6	5	4	2	1	5	4	5	13	2	1	5	5	5	2	17	1	5	1	7	2	8	1		1	3	5	
113	4	23	16	19	臺北市	大安區	大安區芳蘭路第71號停車格	25.0132311	121.5459037	0	0	1	2	8	7	5	14	9	1	5	4	5	13	4	4	9	5	5	1	12	4	1	1	3	1	8	1		1	3	7	
113	4	23	16	44	臺北市	內湖區	內湖區內湖路3段72巷與碧山路7巷口	25.0878897	121.5911601	0	0	1	4	7	6	8	3	2	1	5	4	4	12	4	4	10	5	5	1	17	1	15	1	5	1	8	1		2	2	11	
113	4	23	17	4	臺北市	士林區	士林區文林路與德行西路口	25.1033895	121.5197092	0	0	2	3	8	5	5	4	1	1	5	4	5	13	2	1	5	5	5	2	12	1	6	1	7	2	2	1		1	3	2	
113	4	23	17	7	臺北市	中山區	中山區安東街16巷與八德路2段210巷口	25.045367	121.5393807	0	0	1	2	8	6	5	4	1	1	5	4	5	13	4	4	10	5	5	2	15	1	9	1	7	1	8	1		1	3	4	
113	4	23	17	11	臺北市	信義區	信義區信義路5段與松德路口口	25.0335625	121.5746714	0	0	1	3	7	5	8	22	22	1	5	4	5	13	1	1	1	4	5	2	29	1	6	1	5	1	10	1		1	2	14	
113	4	23	17	25	臺北市	大安區	大安區新生南路1段97巷與忠孝東路3段44巷口口	25.0412375	121.5350667	0	0	1	2	7	6	8	4	1	1	5	4	5	13	4	4	10	5	5	2	15	4	9	1	3	1	8	1		1	3	1	
113	4	23	17	39	臺北市	萬華區	萬華區萬大路504號	25.01917712	121.4970812	0	0	1	2	8	5	8	22	22	1	5	4	5	13	4	4	10	5	5	2	17	4	9	1	3	1	10	1		1	2	11	
113	4	23	17	57	臺北市	萬華區	萬華區大理街與大理街20巷口	25.03461863	121.5022517	0	0	2	2	8	5	5	4	1	1	5	4	5	13	4	4	10	5	5	2	15	1	9	6	5	1	10	1		1	2	14	
113	4	23	18	20	臺北市	文山區	文山區辛亥路6段與木柵路1段口	24.98787647	121.5523155	0	0	1	2	8	5	5	14	9	1	5	4	5	13	1	1	1	4	5	2	16	1	5	1	6	2	10	1		1	2	11	12
113	4	23	18	21	臺北市	信義區	信義區忠孝東路4段與逸仙路口	25.0411706	121.5620393	0	0	2	3	8	6	5	3	2	1	5	4	5	13	2	1	1	4	1	2	12	1	8	1	7	11	4	2		1	3	6	
113	4	23	18	29	臺北市	信義區	信義區基隆路2段115號	25.0286722	121.5571616	0	0	2	3	7	5	8	22	22	1	5	4	5	13	4	4	1	4	5	2	17	1	9	1	6	2	10	1		2	2	12	
113	4	23	19	2	臺北市	南港區	南港區經貿一路北往南第一根路燈	25.0551013	121.6187523	0	0	1	2	8	5	5	14	9	1	5	4	5	13	4	4	1	3	5	2	13	4	9	1	3	2	8	1		1	3	3	
113	4	23	19	48	臺北市	大安區	大安區師大路128號	25.0215089	121.5278993	0	0	1	2	8	5	5	14	9	1	5	4	5	13	4	4	5	5	5	2	17	1	9	8	4	1	20	1		1	2	13	
113	4	23	19	53	臺北市	文山區	文山區木柵路2段143號對面	24.98890464	121.5626227	0	0	1	2	7	5	5	14	9	1	5	4	5	13	4	4	5	4	5	2	11	4	1	1	3	1	8	1		2	3	8	
113	4	23	19	56	臺北市	內湖區	內湖區成功路2段與成功路2段245巷口	25.068018	121.5908565	0	0	1	2	8	5	5	3	1	1	5	4	5	13	4	4	1	4	5	2	16	1	6	1	7	2	8	1		1	3	5	
113	4	23	20	0	臺北市	文山區	文山區辛亥路5段與辛亥路5段25巷口	24.9998621	121.5541161	0	0	2	2	8	5	5	4	1	1	5	4	5	13	2	1	1	4	5	2	16	1	5	1	5	1	10	1		1	2	12	
113	4	23	20	15	臺北市	大同區	大同區重慶北路1段與南京西路口	25.0540342	121.5139811	0	0	1	2	7	5	5	5	1	1	4	4	5	13	2	1	5	4	5	2	9	1	12	1	7	1	2	1		1	3	15	
113	4	23	20	58	臺北市	中山區	中山區市民大道3段與松江路口	25.04554097	121.533048	0	0	1	2	8	6	5	4	1	1	5	4	5	13	1	1	1	4	5	2	16	1	6	1	3	1	8	1		1	3	2	
113	4	23	21	35	臺北市	中山區	中山區新生北路2段與南京東路1段口	25.0522107	121.527247	0	0	1	2	7	5	5	4	2	1	5	4	5	13	1	1	1	4	4	2	12	1	8	1	7	1	4	1		1	3	6	
113	4	23	21	37	臺北市	信義區	信義區基隆路1段與忠孝東路5段口	25.0412405	121.5646536	0	0	1	2	8	7	5	4	1	1	5	4	5	13	2	1	3	4	5	2	13	1	9	1	5	2	10	1		1	3	11	
113	4	23	22	33	臺北市	信義區	信義區信安街與崇德街口	25.0240038	121.5557401	0	0	1	2	8	6	5	4	2	1	5	4	5	13	2	1	9	5	5	2	16	1	9	1	5	1	10	1		1	3	11	
113	4	23	22	42	臺北市	內湖區	內湖區洲子街與瑞光路513巷口	25.0803226	121.5702072	0	0	1	2	8	5	5	4	18	1	5	4	5	13	2	1	5	4	5	1	3	1	5	1	7	1	8	1		2	3	1	