年	月	日	時	分	縣市	行政區	allLocation	GoogleLat	GoogleLng	死	2-30	受傷	當事人數	天候	道路照明設備	道路類別	道路型態	事故位置	路面狀況1	路面狀況2	路面狀況3	道路障礙1	道路障礙2	號誌1	號誌2	車道劃分-分向	車道劃分-分道1	車道劃分-分道2	車道劃分-分道3	事故類型及型態	行動電話	當事者行動狀態	駕駛資格情形	保護裝置	飲酒情形	駕駛執照種類	個人肇逃否	肇因碼-主要	性別	受傷程度	車輛撞擊部位1	車輛撞擊部位2
113	4	23	22	44	臺北市	大安區	大安區仁愛路3段與新生南路1段口	25.0378043	121.5329335	0	0	2	2	7	5	5	4	2	1	5	4	5	13	2	1	1	5	5	1	1	1	9	1	5	2	9	1		1	2	14	
113	4	23	22	51	臺北市	文山區	文山區興隆路1段與興隆路1段251巷口	24.9994683	121.5440936	0	0	2	3	7	5	5	3	1	1	5	4	5	13	2	1	1	4	5	2	16	1	5	1	7	2	8	1		1	3	5	
113	4	23	22	58	臺北市	中正區	中正區汀州路1段269號	25.0263219	121.5134543	0	0	2	2	7	5	5	14	9	1	5	4	5	13	4	4	9	5	5	2	12	1	1	1	5	2	10	1		2	2	12	
113	4	23	23	16	臺北市	內湖區	內湖區民權東路6段與民權東路6段174巷口	25.06886786	121.5919484	0	0	1	2	8	5	5	14	9	1	5	3	5	13	4	4	1	4	5	2	18	1	9	1	5	2	11	1		2	2	12	
113	4	23	23	30	臺北市	文山區	文山區木柵路4段10號	24.99514347	121.5717909	0	0	2	2	7	5	5	14	9	1	4	4	5	13	4	4	5	4	5	1	17	1	7	3	7	2	18	1		1	2	1	
113	4	24	0	47	臺北市	松山區	松山區八德路4段與八德路4段245巷口	25.0489543	121.5648718	0	0	2	2	7	5	6	3	1	1	4	4	5	13	3	1	4	3	5	1	16	1	15	1	3	1	10	1		1	2	11	
113	4	24	5	46	臺北市	內湖區	內湖區瑞光路與瑞光路口側附近235巷口	25.07454735	121.5778911	0	0	1	2	6	7	5	4	2	1	4	4	5	13	1	1	5	4	5	2	3	1	9	1	5	1	10	1		2	3	11	
113	4	24	6	35	臺北市	中正區	中正區市民大道2段與林森北路口	25.047709	121.5239185	0	0	2	2	6	7	5	4	4	1	4	4	5	13	1	1	1	4	5	2	13	1	15	1	5	1	10	1		1	2	12	
113	4	24	7	8	臺北市	信義區	信義區虎林街與松山路238巷口	25.0443612	121.5771778	0	0	1	2	6	5	5	4	2	1	4	4	5	13	4	4	5	5	5	2	17	1	5	1	7	11	8	2		1	3	17	
113	4	24	7	15	臺北市	中山區	中山區吉林路24號	25.0512536	121.530061	0	0	1	2	6	7	5	14	9	1	4	4	5	13	4	4	5	4	5	2	16	1	11	1	7	1	8	1		1	3	8	
113	4	24	7	16	臺北市	大安區	大安區信義路3段147巷與仁愛路3段口	25.0377931	121.5419368	0	0	1	3	6	7	5	3	1	1	4	4	5	13	4	4	1	4	1	2	15	4	9	1	3	1	10	1		1	2	12	
113	4	24	8	24	臺北市	北投區	北投區公館路423巷6號停車格	25.12042232	121.5033593	0	0	1	4	6	6	5	14	9	1	4	4	5	13	4	4	10	5	5	2	1	1	9	1	7	2	8	1		1	3	5	
113	4	24	8	25	臺北市	內湖區	內湖區金湖路289號	25.07525455	121.6012474	0	0	1	2	6	7	5	14	9	1	4	4	5	13	4	4	1	4	5	2	17	1	11	1	7	1	8	1		1	3	8	
113	4	24	8	40	臺北市	士林區	士林區德行西路與磺溪街口	25.10551425	121.5230917	0	0	1	2	6	6	5	3	2	1	4	4	5	13	2	1	5	4	5	2	16	1	9	1	7	2	4	1		1	3	5	
113	4	24	8	43	臺北市	大同區	大同區承德路3段與民族西路口	25.06853994	121.5187856	0	0	1	2	6	6	5	4	2	1	4	4	5	13	1	1	5	4	5	2	17	4	10	7	3	11	19	2		1	4	15	
113	4	24	8	55	臺北市	士林區	士林區中山北路5段470巷口	25.09221148	121.5279391	0	0	2	2	6	5	5	22	8	1	4	4	5	13	4	4	5	5	1	1	17	1	6	1	5	1	10	1		2	2	12	
113	4	24	8	58	臺北市	文山區	文山區木新路2段與木新路2段111巷口口	24.9844128	121.5698263	0	0	1	2	6	6	5	3	1	1	4	4	5	13	2	1	5	4	5	2	17	1	5	1	7	1	8	1		1	3	17	
113	4	24	9	0	臺北市	文山區	文山區木柵路2段與興隆路4段口	24.988579	121.5601626	0	0	1	2	6	5	5	4	2	1	4	4	5	13	2	1	1	4	5	1	12	1	1	6	7	2	18	1		1	3	1	
113	4	24	9	30	臺北市	信義區	信義區松智路與松壽路口	25.0357805	121.5655082	0	0	1	2	6	5	5	4	2	1	4	4	5	13	2	1	9	4	5	2	18	1	9	1	5	9	10	1		1	2	12	
113	4	24	9	47	臺北市	松山區	松山區復興北路與敦化北路4巷口	25.05019694	121.5440943	0	0	1	3	6	5	5	4	1	1	4	4	5	13	2	1	3	4	5	2	17	4	1	1	3	2	8	1		1	3	3	
113	4	24	9	54	臺北市	中山區	中山區八德路2段與龍江路口	25.046792	121.5405183	0	0	1	2	6	7	5	4	2	1	4	4	5	13	2	1	5	4	5	2	16	1	5	1	7	1	8	1		1	3	6	
113	4	24	10	0	臺北市	中山區	中山區中山北路3段與農安街口	25.06491493	121.5223865	0	0	1	4	6	7	5	4	1	1	4	4	5	13	2	1	9	4	5	2	13	1	9	1	6	1	10	1		1	3	11	
113	4	24	10	2	臺北市	文山區	文山區木柵路1段與光輝路口	24.98826043	121.5554239	0	0	1	3	6	6	5	14	9	1	4	4	5	13	4	4	5	4	5	2	11	1	7	1	7	2	8	1		1	3	8	
113	4	24	10	29	臺北市	中正區	中正區金門街與金門街24巷口口	25.0215007	121.5230818	0	0	1	3	6	6	5	4	1	1	4	4	3	10	4	4	10	5	5	2	15	4	9	1	3	1	4	1		1	3	8	
113	4	24	10	32	臺北市	大同區	大同區環河北路1段與歸綏街口	25.058107	121.5083765	0	0	3	5	6	6	5	14	7	1	4	4	5	13	4	4	2	3	5	1	17	4	15	1	3	2	8	1		1	3	2	
113	4	24	12	31	臺北市	文山區	文山區木新路2段與指南路1段口口	24.9876962	121.5708379	0	0	1	2	6	6	5	4	2	1	4	4	5	13	2	1	10	5	5	2	18	1	6	1	5	1	8	1		1	2	12	
113	4	24	12	38	臺北市	文山區	文山區木柵路1段323-1號對面	24.9883262	121.5560386	0	0	2	3	6	6	5	14	9	1	4	4	1	10	4	4	5	4	5	2	5	1	8	1	6	2	10	1		1	2	11	14
113	4	24	12	40	臺北市	內湖區	內湖區康寧路3段往北(P0905A柱)	25.06602023	121.6110282	0	0	1	2	6	6	5	14	9	1	4	4	5	13	4	4	1	4	5	2	12	1	9	1	7	1	4	1		1	3	2	
113	4	24	12	40	臺北市	北投區	北投區自強街5巷60號	25.1113746	121.5118893	0	0	2	2	7	6	5	11	9	1	4	4	5	13	4	4	10	5	5	2	10	1	9	1	5	1	10	1		2	2	11	
113	4	24	12	52	臺北市	中正區	中正區重慶南路2段與寧波西街口	25.0297535	121.5153847	0	0	1	2	6	7	5	4	1	1	4	4	5	13	2	1	1	4	4	2	17	1	6	1	5	9	8	2		2	3	17	
113	4	24	12	54	臺北市	中正區	中正區中山南路與徐州路口	25.0417219	121.518583	0	0	1	2	6	7	5	4	1	1	4	4	5	13	1	1	10	5	5	2	17	4	6	7	3	9	19	2		1	4	15	
113	4	24	14	0	臺北市	北投區	北投區西安街1段367號	25.1148392	121.5150399	0	0	1	2	7	7	5	14	9	1	5	4	5	13	4	4	1	5	5	2	13	4	9	1	3	2	10	1		1	3	13	
113	4	24	14	8	臺北市	大安區	大安區忠孝東路3段300號	25.0415269	121.5430803	0	0	2	3	7	7	5	14	9	1	5	4	5	13	2	1	10	3	5	1	13	2	9	1	6	1	10	1		1	2	11	
113	4	24	14	18	臺北市	萬華區	萬華區桂林路與柳州街口	25.0379997	121.5042045	0	0	1	2	7	6	5	4	1	1	5	4	5	13	2	1	9	4	5	2	16	4	6	1	3	1	8	1		1	3	2	
113	4	24	14	49	臺北市	文山區	文山區木柵路1段118號前	24.98761911	121.5512545	0	0	1	2	6	6	5	14	9	1	4	4	5	13	2	1	5	4	5	2	18	1	9	1	5	1	10	1		1	2	14	
113	4	24	15	0	臺北市	萬華區	萬華區西寧南路與貴陽街2段口	25.0394051	121.5062841	0	0	1	2	8	7	5	4	1	1	5	4	5	13	1	1	9	5	5	2	9	1	5	1	7	1	8	1		1	3	8	
113	4	24	15	17	臺北市	內湖區	內湖區安康路228巷與永保街口	25.06405114	121.6031898	0	0	2	2	7	6	5	3	1	1	5	4	5	13	4	4	5	5	5	2	15	1	1	1	5	2	10	1		2	2	13	
113	4	24	15	29	臺北市	松山區	松山區民生東路3段與敦化北路口	25.0578281	121.5485083	0	0	2	2	7	7	5	4	1	1	5	4	5	13	1	1	1	4	4	2	3	5	16	8	4	10	20	1		2	2	16	
113	4	24	16	35	臺北市	信義區	信義區市民大道5段與東興路口口	25.0482052	121.5657837	0	0	1	2	6	6	5	4	1	1	4	4	5	13	2	1	1	4	5	2	16	4	5	1	3	2	8	1		2	3	6	
113	4	24	16	37	臺北市	中正區	中正區南海路與牯嶺街口口	25.0320137	121.5150442	0	0	1	2	6	6	5	4	1	2	4	4	5	13	1	1	10	4	5	2	16	4	5	1	3	1	8	1		1	3	4	
113	4	24	16	46	臺北市	內湖區	內湖區堤外便道西向東往汐止	25.06578735	121.6178385	0	0	1	2	6	6	5	14	9	1	4	4	5	13	2	1	5	5	5	2	12	1	9	1	7	1	8	1		1	3	2	
113	4	24	16	47	臺北市	中山區	中山區市民大道3段與新生北路1段口	25.04616814	121.5309037	0	0	1	2	6	7	5	4	1	1	4	4	5	13	2	1	10	5	5	2	16	1	14	1	7	1	8	1		2	3	7	
113	4	24	17	0	臺北市	文山區	文山區興隆路3段112巷與興隆路3段116巷1弄口	24.99898148	121.5572803	0	0	1	2	6	6	5	4	1	1	4	4	5	13	4	4	10	5	5	2	16	1	5	1	6	2	10	1		1	2	12	
113	4	24	17	0	臺北市	松山區	松山區敦化北路120巷7弄與敦化北路120巷口	25.053912	121.54799	0	0	1	2	6	7	5	4	1	1	4	4	5	13	4	4	10	5	5	2	15	1	9	1	7	1	8	1		1	3	4	
113	4	24	17	20	臺北市	北投區	北投區西安街2段與致遠三路口	25.1192461	121.5117041	0	0	1	2	8	5	5	4	2	1	5	4	5	13	4	4	1	4	4	2	13	1	9	3	7	2	18	1		1	3	8	
113	4	24	17	20	臺北市	大同區	大同區南京西路與華亭街口	25.0539695	121.5130463	0	0	1	2	6	6	5	3	2	1	4	4	5	13	4	4	5	2	5	2	9	1	9	1	5	2	10	1		1	3	11	
113	4	24	17	31	臺北市	萬華區	萬華區華中橋往台北市機車道(燈桿7010522)	25.0162666	121.4956052	0	0	1	2	6	7	7	8	11	1	4	4	5	13	4	4	9	5	5	2	18	1	9	1	5	1	10	1		2	2	11	
113	4	24	17	33	臺北市	中山區	中山區市民大道3段與松江路口	25.0454674	121.5331768	0	0	1	2	6	7	5	4	2	1	4	4	5	13	2	1	10	5	5	2	13	1	9	1	6	1	10	1		2	2	11	
113	4	24	17	50	臺北市	信義區	信義區市民大道5段與東興路口東南角	25.048307	121.5661871	0	0	2	4	6	7	5	14	9	1	4	4	5	13	4	4	5	5	5	2	13	1	9	7	3	11	10	2		1	4	15	
113	4	24	17	50	臺北市	內湖區	內湖區瑞光路76巷與民權東路6段21巷口口	25.06964456	121.5795454	0	0	1	2	6	6	5	3	1	1	4	4	5	13	4	4	5	5	5	2	9	1	12	1	5	1	10	1		1	2	12	
113	4	24	17	55	臺北市	中山區	中山區天祥路與民權西路口	25.0627489	121.5208035	0	0	1	2	6	5	5	4	1	1	4	4	5	13	2	1	3	4	5	2	15	1	9	1	7	2	8	1		1	3	5	
113	4	24	18	10	臺北市	中山區	中山區長安東路1段56巷1弄與新生北路1段62巷口	25.0465297	121.53074	0	0	1	2	6	5	5	3	1	1	4	4	5	13	4	4	1	4	5	2	17	4	6	1	3	1	8	1		2	3	2	
113	4	24	18	16	臺北市	萬華區	萬華區青年路56號	25.02475171	121.5031677	0	0	2	2	6	5	5	14	9	1	4	4	5	13	4	4	9	5	5	2	3	5	16	8	4	10	20	1		2	2	16	
113	4	24	18	44	臺北市	萬華區	萬華區桂林路246巷與桂林路244巷55弄口	25.03701302	121.4926936	0	0	2	2	6	5	5	3	1	1	4	4	5	13	1	1	10	4	4	2	3	4	9	1	5	1	10	1		1	2	11	
113	4	24	18	54	臺北市	中正區	中正區羅斯福路2段100號	25.0266666	121.5225922	0	0	1	2	6	6	5	14	9	1	4	4	5	13	4	4	3	4	5	2	17	1	6	1	7	11	8	2		1	3	17	
113	4	24	19	0	臺北市	信義區	信義區忠孝東路5段與忠孝東路5段215巷口	25.0409134	121.5701902	0	0	2	2	6	5	5	3	2	1	4	4	5	13	1	1	3	3	5	2	11	1	8	1	6	1	10	1		1	2	12	
113	4	24	19	29	臺北市	中山區	中山區民權東路3段60巷與民權東路3段口	25.06226553	121.5424254	0	0	1	2	6	5	5	3	1	1	4	4	5	13	4	4	1	4	5	2	16	4	8	1	3	1	4	1		1	3	7	
113	4	24	20	0	臺北市	內湖區	內湖區康寧路1段與金湖路口	25.0789544	121.5994736	0	0	1	2	6	5	5	3	2	1	4	4	5	13	1	1	5	5	5	2	13	1	12	1	5	1	10	1		1	2	12	
113	4	24	20	7	臺北市	北投區	北投區大度路3段與關渡路口	25.1229213	121.4695167	0	0	1	2	8	5	5	3	2	1	5	4	5	13	1	1	8	3	5	2	16	1	6	1	7	1	3	1		1	3	5	
113	4	24	20	30	臺北市	士林區	士林區中正路士林捷運站1號出口廣場	25.09435676	121.5259873	0	0	2	2	6	5	8	22	22	4	4	4	5	13	4	4	10	5	5	2	9	4	6	8	3	2	20	1		2	2	14	
113	4	24	21	51	臺北市	松山區	松山區南京東路4段與敦化北路口	25.0516093	121.5495527	0	0	1	2	7	6	5	4	2	1	4	4	5	13	1	1	1	3	4	2	17	4	8	7	3	11	19	2		1	4	17	
113	4	24	22	8	臺北市	文山區	文山區光輝路與光輝路21巷口	24.9858274	121.554895	0	0	1	2	7	5	5	4	2	2	5	4	5	13	4	4	10	5	5	2	17	4	9	1	3	1	8	1		1	3	5	
113	4	24	22	13	臺北市	大安區	大安區信義路3段174號	25.0333204	121.5423618	0	0	2	3	7	5	5	14	9	1	5	4	5	13	4	4	4	4	5	2	12	1	9	1	5	1	10	1		1	2	12	
113	4	24	22	36	臺北市	中正區	中正區汀州路1段97號	25.0291423	121.5084219	0	0	2	4	8	5	5	4	2	1	5	4	5	13	1	1	5	2	5	2	17	1	1	1	6	2	10	1		1	2	13	
113	4	24	23	15	臺北市	士林區	士林區福華路與德行西路口	25.1049782	121.522483	0	0	1	2	8	5	5	4	2	1	5	4	5	13	2	1	5	4	5	2	9	1	6	1	7	2	4	1		1	3	5	
113	4	24	23	35	臺北市	信義區	信義區基隆路2段與光復南路口口	25.0299305	121.5575869	0	0	3	3	7	5	8	22	22	1	5	4	5	13	1	1	1	4	5	2	17	1	5	1	6	1	10	1		1	2	12	
113	4	25	1	32	臺北市	大同區	大同區長安西路與塔城街口	25.0520432	121.5104341	0	0	4	5	8	5	5	4	1	1	5	4	5	13	2	1	5	4	5	2	17	1	5	1	6	2	10	1		1	2	14	
113	4	25	2	43	臺北市	大同區	大同區民生西路67號	25.0576287	121.520018	0	0	1	2	7	5	5	14	9	1	5	4	5	13	4	4	5	4	5	2	17	4	1	1	3	2	8	1		2	3	7	
113	4	25	3	18	臺北市	中正區	中正區忠孝西路1段265號前	25.04778011	121.5119258	0	0	1	2	8	5	5	14	9	1	5	5	5	13	4	4	3	4	5	2	18	1	9	1	5	9	10	1		1	2	12	
113	4	25	3	42	臺北市	中山區	中山區農安街與建國北路3段口	25.0650829	121.536996	0	0	1	2	7	5	5	3	1	1	5	4	5	13	2	1	1	5	5	1	1	4	5	1	3	1	7	1		1	3	17	
113	4	25	3	45	臺北市	文山區	文山區保儀路與永安街22巷口	24.9868193	121.5683024	0	0	2	2	7	5	5	4	1	1	4	4	5	13	2	1	10	5	5	2	15	1	9	1	5	1	10	1		1	2	11	
113	4	25	5	0	臺北市	中山區	中山區中山北路1段105巷與天津街口	25.0507968	121.5232135	0	0	1	3	7	5	5	4	1	1	5	4	5	13	4	4	4	5	5	1	15	4	9	2	3	1	18	1		1	3	11	
113	4	25	6	4	臺北市	中正區	中正區重慶南路1段與貴陽街1段口	25.038736	121.5127685	0	0	1	2	6	5	5	4	1	1	4	4	5	13	1	1	5	4	5	1	17	1	9	1	5	1	10	1		1	2	11	
113	4	25	6	31	臺北市	信義區	信義區基隆路1段與基隆路1段35巷口口	25.0479488	121.5686715	0	0	1	2	6	6	5	4	2	1	4	4	5	13	2	1	8	3	5	2	13	4	9	1	3	1	6	1		1	3	5	12
113	4	25	7	46	臺北市	內湖區	內湖區金龍路與內湖路3段59巷口	25.0852886	121.5916165	0	0	1	2	7	6	5	3	1	1	4	4	5	13	1	1	5	4	5	1	17	1	5	1	7	1	8	1		1	3	6	
113	4	25	8	7	臺北市	中山區	中山區中山北路3段水晶橋下	25.07093821	121.5234447	0	0	1	2	6	6	5	14	9	1	4	4	5	13	2	1	2	4	5	2	13	1	9	1	6	1	10	1		2	2	12	
113	4	25	8	8	臺北市	文山區	文山區辛亥路7段與忠順街1段口	24.9831042	121.5540226	0	0	1	2	6	7	5	3	2	1	4	4	5	13	2	1	5	5	4	2	17	1	11	1	7	1	8	1		1	3	4	
113	4	25	8	9	臺北市	中正區	中正區重慶南路2段51號前	25.0308033	121.5149231	0	0	1	2	8	7	5	14	9	1	5	4	5	13	4	4	1	4	5	2	12	1	9	1	7	1	8	1		2	3	2	
113	4	25	8	25	臺北市	南港區	南港區忠孝東路5段與中坡北路口	25.0442907	121.581871	0	0	3	3	6	5	5	4	1	1	4	4	5	13	1	1	1	3	5	2	15	1	9	1	5	1	10	1		1	2	11	
113	4	25	8	40	臺北市	中正區	中正區中山南路與凱達格蘭大道口	25.03957591	121.5176862	0	0	1	2	6	6	5	4	1	1	4	4	5	13	1	1	10	4	5	2	17	4	9	1	6	1	10	1		2	2	15	
113	4	25	8	41	臺北市	信義區	信義區東興路與基隆路1段口	25.0459507	121.5669902	0	0	1	2	8	5	5	4	2	1	5	4	5	13	2	1	1	4	1	2	12	1	9	1	7	9	8	1		1	3	6	
113	4	25	8	45	臺北市	文山區	文山區羅斯福路6段與景仁街口口	24.9970983	121.5408489	0	0	1	3	6	6	5	4	1	1	4	4	5	13	2	1	1	4	5	2	16	1	5	1	7	1	8	1		1	3	1	
113	4	25	8	53	臺北市	大安區	大安區和平東路3段與基隆路2段口	25.0240231	121.5527162	0	0	1	2	6	6	5	4	2	1	4	4	5	13	2	1	1	4	5	1	16	4	6	1	3	2	10	1		2	2	11	
113	4	25	8	55	臺北市	士林區	士林區中山北路5段505巷與中山北路5段口	25.09366919	121.5278729	0	0	1	2	7	5	5	4	1	1	5	4	5	13	2	1	1	4	5	2	17	4	5	1	3	1	8	1		1	3	5	
113	4	25	9	3	臺北市	信義區	信義區忠孝東路4段400號	25.0412427	121.5580992	0	0	2	3	7	6	5	14	9	1	4	4	5	13	4	4	9	3	5	2	13	4	7	1	5	2	10	1		2	2	11	14
113	4	25	9	3	臺北市	文山區	文山區基隆路4段與汀州路4段口	25.0108748	121.5364501	0	0	1	3	7	6	5	5	1	1	4	4	5	13	2	1	1	4	1	1	17	1	8	1	7	1	4	1		1	3	17	
113	4	25	9	35	臺北市	信義區	信義區基隆路1段與基隆路1段102巷口	25.045351	121.566812	0	0	2	3	7	5	5	3	2	1	4	4	5	13	4	4	1	4	5	2	17	1	6	1	7	1	4	1		1	3	2	
113	4	25	10	7	臺北市	信義區	信義區無名巷松德院區後方	25.02893257	121.5742255	0	0	1	3	7	7	5	14	9	1	4	4	5	13	4	4	10	5	5	2	17	1	1	1	7	1	8	1		1	3	1	
113	4	25	10	15	臺北市	內湖區	內湖區潭美街與安康路32巷口	25.06105617	121.5950123	0	0	1	2	7	6	5	3	1	1	4	4	5	13	4	4	9	4	5	2	16	1	6	1	7	1	8	1		1	3	5	
113	4	25	10	20	臺北市	士林區	士林區基河路15號	25.0866503	121.5245716	0	0	1	3	7	6	5	14	9	1	5	4	5	13	4	4	5	4	5	2	17	1	10	1	5	2	10	1		1	2	14	
113	4	25	10	27	臺北市	中山區	中山區中山北路3段與酒泉街口	25.0708774	121.5236423	0	0	1	2	8	6	5	14	9	1	5	4	5	13	2	1	10	5	5	2	13	4	14	1	3	2	4	2		1	3	3	
113	4	25	10	50	臺北市	士林區	士林區忠誠路2段50巷與忠誠路2段40巷14弄口	25.1108219	121.5296418	0	0	1	3	7	6	5	4	1	1	5	4	5	13	4	4	10	5	5	1	16	1	9	1	7	1	8	1		2	3	1	
113	4	25	11	19	臺北市	中正區	中正區濟南路2段與杭州南路1段口	25.04157529	121.5262486	0	0	1	2	7	6	5	4	1	1	5	4	5	13	1	1	10	5	5	2	11	4	11	1	7	2	8	1		1	3	6	
113	4	25	11	31	臺北市	大安區	大安區和平東路3段70巷與和平東路3段口	25.0244286	121.5505003	0	0	1	2	7	7	5	4	2	1	5	4	5	13	2	1	8	3	5	1	17	1	7	1	5	1	10	1		1	3	17	
113	4	25	12	42	臺北市	大安區	大安區羅斯福路4段與基隆路4段口	25.0110841	121.5373759	0	0	1	2	7	6	5	5	1	1	5	4	5	13	2	1	1	4	5	2	15	1	9	1	7	1	8	1		1	3	6	
113	4	25	13	19	臺北市	大安區	大安區忠孝東路4段181巷27號前	25.0436478	121.5508002	0	0	1	2	7	7	5	14	9	1	5	4	5	13	4	4	10	5	5	1	3	1	9	1	7	1	8	1		1	3	5	
113	4	25	13	54	臺北市	士林區	士林區至誠路2段40號	25.1018169	121.5288412	0	0	2	3	7	6	5	14	9	1	5	4	5	13	4	4	5	5	5	1	17	1	6	1	7	1	8	1		2	3	5	
113	4	25	14	45	臺北市	中山區	中山區錦西街與民生西路3巷口	25.0603421	121.5217842	0	0	2	3	7	7	5	14	9	1	5	4	5	13	4	4	5	4	5	2	16	1	9	1	7	1	8	1		1	3	8	
113	4	25	14	49	臺北市	松山區	松山區松河街46號	25.05077034	121.5736211	0	0	1	3	7	7	5	14	9	1	5	4	5	13	4	4	9	4	5	2	12	1	13	1	7	1	8	1		1	3	7	
113	4	25	15	2	臺北市	中正區	中正區北平東路與天津街口口	25.0468582	121.5220389	0	0	1	2	8	5	5	4	2	1	5	4	5	13	2	1	9	4	5	1	17	1	6	1	7	2	2	1		1	3	17	
113	4	25	15	37	臺北市	文山區	文山區信義快速道路與萬芳交流道口口	25.0005521	121.5768325	0	0	3	4	7	6	5	10	7	1	5	4	5	13	4	4	1	4	5	1	13	1	9	1	7	2	8	1		1	3	8	
113	4	25	16	8	臺北市	大安區	大安區光復南路200巷廢鐵道	25.0418948	121.556571	0	0	1	2	7	7	5	14	9	1	5	4	5	13	4	4	10	5	5	2	13	4	9	8	3	1	20	1		1	2	16	
113	4	25	16	22	臺北市	信義區	信義區吳興街361巷與吳興街口口	25.0257963	121.5664789	0	0	2	2	7	6	5	4	1	1	4	4	5	13	4	4	5	5	5	2	15	4	9	1	5	1	10	1		1	2	14	
113	4	25	16	48	臺北市	中山區	中山區松江路與民生東路2段口	25.0579864	121.5329469	0	0	1	2	7	7	5	14	23	1	5	4	5	13	2	1	5	4	5	2	17	1	6	1	7	1	8	1		1	3	5	
113	4	25	16	57	臺北市	萬華區	萬華區西藏路與莒光路299巷口	25.0294479	121.4994421	0	0	2	3	7	6	5	3	2	1	4	4	5	13	1	1	8	3	5	1	17	1	8	3	5	1	18	1		1	2	12	
113	4	25	17	4	臺北市	大安區	大安區和平東路1段35號	25.0271021	121.5234608	0	0	1	3	6	7	5	14	9	1	4	4	1	13	4	4	1	4	5	2	17	4	9	1	3	1	10	1		1	2	11	
113	4	25	17	10	臺北市	大同區	大同區承德路2段與民生西路口	25.0572555	121.5182968	0	0	2	2	6	7	5	4	1	1	4	4	5	13	2	1	1	4	5	2	12	1	8	1	5	1	10	1		1	2	12	
113	4	25	17	40	臺北市	內湖區	內湖區新湖二路191巷18號	25.06113357	121.5803948	0	0	1	2	6	5	5	14	9	1	4	4	5	13	4	4	5	5	5	2	17	1	9	1	6	1	10	1		1	2	17	
113	4	25	17	41	臺北市	士林區	士林區基河路16-8號	25.0827351	121.5243881	0	0	2	2	6	6	5	14	9	1	4	4	5	13	4	4	10	3	5	2	12	4	7	1	6	2	10	1		2	2	11	
113	4	25	17	55	臺北市	大安區	大安區信義路2段與永康街口	25.0336361	121.5299485	0	0	2	3	6	5	5	5	1	1	4	4	5	13	1	1	8	3	5	2	15	4	9	1	3	11	10	2		4	2	11	
113	4	25	17	56	臺北市	信義區	信義區忠孝東路5段236巷3弄5號	25.0404189	121.5722633	0	0	1	2	6	5	5	14	9	1	4	4	5	13	4	4	10	5	5	2	3	5	16	8	4	10	20	1		2	3	16	
113	4	25	18	16	臺北市	文山區	文山區羅斯福路5段67號	25.0064082	121.5390663	0	0	2	3	6	5	5	14	9	1	4	4	5	13	4	4	1	4	5	2	12	1	7	1	6	2	10	1		2	2	14	
113	4	25	18	25	臺北市	內湖區	內湖區瑞湖街與民權東路6段15巷口口	25.0689879	121.5764451	0	0	2	3	6	5	5	4	1	1	4	4	5	13	2	1	10	2	5	2	16	1	5	1	7	1	5	1		1	3	4	14
113	4	25	18	30	臺北市	信義區	信義區基隆路1段151號	25.0421382	121.5652279	0	0	1	3	6	5	5	14	9	1	4	4	5	13	4	4	5	5	5	2	17	1	8	1	7	1	8	1		2	3	17	
113	4	25	18	40	臺北市	中山區	中山區中山北路2段46巷與無名巷口	25.0554578	121.5216785	0	0	2	3	6	5	5	4	1	1	4	4	5	13	4	4	9	5	5	2	17	1	9	1	5	1	10	1		2	2	11	
113	4	25	18	40	臺北市	大安區	大安區和平東路2段與和平東路2段265巷口	25.0249299	121.5439622	0	0	1	2	6	5	5	3	2	1	4	4	5	13	4	4	1	4	5	2	17	1	5	1	5	1	10	1		1	3	17	
113	4	25	18	47	臺北市	萬華區	萬華區萬大路與萬大路90巷口	25.0302869	121.500524	0	0	1	2	6	5	5	4	1	1	4	4	5	13	1	1	3	4	5	2	17	1	5	1	5	2	10	1		1	2	14	
113	4	25	18	50	臺北市	中山區	中山區大直街20號	25.0813689	121.5464423	0	0	3	3	6	5	5	14	9	1	4	4	5	13	4	4	9	5	5	2	9	5	20	8	4	10	20	1		1	2	16	
113	4	25	19	0	臺北市	中正區	中正區中山南路與凱達格蘭大道口	25.0395108	121.5176866	0	0	1	2	6	5	5	5	1	1	4	4	5	13	1	1	1	4	5	2	12	1	15	1	6	2	10	1		1	3	14	
113	4	25	19	10	臺北市	內湖區	內湖區安康路146號	25.0630552	121.6001515	0	0	1	2	6	5	5	14	9	1	4	4	5	13	4	4	8	5	5	2	17	1	11	1	7	1	8	1		1	3	6	
113	4	25	19	21	臺北市	中山區	中山區民族東路410巷與龍江路356巷口	25.0660283	121.5383431	0	0	1	2	6	5	5	4	1	1	4	4	5	13	1	1	4	3	5	1	17	1	11	1	7	1	3	1		1	3	8	
113	4	25	19	25	臺北市	士林區	士林區中正路與承德路4段口	25.09116336	121.5168322	0	0	1	3	6	5	5	4	2	1	4	4	5	13	1	1	1	4	5	2	12	4	7	1	3	2	10	1		2	2	14	
113	4	25	19	50	臺北市	北投區	北投區明德路105號	25.1095863	121.5196816	0	0	2	3	6	5	5	14	9	1	4	4	5	13	4	4	5	5	5	2	17	1	11	1	5	1	10	1		2	3	14	
113	4	25	19	56	臺北市	中山區	中山區長春路137巷近松江路170巷9-6號	25.05642556	121.5316096	0	0	1	2	6	5	5	14	9	1	4	4	5	13	4	4	10	3	5	1	9	1	2	1	7	1	8	1		1	3	6	