年	月	日	時	分	縣市	行政區	allLocation	GoogleLat	GoogleLng	死	2-30	受傷	當事人數	天候	道路照明設備	道路類別	道路型態	事故位置	路面狀況1	路面狀況2	路面狀況3	道路障礙1	道路障礙2	號誌1	號誌2	車道劃分-分向	車道劃分-分道1	車道劃分-分道2	車道劃分-分道3	事故類型及型態	行動電話	當事者行動狀態	駕駛資格情形	保護裝置	飲酒情形	駕駛執照種類	個人肇逃否	肇因碼-主要	性別	受傷程度	車輛撞擊部位1	車輛撞擊部位2
113	4	25	20	43	臺北市	信義區	信義區信安街與信安街115巷口	25.02481297	121.5560847	0	0	1	2	6	5	5	3	2	1	4	4	5	13	4	4	5	4	5	2	17	1	12	3	6	1	18	1		2	2	14	
113	4	25	20	47	臺北市	萬華區	萬華區西園路1段與和平西路3段口	25.0354853	121.4993613	0	0	2	2	6	5	5	4	1	1	4	4	5	13	1	1	1	4	5	2	3	1	9	1	6	1	10	1		1	2	11	
113	4	25	21	26	臺北市	大安區	大安區信義路3段與新生南路2段口	25.033512	121.5329759	0	0	2	2	6	5	5	4	2	1	4	4	5	13	1	1	1	4	5	2	17	1	15	1	6	1	10	1		2	2	12	
113	4	25	21	37	臺北市	文山區	文山區萬壽路與秀明路2段口	24.9887305	121.5770297	0	0	1	2	6	5	5	14	9	2	4	4	5	13	3	1	5	4	5	2	9	4	6	1	3	11	8	2		1	3	1	
113	4	25	22	0	臺北市	大同區	大同區延平北路3段與民權西路口	25.0630105	121.5111225	0	0	1	2	7	5	5	4	1	1	4	4	5	13	2	1	1	4	5	2	17	4	5	3	3	1	18	1		1	3	4	
113	4	25	22	27	臺北市	中山區	中山區南京東路3段與遼寧街口	25.0518321	121.5417258	0	0	2	3	6	5	5	14	7	1	4	4	5	13	1	1	1	4	4	2	13	1	9	1	5	1	10	1		1	2	14	
113	4	25	22	57	臺北市	士林區	士林區中山北路6段與福國路口	25.10303183	121.525418	0	0	1	2	6	5	5	3	2	1	4	4	5	13	2	1	1	4	5	1	13	1	9	1	7	2	4	1		1	3	1	
113	4	25	23	19	臺北市	信義區	信義區基隆路車行地下道	25.0430745	121.565637	0	0	2	3	7	7	5	14	9	1	5	4	5	13	4	4	5	5	5	2	13	1	9	1	7	2	8	1		2	3	1	
113	4	26	0	15	臺北市	士林區	士林區福林路254巷與至善路1段口	25.0977602	121.5379825	0	0	1	2	6	5	5	3	2	1	4	4	5	13	3	1	1	4	4	2	12	1	9	1	7	2	8	1		2	3	4	
113	4	26	0	35	臺北市	南港區	南港區忠孝東路6段442號	25.0503473	121.5939388	0	0	1	2	6	5	5	14	9	1	4	4	5	13	4	4	1	4	5	2	17	4	7	1	3	2	4	1		1	3	3	
113	4	26	0	57	臺北市	松山區	松山區市民大道4段171號	25.04465457	121.5518214	0	0	1	3	6	5	5	14	9	1	4	4	5	13	4	4	9	4	5	2	17	1	15	1	7	1	8	1		2	3	5	
113	4	26	2	3	臺北市	文山區	文山區木柵路4段(西往東0707054燈桿旁）	24.9999629	121.5764679	0	0	1	3	6	5	5	14	9	1	4	4	5	13	4	4	1	4	5	2	23	1	9	1	7	2	4	1		1	2	4	
113	4	26	6	1	臺北市	信義區	信義區吳興街463號	25.0238821	121.5690719	0	0	1	2	8	6	5	14	9	1	5	4	5	13	4	4	8	5	5	2	11	4	9	1	3	1	4	1		1	3	4	
113	4	26	6	28	臺北市	萬華區	萬華區華江橋機車道往台北市（燈桿001028）	25.0354998	121.4878728	0	0	2	3	7	5	7	8	11	1	5	4	5	13	4	4	8	3	5	1	17	4	9	1	3	2	10	1		2	2	15	
113	4	26	6	29	臺北市	內湖區	內湖區堤外便道與東湖路160巷口	25.0658395	121.6179482	0	0	1	2	7	6	6	3	1	1	4	4	5	13	2	1	5	5	5	2	16	4	6	1	3	1	8	1		2	3	17	
113	4	26	7	39	臺北市	內湖區	內湖區環山路1段27號	25.08637967	121.5659797	0	0	2	2	8	5	5	14	9	1	5	4	5	13	4	4	5	4	5	2	13	1	9	3	5	1	18	1		1	2	11	
113	4	26	7	47	臺北市	文山區	文山區懷恩隧道南往北方向出口21.5公尺處	24.996273	121.5520194	0	0	1	2	8	6	5	6	9	1	5	4	5	13	4	4	1	4	5	2	13	1	9	1	6	2	10	1		2	2	11	
113	4	26	7	50	臺北市	大安區	大安區市民大道4段與市民大道4段口迴轉道	25.0449296	121.5451034	0	0	2	2	8	7	5	3	2	1	5	4	5	13	4	4	8	3	5	1	13	1	9	1	5	1	10	1		1	2	11	
113	4	26	8	6	臺北市	南港區	南港區忠孝東路6段與忠孝東路6段370巷口口	25.04976528	121.5916202	0	0	1	2	8	6	5	3	1	1	5	4	5	13	4	4	1	4	5	2	16	1	6	1	7	1	8	1		1	3	6	
113	4	26	8	22	臺北市	萬華區	萬華區康定路與成都路口	25.0435819	121.5027127	0	0	1	2	8	7	5	4	2	1	5	4	5	13	2	1	5	4	5	2	12	1	8	1	6	1	10	1		2	2	12	
113	4	26	8	26	臺北市	北投區	北投區石牌路2段與裕民三路口口旁	25.1163809	121.5160776	0	0	1	2	8	6	5	3	2	1	5	4	5	13	4	4	5	4	5	2	17	1	15	1	6	2	10	1		1	2	14	
113	4	26	9	0	臺北市	北投區	北投區西安街1段319號	25.1132081	121.5161394	0	0	1	2	7	6	5	14	9	1	5	4	5	13	4	4	9	4	5	2	13	1	9	1	5	1	10	1		1	2	11	
113	4	26	9	4	臺北市	萬華區	萬華區環河南路1段35號	25.0407112	121.4985471	0	0	1	2	7	6	5	14	9	1	5	4	5	13	4	4	10	3	5	1	13	4	9	1	3	9	10	2		4	2	13	
113	4	26	9	8	臺北市	中正區	中正區汀州路3段303號	25.0117318	121.5358628	0	0	1	3	7	7	5	14	9	1	5	4	5	13	4	4	5	5	5	2	13	1	9	1	5	1	11	1		2	2	12	
113	4	26	9	59	臺北市	中山區	中山區林森北路與新生北路2段28巷口	25.0538966	121.5254722	0	0	1	2	7	5	5	5	18	1	4	4	5	13	1	1	5	4	5	2	4	5	16	8	4	10	20	1		1	2	16	
113	4	26	10	2	臺北市	信義區	信義區忠孝東路5段與基隆路1段口	25.0409033	121.5644669	0	0	1	2	8	6	5	4	2	1	5	4	5	13	1	1	1	4	5	2	13	4	12	1	3	1	10	1		1	3	13	
113	4	26	10	30	臺北市	中山區	中山區中山北路2段11巷與南京東路1段13巷口	25.0527669	121.5236423	0	0	1	2	7	7	5	4	1	1	5	4	5	13	4	4	10	5	5	2	15	1	9	1	7	1	4	1		1	3	8	
113	4	26	10	33	臺北市	北投區	北投區東華街1段與東華街1段400巷口	25.1106839	121.5184656	0	0	2	3	7	6	5	14	9	1	4	4	5	13	1	1	9	4	5	2	13	1	9	1	5	1	10	1		1	2	11	
113	4	26	10	45	臺北市	中山區	中山區長春路258巷2弄與南京東路3段89巷27弄口	25.0542609	121.5384644	0	0	1	2	6	6	5	4	1	1	4	4	5	13	4	4	10	5	5	2	15	4	9	1	3	1	8	1		2	3	8	
113	4	26	10	48	臺北市	大同區	大同區民權西路87號對面	25.0627702	121.5190945	0	0	2	2	6	6	5	14	9	1	4	4	5	13	4	4	1	4	5	2	17	1	8	1	5	2	10	1		1	2	12	
113	4	26	11	29	臺北市	北投區	北投區三合街1段與公館路口側附近口	25.1275255	121.5075501	0	0	1	2	6	6	5	4	1	1	4	4	5	13	2	1	5	5	5	2	17	1	5	1	7	9	4	1		1	3	17	
113	4	26	11	49	臺北市	大安區	大安區和平東路3段228巷88號前	25.0205184	121.5528474	0	0	1	2	6	7	5	14	9	1	4	4	5	13	4	4	8	3	5	1	12	1	15	1	7	1	8	1		1	3	5	
113	4	26	12	8	臺北市	文山區	文山區景興路202巷與景後街口口	24.9920852	121.5428958	0	0	2	2	6	6	5	4	1	1	4	4	5	13	3	1	10	5	5	2	15	1	9	1	6	1	10	1		2	2	11	
113	4	26	12	57	臺北市	大同區	大同區民族西路282巷與民族西路口	25.0686213	121.5115685	0	0	1	2	6	6	5	3	2	1	4	4	5	13	4	4	5	2	5	2	17	1	1	1	7	1	4	1		1	3	4	
113	4	26	13	4	臺北市	大安區	大安區復興南路2段279號前	25.0256154	121.543556	0	0	1	2	6	7	5	14	9	1	4	4	5	13	4	4	8	3	5	1	17	1	9	7	7	11	19	2		1	3	2	
113	4	26	13	22	臺北市	萬華區	萬華區堤外便道與桂林路口	25.0391824	121.4963382	0	0	1	2	6	6	5	3	1	1	4	4	5	13	2	1	9	5	5	2	17	4	6	1	3	1	4	1		1	3	8	
113	4	26	13	35	臺北市	大安區	大安區建國高架道第158燈桿	25.0350353	121.5356866	0	0	1	4	6	6	5	14	9	1	4	4	5	13	4	4	9	4	5	1	13	4	9	1	3	1	8	1		1	3	1	
113	4	26	13	38	臺北市	中山區	中山區中山北路3段與德惠街口	25.06676661	121.5225372	0	0	4	5	6	6	5	3	2	1	4	4	5	13	2	1	1	4	5	2	13	1	14	1	6	1	10	1		2	2	13	
113	4	26	13	59	臺北市	大安區	大安區辛亥路3段157巷與辛亥路3段口	25.0170929	121.5491319	0	0	2	3	6	5	5	5	2	1	4	4	5	13	2	1	8	3	5	1	16	1	6	1	7	1	8	1		1	3	2	
113	4	26	14	34	臺北市	中正區	中正區南海路與惠安街口	25.0281267	121.5080388	0	0	1	2	6	7	5	3	2	1	4	4	5	13	1	1	5	4	4	2	17	1	9	1	5	1	10	1		2	2	12	
113	4	26	14	38	臺北市	內湖區	內湖區潭美街與安美街口	25.06043343	121.5971511	0	0	2	2	6	7	5	5	1	1	4	4	5	13	2	1	9	4	5	2	13	1	9	1	6	1	10	1		1	2	11	
113	4	26	14	45	臺北市	文山區	文山區萬壽路與指南路2段197巷口口	24.9887872	121.5776319	0	0	1	2	7	6	5	3	1	1	4	4	5	13	3	1	10	5	5	1	16	1	5	1	6	1	10	1		1	2	14	
113	4	26	14	55	臺北市	南港區	南港區忠孝東路6段與忠孝東路6段278巷口口	25.049166	121.5891451	0	0	1	2	7	6	5	3	1	1	4	4	5	13	2	1	1	4	5	2	16	1	11	1	7	1	8	1		1	3	2	
113	4	26	15	35	臺北市	內湖區	內湖區民權東路6段56巷與行忠路口	25.0663199	121.5856837	0	0	2	3	8	6	5	4	1	1	4	4	5	13	2	1	1	4	5	2	17	1	8	1	6	1	10	1		1	3	17	
113	4	26	16	13	臺北市	南港區	南港區玉成街77號	25.0485058	121.5815473	0	0	1	2	8	7	5	14	9	1	5	4	5	13	4	4	9	4	5	2	16	4	11	1	3	1	4	1		1	3	1	
113	4	26	16	22	臺北市	文山區	文山區興隆路3段與興德路口	25.0006546	121.5552511	0	0	1	2	8	6	5	3	1	1	5	4	5	13	2	1	1	4	5	2	16	1	5	1	7	1	8	1		1	3	5	
113	4	26	16	34	臺北市	信義區	信義區松仁路與莊敬路口	25.0267758	121.5683399	0	0	1	2	6	6	5	4	1	1	4	4	5	13	1	1	9	3	5	2	18	1	15	1	6	1	10	1		2	2	12	
113	4	26	16	45	臺北市	文山區	文山區萬芳路17號	24.9986405	121.5657596	0	0	1	2	7	6	5	14	9	1	5	4	5	13	4	4	5	4	5	2	12	1	9	8	2	11	20	2		4	2	17	
113	4	26	17	39	臺北市	中山區	中山區林森北路40號	25.0482228	121.5241394	0	0	1	3	7	6	5	14	10	1	5	4	5	13	4	4	8	3	4	2	17	1	9	3	6	1	18	1		1	3	14	
113	4	26	17	46	臺北市	士林區	士林區至誠路2段40號	25.1017728	121.528786	0	0	1	2	8	5	5	14	9	1	5	4	5	13	4	4	9	4	5	1	17	4	5	1	3	9	8	2		1	3	17	
113	4	26	17	47	臺北市	信義區	信義區信義路6段與虎林街口口	25.0360497	121.5777588	0	0	1	2	7	6	5	4	1	1	5	4	5	13	2	1	3	4	5	2	12	4	9	8	4	2	20	1		2	2	14	
113	4	26	17	48	臺北市	信義區	信義區松仁路與興雅路口	25.0399076	121.5683806	0	0	2	3	8	6	5	3	1	1	4	4	5	13	4	4	1	4	5	2	11	1	9	1	5	2	10	1		1	2	14	
113	4	26	18	0	臺北市	信義區	信義區忠孝東路4段與基隆路1段口	25.0410707	121.5642049	0	0	1	2	6	6	5	4	1	1	4	4	5	13	2	1	1	4	5	1	17	4	9	1	3	9	10	1		2	2	12	
113	4	26	18	10	臺北市	大安區	大安區辛亥路3段與基隆路3段口	25.0191869	121.5465246	0	0	1	2	7	5	5	4	2	1	4	4	5	13	2	1	8	3	5	1	12	1	12	1	7	1	8	1		2	3	5	
113	4	26	18	16	臺北市	內湖區	內湖區金豐街與石潭路131巷口	25.0646188	121.5890255	0	0	3	4	7	7	5	3	2	1	5	4	5	13	1	1	5	5	5	2	16	1	5	1	7	1	4	1		1	3	8	
113	4	26	19	14	臺北市	中山區	中山區中山北路3段54號	25.06822205	121.5223236	0	0	1	2	7	5	5	14	9	1	4	4	5	13	4	4	1	4	5	2	13	1	9	1	5	1	10	1		1	2	11	
113	4	26	19	36	臺北市	中山區	中山區龍江路356巷55號	25.0659922	121.5386967	0	0	2	2	8	5	5	14	9	1	5	4	5	13	4	4	7	4	5	2	3	4	9	6	6	1	10	1		1	2	11	
113	4	26	19	40	臺北市	文山區	文山區興隆路4段101巷10號前	24.98817433	121.5606344	0	0	1	2	8	5	5	14	9	1	5	4	5	13	4	4	10	5	5	2	11	1	9	1	5	1	10	1		1	3	11	
113	4	26	19	45	臺北市	中山區	中山區內湖路1段32巷與內湖路口側附近1段口	25.08477988	121.5595651	0	0	1	2	7	5	5	3	2	1	5	4	5	13	1	1	1	4	5	2	13	1	9	1	5	1	10	1		1	2	11	
113	4	26	19	50	臺北市	北投區	北投區珠海路50號	25.139684	121.5040445	0	0	1	3	8	5	5	14	9	1	5	4	5	13	4	4	9	4	5	1	11	1	7	1	7	1	8	1		1	3	17	
113	4	26	19	59	臺北市	松山區	松山區塔悠路與南京東路5段口	25.0513267	121.5704627	0	0	1	2	7	5	5	5	1	1	5	4	5	13	2	1	1	4	1	2	12	1	15	1	7	2	8	1		1	3	2	
113	4	26	20	0	臺北市	內湖區	內湖區新明路22號	25.0601637	121.5906419	0	0	1	2	8	5	5	14	9	1	5	4	5	13	3	1	5	4	5	2	11	1	11	1	6	1	10	1		2	2	12	
113	4	26	20	20	臺北市	文山區	文山區木新路2段111巷12弄18號與木新路2段111巷12弄口	24.9833514	121.5698259	0	0	2	3	7	5	5	3	1	1	5	4	5	13	4	4	10	5	5	1	17	1	5	1	7	1	4	1		1	3	1	
113	4	26	20	44	臺北市	大同區	大同區南京西路與太原路口	25.0536624	121.5162847	0	0	1	2	7	5	5	5	1	1	5	4	5	13	4	4	1	5	4	2	13	1	9	1	6	2	10	1		1	2	11	
113	4	26	21	12	臺北市	文山區	文山區保儀路與永安街22巷口口	24.98681644	121.5683558	0	0	1	2	8	5	5	4	2	1	5	4	5	13	2	1	10	5	5	2	18	1	6	1	5	1	10	1		1	2	12	
113	4	26	21	40	臺北市	中正區	中正區中華路1段與衡陽路口	25.04225417	121.5084232	0	0	1	3	8	5	5	5	2	1	5	4	5	13	1	1	1	4	1	2	17	1	9	1	6	2	10	1		1	2	11	
113	4	26	22	13	臺北市	中山區	中山區中山北路2段與民權西路口	25.06266663	121.522711	0	0	2	3	7	5	5	4	1	1	5	4	5	13	1	1	1	4	5	2	16	1	8	1	6	1	10	1		1	3	12	
113	4	26	22	24	臺北市	萬華區	萬華區華江橋機車道往新北市近001050號燈桿	25.03516428	121.507076	0	0	3	3	7	5	7	14	11	1	5	4	5	13	4	4	10	3	5	1	13	4	9	1	3	1	10	1		1	2	11	
113	4	26	22	50	臺北市	中正區	中正區汀州路2段與廈門街81巷口	25.0244069	121.5212401	0	0	2	2	7	5	5	4	2	2	5	4	5	13	4	4	9	5	5	2	16	1	6	1	6	1	10	1		1	2	12	
113	4	27	3	52	臺北市	士林區	士林區基河路與基河路251巷口	25.0914088	121.5215395	0	0	2	3	8	5	5	4	1	1	5	4	5	13	2	1	5	4	5	2	17	1	5	1	7	2	8	1		1	3	8	
113	4	27	6	14	臺北市	北投區	北投區尊賢街302巷與吉利街142巷口	25.1181323	121.5078297	0	0	1	2	8	7	5	4	1	1	5	4	5	13	4	4	10	5	5	2	15	1	9	1	7	2	8	1		2	3	8	
113	4	27	7	55	臺北市	中山區	中山區中山北路4段與新生高架道口圓山匝道	25.076382	121.5254004	0	0	1	2	7	7	5	4	2	1	5	4	5	13	1	1	1	4	5	2	17	1	9	1	7	1	4	2		1	3	7	
113	4	27	8	0	臺北市	中山區	中山區長春路與伊通街口	25.05475198	121.5348305	0	0	1	2	8	6	5	4	1	1	5	4	5	13	1	1	5	4	5	2	17	1	5	1	7	1	8	1		1	3	5	
113	4	27	8	0	臺北市	內湖區	內湖區康寧路3段與康寧路3段165巷口	25.07048574	121.6113501	0	0	1	2	8	7	8	4	1	1	5	4	5	13	1	1	1	4	5	1	16	1	5	1	5	9	10	2		2	4	12	
113	4	27	8	45	臺北市	內湖區	內湖區五分街72巷與東湖路160巷口	25.06626627	121.616385	0	0	1	2	8	6	5	3	1	1	5	4	5	13	4	4	10	5	5	2	16	1	5	1	6	2	10	1		1	3	13	
113	4	27	8	59	臺北市	萬華區	萬華區桂林路與柳州街口	25.0377288	121.5050883	0	0	1	2	7	7	5	4	2	1	5	4	5	13	1	1	5	4	5	1	17	1	5	1	7	2	2	1		1	3	5	
113	4	27	9	15	臺北市	北投區	北投區承德路7段與石牌路1段口	25.1124702	121.5090328	0	0	3	3	8	6	5	3	2	1	5	4	5	13	2	1	1	4	4	2	17	1	8	6	6	1	18	1		1	2	13	
113	4	27	9	30	臺北市	北投區	北投區關渡自行車道(基隆河右岸1.0KM牌面處)	25.11596694	121.4645606	0	0	1	2	8	7	5	3	2	1	5	4	5	13	4	4	5	4	5	1	16	1	6	8	4	9	20	1		1	3	11	
113	4	27	9	38	臺北市	中山區	中山區建國高架道南下機車道	25.04771178	121.5365339	0	0	3	5	7	7	5	10	8	1	5	4	5	13	4	4	2	4	4	2	13	4	9	1	3	1	10	1		1	2	11	
113	4	27	10	4	臺北市	信義區	信義區吳興街1號	25.0317822	121.5592734	0	0	1	2	8	7	5	14	24	1	5	4	5	13	4	4	10	5	5	2	10	1	1	1	6	1	10	1		2	3	11	
113	4	27	10	15	臺北市	內湖區	內湖區成功路5段31號	25.0827692	121.60382	0	0	2	4	8	6	5	14	8	1	5	4	5	13	4	4	1	4	5	2	13	1	9	1	6	2	11	1		2	2	11	
113	4	27	10	47	臺北市	中山區	中山區農安街與建國北路3段口	25.0648713	121.5365601	0	0	2	2	8	6	5	4	1	1	5	4	5	13	1	1	1	4	5	2	13	1	9	6	6	1	10	1		2	2	11	
113	4	27	10	50	臺北市	信義區	信義區信義路5段100號	25.0327591	121.5677417	0	0	1	2	8	5	5	14	9	1	5	4	5	13	4	4	9	4	5	2	17	1	6	1	7	9	8	1		2	3	2	
113	4	27	11	1	臺北市	萬華區	萬華區桂林路246巷與環河南路2段130巷口	25.03738318	121.4934606	0	0	5	6	8	6	5	14	9	1	5	4	5	13	4	4	10	5	5	2	12	1	9	1	6	1	10	1		1	2	13	
113	4	27	11	25	臺北市	士林區	士林區中山北路5段380號	25.0913188	121.527712	0	0	1	2	8	6	5	14	9	1	5	4	5	13	4	4	1	5	5	2	12	1	9	1	6	1	10	1		2	2	14	
113	4	27	11	31	臺北市	松山區	松山區新中街與新中街12巷口	25.06035485	121.5603681	0	0	1	2	7	7	5	3	1	1	5	4	5	13	4	4	9	4	5	2	17	1	5	8	4	1	20	1		2	3	14	
113	4	27	11	40	臺北市	南港區	南港區大坑街與合順街口	25.0430097	121.6193946	0	0	1	2	8	6	8	3	2	1	5	4	5	13	4	4	5	4	5	2	16	1	6	1	6	1	10	1		2	2	14	
113	4	27	11	40	臺北市	士林區	士林區文林路424號	25.09445824	121.5247582	0	0	1	2	7	5	7	14	9	1	5	4	5	13	4	4	5	5	5	1	13	1	9	1	5	1	10	1		1	2	11	
113	4	27	11	41	臺北市	大安區	大安區復興南路2段193巷與復興南路2段口	25.026542	121.5436627	0	0	2	3	8	6	5	4	1	1	5	4	5	13	2	1	10	5	5	2	9	4	6	1	3	1	2	1		1	3	5	
113	4	27	12	2	臺北市	大安區	大安區和平東路2段118巷6弄與和平東路2段96巷口	25.0239093	121.541231	0	0	1	2	8	6	5	3	1	1	5	4	5	13	4	4	9	4	5	1	16	1	6	1	5	1	10	1		1	2	14	
113	4	27	12	7	臺北市	大同區	大同區大稻埕堤外便道南往北(3011919燈桿)	25.0617904	121.508365	0	0	2	2	8	6	8	22	22	1	5	4	5	13	4	4	9	4	5	2	9	1	9	8	4	2	20	1		1	2	15	
113	4	27	12	37	臺北市	大安區	大安區辛亥路3段往東(自來水廠車道)	25.0165253	121.5493318	0	0	3	4	8	7	5	14	9	1	5	4	5	13	4	4	8	3	5	1	17	1	6	1	7	1	8	1		1	3	5	
113	4	27	12	58	臺北市	文山區	文山區木新路3段174號	24.9817412	121.5606998	0	0	1	3	8	7	5	14	9	1	5	4	5	13	4	4	5	4	5	2	10	4	15	1	5	1	10	1		2	3	11	
113	4	27	13	0	臺北市	中正區	中正區市民大道2段往東(1001823燈桿)	25.04637196	121.5289999	0	0	2	2	7	5	5	14	9	1	5	4	5	13	1	1	1	3	1	2	12	1	8	8	4	2	20	1		2	2	12	
113	4	27	13	5	臺北市	信義區	信義區忠孝東路5段372巷28弄與忠孝東路5段372巷口	25.0389278	121.5739848	0	0	2	3	8	5	5	4	1	1	5	4	5	13	4	4	10	5	5	2	15	1	9	1	7	1	8	1		1	3	8	
113	4	27	13	8	臺北市	信義區	信義區和平東路3段461號	25.0188635	121.5585451	0	0	1	2	8	7	5	14	9	1	5	4	5	13	1	1	1	4	5	2	18	1	9	1	5	9	10	1		1	2	12	
113	4	27	13	26	臺北市	士林區	士林區承德路4段166號	25.0853925	121.5232249	0	0	1	2	7	5	5	14	8	1	5	4	5	13	1	1	9	4	4	1	17	1	8	1	7	2	8	1		2	3	6	
113	4	27	13	41	臺北市	中正區	中正區南海路與三元街口	25.0291262	121.5085213	0	0	1	2	7	7	5	4	1	1	5	4	5	13	1	1	5	4	5	2	17	1	6	1	5	1	9	1		1	2	12	
113	4	27	13	55	臺北市	士林區	士林區德行東路129巷與德行東路口	25.1079848	121.529107	0	0	1	2	8	6	5	4	1	1	5	4	5	13	4	4	5	5	5	2	17	1	9	1	6	1	10	1		2	2	12	
113	4	27	14	13	臺北市	中正區	中正區市民大道1段與承德路1段口	25.0486725	121.5162811	0	0	2	2	7	6	5	4	1	1	5	4	5	13	1	1	1	4	5	2	16	1	8	1	6	1	10	1		1	2	12	
113	4	27	14	29	臺北市	北投區	北投區知行路與大度路3段口	25.123068	121.4669324	0	0	1	2	8	6	5	4	1	1	5	4	5	13	1	1	5	4	5	1	16	1	5	1	6	1	10	1		1	3	11	
113	4	27	15	10	臺北市	中正區	中正區金山南路1段與濟南路2段口	25.0408272	121.5291128	0	0	2	3	7	5	5	4	1	1	5	4	5	13	1	1	5	4	5	2	16	1	6	1	5	1	10	1		1	2	13	
113	4	27	15	19	臺北市	松山區	松山區八德路3段199巷與八德路3段199巷4弄口	25.04869142	121.5563039	0	0	2	2	7	6	5	4	1	1	4	4	5	13	4	4	10	5	5	2	15	4	9	1	6	1	10	1		2	2	14	
113	4	27	15	33	臺北市	北投區	北投區大度路與中央北路2段257巷口	25.122114	121.4861986	0	0	1	2	7	6	5	5	1	1	5	4	5	13	2	1	1	4	1	1	16	1	6	1	7	2	4	1		1	3	2	
113	4	27	15	48	臺北市	大安區	大安區信義路3段73號	25.0336041	121.5367664	0	0	1	2	7	7	5	14	9	1	5	4	5	13	2	1	8	3	5	1	13	1	15	1	7	1	8	1		1	3	1	
113	4	27	15	50	臺北市	中山區	中山區民生西路與民生西路3巷口	25.0577924	121.5217622	0	0	1	2	7	7	5	3	2	1	5	4	5	13	4	4	5	4	5	2	16	1	5	1	5	1	10	1		2	2	14	
113	4	27	16	3	臺北市	大安區	大安區忠孝東路4段147巷與敦化南路1段187巷口口	25.0425918	121.5496635	0	0	3	3	7	7	5	4	1	1	5	4	5	13	4	4	10	5	5	1	17	1	9	1	6	1	10	1		1	2	14	
113	4	27	16	5	臺北市	北投區	北投區泉源路1209703燈桿	25.14500285	121.5234832	0	0	1	2	7	6	5	11	9	1	5	4	5	13	4	4	5	4	5	1	10	1	9	1	5	1	10	1		2	2	11	
113	4	27	16	11	臺北市	松山區	松山區松河街與八德路4段763巷口	25.0516502	121.5777079	0	0	2	2	7	6	5	3	1	1	5	4	5	13	4	4	8	5	5	2	15	1	9	1	6	1	10	1		1	2	11	
113	4	27	16	14	臺北市	松山區	松山區延壽街422號	25.05630103	121.5564112	0	0	1	2	7	7	5	14	9	1	5	4	5	13	4	4	5	4	5	2	17	1	5	8	4	1	20	1		1	3	11	
113	4	27	16	26	臺北市	大安區	大安區敦化南路1段181巷7弄與忠孝東路4段205巷口	25.0429151	121.549424	0	0	1	2	7	6	5	4	1	1	5	4	5	13	4	4	5	5	5	2	15	1	9	1	7	1	8	1		2	3	1	
113	4	27	16	49	臺北市	中山區	中山區復興北路150號	25.0528797	121.5436926	0	0	1	3	8	5	5	14	9	1	5	4	5	13	4	4	1	4	5	2	13	1	9	6	5	1	18	1		1	3	11	
113	4	27	16	59	臺北市	北投區	北投區榮華三路41巷與懷德街56巷口	25.11272932	121.5204415	0	0	1	2	7	6	5	14	9	1	5	4	5	13	4	4	10	5	5	2	15	1	9	1	5	1	10	1		1	2	12	
113	4	27	17	5	臺北市	大安區	大安區建國高架道往南166燈桿	25.03154218	121.5377498	0	0	1	3	8	7	5	10	9	1	5	4	5	13	4	4	2	4	5	2	13	1	12	1	7	1	8	1		1	3	1	
113	4	27	17	24	臺北市	北投區	北投區實踐街70號	25.1153021	121.5101257	0	0	1	2	7	5	5	14	9	1	5	4	5	13	4	4	9	5	5	2	12	1	1	1	7	2	4	1		1	3	4	
113	4	27	17	25	臺北市	中山區	中山區中原街63號與吉林路200巷口	25.0585401	121.5289182	0	0	1	2	7	7	5	4	1	1	5	4	5	13	4	4	9	4	5	2	12	1	11	1	7	1	8	1		1	3	8	
113	4	27	17	29	臺北市	內湖區	內湖區舊宗路2段與舊宗路2段213巷口	25.07310898	121.573567	0	0	1	2	8	6	5	3	1	1	5	4	5	13	4	4	1	4	5	2	17	1	6	1	7	1	8	1		1	3	6	
113	4	27	18	21	臺北市	中山區	中山區吉林路與新生北路3段11巷口	25.0631958	121.5303584	0	0	2	5	8	5	5	4	1	1	5	4	5	13	4	4	9	4	4	2	3	5	16	8	4	10	20	1		2	3	16	
113	4	27	19	0	臺北市	松山區	松山區八德路4段580號	25.04988942	121.5719023	0	0	1	2	8	5	5	14	9	1	5	4	5	13	4	4	9	4	5	2	12	4	9	1	7	1	8	1		2	3	8	
113	4	27	19	43	臺北市	信義區	信義區基隆路1段147巷與忠孝東路5段71巷口	25.0423649	121.5673298	0	0	2	3	8	5	5	4	1	1	5	4	5	13	4	4	10	5	5	2	15	1	9	1	7	1	8	1		2	3	1	
113	4	27	19	59	臺北市	大同區	大同區重慶北路2段與民生西路口	25.0568342	121.5129062	0	0	1	2	6	6	5	4	1	1	4	4	5	13	2	1	1	4	5	2	17	4	9	1	5	9	10	1		1	2	12	
113	4	27	20	26	臺北市	大安區	大安區忠孝東路4段64號	25.0415078	121.5455139	0	0	1	3	8	5	5	14	9	1	5	4	5	13	4	4	1	4	5	2	12	1	9	1	6	1	10	1		2	2	11	
113	4	27	20	30	臺北市	士林區	士林區中山北路6段與德行西路口	25.1064512	121.5248587	0	0	1	2	7	5	5	4	2	1	5	4	5	13	2	1	5	4	5	1	17	1	5	1	6	1	10	1		2	2	11	