年	月	日	時	分	縣市	行政區	allLocation	GoogleLat	GoogleLng	死	2-30	受傷	當事人數	天候	道路照明設備	道路類別	道路型態	事故位置	路面狀況1	路面狀況2	路面狀況3	道路障礙1	道路障礙2	號誌1	號誌2	車道劃分-分向	車道劃分-分道1	車道劃分-分道2	車道劃分-分道3	事故類型及型態	行動電話	當事者行動狀態	駕駛資格情形	保護裝置	飲酒情形	駕駛執照種類	個人肇逃否	肇因碼-主要	性別	受傷程度	車輛撞擊部位1	車輛撞擊部位2
113	4	27	20	58	臺北市	信義區	信義區永吉路與松隆路口	25.0457368	121.5707799	0	0	1	2	8	5	5	5	2	1	5	4	5	13	2	1	9	4	5	2	17	1	6	1	7	1	8	1		1	3	6	
113	4	27	21	32	臺北市	大同區	大同區民權西路與承德路3段口	25.06301438	121.5184334	0	0	1	2	8	5	5	5	1	1	5	4	5	13	1	1	1	5	5	2	16	1	6	1	7	2	8	1		1	3	2	
113	4	27	23	26	臺北市	士林區	士林區文林路587巷與美崙街8巷口	25.0983782	121.523511	0	0	1	2	8	5	5	14	9	1	5	4	5	13	4	4	10	5	5	2	17	4	9	1	3	2	8	1		2	3	8	
113	4	28	0	3	臺北市	萬華區	萬華區康定路與廣州街口	25.0366944	121.5015317	0	0	1	3	7	5	5	4	2	1	5	4	5	13	1	1	9	4	5	2	13	1	9	1	5	1	10	1		1	3	11	
113	4	28	3	39	臺北市	中正區	中正區信義路2段257號	25.03372247	121.531515	0	0	1	3	8	5	5	14	9	1	5	4	5	13	4	4	10	4	5	2	17	1	8	1	5	2	10	1		2	2	11	
113	4	28	5	45	臺北市	士林區	士林區通河西街2段與通河西街2段口越堤道	25.0908405	121.5114469	0	0	1	2	8	6	5	14	9	1	5	4	5	13	4	4	10	5	5	1	17	1	6	1	7	1	8	1		1	3	2	
113	4	28	6	0	臺北市	大安區	大安區臥龍街236號	25.0186302	121.5550136	0	0	2	2	8	5	5	14	9	1	5	1	5	13	4	4	9	4	5	2	12	1	7	6	5	1	10	1		1	2	14	
113	4	28	7	0	臺北市	內湖區	內湖區石潭路151號附近	25.06412534	121.5889857	0	0	2	3	7	6	5	14	9	1	5	4	5	13	4	4	4	3	5	1	12	1	1	1	7	1	8	1		1	2	8	
113	4	28	7	15	臺北市	士林區	士林區仰德大道3段90號	25.12049249	121.5530178	0	0	1	2	6	7	5	11	9	1	4	4	5	13	4	4	4	5	5	2	13	4	9	1	3	2	8	1		1	3	5	
113	4	28	7	30	臺北市	北投區	北投區中央北路2段與稻香路口	25.1387179	121.4912794	0	0	1	2	7	6	5	5	2	1	4	4	5	13	1	1	5	2	5	2	17	1	6	1	7	1	8	1		1	3	4	
113	4	28	8	14	臺北市	北投區	北投區西安街2段2510128號燈桿	25.11730918	121.5133633	0	0	3	4	6	7	5	14	9	1	4	4	5	13	4	4	10	4	5	2	13	1	9	1	5	2	10	1		1	2	11	
113	4	28	8	43	臺北市	萬華區	萬華區西園路2段與寶興街口	25.0270703	121.4937498	0	0	1	2	6	5	5	4	1	1	4	4	5	13	2	1	1	3	5	1	16	4	11	8	3	1	20	1		2	2	11	
113	4	28	8	45	臺北市	內湖區	內湖區堤頂大道2段與瑞光路478巷口	25.07745511	121.5687044	0	0	2	3	6	5	5	4	1	1	4	4	5	13	1	1	1	4	5	2	17	1	11	1	7	2	8	1		1	2	1	
113	4	28	8	57	臺北市	松山區	松山區民權東路4段西往東0202156燈桿	25.06191837	121.5557968	0	0	2	3	6	6	5	14	8	1	4	4	5	13	4	4	1	4	4	2	18	1	9	1	5	1	10	1		1	2	14	
113	4	28	9	28	臺北市	信義區	信義區信安街103巷與吳興街220巷口	25.0251146	121.5599841	0	0	1	2	8	6	5	3	2	1	5	4	5	13	4	4	10	4	5	1	29	4	9	1	3	9	10	1		2	2	14	
113	4	28	10	8	臺北市	大安區	大安區忠孝東路4段與延吉街口口	25.0412885	121.5544709	0	0	1	2	6	5	5	4	2	1	4	4	5	13	1	1	1	5	5	2	17	1	6	1	7	1	8	1		1	3	17	
113	4	28	10	30	臺北市	中正區	中正區市民大道2段與林森北路口	25.0476706	121.5241561	0	0	1	2	6	6	5	4	1	1	4	4	5	13	1	1	1	4	5	2	15	1	9	1	6	2	10	1		2	2	11	
113	4	28	10	33	臺北市	北投區	北投區石牌路1段39巷與石牌路1段39巷80弄口	25.11582751	121.5096252	0	0	1	2	6	7	5	3	2	1	4	4	5	13	4	4	10	5	5	2	10	1	9	1	5	2	10	1		1	2	11	
113	4	28	10	43	臺北市	北投區	北投區立農街1段與立農街1段320巷口	25.1194968	121.5067312	0	0	2	2	7	6	5	4	1	1	4	4	5	13	4	4	5	5	5	2	17	1	9	1	6	1	11	1		2	2	11	
113	4	28	11	6	臺北市	士林區	士林區天母東路與忠誠路2段口	25.1181384	121.5345899	0	0	1	2	6	6	5	4	1	1	4	4	5	13	2	1	1	4	5	2	16	1	5	1	5	1	10	1		1	2	14	
113	4	28	11	24	臺北市	大同區	大同區重慶北路1段8號	25.0500099	121.5128221	0	0	1	2	6	6	5	14	9	1	4	4	5	13	4	4	1	4	5	2	17	4	15	1	7	11	8	2		1	4	15	
113	4	28	11	25	臺北市	士林區	士林區忠誠路1段與忠誠路1段16巷口	25.10418065	121.5255859	0	0	1	2	6	6	5	3	1	1	4	4	5	13	4	4	10	4	4	1	17	1	6	1	7	1	8	1		2	3	17	
113	4	28	12	18	臺北市	內湖區	內湖區東湖路84號	25.06853595	121.6148638	0	0	1	3	8	5	8	14	9	1	5	4	5	13	1	1	5	5	5	1	17	1	7	1	7	2	6	1		1	3	15	
113	4	28	12	55	臺北市	信義區	信義區松智路與松壽路口	25.035923	121.5653598	0	0	1	2	7	6	5	4	2	1	5	4	5	13	2	1	8	3	5	2	17	4	15	1	3	1	8	1		1	3	5	
113	4	28	13	44	臺北市	中山區	中山區市民大道2段與林森北路口	25.0479006	121.5243419	0	0	2	2	8	5	5	4	1	1	5	4	5	13	1	1	1	4	5	2	16	4	6	1	3	1	10	1		1	2	12	
113	4	28	14	57	臺北市	中山區	中山區北安路與崇實路口	25.07973693	121.5444715	0	0	1	2	8	6	5	4	1	1	5	4	5	13	1	1	1	4	5	2	12	1	9	1	6	1	10	1		1	2	12	
113	4	28	15	15	臺北市	中正區	中正區汀州路3段96號	25.014641	121.5328551	0	0	1	3	8	6	5	14	9	1	5	4	5	13	4	4	9	4	5	2	17	1	15	1	5	2	10	1		1	3	14	
113	4	28	15	30	臺北市	信義區	信義區忠孝東路5段552號	25.0417003	121.5795511	0	0	1	2	8	6	5	14	9	1	5	4	5	13	4	4	3	4	5	2	12	1	9	1	3	2	8	1		2	3	2	
113	4	28	15	38	臺北市	松山區	松山區三民路與富錦街口	25.0609561	121.5632551	0	0	1	2	8	6	5	4	1	1	5	4	5	13	1	1	8	3	5	1	16	1	9	1	3	1	8	1		1	3	6	
113	4	28	15	55	臺北市	文山區	文山區永安街與永安街6巷口	24.9877475	121.5700807	0	0	1	2	8	5	5	4	1	1	5	4	5	13	4	4	10	5	5	2	18	1	9	1	6	1	10	1		1	2	14	
113	4	28	16	3	臺北市	中正區	中正區南海路與南昌路1段口	25.0323141	121.5161926	0	0	2	2	8	6	5	4	1	1	5	4	5	13	1	1	10	4	5	2	3	1	9	8	4	1	20	1		1	2	11	
113	4	28	16	20	臺北市	信義區	信義區信安街15巷與吳興街156巷65弄口	25.0278238	121.5591178	0	0	1	2	8	6	5	4	1	1	5	4	5	13	4	4	10	5	5	2	15	1	9	1	5	2	10	1		1	2	11	
113	4	28	17	52	臺北市	中正區	中正區水源路131-3號	25.02161708	121.5172856	0	0	1	4	8	6	5	14	8	1	5	4	1	13	4	4	3	4	5	1	28	1	9	1	7	2	8	1		1	2	8	
113	4	28	18	10	臺北市	大安區	大安區羅斯福路3段與新生南路3段口	25.0165879	121.5325603	0	0	2	3	7	5	5	14	9	1	5	4	5	13	4	4	1	5	5	2	13	1	9	1	5	1	10	1		2	2	11	
113	4	28	19	0	臺北市	信義區	信義區林口街230號	25.0425606	121.5811196	0	0	2	3	8	5	5	3	1	1	5	4	5	13	3	1	9	4	5	2	13	1	9	1	6	1	10	1		1	3	11	
113	4	28	19	27	臺北市	信義區	信義區松智路與松高路口	25.0390887	121.5655144	0	0	1	2	8	5	5	3	1	1	5	4	5	13	2	1	9	4	5	2	17	1	5	1	7	2	4	1		1	3	6	
113	4	28	20	22	臺北市	大同區	大同區鄭州路與環河北路1段口口	25.0507497	121.5067595	0	0	2	3	8	5	5	4	1	1	5	4	5	13	2	1	10	5	4	2	16	1	8	1	7	1	8	1		1	3	5	
113	4	28	20	35	臺北市	士林區	士林區格致路與凱旋路口	25.1369987	121.5464118	0	0	2	2	7	5	5	3	1	1	5	4	5	13	3	1	4	5	5	1	17	1	5	1	5	1	10	1		1	2	12	
113	4	28	20	48	臺北市	士林區	士林區前港街與後港街口	25.0847499	121.5213848	0	0	1	2	7	5	5	4	2	1	5	4	5	13	4	4	10	5	5	1	16	4	9	1	3	2	10	1		2	2	12	
113	4	28	21	35	臺北市	中山區	中山區林森北路與民生東路1段23巷口	25.0590286	121.525485	0	0	1	2	7	5	5	4	2	1	5	4	5	13	2	1	5	4	5	2	16	4	6	1	3	1	8	1		1	3	2	
113	4	28	21	42	臺北市	中山區	中山區八德路2段300巷與市民大道3段口	25.04485	121.5428739	0	0	1	2	8	5	5	4	1	1	5	4	5	13	4	4	10	5	5	2	15	4	9	1	3	2	8	1		1	3	6	
113	4	29	0	11	臺北市	萬華區	萬華區中華路2段與中華路2段416巷口	25.0279783	121.5058874	0	0	1	2	8	5	5	4	1	1	5	4	5	13	1	1	5	4	4	2	17	4	5	1	7	1	8	1		1	3	6	
113	4	29	1	4	臺北市	中正區	中正區忠孝東路1段與林森北路口	25.0447814	121.5236941	0	0	2	2	8	5	5	4	2	1	5	4	5	13	1	1	3	4	5	1	13	4	9	1	3	3	8	1		2	2	1	
113	4	29	3	44	臺北市	中山區	中山區新生北路2段129-1號	25.06005981	121.5278396	0	0	1	10	8	5	5	14	9	1	5	4	5	13	4	4	1	4	5	2	13	4	9	3	3	2	18	1		2	2	11	
113	4	29	6	30	臺北市	松山區	松山區市民大道4段與延吉街口	25.044484	121.5538	0	0	2	2	8	5	5	4	1	1	5	4	5	13	1	1	1	4	5	2	15	1	9	6	5	1	10	1		1	2	12	
113	4	29	7	7	臺北市	松山區	松山區寶清街與南京東路5段291巷47弄口	25.0537148	121.5675186	0	0	1	3	8	6	5	3	1	1	5	4	3	13	4	4	5	5	5	2	16	1	9	8	4	2	20	1		2	3	11	
113	4	29	7	8	臺北市	萬華區	萬華區萬大路534巷與武成街28巷口	25.01917828	121.4957315	0	0	1	2	7	6	5	4	1	1	5	4	5	13	4	4	10	5	5	1	17	4	9	1	3	1	10	1		2	2	12	
113	4	29	7	18	臺北市	信義區	信義區忠孝東路5段與忠孝東路5段236巷口	25.0408778	121.5719842	0	0	1	2	8	6	5	4	2	1	5	4	5	13	2	1	1	4	1	2	12	1	6	1	7	1	8	1		1	3	2	
113	4	29	7	21	臺北市	中山區	中山區中山北路3段與民族東路口	25.068486	121.522906	0	0	1	2	8	7	5	4	1	1	5	4	5	13	1	1	5	4	5	2	16	1	5	1	7	1	1	1		1	3	2	
113	4	29	7	27	臺北市	信義區	信義區永吉路199號	25.0455803	121.5737102	0	0	2	4	8	7	5	14	7	1	5	4	5	13	4	4	1	4	4	2	13	4	9	1	3	2	3	1		1	3	1	
113	4	29	7	30	臺北市	中山區	中山區北安路八二三砲戰紀念公園旁	25.07668363	121.52669	0	0	2	2	8	6	5	14	11	1	5	4	5	13	4	4	1	5	1	2	5	4	9	1	6	1	10	1		1	2	12	
113	4	29	7	31	臺北市	中正區	中正區三元街118號	25.0286294	121.5099486	0	0	1	2	8	7	5	14	7	1	5	4	5	13	4	4	1	5	4	2	12	4	7	1	5	1	10	1		1	3	14	
113	4	29	7	38	臺北市	文山區	文山區羅斯福路6段與羅斯福路6段92巷口	24.9982236	121.5404439	0	0	1	2	8	6	5	14	9	1	5	4	5	13	4	4	1	4	5	2	12	1	7	1	7	1	8	1		1	3	3	
113	4	29	7	39	臺北市	信義區	信義區忠孝東路5段與松信路口口	25.0410189	121.5718897	0	0	3	3	8	5	8	22	22	1	5	4	5	13	1	1	2	4	5	2	17	1	9	1	6	9	10	1		1	2	11	
113	4	29	7	43	臺北市	中山區	中山區民生東路2段164巷14號	25.05654992	121.5336508	0	0	1	2	8	7	5	14	9	1	5	4	5	13	4	4	10	5	5	2	13	1	9	1	5	1	10	1		2	2	11	
113	4	29	8	7	臺北市	松山區	松山區八德路4段與東興路口	25.0489621	121.565534	0	0	1	2	8	5	5	4	1	1	5	4	5	13	2	1	5	4	5	2	16	4	5	1	6	1	10	1		1	2	14	
113	4	29	8	10	臺北市	中山區	中山區新生北路3段55號	25.06531953	121.5285068	0	0	2	2	8	6	5	14	9	1	5	4	5	13	4	4	10	5	5	2	16	1	5	8	4	2	20	1		1	2	11	
113	4	29	8	12	臺北市	中正區	中正區中山南路與青島東路口	25.0444509	121.5194041	0	0	1	2	8	5	5	4	2	1	5	4	5	13	1	1	4	4	1	1	17	1	6	1	5	2	10	1		1	3	12	
113	4	29	8	15	臺北市	中正區	中正區桃源街與衡陽路口	25.042195	121.5105485	0	0	2	2	8	6	5	3	1	1	5	4	5	13	4	4	10	5	5	2	16	1	5	1	5	2	10	1		1	2	13	
113	4	29	8	32	臺北市	萬華區	萬華區西園路2段140巷與西園路2段口	25.0298728	121.4962214	0	0	1	2	8	6	5	4	1	1	5	4	5	13	1	1	8	3	5	1	12	1	12	1	5	1	10	1		1	3	12	
113	4	29	8	38	臺北市	中正區	中正區和平西路2段70巷2弄2號	25.02890839	121.5114087	0	0	1	2	8	6	5	14	9	1	5	4	5	13	4	4	10	5	5	2	2	1	9	1	7	1	8	1		1	3	5	
113	4	29	8	43	臺北市	內湖區	內湖區堤頂大道1段351號前	25.06412436	121.5726648	0	0	1	2	8	5	5	14	9	1	5	4	5	13	4	4	1	4	5	2	16	1	9	1	6	1	9	1		1	2	11	
113	4	29	9	5	臺北市	中正區	中正區中山南路與徐州路口	25.0416743	121.5185844	0	0	3	3	8	6	5	4	2	1	5	4	5	13	1	1	10	5	5	2	13	1	9	1	5	1	10	1		1	2	11	
113	4	29	9	7	臺北市	大安區	大安區杭州南路2段與金華街口	25.0309879	121.5222881	0	0	1	2	8	7	5	4	1	1	5	4	5	13	2	1	4	3	5	1	16	4	5	1	3	1	8	1		2	3	8	
113	4	29	9	35	臺北市	中山區	中山區北安路301號對面	25.07791068	121.5348468	0	0	1	3	8	6	5	14	9	1	5	4	5	13	4	4	1	4	5	2	13	4	9	1	3	1	4	1		1	3	1	
113	4	29	9	53	臺北市	大安區	大安區辛亥路3段與芳蘭路口	25.0170586	121.5488318	0	0	1	2	7	6	5	4	2	1	5	4	5	13	1	1	1	4	5	1	13	1	15	1	7	1	8	1		1	3	1	
113	4	29	10	1	臺北市	中正區	中正區汀州路1段102號	25.03011324	121.5076516	0	0	1	2	8	6	5	14	9	1	5	4	5	13	4	4	5	4	4	2	16	1	15	1	5	2	10	1		1	3	11	
113	4	29	10	5	臺北市	大同區	大同區哈密街59巷2弄9號	25.0741279	121.5154743	0	0	1	2	8	6	5	14	9	1	5	4	5	13	4	4	10	5	5	2	17	1	9	1	7	1	8	1		1	3	5	
113	4	29	10	34	臺北市	內湖區	內湖區安康路32巷與安康路32巷24弄口	25.0619197	121.5949678	0	0	1	2	8	5	5	4	1	1	5	4	5	13	4	4	5	5	5	2	15	1	9	1	5	1	10	1		2	2	11	
113	4	29	11	35	臺北市	松山區	松山區民生東路4段與民生東路4段97巷口	25.05803926	121.5521352	0	0	1	2	8	6	5	4	1	1	4	4	1	11	2	2	1	5	1	2	3	4	9	1	3	2	8	1		1	3	1	
113	4	29	11	44	臺北市	南港區	南港區忠孝東路7段與興中路口	25.0522313	121.608242	0	0	1	3	8	7	5	14	9	1	5	4	5	13	2	1	1	4	5	2	12	1	7	1	5	1	10	1		2	2	15	
113	4	29	11	50	臺北市	信義區	信義區吳興街與吳興街583巷1弄口	25.0233983	121.5697771	0	0	1	2	8	5	5	4	2	1	5	4	5	13	3	1	5	2	5	2	17	1	9	1	7	1	8	1		2	3	1	
113	4	29	11	52	臺北市	大同區	大同區延平北路3段18巷與民權西路245巷口	25.063947	121.5103673	0	0	2	2	8	6	5	4	1	1	5	4	5	13	4	4	10	5	5	2	15	4	9	1	6	1	10	1		2	2	11	
113	4	29	11	54	臺北市	萬華區	萬華區環河南路2段與和平西路3段口	25.0355729	121.4943928	0	0	1	2	8	7	5	4	1	1	5	4	5	13	1	1	9	5	5	2	13	1	9	1	5	1	10	1		1	2	11	
113	4	29	12	6	臺北市	文山區	文山區木柵路1段111號旁汽機車停車場出入口	24.98720541	121.5482691	0	0	1	2	8	6	5	14	9	1	5	4	5	13	4	4	5	4	5	2	16	1	6	1	6	2	10	1		2	3	12	14
113	4	29	13	8	臺北市	中正區	中正區中華路2段與莒光路口口	25.03128047	121.5041417	0	0	1	2	8	6	5	4	1	1	5	4	5	13	1	1	1	4	5	1	16	1	5	1	7	2	8	1		2	3	8	
113	4	29	13	10	臺北市	北投區	北投區石牌路2段90巷與明德路337巷口	25.1169845	121.5186068	0	0	1	2	7	6	5	3	2	1	5	4	5	13	4	4	10	5	5	1	17	1	6	1	6	1	10	1		1	2	17	
113	4	29	13	25	臺北市	中正區	中正區市民大道2段與林森北路附近口迴轉道	25.0477686	121.5237354	0	0	2	2	8	6	5	3	1	1	5	4	5	13	4	4	1	4	5	2	16	1	5	1	6	2	10	1		1	2	11	
113	4	29	13	30	臺北市	中山區	中山區龍江路與龍江路223巷口	25.0568763	121.5405816	0	0	1	3	8	7	5	4	1	1	5	4	5	13	4	4	10	5	5	1	15	1	9	1	5	1	10	1		1	2	11	
113	4	29	13	43	臺北市	內湖區	內湖區康寧路3段81號	25.0719204	121.6094788	0	0	1	2	8	6	5	14	8	1	5	4	5	13	4	4	1	4	4	2	13	1	9	1	5	2	10	1		2	2	11	
113	4	29	14	0	臺北市	士林區	士林區中山北路6段與福國路口	25.1025274	121.5256102	0	0	2	2	8	6	5	3	1	1	5	4	5	13	2	1	3	2	5	2	17	1	9	6	5	9	11	1		2	2	11	
113	4	29	14	22	臺北市	信義區	信義區信義路5段122號	25.0327297	121.5688118	0	0	1	2	7	6	5	14	9	1	5	4	5	13	4	4	8	3	5	2	17	4	9	1	3	1	10	1		2	2	11	
113	4	29	15	3	臺北市	文山區	文山區汀州路4段與汀州路4段口183號停車場出入口	25.0035394	121.5354855	0	0	1	2	8	6	5	3	1	1	5	4	5	13	4	4	5	5	5	2	16	1	1	1	7	1	8	1		2	3	2	
113	4	29	15	20	臺北市	內湖區	內湖區潭美街與南京東路6段口	25.053157	121.5749368	0	0	1	2	8	5	5	3	1	1	5	4	5	13	4	4	5	5	5	2	16	1	6	1	7	1	8	1		2	3	6	
113	4	29	15	20	臺北市	士林區	士林區芝玉路2段與芝玉路2段84巷口	25.11253357	121.5357513	0	0	1	2	7	7	5	4	1	1	5	4	5	13	4	4	10	5	5	1	17	1	9	1	5	1	10	1		1	2	14	
113	4	29	15	38	臺北市	內湖區	內湖區金湖路與金湖路363巷口	25.07354864	121.6030466	0	0	2	2	8	6	5	5	2	1	5	4	5	13	1	1	1	4	5	2	12	1	7	1	5	1	10	1		2	2	14	
113	4	29	16	10	臺北市	信義區	信義區基隆路2段79巷1-1號	25.0300229	121.5585413	0	0	1	2	8	7	5	14	9	1	5	4	5	13	4	4	10	5	5	2	13	1	9	1	5	1	10	1		1	2	11	
113	4	29	16	24	臺北市	松山區	松山區塔悠路91號	25.05220396	121.5703607	0	0	1	2	8	6	8	14	9	1	5	4	5	13	4	4	1	3	5	2	12	4	9	1	3	1	8	1		1	3	2	
113	4	29	16	34	臺北市	中正區	中正區汀州路3段11號	25.02015415	121.5261991	0	0	1	2	8	7	5	14	9	1	5	4	5	13	4	4	1	4	5	2	12	4	8	1	7	1	4	1		1	3	6	
113	4	29	16	40	臺北市	松山區	信義區松壽路30號	25.0357892	121.5679494	0	0	1	2	8	7	5	14	9	1	5	4	5	13	4	4	1	4	5	2	13	1	9	1	7	2	8	1		1	3	5	
113	4	29	17	9	臺北市	中山區	中山區崇實路與北安路口	25.0802464	121.5443284	0	0	1	2	8	6	5	14	9	1	5	4	5	13	4	4	1	5	5	1	12	4	13	1	3	1	8	1		2	3	4	
113	4	29	17	20	臺北市	內湖區	內湖區內湖路1段91巷92弄與內湖路1段91巷102弄口	25.08770677	121.5645073	0	0	3	3	8	6	5	3	1	1	5	4	5	13	4	4	10	5	5	2	11	1	15	1	5	1	10	1		1	2	14	
113	4	29	17	28	臺北市	中山區	中山區民族東路與新生北路3段口	25.0683863	121.5276918	0	0	1	2	8	7	5	4	1	1	5	4	5	13	1	1	1	4	5	2	16	1	8	1	7	1	8	1		1	3	5	
113	4	29	17	28	臺北市	萬華區	萬華區環河南路2段與桂林路口	25.038501	121.4969398	0	0	2	2	8	5	5	4	1	1	5	4	5	13	1	1	5	4	5	2	17	4	5	1	5	1	10	1		2	2	14	
113	4	29	18	7	臺北市	中山區	中山區明水路與樂群三路口	25.0826852	121.5511878	0	0	1	2	8	6	5	4	1	1	5	4	5	13	2	1	10	5	5	2	17	4	5	1	3	1	10	1		2	3	17	
113	4	29	18	10	臺北市	中正區	中正區濟南路2段16號	25.04125501	121.52743	0	0	1	2	8	5	5	14	9	1	5	4	5	13	4	4	8	5	5	2	12	1	8	1	7	1	8	1		2	3	5	
113	4	29	18	31	臺北市	萬華區	萬華區雅江街與成都路口	25.0441102	121.5015668	0	0	1	3	7	5	6	3	1	1	5	4	5	10	4	4	10	4	5	2	16	4	6	6	5	1	18	1		1	2	11	
113	4	29	18	36	臺北市	松山區	松山區富錦街489號	25.06099205	121.563843	0	0	1	2	8	5	5	14	9	1	5	4	5	13	4	4	8	3	5	2	12	1	15	8	2	1	20	1		2	2	14	
113	4	29	18	45	臺北市	南港區	南港區大坑街與國興橋口	25.0431955	121.6191711	0	0	3	3	8	5	5	4	1	1	5	4	5	13	1	1	5	4	5	2	17	1	5	1	5	1	10	1		1	2	12	
113	4	29	19	14	臺北市	信義區	信義區莊敬路204號	25.0304693	121.5614475	0	0	3	4	8	5	5	14	8	1	5	4	5	13	4	4	5	5	4	2	17	4	9	1	3	1	10	1		1	3	17	
113	4	29	19	14	臺北市	北投區	北投區文林北路5巷與文林北路5巷口	25.09999599	121.5172736	0	0	1	2	8	5	5	3	1	1	5	4	5	13	4	4	5	4	5	2	16	1	5	1	5	1	10	1		2	2	14	
113	4	29	19	30	臺北市	內湖區	內湖區環山路1段88號與無名巷口	25.08641963	121.5672906	0	0	1	2	8	5	5	3	1	1	5	4	5	13	4	4	4	4	5	1	17	1	11	1	7	1	4	1		1	3	4	
113	4	29	19	35	臺北市	大安區	大安區和平東路3段與敦化南路2段口	25.0245337	121.5484339	0	0	2	3	7	5	5	4	1	1	5	4	5	13	1	1	1	4	5	2	16	4	6	1	3	1	10	1		1	3	13	
113	4	29	21	23	臺北市	文山區	文山區老泉街45巷1-1號	24.9777558	121.5688228	0	0	1	2	7	5	5	12	9	1	5	4	5	13	4	4	10	5	5	2	18	1	9	8	4	1	20	1		1	2	12	
113	4	29	22	5	臺北市	北投區	北投區承德路6段與洲美街口	25.0990101	121.5128626	0	0	1	2	7	5	5	4	1	1	5	4	5	13	1	1	1	4	4	1	17	1	5	1	5	1	10	1		1	3	17	
113	4	29	22	32	臺北市	大安區	大安區新生南路3段88-2號	25.0176509	121.5333889	0	0	1	3	7	5	5	14	9	1	5	4	5	13	4	4	1	4	5	2	13	4	9	1	3	1	10	1		2	2	11	
113	4	29	23	0	臺北市	內湖區	內湖區五分街與東湖路160巷口	25.0671714	121.6172669	0	0	1	2	8	5	5	3	1	1	5	4	5	13	3	1	5	5	5	2	17	1	5	1	7	2	8	1		1	3	8	
113	4	29	23	0	臺北市	萬華區	萬華區艋舺大道71號	25.0336043	121.5032353	0	0	1	2	7	5	5	11	9	1	5	4	5	13	4	4	1	4	5	2	11	1	7	1	5	9	10	1		2	3	14	
113	4	30	1	23	臺北市	大同區	大同區市民大道1段209號	25.04857984	121.518541	0	0	1	3	8	5	5	22	6	1	5	4	5	13	4	4	1	4	5	2	17	1	15	1	7	1	4	1		1	3	5	
113	4	30	2	17	臺北市	萬華區	萬華區環河南路1段42號	25.0481438	121.5054851	0	0	1	2	7	7	5	14	9	1	5	4	5	13	4	4	9	4	5	2	16	1	11	1	7	1	8	1		2	3	2	
113	4	30	3	35	臺北市	萬華區	萬華區環河南路2段與長順街46巷口	25.0307481	121.4901607	0	0	1	2	7	5	5	4	1	1	5	4	5	13	2	1	1	4	5	2	17	4	21	7	3	11	19	2		1	4	15	14
113	4	30	6	8	臺北市	中山區	中山區中山北路3段與新生高架道口往南閘道	25.076803	121.5251379	0	0	1	2	8	7	5	4	1	1	5	4	5	13	1	1	1	4	5	2	17	1	8	1	5	2	10	1		1	3	17	
113	4	30	6	21	臺北市	大安區	大安區辛亥路2段與建國南路2段口	25.0228463	121.5375035	0	0	1	2	8	6	5	3	1	1	5	4	5	13	2	1	1	4	1	2	16	4	5	1	3	9	8	2		1	4	2	
113	4	30	6	45	臺北市	中正區	中正區杭州南路1段與濟南路2段口	25.0416268	121.5261499	0	0	1	2	8	6	5	4	1	1	5	4	5	13	1	1	5	5	5	2	16	1	15	1	7	2	8	1		1	3	5	
113	4	30	6	55	臺北市	大同區	大同區承德路3段276號	25.0737557	121.5194551	0	0	1	3	8	6	5	14	9	1	5	4	5	13	4	4	1	4	5	2	17	1	9	1	6	2	10	1		1	2	11	
113	4	30	7	42	臺北市	士林區	士林區仰德大道2段與仰德大道2段134巷口	25.10949618	121.5472163	0	0	1	2	8	6	5	3	2	1	5	4	5	13	1	1	4	3	5	1	17	1	11	1	7	2	8	1		1	3	5	
113	4	30	7	44	臺北市	大安區	大安區復興南路1段與仁愛路3段口	25.0379357	121.5436246	0	0	1	3	7	6	5	4	2	1	5	4	5	13	1	1	1	4	5	2	12	1	7	1	5	1	10	1		1	3	14	
113	4	30	7	44	臺北市	萬華區	萬華區東園街66巷與東園街口	25.0258825	121.4964618	0	0	1	4	8	5	5	4	1	1	5	4	5	13	1	1	5	4	5	2	17	4	9	1	6	2	10	1		1	2	11	
113	4	30	7	50	臺北市	大安區	大安區忠孝東路3段28號前	25.041607	121.5377162	0	0	2	2	8	7	5	14	9	1	5	4	5	13	4	4	8	3	5	1	17	1	12	1	5	1	10	1		1	2	13	
113	4	30	8	7	臺北市	中正區	中正區牯嶺街138號	25.02228335	121.5190367	0	0	1	2	8	6	5	14	9	1	5	4	5	13	4	4	10	5	5	1	11	1	9	1	7	2	8	1		1	3	4	
113	4	30	8	15	臺北市	中正區	中正區市民大道2段與林森北路口	25.047696	121.524125	0	0	1	2	8	6	5	4	1	1	5	4	5	13	1	1	1	4	5	2	12	1	9	1	6	2	10	1		1	3	14	
113	4	30	8	30	臺北市	士林區	士林區天母東路90巷與天母東路90巷口	25.11773385	121.5359337	0	0	1	2	8	5	5	3	1	1	5	4	5	13	4	4	10	5	5	2	17	1	6	1	6	1	10	1		2	2	11	
113	4	30	8	46	臺北市	中山區	中山區新生北路1段33號	25.0451546	121.5303122	0	0	1	2	8	7	5	14	9	1	5	4	5	13	4	4	1	5	5	2	12	1	9	1	5	2	10	1		1	3	14	
113	4	30	8	50	臺北市	信義區	信義區光復南路271號	25.0400161	121.5576535	0	0	1	2	8	7	8	22	22	1	5	4	5	13	4	4	1	4	5	2	13	1	6	1	6	1	10	1		1	2	11	