年	月	日	時	分	縣市	行政區	allLocation	GoogleLat	GoogleLng	死	2-30	受傷	當事人數	天候	道路照明設備	道路類別	道路型態	事故位置	路面狀況1	路面狀況2	路面狀況3	道路障礙1	道路障礙2	號誌1	號誌2	車道劃分-分向	車道劃分-分道1	車道劃分-分道2	車道劃分-分道3	事故類型及型態	行動電話	當事者行動狀態	駕駛資格情形	保護裝置	飲酒情形	駕駛執照種類	個人肇逃否	肇因碼-主要	性別	受傷程度	車輛撞擊部位1	車輛撞擊部位2
113	4	30	8	58	臺北市	士林區	士林區德行東路109巷104號與德行東路109巷口	25.1109333	121.5287833	0	0	1	2	8	5	5	4	1	1	5	4	5	13	4	4	9	5	5	1	13	1	9	1	5	1	10	1		1	3	11	
113	4	30	9	25	臺北市	士林區	士林區克強路與克強路15巷口	25.1088798	121.5240701	0	0	1	7	8	7	5	3	1	1	5	4	5	13	4	4	5	5	5	2	12	4	9	1	3	2	10	1		2	2	14	
113	4	30	9	48	臺北市	萬華區	萬華區桂林路與柳州街口	25.0376717	121.5050993	0	0	1	2	8	5	5	4	1	1	5	4	5	13	1	1	9	4	5	2	17	4	6	1	7	1	8	1		1	3	7	
113	4	30	9	54	臺北市	內湖區	內湖區內湖路2段與成功路4段30巷口	25.0824692	121.5909146	0	0	1	2	8	7	6	3	1	1	5	4	5	13	4	4	5	5	5	2	16	1	6	3	5	1	18	1		2	2	11	
113	4	30	9	59	臺北市	內湖區	內湖區金龍路與內湖路2段18巷口	25.08494427	121.5930008	0	0	2	2	8	7	5	14	8	1	5	4	5	13	4	4	9	4	4	2	12	1	1	1	6	2	10	1		1	2	14	
113	4	30	10	51	臺北市	萬華區	萬華區環河南路1段27號	25.0466019	121.5038103	0	0	2	4	8	7	5	14	9	1	5	4	5	13	4	4	9	5	5	2	17	1	15	1	7	1	8	1		1	3	8	
113	4	30	10	52	臺北市	信義區	信義區基隆路2段131號	25.0275942	121.5563076	0	0	2	2	8	6	5	14	9	1	5	4	5	13	4	4	9	3	5	2	13	4	9	1	5	1	10	1		1	2	13	12
113	4	30	10	53	臺北市	北投區	北投區三合街1段117巷與三合街1段117巷59弄口	25.1251592	121.5045214	0	0	1	2	8	6	5	4	1	1	5	4	5	13	4	4	10	5	5	2	15	1	9	1	5	2	10	1		2	2	11	
113	4	30	11	0	臺北市	文山區	文山區興隆路4段29巷與興隆路4段29巷3弄口口	24.99075886	121.5598352	0	0	2	2	8	7	5	4	1	1	5	4	5	13	4	4	10	5	5	2	15	1	9	1	6	1	10	1		1	2	11	
113	4	30	11	28	臺北市	信義區	信義區信義路5段與松智路口	25.0328299	121.5651948	0	0	2	3	8	5	5	4	2	1	5	4	5	13	2	1	1	4	5	2	13	1	9	1	6	1	10	1		1	2	11	
113	4	30	11	58	臺北市	大安區	大安區忠孝東路3段與建國南路1段口	25.0418037	121.5367963	0	0	1	2	8	7	5	4	1	1	5	4	5	13	1	1	1	4	5	2	17	1	6	1	7	9	8	1		1	2	5	
113	4	30	12	0	臺北市	內湖區	內湖區成功路2段115巷47弄與民權東路6段180巷口	25.0650839	121.5925378	0	0	1	2	8	5	5	3	1	1	5	4	5	13	4	4	9	4	5	2	16	1	1	1	7	1	8	1		1	3	1	
113	4	30	12	23	臺北市	內湖區	內湖區康樂街136巷15弄與康樂街136巷口口	25.07193485	121.6184335	0	0	1	2	8	6	5	4	1	1	5	4	5	13	4	4	10	5	5	2	15	1	9	1	5	1	10	1		2	2	12	
113	4	30	12	24	臺北市	中山區	中山區林森北路145巷與林森北路口	25.05144619	121.5252564	0	0	1	2	8	6	5	3	1	1	5	4	5	13	4	4	1	4	5	2	13	4	9	1	6	1	10	1		2	2	11	
113	4	30	12	29	臺北市	信義區	信義區信義路3段150巷355號	25.0256137	121.5704883	0	0	1	2	8	6	5	14	9	1	5	4	5	13	4	4	10	5	5	2	12	1	13	1	3	1	8	1		2	3	4	12
113	4	30	12	33	臺北市	中正區	中正區中華路1段與中華路1段9巷口	25.04701364	121.509982	0	0	2	3	8	6	5	4	1	1	5	4	5	13	1	1	10	4	5	2	12	4	15	1	7	2	8	1		2	3	2	
113	4	30	12	40	臺北市	中正區	中正區羅斯福路1段與愛國西路口	25.0345558	121.5169495	0	0	1	2	7	7	5	4	1	1	5	4	5	13	1	1	1	4	1	2	17	1	6	1	7	1	8	1		1	3	5	
113	4	30	12	55	臺北市	松山區	松山區光復南路46巷與光復南路32巷16弄口	25.04602994	121.5565291	0	0	1	3	8	7	5	4	1	1	5	4	5	13	4	4	10	5	5	2	1	1	6	1	7	2	8	1		1	3	8	
113	4	30	13	28	臺北市	大安區	大安區和平東路2段與建國南路2段口	25.0257439	121.5379291	0	0	2	3	8	7	5	5	1	1	5	4	5	13	1	1	8	3	5	2	12	4	15	1	3	1	8	1		1	3	5	
113	4	30	14	23	臺北市	內湖區	內湖區堤外便道西向東	25.06564862	121.616739	0	0	2	3	6	6	8	22	22	1	4	4	4	13	4	4	5	5	5	2	17	1	15	1	5	1	10	1		1	2	14	13
113	4	30	14	25	臺北市	中正區	中正區忠孝東路2段與金山南路1段口	25.042976	121.5299044	0	0	2	3	7	6	5	4	2	1	5	4	5	13	1	1	1	4	5	2	16	1	1	1	5	2	10	1		1	3	12	
113	4	30	14	43	臺北市	南港區	南港區市民大道7段與昆陽街口	25.0511443	121.5936452	0	0	1	2	8	7	5	4	2	1	5	4	5	13	2	1	5	4	5	2	12	1	1	1	5	1	10	2		1	3	12	
113	4	30	15	0	臺北市	信義區	信義區松仁路3號	25.040407	121.5685709	0	0	1	2	7	5	5	14	9	1	5	4	5	13	4	4	1	4	5	1	29	1	9	1	6	1	10	1		1	2	14	
113	4	30	15	29	臺北市	萬華區	萬華區華江橋機車道往新北	25.03684564	121.4892085	0	0	1	2	6	7	7	14	11	1	4	4	5	13	4	4	10	5	5	2	12	1	15	1	5	1	10	1		2	3	14	
113	4	30	15	30	臺北市	萬華區	萬華區萬大路510號	25.0189938	121.4969744	0	0	1	3	6	7	5	14	9	1	4	4	5	13	4	4	3	4	5	2	13	1	9	1	5	1	10	1		1	3	12	
113	4	30	15	40	臺北市	士林區	士林區至善路1段第214號路燈桿前	25.09791639	121.5378508	0	0	1	2	7	7	5	14	7	1	4	4	5	13	4	4	1	4	4	1	17	1	7	1	7	2	8	1		1	3	4	
113	4	30	15	50	臺北市	大同區	大同區環河北路1段與長安西路口	25.0522121	121.5072461	0	0	2	2	6	6	5	3	2	1	4	4	5	13	2	1	10	4	5	2	17	4	9	1	3	1	10	1		1	2	11	
113	4	30	16	0	臺北市	信義區	信義區忠孝東路5段297號	25.0410342	121.5727763	0	0	1	3	6	6	5	14	9	1	4	4	5	13	4	4	3	3	5	2	17	1	14	1	3	1	4	1		1	3	6	
113	4	30	16	20	臺北市	中正區	中正區南海路與南海路2巷口	25.0326664	121.5175923	0	0	1	2	6	7	5	3	1	4	4	4	5	13	4	4	1	4	5	2	17	1	7	1	5	2	10	1		1	3	17	
113	4	30	17	0	臺北市	文山區	文山區興隆路3段217號	24.9949032	121.5596481	0	0	1	3	6	6	5	14	9	1	4	4	5	13	4	4	1	4	5	2	17	1	7	1	7	2	4	1		1	3	17	
113	4	30	17	5	臺北市	中正區	中正區林森南路地下道	25.03704337	121.5210331	0	0	3	3	6	5	5	7	9	1	4	4	5	13	4	4	10	1	5	1	17	1	8	1	5	2	10	1		1	2	15	
113	4	30	17	12	臺北市	大安區	大安區新生南路3段往北(台大停車場旁)	25.0190026	121.533856	0	0	1	2	6	7	5	14	9	1	4	4	5	13	4	4	8	3	4	1	13	1	12	1	5	1	10	1		1	2	11	
113	4	30	17	27	臺北市	北投區	北投區石牌路2段90巷22號	25.11706272	121.517853	0	0	1	2	6	6	5	14	9	1	4	4	5	13	4	4	10	5	5	2	17	1	14	1	7	1	8	1		1	3	4	
113	4	30	17	34	臺北市	士林區	士林區中山北路4段公車站牌旁	25.0817579	121.5248078	0	0	1	2	6	6	5	14	9	1	4	4	5	13	4	4	3	4	5	2	18	4	15	1	3	9	10	1		1	2	15	
113	4	30	17	34	臺北市	大安區	大安區羅斯福路4段公館2號出口	25.0144332	121.534816	0	0	1	2	6	5	5	14	9	1	4	4	5	13	4	4	1	4	5	2	12	1	7	1	5	1	10	1		1	2	14	
113	4	30	17	40	臺北市	中正區	中正區桃源街16號	25.041606	121.5104309	0	0	1	2	6	7	5	14	9	1	4	4	5	13	4	4	9	5	5	2	17	1	3	1	7	1	8	1		2	3	8	
113	4	30	18	0	臺北市	南港區	南港區市民大道7段與東新街口口	25.0495938	121.5838773	0	0	1	2	6	5	5	4	1	1	4	4	5	13	1	1	4	3	5	2	12	1	8	1	5	1	10	1		1	2	12	
113	4	30	18	5	臺北市	中正區	中正區忠孝東路1段31號	25.0444252	121.5253054	0	0	1	2	6	5	8	22	22	1	4	4	5	13	2	1	3	4	5	2	17	1	1	1	7	2	8	1		1	3	17	
113	4	30	18	7	臺北市	中山區	中山區大直橋往南	25.07325668	121.5444761	0	0	1	3	7	5	5	14	9	1	5	4	5	13	4	4	1	4	5	2	13	1	9	1	7	1	8	1		1	3	1	
113	4	30	18	10	臺北市	中山區	中山區北安路542號	25.08004877	121.5477136	0	0	1	2	8	7	5	14	9	1	5	4	5	13	4	4	3	4	5	2	12	4	9	7	3	9	19	2		1	4	15	
113	4	30	18	12	臺北市	中正區	中正區汀州路3段與汀州路3段104巷口	25.014395	121.5330923	0	0	1	3	7	5	5	3	1	1	5	4	5	13	4	4	5	5	5	2	17	1	5	1	7	2	8	1		1	3	1	
113	4	30	18	20	臺北市	中山區	中山區北安路305號	25.0778457	121.5381819	0	0	2	2	7	7	5	14	9	1	5	4	5	13	2	1	1	4	5	2	13	1	14	1	6	1	10	1		1	2	13	
113	4	30	18	20	臺北市	內湖區	內湖區民權隧道南向北	25.0689617	121.6029348	0	0	2	7	6	5	5	6	11	2	4	4	5	13	4	4	1	2	4	2	13	1	9	1	5	1	10	1		1	3	11	13
113	4	30	18	21	臺北市	萬華區	萬華區萬大路87-1號	25.0301683	121.5005781	0	0	4	5	7	5	5	14	9	1	5	4	5	13	1	1	1	3	5	2	13	1	9	1	5	2	10	1		1	2	12	
113	4	30	18	30	臺北市	中山區	中山區長安東路1段53巷與林森北路85巷口	25.049453	121.5272062	0	0	1	2	7	5	5	4	1	1	5	4	5	13	4	4	10	5	5	2	15	4	9	1	5	1	10	1		1	2	14	
113	4	30	18	30	臺北市	大同區	大同區延平北路3段與民權西路口	25.0630161	121.511137	0	0	1	2	7	5	5	5	1	1	4	4	5	13	2	1	1	4	5	2	17	1	15	1	6	1	10	1		1	3	14	
113	4	30	18	33	臺北市	中山區	中山區長安東路2段與建國北路1段口	25.0484553	121.5369617	0	0	1	2	7	5	5	4	2	1	5	4	5	13	2	1	5	4	5	2	16	4	6	1	3	2	8	1		1	3	2	
113	4	30	18	34	臺北市	中正區	中正區忠孝東路1段85號前	25.044202	121.5263232	0	0	1	2	7	5	5	14	9	1	4	4	5	13	4	4	9	4	5	1	16	1	3	1	7	1	4	1		1	3	1	
113	4	30	18	35	臺北市	大安區	大安區忠孝東路3段與建國南路1段口	25.0414575	121.5369184	0	0	1	2	8	5	5	4	2	1	4	4	5	13	2	1	1	3	5	2	12	4	9	1	3	11	8	2		1	3	2	
113	4	30	19	0	臺北市	中正區	中正區南昌路2段1巷與南昌路2段口	25.0284955	121.5191952	0	0	1	2	8	5	5	4	1	1	5	4	5	13	4	4	5	4	5	2	3	4	5	1	7	2	8	1		1	3	8	
113	4	30	19	10	臺北市	士林區	士林區雨聲街105號	25.1040871	121.5330932	0	0	1	2	8	5	5	14	9	1	4	4	5	13	4	4	5	5	5	1	13	1	9	1	5	1	10	1		1	2	11	
113	4	30	19	20	臺北市	中山區	中山區八德路2段214號	25.0464509	121.5392089	0	0	1	2	7	5	5	14	9	1	5	4	5	13	2	2	9	4	5	2	11	1	11	1	7	1	4	1		1	3	5	
113	4	30	19	26	臺北市	信義區	信義區中坡南路20號	25.0435487	121.5826752	0	0	1	2	7	5	5	14	7	1	5	4	5	13	4	4	9	4	4	2	13	1	9	1	7	2	8	1		1	3	1	
113	4	30	19	40	臺北市	中正區	中正區和平西路2段與莒光路口口	25.0312565	121.5079474	0	0	1	2	7	5	5	3	1	1	5	4	5	13	1	1	1	4	5	2	16	4	5	1	6	1	10	1		1	2	13	
113	4	30	19	45	臺北市	中正區	中正區汀州路1段與南海路口	25.028898	121.5085392	0	0	1	2	7	5	5	4	1	1	5	4	5	13	1	1	5	4	5	2	13	4	9	1	7	2	4	1		1	3	1	
113	4	30	19	50	臺北市	內湖區	內湖區麥帥一橋機慢車引道	25.05408431	121.5750772	0	0	2	2	7	5	5	14	11	1	5	4	5	13	3	1	1	5	3	1	13	1	9	1	5	1	8	1		1	2	11	
113	4	30	20	34	臺北市	大安區	大安區市民大道4段與忠孝東路4段101巷口	25.0446838	121.548119	0	0	1	2	8	5	5	3	1	1	5	4	5	13	4	4	1	4	5	2	13	1	6	1	5	1	10	1		1	2	14	
113	4	30	20	38	臺北市	中正區	中正區中山南路與愛國西路口	25.0350389	121.5162829	0	0	1	2	7	5	5	4	2	1	5	4	5	13	1	1	8	4	1	1	17	1	6	1	6	11	10	2		1	3	17	
113	4	30	21	4	臺北市	信義區	信義區環東大道下基隆路匝道	25.04665555	121.5678048	0	0	1	2	8	5	5	10	7	1	5	4	5	13	4	4	10	4	5	2	13	4	9	1	3	1	9	1		1	2	14	
113	4	30	21	34	臺北市	大同區	大同區承德路3段與庫倫街口	25.0721106	121.5187613	0	0	1	3	7	5	5	5	1	1	5	4	5	13	2	1	1	4	5	2	17	1	11	1	7	1	8	1		2	3	17	
113	4	30	21	39	臺北市	大安區	大安區市民大道3段與建國南路1段口	25.044634	121.5363304	0	0	1	2	7	5	5	5	1	1	5	4	5	13	1	1	1	4	4	2	16	4	6	1	3	1	14	1		1	3	2	
113	4	30	21	49	臺北市	信義區	信義區永吉路與永吉路30巷口	25.0455919	121.5687824	0	0	1	2	8	5	5	4	1	1	5	4	5	13	2	1	1	4	5	1	16	4	6	2	3	1	18	1		1	3	12	
113	4	30	21	50	臺北市	中山區	中山區中山北路1段152號	25.051909	121.5223695	0	0	1	2	8	5	5	14	8	1	5	4	5	13	2	1	9	4	5	2	13	1	9	1	6	1	10	1		2	2	11	12
113	4	30	21	50	臺北市	中山區	中山區雙城街與雙城街4巷口	25.063322	121.5244011	0	0	2	3	7	5	5	14	9	1	4	4	5	13	4	4	10	5	5	2	15	1	9	1	7	1	8	1		1	3	5	
113	4	30	22	10	臺北市	內湖區	內湖區行善路59巷20弄與行善路59巷口	25.0571781	121.5782376	0	0	1	2	7	5	5	3	1	1	5	4	5	13	4	4	5	4	5	1	17	1	4	1	5	1	10	1		1	2	12	
113	5	1	0	14	臺北市	中山區	中山區市民大道3段與八德路2段口	25.0451081	121.5350858	0	0	1	2	7	5	5	14	9	1	5	4	5	13	2	1	1	4	5	2	16	1	6	1	7	1	8	1		1	3	2	
113	5	1	1	35	臺北市	中正區	中正區金山北路與金山北路口1001925燈桿	25.0456895	121.5307779	0	0	2	3	6	5	5	3	2	1	4	4	5	13	4	4	5	4	2	2	17	1	5	1	7	1	4	1		1	3	5	5
113	5	1	1	40	臺北市	中山區	中山區民族東路120號	25.06826491	121.5283279	0	0	1	2	6	5	5	14	9	1	4	4	5	13	2	1	3	4	5	2	17	1	11	1	7	2	8	1		2	3	5	
113	5	1	6	36	臺北市	松山區	松山區復興北路97號	25.05264969	121.5441706	0	0	1	2	7	7	5	14	9	1	5	4	5	13	4	4	1	4	5	2	17	1	8	1	7	1	4	1		1	3	17	
113	5	1	6	55	臺北市	中正區	中正區和平西路2段與南海路口	25.0309266	121.5088354	0	0	1	2	8	6	5	4	2	1	5	4	5	13	1	1	3	4	5	2	17	1	5	1	7	1	8	1		1	3	8	
113	5	1	7	30	臺北市	南港區	南港區忠孝東路6段與玉成街口	25.0452352	121.5827461	0	0	2	3	7	7	5	5	1	1	5	4	5	13	2	1	1	4	5	2	13	4	21	7	3	11	19	2		1	4	17	
113	5	1	8	55	臺北市	士林區	士林區仰德大道2段與莊頂路口	25.11062837	121.5487965	0	0	2	3	8	5	5	3	1	1	5	4	5	13	2	1	5	5	5	1	16	4	6	1	3	1	8	1		2	3	2	
113	5	1	9	30	臺北市	萬華區	萬華區東園街73巷78號	25.0264121	121.4992258	0	0	2	2	7	6	5	14	9	1	5	4	5	13	4	4	10	5	5	2	16	1	5	1	5	1	10	1		2	2	14	
113	5	1	10	19	臺北市	北投區	北投區文林北路與文林北路218巷口	25.1078705	121.5144708	0	0	1	2	8	7	5	3	2	1	5	4	1	13	1	1	1	4	4	2	12	1	7	1	5	2	10	1		1	2	14	
113	5	1	10	43	臺北市	大安區	大安區忠孝東路3段217巷4弄與忠孝東路3段217巷口	25.042846	121.5397547	0	0	1	2	8	7	5	4	2	1	5	4	5	13	4	4	8	3	5	1	15	1	9	1	5	1	10	1		1	2	11	
113	5	1	10	53	臺北市	大同區	大同區重慶北路3段與酒泉街口	25.0720199	121.5138294	0	0	2	2	7	6	5	4	1	1	5	4	5	13	1	1	1	2	5	2	17	1	5	3	6	1	18	1		2	2	12	
113	5	1	11	24	臺北市	文山區	文山區景文街142巷2號前	24.98844304	121.5401666	0	0	1	3	7	6	5	14	9	1	5	4	5	13	4	4	10	5	5	2	16	1	1	1	7	1	8	1		2	3	1	
113	5	1	11	27	臺北市	南港區	南港區研究院路3段68巷與研究院路3段68巷10弄口	25.0352169	121.6143981	0	0	1	2	7	7	5	4	2	1	5	4	5	13	4	4	10	5	5	2	15	4	9	1	6	1	10	1		1	2	12	
113	5	1	11	49	臺北市	大安區	大安區仁愛路3段與仁愛路3段143巷口	25.0382204	121.5430455	0	0	1	2	8	7	5	3	1	1	5	4	5	13	4	4	8	3	5	2	17	4	6	1	3	1	8	1		1	3	2	
113	5	1	12	23	臺北市	文山區	文山區興隆路3段與興德路口	25.0006134	121.5550518	0	0	2	3	6	6	5	3	2	1	4	4	5	13	2	1	1	4	5	2	13	1	9	1	6	1	10	1		1	2	11	
113	5	1	12	34	臺北市	信義區	信義區基隆路車行地下道南往北方向	25.0348686	121.5606268	0	0	2	3	8	5	5	7	9	1	5	4	5	13	4	4	4	1	5	2	13	4	9	1	3	2	8	1		1	3	3	
113	5	1	13	43	臺北市	文山區	文山區興隆路2段與興隆路2段275巷口口	25.0016257	121.5524888	0	0	1	2	7	6	5	4	1	1	5	4	5	13	2	1	1	4	5	2	16	1	5	1	6	2	10	1		2	3	12	
113	5	1	14	12	臺北市	文山區	文山區辛亥路4段與辛亥路4段101巷口	25.0066241	121.5585475	0	0	2	3	8	6	5	3	1	1	5	4	5	13	2	1	1	4	5	2	11	1	9	1	7	2	4	1		1	2	1	
113	5	1	15	11	臺北市	大同區	大同區延平北路3段81號	25.0671037	121.5109839	0	0	2	2	6	5	7	14	9	1	4	4	5	13	2	1	5	4	5	2	13	4	9	1	3	1	10	1		1	2	11	
113	5	1	15	20	臺北市	文山區	文山區羅斯福路6段234號	24.992358	121.5405487	0	0	1	2	8	6	5	14	9	1	5	4	5	13	4	4	1	4	5	2	9	1	12	1	7	11	2	1		1	3	17	
113	5	1	15	30	臺北市	士林區	士林區士東路與士東路286巷口	25.1135672	121.5373908	0	0	2	2	7	6	5	3	1	1	5	4	5	13	1	1	1	4	5	2	17	1	5	8	4	1	20	1		2	2	12	
113	5	1	15	36	臺北市	大同區	大同區環河北路1段與鄭州路口	25.0499081	121.506411	0	0	1	2	7	6	5	14	7	1	5	4	5	13	4	4	5	4	5	2	13	1	9	1	6	1	10	1		1	3	11	
113	5	1	15	41	臺北市	大安區	大安區金山南路2段222號	25.02732707	121.5259283	0	0	1	2	7	6	5	14	9	1	5	4	5	13	4	4	10	3	5	2	12	1	8	1	7	1	8	1		1	3	2	
113	5	1	15	51	臺北市	士林區	士林區延平北路5段與延平北路5段163巷口	25.08265506	121.5102859	0	0	2	2	6	6	5	3	2	1	4	4	5	13	2	1	1	4	5	2	16	1	1	1	5	2	11	1		2	2	14	
113	5	1	16	2	臺北市	北投區	北投區光明路55號	25.1328608	121.4999361	0	0	1	3	6	6	5	14	9	1	4	4	5	13	4	4	9	5	5	1	17	1	2	1	5	1	10	1		2	3	13	14
113	5	1	16	15	臺北市	中山區	中山區中山北路4段與新生高架道口往南閘道	25.0768524	121.5251759	0	0	1	2	6	7	5	4	1	1	4	4	5	13	1	1	7	5	5	2	15	1	9	1	7	1	8	1		2	3	2	
113	5	1	16	15	臺北市	中山區	中山區林森北路100號	25.05038488	121.5248772	0	0	1	2	6	5	5	14	9	1	4	4	5	13	1	1	1	2	5	2	17	1	9	1	6	1	10	1		1	2	17	
113	5	1	17	0	臺北市	北投區	北投區大度路3段關渡公車站前	25.1234999	121.4648872	0	0	2	3	6	6	5	14	9	1	4	4	5	13	4	4	1	4	5	2	12	1	9	1	5	1	10	1		1	2	14	
113	5	1	17	10	臺北市	中山區	中山區中山北路3段40號	25.04919849	121.5217505	0	0	1	2	6	7	5	14	9	1	4	4	5	13	4	4	1	4	5	2	9	1	9	1	7	9	2	1		1	3	17	
113	5	1	17	12	臺北市	北投區	北投區湖底路18號與湖底路口近梅湖公車站	25.1478062	121.5364409	0	0	1	2	6	5	6	3	2	1	4	4	5	13	4	4	10	5	5	1	2	1	6	1	7	2	8	1		1	3	4	
113	5	1	17	20	臺北市	松山區	松山區南京東路5段156號	25.0513653	121.5630283	0	0	1	3	6	6	5	14	9	1	4	4	5	13	4	4	3	4	4	2	16	1	1	1	7	1	8	1		1	3	8	
113	5	1	17	25	臺北市	北投區	北投區中央南路1段147號	25.1297005	121.5010617	0	0	2	2	6	6	5	14	9	1	4	4	5	13	4	4	9	5	5	1	3	1	9	1	5	2	10	1		2	2	11	
113	5	1	17	43	臺北市	大同區	大同區長安西路與承德路1段口	25.050942	121.5166727	0	0	1	3	6	5	5	14	9	1	4	4	5	13	4	4	5	4	5	2	17	4	15	1	3	1	10	1		1	3	14	
113	5	1	18	42	臺北市	中正區	中正區汀州路1段與汀州路1段252巷口	25.0271603	121.5107493	0	0	1	3	6	5	5	3	1	1	4	4	5	13	4	4	5	5	5	2	17	1	9	1	5	1	10	1		1	2	11	
113	5	1	19	36	臺北市	文山區	文山區景興路與景華街口	24.9952205	121.5447407	0	0	1	2	6	5	5	4	18	1	4	4	5	13	2	1	9	5	5	2	3	1	5	1	7	2	8	1		1	3	1	
113	5	1	19	46	臺北市	文山區	文山區辛亥路6段與辛亥路6段100巷口	24.9884919	121.5522278	0	0	2	3	6	5	5	14	9	1	4	4	5	13	4	4	1	4	5	2	9	1	9	1	6	1	10	1		1	2	17	
113	5	1	20	0	臺北市	中正區	中正區重慶南路2段與南海路口	25.0319329	121.5145049	0	0	1	2	7	5	5	4	1	1	4	4	5	13	1	1	1	4	5	2	13	4	9	1	5	1	10	1		1	2	11	
113	5	1	21	13	臺北市	松山區	松山區南京東路3段256巷與敦化北路4巷口	25.05020933	121.5446918	0	0	1	2	6	5	5	4	1	1	4	4	5	13	4	4	10	5	5	2	15	1	9	1	7	1	8	1		1	3	8	
113	5	1	21	24	臺北市	大安區	大安區安和路1段29號	25.0389839	121.5504143	0	0	1	2	8	5	5	14	9	1	5	4	5	13	4	4	3	3	5	2	9	1	9	1	7	1	2	1		1	3	17	
113	5	1	21	31	臺北市	信義區	信義區松山路425號	25.0404176	121.5779404	0	0	1	2	7	5	5	14	9	1	4	4	5	13	4	4	1	4	5	2	12	1	8	1	7	1	8	1		2	3	15	
113	5	1	22	45	臺北市	內湖區	內湖區瑞光路258巷與瑞光路口	25.07575373	121.5759448	0	0	2	2	6	5	5	4	1	1	4	4	5	13	3	1	5	4	5	2	3	1	9	1	5	2	10	1		1	2	11	
113	5	1	23	21	臺北市	大同區	大同區環河北路1段與南京西路口	25.0536372	121.507524	0	0	2	3	6	5	5	3	1	1	4	4	5	13	2	1	8	3	5	1	16	4	6	1	3	2	8	1		1	3	2	
113	5	2	0	2	臺北市	松山區	松山區光復北路與南京東路5段23巷9弄口	25.0526218	121.5570101	0	0	1	2	7	5	5	4	1	1	4	4	5	13	3	1	5	4	5	2	15	1	9	1	7	1	8	1		1	3	4	
113	5	2	1	10	臺北市	大安區	大安區建國南路1段與濟南路3段口	25.0401834	121.5373923	0	0	1	2	6	5	5	4	1	1	4	4	5	13	2	1	9	3	5	2	15	1	9	1	2	1	8	1		1	3	1	
113	5	2	2	30	臺北市	士林區	士林區格致路28號	25.1367674	121.5463643	0	0	1	2	6	5	5	14	9	1	4	4	5	13	4	4	4	3	5	1	17	1	13	1	7	1	8	1		1	3	17	
113	5	2	3	24	臺北市	信義區	信義區市民大道6段與松山路口	25.0489019	121.5779236	0	0	1	3	6	5	5	4	1	1	4	4	5	13	2	1	1	4	5	1	15	4	1	1	3	2	8	1		2	2	1	
113	5	2	6	28	臺北市	中山區	中山區錦州街與合江街口	25.0602525	121.5392534	0	0	1	2	6	5	5	4	1	1	4	4	5	13	2	1	9	5	5	2	12	4	7	1	7	1	8	1		2	3	4	
113	5	2	7	27	臺北市	大同區	大同區鄭州路23號	25.0496986	121.5137345	0	0	1	3	8	5	5	3	2	1	5	4	5	13	1	1	1	4	5	2	17	4	8	1	3	11	4	1		1	3	17	
113	5	2	7	40	臺北市	內湖區	內湖區成功路3段174巷與內湖路2段口	25.08186458	121.5903453	0	0	3	4	6	5	5	4	2	1	4	4	5	13	1	1	5	5	5	2	13	1	9	1	7	2	8	1		1	2	1	
113	5	2	7	51	臺北市	士林區	士林區福志路與福志路80巷口	25.098761	121.5293696	0	0	1	2	6	6	5	3	1	1	4	4	5	13	4	4	9	5	5	2	17	4	5	1	6	2	10	1		1	2	15	
113	5	2	8	20	臺北市	中山區	中山區北安路828號	25.08438439	121.5572492	0	0	1	2	7	7	5	14	7	1	5	4	5	13	4	4	1	4	4	2	17	4	4	1	6	1	10	1		1	2	15	
113	5	2	8	20	臺北市	中山區	中山區民權東路2段與松江路口	25.06239058	121.5332705	0	0	1	3	6	5	5	4	1	1	4	4	5	13	1	1	1	4	5	2	13	1	10	1	7	1	8	1		1	3	7	
113	5	2	8	20	臺北市	士林區	士林區至善路1段燈桿1101277處	25.0973187	121.5421449	0	0	1	2	6	5	5	14	8	1	4	4	5	13	4	4	1	4	4	2	12	1	9	1	6	2	10	1		1	2	11	
113	5	2	8	28	臺北市	信義區	信義區忠孝東路5段236巷2弄27號	25.0404743	121.570259	0	0	1	2	6	5	5	14	9	1	4	4	5	13	4	4	10	5	5	2	13	1	9	1	5	1	10	1		2	2	11	
113	5	2	8	29	臺北市	信義區	信義區忠孝東路5段524巷與忠孝東路5段口	25.0415795	121.5791574	0	0	1	2	6	7	5	4	1	1	4	4	5	13	2	1	1	4	5	2	16	4	5	1	3	1	10	1		1	3	13	
113	5	2	8	32	臺北市	信義區	信義區光復南路271號	25.039826	121.5577162	0	0	1	2	7	5	5	14	9	1	4	4	5	13	4	4	5	5	5	2	12	1	8	1	7	1	8	1		1	3	6	
113	5	2	8	41	臺北市	信義區	信義區忠孝東路5段與大道路口	25.0432793	121.5811563	0	0	2	2	7	5	5	5	2	1	5	4	5	13	2	1	1	4	5	2	17	1	8	1	6	1	10	1		1	2	12	
113	5	2	9	8	臺北市	松山區	松山區民權東路3段162號與民權東路3段口旁停車場出入口	25.0617962	121.5484832	0	0	1	2	7	7	5	14	9	1	5	4	5	13	4	4	1	4	5	2	17	1	1	1	7	1	8	1		1	3	8	
113	5	2	9	10	臺北市	內湖區	內湖區江南街71巷66號	25.0740959	121.5792469	0	0	2	3	6	6	5	14	9	1	4	4	5	13	4	4	5	5	5	2	9	1	9	1	6	2	10	1		1	2	11	