年	月	日	時	分	縣市	行政區	allLocation	GoogleLat	GoogleLng	死	2-30	受傷	當事人數	天候	道路照明設備	道路類別	道路型態	事故位置	路面狀況1	路面狀況2	路面狀況3	道路障礙1	道路障礙2	號誌1	號誌2	車道劃分-分向	車道劃分-分道1	車道劃分-分道2	車道劃分-分道3	事故類型及型態	行動電話	當事者行動狀態	駕駛資格情形	保護裝置	飲酒情形	駕駛執照種類	個人肇逃否	肇因碼-主要	性別	受傷程度	車輛撞擊部位1	車輛撞擊部位2
113	5	2	9	12	臺北市	信義區	信義區光復南路國父紀念館西側	25.038975	121.5576623	0	0	1	2	6	7	5	14	9	1	4	4	5	13	4	4	5	5	5	2	13	1	9	1	5	1	10	1		1	2	11	
113	5	2	9	20	臺北市	大安區	大安區羅斯福路3段117號	25.0221865	121.5268526	0	0	1	3	7	6	5	14	9	1	4	4	5	13	4	4	1	4	5	2	17	4	8	1	3	1	8	1		1	3	15	
113	5	2	9	26	臺北市	文山區	文山區羅斯福路6段與羅斯福路6段455巷口	24.9903994	121.5399087	0	0	1	2	6	6	5	5	2	1	4	4	5	13	2	1	1	4	5	2	17	1	11	1	7	1	8	1		1	3	17	
113	5	2	9	28	臺北市	南港區	南港區南港路1段287巷2弄與興中路口	25.0540901	121.6079353	0	0	1	2	6	6	5	3	1	1	4	4	5	13	4	4	5	4	5	2	17	4	6	1	3	2	8	1		2	3	4	
113	5	2	9	48	臺北市	大安區	大安區和平東路2段134-1號前	25.0246518	121.5459055	0	0	1	2	6	7	5	14	9	1	4	4	5	13	4	4	8	3	5	1	17	1	15	1	7	1	8	1		1	3	17	
113	5	2	10	5	臺北市	士林區	士林區仰德大道2段與仰德大道2段134巷口	25.1093677	121.547059	0	0	1	2	8	5	5	3	2	1	5	4	5	13	1	1	5	5	5	1	12	1	9	1	6	2	10	1		2	2	14	
113	5	2	10	24	臺北市	內湖區	內湖區瑞光路112巷與瑞光路112巷56弄口	25.07113326	121.5800548	0	0	1	2	6	7	5	3	1	1	4	4	5	13	4	4	5	5	5	2	17	1	6	1	7	2	8	1		1	3	5	
113	5	2	10	30	臺北市	內湖區	內湖區康寧路3段48號	25.07200837	121.6088157	0	0	1	2	7	6	5	3	1	1	4	4	5	13	2	1	1	4	5	2	16	1	5	1	7	1	8	1		1	3	4	
113	5	2	10	31	臺北市	中正區	中正區汀州路2段226號前	25.022019	121.5242067	0	0	2	2	7	7	5	14	9	1	5	4	5	13	4	4	9	5	5	2	16	1	1	1	5	1	10	1		1	2	14	
113	5	2	10	32	臺北市	中山區	中山區中山北路2段與錦西街口	25.0604849	121.5228639	0	0	1	3	8	7	5	4	1	1	5	4	5	13	2	1	9	4	5	2	17	1	7	1	5	1	10	1		2	2	14	
113	5	2	11	0	臺北市	大安區	大安區延吉街與延吉街236巷口	25.0405881	121.5547231	0	0	1	2	8	6	5	3	1	1	5	4	5	13	4	4	1	5	5	2	16	1	9	1	7	1	4	1		1	3	8	
113	5	2	11	50	臺北市	內湖區	內湖區堤頂大道2段185號	25.07728878	121.5695209	0	0	1	2	7	7	5	14	9	1	5	4	5	13	4	4	1	3	5	2	17	1	13	1	3	1	8	1		1	2	4	
113	5	2	12	5	臺北市	松山區	松山區八德路4段與基隆路1段口	25.04951472	121.5696194	1	0	1	2	7	7	5	14	9	1	5	4	5	13	2	1	9	4	5	2	13	1	9	8	5	9	20	1		1	1	11	
113	5	2	12	38	臺北市	大安區	大安區市民大道4段與光復南路口	25.0449812	121.5577308	0	0	1	2	8	7	5	5	1	1	5	4	5	13	1	1	8	3	5	2	15	4	7	1	3	1	10	1		1	2	14	
113	5	2	13	0	臺北市	信義區	信義區忠孝東路5段與中坡南路口	25.0440297	121.5818664	0	0	1	2	7	6	5	4	2	1	5	4	5	13	2	1	9	3	5	2	16	4	5	8	4	1	20	1		2	2	14	12
113	5	2	13	12	臺北市	中山區	中山區松江路362巷與民權東路2段92巷口	25.061971	121.5317307	0	0	2	3	8	6	5	4	1	1	5	4	5	13	4	4	10	5	5	2	15	1	9	1	5	1	10	1		2	2	12	
113	5	2	13	30	臺北市	內湖區	內湖區五分街75號	25.06736951	121.6149966	0	0	1	2	7	6	5	14	9	1	5	4	5	13	4	4	9	4	5	2	13	1	9	1	6	2	10	1		1	2	11	
113	5	2	13	45	臺北市	文山區	文山區福興路93-4號	25.0045175	121.5497473	0	0	1	2	8	6	5	14	9	1	5	4	5	13	4	4	10	5	5	2	9	5	16	8	4	10	20	1		2	3	17	
113	5	2	14	13	臺北市	北投區	北投區大度路2段049燈桿	25.1224058	121.4808521	0	0	4	4	7	6	5	14	7	1	5	4	5	13	4	4	1	4	2	1	13	2	9	1	7	2	8	1		1	2	1	
113	5	2	14	15	臺北市	大安區	大安區和平東路1段與金山南路2段口	25.0269393	121.5263737	0	0	2	2	8	6	5	3	1	1	5	4	5	13	1	1	1	4	5	2	16	1	8	1	5	1	10	1		2	2	14	
113	5	2	14	15	臺北市	萬華區	萬華區西藏路與萬大路口	25.02957	121.5010079	0	0	1	2	7	5	5	4	2	1	5	4	5	13	1	1	1	4	5	2	13	4	9	6	5	1	10	1		1	2	11	
113	5	2	14	19	臺北市	南港區	南港區研究院路2段170號前	25.0379202	121.6169583	0	0	2	2	7	6	5	14	9	1	5	4	5	13	4	4	9	5	5	2	16	4	1	1	5	1	10	1		1	2	14	
113	5	2	14	25	臺北市	文山區	文山區辛亥路7段與忠順街1段口口	24.98315464	121.5540653	0	0	1	2	7	7	5	3	2	1	5	4	5	13	2	1	5	4	4	2	16	1	6	1	7	1	8	1		1	3	2	
113	5	2	14	27	臺北市	中山區	中山區錦西街5巷與錦西街口	25.060319	121.5218618	0	0	2	2	7	5	5	14	9	1	5	4	5	13	4	4	5	5	5	2	13	4	9	1	3	11	10	1		1	2	13	
113	5	2	15	11	臺北市	中正區	中正區新生南路1段與濟南路2段口	25.04017591	121.5325834	0	0	1	3	8	6	5	4	1	1	5	4	5	13	1	1	10	5	5	2	13	4	9	1	7	1	4	1		1	3	1	
113	5	2	15	11	臺北市	大安區	大安區羅斯福路2段與杭州南路2段口	25.0280131	121.5218471	0	0	1	3	8	6	5	4	1	1	5	4	5	13	2	1	1	1	4	2	12	1	7	1	6	11	10	1		1	2	14	
113	5	2	15	14	臺北市	大安區	大安區大安路1段與大安路1段83巷口	25.0409764	121.5461369	0	0	1	2	7	6	5	4	1	1	5	4	5	13	4	4	10	4	5	2	15	1	9	1	7	1	8	1		2	3	5	
113	5	2	15	29	臺北市	萬華區	萬華區中華路1段與中華路1段114巷口	25.04383605	121.5084517	0	0	1	2	8	6	5	3	2	1	5	4	5	13	4	4	10	5	5	2	17	1	3	1	7	9	2	1		1	3	3	
113	5	2	15	29	臺北市	萬華區	萬華區廣州街184號	25.03677859	121.4985209	0	0	1	2	8	5	5	14	9	1	5	4	3	13	4	4	10	4	5	2	9	4	9	1	7	11	8	1		1	3	2	
113	5	2	15	34	臺北市	北投區	北投區明德路與明德路3巷口	25.1065236	121.5169783	0	0	4	4	8	7	5	3	1	1	5	4	5	13	4	4	5	5	5	2	16	1	5	1	6	1	10	1		2	2	12	
113	5	2	15	45	臺北市	萬華區	萬華區大理街與西園路1段306巷口	25.0345497	121.4993704	0	0	1	2	7	6	5	4	1	1	5	4	5	13	4	4	10	5	5	2	3	4	9	1	3	1	4	1		1	3	2	
113	5	2	15	58	臺北市	大同區	大同區民權西路與蘭州街口	25.062906	121.5146183	0	0	1	2	8	6	5	4	1	1	5	4	5	13	2	1	1	5	5	2	16	1	5	1	6	1	10	1		1	2	13	
113	5	2	16	1	臺北市	大同區	大同區長安西路與太原路口	25.05129	121.5154764	0	0	1	2	8	7	5	4	2	1	5	4	5	13	2	1	4	4	5	2	17	4	5	1	3	1	8	1		1	3	8	
113	5	2	16	45	臺北市	中正區	中正區汀州路3段154號	25.0136459	121.5342561	0	0	2	2	8	7	5	14	9	1	5	4	5	13	4	4	5	4	5	2	5	1	9	6	7	1	18	1		1	2	5	
113	5	2	16	48	臺北市	信義區	信義區信義路6段76巷8弄42號	25.0324467	121.5761197	0	0	2	3	8	7	5	14	9	1	5	4	5	13	4	4	10	5	5	2	12	1	1	1	7	2	8	1		1	3	8	
113	5	2	17	12	臺北市	信義區	信義區忠孝東路5段22巷	25.0395217	121.5661926	0	0	2	3	7	6	8	22	22	1	5	4	5	10	4	4	4	3	5	2	17	1	9	8	4	1	20	1		2	2	11	
113	5	2	17	21	臺北市	信義區	信義區吳興街156巷22弄13號	25.0287388	121.5605103	0	0	1	3	7	7	5	14	9	1	5	4	5	10	4	4	10	5	5	2	5	5	16	8	4	10	20	1		1	3	16	
113	5	2	17	26	臺北市	北投區	北投區新民路與泉源路口逸仙國小	25.138484	121.5051315	0	0	2	2	8	5	6	3	2	1	5	4	5	13	3	1	7	4	5	1	17	1	5	1	6	9	10	1		2	2	12	
113	5	2	17	38	臺北市	信義區	信義區忠孝東路5段492巷20號	25.0403127	121.5783646	0	0	1	2	8	7	5	14	9	1	5	4	5	13	4	4	10	5	5	2	4	1	9	1	7	2	8	1		1	3	2	
113	5	2	17	55	臺北市	士林區	士林區中山北路6段與福國路口	25.10309833	121.5251767	0	0	2	2	8	6	5	14	9	1	5	4	5	13	2	1	1	4	5	1	12	1	9	1	5	1	10	1		2	2	12	
113	5	2	18	14	臺北市	文山區	文山區景興路與景興路153巷口口	24.9936468	121.5445542	0	0	1	2	6	5	5	3	19	1	4	4	5	13	2	1	1	4	5	2	3	5	16	8	4	10	20	1		1	2	16	
113	5	2	18	15	臺北市	士林區	士林區通河西街1段與堤外便道口	25.0822883	121.5135617	0	0	2	2	7	5	5	14	9	1	5	4	5	13	4	4	9	5	5	1	17	1	5	8	4	1	20	1		1	2	14	
113	5	2	18	22	臺北市	大安區	大安區臥龍街與和平東路3段346巷口	25.018491	121.5572763	0	0	1	2	8	5	5	4	1	1	5	4	5	13	2	1	5	4	4	2	17	1	5	1	7	2	8	1		1	3	1	
113	5	2	18	23	臺北市	內湖區	內湖區星雲街與星雲街33巷口	25.078531	121.5913804	0	0	1	2	7	5	5	3	1	1	5	4	5	13	4	4	4	5	5	1	17	1	9	1	6	2	10	1		1	3	12	
113	5	2	18	25	臺北市	士林區	士林區忠誠路2段50巷與忠誠路2段40巷14弄口	25.110811	121.5296381	0	0	2	2	8	5	5	4	1	1	5	4	5	13	4	4	10	5	5	2	15	1	9	1	5	2	10	1		2	2	11	
113	5	2	18	25	臺北市	松山區	松山區南京東路5段與三民路口口	25.0514825	121.564135	0	0	2	3	8	5	5	4	1	1	5	4	5	13	1	1	1	4	5	2	12	1	9	1	7	9	8	1		1	3	5	
113	5	2	18	32	臺北市	信義區	信義區基隆路2段7號	25.032643	121.5593944	0	0	1	2	7	5	5	14	9	1	5	4	5	13	4	4	3	4	5	2	17	1	9	1	7	1	2	1		1	3	5	
113	5	2	18	35	臺北市	大安區	大安區忠孝東路3段與建國南路1段口	25.0416206	121.5368953	0	0	1	2	8	5	5	4	1	1	5	1	5	13	1	1	3	4	5	1	16	1	6	1	7	1	8	1		1	3	2	
113	5	2	18	51	臺北市	士林區	士林區中正路與中興街口	25.09466896	121.5228363	0	0	1	2	8	7	5	3	2	1	5	4	5	13	4	4	5	4	5	2	9	1	7	1	2	9	2	1		1	3	17	
113	5	2	19	1	臺北市	萬華區	萬華區環河南路1段與長沙街2段口	25.04149069	121.4995959	0	0	1	2	8	5	5	3	2	1	5	4	5	13	2	1	5	4	5	2	16	1	6	1	7	1	8	1		1	3	5	
113	5	2	19	22	臺北市	大安區	大安區敦南街與無名巷口	25.0223512	121.5466413	0	0	2	2	8	5	5	4	1	1	5	4	5	13	4	4	10	5	5	2	17	1	9	1	6	2	10	1		2	2	15	
113	5	2	19	41	臺北市	內湖區	內湖區安康路22巷與安康路32巷24弄口	25.06179002	121.5937025	0	0	3	4	8	5	5	3	18	1	5	4	5	13	4	4	5	5	5	2	3	1	9	1	5	2	9	1		1	3	11	
113	5	2	21	20	臺北市	士林區	士林區中山北路5段與中山北路5段698巷口	25.0977011	121.5274993	0	0	1	2	8	5	5	5	1	1	5	4	5	13	2	1	3	4	5	2	16	1	5	1	7	1	8	1		1	3	2	
113	5	2	22	51	臺北市	大同區	大同區赤峰街與承德路2段53巷口	25.0553146	121.5196384	0	0	2	2	7	5	5	4	1	1	5	4	5	13	4	4	10	5	5	2	15	4	9	1	5	2	10	1		1	2	11	
113	5	2	22	53	臺北市	文山區	文山區興隆路3段36巷17弄與興隆路3段口	24.9993636	121.5553605	0	0	2	2	8	5	5	3	1	1	5	4	5	13	2	1	9	5	5	2	16	1	5	1	6	2	10	1		1	2	14	
113	5	3	0	5	臺北市	中山區	中山區錦州街與錦州街157巷口	25.0603425	121.5297354	0	0	1	2	7	5	5	14	9	1	5	4	5	13	4	4	5	4	4	2	17	4	11	1	3	1	7	1		1	3	17	
113	5	3	3	30	臺北市	南港區	南港區南港路1段299號	25.05451403	121.6078215	0	0	1	2	7	5	5	14	9	1	5	4	5	13	4	4	5	4	5	2	3	5	16	8	4	10	20	1		1	2	16	
113	5	3	6	56	臺北市	大安區	大安區金華街與信義路2段198巷口	25.029992	121.5314859	0	0	1	2	8	6	5	4	1	1	5	4	5	13	2	1	5	2	5	1	16	1	4	1	5	1	10	1		1	2	12	
113	5	3	6	57	臺北市	中正區	中正區貴陽街1段與懷寧街口	25.03872771	121.5137053	0	0	1	2	8	7	5	3	1	1	5	4	5	13	4	4	9	5	5	1	17	1	9	1	6	2	10	1		2	3	12	
113	5	3	7	20	臺北市	大同區	大同區重慶北路3段186號	25.0692752	121.5136275	0	0	2	3	8	6	5	14	9	1	5	4	5	13	4	4	1	4	5	2	12	4	10	1	6	1	10	1		1	2	14	
113	5	3	7	44	臺北市	內湖區	內湖區潭美街與安美街口	25.0610351	121.6027604	0	0	2	2	8	6	5	3	1	1	5	4	5	13	2	1	5	5	5	2	17	1	5	1	5	2	10	1		1	2	12	
113	5	3	7	45	臺北市	士林區	士林區百齡堤外停車場足球場(二)前	25.0867752	121.5154796	0	0	2	2	8	5	5	22	9	1	5	4	5	13	4	4	10	5	5	2	10	1	9	1	6	1	10	1		1	2	11	
113	5	3	8	10	臺北市	中山區	中山區北安路0105721燈桿旁	25.0857939	121.5515079	0	0	1	2	8	6	5	14	9	1	5	4	5	13	4	4	1	4	5	2	17	1	8	1	6	1	10	1		1	3	12	
113	5	3	8	20	臺北市	北投區	北投區中和街441巷與中和街口	25.1443049	121.4977385	0	0	2	2	8	7	5	5	1	1	5	4	5	13	3	1	5	5	5	2	15	4	9	1	3	2	10	1		1	2	11	
113	5	3	8	20	臺北市	大安區	大安區和平東路2段122號	25.0248376	121.5429196	0	0	1	2	7	6	5	14	9	1	5	4	5	13	4	4	1	4	5	2	12	1	9	1	7	1	2	1		1	3	2	
113	5	3	8	20	臺北市	大安區	大安區基隆路3段155巷與基隆路3段口	25.0155658	121.5425325	0	0	2	2	8	7	5	4	2	1	5	4	5	13	2	1	8	3	4	1	17	1	15	1	5	1	10	1		1	2	14	
113	5	3	8	20	臺北市	萬華區	萬華區艋舺大道與西藏路口	25.0290942	121.4913828	0	0	3	3	8	7	5	4	1	1	5	4	5	13	1	1	9	5	5	2	13	1	9	1	5	1	10	1		1	2	11	
113	5	3	8	38	臺北市	中山區	中山區新生北路3段與德惠街口	25.06664791	121.5274714	0	0	1	2	8	7	5	4	1	1	5	4	5	13	4	4	10	5	5	2	17	1	9	1	5	1	10	1		2	2	11	
113	5	3	8	46	臺北市	中山區	中山區龍江路與五常街口	25.0642808	121.5409447	0	0	3	3	8	6	5	4	1	1	5	4	5	13	2	1	10	5	5	2	12	1	9	1	6	2	10	1		1	2	12	
113	5	3	8	50	臺北市	大安區	大安區市民大道4段66號	25.0449395	121.5470952	0	0	2	3	8	6	5	22	9	1	5	4	5	13	4	4	1	4	5	1	17	4	5	1	3	1	8	1		1	3	5	
113	5	3	8	55	臺北市	松山區	松山區民權東路3段與敦化北路口	25.0615129	121.5503018	0	0	1	2	8	6	5	14	9	1	5	4	5	13	2	1	1	3	5	2	13	1	9	1	7	2	8	1		1	3	1	
113	5	3	8	57	臺北市	士林區	士林區承德路5段與通河東街2段10巷口	25.0915563	121.5155959	0	0	1	2	8	5	5	3	1	1	5	4	5	13	1	1	10	5	5	2	12	1	9	1	6	1	10	1		2	2	11	
113	5	3	9	32	臺北市	南港區	南港區市民大道8段與興華路口口	25.0531168	121.6063122	0	0	3	3	8	6	5	3	1	1	5	4	5	13	1	1	9	4	5	2	16	4	5	1	5	1	10	1		1	2	14	
113	5	3	9	42	臺北市	中山區	中山區市民大道2段5巷與市民大道2段口	25.04808419	121.5218435	0	0	1	2	8	7	5	14	9	1	5	4	5	13	4	4	9	4	5	2	17	1	9	1	5	1	10	1		2	2	11	
113	5	3	9	57	臺北市	萬華區	萬華區西藏路與西藏路269巷口	25.02853478	121.4933742	0	0	1	2	8	6	5	4	1	1	5	4	5	13	2	1	1	5	5	2	16	1	5	1	7	1	4	1		1	3	6	
113	5	3	10	8	臺北市	中正區	中正區濟南路2段與金山南路1段口	25.04083103	121.5292618	0	0	1	2	8	6	5	4	2	1	5	4	5	13	2	1	5	5	5	2	16	1	6	1	7	2	8	1		1	3	6	
113	5	3	10	8	臺北市	內湖區	內湖區金龍路與內湖路3段115巷口	25.0858512	121.5902475	0	0	1	2	8	7	5	3	1	1	5	4	5	13	1	1	5	5	5	2	17	1	5	1	7	2	8	1		1	3	5	
113	5	3	10	16	臺北市	內湖區	內湖區基湖路與基湖路35巷口口	25.07996242	121.5647554	0	0	1	2	8	6	5	3	1	1	5	4	5	13	3	1	5	5	5	2	16	1	5	1	5	1	10	1		1	2	11	
113	5	3	10	28	臺北市	士林區	士林區中正路與中正路399巷口	25.0941714	121.5210851	0	0	1	2	8	6	5	4	1	1	5	4	5	13	4	4	1	4	5	2	16	4	5	1	3	2	8	1		1	3	6	
113	5	3	10	45	臺北市	文山區	文山區北新橋南往北0708834燈桿	24.98909651	121.5396397	0	0	1	2	8	6	5	14	9	1	5	4	5	13	4	4	1	4	5	2	13	1	9	1	6	1	10	1		1	2	12	
113	5	3	11	20	臺北市	北投區	北投區石牌路2段361號	25.1236846	121.5255351	0	0	1	2	8	5	5	14	9	1	5	4	5	13	4	4	9	5	5	2	16	4	1	1	3	1	8	1		1	3	8	
113	5	3	11	22	臺北市	南港區	南港區南港路3段與南港路16段口	25.0542968	121.5926752	0	0	1	2	8	6	5	3	1	2	5	4	5	13	4	4	10	3	5	2	12	4	9	1	3	1	8	1		1	3	4	
113	5	3	11	27	臺北市	萬華區	萬華區富民路與富民路91巷口	25.0186691	121.4989037	0	0	1	2	8	6	5	3	1	1	5	4	5	13	4	4	7	4	5	2	9	1	6	1	6	9	11	1		2	3	11	
113	5	3	11	31	臺北市	大安區	大安區仁愛路4段151巷與敦化南路1段233巷口	25.0403625	121.5518033	0	0	2	2	8	5	5	4	1	1	5	4	5	13	4	4	10	5	5	2	15	4	9	1	3	1	10	1		1	2	11	
113	5	3	11	50	臺北市	內湖區	內湖區安康路與安康路56巷口	25.0621902	121.5971364	0	0	1	2	7	6	5	3	1	1	5	4	5	13	4	4	9	5	5	2	16	1	5	1	7	1	8	1		1	3	4	
113	5	3	11	53	臺北市	信義區	信義區永吉路30巷與永吉路30巷148弄口	25.0427257	121.5687117	0	0	1	2	8	7	5	4	1	1	5	4	5	13	4	4	9	5	5	2	12	4	9	1	3	1	10	1		1	2	14	
113	5	3	12	2	臺北市	南港區	南港區東新街3號對面	25.0491462	121.5841622	0	0	1	2	8	7	5	14	9	1	5	4	5	13	4	4	1	4	4	2	17	1	7	1	7	2	8	1		1	3	7	
113	5	3	12	9	臺北市	內湖區	內湖區舊宗路2段與舊宗路2段135巷口	25.0695729	121.5749374	0	0	2	4	8	7	5	14	9	1	5	4	5	13	4	4	1	4	5	2	13	1	9	1	7	1	8	1		1	3	1	
113	5	3	12	20	臺北市	中山區	中山區龍江路與長春路口	25.0546524	121.5405935	0	0	2	2	8	7	5	4	1	1	5	4	5	13	2	1	5	2	5	2	17	1	5	1	5	1	10	1		2	2	11	
113	5	3	12	47	臺北市	松山區	(八德路三段198巷內)	25.04782403	121.5562764	0	0	1	3	8	7	5	14	9	1	5	4	5	13	4	4	10	5	5	2	17	1	5	1	7	1	8	1		1	3	8	
113	5	3	13	0	臺北市	文山區	文山區木柵路3段102巷與保儀路口	24.9868126	121.5682929	0	0	1	2	8	6	5	4	1	1	5	4	5	13	1	1	10	5	5	2	16	1	5	1	6	2	10	1		2	2	14	
113	5	3	13	3	臺北市	大同區	大同區重慶北路2段與重慶北路2段64巷口	25.0558893	121.5138996	0	0	1	2	8	5	5	3	2	1	5	4	5	13	2	1	1	4	5	2	3	4	6	1	3	2	8	1		1	3	1	
113	5	3	13	5	臺北市	北投區	北投區立賢路與承德路7段393巷口	25.1121904	121.4991307	0	0	1	2	8	5	5	3	2	1	5	4	5	13	1	1	10	4	5	1	13	1	15	8	4	2	20	1		1	3	15	
113	5	3	13	8	臺北市	南港區	南港區福德街與福德街373巷口口	25.0403745	121.5906271	0	0	1	2	8	6	5	3	1	1	5	4	5	13	3	1	9	4	5	2	11	4	15	1	5	1	10	1		1	3	11	
113	5	3	13	17	臺北市	中山區	中山區錦州街與錦州街30巷口	25.0603375	121.5248958	0	0	2	2	8	7	5	3	18	1	5	4	5	13	4	4	5	4	5	2	3	4	9	1	6	2	10	1		1	2	11	
113	5	3	13	21	臺北市	士林區	士林區德行東路與德行東路93巷口	25.1075512	121.5278845	0	0	1	2	8	6	5	4	2	1	5	4	5	13	4	4	5	5	5	1	17	1	5	1	7	2	8	1		1	3	4	
113	5	3	13	30	臺北市	大安區	大安區基隆路3段與辛亥路3段口	25.0194846	121.5467685	0	0	1	2	8	6	5	4	1	1	5	4	5	13	2	1	9	3	5	2	17	1	8	1	7	1	8	1		2	3	17	
113	5	3	14	32	臺北市	中正區	中正區中山北路1段與市民大道2段口	25.04795995	121.5208138	0	0	1	3	8	6	5	4	1	1	5	4	5	13	2	1	5	4	5	2	12	1	8	1	7	1	8	1		1	3	2	
113	5	3	14	50	臺北市	信義區	信義區忠孝東路5段與忠孝東路5段15巷口	25.0412347	121.565265	0	0	3	4	8	7	5	3	1	1	5	4	5	13	4	4	9	4	5	2	17	1	9	1	7	2	8	1		1	2	1	
113	5	3	14	50	臺北市	內湖區	內湖區潭美街168號車格	25.05645325	121.5862611	0	0	1	2	8	6	5	14	9	1	5	4	5	13	4	4	9	5	5	2	3	1	9	1	6	2	10	1		2	3	11	
113	5	3	14	51	臺北市	南港區	南港區松河街386號	25.0551002	121.5887826	0	0	2	3	8	6	7	14	9	1	5	4	5	13	4	4	8	4	5	2	13	4	9	1	3	1	10	1		1	2	11	
113	5	3	14	56	臺北市	士林區	士林區中山北路5段465號前	25.0924926	121.5276758	0	0	1	2	8	7	5	14	9	1	5	4	5	13	4	4	1	4	1	2	16	1	6	1	7	1	8	1		1	3	5	
113	5	3	14	58	臺北市	士林區	士林區福華路127號	25.1022225	121.5223952	0	0	1	2	8	6	5	14	9	1	5	4	5	13	2	1	1	4	5	2	17	1	7	1	5	1	10	1		2	2	11	
113	5	3	15	10	臺北市	士林區	士林區延平北路5段與延平北路5段136巷口	25.08207758	121.5103994	0	0	2	2	8	6	5	3	2	1	5	4	5	13	1	1	10	4	5	1	9	1	9	1	6	1	10	1		1	2	11	
113	5	3	15	26	臺北市	大安區	大安區建國南路1段與忠孝東路3段口	25.0419317	121.5367775	0	0	1	2	8	5	5	4	1	1	5	4	5	13	2	1	1	4	5	2	17	4	6	1	3	2	8	1		1	3	5	
113	5	3	15	44	臺北市	信義區	信義區忠孝東路5段372巷與忠孝東路5段372巷28弄口	25.0389751	121.5740002	0	0	2	2	8	6	5	4	18	1	5	4	5	13	4	4	5	5	5	2	3	5	18	8	4	10	20	1		2	2	16	
113	5	3	15	53	臺北市	大同區	大同區鄭州路139號	25.0505593	121.5101161	0	0	1	2	8	5	5	14	9	1	5	4	5	13	4	4	5	4	5	2	29	4	9	1	5	10	10	1		3	2	12	
113	5	3	16	13	臺北市	中正區	中正區懷寧街48號	25.0445517	121.5141128	0	0	1	2	8	6	5	14	9	1	5	4	5	13	4	4	10	4	5	2	3	1	9	1	6	2	10	1		1	3	11	
113	5	3	16	23	臺北市	萬華區	萬華區漢中街與峨眉街口	25.0435178	121.5072201	0	0	1	2	7	6	5	4	1	4	5	4	5	13	4	4	10	5	5	2	2	4	9	1	3	1	4	1		1	3	1	
113	5	3	16	27	臺北市	大安區	大安區和平東路3段212巷與嘉興街363巷口	25.0227017	121.5542373	0	0	1	2	8	6	5	3	1	1	5	4	5	13	4	4	10	5	5	2	16	4	5	8	2	1	20	1		2	2	11	
113	5	3	17	8	臺北市	大同區	大同區蘭州街與無名巷口	25.0628098	121.5147028	0	0	1	2	8	6	5	3	1	1	5	4	5	13	4	4	10	5	5	2	16	1	6	1	6	2	10	1		1	2	14	
113	5	3	17	10	臺北市	大安區	大安區和平東路2段與和平東路2段311巷口口	25.0248583	121.5451087	0	0	1	3	8	6	5	3	1	1	5	4	5	13	1	1	1	3	5	1	16	1	5	1	7	1	8	1		1	3	1	
113	5	3	17	14	臺北市	大安區	大安區敦化南路2段與和平東路3段口	25.0246096	121.5484841	0	0	1	2	8	5	5	4	1	1	5	4	5	13	2	1	1	4	5	2	17	4	5	1	3	1	8	1		1	3	2	
113	5	3	17	21	臺北市	內湖區	內湖區成功路2段與石潭路口	25.06360371	121.5908319	0	0	1	2	8	5	5	3	1	1	5	4	5	13	1	1	1	4	5	2	16	1	7	1	6	1	10	1		2	2	14	
113	5	3	17	28	臺北市	萬華區	萬華區桂林路244巷與環河南路2段130巷口	25.0371667	121.4937849	0	0	2	2	7	5	5	4	1	1	5	4	5	13	4	4	5	5	5	2	15	1	9	1	6	1	10	1		1	2	12	
113	5	3	17	30	臺北市	內湖區	內湖區民權東路6段50號前	25.0683928	121.5832684	0	0	1	2	8	6	5	14	8	1	5	4	5	13	4	4	1	4	4	2	16	1	6	1	7	1	8	1		1	3	2	
113	5	3	17	30	臺北市	北投區	北投區華南巷與泉源路口	25.14117718	121.5067381	0	0	1	2	8	6	5	3	1	1	5	4	5	13	4	4	8	3	5	2	15	1	15	1	7	1	8	1		1	3	8	
113	5	3	17	30	臺北市	大安區	大安區忠孝東路3段與建國南路1段口往北億光大樓停車場出入口	25.0417709	121.5374818	0	0	2	2	7	7	8	14	9	1	5	4	5	13	4	4	10	5	5	2	17	1	1	1	5	1	10	1		1	2	11	
113	5	3	17	32	臺北市	士林區	士林區中山北路7段81巷與天玉街口	25.1217668	121.5307013	0	0	1	2	8	7	5	4	1	1	5	4	5	13	4	4	5	5	5	2	15	1	9	1	7	1	4	1		1	3	1	
113	5	3	17	33	臺北市	大同區	大同區忠孝西路2段與西寧北路口	25.0487946	121.5073605	0	0	4	13	7	6	5	4	2	1	5	4	5	13	2	1	1	2	4	2	17	4	9	1	6	1	10	1		1	3	13	
113	5	3	17	47	臺北市	大安區	大安區辛亥路1段與羅斯福路3段口	25.01996872	121.5291503	0	0	1	2	8	6	5	4	1	1	5	4	5	13	2	1	1	4	5	2	17	1	6	1	7	2	8	1		2	3	2	
113	5	3	17	56	臺北市	中山區	中山區松江路185號	25.055121	121.5329427	0	0	1	5	8	5	5	14	9	1	5	4	5	13	4	4	1	4	5	2	12	1	7	1	6	1	10	1		2	2	14	
113	5	3	18	1	臺北市	中山區	中山區建國北路2段與興安街口	25.0562212	121.5366547	0	0	1	2	7	5	5	3	1	1	5	4	5	13	1	1	1	4	5	2	16	4	5	1	3	1	4	1		1	3	1	
113	5	3	18	18	臺北市	內湖區	內湖區成功路3段174巷19號	25.08129496	121.5905606	0	0	1	3	8	5	5	14	9	1	5	4	5	13	4	4	9	5	5	2	13	1	9	1	5	1	10	1		2	3	11	