年	月	日	時	分	縣市	行政區	allLocation	GoogleLat	GoogleLng	死	2-30	受傷	當事人數	天候	道路照明設備	道路類別	道路型態	事故位置	路面狀況1	路面狀況2	路面狀況3	道路障礙1	道路障礙2	號誌1	號誌2	車道劃分-分向	車道劃分-分道1	車道劃分-分道2	車道劃分-分道3	事故類型及型態	行動電話	當事者行動狀態	駕駛資格情形	保護裝置	飲酒情形	駕駛執照種類	個人肇逃否	肇因碼-主要	性別	受傷程度	車輛撞擊部位1	車輛撞擊部位2
113	5	3	18	20	臺北市	中山區	中山區南京西路與長安西路19巷2弄口	25.05257713	121.5204779	0	0	2	3	8	5	5	4	1	1	5	4	5	13	1	1	1	4	4	2	13	1	9	1	5	1	10	1		1	2	14	
113	5	3	18	20	臺北市	中正區	中正區中山南路與常德街口	25.04076054	121.518057	0	0	2	3	8	5	5	3	1	1	5	4	5	13	1	1	1	4	1	2	17	1	9	1	6	1	10	1		1	3	11	
113	5	3	18	22	臺北市	信義區	信義區忠孝東路4段559巷6號	25.04183455	121.5636605	0	0	2	2	8	7	5	14	9	1	5	4	5	13	4	4	10	5	5	2	16	1	11	6	6	1	18	1		2	2	12	
113	5	3	18	36	臺北市	萬華區	萬華區環河南路2段與和平西路3段口	25.03541263	121.4939268	0	0	1	2	8	5	5	5	18	1	5	4	5	13	2	1	1	4	5	2	3	1	6	1	7	1	8	1		1	3	1	
113	5	3	18	50	臺北市	中山區	中山區北安路與北安路554巷口口	25.0804415	121.5482034	0	0	1	3	7	5	5	14	9	1	5	4	5	13	2	1	3	4	5	2	17	1	6	1	6	9	10	1		2	3	17	
113	5	3	19	1	臺北市	南港區	南港區玉成街13號	25.0508268	121.5816836	0	0	1	3	7	5	5	14	9	1	5	4	5	13	1	1	5	5	5	2	9	4	14	1	3	1	4	1		2	3	2	
113	5	3	19	8	臺北市	中山區	中山區長春路與新生北路2段口	25.0549228	121.5272677	0	0	1	2	8	5	5	4	1	1	5	4	5	13	1	1	5	4	5	2	13	4	9	1	3	1	6	1		1	3	8	
113	5	3	19	23	臺北市	中正區	中正區中華路1段與中華路1段81巷口	25.0385912	121.5076156	0	0	1	2	8	5	5	3	1	1	5	4	5	13	4	4	1	3	1	2	16	1	6	1	7	2	4	1		1	3	5	
113	5	3	19	43	臺北市	大安區	大安區敦化南路1段158號	25.04404057	121.5486357	0	0	1	2	8	6	5	14	9	1	5	4	5	13	4	4	1	4	5	2	17	1	10	1	7	1	8	1		1	3	15	
113	5	3	19	45	臺北市	大同區	大同區鄭州路145號	25.0504481	121.5094699	0	0	1	3	7	5	5	14	9	1	5	4	5	13	4	4	1	4	5	2	13	4	9	1	5	9	10	2		2	2	11	
113	5	3	20	10	臺北市	中山區	中山區北安路536號	25.07985264	121.5474484	0	0	1	2	8	5	5	11	9	1	5	4	5	13	1	1	1	4	1	2	12	4	9	1	3	1	8	1		1	3	4	
113	5	3	20	47	臺北市	中正區	中正區詔安街38巷與水源路口	25.02412573	121.5147003	0	0	1	2	8	5	5	3	2	1	5	4	5	13	4	4	10	4	5	2	3	5	16	8	4	10	20	2		4	2	16	
113	5	3	21	15	臺北市	大安區	大安區基隆路2段與和平東路3段口	25.0246986	121.552799	0	0	1	2	8	5	5	5	1	1	5	4	5	13	2	1	1	4	5	1	17	1	6	1	6	1	10	1		2	3	12	
113	5	3	21	19	臺北市	中山區	中山區樂群三路與敬業四路口	25.0828155	121.5585565	0	0	1	2	8	5	5	14	9	1	5	4	5	13	1	1	8	4	5	2	13	1	5	1	7	1	8	1		2	3	3	
113	5	3	21	40	臺北市	信義區	信義區忠孝東路5段197號	25.0411135	121.5695677	0	0	2	3	7	5	5	14	9	1	5	4	5	13	4	4	1	4	5	2	18	1	9	1	5	1	10	1		2	2	14	
113	5	3	22	16	臺北市	中山區	中山區吉林路161巷與吉林路口	25.0525802	121.5204748	0	0	2	2	8	5	5	4	1	1	5	4	5	13	1	1	5	4	4	2	16	1	5	3	5	1	18	1		1	2	12	
113	5	4	0	12	臺北市	中山區	中山區松江路585號	25.06994995	121.533497	0	0	1	2	8	5	5	14	9	1	5	4	5	13	4	4	8	3	5	1	17	1	9	1	7	9	8	1		1	3	17	
113	5	4	2	0	臺北市	北投區	北投區大度路與承德路口側附近7段401巷620弄口	25.1218298	121.4857377	0	0	2	2	8	5	5	5	2	1	5	4	5	13	2	1	1	3	4	1	17	1	14	1	6	1	10	1		1	2	13	
113	5	4	3	57	臺北市	士林區	士林區凱旋路61巷4弄019號電燈桿	25.1337714	121.5381181	0	0	4	5	8	5	5	11	9	1	5	4	5	13	4	4	10	5	5	2	20	5	20	8	2	10	20	1		2	2	16	
113	5	4	6	0	臺北市	大同區	大同區環河北路2段37號	25.0644778	121.5088665	0	0	1	2	8	5	5	14	9	2	5	4	5	13	4	4	9	5	5	1	16	4	9	1	3	1	10	1		1	2	12	
113	5	4	7	32	臺北市	萬華區	萬華區忠孝西路2段與西寧南路口	25.0485607	121.5073873	0	0	3	3	8	7	5	4	2	1	5	4	5	13	2	1	9	5	5	2	13	1	12	1	5	2	10	1		1	2	11	
113	5	4	7	42	臺北市	松山區	松山區民權東路3段160巷與民權東路3段106巷3弄口	25.06141489	121.5479234	0	0	1	2	8	7	5	4	1	1	5	4	5	13	4	4	10	5	5	2	15	1	9	1	7	1	4	1		1	3	1	
113	5	4	8	34	臺北市	大同區	大同區承德路2段與承德路2段91巷口	25.0562576	121.5183491	0	0	2	3	8	5	5	3	2	1	5	4	5	13	4	4	10	5	5	2	17	4	6	1	3	2	8	1		1	3	1	
113	5	4	8	57	臺北市	士林區	士林區中山北路7段與中山北路7段154巷口	25.1245991	121.5328318	0	0	2	3	8	6	5	18	9	1	5	4	5	13	4	4	10	4	5	2	17	4	7	1	3	2	4	1		1	3	8	
113	5	4	9	40	臺北市	松山區	松山區光復北路6號	25.0484899	121.5576874	0	0	1	2	8	6	5	14	20	4	5	4	5	13	4	4	10	5	5	2	18	1	9	8	4	9	20	1		2	2	12	
113	5	4	10	7	臺北市	內湖區	內湖區環山路3段與內湖路2段103巷口	25.08471172	121.5809247	0	0	2	2	8	6	5	3	1	1	5	4	5	13	4	4	8	3	5	1	16	1	5	1	5	2	10	1		2	2	13	
113	5	4	10	10	臺北市	文山區	文山區道南橋西往東	24.98799207	121.5726633	0	0	1	2	8	5	5	14	9	1	5	4	5	13	4	4	5	5	5	1	13	1	9	1	5	1	10	1		2	3	11	
113	5	4	10	19	臺北市	大安區	大安區市民大道4段68巷與市民大道4段口	25.0449266	121.5472249	0	0	2	3	8	6	5	3	1	1	5	4	5	13	4	4	10	5	5	2	17	4	9	1	3	11	10	2		4	2	12	
113	5	4	10	30	臺北市	信義區	信義區市民大道6段250號	25.0489155	121.5775228	0	0	1	2	8	7	5	14	9	1	5	4	5	13	4	4	1	4	5	2	18	4	9	1	3	1	10	1		3	2	14	
113	5	4	10	34	臺北市	文山區	文山區木柵路1段244號	24.98805291	121.5539985	0	0	1	2	8	6	5	14	9	2	5	4	5	13	2	1	5	4	5	2	17	4	15	1	3	2	2	1		1	3	1	
113	5	4	11	2	臺北市	內湖區	內湖區堤外便道與堤外便道口與基11之1號水門口	25.06537042	121.6138499	0	0	1	2	8	6	5	3	2	1	5	4	5	13	3	1	5	5	5	2	17	1	9	8	2	2	20	1		1	3	11	
113	5	4	11	13	臺北市	信義區	信義區福德街268巷與福德街268巷30弄口	25.0401278	121.5856183	0	0	1	2	8	6	5	4	2	1	5	4	5	13	4	4	9	2	5	2	15	1	9	8	2	1	20	1		2	2	13	
113	5	4	11	25	臺北市	信義區	信義區松壽路與松智路口口	25.0358056	121.5651717	0	0	1	2	8	7	5	4	2	1	5	4	5	13	4	4	5	4	5	2	9	1	1	1	7	1	2	1		1	3	17	
113	5	4	12	18	臺北市	中正區	中正區中山南路7號與中山南路口近常德街	25.0411232	121.5184223	0	0	1	3	8	6	5	14	9	1	5	4	5	13	4	4	1	4	5	2	18	1	15	1	6	2	8	1		2	2	12	
113	5	4	12	24	臺北市	大同區	大同區民權西路與延平北路2段口口	25.0628444	121.51142	0	0	1	2	8	6	5	4	2	1	5	4	5	13	2	1	1	5	5	2	13	1	9	1	6	1	10	1		1	3	11	
113	5	4	12	25	臺北市	大安區	大安區忠孝東路3段與忠孝東路3段217巷口	25.0416688	121.5394103	0	0	2	4	8	6	5	3	2	1	5	4	5	13	1	1	1	2	1	2	13	4	9	1	3	2	8	1		1	2	5	
113	5	4	12	37	臺北市	大同區	大同區鄭州路與環河北路1段口	25.0506175	121.5066915	0	0	2	3	8	6	5	4	1	1	5	4	5	13	2	1	1	4	5	2	17	4	5	1	5	1	10	1		1	2	13	
113	5	4	12	43	臺北市	中正區	中正區新生南路1段與新生南路1段170巷口	25.03421419	121.5325309	0	0	1	2	8	7	5	3	1	1	5	4	5	13	4	4	4	4	4	2	17	1	6	1	7	2	3	1		1	3	5	
113	5	4	12	50	臺北市	文山區	文山區羅斯福路5段與興隆路1段口	25.0042079	121.5387976	0	0	1	4	8	6	5	4	1	1	5	4	5	13	2	1	1	4	5	2	13	1	9	1	6	1	10	1		1	2	11	
113	5	4	13	1	臺北市	內湖區	內湖區江南街與江南街41巷口	25.07773446	121.5779847	0	0	1	2	8	5	5	3	1	1	5	4	5	13	4	4	9	5	5	1	16	1	5	1	7	2	8	1		1	3	8	
113	5	4	13	10	臺北市	大同區	大同區鄭州路與環河北路1段口	25.0505465	121.5070423	0	0	1	2	8	6	5	4	2	1	5	4	5	13	2	1	1	4	5	2	17	4	8	1	6	1	10	1		1	2	12	
113	5	4	13	29	臺北市	大安區	大安區辛亥路3段與辛亥路3段157巷口	25.0170498	121.5491775	0	0	2	3	8	5	5	4	1	1	5	4	5	13	1	1	8	1	5	1	16	1	6	1	7	1	8	1		1	2	6	
113	5	4	14	0	臺北市	內湖區	內湖區康寧路3段75巷186弄129號	25.07563064	121.613414	0	0	1	3	8	5	5	11	9	1	5	4	5	13	4	4	10	5	5	2	10	1	15	1	7	2	8	1		1	3	8	
113	5	4	14	11	臺北市	中正區	中正區汀州路3段205號	25.0142793	121.5334556	0	0	2	2	8	6	5	14	9	1	5	4	5	13	4	4	5	5	5	2	12	1	8	8	4	1	20	1		2	2	12	
113	5	4	14	21	臺北市	大安區	大安區和平東路1段與和平東路1段41巷口口	25.0270737	121.5246008	0	0	1	2	8	6	5	3	1	1	5	4	5	13	2	1	1	4	5	2	17	4	9	1	3	1	10	1		1	2	17	
113	5	4	14	29	臺北市	南港區	南港區市民大道7段100號	25.0495287	121.5831559	0	0	2	3	8	7	5	14	9	1	5	4	5	13	4	4	5	4	5	2	12	1	8	1	5	2	10	1		2	2	12	
113	5	4	14	57	臺北市	內湖區	內湖區民權東路6段190巷91弄與民權東路6段190巷口	25.06506233	121.5939265	0	0	1	2	8	5	5	3	1	1	5	4	5	13	4	4	10	5	5	2	16	1	5	1	7	2	8	1		2	3	8	
113	5	4	15	10	臺北市	內湖區	內湖區民權東路6段201號旁	25.06718381	121.5985082	0	0	1	2	7	6	5	14	8	1	5	4	5	13	4	4	1	5	4	2	11	1	7	1	7	2	2	1		1	3	6	
113	5	4	15	12	臺北市	信義區	信義區嘉興街與嘉興街175巷口	25.0277569	121.5571183	0	0	1	2	8	6	5	4	1	1	5	4	5	13	4	4	9	4	5	2	15	1	9	1	6	1	10	1		1	3	12	
113	5	4	15	13	臺北市	文山區	文山區羅斯福路6段與三福街口口	24.9960594	121.541217	0	0	2	3	8	6	6	4	1	1	5	4	5	13	2	1	1	4	5	2	16	1	11	1	7	2	4	1		1	3	1	
113	5	4	15	16	臺北市	中正區	中正區金門街24巷20-3號	25.0227177	121.521696	0	0	2	2	8	7	5	14	9	1	5	4	5	13	4	4	10	5	5	2	12	4	15	1	5	2	10	1		1	2	14	
113	5	4	16	4	臺北市	中山區	中山區植福路8號	25.083932	121.5552875	0	0	1	2	8	6	5	14	9	1	5	4	5	13	4	4	9	5	5	2	17	1	11	1	6	2	10	1		2	3	11	
113	5	4	16	4	臺北市	北投區	北投區建民路與建民路150巷口	25.1104334	121.5192967	0	0	2	2	6	7	5	4	1	1	4	4	5	13	4	4	10	5	5	1	15	1	9	1	6	1	10	1		1	2	12	
113	5	4	16	7	臺北市	信義區	信義區松信路與基隆路1段35巷7弄口	25.0480051	121.5721879	0	0	2	3	8	6	5	3	1	1	5	4	5	13	1	1	9	4	5	2	13	1	9	1	6	1	10	1		1	2	11	
113	5	4	16	25	臺北市	士林區	士林區後港街與前港街口	25.0847052	121.5225681	0	0	1	3	6	6	5	3	2	1	4	4	5	13	3	1	5	5	5	1	17	1	1	1	5	1	10	1		1	3	14	
113	5	4	16	25	臺北市	萬華區	萬華區康定路與桂林路口	25.0382078	121.5017851	0	0	1	2	6	7	5	14	9	1	4	4	5	13	1	1	8	3	5	2	18	1	9	1	5	2	10	1		1	2	14	
113	5	4	16	35	臺北市	萬華區	萬華區華中橋機車道往北市近轉彎處	25.04137083	121.5199371	0	0	1	3	7	6	7	14	11	1	4	4	5	13	4	4	10	4	5	2	18	4	9	1	3	1	10	1		1	2	12	
113	5	4	16	48	臺北市	內湖區	內湖區內湖路1段與堤頂大道2段口	25.0843737	121.5612029	0	0	1	2	6	6	5	4	1	1	4	4	5	13	2	1	1	4	4	2	17	1	9	1	7	1	8	1		2	3	2	
113	5	4	17	0	臺北市	南港區	南港區市民大道8段與南港路2段178巷口	25.0521096	121.5995766	0	0	2	3	7	6	5	3	1	1	5	4	5	13	2	1	1	3	4	2	16	4	5	1	3	1	10	1		2	2	14	
113	5	4	17	15	臺北市	大同區	大同區民權西路與蘭州街口	25.0628082	121.5141109	0	0	1	5	7	6	5	4	2	1	5	4	5	13	2	1	1	4	5	2	13	4	9	1	5	11	10	2		4	2	14	
113	5	4	17	19	臺北市	中正區	中正區林森南路136號	25.0332549	121.5184193	0	0	1	2	7	6	5	14	9	1	5	4	5	13	4	4	10	5	5	2	2	4	9	7	3	11	19	2		1	4	15	
113	5	4	17	22	臺北市	士林區	士林區延平北路7段106巷與延平北路7段106巷口堤外自行車道	25.09754487	121.4966688	0	0	1	2	6	6	8	3	2	1	4	4	5	13	4	4	5	5	5	1	29	4	21	8	2	7	20	1		1	2	17	
113	5	4	17	34	臺北市	南港區	南港區玉成街與市民大道7段口	25.0491662	121.5815187	0	0	1	2	7	6	5	4	2	1	4	4	5	13	1	1	1	4	5	2	17	1	5	1	6	9	10	1		2	3	17	
113	5	4	17	35	臺北市	文山區	文山區試院路152-5號	24.9900587	121.5468469	0	0	1	2	7	5	5	14	9	1	4	4	5	13	4	4	10	5	5	1	11	1	9	1	6	1	10	1		2	2	11	
113	5	4	17	37	臺北市	內湖區	內湖區內湖路2段179巷236號前	25.08447115	121.584327	0	0	2	2	7	5	5	14	9	1	5	4	5	13	4	4	9	4	5	2	13	1	9	1	7	2	8	1		1	2	1	
113	5	4	18	15	臺北市	士林區	士林區故宮路與自強隧道(外)口往大直	25.0956816	121.5483872	0	0	1	2	8	5	5	3	2	1	5	4	5	13	4	4	1	5	5	2	17	1	9	1	6	1	10	1		1	2	12	
113	5	4	18	17	臺北市	信義區	信義區吳興街583巷與吳興街583巷1弄口口	25.0222634	121.5694364	0	0	2	3	8	5	5	4	1	1	5	4	5	13	4	4	10	5	5	2	17	1	9	1	6	11	10	2		2	2	12	
113	5	4	20	13	臺北市	大安區	大安區信義路3段與新生南路2段口	25.0335118	121.5328522	0	0	3	3	7	5	5	4	1	1	5	4	5	13	1	1	1	4	5	2	15	1	9	1	3	1	10	1		1	2	11	
113	5	4	20	25	臺北市	南港區	南港區成美橋(燈桿7010388)	25.05367056	121.5828899	0	0	5	5	7	5	5	14	9	1	5	4	5	13	4	4	5	4	5	2	10	1	9	1	7	7	8	1		1	2	8	
113	5	4	20	25	臺北市	萬華區	萬華區環河南路1段與忠孝西路2段口	25.04887	121.5061547	0	0	2	3	8	5	5	3	1	1	5	4	5	13	1	1	5	4	5	2	17	4	5	1	7	1	8	1		1	3	6	
113	5	4	20	29	臺北市	萬華區	萬華區中華路2段與中華路2段311巷口	25.02821238	121.505674	0	0	1	2	8	5	5	3	2	1	5	4	5	13	4	4	5	4	4	2	3	5	16	8	4	10	20	1		2	2	16	
113	5	4	20	33	臺北市	大同區	大同區台北橋機慢車道	25.0634166	121.5081744	0	0	2	4	7	5	5	8	11	1	5	4	5	13	4	4	3	4	5	2	13	4	7	1	3	11	10	2		2	4	17	
113	5	4	20	45	臺北市	士林區	士林區後港街66號	25.0851912	121.5213949	0	0	1	2	7	5	5	14	9	1	5	4	5	13	4	4	10	5	5	2	3	1	9	1	6	2	10	1		2	3	11	
113	5	4	21	12	臺北市	大安區	大安區和平東路1段與青田街口	25.0264527	121.5317506	0	0	1	2	8	5	5	4	1	1	5	4	5	13	2	1	1	4	5	2	17	1	11	1	7	1	3	1		1	3	5	
113	5	4	21	20	臺北市	萬華區	萬華區西藏路與西園路2段口	25.02836061	121.4952834	0	0	1	2	8	5	5	4	4	1	5	4	5	13	1	1	1	4	5	2	17	4	8	1	5	1	10	1		1	2	12	
113	5	4	22	0	臺北市	士林區	士林區承德路4段與福港街口	25.0900206	121.51856	0	0	1	2	7	5	5	4	2	1	5	4	5	13	1	1	1	4	5	2	17	1	6	1	6	1	10	1		1	3	13	
113	5	4	22	9	臺北市	中正區	中正區重慶南路2段與愛國西路口	25.0351444	121.5126206	0	0	1	2	8	5	5	4	1	1	5	4	5	13	1	1	1	4	5	2	16	1	6	1	7	2	8	1		1	3	5	
113	5	4	22	56	臺北市	中山區	中山區長安東路1段與林森北路口	25.0491466	121.5245339	0	0	1	2	8	5	5	4	1	1	5	4	5	13	1	1	5	3	5	2	15	1	9	6	7	1	4	1		1	3	2	14
113	5	5	0	16	臺北市	信義區	信義區松廉路信義廣場停車場出入口	25.033926	121.5665797	0	0	1	2	8	5	5	14	9	1	5	4	5	13	4	4	9	4	5	2	17	1	5	1	7	1	8	1		1	3	8	
113	5	5	0	16	臺北市	萬華區	萬華區中華路2段與和平西路2段口	25.0334224	121.5052095	0	0	2	2	7	5	5	4	2	1	5	4	5	13	2	1	1	4	4	2	13	1	9	1	5	1	10	1		1	2	14	
113	5	5	1	35	臺北市	北投區	北投區竹子湖路1207485號燈桿	25.17740001	121.5443053	0	0	1	2	7	5	5	14	9	1	5	4	5	13	4	4	4	5	5	1	20	1	9	1	5	2	10	1		1	2	12	
113	5	5	6	20	臺北市	北投區	北投區洲美街271號	25.10915193	121.499031	0	0	1	2	8	6	5	14	9	1	5	4	5	13	4	4	9	4	5	2	16	1	5	1	7	1	8	1		1	3	4	
113	5	5	6	36	臺北市	南港區	南港區南港路1段與中南街口口	25.0552989	121.6153519	0	0	1	2	8	7	5	4	1	1	5	4	5	13	2	1	5	4	5	2	16	1	5	1	6	1	10	1		1	3	14	
113	5	5	6	41	臺北市	中山區	中山區建國北路2段與長安東路2段口	25.0483353	121.5364971	0	0	1	2	8	5	5	4	1	1	5	4	5	13	1	1	5	4	5	2	16	4	6	1	3	1	4	1		1	3	5	
113	5	5	7	13	臺北市	大安區	大安區市民大道4段64號	25.045001	121.5468694	0	0	1	2	7	6	5	22	9	1	5	4	5	13	4	4	1	4	5	1	16	4	1	1	3	2	8	1		1	3	4	
113	5	5	7	35	臺北市	中正區	中正區和平西路1段與重慶南路3段口	25.0271466	121.5162829	0	0	1	2	8	7	5	5	2	1	5	4	5	13	2	1	2	4	5	2	17	1	6	1	7	2	1	1		1	3	5	
113	5	5	8	11	臺北市	南港區	南港區南港路1段與經貿二路口	25.0551631	121.6169666	0	0	2	3	8	6	5	14	9	1	5	4	5	13	4	4	1	3	5	1	12	4	9	1	3	1	10	1		1	3	15	
113	5	5	8	20	臺北市	大安區	大安區辛亥路3段與基隆路3段附近口	25.0189967	121.547147	0	0	1	2	8	6	6	3	2	1	5	4	5	13	4	4	10	4	5	2	17	4	9	1	3	1	8	1		2	3	5	
113	5	5	8	27	臺北市	萬華區	萬華區萬大路493巷48弄與富民路91巷口	25.01966217	121.4991775	0	0	1	2	7	6	5	5	1	1	5	4	5	13	4	4	10	4	5	2	16	4	9	7	3	9	19	2		1	4	15	
113	5	5	9	4	臺北市	大安區	大安區和平東路3段1巷與四維路236巷口	25.0252681	121.5469685	0	0	3	3	8	6	5	4	1	1	5	4	5	13	4	4	1	5	5	2	16	1	6	8	4	1	20	1		2	2	14	
113	5	5	10	26	臺北市	中正區	中正區中華路2段與中華路2段307巷口	25.0284823	121.5054919	0	0	1	3	8	7	5	4	2	1	5	4	5	13	1	1	5	4	4	2	13	1	9	1	7	1	8	1		1	3	1	
113	5	5	10	30	臺北市	大同區	大同區承德路3段與酒泉街口	25.0705127	121.5183275	0	0	1	2	8	6	5	4	1	1	5	4	5	13	2	1	10	5	5	2	10	4	9	1	3	1	10	1		2	2	11	
113	5	5	10	59	臺北市	文山區	文山區景福街與景福街口側附近168巷口	24.9948817	121.537288	0	0	2	2	7	6	5	4	1	1	5	4	5	13	3	1	10	5	5	2	15	1	9	1	6	1	8	1		2	2	14	
113	5	5	11	25	臺北市	內湖區	內湖區成功路5段67號	25.07391344	121.6060663	0	0	1	3	8	6	5	14	9	1	5	4	5	13	4	4	1	4	5	1	17	1	6	1	7	1	8	1		1	3	2	
113	5	5	11	30	臺北市	信義區	信義區基隆路2段155號	25.0258348	121.554329	0	0	1	2	7	7	8	22	22	1	5	4	5	13	4	4	1	4	5	2	13	1	9	1	6	1	10	1		1	2	11	
113	5	5	12	18	臺北市	士林區	士林區忠誠路1段27號	25.10889679	121.5303042	0	0	1	2	7	7	5	14	8	1	5	4	5	13	4	4	1	4	4	1	18	1	9	1	5	2	10	1		1	2	14	
113	5	5	12	51	臺北市	大同區	大同區民權西路與延平北路2段口	25.0628385	121.5111021	0	0	2	2	8	5	5	5	1	1	5	4	5	13	2	1	1	5	5	2	12	1	5	1	5	2	10	1		2	2	11	
113	5	5	13	44	臺北市	內湖區	內湖區內湖路2段181號前	25.0814606	121.5878343	0	0	1	2	8	6	5	3	1	1	5	4	5	13	4	4	5	5	5	2	17	1	6	1	7	1	8	1		2	3	2	
113	5	5	13	53	臺北市	中正區	中正區臨沂街50號前	25.0362936	121.5285212	0	0	1	2	8	7	5	14	9	1	5	4	5	13	4	4	10	5	5	1	17	1	5	1	7	2	8	1		1	3	5	
113	5	5	14	38	臺北市	松山區	松山區光復南路23號	25.04688539	121.5578685	0	0	1	2	7	6	5	14	9	1	5	4	5	13	4	4	1	3	5	2	12	1	7	1	6	1	10	1		2	2	14	
113	5	5	14	44	臺北市	北投區	北投區立賢路與承德路7段口	25.11617816	121.5051017	0	0	2	2	8	6	5	4	1	1	5	4	5	13	2	1	8	3	5	2	17	1	5	1	6	1	10	1		1	2	11	
113	5	5	14	53	臺北市	北投區	北投區北投路2段55號	25.1328851	121.4974376	0	0	1	3	8	5	5	14	9	1	5	4	5	13	1	1	4	4	5	2	16	1	11	1	7	2	8	1		1	3	5	
113	5	5	15	3	臺北市	北投區	北投區北投路2段與大業路452巷口	25.1328371	121.4974154	0	0	1	2	8	7	5	4	1	1	5	4	5	13	1	1	5	5	5	2	13	1	9	8	5	2	20	1		2	2	16	
113	5	5	15	23	臺北市	中山區	中山區建國北路2段226巷與民權東路2段152巷口	25.061146	121.5349247	0	0	2	3	8	5	5	4	1	1	5	4	5	13	4	4	9	5	5	2	15	4	9	1	3	2	10	1		2	2	12	
113	5	5	15	40	臺北市	中山區	中山區渭水路與八德路2段口	25.04570699	121.5351845	0	0	2	3	8	6	6	14	9	1	5	4	5	13	4	4	5	4	5	2	17	1	11	1	7	1	8	1		1	3	4	
113	5	5	15	40	臺北市	士林區	士林區中山北路5段與福林橋口	25.1019215	121.5255735	0	0	1	2	8	7	5	3	1	1	5	4	5	13	1	1	1	1	5	2	16	4	5	1	3	1	10	1		1	2	14	
113	5	5	15	52	臺北市	大安區	大安區市民大道4段與敦化南路1段口	25.0447569	121.5486228	0	0	1	2	8	6	5	4	1	1	5	4	5	13	2	1	1	4	5	2	16	1	6	1	7	1	8	1		1	3	2	
113	5	5	16	3	臺北市	北投區	北投區承德路7段與承德路7段1巷口	25.1107916	121.5107867	0	0	1	2	8	6	5	4	1	1	5	4	5	13	1	1	1	4	4	1	12	1	8	1	7	1	8	1		1	3	2	
113	5	5	16	3	臺北市	大同區	大同區民權西路與民權西路225巷口	25.0630287	121.5122294	0	0	1	2	8	6	5	4	1	1	5	4	5	13	1	1	1	4	5	2	17	1	1	1	7	2	4	1		1	3	8	
113	5	5	16	6	臺北市	文山區	文山區羅斯福路5段151號	25.00391335	121.5388404	0	0	1	2	8	6	5	14	20	1	5	4	5	13	4	4	10	5	5	2	14	1	2	1	6	2	10	1		1	3	13	
113	5	5	16	20	臺北市	信義區	信義區光復南路415巷與光復南路421巷6弄口口	25.0371708	121.5584317	0	0	1	2	8	6	5	4	1	1	5	4	5	13	4	4	10	5	5	2	15	1	9	8	4	1	20	1		1	2	11	
113	5	5	16	21	臺北市	中山區	中山區民生西路25號	25.05776473	121.5212981	0	0	1	2	8	6	5	14	9	1	5	4	5	13	4	4	5	4	5	2	12	1	1	1	5	1	10	1		2	2	14	
113	5	5	16	28	臺北市	信義區	信義區信義路5段與松德路口	25.0333252	121.5742404	0	0	1	2	8	7	5	14	9	1	5	4	5	13	1	1	1	2	5	2	13	4	9	5	3	9	18	1		1	3	1	
113	5	5	16	50	臺北市	文山區	文山區秀明路1段2號	24.98937597	121.5637918	0	0	1	2	8	7	5	14	9	1	5	4	5	13	4	4	5	4	5	2	29	1	7	1	5	1	10	1		2	2	11	
113	5	5	17	13	臺北市	大安區	大安區復興南路1段66號	25.0441385	121.5442056	0	0	1	2	8	6	5	14	9	1	5	4	5	13	4	4	1	4	5	2	16	1	9	1	5	11	10	2		4	2	11	
113	5	5	17	30	臺北市	大同區	大同區民生西路280號	25.056969	121.5129927	0	0	2	2	8	6	5	14	9	1	5	4	5	13	4	4	9	5	5	2	3	1	9	6	6	2	10	1		1	2	11	
113	5	5	17	31	臺北市	信義區	信義區中坡南路10號旁	25.0438285	121.5823031	0	0	1	5	8	5	5	14	7	1	5	4	5	13	4	4	9	4	4	2	17	1	9	1	6	1	10	1		2	3	11	
113	5	5	18	20	臺北市	文山區	文山區新光路2段74巷燈桿267號	24.98482273	121.5967055	0	0	1	2	7	5	5	11	9	1	4	4	5	13	4	4	10	5	5	2	18	4	5	1	3	2	10	1		2	2	12	
113	5	5	18	45	臺北市	大同區	大同區承德路3段55號	25.0652109	121.5185663	0	0	1	2	8	5	5	14	9	1	5	4	5	13	4	4	8	3	5	2	12	1	15	1	6	1	9	1		1	3	13	
113	5	5	18	55	臺北市	士林區	士林區百齡橋與百齡橋口往社子010路燈桿前	25.08888973	121.5129292	0	0	3	3	8	5	5	14	11	1	5	4	5	13	4	4	10	4	4	2	13	1	9	1	6	1	10	1		1	2	11	
113	5	5	19	6	臺北市	士林區	士林區承德路5段與士商路口	25.0959202	121.5142615	0	0	2	3	7	5	5	4	1	1	5	4	5	13	1	1	1	4	5	2	17	1	8	1	7	2	8	1		1	3	6	
113	5	5	19	38	臺北市	文山區	文山區仙岩路與興隆路2段86巷口	24.9991241	121.5490014	0	0	1	2	8	5	5	3	1	1	5	4	5	13	4	4	9	5	5	2	13	1	9	1	6	2	10	1		1	3	11	
113	5	5	19	39	臺北市	大安區	大安區通化街與通化街120巷口	25.0293347	121.5539505	0	0	1	2	8	5	5	4	1	1	5	4	5	13	4	4	5	5	5	2	12	4	9	1	6	11	10	2		1	3	15	
113	5	5	19	40	臺北市	大安區	大安區大安路1段83巷與仁愛路4段71巷口	25.0409619	121.5471466	0	0	1	2	8	5	5	4	1	1	5	4	5	13	4	4	10	5	5	2	17	1	9	8	4	1	20	1		2	2	11	