年	月	日	時	分	縣市	行政區	allLocation	GoogleLat	GoogleLng	死	2-30	受傷	當事人數	天候	道路照明設備	道路類別	道路型態	事故位置	路面狀況1	路面狀況2	路面狀況3	道路障礙1	道路障礙2	號誌1	號誌2	車道劃分-分向	車道劃分-分道1	車道劃分-分道2	車道劃分-分道3	事故類型及型態	行動電話	當事者行動狀態	駕駛資格情形	保護裝置	飲酒情形	駕駛執照種類	個人肇逃否	肇因碼-主要	性別	受傷程度	車輛撞擊部位1	車輛撞擊部位2
113	5	5	20	21	臺北市	大安區	大安區仁愛路3段與仁愛路3段118巷口	25.0383843	121.5398557	0	0	1	2	8	5	5	3	1	1	5	4	5	13	2	1	5	4	5	2	17	1	5	1	6	1	10	1		2	2	11	
113	5	5	21	12	臺北市	中正區	中正區愛國西路與博愛路口	25.0359265	121.5109026	0	0	2	2	8	5	5	4	1	1	5	4	5	13	1	1	1	4	1	2	17	1	6	1	5	2	10	1		1	2	12	
113	5	5	21	40	臺北市	大安區	大安區和平東路3段與基隆路2段口口	25.0243214	121.5521454	0	0	1	2	8	5	5	5	1	1	5	4	5	13	2	1	1	4	5	2	16	1	6	1	7	1	8	1		2	3	5	
113	5	5	21	50	臺北市	大安區	大安區辛亥路1段113號	25.0221069	121.5317192	0	0	1	2	8	5	5	14	9	1	5	4	4	13	2	1	1	4	5	2	18	1	9	1	5	9	10	1		3	2	11	
113	5	5	22	7	臺北市	北投區	北投區泉源路電桿（泉源幹3號）	25.1380328	121.5046711	0	0	1	2	7	5	5	14	9	1	5	4	5	13	4	4	5	5	5	2	29	1	9	1	5	1	10	1		1	2	11	12
113	5	5	22	13	臺北市	中山區	中山區長春路114巷與長春路口	25.0548529	121.5284914	0	0	1	2	8	5	5	3	1	1	5	4	5	13	4	4	9	4	5	2	16	1	5	1	5	2	9	1		1	2	12	
113	5	5	22	19	臺北市	北投區	北投區大度路(燈桿1208598)往淡水	25.1223916	121.4818695	0	0	1	2	8	5	5	14	12	1	5	4	5	13	4	4	9	4	4	1	18	1	9	1	5	1	10	1		2	2	12	
113	5	5	22	34	臺北市	文山區	文山區忠順街1段26巷與忠順街1段26巷27弄口	24.9820881	121.5598126	0	0	2	3	8	5	5	4	1	1	5	4	5	12	4	4	10	5	5	2	15	4	9	1	6	1	10	1		1	3	14	
113	5	5	22	47	臺北市	文山區	文山區景中街30巷與景後街口	24.9920849	121.5428599	0	0	1	2	8	5	5	4	1	1	5	4	5	13	3	1	10	5	5	2	15	1	9	1	7	2	8	1		1	3	1	
113	5	6	1	24	臺北市	信義區	信義區基隆路2段41號	25.0312267	121.5586371	0	0	1	2	8	5	5	14	20	4	5	4	5	13	4	4	10	5	5	2	17	1	9	8	4	1	20	1		1	2	11	
113	5	6	1	30	臺北市	松山區	松山區市民大道5段與基隆路1段口	25.04911875	121.5690366	0	0	1	2	8	5	5	5	1	1	5	4	5	13	2	1	1	4	5	2	17	1	9	1	5	1	10	1		1	2	11	
113	5	6	3	27	臺北市	中山區	中山區中山北路2段與民生西路口	25.0579342	121.5227554	0	0	3	4	8	5	5	4	1	1	5	4	5	13	1	1	1	4	1	2	16	1	5	1	7	2	8	1		1	3	2	
113	5	6	6	40	臺北市	萬華區	萬華區東園街73巷與東園街67巷口	25.0263753	121.4975706	0	0	2	2	8	7	5	4	1	1	5	4	5	13	4	4	10	5	5	2	15	1	12	1	5	1	10	1		1	2	11	
113	5	6	6	50	臺北市	北投區	北投區稻香路161巷與稻香路150巷口	25.1428062	121.4889665	0	0	1	2	7	6	5	5	1	1	5	4	5	13	1	1	5	4	5	1	17	1	5	1	7	1	8	1		1	3	5	
113	5	6	7	30	臺北市	信義區	信義區松智路30號	25.0303718	121.5653906	0	0	1	2	7	5	5	14	9	1	5	4	5	13	1	1	5	5	5	2	13	1	9	1	7	1	8	1		1	3	1	
113	5	6	7	44	臺北市	大安區	大安區辛亥路3段東往西(燈桿0503704)	25.0187578	121.5473975	0	0	2	2	8	7	5	14	9	1	5	4	5	13	4	4	1	3	5	1	13	4	9	6	6	9	18	1		1	2	11	
113	5	6	7	45	臺北市	信義區	信義區市民大道5段與東興路口	25.04816	121.565739	0	0	1	2	8	7	5	4	3	1	5	4	5	13	2	1	3	4	5	2	13	1	9	1	5	1	10	1		1	2	11	
113	5	6	7	46	臺北市	北投區	北投區磺港路與新市街口	25.1329749	121.502754	0	0	1	2	8	7	5	3	2	1	5	4	5	13	4	4	5	5	5	1	16	1	11	1	7	1	8	1		2	3	1	
113	5	6	7	53	臺北市	松山區	松山區健康路325巷與健康路325巷19弄口	25.05596435	121.5671776	0	0	1	2	8	6	5	4	2	1	5	4	5	13	4	4	10	3	5	2	16	1	6	1	6	1	10	1		1	2	14	
113	5	6	7	59	臺北市	文山區	文山區景後街190號	24.99002243	121.5417872	0	0	2	2	8	6	5	14	9	1	5	4	5	13	4	4	9	5	5	2	16	1	11	1	6	1	10	1		1	2	14	
113	5	6	8	0	臺北市	中山區	中山區建國北路3段與民權東路3段口	25.062474	121.5374026	0	0	1	2	8	7	5	4	2	1	5	4	5	13	1	1	1	4	5	2	12	1	8	1	6	2	10	1		1	2	12	
113	5	6	8	1	臺北市	內湖區	內湖區東湖路113巷49弄與東湖路113巷49弄口	25.07040719	121.6153261	0	0	1	2	8	5	5	3	1	1	5	4	5	13	4	4	10	5	5	1	16	1	6	1	5	1	10	1		2	2	14	
113	5	6	8	5	臺北市	北投區	北投區育仁路與大同街口	25.1338528	121.4984385	0	0	2	3	8	7	5	4	1	1	5	4	5	13	4	4	10	5	5	2	15	1	9	1	6	9	10	1		2	2	14	
113	5	6	8	21	臺北市	中山區	中山區復興北路與民權東路3段口	25.0623145	121.5441389	0	0	1	3	8	6	5	4	1	1	5	4	5	13	1	1	1	4	5	2	13	1	9	1	6	1	10	1		1	2	11	1
113	5	6	8	46	臺北市	中正區	中正區中華路1段與秀山街口	25.0429059	121.5086836	0	0	2	3	8	5	8	3	2	1	5	4	5	13	4	4	8	4	1	2	17	1	15	1	5	1	10	1		1	3	17	
113	5	6	8	55	臺北市	北投區	北投區福美路與福善路口	25.1004741	121.5065937	0	0	2	3	7	6	5	4	1	1	5	4	5	13	4	4	5	4	5	1	15	1	9	1	7	1	8	1		2	3	1	
113	5	6	9	15	臺北市	南港區	南港區忠孝東路6段與向陽路口	25.0507868	121.5955807	0	0	1	2	8	5	5	5	2	1	5	4	5	13	1	1	5	5	5	2	17	1	9	1	7	1	8	1		1	3	2	
113	5	6	9	22	臺北市	萬華區	萬華區貴陽街2段與貴陽街2段164巷口	25.0402068	121.5011844	0	0	2	2	8	6	5	3	1	4	5	4	5	13	4	4	10	5	5	2	3	1	9	1	6	1	10	1		1	2	11	
113	5	6	9	30	臺北市	中山區	中山區復興北路與南京東路3段口	25.05205178	121.5439409	0	0	2	2	8	7	5	4	2	1	5	4	5	13	1	1	1	4	5	2	16	1	6	1	6	1	10	1		1	2	12	
113	5	6	9	30	臺北市	士林區	士林區仰德大道4段32巷下方50公尺	25.12770928	121.548678	0	0	2	2	8	5	5	14	9	1	5	4	5	13	4	4	5	5	5	1	17	1	15	1	6	2	10	1		1	2	12	
113	5	6	9	35	臺北市	大同區	大同區鄭州路與延平北路1段口	25.0499977	121.5118984	0	0	1	2	7	6	5	4	1	1	5	4	5	13	2	1	1	4	5	2	17	4	5	1	3	1	8	1		1	3	5	
113	5	6	9	41	臺北市	松山區	松山區民生東路4段與民生東路4段97巷口	25.05802458	121.5522599	0	0	1	2	7	6	5	3	2	1	5	4	5	13	1	1	1	3	5	2	18	1	9	1	6	1	10	1		1	2	12	
113	5	6	9	43	臺北市	萬華區	萬華區堤外便道北往南靠近忠孝橋	25.0490344	121.5055257	0	0	1	2	8	7	8	14	11	1	5	4	5	13	4	4	9	5	5	2	18	1	9	1	5	1	10	1		1	2	14	
113	5	6	10	0	臺北市	士林區	士林區中山北路6段與福國路口	25.1030646	121.5253363	0	0	1	2	8	5	5	14	9	1	5	4	5	13	4	4	3	4	5	1	13	1	9	1	7	2	8	1		1	3	1	
113	5	6	10	7	臺北市	中山區	中山區長春路172號	25.05458	121.533823	0	0	1	2	7	5	5	14	8	1	5	4	5	13	4	4	5	5	4	2	17	4	13	1	3	1	4	1		1	3	8	
113	5	6	10	9	臺北市	文山區	文山區萬芳路52之8號對面	24.9979065	121.5709526	0	0	1	2	8	6	5	14	9	1	5	4	5	13	4	4	5	4	5	2	16	1	11	1	7	2	8	1		1	3	4	
113	5	6	10	30	臺北市	中正區	中正區懷寧街與貴陽街1段口	25.0387123	121.5136483	0	0	1	2	8	5	5	3	1	1	5	4	5	13	4	4	9	4	5	1	16	1	5	1	5	1	10	1		2	2	14	
113	5	6	10	43	臺北市	信義區	信義區忠孝東路5段與基隆路1段口	25.0412071	121.5647313	0	0	1	2	7	5	5	4	2	1	5	4	5	13	1	1	5	5	5	1	12	1	9	1	7	2	8	1		2	3	5	
113	5	6	11	22	臺北市	北投區	北投區大度路8km處	25.1217247	121.4926422	0	0	1	2	8	6	5	14	12	1	5	4	5	13	4	4	1	4	1	1	13	1	9	1	5	1	10	1		1	2	11	
113	5	6	11	30	臺北市	松山區	松山區敦化北路100號	25.05310203	121.548731	0	0	1	2	8	5	5	14	8	1	5	4	5	13	4	4	1	4	4	2	16	1	6	1	7	1	4	1		1	3	2	
113	5	6	12	7	臺北市	士林區	士林區福林路與至善路1段口	25.09959325	121.5366445	0	0	2	2	8	6	5	3	2	1	5	4	5	13	1	1	5	4	5	1	17	1	6	1	5	1	10	1		1	2	13	
113	5	6	13	26	臺北市	信義區	信義區基隆路2段131號	25.0270098	121.555674	0	0	1	2	7	5	5	14	9	1	5	4	5	13	4	4	5	5	5	2	13	1	9	1	5	1	9	1		1	2	11	
113	5	6	14	0	臺北市	中山區	中山區中山北路2段26巷12號前	25.053998	121.5215188	0	0	1	2	8	5	5	14	9	1	5	4	5	13	4	4	10	1	5	2	17	4	9	1	3	1	10	1		1	2	11	
113	5	6	14	13	臺北市	松山區	松山區敦化北路145巷與敦化北路145巷18弄口	25.0537772	121.5511465	0	0	1	2	8	5	5	4	1	1	5	4	5	13	4	4	8	3	5	1	15	1	9	1	3	1	10	1		2	2	11	
113	5	6	15	5	臺北市	南港區	南港區忠孝東路6段278巷與忠孝東路6段278巷22弄口	25.0483887	121.5895759	0	0	1	2	8	7	5	4	2	1	5	4	5	13	4	4	5	5	5	2	15	1	9	1	5	1	10	1		2	2	11	
113	5	6	16	41	臺北市	北投區	北投區天母西路130巷3號	25.1187341	121.5222405	0	0	3	3	8	5	5	14	9	1	5	4	5	13	4	4	9	4	5	1	17	1	1	1	6	2	10	1		1	2	14	
113	5	6	16	47	臺北市	萬華區	萬華區長沙街2段51號	25.0408518	121.5057136	0	0	1	2	8	7	5	14	7	1	5	4	5	13	4	4	5	3	5	2	11	1	5	1	7	1	8	1		1	3	5	
113	5	6	16	52	臺北市	中正區	中正區牯嶺街12號	25.0307665	121.5158574	0	0	1	2	8	7	5	14	9	1	5	4	5	13	4	4	5	5	5	2	17	1	9	1	5	2	10	1		2	2	12	
113	5	6	16	58	臺北市	中山區	中山區中山北路2段與民權東路1段口	25.06280363	121.5228663	0	0	1	2	8	6	5	4	1	1	5	4	5	13	1	1	3	4	5	2	13	1	9	1	6	1	10	1		1	3	11	
113	5	6	17	10	臺北市	中山區	中山區南京東路2段與林森北路口	25.0522072	121.5256939	0	0	1	3	8	7	5	4	2	1	5	4	5	13	1	1	1	4	4	2	17	4	7	1	3	1	8	1		1	3	5	
113	5	6	17	30	臺北市	內湖區	內湖區康寧路3段與五分街口	25.067914	121.6120226	0	0	1	3	8	5	5	3	2	1	5	4	5	13	2	1	1	4	5	1	13	1	9	1	5	1	8	1		2	2	11	
113	5	6	17	37	臺北市	信義區	信義區忠孝東路5段236巷2弄與忠孝東路5段236巷口	25.0404346	121.5718749	0	0	1	2	8	5	5	4	1	1	5	4	5	13	4	4	10	5	5	2	15	1	9	1	5	1	10	1		1	2	11	
113	5	6	17	49	臺北市	萬華區	萬華區漢口街2段90巷與漢口街2段90巷8弄口	25.0458091	121.5042265	0	0	2	2	7	5	5	4	1	1	5	4	5	13	4	4	10	5	5	1	15	4	9	1	3	1	10	1		1	2	11	
113	5	6	17	50	臺北市	內湖區	內湖區南湖大橋與康寧路3段口	25.06492602	121.6109861	0	0	1	2	8	6	5	5	2	1	5	4	5	13	2	1	9	4	5	1	13	1	9	1	7	9	8	1		1	3	5	
113	5	6	17	56	臺北市	大安區	大安區基隆路3段與基隆路3段156巷口	25.0157869	121.5424326	0	0	1	2	7	5	5	5	1	1	5	4	5	13	1	1	10	5	5	2	13	1	9	1	7	1	8	1		2	3	4	
113	5	6	18	16	臺北市	大同區	大同區寧夏路與保安街口	25.0593721	121.5147897	0	0	1	2	8	5	5	4	1	1	5	4	5	13	2	1	5	4	5	2	17	1	5	1	6	1	10	1		2	2	11	
113	5	6	18	40	臺北市	松山區	松山區松河街3號	25.0508329	121.5720751	0	0	3	3	7	5	5	14	9	1	5	4	5	13	2	1	4	5	5	2	12	1	15	1	7	1	8	1		1	2	2	
113	5	6	18	54	臺北市	中山區	中山區民生東路3段3號與建國北路2段口	25.0579556	121.5373759	0	0	1	2	8	5	5	4	2	1	5	4	5	13	1	1	1	4	4	2	13	1	7	1	7	2	4	1		2	3	5	
113	5	6	18	55	臺北市	中山區	中山區南京東路2段與建國北路2段口	25.05189435	121.5365327	0	0	2	3	8	5	5	4	1	1	5	4	5	13	1	1	1	4	4	2	16	1	6	1	7	1	8	1		1	3	5	
113	5	6	19	19	臺北市	大安區	大安區基隆路3段與臥龍街口口	25.0204361	121.5483671	0	0	1	2	8	5	5	4	1	1	5	4	5	13	4	4	10	4	5	2	17	1	6	1	7	1	8	1		1	3	5	
113	5	6	19	20	臺北市	大安區	大安區和平東路2段與瑞安街口	25.0256316	121.5387454	0	0	2	2	7	5	5	4	2	1	5	4	5	13	1	1	10	5	4	2	13	1	8	1	5	1	10	1		1	2	12	
113	5	6	19	53	臺北市	松山區	松山區民權東路3段146號	25.0619759	121.547143	0	0	2	6	7	5	5	14	9	1	5	4	5	13	4	4	1	4	5	2	17	1	9	1	6	2	10	1		2	2	11	
113	5	6	20	18	臺北市	萬華區	萬華區環河南路1段19號	25.0471054	121.5043295	0	0	1	4	8	5	5	14	9	1	5	4	1	12	1	1	9	4	5	2	17	4	9	1	6	1	10	1		1	2	11	
113	5	6	20	22	臺北市	大安區	大安區和平東路3段與和平東路3段70巷口口	25.02455339	121.5506073	0	0	2	2	8	5	5	4	1	1	5	4	5	13	2	1	1	4	5	2	15	1	9	1	5	1	10	1		1	2	11	
113	5	6	20	35	臺北市	中正區	中正區金山南路1段108號	25.0350695	121.5273967	0	0	1	2	7	5	5	14	9	1	5	4	5	13	1	1	3	4	5	2	3	1	11	3	6	2	18	1		2	3	11	
113	5	6	20	36	臺北市	文山區	文山區景美堤外便道(南向北，福和004燈桿)	24.99798426	121.53523	0	0	2	2	8	5	8	14	23	1	5	4	5	13	4	4	9	4	5	2	3	1	9	8	4	2	20	1		1	2	11	
113	5	6	20	50	臺北市	中正區	中正區徐州路2號	25.0414545	121.520275	0	0	1	2	8	5	5	14	9	1	5	4	5	13	4	4	9	4	5	2	17	1	1	1	7	2	4	1		1	3	1	
113	5	6	20	55	臺北市	南港區	南港區忠孝東路7段與忠孝東路7段265巷口	25.0517877	121.6037065	0	0	2	2	8	5	5	3	1	1	5	4	5	13	2	1	5	4	4	2	13	1	9	1	5	1	10	1		2	2	11	
113	5	6	21	20	臺北市	中正區	中正區林森南路與徐州路口	25.0411581	121.5222815	0	0	2	2	8	5	5	4	2	1	5	4	5	13	1	1	7	4	5	2	16	1	5	1	5	2	10	1		2	2	14	
113	5	6	21	29	臺北市	大安區	大安區羅斯福路4段1號	25.0161489	121.5330672	0	0	1	2	7	5	5	14	9	1	5	4	5	13	4	4	1	5	5	2	18	1	9	8	4	1	20	1		2	2	15	
113	5	6	21	33	臺北市	北投區	北投區中央北路1段72號	25.13458348	121.4998746	0	0	4	4	8	5	5	14	9	1	5	4	5	13	4	4	9	4	5	2	17	1	11	1	6	1	10	1		1	2	14	
113	5	6	21	36	臺北市	大安區	大安區忠孝東路3段與忠孝東路3段10巷口	25.0420954	121.5336181	0	0	1	2	8	5	5	3	1	1	5	4	5	13	4	4	1	4	5	2	16	4	6	1	3	2	4	1		1	3	2	
113	5	6	22	5	臺北市	中正區	中正區林森南路85號對面	25.03952894	121.5217655	0	0	2	4	7	5	5	14	9	1	5	4	5	13	4	4	5	4	5	2	13	1	8	1	6	2	10	1		2	2	13	
113	5	6	22	39	臺北市	大安區	大安區忠孝東路4段233號	25.0415107	121.5537118	0	0	1	2	7	5	5	14	9	1	5	4	5	13	4	4	10	3	5	1	12	4	10	1	5	1	10	1		2	2	14	
113	5	6	23	3	臺北市	北投區	北投區大業路157號	25.12460094	121.498602	0	0	2	2	8	5	5	14	9	1	5	4	5	13	4	4	10	5	5	2	17	1	1	1	6	1	10	1		2	2	11	
113	5	6	23	6	臺北市	士林區	士林區福港街212號	25.08585624	121.5177112	0	0	2	2	8	5	8	22	22	1	5	4	5	13	4	4	9	5	5	1	17	1	5	1	5	1	10	1		2	2	11	
113	5	7	0	45	臺北市	中正區	中正區同安街與廈門街113巷口	25.0233064	121.5211361	0	0	1	2	7	5	5	4	1	1	5	4	5	13	4	4	10	5	5	2	16	4	9	1	3	9	8	1		1	3	7	
113	5	7	2	47	臺北市	中正區	中正區汀州路3段與汀州路3段24巷口	25.0175791	121.5286227	0	0	2	2	7	5	5	3	1	1	5	4	5	13	4	4	4	5	5	1	16	1	9	1	5	7	10	1		1	2	11	
113	5	7	7	5	臺北市	大同區	大同區民權西路與蘭州街口	25.0629033	121.5147079	0	0	4	5	8	6	5	4	1	1	5	4	5	13	2	1	9	4	5	2	17	1	9	1	5	2	10	1		2	2	11	
113	5	7	7	21	臺北市	中山區	中山區中山北路2段與民權東路1段口	25.06271698	121.5227249	0	0	2	2	8	6	6	4	1	1	5	4	5	13	1	1	4	4	1	2	12	1	1	1	5	1	10	1		1	2	12	14
113	5	7	7	30	臺北市	內湖區	內湖區五分街86號	25.06713633	121.6167698	0	0	2	2	7	5	5	14	9	1	5	4	5	13	4	4	9	5	5	2	9	4	9	8	2	2	20	1		2	2	17	
113	5	7	7	38	臺北市	松山區	松山區民權東路4段200號	25.06261246	121.5612367	0	0	1	2	8	6	5	14	9	1	5	4	5	13	4	4	1	3	4	2	12	4	7	1	3	1	8	1		1	3	4	
113	5	7	7	45	臺北市	南港區	南港區忠孝東路6段與忠孝東路6段110巷口	25.0474361	121.5844984	0	0	1	2	7	7	5	3	2	1	5	4	5	13	4	4	1	4	5	2	16	4	6	1	3	1	8	1		1	3	8	
113	5	7	7	46	臺北市	大安區	大安區建國南路1段往北億光大樓停車場出入口	25.043448	121.537316	0	0	1	2	8	6	5	14	9	1	5	4	5	13	4	4	1	5	5	2	16	1	1	1	7	1	8	1		1	3	1	
113	5	7	7	58	臺北市	文山區	文山區指南路2段與新光路1段口口	24.9881243	121.5736165	0	0	1	2	8	6	5	4	1	1	5	4	5	13	2	1	5	5	5	2	13	1	5	1	7	1	8	1		1	3	1	
113	5	7	8	0	臺北市	南港區	南港區同德路33號與同德路口	25.04522728	121.5840858	0	0	1	3	8	7	5	14	9	1	5	4	5	13	4	4	5	4	5	2	17	1	13	1	2	1	8	1		1	3	4	
113	5	7	8	0	臺北市	文山區	文山區羅斯福路6段與景中街口	24.9934184	121.5410385	0	0	5	6	8	6	5	14	9	1	5	4	5	13	2	1	1	4	5	2	13	1	12	1	7	2	8	1		1	3	3	
113	5	7	8	3	臺北市	萬華區	萬華區中華路2段418號	25.0278289	121.5060808	0	0	2	2	8	7	5	22	9	1	5	4	5	13	4	4	9	1	4	1	13	1	9	1	5	1	10	1		2	2	11	
113	5	7	8	10	臺北市	信義區	信義區中坡南路與中坡南路70巷口	25.0418279	121.5851902	0	0	2	3	8	7	5	14	9	1	5	4	5	10	4	4	10	4	4	2	15	4	1	1	6	1	10	1		2	2	11	
113	5	7	8	25	臺北市	大安區	大安區敦化南路1段與敦化南路1段247巷口	25.0396045	121.5490338	0	0	1	2	8	7	5	14	9	1	5	4	5	13	4	4	8	3	5	2	11	4	7	1	3	1	10	1		1	2	14	
113	5	7	8	38	臺北市	中山區	中山區民權東路3段13號	25.06249063	121.541409	0	0	2	3	8	6	5	14	9	1	5	4	5	13	4	4	3	4	5	2	17	1	13	1	7	1	8	1		1	3	4	
113	5	7	8	49	臺北市	大安區	大安區復興南路2段與復興南路2段12巷口	25.0327287	121.5435157	0	0	2	2	8	6	5	3	2	1	5	4	5	13	4	4	10	4	5	2	16	4	6	1	6	1	10	1		1	2	14	
113	5	7	8	50	臺北市	萬華區	萬華區堤外便道(果菜市場疏散門/新二號疏散門)	25.0165585	121.4994828	0	0	1	2	8	5	8	22	22	1	5	4	5	13	4	4	5	5	5	2	17	4	6	7	5	11	10	2		4	2	17	
113	5	7	9	3	臺北市	內湖區	內湖區內湖路1段與內湖路1段411巷口	25.0814991	121.5711553	0	0	1	4	8	7	5	4	2	1	5	4	5	13	1	1	1	1	1	1	13	1	9	1	6	1	10	1		1	3	11	
113	5	7	9	6	臺北市	萬華區	萬華區西園路2段261巷12弄42號	25.0247081	121.4917772	0	0	1	2	8	7	5	14	9	1	5	4	5	13	4	4	10	5	5	2	17	1	7	8	4	1	20	1		2	2	14	
113	5	7	9	13	臺北市	松山區	松山區三民路與三民路43巷口	25.0562859	121.5636777	0	0	1	3	7	6	5	4	1	1	5	4	5	13	1	1	8	3	5	2	17	4	11	1	3	1	4	1		1	3	17	
113	5	7	9	46	臺北市	信義區	信義區仁愛路4段與光復南路口	25.0377194	121.5578027	0	0	1	2	8	6	5	4	2	1	5	4	5	13	1	1	4	3	5	2	9	4	1	1	3	2	2	1		1	3	2	
113	5	7	9	53	臺北市	松山區	松山區塔悠路與南京東路5段口	25.05143866	121.5702142	0	0	1	2	8	6	5	5	1	1	5	4	5	13	1	1	1	2	5	2	12	1	11	1	7	1	8	1		1	3	4	
113	5	7	10	0	臺北市	中山區	中山區中山北路1段與長安西路口	25.04984119	121.5214328	0	0	2	3	8	7	5	4	1	1	5	4	5	13	1	1	9	4	5	2	15	1	9	3	6	1	18	1		2	2	11	
113	5	7	10	10	臺北市	士林區	士林區通河西街2段181號	25.09329392	121.5047533	0	0	1	2	8	7	5	14	9	1	5	4	5	13	4	4	9	4	5	1	17	1	11	1	5	2	10	1		1	3	17	
113	5	7	10	16	臺北市	北投區	北投區公館路與公館路376巷口	25.1228539	121.5039097	0	0	1	2	7	6	5	3	1	1	5	4	5	13	4	4	5	5	5	2	16	1	5	1	7	1	8	1		1	3	1	
113	5	7	11	21	臺北市	士林區	士林區士東路與德行東路109巷口	25.1120956	121.5288516	0	0	1	3	7	6	5	4	2	1	5	4	5	13	1	1	9	4	5	1	16	4	7	1	3	9	10	1		1	2	14	
113	5	7	11	37	臺北市	文山區	文山區木柵路3段與保儀路口口	24.9889593	121.5685155	0	0	1	2	8	6	5	22	20	3	5	4	5	13	4	4	10	5	5	2	7	1	14	1	5	1	10	1		1	3	15	
113	5	7	12	11	臺北市	南港區	南港區研究院路2段45號	25.0446847	121.6158266	0	0	2	2	7	7	5	14	9	1	5	4	5	13	4	4	1	4	5	2	12	4	8	1	3	1	10	1		1	2	12	
113	5	7	12	44	臺北市	中正區	中正區中山南路台大醫院公車站前	25.04171952	121.5185769	0	0	2	4	8	6	5	14	9	1	5	4	5	13	4	4	5	4	5	2	13	1	7	1	5	1	10	1		2	3	13	
113	5	7	12	46	臺北市	士林區	士林區中正路與中山北路5段口	25.0957307	121.5279334	0	0	1	2	8	6	5	4	1	1	5	4	5	13	1	1	1	4	5	2	12	1	9	1	5	1	10	1		1	2	14	
113	5	7	12	47	臺北市	文山區	文山區忠順街1段48巷與忠順街1段48巷5弄口	24.9837169	121.5601454	0	0	1	2	8	7	5	4	1	1	5	4	5	13	4	4	10	5	5	2	15	1	9	1	5	1	10	1		2	2	11	
113	5	7	12	50	臺北市	北投區	北投區大業路與大業路65巷口	25.12321337	121.4990195	1	0	0	2	8	6	5	4	2	1	5	4	5	13	1	1	1	4	5	2	17	1	1	1	7	2	3	1		1	3	1	
113	5	7	12	55	臺北市	大安區	大安區忠孝東路4段146巷與敦化南路1段233巷口	25.0404154	121.5496352	0	0	1	2	8	7	5	4	1	1	5	4	5	13	4	4	10	5	5	2	15	1	9	1	7	1	2	1		1	3	1	
113	5	7	12	58	臺北市	信義區	信義區松隆路與永吉路30巷口口	25.0444936	121.5686828	0	0	1	2	8	6	8	22	22	1	5	4	5	13	1	1	1	4	5	2	17	1	8	1	7	2	8	1		1	3	2	
113	5	7	13	13	臺北市	中正區	中正區中華路2段377號	25.0264001	121.5076251	0	0	1	2	8	7	5	14	9	1	5	4	5	13	4	4	5	4	4	2	17	1	9	8	4	1	20	1		2	2	12	
113	5	7	13	50	臺北市	中山區	中山區敬業三路177巷與敬業三路口	25.0786977	121.5569513	0	0	1	2	8	6	5	3	1	1	5	4	5	13	4	4	1	4	5	2	16	4	6	1	3	1	8	1		2	3	8	
113	5	7	14	0	臺北市	中山區	中山區大直街62巷5弄口側附近	25.0828957	121.5453124	0	0	3	3	8	7	5	14	9	1	5	4	5	13	4	4	10	5	5	2	15	1	9	1	6	1	10	1		2	2	11	
113	5	7	14	25	臺北市	文山區	文山區木柵路1段與木柵路1段191巷口口	24.9876433	121.551307	0	0	1	2	8	6	5	3	1	1	5	4	5	13	2	1	5	4	5	2	16	1	5	1	7	1	8	1		1	3	4	
113	5	7	14	44	臺北市	萬華區	萬華區萬大路347號	25.0235006	121.4999563	0	0	1	2	7	5	5	14	9	1	5	4	5	13	2	1	1	3	5	1	12	4	9	1	3	1	2	1		1	3	2	
113	5	7	14	58	臺北市	大安區	大安區臥龍街151巷與臥龍街151巷70弄口	25.0200669	121.5522903	0	0	1	2	8	6	5	4	1	1	5	4	5	13	4	4	8	5	5	2	16	4	5	1	7	2	8	1		1	3	8	
113	5	7	15	9	臺北市	中山區	中山區中山北路2段46巷與中山北路2段口無名巷	25.05545014	121.521694	0	0	1	2	7	7	5	4	1	1	5	4	5	13	4	4	10	5	5	2	17	1	2	1	7	1	8	1		2	3	6	
113	5	7	15	18	臺北市	中山區	中山區市民大道3段與建國北路1段口	25.0448811	121.5363836	0	0	3	4	8	7	5	4	2	1	5	4	5	13	1	1	9	4	5	2	12	1	9	1	5	1	9	1		1	2	14	
113	5	7	15	20	臺北市	萬華區	萬華區中華路1段164號	25.0412283	121.507686	0	0	2	3	8	7	5	14	7	1	5	4	5	13	4	4	1	3	5	2	13	1	10	1	5	1	10	1		1	2	11	
113	5	7	15	38	臺北市	北投區	北投區大業路與中央北路2段口	25.1360287	121.4972075	0	0	1	2	8	7	5	4	1	1	5	4	5	13	2	1	3	4	5	1	15	1	9	1	6	1	10	1		2	2	11	
113	5	7	15	39	臺北市	萬華區	萬華區環河南路2段與西藏路口	25.0306028	121.4900697	0	0	2	3	7	7	5	4	1	1	5	4	5	13	1	1	8	3	5	2	16	5	17	8	7	10	20	1		2	2	16	
113	5	7	15	45	臺北市	信義區	信義區永吉路與永吉路30巷口	25.0458881	121.568863	0	0	1	2	7	6	5	4	1	1	5	4	5	13	2	1	5	5	5	2	18	1	9	1	6	1	10	1		1	2	14	
113	5	7	16	38	臺北市	北投區	北投區中央南路1段與光明路口	25.1332601	121.5015462	0	0	1	2	8	6	5	5	1	1	5	4	5	13	3	1	10	5	5	2	15	1	9	1	7	1	8	1		1	3	5	
113	5	7	16	43	臺北市	信義區	信義區忠孝東路5段22巷與松高路口	25.0392916	121.5661547	0	0	1	2	7	6	5	3	1	1	5	4	5	13	2	1	5	4	5	2	9	1	5	1	7	1	2	1		1	3	17	
113	5	7	17	0	臺北市	文山區	文山區景華街與景華街97巷口	24.9954014	121.5462313	0	0	2	2	8	6	5	3	1	1	5	4	5	13	4	4	10	5	5	2	16	1	5	8	4	2	20	1		1	2	14	