年	月	日	時	分	縣市	行政區	allLocation	GoogleLat	GoogleLng	死	2-30	受傷	當事人數	天候	道路照明設備	道路類別	道路型態	事故位置	路面狀況1	路面狀況2	路面狀況3	道路障礙1	道路障礙2	號誌1	號誌2	車道劃分-分向	車道劃分-分道1	車道劃分-分道2	車道劃分-分道3	事故類型及型態	行動電話	當事者行動狀態	駕駛資格情形	保護裝置	飲酒情形	駕駛執照種類	個人肇逃否	肇因碼-主要	性別	受傷程度	車輛撞擊部位1	車輛撞擊部位2
113	5	7	17	9	臺北市	大安區	大安區羅斯福路2段與羅斯福路2段101巷口	25.0249904	121.5244996	0	0	1	3	8	6	5	14	9	1	5	4	5	13	4	4	1	4	5	2	16	1	8	1	7	1	4	1		1	3	2	
113	5	7	17	22	臺北市	北投區	北投區學園路與無名路口淡水區自強路	25.132994	121.4672462	0	0	2	2	7	6	5	4	1	1	5	4	5	13	1	1	5	5	5	2	16	1	1	1	5	1	10	1		2	2	11	12
113	5	7	17	30	臺北市	中山區	中山區吉林路與民權東路2段口	25.062661	121.53036	0	0	2	2	8	5	5	4	1	1	5	4	5	13	1	1	1	4	5	2	13	1	9	1	6	1	10	1		2	2	11	
113	5	7	17	36	臺北市	中正區	中正區三元街與南海路口	25.0294512	121.5089358	0	0	1	2	8	6	5	4	1	1	5	4	5	13	1	1	3	4	4	2	16	1	5	1	7	2	8	1		2	3	2	
113	5	7	17	37	臺北市	南港區	南港區中坡北路與市民大道7段口	25.0494981	121.5801661	0	0	1	2	7	5	5	4	2	1	5	4	5	13	2	1	1	4	5	2	16	4	5	1	6	1	10	1		2	2	14	
113	5	7	17	38	臺北市	萬華區	萬華區萬大路與艋舺大道口	25.0328326	121.5005771	0	0	1	2	8	6	5	4	1	1	5	4	5	13	1	1	5	4	5	2	17	1	6	1	5	1	10	1		1	3	12	
113	5	7	17	47	臺北市	中山區	中山區北安路與明水路口	25.0777768	121.5392271	0	0	2	2	8	7	5	3	2	1	5	4	5	13	1	1	9	4	5	2	13	1	9	1	5	1	10	1		2	2	11	
113	5	7	17	53	臺北市	大安區	大安區師大路與師大路49巷口	25.0242621	121.5285957	0	0	2	2	7	7	5	3	1	1	5	4	5	13	4	4	8	3	5	1	15	1	9	8	4	1	20	1		2	2	11	
113	5	7	18	5	臺北市	北投區	北投區尊賢街與尊賢街242巷口	25.11680167	121.5073594	0	0	1	2	8	5	5	4	1	1	5	4	5	13	4	4	10	5	5	2	17	1	9	1	7	1	8	1		2	3	17	
113	5	7	18	25	臺北市	文山區	文山區木柵路1段164號	24.9877244	121.5521331	0	0	1	2	8	5	5	14	9	1	5	4	5	13	4	4	5	4	5	2	9	1	12	1	7	1	2	1		1	3	17	
113	5	7	19	5	臺北市	大安區	大安區仁愛路4段與仁愛路4段91巷口	25.0384457	121.5481746	0	0	1	3	8	5	5	3	1	1	5	4	5	13	4	4	1	4	5	2	16	1	6	1	5	1	10	1		2	3	12	
113	5	7	19	13	臺北市	大安區	大安區敦化南路2段218號	25.02194977	121.5484534	0	0	1	2	8	5	5	14	9	1	5	4	5	13	4	4	1	4	5	2	12	1	4	1	5	1	10	1		1	2	14	
113	5	7	19	22	臺北市	中正區	中正區仁愛路1段與林森南路口	25.0386164	121.5215413	0	0	1	2	8	5	5	4	1	1	5	4	5	13	1	1	1	4	5	2	2	1	5	1	7	2	8	1		1	3	1	
113	5	7	19	30	臺北市	文山區	文山區景美堤外便道與育英街31巷38弄口	24.9897794	121.5370092	0	0	2	2	8	5	5	5	2	1	5	4	5	13	4	4	10	5	5	2	16	1	11	1	6	2	10	1		2	2	14	
113	5	7	20	0	臺北市	士林區	士林區復興橋與至善路1段口	25.09939277	121.5365117	0	0	1	2	8	6	5	3	1	1	5	4	5	13	1	1	1	4	5	2	17	1	11	1	2	2	4	1		1	3	8	
113	5	7	20	6	臺北市	信義區	信義區永吉路225巷與永吉路225巷52弄口	25.0473691	121.5742619	0	0	2	2	8	5	5	3	1	1	5	4	5	13	4	4	10	5	5	2	15	4	9	8	4	1	20	1		2	2	14	
113	5	7	20	12	臺北市	萬華區	萬華區和平西路3段251號與環河南路2段口	25.03546772	121.4949123	0	0	2	3	8	5	5	4	3	1	5	4	5	13	2	1	1	4	5	2	12	1	9	6	7	1	18	1		1	3	1	
113	5	7	20	28	臺北市	士林區	士林區至善路2段34號	25.09710663	121.5444557	0	0	2	2	8	5	8	22	22	1	5	4	5	13	4	4	1	4	5	1	13	1	9	1	5	1	10	1		1	2	11	
113	5	7	20	30	臺北市	內湖區	內湖區瑞光路478巷與瑞光路口	25.0787744	121.5695876	0	0	1	2	8	5	5	4	18	1	5	4	5	13	2	1	5	4	5	2	3	1	5	1	7	1	4	1		2	3	1	
113	5	7	20	34	臺北市	信義區	信義區光復南路505號	25.0321409	121.5578114	0	0	1	2	7	5	5	14	9	1	5	4	5	13	4	4	10	4	5	2	17	1	7	1	5	1	10	1		2	2	13	
113	5	7	22	39	臺北市	士林區	士林區文林路340號	25.0928645	121.5255763	0	0	1	2	7	5	5	14	9	1	5	4	5	13	4	4	9	5	5	2	17	1	1	1	7	2	4	1		1	3	8	
113	5	8	2	40	臺北市	大安區	大安區市民大道3段206號	25.0444862	121.5400129	0	0	1	2	8	5	5	14	9	1	5	4	5	13	4	4	1	4	5	2	18	1	12	1	5	1	10	1		1	2	12	
113	5	8	7	0	臺北市	士林區	士林區仰德大道3段250巷11弄1108943燈桿	25.13014267	121.5501672	0	0	1	2	7	7	5	11	9	1	5	4	5	13	4	4	10	5	5	1	10	1	9	1	7	1	8	1		1	3	8	
113	5	8	7	9	臺北市	文山區	文山區木柵路3段85巷23弄與木柵路3段85巷口	24.98953192	121.5676253	0	0	2	3	8	6	6	3	1	1	5	4	5	13	4	4	10	5	5	2	15	1	9	1	7	2	8	1		1	3	1	
113	5	8	7	38	臺北市	文山區	文山區木柵路4段與木柵路4段33巷口	24.9940785	121.5715455	0	0	2	2	8	6	5	3	1	1	5	4	5	13	1	1	10	5	5	2	16	1	5	1	6	2	10	1		1	2	12	
113	5	8	7	45	臺北市	中山區	中山區中山北路2段42巷與中山北路2段口	25.05460464	121.5225946	0	0	1	2	8	6	5	3	1	1	5	4	5	13	4	4	1	5	1	1	17	4	6	1	3	2	8	1		1	3	17	
113	5	8	7	49	臺北市	大同區	大同區民生西路與太原路口	25.0570683	121.5169462	0	0	1	2	8	6	5	3	2	1	5	4	5	13	2	1	8	3	5	1	9	4	6	7	3	11	19	2		1	3	15	
113	5	8	8	10	臺北市	中山區	中山區中山北路1段與南京東路1段口	25.0521535	121.5228338	0	0	1	2	8	5	5	4	2	1	5	4	5	13	1	1	1	4	5	2	17	4	6	1	3	1	8	1		1	3	5	
113	5	8	8	16	臺北市	南港區	南港區忠孝東路7段與忠孝東路7段415巷口	25.0524549	121.6091413	0	0	2	2	8	7	5	4	2	1	5	4	5	13	2	1	9	4	5	2	16	4	6	1	6	1	10	1		2	2	12	
113	5	8	8	40	臺北市	文山區	文山區興隆路1段184巷與興隆路1段184巷4弄口	25.0006673	121.5425523	0	0	1	2	8	6	5	3	2	1	5	4	5	13	4	4	10	5	5	2	16	1	5	1	6	1	10	1		1	2	12	
113	5	8	8	48	臺北市	士林區	士林區雨聲街與雨聲街165巷口	25.10238574	121.53361	0	0	1	3	8	6	5	3	1	1	5	4	5	13	2	1	6	4	5	1	13	1	9	1	5	1	10	1		1	2	11	
113	5	8	8	51	臺北市	大同區	大同區承德路2段109巷2號與無名巷口	25.0566714	121.5190062	0	0	2	2	8	6	5	4	1	1	5	4	5	13	4	4	10	5	5	2	3	1	9	1	6	1	10	1		2	2	11	
113	5	8	8	54	臺北市	文山區	文山區木柵路1段與試院路口	24.9874566	121.5496951	0	0	1	2	8	6	5	14	9	1	5	4	5	13	4	4	5	4	5	2	13	1	14	1	7	9	2	1		1	3	7	
113	5	8	8	55	臺北市	文山區	文山區羅斯福路6段與景仁街口	24.9971356	121.5408352	0	0	1	2	8	6	5	4	1	1	5	4	5	13	2	1	1	4	5	2	16	1	5	1	7	2	8	1		1	3	5	
113	5	8	8	56	臺北市	中山區	中山區復興北路與民生東路3段口	25.05813535	121.544076	0	0	2	2	8	6	5	4	1	1	5	4	5	13	2	1	1	5	5	1	12	4	8	1	3	1	10	1		1	2	12	
113	5	8	9	6	臺北市	士林區	士林區承德橋	25.07769034	121.521099	0	0	2	2	8	6	5	8	11	1	5	4	5	13	4	4	4	4	5	2	12	1	9	1	5	1	10	1		2	2	14	
113	5	8	9	18	臺北市	大安區	大安區辛亥路3段與芳蘭路口往東方向	25.016412	121.5495264	0	0	2	3	8	6	5	14	9	1	5	4	5	13	4	4	1	4	5	2	13	1	8	1	7	1	4	1		1	3	17	
113	5	8	9	20	臺北市	信義區	信義區逸仙路28號	25.0395259	121.5615034	0	0	1	2	8	5	5	14	9	1	5	4	5	13	4	4	5	4	5	2	17	1	14	1	6	1	10	2		4	2	17	
113	5	8	9	24	臺北市	南港區	南港區忠孝東路7段與向陽路口口	25.0508948	121.5958561	0	0	2	2	7	6	5	5	4	1	5	4	1	11	1	1	1	4	5	2	13	4	9	1	5	1	10	1		2	2	11	
113	5	8	9	24	臺北市	文山區	文山區育英街與育英街17巷口	24.99084073	121.5390764	0	0	1	2	8	6	5	3	1	1	5	4	5	13	4	4	9	5	5	2	16	1	5	1	6	1	10	1		2	2	12	
113	5	8	9	30	臺北市	大安區	大安區通化街與文昌街口	25.032656	121.5542839	0	0	1	2	8	7	5	14	9	1	5	4	5	13	4	4	5	4	5	1	17	1	9	1	7	1	4	1		1	3	2	
113	5	8	10	16	臺北市	北投區	北投區承德路6段335號與承德路6段口前	25.104944	121.5118189	0	0	1	2	8	5	5	3	1	1	5	4	5	13	1	1	9	2	3	1	13	4	9	1	3	2	10	1		2	2	11	
113	5	8	10	24	臺北市	萬華區	萬華區雙園街與西藏路口	25.0287803	121.4951922	0	0	1	2	7	6	5	3	1	1	5	4	5	13	3	1	1	4	5	2	16	1	5	1	6	1	10	1		1	2	11	
113	5	8	10	26	臺北市	松山區	松山區八德路3段74巷46號	25.04701943	121.5524971	0	0	1	2	8	7	5	14	9	1	5	4	5	13	4	4	10	5	5	2	2	4	9	1	3	11	8	2		2	4	2	
113	5	8	10	32	臺北市	北投區	北投區新市街30號	25.1317463	121.5034605	0	0	1	3	8	7	5	14	9	1	5	4	5	13	4	4	5	2	5	1	12	1	4	1	3	1	4	1		1	3	2	1
113	5	8	10	39	臺北市	萬華區	萬華區西園路1段與廣州街口	25.03666	121.4995538	0	0	1	2	8	6	5	4	2	4	5	4	5	13	2	1	5	5	5	2	17	1	8	1	6	2	10	1		2	2	14	
113	5	8	11	11	臺北市	大同區	大同區承德路2段與萬全街口	25.05850457	121.5181064	0	0	1	2	8	5	5	4	4	1	5	4	5	13	1	1	1	4	5	2	13	1	9	1	5	1	10	1		1	3	11	
113	5	8	11	25	臺北市	北投區	北投區中和街與中和街292巷口	25.1403422	121.500385	0	0	2	2	7	6	5	14	9	1	5	4	5	13	4	4	5	5	5	1	17	1	1	1	6	1	10	1		1	2	14	
113	5	8	11	30	臺北市	內湖區	內湖區彩虹河濱公園自行車道(彩虹643路燈桿)	25.05834597	121.5725528	0	0	2	2	8	6	5	14	23	1	5	4	5	13	4	4	10	5	5	2	1	1	9	8	4	2	20	1		2	2	11	
113	5	8	12	10	臺北市	文山區	文山區興隆路2段21號	24.9988398	121.5456406	0	0	2	2	8	6	5	14	18	1	5	4	5	13	4	4	1	4	5	2	3	1	9	1	6	2	10	1		1	2	11	
113	5	8	12	18	臺北市	大安區	大安區和平東路2段201號	25.025032	121.5429355	0	0	1	3	8	7	5	14	8	1	5	4	5	13	4	4	1	4	4	2	12	4	7	1	3	1	10	1		2	2	14	
113	5	8	12	25	臺北市	中山區	中山區錦州街250號	25.0603055	121.5342073	0	0	2	2	8	6	5	14	9	1	5	4	5	13	4	4	9	4	5	2	3	5	16	8	4	10	20	1		2	2	16	
113	5	8	12	30	臺北市	大安區	大安區忠孝東路4段與敦化南路1段口	25.0416118	121.5492095	0	0	2	2	8	6	5	4	1	1	5	4	5	13	2	1	8	3	5	2	16	1	9	1	6	2	10	1		1	2	14	
113	5	8	12	36	臺北市	信義區	信義區市民大道5段與東興路口	25.0482062	121.5658093	0	0	1	2	7	7	5	5	1	1	5	4	5	13	1	1	5	5	5	2	17	1	5	1	7	1	8	1		1	3	5	
113	5	8	13	27	臺北市	文山區	文山區景福街242巷與萬慶街口口	24.9927085	121.5394137	0	0	1	2	8	6	5	4	2	1	5	4	5	8	4	4	10	5	5	2	15	1	9	1	7	2	8	1		2	3	1	
113	5	8	14	2	臺北市	中山區	中山區復興北路與錦州街口	25.0603727	121.5441576	0	0	1	3	8	7	5	4	1	1	5	4	5	13	1	1	1	4	5	2	13	1	9	1	7	9	8	1		1	3	1	
113	5	8	14	30	臺北市	中山區	中山區北安路忠烈祠	25.07814824	121.5327562	0	0	2	2	8	6	5	11	9	1	5	4	5	13	4	4	8	5	5	1	1	4	9	1	3	1	10	1		1	2	11	
113	5	8	14	30	臺北市	北投區	北投區中央北路2段與中央北路2段131巷口	25.1372835	121.4942302	0	0	1	2	8	6	5	3	2	1	5	4	5	13	4	4	5	4	5	2	17	1	9	1	7	2	8	1		1	3	2	
113	5	8	15	25	臺北市	萬華區	萬華區萬大路423巷與青年路口	25.0222079	121.5023423	0	0	1	2	8	7	5	3	2	1	5	4	5	13	1	1	4	3	5	2	2	1	6	1	7	1	2	1		1	3	4	
113	5	8	17	21	臺北市	士林區	士林區福林路254巷(至善幹1號電桿)	25.0980807	121.5363343	0	0	2	2	7	7	5	14	9	1	5	4	5	13	4	4	10	5	5	1	17	1	12	1	5	1	10	1		1	2	11	
113	5	8	17	30	臺北市	松山區	松山區光復北路與健康路口	25.05365077	121.5565829	0	0	1	2	7	6	5	4	2	1	5	4	5	13	2	1	9	4	5	2	16	1	6	1	7	1	8	1		1	3	6	
113	5	8	17	40	臺北市	大安區	大安區市民大道4段與忠孝東路4段205巷口口	25.044629	121.5496655	0	0	2	2	8	7	5	3	1	1	5	4	5	13	4	4	1	4	5	1	17	1	6	1	6	1	10	1		1	2	12	
113	5	8	17	51	臺北市	內湖區	內湖區舊宗路2段1號停車場入口	25.06638144	121.5748888	0	0	1	2	8	6	5	14	9	1	5	4	5	13	4	4	9	4	5	2	16	1	6	1	7	2	8	1		1	3	5	
113	5	8	18	10	臺北市	信義區	信義區忠孝東路4段與逸仙路口	25.0413375	121.5615857	0	0	2	2	7	5	5	3	2	1	5	4	5	13	2	1	1	4	5	2	16	1	8	1	5	1	10	1		1	2	12	
113	5	8	18	25	臺北市	士林區	士林區通河街與通河街2巷口	25.07988124	121.5237396	0	0	2	3	8	5	7	4	2	1	5	4	5	13	3	1	5	5	5	1	17	1	5	1	5	1	10	1		2	2	11	
113	5	8	19	31	臺北市	大同區	大同區民生西路與民生西路171巷口	25.0572883	121.5172414	0	0	2	3	7	5	5	3	1	1	5	4	5	13	4	4	5	2	5	2	17	1	5	1	7	1	8	1		1	3	5	
113	5	8	20	7	臺北市	萬華區	萬華區雙園街21巷41號	25.0306294	121.4952422	0	0	1	2	8	5	5	14	9	1	5	4	5	13	4	4	10	5	5	1	11	1	9	1	5	1	10	1		1	3	14	
113	5	8	20	42	臺北市	南港區	南港區三重路41巷20號	25.0599483	121.6136719	0	0	1	2	7	5	5	14	9	1	5	4	5	13	4	4	10	5	5	2	17	4	5	1	3	1	8	1		1	3	17	
113	5	8	20	45	臺北市	萬華區	萬華區環河南路1段(洛陽停車場旁)	25.0480729	121.5054115	0	0	1	2	7	6	5	14	9	1	5	4	4	13	4	4	5	4	5	2	29	1	9	1	6	1	10	1		3	2	11	12
113	5	8	21	40	臺北市	松山區	松山區民生東路3段127巷與民生東路3段113巷7弄口	25.0584503	121.5474609	0	0	2	2	8	5	5	4	1	1	5	4	5	13	4	4	10	5	5	2	15	1	9	1	6	1	10	1		1	2	11	
113	5	8	22	4	臺北市	信義區	信義區松仁路與松平路口	25.0304848	121.5682442	0	0	3	3	8	5	5	4	1	1	5	4	5	13	2	1	5	4	5	2	16	1	6	1	6	2	10	1		2	2	13	
113	5	8	22	31	臺北市	文山區	文山區木新路3段與木新路3段172巷口	24.9816868	121.5607627	0	0	1	2	8	5	5	14	9	2	5	4	5	13	4	4	5	4	5	2	17	4	15	1	3	2	4	1		1	3	1	
113	5	8	22	54	臺北市	中正區	中正區林森南路與林森南路3巷口	25.0444612	121.523248	0	0	1	2	8	5	5	3	2	1	5	4	5	13	4	4	5	4	5	2	17	1	15	1	6	2	10	1		1	2	14	
113	5	9	6	38	臺北市	中正區	中正區汀州路2段與同安街口口	25.02413358	121.5217114	0	0	1	2	8	6	5	4	1	1	5	4	5	13	1	1	5	5	5	2	16	1	5	1	7	2	8	1		2	3	1	
113	5	9	6	38	臺北市	大同區	大同區南京西路18巷4弄與南京西路18巷口	25.0522973	121.5201786	0	0	1	2	8	6	5	3	2	1	5	4	5	13	4	4	10	5	5	2	8	1	2	1	7	2	8	1		1	3	7	
113	5	9	7	18	臺北市	士林區	士林區延平北路8段與延平北路8段55巷口	25.1050855	121.4851026	0	0	1	3	8	7	5	4	1	1	5	4	5	13	4	4	5	5	5	2	15	1	9	1	6	1	10	1		2	3	14	
113	5	9	7	20	臺北市	內湖區	內湖區舊宗路1段2號	25.05751122	121.5810559	0	0	2	2	8	6	5	14	9	1	5	4	5	13	4	4	1	5	5	2	17	1	8	1	6	1	10	1		1	2	13	
113	5	9	7	30	臺北市	內湖區	內湖區內湖路1段629巷42號	25.08145909	121.5756832	0	0	3	3	8	6	5	14	18	1	5	4	5	13	4	4	9	5	5	2	3	1	9	1	5	2	10	1		2	2	11	14
113	5	9	7	45	臺北市	中山區	中山區撫順街41巷1號	25.06332219	121.5199698	0	0	1	2	8	5	5	14	9	1	5	4	5	13	4	4	9	4	5	2	13	1	9	1	5	1	10	1		2	2	11	
113	5	9	7	53	臺北市	大安區	大安區辛亥路2段與新生南路3段口	25.02265862	121.5351914	0	0	1	3	8	7	5	4	2	1	5	4	5	13	4	4	1	4	5	1	17	1	9	1	6	11	10	2		4	2	11	
113	5	9	8	20	臺北市	中山區	中山區民生東路3段與復興北路口	25.05769882	121.54416	0	0	1	3	8	6	5	4	1	1	5	4	5	13	1	1	3	4	5	2	13	1	9	1	5	1	10	1		1	2	11	14
113	5	9	8	20	臺北市	北投區	北投區大業路157號加油站前	25.1249618	121.4986316	0	0	1	4	8	5	8	14	8	1	5	4	5	13	4	4	5	4	3	2	13	4	9	1	3	1	10	1		1	2	11	
113	5	9	8	22	臺北市	大同區	大同區塔城街與忠孝西路1段口	25.0486876	121.5102024	0	0	2	3	8	6	5	5	2	1	5	4	5	13	4	4	5	5	5	2	12	1	8	1	7	1	8	1		1	3	2	
113	5	9	8	30	臺北市	中正區	中正區汀州路3段101號	25.0170392	121.5294777	0	0	2	2	8	6	5	14	9	1	5	4	5	13	1	1	5	4	5	2	17	1	9	1	5	1	10	1		2	2	11	
113	5	9	8	34	臺北市	信義區	信義區永吉路30巷與忠孝東路5段71巷3弄口	25.0415893	121.5687015	0	0	2	2	8	6	5	4	2	1	5	4	5	10	4	4	8	5	5	2	16	1	11	1	6	1	10	1		1	2	11	
113	5	9	8	35	臺北市	中正區	中正區重慶南路1段與凱達格蘭大道口	25.03993404	121.5129146	0	0	2	2	8	7	5	3	1	1	5	4	5	13	1	1	4	5	5	2	17	1	15	2	6	1	18	1		1	2	13	
113	5	9	8	35	臺北市	中正區	中正區金山南路1段37-1號	25.0396384	121.5289424	0	0	2	2	8	7	5	14	7	1	5	4	5	13	4	4	1	3	1	2	12	1	15	1	7	2	8	1		1	2	4	
113	5	9	8	40	臺北市	中正區	中正區羅斯福路1段7-1號	25.03341356	121.517916	0	0	2	3	8	6	5	14	8	1	5	4	5	13	4	4	1	4	4	1	17	1	9	1	6	1	10	1		1	2	12	
113	5	9	8	52	臺北市	中山區	中山區民生東路2段與中原街口	25.0580022	121.5289222	0	0	1	2	8	7	5	4	1	1	5	4	5	13	1	1	9	4	5	2	13	1	9	1	7	1	8	1		1	3	6	
113	5	9	8	55	臺北市	中山區	中山區中山北路1段與長安西路口	25.05001758	121.5216041	0	0	1	2	8	6	5	4	1	1	5	4	5	13	2	1	1	5	1	1	13	4	9	1	3	1	10	1		2	2	11	
113	5	9	9	7	臺北市	文山區	文山區新光路1段與新光路1段66巷口	24.9904309	121.5737068	0	0	2	2	8	6	6	3	1	1	5	4	5	13	4	4	9	5	5	2	16	1	5	1	6	2	10	1		1	2	14	
113	5	9	9	10	臺北市	大同區	大同區鄭州路101號	25.0501335	121.5114693	0	0	1	2	8	5	5	14	9	1	5	4	5	13	4	4	1	4	5	2	17	4	6	1	3	1	8	1		2	3	5	
113	5	9	9	20	臺北市	內湖區	內湖區麥帥一橋機車道西向東	25.0541402	121.5763299	0	0	2	2	8	7	5	14	11	1	5	4	5	13	4	4	10	4	5	2	12	1	8	1	5	1	10	1		2	2	12	
113	5	9	9	30	臺北市	松山區	松山區東興路2巷15號	25.0507789	121.5646688	0	0	1	2	8	7	5	14	9	1	5	4	5	13	4	4	10	4	5	2	17	1	1	1	5	2	10	1		2	2	14	
113	5	9	9	37	臺北市	士林區	士林區萬溪產業道路萬溪3+300處	25.1256991	121.5924115	0	0	2	3	8	7	5	11	9	1	5	4	5	13	4	4	10	5	5	1	17	1	9	1	7	1	2	1		1	3	17	
113	5	9	9	37	臺北市	松山區	松山區民生東路3段與民生東路3段110巷口	25.05785079	121.543606	0	0	1	2	8	6	5	3	18	1	4	4	5	13	4	4	5	5	5	2	3	4	9	3	3	1	18	1		1	3	15	
113	5	9	9	45	臺北市	士林區	士林區中山北路5段與福林路口	25.09382115	121.5281517	0	0	1	2	8	6	5	5	1	1	5	4	5	13	2	1	1	4	1	1	16	1	6	1	7	1	8	1		2	3	5	
113	5	9	9	47	臺北市	中山區	中山區中山北路3段40號	25.0665703	121.5222756	0	0	2	4	8	6	5	14	8	1	5	4	5	13	4	4	10	3	1	1	12	1	9	1	5	2	10	1		2	3	17	
113	5	9	9	50	臺北市	萬華區	萬華區環河南路1段與成都路口	25.0438721	121.5008276	0	0	1	3	8	7	5	3	2	1	5	4	5	13	3	1	9	4	5	2	13	1	7	1	5	1	10	1		1	2	11	
113	5	9	10	33	臺北市	大同區	大同區迪化街1段307巷與安西街口	25.062078	121.509745	0	0	1	2	8	7	5	4	2	1	5	4	5	13	4	4	10	5	5	2	15	4	9	8	3	1	20	1		2	2	11	
113	5	9	11	0	臺北市	中山區	中山區復興南路1段與市民大道3段口	25.0449926	121.5437396	0	0	2	3	8	5	5	4	1	1	5	4	5	13	1	1	1	4	5	2	17	4	6	1	3	1	8	2		1	3	5	
113	5	9	11	11	臺北市	大安區	大安區羅斯福路4段21號	25.01381516	121.5354497	0	0	2	3	8	6	5	14	9	1	5	4	1	11	4	4	1	3	4	1	17	1	8	1	7	1	4	1		1	3	17	
113	5	9	11	14	臺北市	北投區	北投區學園路2號城市科大圖資大樓地下停車場出入口	25.1342667	121.4698245	0	0	1	2	8	7	5	22	9	1	5	4	5	13	4	4	9	5	5	2	17	1	15	1	5	2	10	1		1	2	14	
113	5	9	11	24	臺北市	中山區	中山區民生東路3段與合江街口	25.05793273	121.5392032	0	0	2	2	8	6	5	4	1	1	5	4	5	13	1	1	1	4	5	2	16	1	5	1	5	1	10	1		1	2	14	
113	5	9	11	30	臺北市	松山區	松山區南京東路4段61號	25.05174808	121.5527493	0	0	1	2	8	6	5	14	9	1	5	4	5	13	2	1	9	4	5	1	17	1	8	1	7	1	8	1		1	3	17	
113	5	9	12	0	臺北市	文山區	文山區景美堤外便道(南向北，福和023燈桿)	25.00274349	121.5353428	0	0	1	2	8	6	8	14	23	1	5	4	5	13	4	4	9	5	5	1	16	1	11	8	4	11	20	1		2	2	14	
113	5	9	12	7	臺北市	士林區	士林區雨聲街105號	25.1050101	121.5312452	0	0	2	3	8	5	5	14	9	1	5	4	5	13	4	4	5	5	5	1	17	1	5	1	7	1	8	1		1	3	8	
113	5	9	12	9	臺北市	中正區	中正區中華路2段與寧波西街口	25.0246935	121.5101492	0	0	2	2	8	6	5	4	1	1	5	4	5	13	1	1	5	4	4	2	17	1	5	1	5	2	10	1		1	2	12	
113	5	9	12	10	臺北市	大同區	大同區民權西路與蘭州街口口	25.0629073	121.5146141	0	0	2	2	8	6	5	4	1	1	5	4	5	13	2	1	1	5	5	2	16	1	5	1	6	1	10	1		1	2	14	
113	5	9	12	16	臺北市	北投區	北投區立農街1段與立農街1段320巷口	25.1194314	121.5067081	0	0	3	3	8	6	5	14	9	1	5	4	5	13	4	4	9	5	5	2	15	1	9	1	5	1	10	1		2	2	14	
113	5	9	12	30	臺北市	大安區	大安區忠孝東路4段17巷4號	25.0419542	121.5444573	0	0	1	2	8	5	5	14	9	1	5	4	5	13	4	4	8	3	4	1	3	1	9	1	7	1	8	1		1	3	1	
113	5	9	12	53	臺北市	文山區	文山區木新路2段188號前	24.98381524	121.5682227	0	0	2	2	8	6	5	14	9	1	5	4	5	13	4	4	5	4	5	2	3	1	9	1	6	1	10	1		1	2	12	14
113	5	9	13	0	臺北市	內湖區	內湖區內湖路1段與內湖路1段225巷口	25.0826761	121.5649035	0	0	1	2	8	7	5	3	2	1	5	4	5	13	4	4	1	1	1	1	12	1	8	1	7	1	8	1		1	3	2	
113	5	9	13	19	臺北市	信義區	信義區永吉路278巷25號與永吉路278巷口	25.0445753	121.5741691	0	0	1	2	8	7	5	4	1	1	5	4	5	13	4	4	10	5	5	2	15	1	9	1	5	1	10	1		2	3	11	
113	5	9	13	45	臺北市	士林區	士林區中山北路6段與忠誠路1段口	25.1039059	121.524786	0	0	1	2	8	5	7	5	1	1	5	4	5	13	2	1	1	4	5	1	12	1	8	1	7	2	8	1		2	3	2	
113	5	9	13	58	臺北市	大安區	大安區光復南路420巷與仁愛路4段408巷口	25.03644002	121.5569053	0	0	2	3	8	7	5	4	1	1	5	4	5	13	4	4	10	5	5	2	15	4	9	1	3	1	8	1		1	3	1	
113	5	9	14	0	臺北市	中山區	中山區中山北路2段44號	25.0553188	121.522576	0	0	1	2	8	6	5	14	9	1	5	4	5	13	4	4	4	4	5	2	16	4	8	1	3	1	4	1		1	3	5	
113	5	9	14	1	臺北市	信義區	信義區基隆路2段與嘉興街127巷口	25.0291624	121.5573563	0	0	1	3	8	6	5	3	1	1	5	4	5	13	1	1	5	4	5	2	15	1	9	1	3	2	4	1		2	3	1	
113	5	9	14	21	臺北市	信義區	信義區基隆路2段79巷與基隆路2段79巷1弄口	25.0300618	121.5584076	0	0	1	2	8	6	5	4	1	1	5	4	5	13	4	4	9	5	5	2	15	1	9	1	5	2	10	1		1	2	11	
113	5	9	14	25	臺北市	內湖區	內湖區瑞湖街與舊宗路2段121巷口	25.069123	121.5764335	0	0	2	3	8	7	5	3	1	1	5	4	5	13	1	1	5	5	5	2	16	1	6	1	7	2	14	1		1	3	5	
113	5	9	14	41	臺北市	大同區	大同區承德橋機慢車專用道	25.0769916	121.5208968	0	0	1	2	8	6	5	8	8	1	5	4	5	13	4	4	2	5	3	2	13	1	9	1	6	2	10	1		2	3	11	
113	5	9	14	53	臺北市	大安區	大安區青田街7巷與和平東路1段183巷口	25.0281165	121.5330256	0	0	2	2	8	7	5	4	1	1	5	4	5	13	4	4	10	5	5	1	17	1	9	1	6	1	10	1		1	2	12	
113	5	9	15	0	臺北市	中山區	中山區吉林路39號	25.05104826	121.5300743	0	0	1	2	8	6	5	14	9	1	5	4	5	13	4	4	4	5	5	1	1	4	9	1	3	1	10	1		1	3	11	
113	5	9	15	20	臺北市	松山區	松山區南京東路4段與北寧路口	25.0515588	121.5526556	0	0	1	2	8	6	5	4	2	1	5	4	5	13	1	1	3	4	4	2	16	1	6	1	7	1	8	1		2	3	2	