年	月	日	時	分	縣市	行政區	allLocation	GoogleLat	GoogleLng	死	2-30	受傷	當事人數	天候	道路照明設備	道路類別	道路型態	事故位置	路面狀況1	路面狀況2	路面狀況3	道路障礙1	道路障礙2	號誌1	號誌2	車道劃分-分向	車道劃分-分道1	車道劃分-分道2	車道劃分-分道3	事故類型及型態	行動電話	當事者行動狀態	駕駛資格情形	保護裝置	飲酒情形	駕駛執照種類	個人肇逃否	肇因碼-主要	性別	受傷程度	車輛撞擊部位1	車輛撞擊部位2
113	5	9	16	7	臺北市	中山區	中山區中山北路4段與北安路口	25.0753003	121.5257614	0	0	2	2	8	7	5	3	2	1	5	4	5	13	1	1	9	4	5	2	13	1	9	1	5	2	10	1		1	2	11	
113	5	9	16	27	臺北市	內湖區	內湖區金湖路與星雲街口	25.0814362	121.5974726	0	0	1	2	8	6	5	3	1	1	5	4	5	13	2	1	1	4	5	2	15	4	11	1	3	2	8	1		1	3	6	
113	5	9	16	43	臺北市	信義區	信義區松高路與市府路口	25.0392339	121.5632954	0	0	2	2	8	6	5	4	2	1	5	4	5	13	2	1	9	4	5	2	3	1	9	6	6	2	10	1		1	2	11	
113	5	9	16	48	臺北市	文山區	文山區辛亥路5段與辛亥路5段25巷口	24.9998086	121.5541146	0	0	2	2	8	6	5	4	1	1	5	4	5	13	2	1	1	4	5	2	16	1	6	1	6	3	10	1		2	2	12	
113	5	9	16	50	臺北市	中正區	中正區中山南路與愛國東路口	25.03496464	121.5167343	0	0	1	2	8	6	5	11	9	1	5	4	5	13	1	1	4	5	1	2	18	1	9	1	5	2	10	1		1	2	11	
113	5	9	17	14	臺北市	文山區	文山區辛亥路5段與興隆路2段244巷口	24.9998512	121.5540341	0	0	1	2	8	6	5	4	1	1	5	4	5	13	2	1	1	4	5	2	16	1	5	1	7	1	8	1		1	3	1	
113	5	9	17	31	臺北市	松山區	松山區八德路3段192號	25.0479804	121.5561447	0	0	2	4	7	7	5	14	9	1	5	4	5	13	2	1	5	4	5	2	17	1	14	1	7	2	8	1		1	3	8	
113	5	9	17	37	臺北市	文山區	文山區景福街與景福街3巷口	24.9993973	121.5392855	0	0	1	2	8	6	5	4	19	1	5	4	5	13	4	4	10	5	5	2	3	1	9	1	6	2	10	1		1	3	11	
113	5	9	17	43	臺北市	大安區	大安區建國南路1段與新生南路1段161巷口	25.0346921	121.5375609	0	0	3	3	8	5	5	4	2	1	5	4	5	13	2	1	1	4	5	2	13	1	9	1	6	1	10	1		1	2	11	
113	5	9	17	44	臺北市	南港區	南港區市民大道8段與中南街口口	25.0544282	121.6152631	0	0	1	2	8	6	5	4	1	1	5	4	5	13	1	1	1	4	5	2	16	4	5	1	3	2	8	1		1	2	11	
113	5	9	17	45	臺北市	中正區	中正區林森南路地下道(往羅斯福路方向)	25.0338481	121.5190474	0	0	1	2	8	5	5	7	9	1	5	4	5	13	4	4	5	2	5	1	17	1	9	1	7	1	4	1		1	3	8	
113	5	9	18	17	臺北市	松山區	松山區東興路與南京東路5段250巷2弄口	25.05073567	121.5654248	0	0	2	3	8	5	5	4	18	1	5	4	5	13	4	4	5	4	5	2	3	1	9	1	5	1	10	1		1	3	11	
113	5	9	18	20	臺北市	內湖區	內湖區碧山路碧山露營場前	25.10434447	121.5795915	0	0	1	2	8	5	5	11	9	1	5	4	5	13	4	4	10	5	5	2	10	1	9	1	5	2	10	1		1	2	11	
113	5	9	18	29	臺北市	大同區	大同區鄭州路與環河北路1段口	25.0508369	121.5066912	0	0	1	2	7	6	5	4	2	1	5	4	5	13	1	1	10	5	5	2	17	1	5	1	6	1	10	1		1	2	11	
113	5	9	18	36	臺北市	中山區	中山區市民大道3段與復興北路口	25.04839804	121.5438722	0	0	2	2	8	7	5	4	2	1	5	4	5	13	1	1	1	3	5	1	16	1	5	1	6	1	10	1		2	2	14	
113	5	9	18	50	臺北市	北投區	北投區溫泉路62號	25.13455935	121.5041609	0	0	1	2	7	5	5	14	9	1	5	4	5	13	4	4	10	5	5	2	2	4	9	6	3	1	18	2		1	3	5	
113	5	9	18	59	臺北市	北投區	北投區石牌路2段與石牌路2段99巷口	25.1174833	121.5165352	0	0	1	2	8	5	5	4	1	1	5	4	5	13	4	4	5	4	5	2	17	1	9	1	6	1	10	1		1	2	14	
113	5	9	19	14	臺北市	松山區	松山區市民大道6段與松山路口	25.04955125	121.5776612	0	0	1	3	8	5	5	4	1	1	5	4	5	13	1	1	3	4	5	2	17	4	5	1	6	2	10	1		1	3	17	
113	5	9	19	16	臺北市	大同區	大同區承德橋機慢車道(7010610燈桿)	25.0770514	121.5209122	0	0	2	2	7	5	5	14	11	1	5	4	5	13	4	4	5	2	5	2	17	1	9	1	6	2	10	1		2	2	11	
113	5	9	19	24	臺北市	大同區	大同區承德路1段與市民大道1段口	25.0489489	121.5162251	0	0	2	3	7	5	5	4	2	1	5	4	5	13	2	1	1	4	5	2	3	4	9	1	6	1	10	1		1	2	11	
113	5	9	19	41	臺北市	萬華區	萬華區中華路2段400號前	25.02834022	121.5055848	0	0	1	2	8	5	8	22	22	1	5	4	5	13	4	4	10	5	5	2	3	5	18	8	4	1	20	1		2	3	16	
113	5	9	19	45	臺北市	信義區	信義區和平東路3段285號	25.0219109	121.5552914	0	0	1	2	8	5	5	14	9	1	5	4	5	13	4	4	9	4	5	2	17	1	9	1	5	1	10	1		2	2	11	
113	5	9	19	56	臺北市	中山區	中山區中山北路2段與民權東路1段口	25.0628986	121.5227006	0	0	2	2	8	5	5	4	2	1	5	4	5	13	2	1	3	4	5	2	13	1	14	1	6	1	10	1		2	2	12	
113	5	9	20	7	臺北市	文山區	文山區政大三街27號前	24.98582525	121.5815248	0	0	1	2	8	5	5	14	9	1	5	4	5	13	4	4	9	5	5	2	11	4	1	1	3	2	8	1		1	3	5	
113	5	9	20	38	臺北市	信義區	信義區永吉路30巷與松隆路口	25.0444063	121.5687028	0	0	1	2	8	5	5	4	1	1	5	4	5	13	2	1	3	4	5	2	1	1	5	1	7	2	8	1		2	3	1	
113	5	9	21	10	臺北市	內湖區	(江南街65巷41號前)	25.0766308	121.5787713	0	0	2	2	8	5	5	14	9	1	5	4	5	13	4	4	10	5	5	2	3	1	9	1	6	2	10	1		1	2	14	
113	5	9	21	26	臺北市	內湖區	內湖區民權東路6段與瑞光路口	25.06997785	121.5794503	0	0	1	2	8	6	5	4	1	1	5	4	5	13	2	1	9	4	5	2	16	1	5	1	6	1	10	1		1	2	14	
113	5	9	22	20	臺北市	中山區	中山區樂群二路與明水路口	25.080012	121.5521197	0	0	1	2	8	5	5	4	1	1	5	4	5	13	2	1	10	5	5	2	16	1	5	1	6	1	10	1		1	2	14	
113	5	9	23	5	臺北市	中正區	中正區羅斯福路4段與基隆路4段口	25.0112305	121.5368924	0	0	1	3	8	5	5	5	1	1	5	4	5	13	1	1	1	4	5	2	16	4	5	2	5	2	18	1		1	2	14	
113	5	10	0	11	臺北市	士林區	士林區中山北路6段與德行西路口	25.106301	121.5247746	0	0	1	2	8	5	5	4	2	1	5	4	5	13	1	1	10	4	5	1	17	1	11	1	7	2	5	1		1	3	17	
113	5	10	0	42	臺北市	萬華區	萬華區西昌街與桂林路口	25.03752884	121.5003842	0	0	2	2	7	5	5	4	2	1	5	4	5	13	2	1	5	4	4	1	17	4	5	8	4	1	20	1		1	2	12	
113	5	10	1	45	臺北市	中正區	中正區汀州路1段與西藏路口	25.030658	121.507217	0	0	1	2	8	5	5	4	1	1	5	4	5	13	1	1	5	4	5	2	17	4	9	1	5	1	10	1		1	3	17	
113	5	10	2	20	臺北市	士林區	士林區中山北路6段與福國路口	25.1021371	121.5256029	0	0	1	2	8	5	5	4	2	1	5	4	5	13	1	1	10	4	5	1	17	1	9	1	6	2	10	1		1	3	12	
113	5	10	7	7	臺北市	大安區	大安區忠孝東路3段217巷與忠孝東路3段217巷5弄口	25.0433313	121.5397279	0	0	1	2	8	7	5	4	1	1	5	4	5	13	4	4	10	5	5	2	15	1	9	1	6	1	10	1		1	2	11	
113	5	10	7	50	臺北市	文山區	文山區羅斯福路6段與景福街口口	24.9931267	121.5407801	0	0	1	3	8	6	5	4	2	1	5	4	5	13	2	1	1	4	5	2	17	1	14	1	7	2	8	1		2	3	2	
113	5	10	7	55	臺北市	中山區	中山區南京東路2段與伊通街口	25.0520774	121.5346821	0	0	1	2	8	7	5	4	1	1	5	4	5	13	1	1	5	5	5	2	1	1	5	1	7	1	8	1		1	3	5	
113	5	10	8	2	臺北市	萬華區	萬華區堤外便道機車專用道近龍山85號燈桿	25.04656257	121.5029778	0	0	3	3	8	6	5	14	11	1	5	4	5	13	4	4	1	4	5	2	12	1	7	1	5	9	10	1		1	2	14	
113	5	10	8	18	臺北市	文山區	文山區景福街與溪口街85巷口	24.9945418	121.5378644	0	0	2	2	8	6	5	3	1	1	5	4	5	13	4	4	10	5	5	2	16	1	5	1	6	1	10	1		1	2	14	
113	5	10	8	25	臺北市	信義區	信義區基隆路1段152號	25.0449932	121.5667081	0	0	1	3	8	7	5	14	9	1	5	4	5	13	4	4	9	4	5	2	17	1	15	1	7	2	8	1		1	3	2	
113	5	10	8	37	臺北市	中山區	中山區樂群二路與敬業四路口	25.0799656	121.5585207	0	0	1	2	8	6	5	3	1	1	5	4	5	13	1	1	1	4	5	2	16	4	11	1	3	1	4	1		1	3	1	
113	5	10	8	40	臺北市	中山區	中山區民族西路與玉門街口	25.0684516	121.5203424	0	0	1	2	8	7	5	14	8	1	5	4	5	13	4	4	9	4	5	2	12	1	7	1	5	1	10	1		1	2	11	
113	5	10	8	40	臺北市	萬華區	萬華區環河南路2段與環河南路2段175巷口	25.0328587	121.4921716	0	0	1	2	7	7	5	4	1	1	5	4	5	13	1	1	1	3	5	2	16	1	5	1	7	2	8	1		1	3	5	
113	5	10	8	49	臺北市	中山區	中山區建國北路1段與長安東路2段口	25.04837771	121.5370154	0	0	1	2	8	6	5	4	1	1	5	4	5	13	1	1	10	4	5	2	17	1	6	1	5	1	10	1		1	3	12	12
113	5	10	8	49	臺北市	信義區	信義區基隆路2段79巷與基隆路2段79巷1弄口	25.0299577	121.5586339	0	0	1	2	8	6	5	4	1	1	5	4	5	13	4	4	9	4	5	2	15	1	1	1	6	1	10	1		2	2	12	
113	5	10	8	50	臺北市	士林區	士林區通河東街1段與大南路口	25.0895592	121.5154583	0	0	1	2	8	5	5	4	1	1	5	4	5	13	3	1	5	4	5	1	17	1	6	1	6	1	10	1		2	2	14	
113	5	10	8	55	臺北市	中山區	中山區建國北路1段與八德路2段口北側迴轉道	25.0465361	121.5365026	0	0	2	2	8	7	5	3	1	1	5	4	5	13	4	4	1	4	5	2	15	1	5	1	5	1	10	1		2	2	14	
113	5	10	8	56	臺北市	大安區	大安區市民大道3段與建國南路1段口	25.0446881	121.536347	0	0	2	2	8	7	5	4	1	1	5	4	5	13	2	1	1	4	4	2	15	1	9	1	6	1	10	1		1	2	11	
113	5	10	8	58	臺北市	大同區	大同區酒泉街36號	25.0706289	121.5188377	0	0	1	2	8	6	5	14	9	1	5	4	5	13	4	4	10	5	5	2	17	1	1	1	7	2	8	1		1	3	17	
113	5	10	9	23	臺北市	士林區	士林區延平北路5段與中正路口	25.0866066	121.5094147	0	0	1	2	8	7	5	4	1	1	5	4	5	13	1	1	1	5	5	2	17	1	5	1	6	1	10	1		1	2	14	
113	5	10	9	47	臺北市	士林區	士林區德行東路109巷93號前	25.04847309	121.5183568	0	0	1	2	8	7	5	14	9	1	5	4	5	13	4	4	9	5	5	2	12	1	4	1	7	1	8	1		2	3	5	
113	5	10	10	7	臺北市	萬華區	萬華區西藏路424號	25.0294951	121.4982484	0	0	1	2	8	5	5	14	9	1	5	4	5	13	4	4	1	5	5	2	17	4	9	3	5	1	18	1		2	2	11	
113	5	10	10	38	臺北市	士林區	士林區至善路1段與福林路254巷口口	25.09786269	121.5379999	0	0	2	3	8	6	5	3	2	1	5	4	5	13	3	1	1	4	5	2	16	1	7	1	7	1	8	1		1	3	4	
113	5	10	11	3	臺北市	中山區	中山區長安東路1段與林森北路口	25.0492896	121.5242114	0	0	1	3	8	7	5	4	1	1	5	4	5	13	4	4	9	4	5	2	13	1	9	1	5	1	10	1		2	2	11	
113	5	10	11	10	臺北市	北投區	北投區立賢路與承德路7段口	25.1160563	121.5047786	0	0	1	2	8	7	6	4	2	1	5	4	5	13	1	1	1	4	5	2	17	1	6	1	6	1	10	1		1	2	12	
113	5	10	11	25	臺北市	信義區	信義區光復南路與光復南路117巷口	25.0432197	121.5578137	0	0	1	2	8	6	5	14	9	1	5	4	5	13	4	4	1	4	5	2	18	1	9	1	5	1	11	1		2	2	14	
113	5	10	11	50	臺北市	大同區	大同區承德路2段與民權西路口	25.0627975	121.5185091	1	0	0	3	8	6	5	4	18	1	5	4	5	13	2	1	1	2	5	2	9	4	6	1	7	2	3	1		1	3	10	
113	5	10	12	9	臺北市	北投區	北投區中央北路4段601巷與大度路3段口	25.1237223	121.4642081	0	0	2	3	8	7	5	4	1	1	5	4	5	13	1	1	1	4	5	2	17	1	11	1	7	1	8	1		1	3	6	
113	5	10	12	11	臺北市	大安區	大安區信義路3段134巷與建國南路2段11巷口	25.0328117	121.5394647	0	0	1	2	8	6	5	3	1	1	5	4	5	13	4	4	10	5	5	2	17	1	9	1	5	1	10	1		1	3	15	
113	5	10	12	20	臺北市	內湖區	內湖區內湖路1段與內湖路1段288巷口	25.08204882	121.5683655	0	0	1	2	8	5	5	3	2	1	5	4	5	13	4	4	1	3	4	1	13	4	9	2	3	1	18	1		1	2	11	
113	5	10	12	32	臺北市	內湖區	內湖區麥帥一橋機車道內湖往松山	25.0540299	121.5753642	0	0	1	3	7	6	5	8	11	1	5	4	5	13	4	4	10	4	5	2	17	1	9	1	5	1	10	1		1	2	14	
113	5	10	12	35	臺北市	萬華區	萬華區成都路與康定路口	25.0434278	121.5031486	0	0	1	2	8	5	5	14	9	1	5	4	5	13	4	4	8	3	5	1	17	4	8	8	3	9	20	2		4	4	17	
113	5	10	12	52	臺北市	信義區	信義區基隆路2段149-35號	25.0266685	121.555261	0	0	1	3	8	7	5	14	9	1	5	4	5	13	4	4	3	4	5	2	12	1	7	1	5	2	10	1		1	3	12	
113	5	10	13	11	臺北市	中正區	中正區金門街24巷與汀州路2段178巷口	25.0228954	121.5214758	0	0	1	2	8	6	5	4	1	1	5	4	5	13	4	4	10	5	5	2	15	1	9	1	5	1	10	1		2	2	11	
113	5	10	13	21	臺北市	松山區	松山區南京東路4段與北寧路口	25.05158309	121.5527259	0	0	1	2	8	5	5	4	1	1	5	4	5	13	2	1	3	4	4	2	16	1	6	1	7	1	8	1		1	3	2	
113	5	10	13	23	臺北市	士林區	士林區士商路與基河路300巷口口	25.09296914	121.5181875	0	0	1	2	8	6	5	3	2	1	5	4	5	13	4	4	5	4	5	2	13	1	5	1	6	1	10	1		2	2	13	
113	5	10	13	49	臺北市	北投區	北投區文承路與文承路口文承承信路公車站牌	25.10487725	121.5130735	0	0	1	2	8	6	5	14	9	1	5	4	5	13	4	4	5	4	5	1	8	5	17	8	4	10	20	1		1	2	16	
113	5	10	13	50	臺北市	中山區	中山區北安路608巷與北安路608巷14弄口	25.0819294	121.5503301	0	0	2	2	8	6	5	4	1	1	5	4	5	13	2	1	10	5	5	2	15	4	9	1	5	1	10	1		2	2	12	
113	5	10	14	10	臺北市	中山區	中山區龍江路與龍江路55巷口	25.049526	121.5404605	0	0	1	2	8	6	5	5	1	1	5	4	5	13	4	4	9	4	5	2	16	1	5	1	5	1	10	1		2	3	11	
113	5	10	14	23	臺北市	中正區	中正區中山南路與凱達格蘭大道口	25.03939518	121.5175056	0	0	1	2	8	5	5	18	9	1	5	4	5	13	1	1	10	4	5	2	17	4	7	1	6	1	10	1		1	3	17	
113	5	10	14	28	臺北市	信義區	信義區市民大道5段與東興路口	25.0482013	121.5658227	0	0	1	2	8	7	5	4	1	1	5	4	5	13	2	1	3	4	5	2	16	1	5	1	3	2	8	1		2	3	2	
113	5	10	15	20	臺北市	信義區	信義區大道路與林口街口	25.0425286	121.581271	0	0	1	2	8	6	5	4	1	1	5	4	5	13	1	1	5	4	5	2	13	1	9	1	7	1	8	1		2	3	1	
113	5	10	15	43	臺北市	萬華區	萬華區康定路與廣州街口	25.03774251	121.4944687	0	0	1	2	7	6	8	4	2	1	5	4	5	13	2	1	5	4	5	1	9	4	9	1	3	9	2	1		1	3	17	
113	5	10	15	53	臺北市	信義區	信義區中坡北路與中坡北路15巷口口	25.0447165	121.5811087	0	0	2	2	8	7	5	5	1	1	5	4	5	13	2	1	1	4	5	2	17	1	9	1	6	2	10	1		2	2	11	
113	5	10	16	6	臺北市	內湖區	內湖區潭美街與安康路228巷口	25.0611664	121.6035797	0	0	2	2	8	6	5	3	1	1	5	4	5	13	2	1	5	5	5	2	17	1	5	1	6	2	10	1		2	2	11	
113	5	10	16	12	臺北市	中正區	中正區公園路與凱達格蘭大道口	25.0399383	121.5149048	0	0	1	2	8	7	5	4	2	1	5	4	5	13	1	1	9	4	5	1	13	1	8	1	7	2	8	1		1	3	1	
113	5	10	16	16	臺北市	文山區	文山區辛亥路4段與萬美街2段口	25.0061492	121.5580428	0	0	1	2	8	6	5	3	1	1	5	4	5	13	1	1	5	2	5	2	16	1	6	1	7	1	8	1		1	3	6	
113	5	10	16	25	臺北市	中正區	中正區杭州南路1段與忠孝東路2段口	25.0439839	121.5268419	0	0	1	2	8	7	5	4	1	1	5	4	5	13	1	1	10	5	5	2	17	1	5	1	5	1	10	1		1	2	13	
113	5	10	16	31	臺北市	大安區	大安區忠孝東路4段181巷10弄2號	25.0420998	121.5501293	0	0	2	2	8	6	5	14	9	1	5	4	5	13	4	4	10	5	5	2	16	4	5	1	6	1	10	1		2	2	14	
113	5	10	16	32	臺北市	信義區	信義區逸仙路北向南（市議會旁）	25.0384425	121.5614972	0	0	1	2	8	6	5	14	9	1	5	4	5	13	4	4	9	4	5	2	17	1	7	1	7	2	8	1		2	3	17	
113	5	10	16	58	臺北市	內湖區	內湖區南京東路6段西向東，公車站牌前	25.0560714	121.579813	0	0	1	2	8	6	5	14	9	1	5	4	5	13	4	4	1	4	5	2	12	1	7	1	7	1	8	1		2	3	2	
113	5	10	16	59	臺北市	文山區	文山區萬芳路與萬芳路26巷口口旁	24.9961252	121.5706176	0	0	1	2	8	6	5	3	1	1	5	4	5	13	4	4	10	5	5	2	17	1	5	1	7	1	8	1		1	3	5	
113	5	10	17	3	臺北市	北投區	北投區自強街31巷與自強街61巷口	25.1110797	121.512651	0	0	2	2	8	6	5	4	1	1	5	4	5	13	4	4	10	5	5	1	15	1	9	3	5	2	18	1		1	2	12	14
113	5	10	17	5	臺北市	中山區	中山區建國北路2段與建國北路2段151巷口	25.0618407	121.53727	0	0	1	2	7	7	5	3	1	1	5	4	5	13	4	4	10	5	5	2	17	1	6	1	7	1	8	1		2	3	17	
113	5	10	17	10	臺北市	中山區	中山區北安路與大直街口	25.0841744	121.5492471	0	0	1	2	8	5	5	4	2	1	5	4	5	13	2	1	3	4	5	2	17	4	6	1	3	1	10	1		1	3	12	
113	5	10	17	18	臺北市	文山區	文山區羅斯福路6段92巷與景仁街20巷口口	24.9981167	121.5398344	0	0	1	3	8	6	5	4	1	1	5	4	5	13	4	4	10	5	5	2	15	1	9	1	5	2	10	1		1	2	11	
113	5	10	17	30	臺北市	內湖區	內湖區內湖路3段60巷16號停車格	25.0870723	121.5922618	0	0	1	2	8	5	5	14	9	1	5	4	5	13	4	4	9	5	5	2	12	1	1	1	7	1	8	1		1	3	8	
113	5	10	17	30	臺北市	萬華區	萬華區萬板大橋往新北市機車道	25.0293042	121.4864015	0	0	1	2	7	6	5	14	11	1	5	4	5	13	4	4	10	3	5	1	17	4	9	1	3	1	10	1		1	2	15	
113	5	10	17	32	臺北市	中山區	中山區龍江路55巷口側附近	25.0495847	121.5404767	0	0	2	2	8	7	5	14	9	1	5	4	5	13	4	4	9	5	5	2	16	1	5	8	4	9	20	1		1	2	12	
113	5	10	17	35	臺北市	內湖區	內湖區成功路2段與民權東路6段口	25.06900329	121.5905034	0	0	2	3	8	6	5	4	2	1	5	4	5	13	4	4	3	4	5	2	17	1	7	1	6	1	10	1		1	2	14	
113	5	10	17	40	臺北市	中山區	中山區民權西路31號	25.062943	121.5209585	0	0	1	2	8	7	5	14	9	1	5	4	5	13	4	4	9	4	5	2	12	1	9	1	5	2	10	1		1	2	11	
113	5	10	17	41	臺北市	中正區	中正區南海路與南昌路1段口	25.0324572	121.5166029	0	0	1	2	8	7	5	4	2	4	5	4	5	13	1	1	1	4	5	2	17	1	8	1	5	2	10	1		1	2	14	
113	5	10	17	44	臺北市	北投區	北投區北投路1段與大業路280巷口口	25.1278646	121.5003922	0	0	1	2	8	5	5	4	2	1	5	4	5	13	2	1	4	4	5	2	17	1	15	1	6	1	10	1		2	2	11	
113	5	10	17	45	臺北市	松山區	松山區南京東路5段與三民路口	25.0513784	121.5635389	0	0	1	2	7	6	5	4	2	1	5	4	5	13	1	1	3	4	4	2	13	1	9	1	5	1	10	1		1	3	11	
113	5	10	17	46	臺北市	內湖區	內湖區成功路2段312巷30號	25.0671831	121.5891755	0	0	1	2	8	5	5	4	1	1	5	4	5	13	4	4	10	5	5	2	15	1	9	1	7	2	8	1		1	3	1	
113	5	10	17	58	臺北市	內湖區	內湖區東湖路24之1號	25.0686521	121.6130605	0	0	1	2	7	5	8	22	22	1	5	4	5	13	4	4	5	4	5	2	16	1	1	1	5	1	10	1		1	3	14	
113	5	10	18	7	臺北市	信義區	信義區松智路與松智路32巷口	25.0300203	121.5653145	0	0	1	2	8	6	5	4	1	1	5	4	5	13	4	4	9	5	5	2	17	1	5	1	7	1	8	1		2	3	1	
113	5	10	18	7	臺北市	萬華區	萬華區環河南路1段2號對面	25.0484763	121.5058858	0	0	1	2	8	7	5	14	9	1	5	4	5	13	4	4	9	5	5	2	17	1	9	1	5	1	10	1		1	2	12	
113	5	10	18	23	臺北市	南港區	南港區南港路1段與惠民街口	25.0549558	121.6102662	0	0	1	2	8	5	6	3	1	1	5	4	5	13	1	1	8	3	5	1	12	4	10	1	3	1	10	1		1	2	13	
113	5	10	18	26	臺北市	內湖區	內湖區舊宗路1段與行善路口	25.05894695	121.5803144	0	0	1	2	8	5	5	4	1	1	5	4	5	13	1	1	1	4	5	2	13	1	1	1	7	1	8	1		1	3	8	
113	5	10	18	39	臺北市	北投區	北投區大度路150巷與大度路口	25.1214623	121.4937313	0	0	3	4	8	5	5	3	1	1	5	4	5	13	2	1	3	3	4	2	11	1	7	1	7	2	3	1		1	2	1	
113	5	10	19	33	臺北市	萬華區	萬華區環河南路1段與峨眉街口	25.04480816	121.5015914	0	0	1	2	8	5	8	22	22	1	5	4	5	13	4	4	10	5	5	2	17	4	6	1	3	1	8	1		1	3	5	
113	5	10	19	47	臺北市	信義區	信義區虎林街164巷與虎林街164巷60弄口	25.0378366	121.5744571	0	0	2	3	8	5	5	4	2	1	5	4	5	13	4	4	10	5	5	2	17	1	9	1	5	1	10	1		1	2	12	
113	5	10	20	2	臺北市	北投區	北投區幽雅路與幽雅路5巷口	25.1373977	121.5127947	0	0	1	2	7	5	5	4	2	1	5	4	5	13	4	4	10	5	5	2	17	1	5	1	7	2	8	1		1	3	4	
113	5	10	20	6	臺北市	中正區	中正區重慶南路2段與重慶南路2段6巷口口	25.0343062	121.5128391	0	0	2	3	7	5	5	3	18	1	5	4	5	13	3	1	1	4	5	2	3	5	20	8	5	10	20	1		2	4	16	
113	5	10	20	25	臺北市	萬華區	萬華區西園路2段與西園路2段140巷口	25.0301305	121.4962359	0	0	2	5	8	5	5	4	2	1	5	4	5	13	2	1	1	5	5	2	9	4	13	7	3	10	19	1		1	3	15	
113	5	10	20	28	臺北市	士林區	士林區至善路2段41號對面	25.0977633	121.5459198	0	0	1	2	8	5	5	14	9	1	5	4	5	13	4	4	1	4	5	1	13	1	9	1	6	2	10	1		1	2	11	
113	5	10	20	39	臺北市	信義區	信義區松德路200巷與松德路180巷口	25.0346812	121.5734883	0	0	1	2	8	5	5	4	1	1	5	4	5	13	3	1	9	4	5	2	15	1	1	1	7	1	4	1		2	3	8	
113	5	10	20	51	臺北市	士林區	士林區福港街與承德路4段口	25.0899714	121.5184134	0	0	2	3	7	5	5	4	1	1	5	4	5	13	2	1	1	4	4	1	17	1	5	1	7	2	8	1		2	3	1	
113	5	10	21	18	臺北市	文山區	文山區景後街149巷與景興路口口	24.98995254	121.542787	0	0	1	2	8	5	5	3	1	1	5	4	5	13	4	4	10	5	5	2	16	1	5	1	7	1	8	1		1	3	4	
113	5	10	21	26	臺北市	中正區	中正區羅斯福路2段與羅斯福路2段2巷口	25.0291253	121.5206174	0	0	1	2	8	5	5	4	1	1	5	4	5	8	4	4	1	4	5	2	15	4	9	1	7	2	8	1		1	3	8	
113	5	10	22	0	臺北市	內湖區	內湖區民權東路6段46巷與民權東路6段口	25.06790808	121.5815931	0	0	1	2	8	5	5	4	1	1	5	4	5	13	2	1	1	4	5	2	16	1	5	1	7	2	8	1		2	3	2	
113	5	10	23	2	臺北市	南港區	南港區南港路2段140號	25.0533889	121.6010061	0	0	2	3	7	5	5	14	7	1	5	4	5	13	4	4	5	4	4	2	16	1	5	1	6	2	10	1		1	2	13	
113	5	10	23	17	臺北市	中正區	中正區中山南路與仁愛路1段口	25.03899646	121.5180951	0	0	2	2	7	5	5	5	1	1	5	4	5	13	1	1	1	4	1	2	12	1	9	1	5	2	10	1		1	2	12	
113	5	11	0	57	臺北市	松山區	松山區八德路3段155巷與八德路3段155巷20弄口	25.0492102	121.5550911	0	0	1	2	8	5	5	4	1	1	5	4	5	13	4	4	10	5	5	2	15	1	9	1	5	1	10	1		1	2	14	
113	5	11	1	47	臺北市	大安區	大安區大安路1段與大安路1段116巷口	25.0398734	121.5456708	0	0	1	3	7	5	5	4	1	1	5	4	5	13	3	1	5	4	5	2	15	4	9	1	3	1	4	1		1	3	8	
113	5	11	3	24	臺北市	士林區	士林區小西街與大南路口	25.0897822	121.5233658	0	0	2	2	8	5	5	4	1	1	5	4	5	8	4	4	10	5	5	2	15	4	9	1	3	1	10	1		1	2	12	
113	5	11	6	22	臺北市	文山區	文山區木柵路1段與木柵路1段378巷口	24.9886259	121.5573996	1	0	0	3	8	5	5	4	4	1	5	4	5	13	2	1	5	4	5	1	13	1	9	1	7	2	8	1		1	3	1	
113	5	11	6	51	臺北市	中山區	中山區民權東路2段86號	25.06264532	121.5313737	0	0	2	2	7	7	5	14	9	1	5	4	5	13	1	1	1	3	5	1	13	1	9	1	5	1	10	1		1	2	11	
113	5	11	8	2	臺北市	中正區	中正區師大路與汀州路3段口口	25.02087774	121.5252435	0	0	1	2	8	6	5	4	1	1	5	4	5	13	1	1	1	4	5	1	17	1	9	1	6	2	10	1		2	2	14	
113	5	11	8	22	臺北市	文山區	文山區木柵路1段331-3號前	24.9885934	121.5567609	0	0	1	7	8	7	5	14	9	1	5	4	5	13	4	4	5	4	5	2	12	1	9	1	5	2	10	1		1	2	12	
113	5	11	9	24	臺北市	中正區	中正區林森南路地下道	25.0333989	121.5186475	0	0	1	2	8	5	5	14	9	1	5	4	5	13	4	4	10	2	5	2	12	1	9	1	5	2	9	1		2	2	14	
113	5	11	9	40	臺北市	南港區	南港區同德路87號	25.0461288	121.5861528	0	0	1	2	8	6	5	14	9	1	5	4	5	13	4	4	5	5	5	2	17	4	13	1	3	1	4	1		1	3	7	
113	5	11	9	47	臺北市	大同區	大同區承德路3段與敦煌路口	25.0750758	121.5202455	0	0	2	2	8	6	5	4	1	1	5	4	5	13	1	1	1	4	5	2	17	1	6	1	6	1	10	1		1	2	12	