年	月	日	時	分	縣市	行政區	allLocation	GoogleLat	GoogleLng	死	2-30	受傷	當事人數	天候	道路照明設備	道路類別	道路型態	事故位置	路面狀況1	路面狀況2	路面狀況3	道路障礙1	道路障礙2	號誌1	號誌2	車道劃分-分向	車道劃分-分道1	車道劃分-分道2	車道劃分-分道3	事故類型及型態	行動電話	當事者行動狀態	駕駛資格情形	保護裝置	飲酒情形	駕駛執照種類	個人肇逃否	肇因碼-主要	性別	受傷程度	車輛撞擊部位1	車輛撞擊部位2
113	5	11	10	3	臺北市	文山區	文山區仙岩路79號	25.00036932	121.5506671	0	0	2	3	8	6	5	14	9	1	5	4	5	13	4	4	9	5	5	2	3	5	16	8	4	10	20	1		2	2	16	
113	5	11	10	30	臺北市	大安區	大安區辛亥路3段與芳蘭路口	25.0171403	121.5491693	0	0	3	3	8	7	5	4	1	1	5	4	5	13	2	1	1	4	1	1	17	1	9	6	6	1	18	1		1	2	12	
113	5	11	10	43	臺北市	大安區	大安區和平東路1段與溫州街口	25.0261205	121.5334242	0	0	3	3	8	6	5	3	2	1	5	4	5	13	2	1	1	4	5	2	17	1	9	1	5	1	10	1		1	2	11	
113	5	11	10	53	臺北市	文山區	文山區木柵路4段24-1號	24.9967193	121.5730123	0	0	1	2	8	6	5	14	9	1	5	4	5	13	4	4	5	4	5	2	17	4	6	1	3	1	4	1		1	3	2	
113	5	11	11	3	臺北市	中山區	中山區長安西路2號與中山北路1段口	25.0498867	121.5213705	0	0	2	2	8	6	5	5	2	1	5	4	5	13	2	1	8	3	5	1	12	1	9	6	6	1	18	1		1	2	11	
113	5	11	11	11	臺北市	北投區	北投區中央南路2段與承德路7段口	25.1211445	121.5001849	0	0	1	2	8	7	5	5	1	1	5	4	5	13	1	1	1	4	5	1	17	1	15	1	7	1	8	1		1	3	6	
113	5	11	11	34	臺北市	內湖區	內湖區成功路4段與成功路4段324巷口	25.0846668	121.5988743	0	0	1	2	7	6	5	4	1	1	5	4	5	13	1	1	1	4	5	2	12	1	9	1	7	1	8	1		1	3	5	
113	5	11	11	37	臺北市	信義區	信義區松壽路2號	25.0358299	121.5631212	0	0	1	2	8	7	5	14	9	1	5	4	5	13	4	4	9	4	5	2	16	4	6	1	3	2	8	1		1	3	2	
113	5	11	11	57	臺北市	內湖區	內湖區成功路2段325號前	25.07173757	121.5898391	0	0	1	2	8	6	5	4	2	1	5	4	5	13	2	1	1	4	5	2	17	1	6	1	7	1	8	1		1	3	5	
113	5	11	12	4	臺北市	大安區	大安區和平東路1段與和平東路1段104巷口	25.0267636	121.5249285	0	0	4	4	8	7	5	14	9	1	5	4	5	13	4	4	1	4	4	2	13	4	9	1	3	1	10	1		1	2	11	
113	5	11	12	10	臺北市	文山區	文山區木柵路4段與木柵路4段9巷口	24.992507	121.5713305	0	0	1	2	8	7	5	3	2	1	5	4	5	13	2	1	5	4	5	2	13	1	9	3	5	1	18	1		1	2	11	
113	5	11	12	13	臺北市	中正區	中正區忠孝東路1段43號	25.04429997	121.5258404	0	0	3	5	8	6	5	14	9	1	5	4	3	13	4	4	1	4	5	2	17	4	14	1	3	11	8	1		1	3	17	12
113	5	11	12	13	臺北市	萬華區	萬華區開封街2段與昆明街口	25.0468566	121.5059524	0	0	1	2	7	5	5	4	1	1	5	4	5	13	2	1	8	3	5	1	16	4	6	1	3	1	8	1		2	3	2	
113	5	11	13	22	臺北市	北投區	北投區紗帽路第1206510號燈桿	25.142938	121.5458743	0	0	1	2	8	6	5	14	9	1	5	4	5	13	4	4	4	5	5	1	17	1	1	1	7	2	8	1		1	3	17	
113	5	11	13	28	臺北市	中山區	中山區新生北路3段與德惠街口	25.06684211	121.5275412	0	0	1	2	7	7	5	4	1	1	5	4	5	13	1	1	1	3	5	1	16	1	7	1	5	1	10	1		1	2	14	
113	5	11	13	36	臺北市	大安區	大安區基隆路3段與長興街口	25.0171266	121.5443925	0	0	2	3	8	7	5	4	1	1	5	4	5	13	2	1	1	4	5	2	17	4	6	1	3	1	8	1		2	3	5	
113	5	11	13	50	臺北市	松山區	松山區新東街41-8號	25.06049628	121.5655971	0	0	1	2	8	5	5	14	9	1	5	4	5	13	4	4	9	4	5	2	13	1	9	3	5	1	18	1		2	2	11	
113	5	11	13	53	臺北市	中正區	中正區羅斯福路3段與新生南路3段口	25.0160888	121.5327966	0	0	1	2	7	6	5	4	1	1	5	4	5	13	1	1	3	4	5	2	16	1	7	1	7	2	8	1		1	3	5	
113	5	11	14	5	臺北市	南港區	南港區市民大道8段與研究院路1段口	25.0542757	121.6164355	0	0	1	2	8	6	5	5	1	1	5	4	5	13	2	1	1	4	5	2	16	1	6	1	7	1	8	1		1	3	6	
113	5	11	14	12	臺北市	信義區	信義區忠孝東路5段17號	25.0412123	121.5654284	0	0	1	2	7	5	5	14	9	1	5	4	5	13	4	4	1	4	5	1	13	1	9	1	7	1	8	1		1	3	1	
113	5	11	14	19	臺北市	中正區	中正區徐州路36號	25.0406361	121.523651	0	0	1	5	8	7	5	14	8	1	5	4	5	13	4	4	5	5	4	2	2	1	9	1	7	2	8	1		1	3	5	
113	5	11	14	24	臺北市	大同區	大同區大龍街與大龍街91巷口	25.0671157	121.515382	0	0	2	3	8	6	5	4	1	1	5	4	5	13	2	1	5	4	5	2	17	4	10	1	5	1	10	1		1	2	13	
113	5	11	14	28	臺北市	內湖區	內湖區康寧路3段與潭美街口	25.06384957	121.6110971	0	0	2	2	8	6	5	14	9	1	5	4	5	13	4	4	10	5	5	2	17	1	9	1	5	1	10	1		1	2	12	
113	5	11	15	19	臺北市	萬華區	萬華區寶興街與長泰街口	25.0218701	121.4959778	0	0	2	2	8	6	5	4	1	1	5	4	5	13	2	1	9	5	5	2	16	1	6	1	6	1	10	1		1	2	11	
113	5	11	15	38	臺北市	文山區	文山區和平東路4段與萬寧街口口	25.0052059	121.5675815	0	0	1	2	8	6	5	5	1	1	5	4	5	13	2	1	5	5	5	1	16	1	9	1	5	2	10	1		2	2	14	
113	5	11	15	53	臺北市	中山區	中山區大佳河濱公園與大佳河濱公園口停車場入口	25.07377312	121.5424515	0	0	1	3	8	5	5	3	1	1	5	4	5	13	4	4	5	5	5	2	15	1	15	1	7	1	8	1		1	3	5	
113	5	11	15	59	臺北市	萬華區	萬華區中興橋機車道往台北市下橋處	25.0431011	121.5008788	0	0	2	3	8	6	5	8	11	1	5	4	5	13	4	4	10	5	5	2	17	4	9	1	3	1	10	1		1	2	12	
113	5	11	16	27	臺北市	士林區	士林區基河路與基河路251巷口	25.0913579	121.5215142	0	0	2	2	8	7	5	4	1	1	5	4	5	13	1	1	10	5	5	2	17	4	6	1	3	1	10	1		2	2	13	
113	5	11	16	48	臺北市	中正區	中正區中華路2段307巷與中華路2段315巷5弄口	25.0292288	121.5059001	0	0	1	4	8	7	5	4	1	1	5	4	3	10	4	4	5	5	5	2	15	1	9	1	6	1	10	1		2	2	12	
113	5	11	17	0	臺北市	士林區	士林區中山北路6段與中山北路6段450巷口	25.114357	121.5273703	0	0	1	3	8	6	5	4	2	1	5	4	5	13	1	1	1	4	5	2	17	4	9	1	3	11	8	2		1	3	2	
113	5	11	17	2	臺北市	中正區	中正區貴陽街1段與懷寧街口	25.0386919	121.5134869	0	0	1	2	8	5	5	3	2	1	5	4	5	13	4	4	5	4	5	2	13	1	9	1	5	1	10	1		1	2	11	
113	5	11	18	0	臺北市	中正區	中正區館前路與許昌街口	25.0456027	121.5150289	0	0	1	2	7	6	5	14	9	1	5	4	5	13	1	1	10	4	5	2	17	1	9	1	7	2	8	1		1	3	17	
113	5	11	18	13	臺北市	中山區	中山區長安東路2段212號	25.0482487	121.5421947	0	0	1	3	7	6	5	14	9	1	5	4	5	13	2	1	9	4	5	2	16	1	5	1	6	1	10	1		2	2	11	
113	5	11	18	34	臺北市	萬華區	萬華區西園路2段246號	25.02805752	121.4949853	0	0	2	4	8	5	8	22	22	1	5	4	5	13	4	4	10	5	5	2	17	4	1	1	3	1	8	1		1	3	17	
113	5	11	18	40	臺北市	士林區	士林區德行東路與德行東路46巷口	25.1069498	121.5262449	0	0	1	2	8	5	5	14	9	1	5	4	5	13	4	4	9	4	5	1	16	1	5	1	5	1	10	1		2	2	14	
113	5	11	18	46	臺北市	中正區	中正區汀州路3段與汀州路3段104巷口	25.0144076	121.5330491	0	0	1	3	8	5	5	3	1	1	5	4	3	10	4	4	10	5	5	2	17	1	1	1	7	1	8	1		1	3	1	
113	5	11	18	55	臺北市	萬華區	萬華區中華路2段與大埔街口	25.0323449	121.5046933	0	0	1	2	8	5	5	4	1	1	5	4	5	13	2	1	8	3	5	1	16	4	5	1	3	1	8	1		1	3	1	
113	5	11	19	15	臺北市	大同區	大同區西寧北路與長安西路口	25.0519267	121.5085874	0	0	1	2	7	5	5	4	1	1	5	4	5	13	2	1	4	4	5	2	13	4	9	1	3	1	8	1		1	3	1	
113	5	11	19	19	臺北市	內湖區	內湖區成功路2段169號	25.0661301	121.590706	0	0	1	2	8	5	5	14	9	1	5	4	5	13	1	1	1	5	5	2	17	1	7	1	6	2	10	1		2	2	14	
113	5	11	19	43	臺北市	士林區	士林區延平北路7段145巷與延平北路7段口	25.0981718	121.4933071	0	0	1	2	7	5	5	4	2	1	5	4	5	13	1	1	9	4	5	1	16	4	5	1	3	2	8	1		1	3	5	
113	5	11	20	0	臺北市	中山區	中山區民權東路3段8-1號	25.0622335	121.5399158	0	0	1	2	8	5	5	14	9	1	5	4	5	13	4	4	3	4	5	2	12	1	9	1	6	6	10	1		2	2	12	
113	5	11	22	25	臺北市	士林區	士林區中山北路6段405巷與中山北路6段口	25.1150705	121.5277706	0	0	1	2	8	5	5	4	1	1	5	4	5	13	1	1	10	1	5	1	16	1	5	1	5	1	10	1		2	2	14	
113	5	11	22	57	臺北市	大同區	大同區民權西路與蘭州街口	25.0630692	121.5149602	0	0	1	2	8	5	5	4	2	1	5	4	5	13	2	1	1	4	5	2	13	4	21	1	3	11	7	1		1	4	3	
113	5	11	23	4	臺北市	大同區	大同區延平北路4段與重慶北路3段312巷口	25.0740679	121.5115365	0	0	1	2	8	5	5	4	1	1	5	4	5	13	2	1	5	4	5	2	16	1	6	1	5	2	10	1		1	3	13	
113	5	11	23	39	臺北市	大同區	大同區市民高架道往西(6511014號燈桿)	25.0503711	121.5096417	0	0	2	4	7	5	5	10	7	1	5	4	5	13	4	4	10	5	5	2	13	4	9	1	6	1	9	1		1	2	11	
113	5	12	1	56	臺北市	萬華區	萬華區中華路1段與武昌街2段口	25.0442158	121.5089669	0	0	1	2	8	5	5	4	1	1	5	4	5	13	2	1	1	4	1	2	17	1	5	1	6	1	10	1		1	3	17	
113	5	12	6	29	臺北市	士林區	士林區至善路2段與至善路2段口中影文化城公車站	25.0970508	121.5446422	0	0	2	2	8	6	5	3	2	1	5	4	5	13	2	1	1	4	4	2	12	4	21	1	3	5	10	1		1	2	12	
113	5	12	6	33	臺北市	萬華區	萬華區中華路1段178號	25.03901662	121.507226	0	0	1	2	8	7	5	14	9	1	5	4	5	13	4	4	1	4	5	2	23	1	9	1	5	8	10	1		1	2	11	
113	5	12	9	21	臺北市	萬華區	萬華區環河南路2段250巷33弄3號	25.03399808	121.4896113	0	0	1	2	8	6	5	14	9	1	5	4	5	13	4	4	9	4	5	2	17	1	9	1	5	1	10	1		1	2	11	14
113	5	12	9	50	臺北市	文山區	文山區木新路3段與一壽街口口	24.9805797	121.5563527	0	0	2	3	8	7	5	3	1	1	5	4	5	13	1	1	10	5	5	2	12	1	15	1	5	1	10	1		1	2	13	
113	5	12	9	55	臺北市	中正區	中正區貴陽街1段2號	25.0382298	121.5168002	0	0	2	3	8	6	5	14	9	1	5	4	5	13	4	4	10	5	5	2	16	1	9	1	6	2	10	1		1	2	11	
113	5	12	10	13	臺北市	北投區	北投區中央南路1段與光明路72巷口	25.1322956	121.5013627	0	0	1	2	8	7	5	3	2	1	5	4	5	13	4	4	9	5	5	1	16	1	5	1	6	1	10	1		1	3	11	
113	5	12	10	55	臺北市	中正區	中正區臨沂街與臨沂街63巷口	25.03664659	121.5287033	0	0	1	2	8	7	5	4	1	1	5	4	5	13	4	4	10	5	5	2	15	1	9	8	4	2	20	1		2	2	11	
113	5	12	10	55	臺北市	士林區	士林區忠誠路2段與忠誠路2段207巷口	25.1164607	121.5342212	0	0	1	2	8	6	5	4	2	1	5	4	5	13	2	1	1	4	4	1	17	1	6	1	7	1	8	1		2	3	2	
113	5	12	11	6	臺北市	中正區	中正區中山南路20號	25.04766273	121.5209503	0	0	1	2	8	5	5	14	8	1	5	4	5	13	4	4	1	4	1	2	13	1	9	1	6	2	10	1		1	2	11	
113	5	12	11	21	臺北市	北投區	北投區新民路與新民路62巷口	25.1401429	121.5108842	0	0	1	2	8	7	5	3	2	1	5	4	5	13	4	4	5	5	5	1	16	1	5	1	7	9	8	1		1	3	8	
113	5	12	11	45	臺北市	中山區	中山區民權西路60號	25.06276903	121.5205702	0	0	1	2	8	6	5	14	9	1	5	4	5	13	4	4	3	4	4	2	12	1	8	1	5	9	10	1		2	2	12	
113	5	12	11	49	臺北市	大安區	大安區仁愛路3段與新生南路1段口	25.0377774	121.5329343	0	0	3	3	8	6	5	4	4	1	5	4	5	13	2	1	1	4	5	2	13	1	15	1	5	2	10	1		1	2	11	
113	5	12	12	19	臺北市	士林區	士林區德行東路229巷1號對面	25.10959324	121.5331453	0	0	1	3	8	6	5	14	9	1	5	4	3	10	4	4	10	5	5	1	17	1	1	1	7	1	8	1		2	3	8	
113	5	12	13	0	臺北市	大同區	大同區重慶北路3段與民權西路口	25.0632096	121.5135147	0	0	2	3	8	6	5	4	1	1	5	4	5	13	1	1	1	4	5	2	17	1	6	1	7	2	8	1		1	3	1	
113	5	12	13	9	臺北市	大安區	大安區信義路3段134巷與建國南路2段69巷口	25.0312262	121.5393999	0	0	2	2	8	7	5	4	1	1	5	4	5	13	2	1	8	3	5	1	12	1	9	1	6	1	10	1		1	2	14	
113	5	12	13	24	臺北市	士林區	士林區光華路61巷4弄NO.1108327燈桿	25.12684633	121.5423813	0	0	1	2	8	6	5	11	9	1	5	4	5	13	4	4	10	5	5	1	11	1	9	1	7	1	8	1		1	3	4	
113	5	12	13	35	臺北市	大同區	大同區鄭州路與西寧北路口	25.0504241	121.5081283	0	0	1	2	8	5	5	4	1	1	5	4	5	13	2	1	9	4	5	1	16	4	9	1	3	1	8	1		2	3	2	
113	5	12	13	50	臺北市	文山區	文山區興隆路3段與興隆路3段229巷口	24.99349876	121.5590951	0	0	1	2	8	6	5	3	1	1	5	4	5	13	2	1	10	5	5	2	3	1	5	1	7	2	1	1		1	3	8	
113	5	12	14	0	臺北市	松山區	松山區復興北路223號	25.0564649	121.5441906	0	0	2	3	8	6	5	14	9	1	5	4	5	13	4	4	1	4	5	2	17	1	7	1	7	1	4	1		1	3	8	
113	5	12	14	17	臺北市	中山區	中山區興安街55號	25.05610993	121.541803	0	0	1	2	8	5	5	14	9	1	5	4	5	13	4	4	9	5	5	2	16	1	1	1	6	2	10	1		1	2	14	
113	5	12	14	19	臺北市	大安區	大安區忠孝東路4段(捷運忠孝敦化站七號出口)	25.04156381	121.5498549	0	0	1	4	8	6	8	14	9	1	5	4	5	13	4	4	9	5	5	2	17	1	10	1	7	9	4	2		1	3	17	
113	5	12	14	32	臺北市	南港區	南港區重陽路203巷與松河街口	25.0583102	121.5999823	0	0	2	4	8	6	5	14	9	1	5	4	5	13	4	4	4	5	5	2	16	1	7	1	5	1	10	1		1	2	11	
113	5	12	15	19	臺北市	松山區	松山區南京東路3段282巷16號	25.05101638	121.5456792	0	0	1	2	8	6	5	14	9	1	5	4	5	13	4	4	10	5	5	2	12	4	1	1	7	1	8	1		1	3	4	
113	5	12	15	30	臺北市	中正區	中正區林森南路1號	25.0445394	121.5233482	0	0	2	2	8	6	5	14	9	1	5	4	5	13	1	1	5	4	5	2	3	5	16	8	4	10	20	1		2	2	16	
113	5	12	15	31	臺北市	南港區	南港區研究院路1段與研究院路1段151巷口	25.0491641	121.6158848	0	0	1	2	8	6	5	3	1	1	5	4	5	13	2	1	3	4	5	2	16	4	6	1	3	1	8	1		2	3	2	
113	5	12	15	40	臺北市	北投區	北投區大度路3段1205134號燈桿	25.12298389	121.4711225	0	0	2	4	7	7	5	14	7	1	5	4	5	13	4	4	1	4	4	2	13	1	9	1	5	1	9	1		1	2	11	
113	5	12	15	43	臺北市	信義區	信義區大道路與中坡南路168巷口	25.0389018	121.5833986	0	0	1	2	7	6	5	3	1	1	5	4	5	13	4	4	9	5	5	2	17	1	9	1	5	2	10	1		1	2	14	
113	5	12	17	0	臺北市	萬華區	萬華區成都路98號	25.0429859	121.504934	0	0	2	3	7	6	5	14	9	1	5	4	5	13	4	4	10	4	5	2	16	4	8	1	3	1	8	1		2	3	4	
113	5	12	18	10	臺北市	內湖區	內湖區金湖路與康寧路1段口	25.0790083	121.599596	0	0	2	2	6	5	5	3	1	1	4	4	5	13	1	1	1	5	4	2	16	1	5	1	6	9	10	1		1	2	11	
113	5	12	18	34	臺北市	大同區	大同區延平北路4段175號對面	25.0735989	121.5113747	1	0	1	2	6	5	5	14	9	1	4	4	5	13	4	4	5	4	5	2	3	5	16	8	4	10	20	1		1	1	16	
113	5	12	19	5	臺北市	中山區	中山區松江路133巷與南京東路2段115巷口	25.0543609	121.533639	0	0	2	2	6	5	5	4	1	1	4	4	5	13	4	4	10	5	5	2	15	1	9	1	6	1	10	1		1	2	11	
113	5	12	19	5	臺北市	士林區	士林區中山北路6段188號	25.1076537	121.5251149	0	0	1	2	8	5	8	14	9	1	5	4	5	13	4	4	1	4	5	2	12	1	9	1	7	1	8	1		1	3	2	
113	5	12	19	17	臺北市	萬華區	萬華區漢中街與長沙街2段口	25.0406599	121.5065143	0	0	1	3	6	5	5	3	1	1	4	4	5	13	1	1	5	5	5	2	17	1	5	1	6	1	10	1		2	3	11	
113	5	12	19	28	臺北市	南港區	南港區興中路28巷與興華路口	25.0552707	121.6059194	0	0	1	2	6	5	5	4	1	1	4	4	5	13	2	1	4	3	5	1	2	4	5	1	3	2	8	1		1	3	1	
113	5	12	19	35	臺北市	中正區	中正區愛國東路與杭州南路1段口	25.032803	121.5219131	0	0	2	2	6	7	6	4	2	1	4	4	5	13	2	1	3	4	4	1	2	1	5	1	6	2	10	1		1	2	11	
113	5	12	19	40	臺北市	北投區	北投區泉源路16號第二停車場出入口	25.1388819	121.5053583	0	0	1	2	6	5	5	14	9	1	4	4	5	13	4	4	9	5	5	2	17	1	1	1	7	9	8	2		1	3	17	
113	5	12	19	46	臺北市	內湖區	內湖區基湖路3巷與洲子街口	25.0811428	121.5658947	0	0	1	2	6	5	5	3	1	1	4	4	5	13	4	4	5	5	5	2	16	1	5	1	7	1	8	1		1	3	6	
113	5	12	19	55	臺北市	士林區	士林區中山北路6段35巷與福國路口	25.10230061	121.5247052	0	0	1	2	6	5	5	3	2	1	4	4	5	13	1	1	10	4	5	1	17	1	6	1	7	1	8	1		1	3	4	
113	5	12	20	35	臺北市	大安區	大安區仁愛路4段300巷與仁愛路4段300巷19弄口	25.0362733	121.5545701	0	0	1	2	6	5	5	4	2	1	4	4	5	13	4	4	10	5	5	2	3	4	6	1	3	1	4	1		1	3	8	
113	5	12	20	37	臺北市	大安區	大安區文昌街與文昌街250巷口	25.0322841	121.5556147	0	0	1	2	7	5	5	4	1	1	4	4	5	13	4	4	9	5	5	1	16	4	5	7	3	9	19	2		1	4	15	
113	5	12	21	3	臺北市	南港區	南港區東新街60號對面停車場出入口	25.0474535	121.5857434	0	0	1	2	6	5	7	14	9	1	4	4	5	13	4	4	9	5	5	2	16	4	9	1	3	2	8	1		1	3	8	
113	5	12	21	19	臺北市	中山區	中山區明水路439巷巷與明水路口	25.0774489	121.5492899	0	0	1	2	6	5	5	3	2	1	4	4	5	13	4	4	3	4	5	2	12	1	9	1	5	1	10	1		1	2	14	
113	5	12	21	24	臺北市	南港區	南港區忠孝東路7段325巷與市民大道8段口	25.0529782	121.6054365	0	0	1	2	6	5	5	3	18	1	4	4	5	13	2	1	1	3	5	2	2	4	6	1	3	2	8	1		1	3	1	
113	5	12	22	1	臺北市	中山區	中山區長春路與長春路258巷口	25.05467688	121.5390326	0	0	1	2	6	5	5	4	18	1	4	4	5	13	2	1	5	4	4	2	2	5	16	8	4	10	20	1		2	2	16	
113	5	12	22	30	臺北市	中山區	中山區北安路與大直街口	25.08413222	121.5492716	0	0	1	2	6	5	5	4	1	1	4	4	5	13	1	1	3	4	5	2	17	1	5	1	7	1	8	1		2	3	17	
113	5	12	22	50	臺北市	中山區	中山區林森北路與民族東路口側附近口	25.0683827	121.5257165	0	0	2	2	6	5	5	3	1	1	4	4	5	13	1	2	5	4	5	2	17	4	5	1	3	1	10	1		1	2	12	
113	5	12	23	0	臺北市	中正區	中正區館前路與開封街1段口	25.0460098	121.515011	0	0	2	2	6	5	5	3	2	1	4	4	5	13	4	4	10	4	5	2	1	1	9	1	6	1	10	1		1	2	11	
113	5	13	7	45	臺北市	大安區	大安區市民大道4段70號	25.0449113	121.5473791	0	0	2	3	8	6	5	14	9	1	5	4	1	13	4	4	8	4	5	1	13	1	9	1	6	1	10	1		1	2	11	
113	5	13	7	55	臺北市	中山區	中山區中山北路3段181號	25.0726406	121.5240934	0	0	2	3	8	7	5	14	9	1	5	4	5	13	4	4	5	4	5	2	17	1	9	1	6	1	10	1		1	2	14	
113	5	13	7	55	臺北市	內湖區	內湖區民權東路6段101號	25.06907314	121.5896254	0	0	1	2	7	6	5	14	9	1	5	4	5	13	4	4	1	4	5	2	17	1	6	1	7	2	8	1		1	3	17	
113	5	13	8	5	臺北市	松山區	松山區民生東路5段與民生東路5段69巷口	25.05852147	121.5582834	0	0	2	2	6	5	5	4	1	1	4	4	5	13	2	1	1	4	5	2	17	1	5	1	5	1	10	1		1	2	11	
113	5	13	8	15	臺北市	文山區	文山區老泉街089燈桿	24.97819147	121.5614892	0	0	1	2	6	6	5	11	9	1	4	4	5	13	4	4	10	5	5	2	18	1	9	1	5	9	10	1		2	2	14	
113	5	13	8	28	臺北市	中山區	中山區民權東路2段與建國北路2段口	25.0623159	121.5369907	0	0	1	2	8	6	5	14	9	1	5	4	5	13	2	1	9	4	5	2	13	1	9	1	3	2	10	1		1	2	11	
113	5	13	8	30	臺北市	萬華區	萬華區廣州街275號	25.0367779	121.4959765	0	0	1	2	7	6	5	14	9	1	5	4	5	13	4	4	5	5	5	2	3	5	16	8	4	10	20	1		1	2	16	
113	5	13	8	39	臺北市	大同區	大同區民權西路與重慶北路2段口	25.0629008	121.5131913	0	0	1	2	7	6	5	4	2	1	5	4	5	13	4	4	8	3	5	1	12	4	9	1	3	1	10	1		2	3	12	
113	5	13	8	53	臺北市	中山區	中山區中山北路1段與南京西路口	25.0521538	121.5225025	0	0	1	2	7	5	5	4	1	1	5	4	5	13	1	1	1	4	5	2	12	1	8	1	6	1	10	1		1	3	12	
113	5	13	8	59	臺北市	士林區	士林區天母東路與天母東路69巷口	25.1181586	121.5345938	0	0	1	2	7	7	5	4	2	1	5	4	5	13	2	1	9	4	5	1	17	1	9	1	5	2	10	1		2	2	11	
113	5	13	9	0	臺北市	南港區	南港區重陽路與重陽路187巷口口	25.0565904	121.5990286	0	0	1	2	7	5	5	3	1	1	5	4	5	13	1	1	4	3	4	2	13	1	9	1	5	1	10	1		1	2	11	
113	5	13	9	10	臺北市	士林區	士林區文林路與雙溪街口	25.0997041	121.5233838	0	0	1	2	7	7	5	5	1	1	4	4	5	13	2	1	4	5	4	1	17	1	5	1	7	1	2	1		1	3	2	
113	5	13	9	15	臺北市	信義區	信義區基隆路2段79巷17弄2號	25.0299577	121.5595593	0	0	1	2	8	7	5	14	9	1	5	4	5	13	4	4	10	5	5	2	10	4	15	1	3	1	10	1		1	2	11	
113	5	13	9	18	臺北市	中正區	中正區羅斯福路3段與羅斯福路3段140巷口	25.0202814	121.5284722	0	0	1	2	7	6	5	3	2	1	5	4	5	13	4	4	3	4	5	2	16	1	6	1	5	2	10	1		2	2	14	
113	5	13	9	20	臺北市	北投區	北投區中央北路4段與自立路口側附近口	25.12605175	121.4655303	0	0	1	2	7	6	5	4	2	1	4	4	5	13	2	1	8	3	5	2	13	1	9	1	7	1	8	1		2	3	1	
113	5	13	10	0	臺北市	中山區	中山區自強隧道(外)北往南出口往大直	25.08666336	121.5490255	0	0	1	3	8	7	5	14	9	1	5	4	5	13	4	4	7	4	5	2	12	1	9	1	6	1	10	1		1	2	14	
113	5	13	10	19	臺北市	士林區	士林區延平北路7段106巷與延平北路7段106巷94弄口	25.0990472	121.4962508	0	0	2	3	7	7	5	3	1	1	5	4	5	13	4	4	10	5	5	1	17	1	9	1	6	1	10	2		4	2	12	
113	5	13	10	55	臺北市	中山區	中山區建國北路2段與興安街口	25.05616471	121.5371536	0	0	1	2	7	5	5	4	1	1	5	4	5	13	1	1	1	4	5	2	16	1	6	1	7	1	8	1		1	3	2	
113	5	13	11	50	臺北市	中山區	中山區北安路569號	25.08083997	121.5483408	0	0	1	2	8	7	5	14	9	1	5	4	5	13	4	4	9	4	5	2	9	1	1	1	7	1	2	1		1	3	2	
113	5	13	11	56	臺北市	信義區	信義區松高路與忠孝東路5段22巷口	25.0391941	121.5661723	0	0	1	2	7	6	5	3	2	1	5	4	5	13	1	1	4	3	5	2	16	4	5	1	3	1	8	1		1	3	8	
113	5	13	12	15	臺北市	南港區	南港區研究院路2段與研究院路2段12巷口	25.0476836	121.6156665	0	0	1	2	6	7	5	3	1	1	4	4	5	13	2	1	1	2	5	2	16	1	5	1	5	1	10	1		2	2	12	
113	5	13	12	28	臺北市	文山區	文山區木柵路3段與萬壽橋口	24.991582	121.57116	0	0	1	2	6	7	5	4	1	1	4	4	5	13	2	1	10	5	5	2	16	1	6	1	7	1	8	1		1	3	2	
113	5	13	12	50	臺北市	士林區	士林區芝玉路1段33號	25.10202593	121.5368962	0	0	1	2	6	7	5	14	9	1	4	4	5	13	4	4	10	5	5	1	17	1	4	1	6	1	10	1		1	3	12	
113	5	13	12	52	臺北市	萬華區	萬華區西園路2段與東園街口	25.0283376	121.4950885	0	0	2	2	7	6	5	3	2	1	5	4	5	13	1	1	1	3	5	1	17	4	9	3	3	1	18	1		2	2	11	
113	5	13	13	10	臺北市	中正區	中正區中山南路與青島東路口	25.0444304	121.5193884	0	0	2	2	7	5	5	4	1	1	5	4	5	13	1	1	1	4	5	2	13	1	9	1	6	1	10	1		1	2	11	
113	5	13	13	10	臺北市	中正區	中正區中華路1段與延平南路口	25.04723942	121.5100741	0	0	2	3	7	6	5	3	2	1	5	4	5	13	4	4	1	4	5	2	17	1	6	1	2	2	8	1		1	3	2	
113	5	13	13	27	臺北市	內湖區	內湖區金湖路北向南第61停車格前	25.07592	121.6009182	0	0	1	2	6	7	5	14	8	1	4	4	5	13	4	4	1	5	4	2	17	1	1	1	7	1	17	1		1	3	17	
113	5	13	13	41	臺北市	松山區	松山區南京東路5段298號	25.0512853	121.5675497	0	0	1	2	6	6	8	22	22	1	4	4	5	13	4	4	1	4	4	2	17	1	6	1	7	2	8	1		1	2	7	8
113	5	13	13	52	臺北市	松山區	松山區光復北路181號	25.05849308	121.5551889	0	0	1	2	7	6	5	14	8	1	4	4	5	13	4	4	9	4	4	1	17	1	8	1	6	1	10	1		1	3	13	
113	5	13	14	1	臺北市	北投區	北投區石牌路2段與石牌路2段75巷口	25.1167159	121.5161408	0	0	1	2	6	6	5	14	9	1	4	4	5	13	1	1	9	4	5	2	16	1	5	1	5	1	10	1		2	2	12	
113	5	13	14	4	臺北市	萬華區	萬華區桂林路242巷與桂林路228巷11弄口	25.0384206	121.4954692	0	0	1	2	7	5	5	5	1	1	5	4	5	13	1	1	1	3	5	1	16	4	5	1	3	1	8	1		1	3	4	