年	月	日	時	分	縣市	行政區	allLocation	GoogleLat	GoogleLng	死	2-30	受傷	當事人數	天候	道路照明設備	道路類別	道路型態	事故位置	路面狀況1	路面狀況2	路面狀況3	道路障礙1	道路障礙2	號誌1	號誌2	車道劃分-分向	車道劃分-分道1	車道劃分-分道2	車道劃分-分道3	事故類型及型態	行動電話	當事者行動狀態	駕駛資格情形	保護裝置	飲酒情形	駕駛執照種類	個人肇逃否	肇因碼-主要	性別	受傷程度	車輛撞擊部位1	車輛撞擊部位2
113	5	13	14	8	臺北市	內湖區	內湖區金豐街與石潭路口	25.06352832	121.590414	0	0	1	2	6	6	5	4	1	1	4	4	5	13	2	1	9	4	5	2	15	2	9	1	7	2	8	1		1	3	5	
113	5	13	14	28	臺北市	文山區	文山區景福街與景福街242巷口口	24.99357298	121.5397516	0	0	1	2	7	6	5	3	1	1	5	4	5	13	4	4	10	5	5	2	17	1	6	1	7	2	8	1		1	3	1	
113	5	13	14	55	臺北市	士林區	士林區福林路與忠勇街口	25.0979097	121.5342492	0	0	1	3	7	6	5	4	2	1	5	4	5	13	2	1	5	4	5	2	17	1	13	1	7	1	8	1		1	3	17	
113	5	13	16	18	臺北市	內湖區	內湖區民權東路6段126號	25.0689698	121.5875106	0	0	1	2	7	7	5	14	8	1	4	4	5	13	1	1	1	3	1	2	17	1	6	1	6	1	10	1		2	2	12	
113	5	13	16	21	臺北市	信義區	信義區松仁路38號與松仁路口寒舍艾美酒店前	25.0385065	121.5682974	0	0	1	2	6	6	5	3	1	1	4	4	5	13	4	4	1	4	5	2	16	1	6	1	7	2	4	1		1	3	5	
113	5	13	16	26	臺北市	士林區	士林區洲美快速道路013號電燈桿	25.0955527	121.4971992	0	0	1	3	7	6	5	8	9	1	5	4	5	13	4	4	2	3	5	1	17	1	9	1	6	1	9	1		1	2	11	
113	5	13	16	29	臺北市	士林區	士林區中正路與中正路口西向東近基河路	25.09289132	121.5194992	0	0	1	2	8	6	5	14	7	1	5	4	5	13	4	4	1	4	4	1	12	1	8	8	4	1	20	1		2	2	14	
113	5	13	17	3	臺北市	信義區	信義區松德路39號	25.0389969	121.5771797	0	0	1	2	8	7	5	14	9	1	5	4	5	13	4	4	9	4	5	2	9	1	9	1	7	11	8	2		1	3	2	
113	5	13	17	5	臺北市	中正區	中正區中山南路與愛國東路口	25.0349333	121.5168038	0	0	1	2	6	5	5	4	2	1	4	4	5	13	1	1	5	4	1	2	17	1	9	1	5	9	10	2		1	3	17	
113	5	13	17	10	臺北市	大同區	大同區民權西路與承德路3段口(西北角）	25.0630049	121.5178561	0	0	1	2	7	6	5	4	2	1	4	4	5	13	4	4	8	3	5	1	12	4	9	1	3	1	8	1		1	3	2	
113	5	13	17	16	臺北市	中山區	中山區中山北路2段與民權東路1段口	25.06265051	121.522807	0	0	1	3	8	7	5	4	2	1	5	4	5	13	4	4	3	4	5	2	17	1	9	1	6	1	10	1		1	2	14	
113	5	13	17	46	臺北市	內湖區	內湖區安康路與五分街口	25.06733046	121.6152473	0	0	2	2	6	6	5	4	1	1	4	4	5	13	4	4	9	5	5	2	15	1	9	3	6	1	18	1		2	2	12	
113	5	13	18	48	臺北市	北投區	北投區中央北路3段與中央北路3段40巷口	25.1381972	121.4855118	0	0	1	2	6	5	5	3	2	1	4	4	5	13	2	1	5	4	5	2	12	1	7	1	5	1	9	1		2	2	14	
113	5	13	19	13	臺北市	大同區	大同區承德路2段2號	25.0550236	121.5180584	0	0	1	2	7	5	5	14	9	1	4	4	5	13	4	4	1	4	5	2	17	4	14	1	3	1	4	1		1	3	7	
113	5	13	19	25	臺北市	中正區	中正區重慶南路3段137號	25.0234462	121.5170412	0	0	1	2	7	5	5	14	9	1	5	4	5	13	4	4	3	4	5	2	12	1	9	1	5	2	10	1		1	3	12	
113	5	13	19	32	臺北市	中正區	中正區南海路與和平西路2段口	25.0303497	121.5090756	0	0	2	4	7	5	5	4	2	1	5	4	5	13	1	1	5	4	5	2	12	1	7	1	5	1	10	1		1	2	12	
113	5	13	19	44	臺北市	萬華區	萬華區西園路1段194號對面	25.0359195	121.4994787	0	0	2	3	8	5	5	14	9	1	5	4	5	13	4	4	1	4	5	2	13	4	9	1	5	1	10	1		1	2	11	
113	5	13	19	59	臺北市	中正區	中正區羅斯福路1段與寧波西街口	25.0316329	121.5189783	1	0	3	5	8	5	5	4	1	1	5	4	5	13	1	1	1	4	4	2	13	1	9	1	5	2	10	1		1	2	11	
113	5	13	20	24	臺北市	文山區	文山區木柵路4段153號	24.9988284	121.5750512	0	0	1	2	7	6	5	14	9	1	5	4	5	13	1	1	5	4	5	2	12	1	1	1	7	1	8	1		1	3	5	
113	5	13	20	34	臺北市	中山區	中山區南京東路2段與南京東路口側附近2段21巷口	25.0521666	121.5285578	0	0	1	2	6	5	5	3	2	1	4	4	5	13	1	1	1	4	4	2	17	4	9	1	5	1	10	1		2	2	17	
113	5	13	21	2	臺北市	松山區	松山區南京東路5段123巷與南京東路5段59巷27弄口	25.05254349	121.5607984	0	0	1	2	6	5	5	4	1	1	4	4	5	13	4	4	10	5	5	2	11	1	15	8	4	1	20	1		2	2	12	
113	5	13	21	35	臺北市	內湖區	內湖區內湖路1段與內湖路1段437巷口	25.08118192	121.5721871	0	0	1	2	6	5	5	3	2	1	4	4	5	13	1	1	1	4	4	2	17	1	8	1	7	1	8	1		1	3	17	
113	5	13	21	53	臺北市	大安區	大安區復興南路1段與東豐街口	25.0361285	121.5435879	0	0	1	2	8	5	5	4	1	1	4	4	5	13	2	1	1	3	5	2	16	1	5	1	7	1	8	1		2	3	5	
113	5	13	22	28	臺北市	萬華區	萬華區環河南路3段331號	25.0171908	121.494686	0	0	1	3	7	5	5	11	9	1	5	4	5	13	4	4	1	5	5	2	9	1	9	1	5	1	10	1		1	2	12	
113	5	13	22	45	臺北市	中山區	中山區復興北路與民生東路3段口	25.0581294	121.5440963	0	0	1	2	7	5	5	4	2	1	4	4	5	13	1	1	1	4	5	2	17	1	12	1	6	1	10	1		1	2	14	
113	5	14	7	30	臺北市	萬華區	萬華區青年路152巷11號	25.0209338	121.5020433	0	0	1	2	8	6	5	14	9	1	4	4	3	13	4	4	9	4	5	2	17	1	13	8	4	1	20	1		1	2	17	
113	5	14	7	40	臺北市	文山區	文山區興隆路2段88-3號前	25.0005721	121.5490145	0	0	1	2	7	6	5	14	9	1	5	4	5	13	4	4	1	4	5	2	17	1	9	3	6	11	18	1		2	2	11	
113	5	14	7	44	臺北市	內湖區	內湖區南湖大橋與康寧路3段口	25.0648833	121.6110459	0	0	1	2	7	6	5	5	1	1	4	4	5	13	2	1	2	4	5	1	16	4	6	1	3	1	8	1		1	3	2	
113	5	14	7	56	臺北市	內湖區	內湖區康樂街與康樂街48巷口	25.06884579	121.6184498	0	0	3	3	7	6	5	3	1	1	5	4	5	13	4	4	5	4	5	2	16	1	5	1	5	1	9	1		1	2	11	
113	5	14	8	0	臺北市	內湖區	內湖區成功路4段61巷與成功路4段口	25.0822144	121.5923737	0	0	2	2	7	7	8	3	2	1	4	4	5	13	1	2	1	2	5	2	13	1	9	1	5	1	10	1		1	2	11	
113	5	14	8	12	臺北市	中山區	中山區南京東路3段200號	25.051797	121.5433206	0	0	1	2	7	5	5	14	7	1	5	4	5	13	2	1	3	4	4	2	13	4	9	1	3	1	8	1		1	3	1	
113	5	14	8	25	臺北市	內湖區	內湖區成功路2段與金豐街口	25.0644927	121.5902776	0	0	1	2	7	6	5	5	1	1	5	4	5	13	1	1	1	4	5	2	17	4	15	1	5	11	10	2		1	3	17	
113	5	14	8	31	臺北市	信義區	信義區基隆路汽機車混合地下道	25.0380971	121.5626653	0	0	1	2	8	5	8	22	22	1	5	4	5	13	4	4	10	4	5	2	12	1	9	1	7	1	4	1		1	3	1	
113	5	14	8	36	臺北市	內湖區	內湖區金龍路與內湖路3段口	25.0850071	121.5926416	0	0	1	2	7	6	6	4	1	1	5	4	5	13	2	1	5	4	4	2	15	4	11	1	3	1	10	1		1	3	6	
113	5	14	8	40	臺北市	中山區	中山區合江街73巷口側附近	25.0587971	121.5392107	0	0	2	3	6	7	5	14	9	1	4	4	5	13	4	4	9	4	5	2	16	1	5	1	6	1	10	1		1	3	14	
113	5	14	8	41	臺北市	中山區	中山區松江路133巷與南京東路2段115巷口	25.054369	121.5336432	0	0	1	2	8	6	5	4	1	1	5	4	5	13	4	4	10	5	5	2	15	1	9	1	6	1	10	1		1	3	14	
113	5	14	9	0	臺北市	內湖區	內湖區江南街107巷與江南街117巷8弄口	25.0762627	121.5769193	0	0	1	2	7	7	5	3	1	1	4	4	5	13	4	4	10	5	5	2	17	1	5	1	7	1	8	1		1	3	1	
113	5	14	9	0	臺北市	內湖區	內湖區瑞光路393巷8號	25.0785768	121.5730185	0	0	1	2	7	6	5	14	9	1	4	4	5	13	4	4	5	4	5	2	16	1	5	1	5	1	10	1		2	2	13	
113	5	14	9	45	臺北市	北投區	北投區文化三路與永興路1段口	25.13754063	121.498462	0	0	1	2	8	6	5	3	1	1	5	4	5	13	4	4	5	4	5	2	13	1	5	1	7	2	8	1		2	3	8	
113	5	14	9	54	臺北市	松山區	松山區吉祥路與八德路4段口	25.0487552	121.5626463	0	0	1	2	8	6	5	4	1	1	5	4	5	13	2	1	5	5	5	2	17	1	5	1	7	1	4	1		2	3	4	
113	5	14	10	1	臺北市	中正區	中正區三元街與南海路口	25.0298781	121.5090651	0	0	1	3	8	7	5	4	2	1	5	4	5	13	2	1	5	4	5	2	12	1	9	1	5	11	10	2		4	2	11	
113	5	14	10	25	臺北市	文山區	文山區木柵路1段與試院路口口	24.98725252	121.5489438	0	0	1	2	6	6	5	3	1	1	4	4	5	13	1	1	5	4	5	1	12	1	8	1	5	1	10	1		1	2	12	
113	5	14	10	30	臺北市	內湖區	內湖區內湖路1段285巷65弄與內湖路1段323巷口	25.08450492	121.5680963	0	0	2	3	6	6	5	3	2	1	4	4	5	13	4	4	9	4	5	2	17	1	9	1	6	9	10	1		1	2	14	
113	5	14	10	30	臺北市	內湖區	內湖區瑞光路635號	25.0804666	121.5664467	0	0	1	2	6	5	5	14	9	1	4	4	5	13	4	4	5	4	5	2	12	1	9	1	5	1	10	1		1	2	14	
113	5	14	10	35	臺北市	大同區	大同區台北橋機慢車道(往台北）	25.0628538	121.5109339	0	0	1	2	7	6	7	14	11	1	4	4	5	13	4	4	8	3	5	1	13	4	10	7	3	11	19	2		1	4	15	
113	5	14	10	38	臺北市	大安區	大安區信義路4段53巷與復興南路1段295巷口	25.0351364	121.545134	0	0	1	2	8	5	5	4	1	1	5	4	5	13	4	4	9	5	5	2	15	1	9	1	7	1	8	1		2	3	1	
113	5	14	10	49	臺北市	北投區	北投區致遠一路1段46巷橋運橋下	25.11064672	121.5183793	0	0	1	2	8	6	5	14	9	1	5	4	5	13	4	4	4	1	5	2	17	1	9	1	7	1	8	1		1	3	5	
113	5	14	11	2	臺北市	萬華區	萬華區西藏路與萬大路85巷20弄口	25.0297761	121.5023075	0	0	1	2	7	6	5	3	1	1	5	4	5	13	4	4	3	4	5	2	16	4	6	1	3	1	4	1		1	3	4	
113	5	14	11	44	臺北市	南港區	南港區重陽路526號	25.0613024	121.6125095	0	0	1	3	7	7	5	14	8	1	5	4	5	13	4	4	9	5	4	2	16	1	1	1	7	1	8	1		1	3	4	
113	5	14	12	39	臺北市	北投區	北投區石牌路2段與振興街口	25.1189375	121.521313	0	0	1	4	8	6	5	4	1	1	5	4	5	13	1	1	9	4	5	2	16	1	6	1	7	1	8	1		2	3	5	
113	5	14	13	13	臺北市	北投區	北投區建民路150巷與建民路口口	25.11044	121.5192945	0	0	2	2	8	6	5	4	1	1	5	4	5	13	4	4	10	5	5	2	17	1	9	1	6	2	10	1		2	2	11	
113	5	14	13	15	臺北市	北投區	北投區北投路2段7號	25.13056663	121.4993351	0	0	1	2	7	6	5	14	9	1	5	4	5	13	4	4	9	4	4	2	12	1	15	1	5	1	10	1		2	2	13	
113	5	14	13	22	臺北市	文山區	文山區木新路2段與保儀路口	24.98285414	121.5655848	0	0	1	3	7	6	5	3	2	1	4	4	5	13	1	1	5	4	5	2	16	1	8	1	2	2	4	1		1	3	15	12
113	5	14	13	29	臺北市	萬華區	萬華區梧州街36號對面	25.0379076	121.4976136	0	0	2	3	7	6	5	14	9	1	5	4	5	13	4	4	10	5	5	2	17	4	14	1	3	1	4	1		1	3	2	
113	5	14	13	38	臺北市	中山區	中山區民權東路1段46號	25.0626724	121.5240748	0	0	1	2	8	6	6	14	9	1	5	4	5	13	1	1	1	5	4	2	13	4	9	1	5	1	10	1		1	2	11	
113	5	14	13	45	臺北市	信義區	信義區仁愛路4段與仁愛路4段512巷口	25.0374561	121.5613136	0	0	1	2	7	7	5	5	1	1	5	4	5	13	1	1	1	4	1	2	15	4	9	1	3	2	8	1		1	3	5	
113	5	14	13	45	臺北市	松山區	松山區敦化北路244巷與敦化北路244巷6弄口	25.06064974	121.5494105	0	0	2	2	7	6	5	4	1	1	5	4	5	13	4	4	10	5	5	1	15	1	9	1	7	1	8	1		1	2	2	
113	5	14	14	56	臺北市	文山區	文山區木新路3段與忠順街1段26巷口	24.9815517	121.5599816	0	0	1	2	8	7	5	4	1	1	5	4	5	13	2	1	10	5	5	2	9	4	15	1	3	1	2	1		1	3	17	
113	5	14	15	33	臺北市	信義區	信義區永吉路278巷1弄11號	25.0449804	121.5745412	0	0	1	2	8	6	5	14	9	1	5	4	5	13	4	4	10	5	5	2	10	1	9	1	7	1	8	1		1	3	1	
113	5	14	15	33	臺北市	大安區	大安區信義路4段265巷與信義路4段265巷21弄口口	25.03442344	121.5546974	0	0	1	2	8	6	5	3	1	1	5	4	5	13	4	4	8	5	5	1	17	1	5	1	7	1	8	1		1	3	6	
113	5	14	15	50	臺北市	內湖區	內湖區康樂街95號	25.07017442	121.6189924	0	0	1	2	8	7	5	14	9	1	5	4	5	13	4	4	9	5	5	2	12	4	21	7	3	11	19	2		2	4	15	
113	5	14	15	50	臺北市	內湖區	內湖區民權東路6段25號	25.0686153	121.5834278	0	0	1	2	8	6	6	14	9	1	5	4	5	13	4	4	1	4	5	2	18	1	9	1	5	1	10	1		1	2	11	
113	5	14	16	13	臺北市	萬華區	萬華區環河南路1段6號前	25.04849265	121.505806	0	0	1	2	8	5	8	22	22	1	5	4	5	13	4	4	10	5	5	2	17	4	1	1	3	1	8	1		1	3	5	
113	5	14	16	18	臺北市	中山區	中山區德惠街54號前	25.0666414	121.5265175	0	0	1	2	7	7	5	14	7	1	5	4	5	13	4	4	9	4	4	2	17	4	9	1	3	1	4	1		1	3	4	
113	5	14	16	23	臺北市	北投區	北投區育仁路與育仁路135巷口	25.136141	121.5003118	0	0	1	2	7	6	5	14	9	1	5	4	5	13	4	4	9	4	5	2	29	1	9	8	2	1	20	1		1	2	11	
113	5	14	16	30	臺北市	大安區	大安區復興南路2段236號	25.0254013	121.5433511	0	0	1	2	8	7	5	14	9	1	5	4	5	13	2	1	1	4	5	2	12	4	7	1	3	1	8	1		2	3	17	
113	5	14	16	44	臺北市	萬華區	萬華區康定路與康定路46巷口	25.0431907	121.5025742	0	0	1	2	8	7	5	3	2	1	5	4	5	13	4	4	9	5	5	2	13	1	9	1	5	1	10	1		1	3	11	
113	5	14	16	45	臺北市	內湖區	內湖區東湖路與東湖路7巷口	25.06887882	121.6125711	0	0	1	2	7	6	5	3	2	1	5	4	5	13	4	4	9	4	5	2	12	1	7	1	6	2	10	1		2	2	14	
113	5	14	16	46	臺北市	大安區	大安區辛亥路3段與芳蘭路口口	25.01679891	121.5489948	0	0	1	2	8	6	5	4	1	1	5	4	5	13	1	1	1	1	1	1	16	1	5	1	7	1	8	1		2	3	5	
113	5	14	16	48	臺北市	萬華區	萬華區桂林路與康定路口	25.0382415	121.5017989	0	0	2	2	7	6	5	4	2	1	5	4	5	13	2	1	5	4	5	2	13	1	9	1	6	2	10	1		1	2	11	
113	5	14	16	55	臺北市	士林區	士林區中山北路6段360號對面	25.11227772	121.526169	0	0	2	2	8	5	5	14	9	1	5	4	3	12	4	4	1	5	5	1	17	1	8	1	5	1	10	1		2	2	12	
113	5	14	16	58	臺北市	士林區	士林區重慶北路4段與葫東街口	25.0838739	121.5117148	0	0	1	2	8	6	5	4	1	1	5	4	5	13	1	1	1	4	4	2	12	4	9	1	3	2	8	1		1	3	2	
113	5	14	17	0	臺北市	南港區	南港區忠孝東路6段與忠孝東路口側附近6段188巷口	25.0486105	121.5866227	0	0	1	2	8	7	5	4	1	1	5	4	5	13	2	1	1	4	5	1	16	4	5	1	3	1	8	1		2	3	5	
113	5	14	17	20	臺北市	松山區	松山區南京東路4段與敦化北路口	25.05181464	121.5494341	0	0	2	3	8	6	5	4	2	1	5	4	5	13	2	1	1	4	5	2	13	4	9	1	6	1	10	1		1	2	11	
113	5	14	17	42	臺北市	大安區	大安區和平東路3段與和平東路3段416巷口	25.0181757	121.5588377	0	0	1	2	8	6	8	14	9	1	5	4	5	13	2	1	9	4	5	2	12	1	9	1	6	1	9	1		1	2	11	
113	5	14	18	8	臺北市	大同區	大同區民權西路與大龍街口	25.0630423	121.5162479	0	0	2	4	8	6	5	4	2	1	5	4	5	13	2	1	1	4	5	2	13	4	9	1	3	2	10	1		1	2	11	
113	5	14	18	15	臺北市	內湖區	內湖區成功路3段179號	25.0801294	121.5906595	0	0	1	3	8	5	5	14	7	1	5	4	5	13	4	4	1	4	4	2	12	1	4	1	5	1	10	1		2	2	12	
113	5	14	18	41	臺北市	中山區	中山區新生北路3段與農安街口迴轉道	25.064668	121.5274495	0	0	3	3	8	6	5	3	1	1	5	4	5	13	4	4	1	5	5	1	16	4	5	1	3	1	10	1		2	2	14	
113	5	14	18	44	臺北市	中正區	中正區中山南路與仁愛路1段口	25.03935241	121.5179143	0	0	2	3	8	5	5	5	2	1	5	4	5	13	1	1	1	5	5	2	17	1	9	1	7	1	8	1		1	3	6	6
113	5	14	19	36	臺北市	松山區	松山區慶城街與興安街口	25.0556799	121.5471064	0	0	1	2	8	5	5	3	1	1	5	4	5	13	1	1	1	5	5	2	13	1	11	1	7	1	8	1		1	3	1	
113	5	14	19	59	臺北市	文山區	文山區保儀路與恆光街口口	24.9838548	121.5660585	0	0	1	2	8	5	5	3	1	1	5	4	5	13	4	4	10	5	5	2	16	1	5	1	7	2	8	1		1	3	5	
113	5	14	20	21	臺北市	大同區	大同區民族西路與民族西路99巷口口	25.0685925	121.5174532	0	0	2	3	8	5	5	3	1	1	5	4	5	13	4	4	5	5	5	2	13	1	9	1	6	2	10	1		1	2	11	14
113	5	14	21	0	臺北市	中山區	中山區明水路與樂群一路口	25.07745	121.5506987	0	0	1	2	8	5	5	3	1	1	5	4	5	13	2	1	1	5	5	1	16	4	5	1	3	1	8	1		1	3	6	
113	5	14	21	5	臺北市	大同區	大同區民生西路與環河北路1段口	25.0568652	121.5083008	0	0	1	2	8	5	5	14	9	1	5	4	5	13	2	1	9	4	5	2	13	4	5	1	6	1	10	1		1	2	13	
113	5	14	21	30	臺北市	文山區	文山區下崙路與下崙路11巷口口	24.9865764	121.5601033	0	0	1	2	8	6	5	3	1	1	5	4	5	13	4	4	9	5	5	2	16	1	5	8	2	1	20	1		1	3	14	
113	5	14	21	34	臺北市	中山區	中山區新生北路3段與德惠街口迴轉道	25.06657646	121.5279779	0	0	1	2	8	5	5	3	1	1	5	4	5	13	1	1	10	4	5	2	17	1	9	1	7	1	8	1		1	3	17	
113	5	14	22	23	臺北市	內湖區	內湖區成功路2段325號附近	25.07201682	121.5898728	0	0	1	2	8	5	5	14	9	1	5	4	5	13	4	4	1	4	5	2	17	4	15	1	3	2	8	1		1	3	4	
113	5	15	0	26	臺北市	內湖區	內湖區成功路2段456巷3-1號前	25.07362103	121.5875407	0	0	1	2	8	5	5	11	9	1	5	4	5	13	4	4	10	5	5	2	17	1	9	1	5	1	8	1		1	2	14	
113	5	15	4	5	臺北市	中山區	中山區民生東路1段25-13號	25.0580396	121.5246919	0	0	1	2	8	5	5	14	9	1	5	4	5	13	4	4	4	5	5	1	11	4	11	1	3	1	4	1		1	3	5	
113	5	15	5	50	臺北市	文山區	文山區萬隆街62巷17號	25.00156195	121.5374212	0	0	1	2	8	6	5	14	9	1	5	4	5	12	4	4	10	5	5	2	16	1	1	1	7	2	8	1		2	3	17	
113	5	15	6	29	臺北市	中正區	中正區延平南路與延平南路216巷口	25.0344116	121.5075268	0	0	1	4	8	6	5	4	1	1	5	4	5	13	4	4	5	2	5	2	17	1	11	1	5	2	10	1		2	3	14	
113	5	15	6	55	臺北市	文山區	文山區辛亥路7段與辛亥路7段26巷口	24.9860333	121.5534314	0	0	2	2	8	6	5	3	2	1	5	4	5	13	1	1	5	5	4	2	13	1	9	1	6	9	10	1		1	2	11	
113	5	15	7	15	臺北市	南港區	南港區忠孝東路7段515號	25.05275975	121.6122847	0	0	3	5	8	6	5	14	7	1	5	4	5	13	4	4	1	4	4	2	17	4	21	7	3	11	19	2		2	4	15	
113	5	15	7	30	臺北市	中正區	中正區忠孝東路2段與忠孝東路2段64巷口	25.04335357	121.5287052	0	0	1	2	8	6	5	3	1	1	5	4	5	13	1	1	1	4	5	2	13	1	9	1	6	2	10	1		2	3	11	
113	5	15	7	32	臺北市	文山區	文山區政大一街與萬壽路口	24.9880358	121.5876158	0	0	1	2	8	7	5	3	1	1	5	4	5	13	4	4	10	5	5	1	16	1	5	1	7	1	8	1		1	3	1	
113	5	15	7	43	臺北市	大安區	大安區辛亥路3段與基隆路3段口	25.019138	121.5468258	0	0	2	2	8	5	5	4	2	1	5	4	5	13	4	4	10	4	5	2	17	4	8	1	3	1	10	1		1	2	12	
113	5	15	7	58	臺北市	中山區	中山區中山北路3段40號	25.0668215	121.522329	0	0	2	2	8	7	5	14	9	1	5	4	5	13	2	1	1	4	5	2	13	1	9	1	6	1	10	1		2	2	12	
113	5	15	8	2	臺北市	中山區	中山區明水路與樂群一路口	25.07725018	121.551084	0	0	1	2	8	5	5	3	1	1	5	4	5	13	1	1	1	4	5	2	12	4	9	1	3	1	8	1		1	3	2	
113	5	15	8	17	臺北市	信義區	信義區忠孝東路5段236巷3弄9號	25.04042554	121.5725187	0	0	1	2	8	6	5	14	9	1	5	4	5	13	4	4	10	5	5	1	13	4	9	8	4	1	20	1		1	2	11	
113	5	15	8	39	臺北市	大安區	大安區永康街13巷與信義路2段198巷口	25.032762	121.5305507	0	0	2	2	8	5	5	4	1	1	5	4	5	13	4	4	10	3	5	1	15	1	9	1	5	1	10	1		1	2	12	
113	5	15	8	40	臺北市	中正區	中正區中山南路5號(機車停等區)	25.0431204	121.5189899	0	0	1	2	8	6	5	14	9	1	5	4	5	13	2	1	1	4	1	2	13	4	15	7	3	11	19	2		1	4	15	
113	5	15	8	43	臺北市	大安區	大安區信義路2段138號	25.0338332	121.5284648	0	0	1	3	8	5	5	14	9	1	5	4	5	13	4	4	7	4	5	2	16	1	8	1	7	2	8	1		1	3	2	
113	5	15	9	26	臺北市	大安區	大安區市民大道4段與光復南路72巷23弄口	25.03704661	121.554272	0	0	1	2	8	6	5	4	1	1	5	4	5	13	3	1	1	4	5	2	16	4	6	1	3	1	8	1		1	3	2	
113	5	15	9	29	臺北市	內湖區	內湖區瑞光路478巷18弄與瑞光路口	25.0780908	121.5691014	0	0	1	2	8	6	5	3	1	1	5	4	5	13	4	4	10	4	5	2	3	4	9	1	3	2	10	1		1	3	5	
113	5	15	9	32	臺北市	信義區	信義區永吉路67號	25.045831	121.5692809	0	0	1	2	8	6	5	14	9	1	5	4	5	13	4	4	1	4	5	2	17	1	7	1	7	1	8	1		2	3	7	
113	5	15	9	33	臺北市	中山區	中山區民生東路1段與林森北路口	25.0580175	121.5256151	0	0	1	2	8	5	5	4	1	1	5	4	5	13	1	1	5	4	5	2	13	4	9	1	3	1	10	1		2	2	14	
113	5	15	9	58	臺北市	信義區	信義區大道路52號	25.04130004	121.5822269	0	0	1	2	8	6	5	14	9	1	5	4	5	13	4	4	9	5	5	1	17	4	13	1	3	1	8	1		1	3	4	
113	5	15	10	0	臺北市	中山區	中山區大佳河濱公園南側自行車道	25.0727638	121.5264619	0	0	1	3	8	7	7	14	23	1	5	4	5	13	4	4	9	4	5	2	17	1	14	1	7	1	8	1		1	3	17	
113	5	15	10	27	臺北市	萬華區	萬華區寶興街169號	25.0231505	121.4955726	0	0	2	2	8	6	5	14	9	1	5	4	5	13	4	4	9	5	5	2	17	4	1	3	3	1	18	1		2	2	14	
113	5	15	10	30	臺北市	中山區	中山區長安東路2段與建國北路1段口	25.04838424	121.5365703	0	0	1	2	8	7	5	4	1	1	5	4	5	13	2	1	10	5	5	2	2	1	6	1	7	2	8	1		2	3	5	
113	5	15	11	0	臺北市	北投區	距竹子湖路與湖山路1段往西第2支燈桿	25.15210652	121.5455381	0	0	1	2	8	7	5	11	9	1	5	4	5	13	4	4	5	5	5	2	18	1	9	1	5	9	10	1		1	2	14	
113	5	15	11	7	臺北市	大同區	大同區延平北路3段18巷與民權西路245巷口	25.0639427	121.5103605	0	0	2	3	8	6	5	4	1	1	5	4	5	13	4	4	10	5	5	2	15	1	9	1	6	1	10	1		1	2	12	
113	5	15	11	49	臺北市	大安區	大安區安和路2段與安和路2段171巷口	25.0282292	121.5500175	0	0	1	2	8	5	5	14	9	1	5	4	5	13	4	4	9	4	5	2	12	1	1	1	7	1	8	1		1	3	8	
113	5	15	11	53	臺北市	大同區	大同區民權西路與重慶北路2段口	25.062886	121.5135076	0	0	3	3	8	6	5	4	1	1	5	4	5	13	1	1	1	4	5	2	17	1	6	1	5	1	10	1		2	2	13	
113	5	15	12	0	臺北市	北投區	北投區聖景路第1205654號燈桿	25.1213545	121.4628494	0	0	2	2	8	7	5	14	9	1	5	4	5	13	4	4	10	5	5	1	10	1	9	1	5	1	10	1		1	2	11	12
113	5	15	12	20	臺北市	內湖區	內湖區新明路305號	25.05709916	121.5847798	0	0	1	2	8	7	5	14	9	1	5	4	5	13	4	4	5	4	5	2	16	1	5	6	7	1	8	1		1	3	4	
113	5	15	12	34	臺北市	信義區	信義區忠孝東路5段與基隆路1段口	25.041207	121.5647868	0	0	1	2	8	6	5	4	2	1	5	4	5	13	1	1	3	3	5	2	16	4	6	1	3	1	4	1		1	3	2	
113	5	15	12	38	臺北市	中正區	中正區八德路1段55號與新生南路1段口停車場出入口旁	25.0447427	121.5326909	0	0	1	2	8	6	5	14	20	4	5	4	5	13	4	4	10	5	5	2	9	1	9	8	4	2	20	1		2	2	15	
113	5	15	12	41	臺北市	大同區	大同區承德路2段與承德路2段201巷口	25.0595614	121.5183307	0	0	1	2	8	6	5	3	2	1	5	4	5	13	4	4	1	5	5	2	17	1	8	1	7	1	8	1		1	3	17	
113	5	15	12	43	臺北市	萬華區	萬華區萬大路534巷與武成街28巷口	25.0191812	121.4957457	0	0	2	2	8	6	5	4	1	1	5	4	5	13	4	4	10	5	5	2	17	1	9	1	6	1	10	1		1	2	11	
113	5	15	12	47	臺北市	中山區	中山區農安街77巷與農安街77巷1弄口	25.06529164	121.5284886	0	0	2	2	8	7	5	3	2	1	5	4	5	13	4	4	10	4	5	2	12	1	15	8	4	1	20	1		2	2	14	
113	5	15	13	4	臺北市	中山區	中山區民權東路2段與松江路口	25.06254906	121.5327672	0	0	1	2	8	7	5	4	1	1	5	4	5	13	1	1	1	3	5	1	16	1	9	1	7	1	4	1		1	3	8	
113	5	15	13	11	臺北市	中正區	中正區中華路2段與中華路2段301巷口	25.0294188	121.5046458	0	0	1	2	8	7	5	3	1	1	5	4	5	13	4	4	5	4	4	2	16	4	9	1	5	2	10	1		2	3	11	