年	月	日	時	分	縣市	行政區	allLocation	GoogleLat	GoogleLng	死	2-30	受傷	當事人數	天候	道路照明設備	道路類別	道路型態	事故位置	路面狀況1	路面狀況2	路面狀況3	道路障礙1	道路障礙2	號誌1	號誌2	車道劃分-分向	車道劃分-分道1	車道劃分-分道2	車道劃分-分道3	事故類型及型態	行動電話	當事者行動狀態	駕駛資格情形	保護裝置	飲酒情形	駕駛執照種類	個人肇逃否	肇因碼-主要	性別	受傷程度	車輛撞擊部位1	車輛撞擊部位2
113	5	15	13	11	臺北市	萬華區	萬華區艋舺大道與雙園街60巷32弄口	25.0299676	121.4932048	0	0	2	3	8	6	5	3	2	1	5	4	5	13	4	4	10	4	4	2	13	1	9	1	6	1	10	1		1	2	11	12
113	5	15	13	41	臺北市	大同區	大同區延平北路1段與甘谷街口	25.052769	121.5117931	0	0	1	2	8	6	5	4	1	1	5	4	5	13	4	4	5	5	5	2	16	1	5	1	7	2	8	1		1	3	6	
113	5	15	13	47	臺北市	信義區	信義區基隆路1段156號	25.0438373	121.565914	0	0	2	2	8	6	5	14	9	1	5	4	5	13	2	1	3	4	5	2	17	1	7	1	6	1	10	1		1	2	12	
113	5	15	14	3	臺北市	士林區	士林區洲美快速道路下橋處(社子端)	25.0949817	121.4971589	0	0	1	2	8	5	5	8	9	1	5	4	5	13	1	1	3	4	5	1	17	1	9	1	7	9	7	1		1	2	1	
113	5	15	14	5	臺北市	中山區	中山區明水路與樂群一路口	25.0773479	121.5514037	0	0	1	2	8	6	5	3	2	1	5	4	5	13	1	1	1	4	5	2	13	1	9	1	5	1	10	1		1	2	11	
113	5	15	14	5	臺北市	大同區	大同區延平北路2段與延平北路2段135巷口	25.0577011	121.5115817	0	0	2	4	8	6	5	3	2	1	5	4	5	13	4	4	5	2	5	2	17	1	9	1	6	1	10	1		1	2	11	
113	5	15	14	30	臺北市	中山區	中山區民權西路60號	25.0625922	121.5202115	0	0	1	3	8	5	5	14	9	1	5	4	5	13	4	4	1	4	4	2	12	4	15	1	3	1	10	1		2	2	11	
113	5	15	14	56	臺北市	士林區	士林區光華路61巷4弄	25.1226561	121.5410973	0	0	2	3	8	7	5	11	9	1	5	4	5	13	1	1	10	5	5	1	17	1	9	1	7	1	7	1		1	3	17	
113	5	15	15	0	臺北市	中正區	中正區貴陽街1段與博愛路口	25.0389378	121.5113761	0	0	2	2	8	7	5	4	4	1	5	4	5	13	1	1	5	4	5	2	12	1	9	1	5	2	10	1		1	2	14	
113	5	15	15	4	臺北市	松山區	松山區八德路3段與八德路3段12巷口	25.0482396	121.5504949	0	0	1	2	8	5	5	4	2	1	5	4	5	13	1	1	4	3	5	2	12	1	7	1	5	2	10	1		1	2	14	
113	5	15	15	40	臺北市	南港區	南港區玉成街與玉成街166巷口口	25.0447753	121.5841081	0	0	1	2	8	6	5	3	1	1	5	4	5	13	4	4	10	5	5	2	16	1	5	1	6	1	10	1		1	2	12	
113	5	15	15	44	臺北市	中山區	中山區中山北路3段59號	25.06878548	121.5231582	0	0	2	3	8	5	5	14	9	1	5	4	5	13	4	4	1	4	5	2	13	4	6	1	3	1	10	1		2	2	13	
113	5	15	16	40	臺北市	士林區	士林區德行東路190巷30弄與忠義街78巷口	25.10687603	121.5310303	0	0	2	3	8	6	5	4	1	1	5	4	5	13	4	4	10	5	5	1	15	4	9	1	3	1	9	1		1	2	11	
113	5	15	16	41	臺北市	文山區	文山區辛亥路4段209巷6號	25.00232074	121.555879	0	0	1	2	8	5	5	14	9	1	5	4	5	13	4	4	9	5	5	2	16	4	1	3	6	11	18	1		1	4	15	
113	5	15	16	45	臺北市	松山區	松山區民生東路5段69巷與民生東路5段69巷2弄口	25.05922876	121.5582229	0	0	3	3	8	6	5	3	1	1	5	4	5	13	4	4	10	4	5	2	17	1	5	8	4	1	20	1		2	2	14	
113	5	15	16	50	臺北市	文山區	文山區木新路3段232巷與木新路3段232巷6弄口	24.9818802	121.5589662	0	0	1	2	7	6	5	4	1	1	5	4	5	13	4	4	10	5	5	2	15	1	9	3	7	9	18	1		1	3	8	
113	5	15	17	9	臺北市	大同區	大同區民生西路與環河北路1段口	25.0569055	121.5084577	0	0	2	3	8	5	6	4	2	1	5	4	5	13	2	1	5	4	5	2	17	4	7	1	3	2	10	1		1	2	14	
113	5	15	17	20	臺北市	中山區	中山區中山橋往南(機慢車專用道內)	25.076209	121.525368	0	0	2	3	8	5	5	7	11	1	5	4	5	13	4	4	1	4	4	2	12	4	4	8	3	1	20	1		1	2	12	
113	5	15	17	32	臺北市	萬華區	萬華區華江橋往板橋機車道(編號001050燈桿前)	25.03583214	121.4876728	0	0	3	3	8	6	7	8	11	1	5	4	5	13	4	4	9	4	3	1	13	1	12	1	5	1	10	1		1	2	11	13
113	5	15	17	38	臺北市	內湖區	內湖區民權東路6段15巷與瑞湖街口	25.06896349	121.5765431	0	0	1	2	8	6	5	4	2	1	5	4	5	13	2	1	5	4	5	2	17	1	5	1	7	1	8	1		1	3	3	
113	5	15	17	40	臺北市	北投區	北投區承德路7段97號	25.111714	121.5098183	0	0	1	2	8	5	5	14	8	1	5	4	5	13	4	4	3	4	4	2	16	1	6	1	7	2	6	1		1	3	5	
113	5	15	17	43	臺北市	內湖區	內湖區民權東路6段280巷與民權東路6段280巷69弄口	25.06948304	121.6086172	0	0	1	2	8	7	5	3	1	1	5	4	5	13	4	4	10	5	5	2	16	4	6	1	3	2	8	1		2	3	1	
113	5	15	18	5	臺北市	中正區	中正區中華路2段與中華路2段303巷口	25.0290946	121.5049143	0	0	1	2	8	7	5	4	1	1	5	4	5	13	1	1	5	5	4	2	16	1	5	1	5	1	8	1		2	2	14	
113	5	15	18	7	臺北市	大安區	大安區信義路4段130號	25.0331361	121.5495358	0	0	2	3	8	5	5	14	9	1	5	4	5	13	4	4	8	3	5	1	13	1	9	1	6	1	10	1		1	2	11	
113	5	15	18	14	臺北市	信義區	信義區忠孝東路5段與大道路口	25.0428461	121.5807726	0	0	2	2	8	7	5	4	2	1	5	4	5	13	1	1	9	4	5	2	17	1	6	1	5	1	10	1		1	2	11	
113	5	15	18	38	臺北市	北投區	北投區知行路210巷與知行路260巷口	25.1194624	121.4683986	0	0	2	4	8	5	5	3	1	1	5	4	5	13	4	4	10	5	5	2	12	4	11	1	3	1	8	1		1	3	8	
113	5	15	18	54	臺北市	中山區	中山區農安街與農安街125巷口	25.06482378	121.5298156	0	0	2	2	8	5	5	14	9	1	5	4	5	13	4	4	8	5	5	1	16	4	5	8	4	1	20	1		2	2	14	
113	5	15	19	0	臺北市	中山區	中山區龍江路329號	25.06303888	121.5410577	0	0	2	2	8	5	5	14	9	1	5	4	5	13	4	4	5	5	5	2	16	1	5	8	4	1	20	1		1	2	14	
113	5	15	19	4	臺北市	內湖區	內湖區舊宗路1段與行善路口	25.0586902	121.5803501	0	0	1	2	8	5	5	4	2	1	5	4	5	13	2	1	1	4	5	2	3	1	6	1	7	2	8	1		2	3	4	
113	5	15	19	11	臺北市	中山區	中山區民權東路3段11號	25.0624363	121.541394	0	0	1	3	8	5	5	14	9	1	5	4	5	13	4	4	10	4	5	2	17	4	15	3	3	1	18	1		1	3	17	
113	5	15	19	15	臺北市	松山區	松山區敦化北路145巷10-2號	25.0537986	121.5509036	0	0	1	2	8	5	5	14	24	4	5	4	5	13	4	4	10	5	5	2	1	1	9	1	7	9	8	2		1	3	2	
113	5	15	20	20	臺北市	內湖區	內湖區康樂街61巷與康樂街口	25.0684133	121.6183193	0	0	2	3	8	5	5	4	1	1	5	4	5	13	2	1	5	4	5	2	12	1	9	1	7	2	8	1		1	3	8	
113	5	15	20	33	臺北市	文山區	文山區景隆街與興隆路1段202巷口口	24.9991741	121.5428174	0	0	2	2	8	5	5	3	2	1	5	4	5	13	4	4	9	5	5	2	16	1	1	8	4	1	20	1		1	2	14	
113	5	15	20	39	臺北市	信義區	信義區松仁路與松仁路202巷口	25.027316	121.5683856	0	0	2	3	8	5	5	3	2	1	5	4	5	13	4	4	5	4	5	2	17	4	1	1	3	1	8	1		1	3	4	
113	5	15	22	1	臺北市	大安區	大安區無名巷與光復南路116巷口	25.0430289	121.5562051	0	0	1	2	8	5	5	4	1	1	5	4	5	13	4	4	1	5	5	2	17	4	21	7	3	11	19	2		1	4	15	
113	5	15	22	34	臺北市	大安區	大安區市民大道4段100號	25.0446497	121.5500218	0	0	2	3	8	5	5	22	6	1	5	4	5	13	4	4	1	4	5	2	17	1	5	1	6	2	10	1		2	3	14	
113	5	15	23	3	臺北市	中正區	中正區八德路1段30號	25.0436446	121.5301373	0	0	2	3	8	5	8	22	22	1	5	4	5	13	2	1	10	4	5	2	17	1	15	1	7	1	8	1		1	3	3	
113	5	16	0	13	臺北市	信義區	信義區吳興街334號	25.0262033	121.5661789	0	0	2	3	8	5	5	14	9	1	5	4	5	13	4	4	10	4	5	2	11	1	9	1	7	1	8	1		1	3	8	
113	5	16	4	20	臺北市	中山區	中山區民權東路2段與吉林路口	25.0626769	121.5303014	0	0	1	2	8	5	5	4	1	1	5	4	5	13	1	1	9	4	5	2	12	1	9	1	7	1	4	1		1	3	2	
113	5	16	5	11	臺北市	大安區	大安區信義路2段198巷與永康街13巷口	25.0327576	121.5305498	0	0	1	2	8	6	5	4	1	1	5	4	5	13	4	4	10	5	5	1	15	4	9	1	3	2	4	1		1	3	2	
113	5	16	5	12	臺北市	信義區	信義區信義路5段122號	25.0325706	121.5683588	0	0	1	2	8	6	5	14	9	1	5	4	5	13	2	1	8	5	5	2	13	4	9	1	3	1	8	1		1	3	1	12
113	5	16	6	5	臺北市	萬華區	萬華區萬大路與萬大路237巷口	25.026415	121.5005592	0	0	2	2	7	7	5	4	1	1	5	4	5	13	1	1	1	4	5	2	3	1	9	3	5	1	18	1		1	2	11	
113	5	16	6	33	臺北市	信義區	信義區基隆路1段與永吉路口	25.0458805	121.5674242	0	0	1	3	8	6	5	4	2	1	5	4	5	13	1	1	1	4	5	2	17	1	9	1	6	2	10	1		1	2	11	
113	5	16	6	48	臺北市	北投區	北投區泉源路與泉源路口	25.1410967	121.5087553	0	0	2	3	8	6	6	3	1	1	5	4	5	13	4	4	10	5	5	2	15	1	11	1	7	2	8	1		1	3	8	
113	5	16	7	2	臺北市	士林區	士林區延平北路6段與堤外便道口	25.0940994	121.4978699	0	0	1	2	8	6	5	4	1	1	5	4	5	13	1	1	10	5	4	1	16	1	6	1	5	9	10	1		1	3	13	
113	5	16	7	5	臺北市	萬華區	萬華區萬大路與興寧街口	25.0321922	121.5005935	0	0	2	2	7	6	5	4	2	1	5	4	5	13	1	1	8	3	5	1	13	4	9	1	3	1	10	1		1	2	11	
113	5	16	7	8	臺北市	大安區	大安區忠孝東路3段207號	25.0417721	121.5393942	0	0	1	2	8	6	5	14	9	1	5	4	5	13	4	4	1	4	5	2	12	1	7	1	5	2	10	1		1	2	14	
113	5	16	7	38	臺北市	北投區	北投區大業路527巷(第1204011號燈桿前)	25.13412435	121.4839728	0	0	1	2	8	6	5	14	9	1	5	4	5	13	4	4	5	4	5	2	13	1	9	1	5	2	10	1		2	2	11	
113	5	16	7	42	臺北市	萬華區	萬華區忠孝西路2段與忠孝橋口往台北機車道	25.0262857	121.4970294	0	0	3	4	8	7	5	14	11	1	5	4	5	13	4	4	10	5	5	2	13	1	9	1	6	1	10	1		2	2	11	
113	5	16	7	43	臺北市	中正區	中正區基隆路4段與羅斯福路4段口	25.0113002	121.5368124	0	0	1	2	8	7	5	4	1	1	5	4	5	13	1	1	1	5	5	2	12	1	9	1	5	2	10	1		1	2	12	
113	5	16	7	44	臺北市	萬華區	萬華區西園路2段與西園路2段13巷口口	25.03227496	121.498175	0	0	2	2	8	6	5	5	2	1	5	4	5	13	4	4	10	5	5	1	16	4	9	1	3	1	10	1		1	2	11	
113	5	16	8	6	臺北市	文山區	文山區木新路3段95巷與木新路3段口	24.9822012	121.5628663	0	0	1	3	8	5	5	3	1	1	5	4	5	13	4	4	10	5	5	1	17	1	5	1	5	1	10	1		2	3	13	
113	5	16	8	13	臺北市	內湖區	內湖區潭美街與成美橋口下	25.0548671	121.5826019	0	0	1	2	7	6	5	3	1	1	5	4	5	13	1	1	5	5	5	2	16	1	6	1	7	1	8	1		1	3	5	
113	5	16	8	39	臺北市	中正區	中正區和平西路2段與南海路口口	25.03061919	121.509131	0	0	1	2	8	6	5	4	1	1	5	4	1	11	1	1	10	4	5	1	17	1	6	1	7	1	8	1		1	3	1	
113	5	16	8	45	臺北市	松山區	松山區民生東路5段127號	25.05876126	121.5612236	0	0	1	2	8	6	5	14	9	1	5	4	5	13	4	4	9	4	5	1	12	1	9	1	7	1	2	1		1	3	5	14
113	5	16	8	50	臺北市	大安區	大安區大安路1段16巷10弄與復興南路1段79巷口	25.0446423	121.5456441	0	0	2	2	8	6	5	4	1	1	5	4	5	8	4	4	10	5	5	2	16	1	5	1	5	1	10	1		2	2	12	
113	5	16	8	59	臺北市	信義區	信義區信義路4段415號	25.0331591	121.559133	0	0	1	2	8	6	5	14	9	1	5	4	5	13	4	4	1	4	5	2	16	1	5	1	5	1	10	1		2	2	14	
113	5	16	9	2	臺北市	信義區	信義區市民大道5段82號	25.0484683	121.5668034	0	0	1	2	8	6	5	14	9	1	5	4	5	13	4	4	1	4	5	2	17	1	8	1	7	1	8	1		1	3	7	
113	5	16	9	2	臺北市	松山區	松山區八德路3段與敦化南路1段口	25.04818088	121.5491645	0	0	1	2	8	5	5	4	1	1	5	4	5	13	2	1	1	4	4	1	13	1	5	1	7	1	4	1		1	3	5	
113	5	16	9	5	臺北市	萬華區	萬華區環河南路1段與貴陽街2段口	25.0401907	121.498226	0	0	2	2	8	6	5	5	1	1	5	4	5	13	2	1	1	4	5	2	17	4	9	1	3	2	10	1		2	2	13	
113	5	16	9	7	臺北市	士林區	士林區承德路4段與福港街口	25.0899478	121.5183603	0	0	2	3	7	6	8	4	2	1	5	4	5	13	1	1	9	4	5	1	16	4	5	1	3	2	10	1		2	2	14	
113	5	16	9	30	臺北市	士林區	士林區福林路311號對面	25.0987029	121.5357293	0	0	2	2	8	6	5	14	9	1	5	4	5	13	4	4	10	5	5	1	16	1	8	6	5	2	10	1		1	2	12	
113	5	16	9	32	臺北市	中山區	中山區天祥路48巷2號	25.06182449	121.5205475	0	0	1	2	8	5	5	14	9	5	5	4	5	13	4	4	10	5	5	2	2	4	21	7	3	11	19	2		2	4	15	
113	5	16	11	3	臺北市	士林區	士林區延平北路5段與延平北路5段136巷口口	25.08214996	121.5104085	0	0	1	2	8	7	5	3	1	1	5	4	5	13	2	1	1	4	5	2	16	1	11	1	7	1	4	1		1	3	4	
113	5	16	11	42	臺北市	中山區	中山區長春路27號	25.05497976	121.524296	0	0	2	2	8	6	5	4	1	1	5	4	5	13	4	4	9	4	4	2	15	1	11	1	6	1	10	1		2	2	12	
113	5	16	11	46	臺北市	文山區	文山區興隆路2段154巷與興隆路2段220巷口	25.0005276	121.5522173	0	0	2	2	8	6	5	4	1	1	5	4	5	13	2	1	5	5	5	2	16	1	5	8	4	1	20	1		1	2	14	
113	5	16	12	15	臺北市	內湖區	內湖區成功路3段174巷26弄與成功路3段174巷26弄口5號前無名巷	25.08148617	121.5901488	0	0	1	2	8	5	5	3	2	1	5	4	5	13	4	4	10	5	5	1	16	4	5	1	3	1	10	1		2	2	11	
113	5	16	12	30	臺北市	內湖區	內湖區民權東路6段9號	25.0669295	121.5782067	0	0	1	2	8	6	5	14	9	1	5	4	5	13	1	1	1	5	5	2	12	1	7	1	7	2	8	1		2	3	6	
113	5	16	12	35	臺北市	信義區	信義區松山路130號	25.0477075	121.5777292	0	0	1	2	8	6	5	14	9	1	5	4	5	12	4	4	3	4	5	2	17	4	13	1	3	1	8	1		1	3	15	
113	5	16	13	24	臺北市	中正區	中正區金山南路1段與八德路1段口	25.0438655	121.5302515	0	0	2	3	8	5	5	4	1	1	5	4	5	13	1	1	1	4	1	2	13	1	9	1	5	2	10	1		1	2	11	
113	5	16	13	25	臺北市	中正區	中正區中山南路與徐州路口	25.0413708	121.518235	0	0	1	3	8	6	5	4	2	1	5	4	5	13	1	1	1	4	5	2	16	1	8	1	6	1	10	1		1	3	13	
113	5	16	13	45	臺北市	中正區	中正區羅斯福路2段與和平西路1段口	25.0270084	121.5224016	0	0	1	2	8	7	5	4	1	1	5	4	5	13	1	1	1	4	4	2	12	1	9	1	5	9	10	1		1	2	14	
113	5	16	13	45	臺北市	大同區	大同區鄭州路與西寧北路口	25.0505803	121.5081948	0	0	1	3	8	6	5	4	1	1	5	4	5	13	2	1	9	4	5	2	17	1	5	6	6	1	10	1		1	3	13	
113	5	16	13	46	臺北市	松山區	松山區市民大道4段19號	25.0449997	121.5443069	0	0	1	2	8	7	5	14	9	1	5	4	5	13	4	4	1	4	5	2	17	1	9	1	5	1	10	1		1	2	11	
113	5	16	14	5	臺北市	萬華區	萬華區萬大路277巷與萬大路237巷10弄口	25.02541734	121.5010828	0	0	2	2	8	5	5	4	1	1	5	4	5	13	4	4	10	5	5	2	17	4	9	1	5	1	10	1		1	2	11	
113	5	16	14	11	臺北市	大安區	大安區忠孝東路4段與大安路1段口	25.0415045	121.5459063	0	0	1	2	8	6	5	22	9	1	5	4	5	13	1	1	10	4	5	2	17	1	15	1	7	1	2	1		1	3	17	
113	5	16	14	20	臺北市	士林區	士林區中山北路4段與通河街口	25.07968186	121.5245523	0	0	1	2	8	7	5	3	2	1	5	4	5	13	2	1	1	4	5	1	17	1	12	1	7	2	8	1		2	3	6	
113	5	16	14	50	臺北市	內湖區	內湖區民善街上特力屋停車場入口	25.0623445	121.5748943	0	0	1	2	7	6	5	14	9	1	5	4	5	13	4	4	9	5	5	2	16	1	6	1	7	1	8	1		2	3	5	
113	5	16	16	17	臺北市	萬華區	萬華區堤外便道往北(雙園河濱公園旁)	25.03385468	121.4893416	0	0	2	3	8	5	8	22	22	1	5	4	5	13	4	4	10	5	5	2	17	4	5	1	3	1	10	1		2	2	14	
113	5	16	16	25	臺北市	中正區	中正區青島東路與紹興南街口	25.04319331	121.524765	0	0	1	2	8	6	5	4	1	1	5	4	5	13	2	1	5	4	4	2	16	1	5	1	7	2	8	1		1	3	8	
113	5	16	16	26	臺北市	萬華區	萬華區西園路2段與西藏路口	25.0287049	121.4956866	0	0	1	3	8	6	5	4	1	1	5	4	5	13	1	1	8	3	5	1	13	1	12	1	7	1	8	1		2	3	1	
113	5	16	16	30	臺北市	中正區	中正區中山南路與信義路1段口	25.0386848	121.5179871	0	0	1	2	8	6	5	5	1	1	5	4	5	13	1	1	1	4	5	2	16	1	5	1	5	2	10	1		1	2	14	
113	5	16	16	30	臺北市	萬華區	萬華區環河南路1段與西昌街29巷口	25.04268093	121.500499	0	0	2	3	8	6	5	3	1	1	5	4	1	13	4	4	5	5	5	2	28	1	9	1	6	1	10	1		2	2	11	
113	5	16	16	40	臺北市	中正區	中正區汀州路3段255號前	25.01292002	121.5350846	0	0	1	2	8	6	5	14	9	1	5	4	5	13	4	4	5	5	5	1	17	1	5	1	6	2	10	1		2	3	14	
113	5	16	16	46	臺北市	中山區	中山區中山北路2段61號	25.05643635	121.5228686	0	0	2	3	7	7	5	14	9	1	5	4	5	13	4	4	9	4	5	2	17	1	15	1	6	1	10	2		4	2	11	
113	5	16	16	53	臺北市	大安區	大安區基隆路2段291巷與嘉興街口	25.0210861	121.5497189	0	0	2	3	8	5	5	4	1	1	5	4	5	13	4	4	10	5	5	1	15	1	9	1	5	1	10	1		1	3	14	
113	5	16	16	55	臺北市	士林區	士林區延平北路7段46巷與延平北路7段106巷6弄口	25.0972551	121.496245	0	0	1	3	8	6	5	4	1	1	5	4	5	13	4	4	10	5	5	2	17	4	6	7	7	9	19	1		1	3	1	
113	5	16	17	30	臺北市	中正區	中正區牯嶺街95巷與晉江街4巷口	25.025631	121.5205144	0	0	1	2	8	7	5	3	1	1	5	4	5	13	4	4	10	5	5	2	17	1	9	1	5	1	10	1		1	3	12	
113	5	16	17	34	臺北市	文山區	文山區木柵路4段與木柵路4段33巷口	24.9940619	121.5715414	0	0	2	2	8	7	5	3	1	1	5	4	5	10	2	1	10	5	5	2	16	1	5	1	5	2	10	1		1	2	11	
113	5	16	17	35	臺北市	中山區	中山區松江路330巷與民權東路2段92巷口	25.0611698	121.5316976	0	0	1	2	8	5	5	4	1	1	5	4	5	13	4	4	10	5	5	2	15	4	9	1	3	1	10	1		2	2	11	
113	5	16	18	30	臺北市	南港區	南港區園區街與園區街58巷口口	25.0591583	121.6117277	0	0	1	2	8	6	5	3	1	1	5	4	5	13	3	1	5	5	5	2	3	1	9	1	7	2	8	1		1	3	1	
113	5	16	18	40	臺北市	中山區	中山區南京東路2段與建國北路1段口	25.0519297	121.5362021	0	0	1	2	8	5	5	14	9	1	5	4	5	13	1	1	1	4	5	2	17	1	9	1	5	1	10	1		1	2	17	
113	5	16	18	50	臺北市	大安區	大安區市民大道4段與光復南路口	25.0449834	121.5577704	0	0	2	3	8	5	5	14	9	1	5	4	5	13	2	1	1	4	1	2	17	4	6	1	3	1	8	1		1	3	6	
113	5	16	18	52	臺北市	萬華區	萬華區康定路與內江街口	25.04168425	121.5022894	0	0	1	2	8	5	5	4	2	1	5	4	5	13	1	1	5	4	5	2	17	4	15	7	7	11	19	2		1	4	15	
113	5	16	18	59	臺北市	大安區	大安區通化街3號	25.0322701	121.5542825	0	0	1	2	8	5	5	14	9	1	5	4	5	13	4	4	9	5	5	1	16	4	11	1	3	1	10	1		1	3	13	
113	5	16	19	40	臺北市	內湖區	內湖區南京東路6段260號	25.0570929	121.5822824	0	0	1	3	8	5	5	14	9	1	5	4	5	13	4	4	10	5	5	2	12	1	9	1	5	2	10	1		2	2	14	
113	5	16	19	40	臺北市	文山區	文山區指南路3段與指南路3段26巷口	24.98339603	121.5799249	0	0	2	2	7	5	5	3	1	1	5	4	5	13	4	4	10	5	5	2	16	1	5	1	5	1	10	1		1	2	14	
113	5	16	19	55	臺北市	北投區	北投區中央北路2段350巷與中央北路2段口	25.1393809	121.4884108	0	0	1	2	8	5	5	3	1	1	5	4	5	13	2	1	4	1	5	1	16	1	5	1	7	1	8	1		1	3	8	1
113	5	16	20	6	臺北市	萬華區	萬華區堤外便道(華中-光復段)往北近3013863號燈桿	25.01924084	121.4925881	0	0	4	5	8	5	5	14	9	1	5	4	5	13	4	4	10	5	5	2	13	5	20	8	3	10	20	1		2	3	16	
113	5	16	20	8	臺北市	大同區	大同區長安西路與西寧北路口	25.0519625	121.5085527	0	0	1	2	7	5	5	4	2	1	5	4	5	13	2	1	5	4	5	2	17	4	5	1	3	1	8	1		1	3	1	
113	5	16	20	25	臺北市	中正區	中正區羅斯福路4段與基隆路4段口	25.01129605	121.5369482	0	0	1	3	7	5	5	5	1	1	5	4	5	13	1	1	1	3	5	1	16	1	5	1	5	2	10	1		2	2	14	
113	5	16	20	30	臺北市	中山區	中山區民族東路與中山北路3段口	25.0684988	121.5233	0	0	1	2	8	5	5	14	9	1	5	4	5	13	1	1	1	4	5	2	17	1	9	1	5	1	10	1		1	2	11	
113	5	16	20	31	臺北市	信義區	信義區松高路與松智路口口	25.0391125	121.5655338	0	0	1	2	7	5	5	3	1	1	5	4	5	13	2	1	5	2	5	2	16	1	5	1	7	1	8	1		1	3	8	
113	5	16	20	37	臺北市	大同區	大同區承德路1段與長安西路口	25.0509841	121.5168502	0	0	1	2	8	5	5	4	1	1	5	4	5	13	2	1	5	4	5	2	16	4	11	1	3	1	4	1		1	3	1	
113	5	16	20	48	臺北市	大安區	大安區臥龍街188巷31號	25.0172062	121.5507266	0	0	1	2	8	7	5	14	9	1	5	4	5	13	4	4	9	4	5	2	14	4	2	1	3	1	10	1		1	3	12	
113	5	16	21	40	臺北市	中山區	中山區濱江街103號與濱江街口	25.0730677	121.5347537	0	0	1	2	8	5	5	3	1	1	5	4	5	13	4	4	3	4	5	2	15	1	15	1	7	1	8	1		1	3	5	
113	5	16	21	46	臺北市	大同區	大同區寧夏路與錦西街口	25.059365	121.5148315	0	0	1	2	7	5	5	4	1	1	5	4	5	13	2	1	5	5	5	2	17	4	5	1	6	1	10	1		1	3	17	
113	5	16	22	38	臺北市	文山區	文山區木新路2段與指南路1段口	24.9877086	121.5708518	0	0	1	2	8	5	5	4	1	1	5	4	5	13	1	1	10	5	5	2	16	1	5	1	6	1	10	1		1	2	14	
113	5	16	23	16	臺北市	大同區	大同區台北橋往西上橋處	25.063052	121.5103791	0	0	2	2	7	5	5	14	11	1	5	4	5	13	4	4	1	4	5	2	13	4	9	1	3	1	10	1		1	2	11	
113	5	16	23	30	臺北市	士林區	士林區中山北路5段與中山北路5段470巷口	25.09221992	121.5279059	0	0	1	2	8	5	5	3	1	1	5	4	5	13	4	4	1	4	5	2	16	4	6	1	3	9	8	1		1	3	2	
113	5	17	4	41	臺北市	大安區	大安區敦化南路1段190巷與忠孝東路4段77巷口	25.0426278	121.547216	0	0	1	2	8	7	5	4	1	1	5	4	5	13	4	4	10	5	5	2	15	4	9	1	3	1	2	1		1	3	1	
113	5	17	5	0	臺北市	內湖區	內湖區南京東路6段與堤頂大道1段口	25.0545424	121.5766333	0	0	1	2	8	5	5	4	1	1	5	4	5	13	2	1	1	4	1	1	17	1	5	1	7	1	8	1		1	3	5	
113	5	17	5	47	臺北市	萬華區	萬華區西寧南路與西寧南路287巷口	25.03890776	121.5063016	0	0	2	2	8	7	5	3	2	1	5	4	5	13	4	4	9	5	5	2	17	1	9	1	5	1	10	1		1	2	11	
113	5	17	5	56	臺北市	文山區	文山區和平東路4段與萬寧街口	25.0052323	121.5676274	0	0	1	2	8	6	5	5	1	1	5	4	5	13	1	1	5	5	5	2	17	4	1	1	3	1	10	1		2	2	14	
113	5	17	7	10	臺北市	大安區	大安區建國南路2段與瑞安街244巷口	25.0281768	121.5380048	0	0	1	2	8	6	5	4	1	1	5	4	5	13	4	4	5	5	5	2	15	4	15	1	3	1	8	1		2	3	2	
113	5	17	7	48	臺北市	信義區	信義區大道路與大道路28巷口	25.0419096	121.5818849	0	0	2	2	8	6	5	4	1	1	5	4	5	13	4	4	9	5	5	2	15	1	9	1	6	2	21	1		2	2	11	
113	5	17	7	54	臺北市	南港區	南港區福德街309巷與福德街339巷口	25.03948793	121.5885095	0	0	1	2	8	7	5	3	2	1	5	4	5	13	4	4	10	5	5	2	17	1	5	1	5	1	10	1		2	3	14	
113	5	17	7	54	臺北市	士林區	士林區延平北路7段106巷臨333號	25.1057631	121.4958511	0	0	1	2	8	6	5	14	9	1	5	4	5	13	4	4	10	5	5	1	17	4	1	1	3	2	8	1		1	3	5	
113	5	17	7	57	臺北市	萬華區	萬華區馬場町河濱公園往南自行車車道	25.02257063	121.5097217	0	0	2	2	8	7	7	14	23	1	5	4	5	13	4	4	8	5	5	2	1	1	9	8	4	1	20	1		1	2	15	
113	5	17	8	18	臺北市	大安區	大安區忠孝東路4段248巷與忠孝東路口側附近4段口	25.041291	121.5540734	0	0	1	2	8	6	5	3	1	1	5	4	5	13	4	4	1	4	5	2	16	4	6	1	3	1	8	1		1	3	2	
113	5	17	8	23	臺北市	北投區	北投區承德路6段與文承路口	25.1049537	121.5118178	0	0	2	2	8	6	5	14	9	1	5	4	5	13	1	1	9	4	4	2	12	1	9	1	5	1	10	1		1	2	12	
113	5	17	8	34	臺北市	士林區	士林區士東路200巷與士東路200巷15弄口	25.1118705	121.533737	0	0	1	2	8	6	5	3	2	1	5	4	5	13	4	4	5	5	5	2	17	1	11	1	7	1	8	1		1	3	4	
113	5	17	8	50	臺北市	中山區	中山區天祥路17號	25.0610552	121.5210768	0	0	1	2	8	7	5	14	9	1	5	4	5	13	4	4	9	5	5	1	17	1	6	1	6	2	10	1		1	2	11	