年	月	日	時	分	縣市	行政區	allLocation	GoogleLat	GoogleLng	死	2-30	受傷	當事人數	天候	道路照明設備	道路類別	道路型態	事故位置	路面狀況1	路面狀況2	路面狀況3	道路障礙1	道路障礙2	號誌1	號誌2	車道劃分-分向	車道劃分-分道1	車道劃分-分道2	車道劃分-分道3	事故類型及型態	行動電話	當事者行動狀態	駕駛資格情形	保護裝置	飲酒情形	駕駛執照種類	個人肇逃否	肇因碼-主要	性別	受傷程度	車輛撞擊部位1	車輛撞擊部位2
113	5	17	9	1	臺北市	北投區	北投區大度路3段往淡水方向第1205136號燈桿	25.1229403	121.4707817	0	0	1	4	8	6	5	14	9	1	5	4	5	13	4	4	1	4	5	2	38	1	9	1	7	2	8	1		1	3	1	
113	5	17	9	10	臺北市	士林區	士林區文林路與文林路714巷口	25.1023523	121.5208747	0	0	1	2	8	6	5	5	2	1	5	4	5	13	2	1	1	4	4	1	17	1	6	1	5	1	10	1		2	3	12	
113	5	17	9	22	臺北市	中山區	中山區民權東路2段67號前	25.0626036	121.5313841	0	0	1	2	8	5	5	14	9	1	5	4	5	13	4	4	1	4	5	2	13	4	9	1	5	1	10	1		1	2	11	
113	5	17	9	30	臺北市	內湖區	內湖區民權大橋東向西機慢車專用道	25.06651263	121.577416	0	0	3	3	8	6	5	8	11	1	5	4	5	13	4	4	1	4	5	2	13	1	9	1	5	1	10	1		1	2	11	
113	5	17	9	50	臺北市	南港區	南港區忠孝東路7段與向陽路口	25.0508812	121.5957628	0	0	1	2	8	7	5	4	2	1	2	4	5	13	1	1	1	1	4	2	17	1	9	1	2	1	8	1		1	3	15	
113	5	17	9	50	臺北市	大安區	大安區仁愛路3段與新生南路1段口	25.0379747	121.533192	0	0	1	2	8	6	5	4	4	1	5	4	5	13	2	1	1	4	5	2	13	1	9	1	5	1	10	1		1	2	11	
113	5	17	10	8	臺北市	松山區	松山區敦化北路100號	25.05257561	121.5487402	0	0	1	2	7	6	5	14	8	1	5	4	5	13	4	4	1	4	4	2	16	1	6	1	7	1	8	1		2	3	6	
113	5	17	10	26	臺北市	中山區	中山區林森北路與南京東路1段口	25.0519827	121.5254837	0	0	1	2	8	7	5	4	1	1	5	4	5	13	1	1	1	4	5	2	17	4	5	1	7	9	8	2		1	3	17	
113	5	17	10	38	臺北市	萬華區	萬華區艋舺大道與萬大路口	25.0328571	121.5007018	0	0	1	2	8	6	5	4	2	1	5	4	5	13	2	1	1	4	4	2	13	1	9	1	6	1	10	1		1	2	11	
113	5	17	10	40	臺北市	北投區	北投區北投路2段(燈桿1200903)	25.1336497	121.4968309	0	0	2	3	8	6	5	14	9	1	5	4	5	13	4	4	9	4	5	2	29	1	9	1	5	1	10	1		2	2	12	
113	5	17	11	20	臺北市	士林區	士林區百齡左岸河濱公園堤外便道	25.0889088	121.5121041	0	0	1	2	8	6	5	14	9	1	5	4	5	13	4	4	10	3	5	1	16	1	1	1	5	1	10	1		1	3	14	
113	5	17	11	47	臺北市	北投區	北投區文林北路與文林北路60巷口	25.1049792	121.5183297	0	0	2	4	8	6	5	3	1	1	5	4	5	13	4	4	1	4	4	2	17	1	1	1	7	1	8	1		1	3	8	12
113	5	17	11	48	臺北市	內湖區	內湖區民權東路6段與舊宗路1段口	25.0656365	121.5752386	0	0	1	2	8	5	5	4	1	1	5	4	5	13	1	1	5	4	5	2	16	1	5	1	7	2	8	1		2	3	5	
113	5	17	11	51	臺北市	中山區	中山區復興北路492號	25.0655272	121.5442038	0	0	1	2	8	5	5	14	9	1	5	4	5	13	4	4	1	4	5	2	13	4	9	1	3	1	10	1		2	2	11	
113	5	17	12	45	臺北市	中正區	中正區公園路15-3號	25.04077858	121.5158663	0	0	1	2	8	6	5	14	9	1	5	4	5	13	4	4	5	4	5	2	12	1	8	1	5	2	10	1		1	2	13	
113	5	17	12	46	臺北市	文山區	文山區木柵路4段與木柵路4段33巷口口	24.9939392	121.5715895	0	0	1	2	8	6	5	14	9	1	5	4	5	13	2	1	5	4	5	2	13	1	9	1	5	1	10	1		2	2	11	
113	5	17	12	48	臺北市	信義區	信義區松平路80號	25.0304904	121.566508	0	0	2	3	8	6	5	14	9	1	5	4	5	13	2	1	9	5	5	2	12	1	9	1	5	1	10	1		2	2	11	
113	5	17	13	3	臺北市	大同區	大同區環河北路1段與貴德街46巷口	25.0552423	121.5079366	0	0	2	4	8	5	5	3	2	1	5	4	5	13	4	4	10	4	5	2	17	4	6	1	3	2	10	1		1	2	13	
113	5	17	13	53	臺北市	文山區	文山區辛亥路4段與辛亥路4段101巷口	25.007164	121.5585619	0	0	2	3	8	6	5	14	9	1	5	4	5	13	2	1	1	4	5	2	16	1	7	1	7	1	8	1		2	3	5	
113	5	17	14	5	臺北市	萬華區	萬華區中華路2段與國興路口	25.02476501	121.5093231	0	0	1	2	7	6	5	4	1	1	2	4	5	13	2	1	9	4	5	1	17	4	5	1	3	2	2	1		1	3	17	
113	5	17	14	40	臺北市	萬華區	萬華區萬大路424巷與長泰街297巷口	25.0205016	121.4932453	0	0	1	2	8	5	5	4	1	1	5	4	5	13	4	4	9	5	5	2	15	4	9	1	5	1	10	1		1	2	12	
113	5	17	14	45	臺北市	士林區	士林區福林橋南往北	25.1002948	121.5266114	0	0	1	3	8	6	5	8	9	1	5	4	5	13	4	4	3	4	5	1	12	4	21	7	3	11	19	2		2	4	15	
113	5	17	15	2	臺北市	大安區	大安區四維路45號附近側附近	25.0346169	121.5481052	0	0	1	2	8	6	5	14	9	1	5	4	5	13	4	4	10	5	5	2	17	1	6	1	7	1	8	1		1	3	2	
113	5	17	15	9	臺北市	信義區	信義區吳興街156巷25弄與吳興街156巷口	25.0287866	121.5611305	0	0	1	2	8	5	5	3	1	1	5	4	5	13	4	4	10	5	5	2	15	1	9	1	5	1	10	1		1	3	11	
113	5	17	15	43	臺北市	松山區	松山區民生東路4段與民生東路4段112巷口	25.0581736	121.5544052	0	0	1	2	8	7	5	4	2	1	5	4	5	13	2	1	9	4	5	2	12	1	15	1	7	1	8	1		1	3	8	
113	5	17	15	52	臺北市	信義區	信義區忠孝東路5段373號	25.0409538	121.5750744	0	0	1	3	8	5	5	14	9	1	5	4	5	13	1	1	1	4	5	2	17	1	9	1	5	1	10	1		1	2	12	
113	5	17	16	28	臺北市	中山區	中山區吉林路55號	25.05352877	121.5301272	0	0	1	2	8	6	5	14	9	1	5	4	5	13	4	4	5	4	4	2	16	4	11	1	3	1	8	1		1	3	2	
113	5	17	16	48	臺北市	信義區	信義區信義路5段與基隆路2段口	25.0330227	121.5598059	0	0	1	2	8	7	5	4	1	1	5	4	5	13	2	1	3	4	5	2	17	1	5	1	7	1	4	1		1	3	4	
113	5	17	16	50	臺北市	中山區	中山區長安東路1段77巷與長安東路1段口	25.0484491	121.5281569	0	0	1	2	8	5	5	4	1	1	5	4	5	13	1	1	9	4	5	2	13	1	5	1	7	1	4	1		1	3	1	
113	5	17	16	52	臺北市	萬華區	萬華區武昌街2段與康定路口	25.045551	121.5034065	0	0	1	2	8	5	5	4	2	1	5	4	5	13	1	1	10	5	5	2	18	1	9	1	5	2	10	1		1	2	12	
113	5	17	16	53	臺北市	北投區	北投區西安街1段與文林北路94巷口	25.1078504	121.519895	0	0	1	2	8	5	5	4	1	1	5	4	5	13	1	1	9	4	5	2	29	1	9	1	5	2	10	1		1	2	11	
113	5	17	16	55	臺北市	南港區	南港區研究院路2段與舊莊街1段口	25.04252101	121.6168005	0	0	1	2	8	7	5	14	9	1	5	4	5	13	4	4	1	1	5	2	17	1	1	1	5	1	10	1		2	3	17	
113	5	17	17	11	臺北市	北投區	北投區中山北路7段219巷3弄280號	25.13293352	121.5304227	0	0	1	2	8	6	5	14	9	1	5	4	5	13	4	4	10	4	5	1	17	1	15	1	5	1	10	1		1	3	17	
113	5	17	17	29	臺北市	文山區	文山區秀明路1段221號斜對面	24.9916218	121.5699981	0	0	1	3	8	7	5	14	9	1	5	4	5	13	4	4	4	4	5	2	17	1	9	1	5	1	10	1		1	3	11	
113	5	17	17	40	臺北市	大同區	大同區民權西路144巷與民權西路102巷4弄口口	25.0616399	121.5159328	0	0	2	2	8	5	5	4	1	1	5	4	5	13	3	1	10	5	5	2	15	1	9	1	6	1	10	1		2	2	11	
113	5	17	18	4	臺北市	大安區	大安區信義路4段與敦化南路2段口	25.0331681	121.5484577	0	0	1	2	8	5	5	4	1	1	5	4	5	13	1	1	3	3	5	2	13	1	9	1	7	1	4	1		1	3	1	
113	5	17	18	20	臺北市	大安區	大安區敦化南路2段7號	25.0329182	121.549015	0	0	6	8	8	5	5	14	9	1	5	4	5	13	2	1	1	4	5	2	13	1	12	1	7	1	2	1		1	3	1	
113	5	17	18	42	臺北市	信義區	信義區松壽路與松高路20巷口口	25.03591	121.5675164	0	0	1	3	7	5	5	4	1	1	5	4	5	13	4	4	10	2	5	2	16	1	6	1	7	2	4	1		1	3	5	
113	5	17	18	52	臺北市	中正區	中正區忠孝東路2段121巷與臨沂街3巷口	25.04316184	121.5323461	0	0	1	2	7	5	5	4	1	1	5	4	5	13	4	4	10	5	5	2	16	4	6	1	7	2	4	1		1	3	8	
113	5	17	18	53	臺北市	信義區	信義區松仁路105號	25.0353603	121.5684962	0	0	1	2	8	5	5	14	9	1	5	4	5	13	4	4	1	4	5	2	16	1	6	1	7	1	8	1		1	3	2	
113	5	17	19	0	臺北市	大同區	大同區重慶北路3段與民權西路口	25.0631248	121.5137676	0	0	3	3	8	5	5	4	1	1	5	4	5	13	1	1	1	2	5	2	12	5	20	8	6	10	20	1		1	2	16	
113	5	17	19	18	臺北市	文山區	文山區萬盛街106巷與興隆路1段55巷27弄口	25.0043833	121.540931	0	0	1	2	8	5	5	3	2	1	5	4	4	13	4	4	5	5	5	2	17	1	9	1	7	4	4	1		1	3	5	
113	5	17	19	25	臺北市	北投區	北投區致遠二路137號	25.1172424	121.5128159	0	0	2	2	8	5	5	14	9	1	5	4	5	13	4	4	9	5	5	2	17	1	15	1	5	2	10	1		1	2	15	
113	5	17	19	50	臺北市	中正區	中正區重慶南路3段56號	25.0277283	121.5157471	0	0	1	2	8	5	5	14	9	1	5	4	5	13	4	4	1	4	5	2	12	1	9	1	7	2	8	1		2	3	2	
113	5	17	20	34	臺北市	松山區	松山區健康路與光復北路口	25.0534323	121.5567286	0	0	1	3	7	5	5	4	1	1	5	4	5	13	1	1	9	4	5	2	12	1	9	8	4	1	20	1		2	2	12	
113	5	17	21	0	臺北市	信義區	信義區信義路5段91巷與信義路5段口	25.0329436	121.5716501	0	0	1	2	7	5	5	3	2	1	5	4	5	13	3	1	5	5	5	2	16	4	6	1	3	1	8	1		1	3	1	
113	5	17	21	14	臺北市	文山區	文山區保儀路與保儀路26巷口	24.9885624	121.5686122	0	0	1	2	8	5	5	4	1	1	5	4	5	13	3	1	10	5	5	2	17	4	1	1	3	1	10	1		1	2	11	
113	5	17	21	20	臺北市	中山區	中山區長春路與遼寧街口	25.0546319	121.5421877	0	0	1	2	8	5	5	4	2	1	5	4	5	13	2	1	5	4	5	2	16	4	5	1	3	2	8	1		1	3	2	
113	5	17	22	15	臺北市	中正區	中正區開封街1段34巷與開封街1段口	25.0460985	121.5148152	0	0	1	2	7	5	5	3	1	1	5	4	5	13	4	4	10	5	5	2	16	4	5	1	7	1	4	1		2	3	5	
113	5	17	22	16	臺北市	北投區	北投區北投路2段北投捷運站1號出口	25.13220154	121.4979082	0	0	1	2	8	5	5	14	9	1	5	4	5	13	1	1	5	4	5	2	17	1	1	1	6	2	10	1		1	2	14	
113	5	17	22	33	臺北市	大安區	大安區忠孝東路4段223巷10弄8號	25.0420572	121.5532787	0	0	1	3	8	5	5	14	9	1	5	4	5	13	4	4	10	5	5	2	17	1	14	1	7	1	8	1		1	3	2	
113	5	17	22	35	臺北市	中山區	中山區民權西路1號	25.06291956	121.5222602	0	0	1	2	8	5	5	14	9	1	5	4	5	13	4	4	5	4	5	2	13	1	9	1	6	1	10	1		1	2	11	
113	5	17	22	56	臺北市	信義區	信義區松壽路12號	25.0358544	121.565882	0	0	1	2	8	5	5	14	9	1	5	4	5	13	4	4	9	4	5	2	17	1	8	1	7	2	8	1		1	3	7	
113	5	17	23	11	臺北市	大安區	大安區仁愛路4段266巷與仁愛路4段300巷26弄口口	25.0364444	121.5527835	0	0	1	2	7	5	5	5	1	1	5	4	5	13	4	4	9	4	5	2	15	1	9	8	4	1	20	1		1	2	13	
113	5	17	23	15	臺北市	大安區	大安區辛亥路3段21巷與敦南街口口	25.0223788	121.5466609	0	0	2	2	7	5	5	4	1	1	5	4	5	13	4	4	9	4	5	2	15	1	9	1	5	1	10	1		1	2	12	
113	5	17	23	25	臺北市	中山區	中山區北安路與北安路518巷口	25.0796799	121.5460657	0	0	2	2	8	5	5	3	2	1	5	4	3	10	4	4	1	4	5	2	2	5	16	8	4	10	20	1		1	2	16	
113	5	17	23	40	臺北市	士林區	士林區天母東路22巷與天母東路口	25.1180224	121.5325869	0	0	1	2	8	5	5	4	1	1	5	4	5	13	2	1	1	5	5	1	3	1	6	1	7	1	8	1		2	3	1	
113	5	17	23	50	臺北市	文山區	文山區和平東路4段與萬寧街口	25.0050739	121.5678209	0	0	2	2	8	5	5	5	1	1	5	4	5	13	1	1	10	5	5	2	17	4	15	1	3	2	10	1		1	2	14	
113	5	18	0	48	臺北市	萬華區	萬華區康定路與康定路25巷口	25.0440723	121.5027446	0	0	1	2	7	5	5	4	1	1	5	4	5	13	4	4	9	5	5	2	16	1	1	1	7	1	8	1		1	3	8	
113	5	18	5	21	臺北市	中山區	中山區錦州街157巷與錦州街口	25.05210779	121.5228558	0	0	1	2	8	7	5	4	2	1	5	4	5	13	4	4	4	3	4	1	16	1	6	1	7	1	8	1		2	3	4	
113	5	18	5	56	臺北市	萬華區	萬華區萬大路與萬大路486巷口	25.0196535	121.4973918	0	0	1	2	8	6	5	3	1	1	5	4	5	13	4	4	9	4	5	2	17	1	6	6	7	1	8	1		1	3	8	
113	5	18	6	29	臺北市	大安區	大安區建國南路1段177號	25.0391894	121.5382808	0	0	1	2	8	6	5	14	8	1	5	4	5	13	4	4	1	4	4	1	17	1	9	1	5	9	10	1		2	2	11	
113	5	18	7	5	臺北市	松山區	松山區八德路4段425號	25.0496776	121.5699218	0	0	2	2	8	7	6	14	8	1	5	4	5	13	4	4	5	4	4	2	13	1	9	1	6	1	10	1		1	2	11	
113	5	18	7	24	臺北市	中正區	中正區福州街與牯嶺街口	25.0282879	121.5177835	0	0	1	4	8	6	5	4	1	1	5	4	5	13	1	1	5	4	5	2	17	1	6	1	7	2	8	1		1	3	6	
113	5	18	7	25	臺北市	萬華區	萬華區中興橋接環河南路一段引道	25.0438575	121.501384	0	0	1	2	8	7	8	11	17	1	5	4	5	13	4	4	5	5	5	2	18	1	5	1	7	2	3	1		1	2	8	
113	5	18	7	30	臺北市	大安區	大安區大安路1段與大安路1段175巷口	25.0364941	121.5460733	0	0	1	2	8	7	5	4	1	1	5	4	5	13	4	4	8	3	5	1	17	4	8	1	3	1	8	1		2	3	2	
113	5	18	8	7	臺北市	中正區	中正區林森南路132號旁車行地下道	25.03323448	121.5184772	0	0	1	3	8	6	5	14	9	1	5	4	5	13	4	4	10	4	5	1	17	1	9	1	6	1	9	1		1	2	11	
113	5	18	8	10	臺北市	士林區	士林區後街與文林路594巷口	25.0981114	121.5245593	0	0	2	3	8	7	5	4	1	1	5	4	5	13	4	4	10	5	5	1	15	1	9	1	5	1	10	1		1	2	11	
113	5	18	8	24	臺北市	中正區	中正區中華路2段313巷與中華路2段315巷5弄口	25.0289659	121.5061019	0	0	2	2	8	6	5	4	1	1	5	4	5	13	4	4	10	4	5	1	15	1	9	1	5	2	10	1		1	2	12	
113	5	18	8	28	臺北市	中山區	中山區長春路258巷2弄與南京東路3段89巷27弄口	25.0541332	121.538829	0	0	1	2	8	6	5	4	1	1	5	4	5	13	4	4	10	5	5	2	15	4	9	1	3	1	8	1		1	3	4	
113	5	18	9	5	臺北市	中山區	中山區林森北路380號	25.05856951	121.5255251	0	0	3	3	8	7	5	14	9	1	5	4	5	13	4	4	9	5	5	2	12	1	8	1	6	1	10	1		1	2	12	
113	5	18	9	25	臺北市	萬華區	萬華區堤外便道華江雁鴨自然公園自行車道（燈桿3014668）	25.038385	121.4934226	0	0	1	2	8	5	7	14	23	1	5	4	5	13	4	4	10	5	5	1	17	4	11	8	4	1	20	1		2	3	16	
113	5	18	10	20	臺北市	南港區	南港區興南街64巷東新國小旁	25.05540693	121.6021687	0	0	1	2	8	7	5	14	9	1	5	4	5	13	4	4	4	1	5	2	12	1	1	1	5	1	10	1		1	2	14	
113	5	18	10	20	臺北市	士林區	士林區中正路588號	25.08710758	121.5100455	0	0	1	2	8	7	5	14	9	1	5	4	5	13	4	4	10	2	5	1	17	1	8	1	7	2	8	1		2	3	4	
113	5	18	10	24	臺北市	信義區	信義區市民大道6段與松山路口口	25.049349	121.5778224	0	0	1	3	8	6	5	4	1	1	5	4	5	13	2	1	1	4	5	2	13	1	9	1	7	2	8	1		1	3	5	
113	5	18	10	25	臺北市	中山區	中山區龍江路356巷與五常街53巷口	25.06598997	121.5396579	0	0	1	2	8	6	5	4	1	1	5	4	5	13	4	4	10	5	5	2	15	1	9	1	6	1	10	1		1	2	12	
113	5	18	10	30	臺北市	中山區	中山區復興北路與復興北路514巷口	25.06605946	121.5442082	0	0	1	2	8	7	5	3	1	1	5	4	5	13	4	4	1	4	5	2	16	1	6	1	7	1	8	1		1	3	6	
113	5	18	10	42	臺北市	士林區	士林區福林路與福林路100巷口	25.0957184	121.5311052	0	0	2	3	8	6	5	3	1	1	5	4	5	13	3	1	5	5	5	2	13	3	9	1	7	1	4	1		1	3	1	
113	5	18	11	6	臺北市	北投區	北投區知行路360號旁	25.1174481	121.4632924	0	0	1	2	8	6	5	14	9	1	5	4	5	13	4	4	9	5	5	2	17	1	13	1	7	2	8	1		1	3	4	
113	5	18	11	21	臺北市	大安區	大安區延吉街237號	25.0365992	121.5557359	0	0	2	2	8	5	5	14	9	1	5	4	5	13	4	4	4	3	5	2	3	1	9	1	5	9	10	1		2	2	11	
113	5	18	11	45	臺北市	士林區	士林區至善路2段與故宮路口	25.0978063	121.5461068	0	0	3	6	8	6	5	4	2	1	5	4	5	13	2	1	1	2	5	2	17	1	9	3	7	1	18	1		1	3	4	
113	5	18	11	53	臺北市	內湖區	內湖區內湖路1段91巷與文湖街口	25.08668508	121.5628355	0	0	2	4	8	6	5	5	2	1	5	4	5	13	2	1	5	5	5	2	17	1	5	1	7	2	8	1		1	3	6	
113	5	18	11	53	臺北市	松山區	松山區民生東路3段156號	25.0576653	121.5474967	0	0	1	2	8	6	5	14	9	1	5	4	5	13	4	4	1	4	5	2	13	1	9	1	5	1	9	1		1	2	11	
113	5	18	12	8	臺北市	文山區	文山區萬芳路22號前	24.99591504	121.570671	0	0	1	2	8	7	6	14	9	1	5	4	5	13	4	4	5	4	5	2	16	4	11	1	3	1	8	1		1	3	4	
113	5	18	12	20	臺北市	信義區	信義區永吉路120巷與永吉路30巷101弄口	25.043518	121.5702258	0	0	2	2	8	5	5	4	1	1	5	4	5	13	1	1	5	5	5	1	16	1	4	1	6	1	10	1		2	2	12	
113	5	18	13	0	臺北市	萬華區	萬華區康定路63號	25.04108803	121.5022311	0	0	1	2	8	6	5	14	9	1	5	4	5	13	4	4	5	5	5	2	17	1	9	1	6	2	10	1		1	2	11	
113	5	18	13	4	臺北市	中山區	中山區敬業三路與北安路口	25.08467718	121.55598	0	0	1	2	8	5	5	14	9	1	5	4	5	13	1	1	1	4	4	2	13	4	9	1	3	2	10	1		1	2	15	
113	5	18	13	15	臺北市	信義區	信義區信安街與嘉興街219巷口口	25.0256168	121.5567246	0	0	2	4	8	6	8	4	1	1	5	4	5	13	1	1	5	4	5	2	17	1	5	1	7	1	8	1		2	3	2	
113	5	18	13	18	臺北市	萬華區	萬華區堤外便道與桂林路口雁鴨公園入口處	25.030935	121.4881965	0	0	1	2	8	7	5	3	1	1	5	4	5	13	4	4	5	5	5	2	16	1	1	1	7	1	8	1		1	3	4	
113	5	18	13	25	臺北市	南港區	南港區三重路與重陽路口	25.0622053	121.6132872	0	0	1	2	8	6	5	4	18	1	5	4	5	13	2	1	1	3	5	2	2	4	6	1	3	1	8	1		1	3	8	
113	5	18	13	27	臺北市	大安區	大安區師大路137號	25.0215621	121.5280103	0	0	2	3	8	5	5	14	9	1	5	4	5	13	4	4	4	3	5	2	16	1	5	1	7	1	4	1		1	3	4	
113	5	18	13	28	臺北市	大同區	大同區重慶北路3段與敦煌路口	25.0761272	121.5137442	0	0	1	2	8	5	5	5	2	1	5	4	5	13	4	4	9	4	5	2	12	1	15	1	5	2	11	1		2	2	14	
113	5	18	13	29	臺北市	文山區	文山區景華街與仙岩路口	24.9982876	121.547729	0	0	1	2	8	6	5	3	18	1	5	4	5	13	2	1	9	5	5	2	3	1	5	1	7	1	8	1		1	3	1	
113	5	18	13	35	臺北市	內湖區	內湖區康樂街61巷73弄與康樂街61巷口	25.0702559	121.6197073	0	0	1	3	8	5	5	3	1	1	5	4	5	13	4	4	10	5	5	2	9	1	6	1	6	1	10	1		1	3	11	
113	5	18	13	44	臺北市	中正區	中正區牯嶺街95巷與晉江街4巷口口	25.02564202	121.5205074	0	0	1	2	8	6	5	3	1	1	5	4	5	13	4	4	10	5	5	1	17	1	5	1	7	1	6	1		1	3	1	
113	5	18	13	44	臺北市	文山區	文山區興隆路2段244巷3號	25.0008277	121.5537741	0	0	1	2	8	6	5	14	9	1	5	4	5	13	4	4	9	5	5	2	16	1	6	1	7	1	8	1		1	3	2	
113	5	18	13	50	臺北市	信義區	信義區吳興街與吳興街220巷口	25.0277281	121.563126	0	0	1	2	8	7	5	4	1	1	5	4	5	13	1	1	5	5	5	2	17	4	5	1	3	1	10	1		2	2	11	
113	5	18	14	40	臺北市	大安區	大安區辛亥路2段(辛亥新生東側迴轉道口)	25.0226707	121.5352991	0	0	1	2	8	6	5	3	2	1	5	4	5	13	1	1	1	4	5	2	12	1	9	1	7	1	7	1		1	3	2	
113	5	18	14	45	臺北市	中正區	中正區水源路與永春街200巷口	25.0152238	121.5261064	0	0	1	3	8	6	5	3	1	1	5	4	5	13	1	1	5	4	5	2	17	1	5	1	7	2	4	1		1	3	4	
113	5	18	15	6	臺北市	中山區	中山區中山北路4段圓山飯店下坡口	25.07828513	121.5256302	0	0	1	2	8	6	5	14	9	1	5	4	5	13	1	1	1	4	5	2	13	1	9	1	6	1	10	1		1	2	11	
113	5	18	15	25	臺北市	內湖區	內湖區潭美街551號旁	25.06081979	121.6006275	0	0	1	2	8	6	5	14	9	1	5	4	5	13	4	4	5	5	5	2	9	1	9	1	5	1	10	1		1	2	17	
113	5	18	15	45	臺北市	大同區	大同區延平北路1段與南京西路口	25.0537683	121.5115288	0	0	1	3	8	6	5	14	9	1	5	4	5	13	2	1	4	4	5	2	17	4	15	1	3	1	8	1		1	3	4	
113	5	18	16	16	臺北市	松山區	松山區北寧路與八德路3段口	25.0483759	121.5525638	0	0	1	2	8	7	5	4	4	1	5	4	5	13	1	1	9	4	5	2	13	1	1	1	7	1	8	1		2	3	5	
113	5	18	16	20	臺北市	中山區	中山區復興北路與復興北路514巷口	25.0660637	121.544221	0	0	1	2	7	7	5	4	2	1	5	4	5	13	4	4	1	4	5	2	12	4	7	1	3	1	4	1		1	3	2	
113	5	18	16	45	臺北市	北投區	北投區大業路527巷(064號燈桿前)	25.1340881	121.4782846	0	0	1	2	8	5	5	22	9	1	5	4	5	13	4	4	9	5	5	2	18	1	9	1	5	11	10	1		1	2	12	
113	5	18	16	56	臺北市	內湖區	內湖區內湖路1段與內湖路1段1巷口	25.08486223	121.558482	0	0	4	6	8	5	5	4	4	1	5	4	5	13	2	1	3	4	4	2	17	4	12	1	3	2	8	1		2	3	17	
113	5	18	17	32	臺北市	大安區	大安區仁愛路4段222巷與仁愛路4段266巷口	25.0364159	121.5527691	0	0	1	2	7	7	5	5	1	1	5	4	3	13	4	4	4	3	5	1	15	1	9	1	5	1	10	1		2	2	11	
113	5	18	17	57	臺北市	文山區	文山區恆光街與恆光街14巷口	24.9828087	121.5668973	0	0	1	2	8	6	5	4	1	1	5	4	5	13	4	4	10	5	5	2	3	4	9	1	3	2	10	1		2	3	11	
113	5	18	17	58	臺北市	信義區	信義區松高路1號	25.0392217	121.5640218	0	0	1	2	8	7	8	14	9	1	5	4	5	13	4	4	10	4	5	2	17	1	15	1	7	1	8	1		1	3	1	
113	5	18	18	3	臺北市	中正區	中正區新生南路1段148-1號	25.0351759	121.5325615	0	0	1	2	8	7	5	14	9	1	5	4	5	13	4	4	3	2	4	1	18	1	9	1	6	2	10	1		1	2	12	
113	5	18	18	7	臺北市	松山區	松山區八德路3段與延吉街口	25.04826	121.5533096	0	0	1	2	7	5	5	3	1	1	5	4	5	13	1	1	9	4	5	2	16	1	9	1	5	1	10	1		1	3	11	
113	5	18	18	52	臺北市	信義區	信義區松勤街與莊敬路口	25.0320944	121.5613585	0	0	1	3	8	5	5	4	2	1	5	4	5	13	2	1	9	4	5	2	13	1	5	1	7	1	8	1		1	3	8	
113	5	18	19	6	臺北市	中山區	中山區市民大道2段與長安東路1段52巷口	25.0470383	121.5278422	0	0	1	2	8	5	5	3	1	1	5	4	5	13	2	1	1	4	5	2	16	4	6	1	3	1	8	1		1	3	5	
113	5	18	19	52	臺北市	大安區	大安區復興南路1段與大安路1段116巷口	25.0398187	121.5438929	0	0	2	3	7	5	5	4	18	1	5	4	5	13	2	1	1	3	5	2	3	1	5	1	7	2	8	1		1	3	8	
113	5	18	19	56	臺北市	文山區	文山區木柵路1段與辛亥路7段口	24.9878317	121.5524775	0	0	1	2	8	6	5	4	1	1	5	4	5	13	1	1	5	4	4	2	17	1	8	1	5	2	10	1		2	2	12	
113	5	18	20	12	臺北市	北投區	北投區承德路7段與石牌路1段口	25.1123971	121.5092019	0	0	3	3	8	5	5	4	1	1	5	4	5	13	2	1	2	1	4	1	16	5	20	8	3	10	20	1		2	2	17	
113	5	18	20	30	臺北市	中正區	中正區愛國西路與重慶南路1段口	25.0356047	121.5125788	0	0	2	2	8	5	5	4	1	1	5	4	5	13	1	1	10	5	5	2	15	1	9	1	5	2	10	1		1	2	11	
113	5	18	20	37	臺北市	文山區	文山區木新路2段299巷與木新路3段45巷7弄口	24.9823161	121.5654726	0	0	1	2	8	5	5	4	1	1	5	4	5	13	4	4	10	5	5	2	15	4	9	1	3	2	10	1		2	2	12	
113	5	18	20	54	臺北市	信義區	信義區永吉路225巷與永吉路225巷52弄口口	25.0473365	121.5742393	0	0	1	2	7	5	5	3	1	1	5	4	5	13	4	4	10	5	5	2	17	1	5	1	7	2	8	1		1	3	8	
113	5	18	21	0	臺北市	中正區	中正區汀州路1段與西藏路口	25.0306652	121.5071935	0	0	2	4	8	6	5	4	1	1	5	4	5	13	2	1	5	4	5	2	16	1	5	1	5	1	10	1		2	2	11	
113	5	18	21	35	臺北市	北投區	北投區軟橋街與文林北路5巷口	25.0999864	121.5172475	0	0	1	2	8	5	5	3	1	1	5	4	5	13	4	4	5	4	5	2	16	1	5	1	7	2	8	1		2	3	1	
113	5	18	22	10	臺北市	中正區	中正區中華路1段與忠孝西路1段口	25.0477528	121.5100654	0	0	1	2	8	5	5	4	4	1	5	4	5	13	1	1	1	4	5	2	13	1	9	1	7	2	8	1		1	3	5	
113	5	18	22	35	臺北市	信義區	信義區松仁路與松平路口	25.0304654	121.5682563	0	0	2	3	8	5	5	14	9	1	5	4	5	13	4	4	9	4	5	2	13	5	17	8	5	10	20	1		2	2	16	