年	月	日	時	分	縣市	行政區	allLocation	GoogleLat	GoogleLng	死	2-30	受傷	當事人數	天候	道路照明設備	道路類別	道路型態	事故位置	路面狀況1	路面狀況2	路面狀況3	道路障礙1	道路障礙2	號誌1	號誌2	車道劃分-分向	車道劃分-分道1	車道劃分-分道2	車道劃分-分道3	事故類型及型態	行動電話	當事者行動狀態	駕駛資格情形	保護裝置	飲酒情形	駕駛執照種類	個人肇逃否	肇因碼-主要	性別	受傷程度	車輛撞擊部位1	車輛撞擊部位2
113	5	18	22	44	臺北市	信義區	信義區松壽路6號	25.0358721	121.5647415	0	0	1	2	8	5	5	14	9	1	5	4	5	13	4	4	9	4	5	2	17	1	8	1	7	1	8	1		2	3	17	
113	5	18	22	45	臺北市	中正區	中正區凱達格蘭大道與凱達格蘭大道口二二八公園人行道	25.03994086	121.5145846	0	0	1	2	7	7	5	14	20	1	5	5	4	13	4	4	10	5	5	2	18	4	9	8	2	1	20	1		3	2	17	
113	5	18	23	44	臺北市	大同區	大同區環河北路1段與長安西路口	25.05233379	121.5073408	0	0	1	2	8	5	5	3	1	1	5	4	5	13	3	1	1	5	5	2	16	1	6	1	7	2	2	1		1	3	6	
113	5	18	23	47	臺北市	大安區	大安區忠孝東路4段22號	25.041543	121.5442767	0	0	1	3	8	5	5	14	9	1	5	4	5	13	4	4	1	4	5	2	12	1	7	1	7	1	8	1		1	3	4	
113	5	19	0	13	臺北市	中山區	中山區中山北路3段往南花博公園公車站	25.0696789	121.5231053	0	0	1	2	7	5	5	14	9	1	5	4	5	13	4	4	9	4	5	2	18	4	7	1	3	1	8	1		1	3	17	
113	5	19	0	28	臺北市	信義區	信義區松山路292巷與虎林街口	25.0433012	121.5771675	0	0	1	2	8	5	8	4	1	1	5	4	5	13	4	4	9	5	5	1	15	1	9	1	6	1	10	1		1	2	12	
113	5	19	1	16	臺北市	中正區	中正區中山南路與青島東路口	25.0444266	121.5193494	0	0	2	2	7	5	6	4	1	1	5	4	5	13	1	1	10	4	5	2	16	4	15	1	6	1	10	1		1	2	12	
113	5	19	1	44	臺北市	大安區	大安區忠孝東路4段與敦化南路1段口	25.0416328	121.5485917	0	0	2	3	8	5	5	4	1	1	5	4	5	13	1	1	10	5	5	2	17	1	6	1	7	1	8	1		1	3	15	12
113	5	19	7	30	臺北市	內湖區	內湖區大湖街145號	25.10492929	121.6083183	0	0	2	3	8	6	5	11	9	1	5	4	5	13	4	4	10	5	5	1	11	1	9	1	7	2	8	1		1	3	8	
113	5	19	7	30	臺北市	北投區	北投區大度路3段第041號燈桿前	25.12213138	121.4857588	0	0	1	2	8	7	5	14	12	1	5	4	5	13	4	4	1	4	1	1	13	1	9	1	5	1	10	1		1	2	11	
113	5	19	7	52	臺北市	松山區	松山區南京東路5段與寶清街口口	25.0511421	121.5688075	0	0	1	2	8	5	5	14	9	1	5	4	5	13	4	4	1	4	5	2	9	1	9	1	7	1	2	1		1	3	17	
113	5	19	8	10	臺北市	萬華區	萬華區忠孝橋往北市機車道	25.0490101	121.5057095	0	0	2	2	8	5	5	8	11	1	5	4	5	13	4	4	10	4	3	2	17	4	7	1	6	1	10	1		2	2	14	
113	5	19	8	16	臺北市	文山區	文山區景文街55號與景美街口口	24.9915587	121.5414251	0	0	1	2	8	6	5	3	19	1	5	4	5	13	4	4	5	5	4	2	9	1	6	1	7	8	8	1		1	3	1	
113	5	19	9	47	臺北市	中山區	中山區敬業三路162巷與敬業三路口	25.0792407	121.5563592	0	0	1	2	8	6	5	4	1	1	5	4	5	13	1	1	1	4	5	2	16	4	5	1	3	1	8	1		1	3	2	
113	5	19	9	55	臺北市	萬華區	萬華區堤外便道與水源快速道路口	25.01457214	121.4991302	0	0	2	3	8	6	5	3	1	1	5	4	5	13	4	4	9	4	5	1	17	4	11	1	3	1	8	1		1	3	5	
113	5	19	10	7	臺北市	大安區	大安區基隆路4段與羅斯福路4段口	25.0115198	121.5373043	0	0	1	2	8	7	5	5	1	1	5	4	5	13	2	1	1	3	5	1	13	4	9	1	5	1	10	1		2	2	11	
113	5	19	10	40	臺北市	中山區	中山區龍江路394巷與五常街53巷口	25.0672296	121.539671	0	0	2	2	8	6	5	4	1	1	5	4	5	13	4	4	10	5	5	2	15	1	9	1	5	1	10	1		2	2	14	12
113	5	19	10	45	臺北市	中山區	中山區建國北路1段與長安東路2段口	25.0483569	121.536451	0	0	2	3	8	7	5	4	1	1	5	4	5	13	1	1	9	4	5	2	16	1	9	1	6	1	10	1		1	3	14	
113	5	19	11	2	臺北市	中山區	中山區民族東路與建國北路口側附近3段113巷口	25.0680959	121.5363323	0	0	2	3	8	7	5	3	1	1	5	4	5	13	1	1	1	4	4	2	17	4	6	1	3	1	7	2		1	3	6	
113	5	19	11	5	臺北市	北投區	北投區西安街1段325號	25.11325495	121.5161692	0	0	1	2	8	7	5	14	9	1	5	4	5	13	4	4	10	4	5	2	17	1	9	1	5	1	8	1		2	2	14	
113	5	19	11	35	臺北市	中正區	中正區開封街1段延平南路13-1號	25.04601368	121.5109851	0	0	2	4	8	6	5	14	9	1	5	4	5	13	4	4	10	4	5	2	17	1	9	1	5	1	10	1		1	2	11	
113	5	19	12	0	臺北市	南港區	南港區忠孝東路6段458號	25.05041	121.5942245	0	0	1	2	8	7	5	14	9	1	5	4	5	13	4	4	5	4	5	2	12	1	7	1	7	1	4	1		1	3	5	
113	5	19	12	4	臺北市	大安區	大安區信義路4段186巷與敦化南路2段11巷口	25.0325421	121.5516023	0	0	1	2	8	6	5	4	1	1	5	4	5	13	2	1	5	5	5	2	17	1	5	1	7	2	2	1		1	3	6	
113	5	19	12	10	臺北市	大同區	大同區鄭州路與太原路11巷口口	25.0490161	121.5157175	0	0	1	3	8	6	5	3	1	1	5	4	5	13	4	4	8	3	5	2	12	1	15	1	6	1	10	1		2	2	14	
113	5	19	13	22	臺北市	內湖區	內湖區民權東路6段與行忠路171巷口	25.067559	121.580826	0	0	1	2	8	7	5	3	2	1	5	4	5	13	4	4	1	4	5	2	12	1	7	1	2	1	8	1		1	3	4	
113	5	19	13	30	臺北市	中正區	中正區中山南路與凱達格蘭大道口	25.0387819	121.5173203	0	0	2	3	8	6	5	5	1	1	5	4	5	13	1	1	1	4	5	2	13	1	15	1	6	2	10	1		2	2	11	
113	5	19	13	45	臺北市	信義區	信義區福德街84巷與福德街84巷1弄口	25.0374659	121.5813814	0	0	1	2	8	6	5	3	2	1	5	4	5	13	4	4	9	5	5	1	17	4	15	1	3	1	8	1		1	3	4	
113	5	19	13	56	臺北市	中正區	中正區中正橋(往台北市方向)	25.02108054	121.5164244	0	0	1	3	8	6	5	8	9	1	5	4	1	13	4	4	1	4	5	2	20	5	20	8	5	10	20	1		3	2	16	
113	5	19	13	57	臺北市	中正區	中正區林森南路與徐州路口	25.04100977	121.5222359	0	0	1	2	8	6	5	4	2	1	5	4	5	13	2	1	5	4	5	2	12	1	8	1	5	1	10	1		1	3	13	
113	5	19	14	16	臺北市	大安區	大安區市民大道4段與光復南路口	25.04494579	121.5576834	0	0	1	2	7	5	5	4	2	1	5	4	5	13	2	1	10	4	5	2	16	4	6	1	3	1	8	1		1	3	2	
113	5	19	16	46	臺北市	大安區	大安區忠孝東路4段223巷與忠孝東路4段205巷7弄口	25.0419662	121.5529515	0	0	2	3	7	6	5	4	2	1	5	4	5	13	4	4	10	5	5	2	16	1	6	1	7	1	8	1		2	3	8	
113	5	19	16	46	臺北市	萬華區	萬華區艋舺大道與康定路口	25.03309358	121.5005129	0	0	2	2	8	5	5	4	1	1	5	4	5	13	1	1	1	4	5	2	17	4	8	1	5	1	10	1		1	2	12	
113	5	19	16	55	臺北市	中山區	中山區美堤河濱公園自行車道24號燈桿	25.07442935	121.5646467	0	0	2	2	8	6	5	14	23	1	5	4	5	13	4	4	9	5	5	2	17	4	7	8	3	9	20	1		1	2	11	
113	5	19	17	3	臺北市	大同區	大同區鄭州路與西寧北路口	25.0505913	121.5081454	0	0	1	3	7	6	5	4	2	1	5	4	5	13	1	1	1	4	5	2	17	1	9	1	7	1	8	1		1	3	5	
113	5	19	18	43	臺北市	信義區	信義區市民大道5段與基隆路1段口口	25.0489379	121.5688515	0	0	1	2	7	5	8	22	22	1	5	4	5	13	1	1	1	4	5	2	17	1	6	1	7	2	8	1		1	3	1	
113	5	19	19	9	臺北市	大安區	大安區新生南路3段與新生南路3段86巷口	25.0187305	121.5334077	0	0	1	2	7	5	5	14	9	1	5	4	5	13	4	4	10	5	5	2	14	1	2	1	7	1	7	1		1	3	3	
113	5	19	19	15	臺北市	士林區	士林區至誠路1段與雨聲街口	25.1012546	121.5337607	0	0	2	3	8	5	5	3	1	1	5	4	5	13	3	1	5	5	5	1	17	1	5	1	5	2	10	1		2	2	12	
113	5	19	19	31	臺北市	松山區	松山區八德路4段650號後方(市民大道六段上)	25.04944227	121.5751419	0	0	1	2	8	5	5	14	9	1	5	4	5	13	4	4	9	4	5	2	17	1	6	3	7	2	18	1		1	3	6	
113	5	19	19	50	臺北市	文山區	文山區景美堤外便道(北向南，溪洲疏散門)	24.99847638	121.5351411	0	0	2	2	8	5	8	14	23	1	5	4	5	13	4	4	5	5	5	1	3	1	9	8	4	1	20	1		1	2	11	
113	5	19	19	52	臺北市	松山區	松山區光復北路1號	25.0488032	121.5579368	0	0	1	2	7	5	5	14	9	1	5	4	5	13	4	4	1	3	5	2	9	1	14	1	3	11	2	1		2	3	15	
113	5	19	20	37	臺北市	萬華區	萬華區中華路2段與泉州街34巷口	25.02429026	121.5114471	0	0	2	3	8	5	5	3	2	1	5	4	5	13	4	4	5	5	4	2	17	1	9	1	5	1	10	1		2	2	11	
113	5	19	21	38	臺北市	北投區	北投區中央北路4段與中央北路4段316巷口	25.13084745	121.4727435	0	0	1	2	8	5	5	3	1	1	5	4	5	13	1	1	4	4	5	2	17	1	11	1	7	2	8	1		1	3	7	
113	5	19	22	4	臺北市	信義區	信義區永吉路443巷9弄與永吉路443巷口口	25.0466378	121.5783491	0	0	3	3	7	5	8	4	1	1	5	4	5	13	4	4	10	5	5	2	15	1	9	1	6	1	10	1		2	2	11	
113	5	19	22	10	臺北市	中正區	中正區汀州路2段79號前	25.02552438	121.5171425	0	0	1	2	7	5	5	14	9	1	5	4	5	13	4	4	4	4	5	1	12	1	11	1	5	9	10	1		2	2	14	
113	5	19	22	39	臺北市	中山區	中山區建國北路3段與民權東路2段口	25.0622205	121.5367313	0	0	1	2	7	5	5	4	1	1	5	4	5	13	2	1	3	2	5	2	17	4	9	1	3	11	8	2		1	4	15	
113	5	19	22	45	臺北市	松山區	松山區三民路與延壽街口	25.0569103	121.5635874	0	0	1	2	7	5	5	4	1	1	5	4	5	13	2	1	1	5	5	2	16	1	5	1	7	1	4	1		1	3	2	
113	5	19	23	12	臺北市	士林區	士林區文林路與中正路口	25.094994	121.524664	0	0	3	3	8	5	5	4	1	1	5	4	5	13	2	1	5	4	5	2	17	4	5	1	3	2	10	1		1	2	14	
113	5	19	23	17	臺北市	中山區	中山區雙城街32巷3-1號	25.0662575	121.5232584	0	0	1	2	8	5	5	14	9	5	5	4	5	13	4	4	10	5	5	2	8	1	9	1	7	2	8	1		1	3	2	
113	5	19	23	44	臺北市	萬華區	萬華區堤外便道龍山095桿	25.0418529	121.4995139	0	0	2	2	7	5	5	14	11	1	5	4	5	13	4	4	4	4	5	2	12	1	8	1	5	1	10	1		1	2	12	
113	5	20	7	17	臺北市	文山區	文山區萬芳路東往西上(北市捷運局柱子編號10017對面)	24.99755949	121.562815	0	0	2	2	7	6	5	14	9	1	5	4	5	13	4	4	5	4	5	2	13	1	9	8	4	11	20	1		1	2	11	
113	5	20	8	5	臺北市	中山區	中山區民權西路與天祥路口	25.0627957	121.5207432	0	0	1	3	8	7	5	4	1	1	5	4	5	13	2	1	1	4	5	2	12	4	9	1	3	2	2	1		1	3	2	
113	5	20	8	8	臺北市	南港區	南港區南港路2段142號	25.0533448	121.6005458	0	0	1	2	8	6	5	14	7	2	5	4	5	13	4	4	5	4	4	2	3	5	18	8	4	10	20	1		1	3	17	
113	5	20	8	20	臺北市	大安區	大安區信義路2段與永康街口	25.0336237	121.5300791	0	0	1	2	8	7	5	4	1	1	5	4	5	13	2	1	10	3	5	1	15	4	1	1	3	2	8	1		1	3	5	
113	5	20	8	31	臺北市	士林區	士林區中正路511號	25.0913482	121.5171687	0	0	1	2	7	6	5	14	9	1	5	4	5	13	4	4	3	4	5	2	12	1	9	1	6	2	8	1		2	2	14	
113	5	20	8	35	臺北市	大安區	大安區新生南路3段與辛亥路2段口	25.0224759	121.5344953	0	0	2	2	8	6	5	3	1	1	5	4	5	13	1	1	3	4	5	2	12	4	9	1	6	1	10	1		2	2	14	
113	5	20	8	40	臺北市	中正區	中正區和平西路2段45號前	25.0289355	121.5126615	0	0	1	2	8	6	5	14	9	1	5	4	5	13	4	4	1	4	5	1	12	1	8	1	7	2	8	1		1	3	8	
113	5	20	8	45	臺北市	信義區	信義區松智路與松勤街口	25.031994	121.5653627	0	0	1	2	7	6	5	4	1	1	5	4	5	13	1	1	9	5	5	2	17	4	9	1	5	2	10	1		1	2	11	
113	5	20	8	45	臺北市	內湖區	內湖區康寧路3段與安康路口	25.0649347	121.6109686	0	0	1	2	7	6	5	4	1	1	5	4	5	13	2	1	1	4	5	2	17	1	6	1	7	2	8	1		1	3	2	
113	5	20	9	45	臺北市	中正區	中正區汀州路3段與思源街口	25.0149062	121.5321721	0	0	1	2	8	6	5	3	1	1	5	4	5	13	1	1	3	4	5	2	17	1	6	1	5	2	10	1		1	3	12	
113	5	20	9	46	臺北市	大同區	大同區重慶北路2段與保安街口	25.0593872	121.5135163	0	0	1	2	8	5	5	4	2	1	5	4	5	13	1	1	9	4	5	1	16	4	14	1	3	9	10	1		2	2	14	
113	5	20	10	25	臺北市	內湖區	內湖區成功路2段與成功交流道口東南角	25.06426334	121.5908808	0	0	1	2	7	6	5	4	1	1	5	4	5	13	2	1	1	4	5	2	16	1	6	1	7	2	8	1		1	3	5	
113	5	20	11	7	臺北市	大同區	大同區重慶北路3段與重慶北路3段236巷口口	25.06997646	121.5138092	0	0	1	3	8	5	5	5	1	1	5	4	5	13	2	1	1	4	5	2	15	1	1	1	7	2	2	1		1	3	5	
113	5	20	11	24	臺北市	萬華區	萬華區寶興街222巷與德昌街185巷27弄口	25.02213703	121.4947287	0	0	1	2	8	6	5	4	1	1	5	4	5	13	4	4	10	5	5	1	15	1	9	1	5	1	10	1		2	2	12	
113	5	20	11	34	臺北市	大同區	大同區迪化街1段307巷與安西街口	25.0621531	121.5097291	0	0	1	2	7	6	5	14	9	1	5	4	5	13	4	4	10	5	5	2	9	1	9	1	7	2	8	1		1	3	2	
113	5	20	11	36	臺北市	松山區	松山區光復南路與光復南路6巷口	25.04761952	121.5577382	0	0	1	2	7	6	5	3	2	1	5	4	5	13	4	4	3	4	5	2	17	1	6	1	7	11	8	2		1	3	5	
113	5	20	11	44	臺北市	萬華區	萬華區康定路與桂林路口	25.03839032	121.5017553	0	0	1	2	8	6	5	4	1	1	5	4	5	13	2	1	5	5	5	2	16	1	9	1	7	1	2	1		1	3	1	
113	5	20	12	10	臺北市	信義區	信義區基隆路1段與永吉路口口	25.0456913	121.5672415	0	0	1	2	8	6	5	5	2	1	5	4	5	13	1	1	1	4	5	2	15	4	9	1	3	2	4	1		1	3	1	
113	5	20	12	15	臺北市	大同區	大同區民生西路與雙連街口	25.057471	121.519201	0	0	2	2	7	6	5	3	1	1	5	4	5	13	2	1	4	4	5	2	16	4	5	1	3	1	10	1		1	2	13	
113	5	20	12	51	臺北市	大同區	大同區民生西路247-1號	25.0570848	121.5148699	0	0	2	2	7	6	5	14	9	1	5	4	5	13	4	4	5	2	5	2	17	1	9	1	6	1	10	1		1	2	11	
113	5	20	13	0	臺北市	北投區	北投區中央北路3段與中央北路3段220巷口	25.1363437	121.4807679	0	0	1	2	7	6	5	3	2	1	5	4	5	13	2	1	5	4	5	2	13	1	11	1	7	2	8	1		1	3	6	
113	5	20	13	15	臺北市	中正區	中正區濟南路2段與杭州南路1段口	25.0415814	121.5262934	0	0	1	2	8	7	5	4	2	1	5	4	5	13	1	1	9	5	5	1	13	1	9	1	6	2	9	1		1	2	11	
113	5	20	13	16	臺北市	大安區	大安區敦化南路2段62號	25.03035	121.5485115	0	0	2	4	8	6	5	14	9	1	5	4	5	13	4	4	10	4	5	1	12	4	9	1	6	1	10	1		1	2	14	
113	5	20	13	38	臺北市	大安區	大安區大安路1段159號	25.0371184	121.5460762	0	0	1	3	8	5	5	14	9	1	5	4	5	13	4	4	4	3	5	2	17	1	15	1	7	1	4	1		1	3	6	
113	5	20	13	40	臺北市	內湖區	內湖區陽光街254號	25.0733548	121.5773609	0	0	1	2	7	7	5	14	9	1	5	4	5	13	4	4	5	5	5	2	12	1	1	1	7	1	8	1		1	3	8	
113	5	20	14	30	臺北市	北投區	北投區大業路527巷與中央北路2段257巷口	25.1376646	121.4909313	1	0	0	2	7	6	5	3	1	1	5	4	5	13	2	1	5	5	5	2	10	1	15	6	6	9	18	1		1	1	11	
113	5	20	14	30	臺北市	大安區	大安區忠孝東路4段26巷往北近復興南路一段219巷	25.0388871	121.544381	0	0	1	2	7	7	5	14	9	1	5	4	5	13	4	4	10	5	5	2	1	1	9	1	7	2	8	2		1	3	4	
113	5	20	15	4	臺北市	大安區	大安區和平東路3段113號	25.0244932	121.5514071	0	0	1	2	8	5	5	14	9	1	5	4	5	13	4	4	7	4	5	2	16	1	6	1	5	1	10	1		2	3	12	
113	5	20	15	13	臺北市	中正區	中正區博愛路與寶慶路口	25.0410627	121.511403	0	0	1	2	8	5	5	4	2	1	5	4	5	13	1	1	5	4	5	2	17	1	7	1	7	2	8	1		1	3	8	
113	5	20	15	40	臺北市	中山區	中山區大直街與大直街124巷口	25.0842032	121.5488134	0	0	1	2	8	7	5	4	1	1	5	4	5	13	4	4	5	4	5	2	17	4	5	1	3	2	8	1		1	3	8	
113	5	20	16	33	臺北市	中正區	中正區公園路11巷	25.0456121	121.5176421	0	0	1	2	8	6	5	14	9	1	5	4	5	13	4	4	10	5	5	2	18	1	15	1	5	9	10	1		1	2	15	
113	5	20	16	42	臺北市	大安區	大安區和平東路3段與敦化南路2段口	25.0244874	121.5490041	0	0	2	2	7	5	5	4	1	1	5	4	5	13	2	1	10	4	3	2	15	4	9	1	3	2	10	1		2	2	11	
113	5	20	16	50	臺北市	士林區	士林區德行東路240號與德行東路口	25.109491	121.5334937	0	0	1	2	8	5	5	3	1	1	5	4	5	13	4	4	5	5	5	1	17	1	5	1	6	1	10	1		2	3	12	
113	5	20	17	19	臺北市	文山區	文山區新光路2段與新光路2段74巷口	24.9962324	121.5939192	0	0	1	2	7	5	5	3	2	1	5	4	5	13	4	4	5	5	5	1	11	1	9	2	6	2	18	1		1	2	15	
113	5	20	17	43	臺北市	松山區	松山區南京東路5段與塔悠路口	25.0512604	121.5706447	0	0	1	2	8	5	5	4	1	1	5	4	5	13	1	1	1	4	5	2	17	1	8	1	6	1	10	1		1	2	12	
113	5	20	17	46	臺北市	中正區	中正區博愛路與寶慶路口口	25.0411906	121.5114298	0	0	1	3	8	5	5	4	2	1	5	4	5	13	2	1	9	4	5	1	9	1	9	1	5	2	10	1		2	2	14	
113	5	20	17	59	臺北市	信義區	信義區和平東路3段341巷與和平東路3段391巷8弄口	25.02097	121.5570224	0	0	2	2	8	5	8	4	1	1	5	4	5	13	4	4	9	3	5	2	17	4	15	1	3	1	10	1		1	2	11	
113	5	20	18	5	臺北市	中正區	中正區忠孝東路2段與八德路1段口	25.0434783	121.5289868	0	0	1	3	8	5	5	3	2	1	5	4	5	13	1	1	1	3	4	2	12	1	8	1	7	1	4	1		1	3	5	
113	5	20	18	20	臺北市	中正區	中正區林森南路地下道	25.0374386	121.5211934	0	0	2	2	8	5	5	14	9	1	5	4	5	13	4	4	10	4	5	1	17	1	9	1	5	1	10	1		2	2	11	
113	5	20	18	30	臺北市	大安區	大安區辛亥路1段與羅斯福路3段口	25.0200823	121.5291543	0	0	2	2	7	5	5	22	20	4	5	4	5	13	4	4	10	5	5	2	9	4	9	8	4	9	20	2		1	2	11	
113	5	20	18	50	臺北市	內湖區	內湖區民權大橋	25.0640174	121.569666	0	0	1	2	7	5	5	8	9	1	5	4	5	13	4	4	2	4	5	1	29	4	14	1	6	1	10	2		4	2	13	
113	5	20	18	57	臺北市	中正區	中正區忠孝東路1段與林森北路口	25.0446991	121.5233094	0	0	2	3	8	5	5	4	1	1	5	4	5	13	1	1	1	4	1	2	12	1	9	1	7	1	8	1		1	3	5	
113	5	20	19	22	臺北市	大同區	大同區民生西路239號	25.0571577	121.5148379	0	0	1	3	7	5	5	14	9	1	5	4	5	13	4	4	5	4	5	2	17	4	12	1	7	1	4	1		1	3	3	
113	5	20	19	31	臺北市	松山區	松山區光復南路與八德路4段口	25.0481797	121.557955	0	0	1	2	8	5	5	4	1	1	5	4	5	13	2	1	9	4	5	2	15	1	9	1	6	2	10	1		1	2	11	
113	5	20	20	20	臺北市	中正區	中正區中山南路與徐州路口	25.0417831	121.5184273	0	0	1	2	8	5	5	3	2	1	5	4	5	13	1	1	1	4	5	2	17	1	5	1	7	2	8	1		1	3	8	
113	5	20	20	58	臺北市	北投區	北投區中和街與珠海路口	25.13829582	121.5025465	0	0	2	2	8	5	5	4	2	1	5	4	5	13	2	1	8	3	5	2	17	1	5	3	5	1	18	1		2	2	14	
113	5	20	21	45	臺北市	士林區	士林區中山北路6段與中山北路6段277巷口	25.1104366	121.5253375	0	0	1	2	8	5	5	3	2	1	5	4	5	13	4	4	1	4	5	2	13	4	9	8	4	2	20	1		1	2	11	
113	5	20	22	18	臺北市	中山區	中山區新生北路1段與吉林路22巷口	25.05104273	121.5281592	0	0	2	2	8	5	5	3	2	1	5	4	5	13	4	4	1	5	5	2	12	1	7	1	6	1	10	1		2	2	12	
113	5	20	22	27	臺北市	萬華區	萬華區堤外便道北往南忠孝橋下（燈桿3011738）	25.0492575	121.5055047	0	0	1	3	7	5	7	11	11	1	5	4	5	13	4	4	8	3	5	1	23	4	9	1	3	1	9	1		1	2	11	
113	5	20	23	3	臺北市	中山區	中山區新生北路2段與錦州街口	25.060274	121.5278452	0	0	2	3	6	5	5	3	1	1	4	4	5	13	4	4	1	4	5	2	16	1	6	1	6	1	10	1		2	3	17	
113	5	20	23	4	臺北市	大同區	大同區承德路3段34號	25.0645984	121.5181955	0	0	1	2	7	5	5	14	9	1	5	4	5	13	4	4	1	3	5	1	12	4	9	1	3	2	10	1		1	3	12	
113	5	20	23	38	臺北市	信義區	信義區松壽路與松智路口	25.0358885	121.5653274	0	0	1	2	7	5	5	4	1	1	4	4	5	13	2	1	8	3	5	2	17	4	15	1	3	1	8	1		1	3	2	
113	5	21	0	45	臺北市	內湖區	內湖區內湖路2段355巷與內湖路3段口	25.08460518	121.5927479	0	0	1	2	6	5	5	4	1	1	4	4	5	13	4	4	5	5	5	2	17	1	9	1	6	1	10	1		2	2	11	
113	5	21	6	58	臺北市	中山區	中山區北安路與敬業二路口	25.0851461	121.5543298	0	0	2	2	7	7	5	14	9	1	5	4	5	13	4	4	1	4	1	2	12	1	8	1	5	2	10	1		1	2	12	
113	5	21	7	23	臺北市	信義區	信義區信義路6段77號	25.0359301	121.5776636	0	0	2	2	7	7	5	14	9	1	4	4	5	13	4	4	9	4	5	2	12	1	7	1	5	9	10	1		2	2	14	
113	5	21	7	34	臺北市	信義區	信義區基隆路2段77號	25.0297464	121.5576606	0	0	1	2	8	6	5	14	9	1	5	4	5	13	1	1	3	4	5	2	9	1	12	1	7	2	2	1		1	3	17	
113	5	21	7	47	臺北市	信義區	信義區松德路與虎林街口	25.038716	121.5767843	0	0	1	2	6	7	5	4	1	1	4	4	5	13	1	1	9	4	4	2	16	1	5	1	7	2	8	1		1	3	2	
113	5	21	7	48	臺北市	大安區	大安區羅斯福路2段與和平東路1段口	25.0270043	121.5226429	0	0	3	3	7	6	5	4	1	1	5	4	5	13	2	1	1	4	5	2	17	4	9	1	6	1	10	1		1	2	14	
113	5	21	7	50	臺北市	士林區	士林區大南路與小西街口	25.08980222	121.5233286	0	0	2	2	7	7	5	4	1	1	5	4	5	13	4	4	10	5	5	1	17	1	9	1	5	1	10	1		1	2	11	
113	5	21	8	1	臺北市	中正區	中正區貴陽街1段往東(北一女)旁	25.0386272	121.5146168	0	0	3	4	8	5	5	14	9	1	5	4	5	13	4	4	5	4	5	1	17	1	9	1	5	1	10	1		1	2	11	
113	5	21	8	10	臺北市	文山區	文山區景華街與景華街121巷口	24.995976	121.5471798	0	0	2	2	8	6	8	3	1	1	5	4	5	13	4	4	10	5	5	2	16	1	5	1	6	1	10	1		2	2	14	
113	5	21	8	17	臺北市	士林區	士林區承德路5段55號兒童新樂園門口(士商路側)	25.0963651	121.5154199	0	0	1	2	8	6	5	11	9	1	5	4	5	13	3	1	10	4	5	1	9	1	5	1	6	1	9	1		1	3	11	
113	5	21	8	20	臺北市	中山區	中山區大佳河濱公園9號水門	25.05587685	121.5496392	0	0	1	2	7	7	5	3	1	1	5	4	5	13	4	4	9	4	5	2	11	1	1	1	7	3	8	1		1	3	2	
113	5	21	8	38	臺北市	內湖區	內湖區內湖路2段103巷119弄66號	25.0845103	121.5817815	0	0	1	2	6	5	8	14	9	1	4	4	5	13	4	4	5	4	5	2	13	1	7	1	7	2	4	1		1	3	3	
113	5	21	8	50	臺北市	內湖區	內湖區康寧路3段16巷與康寧路3段26巷口	25.07173003	121.6077712	0	0	1	2	6	6	5	4	1	1	4	4	5	13	4	4	10	5	5	2	15	1	9	1	6	1	10	1		2	3	12	
113	5	21	8	53	臺北市	南港區	南港區研究院路1段與研究院路1段151巷口	25.0491445	121.6158092	0	0	1	2	6	6	5	4	1	1	4	4	5	13	1	1	1	4	5	2	16	1	5	1	5	1	10	1		1	2	14	
113	5	21	8	56	臺北市	中山區	中山區南京東路2段140號	25.0518446	121.534428	0	0	1	2	8	6	5	14	9	1	5	4	5	13	4	4	1	5	5	1	13	4	9	1	3	1	10	1		2	2	11	
113	5	21	9	0	臺北市	松山區	松山區長安東路2段與復興北路口	25.0482759	121.5444715	0	0	1	3	7	6	5	4	2	1	5	4	5	13	1	1	5	4	5	2	13	1	9	1	5	1	10	1		1	3	11	
113	5	21	9	5	臺北市	文山區	文山區木柵路4段與木柵路4段33巷口口	24.9940436	121.5715584	0	0	1	2	7	6	5	3	1	1	4	3	5	13	2	1	5	4	5	2	18	1	5	1	6	2	9	1		1	2	14	
113	5	21	9	23	臺北市	中山區	中山區錦西街與民生西路3巷口	25.0602952	121.5219504	0	0	1	2	7	7	5	4	1	1	5	4	5	13	4	4	10	5	5	2	15	1	15	1	7	1	8	1		2	3	8	
113	5	21	9	50	臺北市	大同區	大同區民權西路144巷與民權西路160巷26弄口	25.0616184	121.5159315	0	0	1	2	7	6	5	4	1	1	5	4	5	13	3	1	10	5	5	2	17	1	9	1	7	1	8	1		1	3	1	
113	5	21	10	0	臺北市	文山區	文山區景華街128巷與景華街128巷2弄口	24.9954276	121.5473448	0	0	2	3	8	6	5	4	1	1	5	4	5	13	4	4	10	5	5	2	15	1	9	1	7	1	4	1		1	3	4	
113	5	21	10	11	臺北市	萬華區	萬華區堤外便道接水源快速道路匝道	25.0161741	121.4983461	0	0	1	2	7	6	5	3	1	1	5	4	5	13	4	4	9	5	5	2	16	4	11	1	3	1	8	1		2	3	2	
113	5	21	10	25	臺北市	中山區	中山區民族西路與中山北路3段口	25.068488	121.5228097	0	0	1	2	8	6	5	4	1	1	5	4	5	13	1	1	1	4	1	2	12	1	9	1	5	1	10	1		1	3	14	
113	5	21	10	25	臺北市	北投區	北投區行義路與泉源路口	25.14391332	121.526852	0	0	2	3	7	7	5	4	1	1	4	4	5	13	1	1	5	5	5	1	17	1	6	1	7	1	8	1		2	3	17	