年	月	日	時	分	縣市	行政區	allLocation	GoogleLat	GoogleLng	死	2-30	受傷	當事人數	天候	道路照明設備	道路類別	道路型態	事故位置	路面狀況1	路面狀況2	路面狀況3	道路障礙1	道路障礙2	號誌1	號誌2	車道劃分-分向	車道劃分-分道1	車道劃分-分道2	車道劃分-分道3	事故類型及型態	行動電話	當事者行動狀態	駕駛資格情形	保護裝置	飲酒情形	駕駛執照種類	個人肇逃否	肇因碼-主要	性別	受傷程度	車輛撞擊部位1	車輛撞擊部位2
113	5	21	10	30	臺北市	南港區	南港區三重路與三重路41巷口	25.0598885	121.614609	0	0	1	2	6	6	5	3	1	1	4	4	5	13	4	4	5	4	5	2	16	4	5	1	3	1	7	1		1	3	8	
113	5	21	10	40	臺北市	文山區	文山區木柵路3段與木新路1段口	24.9904951	121.5706794	0	0	1	2	7	5	5	3	2	1	4	4	5	13	2	1	10	5	5	1	13	1	9	1	6	1	9	1		1	2	11	
113	5	21	11	15	臺北市	大安區	大安區基隆路3段與長興街口	25.0172603	121.5445064	0	0	1	2	8	6	5	4	2	1	5	4	5	13	1	1	10	4	5	2	29	1	9	1	6	1	10	1		3	2	12	
113	5	21	11	29	臺北市	萬華區	萬華區和平西路3段與和平西路3段286巷口	25.0353435	121.4949498	0	0	1	2	8	5	5	4	1	1	5	4	5	13	4	4	9	5	4	2	16	1	5	1	7	1	8	1		1	3	8	
113	5	21	11	40	臺北市	大安區	大安區市民大道4段與延吉街口口	25.0442255	121.5544092	0	0	1	2	8	6	5	4	2	1	4	4	5	13	2	1	1	3	5	1	17	4	15	1	3	2	8	1		1	3	5	
113	5	21	12	0	臺北市	南港區	南港區福德街310巷與成福路178巷口	25.0416378	121.5868026	0	0	1	2	6	7	5	3	2	1	4	4	5	13	4	4	9	5	5	2	17	4	9	1	6	1	10	1		1	2	17	
113	5	21	12	10	臺北市	士林區	士林區天母西路38巷與中山北路6段405巷口	25.1180619	121.526087	0	0	1	2	6	6	5	4	2	1	4	4	5	13	4	4	9	5	5	2	17	1	15	1	6	1	10	1		2	2	12	
113	5	21	12	27	臺北市	信義區	信義區吳興街220巷與信安街67巷口	25.0258288	121.5606948	0	0	1	2	8	7	5	3	2	1	5	4	5	13	2	1	9	5	5	2	18	1	9	1	5	1	10	1		2	2	12	
113	5	21	12	30	臺北市	信義區	信義區基隆路1段與基隆路1段102巷口	25.0453935	121.5668409	0	0	2	3	7	6	5	3	1	1	5	4	5	13	4	4	3	4	5	2	17	5	20	8	6	10	20	1		2	2	17	
113	5	21	12	35	臺北市	士林區	士林區文昌路154巷與文林路587巷口	25.09803329	121.521198	0	0	2	2	6	6	5	3	1	1	4	4	5	13	4	4	10	5	5	2	17	1	15	8	4	2	20	1		1	2	14	
113	5	21	13	5	臺北市	松山區	松山區八德路4段與南京東路5段66巷22弄口	25.048339	121.5594025	0	0	2	2	6	6	5	3	1	1	4	4	5	13	4	4	5	4	5	2	3	5	16	8	4	1	20	1		1	2	16	
113	5	21	13	20	臺北市	內湖區	內湖區基湖路39號	25.0794977	121.5663112	0	0	1	2	6	5	5	14	9	1	4	4	5	13	4	4	5	4	5	2	13	1	9	1	7	1	4	1		1	3	1	
113	5	21	13	33	臺北市	大安區	大安區基隆路3段與辛亥路3段口口	25.0193153	121.5477316	0	0	1	2	8	6	5	4	1	1	4	4	5	13	2	1	1	3	5	1	17	4	15	1	3	1	8	1		1	3	4	
113	5	21	13	50	臺北市	中山區	中山區民生東路1段23巷與林森北路口	25.0592447	121.5255393	0	0	1	2	7	6	5	4	1	1	5	4	5	13	1	1	5	4	5	2	17	1	5	1	7	1	8	1		1	2	8	
113	5	21	14	23	臺北市	中山區	中山區北安路586號與北安路588巷口	25.08122971	121.5486362	0	0	1	2	6	7	5	4	1	1	4	4	5	13	1	1	3	4	5	2	13	1	9	1	7	1	8	1		2	3	1	
113	5	21	14	35	臺北市	萬華區	萬華區環河南路1段58號	25.04823859	121.5055743	0	0	2	2	8	7	5	14	9	1	5	4	5	13	4	4	5	4	5	2	3	5	18	8	4	10	20	1		1	2	16	
113	5	21	15	7	臺北市	大安區	大安區文昌街與通化街口	25.0324037	121.5542842	0	0	1	2	7	6	5	4	1	1	5	4	5	13	1	1	4	5	5	2	17	1	11	1	7	1	8	1		1	3	4	
113	5	21	15	35	臺北市	中山區	中山區長安東路2段與建國北路1段口	25.0484023	121.536548	0	0	1	2	8	7	5	4	1	1	5	4	5	13	2	1	9	4	5	2	17	1	5	3	5	1	18	1		2	2	14	
113	5	21	16	49	臺北市	北投區	北投區中央南路1段與光明路口	25.1330989	121.5014914	0	0	1	2	6	5	5	5	2	1	5	4	5	13	3	1	9	4	5	2	3	1	5	1	7	1	8	1		1	3	1	
113	5	21	17	12	臺北市	內湖區	內湖區文德路218號(內湖高中)	25.0785314	121.5868083	0	0	1	2	6	6	5	14	8	1	4	4	5	13	4	4	1	4	4	2	17	1	1	1	7	1	8	1		2	3	17	
113	5	21	17	36	臺北市	信義區	信義區基隆路1段35巷7弄與松信路口	25.0478263	121.5722069	0	0	1	2	6	5	5	3	2	1	4	4	5	13	1	1	5	5	4	2	17	4	11	1	3	1	8	1		1	3	17	
113	5	21	17	58	臺北市	信義區	信義區莊敬路與松勤街口	25.0320498	121.5612729	0	0	1	2	6	5	5	4	2	1	4	4	5	13	2	1	5	2	5	2	17	1	8	1	5	1	10	1		2	2	12	
113	5	21	18	3	臺北市	文山區	文山區信義快速道路(文山隧道往信義)	25.02109538	121.5780624	0	0	3	5	6	5	5	6	7	2	4	4	5	13	4	4	10	2	5	1	36	4	9	1	3	2	2	1		1	3	8	
113	5	21	18	15	臺北市	中正區	中正區青島東路8號	25.0438453	121.5219095	0	0	1	2	6	5	5	14	8	1	4	4	5	13	4	4	9	5	4	2	14	1	2	1	7	2	8	1		1	3	6	
113	5	21	18	47	臺北市	士林區	士林區福林路與福林路251巷口	25.0985428	121.5352777	0	0	1	2	6	5	5	3	2	1	4	4	5	13	4	4	5	4	5	2	17	4	8	1	3	1	8	1		1	3	8	
113	5	21	19	2	臺北市	內湖區	內湖區文德路214號	25.0784777	121.584665	0	0	2	3	6	5	5	14	7	1	4	4	5	13	4	4	1	4	4	2	13	1	12	1	6	1	10	1		2	2	11	
113	5	21	19	6	臺北市	中正區	中正區牯嶺街與廈門街113巷口	25.0233824	121.5189525	0	0	1	2	7	5	5	4	1	1	4	4	5	13	2	1	10	5	5	2	1	5	16	8	4	10	20	1		2	2	16	
113	5	21	19	10	臺北市	中山區	中山區建國高架道長安東匝道	25.04717479	121.5368324	0	0	2	2	6	5	5	10	7	1	4	4	5	13	4	4	1	4	5	2	12	4	9	1	3	2	8	1		1	2	8	
113	5	21	19	15	臺北市	信義區	信義區吳興街361巷與莊敬路口	25.0268395	121.5678295	0	0	1	2	6	5	5	3	1	1	4	4	5	13	4	4	9	4	5	2	16	4	5	1	3	1	8	1		1	3	5	
113	5	21	19	31	臺北市	信義區	信義區基隆路2段52號	25.0313564	121.5585014	0	0	1	2	6	5	8	22	22	1	4	4	5	13	4	4	1	4	5	2	17	1	8	1	2	1	4	1		1	3	17	
113	5	21	20	0	臺北市	文山區	文山區興隆路4段與興隆路4段66巷口	24.98483182	121.5615585	0	0	1	2	6	5	5	14	9	1	4	4	5	13	4	4	1	4	1	2	16	1	9	1	6	1	10	1		1	2	11	12
113	5	21	21	11	臺北市	松山區	松山區南京東路3段與南京東路3段303巷口	25.0518941	121.5468592	0	0	1	2	7	5	5	3	2	1	5	4	5	13	1	1	1	3	4	2	13	1	9	1	6	1	10	1		1	2	11	
113	5	21	22	30	臺北市	大同區	大同區南京西路與太原路口	25.0537019	121.5161145	0	0	1	2	8	5	5	4	1	1	4	4	5	13	2	1	9	4	5	2	16	1	5	1	7	2	8	1		1	3	6	
113	5	21	22	45	臺北市	信義區	信義區忠孝東路5段與中坡南路口	25.0440157	121.58191	0	0	1	2	8	5	5	4	2	1	5	4	5	13	2	1	1	2	5	2	13	1	9	1	6	1	10	1		2	2	11	
113	5	21	23	46	臺北市	中山區	中山區錦西街與中山北路2段口	25.0602257	121.5229389	0	0	1	2	7	5	5	4	1	1	5	4	5	13	2	1	1	4	5	2	3	1	5	1	7	1	4	1		1	3	1	
113	5	22	0	30	臺北市	大同區	大同區鄭州路與環河北路1段口	25.0506004	121.5058801	0	0	2	2	7	5	5	5	1	1	5	4	5	13	2	1	5	4	5	2	17	4	9	1	5	1	9	1		1	2	11	
113	5	22	1	53	臺北市	文山區	文山區和平東路4段(電燈桿244號)	25.00152739	121.5723153	0	0	1	2	6	5	5	11	9	1	4	4	5	13	4	4	5	5	5	1	12	1	9	1	6	2	10	2		1	2	11	12
113	5	22	2	48	臺北市	大安區	大安區忠孝東路4段147巷與敦化南路1段187巷口	25.0426008	121.5496587	0	0	1	3	7	5	5	4	1	1	4	4	5	13	4	4	5	5	5	2	15	1	9	1	5	1	10	1		1	3	11	
113	5	22	5	34	臺北市	松山區	松山區南京東路4段與敦化北路口	25.0518414	121.5494074	0	0	1	2	7	6	5	4	2	1	4	4	5	13	1	1	1	3	4	2	18	1	12	1	5	1	10	1		1	2	14	
113	5	22	6	55	臺北市	文山區	文山區木柵路3段與萬壽橋口口	24.991499	121.5710999	0	0	1	2	7	6	5	4	1	1	5	4	5	13	2	1	5	4	5	2	13	1	9	1	5	1	10	1		2	2	11	
113	5	22	7	6	臺北市	文山區	文山區辛亥路4段與辛亥路4段101巷口	25.0066752	121.5585758	0	0	1	2	7	6	5	3	1	1	4	4	5	13	2	1	5	4	5	2	12	1	8	1	7	1	8	1		1	3	7	
113	5	22	7	38	臺北市	大安區	大安區和平東路2段與和平東路2段36巷口	25.0256643	121.5370414	0	0	2	2	6	6	5	3	2	1	4	4	5	13	4	4	1	4	5	2	12	4	9	1	6	1	10	1		1	2	14	
113	5	22	7	45	臺北市	中正區	中正區中山北路1段與忠孝東路1段口口	25.0459538	121.5198581	0	0	1	2	8	5	5	14	9	1	5	4	5	13	2	1	9	4	5	1	12	4	7	7	3	11	19	2		4	4	4	
113	5	22	7	51	臺北市	內湖區	內湖區民權東路6段135巷11弄與民權東路6段135巷口	25.06966255	121.5941297	0	0	1	2	7	6	5	4	1	1	4	4	5	13	4	4	10	5	5	2	15	1	9	1	7	1	8	1		2	3	1	
113	5	22	7	55	臺北市	大同區	大同區萬全街與民生西路171巷口	25.0579783	121.5167031	0	0	2	3	6	6	5	4	1	1	4	4	5	13	4	4	10	5	5	2	15	4	9	1	6	1	10	1		2	2	11	
113	5	22	8	5	臺北市	信義區	信義區忠孝東路5段375號	25.0408845	121.5764771	0	0	1	2	6	7	5	14	9	1	4	4	5	13	1	1	9	4	5	2	17	1	1	1	7	1	4	1		1	3	17	
113	5	22	8	15	臺北市	士林區	士林區倫等街42巷與倫等街口	25.0926934	121.5014215	0	0	1	2	8	5	5	3	2	1	5	4	5	13	4	4	10	5	5	2	17	4	15	1	3	1	8	1		1	3	3	
113	5	22	8	29	臺北市	內湖區	內湖區東湖路106巷與東湖路口	25.06845645	121.6154047	0	0	1	2	7	5	5	14	9	1	5	4	5	13	4	4	5	4	5	2	12	1	7	1	7	1	6	1		1	3	2	
113	5	22	8	31	臺北市	信義區	信義區嘉興街216號與嘉興街216巷口	25.0268556	121.5566731	0	0	2	2	6	6	5	3	1	1	4	4	5	13	4	4	5	5	5	2	16	1	9	1	5	2	10	1		1	2	11	
113	5	22	8	44	臺北市	北投區	北投區明德路90號停車格旁	25.11683183	121.5205079	0	0	1	2	6	7	5	22	9	1	4	4	5	13	4	4	9	5	5	2	17	1	2	1	7	2	8	1		1	3	4	
113	5	22	8	45	臺北市	中山區	中山區民族東路與林森北路口	25.0683527	121.5257364	0	0	1	2	6	5	5	3	1	1	4	4	5	13	1	1	1	4	5	2	16	1	9	1	7	1	8	1		1	3	1	
113	5	22	8	56	臺北市	大安區	大安區仁愛路4段105巷仁愛敦化圓環(外環)	25.0383417	121.549986	0	0	3	3	8	6	8	22	22	1	4	4	5	13	1	1	4	1	5	1	17	4	15	1	3	1	10	1		1	2	14	
113	5	22	9	14	臺北市	大安區	大安區濟南路3段與仁愛路3段31巷口	25.0401233	121.5345351	0	0	1	2	6	6	5	3	1	1	4	4	5	13	4	4	5	5	5	2	17	4	12	1	6	1	9	1		1	3	17	
113	5	22	9	16	臺北市	中山區	中山區新生北路1段69號旁	25.0498971	121.5286837	0	0	1	2	7	6	5	14	9	1	5	4	5	13	2	1	10	5	5	2	13	1	9	1	6	1	10	1		1	2	11	
113	5	22	9	20	臺北市	北投區	北投區大度路3段西往東關渡公車站前	25.1234164	121.4651363	0	0	1	2	6	7	5	14	9	1	4	4	5	13	4	4	1	4	5	2	13	1	9	1	6	2	10	1		2	2	11	
113	5	22	9	43	臺北市	中山區	中山區八德路2段與市民大道3段口	25.0450395	121.5352845	0	0	2	2	7	7	5	4	2	1	5	4	5	13	1	1	1	4	5	2	13	1	9	1	5	1	10	1		2	2	12	
113	5	22	9	58	臺北市	大安區	大安區信義路3段與建國南路2段口口	25.0332169	121.5380213	0	0	1	2	7	6	5	4	2	1	5	4	5	13	2	1	1	4	5	2	17	1	8	1	5	1	10	1		2	2	13	
113	5	22	10	32	臺北市	文山區	文山區羅斯福路6段138號	24.99653557	121.540955	0	0	2	2	8	6	5	14	9	1	5	4	5	13	4	4	1	4	5	2	17	1	9	1	7	1	8	1		1	2	1	
113	5	22	10	40	臺北市	中山區	中山區建國北路3段78號與建國北路3段口	25.06588907	121.5356453	0	0	1	2	8	7	5	3	1	1	5	4	5	13	4	4	9	4	5	2	17	1	6	1	7	1	8	1		1	3	2	
113	5	22	10	44	臺北市	文山區	文山區秀明路1段與秀明路1段22巷口口	24.9893477	121.5641588	0	0	1	2	7	6	5	3	18	1	5	4	5	13	4	4	10	5	5	2	3	1	2	6	7	9	18	1		1	3	3	
113	5	22	10	50	臺北市	中山區	中山區復興北路288號	25.0590814	121.5438505	0	0	1	3	8	6	5	14	9	1	5	4	5	13	4	4	1	4	5	2	12	4	9	3	6	1	18	1		2	2	11	
113	5	22	11	3	臺北市	松山區	松山區民生東路4段與光復北路口	25.0583506	121.5552375	0	0	1	2	7	6	5	4	1	1	5	4	5	13	2	1	1	3	5	2	13	1	5	1	7	1	8	1		1	3	1	
113	5	22	11	17	臺北市	萬華區	萬華區華江橋機慢車道往新北	25.0386096	121.4954666	0	0	1	2	8	7	5	14	11	1	5	4	5	13	4	4	10	5	5	1	14	1	2	1	7	1	8	1		1	3	6	
113	5	22	11	33	臺北市	信義區	信義區光復南路447-2號	25.0350622	121.5576065	0	0	2	2	8	6	5	14	9	1	5	4	5	13	4	4	1	4	5	2	16	1	8	1	6	1	10	1		1	2	12	
113	5	22	11	38	臺北市	萬華區	萬華區西藏路131號	25.0295717	121.5023379	0	0	1	3	7	6	5	14	9	1	5	4	5	13	4	4	3	4	5	2	17	1	13	1	2	1	8	1		1	3	17	
113	5	22	11	40	臺北市	中山區	中山區中山北路3段花博圓山園區	25.0712991	121.5234953	0	0	1	2	8	7	5	14	9	1	5	4	5	13	2	1	9	4	5	2	17	1	1	1	5	1	10	1		1	3	15	
113	5	22	11	40	臺北市	松山區	松山區八德路3段225號	25.0481253	121.5570876	0	0	1	2	7	5	5	14	9	1	5	4	5	13	4	4	5	4	5	2	13	4	9	1	6	2	10	1		1	3	11	
113	5	22	11	49	臺北市	信義區	信義區吳興街與吳興街220巷口	25.0276762	121.5630541	0	0	2	3	7	7	5	4	1	1	5	4	5	13	1	1	9	4	5	2	17	1	5	1	5	1	10	1		1	3	11	
113	5	22	12	5	臺北市	內湖區	內湖區南京東路6段與成功路2段口	25.06144244	121.5909969	0	0	1	4	7	5	5	3	2	1	5	4	5	13	4	4	1	5	5	2	17	4	15	7	3	11	19	2		4	4	15	
113	5	22	12	20	臺北市	大安區	大安區信義路4段265巷54號	25.035014	121.5557167	0	0	2	3	7	6	5	14	9	1	5	4	5	13	4	4	9	5	5	2	12	5	17	8	4	10	20	1		1	2	16	
113	5	22	12	44	臺北市	南港區	南港區松河街與成功橋口下	25.0583838	121.5926336	0	0	1	2	7	6	5	3	1	1	5	4	5	13	4	4	10	5	5	2	16	4	5	1	3	1	8	1		1	3	8	
113	5	22	12	45	臺北市	中山區	中山區龍江路與龍江路295巷口	25.060704	121.5407303	0	0	2	2	7	7	5	4	1	1	5	4	5	13	4	4	10	5	5	2	15	1	9	8	4	1	20	1		2	2	12	
113	5	22	13	30	臺北市	信義區	信義區永吉路30巷158弄與永吉路30巷口	25.0423305	121.5687108	0	0	1	2	7	6	5	4	1	1	5	4	5	13	4	4	5	4	5	2	15	1	9	1	6	1	10	1		1	2	14	
113	5	22	13	33	臺北市	內湖區	內湖區金湖路0309581燈桿附近	25.07346822	121.6053709	0	0	1	2	7	6	5	14	9	1	5	4	5	13	4	4	3	3	5	1	12	1	9	1	6	2	10	1		2	2	11	
113	5	22	13	46	臺北市	大同區	大同區南京西路與南京西路302巷口	25.0539585	121.5135148	0	0	1	2	7	5	5	4	2	1	5	4	5	13	4	4	5	4	5	2	17	4	5	1	3	1	10	1		1	3	13	
113	5	22	14	4	臺北市	文山區	文山區木柵路1段與木柵路1段58巷口口	24.9869417	121.5473138	0	0	1	2	7	6	5	4	1	1	5	4	5	13	2	1	10	5	5	2	16	1	5	1	7	1	8	1		1	3	2	
113	5	22	14	33	臺北市	文山區	文山區溪洲街與溪洲街5巷口口	25.0060249	121.5357936	0	0	1	3	6	6	5	3	1	1	4	4	3	13	4	4	9	5	5	2	11	1	9	1	7	2	8	1		1	3	4	
113	5	22	14	43	臺北市	大安區	大安區辛亥路2段與建國南路2段口	25.0228893	121.5374533	0	0	1	2	7	5	5	14	9	1	5	4	5	13	2	1	1	4	5	2	16	1	6	1	7	1	8	1		2	3	5	
113	5	22	15	10	臺北市	信義區	信義區市民大道5段與東興路口	25.0481848	121.5658229	0	0	1	2	7	7	5	4	2	1	5	4	5	13	1	1	1	4	5	2	16	4	5	1	3	1	8	1		2	3	5	
113	5	22	15	40	臺北市	內湖區	內湖區民權東路6段與民權東路6段46巷口	25.06789691	121.5815733	0	0	1	2	6	5	5	4	2	1	4	4	5	13	1	1	1	3	4	1	12	4	9	1	3	1	10	1		2	2	14	
113	5	22	16	38	臺北市	內湖區	內湖區民權東路6段與成功路2段口	25.0689602	121.5906875	0	0	1	2	7	6	5	4	1	1	5	4	5	13	1	1	1	4	5	2	17	1	5	1	5	1	10	1		1	2	14	
113	5	22	17	10	臺北市	北投區	北投區承德路7段139號	25.1123811	121.5090483	0	0	2	3	7	6	8	22	22	1	5	4	5	13	1	1	10	5	5	2	17	1	1	1	5	1	10	1		2	2	11	
113	5	22	17	21	臺北市	信義區	信義區永吉路127巷11弄與永吉路127巷口	25.0462047	121.5703511	0	0	2	3	6	5	5	4	1	1	4	4	5	13	4	4	9	5	5	2	13	4	6	1	3	1	8	1		2	3	7	
113	5	22	17	42	臺北市	大安區	大安區復興南路1段與復興南路1段177巷口	25.0408085	121.5440416	0	0	1	2	7	5	5	3	1	1	5	4	5	13	4	4	1	4	4	2	16	4	6	1	3	1	8	1		2	3	2	
113	5	22	17	44	臺北市	北投區	北投區永興路1段與文化三路口	25.1375526	121.4984695	0	0	2	2	7	6	8	3	1	1	5	4	5	13	4	4	5	5	5	1	13	1	5	1	7	1	8	1		2	2	8	12
113	5	22	17	54	臺北市	大安區	大安區基隆路3段85號	25.01797397	121.5454019	0	0	1	2	8	6	8	22	22	1	4	4	5	13	4	4	1	3	5	1	17	4	15	1	3	1	8	1		1	3	5	
113	5	22	18	1	臺北市	南港區	南港區三重路與經貿二路口	25.060371	121.6143607	0	0	1	2	8	5	5	4	1	1	5	4	5	13	1	1	2	3	5	2	12	4	8	1	3	1	8	1		1	3	2	
113	5	22	18	2	臺北市	松山區	松山區松河街3號與無名巷口	25.0508329	121.5721412	0	0	1	2	8	7	5	3	1	1	5	4	5	13	1	1	9	4	5	2	16	1	9	1	6	1	10	1		2	2	14	
113	5	22	18	45	臺北市	北投區	北投區大度路3段與中央北路4段口	25.12393823	121.4642528	0	0	2	3	8	5	5	4	2	1	5	4	5	13	2	1	8	3	5	2	17	1	6	1	7	1	8	1		2	3	8	
113	5	22	19	0	臺北市	中山區	中山區大佳河濱公園	25.0754555	121.5433991	0	0	2	2	7	7	7	14	23	1	5	4	5	13	4	4	7	4	5	2	9	4	9	8	3	1	20	1		1	2	11	
113	5	22	19	13	臺北市	北投區	北投區中央南路2段36-3號	25.1244657	121.5002087	0	0	1	2	6	5	5	14	9	1	4	4	5	13	4	4	5	5	5	2	17	1	5	1	7	1	8	1		2	3	8	
113	5	22	19	37	臺北市	信義區	信義區松隆路1號	25.0434194	121.5663462	0	0	1	2	6	6	5	14	9	1	4	4	5	13	2	1	3	4	5	2	12	1	8	1	5	1	10	1		2	2	14	
113	5	22	21	40	臺北市	文山區	文山區萬美街1段(萬安街72-3號旁)	25.00233	121.5713161	0	0	1	2	7	5	5	14	9	1	4	4	5	13	4	4	5	5	5	2	12	1	1	1	7	2	8	1		1	3	4	
113	5	22	23	31	臺北市	信義區	信義區忠孝東路4段555號	25.04149284	121.5628278	0	0	1	2	7	5	5	14	9	1	5	4	5	13	2	1	9	5	5	2	13	4	1	1	3	1	8	1		1	3	1	12
113	5	23	0	26	臺北市	萬華區	萬華區環河南路1段與長沙街2段口	25.04150605	121.4996462	0	0	3	3	8	5	5	3	2	1	5	4	5	13	1	1	5	4	5	2	17	1	5	1	5	1	10	1		1	2	11	
113	5	23	0	45	臺北市	大安區	大安區和平東路3段與敦化南路2段口	25.0246252	121.5484691	0	0	1	2	7	5	5	4	2	1	5	4	5	13	2	1	1	4	5	2	16	1	5	1	7	1	8	1		1	3	2	
113	5	23	1	27	臺北市	中山區	中山區民權西路87號	25.0629331	121.5193899	0	0	1	2	7	5	5	14	9	1	5	4	5	13	1	1	1	4	5	2	12	4	8	1	3	1	4	1		1	3	7	
113	5	23	2	30	臺北市	文山區	文山區萬芳路103號(棕櫚泉社區公車站旁)	24.9975703	121.562655	0	0	1	3	8	5	5	14	9	1	5	4	4	13	4	4	5	4	5	2	18	1	9	1	6	11	10	1		3	2	13	
113	5	23	6	40	臺北市	內湖區	內湖區東湖路113巷50號	25.07053	121.61597	0	0	1	2	7	6	5	14	9	1	5	4	3	10	4	4	9	4	5	1	17	1	1	1	7	1	8	1		1	3	1	
113	5	23	7	40	臺北市	士林區	士林區延平北路7段106巷94弄與延平北路7段106巷口	25.0989901	121.4963119	0	0	2	3	7	6	5	3	1	1	5	4	5	13	4	4	10	5	5	1	17	1	6	1	7	1	8	1		1	3	4	
113	5	23	7	46	臺北市	信義區	信義區崇德街263號	25.02189983	121.5588368	0	0	2	3	7	7	8	11	9	1	5	4	5	13	4	4	10	5	5	2	17	1	4	1	6	1	10	1		1	2	12	
113	5	23	7	50	臺北市	萬華區	萬華區環河南路1段與成都路口	25.04393812	121.5008571	0	0	1	2	7	6	5	3	1	1	5	4	5	13	3	1	5	5	5	2	16	1	8	1	5	1	10	1		1	2	13	
113	5	23	7	55	臺北市	大安區	大安區延吉街131巷1弄30號	25.0435808	121.5546491	0	0	2	2	7	5	5	14	18	1	5	4	5	13	4	4	3	5	5	2	3	1	9	1	6	1	10	1		1	2	11	
113	5	23	7	59	臺北市	大同區	大同區涼州街與甘州街口	25.0607043	121.5126828	0	0	2	2	7	5	5	3	1	1	5	4	5	13	4	4	9	2	5	2	15	1	1	1	5	2	10	1		1	2	12	
113	5	23	8	10	臺北市	士林區	士林區百齡橋往西	25.0878767	121.5115398	0	0	1	2	7	6	5	14	9	1	5	4	5	13	4	4	3	4	5	1	16	4	8	1	3	2	10	1		1	2	14	
113	5	23	8	35	臺北市	大安區	大安區辛亥路2段與建國南路2段口口	25.0225583	121.5377181	0	0	1	3	7	6	5	3	1	1	5	4	5	13	2	1	1	4	5	2	17	1	5	1	5	11	10	1		4	2	14	
113	5	23	8	53	臺北市	內湖區	內湖區民權東路6段191巷與金湖路363巷口	25.07297647	121.5994864	0	0	2	2	7	5	5	3	2	1	5	4	5	13	3	1	10	5	5	2	17	1	6	1	6	1	9	1		1	2	17	
113	5	23	9	0	臺北市	士林區	士林區文林路594巷26號	25.0987025	121.5243183	0	0	2	7	7	6	5	14	9	1	5	4	5	13	4	4	10	5	5	2	17	1	9	1	7	2	8	1		2	2	5	
113	5	23	9	4	臺北市	中山區	中山區錦西街與民生西路3巷口	25.0603052	121.5219228	0	0	1	2	7	7	5	4	1	1	5	4	5	13	4	4	5	5	5	2	3	1	9	6	5	9	9	2		1	3	11	
113	5	23	9	24	臺北市	大同區	大同區民生西路與西寧北路口	25.0568383	121.5089064	0	0	1	2	8	5	5	5	1	1	4	4	5	13	1	1	9	4	4	2	16	1	15	1	7	1	8	1		1	3	5	
113	5	23	9	38	臺北市	大安區	大安區仁愛路3段160號	25.0377464	121.5428351	0	0	1	2	7	6	5	14	8	1	5	4	5	13	4	4	1	4	1	2	14	4	2	1	3	1	4	1		1	3	3	
113	5	23	9	45	臺北市	大安區	大安區新生北路1段7-2號	25.0450075	121.5330009	0	0	1	3	7	6	5	14	9	1	5	4	5	13	1	1	1	4	5	2	16	1	10	1	6	1	10	1		2	2	11	
113	5	23	11	28	臺北市	士林區	士林區雨聲街與忠義街口	25.10523624	121.5311655	0	0	1	2	6	6	5	5	2	1	4	4	5	13	4	4	9	5	5	1	17	1	9	1	5	1	10	1		1	2	14	
113	5	23	11	28	臺北市	松山區	松山區民生東路5段69巷與民生東路5段口	25.05852237	121.5582853	0	0	3	3	7	6	5	3	1	1	5	4	5	13	2	1	1	4	5	2	15	1	1	1	6	2	10	1		1	2	12	
113	5	23	11	34	臺北市	中山區	中山區建國北路2段6巷	25.05254087	121.53657	0	0	2	2	8	6	5	14	9	1	5	4	5	13	4	4	1	4	5	2	13	1	9	1	7	2	8	1		1	2	1	
113	5	23	11	44	臺北市	萬華區	萬華區萬大路與東園街口	25.0215353	121.4987539	0	0	2	2	7	7	5	4	1	1	5	4	5	13	2	1	1	4	5	2	15	1	9	3	5	1	18	1		1	2	11	
113	5	23	11	56	臺北市	南港區	南港區重陽路532號對面	25.0615724	121.6126441	0	0	1	2	6	7	5	14	7	1	4	4	5	13	4	4	5	4	4	2	16	1	1	1	7	2	8	1		1	3	8	
113	5	23	12	10	臺北市	大安區	大安區辛亥路3段與基隆路3段口	25.0195372	121.5469225	0	0	2	2	7	6	5	4	4	1	5	4	5	13	1	1	10	5	5	2	13	1	12	1	5	1	10	1		1	2	11	
113	5	23	12	24	臺北市	大安區	大安區辛亥路3段與辛亥路3段157巷口口	25.0167312	121.5496119	0	0	1	2	7	6	5	14	9	1	5	4	5	13	2	1	1	4	5	2	12	1	7	1	7	1	8	1		1	3	2	
113	5	23	12	30	臺北市	中山區	中山區民族東路336號與民族東路口	25.068098	121.5365414	0	0	1	2	8	7	5	3	1	1	5	4	5	13	2	1	7	2	5	2	17	1	5	1	7	1	8	1		1	3	2	
113	5	23	13	15	臺北市	內湖區	內湖區成功路5段與大湖街166巷口	25.08376958	121.6020799	0	0	1	2	8	5	5	3	1	1	5	4	5	13	4	4	1	3	4	1	16	4	6	1	3	1	8	1		2	3	6	
113	5	23	13	49	臺北市	中正區	中正區濟南路1段2-2號前	25.0429599	121.5203389	0	0	1	3	8	5	5	14	9	1	5	4	5	13	4	4	9	4	5	1	16	1	1	1	7	1	8	1		1	3	1	
113	5	23	14	0	臺北市	中山區	中山區南京東路1段10號	25.05210152	121.5232683	0	0	1	3	8	7	5	14	20	1	5	4	5	13	4	4	10	5	5	2	9	4	9	8	2	1	20	1		1	2	11	