年	月	日	時	分	縣市	行政區	allLocation	GoogleLat	GoogleLng	死	2-30	受傷	當事人數	天候	道路照明設備	道路類別	道路型態	事故位置	路面狀況1	路面狀況2	路面狀況3	道路障礙1	道路障礙2	號誌1	號誌2	車道劃分-分向	車道劃分-分道1	車道劃分-分道2	車道劃分-分道3	事故類型及型態	行動電話	當事者行動狀態	駕駛資格情形	保護裝置	飲酒情形	駕駛執照種類	個人肇逃否	肇因碼-主要	性別	受傷程度	車輛撞擊部位1	車輛撞擊部位2
113	5	23	14	6	臺北市	中山區	中山區民權東路2段與中原街口	25.06248864	121.529019	0	0	2	3	6	6	5	4	2	1	4	4	5	13	2	1	1	4	5	2	12	1	7	1	7	2	4	1		1	3	3	
113	5	23	14	35	臺北市	信義區	信義區信義路5段與莊敬路口	25.0329468	121.56111	0	0	1	2	8	7	5	4	2	1	5	4	5	13	2	1	5	4	5	2	13	4	14	1	3	1	10	1		1	2	13	
113	5	23	14	35	臺北市	內湖區	內湖區金龍路與金龍路213巷口	25.0879675	121.587189	0	0	1	2	7	6	5	3	1	1	5	4	5	13	3	1	5	4	4	2	16	1	11	1	7	1	8	1		1	3	1	
113	5	23	15	17	臺北市	大安區	大安區信義路4段265巷40號	25.0348009	121.555295	0	0	2	3	6	5	5	14	9	1	4	4	5	13	4	4	4	3	5	2	17	1	14	1	7	1	8	1		1	3	4	
113	5	23	15	22	臺北市	北投區	北投區自強街與自強街141巷口	25.11096048	121.5161325	0	0	1	2	6	7	5	4	1	1	4	4	5	13	4	4	5	5	5	2	17	1	5	8	4	1	20	1		2	2	12	
113	5	23	15	38	臺北市	文山區	文山區保儀路84號	24.987325	121.5685999	0	0	1	2	7	7	5	14	9	1	5	4	3	13	4	4	9	5	5	2	17	1	11	1	5	1	10	1		2	2	11	
113	5	23	15	47	臺北市	大同區	大同區延平北路2段與延平北路2段272巷口	25.0617501	121.5112673	0	0	1	2	7	6	5	5	2	1	5	4	5	13	4	4	5	5	5	2	16	1	7	1	6	1	10	1		1	2	11	
113	5	23	15	50	臺北市	中正區	中正區南海路與牯嶺街口	25.0320047	121.5149941	0	0	1	2	8	7	5	4	1	1	5	4	1	13	2	1	10	4	5	2	16	1	5	1	7	1	4	1		1	3	4	
113	5	23	15	57	臺北市	萬華區	萬華區萬大路與萬大路237巷口	25.0264331	121.5005322	0	0	1	2	7	6	5	4	1	1	5	4	5	13	2	1	1	4	5	2	3	1	6	1	7	1	8	1		2	3	1	
113	5	23	16	9	臺北市	大同區	大同區塔城街36號對面	25.0514934	121.5104795	0	0	1	2	7	6	5	14	9	1	5	4	5	13	4	4	5	4	5	2	16	4	11	1	3	1	8	1		1	3	8	
113	5	23	16	15	臺北市	中正區	中正區中正橋上往台北市方向	25.0225189	121.5169923	0	0	1	4	6	6	5	14	9	1	4	4	1	11	4	4	1	4	5	1	17	1	9	1	7	2	8	1		1	3	5	
113	5	23	16	27	臺北市	內湖區	內湖區民權東路6段與民權東路6段232巷口	25.06684183	121.6004029	0	0	1	3	6	6	5	4	1	1	4	4	5	13	1	1	1	3	5	1	17	4	21	7	3	11	19	2		1	4	17	
113	5	23	16	44	臺北市	內湖區	內湖區康寧路3段與安康路口	25.0649037	121.611018	0	0	1	2	6	5	5	4	1	1	4	4	5	13	1	1	1	4	5	2	16	1	11	1	7	1	8	1		1	3	5	
113	5	23	16	56	臺北市	大同區	大同區酒泉街與大龍街口	25.0719656	121.5158895	0	0	1	2	6	5	5	5	1	1	4	4	5	13	2	1	9	4	5	2	15	1	9	1	6	2	10	1		1	2	12	
113	5	23	17	14	臺北市	文山區	文山區興隆路3段與興隆路4段口	24.9912772	121.5588383	0	0	1	2	6	6	5	3	2	1	4	4	5	13	2	1	1	4	5	2	12	1	8	1	5	2	10	1		1	2	13	
113	5	23	17	40	臺北市	信義區	信義區忠孝東路5段236巷與忠孝東路5段236巷45弄口口	25.0376513	121.5718573	0	0	2	2	6	5	5	3	1	1	4	4	5	13	4	4	5	5	5	2	16	1	5	1	6	1	10	1		2	2	14	14
113	5	23	17	40	臺北市	士林區	士林區延平北路7段106巷與延平北路7段106巷94弄口	25.099148	121.496237	0	0	1	2	6	7	5	3	1	1	4	4	5	13	4	4	10	5	5	1	17	1	6	1	7	1	8	1		1	3	17	
113	5	23	17	43	臺北市	中正區	中正區重慶南路1段130號	25.03687212	121.512571	0	0	1	2	6	6	5	14	9	1	4	4	5	13	4	4	5	4	5	2	16	4	5	1	7	2	10	1		1	3	6	
113	5	23	17	43	臺北市	南港區	南港區忠孝東路7段與忠孝東路7段265巷口	25.0517661	121.6033332	0	0	2	3	7	6	5	4	2	1	5	4	5	11	1	1	1	4	4	2	12	1	8	1	6	1	10	1		1	2	12	
113	5	23	17	50	臺北市	內湖區	內湖區新明路與新明路262巷口口	25.05652106	121.5833113	0	0	1	2	6	6	5	3	1	1	4	4	5	13	4	4	5	4	4	2	17	1	5	1	5	1	10	1		2	3	11	
113	5	23	17	57	臺北市	大同區	大同區延平北路3段與延平北路3段18巷口	25.063854	121.5117443	0	0	3	3	6	6	5	3	18	1	4	4	5	13	4	4	5	4	5	2	3	4	9	1	5	2	10	1		1	2	11	
113	5	23	18	0	臺北市	士林區	士林區光華路與長春街2巷口	25.1378495	121.5443487	0	0	1	2	6	5	5	3	1	1	4	4	5	13	4	4	10	5	5	1	16	1	5	1	7	1	8	1		1	3	1	
113	5	23	18	4	臺北市	北投區	北投區承德路7段與立賢路口	25.1161566	121.5049188	0	0	1	2	6	7	5	4	1	1	4	4	5	13	4	4	1	4	4	2	17	1	15	1	6	2	10	1		2	3	13	
113	5	23	18	18	臺北市	大同區	大同區承德路2段與平陽街口	25.0548041	121.518071	0	0	1	2	6	5	5	5	1	1	4	4	5	13	1	1	1	5	5	2	16	1	5	1	7	1	8	1		2	3	5	
113	5	23	18	25	臺北市	內湖區	內湖區瑞光路與瑞光路316巷口	25.0768153	121.5739787	0	0	1	3	6	5	5	3	2	1	4	4	5	13	2	1	7	4	5	2	17	1	8	1	6	1	10	1		2	2	13	
113	5	23	18	30	臺北市	中山區	中山區市民大道3段與新生北路1段62巷口	25.04597218	121.530547	0	0	2	4	6	5	5	4	1	1	4	4	5	13	1	1	1	4	5	2	13	4	9	1	5	1	10	1		1	3	11	
113	5	23	18	45	臺北市	中山區	中山區植福路與敬業三路口	25.08401087	121.5563169	0	0	1	2	6	5	5	4	1	1	4	4	5	13	1	1	1	4	5	2	17	1	5	1	6	1	10	1		2	2	13	
113	5	23	18	49	臺北市	信義區	信義區永吉路與中坡北路口	25.0452867	121.580646	0	0	1	2	6	5	5	4	1	1	4	4	5	13	2	1	5	4	4	2	16	4	6	1	3	1	4	1		1	3	6	
113	5	23	19	34	臺北市	內湖區	內湖區內湖路2段103巷與麗山街37巷口	25.08072598	121.5819654	0	0	2	2	6	5	5	3	1	1	4	4	5	13	4	4	5	5	5	2	16	1	5	1	5	1	10	1		1	2	12	
113	5	23	19	35	臺北市	信義區	信義區基隆路1段200號	25.0400442	121.5637337	0	0	1	3	6	5	8	22	22	1	4	4	5	13	4	4	1	4	5	2	17	1	9	1	6	9	10	2		1	3	17	
113	5	23	20	3	臺北市	大安區	大安區復興南路2段78巷與復興南路2段口	25.0311767	121.5434479	0	0	1	2	6	5	5	4	2	1	4	4	5	13	2	1	8	3	5	1	13	1	15	1	5	1	10	1		1	2	11	
113	5	23	21	0	臺北市	南港區	南港區南港路1段與興中路口口	25.0544542	121.6074801	0	0	2	3	7	5	5	4	1	1	5	4	5	13	2	1	5	4	5	2	16	1	5	1	7	2	4	1		1	3	5	
113	5	23	21	10	臺北市	南港區	南港區忠孝東路6段與永吉路口	25.0451072	121.5824742	0	0	2	2	6	5	5	5	1	1	4	4	5	13	2	1	1	3	4	2	1	1	5	1	5	2	10	1		1	2	12	
113	5	23	21	34	臺北市	松山區	松山區復興南路1段31號	25.04701816	121.5440468	0	0	1	2	7	5	5	14	9	1	4	4	5	13	4	4	1	3	5	2	18	1	9	1	5	1	10	1		2	2	12	
113	5	23	22	31	臺北市	中正區	中正區汀州路1段200號	25.02798	121.5094113	0	0	1	2	7	5	5	14	9	1	5	4	5	13	4	4	5	5	5	2	17	1	9	8	4	1	20	1		1	2	12	
113	5	23	23	26	臺北市	大同區	大同區承德路2段與承德路2段91巷口	25.0562503	121.5183492	0	0	3	3	7	5	5	3	1	1	5	4	5	13	4	4	1	4	5	2	17	4	6	1	5	1	10	1		1	2	12	
113	5	23	23	46	臺北市	大安區	大安區辛亥路3段與芳蘭路口	25.0165001	121.5493957	0	0	2	2	7	5	5	14	9	1	5	4	5	13	4	4	9	4	5	1	13	4	9	1	3	1	10	1		1	2	11	
113	5	24	0	25	臺北市	士林區	士林區中山北路5段與劍潭路口口	25.08399457	121.5253845	0	0	2	3	6	5	5	3	1	1	4	4	5	13	2	1	1	4	5	1	29	1	9	1	5	2	10	1		2	2	12	
113	5	24	6	25	臺北市	士林區	士林區華齡街與大南路251巷口	25.04847309	121.5183568	0	0	1	2	6	7	5	4	1	1	4	4	5	13	4	4	5	5	5	1	15	1	9	1	5	1	10	1		2	2	11	
113	5	24	6	42	臺北市	文山區	文山區木柵路2段與興隆路4段口	24.9886979	121.5599325	0	0	1	2	6	6	5	14	9	1	4	4	5	13	1	1	5	4	5	2	13	1	9	1	6	1	10	1		2	2	11	
113	5	24	6	57	臺北市	中山區	中山區松江路新生公園旁	25.0705574	121.5335527	0	0	1	3	6	6	5	14	9	1	4	4	5	13	4	4	10	4	5	2	12	4	8	1	3	1	8	1		1	3	7	
113	5	24	7	13	臺北市	萬華區	萬華區中華路2段516號	25.02556621	121.508524	0	0	1	2	6	5	8	22	18	1	4	4	5	13	1	1	10	5	5	2	6	5	18	8	4	1	20	1		1	2	16	
113	5	24	7	26	臺北市	中正區	中正區市民大道3段2號	25.0458327	121.53107	0	0	1	2	6	7	5	14	9	1	4	4	5	13	4	4	1	4	5	2	13	1	9	1	5	1	10	1		1	3	11	
113	5	24	7	29	臺北市	大安區	大安區敦化南路1段262號	25.0393743	121.5485926	0	0	1	3	6	5	5	14	8	1	4	4	5	13	4	4	1	3	1	2	18	4	14	1	3	11	8	2		1	3	2	
113	5	24	7	38	臺北市	文山區	文山區萬慶街與萬慶街13巷口	24.9923615	121.5399394	0	0	1	2	6	6	5	4	1	1	4	4	5	13	4	4	10	5	5	2	15	1	9	1	6	1	10	1		1	2	11	
113	5	24	7	40	臺北市	中山區	中山區建國北路3段與松江路口	25.0676428	121.5335084	0	0	1	2	6	6	5	5	1	1	4	4	5	13	1	1	1	4	5	2	17	1	5	1	7	1	8	1		2	3	8	
113	5	24	7	40	臺北市	北投區	北投區承德路7段97號	25.1116846	121.5098492	0	0	2	2	6	5	5	14	8	1	4	4	5	13	4	4	3	4	4	2	16	1	6	1	5	2	10	1		1	2	12	
113	5	24	7	59	臺北市	大安區	大安區溫州街與新生南路3段76巷口	25.0192427	121.5328449	0	0	2	2	7	5	5	4	1	1	4	4	5	13	4	4	5	5	5	2	15	1	9	1	6	1	10	1		1	2	14	
113	5	24	8	13	臺北市	中山區	中山區中山北路3段與酒泉街口	25.0708751	121.5234151	0	0	1	2	8	5	5	4	2	1	4	4	5	13	2	1	5	4	5	2	17	4	9	1	3	2	10	1		2	2	11	
113	5	24	8	16	臺北市	中山區	中山區建國北路2段96巷與建國北路2段口	25.0574501	121.5366153	0	0	1	2	6	7	5	3	1	1	4	4	5	13	4	4	1	4	5	2	16	1	6	1	7	1	8	1		2	3	2	
113	5	24	8	30	臺北市	中正區	中正區中山南路與信義路1段口	25.0383913	121.5180535	0	0	2	2	6	7	5	5	18	1	4	4	5	13	1	1	1	5	5	2	3	1	9	1	5	1	10	1		1	2	12	
113	5	24	8	36	臺北市	信義區	信義區松隆路與中坡北路口	25.0482346	121.5800369	0	0	1	2	6	7	5	3	1	1	4	4	5	13	1	1	1	4	5	2	17	4	6	1	3	9	10	2		1	3	15	
113	5	24	8	38	臺北市	信義區	信義區基隆路2段與嘉興街127巷口	25.0291308	121.5573278	0	0	1	2	6	7	5	3	2	1	4	4	5	13	2	1	2	4	5	2	18	1	9	1	6	1	10	1		2	2	14	
113	5	24	8	56	臺北市	內湖區	內湖區行善路158號旁	25.05815959	121.5786465	0	0	1	2	6	5	5	14	9	1	4	4	5	13	4	4	5	5	5	2	16	1	5	1	6	1	10	1		1	3	11	
113	5	24	9	0	臺北市	北投區	北投區承德路7段與石牌路1段口	25.1124557	121.5090069	0	0	2	2	6	5	5	3	2	1	4	4	5	13	2	1	1	5	1	2	12	4	8	1	3	1	10	1		2	2	12	
113	5	24	9	18	臺北市	中山區	中山區樂群一路與基湖路口	25.0760962	121.5632062	0	0	1	2	6	7	5	3	1	1	4	4	5	13	2	1	3	4	5	2	16	1	9	1	7	1	4	1		1	3	5	
113	5	24	9	26	臺北市	文山區	文山區木新路2段與永安街22巷口	24.9868784	121.5706122	0	0	1	2	7	5	5	3	2	1	5	4	5	13	1	1	5	4	5	2	17	1	7	1	6	1	10	1		1	2	17	
113	5	24	9	58	臺北市	大安區	大安區臥龍街151巷與臥龍街131巷11弄口	25.019242	121.5511055	0	0	1	2	7	6	5	3	2	1	4	4	5	13	4	4	5	5	5	2	13	4	12	1	5	1	10	1		1	2	12	
113	5	24	10	5	臺北市	萬華區	萬華區長泰街137號	25.0221907	121.4975171	0	0	2	2	7	7	5	14	9	1	4	4	5	13	4	4	10	5	5	2	3	1	9	1	5	2	10	1		1	2	14	
113	5	24	10	18	臺北市	內湖區	內湖區成功路3段6巷與成功路2段口	25.07515803	121.5899895	0	0	2	3	7	5	5	14	9	1	5	4	5	13	4	4	1	4	5	2	12	1	1	1	7	2	8	1		1	3	17	
113	5	24	10	21	臺北市	大安區	大安區建國南路2段與和平東路2段76巷2弄口口	25.025152	121.5378616	0	0	1	2	7	6	5	4	2	1	5	4	5	13	2	1	1	4	4	2	17	1	8	1	7	1	4	1		1	3	7	
113	5	24	10	21	臺北市	大安區	大安區新生南路1段與新生南路1段139巷口	25.0363656	121.5328823	0	0	1	2	7	6	5	4	2	1	5	4	3	10	4	4	1	1	5	2	17	1	9	1	5	1	10	1		1	2	12	
113	5	24	10	22	臺北市	內湖區	內湖區金龍路與內湖路2段口口	25.08478891	121.5936999	0	0	2	2	6	6	8	4	1	1	4	4	5	13	2	1	5	4	5	2	16	1	5	6	5	1	10	1		1	2	13	
113	5	24	10	22	臺北市	大安區	大安區新生南路3段與辛亥路2段口口	25.022963	121.5346163	0	0	1	2	6	6	5	4	2	1	4	4	5	13	2	1	1	4	5	2	17	1	15	1	6	1	9	1		1	2	11	
113	5	24	10	28	臺北市	大同區	大同區民權西路138號	25.0628257	121.5163371	0	0	1	2	6	5	5	14	9	1	4	4	5	13	4	4	1	4	5	2	17	4	7	1	3	9	8	1		1	3	2	
113	5	24	10	33	臺北市	大安區	大安區和平東路2段與和平東路2段311巷口	25.0247219	121.5451614	0	0	1	2	7	5	5	3	2	1	5	4	5	13	4	4	1	4	5	2	13	1	9	1	5	1	10	1		1	2	11	
113	5	24	10	45	臺北市	信義區	信義區松山路648-66號	25.0310627	121.579338	0	0	2	3	8	7	5	14	9	1	5	4	5	13	4	4	10	5	5	2	18	4	9	1	3	9	10	1		1	2	15	
113	5	24	11	24	臺北市	大同區	大同區重慶北路3段與民族西路口	25.06877136	121.5137177	0	0	1	2	7	6	5	5	2	1	5	4	5	13	4	4	1	5	5	2	13	1	7	3	6	1	18	1		1	2	11	
113	5	24	11	32	臺北市	信義區	信義區吳興街156巷65弄與吳興街220巷59弄口口	25.0270833	121.5591233	0	0	1	2	8	6	5	4	1	1	5	4	5	13	4	4	5	5	5	2	15	1	9	1	6	1	10	1		2	2	12	
113	5	24	12	45	臺北市	中正區	中正區中山北路1段與市民大道2段口	25.0478555	121.5207858	0	0	1	2	7	7	5	4	1	1	5	4	5	13	1	1	5	5	5	2	16	1	6	1	7	2	8	1		1	3	2	
113	5	24	13	16	臺北市	大同區	大同區通河西街1段與通河西街堤外便道口	25.0777824	121.5177552	0	0	1	2	7	6	5	3	1	1	5	4	5	13	4	4	10	5	5	2	16	1	11	1	7	1	8	1		1	3	8	
113	5	24	13	27	臺北市	大同區	大同區民生西路與民樂街口	25.0569704	121.5106728	0	0	1	2	7	6	5	3	1	1	5	4	5	13	2	1	5	4	5	2	16	4	5	1	3	1	8	1		2	3	2	
113	5	24	13	33	臺北市	大同區	大同區民權西路與民權西路口台北橋下迴轉道	25.0633171	121.5098603	0	0	1	2	7	6	5	3	1	1	5	4	5	13	4	4	10	5	5	2	16	1	5	8	4	2	20	1		1	2	11	
113	5	24	13	56	臺北市	士林區	士林區文林路與美崙街口	25.0972665	121.5238282	0	0	1	2	8	6	5	3	2	1	5	4	5	13	1	1	10	1	5	1	13	1	9	1	7	1	8	1		1	3	1	
113	5	24	14	12	臺北市	士林區	士林區東山路25巷81弄天母古道旁	25.1335261	121.5361489	0	0	1	2	7	6	5	11	9	1	5	4	5	13	4	4	10	5	5	2	11	1	9	1	7	1	8	1		1	2	4	
113	5	24	14	20	臺北市	信義區	信義區虎林街59巷與無名巷口	25.0466107	121.5773283	0	0	1	2	7	6	5	3	2	1	5	4	5	13	4	4	10	4	5	1	17	4	6	1	3	9	10	1		1	2	14	
113	5	24	14	25	臺北市	松山區	松山區敦化北路244巷與敦化北路244巷6弄口	25.06065091	121.5494064	0	0	1	2	7	6	5	4	1	1	5	4	5	13	4	4	10	5	5	2	15	1	9	1	5	1	10	1		1	2	11	
113	5	24	14	57	臺北市	中正區	中正區重慶南路3段與廈門街114巷口	25.0231055	121.5168196	0	0	1	3	8	7	5	4	1	1	5	4	5	13	1	1	1	4	5	2	17	4	7	1	5	2	10	1		2	2	13	
113	5	24	15	18	臺北市	信義區	信義區中坡北路與中坡北路15巷口	25.0446554	121.5811331	0	0	1	2	7	7	5	5	1	1	5	4	5	13	2	1	3	2	5	2	16	4	7	8	3	1	20	1		1	2	11	
113	5	24	15	45	臺北市	中正區	中正區中華路1段59號	25.0412943	121.5082324	0	0	2	4	7	7	5	14	9	1	5	4	5	13	4	4	1	4	5	2	16	1	7	1	5	2	10	1		1	2	14	
113	5	24	15	45	臺北市	士林區	士林區中正路與福港街口	25.092133	121.5179761	0	0	1	2	7	6	5	3	2	1	5	4	5	13	2	1	3	2	4	2	12	4	8	1	7	9	8	2		1	3	2	
113	5	24	15	51	臺北市	大安區	大安區信義路3段126號	25.0333593	121.5390961	0	0	1	2	7	6	5	14	9	1	5	4	5	13	4	4	9	5	5	1	17	4	13	1	3	1	10	1		2	3	15	
113	5	24	16	0	臺北市	萬華區	萬華區萬大路與莒光路口	25.0309206	121.5005021	0	0	1	2	7	7	5	14	9	1	5	4	5	13	1	1	10	3	5	2	12	1	15	6	5	2	18	1		1	2	14	
113	5	24	16	39	臺北市	士林區	士林區文林路與雙溪街口	25.099662	121.523388	0	0	2	2	6	6	5	4	2	1	4	4	5	13	2	1	5	4	4	1	17	1	8	1	5	1	9	1		1	2	12	
113	5	24	16	51	臺北市	文山區	文山區木柵路1段與試院路口	24.9874753	121.5498731	0	0	2	3	6	7	5	4	1	1	4	4	5	13	2	1	10	5	5	2	13	4	5	1	5	1	10	1		2	2	11	
113	5	24	17	32	臺北市	萬華區	萬華區西園路2段與東園街口	25.0281152	121.4950614	0	0	1	2	7	5	5	3	2	1	5	4	5	13	2	1	1	4	5	2	11	1	11	1	7	1	8	1		1	3	1	
113	5	24	17	41	臺北市	中山區	中山區明水路447號對面	25.0772733	121.5502118	0	0	1	2	6	6	5	14	9	1	4	4	5	13	4	4	1	4	5	2	12	1	7	1	7	1	8	1		1	3	6	
113	5	24	17	49	臺北市	北投區	北投區致遠二路與致遠二路5巷口	25.11435148	121.5120424	0	0	1	2	6	7	5	3	1	1	4	4	5	13	4	4	5	5	5	2	16	1	5	1	5	2	11	1		2	2	12	
113	5	24	17	57	臺北市	信義區	信義區光復南路與仁愛路4段口	25.0376912	121.5576585	0	0	2	2	6	5	5	4	2	1	4	4	5	13	2	1	1	4	1	2	12	1	8	1	5	1	10	1		1	2	12	
113	5	24	18	0	臺北市	松山區	松山區塔悠路與延壽街口	25.0572771	121.5692284	0	0	1	2	8	5	5	4	1	1	5	4	5	13	1	1	1	4	5	2	17	1	1	8	4	1	20	1		1	3	17	
113	5	24	18	2	臺北市	文山區	文山區木新路3段310巷與木新路3段310巷12弄口口	24.98191564	121.5568457	0	0	1	2	6	6	6	3	1	1	4	4	5	13	4	4	10	5	5	1	17	3	5	1	3	11	8	1		2	4	17	
113	5	24	18	10	臺北市	中正區	中正區仁愛路2段與金山南路1段口	25.0380625	121.528181	0	0	1	2	6	7	5	4	18	1	4	4	5	13	1	1	1	4	5	2	3	1	5	6	7	2	18	1		2	3	5	
113	5	24	18	15	臺北市	中山區	中山區民族東路136號對面	25.06839677	121.5286862	0	0	1	2	6	7	5	14	9	1	4	4	5	13	4	4	3	4	5	2	13	1	15	1	6	1	10	1		2	2	13	
113	5	24	18	23	臺北市	文山區	文山區興隆路1段13號	25.0042656	121.5397557	0	0	1	2	6	5	5	14	9	1	4	4	5	13	4	4	1	4	5	2	13	1	8	1	7	2	8	1		2	3	3	
113	5	24	18	35	臺北市	南港區	南港區忠孝東路7段592號	25.0529624	121.6148439	0	0	1	2	8	6	5	14	9	1	5	4	5	13	4	4	1	3	5	2	16	4	1	1	3	2	8	1		1	3	8	
113	5	24	19	17	臺北市	北投區	北投區承德路7段與立農街1段口	25.1186466	121.5027141	0	0	1	2	7	5	5	3	1	1	5	4	5	13	4	4	1	4	5	2	13	1	9	1	5	2	10	1		1	2	11	
113	5	24	19	19	臺北市	北投區	北投區中央北路4段與大度路3段口	25.1242279	121.4649348	0	0	1	2	7	5	8	4	1	1	5	4	5	13	2	1	3	4	5	1	3	1	9	1	5	2	10	1		1	3	14	
113	5	24	19	20	臺北市	大安區	大安區敦化南路2段與四維路170巷口	25.0278733	121.5485301	0	0	1	2	7	5	5	4	2	1	5	4	1	11	4	4	1	4	5	2	12	1	9	1	7	1	8	1		2	3	15	
113	5	24	19	57	臺北市	文山區	文山區辛亥路4段與興隆路2段口	25.000891	121.554565	0	0	1	2	7	5	5	4	1	1	4	4	5	13	2	1	1	4	5	2	16	1	9	1	7	2	4	1		1	3	5	
113	5	24	19	59	臺北市	信義區	信義區基隆路2段41號	25.0311912	121.5585245	0	0	2	3	8	6	5	14	9	1	5	4	5	13	4	4	3	4	5	2	13	1	9	1	5	1	10	1		1	2	11	
113	5	24	20	44	臺北市	信義區	信義區松勇路31號	25.0370281	121.5697562	0	0	1	3	8	6	5	14	9	1	5	4	5	13	4	4	9	5	5	2	10	4	9	1	3	1	8	1		1	3	8	
113	5	24	22	28	臺北市	中正區	中正區重慶南路1段與漢口街1段口	25.0451882	121.5132873	0	0	2	2	7	5	5	4	2	1	5	4	5	13	1	1	10	5	5	2	16	1	7	1	5	9	10	1		1	2	14	
113	5	24	22	37	臺北市	中山區	中山區中山北路3段與農安街口	25.0649341	121.5221467	0	0	1	2	8	5	5	4	2	1	5	4	5	13	1	1	1	4	5	2	17	4	9	1	6	1	10	1		1	2	17	
113	5	24	22	50	臺北市	士林區	士林區格致路14號	25.1364088	121.5462492	0	0	1	2	8	5	5	14	9	1	5	4	5	13	4	4	5	5	5	1	17	1	5	1	6	2	10	1		1	2	14	
113	5	25	0	18	臺北市	松山區	松山區市民大道5段63號	25.04641388	121.5607363	0	0	1	2	7	5	5	14	9	1	5	4	5	13	4	4	9	4	5	2	17	1	13	5	7	2	4	1		1	3	4	
113	5	25	1	55	臺北市	內湖區	內湖區東湖路33巷與東湖路口	25.06884181	121.6135726	0	0	2	3	8	5	5	3	1	1	5	4	5	13	4	4	5	4	5	2	17	1	11	1	7	1	6	1		1	3	5	
113	5	25	2	3	臺北市	中正區	中正區重慶南路3段與重慶南路3段132巷口	25.02429729	121.5166526	0	0	1	2	8	5	5	4	2	1	5	4	5	13	1	1	3	4	5	2	12	1	9	1	5	6	10	1		1	2	12	
113	5	25	3	8	臺北市	信義區	信義區松高路12號	25.0390827	121.5671286	0	0	1	3	7	5	5	14	9	1	5	4	5	13	1	1	5	4	5	2	17	1	9	1	7	2	3	1		1	3	9	
113	5	25	4	3	臺北市	士林區	士林區延平北路6段與社正路口	25.04847309	121.5183568	0	0	2	2	8	5	5	3	1	1	5	4	5	13	4	4	5	4	5	2	3	1	5	1	6	1	10	1		1	2	11	
113	5	25	4	17	臺北市	中正區	中正區羅斯福路2段66巷與羅斯福路2段48巷口	25.0275429	121.5209635	0	0	1	2	8	5	5	4	1	1	5	4	5	13	4	4	10	5	5	2	17	1	5	1	7	2	8	1		1	3	8	
113	5	25	4	51	臺北市	萬華區	萬華區環河南路2段與和平西路3段口	25.0354472	121.4943173	0	0	2	3	7	5	5	4	1	1	5	4	5	13	2	1	1	4	5	1	17	4	5	1	3	1	8	1		2	3	2	
113	5	25	5	45	臺北市	信義區	信義區忠孝東路4段與光復南路口	25.0411495	121.5580671	0	0	2	2	8	6	5	4	1	1	5	4	5	13	1	1	3	4	5	2	13	1	9	1	6	2	10	1		1	2	11	
113	5	25	6	8	臺北市	萬華區	萬華區艋舺大道與艋舺大道68巷口	25.03346256	121.5034653	0	0	1	2	8	6	5	5	1	1	5	4	5	13	4	4	1	5	5	2	16	1	7	7	7	9	19	1		1	3	6	
113	5	25	6	48	臺北市	信義區	信義區忠孝東路5段345巷與忠孝東路5段口	25.0409772	121.5739149	0	0	2	2	8	5	5	14	9	1	5	4	5	13	4	4	10	4	5	2	17	1	9	1	5	1	10	1		1	2	12	
113	5	25	8	35	臺北市	信義區	信義區基隆路1段102巷與基隆路1段口	25.0452477	121.5667466	0	0	1	2	7	5	5	14	9	1	5	4	5	13	4	4	10	4	5	2	17	1	15	1	7	1	8	1		1	3	5	
113	5	25	8	51	臺北市	大安區	大安區辛亥路3段與復興南路2段口	25.021471	121.543505	0	0	2	3	7	6	5	4	2	1	5	4	5	13	2	1	1	4	5	2	17	1	15	1	5	2	10	1		1	2	17	
113	5	25	9	24	臺北市	信義區	信義區信義路6段與信義路6段15巷口	25.0341584	121.5755497	0	0	1	2	6	6	5	4	1	1	4	4	5	13	1	1	5	4	5	2	17	1	5	1	7	1	8	1		1	3	1	
113	5	25	9	27	臺北市	中山區	中山區大直街108號	25.0841942	121.5481618	0	0	1	3	8	7	5	14	9	1	5	4	3	12	4	4	9	5	5	2	12	1	1	1	7	1	6	1		1	3	8	
113	5	25	9	50	臺北市	南港區	南港區忠孝東路7段與昆陽街157巷口	25.0506321	121.5955515	0	0	1	2	7	7	5	5	2	1	5	4	4	13	1	1	5	4	5	2	17	1	6	1	7	1	8	1		1	3	2	
113	5	25	10	6	臺北市	信義區	信義區信義路6段117號	25.036149	121.5778724	0	0	2	3	6	7	5	14	9	1	4	4	5	13	4	4	9	4	5	2	17	1	15	1	7	1	8	1		1	3	2	
113	5	25	10	52	臺北市	萬華區	萬華區漢口街2段與漢口街2段83巷口	25.0461296	121.5049748	0	0	1	2	7	7	5	14	9	1	5	4	5	13	4	4	10	3	5	2	12	1	7	1	7	1	8	1		1	3	4	
113	5	25	11	32	臺北市	文山區	文山區保儀路13巷22號	24.988436	121.5695614	0	0	1	2	7	6	5	14	9	1	5	4	5	13	4	4	10	5	5	2	2	1	9	1	7	11	8	2		1	3	10	
113	5	25	11	47	臺北市	大安區	大安區新生南路3段76巷對面（新南地下停車場前）	25.0191447	121.5338577	0	0	2	4	7	5	5	14	7	1	5	4	5	13	4	4	10	4	4	2	17	4	9	1	3	1	10	1		2	2	14	
113	5	25	11	52	臺北市	松山區	松山區光復南路1號	25.0478829	121.5578578	0	0	1	3	8	6	5	14	9	1	5	4	5	13	4	4	1	4	5	2	12	1	7	1	7	1	8	1		1	3	4	