年	月	日	時	分	縣市	行政區	allLocation	GoogleLat	GoogleLng	死	2-30	受傷	當事人數	天候	道路照明設備	道路類別	道路型態	事故位置	路面狀況1	路面狀況2	路面狀況3	道路障礙1	道路障礙2	號誌1	號誌2	車道劃分-分向	車道劃分-分道1	車道劃分-分道2	車道劃分-分道3	事故類型及型態	行動電話	當事者行動狀態	駕駛資格情形	保護裝置	飲酒情形	駕駛執照種類	個人肇逃否	肇因碼-主要	性別	受傷程度	車輛撞擊部位1	車輛撞擊部位2
113	5	25	11	54	臺北市	中正區	中正區羅斯福路4段與羅斯福路4段196巷口	25.0119026	121.5365881	0	0	1	2	8	7	5	3	1	1	5	4	5	13	4	4	1	4	5	2	16	4	9	1	5	1	10	1		1	2	14	
113	5	25	11	55	臺北市	北投區	北投區東陽街與東陽街441巷16弄口	25.11246827	121.5187458	0	0	2	2	7	6	5	3	1	1	5	4	5	9	4	4	10	4	5	1	15	1	9	1	5	1	10	1		1	2	13	
113	5	25	11	58	臺北市	松山區	松山區健康路325巷與健康路325巷25弄口	25.0560112	121.5671676	0	0	1	2	7	7	5	4	1	1	5	4	5	13	4	4	5	4	5	2	16	1	5	1	7	1	8	1		1	3	4	
113	5	25	12	28	臺北市	中山區	中山區建國北路2段123號	25.05981065	121.5372567	0	0	1	2	8	7	5	14	10	2	5	4	5	13	1	1	1	4	5	2	17	1	1	6	7	1	4	1		1	3	17	
113	5	25	13	8	臺北市	中山區	中山區中山北路3段與北安路口	25.0762615	121.5275282	0	0	1	2	8	6	5	3	1	1	5	4	5	13	2	1	1	4	5	2	17	1	9	1	3	2	10	1		1	3	17	
113	5	25	13	27	臺北市	松山區	松山區光復北路與南京東路5段23巷7弄口	25.05202778	121.5572507	0	0	2	3	8	7	5	4	1	1	5	4	5	13	4	4	9	4	5	2	17	1	11	1	7	1	8	1		1	3	8	
113	5	25	13	47	臺北市	萬華區	萬華區康定路與和平西路3段口	25.0357053	121.501354	0	0	2	2	7	6	5	4	2	1	5	4	5	13	2	1	9	4	4	2	12	1	1	1	6	1	10	1		2	2	14	
113	5	25	13	55	臺北市	萬華區	萬華區和平西路3段382巷12弄48號	25.0345488	121.4904136	0	0	1	2	8	6	5	14	9	1	5	4	5	13	4	4	10	5	5	1	17	1	9	1	5	1	10	1		1	2	14	
113	5	25	14	18	臺北市	士林區	士林區德行東路51號	25.1070333	121.5263702	0	0	2	2	8	6	5	14	9	1	5	4	5	13	4	4	9	5	5	2	11	1	15	1	6	1	10	1		1	2	13	
113	5	25	14	41	臺北市	士林區	士林區承德路5段32號	25.091717	121.5155774	0	0	1	3	6	7	5	14	9	1	4	4	5	13	4	4	10	5	5	2	17	4	9	1	5	2	10	1		2	2	14	
113	5	25	14	49	臺北市	信義區	信義區仁愛路4段507號西側附近	25.0380362	121.5615646	0	0	2	2	7	6	5	14	9	1	5	4	5	13	4	4	9	4	5	2	11	1	5	1	5	1	10	1		2	2	11	
113	5	25	15	8	臺北市	中山區	中山區中山北路1段140巷內	25.052522	121.5228567	0	0	1	2	8	5	5	14	9	1	5	4	5	13	4	4	10	5	5	2	2	5	16	8	4	10	20	1		1	2	16	
113	5	25	15	40	臺北市	中山區	中山區民權東路2段與中原街口	25.06249839	121.5286666	0	0	2	2	7	5	5	14	9	1	5	4	5	13	1	1	1	4	5	2	13	4	9	1	3	1	10	1		2	2	11	
113	5	25	16	6	臺北市	信義區	信義區忠孝東路4段545號	25.0415549	121.5613525	0	0	1	2	6	7	5	22	23	4	4	4	2	13	4	4	10	5	5	2	18	4	9	8	3	1	20	1		1	2	14	
113	5	25	16	6	臺北市	大安區	大安區潮州街94號	25.0291332	121.524784	0	0	2	2	8	6	5	14	9	1	5	4	5	13	4	4	9	5	5	2	16	4	5	1	5	1	10	1		1	2	13	
113	5	25	16	30	臺北市	中山區	中山區建國北路1段23巷與建國北路1段口口	25.04724856	121.5370098	0	0	1	2	7	6	5	3	1	1	5	4	5	13	4	4	1	4	5	2	16	4	6	1	3	1	4	1		1	3	5	
113	5	25	16	57	臺北市	松山區	松山區八德路3段155巷與寧安街9巷口	25.04980188	121.5550863	0	0	3	4	7	6	5	4	1	1	5	4	5	13	3	1	9	4	5	2	15	1	9	1	7	1	8	1		1	3	5	
113	5	25	17	0	臺北市	大安區	大安區忠孝東路3段與新生南路1段口	25.0423376	121.5332443	0	0	1	2	8	7	5	4	2	1	5	4	5	13	1	1	1	4	5	1	12	1	7	1	6	1	10	1		1	2	14	
113	5	25	17	4	臺北市	南港區	南港區南港路3段106號	25.0533915	121.5896961	0	0	1	3	7	7	5	14	9	1	4	4	5	13	4	4	5	4	5	2	17	1	9	1	6	1	10	1		1	2	12	
113	5	25	17	25	臺北市	大安區	大安區建國南路1段240號	25.0376885	121.5376133	0	0	1	2	8	6	5	14	9	1	5	4	5	13	4	4	10	4	5	2	12	4	8	1	3	1	4	1		1	3	2	
113	5	25	18	14	臺北市	中山區	中山區松江路97巷與松江路口	25.05102977	121.5331105	0	0	1	2	7	6	5	3	1	1	5	4	5	13	4	4	1	5	5	1	8	4	2	1	3	11	8	1		1	3	3	
113	5	25	18	38	臺北市	中正區	中正區中華路1段與中華路1段9巷口	25.0469735	121.5099022	0	0	1	2	8	5	5	5	1	1	5	4	5	13	2	1	1	4	5	2	12	1	8	1	7	2	8	1		1	3	2	
113	5	25	18	43	臺北市	大安區	大安區忠孝東路4段與大安路1段口	25.0416846	121.5462848	0	0	2	2	7	5	5	4	1	1	5	4	5	13	2	1	10	5	5	2	12	4	9	1	6	2	10	1		2	2	11	
113	5	25	19	14	臺北市	中山區	中山區北安路與北安路458巷41弄口	25.0799091	121.5469205	0	0	1	2	7	5	5	4	1	1	5	4	5	13	1	1	5	4	5	2	1	1	5	1	7	2	8	1		1	3	8	
113	5	25	19	26	臺北市	文山區	文山區景興路與景華街口口	24.9951376	121.544702	0	0	2	4	8	5	5	4	19	1	5	4	5	13	2	1	1	4	5	2	3	1	9	1	6	1	10	1		2	3	11	
113	5	25	21	53	臺北市	文山區	文山區羅斯福路5段269巷與興隆路1段70巷口口	25.0011392	121.5397857	0	0	1	2	8	5	5	4	1	1	5	4	5	13	4	4	10	5	5	2	15	1	9	1	6	1	10	1		2	2	14	
113	5	25	22	34	臺北市	文山區	文山區景美街與景興路口口	24.9882902	121.5420817	0	0	2	3	8	5	5	3	1	1	5	4	5	13	2	1	5	5	5	2	13	1	1	1	7	1	8	1		1	3	1	
113	5	25	22	40	臺北市	北投區	北投區稻香路81號	25.1409181	121.4895883	0	0	2	2	8	5	5	14	9	1	5	4	5	12	4	4	9	5	5	2	17	1	5	8	4	4	20	1		1	2	12	
113	5	25	23	11	臺北市	文山區	文山區興隆路3段與辛亥路4段口	25.0008508	121.5547323	0	0	1	2	7	5	5	4	2	1	5	4	5	13	2	1	1	2	5	2	17	1	7	1	6	1	10	1		1	2	14	
113	5	25	23	48	臺北市	北投區	北投區大度路3段與中央北路4段口	25.1239314	121.4644732	0	0	2	3	8	5	5	4	1	1	5	4	5	13	2	1	1	2	4	2	17	1	5	3	7	2	18	1		1	3	6	
113	5	26	0	53	臺北市	大安區	大安區敦化南路1段與敦化南路1段161巷口	25.0436884	121.5491332	0	0	1	2	7	5	5	3	2	1	5	4	5	13	3	1	10	4	5	1	16	4	6	1	3	1	4	1		1	3	4	
113	5	26	1	31	臺北市	信義區	信義區仁愛路4段與光復南路口	25.0375335	121.5578165	0	0	1	2	7	5	5	4	2	1	5	4	5	13	1	1	1	4	5	2	20	4	9	1	3	1	10	2		1	2	14	
113	5	26	2	2	臺北市	萬華區	萬華區漢口街2段90巷8弄與漢口街2段90巷口	25.04601191	121.5048357	0	0	1	2	8	5	5	4	1	1	5	4	5	13	4	4	5	5	5	2	15	1	9	1	7	1	8	1		1	3	5	
113	5	26	2	12	臺北市	中正區	中正區汀州路3段與羅斯福路4段196巷口	25.0115039	121.5359737	0	0	1	2	8	5	5	4	1	1	5	4	5	13	4	4	5	2	5	2	17	1	11	1	5	2	10	1		1	3	14	
113	5	26	4	40	臺北市	松山區	松山區光復北路與八德路3段口	25.0482179	121.5577828	0	0	1	2	7	5	5	4	1	1	5	4	5	13	2	1	1	4	5	2	16	1	9	1	7	2	4	1		1	2	1	
113	5	26	6	16	臺北市	士林區	士林區至善路2段與故宮路口	25.0981615	121.5464889	0	0	1	2	8	5	5	4	1	1	5	4	5	13	2	1	1	4	5	2	17	4	6	7	3	11	19	2		4	4	15	
113	5	26	8	0	臺北市	內湖區	內湖區成功路2段323巷與成功路2段口	25.07039512	121.5903696	0	0	1	2	8	6	5	3	1	1	5	4	5	13	1	1	1	5	5	2	16	1	5	1	7	2	8	1		2	3	5	
113	5	26	8	25	臺北市	士林區	士林區中正路與文昌路口	25.0943379	121.5218257	0	0	3	3	8	6	5	4	1	1	5	4	5	13	2	1	3	4	5	2	17	4	15	1	3	1	10	1		2	2	12	
113	5	26	8	43	臺北市	中正區	中正區仁愛路2段與金山南路1段口	25.0382219	121.5281344	0	0	1	2	7	5	5	4	1	1	5	4	5	13	1	1	1	4	1	2	16	1	6	1	7	1	8	1		1	3	1	
113	5	26	8	58	臺北市	內湖區	內湖區康寧路3段99巷與康寧路3段口	25.0715895	121.6097068	0	0	1	5	8	7	5	3	1	1	5	4	5	13	4	4	1	4	4	2	16	1	6	1	7	1	8	1		1	3	6	
113	5	26	9	0	臺北市	內湖區	內湖區環山路3段12號	25.0845045	121.5790118	0	0	2	4	8	6	5	3	1	1	5	4	5	13	4	4	5	4	4	2	16	1	5	1	7	2	8	1		1	3	1	
113	5	26	9	14	臺北市	萬華區	萬華區康定路與內江街口	25.0417171	121.5023228	0	0	1	3	8	6	5	4	1	1	5	4	5	13	1	1	8	3	5	1	17	1	9	1	5	1	10	1		1	3	12	
113	5	26	9	35	臺北市	南港區	南港區玉成街176巷與玉成街166巷22弄口	25.0439764	121.5841371	0	0	3	3	7	7	5	4	2	1	5	4	5	13	4	4	10	5	5	2	15	4	9	1	5	1	10	1		1	2	11	
113	5	26	10	13	臺北市	北投區	北投區承德路6段與無名巷口	25.0988398	121.5127325	0	0	1	3	7	7	5	4	1	1	5	4	5	13	1	1	1	4	5	2	16	1	5	1	7	1	8	2		1	3	2	
113	5	26	10	20	臺北市	中正區	中正區市民大道1段168號	25.0483819	121.5186259	0	0	2	2	7	7	6	14	9	1	5	4	5	13	4	4	1	4	5	2	16	1	5	1	5	2	10	1		1	2	13	
113	5	26	11	9	臺北市	內湖區	內湖區成功路2段與潭美街口	25.0598591	121.5913576	0	0	2	3	8	5	5	14	9	1	5	4	5	13	2	1	5	5	5	2	13	1	15	1	5	1	10	1		2	3	11	
113	5	26	11	23	臺北市	松山區	松山區東興路與東興路口8號及12號間巷子	25.0501207	121.5653163	0	0	1	2	7	6	5	3	2	1	5	4	5	13	1	1	8	3	5	2	16	1	6	1	7	1	8	1		1	3	2	
113	5	26	11	39	臺北市	內湖區	內湖區成功路4段6號	25.080775	121.590801	0	0	1	2	7	6	5	14	9	1	5	4	5	13	4	4	1	4	5	2	12	1	8	1	7	1	8	1		1	3	2	
113	5	26	12	10	臺北市	大安區	大安區復興南路1段與大安路1段116巷口	25.0398569	121.5437053	0	0	1	2	8	6	5	4	1	1	5	4	5	13	1	1	10	5	5	2	15	1	9	1	7	1	8	1		1	3	4	
113	5	26	12	36	臺北市	大同區	大同區承德路2段與南京西路口	25.0533091	121.5175997	0	0	2	2	8	6	5	4	1	1	5	4	5	13	1	1	1	4	5	2	12	1	15	1	6	2	10	1		2	2	12	
113	5	26	12	44	臺北市	中山區	中山區錦州街119號	25.0603939	121.5287066	0	0	1	2	8	7	6	8	9	1	5	4	5	13	4	4	5	4	5	2	2	1	9	1	6	1	10	1		1	3	12	
113	5	26	12	54	臺北市	大安區	大安區忠孝東路3段與新生南路1段口	25.04230399	121.5333034	0	0	1	2	8	6	5	4	1	1	5	4	5	13	1	1	1	3	5	2	17	1	6	1	7	1	8	1		2	3	2	
113	5	26	14	40	臺北市	萬華區	萬華區昆明街與內江街口	25.04154885	121.504685	0	0	1	2	8	6	5	4	2	1	5	4	5	13	2	1	10	5	5	2	16	1	6	1	6	1	10	1		1	2	13	
113	5	26	15	16	臺北市	中正區	中正區中山南路與信義路1段口	25.0387339	121.5179499	0	0	2	3	7	5	5	5	1	1	5	4	5	13	1	1	1	4	1	2	17	1	5	1	6	1	10	1		1	2	11	
113	5	26	15	36	臺北市	大安區	大安區忠孝東路4段216巷19弄與忠孝東路口側附近4段216巷口	25.04032	121.5529969	0	0	1	2	8	7	8	4	1	1	5	4	5	13	4	4	9	4	5	2	17	1	8	1	7	1	4	1		1	3	5	
113	5	26	15	48	臺北市	中山區	中山區民生東路3段與復興北路口	25.05763822	121.5440506	0	0	1	2	6	6	5	4	1	1	4	4	5	13	4	4	1	4	5	2	17	1	6	1	6	1	10	1		1	3	12	
113	5	26	16	7	臺北市	士林區	士林區延平北路6段與中正路口	25.0868122	121.509213	0	0	1	2	7	6	5	4	1	1	5	4	5	13	1	1	1	4	5	2	17	4	5	1	3	2	8	1		1	3	4	
113	5	26	16	10	臺北市	信義區	信義區和平東路3段與信安街口	25.0224089	121.5546628	0	0	1	5	6	6	5	4	2	1	4	4	5	13	2	1	1	4	1	2	11	1	3	1	7	2	8	1		2	3	1	
113	5	26	17	25	臺北市	松山區	松山區民生東路5段與民生東路5段212巷口	25.0589829	121.565123	0	0	1	2	7	6	5	4	2	1	4	4	5	13	1	1	1	3	5	2	9	4	15	1	3	1	2	1		1	3	17	
113	5	26	18	24	臺北市	大安區	大安區臥龍街188巷40號	25.0169817	121.5506854	0	0	1	2	8	6	5	14	9	1	5	4	5	13	4	4	9	5	5	2	18	1	1	1	5	1	10	1		1	2	12	
113	5	26	18	48	臺北市	萬華區	萬華區康定路與康定路372巷口	25.0341	121.5009782	0	0	2	2	7	5	5	4	1	1	5	4	5	13	1	1	5	1	5	1	16	1	5	3	6	5	18	1		1	2	12	
113	5	26	19	16	臺北市	中山區	中山區市民大道3段與八德路2段口	25.0451095	121.5350877	0	0	1	2	8	5	5	4	1	1	5	4	5	13	1	1	1	4	5	2	17	1	6	1	7	1	8	1		1	3	2	
113	5	26	20	7	臺北市	文山區	文山區羅斯福路4段與基隆路4段口口	25.0110069	121.5369489	0	0	4	4	8	5	5	5	1	1	5	4	5	13	2	1	1	4	5	2	17	1	5	1	6	1	10	1		1	2	13	
113	5	26	20	16	臺北市	萬華區	萬華區西園路2段與環河南路3段口	25.024264	121.490811	0	0	1	2	8	5	5	4	1	1	5	4	5	13	2	2	1	4	5	2	17	1	6	1	7	1	8	1		1	3	5	
113	5	26	20	30	臺北市	南港區	南港區重陽路66號	25.055701	121.596961	0	0	2	3	8	5	5	14	8	1	5	4	5	13	4	4	4	3	4	2	17	1	15	1	7	2	8	1		1	3	1	
113	5	26	20	47	臺北市	文山區	文山區保儀路與木柵路3段口	24.9888685	121.5685478	0	0	1	2	7	5	5	14	9	2	5	4	5	13	2	1	5	5	5	2	17	4	6	1	5	1	10	1		2	3	12	
113	5	26	21	35	臺北市	中山區	中山區明水路與樂群二路口	25.07986071	121.5521075	0	0	1	2	6	5	5	4	19	1	4	4	5	13	2	1	1	4	5	2	1	4	5	1	3	9	8	1		1	3	1	
113	5	27	0	0	臺北市	大安區	大安區和平東路3段與基隆路2段口	25.0240474	121.5523156	0	0	1	2	8	5	5	3	1	1	5	4	5	13	1	1	1	4	5	1	16	4	6	1	3	2	8	1		1	3	5	
113	5	27	0	28	臺北市	大同區	大同區承德路3段與承德路3段285巷口	25.0737473	121.5196783	0	0	2	3	7	5	5	4	2	1	5	4	5	13	1	1	1	4	5	2	17	1	9	1	5	11	10	2		4	2	13	
113	5	27	1	57	臺北市	大同區	大同區延平北路4段100-1號	25.0716541	121.5108722	0	0	1	3	7	5	5	14	8	1	5	4	5	13	4	4	5	2	4	2	17	1	9	1	5	1	10	1		1	2	15	
113	5	27	6	13	臺北市	內湖區	內湖區內湖路1段411巷與環山路2段口	25.0856701	121.5727976	0	0	1	2	8	6	5	3	1	1	5	4	5	13	1	1	5	4	5	2	16	1	5	1	7	2	7	1		1	3	6	
113	5	27	6	30	臺北市	中山區	中山區建國北路3段與農安街口	25.0648844	121.5365495	0	0	1	2	8	6	5	4	2	1	5	4	5	13	1	1	10	4	5	2	3	1	15	1	7	1	8	1		1	3	8	
113	5	27	7	50	臺北市	信義區	信義區市民大道6段與虎林街口	25.0491059	121.5760018	0	0	1	2	8	5	5	4	2	1	5	4	5	13	2	1	5	4	5	2	17	1	9	1	6	1	10	1		2	2	11	
113	5	27	8	5	臺北市	信義區	信義區基隆路1段350巷與松壽路口	25.0358218	121.5610944	0	0	1	2	8	6	5	4	1	1	5	4	5	13	2	1	8	3	5	2	17	4	15	1	3	1	10	1		1	2	11	
113	5	27	8	11	臺北市	文山區	文山區木柵路4段與木柵路4段33巷口	24.9940568	121.5715455	0	0	2	2	8	7	5	3	1	1	5	4	5	10	2	1	10	5	5	2	16	1	5	1	5	1	10	1		2	2	12	
113	5	27	8	13	臺北市	大同區	大同區鄭州路與鄭州路143巷口	25.0504051	121.5097875	0	0	1	2	8	6	5	3	1	1	5	4	5	13	4	4	1	4	5	2	17	1	8	1	6	2	10	1		2	2	12	
113	5	27	8	20	臺北市	中正區	中正區思源街16號對面	25.0140677	121.5310842	0	0	1	2	8	7	5	14	9	1	5	4	5	13	4	4	2	4	5	2	13	1	9	1	5	1	10	1		1	2	11	
113	5	27	8	30	臺北市	內湖區	內湖區成功路2段與安康路口口	25.0606113	121.591273	0	0	1	2	8	6	5	4	1	1	5	4	5	13	2	1	5	4	5	2	16	1	6	1	7	1	8	1		1	3	1	
113	5	27	8	35	臺北市	文山區	文山區木柵路4段與木柵路4段159巷口	24.9996542	121.5755864	0	0	3	4	8	6	5	3	1	1	5	4	5	13	1	1	10	5	5	2	17	4	9	1	3	1	10	1		1	3	12	
113	5	27	8	46	臺北市	南港區	南港區舊莊街1段與舊莊街1段145巷口口	25.0398297	121.6204336	0	0	2	3	8	6	5	3	1	1	5	4	5	13	3	1	9	5	5	2	13	4	9	1	5	1	10	1		1	2	11	
113	5	27	8	57	臺北市	松山區	松山區民權東路3段191巷與五常街370巷口	25.0642956	121.5458823	0	0	1	3	8	6	5	4	1	1	5	4	5	13	4	4	10	5	5	2	17	1	6	1	7	1	8	1		1	3	8	
113	5	27	8	58	臺北市	中正區	中正區中山北路1段1號	25.0477808	121.5206913	0	0	1	3	8	6	5	14	9	1	5	4	5	13	4	4	3	4	5	2	16	1	8	1	6	1	10	1		2	2	13	
113	5	27	9	0	臺北市	萬華區	萬華區民和街與東園街66巷20弄口	25.0249373	121.4962369	0	0	2	3	7	7	5	4	1	1	5	4	5	13	4	4	10	5	5	2	15	1	9	1	5	1	10	1		1	2	11	
113	5	27	9	8	臺北市	大同區	大同區民權西路與民權西路144巷口口	25.0628567	121.516047	0	0	2	4	8	6	5	4	2	1	5	4	5	13	2	1	1	4	5	2	13	1	9	1	6	1	10	1		2	2	11	11
113	5	27	9	18	臺北市	大安區	大安區四維路與四維路101巷口	25.03294546	121.5472695	0	0	1	2	8	6	5	3	2	1	5	4	5	13	4	4	10	5	5	2	17	4	15	7	3	11	19	2		1	4	15	
113	5	27	9	22	臺北市	內湖區	內湖區行忠路與行忠路171巷口	25.0670243	121.5813119	0	0	1	2	8	6	5	4	2	1	5	4	5	13	2	1	5	5	5	2	17	1	6	1	7	2	8	1		1	3	5	
113	5	27	9	34	臺北市	萬華區	萬華區艋舺大道190號	25.0328011	121.4998342	0	0	3	3	8	5	5	14	9	1	5	4	5	13	4	4	1	4	5	2	9	5	20	8	4	10	20	1		2	2	16	
113	5	27	9	41	臺北市	士林區	士林區社中街346巷與社中街346巷3弄口	25.0925625	121.5045573	0	0	2	2	8	6	5	4	1	1	5	4	5	13	4	4	10	5	5	1	15	1	9	1	6	1	10	1		1	2	12	
113	5	27	10	10	臺北市	北投區	北投區大度路2段99號	25.1221165	121.4808338	0	0	3	3	8	6	5	14	11	1	5	4	5	13	4	4	9	5	5	1	13	1	9	1	6	2	10	1		2	2	12	
113	5	27	10	10	臺北市	大安區	大安區忠孝東路3段251巷與忠孝東路3段251巷11弄口	25.0436047	121.5416517	0	0	1	2	7	6	5	4	1	1	5	4	5	13	4	4	5	5	5	2	15	1	9	1	5	1	10	1		2	2	11	
113	5	27	10	14	臺北市	信義區	信義區松山路與松山路149巷口	25.0466567	121.5779106	0	0	2	2	8	6	5	4	1	1	5	4	5	13	2	1	9	5	5	2	17	1	6	1	5	1	10	1		2	2	11	14
113	5	27	10	15	臺北市	內湖區	內湖區潭美街106燈桿	25.06350118	121.6099683	0	0	1	2	8	6	5	14	9	1	5	4	5	13	4	4	10	4	5	2	17	1	9	1	6	1	10	1		1	3	11	
113	5	27	10	27	臺北市	大安區	大安區信義路4段與通安街口	25.03321009	121.553466	0	0	1	2	8	6	5	3	1	1	5	4	5	13	4	4	10	3	5	2	13	1	9	1	6	1	10	1		1	2	11	
113	5	27	10	50	臺北市	士林區	士林區通河西街1段與通河西街1段口堤外便道、越堤道	25.0859087	121.5126508	0	0	1	2	8	6	5	4	1	1	5	4	5	13	4	4	10	5	5	2	17	4	5	1	3	1	8	1		1	3	8	
113	5	27	11	14	臺北市	文山區	文山區木柵路1段與富山路口	24.988093	121.5538755	0	0	1	2	7	5	5	3	2	1	5	4	5	13	2	1	10	5	5	2	3	1	5	1	7	11	8	1		2	3	4	
113	5	27	11	44	臺北市	大安區	大安區新生南路3段30號	25.0231182	121.5343869	0	0	1	3	7	6	5	14	20	1	5	4	1	13	4	4	10	5	5	2	17	1	15	1	7	1	7	1		1	3	15	
113	5	27	11	47	臺北市	北投區	北投區承德路7段與中央南路2段口	25.1208716	121.5002055	0	0	1	2	7	7	5	5	1	1	5	4	5	13	1	1	1	4	5	2	16	1	6	1	7	1	8	1		1	3	6	
113	5	27	11	58	臺北市	士林區	士林區仰德大道2段40號	25.1053525	121.5441489	0	0	1	4	8	5	5	14	9	1	5	4	5	13	4	4	4	5	5	1	13	4	9	1	3	1	10	1		1	2	11	
113	5	27	12	15	臺北市	大同區	大同區長安西路與承德路1段口	25.0508951	121.5171413	0	0	1	2	7	5	5	4	2	1	5	4	5	13	2	1	5	4	5	2	17	4	15	1	3	1	8	1		2	3	2	
113	5	27	12	15	臺北市	文山區	文山區老泉街	24.97985083	121.5588313	0	0	1	2	7	7	5	11	9	1	5	4	5	13	4	4	9	5	5	2	18	1	6	1	5	1	10	1		1	2	12	
113	5	27	13	0	臺北市	內湖區	內湖區文湖街8號	25.08583326	121.5603751	0	0	1	2	6	6	5	14	9	1	4	4	5	13	4	4	9	5	5	2	17	1	1	1	7	1	8	1		2	3	8	
113	5	27	13	1	臺北市	文山區	文山區老泉街45巷燈桿0701994號	24.97945522	121.5675744	0	0	2	2	7	6	5	14	9	1	4	4	5	13	4	4	10	5	5	2	13	4	9	3	3	1	18	1		2	2	11	
113	5	27	13	5	臺北市	文山區	文山區木柵路3段77巷7號	24.9892327	121.566905	0	0	1	3	6	7	5	14	9	1	4	4	5	13	4	4	10	5	5	2	12	1	9	1	5	2	10	1		1	2	12	
113	5	27	13	50	臺北市	大同區	大同區庫倫街與酒泉街9巷口	25.0718508	121.5199366	0	0	1	2	6	5	5	4	2	1	4	4	5	13	3	1	1	4	5	2	9	4	5	1	3	1	8	1		1	3	1	
113	5	27	13	54	臺北市	中山區	中山區復興北路480號	25.0645708	121.5441256	0	0	1	2	6	7	5	14	9	1	4	4	5	13	4	4	1	4	5	2	17	4	8	7	3	11	19	2		4	4	17	
113	5	27	14	9	臺北市	信義區	信義區吳興街220巷與吳興街220巷59弄口	25.0265253	121.5616837	0	0	1	2	6	6	5	3	1	1	4	4	5	13	2	1	9	4	5	1	17	4	9	1	3	1	10	1		1	3	11	
113	5	27	14	25	臺北市	大安區	大安區通化街165巷24弄與通化街165巷口	25.0280791	121.5553586	0	0	2	2	6	7	5	4	1	1	4	4	5	13	4	4	10	5	5	2	15	4	9	1	3	1	21	1		1	2	14	
113	5	27	14	42	臺北市	內湖區	內湖區內湖路1段285巷	25.0822697	121.5666861	0	0	1	2	6	7	5	14	8	1	4	4	5	13	1	1	1	4	4	2	12	1	8	1	7	1	8	1		1	3	2	
113	5	27	15	22	臺北市	士林區	士林區至誠路1段295號	25.101754	121.5309866	0	0	2	3	6	6	5	11	9	1	4	4	5	13	4	4	9	5	5	2	18	1	9	1	6	2	10	1		1	2	14	
113	5	27	15	25	臺北市	中山區	中山區北安路與北安路573巷口	25.0812212	121.5485466	0	0	1	2	7	6	5	4	1	1	5	4	5	13	1	1	3	4	5	2	17	1	11	1	7	1	8	1		1	3	17	
113	5	27	16	52	臺北市	文山區	文山區和平東路4段與和平東路口側附近4段65巷口	25.00556927	121.5670256	0	0	1	2	8	6	5	14	9	2	5	4	5	13	2	1	5	5	5	2	17	4	9	1	5	1	10	1		1	3	11	
113	5	27	17	15	臺北市	松山區	與民權東路5段1號旁無名巷口	25.0631448	121.5649808	0	0	1	2	7	6	5	3	2	1	5	4	5	13	1	1	1	3	5	2	13	4	9	1	3	1	2	1		1	3	1	
113	5	27	17	24	臺北市	大安區	大安區敦化南路1段187巷與敦化南路1段口	25.042612	121.5493382	0	0	1	2	8	7	5	14	9	1	5	4	5	13	4	4	5	5	5	1	3	5	16	8	4	10	20	1		1	2	16	
113	5	27	17	40	臺北市	內湖區	內湖區成功路4段180號	25.08313063	121.5935737	0	0	1	3	8	6	5	14	9	1	5	4	5	13	2	1	1	4	4	2	17	1	7	1	6	2	10	1		2	2	14	
113	5	27	17	40	臺北市	萬華區	萬華區西園路2段254巷4號	25.02812397	121.4946196	0	0	1	2	8	7	5	14	9	1	4	4	5	13	4	4	10	5	5	2	18	1	9	1	5	9	10	1		2	2	11	
113	5	27	17	45	臺北市	中山區	中山區民權東路1段與雙城街口	25.06293075	121.5243512	0	0	1	2	7	7	5	4	2	1	5	4	5	13	1	1	1	4	5	2	13	1	9	1	5	1	10	1		1	2	11	
113	5	27	17	57	臺北市	信義區	信義區忠孝東路5段與忠孝東路5段524巷口口	25.0414272	121.5791338	0	0	1	2	7	5	8	22	22	1	5	4	5	13	1	1	1	4	5	2	17	1	9	1	6	2	8	1		1	2	14	
113	5	27	18	10	臺北市	大同區	大同區市民大道1段Y5前	25.0487789	121.5170399	0	0	2	3	8	5	5	14	9	1	5	4	5	13	4	4	1	5	5	2	12	1	9	1	6	1	10	1		2	2	12	
113	5	27	18	31	臺北市	大安區	大安區仁愛路3段123巷13弄與仁愛路3段143巷口	25.0398527	121.543034	0	0	2	3	8	5	5	4	1	1	5	4	5	13	4	4	10	5	5	2	15	1	9	1	5	2	10	1		2	2	12	
113	5	27	18	35	臺北市	大安區	大安區基隆路2段142-1號	25.0280648	121.5569777	0	0	1	2	7	5	5	14	9	1	5	4	5	13	4	4	1	4	5	2	16	4	6	1	3	1	8	1		1	3	5	
113	5	27	18	35	臺北市	萬華區	萬華區西寧南路24號與西寧南路71巷口	25.04608501	121.5068822	0	0	1	2	8	5	5	3	1	1	5	4	5	13	4	4	5	4	5	2	3	5	16	8	4	10	20	1		1	2	16	
113	5	27	18	39	臺北市	大同區	大同區民權西路與民權西路225巷口	25.0628819	121.5121779	0	0	2	2	7	5	5	3	2	1	5	4	5	13	1	1	1	4	5	2	17	1	5	1	6	2	10	1		1	2	14	
113	5	27	18	55	臺北市	中正區	中正區中華路2段465號前	25.02465833	121.5108916	0	0	1	2	7	5	5	14	9	1	5	4	5	13	2	1	4	4	4	1	17	1	1	1	5	1	10	1		2	3	12	