年	月	日	時	分	縣市	行政區	allLocation	GoogleLat	GoogleLng	死	2-30	受傷	當事人數	天候	道路照明設備	道路類別	道路型態	事故位置	路面狀況1	路面狀況2	路面狀況3	道路障礙1	道路障礙2	號誌1	號誌2	車道劃分-分向	車道劃分-分道1	車道劃分-分道2	車道劃分-分道3	事故類型及型態	行動電話	當事者行動狀態	駕駛資格情形	保護裝置	飲酒情形	駕駛執照種類	個人肇逃否	肇因碼-主要	性別	受傷程度	車輛撞擊部位1	車輛撞擊部位2
113	5	27	19	0	臺北市	北投區	北投區大業路第1200641號燈桿	25.1336952	121.4959821	0	0	1	2	6	5	5	14	9	1	4	4	5	13	4	4	1	4	5	1	24	1	9	1	7	1	8	1		1	2	1	
113	5	27	19	15	臺北市	松山區	松山區撫遠街與新東街20巷口	25.05860602	121.5688956	0	0	1	2	8	5	5	3	2	1	5	4	5	13	4	4	10	5	5	2	13	1	9	6	5	11	10	2		1	4	12	
113	5	27	19	30	臺北市	中山區	中山區五常街69號	25.06444	121.540149	0	0	1	2	7	5	5	14	9	1	5	4	5	13	4	4	9	5	5	2	6	1	9	1	6	1	10	1		1	3	11	
113	5	27	20	20	臺北市	士林區	士林區延平北路7段42-12號	25.0958828	121.4974198	0	0	1	2	7	5	5	14	6	1	4	4	5	13	4	4	1	5	5	2	17	1	1	1	7	1	2	1		1	3	8	
113	5	27	20	56	臺北市	中正區	中正區杭州南路2段與杭州南路2段61巷口	25.0302901	121.5221241	0	0	1	2	6	5	5	4	1	1	4	4	5	13	4	4	5	4	5	2	16	1	5	1	5	1	10	1		1	2	12	
113	5	27	21	29	臺北市	文山區	(景興路77號前)	24.9961806	121.5447405	0	0	1	3	7	5	5	14	9	1	5	4	5	13	3	1	1	4	5	1	18	1	7	8	4	2	20	1		1	3	17	
113	5	27	21	39	臺北市	士林區	士林區文林路343號	25.0928605	121.5255639	0	0	2	3	7	5	5	14	9	1	5	4	5	13	4	4	9	5	5	2	16	1	11	1	7	2	8	1		1	3	8	
113	5	27	22	14	臺北市	信義區	信義區松高路與松勇路口	25.0390473	121.5696975	0	0	2	2	8	5	5	5	2	1	5	4	5	13	1	1	4	3	5	2	16	4	5	1	6	1	9	1		1	2	14	
113	5	28	0	35	臺北市	北投區	北投區紗帽路3號	25.1519578	121.5331028	0	0	1	2	7	6	5	11	9	1	5	3	5	13	4	4	4	5	5	1	29	1	9	1	5	9	10	1		1	2	14	12
113	5	28	1	41	臺北市	中山區	中山區中山北路1段與長安東路1段口	25.0497775	121.5217409	0	0	2	3	8	5	5	4	1	1	5	4	5	13	1	1	1	4	5	2	16	1	5	1	7	2	8	1		1	3	2	
113	5	28	4	10	臺北市	中山區	中山區林森北路282號	25.05524563	121.5254423	0	0	1	2	8	5	5	14	9	1	5	4	5	13	4	4	9	4	5	2	17	1	10	1	7	1	8	2		1	3	2	
113	5	28	7	26	臺北市	內湖區	內湖區康寧路1段與康寧路1段255巷口	25.078723	121.5981159	0	0	1	2	6	7	5	3	1	1	4	4	5	13	4	4	5	5	5	1	16	1	5	1	7	2	8	1		1	3	2	
113	5	28	7	30	臺北市	內湖區	內湖區內湖路2段111號號停車格	25.08047656	121.5843817	0	0	1	2	6	6	5	14	9	1	4	4	5	13	4	4	9	5	5	2	13	1	9	1	5	1	10	1		2	2	11	
113	5	28	7	48	臺北市	松山區	松山區松河街106號	25.0512413	121.5759668	0	0	2	2	6	6	5	14	9	1	4	4	5	13	4	4	8	5	5	2	11	1	9	1	6	1	10	1		2	2	11	
113	5	28	8	5	臺北市	中山區	中山區北安路670巷與明水路672巷口口	25.0837144	121.550795	0	0	1	2	8	7	5	4	1	1	4	4	5	13	1	1	1	4	5	2	3	5	16	8	4	10	20	1		1	2	16	
113	5	28	8	28	臺北市	大同區	大同區重慶北路2段與重慶北路2段70巷口口	25.05625248	121.5137792	0	0	1	3	6	6	5	3	2	1	4	4	5	13	4	4	1	5	5	2	12	1	10	1	6	1	10	1		1	2	14	
113	5	28	8	35	臺北市	內湖區	內湖區瑞光路30號附近	25.07011926	121.5828676	0	0	2	2	6	6	5	14	9	1	4	4	5	13	4	4	4	3	4	1	12	1	9	1	6	2	8	1		2	2	11	
113	5	28	8	41	臺北市	士林區	士林區仰德大道1段50號	25.107199	121.5347812	0	0	1	2	6	5	5	14	9	1	4	4	5	13	4	4	5	5	5	1	12	1	9	1	7	1	8	1		1	3	2	
113	5	28	8	46	臺北市	士林區	士林區至善路1段215燈桿	25.09848506	121.5374569	0	0	1	2	6	6	5	14	9	1	4	4	5	13	4	4	1	4	5	1	12	1	15	1	7	1	4	1		1	3	2	
113	5	28	8	48	臺北市	士林區	士林區中山北路5段與中山北路5段505巷口	25.09370957	121.5279727	0	0	1	2	6	5	5	5	2	1	4	4	5	13	2	1	1	4	1	1	15	1	9	1	7	1	8	1		1	3	1	
113	5	28	8	53	臺北市	信義區	信義區和平東路3段341巷與富陽街21巷口	25.0215441	121.5580564	0	0	1	2	6	5	5	4	2	1	4	4	5	13	4	4	5	4	5	2	17	1	9	3	5	1	18	1		2	2	12	
113	5	28	9	19	臺北市	中正區	中正區林森南路與濟南路1段口	25.0425004	121.5227112	0	0	1	2	6	6	5	4	1	1	4	4	5	13	2	1	9	4	5	2	16	1	5	1	7	2	8	1		1	3	8	
113	5	28	9	24	臺北市	南港區	南港區永吉路與忠孝東路5段口	25.0452213	121.5823563	0	0	1	2	6	6	8	5	1	1	4	4	5	13	1	1	1	4	4	2	16	4	6	1	3	2	10	1		1	3	2	
113	5	28	9	31	臺北市	信義區	信義區嘉興街175巷與嘉興街口口	25.0277559	121.5571197	0	0	2	2	6	6	5	4	1	1	4	4	5	13	4	4	9	5	5	2	16	1	9	1	5	9	10	1		1	2	12	12
113	5	28	9	40	臺北市	文山區	文山區信義快速道路文山隧道	25.02703029	121.5635957	0	0	1	3	6	5	5	14	9	1	4	4	5	13	4	4	10	1	5	2	9	1	12	1	7	1	2	1		1	3	17	
113	5	28	9	45	臺北市	內湖區	內湖區瑞湖街178巷25號	25.0710181	121.5754859	0	0	1	2	6	6	5	11	9	1	4	4	5	13	4	4	9	5	5	2	17	1	5	1	7	1	8	1		1	3	8	
113	5	28	9	47	臺北市	信義區	信義區松仁路與忠孝東路5段236巷2弄口	25.0405375	121.5684458	0	0	1	2	6	6	5	3	2	1	4	4	5	13	4	4	1	4	5	2	17	4	5	1	3	1	8	1		1	3	17	
113	5	28	10	0	臺北市	文山區	文山區木柵路1段與和興路口	24.9866849	121.5458089	0	0	2	2	6	7	5	4	4	1	4	4	5	13	1	1	5	4	5	2	13	1	9	1	5	1	10	1		1	2	11	
113	5	28	10	16	臺北市	松山區	松山區市民大道6段與虎林街口	25.0494125	121.5760224	0	0	2	2	6	5	5	4	1	1	4	4	5	13	1	1	10	4	5	2	13	1	7	1	5	1	10	1		1	2	14	
113	5	28	10	18	臺北市	信義區	信義區松勇路與忠孝東路5段236巷2弄口	25.0405122	121.5697427	0	0	1	2	6	6	5	3	1	1	4	4	5	13	4	4	9	5	5	2	17	4	5	1	3	1	8	1		1	3	17	
113	5	28	10	24	臺北市	松山區	松山區光復北路與民權東路4段口	25.0618082	121.5545274	0	0	2	2	6	6	5	4	2	1	4	4	5	13	2	1	3	3	5	2	13	1	9	1	6	1	10	1		1	2	11	
113	5	28	10	45	臺北市	萬華區	萬華區康定路與內江街口	25.0417022	121.5023273	0	0	1	2	7	5	5	5	1	1	4	4	5	13	1	1	6	3	5	2	16	4	5	1	3	1	8	1		1	3	1	
113	5	28	10	49	臺北市	萬華區	萬華區西園路1段282巷與康定路口	25.033808	121.5008294	0	0	1	2	7	7	5	3	2	1	4	4	5	13	4	4	4	4	5	2	17	1	6	1	7	1	8	1		2	3	8	
113	5	28	11	0	臺北市	松山區	松山區長春路與慶城街口	25.0545123	121.5461347	0	0	1	2	6	6	5	4	1	1	4	4	5	13	2	1	5	5	5	2	16	4	5	1	3	1	8	1		2	3	1	
113	5	28	11	6	臺北市	中山區	中山區長安東路2段與復興北路口	25.048601	121.5438615	0	0	1	2	7	5	5	4	2	1	5	4	5	13	1	1	1	4	5	2	13	4	12	1	3	1	10	1		2	2	12	
113	5	28	11	12	臺北市	松山區	松山區民權東路3段106巷15弄與民生東路3段113巷口	25.05994932	121.5461991	0	0	2	3	8	6	5	4	2	1	5	4	5	8	4	4	10	5	5	2	15	1	9	1	6	1	10	1		1	2	12	
113	5	28	11	17	臺北市	萬華區	萬華區忠孝橋往北市機車道機慢車左右轉專用道	25.0486326	121.5071025	0	0	1	2	6	6	7	8	11	1	4	4	5	13	4	4	3	4	4	2	17	1	15	1	5	1	10	1		2	2	12	
113	5	28	11	18	臺北市	中正區	中正區羅斯福路2段與羅斯福路2段48巷口口	25.0279522	121.5216687	0	0	1	3	8	6	5	5	1	1	5	4	5	13	1	1	1	4	5	2	15	4	9	1	3	1	2	1		1	3	6	
113	5	28	11	23	臺北市	大安區	大安區和平東路1段與新生南路3段口	25.0259753	121.5344765	0	0	1	2	7	7	5	14	9	1	4	4	5	13	1	1	8	3	5	2	17	4	7	1	3	9	10	1		2	3	17	
113	5	28	12	40	臺北市	士林區	士林區德行東路190巷與德行東路口	25.1086435	121.5310761	0	0	1	2	7	6	5	3	2	1	5	4	5	13	4	4	9	5	5	2	3	4	11	1	3	11	8	2		1	4	15	
113	5	28	13	13	臺北市	萬華區	萬華區環河南路2段280巷與長順街123巷口	25.0333956	121.4893749	0	0	2	2	7	7	5	3	1	1	5	4	5	13	4	4	8	3	5	2	16	1	15	1	5	1	10	1		2	2	11	
113	5	28	13	44	臺北市	大安區	大安區仁愛路3段與新生南路1段口	25.0385607	121.5329272	0	0	1	2	7	6	5	4	2	1	5	4	5	13	4	4	9	4	5	1	16	4	6	1	3	1	8	1		1	3	5	
113	5	28	14	2	臺北市	中山區	中山區林森北路與林森北路399巷口	25.059195	121.5255706	0	0	2	2	8	5	5	4	1	1	5	4	5	13	1	1	5	5	5	2	16	4	5	1	3	1	10	1		2	2	12	
113	5	28	14	24	臺北市	大同區	大同區承德路2段與南京西路口	25.0539531	121.5178967	0	0	1	2	7	6	5	4	2	1	5	4	5	13	2	1	1	4	5	2	13	4	9	1	5	1	10	1		2	2	11	
113	5	28	14	40	臺北市	大安區	大安區四維路76巷與四維路口	25.034247	121.5480752	0	0	1	2	7	6	5	4	1	1	5	4	5	13	3	1	10	5	5	2	15	1	9	1	7	1	4	1		1	3	1	
113	5	28	14	48	臺北市	內湖區	內湖區新湖三路與民善街口	25.0623316	121.5748938	0	0	1	2	6	5	5	14	9	1	4	4	5	13	4	4	9	5	5	2	17	1	6	1	7	1	8	1		1	3	5	
113	5	28	15	17	臺北市	中正區	中正區青島西路(兒童醫院停車場出入口)	25.0448689	121.5179116	0	0	1	2	7	6	5	14	9	1	5	4	5	13	1	1	10	5	5	2	16	1	5	1	7	2	8	1		1	3	8	
113	5	28	16	0	臺北市	士林區	士林區社中街與永平街口口	25.09221785	121.5051597	0	0	1	2	7	7	5	3	1	1	5	4	5	13	2	1	9	4	5	1	17	1	5	1	5	2	10	1		1	2	17	
113	5	28	16	1	臺北市	信義區	信義區吳興街227號口對面	25.0276	121.5631453	0	0	1	2	7	5	8	22	22	1	5	4	5	13	4	4	5	4	5	2	9	1	6	1	5	1	10	1		2	3	11	
113	5	28	16	25	臺北市	大同區	大同區忠孝西路2段與昆明街口	25.0489659	121.5065746	0	0	1	3	8	6	5	4	2	1	5	4	5	13	2	1	9	4	5	2	13	1	9	3	7	1	18	1		2	3	1	
113	5	28	16	40	臺北市	士林區	士林區仰德大道2段與仰德大道2段161巷口	25.11045506	121.548534	0	0	1	3	6	5	5	14	9	1	4	4	5	13	4	4	8	1	5	1	13	1	9	1	6	1	10	1		1	2	11	
113	5	28	16	52	臺北市	信義區	信義區松信路與松隆路口	25.0466671	121.5718659	0	0	2	3	7	7	5	4	2	1	5	4	5	13	1	1	5	5	5	2	17	1	15	1	5	1	10	1		1	2	11	
113	5	28	16	55	臺北市	松山區	松山區三民路117號	25.0583244	121.563267	0	0	1	2	7	7	5	14	9	1	5	4	5	13	4	4	1	4	5	2	17	1	15	8	4	1	20	1		2	2	11	
113	5	28	17	5	臺北市	松山區	松山區東興路與南京東路5段250巷口	25.0507087	121.5654696	0	0	2	2	6	6	5	4	1	1	4	4	5	13	4	4	8	3	5	1	16	1	9	8	3	1	20	1		1	2	12	
113	5	28	17	23	臺北市	信義區	信義區光復南路425號	25.036062	121.557584	0	0	1	2	6	6	5	14	9	1	4	4	5	13	4	4	1	4	5	2	12	4	7	1	6	1	10	1		1	2	11	
113	5	28	17	29	臺北市	大同區	大同區環河北路1段與鄭州路口	25.0505742	121.5068528	0	0	2	2	6	6	5	5	1	1	4	4	5	13	2	1	1	2	5	2	13	1	9	1	6	1	10	1		1	2	11	
113	5	28	17	38	臺北市	信義區	信義區松德路169巷與松德路133巷口	25.0363512	121.5759016	0	0	2	2	6	5	5	4	1	1	4	4	5	13	4	4	5	5	5	2	15	1	9	1	5	2	10	1		1	2	11	
113	5	28	17	40	臺北市	中正區	中正區南海路與羅斯福路1段口口	25.0332269	121.5176241	0	0	1	2	6	6	5	5	1	1	4	4	1	13	1	1	1	4	4	1	17	1	6	1	7	1	8	1		1	3	1	
113	5	28	17	50	臺北市	內湖區	內湖區民權東路6段11巷與瑞湖街口口	25.0675778	121.5765111	0	0	1	2	6	6	5	3	1	1	4	4	5	13	4	4	10	5	5	2	17	1	6	3	5	2	18	1		1	2	14	
113	5	28	18	5	臺北市	中山區	中山區明水路與北安路458巷口	25.07748081	121.5444068	0	0	2	2	7	7	5	3	2	1	5	4	5	13	2	1	5	4	5	2	17	4	15	1	6	1	10	1		1	2	13	
113	5	28	18	17	臺北市	南港區	南港區忠孝東路6段與昆陽街口口	25.0504743	121.5939623	0	0	1	2	6	5	5	4	1	1	4	4	5	13	2	1	1	4	5	2	16	4	9	1	5	9	10	1		1	2	11	
113	5	28	18	20	臺北市	內湖區	內湖區金莊路與金豐街口	25.0653835	121.5877131	0	0	2	2	7	5	6	4	1	1	5	4	5	13	2	1	9	4	5	2	16	1	5	1	6	1	10	1		1	2	11	
113	5	28	18	22	臺北市	文山區	文山區試院路1-1號前	24.98739851	121.5489061	0	0	1	2	6	6	5	11	9	1	4	4	5	13	4	4	5	4	5	2	17	1	5	1	7	2	8	1		1	3	17	
113	5	28	18	33	臺北市	士林區	士林區文林路與雙溪街口	25.0997214	121.5233965	0	0	1	2	7	5	5	4	1	1	5	4	5	13	1	1	5	5	5	2	16	1	5	1	7	1	8	1		2	3	5	
113	5	28	18	45	臺北市	士林區	士林區福林路與自祥街口口	25.0970608	121.5330093	0	0	1	2	7	5	6	3	1	1	5	4	5	13	2	1	5	4	5	1	17	1	8	1	5	1	10	1		2	3	12	
113	5	28	18	48	臺北市	北投區	北投區立農街2段289號	25.1187105	121.5157316	0	0	2	2	8	5	5	14	9	1	5	4	5	13	4	4	5	5	5	2	13	1	9	1	6	2	10	1		1	2	11	
113	5	28	19	20	臺北市	南港區	南港區南港路3段50巷與南港路3段口	25.0540916	121.592027	0	0	1	2	8	5	5	14	9	1	5	4	5	13	4	4	8	3	5	1	9	4	1	1	3	1	2	1		1	3	15	
113	5	28	19	40	臺北市	文山區	文山區木柵路2段138巷26號	24.9882565	121.5616556	0	0	1	2	7	5	5	14	9	1	4	4	5	13	4	4	10	5	5	1	17	1	5	1	7	2	8	1		1	3	1	
113	5	28	20	25	臺北市	大安區	大安區基隆路4段與羅斯福路4段113巷口口	25.0116411	121.537838	0	0	1	2	7	5	5	3	2	1	5	4	5	13	1	1	1	4	4	2	12	4	9	1	3	1	10	1		2	2	14	
113	5	28	20	54	臺北市	大同區	大同區歸綏街與甘州街口	25.0581927	121.5130043	1	0	0	2	7	5	5	3	1	1	5	4	5	13	4	4	5	5	5	2	1	4	5	1	3	2	8	1		1	3	8	
113	5	28	21	20	臺北市	松山區	松山區民權東路3段與敦化北路口	25.06160931	121.5507221	0	0	1	2	8	5	5	4	1	1	5	4	5	12	1	1	9	4	5	2	11	4	8	1	6	1	10	1		2	2	12	
113	5	28	21	37	臺北市	大同區	大同區鄭州路123號	25.0502312	121.5108098	0	0	1	2	7	5	5	14	9	1	5	4	5	13	4	4	1	4	5	2	17	1	7	1	5	1	10	1		1	3	12	
113	5	28	21	47	臺北市	中正區	中正區齊東街與金山南路1段口	25.04266579	121.5296123	0	0	2	2	8	5	5	4	1	1	5	4	5	8	4	4	9	5	5	2	15	1	9	1	5	2	10	1		1	2	13	
113	5	28	22	4	臺北市	信義區	信義區和平東路3段與信安街口	25.0224858	121.554663	0	0	1	2	7	5	5	4	18	1	5	4	5	13	1	1	1	4	5	2	2	4	5	1	3	2	4	1		1	3	8	
113	5	28	22	51	臺北市	大同區	大同區重慶北路3段與哈密街59巷56弄口	25.075409	121.5139731	0	0	2	3	8	5	5	3	2	1	5	4	5	13	4	4	1	4	5	2	17	4	6	1	3	2	8	1		1	3	8	
113	5	28	23	18	臺北市	文山區	文山區羅斯福路6段142巷與景仁街口	24.9963329	121.5403874	0	0	3	3	8	5	5	4	1	1	5	4	5	13	4	4	10	5	5	2	15	1	9	1	6	2	10	1		1	2	14	
113	5	28	23	19	臺北市	信義區	信義區和平東路3段與安居街口	25.0216299	121.555557	0	0	1	2	8	5	5	3	1	1	5	4	5	13	1	1	9	4	5	2	3	1	5	1	7	9	8	1		2	3	1	
113	5	29	0	57	臺北市	大同區	大同區南京西路與赤峰街口	25.0530334	121.5190276	0	0	1	2	8	5	5	3	2	1	5	4	5	13	2	1	1	4	5	2	17	4	6	1	3	2	5	1		1	3	2	
113	5	29	2	30	臺北市	士林區	士林區仰德大道1段110號下方50公尺	25.10861651	121.5360595	0	0	1	2	8	5	5	11	9	1	5	4	5	13	4	4	4	5	5	1	17	1	9	1	7	1	4	1		1	3	1	
113	5	29	3	45	臺北市	中正區	中正區重慶南路3段與寧波西街口口	25.0297451	121.5153877	0	0	1	2	7	5	5	4	1	1	5	4	5	13	1	1	1	4	5	2	16	4	6	6	3	9	18	1		1	3	2	
113	5	29	5	50	臺北市	內湖區	內湖區康寧路3段與潭美街口(安康路328巷6號前)	25.0638248	121.6110477	0	0	2	2	8	5	5	11	9	1	5	4	5	13	4	4	4	1	5	1	16	4	6	1	3	1	8	1		1	2	1	
113	5	29	6	42	臺北市	南港區	南港區忠孝東路7段與忠孝東路7段265巷口	25.0518104	121.6036193	0	0	1	2	8	7	5	3	1	1	5	4	5	13	2	1	5	4	5	2	16	1	6	1	7	2	1	1		1	3	5	
113	5	29	6	47	臺北市	北投區	北投區文林北路與自強街口	25.109641	121.5123251	0	0	1	2	7	5	5	14	8	1	5	4	5	12	4	4	9	4	3	1	13	4	9	1	3	1	10	1		1	2	11	
113	5	29	6	56	臺北市	大安區	大安區大安路1段與四維路52巷口	25.0351223	121.5460125	0	0	1	2	8	6	5	4	1	1	5	4	5	13	4	4	10	5	5	2	15	1	9	1	7	1	8	1		1	3	1	
113	5	29	7	20	臺北市	北投區	北投區大度路3段151號	25.1228437	121.4679464	0	0	1	2	7	6	5	14	5	1	5	4	5	13	1	1	1	2	1	1	17	1	7	1	7	9	2	2		1	3	17	
113	5	29	7	27	臺北市	信義區	信義區信義路6段76巷與信義路6段口	25.0352891	121.5768344	0	0	2	2	7	6	5	4	2	1	5	4	5	13	1	1	10	5	5	2	16	4	1	3	3	2	18	1		1	2	11	
113	5	29	7	41	臺北市	南港區	南港區東新街與市民大道7段口口	25.0497296	121.5836191	0	0	1	2	7	6	5	4	1	1	5	4	5	13	1	1	5	4	5	2	16	4	6	1	3	1	8	1		1	3	6	
113	5	29	7	45	臺北市	士林區	士林區延平北路6段與通河西街2段口	25.0939917	121.4978352	0	0	1	2	8	7	5	5	1	1	5	4	5	13	1	1	1	2	5	2	17	4	5	1	3	1	8	1		1	3	2	
113	5	29	8	25	臺北市	萬華區	萬華區長順街與長順街123巷口	25.0323614	121.4889516	0	0	1	2	7	7	5	4	1	1	5	4	5	13	1	1	5	5	5	2	17	1	6	1	7	1	8	1		2	3	2	
113	5	29	8	34	臺北市	松山區	松山區八德路3段12巷51弄與八德路3段12巷57弄口	25.0461536	121.552036	0	0	1	2	8	5	5	4	1	1	5	4	5	13	4	4	8	3	5	2	16	1	11	1	3	1	8	1		1	3	4	
113	5	29	8	39	臺北市	大同區	大同區酒泉街與迪化街2段口	25.07209632	121.512633	0	0	1	2	7	6	5	5	1	1	5	4	5	13	4	4	5	5	5	2	16	1	1	1	6	2	10	1		1	2	11	
113	5	29	8	42	臺北市	信義區	信義區忠孝東路5段703巷1弄與忠孝東路5段621巷口口	25.0424103	121.5788698	0	0	1	2	8	7	5	3	1	1	5	4	5	13	4	4	10	5	5	2	17	1	6	8	4	1	20	1		2	2	11	
113	5	29	8	45	臺北市	中正區	中正區金山南路1段111號前	25.0360671	121.5276999	0	0	2	3	8	5	5	14	9	1	5	4	5	13	4	4	1	4	5	1	17	1	7	1	5	1	10	1		1	2	14	
113	5	29	8	48	臺北市	松山區	松山區民權東路5段與撫遠街口	25.0633329	121.5660655	0	0	2	3	7	6	5	4	1	1	5	4	5	13	2	1	1	4	5	2	12	1	9	1	6	2	10	1		1	2	12	
113	5	29	8	50	臺北市	中正區	中正區杭州南路1段23號	25.04237021	121.5264059	0	0	2	2	7	6	5	14	9	1	5	4	5	13	4	4	10	4	5	2	16	1	7	1	5	2	10	1		1	2	13	
113	5	29	8	52	臺北市	南港區	南港區東新街與東新街118巷口	25.0465812	121.5884278	0	0	1	2	8	7	5	4	1	1	5	4	5	13	2	1	5	4	5	2	13	1	1	1	5	1	10	1		1	3	11	
113	5	29	9	8	臺北市	文山區	文山區忠順街2段與興隆路4段165巷口	24.9847615	121.5633996	0	0	2	2	8	7	5	3	2	1	5	4	5	13	4	4	10	5	5	2	17	1	5	3	5	1	18	1		2	2	11	
113	5	29	9	12	臺北市	萬華區	萬華區東園街14巷12號	25.02745172	121.4952359	0	0	1	2	8	5	5	14	9	1	5	4	5	13	4	4	10	5	5	2	1	4	9	6	7	1	2	1		1	3	2	
113	5	29	9	13	臺北市	南港區	南港區三重路與經貿二路口	25.060046	121.614347	0	0	1	2	8	7	5	11	9	1	5	4	5	13	4	4	5	5	5	2	12	4	8	1	3	1	4	1		1	3	6	
113	5	29	9	39	臺北市	北投區	北投區中央北路3段與中央北路3段102巷口	25.1377743	121.4842421	0	0	1	2	7	6	5	3	2	1	5	4	5	13	1	1	5	4	4	1	12	1	7	1	5	2	10	1		1	2	14	
113	5	29	9	41	臺北市	南港區	南港區南港路1段與研究院路1段口口	25.0550529	121.6166885	0	0	2	2	7	6	5	4	1	1	5	4	5	13	1	1	1	4	5	2	12	4	8	1	5	1	10	1		2	2	12	
113	5	29	10	10	臺北市	文山區	文山區木新路2段111巷12弄8號	24.98345798	121.5700602	0	0	1	2	8	7	5	14	9	1	5	4	5	13	4	4	10	5	5	2	17	4	9	1	5	1	10	1		1	2	11	
113	5	29	10	20	臺北市	北投區	北投區自強街與石牌路1段166巷口	25.1109521	121.5161184	0	0	1	2	8	6	5	3	1	1	5	4	5	13	4	4	5	5	5	2	15	1	1	1	5	1	10	1		1	2	14	
113	5	29	10	30	臺北市	信義區	信義區虎林街164巷60弄14號	25.0383108	121.5740756	0	0	1	3	8	6	5	14	9	1	5	4	5	13	4	4	10	5	5	2	29	1	9	1	6	9	9	1		3	2	12	
113	5	29	10	32	臺北市	文山區	文山區木柵路3段與萬壽橋口	24.991584	121.5711692	0	0	1	2	8	7	5	4	1	1	5	4	5	13	2	1	5	4	5	2	16	1	6	1	7	1	8	1		1	3	5	
113	5	29	10	40	臺北市	中山區	中山區明水路與北安路口	25.07777645	121.5391081	0	0	2	2	7	6	5	14	9	1	5	4	5	13	2	1	1	5	5	1	13	4	9	1	3	1	10	1		2	2	11	
113	5	29	11	10	臺北市	士林區	士林區德行西路95號與德行西路口	25.1043519	121.5213983	0	0	2	2	8	5	5	4	1	1	5	4	5	13	4	4	5	5	5	1	17	1	6	5	5	1	10	1		1	2	14	
113	5	29	11	14	臺北市	內湖區	內湖區新明路380巷與新明路口	25.05477346	121.5804028	0	0	1	2	7	6	5	4	1	1	5	4	5	13	4	4	9	4	5	1	14	1	2	1	7	1	8	1		2	3	3	
113	5	29	11	15	臺北市	信義區	信義區基隆路2段與信義路5段口	25.0328065	121.5595336	0	0	1	2	8	6	5	4	2	1	5	4	5	13	2	1	3	2	5	2	12	1	9	1	5	1	10	1		1	2	14	
113	5	29	11	27	臺北市	萬華區	萬華區環河南路2段245號	25.0296695	121.4893644	0	0	2	2	7	6	5	14	9	1	5	4	5	13	4	4	8	3	5	2	16	4	5	1	5	1	10	1		2	2	12	
113	5	29	11	30	臺北市	中山區	中山區雙城街與農安街口	25.0649185	121.5242974	0	0	1	3	8	6	5	3	1	1	5	4	5	13	1	1	5	5	5	2	11	1	7	1	5	1	10	1		1	2	14	
113	5	29	11	36	臺北市	內湖區	內湖區新湖一路與新湖二路口	25.0649937	121.5847089	0	0	1	2	8	6	5	4	1	1	5	4	5	13	4	4	5	5	5	2	17	1	9	1	5	2	10	1		1	2	11	
113	5	29	11	45	臺北市	文山區	文山區新光路2段與新光路2段口圓環	25.0004406	121.58347	0	0	1	2	8	7	5	4	1	1	5	4	5	13	3	1	10	5	5	2	17	1	9	1	5	1	10	1		1	2	11	
113	5	29	11	53	臺北市	士林區	士林區百齡橋與承德路4段口西向東	25.0905903	121.5160924	0	0	2	2	8	5	5	3	2	1	5	4	5	13	4	4	3	4	5	1	17	1	9	1	6	2	11	1		2	2	11	
113	5	29	12	8	臺北市	文山區	文山區指南路2段與萬壽路口	24.9876984	121.5756417	0	0	1	2	8	7	5	3	1	1	5	4	5	12	3	1	10	5	5	2	18	4	9	1	5	1	10	1		1	2	15	
113	5	29	12	48	臺北市	士林區	士林區環河北路3段175號	25.0868658	121.5049893	0	0	1	2	8	6	5	14	9	1	5	4	5	13	4	4	10	4	4	1	17	1	9	1	6	1	10	1		1	2	12	
113	5	29	12	48	臺北市	大同區	大同區長安西路115號	25.0511864	121.5159531	0	0	1	2	8	6	5	14	9	1	5	4	5	13	4	4	5	5	5	2	14	1	2	1	7	9	8	1		1	3	7	
113	5	29	12	50	臺北市	大安區	大安區敦化南路2段120號	25.0263813	121.5484829	0	0	1	2	8	6	5	14	9	1	5	4	5	13	4	4	9	4	5	1	16	4	15	1	3	1	4	1		1	3	6	
113	5	29	13	25	臺北市	信義區	信義區基隆路2段7號	25.03242103	121.559272	0	0	1	3	8	5	5	14	9	1	5	4	5	13	4	4	1	4	5	2	13	1	9	1	6	1	10	1		1	2	11	
113	5	29	13	41	臺北市	大安區	大安區大安路1段21號	25.0444235	121.5462201	0	0	1	2	7	5	5	14	9	1	5	4	5	13	4	4	10	4	5	2	12	1	8	1	6	1	10	1		1	3	12	
113	5	29	14	0	臺北市	中山區	中山區吉林路與松江路90巷口	25.0505095	121.5301075	0	0	1	2	8	7	5	4	1	1	5	4	5	13	1	1	5	5	4	2	17	4	5	1	3	1	8	1		1	3	8	
113	5	29	14	12	臺北市	大安區	大安區忠孝東路3段54號	25.0418072	121.5356635	0	0	1	2	7	7	5	14	9	1	5	4	5	13	4	4	8	3	5	1	17	1	9	1	7	1	4	1		1	3	15	
113	5	29	14	45	臺北市	北投區	北投區三合街1段82巷與三合街1段118巷口	25.1277528	121.5048335	0	0	1	2	8	7	5	4	1	1	5	4	5	13	3	1	10	5	5	1	15	1	9	1	2	1	8	1		2	3	2	
113	5	29	15	20	臺北市	士林區	士林區福林路與福林路100巷口	25.09581529	121.5312483	0	0	1	2	8	6	5	3	1	1	5	4	5	13	3	1	5	2	5	1	16	1	6	1	7	1	8	1		2	3	2	