年	月	日	時	分	縣市	行政區	allLocation	GoogleLat	GoogleLng	死	2-30	受傷	當事人數	天候	道路照明設備	道路類別	道路型態	事故位置	路面狀況1	路面狀況2	路面狀況3	道路障礙1	道路障礙2	號誌1	號誌2	車道劃分-分向	車道劃分-分道1	車道劃分-分道2	車道劃分-分道3	事故類型及型態	行動電話	當事者行動狀態	駕駛資格情形	保護裝置	飲酒情形	駕駛執照種類	個人肇逃否	肇因碼-主要	性別	受傷程度	車輛撞擊部位1	車輛撞擊部位2
113	5	29	15	44	臺北市	內湖區	內湖區民權東路6段50號	25.06859405	121.5840093	0	0	1	2	8	7	5	14	8	1	5	4	5	13	4	4	1	4	4	2	12	1	8	1	7	1	8	1		1	3	6	
113	5	29	16	3	臺北市	北投區	北投區光明路與光明路151巷口	25.1350886	121.5025431	0	0	1	2	8	5	5	3	2	1	5	4	5	13	4	4	9	4	5	1	12	1	9	1	7	2	8	1		1	3	4	
113	5	29	16	20	臺北市	內湖區	內湖區舊宗路1段150巷與民善街口	25.06166963	121.5751353	0	0	2	2	7	6	5	4	1	1	5	4	5	13	4	4	8	3	5	1	17	1	9	1	7	2	8	1		2	2	2	
113	5	29	16	27	臺北市	信義區	信義區嘉興街181巷9弄與嘉興街175巷2弄口	25.0270684	121.5572926	0	0	1	2	7	7	5	3	1	1	4	4	5	13	4	4	10	5	5	2	17	1	5	1	7	1	14	1		1	3	5	
113	5	29	16	33	臺北市	中山區	中山區民族東路552號	25.0669098	121.5435181	0	0	1	2	7	6	5	14	9	1	5	4	5	13	4	4	10	3	5	1	12	1	9	1	7	1	21	1		2	2	1	
113	5	29	16	39	臺北市	北投區	北投區西安街1段與石牌路1段166巷43弄口	25.1142158	121.5154288	0	0	1	2	8	7	5	3	2	1	5	4	5	13	4	4	10	4	5	1	11	1	9	1	7	1	8	1		2	3	2	
113	5	29	16	58	臺北市	內湖區	內湖區內湖路1段596號前	25.07898083	121.5777169	0	0	1	2	8	6	5	14	9	1	5	4	5	13	4	4	1	4	5	2	12	1	4	1	7	1	8	1		2	3	5	
113	5	29	17	15	臺北市	內湖區	內湖區金豐街與石潭路口	25.0635484	121.5904267	0	0	1	2	7	7	5	4	1	1	5	4	5	13	2	1	10	5	5	2	15	1	9	1	6	2	10	1		2	2	12	
113	5	29	17	15	臺北市	南港區	南港區忠孝東路7段539號	25.0528556	121.6130297	0	0	3	3	8	7	5	14	9	1	5	4	5	13	4	4	8	3	5	2	13	4	9	1	3	2	10	1		2	2	13	
113	5	29	17	20	臺北市	士林區	士林區福林路與福林路251巷口	25.0984034	121.5349707	0	0	2	4	7	6	5	3	1	1	5	4	5	13	4	4	5	4	5	2	17	1	6	1	6	2	10	1		1	2	14	
113	5	29	17	30	臺北市	士林區	士林區中正路660號	25.08637241	121.5075549	0	0	1	2	7	7	5	14	11	1	5	4	5	13	4	4	1	5	5	1	12	1	7	1	5	1	10	1		1	3	13	
113	5	29	17	40	臺北市	內湖區	內湖區文德路22巷53弄與江南街71巷75弄口	25.07555089	121.5797576	0	0	1	2	7	6	6	4	1	1	5	4	5	8	4	4	10	4	5	2	17	1	9	1	5	1	10	1		2	2	12	
113	5	29	17	40	臺北市	大安區	大安區市民大道3段86號	25.0451756	121.5334612	0	0	2	2	7	6	5	14	9	1	5	4	5	13	4	4	10	5	5	2	12	1	1	1	6	1	10	1		1	2	11	
113	5	29	17	45	臺北市	大同區	大同區民權西路與環河北路1段口	25.0631404	121.5088458	0	0	2	3	7	6	5	3	1	1	5	4	5	13	4	4	1	4	5	2	17	1	6	1	5	1	10	1		2	3	17	
113	5	29	18	6	臺北市	大安區	大安區大安路1段65號	25.0425809	121.5461481	0	0	1	2	8	5	5	14	9	1	5	4	5	13	4	4	8	3	5	2	12	4	7	1	3	1	10	1		2	2	14	
113	5	29	18	20	臺北市	信義區	信義區基隆路1段與永吉路口	25.0455378	121.5672007	0	0	1	2	7	5	5	5	1	1	5	4	5	13	1	1	1	4	5	2	13	1	9	1	6	1	10	1		2	3	12	
113	5	29	18	28	臺北市	北投區	北投區自強街120巷與自強街120巷15弄口	25.1103304	121.5158442	0	0	2	3	7	6	5	4	1	1	5	4	5	13	4	4	10	5	5	2	15	1	9	1	5	2	10	1		1	3	12	14
113	5	29	18	32	臺北市	中正區	中正區福和橋往永和機車道	25.00948946	121.533173	0	0	3	3	8	5	8	14	11	1	5	4	5	13	4	4	1	5	5	2	13	4	9	1	5	2	10	1		1	2	11	
113	5	29	18	45	臺北市	大安區	大安區和平東路3段與敦化南路2段口	25.0245012	121.5489835	0	0	1	2	7	5	5	4	1	1	5	4	5	13	1	1	9	4	5	1	17	4	5	1	3	1	4	1		1	3	2	
113	5	29	18	45	臺北市	松山區	松山區光復北路80巷與南京東路4段158巷口	25.05015823	121.5563493	0	0	3	3	8	5	6	4	1	1	5	4	5	13	4	4	10	5	5	2	15	1	9	1	6	1	10	1		1	2	11	
113	5	29	19	13	臺北市	萬華區	萬華區艋舺大道與西園路2段320巷口	25.0279877	121.4907087	0	0	1	2	8	5	5	3	1	1	5	4	5	13	1	1	9	5	5	2	17	1	5	1	5	1	10	1		1	2	11	
113	5	29	19	49	臺北市	內湖區	內湖區康寧路1段38號對面	25.08042588	121.5916119	0	0	1	2	8	7	5	14	9	1	5	4	5	13	4	4	9	4	5	2	2	4	21	7	4	9	19	2		1	4	15	
113	5	29	19	57	臺北市	內湖區	內湖區東湖路與東湖路119巷口	25.0682063	121.6163912	0	0	2	2	7	5	5	4	1	1	5	4	5	13	2	1	5	4	5	2	16	1	9	3	5	1	18	1		1	2	11	
113	5	29	19	58	臺北市	士林區	士林區中山北路7段與中山北路7段190巷口	25.1248679	121.5329075	0	0	1	2	8	5	5	4	1	1	5	4	5	13	4	4	9	4	5	2	17	1	6	1	7	2	8	1		1	3	7	
113	5	29	20	32	臺北市	中正區	中正區重慶南路1段與襄陽路口	25.0435499	121.5132683	0	0	3	3	7	5	5	3	18	1	5	4	5	13	2	1	9	4	5	1	3	1	9	1	6	2	10	1		1	2	11	
113	5	29	20	45	臺北市	萬華區	萬華區東園街180-1號	25.0221343	121.4982053	0	0	1	2	8	5	5	14	9	1	5	4	5	13	4	4	9	5	5	2	17	1	13	1	7	2	8	1		1	3	8	
113	5	29	20	56	臺北市	中山區	中山區北安路與北安路608巷口	25.0819754	121.5488156	0	0	3	3	8	5	5	4	1	1	5	4	5	13	2	1	1	4	5	2	16	4	9	1	3	2	10	1		2	2	11	
113	5	29	20	58	臺北市	松山區	松山區南京東路5段23巷7弄與南京東路5段23巷口	25.05217336	121.5580194	0	0	2	2	7	5	5	4	1	1	5	4	5	13	4	4	10	5	5	2	15	1	9	1	5	1	10	1		2	2	12	
113	5	29	21	38	臺北市	大同區	大同區民生西路239號	25.0570654	121.516361	0	0	1	2	8	5	5	14	9	1	5	4	5	13	4	4	5	4	5	2	16	1	7	1	7	2	8	1		2	3	2	
113	5	29	21	46	臺北市	大同區	大同區台北橋機慢車道往台北市	25.0633023	121.5077981	0	0	4	4	8	5	7	14	11	1	5	4	5	13	4	4	9	4	5	1	13	4	9	1	3	2	10	1		1	2	11	
113	5	29	21	49	臺北市	萬華區	萬華區堤外便道與馬場町河濱公園口	25.01987652	121.5043397	0	0	1	2	7	6	5	3	2	1	5	4	5	13	4	4	5	5	5	1	17	4	5	8	3	1	20	1		1	2	11	
113	5	29	21	50	臺北市	松山區	松山區敦化北路199巷與敦化北路199巷2弄口	25.055932	121.5499497	0	0	1	2	8	5	6	4	2	1	5	4	5	13	4	4	10	4	5	1	17	1	6	1	5	11	10	1		1	2	12	
113	5	29	22	52	臺北市	文山區	文山區木柵路4段(南往北0707042燈桿旁）	24.9963694	121.5725501	0	0	1	2	8	5	5	14	9	1	5	4	5	13	4	4	5	4	5	2	13	1	7	1	7	2	4	1		1	3	7	
113	5	29	23	58	臺北市	中山區	中山區八德路2段與八德路2段210巷口	25.0464667	121.5390735	0	0	2	3	8	5	5	4	1	1	5	4	5	13	2	1	9	4	5	2	16	1	11	3	6	1	18	1		1	2	11	
113	5	30	4	40	臺北市	文山區	文山區景興路與興隆路2段口	24.9985767	121.5449567	0	0	1	2	8	5	5	5	2	1	5	4	6	13	2	1	1	4	5	2	13	4	15	7	3	11	19	2		1	4	1	
113	5	30	6	22	臺北市	士林區	士林區雨聲街與至誠路1段口	25.10129154	121.533635	0	0	1	2	7	7	5	3	1	1	5	4	5	13	3	1	5	5	5	1	17	1	9	1	7	1	4	1		1	3	2	
113	5	30	7	15	臺北市	中山區	中山區敬業三路161巷與樂群二路116巷口	25.0792182	121.5553363	0	0	1	2	8	7	5	4	1	1	5	4	5	13	4	4	9	4	5	2	15	1	9	1	7	2	8	1		1	3	2	
113	5	30	7	27	臺北市	中山區	中山區中山北路2段與民權西路口	25.0626962	121.522292	0	0	2	3	8	7	5	4	2	1	5	4	5	13	1	1	1	4	5	2	13	1	9	1	5	1	10	1		2	2	13	
113	5	30	7	30	臺北市	北投區	北投區自強街5巷100弄與自強街31巷口	25.111824	121.5116916	0	0	1	2	8	5	5	3	1	1	5	4	5	13	4	4	10	5	5	2	17	4	5	1	3	1	9	1		1	3	14	
113	5	30	8	15	臺北市	大安區	大安區和平東路3段與基隆路2段口	25.02428687	121.5523891	0	0	2	2	8	7	8	4	1	1	5	4	5	13	2	1	10	5	5	2	12	4	15	1	3	1	10	1		2	2	12	
113	5	30	8	24	臺北市	中正區	中正區市民大道2段與林森北路口	25.0477373	121.5239775	0	0	2	3	8	6	5	4	2	1	5	4	5	13	1	1	1	4	5	2	13	1	9	1	6	2	10	1		1	2	14	
113	5	30	8	37	臺北市	中山區	中山區中原街與民權東路2段口	25.0627694	121.5289582	0	0	2	3	8	7	5	4	2	1	5	4	5	13	1	1	5	5	5	2	16	1	1	1	5	1	10	1		2	3	12	
113	5	30	8	38	臺北市	內湖區	內湖區內湖路2段263巷與內湖路2段253巷1弄口	25.0825015	121.590171	0	0	2	2	8	7	5	4	1	1	5	4	5	13	4	4	10	5	5	2	15	1	9	1	6	2	10	1		2	2	12	
113	5	30	8	58	臺北市	信義區	信義區菸廠路98號	25.044902	121.5621279	0	0	1	2	8	6	5	11	9	1	5	4	5	13	4	4	5	5	5	2	17	4	1	1	3	1	10	1		1	2	11	
113	5	30	9	13	臺北市	中山區	中山區民生東路3段與建國北路2段口	25.0579654	121.5366613	0	0	2	4	8	6	5	5	3	1	5	4	5	13	2	1	8	3	5	1	11	1	9	1	5	1	10	1		2	2	11	
113	5	30	9	28	臺北市	大安區	大安區和平東路3段與敦化南路2段口	25.0245279	121.5491694	0	0	1	3	8	5	5	4	2	1	5	4	5	13	2	1	10	5	5	2	13	4	7	1	3	1	10	1		1	2	11	
113	5	30	9	33	臺北市	萬華區	萬華區長順街與雙園街152巷口	25.0310479	121.4912284	0	0	1	2	8	7	5	3	1	1	5	4	5	13	3	1	5	5	5	2	17	1	5	1	7	1	8	1		1	3	4	
113	5	30	9	46	臺北市	大安區	大安區仁愛路4段300巷與仁愛路4段300巷25弄口	25.0358162	121.5544394	0	0	1	3	8	6	5	4	1	1	5	4	5	13	4	4	10	5	5	2	15	1	9	1	7	1	4	1		1	3	1	
113	5	30	9	46	臺北市	松山區	松山區南京東路4段133巷與南京東路4段133巷4弄口	25.0521925	121.5551512	0	0	1	3	8	7	5	5	1	1	5	4	3	13	4	4	9	5	5	2	15	1	9	1	6	2	10	1		1	3	12	
113	5	30	9	57	臺北市	信義區	信義區松仁路與莊敬路口	25.0268267	121.5684489	0	0	2	2	8	7	5	4	2	1	5	4	5	13	2	1	9	4	4	2	16	4	5	8	4	2	20	1		1	2	12	
113	5	30	10	6	臺北市	文山區	文山區光輝路30巷與辛亥路7段26巷口	24.9862548	121.5536913	0	0	1	2	8	7	5	4	1	1	5	4	5	12	4	4	10	5	5	2	17	4	6	1	5	1	10	1		1	3	11	
113	5	30	10	13	臺北市	士林區	士林區中正路601號與中正路口	25.0867488	121.5099365	0	0	2	2	8	5	5	3	1	1	5	4	5	13	4	4	10	4	5	1	12	1	9	1	6	2	10	1		1	2	12	
113	5	30	10	30	臺北市	士林區	士林區延平北路7段與延平北路6段511巷口	25.0938164	121.4976926	0	0	1	2	8	6	5	5	1	1	5	4	5	13	2	1	3	4	5	2	17	4	6	1	3	1	8	1		1	3	2	
113	5	30	10	40	臺北市	中山區	中山區明水路與北安路口	25.0777489	121.5392526	0	0	1	3	8	6	5	4	2	1	5	4	5	13	1	1	1	4	5	2	12	4	8	1	3	1	8	1		1	2	8	
113	5	30	10	49	臺北市	中山區	中山區中山北路2段52號與中山北路2段50巷口	25.05627531	121.522844	0	0	1	2	8	7	5	3	2	1	5	4	5	13	4	4	1	4	5	2	13	1	9	1	5	1	10	1		1	2	11	
113	5	30	11	0	臺北市	信義區	信義區松智路南往北	25.0345583	121.5654507	0	0	1	2	8	5	5	14	9	1	5	4	5	13	4	4	9	4	5	2	3	5	18	8	4	10	20	1		2	2	16	
113	5	30	11	9	臺北市	文山區	文山區恆光街與恆光街22巷口	24.9824123	121.5670265	0	0	1	2	8	6	5	5	1	1	5	4	5	13	1	1	5	5	5	2	16	1	5	8	4	1	20	1		2	3	11	14
113	5	30	11	15	臺北市	大同區	大同區迪化街2段與延平北路4段179巷口	25.0736032	121.5124725	0	0	1	2	8	7	5	4	1	1	5	4	5	13	4	4	9	4	5	2	15	1	9	1	6	1	10	1		1	2	11	
113	5	30	11	20	臺北市	中山區	中山區吉林路與農安街125巷口	25.065668	121.5303654	0	0	3	3	8	6	5	4	1	1	5	4	5	13	4	4	9	4	5	2	16	1	9	1	5	1	10	1		1	2	13	
113	5	30	11	32	臺北市	大安區	大安區辛亥路3段330號	25.0142965	121.5527039	0	0	2	4	8	5	5	14	9	1	5	4	5	13	4	4	1	3	5	2	12	1	9	1	6	1	10	1		2	2	12	
113	5	30	11	35	臺北市	中山區	中山區復興南路1段34號	25.0462621	121.5437698	0	0	1	2	8	6	5	14	9	1	5	4	5	13	4	4	1	4	5	2	9	1	14	1	7	9	1	1		1	3	2	
113	5	30	11	43	臺北市	士林區	士林區中正路366號	25.09413102	121.5211152	0	0	1	2	8	7	5	14	9	1	5	4	5	13	4	4	3	4	5	1	17	1	1	1	7	9	2	1		1	3	17	
113	5	30	11	45	臺北市	大安區	大安區忠孝東路4段191號	25.03709571	121.5542657	0	0	2	2	8	7	5	14	25	1	5	4	5	13	4	4	10	5	5	2	17	1	15	8	4	1	20	1		2	2	11	
113	5	30	12	57	臺北市	信義區	信義區光復南路447-2號	25.0351731	121.5575888	0	0	1	3	8	7	5	14	9	1	5	4	5	13	4	4	10	4	5	2	17	1	15	1	5	1	10	1		1	2	14	
113	5	30	12	59	臺北市	松山區	松山區富錦街429巷與富錦街口口	25.0608264	121.5615182	0	0	3	3	8	5	5	4	1	1	5	4	5	13	1	1	8	3	5	1	16	1	9	1	3	1	10	1		1	2	12	
113	5	30	13	23	臺北市	中山區	中山區龍江路412巷與五常街53巷口	25.0676119	121.5396815	0	0	2	3	8	6	5	4	1	1	5	4	5	12	4	4	10	5	5	2	15	4	9	1	5	1	10	1		2	2	14	
113	5	30	13	48	臺北市	內湖區	內湖區新湖一路與新湖二路口口	25.06495761	121.5848354	0	0	1	2	7	6	5	4	2	1	5	4	5	13	4	4	5	4	5	2	17	1	6	1	7	1	4	1		1	3	17	
113	5	30	14	30	臺北市	中正區	中正區金山南路1段與忠孝東路2段口	25.0429742	121.5299471	0	0	1	2	8	6	5	4	1	1	5	4	5	13	1	1	1	4	5	2	16	1	6	1	7	2	8	1		2	3	2	
113	5	30	15	5	臺北市	信義區	信義區光復南路271號	25.0401299	121.5576769	0	0	1	4	8	6	5	14	9	1	5	4	5	13	4	4	3	4	5	2	13	4	9	1	3	1	8	1		1	3	1	1
113	5	30	15	32	臺北市	士林區	士林區基河路與中正路435巷口	25.09248431	121.5206875	0	0	1	2	8	6	5	3	1	1	5	4	5	13	4	4	5	4	5	1	16	4	11	1	3	1	2	1		1	3	8	
113	5	30	15	53	臺北市	文山區	文山區木柵路5段與萬福橋口	25.0028859	121.5839855	0	0	1	2	7	5	5	3	1	1	5	4	5	13	2	1	10	5	5	1	16	1	5	1	7	2	8	1		1	3	2	
113	5	30	16	0	臺北市	萬華區	萬華區西園路1段與大理街口	25.0344983	121.4993412	0	0	1	2	8	5	5	4	1	1	5	4	5	13	4	4	9	4	5	2	17	4	9	1	7	1	8	1		2	3	5	
113	5	30	16	13	臺北市	萬華區	萬華區西園路1段136巷2-1號	25.0379128	121.4993696	0	0	1	3	8	6	5	14	9	1	5	4	5	13	4	4	10	5	5	1	9	1	9	8	4	1	20	1		1	3	12	
113	5	30	16	15	臺北市	南港區	南港區三重路與經貿二路口	25.0604206	121.614371	0	0	1	2	8	7	5	4	1	1	5	4	5	13	2	1	5	4	5	2	12	1	8	1	7	1	8	1		2	3	2	
113	5	30	16	48	臺北市	中正區	中正區重慶南路1段30號旁	25.0451863	121.51284	0	0	1	2	8	5	5	14	9	1	5	4	5	13	4	4	10	4	5	1	17	1	9	1	7	1	4	1		1	3	5	
113	5	30	17	10	臺北市	北投區	北投區立農街2段與東華街2段口	25.1193059	121.5122167	0	0	1	2	8	7	5	4	2	1	5	4	5	13	4	4	10	4	5	2	17	1	5	1	5	1	10	1		1	3	14	
113	5	30	17	12	臺北市	大同區	大同區重慶北路3段與重慶北路3段120巷口	25.0675421	121.5136404	0	0	2	3	8	6	5	4	2	1	5	4	5	13	1	1	1	4	5	2	17	1	9	1	6	2	10	1		1	2	11	
113	5	30	17	30	臺北市	北投區	北投區公館路308巷與公館路228巷口	25.12520837	121.505731	0	0	2	2	7	6	5	4	1	1	5	4	5	13	4	4	10	5	5	2	15	1	9	2	5	2	18	1		1	2	11	
113	5	30	17	35	臺北市	大安區	大安區仁愛路3段與新生南路1段口	25.038331	121.5329502	0	0	3	3	8	5	5	4	2	1	5	4	5	13	2	1	10	5	5	2	13	4	9	1	3	1	10	1		1	2	11	
113	5	30	17	51	臺北市	內湖區	內湖區民權東路6段西向東no.52車格	25.07105	121.6046562	0	0	2	4	7	6	5	14	8	1	5	4	5	13	4	4	9	4	4	2	17	4	13	1	3	1	8	1		1	3	4	
113	5	30	18	0	臺北市	大同區	大同區鄭州路與環河北路1段口	25.0507452	121.506985	0	0	1	2	8	5	5	4	2	1	5	4	5	13	2	1	1	4	5	2	17	4	5	1	3	2	8	1		1	3	5	
113	5	30	18	7	臺北市	士林區	士林區芝玉路1段與至誠路1段口	25.1009259	121.5374895	0	0	1	2	8	5	5	5	1	1	5	4	5	13	2	1	4	4	5	1	16	1	6	1	7	2	8	1		1	3	5	
113	5	30	18	23	臺北市	士林區	士林區延平北路5段與中正路口	25.0866252	121.5092979	0	0	2	2	7	5	5	4	1	1	5	4	5	13	1	1	1	4	5	2	17	1	5	1	6	2	10	1		1	2	14	
113	5	30	19	0	臺北市	中山區	中山區林森北路147號	25.0511006	121.5252041	0	0	1	2	8	5	5	14	9	1	5	4	5	13	4	4	1	3	5	2	12	4	8	1	3	1	10	1		1	2	12	
113	5	30	19	5	臺北市	文山區	文山區木柵路1段57號	24.9867954	121.5456429	0	0	1	2	7	5	5	14	9	1	5	4	5	13	4	4	5	2	5	2	18	1	9	1	6	1	10	1		1	2	17	
113	5	30	19	20	臺北市	中正區	中正區林森南路地下道	25.033335	121.5186189	0	0	1	2	8	5	8	7	9	1	5	4	5	13	1	1	10	4	5	2	13	4	9	1	5	2	10	1		1	3	11	
113	5	30	19	25	臺北市	南港區	南港區忠孝東路6段與忠孝東路6段81巷口	25.047908	121.5844614	0	0	2	2	7	5	5	4	2	1	5	4	5	13	4	4	10	5	5	2	15	1	9	1	6	1	10	1		1	2	12	
113	5	30	19	26	臺北市	中山區	中山區民生西路13號	25.0578017	121.521591	0	0	1	2	8	5	5	14	9	1	5	4	5	13	4	4	9	4	5	2	17	1	15	1	7	2	3	1		1	3	8	
113	5	30	20	10	臺北市	文山區	文山區萬壽路與指南路2段197巷口	24.9887328	121.5776051	0	0	1	2	8	5	5	3	1	1	5	4	5	13	3	1	5	5	5	2	12	4	6	1	7	11	8	2		1	3	5	
113	5	30	21	39	臺北市	信義區	信義區松仁路277號附近側附近	25.0247051	121.5695176	0	0	1	2	7	5	5	14	9	1	5	4	5	13	4	4	5	4	5	2	9	1	9	1	7	1	2	1		1	3	17	
113	5	30	21	55	臺北市	內湖區	內湖區康寧路3段245巷與康寧路3段口	25.0669454	121.6113988	0	0	1	3	7	5	5	3	1	1	5	4	5	13	4	4	1	4	5	2	12	1	7	1	5	1	10	1		2	2	14	
113	5	30	22	5	臺北市	松山區	松山區健康路216號	25.05391186	121.5607531	0	0	1	3	7	5	5	14	9	1	4	4	5	13	4	4	9	4	5	1	17	1	9	1	7	9	3	1		1	3	17	
113	5	31	3	11	臺北市	萬華區	萬華區艋舺大道71號	25.03364719	121.5035449	0	0	1	2	8	5	8	22	22	1	5	4	5	13	4	4	10	5	5	2	17	4	15	7	3	11	19	2		1	4	15	
113	5	31	3	52	臺北市	中山區	中山區民生東路1段與林森北路口口	25.0581057	121.5255534	0	0	1	2	7	5	5	4	1	1	5	4	5	13	2	1	5	4	5	2	17	1	12	1	7	9	8	1		1	3	17	
113	5	31	5	53	臺北市	萬華區	萬華區堤外便道與堤外便道口(華中-富民段)近果菜市場疏散門(新二號疏散門)	25.01463466	121.4994067	0	0	1	2	7	6	5	4	1	1	5	4	5	13	4	4	8	3	5	2	16	4	1	1	3	1	10	1		1	3	11	
113	5	31	7	3	臺北市	文山區	文山區興順街193號	25.0019476	121.5462507	0	0	2	2	8	6	5	14	9	1	5	4	5	13	4	4	9	5	5	2	12	1	1	1	6	1	10	1		2	2	14	
113	5	31	7	23	臺北市	士林區	士林區建業路19巷4號	25.1359612	121.5476011	0	0	1	2	8	5	5	11	9	1	5	4	5	13	4	4	10	5	5	2	11	1	9	1	6	1	10	1		2	3	11	
113	5	31	7	41	臺北市	南港區	南港區同德路100號	25.0461792	121.5864257	0	0	1	2	8	6	5	14	9	1	5	4	5	13	4	4	5	5	5	2	3	4	1	1	3	1	1	1		1	3	5	
113	5	31	7	41	臺北市	大安區	大安區仁愛路4段與仁愛路4段112巷口口	25.03772268	121.5495123	0	0	1	2	8	6	5	3	2	1	5	4	5	13	2	1	1	3	5	2	12	1	7	1	5	1	10	1		1	2	14	
113	5	31	7	42	臺北市	南港區	南港區市民大道8段與興中路口	25.0533691	121.6076605	0	0	2	2	8	5	5	4	2	1	5	4	5	13	2	1	1	2	5	2	16	1	9	1	5	1	10	1		1	2	12	
113	5	31	8	0	臺北市	萬華區	萬華區富民路(台北果菜市場前)	25.0187725	121.498445	0	0	4	4	8	6	5	14	9	1	5	4	5	13	4	4	9	4	5	2	17	1	1	1	6	1	10	1		2	2	14	12
113	5	31	8	10	臺北市	內湖區	內湖區民權大橋與行愛路口	25.06674477	121.5783428	0	0	1	3	8	5	5	4	2	1	5	4	5	13	1	1	1	5	5	2	17	1	9	1	5	1	10	1		2	2	11	
113	5	31	8	20	臺北市	內湖區	內湖區堤頂大道2段與港墘路口	25.07472145	121.5723774	0	0	1	2	8	6	8	5	1	1	5	4	5	13	1	1	1	3	5	1	12	1	9	1	6	2	10	1		1	2	11	
113	5	31	8	27	臺北市	大安區	大安區和平東路2段與新生南路2段口	25.0259569	121.5347924	0	0	1	2	8	6	5	4	1	1	5	4	5	13	1	1	1	4	5	2	17	1	8	1	6	1	10	1		1	3	12	
113	5	31	8	40	臺北市	大安區	大安區和平東路3段與敦化南路2段口	25.02455612	121.5488978	0	0	2	2	8	5	5	4	2	1	5	4	5	13	2	1	10	5	5	2	13	4	9	1	3	1	10	1		2	2	11	
113	5	31	8	43	臺北市	中山區	中山區北安路與敬業二路口	25.085095	121.5543628	0	0	1	2	8	7	5	3	1	1	5	4	5	13	4	4	1	4	5	2	16	1	6	1	7	2	8	1		2	3	5	
113	5	31	9	0	臺北市	信義區	信義區松勤街	25.03194491	121.569182	0	0	1	2	8	7	5	14	9	1	5	4	5	13	4	4	9	5	5	2	16	4	5	1	3	1	4	1		1	3	4	
113	5	31	9	8	臺北市	士林區	士林區百齡橋西往東機車道	25.0898057	121.5149402	0	0	3	3	8	5	5	8	11	1	5	4	5	13	4	4	1	2	5	2	13	1	9	1	6	1	10	1		1	2	11	
113	5	31	9	19	臺北市	中山區	中山區八德路1段與建國北路1段口	25.04623692	121.5372361	0	0	1	2	7	7	5	4	2	1	5	4	5	13	1	1	1	3	5	1	16	1	5	1	5	1	10	1		1	3	14	
113	5	31	9	21	臺北市	北投區	北投區中正街49巷與中正街49巷31弄口	25.1316323	121.499766	0	0	2	2	8	5	5	3	1	1	5	4	5	13	4	4	10	5	5	2	17	4	5	1	3	1	10	1		1	2	11	
113	5	31	9	50	臺北市	內湖區	內湖區成功路2段與成功路2段498巷口	25.0735243	121.5898322	0	0	1	3	8	5	8	3	2	1	5	4	5	13	1	1	1	5	5	2	17	1	7	1	7	2	8	1		1	3	8	
113	5	31	10	2	臺北市	大同區	大同區民生西路與西寧北路口	25.0568346	121.5090086	0	0	1	2	7	6	5	4	2	1	5	4	5	13	4	4	5	5	5	2	17	1	15	1	7	1	4	1		1	3	17	
113	5	31	10	10	臺北市	大安區	大安區大安路1段與仁愛路4段91巷口	25.0385986	121.5460793	0	0	1	2	8	6	5	4	1	1	5	4	5	13	4	4	10	5	5	1	15	4	9	1	3	11	10	1		2	2	11	
113	5	31	10	15	臺北市	中正區	中正區公園路與凱達格蘭大道口	25.0397229	121.5155505	0	0	1	2	8	5	5	4	1	1	5	4	5	13	1	1	4	4	5	1	17	1	15	1	5	1	10	1		2	2	12	
113	5	31	10	18	臺北市	士林區	士林區福林路255巷與福林路口	25.0983065	121.5349567	0	0	1	3	8	5	5	3	2	1	5	4	5	13	4	4	5	4	5	1	12	1	9	1	7	11	1	2		1	3	2	
113	5	31	10	28	臺北市	士林區	士林區中山北路4段67號旁	25.08065847	121.5243461	0	0	1	3	8	6	5	14	9	1	5	4	5	13	4	4	2	4	5	1	17	4	9	1	3	11	2	1		1	3	17	
113	5	31	10	30	臺北市	信義區	信義區松壽路與市府路口	25.0358651	121.563566	0	0	1	2	8	7	6	4	1	1	5	4	5	13	2	1	1	2	5	2	13	4	5	1	3	1	8	1		2	3	1	
113	5	31	10	34	臺北市	北投區	北投區立農街2段278巷與義理街無名巷口	25.1181519	121.5154383	0	0	1	3	8	7	5	4	1	1	5	4	5	10	4	4	10	5	5	2	15	1	9	1	6	1	10	1		1	3	12	
113	5	31	10	48	臺北市	信義區	信義區基隆路1段35巷7弄與松隆路123巷口	25.0479499	121.571618	0	0	1	2	8	6	5	4	1	1	5	4	5	13	4	4	9	3	5	2	17	4	15	1	3	1	8	1		1	3	1	
113	5	31	11	28	臺北市	文山區	文山區辛亥路7段與辛亥路7段86巷口	24.9812574	121.5535712	0	0	1	2	8	6	5	3	1	1	5	4	5	13	4	4	10	5	5	2	16	1	11	1	7	2	4	1		1	3	5	12
113	5	31	11	45	臺北市	中山區	中山區伊通街68號	25.0527519	121.5347888	0	0	1	2	7	7	5	14	9	1	5	4	5	13	4	4	7	4	5	2	17	4	1	1	6	1	10	1		1	2	12	
113	5	31	11	50	臺北市	松山區	松山區南京東路5段與光復北路口	25.05164488	121.5573236	0	0	1	2	7	7	5	4	1	1	5	4	5	13	2	1	5	4	5	2	17	1	9	1	7	2	8	1		1	3	1	
113	5	31	11	55	臺北市	南港區	南港區舊莊街1段196號	25.0385354	121.6222645	0	0	1	2	8	7	5	14	9	1	5	4	5	13	4	4	4	5	5	2	1	1	9	1	5	2	10	1		1	3	11	