年	月	日	時	分	縣市	行政區	allLocation	GoogleLat	GoogleLng	死	2-30	受傷	當事人數	天候	道路照明設備	道路類別	道路型態	事故位置	路面狀況1	路面狀況2	路面狀況3	道路障礙1	道路障礙2	號誌1	號誌2	車道劃分-分向	車道劃分-分道1	車道劃分-分道2	車道劃分-分道3	事故類型及型態	行動電話	當事者行動狀態	駕駛資格情形	保護裝置	飲酒情形	駕駛執照種類	個人肇逃否	肇因碼-主要	性別	受傷程度	車輛撞擊部位1	車輛撞擊部位2
113	5	31	11	56	臺北市	北投區	北投區建民路與建民路151巷口	25.1104368	121.5192846	0	0	1	2	8	7	5	4	1	1	5	4	5	13	4	4	10	5	5	2	15	1	9	1	6	1	10	1		1	3	11	
113	5	31	12	18	臺北市	大安區	大安區和平東路1段190號	25.0263159	121.5308037	0	0	1	2	8	6	5	14	8	1	5	4	5	13	4	4	10	4	4	1	12	4	1	1	3	2	8	1		1	3	4	
113	5	31	12	20	臺北市	中山區	中山區市民大道3段與新生北路1段62巷口	25.0460547	121.5310504	0	0	1	2	7	7	5	4	2	1	5	4	5	13	1	1	1	4	5	2	13	1	7	1	5	2	10	1		1	2	11	
113	5	31	12	26	臺北市	萬華區	萬華區環河南路2段與西藏路口	25.0305729	121.4901378	0	0	2	2	8	6	5	4	1	1	5	4	5	13	1	1	8	3	5	1	15	4	9	1	5	2	10	1		1	2	11	
113	5	31	13	3	臺北市	南港區	南港區忠孝東路6段與忠孝東路6段269巷口	25.0497155	121.5896732	0	0	1	2	7	6	5	4	1	1	5	4	5	13	4	4	10	5	5	2	16	1	9	1	7	1	8	1		1	3	8	
113	5	31	13	55	臺北市	松山區	松山區塔悠路179號	25.0563832	121.5695736	0	0	1	2	7	7	5	14	9	1	4	4	5	13	2	1	9	4	4	1	17	1	5	1	7	2	8	1		1	3	17	
113	5	31	14	21	臺北市	北投區	北投區石牌路2段與天母西路口	25.11937058	121.5221658	0	0	1	2	8	6	5	3	1	1	5	4	5	13	3	1	5	4	5	2	15	1	9	1	7	1	8	1		2	3	5	
113	5	31	14	29	臺北市	大安區	大安區敦化南路1段311號	25.03508929	121.5489524	0	0	1	3	7	6	5	14	9	1	5	4	5	13	4	4	1	4	1	2	12	1	14	1	7	1	4	1		1	3	2	
113	5	31	14	55	臺北市	萬華區	萬華區環河南路1段與西昌街29巷口	25.042746	121.5005108	0	0	1	2	7	6	5	3	2	1	5	4	5	13	4	4	5	4	5	2	16	1	6	1	6	1	10	1		1	2	11	
113	5	31	15	8	臺北市	信義區	信義區松智路與松廉路口	25.0338598	121.5654692	0	0	2	2	6	6	5	3	1	1	4	4	5	13	2	1	9	4	5	2	17	4	9	1	5	1	10	1		2	2	13	
113	5	31	15	13	臺北市	松山區	松山區南京東路3段與敦化北路口	25.0521714	121.5487147	0	0	1	2	6	7	5	4	1	1	4	4	5	13	1	1	1	4	4	2	13	1	9	1	5	2	10	1		1	3	11	
113	5	31	15	21	臺北市	大安區	大安區通化街166號	25.028387	121.5537277	0	0	1	2	6	6	5	14	9	1	4	4	5	13	4	4	8	5	5	2	17	1	5	1	7	1	8	1		1	3	17	
113	5	31	15	30	臺北市	士林區	士林區百齡橋往西向東	25.0896961	121.5147775	0	0	4	4	8	6	5	8	12	1	5	4	5	13	4	4	3	4	4	1	17	4	9	1	3	1	10	1		1	2	11	
113	5	31	15	42	臺北市	松山區	松山區民生東路5段69巷與民生東路5段口	25.05854142	121.5582891	0	0	3	3	8	7	5	4	1	1	5	4	5	13	1	1	8	4	5	2	11	1	15	1	6	1	10	1		2	2	11	
113	5	31	15	42	臺北市	萬華區	萬華區桂林路228巷11弄與桂林路228巷口	25.03794861	121.4946136	0	0	1	2	7	6	6	4	1	1	5	4	5	13	4	4	10	5	5	1	17	4	9	7	3	11	19	1		2	3	13	
113	5	31	16	3	臺北市	萬華區	萬華區堤外便道與水源快速道路口匝道	25.0162166	121.4982654	0	0	1	2	7	6	5	3	1	1	5	4	5	13	4	4	1	5	5	2	13	1	4	1	5	1	10	1		1	2	14	
113	5	31	16	39	臺北市	萬華區	萬華區昆明街與桂林路口	25.0382843	121.50383	0	0	1	2	7	6	5	4	2	1	5	4	5	13	2	1	5	2	5	1	17	4	8	1	3	1	10	1		1	3	12	
113	5	31	16	57	臺北市	文山區	文山區興隆路2段與興隆路2段95巷口	24.9993225	121.5471657	0	0	1	2	6	6	8	4	1	1	4	4	5	13	2	1	1	4	5	2	16	1	11	1	7	9	8	1		1	3	6	
113	5	31	17	30	臺北市	內湖區	內湖區新湖三路128號	25.0640522	121.5778614	0	0	1	2	7	5	5	14	9	1	5	4	5	13	4	4	5	5	5	2	17	1	9	1	5	2	10	1		1	2	14	
113	5	31	17	52	臺北市	松山區	松山區八德路4段與塔悠路口	25.0500219	121.5724138	0	0	1	2	7	7	5	5	1	1	5	4	5	13	1	1	1	3	4	2	16	1	6	1	7	1	8	1		1	3	6	
113	5	31	17	57	臺北市	信義區	信義區忠孝東路5段與忠孝東路5段295巷口	25.0410407	121.5725732	0	0	1	2	7	6	5	3	1	1	4	4	5	13	4	4	1	4	5	2	16	1	6	1	7	2	8	1		1	3	2	
113	5	31	18	10	臺北市	萬華區	萬華區西藏路125巷與西藏路口	25.0298113	121.5025731	0	0	2	2	8	6	5	3	1	1	5	4	5	13	1	1	8	3	5	1	13	1	12	1	5	1	10	1		1	2	11	
113	5	31	18	54	臺北市	中正區	中正區金華街32-1號	25.0310714	121.5218645	0	0	1	2	7	5	5	14	9	1	5	4	5	13	4	4	9	5	5	2	12	1	11	1	7	1	8	1		1	3	8	
113	5	31	21	11	臺北市	中正區	中正區博愛路131號	25.03696417	121.5108932	0	0	1	2	8	5	5	14	9	1	5	4	5	13	4	4	5	5	5	2	17	1	1	1	7	1	8	1		1	3	8	8
113	5	31	21	19	臺北市	中正區	中正區汀州路3段297號	25.0119305	121.5356776	0	0	1	2	7	5	5	14	9	1	5	4	5	13	4	4	9	5	5	2	12	1	11	1	5	1	10	1		1	3	14	
113	5	31	22	10	臺北市	士林區	士林區至善路3段與中社路1段口	25.1121296	121.5586583	0	0	1	2	7	5	5	3	2	1	5	4	5	13	2	1	5	4	5	1	17	1	11	1	7	1	4	1		1	3	5	
113	5	31	22	26	臺北市	士林區	士林區重陽橋機車專用道西向東	25.0852317	121.5038976	0	0	2	6	8	5	5	14	11	1	5	4	5	13	4	4	10	5	5	1	13	1	14	1	5	2	10	1		2	3	17	
113	5	31	22	45	臺北市	信義區	信義區仁愛路4段507號(逸仙路側)	25.0386474	121.5614835	0	0	3	3	7	5	5	14	9	1	5	4	5	13	4	4	5	5	5	2	12	1	8	1	6	2	10	1		1	2	12	
113	5	31	23	11	臺北市	文山區	文山區木新路1段與指南路1段口	24.98769847	121.5706299	0	0	1	2	7	5	5	4	1	1	5	4	5	12	1	1	10	5	5	2	17	4	11	1	3	2	8	1		1	3	2	
113	6	1	0	23	臺北市	南港區	南港區忠孝東路6段與忠孝東路6段159巷口	25.0489553	121.5864286	0	0	2	2	7	5	5	4	1	1	4	4	3	10	4	4	10	5	5	2	16	1	9	1	6	1	10	1		1	2	11	
113	6	1	1	27	臺北市	大同區	大同區鄭州路與重慶北路1段口	25.04951921	121.5133936	0	0	2	2	7	5	5	14	9	1	5	4	5	13	2	1	1	4	5	2	16	4	7	1	3	1	10	1		1	2	14	
113	6	1	4	14	臺北市	中山區	中山區八德路2段與龍江路口	25.046784	121.5404725	0	0	1	2	7	5	5	3	1	1	5	4	5	13	1	1	5	4	5	2	16	4	5	1	3	2	4	1		1	3	5	
113	6	1	6	17	臺北市	萬華區	萬華區萬大路與萬大路423巷口	25.0215927	121.4987296	0	0	1	2	8	7	5	4	1	2	5	4	5	13	1	1	9	5	5	2	17	1	15	1	5	1	10	1		1	3	14	
113	6	1	6	19	臺北市	北投區	北投區承德路6段與軟橋街口南往北方向	25.0991053	121.5129306	0	0	2	4	8	5	5	4	2	1	5	4	5	13	1	1	9	4	4	1	12	1	15	1	7	2	8	2		1	3	4	
113	6	1	6	30	臺北市	文山區	文山區木柵路5段100號	24.9987999	121.591754	0	0	1	2	7	7	5	14	9	1	5	4	5	13	1	1	5	4	5	2	18	1	9	1	5	9	10	1		1	2	12	
113	6	1	6	52	臺北市	大同區	大同區長安西路342-1號	25.051986	121.5101436	0	0	1	2	8	6	5	14	9	1	5	4	5	13	4	4	4	3	5	1	13	4	9	1	3	1	10	1		1	2	11	
113	6	1	9	17	臺北市	信義區	信義區光復南路451號	25.0348967	121.5576091	0	0	1	4	8	6	5	14	9	1	5	4	5	13	4	4	1	4	5	2	12	1	9	1	5	1	10	1		1	2	11	
113	6	1	10	30	臺北市	內湖區	內湖區新明路與新明路246巷口	25.0566001	121.5836921	0	0	2	2	8	5	5	4	2	1	5	4	5	13	1	1	5	5	5	2	17	1	9	1	5	2	10	1		1	2	11	
113	6	1	10	30	臺北市	萬華區	萬華區堤外便道與華中河濱公園口露營場出入口	25.0159963	121.4961286	0	0	1	2	7	5	5	3	1	1	5	4	5	13	4	4	8	3	5	1	15	4	9	3	3	1	18	1		2	3	11	
113	6	1	10	52	臺北市	文山區	文山區溪洲街與溪洲街137巷口	25.0001035	121.53537	0	0	2	2	7	6	5	3	1	1	5	4	5	13	1	1	5	5	5	2	16	1	5	1	6	1	10	1		2	2	14	
113	6	1	11	4	臺北市	北投區	北投區大度路3段與關渡路口	25.13936805	121.4611893	0	0	2	3	8	7	5	3	1	1	5	4	5	13	1	1	1	4	5	2	18	1	9	1	6	1	10	1		1	2	12	
113	6	1	11	5	臺北市	士林區	士林區延平北路7段106巷延平河濱281號電桿	25.1012165	121.4961379	0	0	2	2	8	5	5	14	9	1	5	4	5	13	4	4	10	5	5	2	11	4	9	1	3	1	10	1		1	2	11	
113	6	1	11	10	臺北市	文山區	文山區基隆路4段與汀州路4段口	25.0107987	121.5363814	0	0	2	2	8	6	5	5	1	1	5	4	5	13	2	1	1	4	1	1	16	1	15	1	6	2	10	1		1	2	12	
113	6	1	11	20	臺北市	中正區	中正區金山南路1段與臨沂街10巷口	25.04179335	121.5295962	0	0	1	2	7	6	5	3	1	1	5	4	5	13	4	4	10	5	5	2	16	1	6	1	7	2	8	1		1	3	2	
113	6	1	11	20	臺北市	信義區	信義區東興路與市民大道5段口	25.0482153	121.56584	0	0	1	2	7	7	5	4	1	1	5	4	5	13	2	1	10	5	5	2	17	1	5	1	7	1	8	1		2	3	5	
113	6	1	11	25	臺北市	內湖區	內湖區康樂街與康樂街口北往南0301007路燈桿	25.0792148	121.6236235	0	0	1	2	7	6	5	14	9	1	4	4	5	13	4	4	10	5	5	2	16	1	6	1	6	1	9	1		1	3	12	
113	6	1	11	30	臺北市	大安區	大安區信義路3段與信義路3段31巷口	25.0336875	121.5346263	0	0	1	2	7	6	5	3	2	1	5	4	5	13	4	4	1	4	1	1	16	4	7	7	3	11	19	2		1	4	15	
113	6	1	12	0	臺北市	中山區	中山區民族東路506號	25.05542354	121.5498453	0	0	1	2	6	7	5	14	9	1	4	4	5	13	4	4	3	4	5	2	18	1	9	1	5	1	10	1		2	2	12	
113	6	1	12	6	臺北市	中山區	中山區建國北路2段與民生東路2段口	25.05797856	121.5369034	0	0	2	2	6	7	5	4	2	1	4	4	5	13	2	1	9	4	5	2	13	4	9	1	6	1	10	1		1	2	11	
113	6	1	12	20	臺北市	中山區	中山區中原街與新生北路2段137巷口	25.06125	121.5289486	0	0	1	2	6	5	5	4	1	1	4	4	5	13	4	4	10	5	5	2	15	1	9	1	6	1	10	1		1	3	14	
113	6	1	12	29	臺北市	信義區	信義區松山路294號	25.0429846	121.5777509	0	0	1	2	6	6	5	14	9	1	4	4	5	13	4	4	1	4	5	1	17	4	9	1	7	11	2	2		1	3	6	
113	6	1	12	31	臺北市	萬華區	萬華區西藏路與莒光路299巷口	25.029309	121.4993018	0	0	1	2	6	5	5	3	1	1	4	4	5	13	2	1	1	3	5	1	12	4	11	1	3	1	8	1		2	3	5	
113	6	1	12	50	臺北市	北投區	北投區中和街與秀山路口	25.14550825	121.4929546	0	0	2	2	7	6	5	14	9	1	5	4	5	13	2	1	9	4	5	2	16	1	5	1	5	1	10	1		1	2	11	
113	6	1	12	50	臺北市	南港區	南港區南港路2段178巷	25.05375786	121.5997515	0	0	1	2	7	7	5	14	9	1	5	4	5	13	4	4	4	3	5	2	3	1	9	1	7	1	8	1		1	3	5	
113	6	1	13	4	臺北市	中山區	中山區松江路與錦州街口	25.0604095	121.5330562	0	0	1	2	7	7	5	14	9	1	5	4	5	13	1	1	1	4	5	2	29	1	9	1	5	1	10	1		2	2	14	
113	6	1	13	7	臺北市	信義區	信義區吳興街220巷與吳興街220巷11弄口	25.0274546	121.5627635	0	0	2	3	7	6	5	3	1	1	5	4	5	13	4	4	8	3	5	2	17	4	15	1	3	1	8	1		2	3	17	
113	6	1	14	18	臺北市	士林區	士林區中山北路6段290巷7弄與德行東路109巷63弄口	25.1096486	121.5275428	0	0	3	3	6	5	5	4	1	1	4	4	5	13	4	4	10	5	5	2	15	1	9	1	6	2	10	1		1	2	11	
113	6	1	14	22	臺北市	大安區	大安區市民大道4段與延吉街口	25.04426	121.5537172	0	0	1	2	8	5	5	5	2	1	5	4	5	13	2	1	8	3	5	1	16	1	6	1	7	1	8	1		1	3	5	
113	6	1	14	41	臺北市	中正區	中正區仁愛路2段5號	25.03844224	121.5254434	0	0	1	2	7	7	5	14	8	1	5	4	5	13	1	1	1	2	1	2	12	1	8	1	7	2	8	1		1	3	2	
113	6	1	14	46	臺北市	松山區	松山區民權東路5段與撫遠街口	25.06335253	121.5660439	0	0	4	5	8	6	5	14	9	1	5	4	5	13	4	4	1	4	5	2	9	1	12	1	2	1	2	1		1	3	17	
113	6	1	14	50	臺北市	士林區	士林區至誠路2段與雨聲街口名山里公車站	25.1019603	121.5293844	0	0	1	2	6	6	5	4	2	1	4	4	5	13	2	1	5	5	5	2	9	4	9	1	3	2	2	1		1	3	17	
113	6	1	15	1	臺北市	信義區	信義區信義路6段與松德路口	25.0333639	121.5744911	0	0	2	2	6	6	5	4	1	1	4	4	5	13	2	1	3	4	5	2	12	1	9	1	5	1	10	1		1	2	11	
113	6	1	15	19	臺北市	士林區	士林區福國路101號前	25.10128635	121.5178791	0	0	1	2	8	6	5	12	9	1	5	4	5	13	4	4	5	5	5	2	10	1	9	1	6	1	9	1		1	2	11	
113	6	1	15	36	臺北市	大安區	大安區基隆路4段與羅斯福路4段口	25.0115174	121.5373168	0	0	1	2	6	7	5	4	2	1	4	4	5	13	1	1	1	4	1	2	12	1	6	1	5	1	10	1		2	3	12	
113	6	1	15	40	臺北市	內湖區	內湖區成功路2段與成功交流道口	25.0646658	121.5902307	0	0	1	2	8	5	5	4	2	1	5	4	5	13	1	1	1	5	5	2	13	1	9	3	5	1	18	1		1	2	11	
113	6	1	16	24	臺北市	北投區	北投區立農街2段264號	25.1187165	121.5153234	0	0	2	3	6	6	5	14	9	1	4	4	5	13	4	4	9	4	5	2	16	1	1	1	5	1	10	1		2	2	11	
113	6	1	16	59	臺北市	中山區	中山區龍江路與龍江路259巷口	25.0608113	121.5407824	0	0	1	2	6	5	5	4	2	1	4	4	5	13	4	4	9	5	5	2	17	4	1	1	3	1	4	1		1	3	17	
113	6	1	17	4	臺北市	大安區	大安區和平東路2段175巷5弄與復興南路2段口	25.0255118	121.5433255	0	0	1	2	6	5	5	14	9	1	4	4	5	13	4	4	10	5	5	2	13	4	9	1	3	1	10	1		2	2	11	
113	6	1	17	32	臺北市	大安區	大安區敦化南路1段251號	25.04815877	121.5476216	0	0	1	2	6	6	5	14	9	1	4	4	5	13	4	4	1	4	1	2	12	1	8	1	7	1	4	1		1	3	2	
113	6	1	17	32	臺北市	松山區	松山區慶城街與長春路口	25.05454261	121.5461769	0	0	1	2	6	5	5	4	1	1	4	4	5	13	2	1	1	5	5	2	16	1	5	1	7	1	8	1		1	3	4	
113	6	1	18	23	臺北市	中正區	中正區忠孝東路1段與中山南路口	25.04556907	121.5196836	0	0	1	2	6	5	5	4	1	1	4	4	5	13	2	1	1	4	5	2	15	1	9	1	7	2	8	1		1	3	2	
113	6	1	18	51	臺北市	大同區	大同區長安西路與塔城街口	25.0520385	121.5104589	0	0	1	2	6	5	5	4	2	1	4	4	5	13	2	1	5	4	5	2	17	4	5	1	3	1	4	1		1	3	17	
113	6	1	19	4	臺北市	信義區	信義區松隆路56號	25.0440417	121.5683464	0	0	1	2	6	5	5	14	9	1	4	4	5	13	4	4	9	4	5	2	2	2	9	1	6	1	10	1		1	3	11	
113	6	1	20	18	臺北市	大同區	大同區重慶北路3段與重慶北路3段236巷口	25.0704394	121.5136985	0	0	1	2	6	5	5	5	1	1	4	4	5	13	2	1	1	4	1	2	3	1	9	1	7	2	8	1		1	3	5	
113	6	1	20	36	臺北市	文山區	文山區羅斯福路4段與基隆路4段口	25.0110063	121.5370232	0	0	2	2	6	5	5	4	1	1	4	4	5	13	2	1	1	4	5	2	16	1	5	1	6	1	10	1		2	2	14	
113	6	1	21	0	臺北市	內湖區	內湖區內湖路1段737巷51弄與內湖路1段737巷口	25.08043045	121.5790353	0	0	1	3	6	5	5	4	1	1	4	4	5	13	4	4	10	5	5	2	15	1	9	1	7	2	8	1		1	3	1	
113	6	1	21	14	臺北市	中山區	中山區南京東路2段與建國北路2段口	25.05200996	121.536535	0	0	1	2	6	5	5	4	1	1	4	4	5	13	1	1	3	4	5	2	17	1	9	8	4	1	20	1		1	2	12	
113	6	1	21	30	臺北市	內湖區	內湖區成功路5段與康湖路口CMS094告示牌	25.08082272	121.6072894	0	0	1	2	6	5	5	11	8	1	4	4	5	13	4	4	1	4	4	2	37	4	9	1	6	1	10	1		1	2	11	
113	6	1	21	54	臺北市	文山區	文山區木柵路5段與木柵路5段口舊路	25.00291295	121.5874221	0	0	1	2	6	5	5	3	2	1	4	4	5	13	1	1	5	4	5	2	12	1	7	1	6	2	10	1		1	2	14	
113	6	1	22	8	臺北市	萬華區	萬華區中華路2段與大埔街口	25.0320398	121.5044517	0	0	1	2	7	5	5	4	1	1	4	4	5	13	2	1	9	4	5	2	16	4	9	1	3	1	8	1		2	3	5	
113	6	1	22	37	臺北市	大同區	大同區鄭州路與西寧北路口	25.050583	121.5081631	0	0	1	2	6	5	5	4	2	1	4	4	5	13	2	1	1	4	5	2	17	4	9	1	3	1	8	1		1	3	5	
113	6	1	22	38	臺北市	萬華區	萬華區環河南路1段與漢口街2段口	25.04657765	121.5036608	0	0	1	2	6	5	5	3	2	1	4	4	5	13	3	1	5	4	5	2	11	4	8	1	3	9	8	1		2	3	17	
113	6	2	0	48	臺北市	中山區	中山區市民大道2段往西(華山公園前迴轉道)	25.046826	121.5266921	0	0	1	2	7	5	5	11	6	1	4	4	5	13	4	4	1	4	5	2	16	4	5	6	3	1	8	1		1	3	7	
113	6	2	0	50	臺北市	大安區	大安區仁愛路4段71巷與大安路1段83巷口	25.0409604	121.5471784	0	0	1	2	6	5	5	4	2	1	4	4	5	13	4	4	1	4	1	2	17	1	9	1	2	1	4	1		1	3	1	
113	6	2	1	16	臺北市	中正區	中正區羅斯福路3段與辛亥路1段口	25.0196617	121.5291791	0	0	1	2	7	5	5	4	1	1	4	4	5	13	1	1	1	4	5	2	13	1	9	1	5	1	10	1		1	2	11	
113	6	2	1	20	臺北市	士林區	士林區德行東路104巷與德行東路口口	25.1074822	121.528021	0	0	1	2	6	5	5	4	1	1	4	4	5	13	3	1	4	5	5	1	15	1	9	1	7	1	8	1		1	3	1	
113	6	2	1	39	臺北市	大安區	大安區忠孝東路4段與忠孝東路4段181巷口	25.03695639	121.554276	0	0	1	2	7	5	5	3	1	1	5	4	5	13	3	1	1	4	5	2	3	1	2	1	7	1	4	1		1	3	3	
113	6	2	3	20	臺北市	內湖區	內湖區民權東路6段19巷與民權東路6段口	25.06805135	121.5815873	0	0	2	3	8	5	5	14	9	1	5	4	5	13	1	1	1	5	5	2	13	1	9	1	7	2	8	1		2	3	8	
113	6	2	6	20	臺北市	北投區	北投區大度路3段151號	25.1225894	121.4732547	0	0	2	2	6	7	5	14	9	1	4	4	5	13	4	4	1	4	5	1	16	1	6	1	6	1	10	1		1	2	13	
113	6	2	7	40	臺北市	萬華區	萬華區環河南路2段250巷與環河南路2段250巷33弄口	25.0341731	121.4898452	0	0	1	2	6	6	5	3	2	1	4	4	5	13	4	4	5	4	5	2	17	1	5	1	7	1	8	1		1	3	4	
113	6	2	7	46	臺北市	北投區	北投區大業路與承德路7段口北往南	25.1214186	121.499557	0	0	1	2	6	5	5	4	2	1	4	4	5	13	1	1	9	4	5	1	12	1	9	1	7	2	8	1		1	3	2	
113	6	2	7	48	臺北市	松山區	松山區市民大道4段與復興南路1段口	25.04497458	121.5439266	0	0	1	2	6	7	5	14	9	1	4	4	5	13	2	1	9	4	5	2	13	1	12	1	6	1	10	1		2	2	12	
113	6	2	8	55	臺北市	內湖區	內湖區安泰街與康樂街口口	25.07339068	121.619521	0	0	1	2	6	6	5	4	18	1	4	4	5	13	2	1	10	5	5	2	3	1	5	1	7	2	8	1		1	3	1	
113	6	2	9	53	臺北市	南港區	南港區忠孝東路6段81巷與忠孝東路6段口	25.0476965	121.5845568	0	0	2	3	6	7	5	3	2	1	4	4	5	13	4	4	1	4	5	2	17	4	9	1	3	1	10	1		1	2	14	
113	6	2	10	20	臺北市	信義區	信義區基隆路2段與嘉興街口口	25.0324977	121.5591538	0	0	1	2	6	5	8	22	22	1	4	4	5	13	4	4	1	4	5	2	17	1	8	1	7	1	8	1		1	3	5	
113	6	2	10	40	臺北市	大安區	大安區敦化南路2段與四維路170巷口	25.0281663	121.5484992	0	0	1	2	6	5	5	4	1	1	4	4	5	13	2	1	10	5	5	2	15	1	9	1	7	1	8	1		1	3	2	
113	6	2	11	37	臺北市	大安區	大安區新生南路2段50號對面	25.0292737	121.5343122	0	0	1	2	6	7	5	14	9	1	4	4	5	13	4	4	10	4	5	1	12	4	1	1	3	2	8	1		1	3	4	
113	6	2	11	50	臺北市	大安區	大安區和平東路3段與和平東路3段1巷口	25.0247443	121.5467032	0	0	1	3	6	6	5	4	1	1	4	4	5	13	2	1	1	4	5	1	16	4	5	1	3	1	8	1		2	3	6	
113	6	2	12	0	臺北市	中正區	中正區市民大道2段往東295號燈桿前	25.04650842	121.5286179	0	0	1	2	6	6	5	14	9	1	4	4	5	13	4	4	1	5	5	2	17	1	9	1	5	2	10	1		2	2	14	
113	6	2	12	24	臺北市	萬華區	萬華區環河南路2段與西藏路口	25.0302874	121.4897304	0	0	1	2	6	5	5	4	1	1	4	4	5	13	2	1	1	3	5	1	16	4	11	1	3	1	8	1		1	3	5	
113	6	2	12	42	臺北市	中正區	中正區公園路與襄陽路口	25.04335381	121.5166614	0	0	1	2	6	6	5	3	1	1	4	4	5	13	2	1	5	4	5	2	13	1	9	1	7	2	8	1		1	3	1	
113	6	2	13	39	臺北市	信義區	信義區基隆路2段109號	25.0289692	121.557274	0	0	1	2	6	6	8	22	20	4	4	4	5	13	4	4	10	5	5	2	9	1	9	8	4	2	20	1		1	2	17	
113	6	2	14	0	臺北市	中山區	中山區新生北路2段與錦州街口	25.0603622	121.5277686	0	0	2	4	6	7	5	8	9	1	4	4	5	13	2	1	5	2	5	2	17	1	9	1	7	1	8	1		1	3	1	
113	6	2	14	16	臺北市	內湖區	內湖區大湖街131巷西向東(近成功路五段4號)	25.0849969	121.6007939	0	0	1	2	6	5	5	14	9	2	4	4	5	13	4	4	4	5	5	1	17	1	1	1	7	1	8	1		2	3	8	
113	6	2	16	30	臺北市	北投區	北投區中央北路2段與豐年路2段口	25.1378229	121.4930905	0	0	1	2	6	6	5	3	2	1	4	4	5	13	2	1	5	4	5	2	17	1	6	1	7	1	8	1		1	3	2	
113	6	2	17	33	臺北市	士林區	士林區中正路與通河西街2段5巷口	25.0877416	121.5111291	0	0	1	3	6	6	5	4	2	1	4	4	1	11	4	4	1	5	5	1	9	1	9	1	7	2	8	1		2	3	17	
113	6	2	17	46	臺北市	中正區	中正區忠孝東路2段與新生南路1段口	25.042361	121.5324569	0	0	1	2	8	7	5	4	4	1	4	4	5	13	1	1	3	4	4	1	18	1	9	1	6	2	10	1		2	2	14	
113	6	2	18	41	臺北市	信義區	信義區吳興街與吳興街260巷口	25.0268043	121.5638673	0	0	1	2	6	5	5	4	18	1	3	4	5	13	4	4	9	5	5	1	3	1	15	1	5	9	9	1		1	4	17	
113	6	2	18	44	臺北市	萬華區	萬華區中華路2段364巷40號	25.0281945	121.503152	0	0	2	2	6	5	5	14	9	1	4	4	5	13	4	4	9	5	5	2	2	1	9	1	5	1	10	1		1	2	12	
113	6	2	19	4	臺北市	松山區	松山區南京東路5段與寶清街口口	25.0514257	121.5683067	0	0	2	2	6	5	5	4	1	1	4	4	5	13	2	1	1	4	5	2	17	1	5	1	6	1	10	1		1	2	13	
113	6	2	19	12	臺北市	大同區	大同區南京西路與西寧北路口口	25.0533019	121.5086487	0	0	1	2	6	5	5	4	1	1	4	4	5	13	2	1	5	5	5	2	3	1	5	1	7	2	4	1		1	3	5	
113	6	2	20	38	臺北市	內湖區	內湖區東湖路與東湖路58巷口	25.06875277	121.6137936	0	0	1	2	6	5	5	4	2	1	4	4	5	13	1	1	5	5	5	2	11	4	8	1	3	11	8	1		1	4	2	
113	6	2	20	54	臺北市	中山區	中山區中山北路1段與市民大道1段口	25.04826521	121.5206988	0	0	1	2	6	5	5	4	2	1	4	4	5	13	1	1	1	4	5	2	12	4	8	1	5	1	10	1		1	2	13	
113	6	2	21	1	臺北市	大安區	大安區敦化南路2段與敦化南路2段63巷口	25.0309448	121.5489946	0	0	1	2	6	5	5	4	1	1	4	4	5	13	2	1	1	2	1	2	17	4	5	1	3	1	8	1		1	3	17	
113	6	2	21	5	臺北市	大安區	大安區敦化南路1段與敦化南路1段190巷口	25.0426755	121.5488963	0	0	1	2	6	5	5	4	2	1	4	4	5	13	2	1	5	4	5	2	1	1	5	1	7	1	8	1		1	3	5	
113	6	2	21	12	臺北市	內湖區	內湖區民權東路6段與舊宗路1段口	25.06563722	121.57526	0	0	1	2	6	5	5	4	1	1	4	4	5	13	1	1	1	4	5	2	16	1	8	1	7	1	8	1		1	3	2	
113	6	2	21	31	臺北市	士林區	士林區中正路與美德街口	25.0952567	121.5252492	0	0	1	2	7	5	5	3	2	1	4	4	5	13	4	4	3	4	5	2	17	1	7	1	5	11	10	2		1	3	17	
113	6	2	22	0	臺北市	大安區	大安區市民大道4段與延吉街口	25.0443096	121.5536825	0	0	2	2	6	6	5	4	18	1	4	4	5	13	2	1	1	4	5	2	3	5	16	8	4	10	20	1		1	2	16	
113	6	2	22	5	臺北市	士林區	士林區中山北路5段與劍潭路口	25.0842134	121.5253515	0	0	1	2	6	5	5	3	1	1	4	4	5	13	2	1	5	4	5	2	17	1	5	1	7	1	8	1		1	3	17	
113	6	2	22	15	臺北市	南港區	南港區福德街與福德街339巷口	25.0395348	121.5884051	0	0	1	2	6	5	5	3	2	1	4	4	5	13	4	4	5	4	5	2	3	1	9	1	5	1	9	1		1	3	11	
113	6	2	22	25	臺北市	中山區	中山區復興北路422號	25.06271384	121.5441354	0	0	1	2	6	5	5	14	9	1	4	4	5	13	4	4	1	4	5	2	13	1	8	1	6	1	10	1		1	3	13	
113	6	2	22	38	臺北市	內湖區	內湖區金湖路與康寧路3段口	25.07336075	121.605812	0	0	2	2	6	5	5	4	1	1	4	4	5	13	1	1	1	4	5	2	16	1	8	1	6	1	10	1		2	2	12	
113	6	3	3	6	臺北市	信義區	信義區忠孝東路5段71巷與基隆路1段147巷口	25.0423628	121.567361	0	0	1	16	6	5	5	4	1	1	4	4	5	13	4	4	10	5	5	2	15	1	9	1	7	2	14	1		1	3	2	
113	6	3	6	54	臺北市	南港區	南港區南港路1段與興東街口	25.0553448	121.6127617	0	0	1	2	7	5	5	4	2	1	5	4	5	13	1	1	1	4	5	2	12	1	7	1	7	1	2	1		1	3	7	