年	月	日	時	分	縣市	行政區	allLocation	GoogleLat	GoogleLng	死	2-30	受傷	當事人數	天候	道路照明設備	道路類別	道路型態	事故位置	路面狀況1	路面狀況2	路面狀況3	道路障礙1	道路障礙2	號誌1	號誌2	車道劃分-分向	車道劃分-分道1	車道劃分-分道2	車道劃分-分道3	事故類型及型態	行動電話	當事者行動狀態	駕駛資格情形	保護裝置	飲酒情形	駕駛執照種類	個人肇逃否	肇因碼-主要	性別	受傷程度	車輛撞擊部位1	車輛撞擊部位2
113	6	3	7	25	臺北市	信義區	信義區忠孝東路5段1號	25.0412056	121.5649844	0	0	1	2	7	7	5	14	9	1	5	4	5	13	1	1	5	5	5	2	13	1	9	1	5	1	10	1		2	2	11	
113	6	3	7	41	臺北市	大安區	大安區和平東路3段與樂業街口	25.0244329	121.5499086	0	0	2	2	7	5	5	14	9	1	5	4	5	13	4	4	1	4	5	2	13	1	9	1	6	1	10	1		2	2	14	
113	6	3	8	20	臺北市	大安區	大安區基隆路3段與辛亥路3段口	24.99943261	121.5579238	0	0	1	2	7	6	5	4	1	1	5	4	5	13	1	1	1	3	5	2	17	1	9	1	7	1	1	1		1	3	1	
113	6	3	8	36	臺北市	內湖區	內湖區民權東路6段與民善街口	25.06516649	121.5740164	0	0	1	2	7	6	5	4	1	1	5	4	5	13	1	1	1	4	5	1	17	1	6	1	7	1	4	1		1	3	5	
113	6	3	8	40	臺北市	大同區	大同區重慶北路2段與民生西路口	25.0570887	121.5136695	0	0	1	3	6	6	5	4	1	1	4	4	5	13	2	1	9	4	5	2	13	1	9	1	5	2	10	1		2	2	11	
113	6	3	8	42	臺北市	萬華區	萬華區環河南路1段2號	25.04845438	121.5057685	0	0	2	2	7	7	5	14	9	1	5	4	5	13	4	4	9	4	5	2	17	1	11	1	5	1	10	1		1	2	14	
113	6	3	9	15	臺北市	南港區	南港區三重路19-8號	25.0575853	121.614074	0	0	1	2	7	6	5	14	9	1	5	4	5	13	4	4	5	4	5	2	13	1	7	1	7	1	4	1		1	3	3	
113	6	3	9	36	臺北市	大同區	大同區忠孝西路2段與西寧北路口	25.0487009	121.5076595	0	0	4	5	7	6	5	4	1	1	5	4	5	13	2	1	8	3	5	1	16	1	9	3	6	2	18	1		1	2	11	
113	6	3	9	46	臺北市	文山區	文山區萬慶街與水源快速道路口景福匝道	24.9961808	121.5357074	0	0	1	3	7	6	5	5	2	1	5	4	5	13	1	1	10	5	5	2	16	1	5	1	7	1	8	1		1	3	17	
113	6	3	10	0	臺北市	大安區	大安區長興街75號	25.0159469	121.5461376	0	0	1	2	8	5	6	14	9	1	5	4	5	13	4	4	8	3	5	1	16	1	5	1	7	1	8	1		1	3	8	
113	6	3	10	4	臺北市	中山區	中山區北安路與北安路554巷口	25.080413	121.548199	0	0	1	4	7	6	5	4	1	1	5	4	5	13	2	1	1	4	5	2	16	1	6	1	6	1	10	1		1	3	13	
113	6	3	10	46	臺北市	萬華區	萬華區萬大路與莒光路口	25.03127349	121.5005939	0	0	1	2	8	6	5	4	1	1	5	4	5	13	2	1	5	4	5	2	11	1	11	1	7	1	4	1		2	3	5	
113	6	3	11	16	臺北市	大安區	大安區信義路3段與建國南路1段口	25.0336112	121.5382673	0	0	2	2	8	6	5	4	2	1	5	4	5	13	1	1	1	4	5	1	10	4	15	1	3	7	8	1		2	2	1	
113	6	3	11	45	臺北市	中正區	中正區濟南路1段與鎮江街口	25.0426801	121.521233	0	0	1	2	8	7	5	3	2	1	5	4	5	13	1	1	9	4	5	1	8	1	1	1	7	2	2	1		1	3	8	
113	6	3	11	46	臺北市	大安區	大安區通化街39巷56號	25.0307164	121.5558913	0	0	1	3	8	7	5	14	9	1	5	4	5	13	4	4	10	5	5	1	9	4	14	1	3	1	4	1		1	3	6	
113	6	3	11	54	臺北市	萬華區	萬華區中華路2段393號對面	25.0258419	121.5081865	0	0	1	2	8	6	5	14	7	1	5	4	5	13	4	4	9	4	4	2	16	4	11	1	3	1	8	1		1	3	4	
113	6	3	12	1	臺北市	南港區	南港區忠孝東路7段與興中路口	25.0521911	121.6082647	0	0	1	2	8	6	5	3	2	1	5	4	5	13	1	1	1	4	4	2	9	1	9	1	6	1	10	1		1	2	12	
113	6	3	12	6	臺北市	大安區	大安區羅斯福路4段與基隆路4段口	25.0109741	121.5372885	0	0	1	2	7	5	5	5	1	1	5	4	5	13	2	1	1	4	1	1	17	1	9	1	7	1	8	1		1	3	17	
113	6	3	12	11	臺北市	大同區	大同區延平北路2段與民權西路口	25.0628652	121.5110724	0	0	1	2	7	6	5	4	2	1	5	4	5	13	1	1	1	4	5	2	17	1	5	1	5	2	10	1		1	3	14	
113	6	3	12	38	臺北市	士林區	士林區延平北路7段106巷327弄23號前	25.10537741	121.4956566	0	0	1	2	8	6	5	14	9	1	5	4	5	13	4	4	10	5	5	1	14	1	2	1	7	2	8	1		1	3	3	
113	6	3	12	50	臺北市	中正區	中正區重慶南路1段與貴陽街1段口	25.0387222	121.5128149	0	0	2	2	8	7	5	5	1	1	5	4	5	13	1	1	5	3	5	2	13	1	9	1	6	1	10	1		2	2	11	
113	6	3	13	15	臺北市	北投區	北投區北投路2段與大業路452巷口	25.1328369	121.4974573	0	0	1	2	8	7	5	4	2	1	5	4	5	13	2	1	5	4	5	2	16	1	9	1	6	9	10	1		2	2	11	
113	6	3	13	20	臺北市	大安區	大安區延吉街246巷與延吉街口	25.0354191	121.5556928	0	0	1	2	8	7	5	3	1	1	5	4	5	13	4	4	5	5	5	1	15	4	9	1	3	1	10	1		2	2	14	
113	6	3	13	30	臺北市	中山區	中山區民權西路68-1號	25.06289738	121.519825	0	0	1	2	7	7	5	22	25	2	5	4	5	13	4	4	10	5	5	2	9	1	1	3	5	1	18	1		2	3	11	
113	6	3	13	35	臺北市	文山區	文山區辛亥路4段與興隆路3段口	25.0009492	121.554613	0	0	1	2	8	6	5	4	1	1	5	4	5	13	2	1	1	4	5	2	16	1	5	1	6	2	10	1		2	2	14	
113	6	3	13	50	臺北市	信義區	信義區信義路5段5號	25.0330192	121.5628248	0	0	1	2	8	7	5	14	9	1	5	4	5	13	1	1	9	4	5	2	12	1	10	1	7	1	8	1		1	3	4	
113	6	3	14	20	臺北市	中山區	中山區南京西路12號	25.05246294	121.5210195	0	0	1	3	8	7	5	14	7	1	5	4	5	13	4	4	3	4	4	2	13	1	9	1	6	2	10	1		2	2	11	
113	6	3	14	20	臺北市	文山區	文山區新光路2段與文和橋口口	25.0013531	121.5963295	0	0	1	2	7	7	5	3	1	1	5	4	5	13	1	1	10	5	5	1	16	1	5	1	7	1	3	1		1	3	4	
113	6	3	14	50	臺北市	內湖區	內湖區民權東路6段180巷63號	25.0847503	121.5551473	0	0	2	3	8	5	5	14	9	1	5	4	3	10	4	4	8	3	5	1	12	4	1	1	3	1	10	1		1	2	11	
113	6	3	15	13	臺北市	大安區	大安區樂業街106號與樂業街口	25.0210424	121.5516825	0	0	1	2	7	5	5	3	2	1	5	4	5	13	4	4	9	5	5	2	9	4	21	1	3	9	10	2		1	4	11	
113	6	3	15	30	臺北市	中正區	中正區林森北路11號	25.0461581	121.5236672	0	0	2	3	7	6	5	14	9	1	5	4	5	13	4	4	9	4	5	1	13	1	9	1	6	2	10	1		2	2	11	
113	6	3	15	49	臺北市	大同區	大同區承德路3段37號	25.0644031	121.5184079	0	0	1	3	8	5	6	14	9	1	5	4	5	13	4	4	1	4	5	2	18	4	9	1	3	2	10	1		1	2	14	
113	6	3	15	50	臺北市	北投區	北投區光明路與七星街口	25.13692987	121.5040535	0	0	3	3	7	7	5	4	1	1	5	4	5	13	1	1	5	4	5	2	16	1	9	1	5	1	10	1		1	2	11	
113	6	3	16	48	臺北市	松山區	松山區敦化北路往北人行道0201661燈桿旁	25.05055394	121.5491877	0	0	1	2	8	5	5	14	20	1	5	4	5	13	4	4	10	5	5	2	9	1	9	8	4	1	20	1		1	3	16	
113	6	3	17	10	臺北市	萬華區	萬華區中興橋機車道往新北市方向上橋處	25.0456374	121.5022606	0	0	1	2	8	6	5	8	11	1	5	4	5	13	4	4	10	5	5	1	17	1	4	1	5	1	10	1		1	3	12	
113	6	3	17	47	臺北市	內湖區	內湖區內湖路1段343-2號	25.08217682	121.5690338	0	0	1	3	8	5	5	14	7	1	5	4	5	13	4	4	1	4	4	2	17	1	9	1	6	1	10	1		1	2	11	
113	6	3	17	48	臺北市	中正區	中正區市民大道3段8號	25.0455512	121.531997	0	0	1	4	8	5	5	14	9	1	5	4	5	13	4	4	1	4	5	2	13	1	9	1	6	2	10	1		2	2	15	
113	6	3	18	5	臺北市	中山區	中山區敬業四路與植福路口	25.0839386	121.5587791	0	0	1	3	8	5	5	5	2	1	5	4	5	13	1	1	5	4	5	2	17	4	14	1	3	1	8	1		2	3	2	
113	6	3	18	11	臺北市	文山區	文山區新光路2段燈桿0707623號對面	24.9945797	121.5738543	0	0	3	3	7	5	5	11	7	1	5	4	5	13	4	4	1	4	4	2	17	4	9	1	3	2	10	1		1	2	11	
113	6	3	18	48	臺北市	內湖區	內湖區文德路101巷與無名巷口	25.07931908	121.5831106	0	0	1	3	6	5	5	3	1	1	4	4	5	13	4	4	9	4	5	2	16	1	6	1	5	1	10	1		2	3	11	
113	6	3	18	49	臺北市	文山區	文山區興隆路3段與興隆路3段112巷口	24.9993357	121.5574821	0	0	9	10	7	5	5	4	1	1	5	4	5	13	2	1	1	4	5	2	16	1	5	1	7	2	8	1		1	3	1	
113	6	3	18	53	臺北市	南港區	南港區市民大道7段與東新街口	25.0495936	121.5837862	0	0	1	2	7	5	5	4	2	1	5	4	5	13	2	1	1	4	5	2	16	4	6	1	6	1	10	1		1	3	12	
113	6	3	19	44	臺北市	南港區	南港區忠孝東路7段512號對面	25.0526264	121.6109222	0	0	1	2	6	5	5	14	7	1	4	4	5	13	4	4	1	4	4	2	18	1	9	1	5	1	10	1		1	2	12	
113	6	3	20	0	臺北市	大安區	大安區延吉街240號	25.0359382	121.5556399	0	0	2	2	6	5	5	14	9	1	4	4	5	13	4	4	5	3	5	2	16	1	9	1	6	1	10	1		1	2	11	
113	6	3	20	10	臺北市	中正區	中正區新生南路1段60號	25.0406657	121.5326715	0	0	1	3	6	5	5	14	9	1	4	4	5	13	4	4	1	4	5	2	16	1	9	1	6	2	10	1		1	2	11	
113	6	3	20	28	臺北市	內湖區	內湖區東湖路69號	25.068654	121.6147753	0	0	1	2	7	5	5	14	9	1	4	4	5	13	4	4	5	4	5	2	12	1	1	1	5	1	10	1		1	2	14	
113	6	3	20	38	臺北市	萬華區	萬華區漢口街2段7號	25.04535204	121.5084623	0	0	1	2	6	5	8	22	22	1	4	4	5	13	4	4	10	5	5	2	17	4	1	1	3	1	10	1		1	3	17	
113	6	3	20	46	臺北市	大同區	大同區重慶北路1段與長安西路口	25.051654	121.513854	0	0	1	2	6	5	5	4	1	1	4	4	5	13	2	1	1	4	5	2	17	4	5	1	3	2	8	1		1	3	2	
113	6	3	20	59	臺北市	中正區	中正區羅斯福路1段與林森南路口	25.0327841	121.5181611	0	0	1	2	6	5	5	5	18	1	4	4	5	13	2	1	3	4	5	2	3	1	5	1	7	2	8	1		1	3	4	
113	6	3	21	1	臺北市	內湖區	內湖區洲子街與內湖路1段360巷口	25.08037184	121.5702891	0	0	2	2	7	5	5	4	1	1	5	4	5	13	1	1	5	5	5	2	16	1	6	1	6	1	10	1		1	2	12	
113	6	3	21	1	臺北市	內湖區	內湖區瑞湖街與民權東路6段15巷口	25.0689879	121.5764451	0	0	1	2	8	5	5	4	1	1	5	4	5	13	1	1	8	3	5	1	17	1	5	1	6	1	10	1		2	3	17	
113	6	3	21	2	臺北市	信義區	信義區吳興街與吳興街99巷口	25.0303801	121.5608911	0	0	1	2	7	5	5	3	1	1	5	4	5	13	4	4	9	5	5	2	17	1	5	8	4	2	20	1		1	2	11	
113	6	3	21	12	臺北市	中正區	中正區羅斯福路2段與杭州南路2段口	25.0282709	121.5213867	0	0	1	2	6	6	5	5	1	1	4	4	5	13	1	1	3	4	5	2	17	1	8	3	5	2	18	1		1	3	12	
113	6	3	21	13	臺北市	信義區	信義區信義路4段405號	25.0333292	121.5588981	0	0	1	2	8	5	5	14	23	2	5	4	5	13	4	4	10	5	5	1	3	4	9	8	4	1	20	1		1	2	11	
113	6	3	21	33	臺北市	信義區	信義區松山路與永吉路口	25.0453739	121.577739	0	0	1	2	8	5	5	4	1	1	5	4	5	13	2	1	1	4	5	2	16	1	5	1	7	1	8	1		2	3	2	
113	6	3	21	35	臺北市	萬華區	萬華區西園路2段與東園街口	25.028243	121.4953419	0	0	1	2	7	5	5	4	1	1	5	4	5	13	1	1	1	3	5	2	16	1	7	1	7	1	4	1		1	3	8	
113	6	3	23	6	臺北市	大安區	大安區基隆路3段	25.01866373	121.5464335	0	0	2	2	8	5	5	22	20	1	5	4	5	13	4	4	10	5	5	2	10	1	9	8	4	9	20	1		1	2	11	
113	6	3	23	18	臺北市	南港區	南港區市民大道8段與研究院路1段口口	25.0544595	121.6164326	0	0	2	2	7	5	5	4	1	2	5	4	5	13	2	1	1	5	5	2	16	4	5	1	5	2	10	1		1	2	11	
113	6	3	23	50	臺北市	士林區	士林區文昌路與文林路口	25.1013723	121.5214597	0	0	1	2	8	5	5	5	1	1	5	4	5	13	1	1	5	4	5	1	12	1	7	1	5	2	10	1		1	2	14	
113	6	3	23	55	臺北市	士林區	士林區文昌路與文林路口	25.101397	121.521502	0	0	1	3	8	5	5	5	2	1	5	4	5	13	1	1	9	4	5	1	12	1	9	1	7	2	8	1		1	3	1	
113	6	4	6	32	臺北市	大安區	大安區臥龍街與安居街口	25.0180768	121.5515879	0	0	1	2	7	5	5	3	2	1	5	4	5	13	4	4	10	5	5	2	17	1	9	1	7	1	8	1		1	3	5	
113	6	4	7	20	臺北市	內湖區	內湖區成功路2段與成功路2段320巷口	25.06768577	121.5906496	0	0	1	3	8	6	5	3	2	1	5	4	3	13	1	1	3	4	5	1	9	1	6	1	7	11	8	1		1	3	17	
113	6	4	7	43	臺北市	士林區	士林區中山北路5段282巷與中山北路5段口	25.0877082	121.5271299	0	0	1	3	7	7	5	3	2	1	5	4	5	13	4	4	5	4	5	1	17	1	8	1	7	3	8	1		1	3	17	
113	6	4	7	47	臺北市	士林區	士林區堤外便道與百齡堤外停車場口(槌球場停車場出入口)	25.085846	121.5126722	0	0	2	2	7	6	5	4	1	1	5	4	5	13	4	4	5	5	5	2	17	4	14	1	6	1	10	1		2	2	14	
113	6	4	8	18	臺北市	南港區	南港區成功路1段15號	25.0548245	121.59314	0	0	1	2	7	6	5	14	9	1	5	4	5	13	4	4	5	5	5	2	17	1	1	1	7	1	8	1		1	3	8	
113	6	4	8	20	臺北市	信義區	信義區基隆路1段與永吉路口	25.0456034	121.5672575	0	0	1	2	7	5	5	5	2	1	5	4	5	13	1	1	1	5	5	2	13	1	9	1	5	1	10	1		2	2	11	
113	6	4	8	40	臺北市	文山區	文山區羅斯福路4段與基隆路4段口	25.0108787	121.5370774	0	0	1	2	7	6	5	4	1	1	5	4	5	13	2	1	1	5	5	2	15	1	9	1	7	2	4	1		1	3	2	
113	6	4	9	7	臺北市	松山區	松山區民生東路5段與新中街口	25.05862011	121.5605417	0	0	1	2	7	6	5	4	1	1	5	4	5	13	1	1	1	3	5	2	16	4	11	1	3	1	4	1		1	3	5	
113	6	4	9	39	臺北市	大同區	大同區民族西路與大龍街口	25.0685397	121.5158477	0	0	1	2	7	6	5	4	1	1	5	4	5	13	2	1	5	5	5	2	16	1	5	1	7	2	8	1		1	3	1	
113	6	4	9	46	臺北市	大安區	大安區延吉街與延吉街137巷口	25.0419969	121.5543828	0	0	1	2	8	6	5	3	2	1	5	4	5	13	4	4	4	3	5	2	17	1	1	1	7	1	4	1		1	3	17	
113	6	4	10	0	臺北市	文山區	文山區景興路225號	24.9914427	121.5436876	0	0	2	2	7	6	5	14	9	1	5	4	5	13	1	1	5	5	5	2	12	1	9	1	6	2	10	1		1	2	11	
113	6	4	10	7	臺北市	信義區	信義區吳興街與基隆路2段口	25.0319734	121.5588811	0	0	2	2	8	7	5	4	2	1	5	4	5	13	2	1	3	5	5	2	3	5	18	8	4	10	20	1		2	2	16	
113	6	4	10	17	臺北市	大安區	大安區仁愛路3段與建國南路1段口	25.0382208	121.5380968	0	0	1	2	8	5	5	5	2	1	5	4	5	13	2	1	8	3	4	1	16	1	8	1	7	1	8	1		2	3	2	
113	6	4	11	1	臺北市	文山區	文山區仙岩路與仙岩路86巷口	24.9992613	121.5490674	0	0	2	2	8	6	5	3	1	1	5	4	5	13	4	4	5	5	5	1	16	1	5	3	6	1	18	1		2	2	14	
113	6	4	11	28	臺北市	信義區	信義區基隆路2段149-55號	25.0265641	121.5551094	0	0	1	2	8	7	5	14	9	1	5	4	5	13	4	4	3	4	5	2	12	1	9	1	7	2	7	1		1	3	2	
113	6	4	12	41	臺北市	士林區	士林區文林路與雙溪街口	25.09968887	121.5233814	0	0	1	2	8	7	5	4	1	1	5	4	5	13	1	1	5	5	5	2	17	1	5	1	6	1	10	1		1	3	14	
113	6	4	13	21	臺北市	文山區	文山區試院路26號	24.989402	121.5492535	0	0	1	2	7	6	5	14	9	1	5	4	5	13	4	4	9	5	5	2	16	1	1	1	7	1	8	1		2	3	4	
113	6	4	13	28	臺北市	北投區	北投區致遠二路與東華街2段口	25.1177642	121.5135208	0	0	1	2	7	6	5	14	9	1	5	4	5	13	1	1	9	4	5	2	13	1	5	1	5	1	10	1		2	2	13	
113	6	4	14	10	臺北市	大同區	大同區鄭州路87號	25.049905	121.5122863	0	0	1	2	7	6	5	14	9	1	5	4	5	13	4	4	9	4	5	2	13	1	9	1	7	1	8	1		1	3	1	
113	6	4	14	20	臺北市	中山區	中山區八德路2段199巷17號	25.0478826	121.539074	0	0	1	2	8	6	9	14	9	1	5	4	5	13	4	4	10	4	5	2	13	1	9	1	7	1	8	1		1	3	1	
113	6	4	16	3	臺北市	中正區	中正區公園路與重慶南路2段7巷口	25.0343093	121.5149233	0	0	1	5	8	7	5	4	1	1	5	4	5	13	4	4	5	4	5	2	15	1	9	1	7	1	8	1		1	2	1	
113	6	4	16	39	臺北市	士林區	士林區忠誠路1段與德行東路104巷口	25.105536	121.5287476	0	0	1	3	8	6	5	4	2	1	5	4	5	13	2	1	1	4	4	1	15	1	9	8	4	1	20	1		2	3	15	
113	6	4	16	41	臺北市	信義區	信義區吳興街156巷73號	25.0284065	121.5588723	0	0	1	2	7	7	5	14	9	1	5	4	5	13	4	4	9	5	5	2	16	4	11	1	3	1	8	1		1	3	7	
113	6	4	16	47	臺北市	北投區	北投區北投路1段77號對面32號停車格(南往北)	25.1285966	121.5003123	0	0	1	2	8	6	5	14	8	1	5	4	5	13	4	4	9	4	4	1	14	1	2	1	7	1	8	1		2	3	9	
113	6	4	16	57	臺北市	大安區	大安區辛亥路2段與建國南路2段口	25.0225178	121.5381605	0	0	1	2	7	7	5	4	2	1	5	4	5	13	2	1	8	3	4	1	12	1	15	1	5	1	10	1		1	2	11	
113	6	4	17	30	臺北市	松山區	松山區撫遠街與塔悠路口	25.0682666	121.5682067	0	0	1	3	7	7	5	3	2	1	5	4	5	13	2	1	1	4	4	2	16	1	6	1	7	1	4	1		1	3	2	
113	6	4	17	51	臺北市	大同區	大同區錦西街與雙連街口	25.0602159	121.5188058	0	0	2	3	7	6	5	3	2	1	5	4	5	13	4	4	5	4	5	2	17	4	15	1	6	2	10	1		2	2	12	
113	6	4	17	59	臺北市	萬華區	萬華區光復橋往新北市	25.0242327	121.4904414	0	0	1	2	8	7	5	9	9	1	5	4	5	13	4	4	1	5	5	2	18	1	15	1	5	1	10	1		1	2	11	
113	6	4	18	2	臺北市	南港區	南港區中坡南路與玉成街140巷口	25.0437676	121.5824713	0	0	3	3	7	5	5	3	2	1	5	4	5	13	4	4	9	2	4	2	12	1	7	8	4	2	20	1		1	2	14	
113	6	4	18	13	臺北市	內湖區	內湖區內湖路1段與港墘路口	25.07925703	121.5768156	0	0	1	2	7	6	5	3	1	1	5	4	5	13	4	4	1	4	5	2	16	1	6	1	7	1	8	1		1	3	2	
113	6	4	19	13	臺北市	中正區	中正區中華路1段與忠孝西路1段口	25.0477365	121.5101232	0	0	2	2	8	5	5	4	2	1	5	4	5	13	1	1	1	4	1	1	17	1	15	1	5	1	10	1		1	2	12	
113	6	4	19	16	臺北市	信義區	信義區中坡南路20號	25.0435056	121.5827107	0	0	1	2	7	5	5	14	9	1	5	4	5	13	4	4	9	5	4	2	13	1	9	1	5	1	10	1		1	2	11	
113	6	4	19	18	臺北市	南港區	南港區成美橋與成美橋口南往北	25.051998	121.5829298	0	0	1	2	7	5	5	5	2	1	5	4	5	13	4	4	1	4	5	2	16	4	6	1	5	1	10	1		1	2	14	
113	6	4	19	24	臺北市	中山區	中山區新生高架道往北濱江上方	25.07709874	121.5284642	0	0	2	4	8	5	5	8	9	1	5	4	5	13	4	4	1	4	5	2	13	1	9	1	7	1	8	1		1	2	1	
113	6	4	19	52	臺北市	大安區	大安區新生南路1段與八德路2段口	25.0444738	121.5333613	0	0	1	2	7	5	5	4	1	1	5	4	5	13	2	1	9	3	5	2	12	1	8	1	6	1	10	1		1	2	12	
113	6	4	20	11	臺北市	士林區	士林區文林路587巷45停車格	25.0989483	121.5182207	0	0	1	3	8	5	5	14	9	1	5	4	5	13	4	4	9	5	5	2	12	4	13	1	3	9	8	1		1	3	8	
113	6	4	20	30	臺北市	中山區	中山區北安路與大直街口	25.0800139	121.5474847	0	0	1	2	8	5	5	3	2	1	5	4	5	13	1	1	3	4	5	2	13	1	9	1	7	1	8	1		1	3	1	
113	6	4	20	48	臺北市	士林區	士林區承德路5段62號旁	25.0930606	121.5150159	0	0	4	4	8	5	5	14	9	1	5	4	5	13	4	4	1	3	5	1	13	1	9	1	6	1	10	1		1	2	11	
113	6	4	21	35	臺北市	中山區	中山區中山北路2段與民生西路口	25.0580171	121.5227499	0	0	1	2	7	5	5	4	1	1	5	4	5	13	1	1	1	4	5	2	17	4	21	7	3	11	19	2		1	4	15	
113	6	4	21	54	臺北市	中山區	中山區南京西路1號	25.0523994	121.5217979	0	0	1	2	7	5	5	14	9	1	5	4	5	13	4	4	1	5	5	1	17	4	1	1	3	9	4	1		1	3	17	
113	6	4	22	10	臺北市	大同區	大同區西寧北路與迪化街1段32巷口	25.0545263	121.5088435	0	0	1	2	8	5	5	3	1	1	5	4	5	13	4	4	5	5	5	2	16	4	11	1	3	1	8	1		2	3	4	
113	6	4	22	47	臺北市	中山區	中山區民生東路3段與建國北路2段口	25.0579778	121.5371989	0	0	1	2	7	5	5	4	1	1	5	4	5	13	2	1	1	5	5	1	16	4	8	6	3	1	18	1		1	3	2	
113	6	4	23	0	臺北市	內湖區	內湖區成功路2段512號	25.074194	121.589654	0	0	1	2	7	5	5	14	9	1	5	4	5	13	4	4	1	5	5	2	17	1	9	1	6	2	10	1		1	2	12	
113	6	4	23	25	臺北市	大安區	大安區市民大道4段與敦化南路1段口	25.0447788	121.548609	0	0	2	2	8	5	5	4	3	1	5	4	5	13	2	1	1	4	5	2	17	1	9	1	6	1	10	1		1	2	11	
113	6	4	23	40	臺北市	大同區	大同區重慶北路2段119-1號	25.05765	121.5138307	0	0	1	2	8	5	5	14	9	1	5	4	5	13	4	4	1	4	5	2	16	1	6	1	7	2	8	1		1	3	2	
113	6	5	0	50	臺北市	文山區	文山區永安街與永安街6巷口	24.98708915	121.5702524	0	0	1	2	8	5	5	4	1	1	5	4	5	13	4	4	10	5	5	2	15	4	9	1	5	2	10	1		1	3	12	
113	6	5	1	32	臺北市	萬華區	萬華區忠孝西路2段與昆明街口	25.0487681	121.5064283	0	0	1	3	7	5	5	4	1	1	5	4	5	13	3	1	8	3	5	2	15	1	9	1	7	1	8	1		1	3	1	
113	6	5	5	31	臺北市	中山區	中山區民權東路2段92巷與民權東路2段口	25.06258214	121.531786	0	0	2	2	8	7	5	4	1	1	5	4	5	13	1	1	3	4	5	2	15	1	9	1	5	2	10	1		1	2	11	
113	6	5	5	33	臺北市	信義區	信義區信義路5段與松仁路口	25.0326542	121.5681859	0	0	1	2	8	7	5	4	2	1	5	4	5	13	1	1	9	4	5	2	21	1	9	1	5	1	21	1		1	2	11	
113	6	5	6	39	臺北市	北投區	北投區東華街1段與石牌路2段口	25.11527587	121.5153408	0	0	2	2	8	5	5	4	1	1	5	4	5	13	2	1	1	4	5	2	15	1	1	8	4	1	20	1		2	2	11	
113	6	5	7	0	臺北市	信義區	信義區忠孝東路5段與松山路口	25.0410799	121.5777798	0	0	1	2	8	7	5	4	1	1	5	4	5	13	2	1	3	4	5	2	12	1	15	1	5	1	8	1		2	2	14	
113	6	5	7	37	臺北市	內湖區	內湖區潭美街557號	25.0609127	121.601147	0	0	1	2	7	7	5	14	9	1	5	4	5	13	4	4	4	4	5	2	17	4	15	7	3	11	19	2		1	4	15	
113	6	5	7	39	臺北市	文山區	文山區興隆路3段與興隆路3段181巷口	24.9960578	121.5600717	0	0	1	2	7	6	5	4	2	1	5	4	5	13	3	1	3	4	5	2	13	1	9	1	5	11	10	1		2	2	11	
113	6	5	7	45	臺北市	文山區	文山區木柵路4段21巷1-18號	24.993221	121.5714912	0	0	1	2	7	7	5	14	9	1	5	4	5	13	4	4	5	4	5	2	12	1	8	3	5	1	18	1		1	3	12	
113	6	5	7	50	臺北市	文山區	文山區基隆路4段與汀州路4段口	25.0108142	121.5362319	0	0	1	2	8	6	5	5	1	1	5	4	5	13	2	1	1	4	1	2	13	1	12	1	6	2	10	1		1	2	11	
113	6	5	7	53	臺北市	萬華區	萬華區德昌街與德昌街125巷口	25.0242009	121.4966278	0	0	2	3	7	5	5	4	1	1	5	4	5	13	4	4	10	5	5	1	15	4	9	1	3	1	10	1		1	2	12	
113	6	5	8	20	臺北市	士林區	士林區中正路與志成街口	25.11596607	121.5232451	0	0	1	2	6	7	5	4	1	1	4	4	5	13	1	1	1	5	5	2	17	1	9	1	7	1	8	1		2	3	1	
113	6	5	8	25	臺北市	中正區	中正區愛國東路與愛國東路74巷口	25.0333682	121.5200864	0	0	1	2	8	7	5	3	1	1	5	4	5	13	4	4	1	4	4	2	16	1	6	1	7	1	8	1		1	3	2	
113	6	5	8	25	臺北市	內湖區	內湖區麥帥一橋	25.05273705	121.5729002	0	0	2	2	8	5	5	8	11	1	5	4	5	13	4	4	1	4	5	1	13	1	9	1	5	1	10	1		2	2	11	
113	6	5	8	25	臺北市	南港區	南港區忠孝東路7段與忠孝東路7段325巷口口	25.0520498	121.6055493	0	0	1	2	7	7	5	3	1	1	5	4	5	13	1	2	3	4	4	2	16	1	6	1	7	1	8	1		1	3	5	
113	6	5	8	30	臺北市	文山區	文山區景隆街與景明街口	25.0002375	121.5405191	0	0	1	2	7	6	5	4	1	1	5	4	5	13	4	4	10	5	5	2	17	1	6	1	6	1	10	1		1	2	12	
113	6	5	8	32	臺北市	大安區	大安區市民大道4段66號	25.0449857	121.5467367	0	0	2	3	7	5	5	14	9	1	5	4	5	13	4	4	1	4	5	2	12	1	9	1	6	1	10	1		1	2	14	
113	6	5	8	50	臺北市	北投區	北投區公館路與三合街1段口	25.1276275	121.5075079	0	0	2	2	8	6	5	4	1	1	5	4	5	13	2	1	5	4	5	2	16	1	5	1	5	1	10	1		1	2	14	
113	6	5	9	10	臺北市	大同區	大同區伊寧街75巷與伊寧街口	25.0646346	121.5103689	0	0	1	2	6	7	5	4	1	1	4	4	5	13	4	4	9	4	5	2	15	1	9	3	5	1	18	1		1	2	11	
113	6	5	9	17	臺北市	大安區	大安區金山南路2段與潮州街口	25.028868	121.5263674	0	0	2	2	7	6	5	4	1	1	5	4	5	13	2	1	3	4	5	1	16	4	5	1	3	1	8	1		1	2	5	
113	6	5	9	20	臺北市	南港區	南港區成美橋與南港路3段口	25.0519504	121.5827713	0	0	1	2	7	6	5	5	2	1	5	4	5	12	4	4	5	4	5	2	12	1	8	1	7	1	4	1		1	3	2	