年	月	日	時	分	縣市	行政區	allLocation	GoogleLat	GoogleLng	死	2-30	受傷	當事人數	天候	道路照明設備	道路類別	道路型態	事故位置	路面狀況1	路面狀況2	路面狀況3	道路障礙1	道路障礙2	號誌1	號誌2	車道劃分-分向	車道劃分-分道1	車道劃分-分道2	車道劃分-分道3	事故類型及型態	行動電話	當事者行動狀態	駕駛資格情形	保護裝置	飲酒情形	駕駛執照種類	個人肇逃否	肇因碼-主要	性別	受傷程度	車輛撞擊部位1	車輛撞擊部位2
113	6	5	9	43	臺北市	北投區	北投區大度路第1208543號燈桿	25.1216186	121.4892297	0	0	2	3	7	6	5	14	12	1	5	4	5	13	4	4	1	4	2	1	13	1	7	1	5	2	10	1		1	3	13	12
113	6	5	9	50	臺北市	士林區	士林區通河西街1段堤外便道	25.0825535	121.5135154	0	0	2	2	7	6	5	14	9	1	4	4	5	13	4	4	9	4	5	1	13	4	9	1	3	1	10	1		1	2	11	
113	6	5	9	50	臺北市	萬華區	萬華區內江街87號	25.04160624	121.5035352	0	0	2	2	6	5	5	14	18	1	4	4	5	13	3	1	7	4	5	2	3	4	9	1	6	1	10	1		1	2	14	
113	6	5	10	12	臺北市	松山區	松山區八德路4段333巷與八德路4段口	25.0492114	121.5672415	0	0	1	2	8	5	5	4	1	1	5	4	5	13	1	1	8	5	5	1	16	1	5	1	3	1	8	1		1	3	2	
113	6	5	11	52	臺北市	內湖區	內湖區江南街與瑞光路口	25.0760911	121.5754602	0	0	1	2	7	6	5	3	1	1	5	4	5	13	2	1	9	4	5	2	16	1	5	1	6	1	10	1		1	2	12	
113	6	5	12	5	臺北市	大安區	大安區羅斯福路2段111號	25.0244749	121.5245054	0	0	1	2	6	6	5	14	9	1	4	4	5	13	4	4	3	4	5	2	17	1	12	1	6	1	10	1		1	2	14	
113	6	5	12	25	臺北市	松山區	松山區敦化北路往南0204932燈桿旁	25.05584525	121.5487535	0	0	2	2	6	5	5	14	11	1	4	4	5	13	4	4	9	4	4	2	12	1	8	1	6	1	10	1		1	2	12	
113	6	5	12	27	臺北市	大安區	大安區和平東路1段與金山南路2段口口	25.0268958	121.5257533	0	0	1	3	6	6	5	4	2	1	4	4	5	13	2	1	1	4	5	2	13	1	15	1	7	1	8	1		1	2	3	
113	6	5	12	28	臺北市	松山區	松山區復興北路99號	25.05310567	121.5441163	0	0	1	2	6	7	5	14	9	1	4	4	5	13	4	4	1	3	5	2	12	1	7	1	7	1	8	1		1	3	4	
113	6	5	12	47	臺北市	士林區	士林區延平北路7段106巷355號	25.10883064	121.4954589	0	0	2	3	6	7	5	14	9	1	4	4	5	13	4	4	10	5	5	2	17	4	15	1	3	1	10	1		1	3	17	
113	6	5	13	40	臺北市	信義區	信義區松高路與松勇路口	25.0391097	121.5698241	0	0	1	2	6	7	5	4	1	1	4	4	5	13	1	1	5	4	5	2	16	4	9	1	3	1	10	1		1	2	14	
113	6	5	13	56	臺北市	信義區	信義區松智路9巷松高12號停車場出口	25.0385702	121.5664784	0	0	1	2	6	7	5	14	9	1	4	4	5	13	4	4	9	5	5	2	16	1	1	1	7	2	8	1		2	3	8	14
113	6	5	14	14	臺北市	中山區	中山區自強隧道(外)往南圓環前	25.085957	121.5493837	0	0	1	3	6	5	5	3	1	1	4	4	5	13	1	1	1	4	5	2	13	4	9	1	3	1	2	1		1	3	1	
113	6	5	14	47	臺北市	大同區	大同區鄭州路與西寧北路口	25.0505855	121.5081843	0	0	1	2	6	5	5	5	1	1	4	4	5	13	2	1	1	4	5	2	13	1	15	1	7	2	8	1		2	3	5	
113	6	5	15	32	臺北市	內湖區	內湖區陽光街與文德路22巷口	25.0745002	121.5810563	0	0	1	2	6	7	5	4	1	1	4	4	5	13	1	1	5	5	5	2	16	1	6	1	7	1	8	1		2	3	2	
113	6	5	15	40	臺北市	萬華區	萬華區華中橋機車道往台北市方向(編號7010520燈桿前)	25.0153933	121.4957792	0	0	2	2	6	6	5	8	11	1	4	4	5	13	4	4	10	5	5	1	17	1	15	1	5	1	9	1		2	2	14	
113	6	5	15	53	臺北市	大安區	大安區和平東路2段與瑞安街口	25.0254261	121.5387673	0	0	1	3	6	6	5	4	2	1	4	4	5	13	4	4	1	4	5	1	13	4	9	1	6	1	10	1		1	2	11	
113	6	5	16	25	臺北市	萬華區	萬華區桂林路與環河南路2段口	25.03853072	121.4974695	0	0	1	2	6	6	5	4	1	1	4	4	5	13	2	1	5	4	4	2	16	1	11	1	7	1	4	1		1	3	8	
113	6	5	17	0	臺北市	內湖區	內湖區民權東路6段與行愛路口	25.066696	121.5785172	0	0	1	2	6	7	5	4	1	1	4	4	5	13	2	1	1	4	5	2	16	1	5	1	7	2	8	1		1	3	5	
113	6	5	17	22	臺北市	中山區	中山區龍江路46巷與龍江路口	25.0491748	121.5404015	0	0	1	2	6	5	6	4	1	1	4	4	5	13	4	4	9	5	5	2	16	4	5	1	3	1	8	1		1	3	6	
113	6	5	18	2	臺北市	大安區	大安區羅斯福路3段75號	25.0227394	121.5259616	0	0	1	2	6	6	5	14	9	1	4	4	5	13	4	4	1	4	5	2	17	1	1	1	7	1	8	1		1	3	15	14
113	6	5	18	10	臺北市	萬華區	萬華區忠孝西路2段與環河南路1段口	25.0489583	121.5061492	0	0	1	2	7	6	5	3	1	1	4	4	5	13	2	1	5	5	5	2	17	1	5	1	7	1	8	1		1	3	4	
113	6	5	18	14	臺北市	中山區	中山區新生北路2段與民生東路1段口	25.0579713	121.5269607	0	0	1	2	6	7	5	3	1	1	4	4	5	13	4	4	5	4	5	2	17	4	6	1	3	9	8	1		1	3	17	
113	6	5	18	30	臺北市	中正區	中正區汀州路3段174號前	25.0132084	121.534665	0	0	1	3	6	5	5	14	9	1	4	4	5	13	4	4	8	4	5	1	16	1	8	1	5	1	9	1		1	3	12	
113	6	5	18	43	臺北市	信義區	信義區松德路168巷15號	25.03653	121.5722215	0	0	1	2	6	5	5	14	9	1	4	4	5	13	4	4	9	5	5	2	13	1	9	1	7	1	8	1		1	3	5	
113	6	5	18	47	臺北市	信義區	信義區忠孝東路4段547號	25.0413414	121.5618524	0	0	1	3	6	5	5	14	9	1	4	4	5	13	4	4	1	4	5	2	13	1	1	1	7	1	8	1		2	3	17	
113	6	5	18	48	臺北市	萬華區	萬華區萬大路與華中橋口下迴轉道	25.01709725	121.4956962	0	0	1	2	6	5	5	3	1	1	4	4	5	13	4	4	10	5	5	2	16	1	1	1	7	2	2	1		1	3	4	
113	6	5	18	49	臺北市	內湖區	內湖區舊宗路1段30巷與舊宗路1段口	25.05814237	121.580747	0	0	1	2	6	5	5	3	2	1	4	4	5	13	4	4	5	5	5	2	12	1	6	1	7	1	8	1		1	3	5	
113	6	5	19	20	臺北市	文山區	文山區萬和街與萬芳路口	24.9988667	121.568975	0	0	1	2	6	5	5	3	2	1	4	4	5	13	2	1	5	4	5	2	17	4	6	1	3	2	7	1		1	3	4	
113	6	5	19	25	臺北市	大安區	大安區文昌街278巷與文昌街口	25.0321887	121.5565754	0	0	1	2	6	5	5	4	1	1	4	4	5	13	4	4	10	5	5	2	15	4	9	1	3	1	10	1		2	2	12	
113	6	5	19	29	臺北市	中山區	中山區明水路581巷與明水路581巷13弄口	25.0799969	121.5511523	0	0	2	2	6	5	5	4	1	1	4	4	5	13	2	1	5	4	5	2	16	4	5	1	6	1	10	1		1	2	14	
113	6	5	19	59	臺北市	中山區	中山區民權東路2段與建國北路3段口	25.06245766	121.5365932	0	0	1	2	6	5	5	4	2	1	4	4	5	13	2	1	1	4	5	2	13	4	9	1	6	1	10	1		1	2	11	
113	6	5	20	8	臺北市	大安區	大安區辛亥路1段89號	25.02240681	121.5321942	0	0	1	4	6	5	5	14	7	1	4	4	5	13	4	4	10	1	2	2	12	1	9	1	7	1	8	1		1	3	8	
113	6	5	20	17	臺北市	士林區	士林區至善路2段與故宮路口	25.0981705	121.5464094	0	0	1	2	6	5	7	4	2	1	4	4	5	13	1	1	1	4	5	1	17	4	5	1	3	2	8	1		1	3	8	
113	6	5	20	37	臺北市	北投區	北投區中央北路4段469號	25.1286093	121.469506	0	0	1	2	6	5	5	14	9	1	4	4	5	13	1	1	9	4	5	1	14	1	2	1	6	1	10	1		1	3	12	
113	6	5	20	43	臺北市	中山區	中山區復興北路與興安街口	25.0561501	121.5440515	0	0	1	4	6	5	5	4	2	1	4	4	5	13	1	1	1	4	5	2	17	1	9	1	5	1	10	1		2	3	11	
113	6	5	21	0	臺北市	松山區	松山區八德路4段與中坡北路口口	25.0502853	121.5795128	0	0	1	2	6	5	5	4	2	1	4	4	5	13	1	1	5	4	5	2	17	1	15	1	7	2	2	1		1	3	17	
113	6	5	21	8	臺北市	中山區	中山區松江路301號	25.06114577	121.5332937	0	0	1	2	6	5	5	14	9	1	4	4	5	13	4	4	1	4	5	2	13	1	8	1	7	1	4	1		1	3	7	
113	6	5	21	28	臺北市	文山區	文山區興隆路2段220巷31弄與興隆路2段244巷口	25.0001657	121.5531917	0	0	2	2	6	5	5	3	2	1	4	4	5	13	4	4	5	5	5	2	3	1	9	1	6	1	10	1		1	2	11	
113	6	5	21	52	臺北市	大同區	大同區鄭州路與西寧北路口	25.0505876	121.5081864	0	0	1	2	6	5	5	5	1	1	4	4	5	13	2	1	1	4	5	2	13	1	15	1	7	2	8	1		1	3	1	
113	6	5	22	15	臺北市	中山區	中山區民權西路42號	25.0626902	121.52113	0	0	1	2	6	5	5	14	9	1	4	4	5	13	4	4	1	4	5	2	12	1	8	1	7	2	4	1		1	3	3	
113	6	5	22	20	臺北市	大安區	大安區辛亥路1段79號	25.0213638	121.5308049	0	0	1	3	6	5	5	14	8	1	4	4	5	13	4	4	1	4	4	2	12	4	3	1	3	1	8	1		2	3	8	
113	6	5	23	35	臺北市	信義區	信義區吳興街156巷與莊敬路口	25.0294883	121.5622562	0	0	1	2	6	5	5	4	2	1	4	4	5	13	1	1	4	3	4	2	1	4	6	1	3	9	8	1		1	3	8	
113	6	5	23	37	臺北市	萬華區	萬華區西寧南路50巷與昆明街口	25.0444795	121.5052553	0	0	1	3	6	5	5	4	1	1	4	4	5	13	4	4	8	3	5	1	13	1	12	1	7	1	8	1		1	3	1	1
113	6	5	23	45	臺北市	松山區	松山區復興北路與長春路口	25.05456428	121.5442	0	0	1	2	6	5	8	4	18	1	4	4	5	13	2	1	1	4	5	2	3	5	16	8	4	10	20	1		1	2	16	
113	6	5	23	52	臺北市	中山區	中山區市民大道3段1號與新生北路1段口	25.0461288	121.5308138	0	0	1	2	6	5	5	5	1	1	4	4	5	13	1	1	9	4	5	2	17	1	9	1	5	1	10	1		2	2	15	
113	6	6	1	15	臺北市	中山區	中山區市民大道2段99號	25.0462429	121.5304153	0	0	1	2	6	5	5	14	9	1	4	4	5	13	4	4	1	4	5	2	12	1	8	1	7	2	4	1		1	3	6	
113	6	6	2	57	臺北市	萬華區	萬華區中華路1段166號	25.0414041	121.5078498	1	0	0	2	6	5	5	14	8	1	4	4	5	13	4	4	1	4	1	2	13	1	9	1	6	9	8	1		1	1	11	
113	6	6	4	20	臺北市	大同區	大同區延平北路4段與民族西路口	25.068696	121.5109661	0	0	1	2	6	5	5	5	18	1	4	4	5	13	1	1	5	4	5	2	1	1	5	1	7	2	8	1		2	3	8	
113	6	6	5	9	臺北市	松山區	松山區松山路與八德路4段口	25.05004332	121.577753	0	0	1	2	7	5	5	4	1	1	4	4	5	13	2	1	1	1	1	2	13	4	9	6	7	2	8	1		1	3	1	
113	6	6	7	20	臺北市	北投區	北投區大業路452巷與大業路口	25.1313972	121.4962191	0	0	1	2	6	6	5	3	1	1	4	4	5	13	1	1	1	4	5	1	29	1	5	1	5	1	10	1		2	2	14	
113	6	6	7	20	臺北市	北投區	北投區大業路與大度路便道口	25.12235752	121.4992316	0	0	1	2	6	6	5	3	1	1	4	4	5	13	4	4	5	4	5	2	17	1	6	1	7	1	8	1		1	3	5	
113	6	6	7	35	臺北市	士林區	士林區延平北路5段與葫蘆街口	25.08001849	121.5108886	0	0	2	2	6	7	5	3	1	1	4	4	5	13	2	1	1	4	5	1	17	1	11	1	5	2	10	1		1	2	13	
113	6	6	7	49	臺北市	南港區	南港區忠孝東路6段428巷與忠孝東路6段398巷1弄口	25.0499081	121.5933898	0	0	2	2	6	6	5	4	1	1	4	4	5	13	4	4	10	5	5	2	16	1	9	1	5	1	10	1		1	2	11	
113	6	6	7	55	臺北市	內湖區	內湖區港華街17-1號	25.08265003	121.5772533	0	0	2	3	6	6	5	14	9	1	4	4	5	13	4	4	10	5	5	2	3	1	9	1	5	2	10	1		2	2	11	
113	6	6	8	18	臺北市	中正區	中正區重慶南路3段18號	25.02902903	121.5154303	0	0	1	2	6	6	5	14	9	1	4	4	5	13	4	4	1	4	5	1	17	1	7	1	6	1	10	1		2	2	14	
113	6	6	8	25	臺北市	南港區	南港區研究院路2段61巷15號與舊莊街1段3巷1弄口	25.04452916	121.6174032	0	0	1	2	6	7	5	3	1	1	4	4	5	13	4	4	4	3	5	2	17	1	5	1	7	1	8	1		2	3	4	
113	6	6	8	30	臺北市	南港區	南港區重陽路與重陽路166巷口	25.0572594	121.6008358	0	0	1	2	6	6	5	4	1	1	4	4	5	13	2	1	5	5	4	2	18	1	9	1	6	1	10	1		1	2	14	
113	6	6	8	34	臺北市	大同區	大同區民權西路160巷與涼州街口	25.0609646	121.5159036	0	0	1	2	6	6	5	3	2	1	3	4	5	13	4	4	10	5	5	2	17	1	6	1	6	1	10	1		1	3	12	
113	6	6	8	54	臺北市	中山區	中山區北安路47號	25.07746734	121.5285775	0	0	2	3	6	5	5	14	9	1	4	4	5	13	4	4	1	4	5	2	13	4	9	1	3	5	10	1		1	2	14	
113	6	6	9	3	臺北市	信義區	信義區信義快速道路往北	25.0230132	121.5768374	0	0	2	2	6	5	5	14	9	1	4	4	5	13	4	4	10	4	5	2	12	4	8	1	3	1	8	1		1	2	8	
113	6	6	9	5	臺北市	士林區	士林區芝玉路1段88號	25.1047744	121.5357495	0	0	1	2	6	5	5	14	9	1	4	4	5	13	4	4	10	5	5	2	11	1	9	1	7	1	8	1		2	3	8	
113	6	6	9	20	臺北市	大安區	大安區和平東路1段141巷與青田街2巷口	25.0283987	121.5305641	0	0	2	5	6	6	5	4	1	1	4	4	3	10	4	4	10	5	5	1	16	4	5	1	3	1	8	1		1	3	5	
113	6	6	9	24	臺北市	萬華區	萬華區西園路2段與西園路2段320巷口	25.0259709	121.4924765	0	0	3	3	6	5	5	3	1	1	4	4	5	13	2	1	1	3	5	1	15	4	9	3	3	1	18	1		2	2	11	
113	6	6	9	38	臺北市	內湖區	內湖區內湖路2段2030250燈桿	25.08091	121.5855595	0	0	1	2	6	6	6	14	9	1	4	4	3	10	4	4	9	5	5	2	7	1	9	1	6	2	10	1		2	3	11	
113	6	6	9	54	臺北市	中山區	中山區新生高架道與民生東路1段口	25.05801269	121.5276898	0	0	1	2	8	5	5	14	7	1	5	4	5	13	4	4	1	4	5	2	17	4	9	1	3	1	8	1		1	2	4	
113	6	6	10	18	臺北市	大安區	大安區忠孝東路3段8號對面	25.042294	121.5337865	0	0	1	2	6	5	5	14	9	1	4	4	5	13	4	4	1	4	5	2	17	1	8	1	6	1	10	1		2	3	17	
113	6	6	10	20	臺北市	大安區	大安區市民高架道往東(光復南路上方)	25.04514314	121.5577648	0	0	1	2	6	6	5	10	9	1	4	4	5	13	4	4	9	4	5	1	13	4	9	3	3	1	18	1		1	3	1	
113	6	6	10	50	臺北市	中山區	中山區大直街96號	25.0841828	121.5477384	0	0	1	2	6	7	5	14	9	1	4	4	5	13	4	4	9	5	5	2	12	1	9	1	6	1	10	1		1	2	14	
113	6	6	10	50	臺北市	內湖區	內湖區成功路2段456巷3號	25.07360424	121.5875925	0	0	1	2	6	6	5	12	9	5	4	4	5	13	4	4	10	5	5	2	10	1	9	1	6	1	10	1		2	2	11	
113	6	6	10	57	臺北市	中山區	中山區長安東路1段20號	25.04920517	121.5242089	0	0	1	2	6	6	5	14	9	1	4	4	5	13	4	4	5	4	5	2	18	4	9	1	6	1	10	1		3	2	17	
113	6	6	11	18	臺北市	大安區	大安區金山南路2段與金華街口	25.0302228	121.5264925	0	0	1	2	6	5	5	4	1	1	4	4	5	13	1	1	1	3	5	2	17	1	5	1	7	2	4	1		1	3	2	
113	6	6	11	18	臺北市	松山區	松山區市民大道4段與八德路3段8巷口	25.04487337	121.5496726	0	0	1	2	6	7	5	3	2	1	4	4	5	13	4	4	1	4	5	2	17	1	6	1	7	1	8	1		1	3	17	
113	6	6	11	25	臺北市	信義區	信義區永吉路427號	25.0455397	121.5774889	0	0	1	3	6	7	5	14	8	1	4	4	5	13	4	4	1	4	4	2	13	4	9	1	3	1	10	1		1	3	14	
113	6	6	11	50	臺北市	大安區	大安區忠孝東路3段與建國南路1段口	25.0418489	121.5370057	0	0	2	3	6	6	5	4	1	1	4	4	5	13	2	1	1	4	5	2	13	1	9	3	6	1	18	1		1	2	11	
113	6	6	12	3	臺北市	松山區	松山區南京東路5段與三民路口	25.0513386	121.5637622	0	0	1	2	7	7	5	4	1	1	5	4	5	13	2	1	1	4	5	2	12	1	7	1	7	1	4	1		1	2	4	
113	6	6	12	7	臺北市	中正區	中正區金山南路1段65號	25.0379469	121.5282859	0	0	1	3	8	6	5	14	9	1	4	4	5	13	2	1	3	4	5	2	17	1	8	1	7	1	8	1		1	3	17	
113	6	6	12	7	臺北市	北投區	北投區大度路與洲美快速道路口下閘道口	25.1215114	121.4938426	0	0	1	5	6	6	5	3	1	1	4	4	5	13	1	1	3	4	5	1	13	1	9	1	7	1	1	1		1	3	1	1
113	6	6	12	29	臺北市	大安區	大安區師大路24號	25.0253475	121.528393	0	0	2	2	7	6	5	14	9	1	5	4	5	13	4	4	9	4	5	1	16	1	5	1	5	1	10	1		1	2	14	
113	6	6	13	16	臺北市	松山區	松山區民生東路5段36巷與光復北路165巷口	25.0573731	121.5570786	0	0	1	2	6	7	5	3	1	1	4	4	5	13	4	4	5	4	5	2	17	1	5	1	7	1	8	1		1	3	8	
113	6	6	13	24	臺北市	中山區	中山區松江路與松江路581巷口口	25.0700898	121.533743	0	0	1	3	6	7	5	3	3	1	4	4	5	13	4	4	10	5	5	2	17	1	6	1	7	9	4	1		1	3	17	
113	6	6	13	36	臺北市	士林區	士林區至善路2段與故宮路口	25.0981107	121.5465992	0	0	2	3	6	6	5	4	2	1	4	4	5	13	2	1	1	4	4	1	17	1	5	1	6	1	10	1		1	2	12	
113	6	6	13	45	臺北市	大安區	大安區忠孝東路4段223巷與延吉街62巷口	25.0434317	121.5530241	0	0	1	2	7	5	5	4	1	1	4	4	5	13	4	4	10	4	5	2	11	1	9	1	7	1	4	1		1	3	1	
113	6	6	13	51	臺北市	大安區	大安區光復南路676巷與通化街39巷62弄口	25.0306539	121.5561666	0	0	1	2	6	6	5	4	1	1	4	4	5	13	4	4	10	5	5	2	15	1	9	1	6	1	10	1		2	2	12	
113	6	6	13	53	臺北市	士林區	士林區德行東路129巷與德行東路口	25.1079397	121.5290775	0	0	2	3	6	6	5	4	1	1	4	4	5	13	4	4	5	5	5	2	15	4	9	1	3	2	8	1		1	3	2	
113	6	6	14	14	臺北市	信義區	信義區嘉興街127巷與信安街口	25.0286752	121.5582745	0	0	2	2	6	7	6	3	1	1	4	4	5	13	1	1	9	5	5	2	16	4	5	1	3	1	10	1		2	2	11	
113	6	6	14	30	臺北市	萬華區	萬華區東園街與東園街14巷口	25.0278753	121.4955885	0	0	1	3	6	7	5	3	1	1	4	4	5	13	4	4	4	1	5	2	15	1	1	1	6	2	8	1		2	2	12	
113	6	6	14	36	臺北市	內湖區	內湖區洲子街與瑞光路393巷口	25.0789727	121.5734467	0	0	1	2	6	6	6	4	2	1	4	4	5	13	2	1	5	4	5	2	12	1	10	1	6	1	10	1		2	2	14	
113	6	6	14	56	臺北市	士林區	士林區士林橋上橋處	25.0976111	121.5239717	0	0	1	2	6	5	5	8	9	1	4	4	5	13	4	4	4	4	4	1	17	1	12	1	5	1	10	1		1	3	17	
113	6	6	15	15	臺北市	南港區	南港區重陽路與興華路口	25.05780574	121.6051713	0	0	1	2	6	7	5	5	2	1	4	4	5	13	1	1	4	3	4	2	12	1	8	1	7	1	8	1		2	3	2	
113	6	6	16	4	臺北市	大安區	大安區市民大道4段與無名巷口	25.0443926	121.5546697	0	0	1	3	6	5	5	3	2	1	4	4	3	13	4	4	1	4	5	1	17	4	9	1	6	2	8	1		2	2	12	
113	6	6	16	8	臺北市	大安區	大安區敦化南路1段172號	25.0430873	121.5486149	0	0	1	4	6	6	5	14	9	1	4	4	3	10	4	4	1	4	5	2	17	1	14	1	7	1	4	1		1	3	2	12
113	6	6	16	25	臺北市	中正區	中正區衡陽路與延平南路口	25.0421474	121.509613	0	0	1	2	6	6	5	4	1	1	4	4	5	13	1	1	10	4	5	2	16	1	9	1	7	2	4	1		1	3	5	
113	6	6	16	30	臺北市	中山區	中山區南京東路2段與吉林路口	25.052145	121.5300843	0	0	1	2	6	6	5	4	1	1	4	4	5	13	1	1	3	4	4	2	13	1	9	1	5	1	10	1		2	2	11	12
113	6	6	17	15	臺北市	信義區	信義區基隆路2段與嘉興街口	25.0304797	121.5579302	0	0	3	4	6	7	5	3	1	1	4	4	5	13	4	4	1	4	5	2	17	4	14	1	3	1	10	1		1	3	17	
113	6	6	17	17	臺北市	北投區	北投區西安街1段與文林北路80巷口	25.1071106	121.5203506	0	0	1	2	8	6	5	3	1	1	4	4	5	13	4	4	10	5	5	2	9	1	2	1	7	9	2	1		1	3	7	
113	6	6	17	42	臺北市	信義區	信義區永吉路30巷157弄與永吉路30巷口	25.0423417	121.5687597	0	0	1	2	6	6	5	4	2	1	4	4	5	13	4	4	9	4	5	2	17	1	5	1	6	1	10	1		2	3	17	
113	6	6	17	46	臺北市	南港區	南港區南港路2段與成功路1段口	25.0545309	121.5936369	0	0	1	3	7	5	5	3	2	1	4	4	5	13	2	1	5	4	5	2	13	1	9	1	5	1	10	1		1	2	14	
113	6	6	17	51	臺北市	信義區	信義區忠孝東路5段661號	25.0418619	121.5795565	0	0	1	2	6	5	5	14	9	1	4	4	5	13	4	4	1	4	5	2	17	1	9	1	6	1	10	1		1	2	15	
113	6	6	18	5	臺北市	大安區	大安區新生南路1段與新生南路1段139巷口	25.0367374	121.5329117	0	0	2	5	6	7	5	14	9	1	4	4	5	13	2	1	3	5	5	2	13	1	9	1	6	1	10	1		1	2	11	
113	6	6	18	14	臺北市	文山區	文山區木新路3段143號	24.9820464	121.5623007	0	0	1	2	6	5	5	14	9	1	4	4	5	13	4	4	5	4	5	2	12	4	1	1	5	1	10	1		1	3	17	
113	6	6	18	16	臺北市	萬華區	萬華區環河南路1段與武昌街2段口	25.04576584	121.5026012	0	0	3	3	6	5	5	4	1	1	4	4	5	13	1	1	5	4	5	2	15	4	9	1	5	1	10	1		1	2	11	
113	6	6	18	18	臺北市	中正區	中正區汀州路2段與汀州路2段127巷口	25.024982	121.5195201	0	0	1	3	6	5	5	3	2	1	4	4	5	13	4	4	9	4	5	2	16	1	6	1	5	1	10	1		1	3	12	
113	6	6	18	18	臺北市	內湖區	內湖區瑞湖街58號前	25.07420601	121.5757966	0	0	2	2	6	5	5	11	9	1	4	4	5	13	4	4	9	5	5	2	3	5	16	8	4	10	20	1		2	2	16	
113	6	6	18	20	臺北市	松山區	松山區民生東路3段與民生東路3段140巷口	25.05765194	121.5473391	0	0	1	2	6	5	5	3	2	1	4	4	5	13	4	4	9	4	5	1	17	1	6	1	6	1	10	1		1	2	11	
113	6	6	19	0	臺北市	萬華區	萬華區西園路2段與西園路2段50巷4弄口	25.02948774	121.4955335	0	0	2	2	7	5	5	4	1	1	4	4	5	13	1	1	8	3	5	2	16	4	8	1	3	1	10	1		1	2	12	
113	6	6	19	59	臺北市	信義區	信義區基隆路2段與嘉興街口口	25.0326286	121.5592269	0	0	1	2	7	6	5	3	2	1	4	4	5	13	4	4	1	4	5	2	17	1	6	1	7	1	4	1		1	3	17	
113	6	6	20	15	臺北市	大同區	大同區承德路2段與民生西路口	25.05737478	121.5182873	0	0	1	2	6	5	5	4	2	1	4	4	5	13	1	1	5	4	5	2	12	1	9	1	7	1	4	1		1	3	5	
113	6	6	20	40	臺北市	士林區	士林區中山北路5段北往南(209燈桿)	25.08646729	121.5258883	0	0	1	2	6	5	5	14	9	1	4	4	5	13	4	4	10	5	5	1	17	1	9	1	7	2	2	1		1	3	2	
113	6	6	21	40	臺北市	松山區	松山區復興北路與敦化北路4巷口	25.05018532	121.5441441	0	0	1	2	7	5	5	3	1	1	4	4	5	13	2	1	1	4	5	2	16	4	6	1	7	1	8	1		1	3	2	
113	6	6	23	33	臺北市	士林區	士林區至善路1段東吳大學(錢穆故居)	25.08679911	121.5179658	0	0	1	2	6	5	5	14	9	1	4	4	5	13	4	4	1	4	5	2	9	1	1	1	7	9	2	1		1	3	17	
113	6	7	0	48	臺北市	士林區	士林區承德橋NO.7010617燈桿	25.079961	121.5218943	0	0	2	2	7	5	5	14	11	1	4	4	5	13	4	4	4	4	4	1	13	1	9	1	5	1	10	1		1	2	11	
113	6	7	1	35	臺北市	中山區	中山區長安東路1段與長安東路1段65巷口	25.04853963	121.5274865	0	0	1	2	7	5	5	3	1	1	5	4	5	13	4	4	5	4	5	2	12	4	11	1	3	2	8	1		1	3	4	
113	6	7	6	8	臺北市	中山區	中山區通北街165巷	25.0852188	121.5377363	0	0	1	2	7	6	5	11	9	1	5	4	5	13	4	4	10	5	5	1	2	4	6	1	3	1	10	1		1	3	17	
113	6	7	6	8	臺北市	文山區	興隆路2段244巷12號	25.0001802	121.5534475	0	0	1	2	7	6	5	3	18	1	5	4	5	13	4	4	5	5	5	2	9	1	6	3	7	2	18	1		1	3	1	
113	6	7	7	55	臺北市	大安區	大安區新生南路1段與八德路2段口	25.0443629	121.5330527	0	0	1	2	7	6	5	4	1	1	5	4	5	13	2	1	3	4	5	1	12	4	8	1	6	2	11	1		2	2	12	
113	6	7	8	0	臺北市	文山區	文山區福和橋(西向東，近汀州路口)	25.01058495	121.5356659	0	0	1	2	7	6	5	14	11	1	5	4	5	13	4	4	1	4	1	1	12	1	7	3	6	2	18	1		2	2	14	
113	6	7	8	15	臺北市	內湖區	內湖區新明路246巷3弄18號	25.0573154	121.5841721	0	0	2	2	7	6	6	14	9	1	4	4	5	13	4	4	10	5	5	2	17	1	1	1	6	1	10	1		2	2	11	
113	6	7	8	25	臺北市	士林區	士林區仰德大道1段與仰德大道1段42巷口	25.1032348	121.5370911	0	0	3	3	7	7	5	3	1	1	5	4	5	13	3	1	5	5	5	1	12	1	1	1	5	1	10	1		1	2	14	
113	6	7	8	26	臺北市	信義區	信義區松仁路36號	25.0386974	121.5683341	0	0	2	3	7	6	5	14	9	1	5	4	5	13	4	4	3	4	5	2	12	1	9	1	5	1	10	1		1	2	14	
113	6	7	8	33	臺北市	文山區	文山區萬美街1段與萬和街口口	25.001853	121.5669433	0	0	1	2	7	6	5	3	2	1	5	4	5	13	2	1	5	5	5	2	16	1	11	1	7	1	8	1		1	3	4	
113	6	7	8	36	臺北市	北投區	北投區大業路與中央北路2段口	25.1361287	121.4971907	0	0	1	2	8	6	5	4	2	1	5	4	5	13	1	1	5	4	5	1	17	1	5	1	7	2	8	1		1	3	1	
113	6	7	9	9	臺北市	信義區	信義區逸仙路38號	25.0399834	121.5615097	0	0	1	2	7	5	5	14	9	1	5	4	5	13	4	4	5	4	5	1	3	1	9	1	7	1	8	1		1	3	8	
113	6	7	9	10	臺北市	士林區	士林區士林橋7010085燈桿	25.09891194	121.5235652	0	0	1	2	7	7	8	22	22	1	5	4	5	13	4	4	5	5	4	2	17	4	8	1	3	1	4	1		1	3	2	
113	6	7	9	43	臺北市	信義區	信義區松德路與松德路118巷口	25.0375214	121.5748176	0	0	1	2	8	6	5	4	1	1	5	4	5	13	1	1	1	4	4	2	16	4	6	1	3	2	8	1		1	3	2	