年	月	日	時	分	縣市	行政區	allLocation	GoogleLat	GoogleLng	死	2-30	受傷	當事人數	天候	道路照明設備	道路類別	道路型態	事故位置	路面狀況1	路面狀況2	路面狀況3	道路障礙1	道路障礙2	號誌1	號誌2	車道劃分-分向	車道劃分-分道1	車道劃分-分道2	車道劃分-分道3	事故類型及型態	行動電話	當事者行動狀態	駕駛資格情形	保護裝置	飲酒情形	駕駛執照種類	個人肇逃否	肇因碼-主要	性別	受傷程度	車輛撞擊部位1	車輛撞擊部位2
113	6	7	9	49	臺北市	萬華區	萬華區堤外便道與桂林路口水門口	25.0390497	121.4958675	0	0	1	2	8	6	5	5	1	1	5	4	5	13	1	1	8	3	5	1	17	1	1	1	5	1	10	1		1	3	14	
113	6	7	9	54	臺北市	萬華區	萬華區艋舺大道與西藏路口	25.02896379	121.4915004	0	0	1	2	8	5	8	22	22	1	5	4	5	13	1	1	10	5	5	2	17	4	7	1	3	1	10	1		1	2	14	
113	6	7	10	11	臺北市	中正區	中正區福州街11-7號	25.0292338	121.5192483	0	0	2	2	8	7	5	14	9	1	5	4	5	13	4	4	9	5	5	2	17	1	11	1	5	1	10	1		1	2	12	
113	6	7	10	49	臺北市	北投區	北投區秀山路與稻香路口	25.1421337	121.4902439	0	0	1	2	8	6	5	4	2	1	5	4	5	13	3	1	5	5	5	1	3	1	6	1	7	2	6	1		1	3	1	
113	6	7	11	47	臺北市	文山區	文山區木新路2段61號旁	24.9859597	121.570686	0	0	1	2	7	6	5	14	9	1	5	4	5	13	4	4	5	4	5	2	1	1	1	1	7	2	8	1		1	3	8	
113	6	7	12	24	臺北市	中正區	中正區愛國西路與博愛路口	25.03597724	121.5108146	0	0	3	3	8	6	5	4	2	1	5	4	5	13	2	1	1	4	5	2	16	1	6	1	6	1	10	1		1	2	12	
113	6	7	12	45	臺北市	中山區	中山區北安路630巷與北安路630巷25弄口	25.0827205	121.5503072	0	0	1	2	8	7	5	4	1	1	5	4	5	13	1	1	5	4	5	2	17	4	9	1	3	1	10	1		1	2	14	
113	6	7	12	49	臺北市	內湖區	內湖區新明路與南京東路6段368巷口	25.0580124	121.587156	0	0	1	2	8	7	5	3	1	1	5	4	5	13	1	1	5	4	5	2	16	1	5	1	7	1	8	1		2	3	2	
113	6	7	13	2	臺北市	萬華區	萬華區西園路1段145號前(艋舺公園地下停車場前)	25.03611494	121.4994212	0	0	1	2	8	5	8	22	22	1	5	4	5	13	4	4	10	5	5	2	17	4	6	1	3	1	8	1		1	3	5	
113	6	7	13	15	臺北市	中山區	中山區建國北路2段7號	25.0530194	121.5370706	0	0	1	2	7	6	6	14	9	1	5	4	5	13	4	4	1	4	5	2	12	1	7	1	7	1	8	1		2	3	2	
113	6	7	13	18	臺北市	北投區	北投區承德路7段301號	25.1167856	121.5042796	0	0	1	2	7	5	5	14	9	1	5	4	5	13	4	4	1	4	5	2	12	4	1	1	3	2	10	1		2	2	14	
113	6	7	13	55	臺北市	信義區	信義區松信路103巷8號	25.0252154	121.5576779	0	0	1	2	7	6	5	14	9	1	5	4	5	13	4	4	9	4	5	2	16	1	6	1	7	1	8	1		1	3	6	
113	6	7	14	20	臺北市	大同區	大同區昌吉街與伊寧街9巷口	25.0659732	121.5129794	0	0	1	2	7	6	5	4	1	1	5	4	5	13	4	4	8	4	5	2	16	4	5	1	3	1	8	1		1	3	6	
113	6	7	14	26	臺北市	北投區	北投區知行路3015033燈桿關渡碼頭	25.1210642	121.4623363	0	0	2	2	8	5	5	14	9	1	5	4	5	13	4	4	9	4	5	2	16	1	5	1	5	2	10	1		1	2	13	
113	6	7	14	47	臺北市	中山區	中山區長春路258巷與龍江路120巷口	25.0534453	121.5390582	0	0	2	3	8	6	5	4	1	1	5	4	5	13	4	4	10	5	5	2	16	4	5	1	6	1	10	1		1	3	14	
113	6	7	15	5	臺北市	萬華區	萬華區桂林路與環河南路2段口	25.0385607	121.4975164	0	0	1	2	7	7	5	4	2	1	5	4	5	13	1	1	9	4	5	2	13	1	1	1	7	1	8	1		1	3	5	
113	6	7	15	10	臺北市	南港區	南港區研究院路1段與研究院路1段101巷口	25.0519391	121.6161341	0	0	2	3	7	5	5	4	1	1	5	4	5	12	2	1	1	4	5	2	16	4	5	1	3	2	8	1		1	2	1	
113	6	7	15	14	臺北市	大安區	大安區仁愛路4段與復興南路1段口	25.0378016	121.5438657	0	0	1	2	8	6	5	4	2	1	5	4	5	13	2	1	1	4	5	1	12	4	8	1	6	2	9	1		1	2	13	
113	6	7	15	32	臺北市	中正區	中正區忠孝東路1段行政院前	25.04538763	121.5212668	0	0	1	2	7	6	5	14	7	1	5	4	5	13	4	4	1	4	4	2	12	1	9	1	7	1	7	1		1	3	16	
113	6	7	15	45	臺北市	中山區	中山區吉林路與松江路108巷口	25.05146001	121.5301347	0	0	1	2	7	7	5	4	1	1	5	4	5	13	4	4	5	4	5	2	16	4	9	1	6	2	10	1		1	2	14	
113	6	7	15	52	臺北市	內湖區	內湖區成功路2段與國道一號口北上匝道入口	25.06516822	121.5906519	0	0	1	2	7	6	5	4	1	1	5	4	5	13	1	1	1	4	5	2	16	1	6	1	7	1	8	1		1	3	2	
113	6	7	15	58	臺北市	士林區	士林區仰德大道2段11巷與仰德大道2段口	25.1034667	121.5417471	0	0	2	2	8	6	5	3	1	1	5	4	5	13	4	4	4	5	5	1	17	1	5	1	6	1	10	1		1	2	12	
113	6	7	16	12	臺北市	士林區	士林區至誠路1段與至誠路1段136巷口	25.1014708	121.5348956	0	0	1	2	8	5	5	4	1	1	5	4	5	13	4	4	5	5	5	2	16	4	5	1	3	1	8	1		2	3	1	
113	6	7	16	15	臺北市	中山區	中山區北安路與崇實路口	25.0797508	121.5443606	0	0	1	2	8	5	5	4	1	1	5	4	5	13	1	1	1	4	5	2	15	1	9	1	6	2	10	1		1	2	12	
113	6	7	16	30	臺北市	大安區	大安區信義路4段與信義路4段265巷口	25.0332408	121.5542963	0	0	1	3	7	6	5	4	1	1	5	4	5	13	2	1	10	5	5	1	17	1	5	1	5	1	10	1		1	3	14	
113	6	7	16	39	臺北市	內湖區	內湖區成功路4段與金湖路口	25.0842919	121.595123	0	0	1	2	7	6	5	4	1	1	5	4	5	13	2	1	3	4	5	2	12	4	9	1	3	2	8	1		2	3	4	
113	6	7	16	40	臺北市	內湖區	內湖區新明路262巷與新明路口	25.05652656	121.5833136	0	0	1	2	8	7	5	3	1	1	5	4	5	13	4	4	5	4	4	2	16	1	5	1	7	1	8	1		1	3	5	
113	6	7	16	42	臺北市	大同區	大同區重慶北路3段與民權西路口	25.0631266	121.5139801	0	0	2	4	7	6	5	4	2	1	5	4	5	13	1	1	1	4	5	2	17	1	9	1	5	1	10	1		2	3	11	
113	6	7	16	46	臺北市	中正區	中正區重慶南路2段與重慶南路2段6巷口	25.0343327	121.5129804	0	0	2	2	8	6	5	3	1	1	5	4	5	13	3	1	1	4	5	2	13	1	9	1	5	1	10	1		1	2	11	
113	6	7	17	5	臺北市	大安區	大安區辛亥路2段與建國南路2段口	25.0222156	121.5382974	0	0	1	2	8	6	5	4	2	1	5	4	5	13	2	1	1	4	4	1	13	4	9	1	3	2	8	1		1	3	1	
113	6	7	17	20	臺北市	南港區	南港區經貿二路255巷與經貿二路口	25.0615049	121.6141877	0	0	1	2	7	5	5	3	1	1	5	4	5	13	4	4	10	4	5	2	13	3	9	1	6	2	9	1		1	2	11	
113	6	7	17	50	臺北市	士林區	士林區社子大橋下龍舟碼頭	25.11167321	121.4942668	0	0	1	2	8	7	8	22	22	4	5	4	5	13	4	4	10	5	5	2	29	1	9	8	2	1	20	1		1	2	12	
113	6	7	17	55	臺北市	文山區	文山區羅斯福路4段與基隆路4段口	25.0107171	121.5370597	0	0	1	2	8	6	5	4	2	1	5	4	5	13	2	1	1	4	5	2	17	1	9	1	7	1	8	1		2	3	5	
113	6	7	18	0	臺北市	北投區	北投區立賢路與五分產業道路口	25.11352789	121.5014844	0	0	1	2	7	6	5	3	1	1	5	4	5	13	4	4	10	5	5	2	15	1	15	1	5	1	10	1		1	3	11	
113	6	7	18	7	臺北市	大同區	大同區太原路94號	25.0523777	121.515739	0	0	1	2	7	5	5	14	9	1	5	4	5	13	4	4	9	4	5	2	17	1	9	1	7	1	8	1		1	3	15	
113	6	7	18	14	臺北市	北投區	北投區中央北路2段與文化三路口	25.1364666	121.4963257	0	0	1	3	8	5	5	3	2	1	5	4	5	13	4	4	5	4	4	2	12	1	7	1	7	2	8	1		1	3	4	
113	6	7	18	45	臺北市	松山區	松山區健康路84號	25.05344708	121.5544519	0	0	2	3	8	5	5	14	9	1	5	4	5	13	4	4	9	4	5	2	17	4	5	1	6	1	10	1		2	2	11	
113	6	7	18	58	臺北市	萬華區	萬華區東園街68-3號	25.0257158	121.4965329	0	0	2	4	7	5	5	14	9	1	5	4	5	13	4	4	9	4	5	2	17	1	5	1	5	1	10	1		1	2	12	14
113	6	7	19	43	臺北市	大安區	大安區基隆路2段與通化街171巷口	25.0275776	121.556132	0	0	1	2	8	5	5	4	1	1	5	4	5	13	2	1	1	4	5	2	13	1	9	1	5	1	10	1		1	2	11	
113	6	7	20	13	臺北市	中山區	中山區復興北路508號	25.06596953	121.544228	0	0	2	2	7	5	5	14	9	1	5	4	5	13	4	4	1	3	5	1	12	1	8	1	5	1	10	1		1	2	12	
113	6	7	20	55	臺北市	萬華區	萬華區中華路2段與艋舺大道口	25.03327689	121.5022179	0	0	1	2	8	5	6	3	4	1	5	4	5	13	1	1	1	4	4	2	13	4	21	7	3	11	19	2		4	2	11	
113	6	7	21	0	臺北市	內湖區	內湖區環山路2段與環山路2段29巷口	25.08564835	121.572886	0	0	2	2	8	5	5	3	2	1	5	4	5	13	1	1	5	5	5	2	17	1	5	1	5	1	10	1		1	2	11	
113	6	7	21	20	臺北市	中正區	中正區和平西路1段與牯嶺街口	25.0265008	121.5191506	0	0	1	2	8	5	5	4	1	1	5	4	5	13	2	1	1	4	5	2	12	1	8	1	7	1	4	1		1	3	2	
113	6	7	21	23	臺北市	萬華區	萬華區環河快速道路(二層接三層匝道口)	25.04711553	121.5041772	0	0	1	2	8	5	5	14	7	1	5	4	5	13	4	4	10	1	5	2	17	1	8	1	7	1	4	1		1	3	7	
113	6	7	21	37	臺北市	內湖區	內湖區金龍路與內湖路3段口	25.0850797	121.593076	0	0	1	2	8	5	5	4	2	1	5	4	5	13	2	1	5	4	5	2	16	1	5	1	7	2	8	1		2	3	6	
113	6	7	21	37	臺北市	大同區	大同區承德路3段與民族西路口	25.0685877	121.5181079	0	0	2	2	8	5	5	5	1	1	5	4	5	13	2	1	5	4	5	2	13	1	9	1	6	1	10	1		1	2	14	
113	6	7	23	10	臺北市	中正區	中正區中華路1段55號	25.0427145	121.508636	0	0	1	3	8	5	5	14	9	1	5	4	5	13	4	4	1	4	5	2	17	1	1	6	7	2	1	1		1	3	8	
113	6	7	23	21	臺北市	內湖區	內湖區南京東路6段與行善路59巷口	25.0564005	121.5794771	0	0	1	2	8	5	5	4	1	1	5	4	5	13	2	1	1	4	5	2	15	1	9	1	3	2	8	1		1	3	4	
113	6	7	23	50	臺北市	大同區	大同區重慶北路2段與民生西路口	25.05703277	121.5137999	0	0	1	2	8	5	5	4	1	1	5	4	1	13	1	1	5	4	5	2	16	1	5	1	7	2	8	1		1	3	5	
113	6	8	1	5	臺北市	中山區	中山區林森北路85巷與長安東路1段77巷口	25.0489533	121.528326	0	0	1	2	8	5	5	3	1	1	5	4	5	13	4	4	10	5	5	2	17	1	6	1	7	1	8	1		1	3	1	
113	6	8	6	6	臺北市	中正區	中正區羅斯福路3段286巷與羅斯福路3段316巷口	25.0157992	121.5324497	0	0	1	2	8	5	5	4	1	1	5	4	5	13	4	4	10	5	5	2	17	1	12	1	5	2	10	1		1	3	17	
113	6	8	6	31	臺北市	大安區	大安區新生南路1段137巷與新生南路1段口	25.0370676	121.5329148	0	0	1	2	8	6	5	3	1	1	5	4	5	13	4	4	10	5	5	2	15	1	15	1	6	1	10	1		1	3	14	
113	6	8	8	35	臺北市	內湖區	內湖區南京東路6段西往東(P204橋墩)	25.06072446	121.5883597	0	0	2	4	8	6	5	14	9	1	5	4	1	13	4	4	1	4	5	2	20	1	9	1	7	2	8	1		2	3	5	
113	6	8	9	29	臺北市	士林區	士林區文林路與雙溪街口	25.09968597	121.5233974	0	0	2	2	8	6	5	5	1	1	5	4	5	13	1	1	5	5	4	2	16	1	5	3	5	1	18	1		2	2	12	
113	6	8	9	30	臺北市	南港區	南港區東新街80巷10弄2號	25.04571	121.5869889	0	0	1	2	7	5	5	14	9	1	5	4	5	13	4	4	10	5	5	2	2	4	9	1	3	2	10	1		2	3	11	
113	6	8	10	45	臺北市	內湖區	內湖區金豐街與金莊路口	25.06532583	121.5876761	0	0	1	2	8	6	5	4	1	1	5	4	5	13	2	1	5	5	5	2	17	1	6	1	7	1	6	1		1	3	2	
113	6	8	10	46	臺北市	士林區	士林區中山北路5段與中正路口	25.0959604	121.5279488	0	0	1	2	8	7	5	4	1	1	5	4	5	13	1	1	3	3	5	1	17	4	5	1	3	1	8	1		1	3	1	
113	6	8	11	18	臺北市	大安區	大安區基隆路2段與樂業街口	25.0222292	121.5501411	0	0	1	2	8	5	5	14	9	1	5	4	5	13	2	1	8	3	5	1	13	1	9	1	7	1	8	1		1	3	1	
113	6	8	11	55	臺北市	內湖區	內湖區內湖路2段314號前	25.0811627	121.5879697	0	0	2	3	8	5	5	14	9	1	5	4	5	13	4	4	10	5	5	2	16	1	11	1	7	2	8	1		1	3	7	
113	6	8	12	7	臺北市	大同區	大同區重慶北路3段與民權西路口	25.0632299	121.5135415	0	0	2	2	7	6	5	4	2	1	5	4	5	13	1	1	1	4	5	2	17	1	9	1	5	1	10	1		1	2	11	
113	6	8	12	25	臺北市	大安區	大安區基隆路4段台灣大學公館平面停車場出入口	25.012112	121.5368105	0	0	2	3	8	6	5	14	8	1	5	4	5	13	4	4	1	4	4	2	16	4	6	1	3	1	10	1		1	3	5	
113	6	8	12	38	臺北市	中正區	中正區中山南路與凱達格蘭大道口	25.0391471	121.517254	0	0	1	3	8	6	5	5	1	1	5	4	5	13	1	1	10	4	5	2	16	4	15	1	6	11	10	1		2	3	11	
113	6	8	12	50	臺北市	萬華區	萬華區桂林路與西園路1段口	25.03842808	121.4997976	0	0	2	2	8	6	5	4	1	1	5	4	5	13	2	1	5	4	4	2	16	1	5	1	6	1	10	1		1	2	11	
113	6	8	12	53	臺北市	文山區	文山區木新路3段172巷與忠順街1段26巷27弄口口	24.9822508	121.5606035	0	0	1	2	8	6	5	4	1	1	5	4	5	13	4	4	10	5	5	2	15	1	9	8	4	1	20	1		1	2	14	
113	6	8	13	0	臺北市	士林區	士林區百齡左岸河濱公園074燈桿	25.0857894	121.5126685	0	0	1	3	8	5	5	14	9	1	5	4	5	13	4	4	5	5	5	2	13	1	9	1	6	1	10	1		1	2	11	
113	6	8	13	6	臺北市	大安區	大安區基隆路2段與光復南路口	25.0294948	121.5573518	0	0	1	2	8	6	5	3	1	1	5	4	5	13	1	1	1	3	5	2	12	1	9	1	6	1	10	1		2	2	15	
113	6	8	13	29	臺北市	萬華區	萬華區中華路1段166號前	25.04140407	121.507902	0	0	2	4	8	5	8	22	22	1	5	4	5	13	4	4	10	5	5	2	13	4	9	1	3	1	10	1		1	3	11	
113	6	8	13	38	臺北市	大同區	大同區承德路1段與鄭州路口	25.0487714	121.5164098	0	0	1	2	7	6	5	4	1	1	5	4	5	13	1	1	1	4	5	2	17	1	5	1	7	1	8	1		1	3	4	
113	6	8	13	41	臺北市	中山區	中山區北安路與劍南路口劍南路2號出口	25.0848545	121.5556427	0	0	1	2	8	5	6	14	9	1	5	4	5	13	4	4	1	4	4	2	11	4	10	1	3	1	4	1		1	3	5	
113	6	8	14	3	臺北市	萬華區	萬華區青年路與青年路168巷口	25.02104816	121.5027077	0	0	1	2	8	5	5	3	1	1	5	4	5	13	4	4	9	2	5	2	17	4	5	1	6	1	10	1		2	2	14	
113	6	8	14	40	臺北市	內湖區	內湖區康寧路3段與安康路口	25.06485515	121.6110572	0	0	1	2	8	6	5	4	1	1	5	4	5	13	1	1	1	5	5	2	16	1	6	1	7	2	8	1		1	3	2	
113	6	8	14	41	臺北市	萬華區	萬華區堤外便道南往北（桂林-市民）	25.04625806	121.5029649	0	0	2	2	7	7	7	14	11	1	5	4	5	13	3	1	2	3	5	2	13	1	9	1	5	9	10	1		2	2	11	
113	6	8	16	1	臺北市	中山區	中山區北安路與明水路口	25.0858248	121.552746	0	0	1	2	7	7	5	4	2	1	5	4	5	13	1	1	1	5	5	2	16	1	15	3	5	1	18	1		1	3	12	
113	6	8	16	58	臺北市	中正區	中正區重慶南路3段62號	25.0264589	121.5161092	0	0	1	2	8	6	5	14	9	1	5	4	5	13	4	4	3	4	5	2	13	1	9	1	6	2	10	1		2	2	11	
113	6	8	17	0	臺北市	大同區	大同區鄭州路與重慶北路1段口	25.0495365	121.5134675	0	0	1	2	8	5	5	5	2	1	5	4	5	13	2	1	1	4	5	2	17	4	9	1	3	1	10	1		1	2	11	
113	6	8	17	17	臺北市	中山區	中山區中山北路3段與北安路口	25.0764596	121.5269681	0	0	2	3	7	7	5	14	9	1	5	4	5	13	1	1	1	3	5	1	12	1	8	1	7	1	8	1		1	3	2	
113	6	8	17	25	臺北市	內湖區	內湖區瑞光路245號	25.07451809	121.5779674	0	0	1	3	8	6	5	14	9	1	5	4	5	13	4	4	5	4	5	2	17	1	9	1	6	1	10	1		1	2	11	
113	6	8	17	42	臺北市	北投區	北投區西安街1段357號	25.1136592	121.5158678	0	0	2	2	8	5	5	14	7	1	5	4	5	13	4	4	1	4	4	2	16	1	9	1	5	1	10	1		1	2	11	
113	6	8	17	47	臺北市	大安區	大安區仁愛路4段151巷與仁愛路4段345巷4弄口	25.038992	121.5517909	0	0	1	2	8	7	5	4	1	1	5	4	5	13	4	4	10	5	5	2	15	4	9	1	3	1	10	1		1	2	11	
113	6	8	18	2	臺北市	萬華區	萬華區西園路1段與艋舺大道口	25.033223	121.4979061	0	0	1	2	8	5	5	4	1	1	5	4	5	13	1	1	1	4	5	2	16	4	6	1	7	1	8	1		1	3	2	
113	6	8	18	36	臺北市	文山區	文山區興隆路1段與興隆路2段口口	24.9987012	121.5443148	0	0	1	2	8	5	5	4	1	1	5	4	5	13	2	1	5	4	5	2	16	1	5	1	7	2	8	1		1	3	8	
113	6	8	18	40	臺北市	大同區	大同區民族西路與大龍街口	25.0686545	121.515918	0	0	1	3	7	5	5	4	2	1	5	4	5	13	2	1	5	4	5	2	17	4	5	1	3	1	8	1		1	3	5	
113	6	8	18	55	臺北市	文山區	文山區景隆街與景隆街19巷口	24.9999895	121.5408014	0	0	2	2	8	5	5	5	1	1	5	4	5	13	4	4	10	5	5	2	16	1	6	1	6	1	10	1		1	2	11	
113	6	8	19	10	臺北市	內湖區	內湖區內湖路2段179巷222號	25.08431109	121.5851334	0	0	1	2	8	5	5	3	1	1	5	4	5	13	2	1	5	4	5	2	17	1	5	1	5	1	10	1		1	3	14	
113	6	8	19	20	臺北市	萬華區	萬華區民和街與德昌街154巷口	25.0245722	121.495777	0	0	2	2	7	5	5	4	1	1	5	4	5	13	4	4	10	5	5	2	15	1	9	1	6	1	10	1		1	2	13	
113	6	8	19	46	臺北市	大安區	大安區仁愛路4段與延吉街口	25.0376872	121.5553095	0	0	1	2	7	5	5	4	1	1	5	4	5	13	2	1	1	1	5	1	3	5	18	8	4	10	20	1		1	2	16	
113	6	8	20	40	臺北市	大安區	大安區敦化南路2段與敦化南路2段口319號旁無名巷	25.0227942	121.5489539	0	0	2	3	7	5	5	3	1	1	5	4	5	13	3	1	8	3	5	1	17	1	9	8	4	1	20	1		1	3	17	
113	6	8	21	45	臺北市	大同區	大同區民生西路267號	25.05702554	121.5140611	0	0	1	2	7	5	5	14	9	1	5	4	5	13	4	4	5	4	5	2	16	1	8	1	7	1	4	1		1	3	5	
113	6	8	21	47	臺北市	中正區	中正區仁愛路1段與林森南路口	25.0389076	121.5215545	0	0	1	2	8	5	5	4	1	1	5	4	5	13	1	1	5	4	5	2	16	1	6	1	7	2	8	1		2	3	5	
113	6	8	23	33	臺北市	中山區	中山區民族西路與玉門街口	25.0685704	121.5203453	0	0	3	3	7	5	5	3	2	1	5	4	5	13	2	1	5	4	5	2	13	4	12	1	3	1	10	1		1	2	13	
113	6	9	0	6	臺北市	士林區	士林區中山北路6段315巷22弄與天母西路62巷口	25.1137713	121.5256813	0	0	1	2	7	5	5	4	1	1	5	4	5	13	4	4	5	5	5	1	15	1	9	1	7	2	8	1		1	3	1	
113	6	9	0	15	臺北市	北投區	北投區中央北路4段288號南往北方向	25.1313167	121.4733175	0	0	1	3	8	5	5	14	9	1	5	4	5	13	4	4	5	4	5	1	11	1	11	1	7	2	8	1		1	3	1	
113	6	9	2	13	臺北市	大安區	大安區信義路4段233號	25.0333835	121.553238	0	0	1	2	6	5	5	14	9	1	4	3	5	13	4	4	1	4	5	2	29	4	9	1	3	1	10	1		1	2	17	
113	6	9	5	56	臺北市	南港區	南港區忠孝東路6段與忠孝東路6段269巷口	25.0497032	121.5896627	0	0	2	2	7	7	5	4	1	1	5	4	5	13	4	4	10	5	5	2	15	4	9	1	3	1	10	1		1	2	11	
113	6	9	6	6	臺北市	中山區	中山區中山北路1段111號	25.0512068	121.5223543	0	0	2	3	8	6	5	14	9	1	5	4	5	13	4	4	1	4	5	2	12	1	7	1	7	1	2	1		1	3	17	
113	6	9	8	23	臺北市	文山區	文山區木柵路4段與木柵路4段159巷口	24.99992371	121.5580902	0	0	1	2	8	6	5	3	2	1	5	4	5	13	2	1	5	4	5	2	18	1	9	1	5	1	10	1		1	2	17	
113	6	9	8	44	臺北市	大同區	大同區酒泉街與酒泉街103巷口	25.0720174	121.5149348	0	0	1	2	8	5	5	3	2	1	5	4	5	13	4	4	5	4	4	2	17	4	5	1	3	2	10	1		1	2	12	
113	6	9	8	45	臺北市	內湖區	內湖區內湖路2段達人高中公車站牌(東向西)	25.081322	121.5873367	0	0	1	2	8	6	5	14	9	1	5	4	5	13	4	4	5	5	5	2	12	1	7	1	5	1	10	1		2	2	14	
113	6	9	8	50	臺北市	信義區	信義區永吉路與永吉路278巷口	25.0453708	121.5741603	0	0	1	2	7	5	5	4	2	1	5	4	5	13	1	1	5	4	4	1	9	1	6	1	7	2	8	1		1	3	5	
113	6	9	8	50	臺北市	士林區	士林區德行西路與文林路口	25.1032184	121.5194871	0	0	2	2	8	5	5	4	1	1	5	4	5	13	2	1	1	4	4	2	16	1	1	1	6	1	10	1		1	2	14	
113	6	9	9	9	臺北市	中正區	中正區汀州路3段與思源街口	25.01621001	121.5300756	0	0	1	2	8	6	5	5	1	1	5	4	5	13	2	1	2	4	5	1	3	1	9	8	4	1	20	1		2	3	17	
113	6	9	9	24	臺北市	大安區	大安區和平東路2段107巷與瑞安街135巷口	25.0267317	121.5405099	0	0	2	3	8	7	5	4	1	1	5	4	5	10	4	4	10	5	5	2	15	4	9	1	3	1	10	1		1	2	12	
113	6	9	9	40	臺北市	中山區	中山區明水路與北安路458巷口	25.0774311	121.5441888	0	0	1	2	7	7	8	3	1	1	5	4	5	13	1	1	1	5	5	2	16	1	11	1	7	1	8	1		2	3	8	
113	6	9	10	34	臺北市	中正區	中正區中華路1段與寶慶路口	25.0420248	121.5085408	0	0	1	2	7	6	5	5	1	1	5	4	5	13	1	1	1	4	5	2	16	1	6	1	7	2	8	1		1	3	5	
113	6	9	10	59	臺北市	大安區	大安區光復南路420巷與光復南路420巷1弄口	25.0364702	121.556904	0	0	1	2	6	7	5	4	2	1	4	4	5	13	4	4	10	5	5	1	15	1	9	1	7	1	4	1		1	3	8	
113	6	9	11	12	臺北市	信義區	信義區永吉路與基隆路1段口	25.0458363	121.5674178	0	0	1	2	7	6	5	5	1	1	5	4	5	13	2	1	1	4	5	2	16	4	6	1	3	2	4	1		1	3	2	
113	6	9	11	16	臺北市	信義區	信義區松仁路36號	25.038574	121.5683205	0	0	1	3	7	6	5	14	9	1	5	4	5	13	4	4	9	3	5	2	16	4	10	1	3	1	8	1		1	3	2	
113	6	9	11	34	臺北市	中山區	中山區樂群一路與敬業三路口	25.07719369	121.5563572	0	0	1	2	6	6	5	3	1	1	4	4	5	13	1	1	1	2	1	2	16	4	5	1	3	1	8	1		1	3	5	
113	6	9	11	39	臺北市	中正區	中正區新生南路1段與濟南路3段口口	25.0402102	121.5326808	0	0	1	2	6	5	5	4	1	1	4	4	5	13	2	1	9	4	4	1	15	1	9	1	7	1	8	1		1	3	2	
113	6	9	11	46	臺北市	士林區	士林區菁山路101巷153燈桿	25.15411885	121.5632174	0	0	1	2	7	6	5	11	9	1	4	4	5	13	4	4	5	4	5	1	11	4	9	8	3	1	20	1		2	2	12	
113	6	9	11	47	臺北市	中正區	中正區林森南路與徐州路口	25.04107245	121.5222758	0	0	1	2	6	6	5	4	1	1	4	4	5	13	1	1	10	4	5	2	17	4	5	1	7	2	8	1		1	3	7	11
113	6	9	11	53	臺北市	大同區	大同區安西街與迪化街1段307巷口	25.0620792	121.5097451	0	0	3	3	7	6	5	4	1	5	4	4	5	13	4	4	10	5	5	2	15	1	9	1	6	1	10	1		1	2	11	
113	6	9	12	16	臺北市	內湖區	內湖區潭美街與無名巷口	25.05292731	121.5761608	0	0	2	2	6	5	5	3	1	1	4	4	5	13	4	4	5	5	5	2	16	1	5	1	6	1	10	1		2	2	11	
113	6	9	13	1	臺北市	中正區	中正區泉州街與泉州街34巷口	25.0246448	121.5126173	0	0	1	3	8	6	5	4	1	1	5	4	5	13	4	4	5	4	4	2	15	1	9	1	7	2	8	1		1	3	6	
113	6	9	13	40	臺北市	大同區	大同區重慶北路1段80號	25.0524726	121.5139578	0	0	1	2	8	6	5	14	9	1	5	4	5	13	4	4	9	4	5	2	11	4	13	1	7	1	8	1		1	3	4	
113	6	9	14	17	臺北市	信義區	信義區基隆路2段149-35號	25.0265218	121.5550593	0	0	1	2	8	6	8	22	22	1	5	4	5	13	4	4	1	4	5	2	13	1	9	1	7	1	4	1		1	3	1	
113	6	9	14	20	臺北市	萬華區	萬華區西藏路與萬板大橋口下迴轉道	25.03023988	121.4905349	0	0	2	2	8	6	5	3	1	1	5	4	5	13	4	4	10	5	5	2	16	1	11	1	5	2	11	1		2	2	14	
113	6	9	14	35	臺北市	中山區	中山區民權東路3段與建國北路2段口	25.0623088	121.5373132	0	0	1	2	7	7	5	4	1	1	5	4	5	13	1	1	1	4	5	2	16	1	9	3	5	1	18	1		1	2	14	
113	6	9	14	35	臺北市	南港區	南港區舊莊街2段206號附近	25.0347467	121.6337228	0	0	3	3	7	6	5	12	9	1	4	4	5	9	4	4	10	5	5	1	10	4	9	2	5	2	18	1		1	2	11	
113	6	9	14	40	臺北市	萬華區	萬華區桂林路242巷與桂林路口	25.0388737	121.4959177	0	0	1	2	8	6	5	5	1	1	4	4	5	13	1	1	8	3	5	1	17	1	5	1	5	1	8	1		2	2	12	
113	6	9	14	51	臺北市	大安區	大安區新生南路2段與金華街口	25.0305955	121.5335242	0	0	2	3	8	7	5	4	1	1	5	4	5	13	1	1	8	3	5	2	17	4	5	1	3	1	8	1		1	3	2	
113	6	9	15	30	臺北市	松山區	松山區市民大道5段與東寧路口口	25.0471611	121.5625946	0	0	1	2	7	7	5	14	7	1	5	4	5	13	2	1	1	4	5	2	13	1	9	1	6	2	9	1		1	2	11	
113	6	9	15	37	臺北市	萬華區	萬華區昆明街與長沙街2段口	25.0403718	121.5043034	0	0	2	2	7	6	8	4	1	1	5	4	5	13	1	1	10	4	5	1	17	1	5	3	5	1	18	1		1	2	14	
113	6	9	16	10	臺北市	士林區	士林區延平北路5段285巷與延平北路5段257巷4弄口	25.0812387	121.5091898	0	0	1	2	8	6	5	3	1	1	5	4	5	13	4	4	10	5	5	1	16	1	5	1	5	1	10	1		1	3	11	