年	月	日	時	分	縣市	行政區	allLocation	GoogleLat	GoogleLng	死	2-30	受傷	當事人數	天候	道路照明設備	道路類別	道路型態	事故位置	路面狀況1	路面狀況2	路面狀況3	道路障礙1	道路障礙2	號誌1	號誌2	車道劃分-分向	車道劃分-分道1	車道劃分-分道2	車道劃分-分道3	事故類型及型態	行動電話	當事者行動狀態	駕駛資格情形	保護裝置	飲酒情形	駕駛執照種類	個人肇逃否	肇因碼-主要	性別	受傷程度	車輛撞擊部位1	車輛撞擊部位2
113	6	9	16	19	臺北市	松山區	松山區民生東路3段130巷與民生東路3段130巷5弄口口	25.0569951	121.5462198	0	0	1	2	6	6	5	4	1	1	4	4	5	13	4	4	10	5	5	2	17	1	9	1	5	1	10	1		1	3	11	
113	6	9	16	20	臺北市	信義區	信義區松信路與永吉路200巷56弄口	25.0435404	121.5720511	0	0	1	2	6	5	5	4	2	1	4	4	5	13	2	1	5	4	5	2	17	1	5	1	7	1	4	1		2	3	8	
113	6	9	17	0	臺北市	中山區	中山區大佳河濱公園往西近大直橋	25.07355187	121.5449656	0	0	1	2	8	6	5	14	9	1	5	4	5	13	4	4	10	5	5	2	9	5	17	8	4	11	20	2		4	2	16	
113	6	9	17	15	臺北市	大安區	大安區安和路2段與安和路2段209巷口	25.0262371	121.5500441	0	0	1	2	7	7	5	3	1	1	4	4	5	13	2	1	1	4	5	2	15	4	9	8	2	1	20	1		2	2	12	
113	6	9	17	20	臺北市	中正區	中正區和平西路1段95號	25.0268629	121.5178104	0	0	1	3	7	7	5	14	9	1	4	4	5	13	4	4	1	4	5	2	12	1	9	8	4	1	20	1		2	3	17	
113	6	9	17	50	臺北市	大同區	大同區萬全街3巷1-20號	25.0591454	121.5200269	0	0	2	2	8	7	5	14	9	1	5	4	5	13	4	4	9	4	5	2	17	1	7	8	4	1	20	1		2	2	14	
113	6	9	20	11	臺北市	中山區	中山區民生東路2段117號	25.0579992	121.5317055	0	0	1	2	8	5	5	14	9	1	5	4	5	13	2	1	5	4	5	2	13	1	9	1	7	1	8	1		1	3	1	
113	6	9	20	15	臺北市	內湖區	內湖區行善路383巷與行善路口	25.0638167	121.5854211	0	0	2	3	8	5	5	3	1	1	5	4	5	13	4	4	1	5	4	2	16	1	6	1	7	2	8	1		2	3	2	
113	6	9	20	20	臺北市	中山區	中山區中山北路3段與中山北路3段口圓山飯店旁	25.0758104	121.5273477	0	0	2	3	8	5	5	3	1	1	5	4	5	13	1	1	10	4	5	2	16	1	5	1	6	1	10	1		1	2	12	
113	6	9	21	53	臺北市	大同區	大同區西寧北路82號	25.0547166	121.5088317	0	0	1	2	8	6	5	14	9	1	5	4	5	13	4	4	5	5	5	2	17	1	12	1	6	1	10	1		1	2	14	
113	6	9	23	25	臺北市	中山區	中山區北安路與明水路口	25.0777875	121.5390116	0	0	1	2	8	5	5	3	2	1	5	4	5	13	2	1	1	4	5	1	16	1	6	1	7	1	8	1		1	3	6	
113	6	9	23	32	臺北市	信義區	信義區忠孝東路5段71巷與基隆路1段147巷口	25.042355	121.5673632	0	0	2	3	8	5	5	4	1	1	5	4	5	13	4	4	9	5	5	2	15	1	9	1	6	1	10	1		1	2	11	
113	6	9	23	46	臺北市	萬華區	萬華區西園路2段與艋舺大道口	25.0328568	121.4977506	0	0	2	2	7	5	5	4	2	1	5	4	5	13	1	1	3	4	5	2	11	1	7	1	5	1	10	1		1	2	14	
113	6	10	0	26	臺北市	萬華區	萬華區貴陽街2段96巷與永福街口	25.0387464	121.5030465	0	0	2	2	8	5	6	4	1	1	5	4	5	13	4	4	5	5	5	2	15	1	9	1	6	1	10	1		1	2	14	
113	6	10	2	23	臺北市	中山區	中山區林森北路409號	25.0593903	121.5255788	0	0	1	2	8	5	5	14	9	1	5	4	5	13	4	4	5	5	5	2	12	1	9	1	7	2	4	1		1	3	5	
113	6	10	3	3	臺北市	北投區	北投區陽金公路第1208450號燈桿	25.180985	121.5608188	0	0	3	4	8	5	5	22	9	1	5	4	5	12	4	4	4	5	5	1	10	1	15	1	7	2	8	1		1	3	1	
113	6	10	4	59	臺北市	信義區	信義區永吉路225巷(223號旁)	25.0459359	121.5741996	0	0	1	2	7	5	5	14	9	1	5	4	5	13	4	4	10	4	5	1	9	4	9	1	3	11	10	1		1	4	11	
113	6	10	6	41	臺北市	萬華區	萬華區光復橋往北市003014燈桿	25.0244421	121.4909164	0	0	1	2	7	6	5	8	9	1	5	4	5	13	4	4	1	5	5	1	29	1	21	1	5	1	10	1		1	2	15	
113	6	10	7	15	臺北市	北投區	北投區石牌路2段與天母北路口	25.1236659	121.5261509	0	0	1	2	8	7	5	3	2	1	5	4	5	13	1	1	5	4	5	2	18	1	6	1	5	9	10	1		2	2	12	
113	6	10	8	45	臺北市	內湖區	內湖區金湖路65巷與星雲街161巷口	25.0813803	121.5961945	0	0	2	2	8	7	5	4	1	1	5	4	5	13	4	4	10	5	5	1	15	4	9	1	3	1	10	1		2	2	11	
113	6	10	9	2	臺北市	大同區	大同區保安街與保安街78巷口	25.05904	121.5119996	0	0	1	2	8	6	5	4	1	1	5	4	5	13	4	4	5	5	5	2	15	1	9	1	5	1	10	1		1	2	14	
113	6	10	9	9	臺北市	士林區	士林區延平北路6段407號	25.09104752	121.5004283	0	0	1	2	8	7	8	14	7	1	5	4	5	13	4	4	5	4	4	2	17	1	8	1	6	1	9	1		1	2	12	
113	6	10	9	20	臺北市	萬華區	萬華區寶興街66號	25.0265439	121.4940495	0	0	1	16	8	6	5	14	9	1	5	4	5	13	4	4	9	4	5	1	17	4	9	1	3	2	10	1		2	3	5	
113	6	10	9	41	臺北市	中正區	中正區中華路2段與寧波西街口	25.0247104	121.5101019	0	0	2	5	8	6	5	4	1	1	5	4	5	13	1	1	5	4	4	2	16	1	5	1	5	2	10	1		2	2	12	
113	6	10	9	50	臺北市	萬華區	萬華區永福街與昆明街口	25.03846223	121.5039175	0	0	1	2	8	6	5	4	1	1	5	4	5	13	2	1	10	4	5	1	17	4	5	1	3	1	8	1		1	3	8	
113	6	10	10	35	臺北市	中山區	中山區中山北路3段水晶橋下	25.0708984	121.5233834	0	0	1	2	8	7	5	14	11	1	5	4	5	13	1	1	1	4	5	2	16	1	9	8	4	1	20	1		1	2	11	
113	6	10	10	45	臺北市	文山區	文山區景文街與景美街口	24.9883495	121.5408455	0	0	1	3	8	6	5	5	1	1	5	4	5	13	2	1	5	5	4	1	16	1	6	1	7	1	8	1		1	3	2	
113	6	10	10	58	臺北市	文山區	文山區木柵路5段汽車格01號	25.0006077	121.5783985	0	0	1	2	7	5	5	14	9	1	5	4	5	13	4	4	5	4	5	2	17	1	9	8	4	2	20	1		1	2	11	
113	6	10	11	26	臺北市	文山區	文山區老泉街45巷094號電桿	24.9720504	121.5716265	0	0	1	2	8	5	5	11	9	1	5	4	5	13	4	4	10	5	5	2	11	1	9	1	7	1	8	1		1	3	8	
113	6	10	11	30	臺北市	中正區	中正區和平西路1段與牯嶺街口	25.02657861	121.5190063	0	0	1	2	7	6	5	4	1	1	5	4	5	13	2	1	1	4	5	1	17	1	5	1	7	9	8	1		1	3	17	
113	6	10	11	36	臺北市	大安區	大安區延吉街與光復南路308巷口	25.0389209	121.5551208	0	0	1	2	8	7	5	4	1	1	5	4	5	13	4	4	5	5	5	2	15	1	9	1	7	1	8	1		1	3	2	
113	6	10	12	3	臺北市	信義區	信義區吳興街450巷與吳興街494巷口口	25.02372726	121.5683972	0	0	2	2	8	7	5	4	1	1	5	4	5	13	4	4	10	5	5	2	15	1	9	1	5	1	10	1		2	2	11	
113	6	10	14	4	臺北市	大安區	大安區忠孝東路4段170巷6弄16號	25.0408889	121.5497854	0	0	1	2	8	7	5	14	9	1	5	4	5	13	4	4	10	5	5	2	2	1	1	1	7	9	8	1		1	3	5	
113	6	10	14	28	臺北市	松山區	松山區民權東路3段與敦化北路口口	25.0616502	121.5505305	0	0	1	2	7	7	5	4	1	1	5	4	5	13	2	1	1	2	1	2	17	1	9	1	5	1	10	1		1	2	14	
113	6	10	14	29	臺北市	北投區	北投區中央南路1段與光明路口	25.1329524	121.5015039	0	0	1	2	8	6	5	5	2	1	5	4	5	13	3	1	5	5	5	2	13	1	9	3	7	2	18	1		1	3	1	
113	6	10	14	40	臺北市	文山區	文山區新光路2段19號	25.0004947	121.5834772	0	0	1	2	7	5	5	18	9	1	5	4	5	13	3	1	10	4	5	1	17	1	9	3	5	2	18	1		1	2	11	
113	6	10	15	20	臺北市	內湖區	內湖區堤頂大道2段與港墘路口	25.07458746	121.5723423	0	0	1	2	7	6	5	3	1	1	5	4	5	13	1	1	3	4	4	1	17	1	9	1	7	1	8	1		1	3	2	
113	6	10	15	21	臺北市	北投區	北投區大業路157號與大業路口	25.1246167	121.4985997	0	0	1	2	8	7	5	4	1	1	5	4	5	13	4	4	10	5	5	2	15	4	1	1	3	1	8	1		1	3	6	
113	6	10	15	55	臺北市	中山區	中山區中山北路2段與民權西路口	25.06256013	121.522603	0	0	2	3	7	7	5	4	2	1	5	4	5	13	2	1	1	4	5	2	16	4	7	3	6	2	18	1		2	2	14	
113	6	10	16	33	臺北市	大同區	大同區延平北路4段與延平北路4段102巷口	25.0717597	121.5109422	0	0	3	3	7	6	5	3	2	1	5	4	5	13	4	4	5	5	4	2	17	4	9	1	6	1	10	1		1	2	11	
113	6	10	16	52	臺北市	士林區	士林區承德路4段80巷與承德路4段口	25.0821968	121.5230309	0	0	2	3	8	5	5	4	1	1	5	4	5	13	2	1	1	4	4	1	17	1	5	1	7	2	8	1		1	3	5	
113	6	10	17	1	臺北市	萬華區	萬華區康定路與康定路287巷口	25.0340983	121.5010155	0	0	1	2	8	6	5	4	1	1	5	4	5	13	2	1	5	5	5	2	16	1	5	1	7	1	4	1		1	3	1	
113	6	10	17	30	臺北市	中山區	中山區中山北路2段與民權東路1段口	25.0628533	121.5229443	0	0	1	2	8	7	5	14	9	1	5	4	5	13	2	1	9	4	5	2	17	1	9	3	5	1	18	1		1	3	11	
113	6	10	19	22	臺北市	內湖區	內湖區舊宗路1段86號前	25.05953984	121.5796746	0	0	1	2	8	5	5	14	9	1	5	4	5	13	4	4	1	4	5	2	16	1	6	1	7	2	8	1		1	3	5	
113	6	10	20	30	臺北市	文山區	文山區興隆路3段與興隆路3段口口(60號旁)	25.0001639	121.5559915	0	0	3	3	8	5	5	3	1	1	5	4	5	13	2	1	1	4	5	2	16	1	1	1	6	1	10	1		1	2	12	
113	6	10	20	35	臺北市	中正區	中正區承德路1段與市民大道1段口	25.0485262	121.516372	0	0	1	2	8	5	5	4	2	1	5	4	5	13	1	1	1	4	5	2	9	5	20	8	4	10	20	1		2	2	16	
113	6	10	20	38	臺北市	大同區	大同區重慶北路1段82號	25.05061231	121.5137247	0	0	1	2	8	5	5	22	20	4	5	4	5	13	4	4	10	5	5	2	9	4	9	8	3	1	20	1		1	3	11	
113	6	10	21	5	臺北市	內湖區	內湖區康寧路3段與安康路口	25.06489729	121.6110289	0	0	1	3	8	5	5	4	2	1	5	4	5	13	1	1	1	4	5	2	16	1	9	8	4	1	20	1		1	3	14	
113	6	10	21	17	臺北市	大安區	大安區復興南路1段與東豐街口	25.0361069	121.5437374	0	0	1	2	8	5	5	4	1	1	5	4	5	12	2	1	1	4	5	2	16	1	5	1	7	1	8	1		2	3	5	
113	6	10	21	24	臺北市	中山區	中山區北安路(自強圓環)	25.08548115	121.5505464	0	0	1	2	7	5	5	18	9	1	5	4	5	13	4	4	1	4	5	2	12	4	4	1	3	1	8	1		1	3	7	
113	6	10	21	33	臺北市	內湖區	內湖區文德路48號	25.07838552	121.5804741	0	0	2	3	8	5	6	14	8	1	5	4	5	13	4	4	1	4	4	1	17	1	13	1	7	1	8	1		1	3	4	
113	6	10	21	48	臺北市	中山區	中山區民生東路3段73號	25.0580761	121.5435351	0	0	1	2	8	5	5	14	9	1	5	4	5	13	4	4	1	4	4	2	12	4	1	1	3	1	8	1		1	3	7	
113	6	10	21	49	臺北市	大安區	大安區忠孝東路4段216巷8弄與忠孝東路4段216巷口	25.0408579	121.5529302	0	0	1	2	8	5	5	4	2	1	5	4	5	13	4	4	4	3	5	1	17	1	11	1	5	1	10	1		1	3	13	
113	6	10	22	15	臺北市	南港區	南港區研究院路2段78號	25.0456117	121.6152362	0	0	2	2	7	5	5	14	9	1	5	4	5	13	1	1	1	4	5	2	12	4	7	1	3	2	10	1		1	2	11	
113	6	10	22	16	臺北市	大同區	大同區大稻埕堤外便道	25.0518197	121.5064185	0	0	1	2	8	5	5	11	9	1	2	4	5	13	4	4	10	5	5	1	17	4	15	1	3	1	8	1		1	3	15	
113	6	10	22	25	臺北市	中山區	中山區錦州街28號	25.06033418	121.5242784	0	0	1	2	8	5	5	3	1	1	5	4	5	13	4	4	5	4	5	2	17	1	5	1	7	1	15	1		1	3	4	12
113	6	10	23	4	臺北市	文山區	文山區木柵路3段66巷與興隆路4段109巷口	24.987061	121.5657351	0	0	1	2	8	5	5	5	1	1	5	4	5	13	2	1	5	5	5	2	18	4	9	1	3	2	10	1		1	2	12	
113	6	10	23	12	臺北市	文山區	文山區溪洲街與溪洲街82巷口	25.0060876	121.534282	0	0	2	2	8	5	5	3	1	1	5	4	5	13	4	4	5	5	5	1	15	1	9	8	4	1	20	1		1	2	14	
113	6	10	23	46	臺北市	北投區	北投區竹子湖路233燈桿	25.18149849	121.5609306	0	0	3	3	8	5	5	11	9	1	5	4	5	13	4	4	4	1	5	2	17	1	9	1	7	2	7	1		1	2	5	
113	6	11	7	12	臺北市	松山區	松山區松河街112號	25.05104701	121.5750073	0	0	2	2	8	5	5	14	9	1	5	4	5	13	4	4	9	4	5	2	17	1	5	1	6	1	10	1		2	2	12	
113	6	11	7	44	臺北市	北投區	北投區立農街1段8號	25.11900528	121.5028134	0	0	1	2	8	7	5	14	9	1	5	4	5	13	4	4	10	5	5	2	16	1	1	1	7	1	8	1		1	3	2	
113	6	11	7	47	臺北市	中正區	中正區林森南路12號	25.0428275	121.5224143	0	0	1	2	8	6	5	14	9	1	5	4	5	13	2	1	5	4	5	2	13	1	9	1	6	2	10	1		1	2	11	
113	6	11	8	31	臺北市	信義區	信義區松信路與虎林街120巷口	25.0423187	121.5719422	0	0	1	2	8	6	5	4	2	1	5	4	5	13	2	1	9	4	4	2	18	1	9	1	5	9	21	1		1	2	12	
113	6	11	8	46	臺北市	大安區	大安區新生南路3段向北停車場出入口	25.0191304	121.5338938	0	0	1	2	8	6	5	14	8	1	5	4	5	13	4	4	1	4	4	2	12	1	8	1	7	1	8	1		2	3	5	
113	6	11	9	5	臺北市	南港區	南港區成功路1段63-2號	25.056345	121.5927862	0	0	1	2	8	6	5	14	9	1	5	4	5	13	4	4	4	3	5	2	17	4	8	1	3	2	4	1		1	3	17	
113	6	11	9	30	臺北市	文山區	文山區木新路3段與一壽街口	24.9805416	121.5563652	0	0	1	4	8	6	5	3	1	1	5	4	5	13	1	1	5	4	5	2	16	1	9	1	6	1	10	1		1	2	12	
113	6	11	9	40	臺北市	中正區	中正區金山南路1段1號	25.0426199	121.5297567	0	0	1	2	7	6	5	14	9	1	5	4	5	13	4	4	9	5	5	2	16	1	9	8	4	1	20	1		1	2	11	
113	6	11	9	42	臺北市	士林區	士林區基河路與劍潭路口	25.08430468	121.5247785	0	0	1	2	8	6	5	4	1	1	5	4	5	13	2	1	1	4	5	1	15	1	9	1	7	2	4	1		1	3	1	
113	6	11	9	45	臺北市	士林區	士林區中正路與重慶北路4段口	25.08718401	121.5111128	0	0	1	3	8	5	5	3	2	1	5	4	5	13	1	1	1	4	5	1	17	1	7	1	5	11	10	1		1	3	17	
113	6	11	9	46	臺北市	內湖區	內湖區堤頂大道2段與內湖路1段口	25.0843207	121.5607842	0	0	1	2	8	6	5	5	1	1	5	4	5	13	2	1	9	4	5	2	13	1	15	1	7	1	8	1		1	3	1	
113	6	11	10	0	臺北市	中正區	中正區南昌路1段與重慶南路2段7巷口	25.0342864	121.514883	0	0	1	2	8	7	5	5	1	1	5	4	5	8	4	4	10	4	5	2	17	1	9	1	7	1	4	1		1	3	17	
113	6	11	10	2	臺北市	文山區	文山區景興路與景興路46巷口	24.9962001	121.544748	0	0	1	2	8	6	5	3	1	1	5	4	5	13	3	1	1	5	5	2	16	1	9	1	7	2	2	1		1	3	5	
113	6	11	10	16	臺北市	文山區	文山區興隆路2段與辛亥路5段口口	25.000884	121.5543313	0	0	1	2	8	6	5	4	2	1	5	4	5	13	2	1	1	2	5	2	16	1	5	1	6	1	10	1		1	3	14	
113	6	11	10	17	臺北市	文山區	文山區木柵路3段96號	24.9886778	121.5671102	0	0	1	2	8	5	5	14	9	1	5	4	5	13	4	4	5	5	5	2	16	1	11	1	6	2	10	1		1	3	11	
113	6	11	10	36	臺北市	中山區	中山區長春路與松江路口	25.0548153	121.5331665	0	0	1	2	8	5	5	4	1	1	5	4	5	13	1	1	5	4	5	2	13	1	9	1	7	1	4	1		1	3	8	
113	6	11	10	43	臺北市	中正區	中正區館前路與襄陽路口	25.043336	121.5147308	0	0	1	2	8	6	5	14	9	1	5	4	5	13	4	4	5	4	5	2	9	1	15	1	2	2	2	1		2	3	17	
113	6	11	10	44	臺北市	中山區	中山區新生北路2段與南京東路2段口	25.05217367	121.527995	0	0	2	3	7	7	5	4	2	1	5	4	5	13	4	4	1	4	4	2	17	4	9	1	6	9	10	1		1	3	17	
113	6	11	11	2	臺北市	士林區	士林區葫蘆街51號	25.08018307	121.5091647	0	0	1	2	8	7	5	14	9	1	5	4	5	13	4	4	10	5	5	1	17	1	1	1	5	1	10	1		1	3	17	
113	6	11	11	10	臺北市	中山區	中山區民權西路38號	25.0627624	121.5211414	0	0	1	2	8	7	5	14	9	1	5	4	5	13	4	4	1	4	5	2	13	1	9	1	5	1	10	1		2	2	11	
113	6	11	11	41	臺北市	大同區	大同區民權西路與延平北路2段口	25.0627987	121.5110603	0	0	1	2	7	5	5	4	2	1	5	4	5	13	2	1	1	4	5	2	17	4	15	1	3	1	10	1		1	2	12	
113	6	11	11	48	臺北市	中山區	中山區民權東路3段75巷與復興北路430巷口	25.063358	121.5436526	0	0	1	2	8	6	5	4	1	1	5	4	5	13	3	1	10	5	5	2	15	4	9	1	5	1	9	1		1	2	11	
113	6	11	11	50	臺北市	文山區	文山區汀州路4段與汀州路4段口口(88號)	25.00768382	121.5374404	0	0	1	2	8	6	5	5	1	1	5	4	5	13	2	1	10	5	5	2	16	1	6	1	6	1	10	1		1	3	11	
113	6	11	12	8	臺北市	內湖區	內湖區瑞光路515號前	25.07905712	121.569142	0	0	3	3	8	7	5	14	9	1	5	4	5	13	4	4	5	4	5	2	13	1	8	1	7	2	8	1		1	2	5	
113	6	11	12	19	臺北市	文山區	文山區保儀路39號對面	24.9877114	121.5685784	0	0	1	2	8	6	5	14	10	1	5	4	5	13	1	1	9	5	5	2	9	4	15	1	3	2	2	1		1	3	17	
113	6	11	12	25	臺北市	中山區	中山區長安西路與長安西路19巷2弄口	25.0501574	121.520233	0	0	1	2	8	7	5	4	1	1	5	4	5	13	2	1	5	4	5	2	13	4	9	1	6	1	10	1		1	3	11	
113	6	11	12	25	臺北市	北投區	北投區承德路7段與吉利街口口旁	25.1180969	121.5033143	0	0	1	2	8	6	5	3	2	1	5	4	5	13	4	4	1	4	4	2	17	1	7	1	7	1	8	1		2	3	2	
113	6	11	12	30	臺北市	士林區	士林區仰德大道3段與仰德大道3段48巷口口	25.11849989	121.5525562	0	0	1	2	8	7	5	3	1	1	5	4	5	13	4	4	9	4	5	1	17	1	5	1	7	2	8	1		1	3	5	
113	6	11	12	55	臺北市	內湖區	內湖區成功路3段與成功路3段174巷口	25.08065905	121.5906629	0	0	1	2	8	7	8	4	1	1	5	4	5	13	1	1	1	3	4	1	16	4	6	1	3	1	10	1		1	2	14	
113	6	11	13	25	臺北市	信義區	信義區仁愛路4段512巷518號口	25.0370069	121.561204	0	0	1	2	8	6	5	14	9	1	5	4	5	13	4	4	10	5	5	2	11	4	9	1	3	1	8	1		2	3	7	
113	6	11	13	58	臺北市	大同區	大同區重慶北路3段108號	25.067032	121.5135887	0	0	1	2	8	6	5	14	9	1	5	4	5	13	4	4	1	4	5	2	12	1	1	1	7	2	8	1		1	3	4	
113	6	11	14	18	臺北市	大安區	大安區和平東路3段與和平東路3段口麟光站	25.0187717	121.5584651	0	0	1	2	8	5	5	3	2	1	5	4	5	13	1	1	1	4	1	2	13	1	5	1	7	1	4	1		1	3	1	
113	6	11	14	55	臺北市	中山區	中山區農安街28巷口	25.0648951	121.5263238	0	0	1	2	8	7	5	14	9	1	5	4	5	13	4	4	9	4	4	2	17	1	1	1	7	1	4	1		1	3	17	
113	6	11	15	0	臺北市	中山區	中山區朱崙街與長安東路2段153巷口	25.0500644	121.5389118	0	0	1	2	8	7	5	3	1	1	5	4	5	13	4	4	5	2	5	2	17	1	6	1	5	1	10	1		1	2	11	
113	6	11	15	55	臺北市	大同區	大同區民權西路與民權西路118巷口	25.0628012	121.5168691	0	0	1	2	8	6	5	3	1	1	5	4	5	13	4	4	1	5	5	2	16	1	6	1	7	1	8	1		1	3	2	
113	6	11	16	12	臺北市	文山區	文山區忠順街1段121巷與忠順街1段口	24.9842368	121.5599622	0	0	1	2	8	7	5	4	2	1	5	4	5	13	4	4	9	5	5	2	17	1	14	1	7	1	8	1		2	3	4	
113	6	11	16	41	臺北市	中山區	中山區民權東路2段152巷與民權東路2段口	25.0623565	121.5350984	0	0	2	3	7	5	5	4	2	1	5	4	5	13	2	1	3	4	5	2	13	4	9	1	3	1	10	1		1	2	11	
113	6	11	16	41	臺北市	信義區	信義區信義路5段150巷401弄33號	25.0241442	121.5703008	0	0	1	2	8	6	5	14	9	1	5	4	5	13	4	4	9	5	5	2	17	1	9	1	7	2	8	1		1	3	1	
113	6	11	16	45	臺北市	中山區	中山區南京東路3段與遼寧街口	25.05188326	121.5423959	0	0	1	2	7	7	5	4	2	1	5	4	5	13	1	1	1	3	4	1	16	1	6	1	7	1	8	1		1	3	5	
113	6	11	16	55	臺北市	北投區	北投區承德路6段與文林北路口	25.1103026	121.5112104	0	0	1	2	8	6	5	3	1	1	5	4	5	13	2	1	1	4	4	2	16	1	5	1	5	9	10	1		1	2	12	
113	6	11	17	10	臺北市	中正區	中正區愛國西路與南昌路1段口口	25.03481253	121.5145605	0	0	2	2	8	6	5	5	2	1	5	4	5	13	1	1	1	4	5	1	17	1	15	1	6	2	10	1		1	2	13	
113	6	11	17	17	臺北市	萬華區	萬華區萬大路與莒光路口	25.031305	121.5005355	0	0	2	2	7	7	5	4	2	1	5	4	5	13	1	1	1	4	4	2	12	1	8	1	5	1	10	1		1	2	14	
113	6	11	17	29	臺北市	中山區	中山區吉林路388號	25.0651127	121.5303426	0	0	1	2	8	7	5	14	9	1	5	4	5	13	2	1	5	4	5	2	11	1	13	1	7	1	8	1		1	3	8	
113	6	11	17	37	臺北市	萬華區	萬華區華江橋機車道(001050燈桿)	25.0358288	121.4876933	0	0	2	2	8	7	5	8	11	1	5	4	5	13	4	4	1	4	5	2	13	1	9	1	5	1	10	1		1	2	11	
113	6	11	17	40	臺北市	中正區	中正區三元街與南海路口	25.0296137	121.5087828	0	0	1	3	8	7	5	4	1	1	5	4	5	13	1	1	2	4	4	2	16	1	5	1	6	1	10	1		1	3	13	
113	6	11	17	40	臺北市	北投區	北投區光明路與七星街口	25.1368536	121.5041477	0	0	1	2	7	6	5	4	1	1	5	4	5	13	1	1	5	4	5	1	17	1	5	1	7	1	8	1		2	3	1	
113	6	11	17	48	臺北市	文山區	文山區興隆路4段與興隆路4段105巷口口	24.9876663	121.560571	0	0	2	2	8	6	5	4	1	1	5	4	5	13	2	1	10	5	5	2	15	1	15	1	5	1	10	1		2	2	11	
113	6	11	17	55	臺北市	內湖區	內湖區瑞光路與瑞光路112巷口	25.0723233	121.5813897	0	0	1	2	8	6	5	3	2	1	5	4	5	13	2	1	9	4	5	2	13	1	9	1	6	2	9	1		1	3	11	
113	6	11	18	5	臺北市	大安區	大安區市民大道3段與復興南路1段口口	25.0447091	121.543532	0	0	1	3	8	5	5	4	1	1	5	4	5	13	2	1	1	4	5	1	17	1	9	1	6	1	10	1		1	2	17	
113	6	11	19	15	臺北市	文山區	文山區景華街128巷與景華街128巷3弄口	24.99572958	121.5476893	0	0	1	2	8	5	5	3	1	1	5	4	5	13	4	4	10	5	5	2	16	1	5	1	6	1	10	1		1	2	12	
113	6	11	19	26	臺北市	中山區	中山區林森北路67巷與林森北路口側附近口	25.0486804	121.5245226	0	0	1	2	8	5	5	4	2	1	5	4	5	13	4	4	5	4	5	2	17	4	11	1	3	1	8	1		1	3	17	
113	6	11	20	14	臺北市	信義區	信義區吳興街252號	25.0258598	121.5628699	0	0	1	2	8	5	5	14	9	1	5	4	5	13	4	4	10	5	5	2	16	1	5	1	7	2	8	1		1	3	8	
113	6	11	20	28	臺北市	松山區	松山區南京東路5段123巷2弄與南京東路5段147巷口	25.05205855	121.5620022	0	0	1	2	8	5	5	4	1	1	5	4	5	13	4	4	10	5	5	2	15	1	9	1	6	1	10	1		1	2	11	
113	6	11	22	27	臺北市	文山區	文山區木柵路1段與木柵路1段口景美溪橋口	24.9868305	121.5453589	0	0	2	2	8	5	5	3	1	1	5	4	5	13	2	1	10	5	5	2	16	4	9	1	3	1	9	1		2	2	11	
113	6	11	22	35	臺北市	中正區	中正區羅斯福路4段72-2號	25.0142954	121.5345781	0	0	1	3	7	5	5	14	9	1	5	4	3	10	4	4	1	4	5	2	3	1	3	1	7	2	1	1		1	3	5	
113	6	11	23	10	臺北市	文山區	文山區景福街39號車格	24.9976847	121.5366469	0	0	1	2	8	5	5	14	9	1	5	4	1	12	4	4	10	4	5	2	17	1	15	1	7	2	7	1		1	3	15	
113	6	12	0	22	臺北市	中山區	中山區林森北路413號	25.0600057	121.5255963	0	0	1	4	7	5	5	14	9	1	5	4	5	13	4	4	5	5	5	2	17	4	14	1	3	1	8	1		2	3	6	
113	6	12	1	25	臺北市	大安區	大安區基隆路2段172-1號	25.0260674	121.554345	0	0	3	3	7	5	5	14	9	1	5	4	5	13	4	4	1	4	5	1	17	1	9	1	7	1	4	1		1	2	1	
113	6	12	1	50	臺北市	萬華區	萬華區康定路與大理街口	25.0346884	121.5011206	0	0	2	2	8	5	5	4	1	1	5	4	5	13	1	1	4	3	5	2	12	1	8	1	6	1	10	1		1	2	12	
113	6	12	7	17	臺北市	北投區	北投區行義路與行義路85巷口	25.12685067	121.528469	0	0	1	3	8	7	5	3	1	1	5	4	5	13	4	4	4	5	5	1	13	1	9	1	7	2	8	1		2	3	4	
113	6	12	7	36	臺北市	萬華區	萬華區中華路1段66號	25.04655036	121.5093524	0	0	1	3	8	6	5	14	8	1	5	4	5	13	4	4	8	3	1	1	17	1	1	1	7	1	8	1		1	3	8	
113	6	12	7	50	臺北市	大安區	大安區信義路3段與復興南路1段口	25.0336153	121.5436595	0	0	1	2	8	5	5	4	2	1	5	4	5	13	1	1	1	4	5	2	9	1	5	1	7	2	4	1		1	3	1	
113	6	12	8	13	臺北市	文山區	文山區汀州路4段271號	25.00157743	121.5354906	0	0	2	2	8	6	5	14	9	1	5	4	5	13	4	4	9	5	5	2	17	1	11	8	4	1	20	1		1	2	13	
113	6	12	8	20	臺北市	中山區	中山區民權東路1段36號前	25.0626238	121.5239904	0	0	1	2	8	7	5	14	8	1	5	4	5	13	4	4	1	4	4	2	13	4	9	1	2	9	10	1		2	3	11	
113	6	12	8	34	臺北市	松山區	松山區南京東路5段258號	25.05129792	121.5664759	0	0	2	3	8	5	6	14	9	1	5	4	5	13	4	4	9	4	5	2	13	1	9	1	6	1	10	1		1	2	11	