年	月	日	時	分	縣市	行政區	allLocation	GoogleLat	GoogleLng	死	2-30	受傷	當事人數	天候	道路照明設備	道路類別	道路型態	事故位置	路面狀況1	路面狀況2	路面狀況3	道路障礙1	道路障礙2	號誌1	號誌2	車道劃分-分向	車道劃分-分道1	車道劃分-分道2	車道劃分-分道3	事故類型及型態	行動電話	當事者行動狀態	駕駛資格情形	保護裝置	飲酒情形	駕駛執照種類	個人肇逃否	肇因碼-主要	性別	受傷程度	車輛撞擊部位1	車輛撞擊部位2
113	6	12	8	34	臺北市	松山區	松山區市民大道4段145號	25.044639	121.5513129	0	0	1	2	7	6	5	14	9	1	5	4	5	13	1	1	1	4	5	2	16	4	7	7	3	11	19	2		1	4	15	
113	6	12	8	41	臺北市	文山區	文山區新光路1段185號	24.9930057	121.5738239	0	0	1	2	8	6	5	14	7	1	5	4	5	13	4	4	5	4	4	2	17	4	10	1	3	2	8	1		1	3	6	
113	6	12	9	5	臺北市	大安區	大安區信義路2段198巷7-3號與永康街13巷口	25.0327754	121.5305442	0	0	1	3	8	6	5	4	1	1	5	4	5	13	4	4	10	5	5	2	17	1	13	1	7	1	8	1		1	3	4	
113	6	12	9	32	臺北市	萬華區	萬華區青年路與萬大路423巷口	25.022149	121.5025518	0	0	1	2	8	7	5	3	1	1	5	4	5	13	1	1	9	5	5	2	16	1	6	1	7	1	8	1		1	3	2	
113	6	12	9	41	臺北市	南港區	南港區市民大道7段與昆陽街口	25.0512807	121.5936851	0	0	1	2	8	6	5	5	1	1	5	4	5	13	2	1	1	3	5	2	1	4	6	1	3	2	8	1		1	3	1	
113	6	12	9	42	臺北市	內湖區	內湖區文湖街21巷68弄與文德路21巷口	25.08835316	121.5599619	0	0	1	2	8	6	5	4	1	1	5	4	5	13	4	4	9	4	5	2	15	1	9	1	6	1	10	1		2	2	11	
113	6	12	10	7	臺北市	中山區	中山區長安東路2段171-2號	25.0483892	121.5418412	0	0	1	2	8	6	5	14	9	1	5	4	5	13	4	4	5	4	5	2	13	1	9	1	6	1	10	1		1	2	11	
113	6	12	10	7	臺北市	文山區	文山區木柵路1段137號	24.987518	121.5501391	0	0	1	2	8	6	8	22	22	1	5	4	5	13	1	1	10	5	5	2	9	4	12	1	3	1	2	1		1	3	17	
113	6	12	10	35	臺北市	信義區	信義區忠孝東路5段與忠孝東路5段621巷口口	25.0416534	121.5792215	0	0	2	2	8	6	5	4	1	1	5	4	5	13	2	1	1	4	5	2	17	1	9	1	6	11	10	1		1	2	14	
113	6	12	10	43	臺北市	信義區	信義區崇德街97號	25.0240677	121.5557703	0	0	1	2	8	6	5	14	9	1	5	4	5	13	1	1	5	4	5	2	12	4	15	1	3	1	3	1		1	3	1	
113	6	12	10	50	臺北市	北投區	北投區承德路7段95號	25.11172465	121.5098113	0	0	1	2	7	7	5	14	9	1	5	4	5	13	4	4	1	4	5	2	13	1	9	1	5	1	10	1		1	2	11	
113	6	12	11	15	臺北市	中山區	中山區錦州街17號	25.0604179	121.5244568	0	0	1	2	8	5	5	14	9	1	5	4	5	13	4	4	5	5	5	2	4	4	9	1	3	11	4	2		1	4	10	
113	6	12	11	24	臺北市	松山區	松山區市民大道4段與敦化南路1段口	25.044918	121.5490685	0	0	1	2	8	6	5	4	1	1	5	4	5	13	2	1	1	3	5	2	13	1	9	1	6	1	10	1		2	2	11	
113	6	12	11	40	臺北市	中山區	中山區民生東路3段與復興北路口	25.0579786	121.544038	0	0	1	2	8	7	5	4	1	1	5	4	5	13	2	1	7	2	5	2	17	1	6	1	5	1	10	1		1	3	12	
113	6	12	11	44	臺北市	士林區	士林區社子大橋與延平北路7段106巷口	25.110913	121.4944891	0	0	1	2	8	6	5	3	2	1	5	4	5	13	1	1	1	4	1	1	17	1	6	1	7	2	8	1		1	3	5	
113	6	12	12	17	臺北市	大同區	大同區民生西路與萬全街40巷口	25.05764993	121.5202402	0	0	1	2	8	6	5	3	1	1	5	4	5	13	4	4	5	5	5	2	16	4	5	1	5	9	10	2		2	3	12	
113	6	12	12	25	臺北市	中正區	中正區中山南路與仁愛路1段口	25.0394651	121.5179434	0	0	2	3	8	6	5	5	2	1	5	4	5	13	1	1	4	4	5	2	12	1	9	3	5	2	18	1		1	2	14	
113	6	12	12	29	臺北市	北投區	北投區石牌路2段91號	25.1171714	121.5163497	0	0	1	2	8	6	5	14	9	1	5	4	5	13	4	4	5	4	5	2	9	5	20	8	4	10	20	1		1	2	16	
113	6	12	12	44	臺北市	大安區	大安區新生南路1段145巷與新生南路1段139巷6弄口	25.0357479	121.5335523	0	0	1	2	8	6	5	4	1	1	5	4	5	13	4	4	10	5	5	2	15	1	9	1	7	1	4	1		1	3	8	
113	6	12	14	0	臺北市	士林區	士林區福林橋與中山北路5段口	25.0976457	121.5272634	0	0	1	2	8	6	5	4	2	1	5	4	5	13	1	1	1	5	5	2	18	1	9	1	6	9	10	1		1	2	14	
113	6	12	14	20	臺北市	士林區	士林區通河街76巷與承德路4段10巷口	25.0801317	121.5201487	0	0	2	3	7	7	5	4	1	1	5	4	5	13	4	4	9	4	5	1	17	1	9	1	5	2	10	1		1	2	11	
113	6	12	14	23	臺北市	萬華區	萬華區中華路1段與南寧路口	25.0372011	121.5067025	0	0	1	2	7	6	5	5	1	1	5	4	5	13	2	1	1	4	1	2	17	1	5	1	7	1	1	1		1	3	4	
113	6	12	14	30	臺北市	中正區	中正區汀州路3段1號	25.0205788	121.5257918	0	0	1	2	8	7	5	14	9	1	5	4	5	13	4	4	1	4	5	2	13	1	1	1	7	1	1	1		1	3	1	
113	6	12	14	35	臺北市	中正區	中正區濟南路2段47-1號	25.0405432	121.530667	0	0	1	2	8	6	5	14	9	1	5	4	5	13	4	4	5	5	5	2	17	1	13	1	2	2	8	1		1	3	4	
113	6	12	14	51	臺北市	中山區	中山區市民大道3段與八德路2段210巷口口	25.0447495	121.5395427	0	0	1	2	8	6	5	3	1	1	5	4	5	13	2	1	1	4	5	2	16	1	6	1	7	1	8	1		1	3	5	
113	6	12	14	52	臺北市	信義區	信義區信義路6段與虎林街口口	25.0361788	121.5781094	0	0	1	2	8	6	5	4	2	1	5	4	5	13	2	1	5	4	5	2	17	1	4	1	6	1	10	1		1	2	11	
113	6	12	14	55	臺北市	中正區	中正區汀州路1段與西藏路口	25.0306627	121.5073845	0	0	1	2	8	7	5	4	1	1	5	4	5	13	2	1	3	4	5	2	13	1	14	1	5	1	10	1		2	2	13	
113	6	12	15	4	臺北市	文山區	文山區木柵路2段138巷與興隆路4段109巷口口	24.9867687	121.5627004	0	0	1	2	8	6	5	4	1	1	5	4	5	13	2	1	5	4	5	2	13	1	5	1	7	1	8	1		1	3	5	
113	6	12	15	11	臺北市	內湖區	內湖區麥帥二橋(內湖往松山)	25.0560454	121.5715358	0	0	1	2	8	5	5	10	7	1	5	4	5	13	4	4	10	4	5	2	13	1	9	1	7	1	8	1		1	2	1	
113	6	12	15	17	臺北市	信義區	信義區信義路5段2號	25.0329651	121.5600557	0	0	1	2	7	6	5	14	9	1	5	4	5	13	4	4	1	4	5	2	12	1	9	1	5	2	10	1		2	2	13	
113	6	12	15	22	臺北市	北投區	北投區承德路7段188巷與無名巷口	25.1143606	121.5086282	0	0	2	3	7	6	5	4	1	1	5	4	5	13	4	4	10	5	5	1	15	1	9	1	6	1	10	1		1	2	11	
113	6	12	15	44	臺北市	北投區	北投區中央北路4段與中央北路4段541巷口	25.1279478	121.4678415	0	0	1	2	8	5	5	3	1	1	5	4	5	13	1	1	9	4	5	2	17	4	7	1	3	2	10	1		2	2	14	
113	6	12	15	45	臺北市	松山區	松山區民權東路4段與敦化北路口	25.06163057	121.5505584	0	0	1	2	8	6	5	4	1	1	5	4	5	13	2	1	3	4	5	2	12	1	15	1	6	1	10	1		1	3	12	
113	6	12	16	24	臺北市	松山區	松山區八德路4段東往西第0202948號燈桿	25.04839834	121.5593021	0	0	1	2	8	6	5	14	9	1	5	4	5	13	4	4	5	5	5	2	16	4	15	1	6	1	10	1		2	2	14	
113	6	12	16	40	臺北市	松山區	松山區南京東路5段298號	25.0512375	121.5673888	0	0	1	2	8	5	5	14	9	1	5	4	5	13	4	4	3	5	5	2	17	4	6	1	6	2	10	1		1	2	14	
113	6	12	17	7	臺北市	萬華區	萬華區艋舺大道206號	25.0328953	121.4993051	0	0	1	2	7	6	8	22	22	1	5	4	5	13	4	4	1	4	4	2	17	1	6	1	7	1	8	1		1	3	2	
113	6	12	17	17	臺北市	文山區	文山區興隆路1段13號	25.0043479	121.5395359	0	0	1	2	8	6	5	14	9	1	5	4	5	13	4	4	1	4	5	2	16	1	6	1	7	1	8	1		1	3	2	
113	6	12	17	35	臺北市	內湖區	內湖區瑞湖街與舊宗路2段171巷口	25.0711016	121.577185	0	0	1	2	8	7	5	4	1	1	5	4	5	13	2	1	9	4	5	2	17	1	6	1	6	2	10	1		2	2	14	
113	6	12	17	53	臺北市	大同區	大同區承德路2段142號	25.0595725	121.5181536	0	0	1	2	7	6	5	14	9	1	5	4	5	13	4	4	1	4	5	2	12	4	9	1	3	1	8	1		1	3	4	
113	6	12	18	24	臺北市	中山區	中山區吉林路299巷與吉林路口	25.0626586	121.5302977	0	0	1	2	8	5	5	4	1	1	5	4	5	13	4	4	9	4	5	2	15	1	9	1	3	1	4	1		1	3	6	
113	6	12	18	25	臺北市	中正區	中正區重慶南路3段111號	25.0238964	121.5170134	0	0	2	2	8	6	5	14	9	1	5	4	5	13	1	1	3	4	5	2	12	1	7	1	5	1	10	1		1	2	14	
113	6	12	18	43	臺北市	松山區	松山區觀山河濱公園3015244燈桿	25.06421433	121.5684823	0	0	1	2	8	5	8	14	23	1	5	4	5	13	4	4	9	5	5	2	12	1	9	8	4	1	20	1		1	3	14	
113	6	12	18	59	臺北市	北投區	北投區承德路7段與承德路7段口384號	25.11904124	121.5022818	0	0	2	2	8	5	5	3	2	1	5	4	5	13	4	4	1	4	5	2	13	1	6	1	5	1	10	1		1	2	12	
113	6	12	18	59	臺北市	萬華區	萬華區康定路與康定路278巷口	25.0369727	121.5015166	0	0	1	2	8	7	5	3	2	1	5	4	5	10	4	4	8	3	5	2	17	1	6	1	5	2	10	1		1	3	17	
113	6	12	19	7	臺北市	文山區	文山區木柵路1段139號	24.98747395	121.5502084	0	0	2	2	8	5	5	14	9	2	5	4	5	13	2	1	5	4	5	2	17	4	9	1	5	1	10	1		1	2	11	
113	6	12	19	20	臺北市	大安區	大安區忠孝東路3段與建國南路1段口	25.041676	121.5369067	0	0	1	2	7	5	5	5	1	1	5	4	5	13	2	1	10	5	5	2	16	4	5	1	3	1	8	1		2	3	7	
113	6	12	19	37	臺北市	萬華區	萬華區和平西路3段13巷與三水街25巷口	25.0348187	121.5044833	0	0	2	2	7	5	5	4	1	1	5	4	5	13	4	4	10	5	5	2	15	1	9	1	5	1	10	1		1	2	11	
113	6	12	20	0	臺北市	文山區	文山區木柵路1段1號	24.98832809	121.5425136	0	0	1	2	8	5	5	14	9	1	5	4	5	13	4	4	5	5	5	1	18	1	9	2	6	1	18	1		1	2	14	
113	6	12	20	20	臺北市	信義區	信義區吳興街156巷25弄2號附近側附近	25.0286333	121.5608733	0	0	1	2	8	5	5	14	9	1	5	4	5	13	4	4	5	4	5	2	18	1	9	1	5	1	10	1		2	2	14	
113	6	12	20	30	臺北市	中正區	中正區忠孝東路2段37號	25.04365834	121.5283161	0	0	2	2	8	5	5	14	9	1	5	4	5	13	4	4	3	4	3	2	9	1	9	2	6	1	18	1		1	2	11	
113	6	12	20	37	臺北市	信義區	信義區松壽路與松智路15巷口	25.0359021	121.5662318	0	0	1	2	8	5	5	4	1	1	5	4	5	13	4	4	10	4	5	2	17	1	6	1	6	1	10	1		2	2	14	
113	6	12	20	50	臺北市	中山區	中山區林森北路310巷10號	25.05624706	121.5249567	0	0	1	2	8	5	5	14	9	1	5	4	5	13	4	4	10	5	5	2	16	4	1	1	6	1	10	1		2	2	12	
113	6	12	21	6	臺北市	文山區	文山區興隆路3段58號	25.0001317	121.5560922	0	0	1	2	8	5	5	3	1	1	5	4	5	13	2	1	1	4	5	2	12	1	8	1	6	1	10	1		1	2	12	
113	6	12	21	12	臺北市	大同區	大同區台北橋機慢車道	25.0635198	121.5085811	0	0	3	3	8	5	5	8	11	1	5	4	5	13	4	4	10	5	5	2	16	1	7	1	6	1	10	1		1	2	14	
113	6	12	21	58	臺北市	內湖區	內湖區瑞光路與瑞光路316巷口口	25.07676657	121.5739943	0	0	1	2	8	5	5	3	1	1	5	4	5	13	2	1	5	4	5	2	16	1	5	1	7	1	8	1		1	3	2	
113	6	12	22	0	臺北市	南港區	南港區南港路2段與成功路1段口	25.05447344	121.5932242	0	0	1	2	7	5	5	3	1	1	5	4	5	13	2	1	5	2	5	2	17	1	9	1	5	2	10	1		1	2	11	
113	6	12	22	9	臺北市	內湖區	內湖區文德路與文德路22巷口	25.0783856	121.5795118	0	0	1	2	7	5	5	4	1	1	5	4	5	13	1	1	1	3	5	1	17	1	6	8	2	1	20	1		2	2	12	
113	6	12	22	29	臺北市	大同區	大同區民權西路與延平北路3段口	25.0630658	121.5109585	0	0	1	2	8	5	5	14	11	1	5	4	5	13	1	1	1	4	5	2	17	1	9	1	7	2	8	1		1	3	17	
113	6	12	22	50	臺北市	文山區	文山區辛亥路7段69巷與辛亥路7段口	24.982483	121.5538587	0	0	1	2	8	5	5	3	2	1	5	4	5	13	4	4	5	5	4	1	13	1	9	3	6	1	18	1		2	2	11	
113	6	12	23	22	臺北市	中山區	中山區復興北路28號	25.04879184	121.5438053	0	0	1	3	8	5	5	14	9	1	5	4	5	13	4	4	1	4	5	2	12	1	8	1	7	1	21	1		1	3	5	12
113	6	13	1	58	臺北市	松山區	松山區延吉街7-6號	25.04715948	121.5534583	0	0	1	11	8	5	5	14	9	1	5	4	5	13	4	4	9	4	5	2	36	4	9	3	3	2	18	1		1	2	2	
113	6	13	6	0	臺北市	中山區	中山區中山北路2段與中山北路2段20巷口口	25.0534359	121.5223663	0	0	1	2	8	5	6	3	1	1	5	4	5	13	4	4	4	3	5	1	16	1	6	1	7	1	4	1		1	3	7	
113	6	13	6	58	臺北市	文山區	文山區仙岩路與仙岩路11巷口	24.9986099	121.5482862	0	0	2	5	8	6	5	4	2	1	5	4	3	12	4	4	10	5	5	2	17	1	9	1	7	1	8	1		2	2	1	
113	6	13	7	30	臺北市	內湖區	內湖區星雲街136號前	25.0797897	121.594971	0	0	1	2	7	6	5	14	9	1	5	4	5	13	1	1	5	5	5	2	17	1	9	1	6	1	10	1		2	2	12	
113	6	13	7	57	臺北市	中山區	中山區民權東路2段136號	25.0624165	121.532915	0	0	2	3	8	7	5	14	9	1	5	4	5	13	2	1	3	4	5	2	13	1	8	1	7	1	4	1		1	3	6	
113	6	13	8	0	臺北市	信義區	信義區永吉路206號	25.0455252	121.5729154	0	0	2	3	8	7	5	14	9	1	5	4	5	13	4	4	9	4	5	2	17	1	9	1	7	2	4	1		1	3	4	
113	6	13	8	3	臺北市	大安區	大安區忠孝東路4段248巷與延吉街138巷口	25.0398546	121.5540793	0	0	1	2	8	6	5	4	1	1	5	4	5	13	4	4	10	5	5	2	15	1	9	1	7	1	4	1		1	3	1	
113	6	13	8	8	臺北市	士林區	士林區中山北路6段與忠誠路1段口	25.1044815	121.5245801	0	0	1	3	8	5	5	4	1	1	5	4	5	13	2	1	1	4	5	1	13	1	9	1	7	1	8	1		2	3	1	
113	6	13	8	22	臺北市	士林區	士林區中山北路7段47號	25.11951181	121.5307825	0	0	2	6	8	6	5	14	9	1	5	4	5	13	4	4	1	4	5	1	17	1	1	1	5	1	10	1		1	2	12	
113	6	13	8	30	臺北市	中正區	中正區信義路1段(國家音樂廳停車場入口旁紅磚道)	25.03721876	121.5203352	0	0	2	2	8	6	8	22	22	4	5	4	4	12	4	4	10	5	5	2	10	1	9	8	4	1	20	1		1	2	11	
113	6	13	8	34	臺北市	士林區	士林區中山北路7段141巷與中山北路7段191巷口	25.1257908	121.5312311	0	0	2	2	8	7	5	3	1	1	5	4	5	13	4	4	5	5	5	2	17	1	5	1	5	2	10	1		2	2	11	
113	6	13	8	59	臺北市	大同區	大同區承德路3段與酒泉街口	25.0705268	121.5185701	0	0	1	2	8	5	5	5	1	1	5	4	5	13	2	1	2	4	5	2	10	1	15	1	7	2	8	1		2	3	5	
113	6	13	9	22	臺北市	內湖區	內湖區成美橋(南港往內湖)	25.0554051	121.5823409	0	0	1	2	8	6	5	8	9	1	5	4	5	13	2	1	5	4	5	1	12	1	9	1	5	9	10	2		2	3	12	
113	6	13	9	29	臺北市	北投區	北投區承德路7段221號	25.114751	121.5064993	0	0	2	2	8	6	5	14	8	1	5	4	5	13	4	4	1	4	4	2	13	1	9	1	5	1	10	1		1	2	11	
113	6	13	9	47	臺北市	士林區	士林區福國路與德行西路94巷口	25.10181148	121.5216846	0	0	2	3	8	7	5	5	1	1	5	4	5	13	2	1	1	2	1	2	17	1	9	1	6	1	10	1		1	2	11	
113	6	13	9	55	臺北市	內湖區	內湖區舊宗路1段與新湖三路口	25.06358602	121.5767007	0	0	1	2	8	5	5	4	1	1	5	4	5	13	2	1	1	4	5	2	16	1	5	1	7	1	4	1		1	3	8	
113	6	13	10	9	臺北市	大安區	大安區新生南路1段與新生南路1段133巷口	25.0373799	121.5329383	0	0	2	3	8	6	5	3	1	1	5	4	5	13	4	4	3	2	2	2	16	1	6	1	7	1	8	1		1	3	2	
113	6	13	10	15	臺北市	大安區	大安區市民大道4段與光復南路72巷口	25.044535	121.5556098	0	0	1	2	8	6	5	3	1	1	5	4	1	11	4	4	1	4	5	2	16	1	9	1	5	1	10	1		1	2	12	
113	6	13	10	24	臺北市	大安區	大安區臥龍街與臥龍街151巷口	25.0182609	121.5508695	0	0	1	2	8	7	5	5	1	1	5	4	5	13	1	1	9	2	4	2	17	1	5	1	7	1	8	1		1	3	8	
113	6	13	11	5	臺北市	文山區	文山區景文街與景文街103巷口口	24.9907583	121.5412387	0	0	2	2	8	6	5	3	1	1	5	4	5	13	4	4	5	5	4	2	16	1	5	1	6	1	10	1		1	2	12	
113	6	13	11	27	臺北市	中山區	中山區北安路588巷與北安路608巷4弄口	25.0810858	121.5491417	0	0	1	2	8	6	5	4	1	1	5	4	5	13	4	4	10	5	5	2	15	1	9	1	5	1	10	1		2	3	13	
113	6	13	11	50	臺北市	松山區	松山區塔悠路97號	25.05264987	121.5703181	0	0	1	2	8	6	5	14	9	1	5	4	5	13	4	4	1	4	5	2	17	4	6	1	6	1	10	1		2	3	17	
113	6	13	11	51	臺北市	中正區	中正區臨沂街3巷19號前	25.0432876	121.5314947	0	0	1	2	8	6	5	14	9	1	5	4	5	13	4	4	10	5	5	1	8	1	9	1	7	11	8	1		1	3	3	
113	6	13	12	2	臺北市	信義區	信義區信義路5段與松仁路口	25.0330183	121.5685969	0	0	1	2	7	5	5	22	20	1	5	4	5	13	4	4	10	5	5	2	1	4	21	8	3	11	20	2		4	4	15	
113	6	13	12	16	臺北市	文山區	文山區羅斯福路6段159巷與三福街口口	24.9971302	121.5423826	0	0	2	3	8	6	5	4	1	1	5	4	5	13	4	4	10	5	5	1	15	1	9	1	5	1	10	1		1	2	12	
113	6	13	12	26	臺北市	南港區	南港區南港路2段26號	25.0540838	121.6052399	0	0	1	2	7	7	5	14	7	1	5	4	5	13	4	4	4	3	4	2	12	1	7	1	7	1	8	1		1	3	4	
113	6	13	12	33	臺北市	松山區	松山區塔悠路36號	25.0507887	121.5711181	0	0	1	2	7	7	5	14	7	1	5	4	3	13	1	1	1	3	4	2	12	1	7	1	5	1	21	1		2	2	14	
113	6	13	13	10	臺北市	信義區	信義區松仁路221號	25.0267946	121.5683191	0	0	1	2	8	6	5	14	9	1	5	4	5	13	2	1	5	5	5	2	12	1	7	1	6	2	10	1		1	2	14	
113	6	13	13	10	臺北市	北投區	北投區石牌路2段與立農街2段口口	25.1189362	121.51832	0	0	1	3	8	5	5	14	9	1	5	4	5	13	4	4	10	5	5	2	12	1	9	1	7	11	8	2		1	3	2	
113	6	13	13	30	臺北市	大同區	大同區永昌街與民樂街口	25.0555906	121.5109137	0	0	2	3	8	6	5	3	1	1	5	4	5	13	4	4	10	5	5	2	16	1	5	1	6	2	10	1		2	2	11	
113	6	13	13	35	臺北市	大安區	大安區基隆路3段130號	25.01658607	121.5434313	0	0	1	2	8	6	5	14	7	1	5	4	5	13	4	4	9	4	4	1	12	4	8	1	3	1	8	1		2	3	2	
113	6	13	13	40	臺北市	士林區	士林區大東路與福德路口	25.0921571	121.5253501	0	0	1	2	8	5	5	4	1	1	5	4	5	13	2	1	5	5	5	2	16	4	5	1	3	1	8	1		1	3	1	
113	6	13	13	44	臺北市	大同區	大同區民生西路405號	25.0569069	121.5091776	0	0	1	2	7	6	5	14	9	1	5	4	5	13	4	4	4	4	5	2	16	4	9	1	3	1	8	1		2	3	5	
113	6	13	14	22	臺北市	信義區	信義區虎林街30巷(松隆路286之1號)	25.0482423	121.5759951	0	0	1	2	8	6	8	22	22	1	5	4	5	13	4	4	1	4	5	2	17	1	5	1	6	2	10	1		1	3	14	
113	6	13	14	30	臺北市	士林區	士林區中山北路7段與中山北路7段140巷口口	25.12303546	121.5321553	0	0	1	2	8	7	5	4	1	1	5	4	5	13	2	1	1	4	5	1	18	1	11	1	5	9	10	1		2	2	14	
113	6	13	15	6	臺北市	大同區	大同區長安西路與西寧北路口	25.0520083	121.5085851	0	0	1	2	8	6	5	4	1	1	5	4	5	13	2	1	5	5	5	2	16	1	5	1	7	1	8	1		2	3	8	
113	6	13	15	23	臺北市	中山區	中山區堤頂大道2段與樂群一路口	25.0773502	121.5684095	0	0	1	3	7	5	5	5	2	1	5	4	5	13	2	1	3	4	5	2	29	4	9	1	3	1	10	1		1	2	11	
113	6	13	15	50	臺北市	士林區	士林區劍潭路與承德路4段口	25.0843351	121.523346	0	0	2	3	8	6	5	4	2	1	5	4	5	13	1	1	1	4	5	2	17	1	6	1	5	1	10	1		1	3	12	
113	6	13	16	6	臺北市	信義區	信義區福德街214號	25.0383493	121.584299	0	0	1	2	8	6	5	14	9	1	5	4	5	13	4	4	9	5	5	2	13	4	9	1	5	1	10	1		2	2	11	
113	6	13	16	25	臺北市	中山區	中山區復興北路430巷與民權東路口側附近3段75巷口	25.0633506	121.54365	0	0	1	2	8	5	5	4	1	1	5	4	5	13	3	2	10	4	5	2	17	4	9	1	3	1	8	1		1	3	5	
113	6	13	16	29	臺北市	萬華區	萬華區西園路2段237號	25.0267615	121.4936462	0	0	1	2	7	6	5	14	9	1	5	4	5	13	4	4	1	4	5	2	12	1	8	1	7	1	2	1		1	3	2	
113	6	13	16	44	臺北市	信義區	信義區忠孝東路5段17號	25.0411466	121.5658662	0	0	1	2	8	6	5	14	9	1	5	4	5	13	4	4	1	4	5	2	13	1	9	1	7	1	8	1		1	3	8	
113	6	13	17	18	臺北市	南港區	南港區忠孝東路6段269巷與忠孝東路6段269巷3弄口口	25.0503071	121.5894996	0	0	2	2	8	7	5	4	1	1	5	4	3	13	4	4	10	5	5	2	16	1	5	8	4	1	20	1		1	2	14	
113	6	13	17	45	臺北市	中正區	中正區廈門街與廈門街14巷口	25.026438	121.5177664	0	0	1	4	8	6	5	3	2	1	5	4	5	13	4	4	4	5	5	1	17	1	9	3	5	1	18	1		2	2	11	
113	6	13	17	45	臺北市	南港區	南港區中坡北路106號	25.0485827	121.5802445	0	0	1	3	8	6	5	14	9	1	5	4	5	13	4	4	5	4	5	2	17	1	14	1	7	1	4	1		1	3	2	
113	6	13	17	45	臺北市	士林區	士林區延平北路7段與延平北路7段150巷口	25.0981053	121.4933903	0	0	2	2	8	6	5	4	2	1	5	4	4	12	1	1	5	5	5	2	3	1	9	1	6	2	10	1		1	2	11	
113	6	13	17	58	臺北市	文山區	文山區萬壽路與指南路2段口	24.9875436	121.5760143	0	0	1	2	8	5	5	4	18	1	5	4	5	13	2	1	10	5	5	1	3	1	6	1	5	2	10	2		1	3	11	
113	6	13	18	19	臺北市	內湖區	內湖區陽光街與文德路208巷口	25.0750091	121.5835524	0	0	1	2	8	7	8	3	1	1	5	4	5	13	1	1	5	5	5	2	16	1	5	1	5	1	10	1		2	3	11	
113	6	13	18	20	臺北市	內湖區	內湖區民權東路6段90巷5弄1號	25.068427	121.5861955	0	0	1	2	8	7	8	14	9	1	5	4	5	13	4	4	9	5	5	1	12	4	15	1	3	1	8	1		1	3	4	
113	6	13	18	20	臺北市	士林區	士林區德行東路132巷與德行東路132巷3弄口	25.1074685	121.5292366	0	0	2	2	8	6	5	4	1	1	5	4	5	13	4	4	10	5	5	1	10	1	9	1	5	1	10	1		2	2	11	
113	6	13	18	22	臺北市	大安區	大安區和平東路1段103號	25.02695012	121.5263228	0	0	1	2	8	5	8	22	22	4	5	4	5	13	4	4	10	5	5	2	9	5	20	8	4	10	20	2		4	2	16	
113	6	13	18	31	臺北市	信義區	信義區忠孝東路5段與松信路口口	25.0410275	121.5720398	0	0	3	3	8	5	5	4	1	1	5	4	5	13	2	1	1	4	5	2	12	1	9	1	6	1	10	1		2	2	14	
113	6	13	18	40	臺北市	內湖區	內湖區民權東路6段與成功路2段口	25.0689152	121.5906451	0	0	2	3	8	5	5	4	1	1	5	4	5	13	2	1	1	2	5	1	13	1	9	1	5	1	10	1		1	2	13	
113	6	13	18	47	臺北市	中山區	中山區北安路47號	25.07774109	121.528669	0	0	1	3	7	5	5	14	9	1	5	4	5	13	4	4	1	5	5	1	13	4	9	1	3	9	10	1		2	2	11	
113	6	13	19	25	臺北市	大同區	大同區鄭州路與西寧北路口	25.0505663	121.5083186	0	0	2	3	8	6	5	14	9	1	5	4	5	13	2	1	9	4	5	2	17	4	9	1	7	1	8	1		1	3	1	
113	6	13	19	50	臺北市	信義區	信義區林口街與林口街38巷口	25.0378938	121.5793633	0	0	3	3	8	5	5	4	1	1	5	4	5	13	4	4	9	5	4	1	17	1	5	1	6	1	10	1		1	2	14	
113	6	13	21	20	臺北市	中山區	中山區中山北路2段42巷與中山北路2段口無名巷	25.05464889	121.5216475	0	0	2	2	8	5	5	4	1	1	5	4	5	13	4	4	5	4	5	2	15	1	9	1	6	1	10	1		2	2	11	
113	6	13	21	30	臺北市	中正區	中正區羅斯福路1段與福州街口	25.0300934	121.5200801	0	0	1	3	8	5	5	5	2	1	5	4	5	13	1	1	1	4	5	2	13	1	9	1	5	2	10	1		1	2	11	
113	6	13	21	44	臺北市	內湖區	內湖區康寧路3段與民權東路6段口	25.0730692	121.6062229	0	0	5	5	8	5	5	3	18	2	5	4	5	13	3	1	1	4	4	1	3	1	9	6	5	2	18	1		1	2	11	
113	6	13	21	52	臺北市	大安區	大安區羅斯福路3段與師大路口	25.0212269	121.5277676	0	0	2	3	7	5	5	3	1	1	5	4	5	13	2	1	1	4	5	2	16	4	9	3	5	1	18	1		1	2	11	
113	6	13	22	30	臺北市	士林區	士林區承德路4段與大南路口	25.0888588	121.5216298	0	0	3	4	8	5	5	5	2	1	5	4	5	13	1	1	10	4	5	1	17	1	6	1	6	2	10	1		1	3	12	
113	6	13	22	33	臺北市	大安區	大安區光復南路與文昌街口	25.0321296	121.5573178	0	0	1	2	8	5	5	4	2	1	5	4	5	13	1	1	1	4	5	2	16	4	5	1	3	1	8	1		1	3	1	
113	6	13	22	48	臺北市	萬華區	萬華區和平西路3段與和平西路3段89巷口	25.0355157	121.5003869	0	0	2	2	8	5	5	3	1	1	5	4	5	13	4	4	1	4	4	2	17	1	5	1	6	1	10	1		1	2	14	