年	月	日	時	分	縣市	行政區	allLocation	GoogleLat	GoogleLng	死	2-30	受傷	當事人數	天候	道路照明設備	道路類別	道路型態	事故位置	路面狀況1	路面狀況2	路面狀況3	道路障礙1	道路障礙2	號誌1	號誌2	車道劃分-分向	車道劃分-分道1	車道劃分-分道2	車道劃分-分道3	事故類型及型態	行動電話	當事者行動狀態	駕駛資格情形	保護裝置	飲酒情形	駕駛執照種類	個人肇逃否	肇因碼-主要	性別	受傷程度	車輛撞擊部位1	車輛撞擊部位2
113	6	13	23	20	臺北市	信義區	信義區忠孝東路5段與大道路口	25.0432072	121.5813267	0	0	2	2	7	5	5	14	9	1	5	4	5	13	2	1	1	4	5	2	17	1	9	1	5	1	10	1		1	2	11	
113	6	14	0	1	臺北市	萬華區	萬華區武昌街2段與康定路口	25.045503	121.5031389	0	0	1	2	8	5	5	4	18	1	5	4	5	13	2	1	1	5	5	2	3	1	5	1	7	1	4	1		1	3	1	
113	6	14	0	5	臺北市	松山區	松山區塔悠路與基隆路1段口	25.0515297	121.570234	0	0	1	2	8	5	5	5	1	1	5	4	5	13	2	1	1	3	5	2	12	4	9	1	3	2	4	1		1	3	4	
113	6	14	7	15	臺北市	大安區	大安區新生南路3段與新生南路3段19巷口	25.025021	121.5348313	0	0	1	2	8	7	5	3	2	1	5	4	5	13	4	4	8	3	4	1	17	1	6	1	7	1	4	1		1	3	8	
113	6	14	7	15	臺北市	文山區	文山區木柵路3段102巷與木柵路3段102巷6弄口	24.9880028	121.5676179	0	0	3	3	8	7	5	3	1	1	5	4	5	13	4	4	10	5	5	2	16	1	6	1	5	1	10	1		1	2	14	
113	6	14	7	17	臺北市	內湖區	內湖區成功路4段與成功路4段41巷口	25.08135786	121.5916282	0	0	1	2	8	5	5	3	2	1	5	4	5	13	4	4	1	4	4	2	12	1	9	6	7	2	8	1		1	3	6	
113	6	14	7	27	臺北市	大安區	大安區新生南路3段23號	25.0246803	121.5347835	0	0	1	3	8	6	5	14	9	1	5	4	5	13	4	4	1	4	1	2	12	1	9	1	7	1	8	1		1	3	15	
113	6	14	7	33	臺北市	松山區	松山區民生東路3段與民生東路3段107巷口	25.0579075	121.5448825	0	0	1	2	7	6	5	3	2	1	5	4	5	13	4	4	6	3	5	1	16	1	9	1	7	1	8	1		1	3	1	
113	6	14	7	45	臺北市	大同區	大同區承德路2段75巷與承德路2段91巷口	25.0562202	121.5189399	0	0	1	2	8	5	5	4	1	1	5	4	5	13	4	4	10	5	5	2	17	4	9	6	3	2	10	1		1	2	11	
113	6	14	8	0	臺北市	文山區	文山區木柵路4段與木柵路4段21巷口	24.9930029	121.5712621	0	0	1	2	8	6	5	14	9	1	5	4	5	13	2	1	5	2	5	2	17	4	15	1	5	2	10	1		1	2	15	
113	6	14	8	17	臺北市	大安區	大安區信義路4段與信義路4段378巷口	25.0330192	121.5557114	0	0	1	2	8	5	5	3	2	1	5	4	5	13	4	4	1	4	5	2	13	1	9	1	5	1	10	1		1	2	11	
113	6	14	8	22	臺北市	中山區	中山區松江路與松江路357巷口	25.0635532	121.5334795	0	0	1	2	8	5	5	3	1	1	5	4	5	13	4	4	1	4	5	2	16	4	6	1	3	1	8	1		1	3	4	
113	6	14	8	23	臺北市	萬華區	萬華區漢口街2段與昆明街口	25.0460122	121.5055875	0	0	1	2	8	7	5	4	1	1	5	4	5	13	1	1	9	5	5	2	16	1	5	1	7	1	8	1		1	3	4	
113	6	14	8	29	臺北市	中山區	中山區吉林路277號	25.0628436	121.5303312	0	0	1	2	8	6	5	14	9	1	5	4	5	13	4	4	5	4	5	2	13	1	9	6	6	9	18	1		1	2	11	
113	6	14	8	49	臺北市	大安區	大安區基隆路4段與羅斯福路4段口	25.01146652	121.5375543	0	0	2	2	8	6	5	5	1	1	5	4	5	13	2	1	1	4	5	2	16	1	7	1	6	1	10	1		1	2	14	
113	6	14	8	57	臺北市	內湖區	內湖區民權東路6段與行忠路口	25.0658397	121.5756731	0	0	1	2	8	7	5	5	2	1	5	4	5	13	1	1	1	4	5	2	12	1	7	1	5	9	10	1		2	2	14	
113	6	14	11	0	臺北市	信義區	信義區松智路與松勤街口	25.0320067	121.5653492	0	0	1	2	7	5	5	4	1	1	5	4	5	13	1	1	5	5	5	1	16	1	6	1	7	1	4	1		1	3	6	
113	6	14	11	5	臺北市	信義區	信義區富陽街55巷與富陽街21巷口	25.0225964	121.5574496	0	0	1	2	8	6	5	4	1	1	5	4	5	13	4	4	10	5	5	2	15	4	9	1	3	1	4	1		1	3	5	
113	6	14	11	35	臺北市	中正區	中正區重慶南路1段與漢口街1段口	25.04521637	121.5132146	0	0	2	2	6	7	5	4	2	1	4	4	5	13	1	1	10	4	5	2	16	1	5	1	5	2	10	1		1	2	14	
113	6	14	11	40	臺北市	中山區	中山區北安路588巷與北安路578巷8弄口	25.0810634	121.5491516	0	0	1	3	6	6	5	4	1	1	4	4	5	13	4	4	10	5	5	2	17	4	9	1	5	1	10	1		2	2	12	
113	6	14	11	42	臺北市	萬華區	萬華區中華路2段與國興路口	25.024934	121.5091352	0	0	1	2	6	7	5	5	1	1	4	4	5	13	1	1	9	4	5	2	17	4	11	1	3	11	4	2		1	4	17	
113	6	14	11	45	臺北市	大同區	大同區延平北路2段與民生西路口	25.0569097	121.5115676	0	0	1	2	6	6	5	4	1	1	4	4	5	13	2	1	5	4	5	2	16	1	5	1	5	1	10	1		1	2	12	
113	6	14	11	58	臺北市	中正區	中正區林森北路與忠孝東路1段口	25.045022	121.5233512	0	0	1	2	6	6	5	4	2	1	4	4	5	13	1	1	5	4	5	2	18	1	15	1	6	2	10	1		3	2	14	
113	6	14	12	0	臺北市	內湖區	內湖區民權東路6段206巷與民權東路6段口	25.06827146	121.595587	0	0	1	2	6	7	5	4	2	1	4	4	5	13	2	1	1	4	5	2	17	1	11	1	7	1	8	1		2	3	6	
113	6	14	12	5	臺北市	信義區	信義區基隆路1段與基隆路1段101巷口	25.045484	121.5672062	0	0	1	2	7	5	5	3	2	1	4	4	5	13	4	4	5	4	5	1	17	4	6	1	3	11	8	2		1	3	17	
113	6	14	12	5	臺北市	內湖區	內湖區康寧路3段與康寧路3段75巷口	25.07191249	121.6088427	0	0	1	2	6	6	5	3	1	1	4	4	5	13	2	1	1	4	5	2	16	1	11	1	7	1	1	1		1	3	2	
113	6	14	12	9	臺北市	中正區	中正區忠孝東路1段與林森北路口	25.0450172	121.523371	0	0	1	3	6	6	5	4	2	1	4	4	5	13	1	1	5	4	5	2	17	1	15	1	6	2	10	1		1	2	14	
113	6	14	12	18	臺北市	信義區	信義區松高路與松高路20巷口	25.0390181	121.5676095	0	0	1	2	7	7	5	3	1	1	4	4	5	13	4	4	9	4	5	2	17	4	9	1	6	1	10	1		1	2	12	
113	6	14	12	35	臺北市	北投區	北投區中央北路1段與中央北路1段179巷口	25.13572229	121.4979501	0	0	1	2	6	7	5	4	1	1	4	4	5	13	4	4	5	5	5	2	3	1	9	1	6	9	10	1		2	3	11	
113	6	14	12	38	臺北市	大同區	大同區忠孝橋機慢車道往新北	25.0488422	121.5072136	0	0	1	3	6	6	5	8	11	1	4	4	5	13	4	4	1	5	4	2	17	1	9	1	6	1	10	1		1	3	17	
113	6	14	12	46	臺北市	大安區	大安區光復南路72巷與市民大道4段口	25.0446388	121.556047	0	0	1	3	6	7	5	3	1	1	4	4	1	11	4	4	1	4	1	2	17	4	6	1	3	1	8	1		1	3	4	
113	6	14	13	17	臺北市	萬華區	萬華區峨眉街115號	25.0442974	121.5037657	0	0	2	3	8	7	5	14	9	1	4	4	5	13	4	4	10	5	5	2	9	3	14	1	7	1	8	1		1	3	2	
113	6	14	13	48	臺北市	大安區	大安區敦化南路2段63巷53弄與安和路2段32巷口	25.0317513	121.5515903	0	0	1	2	8	6	5	4	1	1	4	4	5	13	4	4	9	4	5	1	15	4	9	7	6	1	19	1		1	3	11	
113	6	14	14	0	臺北市	內湖區	內湖區舊宗路1段與行忠路口	25.0651997	121.5756154	0	0	1	2	8	7	5	14	9	1	4	4	5	13	4	4	1	4	5	2	17	1	8	1	5	1	10	1		1	3	17	
113	6	14	14	2	臺北市	士林區	士林區文林路與美崙街口	25.0972719	121.5239771	0	0	2	2	8	7	5	4	2	1	5	4	5	13	1	1	10	4	5	1	17	1	5	3	5	2	18	1		1	2	12	
113	6	14	14	5	臺北市	士林區	士林區基河路251巷與福德路口	25.0922645	121.5225844	0	0	3	3	8	7	5	4	1	1	5	4	5	13	4	4	10	5	5	2	15	1	9	1	6	1	9	1		1	2	11	
113	6	14	14	17	臺北市	大安區	大安區敦化南路1段與安和路1段口	25.0397173	121.5490669	0	0	2	3	8	5	5	3	2	1	5	4	5	13	4	4	1	5	5	2	13	1	9	1	2	1	2	1		1	3	1	
113	6	14	14	36	臺北市	北投區	北投區承德路6段與福國路口	25.1008902	121.5124923	0	0	3	3	8	6	5	14	7	1	5	4	5	13	2	1	1	4	4	2	13	1	9	1	7	2	8	1		2	2	1	
113	6	14	14	39	臺北市	萬華區	萬華區貴陽街2段與柳州街口	25.03983416	121.5052009	0	0	1	2	8	7	5	4	2	1	5	4	5	13	2	1	5	4	5	2	17	1	5	1	6	1	10	1		1	3	13	
113	6	14	14	44	臺北市	松山區	松山區八德路4段580號	25.0497163	121.5722371	0	0	1	2	8	5	5	14	9	1	5	4	5	13	1	1	5	4	5	2	12	4	9	1	7	1	8	1		1	3	2	
113	6	14	15	3	臺北市	中山區	中山區南京東路2段115巷與松江路133巷口	25.0543664	121.5336525	0	0	1	2	8	7	5	4	1	1	5	4	5	13	4	4	10	5	5	2	15	1	9	1	7	1	4	1		1	3	1	
113	6	14	15	10	臺北市	士林區	士林區承德路4段與大南路口	25.08894938	121.5215072	0	0	1	2	8	7	5	4	1	1	5	4	5	13	1	1	1	5	5	2	17	1	9	1	6	1	10	1		2	2	14	
113	6	14	15	15	臺北市	中山區	中山區新生北路2段與林森北路259巷口	25.0542802	121.5273808	0	0	1	2	8	5	6	3	1	1	5	4	5	13	4	4	10	4	5	2	16	4	6	1	3	1	4	1		1	3	6	
113	6	14	15	15	臺北市	士林區	士林區文林路與德行西路口	25.10321395	121.5195813	0	0	1	2	8	6	5	4	1	1	5	4	5	13	2	1	1	4	4	1	11	1	11	1	7	1	8	1		1	3	5	
113	6	14	15	20	臺北市	中正區	中正區汀州路3段93號	25.0173974	121.5289779	0	0	1	3	8	7	5	14	9	1	5	4	5	13	4	4	5	5	5	2	12	4	1	1	5	1	10	1		1	2	14	
113	6	14	15	40	臺北市	信義區	信義區林口街與大道路28巷口口	25.041786	121.5810069	0	0	1	2	8	6	5	3	1	1	5	4	5	13	4	4	5	4	4	2	17	1	5	1	5	1	8	1		2	2	14	
113	6	14	15	45	臺北市	文山區	文山區萬和街與萬樂街口	24.9991473	121.5690294	0	0	1	2	7	6	5	3	1	1	5	4	5	13	4	4	10	5	5	2	16	1	6	1	7	1	8	1		1	3	8	
113	6	14	15	53	臺北市	中山區	中山區北安路458巷與北安路458巷47弄口	25.0778141	121.5445342	0	0	1	2	8	5	5	4	1	1	5	4	5	13	3	1	5	4	5	2	15	1	15	1	7	1	4	1		1	2	2	
113	6	14	16	4	臺北市	大安區	大安區仁愛路3段與建國南路1段口	25.0377341	121.5380649	0	0	1	2	8	6	5	4	4	1	5	4	5	13	1	1	1	4	5	2	13	1	10	1	5	1	10	1		1	2	11	
113	6	14	16	4	臺北市	文山區	文山區無名巷與木新路2段299巷口	24.98188758	121.5656163	0	0	1	2	8	6	5	3	1	1	5	4	5	13	4	4	10	5	5	2	17	4	1	1	3	7	10	1		1	3	12	
113	6	14	16	10	臺北市	文山區	文山區指南路3段34巷樟湖幹119B7224DE23電桿	24.96693308	121.5816177	0	0	1	2	8	7	5	11	9	1	4	4	5	13	4	4	10	5	5	1	18	1	9	1	6	1	10	1		3	2	11	
113	6	14	16	17	臺北市	大安區	大安區和平東路3段與臥龍街口	25.0246087	121.5467223	0	0	1	2	8	7	5	4	2	1	5	4	5	13	2	1	8	3	5	1	17	1	5	1	7	1	4	1		2	3	1	
113	6	14	16	30	臺北市	南港區	南港區市民大道8段與南港路2段178巷口	25.052163	121.5994823	0	0	1	2	8	7	5	3	2	1	5	4	5	13	3	1	1	4	5	2	16	4	6	1	3	1	8	1		1	3	7	
113	6	14	16	36	臺北市	信義區	信義區信義路6段21號	25.0343643	121.5755647	0	0	1	3	8	5	5	14	9	1	5	4	5	13	2	1	5	4	5	2	17	1	9	6	6	2	10	1		1	2	12	
113	6	14	16	52	臺北市	萬華區	萬華區艋舺大道與和平西路3段口	25.03388376	121.5047224	0	0	1	2	8	7	5	4	2	1	5	4	5	13	2	1	1	4	4	2	12	1	8	1	2	1	6	1		1	3	6	
113	6	14	16	53	臺北市	中正區	中正區羅斯福路2段105號對面	25.0242555	121.5237668	0	0	2	3	8	6	5	14	9	1	5	4	5	13	4	4	1	4	5	1	17	1	9	1	7	2	8	1		2	3	2	
113	6	14	17	21	臺北市	北投區	北投區大度路3段與中央北路4段口	25.1238846	121.4646007	0	0	1	2	8	7	5	4	1	1	5	4	5	13	1	1	1	4	5	2	16	1	6	1	6	2	10	1		2	3	13	
113	6	14	17	25	臺北市	文山區	文山區光輝路134巷與光輝路134巷3弄口	24.98493	121.5584211	0	0	2	2	8	6	5	4	1	2	5	4	5	13	4	4	10	5	5	2	15	1	9	1	5	2	10	1		1	2	14	
113	6	14	17	40	臺北市	北投區	北投區三合街2段427號	25.12658027	121.5026082	0	0	1	2	8	7	5	22	9	1	5	4	5	13	4	4	9	5	5	2	17	1	15	1	6	9	10	1		2	2	11	
113	6	14	17	45	臺北市	中正區	中正區市民大道3段2號	25.0458068	121.5311684	0	0	2	3	7	7	5	14	9	1	5	4	5	13	1	1	1	4	5	2	13	1	15	1	5	2	10	1		2	2	11	
113	6	14	18	0	臺北市	南港區	南港區舊莊街1段100號	25.0400693	121.6200668	0	0	1	3	8	5	5	14	9	1	5	4	5	13	4	4	5	4	5	2	13	1	9	1	7	1	8	1		1	3	1	
113	6	14	18	10	臺北市	文山區	文山區和平東路4段(北往南0706280燈桿旁）	25.0043466	121.5714396	0	0	3	3	8	6	5	14	9	1	5	4	5	13	4	4	5	5	5	2	17	1	9	1	5	2	10	1		1	2	17	
113	6	14	18	13	臺北市	大安區	大安區羅斯福路4段21號	25.0136371	121.5356096	0	0	1	2	8	6	5	14	9	1	5	4	5	13	1	1	1	4	5	2	17	4	9	1	3	1	10	1		1	2	15	
113	6	14	18	21	臺北市	士林區	士林區福德路與大東路口	25.0922423	121.5253328	0	0	1	3	8	5	5	4	1	1	5	4	5	13	2	1	5	5	5	2	16	4	5	7	3	1	19	1		1	3	2	
113	6	14	18	27	臺北市	內湖區	內湖區瑞光路196號	25.07368987	121.5792409	0	0	1	3	8	6	5	14	9	1	5	4	5	13	4	4	5	4	5	2	17	1	9	1	6	2	10	1		1	2	11	
113	6	14	18	28	臺北市	內湖區	內湖區新湖三路與新湖三路219巷口	25.0654436	121.5806001	0	0	1	2	8	5	5	4	2	1	5	4	5	13	4	4	5	5	5	2	17	1	5	1	5	1	10	1		1	2	12	
113	6	14	18	45	臺北市	中山區	中山區建國北路1段與南京東路3段口	25.0519463	121.5369419	0	0	1	3	8	5	5	14	7	1	5	4	5	13	1	1	5	4	4	2	13	1	9	1	7	1	4	1		1	3	1	
113	6	14	19	5	臺北市	文山區	文山區辛亥路5段68號	24.9990794	121.5535713	0	0	2	4	8	5	5	14	9	1	5	4	5	13	4	4	1	4	5	2	12	1	9	1	6	1	10	1		2	2	11	
113	6	14	19	10	臺北市	信義區	信義區嘉興街216巷14號	25.0271434	121.5562245	0	0	1	3	7	5	8	22	22	1	5	4	5	13	4	4	5	5	5	2	17	1	9	1	7	2	8	1		2	3	2	
113	6	14	19	17	臺北市	北投區	北投區承德路7段與承德路7段口384號	25.11926634	121.502048	0	0	1	2	8	5	5	3	2	1	5	4	5	13	4	4	1	4	4	2	13	1	9	3	5	2	18	1		1	3	11	
113	6	14	19	20	臺北市	萬華區	萬華區忠孝西路2段與忠孝西路2段16巷口	25.0482519	121.5085326	0	0	1	2	8	5	5	3	1	1	5	4	5	13	4	4	9	4	4	2	17	4	6	1	7	1	8	1		1	3	2	
113	6	14	19	40	臺北市	大安區	大安區和平東路1段與新生南路3段口	25.0259967	121.534728	0	0	1	2	8	6	5	4	1	1	5	4	5	13	1	1	1	4	5	2	16	4	21	7	3	11	19	2		1	4	15	
113	6	14	21	10	臺北市	文山區	文山區景華街與景華街128巷口	24.9958461	121.5469849	0	0	3	5	8	5	5	3	1	1	5	4	3	13	3	1	10	5	5	2	16	1	6	1	7	2	8	1		1	3	8	
113	6	14	21	15	臺北市	大同區	大同區承德路3段297-1號	25.0755408	121.5203938	0	0	1	2	8	5	5	3	2	1	5	4	5	13	4	4	1	5	5	2	35	1	9	1	6	8	10	1		1	2	14	
113	6	14	21	16	臺北市	內湖區	內湖區新明路與新明路298巷口	25.0556652	121.5822236	0	0	1	2	8	7	5	4	1	1	5	4	5	13	1	1	5	4	5	2	17	1	5	1	7	1	8	1		1	3	17	
113	6	14	21	23	臺北市	中山區	中山區民權東路1段與林森北路口	25.062783	121.5257524	0	0	3	3	8	5	5	4	1	1	5	4	5	13	1	1	1	4	5	2	13	1	12	1	5	2	10	1		2	2	13	
113	6	14	21	31	臺北市	中山區	中山區南京東路1段與新生北路1段口	25.05200181	121.5275504	0	0	3	3	7	5	5	3	1	1	5	4	5	13	2	1	1	5	5	1	16	4	8	1	3	1	9	1		1	2	12	
113	6	14	21	44	臺北市	松山區	松山區富錦街與光復北路口	25.0602911	121.5548799	0	0	2	2	7	5	5	3	1	1	5	4	5	13	3	1	5	2	4	2	16	1	5	1	7	1	4	1		1	2	1	14
113	6	14	22	0	臺北市	萬華區	萬華區忠孝西路2段與西寧南路口	25.04848222	121.507525	0	0	3	3	8	5	5	4	1	1	5	4	5	13	1	1	9	4	4	2	17	4	6	2	6	2	18	1		1	2	12	
113	6	14	22	15	臺北市	萬華區	萬華區西藏路與雙園街口	25.0288302	121.495284	0	0	2	2	7	5	5	3	2	1	5	4	5	13	3	1	1	4	5	2	16	1	5	1	5	1	10	1		2	2	14	
113	6	15	0	23	臺北市	中正區	中正區羅斯福路4段68號	25.0148604	121.5340724	0	0	2	3	8	5	5	14	9	2	5	4	5	13	4	4	3	4	5	2	13	1	9	1	5	2	10	1		1	2	11	
113	6	15	0	58	臺北市	信義區	信義區吳興街與吳興街269巷口	25.0268008	121.5639366	0	0	1	3	7	5	5	4	1	1	5	4	5	13	4	4	9	5	5	2	15	1	9	1	5	1	10	1		1	3	11	
113	6	15	3	47	臺北市	中山區	中山區民族東路336號	25.06811798	121.5364586	0	0	2	4	8	5	5	14	9	1	5	4	5	13	1	1	1	4	4	2	17	1	11	1	7	2	8	1		1	3	5	
113	6	15	5	3	臺北市	文山區	文山區木柵路4段與萬芳交流道口	25.000076	121.5765573	0	0	1	5	8	6	5	3	1	1	5	4	5	13	1	1	1	4	5	2	19	4	9	3	7	8	18	1		1	2	1	
113	6	15	7	36	臺北市	文山區	文山區景豐街與景豐街31巷口	25.0001299	121.5459855	0	0	1	2	8	6	5	4	1	1	5	4	5	13	3	1	5	5	5	2	15	1	9	1	7	2	8	1		1	3	5	
113	6	15	8	0	臺北市	萬華區	萬華區桂林路與桂林路242巷口	25.03881856	121.4960111	0	0	1	2	8	6	5	5	1	1	5	4	5	13	2	1	1	5	5	2	16	1	5	1	7	1	8	1		1	3	2	
113	6	15	8	19	臺北市	南港區	南港區市民大道8段與中南街口	25.0543109	121.6152402	0	0	2	3	8	7	5	4	2	1	5	4	5	13	2	1	1	4	5	2	15	4	9	1	3	1	8	1		1	3	1	
113	6	15	8	23	臺北市	大安區	大安區基隆路2段160號	25.0276767	121.5561587	0	0	1	2	8	6	5	14	9	1	5	4	5	13	2	1	1	4	5	2	13	1	9	1	6	1	10	1		1	2	11	
113	6	15	8	25	臺北市	中山區	中山區民生東路2段與松江路口	25.0579007	121.5331459	0	0	1	2	8	5	5	4	1	1	5	4	5	13	1	1	1	4	3	2	16	4	5	1	3	2	2	1		1	3	6	
113	6	15	8	29	臺北市	中山區	中山區松江路與松江路164巷口	25.05560345	121.5329049	0	0	1	2	8	6	5	14	9	1	5	4	5	13	4	4	10	5	5	2	17	1	9	1	6	1	10	1		2	3	13	
113	6	15	8	40	臺北市	內湖區	內湖區金龍路13巷與金龍路口	25.0844527	121.5950407	0	0	1	2	8	6	5	3	1	1	5	4	5	13	4	4	10	5	5	2	16	1	11	1	7	2	8	1		1	3	6	
113	6	15	8	49	臺北市	中正區	中正區中山南路與濟南路1段口	25.04326117	121.5190254	0	0	3	3	8	6	5	3	1	1	5	4	5	13	2	1	5	4	5	2	16	1	6	1	5	2	10	1		1	2	12	
113	6	15	8	58	臺北市	中山區	中山區敬業三路161巷與樂群二路116巷口	25.0792369	121.5553347	0	0	2	3	8	7	5	4	1	1	5	4	5	13	4	4	5	5	5	2	15	1	9	1	7	1	8	1		1	3	1	
113	6	15	9	17	臺北市	信義區	信義區基隆路1段往環東大道引道	25.0438149	121.5660758	0	0	3	4	8	6	5	14	16	1	5	4	5	13	4	4	9	4	5	2	13	1	9	1	7	1	8	1		1	3	1	
113	6	15	9	20	臺北市	北投區	北投區大度路1段與承德路7段401巷620弄口	25.1218201	121.4858576	0	0	1	2	8	6	5	4	2	1	5	4	5	13	1	1	1	4	4	2	16	1	6	1	7	2	1	1		1	3	5	
113	6	15	9	22	臺北市	士林區	士林區通河西街1段與通河西街1段口堤外百齡左岸074桿	25.085848	121.5126622	0	0	3	3	8	7	5	3	2	1	5	4	5	13	4	4	10	5	5	1	13	1	9	1	5	1	10	1		1	2	11	
113	6	15	9	51	臺北市	中山區	中山區林森北路與新生北路3段62巷口	25.06580988	121.5257157	0	0	1	2	8	7	5	4	2	2	5	4	5	13	4	4	10	5	5	2	17	1	1	6	7	1	4	1		1	3	8	
113	6	15	10	3	臺北市	內湖區	內湖區內湖路3段與內湖路3段60巷口	25.0862382	121.5922207	0	0	3	3	8	6	5	5	2	1	5	4	5	13	3	1	5	5	5	2	10	1	10	1	5	1	10	1		2	2	11	
113	6	15	10	10	臺北市	中山區	中山區復興北路430巷與復興北路427巷口	25.0633619	121.5442353	0	0	2	2	8	7	5	4	1	1	5	4	5	13	2	1	5	5	5	2	10	1	15	1	6	1	10	1		1	2	11	
113	6	15	10	10	臺北市	內湖區	內湖區康樂街61巷與康樂街口	25.0684335	121.6183279	0	0	1	2	8	6	5	3	1	1	5	4	5	13	1	1	10	5	5	2	16	1	5	1	7	1	8	1		2	3	8	
113	6	15	10	15	臺北市	信義區	信義區大道路與林口街38巷口	25.0392804	121.5832078	0	0	1	2	8	7	5	3	1	1	5	4	5	13	4	4	5	5	5	2	17	4	5	1	3	1	8	1		1	3	5	
113	6	15	10	32	臺北市	萬華區	萬華區內江街與昆明街口	25.04156798	121.5045417	0	0	1	2	8	7	5	4	2	1	5	4	5	13	1	1	10	4	5	2	17	1	5	1	5	1	10	1		2	3	13	
113	6	15	10	55	臺北市	內湖區	內湖區瑞光路358巷與瑞光路口	25.07739933	121.5727127	0	0	1	2	7	6	5	3	1	1	5	4	5	13	2	1	5	4	5	2	13	1	15	1	6	1	10	1		1	3	11	
113	6	15	11	0	臺北市	文山區	文山區木柵路3段48巷1弄與興隆路4段105巷口	24.9880095	121.5643926	0	0	1	2	8	6	5	3	1	1	5	4	5	13	4	4	10	5	5	2	17	4	6	1	5	1	10	1		1	2	12	
113	6	15	11	28	臺北市	北投區	北投區立賢路與承德路7段口	25.1162198	121.5048813	0	0	2	3	8	6	5	4	1	1	5	4	5	13	1	1	1	4	5	2	16	1	6	1	7	1	8	1		1	3	5	
113	6	15	11	46	臺北市	文山區	文山區老泉街45巷電線桿樟湖幹37	24.97459516	121.5720139	0	0	1	2	8	6	5	11	9	1	5	4	5	13	4	4	10	5	5	1	16	1	9	3	6	2	18	1		2	2	11	14
113	6	15	11	57	臺北市	萬華區	萬華區萬大路與萬大路423巷口	25.0214168	121.4986652	0	0	2	3	7	6	5	4	2	4	5	4	5	13	2	1	1	4	1	2	12	1	9	1	7	1	2	1		1	3	2	
113	6	15	12	10	臺北市	北投區	北投區致遠一路1段125巷與致遠一路1段口	25.11018296	121.5149791	0	0	1	2	8	7	5	4	1	1	5	4	5	13	4	4	9	4	5	2	16	4	5	1	3	2	8	1		1	3	8	
113	6	15	12	34	臺北市	士林區	士林區至誠路1段與雨聲街口	25.10152598	121.5336701	0	0	1	2	7	7	5	3	2	1	5	4	5	13	3	1	5	5	5	1	12	1	9	1	5	1	10	1		2	2	14	
113	6	15	12	40	臺北市	北投區	北投區致遠二路108號	25.1171767	121.5127654	0	0	2	2	8	5	5	14	9	1	5	4	5	13	4	4	9	4	5	1	17	1	1	1	5	2	10	1		1	2	14	
113	6	15	13	13	臺北市	文山區	文山區木柵路4段與和平東路4段口口	24.99821322	121.5746053	0	0	2	3	8	6	5	14	9	2	5	4	5	13	2	1	5	4	5	2	17	4	15	1	5	1	10	1		1	2	12	
113	6	15	13	21	臺北市	中山區	中山區復興北路422號與復興北路口	25.0627446	121.5441309	0	0	1	2	7	7	5	14	9	1	5	4	5	13	4	4	1	4	5	1	16	1	6	1	7	1	8	1		1	3	2	
113	6	15	13	26	臺北市	信義區	信義區基隆路1段與忠孝東路4段口	25.0413045	121.5643478	0	0	1	2	8	7	5	4	1	1	5	4	5	13	1	1	3	4	5	2	16	4	6	3	3	9	18	1		2	2	6	
113	6	15	13	47	臺北市	中正區	中正區汀州路3段295號	25.0116905	121.5357214	0	0	2	2	8	6	5	14	9	1	5	4	5	13	4	4	9	5	5	1	17	1	11	1	6	2	10	1		2	2	14	
113	6	15	14	57	臺北市	大同區	大同區民生西路與太原路口	25.05716708	121.5168638	0	0	1	2	7	6	5	3	2	1	5	4	5	13	1	1	5	2	5	2	17	1	6	1	7	1	4	1		1	3	2	
113	6	15	15	10	臺北市	大同區	大同區民樂街與延平北路2段144巷口口	25.0576331	121.510626	0	0	3	3	7	6	5	3	1	1	5	4	5	13	4	4	10	5	5	2	16	1	5	1	6	1	10	1		2	2	14	
113	6	15	15	31	臺北市	中山區	中山區新生北路2段與長春路口	25.0548607	121.5273452	0	0	2	3	7	5	5	4	1	1	5	4	5	13	1	1	5	4	4	2	17	4	11	1	3	1	10	1		2	2	11	
113	6	15	15	36	臺北市	中山區	中山區南京東路1段與林森北路口	25.0522363	121.5252883	0	0	3	3	7	5	5	4	1	1	5	4	5	13	1	1	1	4	4	2	17	4	8	1	3	1	10	1		2	2	12	
113	6	15	15	40	臺北市	文山區	文山區木柵路1段122號	24.98764297	121.5513038	0	0	1	3	8	6	5	14	9	2	5	4	5	13	2	1	5	4	5	2	17	4	9	1	3	1	8	1		2	3	1	
113	6	15	15	48	臺北市	士林區	士林區中山北路6段785號	25.11625438	121.5285089	0	0	1	2	8	7	5	14	20	1	5	4	5	13	4	4	10	5	5	2	2	1	15	8	4	1	20	1		1	3	14	
113	6	15	16	0	臺北市	內湖區	內湖區民權東路6段9號	25.0675778	121.5765111	0	0	1	2	7	6	5	4	1	1	5	4	5	13	1	1	1	5	5	2	16	1	5	1	7	2	8	1		2	3	2	
113	6	15	16	1	臺北市	中正區	中正區泉州街32-2號	25.0259449	121.5136579	0	0	1	6	7	7	5	14	7	1	5	4	3	10	4	4	5	4	4	2	2	1	9	1	7	2	4	1		1	3	5	
113	6	15	16	5	臺北市	大同區	大同區民生西路218號	25.0569716	121.5148263	0	0	2	3	7	6	5	14	9	1	5	4	5	13	4	4	5	2	5	2	17	1	15	1	5	1	10	1		1	2	12	
113	6	15	16	22	臺北市	大安區	大安區復興南路2段與復興南路2段148巷口	25.0284067	121.5435156	0	0	3	3	8	6	5	4	1	1	5	4	5	13	2	1	8	3	5	2	16	1	5	1	6	1	10	1		2	2	13	