年	月	日	時	分	縣市	行政區	allLocation	GoogleLat	GoogleLng	死	2-30	受傷	當事人數	天候	道路照明設備	道路類別	道路型態	事故位置	路面狀況1	路面狀況2	路面狀況3	道路障礙1	道路障礙2	號誌1	號誌2	車道劃分-分向	車道劃分-分道1	車道劃分-分道2	車道劃分-分道3	事故類型及型態	行動電話	當事者行動狀態	駕駛資格情形	保護裝置	飲酒情形	駕駛執照種類	個人肇逃否	肇因碼-主要	性別	受傷程度	車輛撞擊部位1	車輛撞擊部位2
113	6	15	16	40	臺北市	中正區	中正區中山南路與濟南路1段口	25.0429624	121.5189241	0	0	1	2	8	7	5	4	2	1	5	4	5	13	1	1	8	3	1	2	13	1	9	1	5	2	10	1		1	2	11	
113	6	15	16	56	臺北市	中山區	中山區松江路32號	25.0472202	121.5328642	0	0	3	3	7	5	5	14	9	1	5	4	5	13	1	1	1	4	5	2	13	4	9	1	3	1	10	1		2	2	11	
113	6	15	16	57	臺北市	南港區	南港區忠孝東路6段225巷與忠孝東路6段口	25.0492295	121.5884786	0	0	2	3	8	6	5	3	1	1	5	4	5	13	4	4	8	3	4	2	11	4	8	1	3	1	8	1		1	3	1	
113	6	15	18	48	臺北市	信義區	信義區市府路與仁愛路4段口	25.0377041	121.5635529	0	0	3	3	7	7	8	3	2	1	5	4	5	13	2	1	10	5	5	2	17	1	9	8	4	9	20	1		2	2	14	
113	6	15	18	50	臺北市	南港區	南港區忠孝東路6段468號	25.05043772	121.5945784	0	0	2	2	7	5	5	14	9	1	5	4	5	13	4	4	1	4	5	2	12	1	15	1	6	1	10	1		1	2	12	
113	6	15	19	1	臺北市	大同區	大同區長安西路與西寧北路口	25.0518093	121.5092565	0	0	2	2	7	5	5	4	2	1	5	4	5	13	2	1	5	4	5	2	17	4	5	1	5	1	10	1		1	2	11	
113	6	15	19	38	臺北市	萬華區	萬華區東園街194號	25.0214649	121.4986164	0	0	2	2	7	5	5	14	9	1	5	4	5	13	4	4	5	5	5	2	12	1	1	1	6	1	10	1		1	2	14	
113	6	15	20	5	臺北市	中山區	中山區民權東路3段與建國北路2段口	25.0623065	121.5373571	0	0	1	2	8	5	5	4	1	1	5	4	5	13	1	1	1	4	5	2	16	1	6	1	7	1	8	1		1	3	2	
113	6	15	20	30	臺北市	中山區	中山區北安路47號	25.07769209	121.5286205	0	0	1	2	7	5	5	14	9	1	5	4	5	13	4	4	5	5	5	2	16	1	1	1	7	1	8	1		1	3	7	
113	6	15	20	30	臺北市	士林區	士林區承德路4段與劍潭路口	25.0841534	121.5234228	0	0	1	2	8	5	5	4	1	1	5	4	5	13	2	1	1	4	5	2	17	4	5	1	3	2	8	1		1	3	2	
113	6	15	21	24	臺北市	松山區	松山區新東街11巷與新東街口	25.0582862	121.5659941	0	0	2	2	7	5	5	4	1	1	5	4	5	13	4	4	9	4	5	2	15	1	9	1	6	1	10	1		1	2	12	
113	6	16	0	20	臺北市	士林區	士林區光華路61巷4弄屋頂上餐廳前	25.1337226	121.5385834	0	0	2	3	7	5	5	14	9	1	5	4	5	13	4	4	10	5	5	2	17	1	15	1	6	1	10	1		1	2	11	
113	6	16	0	49	臺北市	中山區	中山區北安路536巷與北安路口	25.0799496	121.5475695	0	0	1	2	8	5	5	5	1	1	2	4	5	13	1	1	1	4	5	2	17	1	9	1	5	1	9	1		1	2	17	
113	6	16	2	7	臺北市	萬華區	萬華區昆明街與峨眉街口	25.04402308	121.504901	0	0	1	2	8	5	5	4	2	1	5	4	5	13	2	1	10	4	5	2	1	4	9	1	7	11	4	2		1	3	4	
113	6	16	4	17	臺北市	大安區	大安區忠孝東路3段與復興南路1段口	25.0417464	121.5436608	0	0	1	2	8	5	5	4	1	1	5	4	5	13	2	1	1	4	5	1	12	4	9	1	3	11	9	2		4	2	11	
113	6	16	8	1	臺北市	中山區	中山區民權西路64號	25.0627818	121.5206448	0	0	2	3	8	6	5	14	7	1	5	4	5	13	4	4	3	4	4	2	12	1	9	1	5	1	10	1		2	2	12	14
113	6	16	8	40	臺北市	南港區	南港區舊莊街2段(0400442燈桿)	25.02982026	121.6433699	0	0	2	2	8	6	5	11	9	1	5	4	5	13	4	4	10	5	5	2	11	1	9	1	7	1	2	1		2	2	8	
113	6	16	8	45	臺北市	中山區	中山區民權西路40號	25.0626778	121.5212295	0	0	1	2	8	5	5	14	9	1	5	4	5	13	4	4	1	4	5	2	16	4	8	1	3	1	4	1		1	3	6	
113	6	16	8	48	臺北市	大同區	大同區大稻埕堤外便道自行車道3011881燈桿	25.0543386	121.5063703	0	0	2	2	8	5	5	14	23	1	5	4	5	13	4	4	10	5	5	2	17	4	15	8	3	1	20	1		1	2	15	
113	6	16	9	2	臺北市	中山區	中山區民權東路2段與松江路口	25.0624426	121.5330908	0	0	1	3	8	6	5	4	1	1	5	4	5	13	1	1	1	4	5	2	13	4	9	1	6	1	10	1		2	2	11	
113	6	16	9	23	臺北市	萬華區	萬華區桂林路242巷與桂林路228巷11弄口	25.03839693	121.4954032	0	0	1	2	8	6	5	4	1	1	5	4	5	13	1	1	1	4	5	1	17	4	21	7	3	11	19	2		1	4	15	
113	6	16	9	25	臺北市	北投區	北投區大度路155號往西約150公尺	25.121394	121.4924599	0	0	1	3	7	7	5	14	12	1	5	4	5	13	4	4	2	4	3	1	17	4	12	1	3	1	10	1		1	2	14	
113	6	16	9	48	臺北市	中山區	中山區中山北路3段與民族西路口	25.0684716	121.522872	0	0	1	2	8	6	5	4	2	1	5	4	5	13	1	1	5	4	5	2	2	1	5	1	7	1	8	1		1	3	17	
113	6	16	9	48	臺北市	萬華區	萬華區環河南路3段與興義街口	25.0228006	121.4916227	0	0	2	4	8	5	5	3	1	1	5	4	5	13	3	1	1	4	5	2	13	4	12	1	7	1	8	1		1	3	6	
113	6	16	10	35	臺北市	中山區	中山區民生東路2段159巷與建國北路口側附近2段116巷口	25.0588288	121.5360397	0	0	1	2	8	7	5	4	1	1	5	4	5	13	4	4	10	5	5	2	17	4	9	1	3	1	10	1		1	3	11	
113	6	16	12	10	臺北市	士林區	士林區通河西街2段與通河西街2段口越堤道	25.0905295	121.5115335	0	0	1	2	7	6	5	3	1	1	5	4	5	13	4	4	10	5	5	2	13	4	9	1	3	1	10	1		2	2	11	
113	6	16	12	48	臺北市	松山區	松山區民生東路5段與光復北路口口	25.0583369	121.5552732	0	0	3	3	7	6	5	4	1	1	5	4	5	13	1	1	1	4	5	2	17	1	9	1	5	1	10	1		2	2	11	
113	6	16	12	58	臺北市	中山區	中山區松江路362巷與民權東路2段92巷1弄口	25.0619371	121.5323867	0	0	2	2	8	6	5	4	1	1	5	4	5	13	4	4	10	5	5	2	15	4	9	1	3	1	10	1		2	2	11	
113	6	16	13	13	臺北市	信義區	信義區和平東路3段697-12號	25.01151412	121.563613	0	0	1	2	8	6	5	11	9	1	5	4	5	13	4	4	4	5	5	2	18	4	6	8	4	1	20	1		1	2	12	
113	6	16	13	14	臺北市	萬華區	萬華區艋舺大道134號	25.0330697	121.5015739	0	0	2	3	7	5	5	14	9	1	5	4	5	13	4	4	1	4	5	2	17	4	7	1	5	1	10	1		1	2	13	
113	6	16	13	20	臺北市	大安區	大安區基隆路4段往南未到羅斯福路	25.0130308	121.5391685	0	0	1	2	7	6	5	14	9	1	5	4	5	13	2	1	10	5	5	2	17	1	8	1	7	9	8	2		1	3	17	
113	6	16	14	52	臺北市	士林區	士林區中山北路5段與中山北路5段699巷口	25.0976876	121.5272733	0	0	1	3	7	6	5	4	2	1	5	4	5	13	2	1	1	4	5	2	17	1	8	1	7	1	4	1		1	3	5	
113	6	16	15	9	臺北市	萬華區	萬華區康定路與和平西路3段口	25.03544549	121.5012491	0	0	1	2	8	7	5	4	2	1	5	4	5	13	2	1	5	4	5	2	17	1	5	1	6	1	10	1		1	3	11	
113	6	16	15	38	臺北市	文山區	文山區木柵路1段與和興路口	24.9868036	121.5462741	0	0	2	2	6	5	5	4	2	1	4	4	5	13	2	1	5	4	5	1	12	1	4	1	5	1	10	1		2	2	12	
113	6	16	17	35	臺北市	松山區	松山區市民大道6段與松山路口	25.0495389	121.5778332	0	0	1	2	6	7	5	4	2	1	4	4	5	13	1	1	9	4	5	2	16	1	9	1	6	1	10	1		1	2	14	
113	6	16	17	46	臺北市	中正區	中正區中山南路與凱達格蘭大道口	25.03873603	121.5173461	0	0	1	2	7	6	5	5	1	1	4	4	5	13	2	1	5	2	5	2	17	1	5	1	5	9	10	1		2	3	15	
113	6	16	18	22	臺北市	北投區	北投區知行路(燈桿3015144)往淡水	25.11962759	121.4621867	0	0	2	2	8	5	5	14	23	1	5	4	5	13	4	4	10	5	5	2	3	1	9	8	4	1	20	1		1	2	11	
113	6	16	18	33	臺北市	北投區	北投區大業路與中央北路1段口	25.1360625	121.4971255	0	0	1	2	6	5	5	4	1	1	4	4	5	13	2	1	3	4	5	2	13	1	5	1	6	1	10	1		2	2	13	
113	6	16	18	50	臺北市	中山區	中山區中山北路2段與南京東路1段口	25.0524959	121.5226976	0	0	1	2	6	5	5	4	1	1	4	4	5	13	2	1	7	2	5	2	9	5	18	8	4	1	20	1		1	2	16	
113	6	16	18	54	臺北市	大安區	大安區四維路與無名巷口(大安國中側門)	25.03008666	121.547984	0	0	1	3	6	5	5	3	2	1	4	4	5	13	4	4	10	5	5	2	17	1	6	1	6	2	10	1		1	2	15	
113	6	16	22	51	臺北市	中山區	中山區龍江路380號	25.0666542	121.5409747	0	0	2	2	8	5	5	14	9	1	5	4	5	13	4	4	5	5	5	2	16	1	5	8	4	1	20	1		1	2	11	
113	6	17	4	59	臺北市	信義區	信義區福德街60巷與林口街10巷口	25.0371628	121.5804052	0	0	1	2	7	5	5	4	2	1	5	4	5	13	4	4	10	5	5	2	14	1	2	1	7	1	8	1		2	3	6	
113	6	17	6	3	臺北市	信義區	信義區吳興街281巷61號	25.0265318	121.5657614	0	0	1	2	6	5	5	14	9	1	4	4	5	13	4	4	9	5	5	1	18	1	5	1	5	9	10	1		1	2	14	
113	6	17	7	0	臺北市	中山區	中山區中山橋往北機車道	25.07434979	121.5259311	0	0	1	2	7	6	5	11	11	1	5	4	5	13	4	4	1	5	5	1	17	4	5	1	3	11	10	1		1	3	17	
113	6	17	7	49	臺北市	中正區	中正區忠孝西路1段與重慶南路1段口	25.0473195	121.5132867	0	0	1	2	7	6	5	5	1	1	5	4	5	13	1	1	10	5	5	1	12	1	9	1	6	2	10	1		2	2	13	
113	6	17	7	50	臺北市	北投區	北投區石牌路2段與裕民四路口	25.115599	121.5156797	0	0	1	2	7	6	5	3	2	1	5	4	5	13	4	4	1	4	5	1	13	1	9	1	5	1	10	1		1	2	11	
113	6	17	7	51	臺北市	文山區	文山區景華街與景華街176巷口	24.9971695	121.5478818	0	0	1	3	8	6	5	4	1	1	5	4	5	13	2	1	10	5	5	2	12	1	9	1	6	2	10	1		2	3	11	
113	6	17	7	55	臺北市	士林區	士林區福林路與福林路254巷口	25.09791474	121.5346769	0	0	2	2	8	6	5	4	1	1	5	4	5	13	2	1	9	4	5	1	16	1	6	1	5	1	9	1		1	2	12	
113	6	17	8	23	臺北市	信義區	信義區基隆路2段51號	25.0308167	121.5583209	0	0	2	2	7	6	5	14	9	1	4	4	5	13	4	4	3	4	5	2	16	1	7	1	6	1	10	1		2	2	14	
113	6	17	8	26	臺北市	信義區	信義區信義路5段與基隆路2段口	25.0329837	121.5597263	0	0	2	2	7	7	5	4	2	1	5	4	5	13	2	1	1	4	5	2	13	1	6	1	5	2	10	1		1	2	11	
113	6	17	8	36	臺北市	內湖區	內湖區民權大橋東向西	25.0640076	121.5697257	0	0	1	5	7	7	5	14	7	1	5	4	5	13	4	4	1	4	4	2	13	1	9	1	7	1	4	1		1	3	1	
113	6	17	8	54	臺北市	文山區	文山區忠順街1段26巷11弄與忠順街1段48巷口	24.9831382	121.5603073	0	0	1	2	7	7	5	3	1	1	4	4	5	13	4	4	10	5	5	2	17	1	9	1	5	2	10	1		2	2	12	
113	6	17	9	8	臺北市	中正區	中正區濟南路2段與新生南路1段口	25.04017631	121.5327401	0	0	1	2	8	6	5	4	2	1	5	4	5	13	2	1	5	5	5	2	9	1	15	1	7	9	2	1		1	3	17	
113	6	17	9	10	臺北市	文山區	文山區木新路1段與無名巷口	24.9886965	121.5707941	0	0	1	2	8	6	5	4	2	1	5	4	5	12	1	1	10	5	5	2	17	1	9	1	5	2	10	1		1	3	17	
113	6	17	9	20	臺北市	松山區	松山區市民大道5段與八德路4段36巷口口	25.0458572	121.5593899	0	0	1	2	7	7	5	4	1	1	5	4	5	13	2	1	1	4	5	2	17	1	6	1	7	1	4	1		1	3	1	
113	6	17	9	20	臺北市	萬華區	萬華區萬大路與萬大路277巷口	25.0253597	121.5005088	0	0	1	2	7	7	5	4	1	1	5	4	5	13	1	1	1	3	5	2	16	1	9	1	5	2	10	1		1	2	11	
113	6	17	9	22	臺北市	文山區	文山區忠順街1段與興隆路4段口	24.984472	121.561654	0	0	1	2	7	6	5	4	1	1	5	4	5	13	2	1	10	5	5	2	17	1	6	1	7	2	8	1		1	3	6	
113	6	17	9	26	臺北市	信義區	信義區松仁路與松平路口	25.0305292	121.568196	0	0	1	2	7	6	5	4	1	1	5	4	5	13	1	1	5	4	5	2	18	1	9	1	6	1	10	1		1	2	14	
113	6	17	9	50	臺北市	中山區	中山區林森北路與新生北路2段76巷口	25.0573484	121.5256349	0	0	1	2	8	5	5	4	1	1	5	4	5	13	4	4	9	5	5	2	15	4	9	7	3	11	19	2		2	4	11	
113	6	17	10	16	臺北市	中正區	中正區濟南路2段21號	25.04114579	121.5279544	0	0	1	3	8	6	5	14	9	1	5	4	5	13	4	4	6	5	5	2	17	1	1	1	7	2	8	1		2	3	8	
113	6	17	10	50	臺北市	萬華區	萬華區成都路47號	25.04269932	121.5064068	0	0	1	2	8	7	5	14	9	1	5	4	5	13	4	4	10	4	5	2	9	1	1	1	2	1	2	1		1	3	15	
113	6	17	10	54	臺北市	文山區	文山區興隆路3段36巷17弄與興隆路3段112巷4弄口口	24.9993304	121.5553972	0	0	3	3	8	6	5	3	18	1	5	4	5	13	2	1	9	5	5	2	3	1	9	1	5	2	10	1		2	2	11	
113	6	17	10	57	臺北市	士林區	士林區承德路4段54號	25.0814139	121.5226055	0	0	1	3	8	6	5	14	8	1	5	4	5	13	4	4	10	5	4	1	9	1	9	1	7	2	2	1		1	3	17	
113	6	17	11	3	臺北市	中山區	中山區濱江街287號	25.0724482	121.5440622	0	0	1	2	8	6	5	14	9	1	5	4	5	13	4	4	1	4	5	2	16	4	8	1	3	1	8	1		1	3	5	
113	6	17	11	5	臺北市	中正區	中正區青島西路10號(兒醫停車場前)	25.044809	121.517978	0	0	1	2	8	6	5	14	9	1	5	4	5	13	1	1	10	5	5	2	16	1	11	1	2	2	8	1		1	3	8	
113	6	17	11	10	臺北市	中正區	中正區懷寧街與襄陽路口	25.0434055	121.5141902	0	0	1	2	8	7	5	4	2	1	5	4	5	13	1	1	4	5	5	2	12	1	8	1	7	1	8	1		1	3	5	
113	6	17	11	16	臺北市	士林區	士林區承德路4段327號	25.0905195	121.5174332	0	0	1	2	6	6	5	14	8	1	4	4	5	13	4	4	1	4	4	1	17	1	15	1	7	1	4	1		1	3	4	
113	6	17	11	21	臺北市	內湖區	內湖區內湖路2段175號	25.0810645	121.5862464	0	0	1	2	7	7	5	14	9	1	5	4	5	13	4	4	9	5	5	2	17	1	1	1	5	2	10	1		1	3	13	
113	6	17	12	13	臺北市	北投區	北投區承德路6段與文林北路5巷口	25.09904445	121.5129338	0	0	1	2	8	6	5	4	1	1	5	4	5	13	2	1	8	3	5	2	17	1	5	1	7	1	8	1		1	3	8	
113	6	17	12	25	臺北市	中正區	中正區懷寧街與貴陽街1段口	25.0387459	121.5136889	0	0	1	2	8	6	5	3	1	1	5	4	5	13	4	4	10	5	5	2	16	1	5	1	5	1	10	1		2	3	11	
113	6	17	12	30	臺北市	內湖區	內湖區南京東路6段與舊宗路1段口口	25.05759347	121.5819018	0	0	1	2	7	6	5	3	1	1	5	4	5	13	4	4	1	4	5	2	16	1	6	1	7	1	8	1		1	3	2	
113	6	17	13	11	臺北市	萬華區	萬華區和平西路3段70號	25.03511835	121.5030537	0	0	1	2	8	7	5	14	9	1	5	4	5	13	1	1	1	4	5	2	9	1	12	1	7	1	2	1		1	3	17	
113	6	17	13	13	臺北市	大安區	大安區羅斯福路4段與基隆路4段口	25.0113384	121.5372204	0	0	1	2	7	7	5	5	1	1	5	4	5	13	2	1	1	4	5	1	17	1	15	1	6	1	10	1		1	2	14	
113	6	17	13	20	臺北市	松山區	松山區八德路4段472號	25.04959785	121.5698631	0	0	2	2	8	6	8	22	22	1	5	4	5	13	2	1	5	4	5	2	17	4	1	1	6	1	10	1		1	2	14	
113	6	17	13	22	臺北市	南港區	南港區三重路與三重路41巷口	25.0599314	121.6143187	0	0	1	2	7	6	5	3	2	1	5	4	5	13	4	4	5	4	5	2	17	1	5	1	7	9	8	1		2	3	17	
113	6	17	13	30	臺北市	北投區	北投區承德路6段與文承路口	25.1050677	121.5121135	0	0	2	2	8	7	5	14	8	1	5	4	5	13	4	4	1	4	4	2	16	1	1	1	6	1	10	1		1	2	14	
113	6	17	13	37	臺北市	士林區	士林區德行西路62巷與德行西路口口	25.10519139	121.522709	0	0	2	2	8	6	5	3	1	1	5	4	5	13	4	4	5	4	5	2	16	1	5	1	6	1	10	1		2	2	12	
113	6	17	14	2	臺北市	文山區	文山區木柵路2段133號前	24.9890246	121.5627272	0	0	2	2	8	6	5	14	9	1	5	4	5	13	2	1	5	4	5	2	13	1	9	1	5	1	10	1		1	2	13	
113	6	17	15	18	臺北市	北投區	北投區承德路7段3號	25.1113973	121.5102092	0	0	1	2	8	7	5	14	9	1	5	4	5	13	4	4	1	4	5	2	16	1	6	1	7	1	8	1		2	3	2	
113	6	17	15	22	臺北市	松山區	松山區八德路3段20-2號	25.0481952	121.5510908	0	0	1	2	8	5	5	14	9	1	5	4	5	13	4	4	9	4	5	2	9	1	9	1	7	9	2	1		1	3	17	
113	6	17	15	36	臺北市	中山區	中山區建國北路3段22巷與建國北路3段口	25.0637953	121.5367597	0	0	1	2	7	6	5	5	2	1	5	4	5	13	2	1	8	3	5	1	17	1	9	1	5	2	10	1		1	2	11	
113	6	17	15	55	臺北市	文山區	文山區秀明路1段與秀明路1段129巷口	24.990985	121.5670106	0	0	1	2	7	7	5	3	2	1	4	4	5	13	4	4	1	5	4	2	16	1	6	1	7	1	8	1		1	3	4	
113	6	17	16	6	臺北市	士林區	士林區中正路510號	25.0914688	121.5167555	0	0	1	2	8	6	5	22	9	1	5	4	5	13	4	4	1	4	5	2	17	1	10	1	5	1	10	1		1	2	11	
113	6	17	16	22	臺北市	中山區	中山區建國北路2段147號	25.0616305	121.5375798	0	0	1	3	8	6	5	14	9	1	5	4	5	13	4	4	1	4	5	2	12	4	8	1	3	1	8	1		1	3	6	
113	6	17	16	55	臺北市	大安區	大安區四維路與四維路76巷口口	25.0342483	121.548067	0	0	1	2	8	6	5	4	1	1	5	4	5	13	4	4	10	5	5	1	15	1	9	1	7	1	8	1		1	3	1	
113	6	17	16	59	臺北市	內湖區	內湖區成功路3段157巷與成功路3段口	25.0797325	121.5900681	0	0	1	2	7	7	8	3	1	1	5	4	5	13	4	4	1	4	5	2	17	1	6	8	4	9	20	1		1	3	17	
113	6	17	17	25	臺北市	士林區	士林區士東路200巷與士東路200巷58弄口	25.1107291	121.5338968	0	0	1	2	7	6	5	3	1	1	5	4	5	13	4	4	9	5	5	2	17	1	6	1	7	2	8	1		2	3	5	
113	6	17	18	8	臺北市	信義區	信義區松仁路2號	25.04046	121.5684347	0	0	2	2	8	6	8	22	22	1	5	4	5	10	4	4	1	3	5	2	17	1	9	1	6	1	10	1		2	2	14	
113	6	17	18	25	臺北市	內湖區	內湖區康寧路3段與五分街口	25.0679003	121.6118262	0	0	3	3	8	5	5	3	2	1	5	4	5	13	2	1	1	4	5	1	13	1	9	1	5	1	10	1		2	2	13	
113	6	17	18	34	臺北市	中正區	中正區臨沂街與臨沂街45巷口	25.0389678	121.5294439	0	0	1	2	8	5	5	5	1	1	5	4	5	13	4	4	10	5	5	2	15	1	9	1	5	2	10	1		2	2	12	
113	6	17	19	25	臺北市	文山區	文山區木柵路4段159巷與木柵路4段159巷16弄口	25.0016243	121.5760115	0	0	1	2	7	5	5	3	1	1	4	4	5	13	4	4	9	5	5	2	18	1	9	1	6	2	10	1		1	2	14	
113	6	17	19	37	臺北市	大同區	大同區環河北路2段21巷與環河北路2段口	25.0639802	121.5088379	0	0	1	2	8	5	5	3	2	1	5	4	5	13	4	4	1	4	5	2	13	1	15	1	5	2	10	1		1	2	13	
113	6	17	20	0	臺北市	文山區	文山區興隆路3段36巷與辛亥路5段25巷口	24.99955565	121.5550109	0	0	1	2	8	5	5	4	1	1	5	4	5	13	3	1	9	5	5	2	16	1	6	1	6	2	9	1		1	3	12	
113	6	17	20	8	臺北市	北投區	北投區中央北路4段與自立路口	25.1259401	121.4654818	0	0	1	3	7	5	5	4	1	1	5	4	5	13	1	1	10	5	5	2	17	1	11	1	7	1	8	1		1	3	8	
113	6	17	20	20	臺北市	中山區	中山區市民大道1段276號	25.0480357	121.5219888	0	0	2	4	8	5	5	14	9	1	5	4	5	13	4	4	1	4	5	2	12	1	9	6	5	1	10	1		1	3	14	
113	6	17	20	30	臺北市	大安區	大安區光復南路與光復南路456巷口	25.0353299	121.5574633	0	0	1	2	8	5	5	4	1	1	5	4	5	13	1	1	1	4	5	1	11	1	11	1	7	1	8	1		1	3	5	
113	6	17	21	19	臺北市	萬華區	萬華區中華路1段與漢口街2段口	25.0450877	121.5089163	0	0	1	2	8	5	5	4	1	1	5	4	5	13	1	1	8	3	1	1	13	1	8	1	7	1	8	1		2	3	2	
113	6	17	21	50	臺北市	萬華區	萬華區萬大路414號	25.0212283	121.4983567	0	0	2	3	8	5	5	14	9	1	5	4	5	13	4	4	10	5	5	2	17	1	1	1	5	1	10	1		1	2	15	
113	6	17	22	35	臺北市	內湖區	內湖區成功路2段與成功交流道口北上匝道入口	25.06421962	121.5909454	0	0	1	2	8	5	5	4	1	1	5	4	5	13	2	1	1	2	5	2	16	1	6	1	7	1	8	1		1	3	5	
113	6	17	23	13	臺北市	士林區	士林區文林路561號	25.0982225	121.5238436	0	0	1	2	8	5	5	14	9	1	5	4	5	13	4	4	5	4	4	2	17	4	15	7	3	11	19	2		1	4	15	
113	6	17	23	25	臺北市	中山區	中山區民權東路2段與吉林路口	25.0628659	121.5303622	0	0	1	2	8	5	5	4	1	1	5	4	5	13	2	1	5	2	5	2	17	1	8	1	5	1	10	1		1	3	15	
113	6	17	23	36	臺北市	士林區	士林區後港街與劍潭路口	25.08409474	121.5227937	0	0	2	2	7	5	5	4	1	1	5	4	5	13	4	4	10	5	5	2	15	1	9	1	6	1	10	1		1	2	11	
113	6	18	1	19	臺北市	中山區	中山區長安東路1段53巷1號	25.04883481	121.5264464	0	0	1	2	7	5	5	14	9	1	5	4	5	13	4	4	10	5	5	1	17	1	9	1	7	1	8	1		1	3	5	
113	6	18	2	0	臺北市	士林區	士林區延平北路6段與社子街63巷口	25.08949761	121.5064577	0	0	1	2	8	5	5	3	2	1	5	4	5	13	1	1	5	5	5	2	13	1	9	1	7	1	8	1		1	3	1	
113	6	18	2	48	臺北市	大安區	大安區仁愛路3段24巷與新生南路1段165巷口	25.03417617	121.5359596	0	0	2	2	8	5	5	4	1	1	5	4	5	13	4	4	10	5	5	2	15	1	9	1	6	2	10	1		1	2	12	
113	6	18	3	0	臺北市	萬華區	萬華區開封街2段與昆明街口	25.0466714	121.5058861	0	0	2	2	8	5	6	4	1	1	5	4	5	13	1	1	8	3	5	1	13	1	9	1	5	1	10	1		1	2	11	
113	6	18	3	50	臺北市	松山區	松山區八德路4段與基隆路1段口	25.0496805	121.5699783	0	0	1	2	7	5	5	14	9	1	5	4	5	13	2	1	9	4	5	2	13	1	9	1	7	1	8	1		1	3	1	
113	6	18	4	45	臺北市	中正區	中正區和平西路2段與延平南路口	25.031907	121.5070253	0	0	1	2	8	5	5	3	1	1	5	4	5	13	2	1	3	4	5	2	16	1	11	1	7	2	8	1		1	3	5	
113	6	18	6	10	臺北市	北投區	北投區大度路與大度路附近側附近口(路樹BT0560369005)往台北	25.12247847	121.4752191	0	0	1	2	8	6	5	14	12	1	5	4	5	13	4	4	9	4	3	1	18	1	15	1	5	1	10	1		2	2	14	
113	6	18	7	30	臺北市	文山區	文山區羅斯福路5段251號	25.0012945	121.5392731	0	0	1	2	8	6	5	14	9	1	5	4	5	13	4	4	1	4	5	2	13	1	9	1	6	2	10	1		1	2	11	
113	6	18	7	35	臺北市	士林區	士林區中山北路5段與中正路口	25.0958588	121.5277638	0	0	1	2	8	6	5	4	1	1	5	4	5	13	1	1	10	5	5	1	16	1	6	1	7	1	8	1		1	3	2	
113	6	18	8	9	臺北市	內湖區	內湖區成功路3段174巷與成功路3段174巷26弄口	25.08152363	121.5904287	0	0	2	3	7	5	5	4	1	1	5	4	5	13	1	1	5	5	5	2	9	1	9	8	4	11	20	2		1	2	15	
113	6	18	8	12	臺北市	南港區	南港區中南街與市民大道8段口	25.0544136	121.6152279	0	0	1	2	8	6	5	4	1	1	5	4	5	13	2	1	10	5	5	2	16	1	6	1	5	1	10	1		2	3	13	
113	6	18	8	15	臺北市	內湖區	內湖區內湖路1段與內湖路1段120巷口	25.08322256	121.5633913	0	0	1	3	7	6	5	4	1	1	5	4	5	13	2	1	9	4	5	2	13	1	9	1	6	1	10	1		1	2	11	
113	6	18	8	17	臺北市	中正區	中正區市民大道3段與金山北路口	25.0459062	121.5306929	0	0	1	2	8	6	5	4	1	1	5	4	5	13	1	1	10	5	5	2	13	1	12	1	6	2	10	1		1	3	13	
113	6	18	8	24	臺北市	大安區	大安區青田街與青田街7巷口	25.0281237	121.5319797	0	0	1	3	7	6	5	4	1	1	5	4	5	13	4	4	9	4	5	1	17	1	15	1	5	11	10	2		2	4	17	
113	6	18	8	30	臺北市	內湖區	內湖區港墘路與堤頂大道2段口	25.0746615	121.572737	0	0	1	3	7	7	8	3	1	1	5	4	5	13	1	1	3	3	5	2	17	1	5	1	7	1	8	1		1	3	5	
113	6	18	9	21	臺北市	中正區	中正區汀州路1段與寧波西街口口	25.02704513	121.5109103	0	0	1	2	8	6	5	4	1	1	5	4	5	13	1	1	5	5	5	1	17	1	5	1	6	1	10	1		2	2	14	
113	6	18	9	27	臺北市	文山區	文山區福和橋機車道西向東方向橋墩P8	25.010684	121.5358742	0	0	2	3	8	6	5	14	11	1	5	4	5	13	4	4	1	4	1	2	13	1	9	1	5	2	10	1		1	2	11	
113	6	18	9	39	臺北市	萬華區	萬華區環河南路1段196號	25.0466213	121.5037357	0	0	2	2	7	7	5	14	9	1	5	4	5	13	3	1	8	3	5	2	12	1	1	1	5	2	10	1		1	2	13	
113	6	18	9	50	臺北市	大同區	大同區重慶北路3段236巷5弄與重慶北路3段252巷口	25.07132002	121.5132306	0	0	1	2	8	6	5	4	1	1	5	4	5	13	4	4	10	5	5	2	15	1	9	1	7	2	8	1		1	3	5	
113	6	18	10	30	臺北市	中山區	中山區中山北路3段62號與圓山河濱公園附近側附近口	25.0711284	121.523496	0	0	1	2	8	5	5	14	9	1	5	4	5	13	4	4	1	4	5	2	12	1	7	1	5	2	10	1		1	2	11	
113	6	18	10	50	臺北市	大同區	大同區南京西路與太原路口	25.0535992	121.5160493	0	0	1	2	8	6	5	4	1	1	5	4	5	13	2	1	9	4	5	2	16	1	5	1	7	2	8	1		1	3	1	