年	月	日	時	分	縣市	行政區	allLocation	GoogleLat	GoogleLng	死	2-30	受傷	當事人數	天候	道路照明設備	道路類別	道路型態	事故位置	路面狀況1	路面狀況2	路面狀況3	道路障礙1	道路障礙2	號誌1	號誌2	車道劃分-分向	車道劃分-分道1	車道劃分-分道2	車道劃分-分道3	事故類型及型態	行動電話	當事者行動狀態	駕駛資格情形	保護裝置	飲酒情形	駕駛執照種類	個人肇逃否	肇因碼-主要	性別	受傷程度	車輛撞擊部位1	車輛撞擊部位2
113	6	18	11	20	臺北市	中山區	中山區濱江街3號對面	25.071212	121.5296836	0	0	1	2	8	6	5	14	8	1	5	4	5	13	4	4	10	4	4	2	14	4	2	1	3	2	8	1		1	2	3	
113	6	18	11	22	臺北市	大安區	大安區新生南路1段與忠孝東路3段口	25.041902	121.5329667	0	0	1	2	7	7	5	4	2	1	5	4	5	13	2	1	1	4	1	1	17	1	9	1	6	1	10	1		1	2	11	
113	6	18	11	28	臺北市	萬華區	萬華區桂林路與桂林路242巷口	25.038673	121.4959028	0	0	2	2	8	6	5	4	1	1	5	4	5	13	2	1	1	4	5	2	17	1	14	1	6	1	9	1		1	2	12	12
113	6	18	12	10	臺北市	中山區	中山區民權東路2段15號	25.06268672	121.5287233	0	0	1	2	6	6	5	14	9	1	4	4	5	13	4	4	1	4	5	2	13	1	9	1	5	1	10	1		1	2	11	
113	6	18	12	17	臺北市	松山區	松山區南京東路5段123巷2弄15號	25.05206841	121.5614262	0	0	1	2	8	6	5	14	9	1	5	4	5	13	4	4	10	5	5	2	9	4	9	1	3	11	8	2		2	3	15	
113	6	18	12	22	臺北市	文山區	文山區一壽街與一壽街20巷口口	24.9799124	121.5565486	0	0	1	2	8	7	5	4	1	1	5	4	5	13	4	4	10	5	5	2	15	1	9	1	5	1	10	1		1	2	11	
113	6	18	12	23	臺北市	信義區	信義區福德街84巷50號	25.0386092	121.5812687	0	0	1	2	7	6	5	14	9	1	5	4	5	13	4	4	10	5	5	2	17	1	5	1	7	1	8	1		1	3	8	
113	6	18	12	35	臺北市	士林區	士林區仰德大道2段與仰德大道2段2巷口	25.1020214	121.5395131	0	0	1	2	7	7	5	3	1	1	4	4	5	13	2	1	5	5	5	1	12	1	9	1	6	1	10	1		1	2	12	
113	6	18	12	35	臺北市	文山區	文山區新光路2段052燈桿	24.99744796	121.5914863	0	0	1	2	8	6	5	14	9	1	5	4	5	13	4	4	9	5	5	1	17	4	1	1	7	1	8	1		1	3	17	
113	6	18	12	42	臺北市	大同區	大同區環河北路2段與迪化街2段145巷口	25.0673022	121.5093492	0	0	1	2	6	7	5	3	1	1	4	4	5	13	4	4	10	5	5	2	17	4	9	7	3	11	19	2		1	4	17	
113	6	18	12	50	臺北市	文山區	文山區木柵路1段與木柵路1段89巷口口	24.9870101	121.5473899	0	0	1	2	7	6	5	14	9	1	5	4	5	13	2	1	5	4	5	2	12	1	7	1	5	1	10	1		2	2	14	
113	6	18	12	55	臺北市	士林區	士林區士東路200巷與芝玉路2段20巷口	25.11039513	121.5340348	0	0	1	2	6	6	5	3	2	1	4	4	5	13	4	4	5	5	5	1	17	1	5	1	7	2	4	1		1	3	17	
113	6	18	13	20	臺北市	大安區	大安區復興南路2段151巷9號	25.0284153	121.5440815	0	0	1	2	7	7	5	14	9	1	5	4	5	13	4	4	9	5	5	1	17	1	1	1	7	2	1	1		1	3	8	
113	6	18	14	5	臺北市	中正區	中正區新生南路1段14號	25.0435972	121.5327638	0	0	2	2	7	6	5	14	9	1	5	4	5	13	4	4	1	4	5	2	16	1	1	1	6	2	10	1		1	2	13	
113	6	18	14	42	臺北市	文山區	文山區興隆路3段與興隆路3段221巷口	24.9941947	121.5594018	0	0	2	2	6	6	5	14	9	1	4	4	5	13	4	4	1	4	5	2	12	1	9	1	6	2	10	1		2	2	12	
113	6	18	14	59	臺北市	大同區	大同區承德路2段與民權西路口	25.0625971	121.5181775	0	0	1	2	6	6	5	4	1	1	4	4	5	13	1	1	1	4	5	2	17	1	9	1	6	11	10	2		4	2	14	
113	6	18	15	30	臺北市	萬華區	萬華區昆明街與廣州街口	25.0366916	121.503547	0	0	1	2	6	5	5	4	2	1	4	4	5	13	1	1	9	4	5	2	3	4	5	1	7	2	4	1		1	3	1	
113	6	18	15	53	臺北市	松山區	松山區光復南路與光復南路45巷口	25.0461725	121.5578437	0	0	1	2	6	6	5	3	2	1	4	4	5	13	4	4	1	4	5	2	11	1	9	1	7	1	8	1		1	3	2	
113	6	18	15	57	臺北市	北投區	北投區榮華三路與榮華三路42巷口	25.1140997	121.5206865	0	0	1	2	6	5	5	4	1	1	4	4	5	13	4	4	5	4	5	2	15	1	9	6	5	1	18	1		2	2	12	
113	6	18	16	40	臺北市	大安區	大安區忠孝東路4段與無名巷口	25.041099	121.5566642	0	0	1	2	7	6	5	3	1	1	5	4	5	13	4	4	1	4	5	2	3	4	6	1	3	9	8	1		2	3	5	
113	6	18	16	56	臺北市	文山區	文山區政大三街45號前	24.9859574	121.5823851	0	0	1	2	7	6	5	14	9	1	5	4	5	13	4	4	9	5	5	2	16	1	1	1	7	2	8	1		1	3	8	
113	6	18	17	2	臺北市	大安區	大安區復興南路2段與信義路3段口	25.0332267	121.5437499	0	0	1	2	6	7	5	4	2	1	4	4	5	13	2	1	1	4	5	2	17	4	6	1	3	11	8	1		1	4	2	
113	6	18	17	15	臺北市	信義區	信義區松山路與信義路6段口	25.0362895	121.5784646	0	0	1	2	6	7	5	4	1	1	4	4	5	13	1	1	9	4	5	2	17	1	5	1	5	2	10	1		1	3	14	
113	6	18	17	16	臺北市	大安區	大安區基隆路3段與辛亥路3段口旁	25.01849869	121.546086	0	0	1	2	8	6	5	14	9	1	4	4	5	13	4	4	9	4	5	1	13	4	9	1	3	1	8	1		2	3	1	
113	6	18	17	44	臺北市	中正區	中正區重慶南路3段180號與中正橋口第3支電桿	25.02253135	121.5167538	0	0	1	2	7	6	5	14	9	1	4	4	1	12	4	4	1	4	5	1	17	1	8	1	7	2	8	1		1	3	6	
113	6	18	17	50	臺北市	士林區	士林區中山北路5段與中山北路5段699巷口	25.09779673	121.527218	0	0	2	2	8	5	8	22	22	1	5	4	5	13	2	1	1	5	5	1	17	1	6	1	5	1	10	1		1	2	12	
113	6	18	17	57	臺北市	南港區	南港區南港路2段97號	25.0540973	121.5973142	0	0	1	2	8	7	5	14	8	1	5	4	5	13	4	4	5	4	4	2	13	1	12	1	7	1	8	1		1	3	6	
113	6	18	18	29	臺北市	中正區	中正區重慶南路2段9號	25.0328492	121.5138967	0	0	1	2	8	7	5	14	9	1	5	4	4	13	4	4	1	4	5	2	17	1	12	1	5	1	10	1		1	3	12	
113	6	18	18	30	臺北市	大安區	大安區富陽街108巷與富陽街口	25.0198505	121.5566833	0	0	1	2	7	6	5	3	1	1	5	4	5	13	4	4	9	5	5	2	17	1	15	1	5	11	10	2		1	4	17	
113	6	18	18	40	臺北市	內湖區	內湖區民權東路6段2號	25.06501945	121.5734396	0	0	1	2	8	5	5	14	9	1	5	4	5	13	4	4	1	4	5	2	13	1	9	1	7	1	8	1		1	3	5	
113	6	18	18	48	臺北市	中正區	中正區南海路與羅斯福路1段口	25.0327818	121.5181748	0	0	1	2	8	5	5	5	18	1	5	4	5	13	2	1	3	4	5	2	3	1	5	1	5	9	10	1		1	3	15	
113	6	18	19	19	臺北市	萬華區	萬華區中華路2段606巷與中華路2段口	25.0246491	121.510099	0	0	1	2	8	5	5	4	1	1	5	4	5	13	1	1	9	4	4	1	17	1	5	1	5	1	11	1		2	2	13	
113	6	18	19	45	臺北市	內湖區	內湖區民權東路6段296巷與康寧路3段26巷口	25.0712972	121.6074641	0	0	1	2	7	5	5	4	1	1	5	4	5	13	4	4	9	5	5	2	15	1	9	1	7	2	8	1		1	3	5	
113	6	18	19	48	臺北市	大安區	大安區基隆路4段與基隆路4段73巷口	25.0133302	121.539564	0	0	1	2	7	5	5	3	2	1	5	4	5	13	1	1	1	4	4	2	16	4	8	1	3	1	10	1		1	2	14	
113	6	18	20	37	臺北市	中山區	中山區新生北路1段158號	25.051554	121.5276514	0	0	1	2	8	5	5	3	3	1	5	4	5	13	4	4	1	4	5	2	17	4	15	1	3	9	8	2		1	3	15	
113	6	18	21	4	臺北市	中山區	中山區市民大道3段與建國南路1段口	25.0448399	121.5368901	0	0	1	2	8	5	5	4	1	1	5	4	5	13	2	1	1	4	5	2	16	1	5	1	6	1	10	1		1	2	14	
113	6	18	21	11	臺北市	大安區	大安區辛亥路3段與辛亥路3段157巷口	25.0168394	121.5491031	0	0	1	2	8	5	5	4	1	1	5	4	5	13	2	1	1	4	5	1	9	1	5	1	7	2	8	1		1	3	8	
113	6	19	0	7	臺北市	大安區	大安區基隆路2段與和平東路3段口	25.0240881	121.5521696	0	0	2	3	7	6	5	5	2	1	5	4	5	13	2	1	1	4	5	2	17	4	6	1	3	1	8	1		1	3	8	
113	6	19	1	23	臺北市	文山區	文山區萬美街1段71號	25.0022012	121.5671126	0	0	2	2	7	5	5	14	9	1	5	4	5	13	4	4	9	5	5	2	13	1	9	1	5	1	10	1		1	2	11	
113	6	19	7	17	臺北市	松山區	松山區光復北路與南京東路4段口	25.05132575	121.5578676	0	0	1	2	8	6	5	5	1	1	5	4	5	13	2	1	1	4	4	2	17	4	9	1	6	2	10	1		1	2	12	
113	6	19	7	25	臺北市	大安區	大安區和平東路3段627巷對面	25.0131953	121.5631771	0	0	2	2	8	6	5	14	9	1	5	4	5	13	3	1	1	5	1	2	16	1	1	8	4	1	20	1		1	2	11	
113	6	19	7	33	臺北市	中正區	中正區汀州路2段12巷9號	25.0254784	121.5160042	0	0	1	3	8	6	5	14	9	1	5	4	5	13	4	4	10	5	5	1	17	1	14	1	7	1	8	1		1	3	2	
113	6	19	7	39	臺北市	大同區	大同區鄭州路與環河北路1段口	25.0509095	121.5068868	0	0	3	4	8	6	5	5	1	1	5	4	5	13	2	1	5	4	5	2	17	1	5	1	5	1	10	1		1	2	12	
113	6	19	7	41	臺北市	中正區	中正區重慶南路2段與重慶南路2段6巷口	25.0343371	121.5127827	0	0	1	2	8	7	5	3	1	1	5	4	5	13	3	1	1	4	5	2	17	1	5	1	7	1	8	1		2	3	2	
113	6	19	7	50	臺北市	萬華區	萬華區忠孝西路2段與西寧南路口	25.0486069	121.5073503	0	0	2	3	8	6	5	4	1	1	5	4	5	13	1	1	3	4	4	2	13	1	9	1	5	1	10	1		2	2	11	
113	6	19	8	11	臺北市	中正區	中正區中山北路1段與北平西路口	25.0472881	121.5202109	0	0	2	2	8	6	5	4	1	1	5	4	5	13	1	1	1	4	5	2	12	1	15	1	6	2	10	1		1	2	13	
113	6	19	8	15	臺北市	中正區	中正區永福橋(往台北市方向)	25.012108	121.5286404	0	0	1	2	8	6	5	8	9	1	5	4	5	13	4	4	5	4	5	1	12	1	7	1	5	1	10	1		2	2	14	
113	6	19	8	15	臺北市	中正區	中正區泉州街與泉州街34巷口	25.02462016	121.5125978	0	0	1	2	7	6	5	4	1	1	5	4	5	13	4	4	4	4	4	1	15	1	9	1	5	1	10	1		1	2	11	
113	6	19	8	20	臺北市	中正區	中正區汀州路1段與三元街212巷口	25.0266317	121.5121623	0	0	2	3	8	6	5	3	2	1	5	4	5	13	1	1	5	5	5	2	17	1	5	1	5	1	10	1		2	2	12	
113	6	19	8	30	臺北市	中山區	中山區錦州街與中原街口口	25.0603726	121.5288284	0	0	2	2	8	7	5	4	2	1	5	4	5	13	2	1	5	4	5	2	16	1	5	1	6	9	10	1		1	2	13	
113	6	19	8	33	臺北市	中正區	中正區汀州路2段184號	25.0229188	121.5232466	0	0	3	3	8	7	5	14	9	1	5	4	5	13	4	4	9	5	5	2	13	1	9	3	5	2	18	1		1	2	11	
113	6	19	8	42	臺北市	中山區	中山區民族東路410巷與龍江路328巷口	25.0651677	121.538318	0	0	2	2	8	5	5	4	1	1	5	4	5	13	4	4	9	4	5	2	11	1	9	3	5	1	18	1		2	2	11	
113	6	19	8	50	臺北市	內湖區	內湖區民權東路6段120巷7弄與民權東路6段120巷口	25.06762961	121.5872268	0	0	1	2	8	6	5	4	1	1	5	4	5	13	4	4	10	5	5	2	17	1	9	1	6	1	10	1		1	2	17	
113	6	19	9	8	臺北市	內湖區	內湖區潭美街507號	25.06048872	121.5976581	0	0	1	2	8	5	5	14	9	1	5	4	5	13	4	4	9	5	5	2	17	1	6	1	7	2	8	1		2	3	2	
113	6	19	9	9	臺北市	北投區	北投區承德路6段與福國路口	25.1013357	121.5125	0	0	1	2	7	6	5	4	1	1	5	4	1	13	1	1	1	4	1	1	16	1	9	1	6	1	10	1		1	2	11	
113	6	19	9	10	臺北市	中正區	中正區中山南路與仁愛路1段口	25.0394461	121.5178144	0	0	1	2	8	6	5	4	1	1	5	4	5	13	1	1	10	5	5	1	16	1	6	1	7	2	4	1		1	3	2	
113	6	19	9	10	臺北市	萬華區	萬華區華江橋機車道下橋處	25.0353227	121.4905929	0	0	2	3	7	7	5	8	11	1	5	4	5	13	4	4	10	5	5	2	12	1	9	1	5	1	10	1		1	2	14	
113	6	19	9	30	臺北市	內湖區	內湖區潭美街763號	25.06297373	121.6082969	0	0	2	3	8	6	5	14	9	1	5	4	5	13	4	4	5	5	5	2	17	1	1	1	7	2	8	1		1	3	4	
113	6	19	9	39	臺北市	中山區	中山區中山北路3段32號	25.0654002	121.5221604	0	0	1	2	8	7	5	14	8	1	5	4	5	13	4	4	1	4	1	2	12	1	9	1	7	2	4	1		1	3	2	
113	6	19	10	4	臺北市	大同區	大同區民權西路與民權西路225巷口	25.0630301	121.5122223	0	0	3	3	8	6	5	3	1	1	5	4	5	13	2	1	1	4	5	2	16	1	5	1	5	1	10	1		1	2	14	
113	6	19	10	11	臺北市	松山區	松山區南京東路4段與光復北路口	25.0514483	121.5577571	0	0	1	2	8	6	5	4	1	1	5	4	5	13	2	1	1	3	5	2	12	1	15	1	7	1	8	1		2	3	2	
113	6	19	10	41	臺北市	士林區	士林區永平街與永平街36巷口	25.09045305	121.5050939	0	0	1	2	8	6	5	3	1	1	5	4	5	13	4	4	5	5	5	1	16	1	5	1	6	2	10	1		1	2	12	
113	6	19	10	51	臺北市	中山區	中山區民權東路3段70號	25.06225	121.5311516	0	0	1	2	8	6	5	14	9	1	5	4	5	13	4	4	1	4	5	2	12	4	8	1	3	1	4	1		1	3	2	
113	6	19	11	2	臺北市	南港區	南港區成福路51號	25.04381831	121.5866609	0	0	1	2	8	7	5	14	9	1	5	4	5	13	4	4	4	1	5	2	12	1	7	1	7	2	8	1		1	3	8	
113	6	19	11	21	臺北市	士林區	士林區中山北路6段與天母西路口口	25.11826482	121.5299795	0	0	1	2	7	7	5	4	1	1	5	4	5	13	2	1	9	4	5	1	17	1	6	1	5	9	10	1		1	2	12	
113	6	19	11	36	臺北市	內湖區	內湖區民權東路6段187號前	25.06778154	121.5971564	0	0	2	3	8	7	8	14	8	1	5	4	5	13	4	4	1	4	4	2	13	4	9	1	6	2	10	1		1	2	11	
113	6	19	11	45	臺北市	中正區	中正區忠孝西路1段與館前路口	25.0466724	121.5151289	0	0	1	2	8	5	6	4	1	1	5	4	5	13	1	1	1	2	5	2	17	1	6	1	7	9	8	1		1	3	8	
113	6	19	12	0	臺北市	士林區	士林區中山北路5段與文林路口	25.0854402	121.5257538	0	0	1	2	8	6	5	3	2	1	5	4	5	13	2	1	1	4	5	1	13	1	9	1	7	1	8	1		1	3	1	
113	6	19	12	8	臺北市	大同區	大同區重慶北路3段與昌吉街口	25.065938	121.5137573	0	0	2	2	7	5	5	14	9	1	5	4	5	13	2	1	9	4	5	1	16	4	5	1	3	2	10	1		2	2	14	
113	6	19	12	10	臺北市	內湖區	內湖區瑞光路66巷46號	25.0701079	121.580585	0	0	2	2	8	6	6	14	9	1	5	4	5	13	4	4	10	5	5	2	16	1	1	1	6	1	10	1		1	2	14	
113	6	19	12	16	臺北市	中山區	中山區新生北路1段85號	25.0514565	121.5280133	0	0	1	2	7	6	5	14	9	1	5	4	5	13	4	4	10	4	5	1	17	1	1	1	5	1	10	1		2	2	11	
113	6	19	12	18	臺北市	中正區	中正區中華路1段與忠孝西路1段口	25.0478669	121.5100957	0	0	3	3	8	5	5	4	1	1	5	4	5	13	1	1	1	4	1	1	17	1	9	1	5	1	10	1		2	2	11	
113	6	19	12	23	臺北市	士林區	士林區中山北路6段169號	25.1071075	121.5249159	0	0	1	2	8	6	8	14	9	1	5	4	5	13	4	4	1	4	5	1	17	1	9	1	7	1	8	1		2	3	5	
113	6	19	12	40	臺北市	文山區	文山區興隆路4段29巷4弄與興隆路4段29巷2弄口口	24.98974443	121.5602852	0	0	1	2	7	7	5	4	1	1	5	4	5	13	4	4	10	5	5	2	15	1	9	1	5	1	10	1		2	2	11	
113	6	19	13	10	臺北市	信義區	信義區光復南路457號	25.0345427	121.5575788	0	0	1	2	7	6	5	14	9	1	5	4	5	13	4	4	9	4	5	2	17	1	1	1	7	1	8	1		1	3	8	
113	6	19	13	23	臺北市	信義區	信義區基隆路1段200號	25.040486	121.5639397	0	0	1	2	8	7	5	14	9	1	5	4	5	13	4	4	9	4	5	2	12	1	9	1	5	1	10	1		2	2	14	
113	6	19	14	3	臺北市	萬華區	萬華區德昌街261巷12號	25.02255263	121.4923372	0	0	2	2	6	5	5	14	9	1	4	4	5	13	4	4	10	5	5	2	17	4	1	1	6	1	10	1		1	2	11	
113	6	19	14	10	臺北市	北投區	北投區育仁路與大同街口	25.13386838	121.4984751	0	0	2	2	8	6	5	5	1	1	5	4	5	13	3	1	5	4	5	2	15	1	9	1	5	1	10	1		1	2	11	
113	6	19	14	19	臺北市	文山區	文山區興隆路2段與興隆路2段244巷口	25.0010449	121.5539169	0	0	1	2	6	6	5	3	1	1	4	4	5	13	4	4	1	4	5	2	3	5	16	8	4	10	20	1		2	2	16	
113	6	19	14	20	臺北市	萬華區	萬華區漢中街與成都路口	25.0423769	121.5075156	0	0	1	2	7	6	5	4	2	1	5	4	5	13	1	1	8	3	5	1	17	4	5	1	3	1	8	1		1	3	4	
113	6	19	14	39	臺北市	大同區	大同區重慶北路3段199號	25.0695206	121.5138865	0	0	3	3	8	6	5	14	9	1	5	4	5	13	4	4	3	4	5	2	11	1	9	1	6	1	10	1		1	2	12	
113	6	19	15	20	臺北市	內湖區	內湖區成功路2段478號	25.07299627	121.5897814	0	0	1	2	6	6	5	3	2	1	4	4	5	13	4	4	5	4	5	2	17	1	1	1	7	1	8	1		2	3	17	
113	6	19	15	39	臺北市	士林區	士林區德行東路110號	25.10775312	121.5285371	0	0	1	2	8	5	5	14	9	1	5	4	5	13	4	4	5	5	5	2	16	4	6	1	3	1	10	1		2	3	13	
113	6	19	15	49	臺北市	萬華區	萬華區西藏路201號	25.0293951	121.4987446	0	0	1	2	8	6	5	14	9	1	5	4	5	13	1	1	1	4	5	2	17	1	11	1	7	1	8	1		1	3	6	
113	6	19	16	0	臺北市	中正區	中正區忠孝東路1段與紹興北街口	25.0444562	121.5251201	0	0	2	4	7	5	5	4	2	1	4	4	5	13	1	1	1	5	5	2	17	1	7	1	7	1	4	1		1	3	3	3
113	6	19	16	28	臺北市	信義區	信義區松仁路與松勤街口	25.0319051	121.5683857	0	0	1	2	7	6	5	4	1	1	4	4	5	13	2	1	9	4	5	2	17	1	5	1	7	1	8	1		1	3	2	
113	6	19	16	34	臺北市	大安區	大安區忠孝東路3段與建國南路1段口口	25.0415114	121.5373948	0	0	1	2	7	6	5	4	1	1	4	4	5	13	2	1	1	4	5	2	16	4	6	1	3	1	8	1		1	3	1	
113	6	19	16	37	臺北市	萬華區	萬華區桂林路242巷與桂林路口	25.03883349	121.4960969	0	0	2	3	7	6	5	4	1	1	5	4	5	13	2	1	1	4	5	2	17	1	9	1	7	1	8	1		1	3	5	
113	6	19	17	4	臺北市	士林區	士林區士東路19號	25.04847309	121.5183568	0	0	2	2	7	5	5	14	9	1	5	4	5	13	4	4	5	5	5	2	16	4	1	6	3	1	18	1		1	2	14	
113	6	19	17	15	臺北市	大安區	大安區仁愛路4段與敦化南路1段口	25.0386075	121.5489751	0	0	1	2	8	5	5	18	17	1	5	4	5	13	2	1	9	5	5	2	12	1	9	1	5	1	10	1		1	3	13	
113	6	19	17	20	臺北市	北投區	北投區承德路6段145號停車格	25.10922941	121.5116349	0	0	3	3	7	6	5	14	9	1	5	4	5	13	4	4	1	4	5	2	17	1	9	1	6	2	10	1		1	2	11	
113	6	19	17	30	臺北市	北投區	北投區學園路與學園路口2號	25.13288425	121.4674193	0	0	2	2	8	6	5	3	1	1	5	4	5	13	2	1	5	4	5	2	11	1	9	1	5	1	10	1		2	2	11	
113	6	19	17	45	臺北市	大同區	大同區重慶北路2段與涼州街口	25.06065606	121.5136631	0	0	1	2	8	6	5	4	2	1	5	4	5	13	2	1	8	3	5	2	17	1	9	1	6	1	10	1		1	2	17	
113	6	19	18	25	臺北市	北投區	北投區石牌路2段與天母西路130巷口	25.1194765	121.522494	0	0	1	2	7	5	5	3	1	1	5	4	5	13	4	4	5	4	5	2	17	1	9	1	7	1	8	1		2	3	8	
113	6	19	19	11	臺北市	萬華區	萬華區華江橋機車道往板橋方向(編號001052燈桿前)	25.0357601	121.4865156	0	0	1	4	8	5	7	8	11	1	5	4	5	13	4	4	9	4	3	1	13	1	12	1	5	1	10	1		2	3	11	13
113	6	19	19	13	臺北市	信義區	信義區永吉路48號	25.0455953	121.5693209	0	0	1	2	6	5	5	14	9	1	4	4	5	13	4	4	3	4	5	2	18	4	9	1	5	1	10	1		1	2	17	
113	6	19	19	16	臺北市	信義區	信義區永吉路185-2號	25.0456852	121.5724592	0	0	1	2	7	5	5	14	8	1	4	4	5	13	4	4	1	4	4	2	17	4	14	1	3	1	4	1		1	3	4	
113	6	19	19	30	臺北市	大安區	大安區信義路2段198巷與永康街31巷口口	25.0316766	121.5309151	0	0	1	2	6	5	5	4	1	1	4	4	5	13	4	4	10	5	5	2	17	1	5	1	5	1	10	1		2	2	12	
113	6	19	19	40	臺北市	大同區	大同區市民大道1段209號	25.0486366	121.5181312	0	0	1	2	7	5	8	22	22	1	5	4	5	13	4	4	1	4	5	2	17	4	6	1	3	1	8	1		1	3	2	
113	6	19	19	54	臺北市	文山區	文山區興隆路2段22巷9弄8號	24.9975864	121.546066	0	0	3	4	6	5	5	14	9	4	4	4	5	13	4	4	10	5	5	2	3	5	16	8	4	10	20	1		2	2	16	
113	6	19	20	18	臺北市	萬華區	萬華區環河南路2段與廣州街口	25.0368404	121.4957141	0	0	1	2	7	5	5	4	1	1	5	4	5	13	1	1	1	3	5	1	15	4	11	1	3	1	8	1		1	3	5	
113	6	19	20	19	臺北市	中山區	中山區明水路581巷19號	25.0801842	121.5508476	0	0	1	2	8	5	5	14	9	1	5	4	5	12	4	4	5	4	5	2	12	4	9	1	3	1	8	1		1	2	14	
113	6	19	20	30	臺北市	士林區	士林區天母東路50巷與天母東路8巷31弄口	25.11693607	121.533576	0	0	1	3	8	5	5	3	1	1	5	4	5	13	4	4	5	4	5	1	16	4	5	1	3	1	2	1		1	3	7	
113	6	19	21	0	臺北市	信義區	信義區信安街117號	25.0247881	121.556045	0	0	1	2	7	5	5	22	9	1	4	4	5	13	4	4	9	5	5	2	17	1	5	1	5	5	9	1		1	2	11	
113	6	19	21	5	臺北市	大安區	大安區通化街19巷與文昌街250巷口口	25.0316509	121.5557193	0	0	2	2	7	5	5	4	1	1	4	4	5	13	4	4	10	5	5	2	15	1	9	1	5	1	10	1		1	2	12	
113	6	19	21	24	臺北市	中山區	中山區民生東路3段32-2號	25.0577214	121.5398748	0	0	1	2	7	5	5	14	9	1	5	4	5	13	4	4	3	4	5	2	13	1	9	1	6	1	9	1		1	2	11	
113	6	19	21	24	臺北市	信義區	信義區市府路與仁愛路4段口	25.0377328	121.5637054	0	0	1	2	7	5	5	3	1	1	4	4	5	13	2	1	5	4	5	2	16	4	5	1	3	1	4	1		1	3	1	
113	6	19	21	57	臺北市	信義區	信義區仁愛路4段與光復南路口口	25.0378258	121.5576684	0	0	2	5	7	5	5	4	1	1	5	4	5	13	2	1	1	5	1	2	13	1	9	1	6	1	10	1		1	2	12	
113	6	19	22	45	臺北市	大同區	大同區承德路2段與民權西路口	25.0628714	121.5181205	0	0	2	4	8	5	5	4	1	1	5	4	5	13	2	1	8	3	5	2	12	1	9	1	6	1	15	1		1	3	11	
113	6	19	22	55	臺北市	文山區	文山區木柵路1段與和興路口	24.9866806	121.5458055	0	0	1	2	7	5	5	4	2	1	5	4	5	13	2	1	5	4	5	2	13	1	14	1	6	11	9	1		4	2	13	
113	6	19	23	8	臺北市	松山區	松山區敦化北路與敦化北路155巷口	25.0542908	121.5491973	0	0	3	4	7	5	5	4	1	1	5	4	5	13	1	1	5	4	4	2	16	1	5	1	7	1	4	1		1	2	8	
113	6	19	23	30	臺北市	大同區	大同區台北橋汽車道往東	25.0628971	121.5154099	0	0	1	5	8	5	5	14	9	1	5	4	5	13	4	4	4	4	5	2	13	4	9	1	3	1	2	1		1	3	1	
113	6	20	0	12	臺北市	士林區	士林區通河街與通河街2巷口	25.0799313	121.5236682	0	0	1	2	8	5	5	4	1	1	5	4	5	13	3	1	5	2	5	2	16	1	9	6	6	9	18	2		1	4	15	
113	6	20	2	17	臺北市	大同區	大同區鄭州路與鄭州路29巷口	25.0493233	121.5141818	0	0	1	2	7	5	5	3	2	1	5	4	5	13	1	1	1	4	5	2	13	4	9	1	3	2	8	1		1	3	1	
113	6	20	4	40	臺北市	中山區	中山區新生北路2段51號前迴轉道	25.0562777	121.5282073	0	0	1	2	8	5	5	11	6	1	5	4	5	13	4	4	9	5	5	2	3	4	9	1	3	2	8	1		1	3	8	
113	6	20	4	54	臺北市	松山區	松山區塔悠路39號	25.05074016	121.5713476	0	0	1	2	7	5	5	14	8	1	5	4	5	13	4	4	1	3	4	2	27	1	9	1	6	1	10	1		2	2	11	
113	6	20	5	58	臺北市	松山區	松山區南京東路3段與南京東路3段303巷口	25.0518748	121.5468893	0	0	2	2	7	6	5	4	2	1	5	4	5	13	1	1	1	3	4	2	13	1	9	1	7	1	8	1		2	2	1	
113	6	20	6	50	臺北市	北投區	北投區承德路6段與福國路口	25.1014415	121.5125756	0	0	1	2	8	5	5	4	1	1	5	4	5	13	1	1	3	4	2	2	17	4	6	1	3	2	8	1		1	3	5	
113	6	20	6	58	臺北市	大安區	大安區信義路2段與麗水街口	25.033724	121.5291765	0	0	1	2	8	6	5	3	1	1	5	4	5	13	4	4	8	3	5	2	12	4	15	1	3	1	8	1		1	3	2	
113	6	20	7	22	臺北市	大同區	大同區承德路3段與承德路3段122巷口	25.0673425	121.518241	0	0	1	2	8	6	5	14	9	1	5	4	5	13	4	4	8	3	5	1	16	4	8	1	3	1	8	1		1	3	2	
113	6	20	7	24	臺北市	北投區	北投區大業路與承德路7段口北往南方向	25.1208378	121.4997707	0	0	1	3	8	5	6	4	2	1	5	4	5	13	1	1	9	4	5	1	18	1	5	8	4	9	20	1		1	2	14	
113	6	20	7	37	臺北市	中山區	中山區松江路與松江路140巷口	25.05349766	121.5330211	0	0	1	2	8	7	5	3	2	1	5	4	5	13	4	4	1	4	5	2	13	1	9	1	5	2	10	1		2	2	11	
113	6	20	8	0	臺北市	中山區	中山區長春路258巷與長春路258巷2弄口	25.0542514	121.5390651	0	0	1	2	8	5	8	4	1	1	5	4	5	13	4	4	9	5	5	2	16	1	7	1	7	1	15	1		1	3	8	
113	6	20	8	3	臺北市	中山區	中山區林森北路與新生北路2段76巷口	25.0574163	121.5255189	0	0	2	2	8	7	5	4	2	1	5	4	5	13	4	4	9	5	5	2	13	1	9	1	5	1	9	1		1	2	11	