年	月	日	時	分	縣市	行政區	allLocation	GoogleLat	GoogleLng	死	2-30	受傷	當事人數	天候	道路照明設備	道路類別	道路型態	事故位置	路面狀況1	路面狀況2	路面狀況3	道路障礙1	道路障礙2	號誌1	號誌2	車道劃分-分向	車道劃分-分道1	車道劃分-分道2	車道劃分-分道3	事故類型及型態	行動電話	當事者行動狀態	駕駛資格情形	保護裝置	飲酒情形	駕駛執照種類	個人肇逃否	肇因碼-主要	性別	受傷程度	車輛撞擊部位1	車輛撞擊部位2
113	6	20	8	3	臺北市	大同區	大同區延平北路2段與涼州街口	25.0606557	121.511368	0	0	1	2	8	6	5	4	1	1	5	4	5	13	1	1	5	4	5	2	17	1	5	1	7	2	8	1		1	3	1	
113	6	20	8	20	臺北市	士林區	士林區至誠路1段88號	25.1015059	121.5353507	0	0	1	2	8	6	5	14	9	1	5	4	5	13	4	4	5	5	5	2	17	1	15	1	6	2	10	1		1	3	14	
113	6	20	8	25	臺北市	文山區	文山區羅斯福路6段與羅斯福路6段142巷口	24.9962666	121.5410811	0	0	1	2	8	6	5	4	2	1	5	4	5	13	2	1	1	4	5	2	12	1	7	1	6	2	10	1		2	2	14	
113	6	20	8	30	臺北市	中山區	中山區濱江街3號	25.07121385	121.5298472	0	0	1	2	8	7	5	14	9	1	5	4	5	13	4	4	10	4	5	2	13	1	5	1	5	1	10	1		2	2	13	
113	6	20	8	38	臺北市	中山區	中山區南京東路2段與伊通街口	25.0523711	121.5347343	0	0	1	2	8	7	5	14	9	1	5	4	5	13	4	4	5	5	5	2	17	1	15	1	7	1	8	1		1	3	2	
113	6	20	8	45	臺北市	南港區	南港區南港路1段與經貿一路口	25.054698	121.6190258	0	0	1	2	8	7	5	11	9	1	5	4	5	13	4	4	1	4	5	1	12	4	9	1	6	2	9	1		2	3	12	
113	6	20	9	7	臺北市	信義區	信義區永吉路443巷與松山路149巷口	25.0466521	121.5783472	0	0	2	2	8	6	5	4	1	1	5	4	5	13	4	4	10	5	5	2	15	1	9	1	6	2	10	1		2	2	11	
113	6	20	9	35	臺北市	內湖區	內湖區康寧路3段189巷21弄與康寧路3段165巷口	25.07133045	121.6122124	0	0	2	3	8	5	5	4	2	1	5	4	5	13	4	4	10	5	5	2	16	1	1	1	6	1	10	1		1	2	11	
113	6	20	9	40	臺北市	大同區	大同區延平北路4段與酒泉街口	25.0723181	121.5111863	0	0	1	2	8	6	5	4	2	1	5	4	5	13	1	1	5	4	5	2	17	1	9	1	6	2	10	1		1	2	13	
113	6	20	9	45	臺北市	大安區	大安區和平東路3段與和平東路3段67巷口旁	25.02460501	121.549711	0	0	1	2	8	6	5	3	2	1	5	4	5	13	4	4	9	4	5	1	12	1	7	1	5	1	8	1		2	2	14	
113	6	20	9	51	臺北市	內湖區	內湖區潭美街與成功路2段口	25.060117	121.5916999	0	0	1	2	8	5	5	3	2	1	5	4	5	13	1	1	5	5	5	2	17	1	9	1	5	2	10	1		1	2	14	
113	6	20	9	52	臺北市	南港區	南港區南港路1段與經貿一路口	25.0549583	121.6182967	0	0	1	2	8	7	5	3	1	1	5	4	5	13	2	1	1	3	5	2	12	1	9	1	5	1	10	1		2	2	11	
113	6	20	10	36	臺北市	中山區	中山區松江路23號	25.0468775	121.5330033	0	0	1	2	8	6	5	14	9	1	5	4	5	13	2	1	1	5	5	1	13	4	9	1	3	1	8	1		2	3	1	
113	6	20	11	4	臺北市	松山區	松山區敦化北路與民權東路4段口	25.0614517	121.5512063	0	0	1	2	8	5	5	4	1	1	5	4	5	13	2	1	1	3	4	2	16	1	9	8	3	2	20	1		2	2	14	
113	6	20	11	45	臺北市	中山區	中山區林森北路與雙城街13巷口	25.0640036	121.525669	0	0	1	2	8	7	5	3	1	1	5	4	5	13	1	1	5	5	5	2	16	1	11	1	7	1	4	1		1	3	4	
113	6	20	11	50	臺北市	中正區	中正區公園路與貴陽街1段口	25.03862432	121.5152032	0	0	2	2	8	5	5	4	2	1	5	4	5	13	1	1	5	5	5	2	17	1	5	1	5	1	10	1		1	2	14	14
113	6	20	11	50	臺北市	信義區	信義區忠孝東路4段553巷與忠孝東路4段553巷6弄口	25.0422743	121.5627744	0	0	2	3	8	7	5	3	1	1	5	4	5	13	4	4	9	4	5	2	15	1	9	1	6	1	10	1		2	3	11	
113	6	20	12	8	臺北市	中山區	中山區濱江街3號	25.0710598	121.5290693	0	0	1	2	8	6	5	14	7	1	5	4	5	13	4	4	8	3	4	1	9	5	16	8	4	10	20	1		1	2	16	
113	6	20	12	10	臺北市	中山區	中山區龍江路與龍江路65巷口	25.0505849	121.5404646	0	0	1	2	8	6	6	3	2	1	5	4	5	13	2	1	5	5	5	2	13	4	5	1	3	1	8	1		2	3	1	
113	6	20	12	23	臺北市	中山區	中山區林森北路67巷與長安東路1段30巷口	25.0482719	121.5262191	0	0	2	3	8	7	5	4	1	1	5	4	5	13	4	4	10	5	5	2	15	1	9	1	7	2	8	1		1	3	1	
113	6	20	12	28	臺北市	中正區	中正區北平東路30號北側附近	25.0458874	121.525981	0	0	1	2	8	5	5	14	8	1	5	4	5	13	4	4	10	4	4	1	17	1	6	1	7	2	8	1		1	3	2	
113	6	20	13	13	臺北市	士林區	士林區芝玉路2段與德行東路口	25.10973813	121.5340281	0	0	1	2	8	6	8	5	2	1	5	4	5	13	3	1	9	5	5	1	15	1	9	6	5	1	10	1		1	2	14	
113	6	20	13	50	臺北市	中山區	中山區龍江路與龍江路345巷口	25.0634381	121.5408886	0	0	2	2	8	6	5	3	1	1	5	4	5	13	4	4	5	5	5	2	15	4	9	1	5	1	10	1		1	2	11	
113	6	20	14	0	臺北市	大安區	大安區潮州街98巷與潮州街口	25.029053	121.5253318	0	0	2	2	8	7	5	3	1	1	5	4	5	13	4	4	9	4	5	2	17	1	5	1	6	1	10	1		2	2	14	
113	6	20	14	10	臺北市	內湖區	內湖區大湖街144號附近側附近	25.0953306	121.6051884	0	0	1	2	8	6	5	11	9	1	5	4	5	13	4	4	10	5	5	1	17	1	6	1	5	2	10	1		1	2	14	
113	6	20	14	20	臺北市	內湖區	內湖區民權東路6段東向西0305919燈桿	25.0669905	121.5793989	0	0	1	4	8	6	5	14	9	1	5	4	5	13	4	4	1	4	5	2	13	4	7	1	6	1	10	1		2	2	11	
113	6	20	14	34	臺北市	大安區	大安區市民大道4段與敦化南路1段口	25.0447532	121.548592	0	0	1	2	8	6	5	4	1	1	5	4	5	13	2	1	1	4	5	2	16	4	6	1	3	1	8	1		2	3	2	
113	6	20	14	38	臺北市	中山區	中山區長春路88號與長春路口對面	25.05495183	121.5269215	0	0	2	2	7	5	5	14	9	1	5	4	5	13	4	4	9	5	4	2	16	1	11	1	6	1	10	1		2	2	11	
113	6	20	15	0	臺北市	大安區	大安區敦化南路1段169巷口側附近	25.0435512	121.5492295	0	0	2	2	7	6	5	14	20	4	5	4	5	13	4	4	4	4	5	2	9	4	8	8	4	9	20	1		1	2	12	
113	6	20	15	29	臺北市	中正區	中正區青島西路兒童醫院旁	25.04469077	121.5186326	0	0	1	5	7	7	5	14	9	1	5	4	5	13	4	4	9	4	5	2	17	1	14	1	7	2	4	1		1	3	2	
113	6	20	15	33	臺北市	中山區	中山區吉林路49號	25.0531987	121.5301457	0	0	1	2	7	7	5	14	7	1	5	4	5	13	4	4	8	3	4	1	17	1	1	1	7	1	4	1		1	3	4	
113	6	20	16	20	臺北市	信義區	(松仁路161號前)	25.0285114	121.5683895	0	0	1	2	7	5	5	14	9	1	5	4	5	13	1	1	9	4	5	2	17	1	5	1	7	1	8	1		1	3	2	
113	6	20	16	57	臺北市	大同區	大同區延平北路4段231號	25.0754954	121.5118703	0	0	2	2	7	6	5	14	9	1	5	4	5	13	4	4	5	2	5	2	9	1	9	3	6	2	18	1		2	2	11	
113	6	20	17	9	臺北市	南港區	南港區向陽路258巷與松河街口	25.0584654	121.5973108	0	0	2	2	8	7	5	4	1	1	5	4	5	12	2	1	5	5	5	1	16	4	7	1	6	1	9	1		1	2	11	
113	6	20	17	9	臺北市	大安區	大安區羅斯福路3段與新生南路3段口	25.0165671	121.532605	0	0	1	2	8	5	5	3	1	1	5	4	5	13	1	1	1	4	5	2	16	1	5	1	7	1	8	1		1	3	1	
113	6	20	17	40	臺北市	內湖區	內湖區內湖路2段與成功路3段174巷口	25.08198347	121.5903057	0	0	1	2	8	7	5	4	1	1	5	4	5	13	2	1	5	5	5	2	17	1	5	1	5	9	10	1		2	3	17	
113	6	20	17	40	臺北市	萬華區	萬華區環河南路1段與峨眉街口	25.04467406	121.5012524	0	0	1	2	8	5	5	3	2	1	5	4	5	13	4	4	9	4	5	2	17	1	6	1	5	1	8	1		1	3	17	
113	6	20	17	56	臺北市	中正區	中正區中華路2段與西藏路口	25.0299964	121.5042053	0	0	1	2	8	7	5	4	1	1	5	4	1	13	1	1	2	2	5	2	16	1	5	1	6	1	10	1		1	2	14	
113	6	20	17	57	臺北市	文山區	文山區新光路2段木柵機廠停車場出入口旁	25.00123546	121.5841107	0	0	2	3	7	7	5	14	9	1	5	4	5	13	4	4	5	4	5	2	17	1	15	1	5	1	10	1		2	2	14	
113	6	20	18	46	臺北市	中山區	中山區南京東路2段與一江街口	25.05212095	121.5317007	0	0	1	2	7	5	5	14	9	1	5	4	5	13	1	1	3	4	4	2	12	4	9	1	3	1	4	1		1	3	2	
113	6	20	19	27	臺北市	信義區	信義區逸仙路26巷23號	25.0394987	121.5626866	0	0	1	2	7	5	5	11	9	1	5	4	5	8	4	4	10	5	5	1	11	4	21	8	4	2	20	1		2	2	14	
113	6	20	19	30	臺北市	中正區	中正區市民大道3段與新生北路1段口	25.04524956	121.5327634	0	0	1	2	8	5	5	4	2	1	5	4	5	13	1	1	3	5	5	2	16	1	6	1	2	1	8	1		2	3	5	
113	6	20	19	45	臺北市	北投區	北投區承德路7段143號	25.11319883	121.5083115	0	0	2	2	7	5	5	14	7	1	5	4	5	13	4	4	1	4	4	2	17	1	7	1	5	2	9	1		1	2	13	
113	6	20	20	40	臺北市	北投區	北投區珠海路與雙全街口	25.1376354	121.501015	0	0	1	2	7	5	5	4	1	1	5	4	5	13	4	4	10	5	5	2	17	1	9	1	5	2	10	1		1	2	17	
113	6	20	21	6	臺北市	大安區	大安區和平東路3段與臥龍街口口	25.0246413	121.5467096	0	0	1	2	8	5	5	4	1	1	5	4	5	13	2	1	1	4	5	2	17	1	5	1	7	1	4	1		1	3	5	
113	6	20	21	47	臺北市	信義區	信義區永吉路120巷與松隆路口	25.0452993	121.5702889	0	0	1	2	7	5	5	5	2	1	5	4	5	13	2	1	1	4	5	2	17	4	5	1	3	1	10	1		1	2	14	
113	6	20	21	48	臺北市	中山區	中山區新生北路2段127巷與中原街口側附近口	25.0598163	121.5289974	0	0	1	2	7	5	5	4	1	1	5	4	5	13	4	4	9	4	5	2	3	4	5	1	3	9	2	1		1	3	1	
113	6	20	22	3	臺北市	信義區	信義區市民大道6段與基隆路1段35巷口口	25.0492247	121.5705201	0	0	1	2	7	5	5	3	1	1	5	4	5	13	4	4	1	4	5	2	3	1	9	1	6	9	10	2		1	3	14	
113	6	20	22	5	臺北市	北投區	北投區大度路3段與立功街口	25.12330665	121.4689846	0	0	2	3	7	5	5	3	2	1	5	4	5	13	3	1	1	4	5	2	16	1	5	1	7	1	8	1		1	3	2	
113	6	20	23	1	臺北市	大同區	大同區鄭州路與西寧北路口	25.0504759	121.5081367	0	0	2	2	7	5	5	14	9	1	5	4	5	13	2	1	1	4	5	2	17	4	9	3	3	1	18	1		2	2	12	
113	6	21	4	20	臺北市	文山區	文山區興隆路4段與木柵路2段口	24.9886369	121.5602179	0	0	1	2	8	5	5	4	2	1	5	4	5	13	2	1	1	4	5	2	12	4	11	1	3	1	4	1		1	3	8	
113	6	21	6	34	臺北市	士林區	士林區承德路4段與百齡橋口	25.09084258	121.5164637	0	0	1	2	8	6	5	8	9	1	5	4	5	13	2	1	1	4	4	1	12	1	8	1	5	1	10	1		2	2	13	
113	6	21	7	5	臺北市	士林區	士林區承德路4段與百齡橋口	25.09089602	121.5164587	0	0	2	2	8	6	7	8	9	1	5	4	5	13	2	1	1	4	4	1	12	1	8	1	5	1	10	1		1	2	13	
113	6	21	7	33	臺北市	內湖區	內湖區康寧路1段與康寧路1段164巷口	25.0790247	121.5945089	0	0	1	2	8	7	5	3	1	1	5	4	5	13	4	4	5	5	5	1	3	1	9	1	5	2	10	1		2	3	11	
113	6	21	7	39	臺北市	大同區	大同區昌吉街與環河北路2段69巷口	25.0658123	121.5091398	0	0	1	2	8	6	5	3	1	1	5	4	5	13	4	4	4	5	5	1	16	4	6	1	3	1	10	1		2	2	11	
113	6	21	7	52	臺北市	信義區	信義區忠孝東路5段373號	25.0409307	121.5751886	0	0	1	3	8	6	5	14	9	1	5	4	5	13	4	4	1	4	5	2	13	4	9	1	3	2	10	1		2	2	11	
113	6	21	7	55	臺北市	大同區	大同區昌吉街226號	25.0656964	121.5098831	0	0	1	2	8	6	5	14	9	1	5	4	5	13	4	4	5	4	5	2	17	4	15	1	3	1	8	1		1	3	4	
113	6	21	7	56	臺北市	大安區	大安區仁愛路4段416號	25.0374448	121.5570078	0	0	2	2	8	6	5	14	20	4	5	4	5	8	4	4	1	4	1	2	16	4	8	8	3	1	20	1		1	2	13	
113	6	21	8	15	臺北市	中山區	中山區樂群一路與基湖路口	25.0760966	121.5631398	0	0	1	2	8	6	5	3	1	1	5	4	5	13	2	1	1	2	5	2	16	1	9	1	7	1	4	1		1	3	5	
113	6	21	8	23	臺北市	信義區	信義區忠孝東路5段與忠孝東路5段423巷口	25.0409597	121.5753572	0	0	1	2	8	6	5	4	1	1	5	4	5	13	1	1	1	4	5	2	17	4	9	1	3	1	10	1		1	3	11	
113	6	21	8	29	臺北市	內湖區	內湖區港墘路與港墘路221巷口0305961燈桿附近	25.07498933	121.5736273	0	0	2	2	8	6	5	3	1	1	5	4	5	13	4	4	1	3	5	1	16	1	6	1	6	2	10	1		2	2	12	
113	6	21	8	59	臺北市	內湖區	內湖區內湖路1段與內湖路1段591巷口	25.08085036	121.5731961	0	0	1	2	8	5	5	4	1	1	5	4	5	13	1	1	1	4	5	2	13	1	9	1	6	1	10	1		1	2	11	
113	6	21	9	0	臺北市	內湖區	內湖區行善路與金豐街口口	25.06602659	121.5858139	0	0	1	2	8	6	5	4	4	1	5	4	5	13	2	1	1	1	5	2	13	1	9	1	5	1	10	1		1	2	11	
113	6	21	9	15	臺北市	南港區	南港區成美橋與南港路3段口往北	25.0520886	121.582959	0	0	1	2	8	5	5	14	9	1	5	4	5	13	4	4	5	4	5	2	12	1	9	1	6	1	10	1		1	3	14	
113	6	21	9	20	臺北市	中山區	中山區北安路與敬業二路口	25.085121	121.5544049	0	0	1	2	8	5	5	3	1	1	5	4	5	13	4	4	1	4	5	2	16	1	6	1	7	1	8	1		1	3	2	
113	6	21	9	23	臺北市	松山區	松山區南京東路5段與吉祥路口	25.0513891	121.5626494	0	0	1	3	8	5	5	3	2	1	5	4	5	13	4	4	1	4	4	1	17	1	10	1	5	1	10	1		1	2	14	
113	6	21	9	34	臺北市	文山區	文山區汀州路4段與溪洲街口	25.00596512	121.5364217	0	0	1	2	8	6	6	3	1	1	5	4	5	13	3	1	5	5	5	2	17	1	11	1	7	1	8	1		1	3	17	
113	6	21	9	48	臺北市	內湖區	內湖區基湖路與基湖路35巷口	25.07973953	121.5647158	0	0	1	2	8	6	5	3	2	1	5	4	5	13	2	1	5	4	5	2	17	1	7	1	6	2	10	1		2	2	14	
113	6	21	9	50	臺北市	松山區	松山區南京東路4段75巷14弄與南京東路4段75巷口	25.05224797	121.5537002	0	0	2	4	8	5	5	4	1	1	5	4	5	13	4	4	7	5	5	2	15	4	9	1	3	1	8	1		1	3	8	
113	6	21	9	51	臺北市	大安區	大安區敦化南路1段190巷與忠孝東路4段77巷口	25.0426486	121.5472176	0	0	1	2	8	5	5	4	1	1	5	4	5	13	4	4	10	5	5	2	15	1	9	1	6	1	10	1		2	2	11	
113	6	21	10	22	臺北市	松山區	松山區敦化南路1段2-1號	25.0477538	121.5486734	1	0	0	7	8	6	5	14	9	1	5	4	5	13	4	4	1	4	1	1	17	1	9	6	7	2	1	1		1	3	2	14
113	6	21	10	30	臺北市	內湖區	內湖區堤頂大道2段181號	25.07714003	121.5698812	0	0	1	3	8	5	5	14	9	1	5	4	5	13	4	4	1	5	5	2	17	1	9	1	5	1	10	1		2	2	11	
113	6	21	10	37	臺北市	信義區	信義區忠孝東路4段515號	25.0414368	121.5586219	0	0	1	2	8	6	5	14	9	1	5	4	5	13	4	4	1	4	5	1	12	4	8	1	3	1	4	1		1	3	6	
113	6	21	10	46	臺北市	北投區	北投區紗帽路10號	25.148473	121.532531	0	0	1	2	8	7	5	11	9	1	4	4	5	13	4	4	4	1	5	1	17	1	9	1	7	9	8	2		1	3	17	17
113	6	21	11	2	臺北市	中正區	中正區和平西路1段與南昌路2段口	25.0267265	121.5209551	0	0	2	3	8	7	5	5	1	1	5	4	5	13	1	1	2	4	5	2	17	1	9	1	6	1	10	1		1	2	11	
113	6	21	11	10	臺北市	南港區	南港區昆陽街86號	25.0517498	121.5935036	0	0	1	2	8	5	5	14	9	1	5	4	5	13	4	4	9	5	5	2	14	4	2	1	3	1	8	1		1	3	7	
113	6	21	11	22	臺北市	大安區	大安區市民大道3段226號	25.0444487	121.5409848	0	0	2	4	8	7	5	14	9	1	5	4	5	13	4	4	1	4	5	1	12	4	15	1	3	1	8	1		1	3	6	
113	6	21	11	24	臺北市	大安區	大安區光復南路290巷與延吉街口口廢鐵道	25.039393	121.5567353	0	0	1	2	8	6	5	4	1	4	5	4	5	13	4	4	4	3	5	1	15	1	9	1	7	1	4	1		1	3	4	
113	6	21	11	30	臺北市	信義區	信義區松德路169巷與信義路6段15巷口	25.0360879	121.575165	0	0	1	2	8	7	5	4	1	1	5	4	5	13	4	4	9	4	5	2	15	1	9	1	6	1	10	1		1	2	14	
113	6	21	11	36	臺北市	中正區	中正區濟南路1段與紹興南街口	25.04198127	121.5244075	0	0	1	2	8	6	5	4	1	1	5	4	5	13	2	1	5	4	4	2	13	1	5	1	5	1	10	1		1	2	11	
113	6	21	11	46	臺北市	大同區	大同區鄭州路與環河北路1段口	25.050739	121.5070184	0	0	1	2	8	6	5	4	2	1	5	4	5	13	2	1	1	5	5	2	16	1	5	1	6	1	10	1		2	2	13	
113	6	21	12	5	臺北市	中正區	中正區濟南路1段321號	25.04192819	121.525683	0	0	1	3	7	7	5	14	7	1	5	4	5	13	4	4	5	4	4	2	16	1	11	1	5	1	10	1		1	2	11	
113	6	21	12	20	臺北市	士林區	士林區福林路與福林路100巷口	25.0958042	121.5312119	0	0	1	2	8	6	5	3	1	1	5	4	5	13	3	1	5	5	5	2	17	1	5	1	7	1	8	1		1	3	4	
113	6	21	12	27	臺北市	北投區	北投區西安街1段349號前	25.1140064	121.5155635	0	0	2	2	8	6	5	14	9	1	5	4	5	13	4	4	10	4	5	2	13	1	9	1	5	1	10	1		1	2	11	
113	6	21	13	0	臺北市	文山區	文山區羅斯福路6段92巷與景仁街20巷口	24.9981168	121.5398389	0	0	1	2	8	6	5	4	1	1	5	4	5	13	4	4	10	5	5	2	15	1	9	1	6	2	10	1		1	3	13	
113	6	21	13	28	臺北市	士林區	士林區承德路4段174號	25.086532	121.5228565	0	0	1	4	7	6	5	14	8	1	4	4	5	13	4	4	1	4	4	1	13	4	9	1	3	1	10	1		2	2	11	
113	6	21	13	38	臺北市	松山區	松山區東興路與東興路15巷口口	25.0500754	121.5654012	0	0	1	2	7	7	5	4	1	1	5	4	5	13	2	1	5	4	5	2	15	1	9	8	4	1	20	1		1	2	12	
113	6	21	13	39	臺北市	松山區	松山區塔悠路與松信路口	25.049999	121.5721606	0	0	1	2	7	6	5	5	1	1	4	4	5	13	2	1	1	4	5	2	12	1	9	1	6	1	10	1		1	2	14	
113	6	21	13	45	臺北市	中正區	中正區公園路與青島西路口	25.04502716	121.5171402	0	0	2	2	6	6	5	4	2	1	4	4	5	13	2	1	5	4	5	2	16	1	5	1	5	2	10	1		2	2	12	
113	6	21	13	45	臺北市	士林區	士林區承德路4段與劍潭路口	25.0842932	121.5234402	0	0	1	2	6	5	5	4	2	1	4	4	5	13	1	1	1	4	5	2	18	1	9	1	6	1	10	1		1	2	12	
113	6	21	14	0	臺北市	信義區	信義區吳興街220巷35號	25.0269994	121.5622897	0	0	1	2	7	7	5	14	9	1	5	4	5	13	1	1	9	4	5	2	16	1	5	1	7	1	8	1		1	3	1	
113	6	21	14	29	臺北市	信義區	信義區光復南路417號	25.0368674	121.557645	0	0	1	3	6	5	5	14	9	1	4	4	5	13	4	4	1	4	5	2	17	1	6	1	7	1	8	1		1	3	2	
113	6	21	14	42	臺北市	松山區	松山區民權東路5段與撫遠街口	25.06318811	121.566	0	0	1	2	6	6	5	4	1	1	4	4	5	13	2	1	1	4	5	2	17	1	5	1	7	1	8	1		1	3	5	
113	6	21	14	56	臺北市	信義區	信義區松高路1號	25.0391882	121.5643396	0	0	1	3	6	6	5	14	9	1	4	4	5	13	4	4	8	3	5	2	17	4	14	1	3	2	8	1		1	3	3	
113	6	21	15	11	臺北市	南港區	南港區忠孝東路6段1號與忠孝東路6段口永吉路口	25.0453222	121.5826278	0	0	1	2	6	6	5	5	2	1	4	4	5	12	2	1	3	4	4	2	17	1	8	1	7	1	14	1		1	3	17	
113	6	21	15	28	臺北市	中山區	中山區民生東路2段與新生北路2段口	25.058091	121.5277674	0	0	1	2	6	6	5	4	1	1	4	4	5	13	2	1	9	4	5	2	16	1	5	1	7	2	8	1		1	3	2	
113	6	21	15	38	臺北市	大安區	大安區復興南路1段與大安路1段116巷口	25.039945	121.5438515	0	0	1	2	6	5	5	14	8	1	4	4	5	13	4	4	1	4	4	2	13	1	9	1	6	1	10	2		4	2	11	
113	6	21	15	56	臺北市	中山區	中山區北安路劍南捷運站2號出口	25.08474334	121.5558358	0	0	1	2	7	7	5	14	9	1	4	4	5	13	4	4	1	3	5	1	12	1	7	1	7	1	8	1		2	3	4	
113	6	21	16	45	臺北市	大安區	大安區安和路2段與安和路2段69巷口	25.0305656	121.5525013	0	0	1	2	6	5	5	3	2	1	4	4	5	13	4	4	1	4	5	2	12	1	15	1	5	1	10	1		1	2	12	
113	6	21	17	12	臺北市	北投區	北投區中和街與大業路口	25.137607	121.5032022	0	0	3	3	8	6	5	4	1	1	5	4	5	13	4	4	10	5	5	2	17	1	5	1	5	2	10	1		2	2	12	
113	6	21	17	14	臺北市	中正區	中正區臨沂街6巷與金山南路1段口	25.04261069	121.5298288	0	0	1	2	8	6	5	4	1	1	5	4	5	8	4	4	10	5	5	2	15	1	9	1	7	2	8	1		1	3	2	
113	6	21	17	35	臺北市	內湖區	內湖區民權東路6段與行愛路口口	25.0666553	121.5785694	0	0	2	2	8	6	5	4	1	1	5	4	5	13	1	1	1	4	5	2	15	1	9	1	5	1	10	1		2	2	11	
113	6	21	17	38	臺北市	大安區	大安區辛亥路2段與新生南路3段口	25.0226195	121.5344023	0	0	1	3	8	5	5	4	1	1	5	4	5	13	2	1	10	4	4	2	13	4	9	1	3	2	8	1		1	3	5	
113	6	21	17	39	臺北市	內湖區	內湖區金湖路與星雲街口	25.0817166	121.5959039	0	0	1	2	8	6	5	3	2	1	5	4	5	13	2	1	3	4	5	2	17	1	5	1	7	2	8	1		1	3	2	
113	6	21	17	47	臺北市	大同區	大同區哈密街59巷14號	25.0743511	121.5158042	0	0	2	3	8	6	5	14	9	1	5	4	5	13	4	4	8	4	5	2	17	4	15	1	3	1	8	1		1	3	8	
113	6	21	17	49	臺北市	大同區	大同區民權西路194號	25.0628311	121.5145178	0	0	1	2	7	6	5	14	9	1	5	4	5	13	4	4	10	4	5	2	17	4	1	1	5	1	8	1		1	3	12	
113	6	21	17	50	臺北市	信義區	信義區基隆路車行地下道往北	25.0347418	121.5605413	0	0	1	4	7	7	5	14	9	1	5	4	5	13	4	4	1	4	5	1	13	1	9	1	7	2	8	1		1	3	1	
113	6	21	17	58	臺北市	北投區	北投區承德路6段337號	25.10264422	121.5121584	0	0	1	2	8	6	5	14	7	1	5	4	5	13	4	4	9	4	4	2	13	1	9	1	7	2	8	1		2	2	1	
113	6	21	18	8	臺北市	中正區	中正區八德路1段43巷8號	25.04459957	121.5316305	0	0	1	2	7	6	5	14	9	1	5	4	5	12	4	4	10	5	5	2	3	4	9	8	4	11	20	1		1	4	15	
113	6	21	18	14	臺北市	內湖區	內湖區江南街71巷75弄與文德路22巷53弄口	25.07551453	121.5797659	0	0	2	2	8	6	5	4	1	1	5	4	5	13	4	4	5	5	5	2	17	1	9	1	6	9	10	1		1	2	14	
113	6	21	18	15	臺北市	信義區	信義區忠孝東路5段236巷3弄7號	25.04044011	121.5726813	0	0	1	3	7	5	5	14	9	1	5	4	5	13	4	4	10	5	5	2	17	1	15	1	5	1	10	1		1	2	11	
113	6	21	18	22	臺北市	士林區	士林區福華路與福華路141巷口	25.1029501	121.5222579	0	0	1	2	8	6	5	3	1	1	5	4	5	13	4	4	10	4	5	2	17	1	6	1	6	2	8	1		1	3	12	
113	6	21	18	30	臺北市	中山區	中山區大佳河濱公園	25.073686	121.5416187	0	0	1	2	7	7	5	14	9	1	5	4	5	13	4	4	9	4	5	2	17	4	10	1	3	1	8	1		2	3	5	
113	6	21	19	1	臺北市	大安區	大安區敦化南路1段202號人行道	25.0418679	121.5485427	0	0	1	2	8	5	5	22	20	2	5	4	5	13	4	4	10	5	5	2	18	1	9	8	4	1	20	1		2	2	15	
113	6	21	19	10	臺北市	中正區	中正區南海路與南昌路1段口	25.0324619	121.5166204	0	0	1	4	7	5	5	4	2	4	5	4	5	13	1	1	1	4	5	2	12	1	8	1	7	1	8	1		1	3	5	
113	6	21	19	11	臺北市	大同區	大同區環河北路1段與南京西路口口	25.0536504	121.5075087	0	0	1	3	8	5	5	4	1	1	5	4	5	13	2	1	10	5	5	2	16	1	6	3	7	2	18	1		2	3	5	
113	6	21	19	25	臺北市	大安區	大安區東豐街與復興南路1段279巷30弄口	25.0360671	121.5451069	0	0	1	2	8	5	5	4	1	1	5	4	5	13	4	4	10	5	5	2	15	1	12	1	5	1	10	1		1	2	12	14
113	6	21	19	26	臺北市	信義區	信義區虎林街242巷48號	25.0358449	121.5767091	0	0	1	2	8	5	5	14	9	1	5	4	5	13	4	4	10	5	5	2	18	1	9	1	5	9	9	1		1	2	12	
113	6	21	20	10	臺北市	萬華區	萬華區內江街與昆明街口	25.0416024	121.5045588	0	0	1	2	7	5	5	4	2	1	5	4	5	13	1	1	10	4	5	2	1	1	5	6	7	1	18	1		1	3	1	
113	6	21	20	12	臺北市	大安區	大安區建國南路2段與建國南路2段151巷口迴轉道前	25.0289545	121.5374575	0	0	2	2	8	5	5	3	4	1	5	4	5	13	2	1	10	5	5	2	13	4	21	1	3	1	10	1		1	2	15	
113	6	21	21	17	臺北市	中山區	中山區民族西路與玉門街口	25.0686581	121.5209182	0	0	1	2	8	6	5	3	1	1	5	4	5	13	4	4	5	4	5	2	16	4	11	8	4	1	20	1		2	2	15	
113	6	21	21	18	臺北市	內湖區	內湖區成功路2段與成功路2段456巷口	25.0725682	121.5902091	0	0	2	2	8	5	5	3	2	1	5	4	5	13	4	4	1	4	5	2	13	1	9	1	5	1	10	1		2	2	12	
113	6	21	21	25	臺北市	大安區	大安區和平東路2段與復興南路2段口	25.0249802	121.5433217	0	0	2	2	8	5	5	5	1	1	5	4	5	13	1	1	10	5	5	2	12	1	9	1	5	1	10	1		2	2	12	