年	月	日	時	分	縣市	行政區	allLocation	GoogleLat	GoogleLng	死	2-30	受傷	當事人數	天候	道路照明設備	道路類別	道路型態	事故位置	路面狀況1	路面狀況2	路面狀況3	道路障礙1	道路障礙2	號誌1	號誌2	車道劃分-分向	車道劃分-分道1	車道劃分-分道2	車道劃分-分道3	事故類型及型態	行動電話	當事者行動狀態	駕駛資格情形	保護裝置	飲酒情形	駕駛執照種類	個人肇逃否	肇因碼-主要	性別	受傷程度	車輛撞擊部位1	車輛撞擊部位2
113	6	21	21	35	臺北市	中正區	中正區八德路1段與新生南路1段口	25.0442594	121.5324575	0	0	2	2	7	5	5	4	2	1	5	4	5	13	1	1	5	4	5	2	17	1	15	1	6	2	10	1		1	2	11	
113	6	21	21	54	臺北市	南港區	南港區南港路2段與南港路2段41巷口	25.0535606	121.6025626	0	0	1	2	7	5	5	3	2	1	5	4	5	13	2	1	9	4	4	2	16	4	6	1	3	1	8	1		1	3	5	
113	6	21	22	7	臺北市	士林區	士林區美崙街與美崙街152巷口	25.0969711	121.5194433	0	0	2	2	8	5	5	3	1	1	5	4	5	13	4	4	5	5	5	2	17	1	9	1	6	1	10	1		1	2	14	
113	6	21	22	24	臺北市	中正區	中正區中華路2段與中華路2段307巷口	25.0287331	121.5052784	0	0	1	2	7	5	5	3	1	1	5	4	5	13	1	1	5	4	4	2	17	1	5	1	5	2	10	1		1	2	12	
113	6	21	22	43	臺北市	中山區	中山區北安路往西自強隧道前機車道	25.08619746	121.5508223	0	0	1	2	8	5	5	14	11	1	5	4	5	13	4	4	10	5	5	2	17	1	8	1	5	9	10	1		1	3	17	11
113	6	22	0	1	臺北市	中山區	中山區長安東路1段63號	25.04860691	121.5272307	0	0	1	2	7	5	5	14	9	1	5	4	5	13	4	4	5	4	5	2	13	4	11	1	3	1	10	1		1	2	11	
113	6	22	0	23	臺北市	萬華區	萬華區中華路2段150巷與中華路2段口	25.03046971	121.5040614	0	0	3	3	8	5	5	4	1	1	5	4	5	13	4	4	5	4	5	2	17	1	9	1	6	1	10	1		2	2	14	
113	6	22	1	6	臺北市	大安區	大安區羅斯福路4段90巷對面	25.0139543	121.5353117	0	0	1	2	7	5	5	14	9	1	5	4	5	13	2	1	1	3	5	1	13	4	9	1	6	1	10	1		1	2	11	
113	6	22	1	15	臺北市	南港區	南港區忠孝東路6段與忠孝東路6段159巷口	25.0489593	121.5864838	0	0	1	2	7	5	5	4	2	1	5	4	5	13	4	4	10	5	5	2	15	4	9	1	3	1	8	1		1	3	8	
113	6	22	2	28	臺北市	中山區	中山區吉林路與吉林路154巷口口	25.0568195	121.5301952	0	0	2	3	7	5	5	4	1	1	5	4	5	13	4	4	5	4	4	2	17	4	11	1	3	1	4	1		2	3	4	
113	6	22	3	0	臺北市	士林區	士林區竹子湖路251巷20號旁	25.18824608	121.5707597	0	0	1	3	8	5	5	11	9	1	5	4	5	13	4	4	4	5	5	1	17	1	9	3	2	9	18	1		1	3	5	
113	6	22	3	11	臺北市	中山區	中山區長安東路2段與新生北路口側附近1段口	25.0483148	121.5297011	0	0	1	3	7	5	5	4	1	1	5	4	5	13	1	1	1	4	5	2	17	4	9	1	3	1	8	1		1	3	1	
113	6	22	5	36	臺北市	中正區	中正區中山南路與信義路1段口	25.03862364	121.5179375	0	0	1	2	8	6	5	4	1	1	5	4	5	13	1	1	10	5	5	2	16	1	9	1	2	2	8	1		1	3	2	
113	6	22	8	17	臺北市	中正區	中正區和平西路1段與福州街口	25.0274635	121.5163345	0	0	1	2	8	6	5	5	1	1	5	4	5	13	1	1	3	5	5	1	17	1	6	1	5	2	9	1		1	2	12	
113	6	22	8	40	臺北市	中正區	中正區愛國東路100號	25.03310052	121.5206985	0	0	1	2	7	6	5	14	20	4	2	4	4	13	4	4	10	5	5	2	29	1	9	8	4	1	20	1		2	2	12	
113	6	22	9	19	臺北市	文山區	文山區景美堤外便道往東第067號燈桿	24.98812235	121.5411833	0	0	1	2	8	6	8	14	23	1	5	4	5	13	4	4	10	5	5	1	17	1	9	8	4	2	20	1		1	3	13	
113	6	22	9	27	臺北市	內湖區	內湖區金龍路182號前	25.08675633	121.5884221	0	0	1	2	8	7	5	14	9	1	5	4	5	13	2	1	9	4	5	2	13	4	6	1	3	2	8	1		1	3	1	
113	6	22	10	7	臺北市	中山區	中山區民族東路65號	25.068283	121.5355196	0	0	1	2	8	6	5	14	8	1	5	4	5	13	4	4	1	4	4	2	12	1	8	1	7	1	8	1		1	3	2	
113	6	22	10	12	臺北市	中正區	中正區南陽街與許昌街口	25.0455038	121.5159362	0	0	1	2	8	6	5	4	1	1	5	4	5	13	4	4	10	5	5	2	17	1	9	1	7	3	8	1		1	3	8	
113	6	22	11	0	臺北市	士林區	士林區承德路4段9巷與承德路4段口	25.0793768	121.521827	0	0	1	2	8	6	5	4	1	1	5	4	5	13	1	1	10	5	5	1	17	1	6	1	7	1	4	1		1	3	1	
113	6	22	11	1	臺北市	大安區	大安區復興南路1段378號	25.0342252	121.543524	0	0	1	2	8	6	5	14	9	1	5	4	5	13	4	4	1	3	5	2	12	1	8	1	6	2	9	1		1	2	11	
113	6	22	11	18	臺北市	士林區	士林區萬溪產業道路(至善幹49R28B7359)	25.12465631	121.5919473	0	0	1	2	8	6	5	11	9	1	5	4	5	13	4	4	10	5	5	1	17	1	4	1	7	1	8	1		1	3	7	
113	6	22	11	20	臺北市	松山區	松山區濱江街與濱江街口500號出入口	25.07174508	121.5584031	0	0	3	4	8	6	5	3	1	1	5	4	5	13	4	4	3	4	4	2	16	1	1	1	5	1	10	1		2	2	14	
113	6	22	11	30	臺北市	中正區	中正區重慶南路1段與開封街1段口	25.04611308	121.5132595	0	0	1	2	8	7	5	4	2	1	5	4	5	13	1	1	10	4	5	2	17	1	5	1	6	1	10	1		1	3	14	
113	6	22	11	33	臺北市	士林區	士林區基河路300巷1100532燈桿前	25.09370315	121.5189772	0	0	1	2	8	7	5	14	9	1	5	4	5	13	4	4	9	5	5	2	12	1	11	1	7	1	8	1		1	3	4	
113	6	22	11	50	臺北市	內湖區	內湖區成功路2段254號	25.06609525	121.5904492	0	0	1	2	8	6	5	14	9	1	5	4	5	13	2	1	1	4	5	2	17	1	9	1	6	2	11	1		2	3	11	
113	6	22	12	7	臺北市	中正區	中正區南海路與牯嶺街口	25.0320204	121.515056	0	0	1	3	8	7	5	4	1	1	5	4	5	13	2	1	10	4	5	2	16	1	5	1	5	1	9	1		2	2	14	
113	6	22	12	48	臺北市	信義區	信義區虎林街57-1號	25.04667466	121.5769325	0	0	2	2	8	6	5	14	9	1	5	4	5	13	4	4	9	5	5	1	16	4	1	1	3	1	10	1		2	2	14	
113	6	22	13	12	臺北市	大安區	大安區復興南路2段391號	25.02190528	121.5434736	0	0	1	2	8	6	5	14	9	1	5	4	5	13	4	4	1	4	5	1	12	1	8	1	6	1	10	1		2	2	12	
113	6	22	13	17	臺北市	內湖區	內湖區民善街與舊宗路1段150巷口	25.0616955	121.5751241	0	0	1	2	8	6	5	4	2	1	5	4	5	13	4	4	5	5	5	2	17	1	5	1	7	2	8	1		2	3	8	
113	6	22	13	22	臺北市	中正區	中正區重慶南路3段與和平西路1段口口	25.02740639	121.5160815	0	0	1	2	8	6	5	4	1	1	5	4	5	13	1	1	1	4	5	1	17	1	6	1	6	1	10	1		2	3	12	
113	6	22	13	23	臺北市	松山區	松山區市民大道6段與松山路口口	25.0494939	121.5777284	0	0	2	2	8	5	5	4	1	1	5	4	5	13	2	1	1	4	5	2	16	1	5	1	5	2	10	1		1	2	14	
113	6	22	13	24	臺北市	中山區	中山區民權東路2段105號	25.0627099	121.5326014	0	0	2	3	8	5	5	14	9	1	5	4	5	13	4	4	1	4	5	2	13	1	14	1	7	1	4	1		1	3	7	
113	6	22	13	40	臺北市	內湖區	內湖區內湖路1段629巷與港墘路82巷口	25.08135196	121.5760977	0	0	2	2	8	6	5	14	9	1	5	4	5	13	4	4	10	5	5	2	17	1	9	1	6	1	10	1		1	2	11	
113	6	22	14	28	臺北市	中正區	中正區寧波西街與羅斯福路1段口口	25.031513	121.5189715	0	0	1	2	7	6	5	4	1	1	5	4	5	13	1	1	1	4	4	2	16	4	6	3	3	1	18	1		1	3	6	
113	6	22	14	33	臺北市	中山區	中山區市民大道2段與金山北路口	25.04604234	121.5305749	0	0	2	3	7	5	5	4	1	1	5	4	5	13	1	1	1	4	4	2	16	4	6	1	3	1	4	1		1	3	5	
113	6	22	15	14	臺北市	中山區	中山區建國高架道與建國北路2段口橋下迴轉道	25.05951926	121.536948	0	0	2	3	8	7	5	3	1	1	5	4	5	13	4	4	5	2	5	2	9	1	1	1	7	1	4	1		1	3	4	
113	6	22	15	40	臺北市	士林區	士林區社子街22巷與社子街84巷口口	25.08665385	121.506582	0	0	1	2	6	6	5	4	1	1	4	4	5	13	4	4	10	5	5	2	15	1	9	1	7	1	8	1		1	3	1	
113	6	22	15	55	臺北市	北投區	北投區大度路1段與大度路1段口21號	25.1210149	121.4975181	0	0	1	2	8	6	5	3	1	1	5	4	5	13	4	4	1	4	5	1	17	1	6	1	7	1	8	1		1	3	17	
113	6	22	16	16	臺北市	中山區	中山區中原街與錦州街口	25.0603364	121.528755	0	0	1	2	6	6	5	4	2	1	4	4	5	13	2	1	5	4	5	2	17	1	1	1	7	1	8	1		1	3	17	
113	6	22	16	20	臺北市	中山區	中山區八德路2段183號	25.04648639	121.538784	0	0	1	3	6	5	5	14	9	1	4	4	5	13	4	4	5	4	5	2	12	4	10	1	3	1	10	1		1	2	11	
113	6	22	16	30	臺北市	北投區	北投區承德路7段303號	25.1168424	121.5043501	0	0	1	2	8	6	5	14	7	1	5	4	5	13	4	4	1	4	4	2	17	1	1	1	7	1	8	1		1	3	4	
113	6	22	16	45	臺北市	中正區	中正區鄭州路與承德路1段口	25.04890308	121.5165159	0	0	2	4	8	6	5	4	1	1	5	4	5	13	1	1	1	4	5	2	13	4	12	1	7	1	8	1		1	3	3	
113	6	22	16	46	臺北市	松山區	松山區民權東路5段與撫遠街口	25.0631454	121.5657472	0	0	2	2	7	7	5	5	1	1	4	4	4	13	1	1	1	4	5	2	13	1	9	1	6	2	10	1		1	2	13	
113	6	22	17	15	臺北市	中山區	中山區市民大道3段與松江路口	25.0453713	121.5331234	0	0	1	2	8	7	5	4	1	1	5	4	5	13	2	1	9	4	5	2	9	1	9	8	4	1	20	1		1	3	11	
113	6	22	17	47	臺北市	松山區	松山區市民大道4段與延吉街口	25.04452415	121.5537608	0	0	1	2	7	7	5	4	1	1	5	4	5	13	2	1	9	4	5	2	17	1	5	1	7	1	8	1		2	3	8	
113	6	22	17	56	臺北市	中正區	中正區中山南路與忠孝東路1段口	25.0453999	121.5196658	0	0	1	3	8	5	5	4	2	1	5	4	5	13	1	1	4	4	1	1	17	1	9	1	5	1	10	1		1	3	14	
113	6	22	18	4	臺北市	松山區	松山區光復南路與八德路4段口	25.04821653	121.5578955	0	0	2	2	7	6	5	4	2	1	5	4	5	13	2	1	1	4	5	2	13	1	9	1	6	1	10	1		2	2	11	
113	6	22	18	12	臺北市	內湖區	內湖區南京東路6段東向西P119柱前	25.0569516	121.5808732	0	0	1	2	7	5	5	14	9	1	5	4	5	13	4	4	1	4	5	2	16	1	7	1	7	1	8	1		1	3	2	
113	6	22	18	25	臺北市	信義區	信義區忠孝東路4段551號	25.0413182	121.5628693	0	0	1	2	7	5	5	14	9	1	5	4	5	13	2	1	3	4	5	2	12	1	8	8	4	1	20	1		1	2	11	
113	6	22	18	25	臺北市	大同區	大同區鄭州路與西寧北路口	25.0505892	121.5082426	0	0	2	4	8	6	5	5	1	1	5	4	5	13	2	1	1	4	5	2	17	1	9	2	6	1	18	1		1	2	11	
113	6	22	18	34	臺北市	文山區	文山區木柵路2段與木柵路2段67巷口	24.9887416	121.5607676	0	0	1	2	8	6	5	3	2	1	5	4	5	13	4	4	5	4	5	2	17	4	5	1	3	2	10	1		2	2	11	
113	6	22	18	35	臺北市	內湖區	內湖區民權東路6段與瑞光路口	25.068744	121.5843593	0	0	2	2	8	5	5	4	1	1	5	4	5	13	2	1	1	4	5	2	17	1	9	1	6	1	10	1		1	2	14	
113	6	22	18	35	臺北市	北投區	北投區承德路7段與公館路口	25.1197988	121.5009507	0	0	3	4	7	5	5	14	9	1	5	4	5	13	4	4	1	4	1	2	12	4	9	1	3	2	10	1		1	2	12	
113	6	22	18	50	臺北市	松山區	松山區市民大道6段(八德路4段654號後面)	25.0494472	121.5752041	0	0	1	2	7	5	5	3	1	1	5	4	5	13	4	4	1	3	5	2	17	1	6	1	7	1	8	1		1	3	2	
113	6	22	19	8	臺北市	文山區	文山區興隆路2段與興隆路2段203巷口	25.0008564	121.5497676	0	0	1	2	8	5	5	4	1	1	5	4	5	13	2	1	1	4	5	1	13	1	9	1	6	1	10	1		2	2	11	
113	6	22	19	16	臺北市	大安區	大安區和平東路3段98巷35號	25.0235831	121.5509766	0	0	1	2	8	5	8	22	22	1	5	4	5	13	4	4	10	5	5	2	8	4	9	1	3	1	8	1		1	3	2	
113	6	22	19	28	臺北市	大同區	大同區鄭州路與塔城街口	25.05005773	121.5103538	0	0	2	3	8	5	5	5	1	1	5	4	5	13	4	4	1	5	5	2	16	1	6	1	7	1	8	1		1	3	2	
113	6	22	19	30	臺北市	南港區	南港區舊莊街1段19號對面	25.0415824	121.6179487	0	0	2	2	7	5	5	14	9	1	5	4	5	13	4	4	9	4	5	2	12	4	1	1	6	1	10	1		1	2	12	
113	6	22	20	49	臺北市	大安區	大安區新生南路3段與辛亥路1段口口	25.02224872	121.5343917	0	0	4	5	7	5	5	4	1	1	5	4	5	13	1	1	1	3	5	1	12	5	21	8	4	10	20	1		1	2	16	
113	6	22	21	17	臺北市	大安區	大安區和平東路1段與金山南路2段口	25.026925	121.5260369	0	0	1	2	7	5	5	3	1	1	5	4	5	13	1	1	1	3	5	2	17	1	6	1	7	1	3	1		1	3	5	
113	6	22	21	53	臺北市	中正區	中正區汀州路3段與汀州路3段2巷口	25.0195215	121.5261723	0	0	1	2	7	5	5	3	1	1	5	4	5	13	4	4	1	3	5	2	17	1	6	1	7	1	2	1		1	3	5	
113	6	22	21	54	臺北市	大同區	大同區延平北路4段104號與延平北路4段102巷口	25.0717696	121.5108999	0	0	1	2	8	5	5	3	2	1	5	4	5	13	4	4	5	4	4	2	17	4	9	1	3	1	8	1		1	3	1	
113	6	22	22	34	臺北市	大安區	大安區市民大道4段82號	25.0448198	121.5478749	0	0	3	8	8	5	5	14	9	1	5	4	5	13	4	4	1	4	5	2	29	4	9	3	7	1	18	1		1	2	5	
113	6	23	1	17	臺北市	大安區	大安區基隆路3段(北往南)	25.0155494	121.5421285	0	0	1	2	8	5	5	14	9	1	5	4	5	13	4	4	1	4	4	2	18	1	12	1	5	1	10	1		2	2	12	
113	6	23	3	3	臺北市	中正區	中正區重慶南路3段104號	25.02515807	121.5164266	0	0	1	2	8	5	5	14	9	1	5	4	5	13	4	4	3	4	5	2	9	1	9	3	5	2	18	1		2	3	11	
113	6	23	3	26	臺北市	內湖區	內湖區民權東路6段26號	25.0667088	121.5795366	0	0	1	2	7	6	5	4	2	1	5	4	5	13	2	1	9	4	5	2	12	1	11	1	6	1	10	1		1	2	12	
113	6	23	5	44	臺北市	中正區	中正區延平南路與愛國西路口	25.0366414	121.5078644	0	0	1	2	8	6	5	4	1	1	5	4	5	13	1	1	1	4	4	2	16	1	6	1	7	1	2	1		1	3	5	
113	6	23	6	36	臺北市	萬華區	萬華區萬板大橋往北市機車道近010號燈桿	25.0303428	121.4900175	0	0	1	2	8	6	7	11	11	1	5	4	5	13	4	4	10	4	5	2	23	4	9	1	3	7	10	1		1	2	14	
113	6	23	6	56	臺北市	中正區	中正區公園路與貴陽街1段口	25.0384917	121.5153887	0	0	1	2	8	7	5	4	1	1	5	4	5	13	1	1	10	5	5	2	19	1	9	1	5	5	10	1		1	2	12	
113	6	23	7	35	臺北市	大安區	大安區辛亥路1段與辛亥路1段77巷口	25.0211419	121.5304635	0	0	1	2	8	6	5	3	1	1	5	4	5	13	4	4	1	4	4	2	16	4	5	1	3	1	8	1		2	3	8	
113	6	23	7	58	臺北市	中正區	中正區中華路1段與貴陽街1段口	25.0391495	121.5076569	0	0	1	2	8	6	5	5	2	1	5	4	5	13	2	1	3	4	1	2	16	1	6	1	7	2	8	1		1	3	5	
113	6	23	9	53	臺北市	中正區	中正區金華街與潮州街3巷口愛國東路116巷	25.0314418	121.5210074	0	0	1	3	8	7	5	4	1	1	5	4	5	13	4	4	5	4	5	2	14	4	2	1	7	1	4	1		1	2	7	
113	6	23	10	12	臺北市	文山區	文山區木柵路1段與木柵路1段59巷口口	24.9868239	121.5460032	0	0	1	2	8	6	5	4	1	1	5	4	5	13	2	1	10	5	5	2	17	1	5	1	7	1	8	1		1	3	1	
113	6	23	10	35	臺北市	士林區	士林區基河路與基河路300巷口	25.0939621	121.5194872	0	0	2	2	8	6	5	3	2	1	5	4	5	13	3	1	5	4	5	2	17	1	9	8	4	1	20	1		2	2	11	
113	6	23	11	6	臺北市	北投區	北投區紗帽路與陽明路1段43巷口	25.14910559	121.5483798	0	0	1	2	8	6	5	3	1	1	5	4	5	13	1	1	5	4	5	2	16	1	1	1	7	2	8	1		1	3	4	
113	6	23	11	10	臺北市	文山區	文山區興隆路2段與興隆路2段154巷口	25.0017376	121.5511567	0	0	2	2	8	6	5	14	9	1	5	4	5	13	2	1	1	4	5	2	16	1	7	1	5	9	10	1		2	2	13	
113	6	23	11	17	臺北市	士林區	士林區前港街與福港街口	25.0852405	121.5176407	0	0	2	2	8	6	5	4	2	1	5	4	5	13	4	4	10	5	5	1	17	1	5	1	5	1	10	1		2	2	14	
113	6	23	11	40	臺北市	松山區	松山區市民大道6段288號	25.04951342	121.5791375	0	0	2	4	8	6	5	14	9	1	5	4	5	13	4	4	10	4	5	2	17	1	15	1	7	1	4	1		2	3	2	
113	6	23	12	14	臺北市	松山區	松山區市民大道4段123號	25.0448381	121.5498616	0	0	3	4	7	7	5	14	9	1	5	4	5	13	4	4	9	4	5	2	16	1	5	1	7	1	8	1		1	3	17	
113	6	23	12	47	臺北市	萬華區	萬華區西園路1段158號	25.03701615	121.4994396	0	0	1	2	8	5	5	14	9	1	5	4	5	13	4	4	9	4	5	2	17	4	5	1	7	1	8	1		1	3	7	
113	6	23	13	0	臺北市	內湖區	內湖區金龍路與內湖路3段口口	25.08499645	121.5925539	0	0	2	2	8	6	5	4	2	1	5	4	5	13	2	1	5	4	5	2	13	1	5	1	5	1	9	1		2	2	13	
113	6	23	13	2	臺北市	松山區	松山區南京東路3段與敦化北路口	25.0516274	121.5486647	0	0	1	2	8	7	5	4	1	1	5	4	5	13	1	1	1	4	4	2	16	1	9	1	6	1	10	1		2	2	11	
113	6	23	13	32	臺北市	信義區	信義區和平東路3段往西莊敬隧道前	25.0100309	121.5652455	0	0	1	2	7	7	5	11	9	1	5	4	5	13	4	4	9	5	5	2	19	1	9	1	5	1	10	1		1	2	11	
113	6	23	13	33	臺北市	文山區	文山區萬芳路(北往南0706256燈桿旁）	24.9966396	121.5707121	0	0	1	2	8	6	5	14	9	1	5	4	5	13	4	4	5	4	5	2	12	1	9	1	5	2	10	1		1	3	12	
113	6	23	13	50	臺北市	文山區	文山區新光路1段7號	24.9883519	121.5737074	0	0	2	2	7	5	5	14	9	1	5	4	5	13	4	4	9	5	5	1	17	1	11	1	6	1	10	1		1	2	14	
113	6	23	14	48	臺北市	中山區	中山區樂群三路與敬業三路口	25.0826239	121.5571124	0	0	1	3	6	7	5	14	9	1	4	4	5	13	4	4	5	5	5	2	17	1	7	1	7	9	8	1		1	3	17	
113	6	23	16	16	臺北市	北投區	北投區西安街1段與西安街1段313巷口	25.11300165	121.5162447	0	0	1	2	6	6	5	14	9	1	4	4	5	13	4	4	9	4	5	2	17	1	9	1	5	1	10	1		2	2	14	
113	6	23	17	0	臺北市	中山區	中山區建國北路3段93巷與建國北路口側附近3段口	25.0658085	121.5366122	0	0	2	2	6	5	8	3	1	1	4	4	5	13	4	4	5	4	5	2	17	4	9	8	3	1	20	1		1	2	11	
113	6	23	17	23	臺北市	北投區	北投區東華街2段與無名巷口	25.11954706	121.5120846	0	0	1	2	7	7	5	3	1	1	4	4	5	13	4	4	10	4	5	2	17	1	2	1	5	1	10	1		1	3	17	
113	6	23	17	37	臺北市	萬華區	萬華區開封街2段與西寧南路口	25.0465108	121.5071896	0	0	1	2	6	7	5	4	2	1	4	4	5	13	1	1	9	5	5	2	18	1	12	1	5	1	10	1		2	2	14	
113	6	23	17	50	臺北市	中正區	中正區中山南路與青島東路口	25.04432468	121.5193928	0	0	1	2	6	6	5	4	1	1	4	4	5	13	1	1	5	4	5	2	16	4	7	1	6	1	10	1		2	2	13	
113	6	23	18	3	臺北市	內湖區	內湖區港墘路與港華街口	25.0822303	121.5782854	0	0	2	4	7	5	5	4	1	1	5	4	5	13	1	1	5	4	5	2	2	1	5	1	7	1	8	1		2	3	4	
113	6	23	18	7	臺北市	中山區	中山區八德路2段174巷24弄與建國南路1段口	25.0454062	121.5369815	0	0	1	2	7	7	5	3	1	1	4	4	5	13	4	4	10	5	5	2	17	4	1	8	4	1	20	1		1	2	14	
113	6	23	18	36	臺北市	大同區	大同區延平北路4段與延平北路4段294巷口	25.0771834	121.5121335	0	0	1	2	6	5	5	4	1	1	4	4	5	13	2	1	1	4	5	2	16	1	6	8	4	1	20	1		2	2	11	
113	6	23	19	0	臺北市	中正區	中正區中山南路與貴陽街1段口	25.03805922	121.5175426	0	0	1	2	6	5	5	14	8	1	4	4	5	13	1	1	1	4	1	2	18	1	9	6	5	9	10	1		1	2	11	
113	6	23	19	5	臺北市	中正區	中正區重慶南路3段與汀州路2段口	25.0260529	121.516289	0	0	3	3	6	7	5	4	1	1	4	4	5	13	1	1	1	4	5	2	13	1	9	1	5	1	10	1		2	2	11	
113	6	23	19	7	臺北市	大同區	大同區延平北路2段與延平北路2段43巷口口	25.0551055	121.5117276	0	0	2	4	8	5	5	3	1	1	4	4	5	10	4	4	5	5	5	2	17	1	9	1	6	1	10	1		2	2	14	
113	6	23	19	19	臺北市	中山區	中山區建國北路2段與長春路口	25.05456785	121.5371077	0	0	1	2	7	5	5	14	9	1	4	4	5	13	2	1	1	5	5	1	17	4	9	1	3	1	10	1		2	2	11	
113	6	23	20	3	臺北市	中山區	中山區復興北路與民生東路3段口	25.05512181	121.5440312	0	0	1	2	7	5	5	14	9	1	5	4	5	13	4	4	1	5	5	1	17	4	9	1	3	11	8	2		1	3	2	
113	6	23	20	20	臺北市	中正區	中正區中山南路與信義路1段口	25.0384548	121.5179745	0	0	1	2	7	5	5	5	2	1	4	4	5	13	1	1	1	4	5	2	18	1	6	1	6	2	10	1		1	2	12	
113	6	23	20	30	臺北市	內湖區	內湖區康樂街48巷與康樂街口	25.06883473	121.6184395	0	0	2	2	7	5	5	3	1	1	5	4	4	12	4	4	9	4	5	1	17	1	5	1	5	2	10	1		2	2	11	
113	6	23	20	44	臺北市	信義區	信義區市民大道6段250號	25.0489411	121.5774134	0	0	2	2	7	5	5	14	9	1	5	4	5	13	4	4	5	5	5	2	13	1	1	1	5	1	10	1		1	2	13	
113	6	23	21	46	臺北市	士林區	士林區社正路12號	25.08879128	121.5095233	0	0	1	2	7	5	5	14	9	1	5	4	5	13	4	4	9	5	5	2	12	1	11	1	7	1	4	1		1	3	8	
113	6	23	22	42	臺北市	中正區	中正區忠孝西路1段與公園路口	25.04635107	121.5175677	0	0	1	2	7	5	5	4	1	1	5	4	5	13	3	1	1	4	5	2	3	1	6	1	7	2	2	1		1	3	1	
113	6	24	0	54	臺北市	南港區	南港區研究院路3段與研究院路3段86巷口	25.0335231	121.6127348	0	0	2	3	8	5	5	3	1	1	5	4	5	13	4	4	10	5	5	2	29	1	8	1	3	2	4	1		1	2	1	
113	6	24	1	50	臺北市	中正區	中正區市民大道2段與林森北路口	25.0476721	121.5241706	0	0	1	2	7	5	5	4	1	1	5	4	5	13	1	1	10	5	5	2	16	1	9	1	2	2	8	1		1	3	5	
113	6	24	6	29	臺北市	內湖區	內湖區康樂街與康樂街136巷口	25.0719533	121.6189447	0	0	2	3	8	5	5	4	1	1	5	4	5	13	2	1	5	5	5	2	16	1	6	1	7	2	8	1		1	3	5	
113	6	24	7	0	臺北市	萬華區	萬華區馬場町河濱公園自行車道（燈桿3012646）	25.0189759	121.5047023	0	0	2	2	8	5	7	14	23	1	5	4	5	13	4	4	8	3	5	1	2	4	9	8	3	1	20	1		2	2	15	
113	6	24	7	10	臺北市	松山區	松山區八德路4段636號	25.04995575	121.5746726	0	0	1	2	8	6	8	22	22	1	5	4	5	13	4	4	3	4	4	2	12	1	10	1	6	2	10	1		1	2	14	
113	6	24	7	22	臺北市	南港區	南港區南港路2段41巷	25.0533665	121.6027594	0	0	2	2	8	6	5	14	9	1	5	4	5	13	4	4	5	5	5	2	13	1	9	8	4	1	20	1		2	2	11	
113	6	24	7	23	臺北市	松山區	松山區民權東路4段西向東(燈桿0205115)	25.0615416	121.5521375	0	0	2	2	8	5	5	14	9	1	5	4	5	13	4	4	1	4	4	2	12	4	7	1	5	1	10	1		2	2	14	
113	6	24	7	35	臺北市	信義區	信義區基隆路1段83巷與基隆路1段口	25.0468588	121.5680497	0	0	1	2	8	6	5	3	1	1	5	4	5	13	4	4	10	4	5	2	16	1	6	1	7	2	8	1		1	3	4	
113	6	24	7	40	臺北市	中山區	中山區建國北路3段與農安街口	25.0649869	121.5364892	0	0	1	2	8	6	5	4	2	1	5	4	5	13	2	1	1	4	5	2	17	1	9	1	6	1	10	1		1	2	14	
113	6	24	7	43	臺北市	信義區	信義區忠孝東路4段國父紀念館四號出口	25.0412245	121.5584516	0	0	1	2	8	6	5	14	9	1	5	4	5	13	4	4	1	4	5	2	17	1	1	1	7	1	8	1		1	3	8	
113	6	24	7	45	臺北市	文山區	文山區秀明路1段與木柵路3段169巷口(西往東0700741燈桿旁）	24.9914736	121.5684332	0	0	1	3	8	6	5	14	9	1	5	4	5	13	3	1	10	5	5	2	13	1	10	1	5	1	10	1		1	2	11	
113	6	24	7	52	臺北市	松山區	松山區健康路225巷與延壽街330巷17弄口	25.0548955	121.5623571	0	0	2	2	8	7	5	4	1	1	5	4	5	13	4	4	10	5	5	2	15	1	9	1	5	2	10	1		1	2	12	
113	6	24	7	58	臺北市	文山區	文山區新光路2段燈桿05號旁	25.0027	121.5973286	0	0	1	2	8	6	5	11	9	1	5	4	5	13	4	4	9	5	5	2	17	1	9	1	5	1	11	1		1	2	12	
113	6	24	8	1	臺北市	中山區	中山區長春路154號	25.0548081	121.5323985	0	0	1	3	8	5	5	14	9	1	5	4	5	13	4	4	9	4	4	2	12	4	7	1	3	1	10	1		2	2	14	
113	6	24	8	4	臺北市	中山區	中山區民生東路1段10號	25.05801742	121.5236408	0	0	1	2	8	7	5	14	9	1	5	4	5	13	4	4	5	4	5	2	13	1	9	1	6	1	10	1		1	2	11	
113	6	24	8	9	臺北市	中正區	中正區汀州路2段與師大路口口	25.0210927	121.5252814	0	0	1	2	7	6	5	4	1	1	5	4	5	13	1	1	5	5	5	2	12	4	15	1	3	1	8	1		1	3	2	
113	6	24	8	15	臺北市	大安區	大安區復興南路2段144號	25.0288194	121.5434302	0	0	1	3	8	7	5	14	9	1	5	4	5	13	4	4	1	4	5	1	17	1	8	1	6	1	9	1		1	3	12	
113	6	24	8	15	臺北市	萬華區	萬華區環河南路1段131號	25.0425639	121.5004296	0	0	2	4	7	6	5	14	9	1	5	4	5	13	4	4	4	4	5	1	17	4	9	1	3	1	10	1		1	2	11	
113	6	24	8	20	臺北市	士林區	士林區承德路5段與士商路口	25.0960209	121.5142424	0	0	1	2	8	6	5	4	1	1	5	4	5	13	2	1	1	4	4	2	17	4	6	1	3	1	8	1		1	3	2	