年	月	日	時	分	縣市	行政區	allLocation	GoogleLat	GoogleLng	死	2-30	受傷	當事人數	天候	道路照明設備	道路類別	道路型態	事故位置	路面狀況1	路面狀況2	路面狀況3	道路障礙1	道路障礙2	號誌1	號誌2	車道劃分-分向	車道劃分-分道1	車道劃分-分道2	車道劃分-分道3	事故類型及型態	行動電話	當事者行動狀態	駕駛資格情形	保護裝置	飲酒情形	駕駛執照種類	個人肇逃否	肇因碼-主要	性別	受傷程度	車輛撞擊部位1	車輛撞擊部位2
113	6	24	8	28	臺北市	文山區	文山區福興路95巷21號前	25.00470872	121.5485757	0	0	1	2	8	6	5	14	9	1	5	4	5	13	4	4	10	5	5	1	16	1	6	1	7	1	8	1		1	3	6	
113	6	24	8	54	臺北市	內湖區	內湖區行善路與行愛路口	25.0606504	121.5825903	0	0	1	2	8	7	5	4	1	1	5	4	5	13	1	1	1	1	1	1	17	1	5	1	7	2	6	1		1	3	6	
113	6	24	9	0	臺北市	士林區	(至誠路2段78號前)	25.1015313	121.5280689	0	0	1	2	8	5	8	22	22	1	5	4	5	13	4	4	5	5	5	1	17	1	5	1	7	1	8	1		1	3	5	
113	6	24	9	0	臺北市	中正區	中正區重慶南路1段與沅陵街口	25.0428578	121.5131903	0	0	1	2	8	6	5	3	1	1	5	4	5	13	4	4	5	4	5	2	16	1	5	1	6	2	10	1		1	2	14	
113	6	24	9	9	臺北市	文山區	文山區木柵路1段148號前	24.9877028	121.5518175	0	0	1	2	8	6	5	14	9	1	5	4	5	13	4	4	5	4	5	2	13	1	8	1	7	2	1	1		1	3	5	
113	6	24	9	34	臺北市	松山區	松山區塔悠路與松信路口	25.0499978	121.5721546	0	0	1	2	8	7	5	5	1	1	5	4	5	13	2	1	9	4	5	2	13	1	9	1	7	1	8	1		1	3	5	
113	6	24	9	45	臺北市	北投區	北投區承德路7段與中央南路2段口	25.12117	121.499912	0	0	1	2	8	7	5	5	1	1	5	4	5	13	2	1	3	4	5	2	16	1	5	1	6	1	10	1		2	2	14	
113	6	24	10	4	臺北市	北投區	北投區承德路7段與立賢路口	25.1161233	121.5048617	0	0	1	2	8	7	5	4	1	1	5	4	5	13	1	1	1	4	5	2	16	1	11	1	7	2	8	1		1	3	2	
113	6	24	10	4	臺北市	萬華區	萬華區康定路與內江街口	25.0415738	121.502232	1	0	0	2	8	6	5	4	1	1	5	4	5	13	2	1	5	5	5	2	3	1	6	1	7	3	3	1		1	3	4	
113	6	24	10	5	臺北市	萬華區	萬華區萬大路與萬大路322巷口	25.0241833	121.5002351	0	0	1	2	8	5	5	4	1	1	5	4	5	13	2	1	1	3	5	1	16	4	5	1	3	1	10	1		2	2	12	
113	6	24	11	11	臺北市	萬華區	萬華區萬大路與興寧街口	25.03126526	121.5005035	0	0	1	2	8	6	5	4	2	1	5	4	5	13	3	1	5	4	5	1	17	4	9	1	3	1	10	1		1	2	11	
113	6	24	11	28	臺北市	北投區	北投區中和街與中和街20巷口	25.13761418	121.5031899	0	0	1	2	8	7	5	4	1	1	5	4	5	13	4	4	5	5	5	2	16	1	5	1	6	1	10	1		2	2	14	
113	6	24	11	35	臺北市	南港區	南港區東明街123巷東新公園旁	25.05511622	121.6003473	0	0	1	2	8	7	5	14	9	1	5	4	5	13	4	4	10	5	5	2	10	1	1	1	7	1	8	1		1	3	5	
113	6	24	11	40	臺北市	大安區	大安區羅斯福路4段21號	25.0140454	121.535256	0	0	2	2	8	6	5	14	9	1	5	4	5	13	2	1	1	4	5	2	13	1	9	1	5	1	10	1		1	2	11	
113	6	24	12	36	臺北市	文山區	文山區木柵路4段23號	24.9933	121.5714569	0	0	1	2	7	6	5	14	9	1	5	4	5	13	4	4	5	4	5	2	16	1	5	1	7	2	8	1		1	3	4	
113	6	24	12	44	臺北市	士林區	士林區福港街167巷與福港街口	25.08755407	121.5179205	0	0	1	2	8	7	5	4	1	1	5	4	5	13	4	4	10	5	5	1	17	1	9	1	6	1	10	1		2	2	11	
113	6	24	14	34	臺北市	中山區	中山區民權東路2段92巷與錦州街口	25.0603528	121.5316849	0	0	2	2	6	6	5	4	1	1	4	4	5	13	4	4	10	5	5	2	15	1	9	1	5	1	10	1		1	2	14	
113	6	24	14	52	臺北市	南港區	南港區南港路2段與南港路2段178巷口	25.0533803	121.599641	0	0	1	2	6	6	5	4	18	1	4	4	5	13	1	1	5	4	4	2	3	1	5	1	7	1	8	1		1	3	1	
113	6	24	14	58	臺北市	信義區	信義區虎林街120巷與忠孝東路5段295巷口口	25.042226	121.5725909	0	0	2	3	6	7	5	4	1	1	4	4	5	13	4	4	10	5	5	2	15	1	9	1	7	1	6	1		1	3	2	
113	6	24	15	11	臺北市	松山區	松山區八德路3段12巷與八德路3段12巷70弄口	25.04530259	121.5506909	0	0	3	4	6	6	5	4	1	1	4	4	5	13	4	4	10	5	5	2	15	1	9	1	6	1	10	1		2	2	14	
113	6	24	15	23	臺北市	中正區	中正區林森北路11號加油站內	25.04605655	121.5239491	0	0	1	2	6	5	8	22	22	5	4	4	5	13	4	4	10	5	5	2	9	1	2	1	7	1	4	1		1	3	2	
113	6	24	16	21	臺北市	信義區	信義區基隆路2段與嘉興街口口	25.032593	121.5592032	0	0	1	2	6	6	5	3	2	1	4	4	5	13	4	4	8	1	5	2	16	4	6	1	3	1	8	1		1	3	5	11
113	6	24	16	32	臺北市	大安區	大安區辛亥路2段與溫州街口	25.0226486	121.5333537	0	0	1	2	6	6	5	4	1	1	4	4	5	13	1	1	1	4	4	2	16	4	1	1	3	1	8	1		1	3	7	
113	6	24	16	47	臺北市	松山區	松山區松河街與中坡北路口	25.0521238	121.5798354	0	0	1	2	6	7	5	3	1	1	4	4	5	13	2	1	5	4	5	2	17	1	5	1	7	1	8	1		2	3	1	
113	6	24	16	50	臺北市	信義區	信義區忠孝東路4段563號	25.0413918	121.563813	0	0	2	2	6	7	8	22	20	4	4	4	5	13	4	4	10	5	5	2	2	1	9	8	4	1	20	1		1	2	12	
113	6	24	17	7	臺北市	中正區	中正區重慶南路1段與忠孝西路1段口口	25.047261	121.513583	0	0	1	2	6	5	5	4	2	1	4	4	5	13	2	1	9	4	4	1	13	1	9	1	7	2	2	1		1	3	1	
113	6	24	17	7	臺北市	松山區	松山區市民大道4段73號	25.04527713	121.5470769	0	0	1	2	7	6	5	14	9	1	4	4	5	13	4	4	1	3	5	2	18	1	9	1	6	1	10	1		2	2	14	
113	6	24	17	10	臺北市	大同區	大同區重慶北路3段與民權西路口口	25.0631444	121.5135395	0	0	1	2	8	6	5	4	1	1	4	4	5	13	2	1	1	5	5	2	17	1	9	1	6	1	10	1		1	2	15	
113	6	24	17	19	臺北市	北投區	北投區懷德街56巷與榮華三路41巷口	25.1127283	121.5204254	0	0	2	2	7	5	5	4	1	1	5	4	5	13	4	4	10	5	5	2	15	1	9	1	5	1	10	1		2	2	11	
113	6	24	17	25	臺北市	松山區	信義區一號道路與仁愛路4段口	25.0372126	121.562028	0	0	1	2	7	6	5	14	9	4	4	4	5	13	1	1	5	5	5	2	13	4	9	1	5	2	10	1		1	2	11	
113	6	24	17	34	臺北市	內湖區	內湖區東湖路113巷3弄3號	25.0690733	121.6151105	0	0	1	2	8	6	5	14	9	1	5	4	5	13	4	4	10	5	5	2	2	5	16	8	4	10	20	1		2	2	16	
113	6	24	18	14	臺北市	中山區	中山區北安路圓環往內湖方向	25.09627582	121.520113	0	0	1	2	6	5	5	14	9	1	4	4	5	13	4	4	1	4	5	2	12	1	9	7	5	11	19	2		4	2	14	
113	6	24	18	17	臺北市	文山區	文山區忠順街1段72號	24.9843372	121.5607153	0	0	1	2	7	7	5	14	9	1	4	4	5	13	4	4	9	5	5	2	16	1	9	1	6	1	10	1		1	3	14	
113	6	24	18	32	臺北市	信義區	信義區信義路6段與松德路口	25.0338162	121.5746218	0	0	1	2	6	5	5	4	1	1	4	4	5	13	2	1	5	4	5	2	2	5	16	8	4	10	20	1		2	2	16	
113	6	24	18	41	臺北市	大同區	大同區承德路3段與承德路3段143巷口	25.067699	121.5184781	0	0	1	2	6	5	5	3	2	1	4	4	5	13	4	4	1	4	5	2	17	1	10	1	7	2	2	1		1	3	15	
113	6	24	18	45	臺北市	內湖區	內湖區新湖一路與新湖一路339巷口	25.06343756	121.5838982	0	0	1	2	6	5	5	4	1	1	4	4	5	13	1	1	4	4	5	1	16	4	5	1	3	1	8	1		1	3	8	
113	6	24	19	5	臺北市	信義區	信義區信義路6段25號	25.0344969	121.5757129	0	0	1	3	6	5	5	14	9	1	4	4	5	13	4	4	9	4	5	2	17	4	14	1	3	1	8	1		2	3	2	
113	6	24	19	15	臺北市	信義區	信義區基隆路1段135號	25.0441844	121.5664239	0	0	1	2	6	5	5	14	9	1	4	4	5	13	4	4	1	4	5	2	18	1	9	1	6	9	10	1		2	2	14	
113	6	24	19	17	臺北市	中山區	中山區遼寧街168號與遼寧街170巷口	25.0554019	121.542121	0	0	1	2	6	5	5	3	2	1	4	4	5	13	4	4	9	4	5	2	17	1	15	1	5	2	9	1		1	2	12	
113	6	24	19	55	臺北市	中山區	中山區新生北路3段與農安街口	25.0644784	121.5276106	0	0	1	2	6	5	5	14	9	1	4	4	5	13	4	4	1	4	5	2	12	1	7	1	7	1	8	1		1	3	8	
113	6	24	19	55	臺北市	松山區	松山區民生東路5段與民生東路5段137巷口	25.0588035	121.5616808	0	0	1	2	7	5	5	4	1	1	4	4	5	13	1	1	9	4	5	2	12	4	7	1	5	1	10	1		2	2	14	
113	6	24	20	28	臺北市	中正區	中正區仁愛路2段與金山南路1段口	25.0381263	121.5283436	0	0	2	2	7	5	5	4	1	1	4	4	5	13	1	1	1	4	5	2	17	1	9	1	6	2	10	1		1	2	11	
113	6	24	21	32	臺北市	大同區	大同區民生西路301號	25.0569961	121.5128249	0	0	1	2	8	5	5	14	9	1	5	4	5	13	4	4	9	5	5	2	17	1	11	1	7	2	4	1		1	3	8	
113	6	24	23	14	臺北市	中正區	中正區重慶南路3段與和平西路1段口	25.0271523	121.5161256	0	0	1	2	8	5	5	5	1	1	5	4	5	13	1	1	1	4	5	2	17	1	6	1	7	1	8	1		1	3	6	
113	6	25	1	18	臺北市	中正區	中正區重慶南路3段144號	25.0236172	121.5169369	0	0	1	3	8	6	5	14	9	1	5	4	1	13	4	4	3	4	5	2	28	1	9	1	5	2	10	1		1	2	11	
113	6	25	1	41	臺北市	中山區	中山區龍江路與民權東路3段口	25.0624738	121.5408781	0	0	2	2	8	5	5	5	2	1	5	4	5	13	2	1	8	3	5	1	17	1	9	1	5	1	10	1		1	2	11	
113	6	25	7	25	臺北市	南港區	南港區南港路3段133號與南港路口	25.05282482	121.5857716	0	0	3	3	8	7	5	3	1	1	5	4	5	13	4	4	4	3	5	2	15	1	1	1	5	1	10	1		2	2	11	
113	6	25	7	25	臺北市	松山區	松山區市民大道4段與八德路3段12巷57弄口	25.0446393	121.5519967	0	0	2	3	8	6	5	3	1	1	5	4	5	13	4	4	1	4	5	2	11	1	9	1	6	1	9	1		1	2	15	
113	6	25	7	30	臺北市	大安區	大安區辛亥路3段161號	25.0161901	121.5499105	0	0	1	3	8	7	5	14	9	1	5	4	5	13	4	4	1	4	5	2	12	1	8	1	7	1	8	1		2	3	15	2
113	6	25	8	8	臺北市	中山區	中山區民權東路2段與吉林路口	25.06252255	121.5301161	0	0	1	2	8	5	8	4	1	1	5	4	5	13	1	1	1	4	5	2	29	4	9	1	3	1	10	1		3	2	11	
113	6	25	8	18	臺北市	北投區	北投區民族街與公館路63巷口	25.1325215	121.5039068	0	0	1	2	8	7	5	4	1	1	5	4	5	13	4	4	10	5	5	1	15	1	9	1	7	1	8	1		1	3	5	
113	6	25	8	24	臺北市	內湖區	內湖區潭美街西向東，近路燈0302952	25.05644812	121.5862015	0	0	2	3	8	6	5	14	9	1	5	4	5	13	4	4	9	5	5	2	17	1	9	1	5	2	10	1		1	2	15	
113	6	25	8	31	臺北市	信義區	信義區福德街221巷1號	25.0383164	121.5849614	0	0	1	2	8	7	5	14	9	1	5	4	5	13	1	1	10	5	5	2	16	1	1	1	5	1	10	1		2	2	12	
113	6	25	8	50	臺北市	南港區	南港區松河街(近重陽路57巷)	25.05892703	121.5958955	0	0	1	2	8	7	5	14	9	1	5	4	5	13	4	4	4	4	5	2	13	1	9	1	5	1	10	1		1	2	11	
113	6	25	8	53	臺北市	中正區	中正區重慶南路3段與和平西路1段口口	25.0273746	121.5160928	0	0	1	2	8	6	5	5	1	1	5	4	5	13	1	1	1	4	4	1	17	4	6	1	5	11	10	1		2	4	15	
113	6	25	8	53	臺北市	南港區	南港區忠孝東路6段與忠孝東路6段70巷口	25.046556	121.5838022	0	0	1	2	8	6	5	3	1	1	5	4	5	13	4	4	10	5	5	2	16	1	9	8	2	1	20	1		2	2	11	
113	6	25	8	55	臺北市	信義區	信義區松高路西往東(市府路-松智路)	25.0390529	121.5649334	0	0	1	2	8	7	5	14	9	1	5	4	5	13	4	4	9	4	5	2	18	1	9	1	6	1	10	1		1	2	12	
113	6	25	9	19	臺北市	信義區	信義區林口街38巷	25.03854219	121.5811301	0	0	1	2	8	7	5	14	9	1	5	4	5	13	4	4	10	5	5	1	17	1	1	1	7	1	8	1		2	3	8	
113	6	25	9	30	臺北市	大安區	大安區辛亥路2段與和平東路2段118巷口	25.021596	121.5427984	0	0	1	2	8	5	5	3	1	1	5	4	5	13	4	4	1	4	4	2	9	4	21	7	3	9	19	2		1	4	15	
113	6	25	9	30	臺北市	文山區	文山區指南路3段指南幹B7228DA40	24.9796076	121.5825256	0	0	1	2	8	6	5	11	9	1	5	4	5	13	4	4	10	5	5	2	18	1	9	8	4	1	20	1		3	2	17	
113	6	25	9	35	臺北市	中正區	中正區中華路2段與中華路2段75巷口	25.0343048	121.5058721	0	0	1	2	8	7	5	3	1	1	5	4	5	13	4	4	1	4	5	2	17	1	6	1	7	1	8	1		1	3	2	
113	6	25	9	40	臺北市	中山區	中山區中山北路2段與長春路口	25.0548789	121.5228231	0	0	1	2	8	7	5	4	1	1	5	4	5	13	1	1	9	5	5	2	17	1	6	1	7	1	4	1		1	3	3	
113	6	25	9	44	臺北市	松山區	松山區麥帥一橋東往西(燈桿6511388)	25.05240385	121.5720292	0	0	2	4	8	5	5	10	9	1	5	4	5	13	4	4	9	4	5	2	13	4	9	1	3	1	8	1		1	2	1	
113	6	25	9	45	臺北市	松山區	松山區民生東路4段與民生東路4段75巷口	25.05795697	121.5513263	0	0	1	2	8	6	5	3	1	1	5	4	5	13	4	4	1	4	5	2	13	1	9	1	6	1	10	1		1	2	11	
113	6	25	9	47	臺北市	中正區	中正區羅斯福路2段與和平西路1段口	25.0267286	121.5226122	0	0	1	2	8	7	5	4	2	1	5	4	5	13	1	1	1	4	5	2	12	1	7	1	7	1	8	1		1	3	8	
113	6	25	9	47	臺北市	內湖區	內湖區康寧路3段與康寧路3段16巷口	25.0712348	121.6101095	0	0	1	2	8	7	5	4	1	1	5	4	5	13	1	1	1	3	1	1	17	1	5	1	7	1	8	1		1	3	6	
113	6	25	9	55	臺北市	北投區	北投區西安街1段347號	25.113922	121.515639	0	0	1	2	8	7	5	14	9	1	5	4	5	13	4	4	10	5	5	2	16	1	1	1	6	1	10	1		2	2	14	
113	6	25	10	12	臺北市	中正區	(汀州路3段193號前)	25.0144746	121.5330855	0	0	2	2	8	7	5	14	9	1	5	4	5	13	4	4	9	5	5	2	17	1	7	8	4	2	20	1		1	2	13	
113	6	25	10	12	臺北市	文山區	文山區樟新街與樟新街15巷口	24.9797657	121.5550596	0	0	1	3	8	6	8	3	1	1	5	4	5	13	4	4	9	5	5	2	16	1	6	1	7	2	8	1		2	3	8	
113	6	25	11	7	臺北市	信義區	(信義路5段150巷431弄20號前)	25.0232229	121.5711254	0	0	1	2	8	5	5	14	9	1	5	4	5	13	4	4	9	5	5	2	16	1	8	1	7	1	8	1		1	3	5	
113	6	25	11	7	臺北市	大同區	大同區重慶北路3段捷運大橋頭站3號出口旁	25.0640442	121.5135377	0	0	1	3	8	6	5	14	9	1	5	4	5	13	4	4	1	4	5	2	17	4	15	1	5	1	10	1		1	2	11	
113	6	25	11	16	臺北市	文山區	文山區木柵路4段與秀明路1段口	24.9916139	121.5710594	0	0	1	2	8	6	5	4	2	1	5	4	5	13	1	1	5	4	5	2	12	1	8	1	6	2	10	1		1	2	12	
113	6	25	11	22	臺北市	內湖區	內湖區內湖路1段737巷61弄8號前	25.0808986	121.5796835	0	0	1	2	8	6	6	14	9	1	5	4	5	13	4	4	10	5	5	2	11	4	1	1	3	1	8	1		1	3	8	
113	6	25	11	25	臺北市	中正區	中正區鄭州路與重慶北路1段口	25.0493967	121.5130903	0	0	1	2	8	7	5	4	2	1	5	4	5	13	1	1	1	4	5	2	17	1	5	1	5	1	10	1		2	3	14	
113	6	25	11	35	臺北市	士林區	士林區承德路5段與士商路口	25.0960371	121.5142294	0	0	1	2	8	6	5	4	1	1	5	4	5	13	2	1	1	4	4	2	17	4	6	1	3	2	8	1		1	3	2	
113	6	25	11	37	臺北市	大同區	大同區重慶北路3段與民權西路口	25.0631268	121.5134623	0	0	1	2	8	6	5	4	1	1	5	4	5	13	2	1	1	4	5	2	13	4	6	1	6	2	10	1		1	3	11	
113	6	25	11	45	臺北市	內湖區	內湖區民權東路6段與成功路2段口	25.0689961	121.5909571	0	0	1	2	8	6	5	4	1	1	5	4	5	13	2	1	3	4	5	2	16	1	5	1	5	1	10	1		2	2	13	
113	6	25	11	45	臺北市	內湖區	內湖區環山路1段24巷10號	25.0826777	121.5656678	0	0	2	2	8	5	5	14	9	1	5	4	5	13	4	4	7	5	5	2	9	1	9	1	5	1	10	1		1	2	11	
113	6	25	11	57	臺北市	北投區	北投區大度路3段與關渡路口西往東方向	25.1229022	121.4694494	0	0	1	2	8	5	5	3	2	1	5	4	5	13	2	1	9	4	5	1	16	1	6	1	7	2	8	1		1	3	5	
113	6	25	12	20	臺北市	中山區	中山區八德路2段與安東街口	25.0469377	121.5416146	0	0	2	2	8	7	5	3	1	1	5	4	5	13	2	1	5	4	5	2	16	4	5	1	3	9	11	2		2	2	13	
113	6	25	12	41	臺北市	信義區	信義區松仁路與忠孝東路5段236巷2弄口	25.0405023	121.5685722	0	0	2	3	8	7	5	4	1	1	5	4	5	13	4	4	1	4	5	2	15	1	9	1	7	1	8	1		1	3	2	
113	6	25	12	46	臺北市	大同區	大同區延平北路3段與民權西路口	25.0630213	121.5112449	0	0	2	2	8	6	5	4	1	1	5	4	5	13	2	1	1	4	5	2	13	4	15	1	6	2	10	1		1	2	13	
113	6	25	12	59	臺北市	中山區	中山區建國北路2段與興安街口	25.0561493	121.5366121	0	0	2	2	8	7	5	3	1	1	5	4	5	13	2	1	10	5	5	2	16	1	15	1	6	2	10	1		1	2	14	
113	6	25	15	0	臺北市	中正區	中正區中山南路與中山南路2巷口	25.0449868	121.5192248	0	0	1	2	8	5	5	3	1	1	5	4	5	13	4	4	1	4	1	2	17	1	6	1	7	1	8	1		1	3	5	
113	6	25	15	20	臺北市	信義區	信義區松壽路與市府路口口	25.0359502	121.5635413	0	0	1	2	6	7	5	4	1	1	4	4	5	13	2	1	5	4	5	2	12	1	9	1	7	2	4	1		1	3	4	
113	6	25	15	36	臺北市	北投區	北投區義理街63巷與義理街63巷4弄口	25.1175137	121.5151669	0	0	2	2	8	6	5	3	1	1	4	4	5	13	4	4	10	5	5	2	16	1	9	1	5	2	10	1		2	2	12	
113	6	25	16	11	臺北市	松山區	松山區南京東路4段與敦化北路口	25.0518163	121.5495806	0	0	1	2	7	6	5	4	2	1	4	4	5	13	1	1	1	1	4	2	13	1	9	1	6	2	10	1		1	2	11	
113	6	25	16	29	臺北市	文山區	文山區政大一街43號	24.98520486	121.5806103	0	0	1	2	6	6	5	14	9	2	4	4	5	13	4	4	9	5	5	2	18	4	9	1	5	2	10	1		1	2	11	
113	6	25	16	35	臺北市	士林區	士林區承德路4段與承德路4段266巷口	25.08941584	121.5199966	0	0	1	2	6	7	5	3	1	1	4	4	5	13	4	4	1	4	5	2	16	4	9	1	3	2	10	1		1	2	11	
113	6	25	17	6	臺北市	內湖區	內湖區新明路380巷與新明路口	25.0547647	121.5804213	0	0	2	3	7	6	5	4	1	1	5	4	5	13	4	4	10	5	5	2	15	1	9	1	7	1	8	1		1	3	1	
113	6	25	17	26	臺北市	中正區	中正區羅斯福路3段282號	25.0167364	121.5321731	0	0	1	2	7	7	5	14	9	1	4	4	5	13	1	1	1	4	5	2	17	1	12	1	5	1	9	1		1	2	12	
113	6	25	17	50	臺北市	中山區	中山區吉林路110號旁	25.0538333	121.5300664	0	0	1	2	7	7	5	14	8	1	4	4	5	13	4	4	9	4	4	2	17	4	1	1	3	1	10	1		1	2	17	
113	6	25	18	7	臺北市	信義區	信義區忠孝東路5段625號	25.0417051	121.5793955	0	0	1	2	8	7	5	14	9	1	4	4	5	13	1	1	1	4	5	2	13	4	9	1	3	1	8	1		1	3	6	
113	6	25	18	24	臺北市	信義區	信義區吳興街537號	25.0230857	121.5696522	0	0	2	2	7	7	5	14	9	1	5	4	5	13	4	4	5	5	5	2	16	1	5	1	6	2	10	1		2	2	12	
113	6	25	18	26	臺北市	大同區	大同區民權西路與延平北路3段口	25.06305719	121.5113656	0	0	1	2	7	5	5	5	1	1	5	4	5	13	4	4	1	5	5	2	13	1	9	1	6	1	10	1		1	2	11	
113	6	25	18	41	臺北市	松山區	松山區寧安街5巷12號	25.04921591	121.5548008	0	0	1	3	8	5	5	14	9	1	5	4	5	13	4	4	10	5	5	2	17	1	14	1	7	1	8	1		1	3	2	
113	6	25	19	17	臺北市	萬華區	萬華區西寧南路與內江街口	25.0416435	121.5060045	0	0	1	2	7	5	5	4	1	1	5	4	5	13	1	1	10	3	5	2	16	4	5	1	5	1	10	1		1	3	13	
113	6	25	19	20	臺北市	中正區	中正區中山南路與信義路1段口	25.03866277	121.517922	0	0	2	2	6	5	5	4	1	1	4	4	5	13	1	1	1	4	1	2	12	1	9	1	5	2	10	1		1	2	11	
113	6	25	19	21	臺北市	萬華區	萬華區康定路與康定路287巷口	25.0339776	121.5011088	0	0	1	2	7	5	5	4	2	1	5	4	5	13	2	1	4	4	5	2	9	1	15	1	7	1	1	1		2	3	17	
113	6	25	19	24	臺北市	南港區	南港區研究院路2段92號	25.0442648	121.61597	0	0	1	2	8	5	5	14	9	1	5	4	5	13	4	4	1	4	5	2	13	1	9	1	5	1	10	1		1	2	11	
113	6	25	19	35	臺北市	信義區	信義區信義路5段150巷與信義路5段150巷14弄口	25.0285003	121.5698816	0	0	3	4	6	5	5	3	1	1	4	4	5	13	4	4	10	5	5	2	16	5	21	8	3	10	20	1		1	2	16	
113	6	25	20	20	臺北市	中山區	中山區敬業四路與北安路口	25.0847625	121.5585907	0	0	1	2	7	5	5	4	1	1	4	4	5	13	2	1	9	4	5	2	3	5	16	8	4	1	20	1		2	2	16	
113	6	25	20	20	臺北市	萬華區	萬華區環河快速道路往南二接三層	25.04803316	121.5051122	0	0	1	2	6	5	5	10	16	1	4	4	5	13	4	4	7	4	5	2	17	4	8	1	7	1	8	1		1	3	2	
113	6	25	20	45	臺北市	大安區	大安區復興南路1段204號	25.0394859	121.5436324	0	0	2	3	6	5	5	14	9	1	4	4	5	13	4	4	1	4	5	2	12	1	9	1	5	1	10	1		1	2	11	
113	6	25	21	2	臺北市	北投區	北投區明德路與致遠一路1段口	25.1073895	121.5178635	0	0	1	2	6	5	5	4	1	1	4	4	5	13	2	1	5	4	5	2	16	1	5	1	5	1	10	1		2	3	11	
113	6	25	21	42	臺北市	信義區	信義區忠孝東路5段297之2號	25.0410012	121.5733449	0	0	1	2	6	5	5	14	9	1	4	4	5	13	4	4	1	4	5	2	17	4	1	1	3	2	4	1		1	3	17	
113	6	25	22	10	臺北市	中山區	中山區長安東路1段與長安東路1段65巷口	25.04850153	121.5274741	0	0	1	2	6	5	5	3	1	1	4	4	5	13	4	4	5	4	5	2	13	1	11	1	7	1	4	1		1	3	7	
113	6	25	22	10	臺北市	內湖區	內湖區民權東路6段120巷7弄與民權東路6段136巷口	25.0676321	121.5872266	0	0	2	3	6	5	5	4	1	1	4	4	5	13	1	1	10	5	5	2	16	1	11	1	7	2	2	1		1	3	4	
113	6	25	22	25	臺北市	信義區	信義區信義路5段150巷401弄與松仁路281巷口	25.0242014	121.5702661	0	0	2	2	6	5	5	4	1	1	4	4	5	13	4	4	10	5	5	2	15	1	9	1	6	2	10	1		1	2	14	
113	6	25	22	55	臺北市	松山區	松山區八德路3段75號	25.048246	121.5529032	0	0	1	2	8	5	6	14	9	1	5	4	5	13	1	1	8	3	5	1	16	1	14	1	3	1	8	1		1	3	5	
113	6	25	23	14	臺北市	中正區	中正區羅斯福路2段126號	25.0289043	121.5209129	0	0	1	2	7	5	5	14	9	1	4	4	5	13	4	4	2	4	5	2	17	1	8	1	7	1	4	1		1	3	6	
113	6	26	5	20	臺北市	中正區	中正區羅斯福路3段316巷與羅斯福路3段286巷口	25.0157812	121.5324726	0	0	2	2	8	6	5	4	1	1	5	4	5	13	4	4	10	5	5	1	15	1	9	1	5	2	10	1		1	2	12	
113	6	26	6	18	臺北市	信義區	信義區松山路與松隆路口	25.0479898	121.5778477	0	0	1	2	8	6	5	4	1	1	5	4	5	13	2	1	3	5	5	2	15	1	9	1	5	1	9	1		1	2	11	
113	6	26	6	40	臺北市	信義區	信義區信安街與信安街67巷口	25.0261219	121.5576657	0	0	2	3	8	7	5	14	9	1	5	4	5	13	4	4	9	4	5	2	13	1	9	1	7	1	8	1		2	3	8	
113	6	26	6	42	臺北市	文山區	文山區羅斯福路4段與基隆路4段口	25.0110244	121.537012	0	0	1	2	8	6	5	5	1	1	5	4	5	13	2	1	1	4	5	2	16	1	5	1	6	2	10	1		1	2	14	
113	6	26	7	6	臺北市	南港區	南港區南港路1段與經貿一路口	25.054852	121.6183323	0	0	1	2	8	5	5	14	9	1	5	4	5	13	2	1	1	4	4	2	13	4	9	1	3	2	4	1		1	3	1	
113	6	26	7	28	臺北市	中山區	中山區松江路170巷與松江路口	25.05604836	121.5329911	0	0	4	4	8	5	5	3	1	1	5	4	5	13	4	4	1	4	5	2	16	1	6	1	6	1	10	1		2	2	12	
113	6	26	7	30	臺北市	文山區	文山區木柵路1段與辛亥路6段口	24.987876	121.5523132	0	0	3	3	8	6	6	4	1	1	5	4	5	13	1	1	10	5	5	2	16	1	5	1	5	2	10	1		2	2	12	
113	6	26	7	35	臺北市	文山區	文山區木新路3段172巷與木新路3段口	24.9817382	121.5606846	0	0	2	3	8	5	5	3	2	1	5	4	5	13	4	4	5	4	5	2	17	1	6	1	6	2	10	1		2	3	17	
113	6	26	7	36	臺北市	內湖區	內湖區潭美街285號前	25.05712856	121.5876128	0	0	2	5	8	6	5	14	9	1	5	4	5	13	4	4	9	5	5	2	17	1	9	1	5	1	10	1		1	2	12	
113	6	26	7	44	臺北市	大同區	大同區承德路2段與五原路口	25.05642464	121.5180903	0	0	2	2	8	6	5	3	2	1	5	4	5	13	4	4	9	4	5	2	17	1	6	1	5	2	9	1		1	2	12	
113	6	26	7	50	臺北市	內湖區	內湖區瑞光路451號	25.07866841	121.5700827	0	0	1	2	8	5	5	14	9	1	5	4	5	13	4	4	5	5	5	2	17	1	11	1	7	1	8	1		1	3	8	
113	6	26	7	55	臺北市	南港區	南港區昆陽街60巷與昆陽街口	25.0525041	121.5930302	0	0	2	3	8	7	5	5	2	1	5	4	5	13	4	4	8	5	5	2	12	1	7	1	7	2	8	1		1	3	8	