年	月	日	時	分	縣市	行政區	allLocation	GoogleLat	GoogleLng	死	2-30	受傷	當事人數	天候	道路照明設備	道路類別	道路型態	事故位置	路面狀況1	路面狀況2	路面狀況3	道路障礙1	道路障礙2	號誌1	號誌2	車道劃分-分向	車道劃分-分道1	車道劃分-分道2	車道劃分-分道3	事故類型及型態	行動電話	當事者行動狀態	駕駛資格情形	保護裝置	飲酒情形	駕駛執照種類	個人肇逃否	肇因碼-主要	性別	受傷程度	車輛撞擊部位1	車輛撞擊部位2
113	6	26	7	58	臺北市	萬華區	萬華區中華路2段與西藏路口	25.029959	121.5040865	0	0	1	4	8	7	5	4	2	1	5	4	5	13	2	1	1	4	5	2	17	1	7	1	7	1	8	1		1	3	4	
113	6	26	8	8	臺北市	中山區	中山區復興北路40號	25.04929533	121.5438765	0	0	2	3	8	6	5	14	9	1	5	4	5	13	4	4	1	4	5	2	17	1	9	1	6	1	10	1		1	2	12	
113	6	26	8	14	臺北市	信義區	信義區松信路與永吉路200巷24弄口	25.0446508	121.5721697	0	0	1	2	8	7	5	4	2	1	5	4	5	13	2	1	9	4	5	2	17	1	5	1	7	1	4	1		1	3	5	
113	6	26	8	22	臺北市	中山區	中山區民生東路2段93巷與民生東路口側附近2段口	25.0580417	121.5310609	0	0	2	2	8	5	5	3	1	1	5	1	5	13	4	4	9	4	5	2	17	4	6	1	3	1	10	1		2	2	12	
113	6	26	8	25	臺北市	中山區	中山區民生東路2段57號	25.0580578	121.5299051	0	0	1	2	8	5	5	14	9	1	5	4	5	13	4	4	5	4	5	2	12	4	13	1	3	2	8	1		1	3	8	
113	6	26	8	30	臺北市	中正區	中正區中華路1段與漢口街1段口	25.04497	121.5092608	0	0	2	2	8	6	5	14	9	1	5	4	5	13	1	1	1	4	5	2	13	1	9	1	6	2	10	1		2	2	11	
113	6	26	8	36	臺北市	松山區	松山區健康路與塔悠路口	25.0545022	121.569682	0	0	1	2	8	6	5	3	1	1	5	4	5	13	1	1	1	5	4	2	16	1	6	6	7	2	7	1		1	3	2	
113	6	26	8	38	臺北市	大安區	大安區羅斯福路4段與羅斯福路4段口公館捷運站2號出口	25.014402	121.5348651	0	0	2	3	8	7	5	14	9	1	5	4	5	13	4	4	1	4	5	1	17	1	7	1	6	1	9	1		1	2	11	
113	6	26	8	39	臺北市	南港區	南港區松河街與重陽路263巷口	25.0585319	121.602953	0	0	1	2	8	5	5	14	9	1	5	4	5	13	4	4	5	5	5	2	13	1	9	1	6	2	10	1		2	2	11	
113	6	26	8	40	臺北市	北投區	北投區立賢路026桿	25.1148465	121.5030537	0	0	2	2	8	6	5	14	9	1	5	4	5	13	4	4	8	3	5	2	13	1	9	1	6	9	9	1		1	2	11	
113	6	26	8	54	臺北市	中山區	中山區長春路206-1號對面	25.0547596	121.5362689	0	0	2	2	8	5	5	14	9	1	5	4	5	13	4	4	5	4	5	2	16	1	11	1	5	1	10	1		1	2	12	
113	6	26	9	5	臺北市	內湖區	內湖區文德路66巷32弄與文德路66巷口	25.0767125	121.5818719	0	0	2	2	8	6	6	4	1	1	5	4	5	13	4	4	10	5	5	2	16	4	6	1	3	2	4	1		1	2	5	
113	6	26	9	20	臺北市	中山區	中山區吉林路81號前	25.0553737	121.5301946	0	0	1	2	8	7	5	14	8	1	5	4	5	13	4	4	5	4	4	2	12	4	14	1	3	1	4	1		1	3	7	
113	6	26	9	33	臺北市	中正區	中正區汀州路2段與重慶南路3段口口	25.0257996	121.5169093	0	0	1	2	8	6	5	4	1	1	5	4	5	13	1	1	5	5	5	1	17	1	6	1	6	2	10	1		2	2	11	
113	6	26	9	47	臺北市	中山區	中山區建國北路2段與長春路口	25.05485555	121.5371042	0	0	1	2	8	6	5	4	1	1	5	4	5	13	1	1	1	4	5	2	1	1	5	1	7	1	8	1		1	3	8	
113	6	26	9	58	臺北市	大安區	大安區市民大道4段與市民大道4段68巷口	25.044916	121.5472264	0	0	3	3	8	6	5	3	2	1	5	4	5	13	4	4	1	3	5	2	16	4	6	1	5	1	10	1		2	2	12	
113	6	26	10	16	臺北市	內湖區	內湖區瑞光路與瑞湖街口	25.07514579	121.5769231	0	0	1	2	8	6	5	4	1	1	5	4	5	13	2	1	5	4	5	2	16	1	6	1	5	1	10	1		2	3	13	
113	6	26	10	30	臺北市	中正區	中正區林森北路與市民大道2段口	25.047927	121.5237885	0	0	1	2	8	6	5	4	2	1	5	4	5	13	1	1	1	4	5	2	13	1	9	1	7	2	8	1		1	3	1	
113	6	26	10	40	臺北市	中正區	中正區南海路與牯嶺街口	25.0320288	121.5150782	0	0	1	2	8	7	6	4	1	4	5	4	5	13	1	1	1	4	5	2	17	1	5	1	7	1	8	1		2	3	8	
113	6	26	10	49	臺北市	大安區	大安區復興南路1段與忠孝東路3段248巷13弄口	25.0405487	121.5436235	0	0	2	4	8	7	5	14	9	1	5	4	5	13	4	4	1	3	5	1	12	1	14	1	3	1	4	1		1	3	4	
113	6	26	11	13	臺北市	萬華區	萬華區萬大路503號	25.0200172	121.497884	0	0	2	6	8	6	5	14	9	1	5	4	5	13	4	4	1	4	5	2	9	4	8	1	3	2	8	1		1	3	1	
113	6	26	11	16	臺北市	信義區	信義區信義路5段180號	25.0332656	121.5742741	0	0	1	3	8	6	5	14	9	1	5	4	5	13	4	4	1	4	5	2	13	4	9	1	3	1	8	1		1	3	1	
113	6	26	11	30	臺北市	士林區	士林區福國路與福華路口	25.1017985	121.5225145	0	0	2	3	8	6	5	4	2	1	5	4	5	13	1	1	1	4	5	2	17	1	5	1	6	1	10	1		1	2	14	
113	6	26	11	35	臺北市	信義區	信義區基隆路1段與東興路口	25.0460793	121.5667953	0	0	1	3	8	7	5	14	9	1	5	4	5	13	1	1	9	4	5	2	17	1	7	1	5	1	10	1		2	2	14	
113	6	26	11	41	臺北市	文山區	文山區木新路3段127巷與木新路3段127巷10弄口	24.9815048	121.5620932	0	0	1	2	8	6	5	4	1	1	5	4	5	13	4	4	10	5	5	2	15	1	9	1	7	1	8	1		1	3	1	
113	6	26	12	55	臺北市	萬華區	萬華區大理街與大理街159巷口口	25.0340863	121.4957286	0	0	1	3	8	6	5	3	2	1	5	4	5	13	4	4	10	5	5	1	17	4	15	1	3	1	10	1		1	2	14	
113	6	26	13	10	臺北市	士林區	士林區承德路4段178號	25.0855147	121.5232078	0	0	1	2	8	7	5	14	9	1	5	4	5	13	2	1	3	4	5	1	17	1	9	1	6	1	10	1		1	3	11	
113	6	26	13	19	臺北市	松山區	松山區光復北路129號	25.0525757	121.5570178	0	0	1	2	7	6	5	22	18	1	5	4	5	13	2	1	5	4	5	2	2	4	5	1	3	1	8	1		2	3	4	
113	6	26	13	41	臺北市	大安區	大安區復興南路1段122巷與安東街口	25.0438464	121.542232	0	0	2	2	8	6	5	4	1	1	5	4	5	13	4	4	10	5	5	2	15	4	9	1	6	1	10	1		2	2	12	
113	6	26	13	48	臺北市	中山區	中山區大佳河濱公園停車場	25.07469	121.5411006	0	0	1	4	8	6	5	14	9	1	5	4	5	13	4	4	1	5	5	2	16	4	5	1	3	1	8	1		2	3	5	
113	6	26	13	48	臺北市	大同區	大同區民生西路351號	25.0569846	121.5110269	0	0	2	3	8	5	5	14	9	1	5	4	5	13	2	1	9	4	5	2	13	1	8	1	7	2	8	1		1	3	6	
113	6	26	14	10	臺北市	信義區	信義區吳興街與吳興街583巷口	25.02245882	121.5692049	0	0	1	2	8	7	5	4	1	1	5	4	5	13	4	4	9	4	5	2	3	1	5	6	7	2	8	1		1	3	1	
113	6	26	14	10	臺北市	大安區	大安區龍泉街與雲和街口	25.0235574	121.52936	0	0	2	2	8	7	5	4	1	1	5	4	5	13	4	4	10	5	5	1	15	1	9	1	5	1	10	1		1	2	11	
113	6	26	14	19	臺北市	大同區	大同區延平北路1段與南京西路口	25.0536324	121.5117566	0	0	2	2	8	6	5	4	2	1	5	4	5	13	2	1	5	4	5	2	13	1	9	1	5	1	10	1		1	2	11	
113	6	26	14	22	臺北市	大安區	大安區羅斯福路4段與基隆路4段口	25.0112572	121.5375487	0	0	1	2	8	6	5	4	1	1	5	4	5	13	1	1	1	4	5	2	16	4	6	1	3	11	7	1		1	3	2	
113	6	26	14	46	臺北市	萬華區	萬華區西寧南路與武昌街2段口	25.0447162	121.5065243	0	0	1	2	7	5	5	4	1	1	5	4	5	13	1	1	10	4	5	1	12	4	7	1	5	1	10	1		1	3	14	
113	6	26	14	59	臺北市	中正區	中正區中山南路與信義路1段口	25.03884085	121.5177664	0	0	1	2	8	5	5	5	2	1	5	4	5	13	1	1	1	5	5	2	17	1	5	1	5	1	10	1		2	2	14	12
113	6	26	15	34	臺北市	信義區	信義區基隆路1段與松隆路口	25.0436515	121.565962	0	0	1	3	8	7	5	5	1	1	5	4	5	13	1	1	1	2	5	2	13	4	14	1	3	1	8	1		1	2	3	
113	6	26	15	41	臺北市	士林區	士林區至善路2段(故宮廣場停車場旁)	25.0994385	121.5491108	0	0	1	2	8	6	5	14	9	1	5	4	5	13	3	1	10	4	4	1	17	1	1	1	7	1	8	1		2	3	4	
113	6	26	15	50	臺北市	中正區	中正區和平西路2段139號	25.0325293	121.5064317	0	0	1	3	7	6	5	14	7	1	4	4	5	13	4	4	1	4	4	1	13	1	9	1	7	2	8	1		1	3	1	
113	6	26	15	53	臺北市	內湖區	內湖區新湖二路與行愛路口	25.0632751	121.580638	0	0	1	2	7	7	5	4	1	1	5	4	5	13	1	1	5	4	5	2	16	1	8	1	7	2	8	1		1	3	2	
113	6	26	15	54	臺北市	信義區	信義區中坡南路168巷大道135號前	25.0389777	121.5835812	0	0	2	2	8	7	5	14	9	1	5	4	5	13	4	4	10	5	5	2	3	1	9	1	6	1	10	1		2	2	11	14
113	6	26	16	11	臺北市	大同區	大同區環河北路2段235巷與延平北路4段口	25.07013442	121.5108755	0	0	1	2	7	6	5	4	2	1	5	4	5	13	1	1	5	2	5	2	17	1	5	1	7	1	8	1		1	3	6	
113	6	26	16	25	臺北市	內湖區	內湖區文德路與文德路66巷口	25.07842259	121.5811906	0	0	1	2	7	6	5	4	2	1	5	4	5	13	2	1	1	4	5	2	13	1	9	1	5	1	10	1		1	2	11	
113	6	26	16	40	臺北市	中山區	中山區吉林路407巷與德惠街170巷口	25.0660644	121.5317835	0	0	2	2	7	7	5	4	1	1	5	4	5	13	4	4	10	5	5	2	15	1	9	1	6	1	10	1		2	2	11	
113	6	26	16	40	臺北市	文山區	文山區興隆路3段與興德路口口	25.0006613	121.5552561	0	0	1	2	6	6	5	3	2	1	4	4	5	13	2	1	1	4	5	2	16	1	6	1	7	1	8	1		1	3	5	
113	6	26	16	41	臺北市	大安區	大安區忠孝東路3段276巷與忠孝東路3段248巷7弄口	25.0411115	121.5424741	0	0	1	2	7	5	5	3	1	1	4	4	5	13	4	4	4	3	5	2	15	1	1	1	7	1	8	1		2	3	4	
113	6	26	16	53	臺北市	松山區	松山區八德路4段與中坡北路口	25.05035241	121.5796377	0	0	1	2	8	6	5	4	1	1	5	4	5	13	1	1	5	4	5	2	16	1	5	1	7	1	8	1		1	3	8	
113	6	26	17	5	臺北市	信義區	信義區松山路292巷13號與虎林街口	25.0432482	121.5771793	0	0	1	2	6	6	5	4	2	1	4	4	5	13	4	4	9	4	5	2	14	1	2	1	5	1	10	1		1	3	13	
113	6	26	17	6	臺北市	大安區	大安區基隆路3段與敦南街口	25.0206016	121.5482077	0	0	1	2	8	7	5	3	2	1	5	4	5	13	4	4	1	4	5	2	12	1	15	1	7	1	8	1		2	3	7	
113	6	26	17	10	臺北市	松山區	松山區長春路與復興北路口	25.0543695	121.5442318	0	0	1	2	7	5	5	4	2	1	4	4	5	13	2	1	1	3	5	2	12	1	9	1	6	1	10	1		1	2	12	
113	6	26	17	12	臺北市	松山區	松山區民權東路4段與敦化北路口	25.0616448	121.5507038	0	0	2	2	8	7	5	4	1	1	5	4	5	13	2	1	1	4	5	2	12	1	15	1	5	1	10	1		1	2	12	
113	6	26	17	39	臺北市	松山區	松山區塔悠路103號	25.0541229	121.5700052	0	0	1	2	7	5	5	14	9	1	5	4	5	13	4	4	9	4	5	2	17	4	1	1	3	1	8	1		1	3	6	
113	6	26	17	40	臺北市	南港區	南港區向陽路與重陽路口	25.0548428	121.5944379	0	0	2	3	8	7	5	4	1	1	5	4	5	13	1	1	1	1	5	2	12	1	9	1	5	1	10	1		1	2	11	
113	6	26	17	52	臺北市	松山區	松山區撫遠街376巷13號	25.06344839	121.5648085	0	0	1	2	7	6	5	14	9	1	5	4	5	13	4	4	10	5	5	2	17	1	6	1	6	1	10	1		2	2	11	
113	6	26	17	54	臺北市	中山區	中山區松江路與長安東路2段口	25.0486298	121.5328635	0	0	1	2	7	7	5	4	1	1	4	4	5	13	1	1	1	4	5	2	13	1	9	1	5	2	9	1		1	2	11	
113	6	26	17	58	臺北市	信義區	信義區市府路45號	25.0346285	121.5653413	0	0	1	2	6	6	5	14	9	1	4	4	5	13	4	4	2	4	2	2	16	1	6	1	7	1	8	1		1	3	5	
113	6	26	18	7	臺北市	松山區	松山區八德路4段與塔悠路口	25.0499902	121.5724711	0	0	1	2	8	6	8	4	1	1	5	4	5	13	1	1	8	3	4	1	16	1	6	1	3	1	8	1		1	3	5	
113	6	26	18	24	臺北市	大安區	大安區忠孝東路4段216巷與忠孝東路4段216巷27弄口	25.0398326	121.5529855	0	0	1	2	7	5	5	4	18	1	5	4	5	13	4	4	9	5	5	2	3	1	9	1	7	1	4	1		1	3	1	
113	6	26	18	32	臺北市	內湖區	內湖區新明路與新明路312巷口	25.05539323	121.581887	0	0	1	2	7	6	5	3	1	1	5	4	5	13	4	4	9	4	5	2	16	1	5	1	5	1	10	1		1	2	11	
113	6	26	19	18	臺北市	中山區	中山區中山北路2段65巷2弄與林森北路口	25.0566368	121.5254286	0	0	1	2	8	5	5	4	1	1	5	4	5	13	4	4	9	4	5	2	17	1	5	1	7	1	8	1		1	3	1	
113	6	26	19	22	臺北市	大安區	大安區光復南路與延吉街口	25.0339224	121.5573931	0	0	1	4	8	5	5	3	1	1	5	4	5	13	4	4	10	4	5	2	17	1	6	1	7	9	8	2		1	3	2	
113	6	26	19	31	臺北市	大安區	大安區和平東路1段與師大路口	25.0264664	121.5284578	0	0	2	3	7	5	5	3	1	1	5	4	5	13	2	1	1	3	5	1	13	4	5	1	3	1	8	1		1	3	1	
113	6	26	19	50	臺北市	信義區	信義區永吉路30巷與松隆路口	25.0445687	121.5688565	0	0	1	2	8	5	5	4	1	1	5	4	5	13	2	1	3	4	5	2	16	4	5	1	3	2	8	1		1	3	5	
113	6	26	20	0	臺北市	松山區	松山區光復南路32巷與八德路3段106巷口	25.04626906	121.5541736	0	0	1	2	8	5	5	4	1	1	5	4	5	13	4	4	10	5	5	2	15	4	9	1	3	1	8	1		1	3	2	
113	6	26	20	20	臺北市	中正區	中正區羅斯福路2段166號前	25.02586445	121.5233435	0	0	2	2	7	5	5	14	9	1	5	4	5	13	2	1	1	3	5	1	17	1	8	1	2	2	10	1		1	2	13	
113	6	26	21	50	臺北市	松山區	松山區南京東路4段與光復北路口	25.05165531	121.5572814	0	0	2	2	8	5	5	4	1	1	5	4	5	13	1	1	9	4	4	1	12	4	15	8	4	1	20	1		1	2	11	
113	6	26	22	21	臺北市	文山區	文山區萬壽橋西往東	24.9915764	121.5726483	0	0	2	2	8	5	5	14	9	1	5	4	5	13	4	4	3	4	5	1	13	1	9	1	6	1	10	1		1	2	11	
113	6	26	22	52	臺北市	大同區	大同區鄭州路與延平北路1段口	25.049982	121.5120674	0	0	1	2	8	5	5	4	2	1	5	4	5	13	2	1	8	3	5	1	16	1	6	1	6	1	10	1		1	2	11	
113	6	26	22	55	臺北市	北投區	北投區北投路2段與北投路2段口北投捷運站1號出口	25.1316404	121.498398	0	0	2	3	7	5	5	3	1	1	5	4	5	13	1	1	5	4	5	1	17	1	11	1	7	1	4	1		1	3	6	
113	6	26	23	20	臺北市	文山區	文山區萬樂街與萬美街1段口口	25.00144129	121.5656441	0	0	1	2	8	5	5	3	1	1	5	4	5	13	3	1	10	5	5	1	16	4	5	1	3	2	10	1		1	3	14	
113	6	27	0	12	臺北市	中正區	中正區廈門街與廈門街81巷口	25.0245314	121.5174302	0	0	1	2	7	5	5	3	1	1	5	4	5	13	4	4	8	4	5	1	16	1	5	1	7	1	8	1		1	3	8	
113	6	27	0	50	臺北市	中山區	中山區南京東路3段與南京東路3段216巷口	25.05176418	121.5434891	0	0	1	2	8	5	5	3	1	1	5	4	5	13	4	4	10	5	5	2	16	1	6	1	7	1	8	1		1	3	4	
113	6	27	3	50	臺北市	中山區	中山區林森北路與錦州街口	25.0603448	121.52552	0	0	1	2	8	5	5	4	1	1	5	4	5	13	2	1	5	2	5	2	17	1	5	1	7	1	8	1		1	3	1	
113	6	27	5	19	臺北市	中山區	中山區林森北路與民權東路1段口	25.062747	121.525632	0	0	1	2	8	7	5	4	2	1	5	4	5	13	1	1	4	3	5	1	16	1	5	1	7	1	8	1		1	3	6	
113	6	27	6	38	臺北市	松山區	松山區南京東路4段與北寧路口	25.0516188	121.5522984	0	0	1	2	8	5	5	4	1	1	5	4	5	13	1	1	1	4	4	2	17	1	9	1	5	1	4	1		1	3	17	
113	6	27	7	35	臺北市	中山區	中山區市民大道3段與八德路2段口	25.04497087	121.5348108	0	0	1	2	8	7	5	4	1	1	5	4	5	13	1	1	9	4	5	2	15	1	9	8	5	1	20	1		1	2	16	
113	6	27	7	35	臺北市	信義區	信義區信義路6段12巷與松德路269巷口	25.0329372	121.5751147	0	0	2	2	8	7	5	4	1	1	5	4	5	13	4	4	10	5	5	2	15	1	9	1	5	1	10	1		1	2	11	
113	6	27	7	37	臺北市	文山區	文山區羅斯福路6段126號	24.9975055	121.5406613	0	0	1	3	8	6	5	14	9	1	5	4	5	13	4	4	1	4	5	2	13	1	9	1	7	1	8	1		2	3	1	
113	6	27	7	40	臺北市	士林區	士林區文林路342號與文林路口	25.093471	121.5251192	0	0	1	2	8	6	5	3	1	1	5	4	5	13	2	1	5	5	5	2	17	4	9	1	3	1	8	1		1	3	4	
113	6	27	7	54	臺北市	內湖區	內湖區康寧路1段292號	25.07860128	121.5978065	0	0	1	2	8	6	5	14	9	1	5	4	5	13	4	4	9	5	5	2	3	5	16	8	4	10	20	1		2	2	16	
113	6	27	7	56	臺北市	中山區	中山區中山北路2段50巷7號	25.05621401	121.5221232	0	0	1	2	8	6	5	14	9	1	5	4	5	13	4	4	8	5	5	1	2	5	16	8	4	10	20	1		2	2	16	
113	6	27	7	57	臺北市	大同區	大同區承德路2段與民生西路口口	25.0572622	121.5178917	0	0	2	2	8	6	5	4	1	1	5	4	5	13	2	1	5	5	5	2	13	1	9	1	6	2	10	1		1	2	11	
113	6	27	8	10	臺北市	北投區	北投區承德路7段與承德路7段口351之1號	25.11829503	121.5025957	0	0	2	4	8	6	5	3	2	1	5	4	5	13	4	4	1	4	4	2	13	1	6	1	7	2	8	1		1	3	7	
113	6	27	8	10	臺北市	萬華區	萬華區環河南路1段與武昌街2段口	25.0457242	121.5026535	0	0	2	3	8	6	5	4	1	1	5	4	5	13	1	1	8	3	5	1	16	4	9	1	3	1	10	1		1	2	14	
113	6	27	8	19	臺北市	中山區	中山區市民大道3段與新生北路1段62巷口	25.0448399	121.5369285	0	0	1	2	8	5	5	4	1	1	5	4	5	13	1	1	1	4	5	2	16	4	6	1	3	1	8	1		1	3	2	
113	6	27	8	30	臺北市	內湖區	內湖區東湖路160巷與汐湖二橋口	25.0664015	121.61729	0	0	3	4	8	5	5	3	1	1	5	4	5	13	2	1	5	4	5	1	16	1	6	1	7	1	8	1		2	3	5	
113	6	27	8	45	臺北市	中山區	中山區北安路554巷與北安路588巷30弄口	25.07997532	121.550267	0	0	1	2	8	7	5	4	1	1	5	4	5	13	1	1	9	5	5	2	16	1	6	1	7	1	4	1		1	3	5	
113	6	27	8	45	臺北市	中山區	中山區大佳河濱公園170號燈桿	25.07370829	121.5492927	0	0	1	2	8	5	7	14	23	1	5	4	5	12	4	4	10	5	5	2	9	4	9	8	3	1	20	1		1	2	11	
113	6	27	8	48	臺北市	中正區	中正區中山南路與徐州路口	25.0417591	121.5186958	0	0	1	2	8	6	5	4	2	4	5	4	5	13	1	1	1	4	5	2	9	4	15	8	4	2	20	1		1	3	15	
113	6	27	8	48	臺北市	內湖區	內湖區成功路2段與潭美街口口	25.0600985	121.5916869	0	0	1	2	8	6	5	3	1	1	5	4	5	13	2	1	9	5	5	2	17	1	6	1	7	2	4	1		1	3	2	
113	6	27	8	50	臺北市	萬華區	萬華區華中橋往北市機車道	25.0129927	121.4955424	0	0	2	3	8	7	5	8	9	1	5	4	5	13	4	4	3	4	5	1	17	1	15	1	6	1	9	1		1	3	17	
113	6	27	8	53	臺北市	文山區	文山區木新路2段與保儀路口	24.9828516	121.56535	0	0	1	2	8	6	6	3	1	1	5	4	5	13	1	1	5	4	5	2	16	1	11	1	7	2	8	1		2	3	5	
113	6	27	9	21	臺北市	松山區	松山區敦化北路120巷與敦化北路120巷7弄口	25.0538946	121.5480248	0	0	1	2	8	6	5	4	1	1	5	4	5	13	4	4	10	5	5	2	15	1	9	8	4	1	20	1		2	2	14	
113	6	27	9	45	臺北市	信義區	信義區光復南路447號	25.0353231	121.5575591	0	0	1	2	7	6	5	14	9	1	5	4	5	13	2	1	8	3	5	2	17	4	15	1	3	1	10	1		2	2	11	
113	6	27	9	53	臺北市	大同區	大同區塔城街與鄭州路口	25.0498261	121.5105464	0	0	1	2	8	6	5	14	9	1	5	4	5	13	4	4	8	3	5	1	17	4	8	1	7	9	8	2		1	3	6	
113	6	27	11	0	臺北市	大安區	大安區羅斯福路4段與基隆路4段口	25.0111598	121.5373928	0	0	1	2	8	7	5	4	1	1	5	4	5	13	2	1	1	3	5	1	16	1	5	1	5	2	10	1		2	2	13	
113	6	27	11	15	臺北市	南港區	南港區南港路2段與南港路2段178巷口	25.053435	121.5999035	0	0	1	3	8	7	5	4	2	1	5	4	5	13	2	1	9	4	4	2	13	4	9	1	6	1	10	1		1	2	11	
113	6	27	11	34	臺北市	士林區	士林區德行西路與福華路口	25.104861	121.522293	0	0	1	2	8	6	5	4	18	1	5	4	5	13	1	1	10	4	5	1	9	1	5	1	7	2	8	1		1	3	8	
113	6	27	11	41	臺北市	內湖區	內湖區內湖路2段466號	25.08403395	121.5928748	0	0	2	2	8	6	5	14	9	1	5	4	5	13	4	4	9	4	5	2	16	1	11	1	5	1	10	1		1	2	12	
113	6	27	11	48	臺北市	內湖區	內湖區陽光街68巷與文德路210巷30弄口	25.07652061	121.5852404	0	0	2	2	8	6	5	4	1	1	5	4	5	13	4	4	10	5	5	2	17	1	9	1	5	1	9	1		1	2	12	
113	6	27	12	1	臺北市	大安區	大安區市民大道3段與八德路2段口口	25.0449134	121.5343096	0	0	1	2	8	6	5	5	1	1	5	4	5	13	2	1	1	4	5	2	16	1	6	1	7	1	8	1		1	3	2	
113	6	27	12	2	臺北市	北投區	北投區中央北路4段與中央北路4段18巷口	25.1352032	121.4784389	0	0	1	2	8	6	5	3	2	1	5	4	5	13	1	1	5	4	5	2	13	1	9	1	5	1	10	1		1	2	14	
113	6	27	12	11	臺北市	松山區	松山區觀山河濱公園183號車格	25.06493629	121.5684023	0	0	1	3	8	6	5	14	9	1	5	4	5	13	4	4	10	5	5	2	17	4	2	1	3	1	3	1		1	3	8	
113	6	27	12	20	臺北市	內湖區	內湖區港華街100號前	25.08296942	121.5752545	0	0	2	2	8	5	5	14	9	1	5	4	5	13	4	4	5	5	5	1	16	4	5	1	3	1	10	1		1	2	14	
113	6	27	12	20	臺北市	士林區	士林區雨聲街與雨聲街8巷口	25.10128035	121.5293771	0	0	1	2	8	6	5	4	2	1	5	4	5	13	4	4	10	5	5	1	17	1	1	1	7	1	8	1		1	3	1	
113	6	27	12	50	臺北市	大同區	大同區重慶北路2段與保安街口	25.0590775	121.5135547	0	0	1	2	8	6	5	4	2	1	5	4	5	13	1	1	1	4	5	2	17	1	9	1	6	1	10	1		1	2	14	
113	6	27	13	1	臺北市	信義區	信義區松仁路往南(信義國中松仁站牌旁)	25.0287264	121.5681958	0	0	1	3	8	6	5	14	9	1	5	4	5	13	1	1	9	4	5	1	9	4	9	1	3	1	10	1		2	2	14	
113	6	27	13	4	臺北市	大安區	大安區臥龍街與辛亥路3段157巷口	25.0182121	121.551087	0	0	1	2	8	7	5	5	1	1	5	4	5	13	2	1	4	3	4	1	16	1	5	1	5	1	10	1		1	3	11	
113	6	27	13	5	臺北市	士林區	士林區中山北路5段678號	25.0970406	121.5277506	0	0	2	2	8	6	5	14	20	1	5	4	5	13	4	4	10	5	5	2	9	1	9	8	4	2	20	1		2	2	11	
113	6	27	13	33	臺北市	中山區	中山區市民大道2段與長安東路1段30巷口	25.04760576	121.5260793	0	0	1	2	8	5	5	3	1	1	5	4	5	13	1	1	1	4	5	2	16	4	6	1	3	1	4	1		1	3	6	
113	6	27	13	38	臺北市	士林區	士林區延平北路5段與中正路口	25.08667826	121.5093391	0	0	2	2	8	6	5	4	1	1	5	4	5	13	2	1	9	4	5	1	16	1	5	1	5	1	10	1		1	2	14	
113	6	27	13	40	臺北市	北投區	北投區石牌路2段與裕民一路口	25.1168343	121.5162818	0	0	1	2	8	6	5	4	1	1	5	4	5	13	1	1	9	4	5	2	12	1	9	1	7	1	8	1		1	3	2	
113	6	27	14	0	臺北市	文山區	文山區興隆路3段36巷與興隆路3段36巷16弄口	24.9995663	121.5550135	0	0	1	3	8	6	5	3	1	1	5	4	5	13	3	1	9	5	5	2	18	1	10	1	6	11	10	1		1	2	17	
113	6	27	14	32	臺北市	中正區	中正區林森北路與北平東路口	25.0462396	121.5237271	0	0	1	3	8	5	6	4	2	1	5	4	5	13	1	1	5	4	5	2	12	1	7	1	5	2	10	1		1	2	14	
113	6	27	14	54	臺北市	大同區	大同區延平北路2段與民生西路口	25.0569941	121.5114353	0	0	1	2	7	5	5	4	2	1	5	4	5	13	2	1	5	4	5	2	12	4	15	1	3	1	10	1		1	3	5	
113	6	27	15	0	臺北市	信義區	信義區基隆路2段39巷與吳興街50巷口口	25.0306171	121.5595661	0	0	2	2	8	6	8	22	22	1	5	4	5	13	4	4	5	5	5	2	17	1	9	1	6	1	10	1		1	2	12	
113	6	27	15	4	臺北市	文山區	文山區木新路2段與恆光街口口	24.98326573	121.5667154	0	0	1	2	8	6	5	4	1	1	5	4	5	13	2	1	10	5	5	2	17	1	5	1	7	1	8	1		1	3	2	
113	6	27	15	5	臺北市	中正區	中正區忠孝東路1段與天津街口	25.0452999	121.5218084	0	0	2	2	8	6	5	4	1	1	5	4	5	13	1	1	1	4	5	2	17	1	9	1	6	2	10	1		2	2	11	
113	6	27	15	11	臺北市	士林區	士林區承德路4段97號	25.0837602	121.5235902	0	0	1	3	8	5	5	14	9	1	5	4	5	13	1	1	1	2	4	2	12	1	9	1	6	2	10	1		1	3	11	
113	6	27	15	30	臺北市	大安區	大安區和平東路1段與麗水街口	25.0267641	121.5280019	0	0	1	2	7	5	5	3	1	1	5	4	5	13	4	4	3	3	4	2	16	1	6	6	7	1	4	1		1	3	2	
113	6	27	15	31	臺北市	松山區	松山區市民大道4段與八德路3段106巷口	25.0445722	121.554281	0	0	1	2	8	7	5	4	1	1	5	4	5	13	2	1	1	4	5	2	16	1	15	1	7	1	8	1		2	3	2	
113	6	27	15	35	臺北市	信義區	信義區信義路5段與松智路口	25.0329735	121.565587	0	0	1	2	8	7	5	4	2	1	5	4	5	13	2	1	1	4	5	2	12	4	9	1	3	1	8	1		2	3	2	
113	6	27	15	37	臺北市	南港區	南港區南港路3段與南港路3段149巷口	25.0521986	121.5842341	0	0	1	2	8	5	5	3	1	1	5	4	5	13	2	1	5	4	5	2	16	4	6	1	6	1	10	1		1	3	12	