年	月	日	時	分	縣市	行政區	allLocation	GoogleLat	GoogleLng	死	2-30	受傷	當事人數	天候	道路照明設備	道路類別	道路型態	事故位置	路面狀況1	路面狀況2	路面狀況3	道路障礙1	道路障礙2	號誌1	號誌2	車道劃分-分向	車道劃分-分道1	車道劃分-分道2	車道劃分-分道3	事故類型及型態	行動電話	當事者行動狀態	駕駛資格情形	保護裝置	飲酒情形	駕駛執照種類	個人肇逃否	肇因碼-主要	性別	受傷程度	車輛撞擊部位1	車輛撞擊部位2
113	6	27	16	20	臺北市	士林區	士林區中山北路5段與中正路口	25.0959017	121.5277499	0	0	1	2	7	5	5	4	2	1	5	4	5	13	1	1	5	4	5	2	17	1	6	1	7	1	8	1		1	3	5	
113	6	27	16	40	臺北市	士林區	士林區社子街24號	25.0875223	121.5080199	0	0	2	2	8	6	5	14	9	1	5	4	5	13	4	4	9	4	5	1	16	4	11	1	3	1	10	1		1	2	14	
113	6	27	16	50	臺北市	士林區	士林區延平北路6段308號	25.0899546	121.5019264	0	0	3	3	7	6	5	14	8	1	5	4	5	13	1	1	1	4	4	1	3	5	16	8	4	10	20	1		1	2	16	
113	6	27	16	51	臺北市	大同區	大同區鄭州路145號	25.0503986	121.5094895	0	0	1	3	7	5	5	14	9	1	5	4	5	13	4	4	1	4	5	2	17	4	8	1	3	1	10	1		1	2	14	
113	6	27	17	5	臺北市	內湖區	內湖區堤外便道五分疏散門	25.06537483	121.6138587	0	0	2	3	8	6	5	14	9	1	5	4	5	13	4	4	5	5	5	2	17	1	4	1	7	1	8	1		1	3	2	
113	6	27	17	16	臺北市	士林區	士林區士商路139號	25.0937008	121.5176631	0	0	2	2	8	5	5	14	9	1	5	4	5	13	4	4	5	5	5	2	16	1	6	1	6	1	10	1		2	2	13	
113	6	27	17	20	臺北市	北投區	北投區軟橋街與文林北路5巷口	25.1000432	121.5171665	0	0	1	2	8	7	5	3	1	1	5	4	5	13	4	4	5	4	5	2	17	4	10	1	3	1	10	1		1	2	14	
113	6	27	17	25	臺北市	中山區	中山區中山北路3段51-2號	25.0676898	121.5226947	0	0	1	2	8	6	5	14	8	1	5	4	5	13	4	4	4	4	1	2	12	1	8	1	7	1	8	1		2	3	2	
113	6	27	18	15	臺北市	中山區	中山區長安東路2段與遼寧街口	25.04841734	121.5421002	0	0	1	2	8	7	5	4	2	1	5	4	5	13	2	1	5	4	5	2	13	4	6	1	6	1	10	1		1	3	11	
113	6	27	18	54	臺北市	中山區	中山區朱崙街與長安東路2段201巷口	25.04996591	121.5433695	0	0	1	2	8	5	5	4	1	1	5	4	5	13	4	4	5	2	5	2	9	1	9	1	5	1	10	1		1	3	11	
113	6	27	19	25	臺北市	中山區	中山區民生東路3段與合江街口	25.05778566	121.5391572	0	0	3	3	8	5	5	4	2	1	5	4	5	13	1	1	1	3	5	1	12	1	9	1	5	1	10	1		1	2	14	
113	6	27	19	32	臺北市	大同區	大同區酒泉街與重慶北路3段口	25.0721405	121.5148382	0	0	1	2	7	5	5	4	1	1	5	4	5	13	2	1	5	2	5	2	17	4	5	1	7	1	8	1		2	3	5	
113	6	27	19	57	臺北市	文山區	文山區景福街126號	24.9957536	121.536099	0	0	1	2	8	5	5	14	9	1	5	4	5	13	4	4	9	5	5	2	3	1	9	1	7	2	8	1		1	3	1	
113	6	27	20	22	臺北市	萬華區	萬華區中華路1段與中華路1段192巷口	25.0387126	121.5070856	0	0	1	3	7	5	5	3	2	1	5	4	5	13	4	4	1	4	1	2	13	1	9	1	7	1	4	1		1	3	2	
113	6	27	20	50	臺北市	中正區	中正區羅斯福路4段110號	25.0135317	121.5354355	0	0	2	3	8	5	5	14	9	1	5	4	3	13	4	4	3	4	5	2	13	1	9	1	5	8	10	1		2	2	11	
113	6	27	21	13	臺北市	大安區	大安區文昌街153號	25.032594	121.5529351	0	0	1	2	8	5	5	14	9	1	5	4	5	13	4	4	10	5	5	2	16	4	6	1	7	1	8	1		1	3	5	
113	6	27	21	18	臺北市	中山區	中山區中山北路2段27巷與南京東路1段13巷口	25.05318272	121.5236668	0	0	1	2	7	5	5	4	2	1	5	4	5	13	4	4	10	5	5	2	15	4	9	1	3	1	10	1		2	2	14	
113	6	27	21	28	臺北市	萬華區	萬華區西寧南路與西寧南路50巷口	25.04427956	121.5064006	0	0	2	3	8	5	5	4	1	1	5	4	5	13	4	4	10	5	5	2	15	1	9	3	5	9	18	1		1	3	14	
113	6	27	21	47	臺北市	中山區	中山區中山北路2段111號	25.0601087	121.5230546	0	0	2	2	8	5	5	14	8	1	5	4	5	13	1	1	1	3	1	2	13	1	9	1	5	2	10	1		1	2	14	
113	6	27	21	53	臺北市	萬華區	萬華區西園路1段與桂林路口	25.038488	121.4999929	0	0	2	3	7	5	5	4	2	1	5	4	5	13	2	1	5	4	4	2	13	1	9	1	6	1	10	1		1	2	11	
113	6	27	21	54	臺北市	南港區	南港區市民大道8段與南港路2段41巷口	25.05301558	121.6036602	0	0	1	2	8	5	5	4	1	1	5	4	5	13	2	1	1	3	5	2	16	1	5	1	6	1	10	1		2	2	14	
113	6	27	22	30	臺北市	內湖區	內湖區成功橋下橋處	25.0605727	121.5912917	0	0	1	2	8	5	5	4	1	1	5	4	5	13	2	1	1	4	5	2	17	1	6	1	6	2	10	1		1	3	13	
113	6	27	22	41	臺北市	中正區	中正區公園路台北市立大學側門	25.03709684	121.51502	0	0	1	2	8	5	5	14	9	1	5	4	5	13	4	4	4	4	5	2	17	4	15	7	3	11	19	2		1	4	15	
113	6	27	23	57	臺北市	大安區	大安區和平東路2段與和平東路2段175巷口	25.0250774	121.5417772	0	0	2	2	8	5	5	3	1	1	5	4	5	13	2	2	10	4	4	2	15	4	9	1	3	2	10	1		1	2	11	
113	6	28	0	30	臺北市	中山區	中山區林森北路與民權東路1段口	25.0624324	121.525612	0	0	1	3	8	5	5	4	1	1	5	4	5	13	2	1	7	2	5	2	17	1	5	1	5	1	10	1		1	3	12	
113	6	28	0	56	臺北市	中山區	中山區市民大道3段與建國南路1段口	25.0448328	121.5366117	0	0	1	2	8	5	5	4	1	1	5	4	5	13	2	1	7	2	5	2	17	1	7	1	7	1	8	1		1	3	4	
113	6	28	1	59	臺北市	萬華區	萬華區西園路1段240號對面	25.0346361	121.4989788	0	0	1	2	7	5	5	14	8	1	5	4	4	13	4	4	10	3	4	2	17	1	9	1	5	2	10	1		1	2	11	
113	6	28	5	26	臺北市	萬華區	萬華區堤外便道(越堤坡道旁)	25.01612608	121.4980295	0	0	1	2	8	7	5	14	9	1	5	4	5	13	4	4	1	5	5	2	17	1	9	1	5	1	10	1		1	2	11	
113	6	28	5	31	臺北市	大安區	大安區復興南路2段151巷49號	25.028284	121.5457138	0	0	1	2	8	6	5	14	9	1	5	4	5	13	4	4	9	4	5	1	14	4	2	1	3	1	4	1		1	3	6	
113	6	28	6	25	臺北市	大同區	大同區台北橋機慢車道	25.0634916	121.5077239	0	0	3	4	8	6	5	8	11	1	5	4	2	13	4	4	3	5	5	2	17	4	9	1	5	1	10	1		2	3	17	
113	6	28	7	46	臺北市	萬華區	萬華區艋舺大道與西園路1段口	25.0333731	121.4980352	0	0	1	2	8	6	6	4	2	1	5	4	5	13	2	1	1	2	5	2	12	1	9	1	6	1	10	1		1	2	11	
113	6	28	7	54	臺北市	萬華區	萬華區華中橋機車道（近燈桿7010472）	25.0122376	121.4952935	0	0	2	3	8	6	5	8	11	1	5	4	5	13	4	4	1	2	1	2	12	1	9	1	6	1	10	1		2	2	14	
113	6	28	8	0	臺北市	中山區	中山區松江路133巷與南京東路2段115巷口	25.0543669	121.5336509	0	0	1	2	8	7	5	4	1	1	5	4	5	13	4	4	9	5	5	2	15	1	9	1	5	2	10	1		1	2	11	
113	6	28	8	2	臺北市	信義區	信義區忠孝東路5段509號	25.0414443	121.5788821	0	0	1	2	8	7	5	14	9	1	5	4	5	13	4	4	10	5	5	2	17	1	1	1	7	1	8	1		1	3	4	
113	6	28	8	5	臺北市	大同區	大同區大稻埕堤外便道(5號水門停車場)	25.05647008	121.5079561	0	0	2	5	8	6	5	14	9	1	5	4	5	13	4	4	10	5	5	2	17	1	5	1	5	1	10	1		2	2	14	
113	6	28	8	7	臺北市	松山區	松山區民權大橋西往東(橋中央)	25.0639331	121.5698627	0	0	2	2	8	7	5	8	11	1	5	4	5	13	4	4	1	4	5	2	13	4	9	1	6	1	10	1		2	2	11	
113	6	28	8	39	臺北市	萬華區	萬華區環河南路1段17號	25.0474092	121.5046759	0	0	1	2	8	6	5	14	9	1	5	4	5	13	4	4	5	4	5	1	17	4	7	1	3	9	10	1		2	3	15	
113	6	28	8	45	臺北市	大同區	大同區貴德街與西寧北路86巷口	25.0552344	121.5083645	0	0	2	2	8	6	5	5	1	1	5	4	5	13	4	4	9	4	5	2	15	4	9	1	6	1	10	1		1	2	12	
113	6	28	8	55	臺北市	中山區	中山區長安東路2段與龍江路口	25.048359	121.540374	0	0	1	2	8	6	5	3	1	1	5	4	5	13	2	1	8	3	5	1	17	1	9	1	5	1	10	1		1	3	11	
113	6	28	8	57	臺北市	松山區	松山區市民大道6段與松信路口	25.0494904	121.5725434	0	0	2	3	8	7	5	14	9	1	5	4	5	13	4	4	9	4	5	2	3	5	16	8	4	10	20	1		1	2	16	
113	6	28	8	59	臺北市	北投區	北投區中央北路4段301號	25.1310656	121.4730623	0	0	2	2	8	6	5	14	9	1	5	4	5	13	4	4	4	4	5	1	3	5	16	8	4	10	20	1		2	2	16	14
113	6	28	9	0	臺北市	大同區	大同區重慶北路1段與鄭州路口	25.0495125	121.5134403	0	0	1	2	8	6	5	4	2	1	5	4	5	13	1	1	1	4	5	2	17	1	6	1	7	2	8	1		1	3	2	
113	6	28	9	15	臺北市	南港區	南港區東新街170巷附近側附近(第92號車格旁)	25.04256123	121.5928919	0	0	1	2	8	6	5	14	9	1	5	4	5	13	4	4	9	5	5	2	16	1	4	1	6	1	10	1		2	3	15	
113	6	28	9	15	臺北市	大安區	大安區四維路與四維路44巷口口	25.0355352	121.5484381	0	0	2	2	8	6	5	4	2	1	5	4	5	13	4	4	7	5	5	1	15	4	15	1	3	1	10	1		2	2	12	
113	6	28	9	30	臺北市	北投區	北投區文林北路80巷與文林北路80巷59弄口	25.1063337	121.5194573	0	0	1	2	8	6	5	4	1	1	5	4	5	13	4	4	10	5	5	2	15	1	9	1	7	9	8	1		1	3	2	
113	6	28	9	33	臺北市	北投區	北投區中央北路2段與文化三路口	25.136506	121.4960978	0	0	3	3	8	6	5	3	1	1	5	4	5	13	2	1	5	4	5	2	16	1	5	1	5	1	10	1		1	2	12	
113	6	28	9	39	臺北市	松山區	松山區八德路3段與八德路3段158巷口	25.0480931	121.5550472	0	0	1	2	8	6	5	4	1	1	5	4	5	13	2	1	5	4	5	2	16	4	11	1	3	2	2	1		1	3	7	
113	6	28	9	40	臺北市	萬華區	萬華區寶興街222巷與長泰街246巷口	25.0221039	121.4947325	0	0	1	2	8	6	5	4	1	1	5	4	5	13	4	4	10	5	5	2	17	1	9	8	4	1	20	1		2	2	11	
113	6	28	10	6	臺北市	內湖區	內湖區瑞光路317號	25.0761068	121.575695	0	0	1	3	8	5	5	14	9	1	5	4	5	13	4	4	5	4	5	2	12	1	7	1	5	1	10	1		2	2	14	
113	6	28	10	9	臺北市	萬華區	萬華區萬大路與萬大路408巷口	25.0213935	121.4984271	0	0	2	3	8	6	5	3	1	1	5	4	5	13	4	4	10	4	5	1	17	4	6	1	3	1	8	1		1	3	2	
113	6	28	10	10	臺北市	文山區	文山區保儀路13巷與集英街口	24.9884526	121.5693828	0	0	1	2	8	5	5	4	1	1	5	4	5	13	4	4	10	5	5	2	3	1	9	1	7	1	8	1		1	3	10	
113	6	28	10	20	臺北市	大安區	大安區雲和街與龍泉街口	25.0235577	121.5293651	0	0	2	2	8	6	5	4	1	1	5	4	5	13	4	4	10	5	5	2	15	1	9	1	5	1	10	1		1	2	11	
113	6	28	10	28	臺北市	信義區	信義區大道路與林口街80巷口	25.0404228	121.5826652	0	0	1	2	7	6	5	4	1	1	5	4	5	13	4	4	9	3	5	2	17	4	15	1	3	1	10	1		1	3	13	
113	6	28	10	29	臺北市	中山區	中山區大直街與北安路口	25.0799386	121.5473192	0	0	1	2	8	5	5	5	1	1	5	4	5	13	1	1	9	4	5	2	12	1	9	1	5	1	10	1		1	2	11	
113	6	28	10	38	臺北市	中正區	中正區金山南路1段120號	25.03504341	121.5273336	0	0	1	2	8	5	5	14	9	1	5	4	5	13	2	1	1	4	5	1	17	1	9	1	5	2	10	1		1	2	11	
113	6	28	10	52	臺北市	松山區	(塔悠路187號前)	25.0563587	121.5696475	0	0	1	3	8	7	5	4	1	1	5	4	5	13	1	1	1	4	4	2	17	1	5	1	7	1	4	1		1	3	1	
113	6	28	11	15	臺北市	士林區	士林區中山北路6段與中山北路6段405巷口	25.1129713	121.5266549	0	0	1	2	7	6	5	3	1	1	5	4	5	13	1	1	1	4	5	2	17	1	5	1	5	2	10	1		2	2	14	
113	6	28	11	45	臺北市	信義區	信義區忠孝東路5段22巷(松高11號旁)	25.0394415	121.5660191	0	0	1	3	8	6	5	14	9	1	5	4	5	13	4	4	9	4	5	2	9	4	14	1	3	1	4	1		1	3	2	
113	6	28	12	10	臺北市	中正區	中正區莒光路93巷與莒光路口	25.0311296	121.5049349	0	0	1	2	8	6	5	3	1	1	5	4	5	13	4	4	10	5	5	2	17	1	5	1	5	1	10	1		1	3	11	
113	6	28	12	18	臺北市	大同區	大同區承德路1段與長安西路口	25.0509238	121.516909	0	0	1	2	8	6	5	4	1	1	5	4	5	13	2	1	5	5	5	2	16	1	5	1	6	1	10	1		1	2	14	
113	6	28	12	40	臺北市	北投區	北投區中央北路2段302號	25.1384647	121.4899268	0	0	1	2	8	5	5	14	9	1	5	4	5	13	4	4	4	4	5	2	17	1	1	1	7	1	3	1		1	3	17	
113	6	28	13	0	臺北市	中山區	中山區農安街77巷	25.0650331	121.5284922	0	0	1	2	8	6	5	14	9	1	5	4	5	13	4	4	10	5	5	2	14	4	2	1	5	1	10	1		1	2	13	
113	6	28	13	10	臺北市	內湖區	內湖區內湖路2段179巷216號	25.08419423	121.5854516	0	0	2	2	6	5	5	14	9	1	4	4	5	13	4	4	4	3	4	1	13	4	9	1	3	1	10	1		1	2	11	
113	6	28	13	19	臺北市	北投區	北投區明德路331巷與無名巷口	25.11601102	121.5190446	0	0	1	2	8	7	5	4	1	1	5	4	5	13	4	4	10	5	5	2	16	1	5	1	7	1	4	1		1	3	8	
113	6	28	13	24	臺北市	中山區	中山區合江街與合江街180巷口	25.06106817	121.5392427	0	0	2	3	8	6	5	4	1	1	5	4	5	10	4	4	10	5	5	2	17	1	5	1	5	1	10	1		2	2	11	
113	6	28	13	28	臺北市	萬華區	萬華區光復橋往新北	25.0244034	121.490672	0	0	1	2	7	7	5	14	9	1	5	4	5	13	4	4	6	1	5	2	12	1	9	1	5	9	10	1		1	2	11	
113	6	28	13	40	臺北市	中山區	中山區明水路與樂群二路口	25.0800595	121.5522106	0	0	1	2	7	7	5	4	1	2	5	4	5	13	1	1	1	4	5	2	17	4	6	1	3	1	8	1		2	3	6	
113	6	28	14	5	臺北市	中正區	中正區市民大道1段168號	25.0447598	121.537509	0	0	3	3	7	6	5	14	9	1	5	4	5	13	4	4	1	4	5	2	17	4	12	1	6	1	10	1		2	2	13	13
113	6	28	14	45	臺北市	大安區	大安區仁愛路4段345巷4弄與仁愛路4段151巷口口	25.0391277	121.5522464	0	0	1	2	6	6	5	4	2	1	4	4	5	13	4	4	5	3	5	1	17	4	15	1	3	9	8	1		2	3	2	
113	6	28	15	26	臺北市	北投區	北投區承德路7段351-1號	25.11842061	121.5024614	0	0	2	4	6	7	5	14	8	1	4	4	5	13	4	4	1	4	4	2	16	1	9	1	6	1	10	1		2	2	14	
113	6	28	15	43	臺北市	松山區	松山區民權東路3段與民族東路口	25.0617759	121.5499753	0	0	1	2	6	5	5	3	1	1	4	4	5	13	4	4	1	4	5	2	16	1	6	1	7	2	8	1		1	3	5	
113	6	28	15	50	臺北市	大同區	大同區延平北路4段與迪化街2段364巷口	25.0729912	121.5112644	0	0	1	2	6	5	5	3	2	1	4	4	5	13	2	1	5	4	5	2	17	4	11	1	3	1	8	1		2	3	17	
113	6	28	15	50	臺北市	大安區	大安區和平東路1段143號	25.0265168	121.5311665	0	0	1	2	8	6	5	14	7	1	4	4	5	13	2	1	3	3	5	1	13	4	9	1	3	2	10	1		1	2	11	
113	6	28	15	57	臺北市	內湖區	內湖區康寧路3段與康寧路3段165巷口	25.0708984	121.61166	0	0	1	2	6	5	5	4	1	1	4	4	5	13	2	1	1	4	5	2	16	1	5	1	2	1	8	1		1	3	2	
113	6	28	16	2	臺北市	內湖區	內湖區內湖路1段與內湖路1段629巷口	25.08040616	121.5744188	0	0	1	2	8	6	5	3	2	1	4	4	5	13	2	1	1	4	5	2	17	1	5	1	6	1	10	1		1	2	12	
113	6	28	16	3	臺北市	士林區	士林區中山北路7段219巷與中山北路7段口	25.1267411	121.5327446	0	0	1	2	6	7	5	4	1	1	4	4	5	13	4	4	10	5	5	2	17	4	9	1	6	2	9	1		1	2	11	
113	6	28	16	17	臺北市	松山區	松山區八德路4段與松信路口	25.0498857	121.5722726	0	0	1	2	6	7	5	4	1	1	4	4	5	13	2	1	1	4	5	2	15	1	15	1	7	2	8	1		1	3	1	
113	6	28	16	30	臺北市	萬華區	萬華區西園路2段與寶興街口	25.027178	121.4939416	0	0	1	2	6	7	5	4	2	1	4	4	5	13	1	1	1	4	5	2	13	1	9	1	7	1	4	1		1	3	1	
113	6	28	16	36	臺北市	信義區	信義區永吉路與永吉路468巷口	25.0453285	121.5789186	0	0	1	2	6	6	5	5	2	1	4	4	5	13	4	4	1	4	4	2	15	1	9	8	2	1	20	1		2	3	17	
113	6	28	16	50	臺北市	文山區	文山區景華街151號	24.9968709	121.5478229	0	0	2	4	6	6	5	14	9	1	4	4	5	13	1	1	5	5	5	2	17	1	10	1	6	2	11	1		2	2	11	
113	6	28	16	55	臺北市	大安區	大安區基隆路4段144巷與基隆路4段口	25.0132438	121.5394001	0	0	1	2	6	6	5	4	1	1	4	4	5	13	1	1	1	4	4	2	16	1	6	1	7	9	8	1		1	3	2	
113	6	28	17	9	臺北市	中正區	中正區忠孝東路2段與杭州北路口	25.0440014	121.5269863	0	0	1	2	6	5	5	4	1	1	4	4	5	13	1	1	1	4	5	1	17	4	15	7	3	11	19	2		1	4	15	
113	6	28	17	15	臺北市	北投區	北投區大業路152號	25.1235965	121.499336	0	0	1	2	8	6	5	14	9	1	5	4	5	13	4	4	10	4	5	2	13	1	9	8	2	1	20	1		1	2	11	
113	6	28	17	21	臺北市	中正區	中正區重慶南路2段與泉州街9巷口口	25.0302079	121.5149435	0	0	1	2	7	6	5	3	1	1	4	4	5	13	4	4	10	5	5	1	17	4	6	7	3	9	19	2		1	4	17	
113	6	28	17	21	臺北市	大安區	大安區信義路4段265巷與信義路4段294巷口	25.0333543	121.5543208	0	0	1	2	7	5	5	4	2	1	5	4	5	13	1	1	5	4	5	2	17	1	9	1	5	1	10	1		2	2	15	
113	6	28	17	25	臺北市	內湖區	內湖區港墘路221巷33號	25.0736192	121.5745972	0	0	2	2	7	5	5	3	1	1	5	4	5	13	4	4	5	5	5	2	13	1	9	1	6	1	10	1		1	2	11	
113	6	28	17	40	臺北市	松山區	松山區濱江街509號	25.07236253	121.5556651	0	0	1	2	8	6	5	14	7	1	5	4	5	13	4	4	1	4	4	2	12	1	1	1	7	1	8	1		1	3	8	
113	6	28	18	0	臺北市	北投區	北投區裕民二路與裕民三路口	25.1158359	121.5170361	0	0	1	2	8	7	5	3	2	1	5	4	5	13	4	4	5	5	5	2	15	4	11	1	3	1	8	1		2	3	4	
113	6	28	18	10	臺北市	中山區	中山區長春路382號	25.0545535	121.5433811	0	0	1	2	8	6	5	14	8	1	5	4	5	13	4	4	9	4	4	2	13	1	9	1	6	1	10	1		1	2	13	
113	6	28	18	50	臺北市	松山區	松山區市民大道4段與八德路3段158巷口	25.04479538	121.5555252	0	0	1	2	7	5	5	3	1	1	4	4	5	13	4	4	10	4	5	1	15	1	9	1	7	2	3	1		1	3	15	
113	6	28	19	9	臺北市	中山區	中山區吉林路與吉林路123巷口口	25.0571895	121.5302435	0	0	1	2	8	6	5	4	1	1	5	4	5	13	4	4	9	4	4	2	17	1	11	1	7	7	8	1		1	3	5	
113	6	28	19	18	臺北市	南港區	南港區忠孝東路7段與忠孝東路7段265巷口	25.0517623	121.603536	0	0	2	3	7	5	5	4	1	1	5	4	5	13	2	1	1	4	4	1	16	4	6	1	3	1	8	1		2	3	2	
113	6	28	19	45	臺北市	士林區	士林區文林路770巷與文林路口	25.10359725	121.5195197	0	0	1	2	8	5	5	3	2	1	5	4	5	13	4	4	1	1	5	1	13	1	14	1	7	1	8	1		1	3	7	
113	6	28	20	46	臺北市	萬華區	萬華區中華路2段416巷10弄9號	25.0277618	121.5049848	0	0	1	2	7	5	5	14	9	1	5	4	5	13	4	4	9	5	5	2	12	1	9	1	6	1	10	1		1	2	14	
113	6	28	21	40	臺北市	文山區	文山區指南路2段115號對面	24.98762734	121.576142	0	0	1	2	8	6	5	14	9	1	5	4	5	13	2	1	5	5	5	2	9	1	9	1	7	9	6	1		1	3	15	
113	6	28	22	22	臺北市	中山區	中山區民生東路1段86號與新生北路2段口	25.0579381	121.5271434	0	0	1	2	7	5	5	3	2	1	5	4	5	13	4	4	5	4	5	2	16	4	6	1	3	2	8	1		1	3	8	
113	6	28	23	15	臺北市	內湖區	內湖區瑞光路393巷與洲子街口	25.07900018	121.5735314	0	0	1	2	8	5	5	4	1	1	5	4	5	13	3	1	10	5	5	2	15	1	9	1	6	2	10	1		1	2	11	
113	6	29	0	33	臺北市	中正區	中正區愛國西路與延平南路口	25.0366039	121.507965	0	0	1	2	7	6	5	5	1	1	5	4	5	13	2	1	3	4	4	2	12	1	4	1	7	2	8	1		1	3	4	
113	6	29	0	33	臺北市	士林區	士林區中山北路5段與中山北路5段470巷口	25.0917931	121.5279332	0	0	1	2	8	5	5	3	1	1	5	4	5	13	4	4	1	3	5	1	17	1	6	1	7	1	8	1		1	3	6	
113	6	29	1	30	臺北市	信義區	信義區信義路5段世貿101捷運站2號出口	25.0329308	121.5619141	0	0	1	2	8	5	5	14	9	1	5	4	5	13	4	4	1	4	5	2	18	1	9	1	5	1	10	1		1	2	12	
113	6	29	2	40	臺北市	信義區	信義區虎林街120巷與忠孝東路5段295巷口	25.0422116	121.5725561	0	0	1	2	7	5	5	4	1	1	5	4	5	13	4	4	10	5	5	1	15	1	9	1	6	2	10	1		2	2	12	
113	6	29	3	30	臺北市	中山區	中山區新生北路2段62巷與新生北路2段68巷15弄口口	25.0562317	121.5260142	0	0	1	4	8	5	5	3	2	1	5	4	5	13	4	4	10	5	5	2	16	1	5	1	7	2	4	1		1	3	4	
113	6	29	7	39	臺北市	中正區	中正區館前路與忠孝西路1段口	25.04691591	121.5146229	0	0	1	2	7	7	5	14	9	1	5	4	5	13	4	4	1	4	1	2	13	1	9	6	7	2	8	1		1	3	1	
113	6	29	7	56	臺北市	萬華區	萬華區環河南路1段與長沙街2段口	25.0416013	121.4996936	0	0	2	2	8	6	5	3	1	1	5	4	5	13	1	1	5	4	5	1	17	4	10	1	3	1	10	1		2	2	15	
113	6	29	8	37	臺北市	北投區	北投區大度路27號	25.1211141	121.4969303	0	0	3	3	8	6	5	14	9	1	5	4	5	13	4	4	1	4	5	1	12	1	9	1	5	2	10	1		1	2	14	12
113	6	29	9	0	臺北市	萬華區	萬華區西藏路259巷34號	25.02776665	121.4937533	0	0	1	2	8	5	5	14	9	1	5	4	5	13	4	4	10	5	5	2	17	4	13	1	7	2	8	1		1	3	4	
113	6	29	9	5	臺北市	南港區	南港區昆陽街60巷與南港路3段47巷口	25.0521675	121.5906023	0	0	1	3	8	5	5	4	1	1	5	4	5	13	3	1	5	5	5	2	15	1	9	3	7	1	18	1		1	3	1	
113	6	29	9	6	臺北市	內湖區	內湖區民權東路6段與成功路2段口	25.0691474	121.5918101	0	0	1	2	8	5	5	3	2	1	5	4	5	13	4	4	3	4	5	2	12	1	8	1	5	1	10	1		1	3	12	
113	6	29	9	38	臺北市	信義區	信義區莊敬路374號	25.0276224	121.5650223	0	0	1	3	7	6	5	14	9	1	5	4	5	13	4	4	8	3	5	2	17	4	15	1	3	1	8	1		1	3	1	
113	6	29	9	41	臺北市	萬華區	萬華區艋舺大道120巷與艋舺大道120巷38弄口	25.0319352	121.502224	0	0	2	2	8	6	5	5	1	1	5	4	5	13	4	4	10	5	5	1	15	4	9	1	3	1	9	1		1	2	15	
113	6	29	9	43	臺北市	萬華區	萬華區環河南路2段與長順街口	25.03137691	121.4907132	0	0	3	3	8	6	5	4	1	1	5	4	5	13	2	1	1	4	5	2	17	1	5	1	6	2	10	1		1	2	13	
113	6	29	10	5	臺北市	中山區	中山區民權東路2段與吉林路口	25.0624992	121.5306059	0	0	2	2	8	7	5	14	9	1	5	4	5	13	4	4	1	4	5	2	13	1	9	1	5	2	10	1		1	2	11	
113	6	29	10	7	臺北市	南港區	南港區東新街56號	25.0478805	121.5857765	0	0	1	2	8	6	5	14	9	1	5	4	5	13	4	4	5	5	5	2	16	1	11	1	5	2	10	1		1	3	13	
113	6	29	10	24	臺北市	南港區	南港區南港路1段與興中路口	25.0545416	121.6075323	0	0	1	2	8	6	5	4	2	1	5	4	5	13	1	1	5	4	4	2	16	1	5	1	7	1	8	1		1	3	5	
113	6	29	11	14	臺北市	內湖區	內湖區民權東路6段與舊宗路2段口	25.06586813	121.5748991	0	0	1	2	8	6	5	4	2	1	5	4	5	13	2	1	5	4	5	2	17	1	5	1	7	1	8	1		2	3	5	
113	6	29	12	15	臺北市	士林區	士林區德行東路190巷與德行東路190巷31弄口	25.107358	121.531809	0	0	1	2	8	6	5	4	1	1	5	4	5	13	4	4	10	5	5	2	15	1	9	1	6	1	10	1		2	2	12	
113	6	29	12	17	臺北市	萬華區	萬華區中華路1段與南寧路口	25.03733555	121.5066832	0	0	1	2	8	6	5	5	1	1	5	4	5	13	2	1	1	5	5	2	16	1	6	1	7	1	4	1		1	3	2	
113	6	29	13	5	臺北市	內湖區	內湖區安美街與潭美街口	25.0606361	121.5978409	0	0	1	2	8	6	5	4	1	1	5	4	5	13	2	1	9	4	5	2	16	1	6	1	7	1	8	1		1	3	2	
113	6	29	13	34	臺北市	萬華區	萬華區堤外便道	25.0212734	121.49172	0	0	3	3	8	7	5	14	9	1	5	4	5	13	4	4	10	5	5	2	17	1	11	1	5	1	10	1		1	2	14	
113	6	29	13	50	臺北市	北投區	北投區公館路130巷與公館路130巷1弄口	25.12937918	121.5049695	0	0	1	2	7	7	5	3	1	1	5	4	5	13	4	4	10	5	5	1	16	4	5	1	3	1	8	1		1	3	1	
113	6	29	13	50	臺北市	南港區	南港區南港路1段與經貿一路口	25.0548338	121.6181038	0	0	1	2	8	6	5	14	9	1	5	4	5	13	4	4	1	3	5	2	9	4	3	1	3	1	6	1		1	3	17	
113	6	29	13	56	臺北市	內湖區	內湖區民權東路6段與成功路2段口引道口	25.07131608	121.5872103	0	0	1	2	8	6	5	3	2	1	5	4	5	13	4	4	3	4	5	2	17	1	8	1	7	2	4	1		1	3	6	
113	6	29	14	10	臺北市	松山區	松山區敦化北路內側車道往北(0205662號燈桿)(八德至南京間)	25.05146737	121.5489576	0	0	2	4	7	7	5	14	7	1	5	4	5	13	4	4	9	4	4	2	13	1	9	1	7	1	8	1		1	3	1	