年	月	日	時	分	縣市	行政區	allLocation	GoogleLat	GoogleLng	死	2-30	受傷	當事人數	天候	道路照明設備	道路類別	道路型態	事故位置	路面狀況1	路面狀況2	路面狀況3	道路障礙1	道路障礙2	號誌1	號誌2	車道劃分-分向	車道劃分-分道1	車道劃分-分道2	車道劃分-分道3	事故類型及型態	行動電話	當事者行動狀態	駕駛資格情形	保護裝置	飲酒情形	駕駛執照種類	個人肇逃否	肇因碼-主要	性別	受傷程度	車輛撞擊部位1	車輛撞擊部位2
113	6	29	14	26	臺北市	大安區	大安區忠孝東路4段303號與忠孝東路4段口	25.0414498	121.5554835	0	0	1	2	8	6	5	3	2	1	5	4	5	13	4	4	10	4	5	2	17	1	7	1	6	1	10	1		1	3	15	
113	6	29	14	41	臺北市	文山區	文山區辛亥路7段20巷1弄1號	24.98669933	121.5533515	0	0	2	2	7	6	5	11	9	1	5	4	5	13	4	4	10	5	5	2	11	4	9	1	3	1	10	1		1	2	14	
113	6	29	14	46	臺北市	中正區	中正區忠孝東路1段與紹興南街口	25.04442753	121.5252286	0	0	1	3	6	7	5	14	9	1	4	4	5	13	4	4	1	4	1	2	17	1	7	1	7	11	8	2		1	3	17	
113	6	29	15	5	臺北市	萬華區	萬華區桂林路53號	25.0381411	121.503142	0	0	2	4	6	6	5	14	9	1	4	4	3	10	4	4	9	4	5	2	17	1	1	1	6	1	10	1		2	2	14	
113	6	29	16	10	臺北市	中正區	中正區林森南路與青島東路口	25.0436371	121.5231003	0	0	1	2	7	7	5	4	1	1	4	4	5	13	1	1	5	4	5	2	17	1	9	1	5	1	10	1		1	2	11	
113	6	29	16	14	臺北市	信義區	信義區忠孝東路4段560號	25.0410945	121.5637928	0	0	2	3	6	5	5	14	9	1	4	4	5	13	4	4	3	4	5	2	12	1	7	1	7	1	8	1		1	3	15	
113	6	29	16	42	臺北市	大安區	大安區仁愛路4段與敦化南路1段口	25.0386815	121.5485731	0	0	2	3	8	6	5	4	1	1	5	4	5	13	1	1	9	4	5	1	16	4	6	1	3	1	10	1		1	2	12	
113	6	29	16	55	臺北市	內湖區	內湖區民權東路6段296巷7號	25.07231718	121.6058268	0	0	1	3	8	5	5	14	9	1	5	4	5	13	4	4	9	5	5	2	17	1	9	1	5	1	10	1		1	3	15	
113	6	29	17	6	臺北市	文山區	文山區新光路1段65巷16號	24.99016248	121.5747573	0	0	1	2	8	6	5	14	9	1	5	4	5	13	4	4	10	5	5	2	12	1	15	1	7	1	8	1		1	3	4	
113	6	29	17	50	臺北市	內湖區	內湖區南京東路6段與新明路312巷口	25.05667217	121.5813975	0	0	1	2	8	6	5	3	1	1	5	4	5	13	4	4	9	4	5	2	17	1	9	1	7	9	8	1		1	3	17	
113	6	29	18	10	臺北市	中山區	中山區吉林路與吉林路161巷口口	25.0589527	121.5302956	0	0	1	2	8	7	5	4	1	1	5	4	5	13	2	1	5	4	5	2	17	1	5	1	7	1	8	1		1	3	17	
113	6	29	18	23	臺北市	大安區	大安區基隆路2段與和平東路3段口	25.02447741	121.5526112	0	0	1	4	7	5	5	10	7	1	5	4	5	13	1	1	1	3	4	1	13	1	8	1	7	1	8	1		1	3	6	
113	6	29	18	33	臺北市	信義區	信義區忠孝東路4段345號	25.0414702	121.5584836	0	0	1	3	8	5	5	14	9	1	5	4	5	13	4	4	3	3	5	2	17	4	9	3	6	1	18	1		1	3	11	
113	6	29	18	41	臺北市	中正區	中正區中華路1段與貴陽街1段口	25.0391602	121.507652	0	0	2	3	6	5	8	3	1	1	4	4	5	13	2	1	3	4	4	2	16	1	8	1	6	2	10	1		1	3	13	
113	6	29	18	46	臺北市	中山區	中山區南京東路3段116號	25.051749	121.5401956	0	0	1	2	8	5	5	14	8	1	5	4	5	13	4	4	1	4	4	2	13	2	9	1	6	1	10	1		1	2	11	
113	6	29	19	3	臺北市	大同區	大同區鄭州路(中興醫院對面）	25.0501369	121.5088059	0	0	1	2	7	5	5	14	20	1	5	4	5	13	4	4	10	5	5	2	17	4	3	1	5	1	10	1		1	3	17	
113	6	29	19	16	臺北市	大安區	大安區延吉街77號	25.0439239	121.5539679	0	0	1	3	6	5	5	14	9	1	4	4	5	13	2	1	1	5	5	2	17	4	6	8	3	1	20	1		1	3	17	
113	6	29	19	24	臺北市	松山區	松山區敦化北路4巷與南京東路3段256巷口	25.0502199	121.5447046	0	0	1	2	7	5	5	4	2	1	4	4	5	13	4	4	5	5	5	2	15	1	9	1	5	1	10	1		1	2	14	
113	6	29	19	36	臺北市	松山區	松山區延吉街23巷與延吉街口	25.04620194	121.5535791	0	0	1	2	6	5	5	4	2	1	4	4	5	13	2	1	9	4	5	1	12	1	15	1	7	1	8	1		1	3	5	
113	6	29	19	40	臺北市	南港區	南港區興東街3號	25.0555361	121.6129019	0	0	1	2	7	5	5	14	9	1	5	4	5	13	4	4	10	5	5	2	14	1	2	1	7	1	8	1		1	3	6	
113	6	29	20	7	臺北市	中正區	中正區和平西路1段與牯嶺街口口	25.0264175	121.519219	0	0	1	2	7	5	5	4	1	1	4	4	5	13	1	1	1	4	4	2	12	1	9	1	5	1	10	1		1	2	12	
113	6	29	20	36	臺北市	信義區	信義區福德街與福德街221巷口	25.0384706	121.5848876	0	0	1	2	8	5	5	4	18	1	5	4	5	13	1	1	10	5	5	2	1	4	5	1	3	2	8	1		1	3	1	
113	6	29	21	19	臺北市	中正區	中正區杭州南路1段與杭州南路1段14巷口	25.0397711	121.5255809	0	0	3	4	8	5	5	14	9	1	5	4	5	13	4	4	10	4	5	2	13	1	9	1	6	2	10	1		1	2	11	
113	6	29	21	39	臺北市	大安區	大安區新生南路2段與金華街口	25.0306345	121.5339254	0	0	1	2	8	5	5	22	20	2	5	4	5	13	4	4	10	5	5	2	10	1	9	6	5	1	10	1		1	3	11	
113	6	29	21	47	臺北市	北投區	北投區公館路與公館路423巷8弄口	25.12083949	121.5025004	0	0	2	3	7	5	5	3	2	1	5	4	5	13	4	4	9	4	5	1	17	1	6	1	5	1	10	1		2	3	13	
113	6	29	23	40	臺北市	中山區	中山區北安路與大直街口口	25.0798833	121.5471771	0	0	1	2	7	5	5	14	9	1	5	4	5	13	2	1	5	5	5	2	12	1	9	1	7	1	8	1		1	3	2	
113	6	30	3	24	臺北市	中山區	中山區錦西街3號	25.0603572	121.5219181	0	0	1	2	8	5	5	14	9	1	5	4	5	13	4	4	9	5	5	2	12	1	9	1	6	1	10	1		1	2	12	
113	6	30	6	26	臺北市	北投區	北投區文林北路94巷與明德路18巷口	25.10835473	121.511223	0	0	1	2	7	6	5	14	9	1	5	4	5	13	4	4	9	5	5	2	16	1	6	1	5	1	10	1		1	2	11	
113	6	30	6	59	臺北市	文山區	文山區興隆路4段與興隆路4段145巷口	24.984945	121.5615928	0	0	1	2	8	7	5	4	1	1	5	4	5	13	4	4	10	5	5	2	17	4	5	1	3	2	8	1		1	3	5	
113	6	30	7	0	臺北市	南港區	南港區市民大道7段與中坡北路口口	25.048941	121.5801778	0	0	1	2	8	6	5	4	1	1	5	4	5	13	2	1	1	3	4	1	16	4	5	1	3	2	8	1		2	3	2	
113	6	30	7	13	臺北市	萬華區	萬華區富民路119號	25.01786712	121.5001031	0	0	1	2	8	6	5	14	9	1	5	4	5	13	4	4	7	4	5	1	9	1	9	8	3	9	20	2		2	3	15	
113	6	30	8	40	臺北市	文山區	文山區秀明路1段與秀明路1段119巷口	24.9916702	121.5698187	0	0	1	2	8	7	5	14	9	1	5	4	5	13	3	1	1	4	5	2	13	4	9	1	3	1	10	1		1	2	11	
113	6	30	8	56	臺北市	萬華區	萬華區華江橋往台北市機慢車道001028燈桿	25.03550631	121.4877904	0	0	1	2	8	6	5	8	8	1	5	4	5	13	4	4	1	4	1	2	12	1	9	1	6	1	11	1		2	2	12	
113	6	30	9	11	臺北市	中山區	中山區劍南路與劍南路326巷口	25.08986437	121.5514735	0	0	1	2	8	5	5	3	1	1	5	4	5	13	4	4	10	5	5	2	10	1	9	1	7	1	8	1		2	3	1	
113	6	30	9	20	臺北市	中山區	中山區興安街與合江街口	25.0561157	121.5390838	0	0	2	3	8	7	5	4	1	1	5	4	5	13	1	1	9	4	5	2	12	1	9	1	5	1	10	1		1	3	11	
113	6	30	9	25	臺北市	信義區	信義區大道路143號	25.0388541	121.5833696	0	0	2	3	8	7	5	14	9	1	5	4	5	13	4	4	5	5	5	2	17	4	11	1	3	2	8	1		1	3	17	
113	6	30	9	40	臺北市	信義區	信義區莊敬路391巷與莊敬路391巷2弄口	25.0279139	121.5656643	0	0	1	2	8	6	5	4	1	1	5	4	5	13	4	4	10	5	5	2	15	1	9	1	7	1	8	1		1	3	1	
113	6	30	9	42	臺北市	北投區	北投區中央南路1段與光明路口	25.1331321	121.5015314	0	0	1	2	8	6	5	14	9	1	5	4	5	13	3	1	9	4	5	2	12	1	9	1	7	1	8	1		2	3	8	
113	6	30	9	51	臺北市	大安區	大安區基隆路2段與敦化南路2段口	25.02083462	121.5484234	0	0	1	2	8	5	5	4	1	1	5	4	5	13	2	1	8	3	1	1	16	1	6	1	7	1	8	1		1	3	2	
113	6	30	10	13	臺北市	北投區	北投區承德路7段與立賢路口	25.1162591	121.5048104	0	0	2	2	8	6	5	14	9	1	5	4	5	13	1	1	1	4	5	2	17	1	6	1	5	2	10	1		1	2	12	
113	6	30	10	15	臺北市	士林區	士林區永公路與菁山路口	25.1365222	121.5421011	0	0	2	3	8	6	5	3	2	1	5	4	5	13	4	4	5	5	5	2	17	4	1	1	3	1	8	1		1	3	4	
113	6	30	10	15	臺北市	士林區	士林區至善路2段與故宮路口	25.09803728	121.546497	0	0	1	2	8	7	5	5	1	1	5	4	5	13	1	1	1	4	5	2	17	4	6	1	3	1	8	1		2	3	2	
113	6	30	10	17	臺北市	內湖區	內湖區內湖路1段411巷9弄與內湖路1段411巷口	25.0821578	121.5711136	0	0	1	2	8	7	5	4	1	1	5	4	5	13	4	4	4	5	5	1	15	1	9	1	6	1	10	1		1	2	11	
113	6	30	10	20	臺北市	中山區	中山區復興北路478號	25.0648425	121.5441931	0	0	4	4	8	7	5	14	9	1	5	4	5	13	4	4	1	4	5	2	13	4	9	1	6	2	10	1		1	2	11	
113	6	30	10	20	臺北市	文山區	文山區辛亥路6段與木柵路1段口	24.9879687	121.5522722	0	0	2	3	8	7	5	4	1	1	5	4	5	13	2	1	1	4	5	2	17	4	6	1	3	1	8	1		1	3	2	
113	6	30	10	48	臺北市	士林區	士林區凱旋路與國泰街口	25.136721	121.5454123	0	0	1	3	8	6	5	3	2	1	5	4	5	10	4	4	10	5	5	2	9	4	9	1	3	1	8	1		1	3	5	
113	6	30	10	49	臺北市	中山區	中山區天津街68號與中山北路1段135巷口	25.05152055	121.5233646	0	0	1	2	8	6	5	3	1	1	5	4	5	13	4	4	10	3	5	1	17	1	9	1	7	1	8	1		1	3	1	
113	6	30	11	18	臺北市	北投區	北投區大度路3段與關渡路口	25.1228974	121.4694415	0	0	1	2	8	6	5	3	1	1	5	4	5	13	1	1	10	5	5	2	16	1	6	1	7	2	8	1		1	3	5	
113	6	30	11	35	臺北市	萬華區	萬華區西園路1段與桂林路口	25.0384483	121.4997499	0	0	2	3	8	5	5	4	1	1	5	4	5	13	1	1	10	5	5	2	17	4	5	1	3	1	10	1		2	2	14	
113	6	30	11	50	臺北市	文山區	文山區景興路153巷與景興路153巷14弄口	24.9937859	121.545326	0	0	1	2	8	6	5	4	1	1	5	4	5	13	4	4	10	5	5	2	15	1	9	1	7	2	8	1		1	3	5	
113	6	30	13	0	臺北市	中正區	中正區思源街與台大水源校區無名巷	25.01359742	121.5302376	0	0	1	2	8	6	5	3	1	1	5	4	5	13	2	1	2	4	4	1	16	1	6	1	7	2	8	1		2	3	5	
113	6	30	13	18	臺北市	中山區	中山區復興北路與南京東路3段口	25.05194301	121.5439556	0	0	2	2	8	5	5	4	1	1	5	4	5	13	2	1	1	5	5	1	16	4	8	1	3	1	10	1		1	2	12	
113	6	30	14	13	臺北市	文山區	文山區興隆路3段與萬芳路口	24.9967734	121.5598472	0	0	1	2	8	6	5	4	1	1	5	4	5	13	2	1	1	4	5	2	16	1	5	1	7	1	8	1		2	3	8	
113	6	30	14	16	臺北市	萬華區	萬華區萬大路388號前	25.0218724	121.4987024	0	0	1	2	8	5	8	22	22	1	5	4	5	13	4	4	10	5	5	2	17	4	15	1	3	1	10	1		1	2	11	
113	6	30	14	18	臺北市	大同區	大同區南京西路與太原路口口	25.0535825	121.5161188	0	0	1	2	7	6	5	4	1	1	5	4	5	13	2	1	1	5	5	2	16	1	5	1	7	1	8	1		1	3	5	
113	6	30	14	39	臺北市	士林區	士林區延平北路7段106巷與延平北路7段106巷口台北花卉村停車場出入口處	25.095177	121.5003455	0	0	1	2	8	5	5	3	2	1	5	4	5	13	3	1	10	5	5	2	16	1	5	1	7	1	8	1		1	3	8	
113	6	30	14	40	臺北市	大同區	大同區民權西路與民權西路口加油站入口	25.0628817	121.514031	0	0	1	2	8	6	5	5	2	1	5	4	5	13	4	4	1	5	5	2	16	1	6	1	6	1	10	1		1	3	12	
113	6	30	14	42	臺北市	文山區	文山區木新路3段74巷15號	24.9835457	121.5631363	0	0	1	2	8	7	5	14	9	1	5	4	5	13	4	4	9	5	5	2	16	1	15	1	5	1	10	1		1	3	11	
113	6	30	14	50	臺北市	中正區	中正區金華街26號	25.031478	121.52093	0	0	1	2	7	7	5	14	9	1	5	4	5	13	4	4	9	5	5	2	12	1	4	1	7	2	8	1		1	3	5	
113	6	30	15	10	臺北市	信義區	信義區信義路5段18號	25.0329146	121.5636868	0	0	1	2	7	6	8	22	22	1	5	4	5	13	1	1	1	4	5	2	9	1	9	1	7	2	8	1		1	3	5	
113	6	30	15	24	臺北市	內湖區	內湖區瑞光路與江南街71巷16弄口	25.075152	121.5770386	0	0	2	2	6	7	5	4	1	1	4	4	5	13	1	1	4	4	5	1	17	1	6	1	6	1	10	1		1	2	12	
113	6	30	15	51	臺北市	內湖區	內湖區民權東路6段136巷與民權東路6段136巷46弄口附近	25.06673093	121.5877432	0	0	1	2	8	6	5	3	2	1	5	4	5	13	4	4	9	4	5	2	16	1	5	1	5	1	10	1		1	3	12	
113	6	30	15	54	臺北市	大安區	大安區忠孝東路4段177號	25.0416	121.5506825	0	0	2	3	6	6	5	14	9	1	4	4	5	13	4	4	1	4	5	2	17	4	8	1	3	1	4	1		1	3	5	
113	6	30	16	45	臺北市	信義區	信義區松勇路31號	25.0374138	121.5697941	0	0	1	2	7	7	8	22	22	1	5	4	5	13	4	4	9	4	5	2	17	1	9	8	4	1	20	2		4	2	12	
113	6	30	17	12	臺北市	士林區	士林區中山北路7段52號前	25.1205939	121.5312543	0	0	1	2	8	7	5	14	9	1	5	4	5	13	4	4	1	4	5	2	13	1	9	1	6	1	10	1		1	2	11	
113	6	30	17	51	臺北市	大安區	大安區復興南路1段66號	25.0444972	121.5437796	0	0	1	3	8	6	5	14	9	1	5	4	5	13	4	4	1	4	5	2	17	1	9	1	5	1	10	1		2	2	11	
113	6	30	18	8	臺北市	松山區	松山區長安東路2段與復興北路口	25.04827739	121.5440697	0	0	4	4	8	5	5	4	1	1	5	4	5	13	1	1	9	4	5	2	17	4	8	1	6	1	10	1		2	2	12	
113	6	30	18	16	臺北市	士林區	士林區忠誠路2段天母運動公園前	25.1151679	121.5332752	0	0	1	2	8	5	5	14	8	1	5	4	5	13	4	4	1	4	4	2	17	4	9	1	3	1	8	1		1	3	1	
113	6	30	19	8	臺北市	士林區	士林區中正路與士商路口	25.0923822	121.5187079	0	0	1	2	8	5	5	4	2	1	5	4	5	13	2	1	3	4	5	1	3	4	5	1	3	1	8	1		1	3	8	
113	6	30	19	29	臺北市	士林區	士林區天母東路69巷與天母東路69巷12弄口	25.1188657	121.5343633	0	0	1	2	8	5	5	3	1	1	5	4	5	13	4	4	5	5	5	2	13	1	9	1	6	1	10	1		1	2	11	
113	6	30	20	26	臺北市	松山區	松山區復興南路1段43號	25.045331	121.5439294	0	0	1	2	8	5	5	14	9	1	5	4	5	13	4	4	1	4	5	1	6	5	18	8	4	1	20	1		1	2	16	
113	6	30	21	51	臺北市	信義區	信義區松仁路與松廉路口	25.0340438	121.5682051	0	0	1	2	8	5	5	3	2	1	5	4	5	13	4	4	1	3	5	2	16	4	6	1	3	1	8	1		1	3	5	
113	6	30	22	31	臺北市	士林區	士林區基河路與承德路4段77巷口	25.08193876	121.5241767	0	0	2	4	8	5	5	3	2	1	5	4	5	13	3	1	9	5	5	1	15	1	9	8	4	1	20	1		1	3	14	
113	6	30	23	52	臺北市	內湖區	內湖區瑞光路與瑞光路258巷口	25.07574342	121.576076	0	0	1	2	8	5	5	4	1	1	5	4	5	13	1	1	8	3	5	1	15	1	9	1	7	1	8	1		1	3	2	
113	7	1	0	5	臺北市	文山區	文山區試院路144巷與試院路144巷2弄口口	24.9901903	121.5472738	0	0	1	3	8	5	5	3	1	1	5	4	5	13	4	4	10	5	5	2	14	1	2	1	7	2	4	1		2	3	3	
113	7	1	4	6	臺北市	信義區	信義區信安街67巷與嘉興街181巷口	25.0260494	121.5576039	0	0	2	2	8	5	5	4	2	1	5	4	5	13	1	1	4	3	5	2	16	1	5	1	6	1	10	1		1	2	11	
113	7	1	6	1	臺北市	士林區	士林區雨農路與中正路口	25.0965311	121.5319638	0	0	1	2	8	5	5	5	1	1	5	4	5	13	2	1	1	1	5	1	3	1	6	1	7	1	4	1		1	3	5	
113	7	1	7	6	臺北市	南港區	南港區成福路與成福路107巷口口	25.0422586	121.58723	0	0	1	2	8	7	5	4	1	1	5	4	5	13	4	4	5	4	5	2	16	1	5	1	7	1	8	1		1	3	8	
113	7	1	7	39	臺北市	大安區	大安區建國南路1段與建國南路1段304巷口	25.0357895	121.5374852	0	0	1	3	8	7	5	3	1	1	5	4	3	10	4	4	10	3	5	1	13	1	10	1	5	1	10	1		2	2	11	
113	7	1	8	4	臺北市	大同區	大同區延平北路4段與民族西路口	25.0688013	121.5108765	0	0	1	2	8	6	5	5	1	1	5	4	5	13	2	1	5	4	5	2	17	4	9	3	5	2	18	1		1	3	12	
113	7	1	8	5	臺北市	大同區	大同區環河北路1段與涼州街口	25.0605419	121.5085324	0	0	2	6	8	5	5	3	2	1	5	4	5	13	4	4	1	4	4	2	13	1	7	6	7	1	4	1		1	3	17	
113	7	1	8	27	臺北市	大同區	大同區南京西路76號	25.0530858	121.5183591	0	0	2	3	8	6	5	14	9	1	5	4	5	13	4	4	1	4	5	2	17	4	21	7	3	11	19	2		1	4	15	
113	7	1	8	30	臺北市	中山區	中山區南京東路3段210號	25.05178995	121.5433639	0	0	1	2	8	5	5	14	7	1	5	4	5	13	4	4	1	4	4	2	12	1	9	1	6	1	10	1		1	3	12	
113	7	1	8	42	臺北市	內湖區	內湖區東湖路與東湖路7巷口	25.0688885	121.612555	0	0	1	2	8	6	5	3	1	1	5	4	5	13	4	4	5	4	5	2	14	1	2	1	7	1	8	1		1	3	3	
113	7	1	8	43	臺北市	大同區	大同區南京西路與南京西路302巷口	25.0539655	121.5135087	0	0	1	2	8	6	5	4	1	1	5	4	5	13	4	4	5	4	5	2	15	4	9	1	6	1	10	1		1	3	12	
113	7	1	8	45	臺北市	中正區	中正區忠孝東路1段17號	25.0447177	121.5241284	0	0	1	3	8	6	5	14	9	1	5	4	5	13	4	4	3	4	5	2	13	1	9	1	6	1	10	1		1	2	11	
113	7	1	8	46	臺北市	南港區	南港區南港路3段232號	25.0527904	121.5855674	0	0	1	2	8	6	5	14	9	1	5	4	5	13	4	4	4	3	5	2	17	4	7	1	3	2	4	1		1	3	3	
113	7	1	8	55	臺北市	中山區	中山區北安路與明水路口	25.0857355	121.5524509	0	0	1	2	8	5	5	5	2	1	5	4	5	13	2	1	3	4	5	2	17	4	4	1	3	1	10	1		1	2	14	
113	7	1	9	6	臺北市	中正區	中正區永春街258號前	25.0132734	121.5276428	0	0	1	2	8	6	5	14	9	1	5	4	4	12	4	4	10	5	5	1	29	1	9	1	5	2	11	1		3	2	14	
113	7	1	9	6	臺北市	士林區	士林區中山北路5段與雙溪街口	25.1007917	121.5262345	0	0	1	2	8	5	5	5	1	1	5	4	5	13	3	1	5	5	5	2	16	1	6	1	5	1	10	1		1	2	11	
113	7	1	9	11	臺北市	松山區	松山區光復南路與八德路4段口	25.0480755	121.557912	0	0	2	2	8	6	5	4	1	1	5	4	5	13	2	1	1	4	5	2	12	1	7	1	6	2	10	1		1	2	12	
113	7	1	9	30	臺北市	中山區	中山區北安路與北安路630巷口	25.0828572	121.5490565	0	0	1	2	8	5	5	4	1	1	5	4	5	13	1	1	1	4	5	2	16	1	5	1	7	1	8	1		1	3	5	
113	7	1	9	34	臺北市	內湖區	內湖區行善路158號	25.0578579	121.5781655	0	0	1	2	8	7	5	14	9	1	5	4	5	13	4	4	8	3	4	2	17	1	11	1	7	1	8	1		1	3	5	
113	7	1	9	34	臺北市	士林區	士林區延平北路5段與延平北路5段163巷口	25.0827777	121.5101764	0	0	1	3	8	7	5	3	2	1	5	4	5	13	1	1	1	4	5	2	17	4	5	8	4	2	20	1		1	3	17	
113	7	1	9	36	臺北市	士林區	士林區承德路5段80號	25.0950881	121.5141557	0	0	2	2	8	5	5	14	8	1	5	4	5	13	4	4	3	5	4	1	17	1	1	1	7	1	8	1		1	2	4	
113	7	1	9	40	臺北市	內湖區	內湖區港墘路221巷35號	25.0738135	121.5744561	0	0	1	2	8	6	5	3	1	1	5	4	5	13	4	4	5	5	5	2	17	1	5	1	7	1	8	1		1	3	1	
113	7	1	9	52	臺北市	大安區	大安區復興南路2段319號	25.0241766	121.5434946	0	0	1	3	8	7	5	14	8	1	5	4	4	13	4	4	1	3	4	1	13	1	9	1	5	1	10	1		2	2	14	
113	7	1	10	4	臺北市	內湖區	內湖區康寧路1段與星雲街口	25.07943328	121.5937116	0	0	2	2	8	6	5	4	1	1	5	4	5	13	2	1	5	4	5	2	16	1	5	1	5	2	10	1		2	2	14	
113	7	1	10	4	臺北市	大安區	大安區羅斯福路3段37號	25.0233734	121.5253088	0	0	1	3	8	7	5	14	9	1	5	4	5	13	2	1	1	4	5	2	13	4	9	1	3	1	10	1		2	2	11	
113	7	1	10	12	臺北市	松山區	松山區敦化北路341號	25.06000677	121.5503023	0	0	1	2	8	6	5	14	8	1	5	4	5	13	4	4	1	3	4	2	9	1	9	1	7	1	2	1		1	3	10	
113	7	1	10	48	臺北市	文山區	文山區仙岩路與仙岩路58巷口	24.9996117	121.549627	0	0	1	2	8	6	5	4	1	1	5	4	5	13	4	4	9	5	5	2	16	1	11	1	7	2	4	1		1	3	8	
113	7	1	10	54	臺北市	北投區	北投區承德路7段與公館路口	25.1193586	121.5018537	0	0	1	2	8	5	5	14	9	1	4	4	5	13	1	1	1	4	4	2	13	1	9	1	5	2	10	1		1	2	11	
113	7	1	11	8	臺北市	大安區	大安區和平東路2段64號	25.0254299	121.5386904	0	0	1	2	8	6	5	14	9	1	5	4	5	13	1	1	1	4	5	2	12	4	4	1	5	1	10	1		1	3	14	
113	7	1	11	44	臺北市	內湖區	內湖區內湖路1段737巷與麗山街62巷口	25.0815749	121.5791941	0	0	1	5	8	7	5	3	1	1	5	4	5	13	4	4	4	5	5	1	17	1	5	1	7	1	8	1		1	3	4	
113	7	1	11	50	臺北市	中正區	中正區市民大道2段與天津街口	25.04781867	121.522374	0	0	1	2	8	6	5	4	1	1	5	4	5	13	2	1	1	4	5	2	16	1	6	1	7	9	4	1		1	3	2	
113	7	1	12	24	臺北市	士林區	士林區德行西路與福華路口	25.104682	121.5219733	0	0	1	2	7	6	5	14	9	1	5	4	5	13	2	1	1	4	5	1	17	1	5	1	5	1	10	1		2	2	13	
113	7	1	12	50	臺北市	士林區	士林區文林路235號	25.090706	121.5268628	0	0	1	2	7	5	8	22	22	1	5	4	5	13	4	4	5	5	5	1	17	1	11	1	7	1	8	1		1	3	4	
113	7	1	13	13	臺北市	文山區	文山區光輝路71巷與光輝路口	24.98493649	121.5565907	0	0	1	2	8	6	5	3	2	2	5	4	5	13	4	4	5	4	5	2	17	4	9	1	5	2	10	1		2	2	11	
113	7	1	14	0	臺北市	中山區	中山區南京東路2段與松江路口	25.05185231	121.5328863	0	0	1	2	6	5	5	4	1	1	4	4	5	13	1	1	1	4	4	2	16	1	5	1	7	1	8	1		2	3	1	
113	7	1	14	5	臺北市	中正區	中正區重慶南路1段與忠孝西路1段口	25.04701357	121.5141481	0	0	1	2	6	7	5	4	2	1	4	4	5	13	1	1	1	4	1	2	3	1	5	1	7	2	8	1		1	3	8	
113	7	1	14	10	臺北市	松山區	松山區光復北路與光復北路190巷口	25.0545155	121.5559435	0	0	1	2	6	6	5	4	2	1	4	4	5	13	1	1	4	3	5	2	17	1	9	1	5	1	10	1		1	2	11	
113	7	1	14	11	臺北市	內湖區	內湖區潭美街287號	25.0576967	121.588461	0	0	2	2	7	7	5	14	9	1	4	4	5	13	1	1	4	5	5	2	17	1	1	1	6	1	10	1		2	2	14	
113	7	1	14	16	臺北市	萬華區	萬華區桂林路與華西街29巷1弄口	25.0384988	121.4992156	0	0	2	2	6	6	5	4	1	1	4	4	5	13	2	1	5	4	5	2	17	1	5	1	6	1	10	1		1	2	13	
113	7	1	14	35	臺北市	士林區	士林區大西路與大北路口	25.0903979	121.5243444	0	0	1	2	6	6	5	4	2	1	4	4	5	13	4	4	10	5	5	2	9	5	20	8	4	10	20	1		1	2	16	
113	7	1	14	51	臺北市	內湖區	內湖區陽光街68巷152弄與陽光街口	25.075004	121.5829591	0	0	1	2	6	6	5	3	1	1	4	4	5	13	4	4	9	4	5	2	16	1	5	1	7	1	8	1		1	3	2	
113	7	1	15	38	臺北市	大安區	大安區新生南路3段19巷與和平東路2段18巷口	25.0249577	121.5359216	0	0	1	2	6	6	5	4	1	1	4	4	5	13	4	4	10	5	5	2	15	1	9	1	5	1	10	1		1	2	14	
113	7	1	16	15	臺北市	萬華區	萬華區環河南路3段與萬大路口	25.0168538	121.4955614	0	0	1	2	6	6	5	4	1	1	4	4	5	13	2	1	1	5	4	2	16	4	6	1	3	1	8	1		1	3	5	
113	7	1	16	18	臺北市	南港區	南港區研究院路2段南往北中研新村公車停靠區	25.0455198	121.6153724	0	0	1	2	7	7	5	14	9	1	5	4	5	13	4	4	3	4	5	2	9	1	1	1	7	1	1	2		1	3	17	
113	7	1	16	35	臺北市	文山區	文山區木柵路5段100-1號	25.00068867	121.589603	0	0	1	2	6	6	5	14	9	2	4	4	5	13	4	4	5	4	5	2	17	4	9	1	5	2	10	1		2	2	12	
113	7	1	17	20	臺北市	內湖區	內湖區民權東路6段191巷與民權東路6段191巷62弄口	25.06934456	121.5988251	0	0	1	2	6	6	5	3	1	1	4	4	5	13	2	1	8	3	5	1	16	1	1	1	7	1	8	1		1	3	4	
113	7	1	17	34	臺北市	大同區	大同區民生西路與民生西路171巷口	25.057276	121.5172424	0	0	1	2	7	6	5	3	2	1	5	4	5	13	4	4	4	4	5	2	16	4	5	1	3	1	9	1		1	2	12	
113	7	1	17	55	臺北市	士林區	士林區通河西街2段與通河西街2段口社子棒球場對面	25.0935097	121.5056984	0	0	1	2	6	7	5	14	9	1	4	4	5	13	4	4	8	4	5	2	12	1	4	3	6	1	18	1		2	2	14	
113	7	1	18	17	臺北市	中正區	中正區南海路與重慶南路2段口	25.0318576	121.5143701	0	0	1	3	6	5	5	4	1	1	4	4	5	13	1	1	1	4	5	2	17	1	9	1	7	1	8	1		1	3	5	
113	7	1	18	43	臺北市	中正區	中正區忠孝西路1段與中山北路1段口	25.0455765	121.5194511	0	0	1	2	6	5	8	22	22	1	4	4	5	13	2	1	3	4	3	2	10	1	12	1	6	2	10	1		1	2	11	
113	7	1	19	19	臺北市	中正區	中正區中正橋下橋處	25.0214629	121.5164353	0	0	1	2	6	6	5	8	9	1	4	4	1	13	4	4	3	4	5	2	12	1	9	1	7	2	8	1		2	3	2	