年	月	日	時	分	縣市	行政區	allLocation	GoogleLat	GoogleLng	死	2-30	受傷	當事人數	天候	道路照明設備	道路類別	道路型態	事故位置	路面狀況1	路面狀況2	路面狀況3	道路障礙1	道路障礙2	號誌1	號誌2	車道劃分-分向	車道劃分-分道1	車道劃分-分道2	車道劃分-分道3	事故類型及型態	行動電話	當事者行動狀態	駕駛資格情形	保護裝置	飲酒情形	駕駛執照種類	個人肇逃否	肇因碼-主要	性別	受傷程度	車輛撞擊部位1	車輛撞擊部位2
113	7	1	19	30	臺北市	南港區	南港區市民大道8段與興中路口	25.0534357	121.607668	0	0	1	2	6	5	5	4	1	1	4	4	5	13	1	1	4	2	5	2	16	1	5	1	7	1	8	1		1	3	8	
113	7	1	19	55	臺北市	信義區	信義區松仁路與松勤街口	25.0319306	121.5682327	0	0	1	2	8	5	5	4	1	1	5	4	5	13	1	1	9	4	5	2	17	1	5	1	7	1	8	1		1	3	8	
113	7	1	20	15	臺北市	信義區	信義區吳興街156巷38號	25.02825272	121.5599608	0	0	1	2	8	5	5	14	9	1	5	4	5	13	4	4	4	5	5	2	13	1	9	1	6	1	10	1		1	3	11	
113	7	1	20	19	臺北市	中山區	中山區中山北路2段與民生東路1段口	25.05778855	121.522992	0	0	1	2	7	5	5	4	2	1	5	4	5	13	1	1	9	4	5	2	17	1	12	7	6	11	19	1		1	4	13	
113	7	1	20	19	臺北市	大安區	大安區金山南路2段191號	25.0283393	121.5262914	0	0	1	2	6	5	5	14	9	1	4	4	5	13	4	4	1	4	5	2	18	1	12	1	5	9	10	1		1	2	15	
113	7	1	20	28	臺北市	中山區	中山區市民大道2段65號前	25.0463383	121.5300926	0	0	1	2	7	5	5	14	9	1	5	4	5	13	4	4	1	4	5	2	13	4	9	1	3	1	10	1		1	2	11	
113	7	1	20	37	臺北市	南港區	南港區向陽路162巷與重陽路39巷口	25.0560277	121.595328	0	0	2	2	7	5	5	4	1	1	5	4	5	13	4	4	5	2	5	2	15	1	9	1	6	2	10	1		2	2	14	
113	7	1	20	40	臺北市	大同區	大同區西寧北路43號	25.05374493	121.5087597	0	0	1	2	8	5	5	14	9	1	4	4	5	13	4	4	8	4	5	2	12	1	9	3	7	1	18	1		1	3	6	
113	7	1	20	46	臺北市	萬華區	萬華區西園路2段103號	25.0301882	121.4965385	0	0	1	5	7	5	5	22	25	4	5	4	5	13	4	4	10	5	5	2	9	5	18	8	4	10	20	1		2	2	16	
113	7	1	22	10	臺北市	文山區	文山區辛亥路7段與忠順街1段口	24.9832017	121.5540836	0	0	1	2	7	5	5	3	1	1	4	4	5	13	1	1	5	5	4	2	16	1	6	1	7	2	8	1		1	3	2	
113	7	1	23	16	臺北市	中山區	中山區長安東路2段與吉林路口	25.04856115	121.529897	0	0	1	2	7	5	5	5	1	1	5	4	5	13	1	1	5	4	5	2	12	4	8	1	3	2	10	1		2	2	14	
113	7	1	23	30	臺北市	中山區	中山區中山北路2段與南京西路口側附近口	25.052085	121.5224815	0	0	1	2	7	5	5	4	1	1	5	4	5	13	1	1	5	4	4	2	17	4	9	1	3	1	8	1		1	3	2	
113	7	2	4	30	臺北市	信義區	信義區松仁路、信義國中旁	25.0296225	121.5683668	0	0	2	2	8	5	5	14	9	1	5	4	5	13	4	4	9	4	5	2	3	5	16	8	4	1	20	1		2	2	16	
113	7	2	5	12	臺北市	北投區	北投區承德路7段與公館路口	25.1195804	121.5015583	0	0	1	3	8	5	5	4	1	1	5	4	5	13	1	1	1	4	4	2	16	1	9	6	7	2	8	1		1	3	1	
113	7	2	6	28	臺北市	萬華區	萬華區萬大路277巷與萬大路277巷14弄口	25.0254017	121.5010872	0	0	3	3	8	6	7	4	1	1	5	4	5	13	4	4	10	5	5	1	15	1	9	1	5	1	10	1		2	2	14	
113	7	2	6	39	臺北市	中正區	中正區中山北路1段與北平西路口	25.0473118	121.5202526	0	0	1	2	8	6	5	4	1	1	5	4	5	9	1	1	8	4	1	1	16	1	5	1	7	2	8	1		2	3	2	
113	7	2	7	30	臺北市	南港區	南港區玉成街與成福路口	25.0430578	121.5867614	0	0	2	2	8	7	5	3	2	1	5	4	5	13	4	4	5	5	5	2	3	1	9	1	5	1	10	1		1	2	14	
113	7	2	7	30	臺北市	大同區	大同區台北橋機慢車道西往東	25.0634555	121.5068673	0	0	2	3	8	6	5	14	11	1	5	4	5	13	4	4	10	5	5	2	17	1	9	1	6	1	10	1		2	3	12	
113	7	2	7	36	臺北市	松山區	松山區民族東路724號	25.06337574	121.5482223	0	0	1	2	8	6	5	14	9	1	4	4	5	13	4	4	5	5	5	2	12	4	1	1	3	2	8	1		2	3	2	
113	7	2	7	45	臺北市	文山區	文山區新光路1段與新光路1段159巷口	24.9925993	121.5738093	0	0	1	2	8	6	5	3	2	1	5	4	5	13	1	1	10	5	4	2	16	1	5	1	7	2	8	1		2	3	8	14
113	7	2	7	49	臺北市	大安區	大安區光復南路與光復南路628巷口	25.0315803	121.5573573	0	0	1	2	8	7	5	3	1	1	5	4	5	13	4	4	10	3	4	1	17	4	6	1	3	1	8	1		2	3	7	
113	7	2	7	55	臺北市	信義區	信義區中坡南路與忠孝東路5段790巷59弄口	25.0409493	121.5849238	0	0	1	2	8	6	5	5	2	1	5	4	5	13	1	1	5	2	5	2	17	1	9	1	7	1	8	1		1	3	8	
113	7	2	8	0	臺北市	內湖區	內湖區瑞光路與瑞光路513巷口	25.07912048	121.5689419	0	0	1	2	8	6	5	4	1	1	5	4	5	13	1	1	10	4	5	2	16	1	5	1	5	1	10	1		2	2	14	
113	7	2	8	14	臺北市	松山區	松山區撫遠街與新東街30巷口	25.05981084	121.5678396	0	0	3	3	8	7	5	4	1	1	5	4	5	13	2	1	9	4	5	2	17	1	5	1	6	2	10	1		1	2	14	
113	7	2	8	22	臺北市	內湖區	內湖區內湖路1段230號	25.08250614	121.5649364	0	0	2	3	8	6	5	14	7	1	5	4	5	13	4	4	1	4	4	2	13	1	9	1	6	1	9	1		1	2	11	
113	7	2	8	30	臺北市	信義區	信義區吳興街與吳興街467巷口	25.0237208	121.5691037	0	0	2	2	8	7	5	4	1	1	5	4	5	13	4	4	10	5	5	2	16	4	5	1	3	1	10	1		1	2	14	
113	7	2	8	39	臺北市	中正區	中正區臨沂街29巷與臨沂街口	25.04011368	121.5299244	0	0	1	2	8	6	5	4	1	1	5	4	5	13	4	4	10	5	5	2	15	1	9	1	5	2	10	1		2	2	12	
113	7	2	8	49	臺北市	中正區	中正區新生南路1段與新生南路1段120巷口	25.03901234	121.5325823	0	0	1	2	8	5	5	3	2	1	5	4	5	13	4	4	1	4	5	2	17	1	5	1	7	1	8	1		1	3	5	
113	7	2	8	50	臺北市	大安區	大安區復興南路2段151巷30弄與復興南路2段151巷口	25.0282602	121.5453086	0	0	1	2	8	6	5	3	18	1	5	4	5	13	4	4	5	5	5	2	3	4	5	1	3	2	4	1		1	3	4	
113	7	2	9	5	臺北市	大同區	大同區台北橋機車道701074燈桿	25.0630971	121.5106117	0	0	1	2	8	5	5	14	11	1	5	4	5	13	4	4	10	4	5	2	13	1	1	3	7	2	18	1		1	3	3	
113	7	2	9	10	臺北市	大同區	大同區大龍街85巷與大龍街89巷口	25.0668713	121.5165882	0	0	1	3	8	6	5	3	1	1	5	4	5	13	4	4	10	5	5	2	9	5	20	8	7	10	20	1		1	3	16	
113	7	2	9	10	臺北市	萬華區	萬華區武成街與武成街80巷口	25.01942984	121.4944684	0	0	1	2	8	7	5	4	1	1	5	4	5	13	4	4	10	5	5	2	17	4	21	7	3	9	19	2		2	4	15	
113	7	2	9	25	臺北市	信義區	信義區虎林街82巷9號	25.043299	121.5767646	0	0	1	2	8	7	5	14	9	1	5	4	5	13	4	4	9	5	5	2	3	1	9	8	4	1	20	1		2	2	12	
113	7	2	9	51	臺北市	大安區	大安區新生南路3段與辛亥路2段口	25.0223116	121.5345138	0	0	2	5	8	7	5	4	1	1	5	4	5	13	2	1	1	3	4	1	12	1	9	1	5	11	10	2		1	4	14	
113	7	2	10	40	臺北市	中山區	中山區濱江街371號	25.07233602	121.5510425	0	0	1	3	8	7	5	11	8	1	5	4	5	13	4	4	1	4	4	2	17	4	8	1	3	2	8	1		2	3	17	
113	7	2	10	44	臺北市	內湖區	內湖區陽光街與港墘路221巷口	25.0726192	121.5751278	0	0	1	2	8	7	5	3	1	1	5	4	5	13	4	4	4	5	5	1	16	1	7	1	6	1	10	1		2	2	14	
113	7	2	11	30	臺北市	信義區	信義區松智路與松高路口	25.0391894	121.5655021	0	0	2	2	8	5	5	3	1	1	5	4	5	13	2	1	10	5	5	2	15	1	9	1	5	1	10	1		1	2	11	
113	7	2	11	33	臺北市	中正區	中正區館前路與信陽街口	25.04463973	121.5150225	0	0	1	2	8	7	5	3	1	1	5	4	5	13	4	4	10	5	5	2	1	1	2	3	7	2	18	1		1	3	3	
113	7	2	11	56	臺北市	內湖區	內湖區洲子街與瑞光路393巷口	25.0789795	121.5737352	0	0	1	2	8	6	6	14	9	1	5	4	5	13	4	4	9	4	5	2	12	4	15	1	3	1	8	1		2	3	7	
113	7	2	12	24	臺北市	松山區	松山區市民大道5段與東寧路口	25.047301	121.5628369	0	0	1	2	7	5	5	4	1	1	5	4	5	13	2	1	1	4	5	2	17	4	6	1	3	2	8	1		1	3	8	
113	7	2	12	25	臺北市	北投區	北投區光明路與新生巷口	25.1329441	121.5019779	0	0	1	2	8	6	5	14	9	1	5	4	5	13	4	4	10	5	5	2	1	1	9	3	5	9	18	1		2	3	14	
113	7	2	12	27	臺北市	中山區	中山區北安路619號	25.0828381	121.5488014	0	0	1	2	7	5	5	14	9	1	5	4	5	13	4	4	1	4	5	2	13	1	4	1	6	1	10	1		1	2	11	
113	7	2	12	35	臺北市	大同區	大同區承德路2段235號	25.061989	121.5184023	0	0	1	2	8	6	5	14	9	1	5	4	5	13	4	4	10	4	5	2	13	4	9	1	3	1	10	1		1	2	11	
113	7	2	12	50	臺北市	士林區	士林區文林路與中正路口	25.0949589	121.5246362	0	0	1	2	8	6	5	4	1	1	5	4	5	13	2	1	5	2	5	2	17	4	5	1	3	1	4	1		1	3	2	
113	7	2	12	52	臺北市	大安區	大安區基隆路3段與基隆路3段22巷口	25.0197138	121.5470795	0	0	1	2	8	5	5	14	9	1	5	4	5	13	4	4	1	4	5	2	13	1	9	1	7	1	8	1		1	3	5	
113	7	2	13	4	臺北市	內湖區	內湖區民權東路6段與堤頂大道1段口	25.06466027	121.5724564	0	0	1	3	7	6	5	4	1	1	4	4	5	13	1	1	1	4	5	2	15	1	9	1	7	1	8	1		1	3	2	
113	7	2	13	9	臺北市	中正區	中正區汀州路1段與三元街口	25.03068151	121.5072999	0	0	1	2	8	7	5	4	1	1	5	4	5	13	1	1	2	4	5	2	16	1	5	1	7	1	8	1		1	3	8	
113	7	2	13	38	臺北市	中山區	中山區民族東路49號	25.0683912	121.5347902	0	0	1	2	8	6	5	14	8	1	5	4	5	13	4	4	1	5	4	2	16	4	6	1	3	1	8	1		1	3	2	
113	7	2	13	56	臺北市	文山區	文山區木柵路4段與萬壽橋口	24.9916258	121.5710977	0	0	1	2	8	7	5	4	1	1	5	4	5	13	2	1	10	5	5	2	17	4	5	1	3	1	8	1		2	3	5	
113	7	2	14	10	臺北市	中正區	中正區中華路2段307巷與中華路2段315巷5弄口	25.0292199	121.5059033	0	0	1	2	8	7	5	4	1	1	5	4	5	13	4	4	9	4	5	2	15	1	9	1	5	1	10	1		1	2	11	
113	7	2	14	10	臺北市	信義區	信義區松高路16號	25.0391734	121.567452	0	0	1	3	8	5	5	14	9	1	5	4	5	13	4	4	10	4	5	2	17	1	14	1	7	1	4	1		1	3	2	
113	7	2	14	27	臺北市	中正區	中正區中華路1段與漢口街1段口	25.0450744	121.5093869	0	0	1	2	6	7	5	4	1	1	4	4	5	13	1	1	10	5	5	2	17	1	7	1	7	9	8	1		1	3	17	
113	7	2	14	49	臺北市	中山區	中山區敬業三路與樂群三路口	25.08260624	121.5562678	0	0	1	2	6	6	5	5	1	1	4	4	5	13	2	1	1	4	5	2	15	1	9	8	4	1	20	1		2	2	13	
113	7	2	15	40	臺北市	大同區	大同區大龍街146號	25.0676756	121.5159151	0	0	1	2	6	6	5	14	9	1	4	4	5	13	4	4	10	5	5	2	17	1	9	1	6	1	10	1		1	2	12	
113	7	2	16	10	臺北市	中山區	中山區長春路與建國北路2段口	25.05476452	121.5367232	0	0	1	2	8	7	6	4	1	1	5	4	5	13	2	1	5	2	5	2	17	1	5	1	7	1	8	1		2	3	15	
113	7	2	16	29	臺北市	大安區	大安區忠孝東路4段與延吉街口口	25.03733168	121.5445306	0	0	1	2	7	6	5	4	1	1	5	4	5	13	2	1	1	4	5	2	17	1	9	6	6	1	10	1		1	3	12	
113	7	2	16	37	臺北市	內湖區	內湖區港墘路75號	25.0808888	121.5779934	0	0	1	2	7	6	5	14	9	1	5	4	5	13	4	4	1	4	5	2	12	1	8	1	6	1	10	1		2	2	14	
113	7	2	16	43	臺北市	北投區	北投區中央北路3段40巷20弄與新興路158巷口	25.1392053	121.4859223	0	0	1	2	7	6	5	4	1	1	5	4	5	13	4	4	10	5	5	1	15	1	9	1	6	1	10	1		2	2	12	
113	7	2	16	52	臺北市	萬華區	萬華區中華路1段與南寧路口	25.03710858	121.5067467	0	0	2	2	8	7	5	5	1	1	5	4	5	13	1	1	1	4	5	2	17	1	9	1	5	1	10	1		1	2	11	
113	7	2	17	5	臺北市	大安區	大安區和平東路3段與基隆路2段口	25.0242535	121.5521424	0	0	1	2	6	6	5	5	1	1	4	4	5	13	4	4	10	5	5	2	17	1	1	1	7	1	8	1		1	3	2	
113	7	2	17	9	臺北市	大同區	大同區延平北路4段與酒泉街口	25.072063	121.5109306	0	0	2	2	8	6	5	5	1	1	5	4	5	13	2	1	5	4	5	2	13	1	9	1	6	1	10	1		1	2	14	
113	7	2	17	14	臺北市	大安區	大安區敦化南路1段259號	25.0367395	121.5490761	0	0	2	2	6	6	5	14	9	1	4	4	5	13	2	1	4	4	5	2	13	1	9	1	5	1	10	1		1	2	11	
113	7	2	17	15	臺北市	信義區	信義區莊敬路與莊敬路6巷口	25.0325072	121.5612739	0	0	1	2	6	6	5	3	1	1	4	4	5	13	4	4	5	4	5	2	16	4	5	1	3	1	8	1		1	3	5	
113	7	2	18	6	臺北市	萬華區	萬華區桂林路242巷與桂林路244巷口	25.03835209	121.4954787	0	0	1	2	8	7	6	5	2	1	5	4	5	13	1	1	1	4	5	2	12	1	9	1	6	2	10	1		2	2	12	
113	7	2	18	11	臺北市	文山區	文山區政大二街與政大二街99巷口	24.9876536	121.5838282	0	0	2	3	7	6	5	3	1	1	5	4	5	13	4	4	10	5	5	2	14	1	2	1	7	1	8	1		1	3	6	
113	7	2	18	13	臺北市	信義區	松山區敦化北路155巷與敦化北路155巷66弄口	25.0542597	121.5511339	0	0	1	2	8	6	5	3	1	1	5	4	5	13	4	4	9	4	5	2	6	5	18	8	4	1	20	1		2	2	17	
113	7	2	18	20	臺北市	大同區	大同區延平北路2段與歸綏街口	25.0582301	121.5114826	0	0	2	2	8	5	5	4	1	1	5	4	5	13	1	1	5	4	5	2	10	1	9	1	5	1	10	1		1	2	11	
113	7	2	18	26	臺北市	大安區	大安區和平東路2段與臥龍街口	25.0246557	121.546459	0	0	1	2	8	6	5	14	9	1	5	4	5	13	4	4	1	4	5	2	17	1	9	1	7	1	8	1		2	2	5	
113	7	2	18	30	臺北市	萬華區	萬華區環河南路1段與康定路口	25.0460033	121.5033117	0	0	1	2	8	7	5	4	2	1	5	4	5	13	1	1	9	5	5	2	9	1	12	1	7	9	2	1		1	3	15	
113	7	2	19	50	臺北市	中正區	中正區仁愛路1段與杭州南路1段口	25.0384091	121.5251136	0	0	1	2	7	5	5	4	18	1	5	4	5	13	1	1	1	4	5	2	3	5	16	8	4	10	20	1		2	2	16	
113	7	2	20	38	臺北市	中正區	中正區中華路2段與莒光路口	25.0312719	121.5041245	0	0	2	2	8	5	5	4	1	1	5	4	5	13	1	1	5	4	5	2	17	1	5	2	5	2	18	1		1	2	11	
113	7	2	22	13	臺北市	萬華區	萬華區桂林路242巷與環河南路1段348巷口	25.0389103	121.4959424	0	0	2	3	7	5	5	5	1	1	5	4	5	13	1	1	1	3	5	2	16	1	5	1	5	2	10	1		1	3	11	
113	7	2	22	40	臺北市	中山區	中山區中山北路1段53巷與林森北路口	25.052522	121.5228567	0	0	1	2	8	6	5	4	1	1	5	4	5	13	4	4	5	4	5	2	15	1	9	1	6	1	10	1		2	3	14	
113	7	3	0	54	臺北市	文山區	文山區木柵路5段與木柵路5段口（舊路）	25.0026016	121.5877051	0	0	1	2	7	5	5	11	9	1	5	4	5	13	1	1	5	4	5	2	17	4	6	6	3	2	18	1		1	3	2	
113	7	3	6	5	臺北市	北投區	北投區天母北路與天母北路105巷口	25.1234952	121.5263379	0	0	2	2	7	7	5	3	2	1	5	4	5	13	4	4	5	5	5	2	17	1	5	1	5	1	10	1		1	2	11	
113	7	3	6	37	臺北市	士林區	士林區社子大橋與堤外便道附近側附近口	25.111183	121.4938511	0	0	1	2	8	5	5	5	1	1	5	4	5	13	4	4	10	5	5	2	15	1	9	8	4	2	20	1		1	2	11	
113	7	3	6	45	臺北市	士林區	士林區中正路603號迴轉道	25.0867009	121.5096935	0	0	1	2	8	5	5	14	9	1	5	4	5	13	4	4	1	4	5	2	16	1	5	1	6	2	10	1		1	2	11	
113	7	3	7	6	臺北市	中山區	中山區長春路與遼寧街口	25.0545232	121.5420715	0	0	1	2	8	6	5	4	19	1	5	4	5	13	2	1	9	5	5	2	3	1	6	1	7	2	8	1		2	3	1	
113	7	3	7	15	臺北市	中山區	中山區中山北路3段與農安街口	25.0648789	121.5223832	0	0	1	2	8	7	5	3	1	1	5	4	5	13	2	1	5	4	1	2	17	1	9	1	6	1	10	1		1	2	17	
113	7	3	7	18	臺北市	士林區	士林區重慶北路4段全國加油站	25.0828825	121.512174	0	0	1	4	8	6	5	14	7	1	5	4	5	13	4	4	1	4	4	2	17	4	8	1	3	1	8	1		2	3	17	
113	7	3	7	23	臺北市	中正區	中正區福州街與福州街7巷口	25.0296362	121.5199502	0	0	1	2	8	7	5	3	1	1	5	4	5	13	4	4	5	4	5	2	16	4	5	1	7	2	8	1		1	3	2	
113	7	3	7	25	臺北市	中正區	中正區中山南路與信義路1段口	25.03861643	121.5178058	0	0	1	2	8	7	5	5	1	1	5	4	5	13	1	1	1	3	1	2	17	1	5	1	6	1	10	1		1	2	11	
113	7	3	7	53	臺北市	萬華區	萬華區忠孝西路2段與環河南路1段口	25.0488439	121.5060984	0	0	1	2	8	6	5	3	1	1	5	4	5	13	1	1	8	3	5	1	17	1	6	1	7	1	8	1		1	3	5	
113	7	3	8	3	臺北市	萬華區	萬華區環河南路1段69-1號	25.04426575	121.5023651	0	0	1	3	8	6	5	14	9	1	5	4	5	13	4	4	5	4	5	1	17	4	9	7	3	11	19	2		1	4	2	
113	7	3	8	7	臺北市	士林區	士林區芝玉路1段與德行東路240巷口	25.1089834	121.5336491	0	0	1	2	8	6	5	5	1	1	5	4	5	13	4	4	10	5	5	2	17	4	6	1	3	2	8	1		1	3	8	
113	7	3	8	21	臺北市	北投區	北投區大興街與光明路2巷口口	25.1304458	121.5003529	0	0	2	3	8	6	5	3	1	1	5	4	5	13	4	4	5	5	5	2	17	1	9	1	7	2	8	1		2	3	4	
113	7	3	8	28	臺北市	中正區	中正區愛國西路與羅斯福路1段口口	25.0345248	121.5169876	0	0	1	3	8	6	5	4	1	1	5	4	5	13	1	1	1	4	5	1	13	1	9	1	6	1	10	1		2	2	11	
113	7	3	8	30	臺北市	信義區	信義區和平東路3段525號	25.0164439	121.5604666	0	0	1	2	8	7	5	14	9	1	5	4	5	13	4	4	5	4	5	2	17	1	11	1	7	2	8	1		1	3	5	
113	7	3	8	37	臺北市	中山區	中山區松江路與民族東路口	25.0681816	121.532542	0	0	2	3	8	5	5	4	2	1	5	4	5	13	4	4	3	4	5	2	16	4	7	1	3	1	10	1		2	3	12	
113	7	3	8	37	臺北市	南港區	南港區成福路與成福路178巷口	25.0418304	121.5875457	0	0	2	2	8	7	5	3	2	1	5	4	5	13	2	1	9	5	5	2	16	4	5	1	6	1	10	1		1	2	11	
113	7	3	8	38	臺北市	內湖區	內湖區麗山街與麗山街37巷口	25.0804396	121.5807346	0	0	2	2	8	6	5	4	2	1	5	4	5	13	4	4	5	5	5	2	17	1	9	1	6	2	10	1		1	2	11	
113	7	3	8	40	臺北市	信義區	信義區崇德街與嘉興街口	25.0241607	121.5555235	0	0	1	3	8	6	5	5	2	1	5	4	5	13	2	1	9	4	5	2	11	1	3	1	7	1	8	1		1	3	6	
113	7	3	8	41	臺北市	中山區	中山區民族東路57號	25.0682588	121.5359191	0	0	1	2	8	6	5	14	7	1	5	4	5	13	4	4	1	4	4	2	13	1	9	1	5	1	10	1		2	2	14	
113	7	3	8	45	臺北市	南港區	南港區八德路4段與東新街口	25.0515843	121.5828001	0	0	2	2	8	7	5	5	2	1	5	4	5	13	1	1	5	5	5	2	13	1	9	1	5	1	10	1		2	2	12	
113	7	3	8	45	臺北市	文山區	文山區萬慶街124號	24.99497278	121.5366214	0	0	1	3	8	6	5	14	9	1	5	4	5	13	4	4	9	5	5	2	17	1	1	1	7	2	8	1		1	3	5	
113	7	3	8	50	臺北市	內湖區	內湖區瑞光路與瑞光路548巷口	25.0798824	121.5674233	0	0	1	2	7	6	5	4	1	1	5	4	5	13	1	1	5	4	5	2	12	1	10	1	5	1	10	1		2	2	12	
113	7	3	8	54	臺北市	大安區	大安區金華街與金山南路2段口	25.0301877	121.526554	0	0	1	2	8	7	5	4	1	1	5	4	5	13	2	1	4	3	5	1	16	1	5	1	5	1	9	1		1	2	11	
113	7	3	9	5	臺北市	文山區	文山區忠順街2段57巷與興隆路4段145巷口口	24.9854057	121.5642816	0	0	2	3	8	7	5	4	1	5	5	4	5	13	4	4	10	5	5	2	15	1	9	1	7	1	8	1		2	3	8	
113	7	3	9	10	臺北市	中正區	中正區忠孝東路2段64巷與杭州南路1段11巷口口	25.04293373	121.5285257	0	0	2	2	8	7	5	4	1	1	5	4	5	13	4	4	10	5	5	2	15	1	9	1	6	1	10	1		1	2	11	
113	7	3	9	28	臺北市	萬華區	萬華區萬大路與長泰街口	25.0228575	121.4993798	0	0	1	2	8	6	5	4	1	1	5	4	5	13	1	1	8	3	5	1	13	1	12	1	5	1	10	1		1	3	11	
113	7	3	9	35	臺北市	內湖區	內湖區安康路與安康路口往成功路2段引道南往北(2030629路燈桿)	25.06217632	121.5925382	0	0	1	2	8	6	5	11	9	1	5	4	5	13	4	4	5	4	5	2	16	1	1	1	7	1	1	1		1	3	8	
113	7	3	9	46	臺北市	大安區	大安區辛亥路1段與泰順街39巷口	25.0226471	121.5324876	0	0	1	2	8	6	5	3	2	1	5	4	5	13	4	4	10	5	5	1	10	4	9	8	4	11	20	1		2	3	11	
113	7	3	9	52	臺北市	信義區	信義區基隆路2段77號	25.0302555	121.5579549	0	0	2	3	8	6	5	14	9	1	5	4	5	13	4	4	1	4	5	2	13	1	9	1	5	1	10	1		1	2	11	
113	7	3	10	20	臺北市	松山區	松山區敦化南路1段與敦化南路1段100巷口	25.0463935	121.5486701	0	0	1	2	8	6	5	3	2	1	5	4	5	13	1	1	8	3	4	2	17	4	7	1	3	1	8	1		2	3	3	
113	7	3	10	42	臺北市	信義區	信義區信義路5段150巷292號	25.0273181	121.569132	0	0	1	2	8	6	5	14	9	1	5	4	5	13	4	4	10	5	5	2	17	4	15	8	3	1	20	1		2	2	11	
113	7	3	10	55	臺北市	信義區	信義區市民大道5段14巷與市民大道5段口	25.0459672	121.5600766	0	0	1	2	8	5	5	3	2	1	5	4	5	13	3	1	10	5	5	2	17	1	15	1	7	1	10	1		1	2	4	
113	7	3	11	0	臺北市	中正區	中正區新生南路1段56巷18號前	25.0409983	121.5318125	0	0	1	3	8	6	5	14	9	1	5	4	5	13	4	4	10	5	5	1	17	1	14	1	7	2	4	1		1	3	2	
113	7	3	11	1	臺北市	內湖區	內湖區康寧路3段與成功路5段口	25.07321804	121.6062194	0	0	1	2	8	5	5	3	1	1	5	4	5	13	4	4	1	4	4	2	16	1	6	1	7	1	8	1		1	3	5	
113	7	3	11	43	臺北市	文山區	文山區木柵路2段109巷25弄與秀明路1段19巷5弄口	24.9899249	121.5630511	0	0	2	2	8	6	5	14	9	5	5	4	5	13	4	4	10	5	5	2	16	1	5	1	6	2	9	1		1	2	12	
113	7	3	11	45	臺北市	中山區	中山區中山北路1段33巷與中山北路1段口	25.0489062	121.5213074	0	0	1	2	8	7	5	3	1	1	5	4	5	13	4	4	9	5	5	2	17	1	8	1	5	1	10	1		2	3	14	
113	7	3	11	46	臺北市	信義區	信義區市民高架永吉路匝道往西	25.0448327	121.5641283	0	0	1	2	8	7	8	10	9	1	5	4	5	13	4	4	10	4	5	2	17	1	9	1	7	2	8	1		1	3	1	
113	7	3	11	50	臺北市	信義區	信義區莊敬路364號	25.02772157	121.5647697	0	0	1	2	8	7	5	14	7	1	5	4	5	13	4	4	9	4	4	2	13	1	9	1	5	1	10	1		1	2	11	
113	7	3	12	10	臺北市	中正區	中正區重慶南路1段與貴陽街1段口	25.0387328	121.5129646	0	0	1	2	8	6	5	4	1	1	5	4	5	13	1	1	5	4	5	2	17	1	11	1	7	2	8	1		2	3	17	
113	7	3	12	15	臺北市	文山區	文山區忠順街1段26巷與忠順街1段26巷27弄口口	24.9820253	121.5597984	0	0	1	2	8	7	5	4	1	1	5	4	5	13	4	4	10	5	5	2	15	1	9	8	4	1	20	1		2	2	12	
113	7	3	12	36	臺北市	文山區	文山區木柵路1段54號前	24.9868964	121.5469936	0	0	1	2	8	6	5	14	9	1	5	4	5	13	4	4	5	4	5	2	16	1	11	1	2	1	8	1		1	3	4	
113	7	3	12	39	臺北市	中正區	中正區羅斯福路4段198號	25.011611	121.5367373	0	0	1	2	7	6	5	14	9	1	5	4	5	13	4	4	1	4	5	2	16	4	6	1	3	1	8	1		1	3	2	
113	7	3	14	10	臺北市	中正區	中正區和平西路1段20號	25.0267037	121.5207563	0	0	2	3	8	6	6	14	9	1	5	4	5	13	2	1	1	3	5	1	17	1	9	1	5	1	11	1		2	2	11	
113	7	3	14	49	臺北市	北投區	北投區文林北路與建民路口	25.1070815	121.5156263	0	0	1	2	8	6	5	4	1	1	5	4	5	13	1	1	5	4	4	1	17	1	15	8	4	9	20	1		2	2	14	
113	7	3	14	51	臺北市	北投區	北投區大度路3段與關渡路口	25.1228963	121.4694878	0	0	1	2	8	5	5	3	1	1	5	4	5	13	2	1	3	4	4	2	16	1	6	1	7	1	8	1		2	3	6	
113	7	3	14	55	臺北市	文山區	文山區興隆路2段與興隆路2段220巷口	25.0016027	121.5525043	0	0	1	2	8	6	5	4	1	1	5	4	5	13	1	1	1	4	5	2	17	1	10	1	6	2	10	1		1	2	12	
113	7	3	15	5	臺北市	中山區	中山區建國北路2段與民權東路3段口	25.06223885	121.5373017	0	0	1	2	8	7	5	4	1	1	5	4	5	13	1	1	1	2	5	2	16	1	10	1	7	1	8	1		2	3	6	
113	7	3	15	6	臺北市	大安區	大安區仁愛路4段與光復南路口	25.0376074	121.5574986	0	0	1	2	8	5	5	4	1	1	5	4	5	13	2	1	10	5	5	1	15	4	15	1	3	2	10	1		2	2	12	
113	7	3	15	22	臺北市	大安區	大安區市民大道3段與建國南路1段口	25.0441709	121.5368962	0	0	1	3	8	7	5	14	9	1	5	4	5	13	4	4	10	3	5	1	12	1	9	1	6	1	10	1		2	2	11	
113	7	3	15	25	臺北市	南港區	南港區重陽路與向陽路120巷2弄口	25.055288	121.5958262	0	0	1	2	8	7	5	4	2	1	5	4	5	13	2	1	9	4	4	2	2	4	5	1	3	1	8	1		1	3	8	