年	月	日	時	分	縣市	行政區	allLocation	GoogleLat	GoogleLng	死	2-30	受傷	當事人數	天候	道路照明設備	道路類別	道路型態	事故位置	路面狀況1	路面狀況2	路面狀況3	道路障礙1	道路障礙2	號誌1	號誌2	車道劃分-分向	車道劃分-分道1	車道劃分-分道2	車道劃分-分道3	事故類型及型態	行動電話	當事者行動狀態	駕駛資格情形	保護裝置	飲酒情形	駕駛執照種類	個人肇逃否	肇因碼-主要	性別	受傷程度	車輛撞擊部位1	車輛撞擊部位2
113	7	3	15	40	臺北市	松山區	松山區民權東路5段與民權東路5段口1號旁無名巷	25.0630585	121.5647822	0	0	1	2	8	5	5	3	1	1	5	4	5	13	2	1	1	4	5	2	17	1	5	1	7	1	8	1		2	3	7	
113	7	3	17	0	臺北市	北投區	北投區大度路3段151號與大度路3段口無名巷	25.12260503	121.4724806	0	0	1	2	8	5	5	3	1	1	5	4	5	13	1	1	9	2	3	2	17	4	6	1	3	2	8	1		1	3	6	
113	7	3	17	18	臺北市	北投區	北投區泉源路與新民路口	25.1383204	121.504842	0	0	1	2	8	6	5	3	1	1	5	4	5	13	3	1	5	5	5	2	15	1	9	1	7	2	8	1		1	3	4	
113	7	3	17	39	臺北市	大同區	大同區華陰街37號與無名巷口	25.0492973	121.5194299	0	0	1	2	8	6	5	5	2	1	5	4	5	13	4	4	10	3	5	1	16	4	5	1	6	1	10	1		2	3	14	
113	7	3	17	51	臺北市	士林區	士林區中山北路5段811巷與福華路口	25.1006113	121.5234292	0	0	1	2	8	7	5	14	9	1	5	4	5	13	4	4	8	3	5	2	16	1	5	1	3	1	10	1		2	2	12	
113	7	3	17	56	臺北市	萬華區	萬華區康定路與永福街口	25.03890256	121.5018865	0	0	1	2	7	7	5	4	2	1	5	4	5	13	1	1	5	4	5	2	17	1	9	1	5	1	10	1		1	2	12	
113	7	3	18	21	臺北市	中正區	中正區重慶南路1段122號	25.0392646	121.5128071	0	0	1	2	7	6	5	14	9	1	5	4	5	13	4	4	5	4	5	2	13	1	9	1	6	2	10	1		1	2	11	
113	7	3	18	37	臺北市	大安區	大安區四維路與四維路154巷口	25.0309588	121.5479426	0	0	1	2	8	6	5	4	18	1	5	4	5	13	3	1	5	2	5	2	3	1	9	1	5	9	8	1		1	3	11	
113	7	3	18	40	臺北市	內湖區	內湖區內湖路1段與內湖路1段591巷口	25.0807759	121.5730413	0	0	2	3	8	6	5	3	1	1	5	4	5	13	1	1	1	5	5	2	13	1	9	1	7	2	8	1		1	3	1	
113	7	3	18	41	臺北市	信義區	信義區忠孝東路5段與中坡南路口	25.0441459	121.5819675	0	0	1	2	8	5	5	4	1	1	5	4	5	13	1	1	1	4	5	2	17	4	5	1	3	1	4	1		1	3	2	
113	7	3	18	50	臺北市	士林區	士林區天母東路與天母東路105巷口	25.1182043	121.5364005	0	0	1	2	8	5	5	3	1	1	5	4	5	13	2	1	1	4	5	2	17	1	5	1	6	1	10	1		1	3	12	
113	7	3	19	19	臺北市	萬華區	萬華區成都路19號	25.04258426	121.5070021	0	0	1	2	8	5	5	14	9	1	5	4	5	13	4	4	10	4	5	2	12	1	8	1	6	1	10	1		1	2	14	
113	7	3	19	55	臺北市	信義區	信義區基隆路汽機車混合地下道	25.0395608	121.5633887	0	0	2	3	8	5	5	7	9	1	5	4	5	13	4	4	10	5	5	1	13	1	3	1	5	1	10	1		1	3	13	
113	7	3	20	2	臺北市	萬華區	萬華區堤外便道與萬大路口	25.0161663	121.4956422	0	0	1	2	8	5	5	4	1	1	5	4	5	13	1	1	5	5	5	2	17	4	9	6	7	6	18	2		1	3	5	
113	7	3	20	10	臺北市	信義區	信義區松山路與松山路393巷口	25.0418224	121.5778953	0	0	2	4	7	5	5	3	1	1	5	4	5	13	4	4	1	4	5	2	17	4	6	1	3	2	10	1		1	3	17	
113	7	3	20	15	臺北市	中山區	中山區市民大道2段與新生北路1段62巷口	25.0461968	121.5306539	0	0	1	2	8	6	5	4	1	1	5	4	5	13	1	1	1	5	5	2	16	4	6	1	3	1	8	1		1	3	2	
113	7	3	20	21	臺北市	中正區	中正區汀州路1段與汀州路1段284巷口	25.0268321	121.51149	0	0	2	4	8	5	5	4	1	1	5	4	5	13	4	4	5	2	5	2	17	1	6	1	5	2	10	1		1	2	14	
113	7	3	21	4	臺北市	文山區	文山區辛亥路7段與辛亥路7段20巷口	24.9866105	121.5531927	0	0	2	2	7	5	5	4	1	1	5	4	5	13	3	1	10	5	5	2	16	1	5	1	5	2	10	1		1	2	12	
113	7	3	22	15	臺北市	南港區	南港區忠孝東路6段與玉成街口	25.0452317	121.5827728	0	0	2	3	8	5	5	5	1	1	5	4	5	13	1	1	4	3	5	2	17	1	6	1	7	1	8	1		1	3	5	
113	7	3	22	31	臺北市	大同區	大同區赤峰街與承德路2段53巷口	25.0553137	121.5196372	0	0	2	3	7	5	5	4	1	1	5	4	5	13	4	4	10	5	5	2	15	1	9	1	7	1	4	1		1	3	5	
113	7	3	23	4	臺北市	文山區	文山區木柵路4段與萬壽橋口	24.9918065	121.5711722	0	0	2	3	7	5	5	4	1	1	5	4	5	13	1	1	10	5	5	2	17	4	5	1	3	2	8	1		2	3	8	
113	7	3	23	23	臺北市	中正區	中正區林森北路與北平東路口	25.0463552	121.5237293	0	0	1	2	7	5	5	4	1	1	5	4	5	13	1	1	5	4	5	2	17	1	9	1	5	2	9	1		1	2	12	
113	7	4	0	16	臺北市	大安區	大安區仁愛路4段與大安路1段口	25.0377251	121.5460178	0	0	1	2	8	5	5	4	2	1	5	4	5	13	2	1	10	5	5	2	9	4	9	1	3	2	10	1		1	3	11	
113	7	4	1	10	臺北市	大安區	大安區復興南路1段107巷與復興南路1段107巷5弄口	25.0436237	121.5445034	0	0	1	2	8	5	5	4	1	1	5	4	5	13	4	4	10	5	5	2	15	1	9	1	7	1	4	1		1	3	1	
113	7	4	5	46	臺北市	信義區	信義區松山路與永吉路口	25.0455222	121.5778978	0	0	1	2	8	5	5	4	1	1	5	4	5	13	1	1	9	4	5	2	17	1	6	1	7	1	4	1		1	3	5	
113	7	4	6	54	臺北市	大同區	大同區重慶北路3段與昌吉街口	25.0658219	121.513562	0	0	1	2	8	6	5	4	1	1	5	4	5	13	2	1	5	5	5	2	18	1	6	6	6	7	18	1		1	2	14	
113	7	4	7	9	臺北市	大安區	大安區仁愛路3段與建國南路1段口	25.0381594	121.5380755	0	0	1	2	8	6	5	4	1	1	5	4	5	13	1	1	1	4	1	2	15	4	9	1	7	9	8	1		1	3	7	
113	7	4	7	50	臺北市	士林區	士林區文林路587巷與美崙街82巷口	25.09798193	121.5214669	0	0	2	2	8	7	5	3	1	1	5	4	5	13	4	4	10	5	5	2	17	1	9	8	4	1	20	1		2	2	11	
113	7	4	7	51	臺北市	大同區	大同區承德路1段與長安西路口	25.05093075	121.5168567	0	0	1	2	8	6	5	5	1	1	5	4	5	13	2	1	1	4	5	2	17	1	15	1	6	1	10	1		1	3	12	
113	7	4	7	55	臺北市	中山區	中山區北安路與敬業二路口	25.09086244	121.5454697	0	0	2	4	8	5	5	3	2	1	5	4	5	13	4	4	1	4	5	2	13	4	9	1	3	1	10	1		2	2	11	
113	7	4	8	15	臺北市	大安區	大安區辛亥路3段與芳蘭路口	25.0171461	121.5484705	0	0	2	2	8	7	5	14	9	1	5	4	5	13	4	4	1	3	5	1	12	1	7	1	5	1	10	1		1	2	17	
113	7	4	8	27	臺北市	士林區	士林區通河西街1段堤外平面停車場前	25.08375011	121.5130982	0	0	2	2	8	6	5	14	9	1	5	4	5	13	4	4	9	5	5	1	17	1	5	1	5	2	9	1		1	2	14	
113	7	4	8	30	臺北市	南港區	南港區南港路1段209號	25.0551601	121.6118469	0	0	1	2	8	7	5	14	9	1	5	4	5	13	4	4	9	4	5	2	16	4	5	1	3	1	8	1		2	3	5	
113	7	4	8	40	臺北市	大同區	大同區台北橋機慢車道(往台北)	25.0628556	121.510856	0	0	1	2	8	6	5	8	11	1	5	4	5	13	4	4	10	4	5	2	12	1	9	1	6	1	10	1		1	2	12	
113	7	4	8	40	臺北市	大同區	大同區甘州街與甘州街42巷口	25.0598247	121.512769	0	0	1	2	8	6	5	3	1	1	5	4	5	13	4	4	9	4	5	2	17	1	5	1	7	1	8	1		1	3	8	
113	7	4	9	52	臺北市	松山區	松山區三民路與富錦街口	25.0610197	121.563222	0	0	1	2	8	5	5	4	2	1	5	4	5	13	2	1	6	3	4	1	2	1	6	1	3	2	8	1		1	3	1	
113	7	4	10	13	臺北市	中山區	中山區民生東路1段與新生北路2段口	25.0580767	121.5272863	0	0	1	3	8	6	5	4	2	1	5	4	5	13	2	1	5	4	5	2	12	1	8	1	6	1	10	1		1	2	13	
113	7	4	10	40	臺北市	信義區	信義區忠孝東路4段與忠孝東路4段554巷口口	25.0410611	121.5635809	0	0	1	2	8	5	8	22	22	1	5	4	5	13	4	4	1	4	5	2	17	1	6	1	7	1	4	1		1	3	2	
113	7	4	10	40	臺北市	內湖區	內湖區陽光街292號	25.0728076	121.5745963	0	0	2	2	8	6	5	14	9	1	5	4	5	13	4	4	5	5	5	2	6	1	9	1	6	2	10	1		1	2	11	
113	7	4	11	0	臺北市	松山區	松山區八德路4段389巷與八德路4段口	25.0492983	121.5686585	0	0	2	2	8	7	5	3	1	1	5	4	5	13	4	4	8	3	5	2	16	1	5	1	5	1	10	1		1	2	11	
113	7	4	11	10	臺北市	信義區	信義區仁愛路4段與逸仙路口	25.0374666	121.5611375	0	0	1	2	8	7	5	5	2	1	5	4	5	13	1	1	1	4	5	2	18	4	9	1	3	9	10	1		1	2	15	
113	7	4	11	20	臺北市	松山區	松山區復興北路與南京東路3段口	25.0515841	121.5441739	0	0	1	2	8	7	5	4	1	1	5	4	5	13	2	1	1	4	4	2	12	1	9	1	7	1	4	1		1	3	2	
113	7	4	11	26	臺北市	中山區	中山區民生東路2段與松江路口	25.0580037	121.5332084	0	0	1	2	8	6	5	4	1	1	5	4	5	13	2	1	1	4	5	2	16	1	5	1	6	1	10	1		2	2	11	
113	7	4	11	36	臺北市	大安區	大安區忠孝東路4段與復興南路1段口	25.04184447	121.5438698	0	0	1	2	8	6	5	4	2	1	5	4	5	13	2	1	1	4	5	2	9	4	6	7	3	11	19	2		1	4	15	
113	7	4	11	40	臺北市	大同區	大同區延平北路3段108-1號	25.06675251	121.510989	0	0	1	2	8	5	5	14	9	1	5	4	5	13	4	4	5	4	5	2	16	1	6	6	5	1	10	1		1	3	13	
113	7	4	11	51	臺北市	信義區	信義區松智路9巷南向北(A8旁)	25.0386481	121.566472	0	0	1	2	8	6	5	14	9	1	5	4	5	13	4	4	10	4	5	1	17	4	11	1	3	1	8	1		1	3	4	
113	7	4	11	51	臺北市	大同區	大同區重慶北路1段與鄭州路口	25.0495193	121.5134832	0	0	1	2	8	5	5	5	2	1	5	4	5	13	2	1	1	4	5	1	17	4	9	1	3	1	10	1		2	2	14	
113	7	4	11	52	臺北市	中正區	中正區中華路1段81號與中華路1段口	25.0386506	121.50751	0	0	1	3	8	5	5	3	1	1	5	4	5	13	4	4	4	4	1	1	17	1	6	1	7	1	8	1		1	3	5	
113	7	4	12	0	臺北市	大安區	大安區基隆路3段147號	25.015874	121.5428408	0	0	1	2	8	6	5	14	7	1	5	4	5	13	4	4	1	4	4	1	17	1	9	1	6	1	10	2		2	3	17	
113	7	4	12	37	臺北市	萬華區	萬華區莒光路153巷與中華路2段150巷口	25.0303928	121.5029818	0	0	1	3	8	6	5	4	1	1	5	4	5	13	4	4	10	5	5	1	17	4	9	1	3	1	8	1		1	3	1	
113	7	4	12	53	臺北市	大同區	大同區赤峰街45巷與赤峰街口	25.05488203	121.5196359	0	0	2	2	8	5	5	4	1	1	5	4	5	13	4	4	10	5	5	2	15	1	9	1	5	2	10	1		1	2	11	
113	7	4	13	2	臺北市	內湖區	內湖區內湖路1段285巷與環山路1段口	25.0865261	121.5662942	0	0	2	2	8	6	5	3	1	1	5	4	5	13	1	1	8	3	5	1	16	1	5	8	4	1	20	1		2	2	14	
113	7	4	13	10	臺北市	信義區	(光復南路419號前)	25.0364069	121.5575805	0	0	1	2	8	6	8	22	22	1	5	4	5	13	1	1	1	4	5	2	17	1	9	1	7	2	8	1		1	3	2	
113	7	4	13	10	臺北市	士林區	士林區忠誠路2段與士東路口	25.1124098	121.5309386	0	0	1	2	8	6	5	5	1	1	5	4	5	13	2	2	1	4	5	2	17	4	9	1	3	2	8	1		1	3	2	
113	7	4	13	20	臺北市	中山區	中山區建國北路1段與長安東路2段口	25.0482524	121.536482	0	0	1	2	8	6	5	4	1	1	5	4	5	13	2	1	1	4	5	2	12	4	8	6	6	2	10	1		1	2	13	
113	7	4	13	21	臺北市	萬華區	萬華區艋舺大道與西園路2段口	25.033098	121.497586	0	0	1	2	8	7	5	4	2	1	5	4	5	13	1	1	1	4	5	2	13	1	9	1	7	1	4	1		1	3	1	
113	7	4	13	40	臺北市	萬華區	萬華區西藏路350號	25.0293885	121.4993402	0	0	2	3	8	7	5	14	9	1	5	4	5	13	2	1	1	4	5	2	13	1	9	1	6	1	10	1		2	2	11	
113	7	4	13	48	臺北市	大安區	大安區忠孝東路4段73-1號	25.0416671	121.5469785	0	0	3	4	8	7	5	14	9	1	5	4	5	13	4	4	10	5	5	2	13	4	9	1	3	2	10	1		2	2	11	
113	7	4	13	48	臺北市	文山區	文山區和平東路4段(北往南0707225燈桿旁）	25.00136145	121.5724728	0	0	1	2	8	6	5	14	9	1	5	4	5	13	4	4	5	5	5	1	17	1	9	1	5	1	10	1		1	2	11	
113	7	4	15	48	臺北市	南港區	南港區八德路4段與南港路3段口口	25.051495	121.5822805	0	0	1	2	8	6	5	5	2	1	5	4	5	13	1	1	5	4	5	2	16	4	6	1	7	9	2	1		1	3	5	
113	7	4	16	5	臺北市	北投區	北投區大度路27號	25.12113459	121.4964736	0	0	1	2	7	6	5	14	9	1	5	4	5	13	4	4	1	4	5	1	13	1	9	1	6	1	10	1		1	2	11	
113	7	4	16	20	臺北市	松山區	松山區市民大道6段121號	25.04952435	121.5771316	0	0	1	2	8	7	5	14	9	1	5	4	5	13	4	4	1	4	5	2	13	1	9	1	5	1	10	1		2	2	11	
113	7	4	16	29	臺北市	士林區	士林區中山北路7段與天母東路口	25.1182715	121.5301816	0	0	1	2	8	6	5	4	2	1	5	4	5	13	1	1	10	4	5	1	17	1	5	1	7	2	8	1		1	3	8	
113	7	4	17	1	臺北市	大同區	大同區通河西街堤外便道往西0802676燈桿處	25.0776714	121.51793	0	0	2	2	8	6	5	3	1	1	5	4	5	13	4	4	9	4	5	2	11	1	15	1	5	1	10	1		2	2	12	
113	7	4	17	7	臺北市	萬華區	萬華區華江橋往台北市機車道	25.0355708	121.48882	0	0	2	2	8	7	5	8	11	1	5	4	5	13	4	4	3	4	5	2	13	1	9	1	6	1	10	1		1	2	13	
113	7	4	17	29	臺北市	大安區	大安區復興南路2段153號	25.0282337	121.543589	0	0	1	2	7	6	5	14	9	1	5	4	5	13	2	1	9	4	5	1	13	1	9	1	5	1	10	1		1	4	15	
113	7	4	17	33	臺北市	南港區	南港區中南街與南港路1段口	25.0554308	121.6158124	0	0	3	3	8	7	7	3	2	1	5	4	5	13	2	1	9	4	5	2	16	4	5	1	6	1	10	1		1	2	11	
113	7	4	17	42	臺北市	大同區	大同區忠孝橋往三重機車道	25.0488096	121.5073091	0	0	4	5	8	6	5	8	11	1	5	4	5	13	4	4	1	5	4	2	13	5	20	8	6	10	20	1		2	2	16	13
113	7	4	17	49	臺北市	大安區	大安區辛亥路2段與辛亥路2段131巷口	25.02169	121.539571	0	0	1	2	8	5	5	3	2	1	5	4	5	13	4	4	1	4	5	1	17	1	1	1	5	1	10	1		1	2	11	
113	7	4	18	24	臺北市	大同區	大同區鄭州路145號	25.0504648	121.5090398	0	0	1	2	8	6	5	14	9	1	5	4	5	13	4	4	9	4	5	2	12	1	9	1	5	1	10	1		1	2	14	
113	7	4	18	24	臺北市	大安區	大安區新生南路3段88號	25.01805483	121.5335561	0	0	2	2	8	6	5	14	9	1	5	4	5	13	4	4	1	4	5	2	13	1	8	1	6	1	10	1		2	2	11	
113	7	4	18	45	臺北市	北投區	北投區立功街9號1207094號桿	25.12419751	121.4690025	0	0	1	2	8	5	5	14	9	1	5	4	5	13	4	4	10	5	5	2	12	1	1	1	7	1	8	1		1	3	8	
113	7	4	19	5	臺北市	中山區	中山區中山北路1段與市民大道1段口	25.048251	121.5206677	0	0	1	2	8	5	5	5	1	1	5	4	5	13	1	1	1	4	1	2	13	1	9	1	5	1	10	1		1	2	11	
113	7	4	19	29	臺北市	文山區	文山區忠順街1段26巷3弄與忠順街1段26巷口	24.98347651	121.5593415	0	0	2	3	7	5	5	4	1	1	5	4	5	13	4	4	10	5	5	2	3	4	6	1	3	2	4	1		1	3	8	
113	7	4	19	30	臺北市	松山區	松山區吉祥路與光復北路11巷口口	25.0503117	121.5625348	0	0	1	2	8	5	5	4	1	1	5	4	5	13	1	1	5	5	5	2	17	1	5	1	7	1	8	1		1	3	5	
113	7	4	19	49	臺北市	內湖區	內湖區成功交流道圓環東北角	25.06519363	121.5909802	0	0	2	3	8	5	5	5	1	1	5	4	5	13	2	1	1	4	4	2	17	1	6	1	7	2	8	1		1	3	5	
113	7	4	20	14	臺北市	中正區	中正區羅斯福路4段68號	25.0144468	121.5345257	0	0	1	2	8	5	5	14	9	1	5	4	5	13	1	1	3	4	5	2	17	1	7	1	7	1	3	1		1	3	6	
113	7	4	21	30	臺北市	信義區	信義區忠孝東路5段297號	25.0410302	121.5729695	0	0	1	2	8	5	5	14	9	1	5	4	5	13	4	4	9	4	5	2	17	1	3	1	7	1	8	1		1	3	15	
113	7	4	21	48	臺北市	士林區	士林區社中街與社中街384巷口	25.09221428	121.5035472	0	0	1	2	8	5	5	3	1	1	5	4	5	13	4	4	9	5	5	2	16	1	1	1	6	1	10	1		1	2	12	
113	7	4	22	12	臺北市	南港區	南港區東新街10之1號	25.0506017	121.583049	0	0	1	2	7	5	5	14	9	1	5	4	5	13	4	4	5	4	5	2	12	1	8	1	7	1	8	1		1	3	4	
113	7	4	22	35	臺北市	中山區	中山區敬業四路美麗華停車場出入口	25.08280272	121.5585018	0	0	1	2	8	5	5	14	9	1	5	4	5	13	4	4	9	4	5	2	16	1	1	1	5	2	10	1		1	2	12	
113	7	5	0	10	臺北市	萬華區	萬華區萬大路與莒光路口	25.0311799	121.5006178	0	0	3	3	7	5	5	4	1	1	5	4	5	13	1	1	8	3	5	1	16	4	7	1	3	1	10	1		1	2	13	
113	7	5	0	32	臺北市	中山區	中山區林森北路133巷10號	25.05100547	121.5256651	0	0	1	2	7	5	5	14	9	1	5	4	5	13	4	4	8	5	5	1	2	4	9	1	3	11	8	2		1	4	15	
113	7	5	1	4	臺北市	士林區	士林區重慶北路4段與通河西街2段口	25.0877543	121.5119022	0	0	1	2	8	5	5	3	1	1	5	4	5	13	1	1	4	5	5	1	16	1	9	1	5	1	10	1		1	2	12	
113	7	5	2	30	臺北市	中山區	中山區敬業一路與樂群三路口	25.0828882	121.5523071	0	0	1	4	8	5	5	4	2	1	5	4	5	13	1	1	5	5	5	2	29	1	9	1	5	7	10	1		1	2	11	
113	7	5	7	35	臺北市	內湖區	內湖區瑞光路與江南街口	25.0760766	121.5754364	0	0	3	3	8	5	5	3	1	1	5	4	5	13	2	1	5	2	5	2	16	1	5	1	5	1	10	1		1	2	12	
113	7	5	7	42	臺北市	中正區	中正區中華路2段33號	25.0358175	121.5065237	0	0	1	3	8	7	5	14	9	1	5	4	5	13	1	1	1	4	5	2	13	1	9	1	5	1	10	1		2	2	14	
113	7	5	8	10	臺北市	中山區	中山區民權東路2段與吉林路口	25.0622861	121.5307895	0	0	1	2	8	6	5	4	1	1	5	4	5	13	2	1	1	4	4	2	16	4	1	1	3	1	8	1		1	3	5	
113	7	5	8	14	臺北市	北投區	北投區石牌路1段39巷80弄與致遠二路口	25.1159207	121.5115913	0	0	1	2	8	6	5	3	2	1	5	4	5	13	1	1	5	4	5	2	16	1	6	1	7	1	8	1		1	3	2	
113	7	5	8	18	臺北市	萬華區	萬華區廣州街與康定路口	25.0366629	121.5014853	0	0	2	2	8	6	5	4	1	1	5	4	5	13	2	1	5	4	5	2	17	1	5	1	6	1	10	1		2	2	11	
113	7	5	8	20	臺北市	文山區	文山區和平東路4段與和平東路4段381巷口口	24.99930545	121.574087	0	0	1	2	8	6	5	3	1	1	5	4	5	13	2	1	5	5	5	1	13	1	9	1	6	1	10	1		2	2	11	
113	7	5	8	28	臺北市	松山區	松山區八德路3段176號	25.048087	121.5554863	0	0	1	3	8	7	5	14	9	1	5	4	5	13	4	4	5	4	5	2	13	1	9	1	7	1	8	1		1	3	1	11
113	7	5	8	30	臺北市	內湖區	內湖區潭美街與安康路22巷口	25.061217	121.5944223	0	0	1	2	8	6	5	3	1	1	5	4	5	13	2	1	9	4	5	2	16	1	6	1	7	1	8	1		1	3	2	
113	7	5	8	30	臺北市	南港區	南港區南深路37號與南深路口山水綠公園	25.0295353	121.6213809	0	0	1	2	8	6	5	3	1	1	5	4	5	13	1	1	5	3	4	1	13	4	6	1	3	1	8	1		2	3	3	
113	7	5	8	33	臺北市	大同區	大同區承德路1段2號	25.04953652	121.5165111	0	0	2	4	8	6	5	14	9	1	5	4	5	13	4	4	1	5	5	2	17	1	14	1	7	1	8	1		1	3	2	
113	7	5	8	43	臺北市	士林區	士林區延平北路6段與中正路口	25.08660987	121.5092788	0	0	1	2	8	7	5	4	1	1	5	4	5	13	1	1	9	5	5	2	17	1	5	1	7	1	8	1		1	3	4	
113	7	5	8	46	臺北市	萬華區	萬華區康定路與廣州街口	25.0363424	121.5014044	0	0	1	3	8	6	5	4	2	1	5	4	5	13	1	1	8	3	5	1	12	1	7	1	5	1	10	1		2	2	12	
113	7	5	9	0	臺北市	士林區	士林區文林路235號	25.0907843	121.5268405	0	0	1	2	8	6	5	14	9	1	5	4	5	13	4	4	5	5	5	2	17	4	11	1	3	2	8	1		2	3	4	
113	7	5	9	2	臺北市	萬華區	萬華區堤外便道往南華江橋下(雙園038燈桿)	25.03574357	121.4905598	1	0	0	2	8	6	5	14	9	1	5	4	5	13	4	4	10	5	5	2	35	1	9	1	5	1	10	1		1	1	11	
113	7	5	9	5	臺北市	大安區	大安區信義路4段與敦化南路2段口	25.0330779	121.5480793	0	0	1	3	8	6	5	4	1	1	5	4	5	13	2	1	1	4	1	2	17	1	12	1	7	1	2	1		1	3	17	
113	7	5	9	8	臺北市	信義區	信義區莊敬路289巷與莊敬路289巷4弄口口	25.0289471	121.5633941	0	0	2	2	8	6	5	4	1	1	5	4	5	13	4	4	10	5	5	2	15	1	9	1	6	11	10	2		2	2	11	
113	7	5	9	10	臺北市	中正區	中正區臨沂街59巷與臨沂街71巷19弄口	25.0365036	121.5308989	0	0	1	2	7	6	5	4	1	1	5	4	5	13	4	4	10	5	5	2	15	1	9	8	4	9	20	1		2	2	12	
113	7	5	9	10	臺北市	士林區	士林區福國路與福國路口國立傳統藝術中心	25.1020359	121.5182008	0	0	1	3	8	5	5	3	1	1	5	4	5	13	4	4	10	5	5	2	17	1	5	1	7	9	4	1		1	3	1	
113	7	5	9	20	臺北市	南港區	南港區忠孝東路6段317號前	25.0498702	121.5911866	0	0	2	2	8	6	5	5	2	1	5	4	5	13	1	1	1	5	5	2	16	4	9	1	5	2	10	1		2	2	11	
113	7	5	9	20	臺北市	文山區	文山區興隆路1段與景明街口	25.0022142	121.5417843	0	0	1	3	8	6	5	14	9	1	5	4	5	13	4	4	1	4	5	2	17	1	9	1	7	2	2	1		1	3	17	
113	7	5	9	30	臺北市	信義區	信義區吳興街與吳興街269巷口	25.0267577	121.5638922	0	0	2	2	8	6	5	4	2	1	5	4	5	13	4	4	9	4	5	2	10	1	3	1	5	1	10	1		2	2	11	
113	7	5	9	35	臺北市	內湖區	內湖區康寧路3段與康寧路3段165巷口	25.0700507	121.6107496	0	0	1	2	8	5	5	4	1	1	5	4	5	13	2	1	1	4	5	2	13	1	5	1	7	1	8	1		1	3	2	
113	7	5	9	55	臺北市	大安區	大安區基隆路3段與辛亥路3段口	25.0192839	121.5468201	0	0	1	2	8	7	5	4	1	1	5	4	5	13	2	1	1	3	5	1	17	4	5	1	3	1	8	1		1	3	8	
113	7	5	10	17	臺北市	萬華區	萬華區環河南路1段與中興橋口機車道	25.0424431	121.5003401	0	0	2	3	8	7	5	3	2	1	5	4	5	13	4	4	9	5	5	2	17	1	15	1	5	1	10	1		1	3	13	
113	7	5	10	40	臺北市	中山區	中山區吉林路與長春路口	25.0549217	121.5301285	0	0	1	2	8	7	5	4	1	1	5	4	5	13	1	1	5	4	4	2	13	4	5	1	3	1	10	1		2	2	13	
113	7	5	10	45	臺北市	北投區	北投區裕民一路40巷與裕民二路33巷口	25.1153328	121.5177132	0	0	1	2	8	6	5	3	18	1	5	4	5	13	1	1	5	4	5	2	3	1	5	1	7	1	4	1		1	3	5	
113	7	5	11	14	臺北市	中正區	中正區臨沂街71巷19弄與臨沂街63巷口	25.0358944	121.5302253	0	0	1	2	8	7	5	4	1	1	5	4	5	13	4	4	10	5	5	1	17	1	9	1	6	2	10	1		1	3	11	
113	7	5	11	20	臺北市	中正區	中正區徐州路1002282燈桿	25.04182282	121.5189117	0	0	1	2	8	5	5	14	8	1	5	4	5	13	4	4	9	4	4	2	17	1	5	1	7	1	8	1		1	3	4	4
113	7	5	11	39	臺北市	大安區	大安區辛亥路3段與復興南路2段口	25.0214804	121.5434734	0	0	1	2	8	6	5	4	2	1	5	4	5	13	2	1	1	5	5	2	17	1	9	1	6	1	10	1		2	2	11	
113	7	5	11	48	臺北市	大同區	大同區寧夏路78號	25.0582496	121.5151382	0	0	1	3	8	6	5	14	9	1	5	4	5	13	4	4	5	5	5	2	13	1	9	8	2	9	20	1		1	2	11	
113	7	5	11	54	臺北市	文山區	文山區萬和街(萬芳6號公園站)前	24.99971002	121.5690448	0	0	3	3	8	6	5	14	9	1	5	4	5	13	4	4	5	5	5	2	17	4	11	1	3	2	10	1		1	2	14	
113	7	5	11	57	臺北市	大安區	大安區市民大道4段與復興南路1段107巷5弄口口	25.0447972	121.5444981	0	0	1	2	8	6	5	3	1	1	5	4	5	13	4	4	1	3	5	2	17	1	6	1	7	1	8	1		1	3	2	
113	7	5	11	57	臺北市	大安區	大安區金山南路2段52號	25.03249372	121.5269469	0	0	3	5	8	6	5	14	9	1	5	4	5	13	4	4	1	4	5	2	17	1	9	6	7	2	8	1		1	3	1	
113	7	5	12	21	臺北市	萬華區	萬華區萬大路與興寧街口	25.03223	121.5005319	0	0	1	2	8	6	5	4	1	1	5	4	5	13	3	1	5	4	5	1	17	4	5	1	3	1	10	1		2	2	12	
113	7	5	12	48	臺北市	大同區	大同區歸綏街與歸綏街97巷口	25.0587027	121.5162136	0	0	1	2	8	6	5	4	1	1	5	4	5	13	4	4	10	4	5	1	15	4	9	6	3	1	18	1		1	3	11	
113	7	5	13	0	臺北市	松山區	松山區饒河街與塔悠路口	25.0500558	121.5724366	0	0	1	2	8	7	5	5	2	1	5	4	5	13	1	1	10	3	5	2	16	1	9	1	5	2	10	1		1	2	12	
113	7	5	13	5	臺北市	大安區	大安區忠孝東路4段22號	25.0415062	121.5443011	0	0	1	2	8	6	5	14	9	1	5	4	5	13	4	4	1	4	5	2	12	1	7	1	7	1	8	1		1	3	2	
113	7	5	14	6	臺北市	大同區	大同區延平北路3段116號	25.067111	121.5109074	0	0	1	2	8	6	5	14	9	1	5	4	5	13	4	4	9	4	5	2	12	1	9	1	5	1	10	1		1	3	12	
113	7	5	14	9	臺北市	中山區	中山區錦西街與天祥路口	25.060325	121.5211057	0	0	1	2	8	6	5	3	2	1	5	4	5	13	4	4	5	5	5	2	17	1	5	1	5	1	10	1		2	2	12	
113	7	5	15	9	臺北市	士林區	士林區芝玉路2段與芝玉路2段20巷口	25.1104338	121.5344004	0	0	1	2	8	7	5	4	1	1	5	4	5	13	4	4	10	5	5	1	17	1	9	1	5	2	10	1		1	2	11	