年	月	日	時	分	縣市	行政區	allLocation	GoogleLat	GoogleLng	死	2-30	受傷	當事人數	天候	道路照明設備	道路類別	道路型態	事故位置	路面狀況1	路面狀況2	路面狀況3	道路障礙1	道路障礙2	號誌1	號誌2	車道劃分-分向	車道劃分-分道1	車道劃分-分道2	車道劃分-分道3	事故類型及型態	行動電話	當事者行動狀態	駕駛資格情形	保護裝置	飲酒情形	駕駛執照種類	個人肇逃否	肇因碼-主要	性別	受傷程度	車輛撞擊部位1	車輛撞擊部位2
113	7	5	15	16	臺北市	松山區	松山區敦化北路145巷與敦化北路145巷18弄口	25.0537639	121.5511482	0	0	1	2	8	6	5	4	1	1	5	4	5	13	4	4	10	5	5	2	15	1	9	1	7	1	8	1		1	3	7	
113	7	5	15	20	臺北市	中山區	中山區復興北路174號前	25.0542141	121.5440234	0	0	1	2	8	7	5	14	9	1	5	4	5	13	4	4	1	4	5	2	13	4	9	1	3	1	10	1		2	2	11	
113	7	5	15	52	臺北市	中山區	中山區市民大道2段與林森北路口	25.0478711	121.5242127	0	0	2	2	8	6	5	14	9	1	5	4	5	13	2	1	8	3	5	1	17	1	9	1	5	1	10	1		1	2	11	
113	7	5	16	6	臺北市	中正區	中正區中山南路與凱達格蘭大道口	25.0391471	121.517254	0	0	1	2	8	5	6	5	2	1	5	4	5	13	1	1	1	5	5	2	17	1	6	1	7	1	8	1		2	3	1	1
113	7	5	16	6	臺北市	萬華區	萬華區環河南路1段與康定路口	25.04620078	121.5030152	0	0	1	2	8	7	5	3	2	1	5	4	5	13	2	1	5	4	5	2	12	1	1	1	7	1	8	1		1	3	8	
113	7	5	16	10	臺北市	大安區	大安區仁愛路4段185號	25.0378369	121.5521767	0	0	1	3	8	6	5	14	9	1	5	4	5	13	4	4	1	1	5	1	13	1	9	1	7	1	10	1		2	3	1	
113	7	5	16	52	臺北市	北投區	北投區公館路與北投路1段口	25.12140942	121.5026898	0	0	1	2	8	6	5	4	1	2	5	4	5	13	1	1	5	4	5	2	17	1	15	1	6	1	10	1		1	3	14	
113	7	5	17	0	臺北市	信義區	信義區吳興街600巷109號	25.01846877	121.5724132	0	0	3	4	7	6	5	12	9	1	5	4	5	13	4	4	10	5	5	2	9	4	9	1	3	2	8	1		1	2	1	
113	7	5	17	8	臺北市	內湖區	內湖區行忠路與行愛路口	25.065667	121.5790473	0	0	1	2	8	5	5	14	8	1	5	4	5	13	4	4	5	2	4	2	12	1	8	1	5	1	10	1		1	2	14	
113	7	5	17	15	臺北市	中山區	中山區植福路200號前	25.0831226	121.5603486	0	0	1	3	8	7	5	14	9	1	5	4	5	13	4	4	9	4	5	2	14	4	2	1	3	1	8	1		1	3	3	
113	7	5	17	23	臺北市	中山區	中山區民生東路1段77號	25.05805693	121.5269868	0	0	1	2	8	6	5	14	9	1	5	4	5	13	4	4	4	5	5	1	12	4	9	1	3	1	10	1		1	3	12	
113	7	5	17	25	臺北市	文山區	文山區木柵路2段與秀明路1段口	24.9890397	121.5629892	0	0	1	2	8	7	5	4	2	1	5	4	5	13	2	1	5	2	5	2	17	4	11	1	6	2	10	1		1	2	12	
113	7	5	17	27	臺北市	萬華區	萬華區華江橋機車道往新北	25.035693	121.4902856	0	0	1	2	8	6	5	14	11	1	5	4	5	13	4	4	10	5	5	2	29	4	21	7	3	11	19	1		1	4	15	
113	7	5	17	35	臺北市	大安區	大安區和平東路1段162號	25.0266185	121.5276555	0	0	1	2	8	5	5	14	9	1	5	4	5	13	2	1	1	4	5	2	17	4	11	1	3	1	8	1		1	3	5	
113	7	5	17	39	臺北市	士林區	士林區中正路與承德路5段口	25.09148482	121.5165521	0	0	1	2	8	7	5	4	1	1	5	4	5	13	2	1	1	4	5	2	17	1	15	6	6	1	10	1		1	2	11	
113	7	5	17	40	臺北市	中山區	中山區中山北路1段69號	25.05075012	121.5221886	0	0	2	3	8	5	5	14	9	1	5	4	5	13	4	4	5	4	5	2	13	4	9	1	3	1	10	1		1	2	11	
113	7	5	17	40	臺北市	大安區	大安區辛亥路2段171巷口側附近	25.02100642	121.5412274	0	0	2	2	8	6	5	22	20	1	5	4	5	13	4	4	10	5	5	2	17	4	9	8	2	1	20	1		2	2	15	
113	7	5	17	47	臺北市	中山區	中山區市民大道2段71號	25.04648908	121.5296153	0	0	1	2	8	6	5	14	9	1	5	4	5	13	4	4	1	5	5	1	13	4	10	1	3	1	10	1		1	2	11	
113	7	5	18	0	臺北市	中山區	中山區南京東路3段188號	25.05185001	121.5426735	0	0	1	3	8	7	5	14	9	1	5	4	5	13	4	4	9	4	5	2	17	1	9	1	5	1	10	1		2	2	11	
113	7	5	18	1	臺北市	大安區	大安區建國南路1段與新生南路1段161巷口	25.0345899	121.5375435	0	0	2	2	8	6	5	4	1	1	5	4	5	13	2	1	1	4	5	2	12	1	15	1	6	1	9	1		1	2	12	
113	7	5	18	8	臺北市	內湖區	內湖區成美橋(往內湖方向)	25.05453701	121.5825988	0	0	1	2	8	5	5	8	9	1	5	4	5	13	4	4	5	4	5	2	12	1	15	1	7	1	8	1		1	3	15	
113	7	5	18	10	臺北市	萬華區	萬華區開封街2段與西寧南路口	25.046243	121.5078107	0	0	1	2	8	6	5	4	1	1	5	4	5	13	2	1	9	4	5	2	3	5	16	8	4	10	20	1		2	2	16	
113	7	5	18	20	臺北市	萬華區	萬華區堤外便道(中興橋下6K+050)	25.04502335	121.5012319	1	0	3	5	8	7	5	14	11	1	5	4	5	13	4	4	4	5	5	2	17	1	9	1	5	11	10	1		1	1	14	
113	7	5	18	44	臺北市	內湖區	內湖區新明路428巷與新明路460巷口	25.05421696	121.5785383	0	0	1	2	8	5	5	4	1	1	5	4	5	13	2	1	10	5	5	2	17	1	9	1	5	1	10	1		1	2	12	
113	7	5	19	0	臺北市	南港區	南港區三重路與新民街口	25.0561586	121.613969	0	0	1	3	8	5	5	4	1	1	5	4	5	13	2	1	9	5	5	2	16	1	11	1	7	2	8	1		1	3	2	
113	7	5	19	20	臺北市	北投區	北投區西安街1段與西安街1段165巷口	25.1097612	121.518561	0	0	2	3	7	5	5	3	2	1	5	4	5	13	4	4	10	4	5	1	12	1	15	1	5	1	10	1		1	3	14	
113	7	5	19	29	臺北市	文山區	文山區忠順街2段與興隆路4段145巷22弄口	24.984739	121.5629154	0	0	2	2	7	5	5	3	1	1	5	4	5	13	4	4	10	5	5	2	16	1	5	1	5	2	10	1		1	2	14	
113	7	5	19	31	臺北市	松山區	松山區市民大道4段與八德路3段8巷口	25.04487745	121.5496656	0	0	1	2	8	5	5	3	1	1	5	4	5	13	4	4	9	4	5	2	17	4	6	1	6	1	10	1		1	2	12	
113	7	5	19	50	臺北市	士林區	士林區文林路與美崙街口	25.0973164	121.5239641	0	0	2	2	8	5	5	4	2	1	5	4	5	13	2	1	9	4	4	1	17	1	5	1	5	2	10	1		1	2	11	
113	7	5	20	0	臺北市	松山區	松山區市民大道4段與延吉街口	25.0444859	121.5535521	0	0	1	2	8	5	5	4	2	1	5	4	5	13	2	1	1	4	5	2	13	1	7	1	6	1	10	1		2	2	11	
113	7	5	20	10	臺北市	文山區	文山區木柵路4段與木柵路4段149巷口	24.99986448	121.5742675	0	0	1	2	7	5	5	3	1	1	5	4	5	13	4	4	10	5	5	2	17	4	5	1	3	1	10	1		1	2	11	
113	7	5	20	18	臺北市	大安區	大安區敦化南路2段63巷40號前	25.0309503	121.5510416	0	0	2	2	8	5	5	14	9	1	5	4	5	13	4	4	10	5	5	2	3	1	9	1	6	2	10	1		1	2	11	
113	7	5	20	30	臺北市	內湖區	內湖區康寧路3段與安康路口近南湖大橋	25.0648659	121.6110537	0	0	1	2	8	5	5	5	1	1	5	4	5	13	1	1	8	3	5	1	16	1	11	1	7	1	8	1		1	3	2	
113	7	5	20	32	臺北市	信義區	信義區松山路119巷5號	25.0475111	121.5787599	0	0	1	2	8	5	5	14	9	1	5	4	5	13	4	4	10	5	5	2	1	1	9	8	4	1	20	1		2	3	14	
113	7	5	22	20	臺北市	北投區	北投區大度路3段與立德路口	25.12297268	121.4714552	0	0	2	2	8	5	5	3	2	1	5	4	5	13	2	1	8	3	5	1	12	1	1	1	6	1	10	1		1	2	12	
113	7	5	23	14	臺北市	文山區	文山區光輝路與忠順街1段9巷口	24.9849939	121.5566108	0	0	1	2	7	5	5	4	1	1	5	4	5	13	4	4	10	5	5	2	15	1	9	1	5	1	10	1		1	2	11	
113	7	5	23	57	臺北市	中山區	中山區吉林路與長安東路2段口	25.0485638	121.5300095	0	0	2	2	8	5	5	4	1	1	5	4	5	13	1	1	5	4	5	2	16	1	5	1	5	1	10	1		1	2	11	
113	7	6	1	20	臺北市	松山區	松山區八德路2段366巷與八德路2段366巷45弄口	25.0463891	121.5460076	0	0	2	2	7	5	5	4	1	1	5	4	5	13	4	4	10	5	5	2	15	1	9	1	6	1	9	1		1	2	11	
113	7	6	2	15	臺北市	大安區	大安區忠孝東路4段71號	25.0416539	121.5470375	0	0	1	2	7	5	5	14	9	1	5	4	5	13	4	4	1	4	1	1	13	1	9	1	5	1	10	1		1	2	11	
113	7	6	6	22	臺北市	萬華區	萬華區武成街28巷與武成街口	25.018602	121.4953311	0	0	1	3	8	5	5	4	1	1	5	4	5	13	4	4	10	5	5	2	17	4	9	1	7	1	8	1		1	3	1	
113	7	6	6	31	臺北市	大同區	大同區民權西路與民權西路144巷口	25.0628822	121.5156599	0	0	1	2	8	6	5	4	2	1	5	4	5	13	2	1	1	4	5	2	13	4	9	1	6	1	10	1		1	3	12	
113	7	6	6	50	臺北市	中正區	中正區寧波西街83號	25.03023642	121.5166841	0	0	1	3	8	6	5	14	9	1	5	4	5	13	4	4	10	4	5	2	17	1	8	1	7	1	8	1		1	3	17	
113	7	6	8	27	臺北市	大同區	大同區民族西路與民族西路口118號旁無名巷口	25.0685257	121.516874	0	0	2	2	8	6	5	5	1	1	5	4	5	13	1	1	5	4	5	2	15	1	9	1	2	2	10	1		1	2	11	
113	7	6	8	30	臺北市	松山區	松山區松河街14號	25.05084356	121.5722553	0	0	2	2	8	7	5	14	9	1	5	4	5	13	1	1	8	5	5	1	12	1	9	1	6	1	11	1		2	2	11	
113	7	6	8	35	臺北市	中山區	中山區民權東路2段148號前	25.0623432	121.5344884	0	0	1	2	8	7	5	14	9	1	5	4	5	13	4	4	1	4	5	2	17	4	14	1	3	1	4	1		1	3	17	
113	7	6	8	50	臺北市	大同區	大同區民權西路與民權西路144巷口口	25.0628701	121.5159517	0	0	1	2	8	6	5	4	1	1	5	4	5	13	2	1	5	5	5	2	16	1	6	1	7	2	8	1		1	3	5	
113	7	6	8	59	臺北市	萬華區	萬華區萬大路486巷10弄與萬大路470巷口	25.03513614	121.5070446	0	0	1	2	8	7	5	3	2	1	5	4	5	13	4	4	10	5	5	2	17	1	6	8	4	2	20	1		2	3	11	
113	7	6	9	18	臺北市	信義區	信義區光復南路495號	25.0325407	121.5575451	0	0	1	2	8	6	5	14	9	1	5	4	5	13	4	4	1	4	5	2	12	4	7	1	3	2	4	1		1	3	6	
113	7	6	9	20	臺北市	中正區	中正區市民大道1段168號迴轉道	25.0483821	121.5186413	0	0	1	2	8	7	5	22	6	1	5	4	5	13	4	4	5	5	5	2	12	1	1	1	7	2	4	1		1	3	4	
113	7	6	9	20	臺北市	士林區	士林區承德路4段9巷與通河街2巷口	25.07885204	121.5231545	0	0	1	2	8	6	5	3	1	1	5	4	5	13	4	4	5	4	5	1	4	4	5	1	3	2	4	1		1	3	1	
113	7	6	9	25	臺北市	內湖區	內湖區安康路32巷與安康路口	25.06267545	121.5949346	0	0	2	5	8	7	5	3	18	1	5	4	5	13	2	1	5	4	5	2	3	5	16	8	4	10	20	1		2	3	16	
113	7	6	9	25	臺北市	內湖區	內湖區成美右岸河濱公園自行車道東往西(成美長壽橋附近)	25.05354725	121.5797292	0	0	1	2	8	5	5	14	23	1	5	4	5	13	4	4	9	5	5	2	27	1	9	8	4	1	20	1		3	2	11	
113	7	6	9	52	臺北市	中正區	中正區市民大道2段與金山北路口	25.04589057	121.5308341	0	0	1	2	8	5	5	5	2	1	5	4	5	13	1	1	1	5	5	2	17	1	8	1	7	1	8	1		1	3	5	5
113	7	6	9	52	臺北市	松山區	松山區市民大道6段與松山路口	25.048935	121.5777597	0	0	4	4	8	7	5	4	1	1	5	4	5	13	2	1	1	4	4	2	13	1	9	3	5	1	18	1		2	2	11	
113	7	6	10	0	臺北市	信義區	信義區信義路5段與基隆路2段口	25.0328904	121.5604373	0	0	1	2	8	7	5	14	20	1	5	4	5	13	4	4	10	5	5	2	29	1	9	8	4	9	20	1		2	2	14	
113	7	6	10	0	臺北市	文山區	文山區羅斯福路5段218巷與羅斯福路5段218巷38弄口	25.0020952	121.5368203	0	0	1	2	8	6	5	4	1	1	5	4	5	13	4	4	10	5	5	2	15	1	9	1	7	1	8	1		1	3	5	
113	7	6	10	16	臺北市	北投區	北投區大同街311號	25.1403894	121.4993647	0	0	2	3	8	5	5	14	9	1	5	4	5	13	4	4	9	5	5	2	13	1	11	1	5	1	10	1		1	3	13	
113	7	6	10	37	臺北市	中山區	中山區建國北路3段與松江路469巷口	25.066872	121.5341327	0	0	2	2	8	7	5	14	9	1	5	4	5	13	4	4	5	5	5	2	3	4	9	1	3	1	10	1		1	2	11	
113	7	6	10	56	臺北市	萬華區	萬華區青年路152巷與青年路168巷口	25.0204237	121.5016812	0	0	1	2	8	6	5	3	2	1	5	4	5	13	4	4	10	5	5	1	14	4	2	1	3	1	10	1		2	2	13	
113	7	6	11	13	臺北市	信義區	信義區基隆路汽機車混合地下道往北	25.0358552	121.5617334	0	0	2	4	8	5	8	22	22	1	5	4	5	13	4	4	10	4	5	2	29	1	9	1	7	2	4	1		1	3	9	
113	7	6	11	45	臺北市	信義區	信義區虎林街132巷與忠孝東路5段372巷口口	25.0403806	121.574004	0	0	2	2	7	6	5	4	1	1	5	4	5	13	4	4	5	5	5	2	16	4	9	1	5	1	10	1		1	2	12	
113	7	6	12	12	臺北市	萬華區	萬華區長順街與長順街14巷口	25.0316015	121.4902726	0	0	2	3	8	6	5	4	1	1	5	4	5	10	4	4	9	5	5	1	15	4	9	1	3	1	10	1		2	2	15	
113	7	6	12	25	臺北市	大安區	大安區復興南路2段205號	25.0262519	121.5435336	0	0	1	2	7	6	5	14	9	1	5	4	5	13	4	4	1	4	5	2	13	1	9	1	5	1	10	1		1	2	11	
113	7	6	12	48	臺北市	松山區	松山區光復北路11巷97號	25.05032259	121.5622503	0	0	1	2	7	5	5	14	9	1	5	4	5	13	4	4	9	4	5	2	16	1	1	1	6	1	10	1		2	2	12	
113	7	6	12	58	臺北市	大安區	大安區青田街7巷與和平東路1段183巷口	25.0281188	121.5330336	0	0	1	2	7	6	8	4	1	1	5	4	5	13	4	4	8	3	5	2	15	4	9	1	3	1	8	1		1	3	2	
113	7	6	13	21	臺北市	中正區	中正區晉江街與晉江街46巷口	25.0243473	121.5231177	0	0	1	2	8	7	5	3	1	1	5	4	5	13	4	4	10	5	5	2	17	1	6	1	7	1	8	1		1	3	5	
113	7	6	13	30	臺北市	文山區	文山區木柵路1段與木柵路1段76巷口	24.98748799	121.5501937	0	0	2	5	8	6	5	4	1	1	5	4	5	13	2	1	5	4	5	2	13	4	9	1	3	1	4	1		1	3	1	
113	7	6	13	30	臺北市	松山區	松山區復興北路與八德路3段口	25.0472722	121.5439528	0	0	1	2	8	7	5	14	9	1	4	4	5	13	1	1	1	3	5	2	13	1	1	1	7	1	4	1		1	3	1	
113	7	6	13	33	臺北市	北投區	北投區公館路376巷6弄與公館路358巷口	25.1240843	121.5038613	0	0	4	4	8	6	5	4	1	1	5	4	5	13	4	4	10	5	5	2	15	1	9	1	5	2	10	2		1	2	14	
113	7	6	13	42	臺北市	中正區	中正區中華路2段與廣州街口	25.0361632	121.5065992	0	0	1	2	8	6	5	14	9	1	5	4	5	13	1	1	3	4	5	2	12	1	9	1	7	1	8	1		1	3	8	
113	7	6	14	23	臺北市	大安區	大安區延吉街138巷與延吉街口	25.0398494	121.554864	0	0	1	2	8	6	5	4	1	1	5	4	5	13	4	4	10	5	5	2	15	1	9	1	7	1	4	1		1	3	2	
113	7	6	14	38	臺北市	中山區	中山區市民大道2段與林森北路口	25.0478805	121.5241725	0	0	1	2	8	7	5	4	3	1	5	4	5	13	1	1	1	4	5	2	17	4	9	1	3	2	8	1		1	3	1	
113	7	6	14	43	臺北市	中正區	中正區八德路1段與金山北路口	25.04376296	121.5301583	0	0	2	2	8	6	5	4	1	1	5	4	5	13	2	1	5	4	5	2	12	1	7	1	5	2	10	1		1	2	12	
113	7	6	15	6	臺北市	萬華區	萬華區青年路44號對面	25.0253556	121.5041494	0	0	3	3	7	7	5	14	9	1	5	4	5	13	4	4	8	3	5	2	16	1	5	1	5	2	10	1		2	2	14	
113	7	6	15	13	臺北市	內湖區	內湖區新明路與成功路2段口	25.0608279	121.5911535	0	0	1	4	8	6	5	4	1	1	5	4	5	13	2	1	9	4	5	2	13	1	9	1	6	1	10	1		1	3	11	
113	7	6	16	5	臺北市	信義區	信義區福德街與福德街84巷口	25.0371797	121.5814339	0	0	5	7	8	6	5	4	1	4	5	4	1	11	2	1	1	4	5	2	15	1	15	1	7	2	8	1		1	3	5	
113	7	6	16	56	臺北市	信義區	信義區虎林街117-1號	25.0423587	121.5768692	0	0	3	4	7	5	5	14	9	1	5	4	5	13	4	4	10	4	5	1	9	4	15	1	3	2	10	1		1	2	11	
113	7	6	17	32	臺北市	大同區	大同區西寧北路83號	25.05653196	121.5089756	0	0	1	2	7	6	5	14	9	1	5	4	5	13	4	4	5	5	5	2	17	1	5	6	7	2	18	1		1	3	5	
113	7	6	17	45	臺北市	士林區	士林區小西街28-1號	25.08960165	121.5232466	0	0	1	2	7	7	5	14	9	1	5	4	5	13	4	4	10	5	5	1	17	1	9	1	5	1	10	1		1	3	14	
113	7	6	18	37	臺北市	文山區	文山區恆光街17巷1號	24.9838051	121.56673	0	0	1	2	7	6	5	14	9	1	5	4	5	13	4	4	9	5	5	2	16	1	1	1	6	2	10	1		2	2	14	
113	7	6	19	23	臺北市	北投區	北投區石牌路2段與振興街口	25.1189683	121.5213661	0	0	1	2	8	5	5	4	1	1	5	4	5	13	2	1	5	4	5	2	16	1	5	1	7	11	8	1		1	3	2	
113	7	6	19	37	臺北市	中正區	中正區中華路1段與秀山街口	25.0429631	121.5087438	0	0	1	2	7	5	5	3	1	1	5	4	5	13	4	4	1	4	5	2	16	1	5	1	7	2	4	1		1	3	5	
113	7	6	20	46	臺北市	大同區	大同區民權西路與民權西路口0804119燈桿	25.063079	121.5141126	0	0	2	2	8	5	5	14	9	1	5	4	5	13	4	4	1	4	5	2	16	1	5	1	6	2	10	1		1	2	14	
113	7	6	21	22	臺北市	中正區	中正區杭州南路1段與濟南路1段口	25.04159169	121.5260422	0	0	1	2	7	5	6	4	1	1	5	4	5	13	1	1	9	4	5	2	17	1	5	1	7	1	8	1		2	3	8	
113	7	6	22	56	臺北市	信義區	信義區松壽路2號	25.0358897	121.5623525	0	0	1	2	7	5	5	14	9	1	5	4	5	13	4	4	9	4	5	2	16	4	5	6	3	1	18	1		1	3	1	
113	7	7	1	3	臺北市	北投區	北投區竹子湖路第1207467號燈桿旁	25.1796462	121.5445023	0	0	1	2	7	5	6	11	9	1	5	4	5	13	4	4	4	5	5	1	18	1	9	1	5	1	10	1		1	2	12	
113	7	7	2	19	臺北市	大安區	大安區忠孝東路4段221號	25.0415575	121.5524109	0	0	1	3	8	5	5	14	9	1	5	4	5	13	4	4	8	3	5	1	11	2	9	1	5	1	10	1		1	4	12	
113	7	7	6	15	臺北市	大同區	大同區民權西路與承德路2段口	25.0628048	121.5183848	0	0	3	3	8	5	5	5	1	1	5	4	5	13	2	1	1	4	1	2	15	1	9	1	5	2	10	1		1	2	11	
113	7	7	6	36	臺北市	大安區	大安區羅斯福路2段93號	25.0256723	121.5236219	0	0	1	2	8	6	5	14	9	1	5	4	5	13	1	1	1	4	5	2	13	4	9	1	3	1	8	1		1	3	1	
113	7	7	6	46	臺北市	萬華區	萬華區中華路2段416巷與國興路口	25.0274023	121.5052792	0	0	1	2	8	5	5	4	18	1	5	4	5	13	1	1	5	5	5	2	3	4	5	1	5	1	10	1		1	3	11	
113	7	7	8	36	臺北市	萬華區	萬華區忠孝西路2段16巷與洛陽街口	25.0473567	121.508327	0	0	1	2	8	7	5	3	2	1	5	4	5	13	3	1	8	3	5	2	12	4	9	7	3	11	19	2		1	4	15	
113	7	7	8	38	臺北市	中山區	中山區大直街40號	25.08179595	121.5463992	0	0	1	2	8	6	5	14	9	1	5	4	5	13	4	4	5	5	5	2	17	4	11	8	2	10	20	1		2	2	12	14
113	7	7	8	40	臺北市	中山區	中山區新生北路1段與長安東路1段口	25.04813381	121.5295037	0	0	2	3	8	7	5	4	2	2	5	4	5	13	1	1	5	4	5	2	17	4	8	8	3	1	20	1		1	2	12	
113	7	7	9	19	臺北市	內湖區	內湖區新明路與新明路380巷口	25.05473709	121.5801773	0	0	1	2	8	6	5	4	1	1	5	4	5	13	4	4	10	4	5	2	15	1	9	1	5	1	10	1		1	2	11	
113	7	7	10	6	臺北市	萬華區	萬華區環河南路1段23號	25.0467368	121.5039854	0	0	1	2	8	7	5	14	9	1	5	4	5	13	4	4	10	4	5	2	13	1	9	1	5	1	10	1		2	2	11	
113	7	7	10	30	臺北市	松山區	松山區撫遠街與富錦街口	25.061822	121.5663193	0	0	2	4	7	7	5	4	1	1	5	4	5	13	1	1	1	3	5	2	12	1	9	1	5	1	10	1		2	2	11	
113	7	7	10	33	臺北市	士林區	士林區士東路266巷5弄16號	25.1125997	121.5374296	0	0	1	2	8	5	5	14	9	1	5	4	5	13	4	4	9	5	5	2	12	1	1	1	7	1	8	1		1	3	8	
113	7	7	10	40	臺北市	北投區	北投區大業路與大同街口	25.1369322	121.4991991	0	0	1	2	8	6	5	4	2	1	5	4	5	13	1	1	1	4	5	2	16	1	11	1	7	1	8	1		2	3	5	
113	7	7	10	43	臺北市	信義區	信義區松山路407號	25.0413887	121.5779069	0	0	1	2	8	5	8	22	22	1	5	4	5	13	4	4	1	4	5	2	17	1	7	1	7	1	1	1		1	3	2	
113	7	7	11	0	臺北市	內湖區	內湖區安泰街69巷與安泰街68巷口	25.07557838	121.616824	0	0	1	2	8	5	5	4	1	1	5	4	5	13	4	4	10	5	5	2	17	1	6	1	7	2	8	1		1	3	8	
113	7	7	11	12	臺北市	大安區	大安區和平東路2段與和平東路2段18巷口	25.0258208	121.535855	0	0	1	2	8	5	5	3	1	1	5	4	5	13	1	1	8	3	4	1	16	1	6	1	7	1	8	1		1	3	2	
113	7	7	11	22	臺北市	士林區	士林區基河路240巷與基河路口	25.0913396	121.5216036	0	0	1	2	8	5	5	4	1	1	5	4	5	13	2	1	5	4	5	1	15	1	15	1	7	2	8	1		1	3	5	
113	7	7	11	37	臺北市	大安區	大安區基隆路3段與辛亥路3段口口	25.0186671	121.5466846	0	0	1	2	8	6	5	14	9	1	5	4	5	13	2	1	8	3	5	1	13	4	15	1	3	1	10	1		1	2	11	
113	7	7	11	40	臺北市	中正區	中正區天津街2號	25.0461665	121.5219131	0	0	1	2	8	7	5	14	9	1	5	4	5	13	4	4	10	5	5	2	17	1	11	1	7	2	8	1		1	3	4	
113	7	7	11	44	臺北市	大安區	大安區基隆路4段43號	25.0138581	121.5404994	0	0	1	2	8	6	5	22	6	1	5	4	5	13	2	1	1	4	4	2	17	1	1	1	7	1	8	1		2	3	8	
113	7	7	12	9	臺北市	中正區	中正區思源街1號	25.0133109	121.5300679	0	0	1	3	8	7	5	14	9	1	5	4	5	13	1	1	1	4	5	2	17	1	14	1	7	1	2	1		1	3	6	
113	7	7	12	25	臺北市	北投區	北投區公館路372號	25.1228418	121.5040477	0	0	1	2	8	6	5	14	9	1	5	4	5	13	4	4	5	4	5	2	13	1	9	1	6	1	10	1		2	2	11	
113	7	7	12	51	臺北市	中山區	中山區中山北路1段121巷與中山北路1段口	25.0527816	121.5227708	0	0	2	3	8	6	5	3	2	1	5	4	5	13	4	4	1	4	1	2	17	1	8	1	7	9	4	1		1	3	17	
113	7	7	14	3	臺北市	文山區	文山區興隆路3段207巷7弄12號	24.9955712	121.5609766	0	0	1	2	8	6	5	4	1	1	5	4	5	13	4	4	10	5	5	2	16	1	1	1	6	1	10	1		2	2	11	
113	7	7	14	9	臺北市	中山區	中山區市民高架道與中山北路1段口	25.04477288	121.5365769	0	0	2	5	7	6	5	14	9	1	5	4	5	13	4	4	9	4	5	2	13	1	9	1	7	1	8	1		2	3	1	
113	7	7	14	15	臺北市	中正區	中正區市民大道2段與長安東路1段30巷口口	25.04742654	121.525836	0	0	1	2	7	7	5	3	2	1	5	4	5	13	1	1	1	4	1	2	13	1	9	1	7	1	8	1		1	3	1	
113	7	7	14	15	臺北市	北投區	北投區公館路與公館路334巷口	25.123779	121.5053074	0	0	1	2	7	6	5	4	1	1	5	4	5	13	3	1	5	4	4	1	17	1	5	1	6	1	10	1		1	3	13	
113	7	7	14	48	臺北市	松山區	松山區民權東路5段與撫遠街口口	25.0631391	121.5660647	0	0	1	2	8	5	5	4	2	1	5	4	5	13	1	1	1	4	5	1	17	1	9	1	5	2	10	1		1	2	14	
113	7	7	14	58	臺北市	內湖區	內湖區民權大橋(東往西向)	25.0642816	121.5695421	0	0	2	3	7	5	5	8	11	1	5	4	5	13	4	4	1	4	5	2	13	1	9	1	5	2	10	1		2	2	11	
113	7	7	15	48	臺北市	內湖區	內湖區潭美街與安美街口	25.0610168	121.602642	0	0	1	2	6	5	5	3	1	1	4	4	5	13	3	1	5	4	5	2	16	1	6	1	7	1	4	1		1	3	5	
113	7	7	15	50	臺北市	大安區	大安區和平東路1段66號	25.0268246	121.5242519	0	0	3	3	8	6	5	14	8	1	5	4	5	13	4	4	1	4	4	2	12	4	9	1	5	1	10	1		2	2	12	
113	7	7	16	0	臺北市	士林區	士林區基河路與文林路口	25.08621425	121.5254158	0	0	1	2	8	5	8	4	2	1	4	4	5	13	2	1	5	4	5	2	17	1	5	1	7	1	2	1		1	3	17	
113	7	7	16	0	臺北市	士林區	士林區文林路與基河路口	25.0865221	121.5255264	0	0	1	2	8	5	5	3	2	1	5	4	5	13	4	4	4	1	5	1	17	1	6	1	5	1	10	1		2	2	11	
113	7	7	16	10	臺北市	信義區	信義區忠孝東路4段559巷與忠孝東路4段口	25.0412388	121.5636016	0	0	1	2	6	6	5	3	2	1	4	4	5	13	4	4	3	4	5	2	15	1	15	1	7	2	8	1		1	3	4	
113	7	7	17	0	臺北市	中山區	中山區民權東路2段與中原街口	25.0626387	121.5290088	0	0	1	2	8	6	5	4	1	1	5	4	5	13	1	1	5	5	5	2	17	1	5	1	7	1	8	1		1	3	8	12
113	7	7	17	6	臺北市	萬華區	萬華區寶興街80巷與西園路2段261巷口	25.02518	121.4933199	0	0	1	2	7	5	5	4	1	1	5	4	5	13	4	4	9	5	5	1	3	4	6	1	3	1	8	1		1	3	1	
113	7	7	17	8	臺北市	松山區	松山區市民高架道第6510786號電桿	25.0450179	121.5489355	0	0	1	3	7	6	5	10	7	1	5	4	5	13	4	4	1	4	5	1	13	1	9	1	7	1	8	1		1	3	1	
113	7	7	17	15	臺北市	文山區	文山區景華街與景華街128巷口口	24.9957903	121.5471466	0	0	2	2	8	6	5	3	1	1	5	4	5	13	3	1	10	5	5	2	16	2	5	8	4	1	20	1		1	2	11	
113	7	7	17	54	臺北市	文山區	文山區辛亥路5段與辛亥路5段25巷口口	24.9998833	121.5541998	0	0	1	2	8	6	5	4	1	1	5	4	5	10	1	1	1	4	5	2	16	1	11	1	7	1	4	1		1	3	6	
113	7	7	18	6	臺北市	文山區	文山區景美堤外便道東往西方向(景美002燈桿)	24.98837394	121.5390838	0	0	1	2	8	6	8	14	23	1	5	4	5	13	4	4	9	5	5	1	9	1	15	8	4	1	20	1		1	3	11	