年	月	日	時	分	縣市	行政區	allLocation	GoogleLat	GoogleLng	死	2-30	受傷	當事人數	天候	道路照明設備	道路類別	道路型態	事故位置	路面狀況1	路面狀況2	路面狀況3	道路障礙1	道路障礙2	號誌1	號誌2	車道劃分-分向	車道劃分-分道1	車道劃分-分道2	車道劃分-分道3	事故類型及型態	行動電話	當事者行動狀態	駕駛資格情形	保護裝置	飲酒情形	駕駛執照種類	個人肇逃否	肇因碼-主要	性別	受傷程度	車輛撞擊部位1	車輛撞擊部位2
113	7	7	18	12	臺北市	松山區	松山區光復南路22巷與光復南路32巷16弄口	25.0470347	121.5563824	0	0	1	2	7	5	5	4	1	1	4	4	5	13	4	4	10	5	5	2	15	1	9	1	7	1	4	1		1	3	2	
113	7	7	18	19	臺北市	北投區	北投區文林北路與文承路口	25.1060552	121.5165105	0	0	1	2	8	6	5	4	1	1	5	4	5	13	1	1	1	4	4	2	16	1	5	1	7	1	8	1		2	3	5	
113	7	7	18	19	臺北市	文山區	文山區汀州路4段與基隆路4段口	25.0108001	121.5364365	0	0	3	3	8	5	5	5	1	1	5	4	5	13	2	1	10	5	5	2	16	1	6	1	6	1	10	1		1	2	14	
113	7	7	18	25	臺北市	中山區	中山區南京東路3段與南京東路3段48巷口	25.0517934	121.5385739	0	0	1	2	8	7	5	3	1	1	5	4	5	13	4	4	1	4	4	2	16	4	6	1	3	1	8	1		2	3	5	
113	7	7	18	26	臺北市	萬華區	萬華區艋舺大道167號(凱達飯店車道口)	25.03302081	121.4994602	0	0	3	3	7	6	5	3	1	1	5	4	5	13	4	4	1	4	5	2	17	1	6	1	7	1	8	1		2	2	6	12
113	7	7	19	9	臺北市	中正區	中正區汀州路3段與思源街口	25.0150914	121.5322022	0	0	1	2	7	5	5	3	1	1	5	4	5	13	1	1	5	2	5	2	17	1	5	1	6	1	10	1		1	3	14	
113	7	7	19	9	臺北市	信義區	信義區基隆路1段366號	25.0353882	121.5608049	0	0	1	2	8	5	5	14	9	1	5	4	5	13	4	4	1	4	5	2	17	1	6	1	7	1	8	1		1	3	5	
113	7	7	19	10	臺北市	內湖區	內湖區康樂街162巷	25.0726556	121.619422	0	0	1	3	7	5	5	14	9	1	5	4	5	13	4	4	9	5	5	2	13	1	9	1	5	1	10	1		1	3	11	
113	7	7	19	37	臺北市	萬華區	萬華區環河南路2段與西藏路口	25.0304222	121.4899019	0	0	1	2	8	5	5	3	2	1	5	4	5	13	1	1	9	5	5	2	17	1	9	6	7	1	8	1		1	3	1	
113	7	7	20	12	臺北市	南港區	南港區南港路1段8號	25.0548361	121.6197031	0	0	2	3	7	5	5	14	9	1	5	4	5	13	4	4	5	4	5	2	13	1	9	1	6	1	10	1		1	2	11	
113	7	7	20	16	臺北市	中山區	中山區樂群二路與敬業三路口	25.0799266	121.5562051	0	0	1	2	8	5	5	4	1	1	5	4	5	13	2	1	1	4	5	2	16	1	5	1	7	2	8	1		1	3	8	
113	7	7	21	15	臺北市	大同區	大同區重慶北路3段與重慶北路3段223巷口	25.0706701	121.5139779	0	0	3	5	7	5	5	4	2	1	5	4	5	13	2	1	1	4	5	2	13	4	9	1	3	2	8	1		2	2	1	
113	7	7	23	12	臺北市	南港區	南港區南港路2段與南港路2段60巷口	25.053937	121.6041333	0	0	1	2	8	5	5	4	1	1	5	4	1	13	2	1	4	3	4	2	16	4	5	1	3	2	8	1		1	3	8	
113	7	8	0	56	臺北市	士林區	士林區凱旋路與光華路口	25.13655003	121.5420331	0	0	1	2	8	5	5	3	2	1	5	4	5	13	4	4	10	5	5	1	11	1	9	1	7	1	8	1		2	3	4	
113	7	8	3	19	臺北市	大安區	大安區仁愛路4段與光復南路口	25.0378908	121.5574342	0	0	1	2	8	5	5	4	2	1	5	4	5	13	2	1	8	3	5	1	16	1	6	1	7	1	4	1		1	3	2	
113	7	8	4	14	臺北市	信義區	信義區松仁路130號	25.0337116	121.568221	0	0	1	2	7	5	5	14	9	1	5	4	5	13	4	4	1	4	5	2	12	1	7	1	7	2	4	1		1	3	2	
113	7	8	5	6	臺北市	萬華區	萬華區環河快速道路接華中橋匝道	25.0165663	121.4954003	0	0	1	3	8	5	8	22	22	1	5	4	5	13	1	1	10	5	5	2	13	4	15	1	3	1	6	1		1	3	1	
113	7	8	6	58	臺北市	內湖區	內湖區潭美街與安康路228巷口	25.0611664	121.6035797	0	0	1	2	8	5	5	3	1	1	5	4	5	13	1	1	5	5	5	2	16	1	5	1	7	1	8	1		1	3	1	
113	7	8	7	16	臺北市	南港區	南港區舊莊街1段100號	25.04054254	121.6194239	0	0	1	2	8	7	5	14	9	1	5	4	5	13	4	4	4	3	5	2	12	1	9	1	5	1	10	1		1	2	11	
113	7	8	7	35	臺北市	北投區	北投區承德路6段與福國路口	25.1018583	121.5121367	0	0	2	2	8	7	5	14	12	1	5	4	5	13	1	1	1	4	4	2	13	4	9	1	3	1	10	1		1	2	11	
113	7	8	7	45	臺北市	文山區	文山區木柵路1段與辛亥路7段口	24.9877926	121.5521867	0	0	1	2	8	5	5	4	2	1	5	4	5	13	2	1	5	4	5	1	17	1	4	1	6	9	10	2		2	3	12	
113	7	8	7	45	臺北市	文山區	文山區羅斯福路6段與羅斯福路6段159巷口口	24.9969613	121.5410092	0	0	2	2	8	6	5	4	2	1	5	4	5	13	2	1	1	4	5	2	13	1	9	1	6	1	10	1		2	2	11	
113	7	8	7	55	臺北市	內湖區	內湖區陽光街與陽光街321巷口	25.073528	121.5785128	0	0	2	2	7	6	5	3	1	1	5	4	5	13	4	4	5	4	5	2	16	1	5	8	2	1	20	1		1	2	14	
113	7	8	8	0	臺北市	內湖區	內湖區舊宗路2段181巷與瑞湖街口	25.07194703	121.5762304	0	0	2	3	8	6	5	3	1	1	5	4	5	13	4	4	5	5	5	2	17	1	9	1	7	1	8	1		2	3	1	
113	7	8	8	10	臺北市	內湖區	內湖區舊宗路1段與南京東路6段口	25.0575219	121.5817078	0	0	2	4	8	6	5	3	1	1	5	4	5	13	1	1	1	5	1	2	28	1	8	1	7	2	7	1		1	3	2	
113	7	8	8	16	臺北市	大同區	大同區重慶北路1段與鄭州路口	25.049492	121.5132417	0	0	1	2	8	6	5	5	1	1	5	4	5	13	2	1	4	3	5	1	12	4	15	1	3	1	10	1		2	3	13	
113	7	8	8	25	臺北市	信義區	信義區富陽街55巷與富陽街21巷口	25.0225945	121.5574485	0	0	2	2	8	6	5	4	1	1	5	4	5	13	4	4	10	5	5	2	15	4	9	1	6	2	10	1		2	2	12	
113	7	8	8	25	臺北市	松山區	松山區市民大道5段與東興路口	25.0484553	121.566107	0	0	2	3	8	5	5	4	1	1	5	4	5	13	1	1	8	3	5	1	13	1	9	1	3	1	9	1		1	2	11	
113	7	8	8	26	臺北市	士林區	士林區承德路4段與劍潭路口	25.0844437	121.5234002	0	0	2	3	8	7	5	4	1	1	5	4	5	13	2	1	1	4	5	2	13	1	9	1	6	1	10	1		2	2	11	
113	7	8	8	40	臺北市	士林區	士林區士林橋	25.0987701	121.5235968	0	0	1	2	8	7	5	8	9	1	5	4	5	13	4	4	4	3	5	1	13	1	9	1	5	2	10	1		1	2	14	
113	7	8	8	48	臺北市	中正區	中正區莒光路與莒光路93巷口	25.0312428	121.5048976	0	0	2	2	8	6	5	4	18	1	5	4	5	13	4	4	3	4	5	2	3	1	9	1	5	2	10	1		2	2	11	
113	7	8	9	0	臺北市	萬華區	萬華區桂林路與梧州街口	25.0384717	121.4976289	0	0	1	2	8	6	5	4	1	1	5	4	5	13	4	4	10	5	5	2	17	1	6	1	5	1	10	1		1	3	17	
113	7	8	9	5	臺北市	松山區	松山區三民路與三民路29巷口	25.05500962	121.5637315	0	0	1	2	8	7	5	3	1	1	5	4	5	13	4	4	9	5	5	2	17	4	15	1	7	1	8	1		1	3	1	
113	7	8	9	16	臺北市	中正區	中正區汀州路2段與同安街口	25.0240661	121.5217512	0	0	3	3	8	7	5	4	1	1	5	4	5	13	1	1	5	5	5	2	16	4	5	1	5	1	10	1		1	2	11	
113	7	8	9	22	臺北市	中正區	中正區金山北路與市民大道2段口迴轉道	25.0453455	121.5303603	0	0	2	2	8	7	5	3	1	1	5	4	5	13	4	4	10	5	5	2	12	1	15	1	5	2	10	1		1	2	14	
113	7	8	10	12	臺北市	萬華區	萬華區中興橋機車道往台北市	25.0454702	121.4983594	0	0	2	3	8	5	7	14	11	1	5	4	5	13	4	4	10	5	5	2	17	4	9	1	5	2	10	2		4	2	11	
113	7	8	10	16	臺北市	萬華區	萬華區堤外便道與堤外便道口華中露營區出入口	25.0159779	121.4964474	0	0	1	2	8	7	6	3	1	1	5	4	5	13	4	4	9	5	5	2	16	1	5	1	7	1	8	1		2	3	4	
113	7	8	10	20	臺北市	中山區	中山區吉林路432號	25.0662246	121.5304019	0	0	1	2	8	7	5	14	9	1	5	4	5	13	4	4	9	4	5	2	12	1	11	1	7	1	8	1		1	3	4	
113	7	8	10	52	臺北市	信義區	信義區永吉路134號	25.0455634	121.5706318	0	0	2	2	8	7	5	14	9	1	5	4	5	13	1	1	1	4	5	2	17	4	9	1	3	2	8	1		1	2	5	
113	7	8	11	13	臺北市	中正區	中正區中華路2段與中華路2段39巷口	25.03526471	121.5063623	0	0	1	2	8	6	5	3	1	1	5	4	5	13	4	4	5	4	5	2	16	1	6	1	7	1	4	1		1	3	4	
113	7	8	11	41	臺北市	信義區	信義區基隆路2段177號	25.0254766	121.5538912	0	0	1	2	8	7	5	14	9	1	5	4	5	13	4	4	3	4	5	2	13	1	8	1	6	1	9	1		1	2	11	
113	7	8	12	10	臺北市	中山區	中山區中原街與新生北路2段45巷口	25.0561758	121.5288677	0	0	1	2	8	7	5	4	2	1	5	4	5	13	4	4	9	4	5	2	17	4	8	8	3	1	20	1		2	2	14	
113	7	8	12	10	臺北市	中山區	中山區建國北路1段與朱崙街口	25.0500442	121.5370188	0	0	1	2	8	7	5	3	1	1	5	4	5	13	4	4	1	4	5	2	17	1	7	1	7	1	4	1		1	3	6	
113	7	8	12	35	臺北市	松山區	松山區民權東路5段與撫遠街口	25.0632969	121.5658784	0	0	2	2	7	6	5	4	1	1	5	4	5	13	1	1	1	4	5	2	15	1	9	3	5	1	18	1		2	2	11	
113	7	8	13	36	臺北市	中正區	中正區重慶南路2段與重慶南路2段7巷口	25.0331827	121.5137024	0	0	1	3	8	6	5	3	1	1	5	4	5	13	4	4	3	4	5	2	17	1	6	1	7	2	4	2		1	3	17	
113	7	8	13	53	臺北市	中山區	中山區中山北路4段出圓山涵洞	25.0769632	121.5254354	0	0	2	3	8	7	5	14	9	1	5	4	5	13	1	1	9	4	5	2	13	1	9	3	7	1	18	1		1	3	1	
113	7	8	14	21	臺北市	大同區	大同區民權西路與民權西路94巷口	25.062715	121.518809	0	0	1	2	7	6	5	3	2	1	5	4	5	8	4	4	3	4	4	2	17	1	9	8	4	2	20	1		2	2	11	
113	7	8	14	32	臺北市	中正區	中正區南海路與重慶南路2段口	25.0319105	121.5144276	0	0	1	2	8	6	5	4	1	1	5	4	5	13	1	1	10	4	5	2	17	1	9	1	7	2	8	1		2	3	2	
113	7	8	14	42	臺北市	中山區	中山區建國高架道往北濱江匝道旁	25.06686957	121.5349104	0	0	2	4	8	5	5	10	9	1	5	4	5	13	4	4	2	3	5	1	13	1	9	1	7	1	8	1		1	2	1	1
113	7	8	15	37	臺北市	中山區	中山區北安路與明水路口	25.0857552	121.552455	0	0	1	2	6	7	5	5	1	1	4	4	5	13	1	1	1	4	5	2	13	1	9	1	5	1	10	1		1	2	11	
113	7	8	15	47	臺北市	中山區	中山區長春路與遼寧街口	25.05461067	121.5421034	0	0	1	2	7	7	5	4	1	1	5	4	5	13	1	1	5	4	5	2	16	1	5	1	7	1	4	1		1	3	8	
113	7	8	16	14	臺北市	松山區	松山區新東街51巷27號	25.0615225	121.5638286	0	0	1	5	6	7	5	14	9	1	4	4	5	13	4	4	10	5	5	2	17	1	1	1	7	2	8	1		1	3	8	
113	7	8	16	15	臺北市	萬華區	萬華區開封街2段與漢中街口	25.0462606	121.5080274	0	0	1	2	6	7	5	3	2	1	4	4	5	13	4	4	9	5	5	2	9	5	16	8	4	10	20	1		1	2	16	
113	7	8	16	57	臺北市	文山區	文山區木柵路1段240號	24.98804404	121.5538297	0	0	1	2	7	6	5	14	9	1	4	4	5	13	1	1	5	4	5	2	18	4	9	1	3	2	10	1		2	2	12	
113	7	8	17	5	臺北市	中山區	中山區建國北路2段147號	25.0617216	121.537295	0	0	1	2	6	7	5	14	9	1	4	4	5	13	4	4	1	4	5	2	12	1	8	1	7	1	8	1		1	3	2	
113	7	8	17	38	臺北市	北投區	北投區大業路與大業路280巷口南往北	25.1272019	121.498166	0	0	1	3	8	5	5	3	2	1	5	4	5	13	1	1	9	4	5	1	17	1	6	1	7	1	8	1		1	3	5	
113	7	8	17	54	臺北市	萬華區	萬華區梧州街29號	25.0376566	121.4976454	0	0	2	2	7	5	6	14	9	1	5	4	5	13	4	4	10	5	5	1	3	1	9	6	5	1	18	1		1	2	11	
113	7	8	18	4	臺北市	萬華區	萬華區堤外便道機車道往南方向	25.04844002	121.5051165	0	0	1	2	8	5	7	22	11	1	5	4	5	13	4	4	10	5	5	2	17	4	4	1	3	1	10	1		1	3	12	
113	7	8	18	10	臺北市	中正區	中正區襄陽路與館前路口	25.04341991	121.5151106	0	0	1	2	8	6	5	3	1	1	5	4	5	13	1	1	9	4	5	1	17	1	6	1	6	2	10	1		1	2	12	
113	7	8	18	40	臺北市	士林區	士林區延平北路7段106巷331號	25.105047	121.4959103	0	0	1	4	6	6	5	14	9	1	4	4	2	13	4	4	10	5	5	1	17	1	9	1	5	9	9	1		1	2	12	
113	7	8	18	42	臺北市	中山區	中山區民族東路與濱江街180巷口	25.0682405	121.538114	0	0	2	3	7	5	5	4	2	1	5	4	5	13	2	1	3	4	4	2	16	4	5	1	3	2	10	1		1	2	12	
113	7	8	18	46	臺北市	萬華區	萬華區長順街與長順街14巷口	25.0315908	121.4902707	0	0	2	2	8	5	5	4	1	1	5	4	5	13	4	4	9	5	5	2	15	1	9	1	5	1	9	1		1	2	13	
113	7	8	19	11	臺北市	內湖區	內湖區文德路與文德路66巷口	25.07842406	121.5811876	0	0	1	2	8	5	5	4	2	1	5	4	5	13	2	2	1	4	5	2	17	1	6	1	7	1	8	1		1	3	6	
113	7	8	19	46	臺北市	信義區	信義區嘉興街175巷與嘉興街口	25.0278053	121.55713	0	0	1	2	7	5	5	4	1	1	5	4	5	13	4	4	10	5	5	2	16	1	5	1	7	1	8	1		2	3	4	
113	7	8	20	20	臺北市	中山區	中山區建國北路2段116巷與建國北路2段口	25.05879845	121.5366937	0	0	1	3	8	5	5	3	1	1	5	4	5	10	4	4	1	4	5	2	16	1	6	1	7	2	8	1		2	3	4	
113	7	8	20	30	臺北市	士林區	士林區通河西街2段與社正路口	25.0890428	121.5114212	0	0	1	2	8	5	5	3	2	1	5	4	5	13	2	1	5	5	5	2	17	1	6	1	7	1	8	1		1	3	4	
113	7	8	21	12	臺北市	中山區	中山區中山北路4段與新生高架道口圓山飯店下涵洞前	25.0768515	121.5252102	0	0	1	2	8	5	5	4	1	1	5	4	5	13	2	1	1	4	5	2	15	4	9	1	3	1	8	1		2	3	2	
113	7	8	21	15	臺北市	北投區	北投區明德路與明德路18巷口	25.10698327	121.5175398	0	0	3	3	8	5	5	14	9	1	5	4	5	13	4	4	9	4	5	2	17	1	9	1	5	1	10	1		1	2	11	
113	7	8	21	44	臺北市	松山區	松山區市民大道5段37號	25.04613814	121.560095	0	0	1	3	8	5	5	14	9	1	5	4	5	13	4	4	9	4	5	2	17	4	1	1	3	1	8	1		1	3	8	
113	7	8	22	12	臺北市	大安區	大安區四維路170巷29號	25.0282781	121.5467013	0	0	1	2	7	5	5	14	9	1	5	4	5	13	4	4	5	5	5	2	16	4	1	1	3	1	8	1		1	3	8	
113	7	8	23	10	臺北市	信義區	信義區嘉興街與嘉興街216巷口	25.0268713	121.5566693	0	0	1	2	8	5	5	3	2	1	5	4	5	13	4	4	4	5	5	2	16	4	5	1	3	1	8	1		2	3	8	
113	7	9	2	39	臺北市	士林區	士林區格致路16號	25.1365088	121.5463229	0	0	1	2	8	5	5	14	9	1	5	4	5	13	4	4	8	1	5	1	17	1	9	2	6	2	18	1		1	2	11	
113	7	9	3	59	臺北市	北投區	北投區湖山路1段與勝利街口	25.15232532	121.5471067	0	0	2	3	7	5	5	3	1	1	5	4	5	13	3	1	10	5	5	2	17	1	5	1	5	2	10	1		1	2	11	
113	7	9	6	17	臺北市	南港區	南港區東新街與東新街80巷口	25.0463701	121.5870309	0	0	1	2	8	7	5	4	2	1	5	4	5	13	1	1	5	4	5	2	15	1	9	8	4	1	20	1		2	2	12	
113	7	9	6	34	臺北市	大安區	大安區信義路4段與光復南路口	25.0332017	121.5573262	0	0	1	2	8	6	8	5	1	1	5	4	5	13	1	1	8	3	5	2	15	4	9	8	3	1	20	1		2	2	14	
113	7	9	6	52	臺北市	萬華區	萬華區西園路2段320巷55弄34號	25.02815715	121.4918089	0	0	1	2	8	5	5	14	9	1	5	4	5	13	4	4	10	5	5	2	17	4	9	1	7	1	8	1		1	3	8	
113	7	9	6	55	臺北市	中正區	中正區貴陽街1段與懷寧街口	25.03946669	121.5125476	0	0	1	2	8	6	5	3	1	1	5	4	5	13	4	4	5	5	5	2	12	4	9	1	6	2	10	1		2	2	14	
113	7	9	7	20	臺北市	文山區	文山區木柵路5段與木柵路5段43巷口口	25.0031194	121.5848315	0	0	2	2	8	6	5	3	1	1	5	4	5	13	4	4	10	5	5	2	16	1	5	1	5	1	10	1		1	2	11	
113	7	9	7	43	臺北市	信義區	信義區莊敬路與吳興街269巷1弄口	25.0279469	121.5640322	0	0	1	2	8	7	5	14	7	1	5	4	5	13	4	4	5	4	4	2	16	1	11	1	7	1	8	1		2	3	2	
113	7	9	7	57	臺北市	大同區	大同區延平北路4段169號	25.0737461	121.5115648	0	0	1	2	8	6	5	14	9	1	5	4	5	13	4	4	5	4	5	2	14	4	2	1	3	1	8	1		1	3	3	
113	7	9	8	0	臺北市	中山區	中山區中山北路3段與民族西路口	25.06844076	121.522542	0	0	1	2	8	7	5	4	1	1	5	4	5	13	2	1	5	4	5	2	13	4	9	1	6	2	10	1		2	2	11	
113	7	9	8	12	臺北市	文山區	文山區辛亥路4段與辛亥路4段101巷口	25.0065997	121.5585558	0	0	1	2	8	6	5	3	1	1	5	4	5	13	1	1	5	4	5	2	12	1	9	1	6	11	10	1		1	3	12	
113	7	9	8	14	臺北市	信義區	信義區忠孝東路4段547號	25.0413199	121.5617791	0	0	1	2	8	7	5	14	9	1	5	4	5	13	1	1	9	4	5	2	13	1	9	1	5	1	10	1		1	3	11	
113	7	9	8	18	臺北市	大同區	大同區寧夏路與保安街口	25.0593833	121.5148136	0	0	2	2	8	5	5	4	1	1	5	4	5	13	1	1	5	4	5	2	16	1	5	1	5	1	10	1		1	2	11	
113	7	9	8	25	臺北市	文山區	文山區新光路2段100號	25.0010923	121.5962851	0	0	1	2	7	6	5	14	9	1	5	4	5	13	4	4	5	5	5	1	13	4	9	1	3	1	10	1		1	2	11	
113	7	9	8	35	臺北市	內湖區	內湖區舊宗路2段與民權東路6段口	25.0659492	121.5748068	0	0	1	2	7	6	5	4	1	1	5	4	5	13	1	1	1	4	5	2	17	4	6	1	3	11	8	2		1	4	17	
113	7	9	8	44	臺北市	萬華區	萬華區艋舺大道與和平西路3段口	25.03389557	121.5050409	0	0	1	2	8	5	5	4	1	1	5	4	5	13	1	1	1	4	5	2	17	4	21	7	3	11	19	2		1	4	15	
113	7	9	8	55	臺北市	內湖區	內湖區民權東路6段與民權東路6段46巷口	25.06791769	121.5815972	0	0	2	2	8	5	5	4	1	1	5	4	5	13	1	1	5	4	5	2	16	1	5	1	6	2	10	1		1	2	11	
113	7	9	9	4	臺北市	北投區	北投區大度路3段與立德路口	25.1227073	121.4712727	0	0	2	2	8	5	5	3	1	1	5	4	5	13	2	1	3	4	4	2	12	1	8	1	5	2	10	1		1	2	12	
113	7	9	9	8	臺北市	士林區	士林區故宮路與力行街口	25.0959676	121.5484489	0	0	1	2	8	6	5	11	9	1	5	4	5	13	3	1	1	4	5	1	12	1	15	1	7	2	8	1		1	3	5	
113	7	9	9	8	臺北市	大安區	大安區仁愛路4段48巷與四維路6巷口	25.0371936	121.5470814	0	0	1	2	8	6	5	4	1	1	5	4	5	13	4	4	8	4	5	2	15	4	9	1	3	1	10	1		1	2	12	
113	7	9	9	20	臺北市	中山區	中山區民權東路3段與民權東路3段60巷口	25.06225909	121.5424182	0	0	2	3	8	5	5	4	1	1	5	4	5	13	1	1	1	4	5	2	16	1	6	1	6	1	10	1		2	3	12	
113	7	9	9	45	臺北市	萬華區	萬華區艋舺大道與和平西路3段口	25.033694	121.5044529	0	0	1	2	8	7	5	4	2	1	5	4	5	13	1	1	9	4	5	2	12	1	7	1	5	1	10	1		2	3	12	
113	7	9	9	50	臺北市	中山區	中山區北安路與明水路口	25.0858483	121.5522586	0	0	1	2	8	7	5	14	9	1	5	4	5	13	1	1	1	4	5	2	13	1	9	1	7	1	8	1		2	3	5	
113	7	9	10	10	臺北市	文山區	文山區萬盛街與羅斯福路5段97巷口	25.005255	121.5409519	0	0	1	3	8	6	6	4	2	1	5	4	5	13	1	1	5	5	5	2	17	1	14	1	7	2	7	1		1	3	2	
113	7	9	10	37	臺北市	大同區	大同區延平北路2段30號	25.0540791	121.5119429	0	0	1	2	8	7	5	14	25	4	5	4	5	13	4	4	10	5	5	2	9	4	21	7	3	11	19	2		2	4	15	
113	7	9	10	46	臺北市	中正區	中正區市民大道3段2號	25.0458033	121.5310704	0	0	1	2	8	6	5	14	9	1	5	4	5	13	4	4	8	4	4	1	13	1	9	1	6	2	10	1		1	3	11	
113	7	9	11	0	臺北市	文山區	文山區興隆路2段153巷6弄與興隆路2段203巷口	25.0018943	121.5487175	0	0	1	2	8	6	5	4	1	1	5	4	5	13	3	1	10	5	5	2	17	1	5	1	7	1	8	1		1	3	1	
113	7	9	11	13	臺北市	大安區	大安區基隆路3段與基隆路3段156巷口口	25.0157966	121.5425261	0	0	1	2	8	6	5	5	1	1	5	4	5	13	2	1	1	4	4	2	13	1	5	1	7	1	8	1		1	3	8	
113	7	9	11	21	臺北市	大安區	大安區忠孝東路4段77巷與敦化南路1段190巷口	25.0426477	121.5472109	0	0	1	2	8	6	5	4	1	1	5	4	5	13	4	4	10	5	5	2	15	4	9	1	7	1	8	1		1	3	4	
113	7	9	11	25	臺北市	內湖區	內湖區舊宗路2段與民權東路6段口	25.0656665	121.5753246	0	0	1	2	7	6	5	5	1	1	5	4	5	13	1	1	1	4	5	2	16	1	5	1	7	1	8	1		2	3	5	
113	7	9	11	54	臺北市	內湖區	內湖區內湖路1段332號	25.08157592	121.5705379	0	0	1	3	8	5	5	14	9	1	5	4	5	13	4	4	1	5	5	2	17	1	9	1	5	1	10	1		2	2	11	
113	7	9	12	5	臺北市	士林區	士林區前港街11號旁	25.08479392	121.5229016	0	0	1	2	8	7	5	14	9	1	5	4	5	13	4	4	10	5	5	2	17	1	6	1	7	1	8	1		2	3	17	
113	7	9	12	15	臺北市	大安區	大安區和平東路2段88號	25.0253625	121.5396315	0	0	1	2	8	6	5	14	9	1	5	4	5	13	4	4	9	4	5	1	16	4	8	6	3	1	10	1		1	2	14	
113	7	9	12	26	臺北市	萬華區	萬華區桂林路與桂林路242巷口	25.0387496	121.4960047	0	0	1	2	8	6	5	5	2	1	5	4	5	13	1	1	1	4	5	1	17	4	5	1	3	1	8	1		2	3	2	
113	7	9	13	0	臺北市	大同區	大同區延平北路3段與景化街口	25.0650145	121.5112617	0	0	1	2	8	6	5	3	1	1	5	4	5	13	4	4	8	3	5	2	12	1	9	1	6	1	10	1		2	2	11	
113	7	9	13	5	臺北市	士林區	士林區承德橋南往北	25.07861623	121.5213973	0	0	1	2	8	7	5	14	7	1	5	4	5	13	4	4	9	5	5	2	17	1	15	1	6	1	10	1		1	2	11	
113	7	9	13	12	臺北市	松山區	松山區市民大道4段與市民大道4段37巷口	25.04511327	121.5451089	0	0	1	2	8	5	5	4	1	1	5	4	5	13	4	4	9	4	5	2	17	1	6	1	7	1	8	1		2	3	5	
113	7	9	13	47	臺北市	文山區	文山區興隆路3段與興隆路3段229巷口	24.9934747	121.5591248	0	0	2	3	8	6	5	3	1	1	5	4	5	13	1	1	1	4	5	2	13	1	9	1	7	2	3	1		1	3	1	
113	7	9	13	49	臺北市	大安區	大安區金山南路2段與潮州街口口	25.0289102	121.5262941	0	0	3	3	8	6	5	4	1	1	5	4	5	13	2	1	1	4	5	2	15	1	9	1	6	1	10	1		1	2	11	
113	7	9	13	51	臺北市	中山區	中山區新生北路2段與南京東路1段口	25.05216774	121.5274285	0	0	1	3	8	5	5	4	1	1	5	4	5	13	1	1	1	4	4	2	12	4	9	1	3	1	8	1		1	3	1	
113	7	9	14	32	臺北市	中山區	中山區北安路與北安路821巷口	25.084726	121.55636	0	0	1	2	8	6	5	4	1	1	5	4	5	13	2	1	1	4	5	2	12	4	9	1	7	2	8	1		1	3	2	
113	7	9	14	45	臺北市	中山區	中山區林森北路與林森北路67巷口	25.04867122	121.5244874	0	0	1	2	7	7	5	4	1	1	5	4	5	13	4	4	5	4	5	2	17	4	11	1	3	2	8	1		1	3	17	
113	7	9	15	21	臺北市	信義區	信義區松勇路	25.0372474	121.5697757	0	0	1	2	8	7	5	14	9	1	5	4	5	13	4	4	9	4	5	2	17	1	5	1	7	1	8	1		1	3	4	
113	7	9	15	45	臺北市	內湖區	內湖區內湖路1段120巷與內湖路1段口	25.08254013	121.5629064	0	0	1	2	8	6	5	4	1	1	5	4	5	13	1	1	1	4	4	2	16	1	6	1	7	2	8	1		1	3	5	
113	7	9	15	49	臺北市	士林區	士林區中山北路5段380號對面	25.09081163	121.527418	0	0	1	2	6	7	5	14	9	1	4	4	5	13	4	4	1	5	5	1	17	1	5	1	5	1	10	1		1	2	11	
113	7	9	15	53	臺北市	大安區	大安區和平東路3段與樂利路口	25.0247743	121.5523258	0	0	1	2	6	6	5	5	1	1	4	4	5	13	3	1	8	3	5	2	3	4	9	1	3	1	8	1		1	3	15	
113	7	9	15	55	臺北市	中山區	中山區吉林路與民生東路2段口	25.0581839	121.5302302	0	0	1	2	6	7	5	4	2	1	4	4	5	13	2	1	9	4	4	2	17	1	11	1	7	1	8	1		1	3	7	
113	7	9	16	6	臺北市	中正區	中正區仁愛路2段與臨沂街口	25.0383249	121.5293466	0	0	1	2	6	7	5	4	1	1	4	4	5	13	1	1	10	5	5	2	17	1	7	1	7	11	4	1		1	3	17	
113	7	9	16	40	臺北市	中山區	中山區錦州街與錦州街241巷口	25.060337	121.5337764	0	0	1	2	6	5	5	4	1	1	4	4	5	13	4	4	10	5	5	2	16	1	5	1	7	1	8	1		1	3	1	
113	7	9	16	47	臺北市	中山區	中山區民權西路3號與中山北路2段口	25.0628682	121.5221734	0	0	1	2	7	5	5	5	2	1	5	4	5	13	2	1	3	4	5	2	17	4	8	1	3	1	10	1		1	2	14	
113	7	9	16	58	臺北市	中山區	中山區中山北路1段85號	25.05057795	121.5220938	0	0	1	2	5	7	5	14	9	1	4	4	5	13	4	4	9	4	5	2	18	1	9	6	6	9	10	1		2	2	17	
113	7	9	17	5	臺北市	大安區	大安區師大路24號	25.0252586	121.5283722	0	0	1	2	6	7	5	11	9	1	4	4	5	13	4	4	1	3	5	1	16	4	11	1	3	1	8	1		1	3	1	
113	7	9	17	50	臺北市	中山區	中山區龍江路與龍江路21巷口	25.04774482	121.5404281	0	0	2	2	7	7	5	4	1	1	5	4	5	13	4	4	5	4	5	2	16	4	1	1	6	1	10	1		2	2	11	
113	7	9	18	1	臺北市	萬華區	萬華區華江橋往新北市機車道	25.03581727	121.4884831	0	0	1	2	6	7	5	9	12	1	4	4	5	13	4	4	9	5	5	2	18	1	12	1	5	1	10	1		1	2	14	