年	月	日	時	分	縣市	行政區	allLocation	GoogleLat	GoogleLng	死	2-30	受傷	當事人數	天候	道路照明設備	道路類別	道路型態	事故位置	路面狀況1	路面狀況2	路面狀況3	道路障礙1	道路障礙2	號誌1	號誌2	車道劃分-分向	車道劃分-分道1	車道劃分-分道2	車道劃分-分道3	事故類型及型態	行動電話	當事者行動狀態	駕駛資格情形	保護裝置	飲酒情形	駕駛執照種類	個人肇逃否	肇因碼-主要	性別	受傷程度	車輛撞擊部位1	車輛撞擊部位2
113	7	9	18	2	臺北市	內湖區	內湖區新湖三路196號	25.06460982	121.5789018	0	0	1	2	8	6	5	14	9	1	5	4	5	13	4	4	7	5	5	2	17	1	11	1	7	1	8	1		1	3	8	
113	7	9	18	23	臺北市	文山區	文山區保儀路與保儀路138巷口	24.9835822	121.5658568	0	0	2	3	8	6	5	3	1	1	5	4	5	13	4	4	5	5	5	2	16	1	6	1	6	2	10	1		1	3	12	
113	7	9	18	24	臺北市	信義區	信義區松仁路與松仁路121巷口口	25.0347839	121.5685027	0	0	1	3	8	5	5	3	2	1	5	4	5	13	2	1	1	4	5	2	17	1	6	1	7	1	8	1		1	3	5	
113	7	9	18	55	臺北市	北投區	北投區東華街2段與致遠三路口	25.12068965	121.508242	0	0	1	2	8	5	5	4	1	1	4	4	5	13	2	1	1	4	5	2	13	1	9	1	7	1	8	1		1	3	1	
113	7	9	19	0	臺北市	內湖區	內湖區安康路32巷與潭美街口口	25.0610659	121.5949127	0	0	2	2	8	5	5	3	1	1	5	4	4	13	4	4	5	4	5	1	17	1	9	3	5	1	18	1		2	2	11	
113	7	9	19	29	臺北市	北投區	北投區立功街與中央北路4段515巷口	25.1261686	121.4700066	0	0	1	2	7	5	5	3	1	1	5	4	5	13	2	1	5	4	5	2	9	1	6	1	7	1	8	1		1	3	8	
113	7	9	19	32	臺北市	士林區	士林區中山北路6段與福華路164巷口	25.1043258	121.5247486	0	0	1	2	7	5	5	3	1	1	4	4	5	13	4	4	1	4	4	2	17	1	6	1	7	1	8	2		2	3	17	
113	7	9	20	10	臺北市	中山區	中山區樂群二路與敬業四路口	25.0799656	121.5585207	0	0	2	4	8	5	5	3	1	1	5	4	5	13	2	1	10	5	5	2	16	1	5	1	7	1	4	1		1	3	8	
113	7	9	20	15	臺北市	北投區	北投區承德路7段與石牌路1段口	25.1123574	121.5090307	0	0	2	3	7	5	5	3	3	1	4	4	1	13	1	1	10	5	5	2	28	1	6	1	5	2	10	1		1	2	11	
113	7	9	20	18	臺北市	內湖區	內湖區東湖路與東湖路113巷口口	25.06861147	121.6150988	0	0	1	2	8	5	5	4	2	1	5	4	5	13	2	1	5	4	5	2	17	1	6	1	7	2	8	1		1	3	5	
113	7	9	20	50	臺北市	中山區	中山區北安路610號	25.0818283	121.5493442	0	0	1	2	7	5	5	14	9	1	5	4	5	13	4	4	3	4	5	2	12	1	1	1	7	1	8	1		1	3	8	
113	7	9	21	0	臺北市	中山區	中山區龍江路286巷與龍江路口	25.0611413	121.5412642	0	0	3	3	8	5	5	4	2	1	5	4	5	13	4	4	9	4	5	2	16	4	5	1	5	2	10	1		1	2	13	
113	7	9	21	11	臺北市	大安區	大安區瑞安街208巷與瑞安街208巷24弄口	25.0287428	121.540478	0	0	2	3	8	5	5	4	18	1	5	4	5	13	2	1	10	5	5	2	1	4	5	1	3	2	8	1		1	3	1	
113	7	9	21	25	臺北市	大安區	大安區通化街172號	25.0276175	121.5534613	0	0	2	3	8	5	5	14	9	1	5	4	5	13	4	4	8	4	5	1	12	1	1	1	5	1	10	1		2	2	14	
113	7	9	21	30	臺北市	中山區	中山區市民大道3段83號	25.0449431	121.5378836	0	0	1	2	8	5	5	14	9	1	5	4	5	13	1	1	1	4	5	2	12	1	7	1	7	2	4	1		1	3	2	
113	7	9	21	36	臺北市	大同區	大同區延平北路3段114號	25.06697	121.5109293	0	0	2	2	8	5	5	14	9	1	5	4	5	13	4	4	5	4	5	2	3	1	9	1	6	1	10	1		1	2	11	
113	7	9	22	20	臺北市	中山區	中山區敬業三路與樂群三路口	25.0822066	121.5563491	0	0	1	2	8	5	5	3	2	1	5	4	5	13	4	4	3	4	4	2	13	4	9	1	3	2	8	1		1	3	5	
113	7	9	22	29	臺北市	北投區	北投區光明路55號	25.13287061	121.5000243	0	0	2	2	8	5	5	14	9	1	5	4	5	13	4	4	9	4	5	2	13	1	9	1	5	1	10	1		1	2	11	
113	7	9	22	40	臺北市	中山區	中山區長安東路2段與長安東路2段129巷口	25.04840917	121.5359835	0	0	1	2	8	5	5	4	2	1	5	4	5	13	4	4	10	5	5	2	16	1	11	1	7	1	4	1		1	3	1	
113	7	9	23	5	臺北市	士林區	士林區延平北路8段與延平北路8段口堤外道路	25.1104858	121.4800409	0	0	1	2	7	5	5	14	9	1	5	4	5	13	4	4	10	5	5	1	17	1	9	1	6	2	10	1		1	2	12	
113	7	9	23	9	臺北市	萬華區	萬華區艋舺大道74號	25.0334271	121.503425	0	0	1	2	7	5	5	3	2	1	5	4	5	13	4	4	1	4	5	2	12	1	9	1	6	2	10	1		1	2	11	
113	7	9	23	33	臺北市	信義區	信義區松信路與永吉路口	25.0455617	121.572207	0	0	1	2	8	5	5	4	19	1	5	4	5	13	2	1	9	4	5	2	9	1	5	1	7	1	8	1		1	3	5	
113	7	10	1	27	臺北市	信義區	信義區松壽路與松高路20巷口	25.0358176	121.5676515	0	0	1	2	8	5	5	4	1	1	5	4	5	13	4	4	9	4	5	2	17	1	6	1	7	1	8	1		1	3	1	
113	7	10	5	45	臺北市	萬華區	萬華區堤外便道往南(馬場町50燈桿)	25.01923049	121.5036232	0	0	1	2	8	6	5	14	9	1	5	4	5	13	4	4	10	5	5	2	13	1	9	1	7	2	8	1		1	3	5	
113	7	10	6	48	臺北市	中正區	中正區寶慶路與博愛路口	25.0412986	121.5114451	0	0	1	2	8	6	5	4	2	1	5	4	5	13	2	1	10	4	5	2	16	1	5	6	7	2	8	1		1	3	8	
113	7	10	7	31	臺北市	中正區	中正區重慶南路3段與寧波西街口口	25.0301901	121.5153671	0	0	2	2	8	6	5	4	1	1	5	4	5	13	1	1	1	4	5	1	17	1	6	1	6	2	10	1		1	2	12	
113	7	10	7	38	臺北市	內湖區	內湖區民權東路6段11巷與瑞光路76巷口	25.0676049	121.57821	0	0	1	2	8	6	5	3	1	1	5	4	5	13	4	4	8	3	5	1	17	1	5	1	7	2	8	1		1	3	8	
113	7	10	7	59	臺北市	信義區	信義區市民高架永吉路匝道	25.0447379	121.5641204	0	0	2	3	8	5	5	14	9	1	5	4	5	13	4	4	10	4	5	1	13	1	9	1	7	1	8	1		1	2	1	
113	7	10	8	17	臺北市	松山區	松山區撫遠街453號	25.0706568	121.5641556	0	0	1	3	8	5	5	14	7	1	5	4	5	13	4	4	1	4	4	2	16	1	11	1	7	1	8	1		1	3	2	
113	7	10	8	18	臺北市	北投區	北投區承德路6段與福國路口	25.101181	121.5121821	0	0	1	2	8	6	5	4	2	1	5	4	5	13	2	1	1	4	4	2	12	1	9	1	5	1	10	1		1	2	11	
113	7	10	8	21	臺北市	信義區	信義區松隆路與松山路口	25.0481746	121.5779021	0	0	1	2	8	7	5	4	2	1	5	4	5	13	2	1	3	4	5	2	17	1	9	1	5	2	10	1		2	2	17	
113	7	10	8	28	臺北市	內湖區	內湖區金龍路83號對面	25.0852886	121.5916165	0	0	3	4	8	6	5	14	7	1	5	4	5	13	4	4	5	5	4	2	16	1	7	8	4	2	20	1		2	2	14	
113	7	10	8	48	臺北市	中山區	中山區中山橋往北	25.06892821	121.5253651	0	0	2	4	8	7	5	14	9	1	5	4	5	13	4	4	1	4	5	2	13	1	9	1	5	1	10	1		1	2	11	
113	7	10	8	50	臺北市	中正區	中正區中華路1段與開封街1段口	25.04634114	121.5096004	0	0	1	2	8	5	5	4	2	1	5	4	5	13	1	1	1	4	5	2	16	4	7	1	7	1	8	1		1	3	6	
113	7	10	8	54	臺北市	內湖區	內湖區洲子街12號	25.0782975	121.5753917	0	0	3	3	7	6	5	14	9	1	5	4	5	13	4	4	9	4	5	2	16	1	5	1	5	1	10	1		1	2	11	
113	7	10	8	58	臺北市	萬華區	萬華區堤外便道(3014339燈桿)	25.04588207	121.5022942	0	0	2	3	8	7	5	14	11	1	5	4	5	13	3	1	1	4	5	2	17	1	9	1	5	1	10	1		1	2	11	
113	7	10	9	7	臺北市	信義區	信義區市民大道5段與東興路口	25.048225	121.5659167	0	0	1	2	8	5	5	4	2	1	5	4	5	13	1	1	1	4	5	1	17	4	9	1	3	9	8	2		1	4	17	
113	7	10	9	12	臺北市	松山區	松山區八德路4段470號	25.04954666	121.5697218	0	0	1	2	8	5	8	14	9	1	5	4	5	13	2	1	9	4	5	2	16	1	8	1	5	1	10	1		2	2	14	
113	7	10	9	13	臺北市	南港區	南港區忠孝東路6段297號與忠孝東路6段口	25.0498751	121.5912154	0	0	1	2	8	5	5	5	2	1	5	4	5	13	2	1	1	4	4	2	16	4	6	1	3	1	8	1		1	3	5	
113	7	10	9	15	臺北市	中山區	中山區松江路與松江路402巷口	25.05013084	121.5211181	0	0	1	2	8	7	5	3	1	1	5	4	5	13	4	4	5	5	5	2	16	1	6	1	7	9	10	1		2	3	8	
113	7	10	9	18	臺北市	大安區	大安區信義路4段與信義路4段74巷口	25.0331692	121.5470933	0	0	1	2	8	6	5	3	2	1	5	4	5	13	4	4	1	4	5	2	17	4	12	8	3	1	20	1		2	2	17	
113	7	10	9	50	臺北市	大同區	大同區民族西路與大龍街159巷9弄口	25.0684558	121.5158141	0	0	1	2	8	6	5	4	18	1	5	4	5	13	2	1	5	4	5	2	3	4	9	3	3	2	18	1		1	3	1	
113	7	10	9	55	臺北市	中山區	中山區長安東路1段52巷與長安東路1段口	25.0483449	121.5278908	0	0	1	3	8	7	5	4	2	1	5	4	5	13	1	1	7	4	5	2	13	1	9	1	5	2	10	1		2	2	11	
113	7	10	11	4	臺北市	文山區	文山區景明街與興隆路1段70巷11弄口	25.0015014	121.5409282	0	0	1	2	8	6	5	4	1	1	5	4	5	13	4	4	10	5	5	2	15	1	9	1	7	2	8	1		1	3	1	
113	7	10	11	6	臺北市	松山區	松山區三民路與三民路29巷口	25.0550685	121.5637149	0	0	2	2	8	5	5	4	2	1	5	4	5	13	4	4	5	4	5	2	17	1	5	1	5	1	10	1		2	2	13	
113	7	10	11	10	臺北市	中山區	中山區民族西路與玉門街口	25.0683996	121.5205607	0	1	0	2	8	7	5	14	9	1	5	4	5	13	4	4	9	4	5	2	20	1	21	1	5	9	10	1		1	5	11	
113	7	10	11	30	臺北市	松山區	松山區民生東路5段與新中街口	25.0586304	121.5604953	0	0	1	2	8	6	5	4	1	1	5	4	5	13	2	1	9	4	5	1	17	1	5	1	7	1	8	1		1	3	17	
113	7	10	11	48	臺北市	信義區	信義區市民大道5段與東興路口	25.0481069	121.5656174	0	0	1	2	8	5	5	4	2	1	5	4	5	13	2	1	1	4	5	2	17	1	7	1	6	1	10	1		1	3	12	
113	7	10	12	0	臺北市	內湖區	內湖區新湖一路與舊宗路1段口	25.0602898	121.5788118	0	0	1	2	7	6	5	4	1	1	5	4	5	13	1	1	1	5	5	2	16	1	5	1	7	2	8	1		1	3	1	
113	7	10	12	5	臺北市	士林區	士林區文林路與美崙街口	25.0973082	121.5240172	0	0	1	2	8	7	5	4	1	1	5	4	5	13	1	1	5	5	5	2	17	1	5	1	7	1	1	1		1	3	4	
113	7	10	12	13	臺北市	大同區	大同區延平北路2段與延平北路2段210巷口	25.0592202	121.5114538	0	0	1	2	7	6	5	3	2	1	5	4	5	13	1	1	5	2	5	2	17	1	9	1	5	1	10	1		1	2	11	
113	7	10	12	18	臺北市	中山區	中山區南京東路3段與復興北路口	25.0518737	121.5437752	0	0	2	2	8	6	5	5	18	1	5	4	5	13	2	1	8	3	4	1	9	1	9	8	4	1	20	1		2	2	11	
113	7	10	12	32	臺北市	北投區	北投區公館路228巷與公館路308巷口	25.12522061	121.5057474	0	0	1	3	8	5	5	4	1	1	5	4	5	13	4	4	10	5	5	2	15	1	9	1	7	1	8	1		1	3	1	
113	7	10	12	45	臺北市	萬華區	萬華區中華路1段與中華路1段114巷口	25.04372912	121.5084103	0	0	1	2	7	5	5	3	2	1	5	4	5	13	4	4	1	4	5	2	17	1	1	1	7	1	4	1		1	3	8	
113	7	10	12	54	臺北市	信義區	信義區莊敬路8號	25.0323794	121.5612699	0	0	1	3	6	6	5	14	9	1	4	4	5	13	4	4	9	4	5	2	12	1	14	1	7	1	8	1		2	3	6	
113	7	10	13	17	臺北市	信義區	信義區莊敬路325巷與莊敬路341巷3弄口	25.028864	121.5646408	0	0	1	2	8	7	5	3	2	1	5	4	5	13	4	4	9	4	5	2	15	4	1	1	3	1	10	1		1	3	11	
113	7	10	14	18	臺北市	大安區	大安區仁愛路4段27巷34號	25.041347	121.5452297	0	0	1	2	6	5	5	14	9	1	4	4	5	13	4	4	8	3	5	1	3	1	9	1	7	1	8	1		1	3	1	
113	7	10	14	32	臺北市	大同區	大同區寧夏路與重慶北路2段57巷口	25.0558824	121.5152626	0	0	1	2	6	5	5	14	9	1	4	4	5	13	4	4	10	4	5	1	17	4	1	1	3	11	8	1		2	3	15	
113	7	10	14	40	臺北市	北投區	北投區中央北路2段131巷與豐年路2段口	25.13671328	121.4938395	0	0	2	3	6	6	5	3	1	1	4	4	5	13	4	4	10	5	5	2	16	1	5	1	7	1	8	1		1	3	4	
113	7	10	14	55	臺北市	中正區	中正區公園路29號	25.0356619	121.5149717	0	0	1	3	6	6	5	14	9	1	4	4	5	13	1	1	5	4	5	2	9	1	12	1	7	2	2	1		1	3	17	
113	7	10	15	36	臺北市	士林區	士林區通河街與通河街179巷口	25.0815168	121.5193162	0	0	1	2	6	6	5	3	1	1	4	4	5	13	4	4	5	5	5	2	17	1	5	1	6	1	10	1		1	3	17	
113	7	10	16	0	臺北市	士林區	士林區承德路4段與福港街口	25.08997292	121.5184125	0	0	1	2	6	6	5	4	1	1	4	4	5	13	1	1	1	4	5	1	17	1	5	1	7	1	4	1		1	3	2	
113	7	10	16	7	臺北市	中正區	中正區重慶南路3段與和平西路1段口	25.02703448	121.5161282	0	0	1	2	6	6	5	5	2	1	4	4	5	13	2	1	1	3	5	1	17	1	10	1	5	1	10	1		1	2	14	
113	7	10	17	8	臺北市	中山區	中山區內湖路1段與堤頂大道2段口	25.0846828	121.5601923	0	0	1	2	7	5	5	4	2	1	4	4	5	13	1	1	1	4	5	2	13	1	14	1	6	1	10	1		1	3	13	
113	7	10	17	10	臺北市	中正區	中正區中山南路與信義路1段口	25.0386242	121.5178432	0	0	1	2	6	6	5	5	1	1	4	4	5	13	1	1	1	4	5	2	16	1	5	1	6	1	10	1		1	2	14	
113	7	10	17	21	臺北市	士林區	士林區德行東路與德行東路93巷口	25.107555	121.5278691	0	0	1	2	7	6	5	4	1	1	4	4	5	13	4	4	5	5	5	2	17	1	9	1	6	1	10	1		1	2	12	
113	7	10	17	30	臺北市	信義區	信義區永吉路459巷5弄2號	25.0459433	121.5788343	0	0	2	2	8	7	7	22	9	1	5	4	5	13	4	4	10	5	5	2	9	4	9	8	4	9	20	1		2	2	15	
113	7	10	17	38	臺北市	大安區	大安區市民大道4段與光復南路口	25.0449538	121.5576208	0	0	1	2	7	6	5	5	1	1	5	4	5	13	2	1	1	4	1	1	11	4	15	1	3	11	10	1		2	2	15	
113	7	10	17	43	臺北市	大同區	大同區承德路2段與承德路2段91巷口	25.0568078	121.5183655	0	0	1	5	7	6	5	3	2	1	4	4	5	13	4	4	1	4	5	2	17	4	9	1	5	9	10	2		4	2	14	
113	7	10	17	44	臺北市	中山區	中山區林森北路與雙城街19巷口	25.0654494	121.5256477	0	0	1	2	7	7	5	4	1	1	4	4	5	13	4	4	9	4	5	2	3	1	9	1	5	1	10	1		1	2	11	
113	7	10	18	13	臺北市	萬華區	萬華區中華路2段與中華路2段467巷口	25.0243306	121.5111856	0	0	2	2	7	5	5	3	1	1	5	4	5	13	2	1	8	3	4	1	16	4	11	1	3	1	10	1		1	2	12	
113	7	10	18	20	臺北市	中正區	中正區衡陽路114號	25.0421976	121.509937	0	0	1	2	7	6	5	14	9	1	5	4	5	13	4	4	10	4	5	2	13	1	9	1	6	1	10	1		2	2	11	
113	7	10	18	34	臺北市	萬華區	萬華區環河南路2段202號前	25.0339701	121.4930278	0	0	2	3	8	5	8	22	22	1	5	4	5	13	1	1	10	5	5	2	13	4	1	1	3	1	8	1		2	3	1	
113	7	10	18	40	臺北市	中正區	中正區羅斯福路3段與辛亥路1段口	25.0198455	121.5290984	0	0	1	3	8	7	5	4	1	1	5	4	5	13	1	1	1	4	5	2	16	4	5	1	5	1	10	1		1	2	13	
113	7	10	18	45	臺北市	中正區	中正區中華路2段與中華路2段39巷口	25.0354799	121.5065032	0	0	1	3	7	7	5	3	1	1	4	4	5	13	4	4	1	4	5	2	17	1	9	1	7	2	4	1		1	3	4	
113	7	10	18	55	臺北市	文山區	文山區辛亥路4段與辛亥路4段166巷口	25.0036984	121.5563244	0	0	2	2	8	5	5	3	1	1	5	4	5	13	2	1	1	4	5	2	16	1	5	1	6	1	10	1		2	2	12	
113	7	10	18	58	臺北市	中山區	中山區長安西路19巷2弄與長安西路口	25.05019925	121.5202636	0	0	2	3	8	5	5	4	1	1	5	4	5	13	1	1	5	4	4	2	16	4	5	1	3	1	10	1		1	3	12	
113	7	10	19	2	臺北市	信義區	信義區松隆路57號	25.04458687	121.5688688	0	0	2	2	7	5	5	14	9	1	5	4	5	13	1	1	1	4	5	2	13	4	9	1	3	1	10	1		1	2	11	
113	7	10	19	5	臺北市	中正區	中正區羅斯福路4段與羅斯福路4段136巷口	25.0129342	121.5359202	0	0	2	2	7	5	5	3	1	1	5	4	5	13	4	4	1	5	5	2	17	1	11	8	4	9	20	1		2	2	11	
113	7	10	19	35	臺北市	南港區	南港區南港路1段與興中路口口	25.0544843	121.607516	0	0	2	3	8	5	5	4	2	1	5	4	5	13	1	1	5	4	5	2	17	1	5	1	5	2	10	1		1	2	12	
113	7	10	19	44	臺北市	中山區	中山區樂群二路154號	25.0798778	121.5573809	0	0	1	9	7	5	5	14	9	1	5	4	5	13	4	4	3	4	5	2	12	1	1	1	7	1	8	1		1	3	4	
113	7	10	19	47	臺北市	萬華區	萬華區漢口街2段90巷與漢口街2段90巷8弄口	25.0458104	121.5042233	0	0	1	2	7	5	5	4	1	1	5	4	5	13	4	4	10	5	5	1	15	4	9	1	3	1	10	1		1	3	12	
113	7	10	19	57	臺北市	松山區	松山區塔悠路與南京東路5段389巷15弄口	25.05259717	121.5700314	0	0	1	2	8	5	5	3	2	1	5	4	5	13	3	1	1	4	5	2	3	1	9	1	6	1	10	1		1	3	11	
113	7	10	21	14	臺北市	大同區	大同區延平北路2段與民生西路口	25.0569344	121.5115678	0	0	1	2	8	5	5	4	1	1	5	4	5	13	2	1	5	4	5	2	17	4	9	1	3	2	10	1		1	2	11	
113	7	10	21	15	臺北市	士林區	士林區社正路與社正路口交叉口	25.0888405	121.5095974	0	0	1	2	8	5	5	5	1	1	5	4	5	13	4	4	5	5	5	2	17	4	9	1	3	2	4	1		1	3	8	
113	7	10	21	45	臺北市	萬華區	萬華區環河南路2段175巷與環河南路2段口	25.0329704	121.4921686	0	0	1	2	8	5	5	4	1	1	5	4	5	13	1	1	8	3	5	1	17	1	5	1	5	1	10	1		2	2	14	
113	7	10	22	12	臺北市	信義區	信義區松德路200巷13號	25.0344945	121.5734995	0	0	1	12	7	5	5	14	9	1	5	4	5	13	4	4	9	5	5	2	17	4	9	3	3	2	18	1		2	3	8	
113	7	10	22	25	臺北市	文山區	文山區木柵路5段(深坑幹109)	24.9990154	121.5915011	0	0	2	2	8	5	5	14	9	1	5	4	5	13	1	1	5	4	5	2	13	1	9	1	5	1	10	1		2	2	11	
113	7	10	22	27	臺北市	中正區	中正區和平西路1段與泉州街口	25.0277192	121.5146439	0	0	2	3	8	5	5	5	1	1	5	4	5	13	1	1	1	4	5	2	16	1	7	8	4	1	20	1		1	2	14	
113	7	11	0	2	臺北市	中山區	中山區民權東路3段60巷與錦州街口口	25.0602236	121.542358	0	0	1	3	8	5	5	4	1	1	5	4	5	10	4	4	9	5	5	2	15	1	9	1	7	1	8	1		1	3	4	
113	7	11	1	55	臺北市	大同區	大同區大稻埕堤外便道	25.0504729	121.5062548	0	0	2	2	8	5	7	14	11	1	5	4	5	13	4	4	9	4	5	2	11	4	9	1	6	11	10	2		2	2	14	
113	7	11	3	31	臺北市	信義區	信義區中坡南路與中坡南路12巷口口	25.0436657	121.5825516	0	0	1	2	8	5	5	4	1	1	5	4	5	13	4	4	9	5	4	2	17	1	1	6	7	2	18	1		1	3	4	
113	7	11	6	22	臺北市	中山區	中山區中山北路2段與民權東路1段口	25.0630488	121.5226844	0	0	2	2	8	5	5	4	2	1	5	4	5	13	2	1	5	4	5	2	3	4	9	1	3	1	10	1		1	2	11	
113	7	11	7	16	臺北市	大安區	大安區大安路1段與復興南路1段107巷口口	25.0435911	121.5461886	0	0	1	2	8	6	5	4	1	1	5	4	5	13	4	4	10	4	5	2	17	1	9	1	7	1	4	1		1	3	2	
113	7	11	7	17	臺北市	士林區	士林區中山北路4段與新生高架道路口	25.07702579	121.5250922	0	0	2	2	8	7	5	4	1	1	5	4	5	13	2	1	1	4	5	1	13	1	9	1	6	1	10	1		2	2	11	
113	7	11	7	39	臺北市	大安區	大安區忠孝東路3段150號	25.0416124	121.5380627	0	0	1	2	8	6	5	3	1	1	5	4	5	13	4	4	10	4	5	2	17	1	1	3	7	2	18	1		2	3	7	
113	7	11	7	43	臺北市	信義區	信義區信義路5段與基隆路2段口	25.0329257	121.5596019	0	0	1	2	8	5	5	4	1	1	5	4	5	13	1	1	1	4	5	1	13	1	6	1	6	2	10	1		1	3	11	
113	7	11	7	45	臺北市	萬華區	萬華區桂林路與西園路1段口	25.0383965	121.4997249	0	0	2	2	7	6	5	4	2	1	5	4	5	13	2	1	5	4	5	2	17	1	5	1	6	1	10	1		1	2	11	
113	7	11	7	56	臺北市	南港區	南港區南港路1段與中南街口	25.0552065	121.6153538	0	0	1	2	8	7	5	3	1	1	5	4	5	13	1	1	5	4	5	2	16	1	5	6	5	1	18	1		1	3	12	
113	7	11	8	0	臺北市	中正區	中正區南陽街與許昌街口	25.0455238	121.5160506	0	0	1	2	8	6	5	4	2	1	5	4	5	13	4	4	10	5	5	2	3	5	16	8	4	10	20	1		1	2	16	
113	7	11	8	0	臺北市	文山區	文山區木新路2段與木新路2段66巷口	24.9857317	121.5706116	0	0	3	4	8	6	5	4	1	1	5	4	5	13	4	4	5	4	5	2	13	1	14	1	6	2	10	1		2	2	13	
113	7	11	8	5	臺北市	北投區	北投區大度路157號	25.1214521	121.4919215	0	0	4	4	8	6	5	14	12	1	5	4	5	13	4	4	1	5	1	1	17	1	9	1	5	2	10	1		2	2	11	
113	7	11	8	15	臺北市	內湖區	內湖區康寧路3段99巷與康寧路3段口口	25.07163373	121.609661	0	0	2	2	8	6	5	3	1	1	5	4	5	13	4	4	9	4	4	2	13	1	9	1	6	1	10	1		2	2	11	
113	7	11	8	15	臺北市	文山區	文山區羅斯福路5段163號	25.0030717	121.5386972	0	0	1	2	8	6	5	14	9	1	5	4	5	13	4	4	1	4	5	2	12	1	9	1	7	2	8	2		1	3	2	
113	7	11	8	22	臺北市	內湖區	內湖區瑞光路76巷與民權東路6段21巷口	25.0695865	121.5795327	0	0	1	2	8	7	5	3	1	1	5	4	5	13	4	4	5	5	5	2	16	1	5	1	7	1	8	1		1	3	1	
113	7	11	8	23	臺北市	文山區	文山區新光路1段與新光路1段31巷口	24.9894551	121.573763	0	0	1	3	8	6	5	3	1	1	5	4	5	13	2	1	9	5	5	2	2	1	6	1	7	9	8	2		1	3	17	
113	7	11	8	32	臺北市	士林區	士林區中正路與承德路4段口	25.09042099	121.5156556	0	0	2	2	8	7	5	4	1	1	5	4	5	13	1	1	1	5	5	2	13	1	9	1	6	1	10	1		2	2	11	
113	7	11	9	13	臺北市	中山區	中山區樂群二路與堤頂大道2段口	25.0804756	121.5627305	0	0	1	2	8	5	5	4	1	1	5	4	5	13	1	1	1	4	5	2	16	1	6	1	7	1	8	1		2	3	5	
113	7	11	9	20	臺北市	內湖區	內湖區民權東路6段123巷與民權東路6段口口	25.069232	121.5937807	0	0	2	3	8	6	5	4	1	1	5	4	5	13	2	1	9	4	5	2	16	1	6	1	7	1	8	1		2	3	2	
113	7	11	9	38	臺北市	大同區	大同區鄭州路與塔城街口	25.0501076	121.5103429	0	0	1	2	8	6	5	4	2	1	5	4	5	13	1	1	1	4	5	2	17	4	9	1	5	11	10	2		1	4	11	
113	7	11	9	43	臺北市	松山區	松山區光復北路11巷與吉祥路口	25.05035875	121.5625547	0	0	1	2	8	7	5	4	18	1	5	4	5	13	2	1	5	5	5	2	3	4	7	7	3	9	19	2		1	4	15	
113	7	11	9	44	臺北市	大安區	大安區基隆路2段與基隆路2段291巷口	25.0213016	121.5492478	0	0	1	2	8	5	5	14	9	1	5	4	5	13	4	4	1	4	5	2	13	1	9	1	6	1	10	1		2	2	11	
113	7	11	10	5	臺北市	松山區	松山區八德路4段與東興路口	25.0489636	121.5655474	0	0	1	2	8	5	5	4	1	1	5	4	5	13	2	1	9	4	5	2	17	1	5	1	7	1	4	1		1	3	17	
113	7	11	10	7	臺北市	內湖區	內湖區新明路與南京東路6段368巷口	25.0583846	121.5878661	0	0	1	2	8	5	8	3	1	1	5	4	5	13	2	1	5	4	5	2	13	1	5	1	7	2	4	1		1	3	1	
113	7	11	10	15	臺北市	信義區	信義區松勤街118號	25.0319443	121.5674864	0	0	1	3	8	7	5	14	9	1	5	4	3	13	4	4	8	5	5	2	17	4	1	1	3	1	8	1		1	3	5	
113	7	11	10	24	臺北市	大安區	大安區忠孝東路4段與敦化南路1段口	25.0415852	121.5490974	0	0	1	2	8	6	5	4	1	1	5	4	5	13	1	1	1	3	5	2	13	1	9	1	6	1	10	1		2	2	11	
113	7	11	10	32	臺北市	文山區	文山區木柵路4段與木柵路4段159巷口	24.9995939	121.575492	0	0	1	2	7	6	5	14	9	1	5	4	5	13	1	1	1	4	5	2	18	1	9	1	6	1	10	1		1	2	14	
113	7	11	11	0	臺北市	文山區	文山區和平東路4段與和平東路4段155巷口	25.0049397	121.5695971	0	0	1	2	8	6	5	3	1	1	5	4	5	13	4	4	10	5	5	2	18	1	6	1	6	9	10	1		1	2	14	
113	7	11	11	23	臺北市	大同區	大同區鄭州路東往東迴轉道(中興醫院前)	25.050321	121.5088689	0	0	1	2	8	6	5	22	6	1	5	4	5	13	4	4	1	5	5	2	16	1	11	1	7	2	4	1		1	3	5	
113	7	11	11	47	臺北市	大安區	大安區仁愛路3段123巷與仁愛路3段123巷11弄口	25.039555	121.5419926	0	0	1	2	8	5	5	4	2	1	5	4	5	13	4	4	10	5	5	2	17	1	5	1	6	1	10	1		1	2	14	
113	7	11	12	13	臺北市	士林區	士林區菁山路34巷口	25.13818753	121.547289	0	0	2	3	8	6	5	14	9	1	5	4	5	13	4	4	9	5	5	2	16	1	5	1	6	1	10	1		1	3	14	
113	7	11	12	25	臺北市	松山區	松山區民生東路4段80巷1弄與民生東路4段80巷口	25.0576165	121.5529954	0	0	2	2	8	6	5	4	1	1	5	4	5	13	4	4	9	4	5	1	15	1	9	1	5	1	10	1		1	2	11	
113	7	11	12	31	臺北市	大同區	大同區萬全街與民生西路171巷口	25.0579762	121.5167028	0	0	2	2	8	6	5	4	1	1	5	4	5	13	4	4	10	5	5	2	15	1	9	3	6	2	18	1		1	2	11	
113	7	11	12	48	臺北市	士林區	士林區承德路5段與承德路5段150巷口	25.0977359	121.5131456	0	0	1	2	6	6	5	4	1	1	4	4	5	13	1	1	1	4	4	2	17	4	15	1	6	2	10	1		1	3	13	