年	月	日	時	分	縣市	行政區	allLocation	GoogleLat	GoogleLng	死	2-30	受傷	當事人數	天候	道路照明設備	道路類別	道路型態	事故位置	路面狀況1	路面狀況2	路面狀況3	道路障礙1	道路障礙2	號誌1	號誌2	車道劃分-分向	車道劃分-分道1	車道劃分-分道2	車道劃分-分道3	事故類型及型態	行動電話	當事者行動狀態	駕駛資格情形	保護裝置	飲酒情形	駕駛執照種類	個人肇逃否	肇因碼-主要	性別	受傷程度	車輛撞擊部位1	車輛撞擊部位2
113	7	11	12	48	臺北市	大安區	大安區和平東路2段311巷6號	25.0250664	121.5450995	0	0	1	4	8	5	5	14	9	1	5	4	5	13	2	1	10	5	5	2	17	4	14	1	3	1	8	1		1	3	2	
113	7	11	12	50	臺北市	內湖區	內湖區民權東路6段與民權東路6段191巷口口附近	25.06716536	121.5985688	0	0	1	2	8	6	5	14	8	1	5	4	5	13	4	4	1	4	4	2	3	5	16	8	4	10	20	1		2	2	16	
113	7	11	12	50	臺北市	內湖區	內湖區瑞光路76巷與民權東路6段15巷口	25.0684231	121.5791568	0	0	1	3	8	6	5	4	2	1	5	4	5	13	1	1	5	5	5	2	9	1	12	1	7	1	4	1		1	3	17	
113	7	11	12	50	臺北市	松山區	松山區光復北路11巷與八德路4段17巷口	25.0493439	121.5584588	0	0	2	2	7	5	5	3	2	1	5	4	3	13	4	4	4	3	5	2	10	1	1	1	5	1	10	1		2	2	11	
113	7	11	12	55	臺北市	信義區	信義區忠孝東路5段與忠孝東路5段345巷口口	25.040909	121.5740596	0	0	2	2	8	5	8	22	22	1	5	4	5	13	1	1	1	4	5	2	17	1	1	1	5	2	10	1		2	2	12	
113	7	11	13	10	臺北市	北投區	北投區公館路與承德路7段口	25.1196253	121.5015496	0	0	2	3	8	6	5	4	1	1	5	4	5	13	2	1	1	4	5	2	17	1	9	1	7	1	8	1		1	3	1	
113	7	11	13	12	臺北市	中正區	中正區市民大道1段168號	25.0483782	121.5186339	0	0	1	2	7	5	5	14	6	1	5	4	5	13	4	4	1	4	5	2	17	1	8	1	5	1	10	1		1	2	14	
113	7	11	14	3	臺北市	大安區	大安區潮州街98巷6-1號	25.0282951	121.5251774	0	0	2	2	6	7	5	14	9	1	4	4	5	13	4	4	10	5	5	1	3	4	9	1	3	2	10	1		2	2	11	
113	7	11	14	29	臺北市	士林區	士林區中山北路7段13號	25.11892013	121.5304349	0	0	1	2	8	6	5	4	1	1	5	4	5	13	1	1	1	4	5	1	16	4	5	1	3	1	8	1		2	3	2	
113	7	11	14	32	臺北市	大安區	大安區復興南路1段與大安路1段116巷口	25.0398181	121.5438332	0	0	1	2	6	7	5	4	2	1	4	4	5	13	2	1	1	4	5	2	17	4	5	1	3	9	8	1		1	3	17	
113	7	11	14	41	臺北市	北投區	北投區中央北路1段68號	25.13419393	121.5003964	0	0	1	2	8	6	5	14	9	1	5	4	5	13	3	1	5	4	5	2	17	1	11	1	7	2	8	1		1	3	4	
113	7	11	14	47	臺北市	大安區	大安區建國南路2段龍門國中地下停車場出入口	25.0245481	121.5379479	0	0	1	2	6	6	5	14	8	1	4	4	5	13	4	4	1	4	4	2	15	4	15	1	3	1	8	1		1	3	5	
113	7	11	15	55	臺北市	信義區	信義區永吉路與基隆路1段37巷口	25.0457427	121.5690241	0	0	1	2	8	6	5	4	2	1	4	4	5	13	2	1	1	4	5	1	12	4	8	1	3	1	10	1		2	2	11	
113	7	11	15	56	臺北市	中正區	中正區愛國東路96號	25.0333432	121.520221	0	0	1	2	8	6	5	14	7	1	5	4	5	13	1	1	1	4	4	2	13	1	9	1	5	2	10	1		2	2	11	
113	7	11	17	12	臺北市	中正區	中正區開封街1段34巷與漢口街1段口	25.0451339	121.5124543	0	0	1	2	8	6	5	3	2	1	5	4	5	13	4	4	10	4	5	2	16	1	11	1	6	2	10	1		1	3	11	
113	7	11	17	14	臺北市	北投區	北投區大業路與大興街口	25.1294908	121.496769	0	0	2	2	8	6	5	3	1	1	5	4	5	13	4	4	10	5	5	1	15	1	1	1	5	2	10	1		1	2	11	12
113	7	11	17	18	臺北市	中正區	中正區羅斯福路3段284巷與羅斯福路3段244巷10弄口口	25.01589726	121.5315559	0	0	1	2	8	6	5	4	1	1	5	4	5	13	4	4	10	5	5	1	15	1	9	1	6	2	10	1		2	2	12	
113	7	11	17	20	臺北市	中山區	中山區興安街與遼寧街口	25.0560642	121.5422362	0	0	1	3	8	7	5	4	3	1	5	4	5	13	2	1	5	4	5	2	13	1	9	1	6	1	10	1		2	2	11	
113	7	11	17	20	臺北市	信義區	信義區基隆路2段與和平東路3段口	25.0244186	121.5526797	0	0	1	2	8	7	5	5	1	1	5	4	5	13	1	1	1	4	5	2	29	4	9	1	3	1	10	1		1	2	12	
113	7	11	17	32	臺北市	中正區	中正區杭州南路1段與濟南路1段口	25.0415322	121.526119	0	0	1	2	8	6	5	4	1	1	5	4	5	13	1	1	10	5	5	2	16	1	5	1	2	2	8	1		1	3	4	
113	7	11	17	39	臺北市	內湖區	內湖區成功路2段325號三總大門附近	25.0714089	121.5898885	0	0	1	2	7	6	5	14	9	1	5	4	5	13	2	1	9	4	5	2	13	1	9	1	6	2	10	1		2	2	11	
113	7	11	17	52	臺北市	內湖區	內湖區內湖路1段596號	25.07895538	121.5780201	0	0	1	2	8	6	5	14	9	1	5	4	5	13	4	4	1	4	5	2	17	1	8	1	7	1	8	1		2	3	4	
113	7	11	17	55	臺北市	士林區	士林區中山北路4段往北(0106073號燈桿)	25.07725462	121.5252541	0	0	2	4	8	6	5	11	11	1	5	4	5	13	4	4	1	4	5	1	17	1	6	1	7	1	2	1		1	3	15	
113	7	11	17	55	臺北市	士林區	士林區延平北路6段511巷505號後方	25.0933542	121.4976745	0	0	1	2	7	6	5	14	9	1	5	4	5	13	4	4	10	5	5	1	16	1	1	1	7	2	4	1		1	3	8	
113	7	11	18	27	臺北市	中山區	中山區大佳河濱公園	25.073631	121.5384575	0	0	1	2	8	5	5	14	9	1	5	4	5	13	4	4	9	5	5	2	16	1	9	1	6	1	10	1		1	2	11	
113	7	11	19	15	臺北市	內湖區	內湖區民權東路6段206巷121弄與安康路27巷口	25.06498652	121.5962432	0	0	1	2	8	5	5	3	2	1	5	4	5	13	4	4	10	5	5	2	3	1	9	1	7	2	8	1		1	3	5	
113	7	11	20	20	臺北市	松山區	松山區民生東路4段80巷1弄2號	25.0570479	121.5529979	0	0	1	2	8	5	5	14	9	1	5	4	5	13	4	4	5	4	5	2	13	1	9	1	6	1	10	1		2	2	12	
113	7	11	20	23	臺北市	中山區	中山區中山北路2段20巷與南京西路23巷口	25.05359859	121.5206069	0	0	1	2	8	5	5	3	1	1	5	4	5	13	4	4	10	5	5	2	2	1	6	1	7	1	8	1		1	3	5	
113	7	11	21	14	臺北市	中山區	中山區市民大道2段與林森北路口	25.04775817	121.5242254	0	0	1	2	7	5	5	4	1	1	5	4	5	13	1	1	1	4	5	2	16	4	5	3	3	1	18	1		2	2	14	
113	7	11	22	24	臺北市	大安區	大安區光復南路116巷與無名巷口廢鐵道	25.0430184	121.5562145	0	0	1	2	8	7	5	4	1	1	5	4	5	13	4	4	1	5	5	1	17	4	5	1	3	1	8	1		2	3	5	
113	7	11	22	41	臺北市	大安區	大安區通安街80號	25.0303104	121.5532148	0	0	1	6	8	5	5	14	9	1	5	4	5	13	4	4	10	5	5	1	17	4	14	1	3	2	4	1		1	3	4	
113	7	12	0	5	臺北市	文山區	文山區光輝路與光輝路21巷口	24.9858243	121.5548837	0	0	2	3	8	6	5	14	9	2	5	4	5	13	4	4	10	5	5	2	17	5	17	8	3	10	20	1		2	2	16	
113	7	12	0	45	臺北市	內湖區	內湖區新明路與成功橋口	25.06060205	121.5912676	0	0	1	2	8	5	5	4	1	1	5	4	5	13	2	1	1	4	5	2	17	4	9	6	5	11	10	2		1	4	14	
113	7	12	5	53	臺北市	文山區	文山區木柵路1段與木柵路1段59巷口口	24.98682833	121.5459742	0	0	1	2	8	6	5	4	1	1	5	4	5	13	2	1	5	4	5	2	16	4	4	1	3	1	10	1		1	2	11	
113	7	12	6	20	臺北市	士林區	士林區中山北路5段與福國路口	25.1025689	121.5255599	0	0	1	2	8	6	5	3	1	1	5	4	5	13	2	1	3	4	5	2	17	4	5	1	3	1	10	1		2	3	13	
113	7	12	6	46	臺北市	萬華區	萬華區環河南路2段125巷與大理街170巷口	25.03402689	121.4939706	0	0	1	2	8	7	5	4	1	1	5	4	5	13	4	4	10	5	5	2	17	1	6	1	7	1	8	1		1	3	8	
113	7	12	7	17	臺北市	中山區	中山區農安街與吉林路口	25.0648476	121.5303026	0	0	1	2	8	5	5	4	2	1	5	4	5	13	2	1	5	5	5	2	16	4	9	1	3	2	10	1		1	2	12	
113	7	12	7	18	臺北市	大安區	大安區信義路4段與敦化南路1段口口	25.0330943	121.5490206	0	0	1	2	8	6	5	5	1	1	5	4	5	13	2	1	1	4	5	2	13	1	9	1	5	1	10	1		1	2	11	
113	7	12	7	26	臺北市	信義區	信義區松德路與松德路200巷口	25.0346651	121.5744128	0	0	1	2	8	5	5	3	2	1	5	4	5	13	4	4	5	5	4	1	17	1	6	1	7	1	8	1		1	3	1	
113	7	12	7	28	臺北市	北投區	北投區東華街1段與裕民二路口	25.12048054	121.5209727	0	0	2	2	8	6	5	3	1	1	5	4	5	13	1	1	1	4	5	1	3	1	9	6	6	2	10	1		1	2	11	
113	7	12	7	33	臺北市	萬華區	萬華區康定路與內江街口	25.03513178	121.5072577	0	0	1	2	7	6	5	4	1	1	5	4	5	13	1	1	8	4	5	2	16	4	5	1	3	1	8	1		1	3	1	
113	7	12	7	46	臺北市	大安區	大安區羅斯福路2段與和平東路1段口口	25.0269355	121.5226373	0	0	1	2	8	6	5	5	1	1	5	4	5	13	2	1	1	4	4	2	13	1	9	1	7	1	8	1		1	3	8	
113	7	12	8	39	臺北市	信義區	信義區基隆路1段與基隆路1段101巷口	25.0455317	121.56722	0	0	2	2	8	5	5	3	4	1	5	4	5	13	1	1	10	4	5	1	13	1	9	1	6	9	10	1		2	2	11	
113	7	12	8	49	臺北市	士林區	士林區重慶北路4段155號	25.0837163	121.5117746	0	0	2	3	8	6	5	14	12	1	5	4	5	13	4	4	1	4	4	2	17	1	9	1	6	2	10	1		1	2	11	
113	7	12	8	56	臺北市	內湖區	內湖區舊宗路1段159號停車場入口	25.0530923	121.5742892	0	0	1	2	8	6	5	14	9	1	5	4	5	13	4	4	9	4	5	2	17	1	6	1	7	1	4	1		1	3	5	
113	7	12	9	0	臺北市	中山區	中山區錦州街與合江街口	25.06036837	121.5392392	0	0	1	2	8	7	5	4	2	1	5	4	5	13	2	1	5	4	5	2	17	4	6	1	5	9	10	1		2	3	14	
113	7	12	9	10	臺北市	士林區	士林區中山北路6段441巷與中山北路6段763巷7弄口	25.1165991	121.5268574	0	0	2	3	8	5	8	3	2	1	5	4	5	13	4	4	10	5	5	2	17	1	5	1	5	2	10	1		2	2	14	
113	7	12	9	10	臺北市	萬華區	萬華區西藏路與雙園街口	25.0288706	121.4950697	0	0	1	2	7	6	5	4	1	1	5	4	5	13	3	1	8	3	5	2	16	4	5	6	3	1	18	1		2	2	14	
113	7	12	9	11	臺北市	中山區	中山區樂群一路與明水路口	25.0772597	121.5504703	0	0	1	2	8	5	5	3	2	1	5	4	5	13	2	1	3	4	5	2	13	4	4	1	3	2	10	1		1	2	11	
113	7	12	9	20	臺北市	松山區	松山區南京東路4段53巷7弄7號	25.05283807	121.5507353	0	0	1	2	8	6	5	22	9	1	5	4	5	13	4	4	10	5	5	1	12	1	1	1	7	1	8	1		1	3	8	
113	7	12	9	24	臺北市	士林區	士林區大南路與後港街口	25.08845385	121.5207167	0	0	1	3	8	6	5	3	1	1	5	4	5	13	4	4	10	5	5	1	11	1	14	1	7	11	4	1		1	3	17	
113	7	12	9	27	臺北市	大安區	大安區忠孝東路3段與新生南路1段口口	25.0421726	121.5329793	0	0	1	2	8	6	5	4	1	1	5	4	5	13	2	1	3	4	1	2	17	1	6	1	7	1	7	1		1	3	5	
113	7	12	9	49	臺北市	松山區	松山區民權東路5段50號	25.0630344	121.56509	1	0	0	2	8	7	5	14	9	1	5	4	5	13	4	4	1	4	5	2	12	1	1	3	7	2	18	1		1	3	4	
113	7	12	10	47	臺北市	大同區	大同區承德路2段與民生西路口	25.0573791	121.5180718	0	0	2	2	8	5	5	4	2	1	5	4	1	11	2	1	1	4	5	2	17	4	6	1	3	2	10	1		2	2	13	
113	7	12	10	57	臺北市	中山區	中山區中山北路3段花博公園	25.07124834	121.5235235	0	0	1	2	8	7	5	14	9	1	5	4	5	13	4	4	1	4	5	2	16	1	7	1	5	1	10	1		1	3	12	
113	7	12	11	1	臺北市	萬華區	萬華區武成街與武成街35巷口口	25.018633	121.4953672	0	0	2	2	8	6	5	4	1	1	5	4	5	13	4	4	10	5	5	1	15	4	9	1	3	1	10	1		2	2	11	
113	7	12	11	15	臺北市	信義區	信義區忠孝東路5段與基隆路口側附近1段口	25.0413188	121.5646663	0	0	1	2	8	6	5	5	1	1	5	4	5	13	2	1	1	4	4	2	16	4	6	1	3	2	4	1		1	3	5	
113	7	12	11	19	臺北市	士林區	士林區忠誠路2段與德行東路口	25.10840178	121.5303329	0	0	1	2	8	6	5	4	1	1	5	4	5	13	2	1	1	4	1	1	12	1	5	1	5	1	10	1		1	3	14	
113	7	12	11	45	臺北市	內湖區	內湖區民權大橋(松山往內湖)	25.06437498	121.5711198	0	0	1	2	8	5	5	14	11	1	5	4	5	13	4	4	1	4	4	1	17	1	9	1	6	2	10	1		2	2	12	
113	7	12	12	5	臺北市	信義區	信義區和平東路3段圓環內	25.0244578	121.5528826	0	0	1	2	7	5	5	5	2	1	5	4	5	13	1	1	5	5	5	2	17	3	7	1	5	2	10	1		2	2	14	
113	7	12	12	5	臺北市	信義區	信義區忠孝東路5段524巷1弄11號	25.0414179	121.5800507	0	0	2	2	8	7	8	22	22	1	5	4	5	13	4	4	10	5	5	2	9	1	9	1	5	2	10	1		1	2	12	
113	7	12	12	5	臺北市	大安區	大安區仁愛路4段與敦化南路1段口	25.0380434	121.5477729	0	0	1	2	8	6	5	4	1	1	5	4	5	13	1	1	9	4	5	1	15	4	9	1	3	1	8	1		1	3	6	
113	7	12	12	25	臺北市	中山區	中山區建國北路2段與長春路口	25.0545969	121.5374328	0	0	2	2	8	6	5	4	2	1	5	4	5	13	1	1	5	4	5	2	16	1	7	8	4	2	20	1		1	2	12	
113	7	12	12	49	臺北市	大安區	大安區忠孝東路3段與建國南路1段口	25.0418943	121.5367798	0	0	1	2	8	6	5	4	1	1	5	4	5	13	1	1	1	3	5	2	12	1	9	1	6	1	10	1		1	2	12	
113	7	12	12	50	臺北市	士林區	士林區忠誠路2段166巷28弄與忠誠路2段166巷口	25.1159277	121.5323608	0	0	3	3	8	7	5	4	1	1	5	4	5	13	4	4	10	5	5	2	15	4	9	1	3	2	10	1		1	2	14	
113	7	12	13	8	臺北市	信義區	信義區虎林街與松隆路口側附近口	25.0482811	121.576077	0	0	1	2	8	6	5	5	1	1	5	4	5	13	2	1	5	5	5	2	16	4	6	1	3	2	8	1		1	3	5	
113	7	12	13	20	臺北市	信義區	信義區崇德街71號	25.0242702	121.555159	0	0	1	2	8	6	8	22	22	1	5	4	5	13	3	1	1	4	5	2	17	1	6	1	7	2	4	1		1	3	4	
113	7	12	13	34	臺北市	南港區	南港區南港路1段與興華路口	25.0542517	121.6062303	0	0	2	3	8	6	5	4	2	1	5	4	5	13	1	1	5	4	5	2	16	1	5	1	6	1	10	1		1	2	12	
113	7	12	13	50	臺北市	內湖區	內湖區新明路與新明路107巷口	25.05983784	121.5901382	0	0	1	2	8	6	5	3	1	1	5	4	5	13	4	4	9	4	5	2	16	1	11	1	7	2	8	1		1	3	8	
113	7	12	13	55	臺北市	大安區	大安區建國南路1段與建國南路1段65巷口	25.0439026	121.5369492	0	0	1	2	7	6	5	3	1	1	5	4	5	13	4	4	10	4	5	2	17	1	6	1	7	1	8	1		2	3	5	
113	7	12	13	55	臺北市	大安區	大安區敦化南路1段與安和路1段口口	25.0392519	121.5491362	0	0	1	2	8	6	5	14	9	1	5	4	5	13	4	4	1	5	5	2	9	1	3	1	7	1	2	1		1	3	17	
113	7	12	14	10	臺北市	萬華區	萬華區桂林路與桂林路242巷口	25.0386248	121.4959989	0	0	1	3	8	7	5	5	1	1	5	4	5	13	1	1	1	3	5	2	13	1	9	1	7	1	8	1		2	3	1	
113	7	12	14	32	臺北市	大安區	大安區和平東路3段228巷與安居街8巷口	25.0218831	121.554305	0	0	1	2	6	6	5	3	1	1	4	4	5	13	4	4	9	4	5	1	17	4	5	1	3	9	10	1		1	2	11	
113	7	12	14	33	臺北市	南港區	南港區東新街與東新街108巷口	25.0463432	121.5877339	0	0	1	2	6	6	5	4	1	1	4	4	5	13	2	1	5	5	5	2	16	1	6	1	5	1	10	1		1	2	14	
113	7	12	14	37	臺北市	松山區	松山區民權東路5段與民權東路5段口1號旁無名巷	25.0630303	121.5649089	0	0	1	3	7	7	5	4	2	1	5	4	5	13	2	1	8	3	4	2	13	1	11	1	5	1	10	1		1	3	17	
113	7	12	14	38	臺北市	士林區	士林區格致路與凱旋路口	25.13700852	121.5464089	0	0	1	2	8	7	5	3	1	1	5	4	5	13	4	4	9	4	5	1	17	1	5	1	7	2	8	1		1	3	2	
113	7	12	15	20	臺北市	信義區	信義區吳興街252號	25.0270899	121.5636179	0	0	1	2	7	7	5	3	1	1	5	4	5	13	4	4	9	4	5	2	17	1	1	1	7	2	8	1		1	3	4	
113	7	12	15	30	臺北市	文山區	文山區辛亥路4段與辛亥路4段166巷口	25.0039055	121.556478	0	0	1	2	8	6	5	14	9	1	5	4	5	13	2	1	1	4	5	2	13	1	9	1	7	2	7	1		1	3	3	
113	7	12	15	50	臺北市	北投區	北投區中央北路4段584號加油站入口處	25.127057	121.466403	0	0	1	2	8	5	5	14	9	1	5	4	5	13	4	4	9	4	5	1	12	1	11	1	7	1	8	1		1	3	6	
113	7	12	15	57	臺北市	中山區	中山區民權東路2段與吉林路口	25.0627028	121.5300794	0	0	1	2	8	6	5	4	2	1	5	4	5	13	2	1	1	4	5	2	17	1	8	1	7	9	8	1		1	3	17	
113	7	12	16	3	臺北市	大安區	大安區復興南路1段156號	25.0421304	121.5436782	0	0	1	2	8	7	5	14	9	1	5	4	5	13	4	4	1	4	5	2	12	4	7	1	3	1	10	1		2	2	14	
113	7	12	16	45	臺北市	內湖區	內湖區行善路與新湖二路口	25.064753	121.585559	0	0	2	3	8	6	5	4	1	1	5	4	5	13	2	1	1	4	4	2	17	1	9	1	6	1	10	1		1	2	12	
113	7	12	16	47	臺北市	萬華區	萬華區中華路1段與南寧路口	25.037162	121.5065724	0	0	1	2	8	6	5	5	1	1	5	4	5	13	1	1	8	3	5	1	17	1	9	1	7	1	2	1		1	3	2	
113	7	12	17	23	臺北市	松山區	松山區市民大道6段與虎林街口	25.0494411	121.5761135	0	0	1	2	8	5	5	4	1	1	5	4	5	13	1	1	10	4	5	2	17	1	9	1	5	1	10	1		1	2	17	
113	7	12	17	34	臺北市	松山區	松山區八德路4段185號	25.04874808	121.5633416	0	0	1	2	8	6	5	14	9	1	5	4	5	13	4	4	5	4	5	2	17	1	12	1	6	1	10	1		1	2	14	
113	7	12	17	35	臺北市	中正區	中正區思源街16號	25.0139219	121.5308064	0	0	1	4	8	6	5	3	2	1	5	4	5	13	1	1	1	4	4	1	17	1	8	1	7	2	8	1		1	3	4	
113	7	12	17	40	臺北市	信義區	信義區嘉興街與嘉興街216巷口	25.0268703	121.5566628	0	0	2	2	8	7	5	3	1	1	5	4	5	13	4	4	9	4	5	2	17	1	5	1	5	1	10	1		1	2	12	
113	7	12	17	51	臺北市	萬華區	萬華區環河南路1段與武昌街2段口	25.0457187	121.5025614	0	0	3	3	8	7	5	4	1	1	5	4	5	13	1	1	9	5	5	2	15	1	9	1	5	1	10	1		1	2	11	
113	7	12	17	56	臺北市	信義區	信義區忠孝東路5段與忠孝東路5段524巷口	25.0415357	121.5791043	0	0	2	2	7	5	5	4	19	1	5	4	5	13	1	1	1	4	5	2	9	1	5	1	7	1	8	1		1	2	8	
113	7	12	19	16	臺北市	大安區	大安區仁愛路4段345巷與仁愛路4段345巷2弄口	25.0384792	121.5540661	0	0	1	2	8	5	5	4	1	1	5	4	5	13	4	4	10	5	5	2	17	1	9	1	7	1	8	1		1	3	8	
113	7	12	19	26	臺北市	中正區	中正區水源路與泉州街口	25.0240953	121.5127935	0	0	1	4	8	5	5	4	2	1	5	4	5	13	1	1	1	4	5	2	13	1	9	1	7	1	2	1		1	3	1	
113	7	12	19	28	臺北市	中正區	中正區忠孝東路2段與金山南路1段口	25.04311272	121.5297406	0	0	1	2	8	6	5	4	1	1	5	5	5	13	2	1	1	4	5	2	18	1	9	1	5	2	10	1		1	2	14	
113	7	12	19	48	臺北市	北投區	北投區承德路7段與大業路口	25.12116893	121.4999109	0	0	1	2	7	5	5	5	1	1	5	4	5	13	1	1	1	4	5	2	16	1	5	1	5	2	10	1		1	2	14	
113	7	12	20	10	臺北市	內湖區	內湖區環山路2段105號	25.08456587	121.5756803	0	0	1	2	8	5	8	14	9	1	5	4	5	13	4	4	5	4	5	2	12	1	1	1	7	1	8	1		2	3	4	
113	7	12	20	13	臺北市	北投區	北投區中央北路1段與育仁路口	25.1348858	121.4996503	0	0	1	2	7	5	5	4	2	1	5	4	5	13	4	4	5	5	5	2	13	1	9	6	5	2	10	1		1	2	12	
113	7	12	20	20	臺北市	內湖區	內湖區康寧路3段174號	25.06926389	121.612018	0	0	1	2	8	6	5	14	9	1	5	4	5	13	4	4	1	2	5	2	12	1	7	1	5	1	10	1		2	2	14	
113	7	12	20	25	臺北市	北投區	北投區大度路3段與立功街口	25.12319761	121.4689564	0	0	1	2	7	5	5	3	1	1	5	4	5	13	3	1	1	4	5	2	16	1	7	1	7	2	8	1		1	3	6	
113	7	12	22	35	臺北市	內湖區	內湖區新湖一路36巷與新湖一路口	25.05845389	121.5748247	0	0	1	2	8	5	5	4	1	1	5	4	5	13	4	4	5	5	5	2	17	1	12	1	5	1	10	1		1	2	12	
113	7	12	22	54	臺北市	大安區	大安區基隆路3段與基隆路3段155巷口	25.0157203	121.5427129	0	0	1	2	8	5	5	4	1	1	5	4	5	13	2	1	1	4	5	2	17	4	5	1	3	1	4	1		1	3	1	
113	7	13	2	7	臺北市	大安區	大安區基隆路2段162號	25.0275511	121.5558127	0	0	3	3	8	5	5	14	9	1	5	4	5	13	4	4	7	4	5	2	17	4	15	3	3	1	18	1		2	2	14	
113	7	13	2	14	臺北市	中山區	中山區中山北路3段北往南美術館公車站旁	25.0701789	121.5230734	0	0	1	2	8	5	5	14	9	1	5	4	5	13	4	4	9	4	5	2	13	1	9	1	6	1	10	1		2	2	11	
113	7	13	5	30	臺北市	信義區	信義區松壽路與松壽路16巷口	25.0358734	121.5663893	0	0	1	2	8	6	5	4	1	1	5	4	5	13	4	4	9	4	5	1	17	4	9	1	3	9	8	2		1	3	7	
113	7	13	5	53	臺北市	萬華區	萬華區西園路2段161號	25.0288564	121.4960178	0	0	1	2	8	7	5	11	12	1	5	4	5	13	4	4	1	3	4	2	18	1	6	1	5	8	10	1		1	2	12	
113	7	13	6	0	臺北市	士林區	士林區百齡橋(百齡013號標牌前)	25.0886288	121.5131942	0	0	2	2	8	6	5	14	11	1	5	4	5	13	4	4	1	4	5	1	17	1	9	3	6	1	18	1		1	2	11	
113	7	13	6	7	臺北市	萬華區	萬華區青年路與青年路30巷口	25.0255804	121.5048942	0	0	1	2	7	6	5	3	2	1	5	4	4	13	2	1	5	5	5	2	29	1	5	8	4	1	20	1		1	2	14	
113	7	13	6	19	臺北市	萬華區	萬華區忠孝橋往北市機慢車專用道	25.0495844	121.5045893	0	0	4	5	7	6	7	14	11	1	5	4	5	13	4	4	10	5	5	2	13	4	9	6	5	1	18	1		1	2	13	
113	7	13	6	26	臺北市	大安區	大安區復興南路2段151巷45號	25.0283514	121.5454302	0	0	1	2	8	6	5	14	9	1	5	4	3	10	4	4	5	5	5	2	17	1	13	1	7	1	8	1		2	3	4	
113	7	13	7	20	臺北市	北投區	北投區中央北路2段與豐年路2段口	25.1380097	121.4925886	0	0	2	2	8	5	5	3	1	1	5	4	5	13	1	1	9	4	4	2	13	4	15	1	3	1	10	1		1	2	11	
113	7	13	7	37	臺北市	中山區	中山區中山北路3段與民族東路口	25.0684598	121.5228158	0	0	1	2	8	6	5	4	1	1	5	4	5	13	2	1	1	4	1	2	12	1	9	1	7	2	4	1		1	3	5	
113	7	13	7	49	臺北市	內湖區	內湖區金龍路與成功路4段口	25.0842222	121.5951342	0	0	1	2	8	6	5	4	2	1	5	4	5	13	2	1	5	4	5	2	17	1	8	1	5	2	10	1		1	2	14	
113	7	13	7	59	臺北市	萬華區	萬華區環河南路1段42號	25.0487673	121.5057842	0	0	1	2	8	7	5	14	9	1	5	4	5	13	4	4	5	4	5	2	17	1	9	1	6	1	10	1		1	2	11	
113	7	13	8	23	臺北市	中正區	中正區中正橋往北市	25.0220389	121.5166653	0	0	2	4	8	7	5	14	9	1	5	4	5	13	4	4	3	4	5	2	17	1	7	1	7	1	4	1		1	3	17	
113	7	13	8	50	臺北市	內湖區	內湖區內湖路2段與成功路4段30巷口	25.0821311	121.5907437	0	0	1	2	8	6	5	3	1	1	5	4	5	13	4	4	10	5	5	2	16	1	5	1	5	2	10	1		2	2	12	
113	7	13	9	0	臺北市	北投區	北投區大度路1段與承德路7段401巷口貴水二溪	25.1218133	121.4859118	0	0	1	2	8	5	5	3	1	1	5	4	5	13	1	1	3	2	3	2	17	4	6	1	3	1	3	1		1	3	5	
113	7	13	9	8	臺北市	大安區	大安區和平東路1段與金山南路2段口	25.0269026	121.5256533	0	0	1	2	8	6	5	3	2	1	5	4	5	13	1	1	10	4	5	2	17	1	9	1	6	2	10	1		1	2	12	
113	7	13	9	40	臺北市	信義區	信義區和平東路3段391巷與和平東路3段391巷口	25.0204132	121.5586503	0	0	1	2	8	7	5	4	1	1	5	4	5	13	4	4	9	5	5	2	16	4	5	1	6	1	10	1		2	2	12	
113	7	13	10	3	臺北市	大安區	大安區建國南路2段27號	25.0322145	121.5380024	0	0	1	2	8	6	5	14	9	1	5	4	5	13	2	1	1	4	4	2	17	1	6	1	5	1	10	1		1	2	14	
113	7	13	10	33	臺北市	中正區	中正區懷寧街與衡陽路口	25.0424183	121.5140086	0	0	1	2	8	6	5	3	2	1	5	4	5	13	1	1	10	5	5	2	9	1	2	1	2	2	4	1		1	3	7	
113	7	13	11	38	臺北市	萬華區	萬華區華中橋(近燈桿7010487)	25.0103939	121.4949778	0	0	3	3	8	6	5	8	11	1	5	4	5	13	4	4	1	4	5	2	13	4	9	1	6	1	10	1		2	2	11	
113	7	13	11	48	臺北市	大安區	大安區光復南路與光復南路180巷口	25.04235163	121.5575951	0	0	1	2	8	5	5	3	2	1	5	4	5	13	4	4	1	4	5	2	16	4	6	1	3	11	8	1		2	3	6	
113	7	13	12	6	臺北市	文山區	文山區木新路2段116號	24.9844276	121.5697472	0	0	2	3	8	6	8	22	22	1	5	4	5	13	1	1	10	5	5	2	17	4	1	1	3	1	10	1		2	2	11	
113	7	13	12	58	臺北市	中正區	中正區寧波西街61號	25.0305863	121.5173316	0	0	3	3	8	7	5	14	9	1	5	4	5	13	4	4	10	2	5	2	17	1	1	1	5	1	10	1		1	2	14	
113	7	13	13	11	臺北市	內湖區	內湖區南京東路6段與南京東路6段368巷口	25.059641	121.5871579	0	0	1	2	8	5	5	4	1	1	5	4	5	13	2	1	10	5	5	2	16	1	5	1	7	2	8	1		1	3	4	