年	月	日	時	分	縣市	行政區	allLocation	GoogleLat	GoogleLng	死	2-30	受傷	當事人數	天候	道路照明設備	道路類別	道路型態	事故位置	路面狀況1	路面狀況2	路面狀況3	道路障礙1	道路障礙2	號誌1	號誌2	車道劃分-分向	車道劃分-分道1	車道劃分-分道2	車道劃分-分道3	事故類型及型態	行動電話	當事者行動狀態	駕駛資格情形	保護裝置	飲酒情形	駕駛執照種類	個人肇逃否	肇因碼-主要	性別	受傷程度	車輛撞擊部位1	車輛撞擊部位2
113	7	13	13	18	臺北市	士林區	士林區通河街179巷與通河東街1段口	25.08072341	121.518226	0	0	1	2	8	6	5	5	1	1	5	4	5	13	4	4	10	5	5	1	15	1	9	1	7	2	8	1		2	3	4	
113	7	13	13	20	臺北市	信義區	信義區莊敬路289巷3弄25號	25.0295727	121.5628388	0	0	1	2	8	7	5	14	9	1	5	4	5	13	4	4	10	5	5	2	17	1	1	8	4	1	20	1		2	2	11	
113	7	13	13	50	臺北市	士林區	士林區承德路5段與士商路口	25.09642601	121.5149043	0	0	1	2	8	6	5	4	2	1	5	4	5	13	2	1	1	4	4	1	17	1	6	1	7	2	8	1		1	3	3	
113	7	13	14	0	臺北市	大安區	大安區市民大道3段與八德路2段口	25.0449018	121.5343366	0	0	1	2	8	6	5	4	1	1	5	4	5	13	1	1	9	4	5	1	16	4	9	1	3	1	10	1		1	2	14	
113	7	13	14	54	臺北市	南港區	南港區研究院路3段14巷與研究院路3段口	25.0352386	121.6166632	0	0	1	2	8	5	5	3	2	1	5	4	5	13	4	4	5	5	5	2	17	1	9	1	6	9	10	1		1	2	14	
113	7	13	15	8	臺北市	信義區	信義區忠孝東路5段790巷與忠孝東路5段790巷62弄口	25.0407146	121.58342	0	0	1	2	7	7	5	4	1	1	5	4	5	13	4	4	10	5	5	2	15	1	9	1	5	1	10	1		1	2	11	
113	7	13	15	28	臺北市	大同區	大同區承德路3段263號0800501燈桿	25.0722504	121.5188606	0	0	2	4	8	5	5	14	9	1	5	4	5	13	2	1	1	4	1	2	13	1	7	1	7	1	8	1		1	3	17	
113	7	13	16	0	臺北市	信義區	信義區虎林街82巷與永吉路326巷口	25.0432735	121.5753984	0	0	2	2	6	6	5	4	1	1	4	4	5	13	4	4	9	5	5	2	3	1	9	6	6	2	10	1		1	2	11	
113	7	13	16	20	臺北市	士林區	士林區承德路4段10巷與通河街76巷口	25.0801377	121.5201037	0	0	1	2	8	5	5	4	1	1	5	4	5	13	4	4	5	4	5	1	17	1	9	1	6	1	10	1		1	2	11	
113	7	13	16	22	臺北市	大安區	大安區新生南路1段與濟南路3段口	25.0398392	121.5329392	0	0	1	2	7	6	5	14	9	1	4	4	5	13	2	1	10	5	5	2	18	1	12	1	6	1	10	1		1	2	14	
113	7	13	16	58	臺北市	北投區	北投區中央北路4段與中央北路4段540巷口	25.12786344	121.4675847	0	0	1	2	8	6	5	14	9	1	5	4	5	13	1	1	9	4	5	2	16	1	11	1	7	1	8	1		2	3	2	
113	7	13	17	31	臺北市	萬華區	萬華區萬大路與興寧街口	25.0322564	121.5005428	0	0	1	3	8	5	5	4	1	1	5	4	5	13	1	1	10	5	5	2	17	4	15	8	3	1	20	1		1	3	15	
113	7	13	17	37	臺北市	內湖區	內湖區康寧路3段168號	25.0694649	121.6119246	0	0	1	2	7	6	5	14	8	1	5	4	5	13	4	4	1	4	4	2	16	4	7	1	3	2	8	1		1	3	5	
113	7	13	17	41	臺北市	大安區	大安區敦化南路1段與安和路1段口	25.0397495	121.5490712	0	0	1	2	8	6	5	3	4	1	5	4	5	13	1	1	1	5	5	2	12	4	21	7	3	11	19	2		1	4	15	
113	7	13	17	54	臺北市	中正區	中正區重慶南路1段與漢口街1段口	25.0452507	121.5132683	0	0	2	3	8	5	5	4	1	1	5	4	5	13	1	1	10	4	5	1	17	1	5	1	5	1	10	1		1	3	14	
113	7	13	18	28	臺北市	北投區	北投區中和街與中和街57巷口	25.1385897	121.5021924	0	0	1	2	8	6	5	14	9	1	5	4	5	13	4	4	9	4	5	2	12	1	11	1	5	1	10	1		2	2	12	
113	7	13	19	26	臺北市	中山區	中山區民生東路1段13號	25.0581061	121.5237703	0	0	1	2	8	5	5	14	9	1	5	4	5	13	4	4	4	5	5	1	16	4	6	1	3	1	8	1		1	3	5	
113	7	13	19	30	臺北市	萬華區	萬華區忠孝西路2段與忠孝西路2段16巷口	25.0481956	121.5085691	0	0	2	3	8	5	5	3	1	1	5	4	5	13	4	4	1	4	5	2	17	4	6	1	7	1	8	1		1	3	6	
113	7	13	20	0	臺北市	大安區	大安區基隆路3段22巷5弄5號	25.0207438	121.5475515	0	0	2	2	8	5	5	14	9	1	5	4	5	13	4	4	1	5	5	2	8	1	2	1	7	1	8	1		1	2	3	
113	7	13	20	0	臺北市	萬華區	萬華區環河快速道路南往北	25.0241772	121.4908178	0	0	1	2	7	5	7	14	7	1	5	4	5	13	1	1	1	3	1	2	13	1	9	3	7	2	18	1		1	3	8	
113	7	13	20	44	臺北市	內湖區	內湖區新明路513號	25.0535991	121.5793573	0	0	1	7	7	5	5	14	9	1	5	4	5	13	4	4	9	5	4	2	17	1	9	1	6	1	10	1		1	2	11	
113	7	13	21	13	臺北市	大安區	大安區和平東路3段與樂業街口	25.0244296	121.5498967	0	0	1	3	8	5	5	4	1	1	5	4	5	13	4	4	9	4	5	1	16	4	6	1	3	1	8	1		1	3	5	
113	7	13	21	45	臺北市	內湖區	內湖區安康路32巷與安康路口	25.06263705	121.5949049	0	0	1	3	8	5	5	3	1	1	5	4	5	13	2	1	5	4	5	2	16	1	11	1	7	1	4	1		1	3	8	
113	7	13	23	20	臺北市	北投區	北投區知行路258號	25.12093	121.4672579	0	0	2	3	8	5	5	14	9	1	5	4	5	13	4	4	5	4	5	2	10	4	1	1	3	1	10	1		1	3	11	
113	7	13	23	46	臺北市	中山區	中山區中山北路2段與南京西路口	25.0521538	121.5225025	0	0	1	2	8	5	5	4	1	1	5	4	5	13	1	1	1	4	5	2	16	1	6	1	5	1	8	1		1	3	13	
113	7	14	2	58	臺北市	中山區	中山區錦州街1巷與錦州街口	25.06035	121.5237488	0	0	2	3	8	5	5	4	1	1	5	4	5	10	4	4	4	5	5	1	16	4	5	1	3	1	10	1		1	2	11	
113	7	14	7	30	臺北市	萬華區	萬華區康定路250巷與康定路口	25.037458	121.5015676	0	0	2	2	8	6	5	14	9	1	5	4	5	13	4	4	5	4	5	1	17	4	9	6	3	1	18	1		1	2	11	
113	7	14	7	52	臺北市	士林區	士林區德行東路109巷30號	25.10849403	121.5283504	0	0	1	2	8	6	8	14	9	1	5	4	5	13	4	4	9	5	5	1	9	5	16	8	4	10	20	1		2	2	16	
113	7	14	8	0	臺北市	士林區	士林區萬溪產業道路與萬溪產業道路口第1103686號路燈桿	25.12766352	121.5936781	0	0	2	2	8	7	5	11	9	1	5	4	5	13	4	4	10	4	5	1	17	1	21	1	5	2	9	1		1	2	11	
113	7	14	8	20	臺北市	內湖區	內湖區康樂街201巷與康樂街口	25.0764623	121.6221521	0	0	1	4	8	6	5	3	1	1	5	4	5	13	4	4	10	5	5	2	3	1	5	1	7	11	8	1		1	3	5	
113	7	14	8	30	臺北市	士林區	士林區仰德大道3段48巷與仰德大道口側附近3段口	25.1185274	121.552549	0	0	1	2	8	7	5	3	2	1	5	4	5	13	4	4	5	3	5	1	13	4	11	1	3	9	4	1		1	3	7	
113	7	14	8	36	臺北市	萬華區	萬華區青年路120號(對面)	25.0225132	121.5026206	0	0	4	4	8	7	5	14	9	1	5	4	5	13	4	4	5	4	5	2	17	1	6	1	5	9	10	1		1	2	13	
113	7	14	9	8	臺北市	士林區	士林區文林路與文林路681巷口	25.10110468	121.522088	0	0	1	2	8	7	5	4	1	1	5	4	5	13	2	1	5	4	5	2	16	1	5	1	7	1	8	1		1	3	8	
113	7	14	9	55	臺北市	內湖區	內湖區舊宗路2段與港墘路口	25.07457515	121.5724902	0	0	1	2	8	7	5	3	2	1	5	4	5	13	1	1	1	5	5	2	17	1	15	1	5	1	10	1		1	2	14	
113	7	14	10	19	臺北市	大安區	大安區新生南路1段123號	25.0387714	121.5329373	0	0	2	2	8	6	5	14	9	1	5	4	5	13	4	4	1	1	5	2	17	1	8	6	5	1	10	1		1	2	13	
113	7	14	10	33	臺北市	松山區	松山區南京東路5段59巷28弄與南京東路5段23巷9弄口	25.0526123	121.5580353	0	0	1	2	8	7	5	4	1	1	5	4	5	13	4	4	6	3	5	2	10	1	9	1	5	1	10	1		1	2	14	
113	7	14	10	35	臺北市	文山區	文山區辛亥路4段162號對面	25.0039132	121.5565551	0	0	2	2	8	6	5	14	9	1	5	4	5	13	4	4	1	4	5	2	13	1	9	1	6	2	10	1		1	2	11	
113	7	14	11	7	臺北市	中山區	中山區復興北路與遼寧街185巷口	25.0532874	121.5440286	0	0	1	3	8	6	5	4	1	1	5	4	5	13	2	1	1	4	5	2	16	1	5	1	7	1	8	1		1	3	4	
113	7	14	11	58	臺北市	信義區	信義區基隆路1段與忠孝東路口側附近5段口	25.0409205	121.5644839	0	0	2	3	8	6	5	5	1	1	5	4	5	13	2	1	1	4	5	2	12	4	9	1	6	9	10	2		1	4	11	
113	7	14	12	0	臺北市	萬華區	萬華區大理街160巷與大理街160巷20弄口	25.03323589	121.4940295	0	0	2	2	8	5	5	3	1	1	5	4	5	13	4	4	10	5	5	2	17	4	5	6	5	2	10	1		1	2	11	
113	7	14	12	14	臺北市	松山區	松山區八德路4段245巷與東興路2巷口	25.05076456	121.5642204	0	0	2	3	8	5	5	4	1	1	5	4	5	13	4	4	9	5	5	2	15	4	9	1	3	2	5	1		1	3	8	
113	7	14	12	51	臺北市	中正區	中正區杭州南路1段73號	25.03981017	121.525582	0	0	1	2	8	6	5	14	9	1	5	4	5	13	4	4	10	4	5	2	17	1	9	1	5	11	10	1		2	3	17	
113	7	14	13	27	臺北市	北投區	北投區中央北路4段與中央北路4段口48號	25.1346273	121.4774372	0	0	1	2	8	6	5	14	9	1	5	4	5	13	2	1	5	4	5	2	16	1	11	1	7	1	8	1		2	3	4	
113	7	14	13	30	臺北市	信義區	信義區松山路277號	25.0430979	121.5778439	0	0	1	3	8	6	5	14	9	1	5	4	5	13	4	4	1	4	5	2	12	4	8	1	3	1	9	1		1	3	14	
113	7	14	13	58	臺北市	松山區	松山區南京東路4段65號	25.0517471	121.5530472	0	0	3	4	8	5	5	14	9	1	5	4	5	13	2	1	3	4	3	2	13	4	9	1	6	1	10	1		2	2	11	
113	7	14	14	15	臺北市	松山區	松山區新中街與新中街6巷口	25.0582747	121.5605686	0	0	1	2	8	6	5	4	1	1	5	4	5	13	4	4	5	4	5	2	17	1	5	1	7	2	8	1		1	3	1	
113	7	14	14	31	臺北市	士林區	士林區基河路396巷6號	25.09562667	121.5178775	0	0	1	2	8	6	5	14	9	1	5	4	5	13	4	4	9	4	5	1	17	1	11	1	5	1	10	1		1	2	12	
113	7	14	15	10	臺北市	信義區	信義區忠孝東路5段423巷與忠孝東路5段423巷3弄口	25.0413929	121.5753671	0	0	1	2	8	7	5	4	1	1	5	4	5	13	4	4	9	5	5	2	15	1	9	1	7	1	8	1		1	3	5	
113	7	14	15	20	臺北市	士林區	士林區至善路1段與福林路254巷口	25.09821297	121.5377274	0	0	1	2	8	7	5	3	1	1	5	4	5	13	1	1	1	4	4	2	12	4	15	1	3	2	11	1		2	2	14	
113	7	14	15	40	臺北市	北投區	北投區泉源路007號燈桿	25.14479929	121.527922	0	0	2	3	8	6	5	14	9	1	5	4	5	13	4	4	5	4	5	2	29	1	9	1	7	2	8	1		1	2	5	
113	7	14	15	45	臺北市	南港區	南港區市民大道8段與研究院路1段口	25.0542763	121.6163502	0	0	2	2	8	7	5	4	1	1	5	4	5	13	1	1	1	3	5	2	12	1	9	1	5	2	10	1		1	2	13	
113	7	14	15	55	臺北市	北投區	北投區建民路與建民路151巷口	25.1104345	121.5192828	0	0	2	2	8	6	5	4	1	1	5	4	5	13	4	4	10	5	5	1	15	1	9	1	5	2	10	1		1	2	11	12
113	7	14	16	33	臺北市	中山區	中山區建國北路1段23巷與八德路2段137巷口	25.04737638	121.5373226	0	0	2	2	8	5	5	4	1	1	5	4	5	13	4	4	10	5	5	2	15	1	9	1	5	1	10	1		1	2	11	
113	7	14	16	38	臺北市	內湖區	內湖區南京東路6段與堤頂大道1段口	25.0542359	121.5766064	0	0	1	2	8	5	5	5	2	1	5	4	5	13	1	1	1	5	5	2	13	1	9	1	5	2	10	1		2	2	11	
113	7	14	16	52	臺北市	信義區	信義區富陽街與和平東路3段口	25.0207782	121.5564736	0	0	1	2	8	7	5	5	1	1	5	4	5	13	2	1	1	4	5	2	9	1	5	1	7	2	8	1		1	3	4	
113	7	14	16	55	臺北市	松山區	松山區八德路4段與八德路4段36巷口	25.0482806	121.5591303	0	0	1	2	8	5	5	4	1	1	5	4	5	13	4	4	8	3	5	2	16	4	9	1	5	11	10	2		4	2	11	
113	7	14	16	58	臺北市	大安區	大安區羅斯福路3段345號	25.01677	121.5324268	0	0	1	2	8	7	5	14	9	1	5	4	5	13	4	4	3	3	5	2	12	1	9	1	6	1	10	1		1	2	14	
113	7	14	17	30	臺北市	南港區	南港區忠孝東路7段與研究院路1段口	25.0534022	121.6162833	0	0	1	2	8	7	5	4	2	1	5	4	5	13	1	1	1	1	5	2	13	1	9	1	5	1	10	1		2	2	11	
113	7	14	18	15	臺北市	士林區	士林區天玉街38巷18弄與天玉街38巷口	25.1192153	121.5296991	0	0	1	2	8	6	5	14	9	1	5	4	5	13	4	4	5	5	5	2	17	1	1	1	7	1	8	1		1	3	8	
113	7	14	18	36	臺北市	士林區	士林區重慶北路4段108號與通河西街1段口	25.0821656	121.5132533	0	0	3	3	8	5	5	3	1	1	5	4	5	13	4	4	10	5	5	1	16	1	5	1	5	1	10	1		1	2	14	
113	7	14	20	10	臺北市	大安區	大安區辛亥路2段與和平東路2段76巷口口	25.0219999	121.5385536	0	0	1	2	8	5	5	3	1	1	5	4	5	13	4	4	1	4	4	1	17	1	9	1	6	1	10	1		1	2	13	
113	7	14	20	35	臺北市	中山區	中山區林森北路與農安街口	25.0650005	121.5256279	0	0	1	2	8	5	5	4	1	1	5	4	5	13	2	1	4	5	5	1	16	4	6	1	3	1	8	1		1	3	2	
113	7	14	20	41	臺北市	文山區	文山區景興路284號	24.9894182	121.5423177	0	0	1	2	8	5	5	14	9	1	5	4	5	13	2	1	5	5	5	2	13	1	1	1	7	11	8	1		1	3	7	
113	7	14	21	20	臺北市	中正區	中正區廈門街與廈門街82巷口	25.024468	121.5174266	0	0	1	2	7	5	5	3	1	1	5	4	5	13	4	4	8	4	5	1	16	1	5	2	5	2	18	1		2	3	11	
113	7	14	22	5	臺北市	士林區	士林區承德路4段與福港街口	25.0899988	121.5184027	0	0	1	2	8	5	5	4	1	1	5	4	5	13	2	1	1	4	5	1	17	1	5	1	7	1	8	1		2	3	2	
113	7	14	22	20	臺北市	松山區	松山區八德路4段與八德路4段245巷口	25.0489581	121.5648761	0	0	1	2	7	6	5	4	1	1	5	4	5	13	3	1	5	4	5	2	16	4	5	1	3	2	8	1		1	3	6	
113	7	15	5	5	臺北市	中山區	中山區林森北路與錦州街口	25.060249	121.5256237	0	0	1	2	8	7	5	4	1	1	5	4	5	13	1	1	9	4	5	2	17	1	6	1	7	1	8	1		1	3	2	
113	7	15	6	37	臺北市	南港區	南港區南港路2段與南港路2段178巷口	25.0534203	121.5996707	0	0	1	2	8	5	5	4	1	1	5	4	5	13	2	1	5	4	4	2	16	1	5	1	6	1	10	1		1	2	12	
113	7	15	6	45	臺北市	內湖區	內湖區康寧路3段99巷與康寧路3段99巷39弄口口	25.0733358	121.6111953	0	0	1	2	8	6	5	4	1	1	5	4	5	13	4	4	10	5	5	2	16	1	1	8	2	1	20	1		1	2	12	
113	7	15	7	4	臺北市	松山區	松山區松河街214號	25.0515829	121.5774481	0	0	2	2	8	7	5	14	9	1	5	4	5	13	4	4	9	5	5	2	17	1	8	1	5	1	10	1		2	2	11	
113	7	15	7	20	臺北市	信義區	信義區基隆路2段與吳興街口	25.0320313	121.558951	0	0	1	2	8	7	5	4	1	1	5	4	5	13	2	1	9	4	5	2	17	1	11	1	5	2	10	1		1	2	14	
113	7	15	8	25	臺北市	內湖區	內湖區瑞光路26巷與民權東路6段21巷口	25.06866099	121.5821404	0	0	1	2	8	5	5	3	2	1	5	4	5	13	4	4	5	5	5	2	3	5	16	8	4	1	20	1		2	3	17	
113	7	15	8	29	臺北市	萬華區	萬華區康定路與康定路56巷口	25.04269535	121.5024096	0	0	1	2	8	7	5	3	2	1	5	4	5	13	4	4	5	4	5	2	17	1	6	1	7	1	8	1		1	3	5	
113	7	15	8	30	臺北市	內湖區	內湖區內湖路2段177號	25.0811774	121.5867052	0	0	1	2	8	6	5	14	9	1	5	4	5	13	4	4	5	5	5	2	16	1	1	6	7	2	8	1		1	3	8	
113	7	15	8	45	臺北市	大安區	大安區新生南路1段與八德路2段口口	25.0443397	121.5330712	0	0	1	2	8	6	5	4	1	1	5	4	5	13	2	1	1	4	5	2	17	1	6	1	5	2	9	1		1	2	14	
113	7	15	8	58	臺北市	中正區	中正區忠孝東路1段與林森北路口	25.0449392	121.5233023	0	0	3	3	8	6	5	4	1	1	5	4	5	13	1	1	5	4	5	2	16	1	6	1	6	2	10	1		2	2	12	
113	7	15	9	0	臺北市	松山區	松山區南京東路4段61號	25.05174402	121.5528108	0	0	2	2	8	5	5	14	9	1	5	4	5	13	1	1	1	4	4	2	13	1	9	1	6	1	10	1		2	2	11	
113	7	15	9	10	臺北市	文山區	文山區木柵路2段138巷與興隆路4段109巷口	24.9868311	121.562603	0	0	1	2	8	7	5	4	1	1	5	4	5	13	1	1	10	5	5	2	17	1	11	1	7	1	2	1		1	3	8	
113	7	15	9	53	臺北市	文山區	文山區和平東路4段	25.0044552	121.5713319	0	0	1	2	8	7	5	11	9	1	5	4	5	13	4	4	5	5	5	2	18	1	6	1	5	1	11	1		2	2	12	
113	7	15	10	0	臺北市	大同區	大同區承德路3段與民權西路口	25.06287339	121.5184411	0	0	1	2	8	6	5	4	1	1	5	4	5	13	2	1	8	3	4	2	16	1	8	1	6	1	10	1		1	3	13	
113	7	15	10	10	臺北市	萬華區	萬華區大理街170巷1弄7號	25.03387229	121.4938271	0	0	3	4	8	5	5	14	9	1	5	4	5	13	4	4	10	5	5	2	17	4	7	1	5	1	10	1		1	2	14	
113	7	15	10	16	臺北市	南港區	南港區忠孝東路6段81巷與東新街口	25.0484813	121.5846196	0	0	1	2	8	5	5	3	1	1	5	4	5	13	4	4	1	4	5	2	16	1	6	1	6	9	10	2		2	3	12	
113	7	15	10	21	臺北市	中山區	中山區中山北路2段92號	25.0583349	121.5227721	0	0	1	2	8	6	5	14	9	1	5	4	5	13	2	1	5	4	1	2	9	1	9	1	7	1	2	1		1	3	17	
113	7	15	10	40	臺北市	中山區	中山區民權東路2段86號	25.0624285	121.5315164	0	0	2	3	8	5	5	14	9	1	5	4	5	13	1	1	1	4	5	2	13	1	15	1	6	1	10	1		2	2	11	
113	7	15	10	48	臺北市	信義區	信義區基隆路2段107-3號	25.029315	121.557359	0	0	1	2	8	6	5	14	9	1	5	4	5	13	4	4	3	4	5	2	12	1	9	1	5	2	10	1		1	2	14	
113	7	15	10	51	臺北市	信義區	信義區信義路5段20號	25.0329309	121.5616504	0	0	1	2	8	7	5	14	9	1	5	4	5	13	4	4	3	4	5	2	18	4	9	1	3	1	10	1		1	2	12	
113	7	15	10	53	臺北市	萬華區	萬華區德昌街132巷與民和街口	25.02491019	121.4962668	0	0	1	2	8	6	5	4	2	1	5	4	5	13	4	4	10	5	5	1	17	4	9	1	3	1	10	1		2	3	13	
113	7	15	10	59	臺北市	內湖區	內湖區金湖路367巷3弄與金湖路367巷口	25.0729809	121.6031085	0	0	1	2	8	6	6	3	1	1	5	4	5	13	4	4	10	5	5	2	16	4	5	1	3	1	8	1		1	3	2	
113	7	15	11	18	臺北市	北投區	北投區承德路6段329號	25.10209787	121.5120949	0	0	2	2	8	5	5	14	8	1	5	4	5	13	4	4	1	4	4	2	12	1	15	1	5	1	10	1		1	2	12	
113	7	15	12	6	臺北市	萬華區	萬華區環河南路2段50巷與桂林路228巷30弄口	25.0380105	121.4959348	0	0	3	3	8	6	5	4	2	1	5	4	5	13	4	4	10	5	5	1	17	4	9	1	3	1	10	1		2	2	15	
113	7	15	12	21	臺北市	士林區	士林區德行東路331巷與德行東路331巷51弄口	25.1121997	121.5387432	0	0	2	2	8	5	5	4	1	1	5	4	5	13	4	4	10	5	5	1	15	1	9	1	5	1	10	1		1	2	11	
113	7	15	12	32	臺北市	內湖區	內湖區東湖路113巷49弄與東湖路119巷49弄口口	25.0701409	121.6159921	0	0	1	2	8	6	6	4	1	1	5	4	5	13	2	1	9	5	5	2	16	1	9	1	6	1	10	1		1	2	11	
113	7	15	12	37	臺北市	中山區	中山區新生高架道與濱江街口口匝道前	25.07314979	121.5264831	0	0	1	2	8	6	5	10	9	1	5	4	5	13	4	4	2	4	5	2	13	1	9	1	7	1	8	1		1	3	1	
113	7	15	12	45	臺北市	文山區	文山區景文街145號	24.9895855	121.5409444	0	0	1	2	8	6	5	14	9	1	5	4	5	13	4	4	5	5	5	1	13	1	15	1	5	2	10	1		1	3	13	
113	7	15	12	55	臺北市	中正區	中正區懷寧街與寶慶路口	25.0410222	121.5139388	0	0	1	2	7	5	5	3	1	1	5	4	5	13	4	4	5	4	5	2	13	1	9	1	5	1	10	1		2	2	11	
113	7	15	13	20	臺北市	中正區	中正區重慶南路2段與寧波西街口	25.0298102	121.5151752	0	0	1	2	8	7	5	4	2	1	5	4	5	13	2	1	1	4	5	2	16	1	7	1	5	1	10	1		2	3	13	
113	7	15	13	39	臺北市	信義區	信義區基隆路2段41號	25.0311045	121.5585261	0	0	1	2	8	7	5	14	9	1	5	4	5	13	4	4	10	4	5	2	12	4	7	1	3	1	4	1		1	3	6	
113	7	15	13	45	臺北市	中正區	中正區徐州路2-1號	25.041579	121.5196542	0	0	1	3	8	7	5	14	9	1	5	4	5	13	4	4	9	4	5	2	17	1	9	1	7	5	4	1		1	3	5	
113	7	15	13	50	臺北市	信義區	信義區松壽路2號	25.0358342	121.5631288	0	0	1	2	8	7	5	14	9	1	5	4	5	13	4	4	5	4	5	2	12	1	15	1	7	1	8	1		2	3	5	
113	7	15	13	54	臺北市	中山區	中山區建國高架道與長春路口往南近長春路上方	25.0499929	121.5367278	0	0	1	3	8	6	5	10	7	1	5	4	5	13	4	4	2	4	5	2	13	1	9	1	7	1	4	1		1	3	1	
113	7	15	13	57	臺北市	內湖區	內湖區環山路1段92號	25.08644762	121.56755	0	0	2	2	8	6	5	14	9	1	5	4	5	13	4	4	5	4	5	2	17	1	15	1	5	2	10	1		2	2	15	
113	7	15	14	7	臺北市	大安區	大安區忠孝東路4段170巷6弄1號	25.0409588	121.5507487	0	0	1	2	8	6	5	14	9	1	5	4	4	13	4	4	10	5	5	2	9	4	21	7	3	9	19	2		1	4	15	
113	7	15	14	10	臺北市	中正區	中正區八德路1段與臨沂街口	25.043808	121.5307164	0	0	1	2	8	5	5	4	1	1	5	4	5	13	1	1	5	4	5	1	17	1	5	6	7	2	8	1		1	3	17	
113	7	15	15	8	臺北市	中正區	中正區汀州路1段92巷與惠安街口	25.0297437	121.5064677	0	0	1	2	8	7	5	4	1	1	5	4	5	13	4	4	10	5	5	2	15	1	9	1	5	1	10	1		1	2	12	
113	7	15	15	12	臺北市	信義區	信義區忠孝東路5段236巷2弄	25.0405326	121.5691527	0	0	1	2	8	6	5	14	9	1	5	4	5	13	4	4	9	4	5	2	16	1	6	1	7	1	6	1		1	3	6	
113	7	15	16	35	臺北市	萬華區	萬華區環河南路1段72號	25.0475663	121.5048487	0	0	3	3	8	6	5	14	9	1	5	4	5	13	4	4	8	3	5	1	17	1	11	1	5	1	10	1		1	2	14	
113	7	15	16	41	臺北市	中山區	中山區民族東路62號	25.0683326	121.5261722	0	0	1	2	8	7	5	14	9	1	5	4	5	13	4	4	9	4	5	2	13	1	9	1	5	1	10	1		1	2	11	
113	7	15	16	42	臺北市	北投區	北投區中和街與珠海路口	25.1382957	121.502555	0	0	1	2	8	6	5	4	1	1	5	4	5	13	1	1	5	5	5	1	16	1	6	1	7	2	8	1		2	3	2	12
113	7	15	16	54	臺北市	松山區	松山區光復北路與南京東路5段口	25.0516845	121.5573964	0	0	2	3	8	5	5	5	1	1	5	4	5	13	1	1	5	5	5	2	12	1	9	1	7	1	8	1		1	3	5	
113	7	15	16	57	臺北市	萬華區	萬華區西藏路424號	25.02936626	121.4988271	0	0	2	2	8	7	5	14	9	1	5	4	5	13	1	1	1	5	5	2	13	1	9	1	5	1	10	1		1	2	14	
113	7	15	17	8	臺北市	大安區	大安區和平東路1段與師大路口	25.02668	121.5283018	0	0	1	2	8	6	5	3	2	1	5	4	5	13	2	1	1	4	5	2	17	1	11	1	7	1	4	1		1	3	6	
113	7	15	17	11	臺北市	內湖區	內湖區康寧路3段與康寧路3段54巷口	25.07180418	121.6090159	0	0	1	2	8	5	5	3	1	1	5	4	5	13	4	4	1	4	4	2	16	1	6	1	7	2	8	1		1	3	5	
113	7	15	17	14	臺北市	中正區	中正區襄陽路與南陽街口	25.0433865	121.5160472	0	0	1	2	8	6	5	3	1	1	5	4	5	13	4	4	5	4	5	2	13	1	9	1	6	2	10	1		1	2	11	
113	7	15	17	26	臺北市	士林區	士林區至善路2段280-1號	25.10100998	121.5517424	0	0	1	2	8	6	5	14	9	1	5	4	5	13	4	4	3	4	5	2	16	1	6	1	7	1	8	1		2	3	2	
113	7	15	17	31	臺北市	中山區	中山區松江路469巷	25.0667417	121.5340043	0	0	1	2	8	6	5	22	9	2	5	4	5	13	2	1	10	3	5	1	9	5	18	8	4	1	20	1		2	2	16	
113	7	15	17	40	臺北市	內湖區	內湖區民權東路6段180巷與民權東路6段口口	25.0688498	121.5924443	0	0	1	3	8	6	5	14	9	1	5	4	5	13	2	1	1	4	5	2	12	1	8	1	5	1	10	1		1	2	12	
113	7	15	17	41	臺北市	中正區	中正區林森南路地下道	25.0332209	121.5184469	0	0	1	2	8	7	5	14	9	1	5	4	5	13	1	1	1	4	5	2	13	1	9	1	5	1	10	1		2	2	11	
113	7	15	17	43	臺北市	信義區	信義區忠孝東路5段372巷與忠孝東路5段236巷3弄口	25.0403623	121.5740047	0	0	1	2	8	7	5	4	1	1	5	4	5	13	4	4	9	5	5	2	15	1	9	1	6	1	10	1		1	2	14	
113	7	15	17	45	臺北市	南港區	南港區研究院路2段98巷21弄與研究院路2段84巷口	25.0450857	121.6148971	0	0	1	2	8	5	5	4	1	1	5	4	5	12	4	4	5	5	5	2	15	4	9	1	3	1	8	1		2	3	5	
113	7	15	18	8	臺北市	內湖區	內湖區江南街與江南街107巷口	25.07668	121.5765365	0	0	1	2	8	5	5	4	1	1	5	4	5	13	4	4	5	4	5	2	16	1	5	1	7	1	8	1		1	3	17	
113	7	15	18	12	臺北市	信義區	信義區松仁路3號	25.0397591	121.5685525	0	0	1	2	8	6	5	14	9	1	5	4	5	13	4	4	2	4	5	2	12	4	8	1	3	9	8	2		1	3	17	
113	7	15	18	28	臺北市	信義區	信義區忠孝東路5段與中坡南路口	25.0441475	121.5819667	0	0	1	2	8	5	5	4	1	1	5	4	5	13	1	1	1	4	5	2	17	1	5	1	7	1	8	1		1	3	7	
113	7	15	19	20	臺北市	信義區	信義區松智路與松平路口	25.0304365	121.565391	0	0	1	2	8	5	5	4	2	1	5	4	5	13	2	1	9	4	5	2	9	1	9	1	6	1	10	1		2	3	12	