年	月	日	時	分	縣市	行政區	allLocation	GoogleLat	GoogleLng	死	2-30	受傷	當事人數	天候	道路照明設備	道路類別	道路型態	事故位置	路面狀況1	路面狀況2	路面狀況3	道路障礙1	道路障礙2	號誌1	號誌2	車道劃分-分向	車道劃分-分道1	車道劃分-分道2	車道劃分-分道3	事故類型及型態	行動電話	當事者行動狀態	駕駛資格情形	保護裝置	飲酒情形	駕駛執照種類	個人肇逃否	肇因碼-主要	性別	受傷程度	車輛撞擊部位1	車輛撞擊部位2
113	7	15	19	23	臺北市	內湖區	內湖區行善路417巷與金莊路口	25.06461522	121.5873842	0	0	2	2	7	5	5	3	1	1	5	4	5	13	3	1	5	5	5	2	15	1	9	1	7	1	4	1		1	2	8	
113	7	15	20	2	臺北市	信義區	信義區信義路5段150巷360號	25.0255715	121.5705141	0	0	1	2	8	5	8	14	9	1	5	4	5	13	4	4	10	5	5	2	17	1	13	1	2	1	8	1		1	3	4	
113	7	15	20	16	臺北市	松山區	松山區市民大道4段與復興南路1段口	25.0449927	121.5441164	0	0	1	2	7	5	6	4	1	1	5	4	5	13	1	1	1	4	5	2	13	1	6	1	7	2	4	1		1	3	1	
113	7	15	20	35	臺北市	大安區	大安區忠孝東路4段與敦化南路1段口	25.0415211	121.5485662	0	0	1	4	8	5	5	4	2	1	5	4	5	13	2	1	1	4	1	1	17	1	15	1	6	2	10	1		1	2	14	
113	7	15	20	50	臺北市	士林區	士林區中山北路6段186巷與中山北路6段口	25.1076933	121.5251291	0	0	1	2	8	5	5	3	18	1	5	4	5	13	4	4	10	5	5	2	3	4	9	1	3	1	8	1		2	3	15	
113	7	15	21	28	臺北市	大同區	大同區長安西路與重慶北路1段口	25.0512863	121.5145378	0	0	1	2	7	6	5	4	2	1	5	4	5	13	2	1	1	4	5	2	18	4	6	1	3	2	1	1		1	2	2	
113	7	15	21	55	臺北市	中山區	中山區復興南路1段32號	25.046557	121.543921	0	0	2	3	8	5	5	14	9	1	5	4	5	13	4	4	1	4	5	2	13	1	9	1	5	1	10	1		1	2	11	
113	7	15	22	24	臺北市	中山區	中山區樂群二路與敬業一路口	25.0799515	121.5533411	0	0	1	2	8	5	5	4	1	1	5	4	5	13	1	1	5	5	5	2	2	1	5	1	7	1	8	1		1	3	5	
113	7	16	1	18	臺北市	萬華區	萬華區和平西路3段與梧州街口	25.03537321	121.497613	0	0	1	2	8	5	5	22	19	1	5	4	5	13	1	1	10	5	5	2	3	4	9	3	3	2	18	1		1	3	5	
113	7	16	6	35	臺北市	內湖區	內湖區新湖一路與新湖二路191巷口	25.061046	121.58041	0	0	2	2	7	5	5	3	1	1	5	4	5	13	4	4	4	1	5	1	16	4	5	1	3	1	10	1		2	2	11	
113	7	16	6	48	臺北市	信義區	信義區福德街253號	25.0389646	121.5864885	0	0	1	2	8	6	5	14	9	2	5	4	5	13	4	4	9	4	5	2	17	1	1	8	4	2	20	1		2	2	11	
113	7	16	7	14	臺北市	中正區	中正區寧波西街與牯嶺街口	25.0300787	121.5163881	0	0	1	2	8	6	5	4	1	1	5	4	5	13	1	1	5	4	5	2	16	1	5	1	7	1	8	1		1	3	8	
113	7	16	7	27	臺北市	南港區	南港區市民大道8段與市民大道8段口82號對面停車場口	25.0530109	121.6050275	0	0	1	2	8	6	5	3	2	1	5	4	5	13	4	4	9	4	5	2	13	1	9	1	5	1	10	1		1	2	11	
113	7	16	7	37	臺北市	北投區	北投區明德路與明德路289巷口	25.11517135	121.5218178	0	0	1	2	8	6	5	4	2	1	5	4	5	13	2	1	5	4	5	2	10	1	9	1	7	2	8	1		1	3	8	
113	7	16	7	59	臺北市	內湖區	內湖區文德路90巷與文德路208巷口	25.07711499	121.5835782	0	0	1	2	8	5	5	4	2	1	5	4	5	13	1	1	5	5	5	2	17	1	13	1	7	1	8	1		1	3	8	
113	7	16	8	4	臺北市	松山區	松山區南京東路3段355巷與南京東路3段303巷6弄口口	25.0523805	121.5475503	0	0	1	2	7	7	5	3	1	1	5	4	5	13	4	4	10	5	5	2	17	1	5	1	7	1	8	1		2	3	8	
113	7	16	8	12	臺北市	大同區	大同區重慶北路3段236巷45弄13號	25.0711854	121.5122717	0	0	2	3	8	6	5	14	9	1	5	4	5	13	4	4	9	5	5	2	17	1	9	1	5	2	10	1		1	2	12	
113	7	16	8	15	臺北市	內湖區	內湖區成功路3段187巷與康寧路1段86巷口口	25.07936254	121.5921188	0	0	1	2	8	6	5	4	1	1	5	4	5	13	4	4	10	5	5	2	16	1	6	1	5	1	10	1		1	2	12	
113	7	16	8	16	臺北市	萬華區	萬華區堤外便道南向北3013854號燈桿	25.030935	121.4881965	0	0	1	2	8	7	8	14	11	1	5	4	5	13	4	4	10	5	5	2	12	1	9	1	6	1	10	2		4	2	12	
113	7	16	8	30	臺北市	中山區	中山區北安路670巷與北安路630巷9弄口	25.08384937	121.5500942	0	0	1	2	8	7	5	3	1	1	5	4	5	13	4	4	5	3	5	2	16	1	5	1	7	1	8	1		1	3	5	
113	7	16	8	30	臺北市	中山區	中山區松江路297巷與錦州街241巷口	25.0609541	121.5338933	0	0	2	3	8	5	5	4	1	1	5	4	5	13	4	4	10	5	5	2	17	4	9	1	3	1	10	1		2	2	12	
113	7	16	8	35	臺北市	中山區	中山區建國高架道忠孝至長安機車道	25.0466285	121.5368765	0	0	4	7	8	6	5	10	11	1	5	4	5	13	4	4	2	5	1	2	17	1	9	1	6	1	10	1		2	2	11	
113	7	16	8	40	臺北市	松山區	松山區延壽街356巷4弄與延壽街356巷口	25.05575296	121.558974	0	0	1	2	8	6	5	4	1	1	5	4	5	13	4	4	10	5	5	1	15	1	9	1	7	1	3	1		1	3	5	
113	7	16	8	47	臺北市	中山區	中山區建國北路2段92號前	25.0566607	121.5363755	0	0	2	2	8	7	5	14	9	1	5	4	5	13	4	4	1	4	5	2	17	4	12	1	3	1	10	1		2	2	12	
113	7	16	9	17	臺北市	信義區	信義區忠孝東路5段242號	25.0408692	121.5722157	0	0	2	3	8	5	5	14	9	1	5	4	5	13	4	4	1	4	5	1	17	1	7	1	7	9	4	1		1	3	5	
113	7	16	9	20	臺北市	大安區	大安區敦化南路2段279號	25.0248341	121.548974	0	0	1	3	8	6	5	14	9	1	5	4	5	13	4	4	1	4	5	2	17	1	9	3	5	1	18	1		2	2	12	14
113	7	16	9	46	臺北市	文山區	文山區萬美街1段與萬和街口	25.0021845	121.5670824	0	0	1	3	8	7	5	3	1	1	5	4	3	13	4	4	9	5	5	2	17	1	6	1	5	1	9	1		1	2	14	
113	7	16	9	50	臺北市	北投區	北投區承德路7段與吉利街口北往南	25.1173665	121.5036406	0	0	1	3	8	5	6	3	2	1	5	4	5	13	1	1	9	4	4	1	12	1	9	1	5	2	10	1		2	2	11	
113	7	16	9	57	臺北市	大安區	大安區和平東路3段與嘉興街口	25.023133	121.5537299	0	0	1	2	8	6	5	4	2	1	5	4	5	13	1	1	1	3	5	2	17	1	9	1	7	1	8	1		1	3	5	
113	7	16	10	22	臺北市	信義區	信義區松壽路2號	25.0359067	121.5628806	0	0	1	2	8	7	5	14	9	1	5	4	5	13	4	4	9	4	5	2	17	1	5	1	5	1	10	1		2	2	11	
113	7	16	10	25	臺北市	信義區	信義區信義路5段與莊敬路口	25.0329409	121.5615545	0	0	1	2	8	7	5	4	2	1	5	5	5	13	1	1	1	4	5	2	18	4	9	1	3	1	10	1		1	2	14	
113	7	16	10	28	臺北市	士林區	士林區中山北路5段與中山北路5段704巷口	25.0978574	121.5274204	0	0	1	3	8	7	5	4	2	1	5	4	5	13	4	4	3	4	5	1	17	1	9	1	5	1	8	1		1	2	11	
113	7	16	10	35	臺北市	大同區	大同區南京西路與長安西路19巷2弄口	25.0525847	121.5203458	0	0	1	4	8	6	5	4	2	1	5	4	5	13	1	1	1	4	5	2	17	1	15	1	7	11	4	2		1	3	15	
113	7	16	11	0	臺北市	南港區	南港區研究院路2段182巷29弄2號	25.03715	121.6156726	0	0	1	2	8	7	5	11	9	1	5	4	5	13	4	4	9	5	5	2	11	4	7	1	6	1	10	1		2	2	11	
113	7	16	11	13	臺北市	中正區	中正區中山南路與貴陽街1段口	25.03811332	121.5173843	0	0	1	2	8	6	5	4	1	1	5	4	5	13	2	1	5	4	5	2	15	1	9	1	7	2	8	1		1	3	2	
113	7	16	12	3	臺北市	南港區	南港區福德街(南港國宅對面東往西)	25.041076	121.591036	0	0	1	2	8	5	5	14	9	1	5	4	5	13	4	4	5	4	5	2	17	1	13	1	7	1	8	1		1	3	4	
113	7	16	12	41	臺北市	大安區	大安區仁愛路3段與建國南路1段口	25.037928	121.5384372	0	0	1	2	8	6	5	14	9	1	5	4	5	13	2	1	1	4	5	1	12	4	10	1	3	1	4	1		1	3	2	
113	7	16	12	44	臺北市	大同區	大同區酒泉街236號	25.0721335	121.5095651	0	0	1	3	8	6	5	14	9	1	5	4	5	13	4	4	5	4	5	2	17	1	9	1	7	2	4	1		1	3	5	
113	7	16	12	46	臺北市	信義區	信義區基隆路2段7號北側附近	25.0326495	121.5594401	0	0	1	2	8	6	5	14	9	1	5	4	5	13	4	4	1	4	5	2	12	1	9	1	7	1	8	1		1	3	2	
113	7	16	12	48	臺北市	萬華區	萬華區環河南路2段35巷與桂林路151巷口	25.0389281	121.4977815	0	0	1	3	8	6	5	3	2	1	5	4	3	10	4	4	10	5	5	1	17	4	9	8	3	1	20	1		2	2	12	
113	7	16	12	58	臺北市	信義區	信義區松信路與松隆路口	25.046771	121.5721173	0	0	1	2	8	6	5	4	1	1	5	4	5	13	2	1	9	4	5	2	12	1	1	1	5	9	10	1		2	2	14	
113	7	16	13	21	臺北市	南港區	南港區興中路與重陽路口	25.0581365	121.6066614	0	0	3	5	8	7	5	4	2	1	5	4	5	13	2	1	9	4	4	2	15	4	9	1	3	1	8	1		2	3	5	
113	7	16	13	28	臺北市	中正區	中正區中山南路與信義路1段口	25.03871592	121.5180129	0	0	1	2	7	7	5	5	1	1	5	4	5	13	1	1	1	4	1	2	12	1	7	1	5	1	10	1		1	2	14	
113	7	16	13	51	臺北市	北投區	北投區大業路與大業路300巷口	25.12761486	121.4980129	0	0	3	3	8	6	5	14	9	1	5	4	5	13	4	4	10	5	5	2	17	1	9	1	5	1	10	1		1	2	11	12
113	7	16	14	39	臺北市	大同區	大同區重慶北路1段與華陰街口	25.05065731	121.5136087	0	0	1	2	8	6	5	4	2	1	5	4	5	13	2	1	1	4	5	2	17	1	7	1	7	1	4	1		1	3	7	
113	7	16	14	45	臺北市	南港區	南港區成福路與成福路107巷口	25.0422632	121.5872292	0	0	1	2	8	7	5	3	2	1	5	4	5	13	4	4	9	5	5	2	16	4	5	1	3	1	8	1		1	3	1	
113	7	16	15	10	臺北市	中山區	中山區松江路與南京東路2段口	25.05190301	121.5328912	0	0	1	2	8	6	5	4	1	1	5	4	5	13	1	1	3	4	4	2	17	1	6	1	7	1	8	1		2	3	5	
113	7	16	15	39	臺北市	大同區	大同區鄭州路與鄭州路143巷口	25.0504015	121.5098454	0	0	2	2	6	5	5	3	1	1	4	4	5	13	4	4	1	4	5	2	16	1	6	1	5	1	10	1		2	2	12	
113	7	16	15	50	臺北市	內湖區	內湖區成功路2段與潭美街口口	25.05993433	121.5915858	0	0	1	2	8	6	5	3	1	1	5	4	5	13	2	1	1	5	5	2	16	1	5	1	7	1	8	1		1	3	8	
113	7	16	15	58	臺北市	中正區	中正區汀州路2段與牯嶺街口	25.0251152	121.518735	0	0	1	2	8	6	5	4	2	1	5	4	5	13	1	1	5	4	5	2	13	1	9	1	5	1	10	1		1	2	11	
113	7	16	16	5	臺北市	中正區	中正區仁愛路1段2-4號	25.03878699	121.5207338	0	0	1	2	8	6	5	14	9	1	5	4	5	13	4	4	5	4	5	2	12	4	1	1	7	2	8	1		2	3	6	
113	7	16	16	22	臺北市	信義區	信義區基隆路1段與基隆路1段102巷口	25.0453645	121.5668129	0	0	1	2	8	6	6	14	9	1	5	4	5	13	2	1	1	2	5	2	16	1	6	1	7	1	8	1		2	3	5	
113	7	16	16	36	臺北市	內湖區	內湖區內湖路2段與內湖路2段235巷口	25.08177817	121.5893071	0	0	1	2	8	6	5	14	18	1	5	4	5	13	4	4	5	5	5	2	3	1	9	1	6	2	10	1		1	3	11	
113	7	16	16	41	臺北市	中山區	中山區錦州街305巷與錦州街口	25.0602556	121.5378426	0	0	2	2	8	6	5	4	1	1	5	4	5	13	4	4	5	5	5	2	16	4	5	1	3	1	4	1		1	2	4	
113	7	16	16	42	臺北市	內湖區	內湖區安康路與安康路32巷口	25.06265532	121.5949831	0	0	1	2	8	5	5	3	2	1	5	4	5	13	1	1	5	4	5	2	16	1	11	1	6	1	10	1		1	2	12	
113	7	16	16	53	臺北市	信義區	信義區松山路與松山路541巷口口	25.037692	121.5782347	0	0	1	2	8	6	8	4	1	1	5	4	5	13	1	1	5	4	5	2	9	1	5	1	7	2	4	1		1	3	4	
113	7	16	17	22	臺北市	士林區	士林區延平北路7段106巷355號	25.1032953	121.4960396	0	0	1	2	8	6	5	14	9	1	5	4	5	13	4	4	10	5	5	1	16	4	11	1	3	2	8	1		1	3	4	
113	7	16	17	44	臺北市	中山區	中山區大直橋往北	25.0760885	121.5444498	0	0	3	4	8	5	5	8	9	1	5	4	5	13	4	4	1	4	5	2	13	4	9	1	5	1	10	1		2	2	11	
113	7	16	17	57	臺北市	士林區	士林區承德路4段40巷73號	25.0813155	121.5211733	0	0	1	2	8	5	8	22	22	1	5	4	5	13	4	4	5	5	5	1	2	1	9	1	7	2	8	1		2	3	1	
113	7	16	18	10	臺北市	中山區	中山區中山北路1段與市民大道1段口	25.0483827	121.5207383	0	0	1	2	8	7	5	4	2	1	5	4	5	13	1	1	1	4	5	2	16	1	7	1	5	1	10	1		2	2	14	
113	7	16	18	13	臺北市	松山區	松山區三民路93號(對向車道)	25.0574034	121.5635692	0	0	1	2	8	7	5	14	9	1	5	4	5	13	1	1	9	4	5	2	13	1	9	1	7	1	8	1		1	3	5	
113	7	16	18	20	臺北市	士林區	士林區承德路5段與承德路5段28巷口	25.0920383	121.5154197	0	0	1	2	8	5	5	3	1	1	5	4	5	13	4	4	10	5	5	1	12	1	9	1	6	2	10	1		1	3	15	
113	7	16	19	8	臺北市	萬華區	萬華區西寧南路與開封街2段口	25.0464973	121.5070378	0	0	1	2	7	5	5	4	2	1	5	4	5	13	2	1	5	4	5	2	9	1	5	1	7	1	8	1		1	3	8	
113	7	16	19	16	臺北市	信義區	信義區忠孝東路5段423巷與忠孝東路5段口	25.0410239	121.5753593	0	0	1	2	7	5	5	4	2	1	5	4	5	13	4	4	10	4	5	2	17	1	9	1	5	2	10	1		1	3	11	
113	7	16	19	24	臺北市	信義區	信義區忠孝東路4段與逸仙路口	25.0411809	121.5614012	0	0	1	2	8	5	8	14	9	1	5	4	5	13	4	4	1	4	5	2	13	1	9	1	6	1	10	1		1	2	11	
113	7	16	20	13	臺北市	信義區	信義區信義路6段77號	25.03559356	121.5771581	0	0	1	2	8	5	5	14	9	1	5	4	5	13	4	4	9	4	5	1	3	5	18	8	4	10	20	1		1	2	16	
113	7	16	20	25	臺北市	中山區	中山區植福路大直典華前	25.08427392	121.5551049	0	0	2	3	7	5	5	14	10	1	5	4	5	13	4	4	10	5	5	2	9	4	9	1	3	1	8	1		1	3	6	
113	7	16	20	49	臺北市	中正區	中正區中華路1段與秀山街口	25.0429731	121.5087414	0	0	1	2	8	5	5	3	2	1	5	4	5	13	4	4	3	4	3	2	16	1	6	1	7	2	8	1		2	3	5	
113	7	16	21	11	臺北市	大安區	大安區建國南路1段與建國南路1段65巷口	25.0437937	121.5369079	0	0	1	2	8	5	5	4	1	1	5	4	5	13	1	1	1	4	5	2	1	4	5	1	3	1	2	1		1	3	4	
113	7	16	21	45	臺北市	信義區	信義區松山路292巷與虎林街82巷口	25.0432998	121.5771619	0	0	1	2	7	5	5	4	1	1	5	4	5	13	4	4	10	5	5	2	15	1	9	1	5	1	10	1		1	3	11	
113	7	16	21	50	臺北市	信義區	信義區光復南路505號	25.0320275	121.5575128	0	0	1	3	8	5	8	14	7	1	5	4	5	13	4	4	1	4	4	2	13	1	9	1	7	1	8	1		1	3	1	
113	7	16	22	2	臺北市	南港區	南港區南港路2段13號	25.0538492	121.6040017	0	0	1	2	7	5	5	14	7	1	5	4	5	13	2	1	4	3	4	2	13	1	3	1	7	1	4	1		1	3	1	
113	7	16	22	15	臺北市	中正區	中正區羅斯福路4段92號前	25.04131562	121.5199215	0	0	1	2	7	5	5	14	9	1	5	4	4	13	4	4	1	4	5	1	17	1	15	1	5	1	10	1		1	2	14	
113	7	16	23	0	臺北市	內湖區	內湖區環山路3段與內湖路1段737巷口	25.0844947	121.5790322	0	0	2	3	8	5	5	3	1	1	5	4	5	13	4	4	4	3	5	1	12	4	9	1	3	1	10	1		1	2	11	
113	7	16	23	10	臺北市	大同區	大同區承德路3段與撫順街口	25.0637953	121.5184607	0	0	1	2	7	5	5	3	1	1	5	4	5	13	4	4	1	4	5	2	17	4	6	1	5	1	10	1		1	3	13	
113	7	17	5	41	臺北市	信義區	信義區和平東路3段453號	25.0187642	121.5585812	0	0	1	2	8	5	5	14	9	1	5	4	5	13	1	1	1	4	5	1	3	5	16	8	4	10	20	1		1	2	16	
113	7	17	5	50	臺北市	萬華區	萬華區環河南路2段250巷與環河南路2段250巷33弄口	25.0341913	121.4898735	0	0	1	2	7	7	5	3	1	1	5	4	5	13	4	4	9	5	5	2	17	1	5	1	5	9	10	1		2	2	14	
113	7	17	7	50	臺北市	松山區	松山區撫遠街423號	25.06734892	121.5679858	0	0	1	2	8	6	5	14	8	1	5	4	5	13	4	4	1	3	4	2	12	1	7	1	7	1	8	1		1	3	2	
113	7	17	7	51	臺北市	中正區	中正區牯嶺街與廈門街113巷口口	25.0234742	121.5185572	0	0	2	2	8	6	5	4	2	1	5	4	5	13	4	4	10	5	5	1	17	1	6	1	6	2	10	1		2	2	11	
113	7	17	8	2	臺北市	中正區	中正區新生南路1段120巷與仁愛路2段91巷口	25.03907971	121.531694	0	0	1	2	7	7	5	4	1	1	5	4	5	13	4	4	10	5	5	2	15	1	9	1	5	2	10	1		2	2	11	
113	7	17	8	16	臺北市	大安區	大安區羅斯福路2段81巷5之8號	25.025768	121.5240109	0	0	1	2	8	6	5	14	9	1	5	4	5	13	4	4	10	5	5	2	2	1	9	1	7	1	8	1		1	3	2	
113	7	17	8	19	臺北市	內湖區	內湖區行善路與石潭路口	25.0631345	121.5848995	0	0	1	2	8	7	5	3	1	1	5	4	5	13	1	1	1	4	1	2	17	1	7	3	6	1	18	1		1	3	12	
113	7	17	8	20	臺北市	松山區	松山區八德路2段424號	25.0481763	121.5474356	0	0	2	3	8	6	5	14	9	1	5	4	5	13	1	1	5	4	5	2	12	1	9	1	7	1	8	1		1	3	2	
113	7	17	8	20	臺北市	萬華區	萬華區青年路186-1號	25.0203535	121.503632	0	0	2	2	8	7	5	14	9	1	5	4	5	13	4	4	5	4	5	1	17	4	1	1	3	1	10	1		2	2	15	
113	7	17	8	36	臺北市	大同區	大同區長安西路與貴德街口	25.0521463	121.5080168	0	0	1	2	8	6	5	3	1	1	5	4	5	13	4	4	5	5	5	2	17	4	5	1	3	1	8	1		1	3	4	
113	7	17	8	49	臺北市	大安區	大安區基隆路4段與基隆路4段口往北（台科大前迴轉道）	25.0138545	121.5404935	0	0	1	2	8	5	5	4	1	1	5	4	5	13	2	1	1	4	1	2	17	1	1	1	7	1	4	1		2	3	7	
113	7	17	9	30	臺北市	文山區	文山區指南路3段38巷(指南幹60號電線桿)	24.97707933	121.5832622	0	0	1	2	8	7	5	14	9	1	5	4	5	13	4	4	10	5	5	2	17	4	9	1	3	2	2	1		1	3	17	
113	7	17	9	41	臺北市	北投區	北投區承德路7段351-1號福特汽車入口處	25.118354	121.50254	0	0	1	3	8	7	5	14	9	1	5	4	5	13	4	4	9	4	4	1	11	1	8	1	7	2	8	1		1	3	6	
113	7	17	10	9	臺北市	信義區	信義區松仁路215巷2號	25.026819	121.5686996	0	0	1	3	8	7	5	14	9	1	5	4	5	13	1	1	5	5	5	2	17	4	14	1	3	9	8	1		1	3	2	
113	7	17	10	23	臺北市	萬華區	萬華區西藏路125巷與西藏路口	25.0297449	121.5022756	0	0	1	2	8	6	5	3	1	1	5	4	5	13	1	1	8	3	5	1	12	1	8	1	7	1	8	1		1	3	7	
113	7	17	10	38	臺北市	大同區	大同區延平北路2段與民權西路口	25.0628536	121.5109793	0	0	3	3	8	6	7	4	2	1	5	4	5	13	2	1	1	4	5	1	13	4	15	1	6	1	10	1		2	2	13	
113	7	17	11	0	臺北市	中山區	中山區市民大道3段25號前	25.0453022	121.5343254	0	0	1	3	8	7	5	14	9	1	5	4	5	13	4	4	1	4	5	2	17	4	14	1	3	1	8	1		1	3	5	
113	7	17	11	8	臺北市	士林區	士林區大南路與小西街口	25.0897965	121.5233262	0	0	1	3	8	6	5	4	1	1	5	4	5	13	4	4	10	5	5	2	15	1	9	1	7	2	4	1		1	3	1	
113	7	17	11	24	臺北市	大安區	大安區忠孝東路3段251巷與忠孝東路3段口	25.0415405	121.5417689	0	0	1	2	8	6	5	3	18	1	5	4	5	13	1	1	10	4	5	2	3	1	9	1	7	2	8	1		2	3	1	
113	7	17	11	55	臺北市	松山區	松山區富錦街與富錦街572巷口	25.06236262	121.5671106	0	0	2	2	8	7	5	4	1	1	5	4	5	13	4	4	9	4	5	2	15	1	9	1	5	1	8	1		2	2	11	
113	7	17	12	30	臺北市	內湖區	內湖區東湖路與東湖路94巷口口	25.06856206	121.6148307	0	0	1	4	8	6	5	14	9	1	5	4	5	13	4	4	5	4	5	2	13	1	10	1	7	2	8	1		1	3	2	7
113	7	17	12	30	臺北市	士林區	士林區中山北路4段與通河街口	25.04847309	121.5183568	0	0	1	2	8	7	5	5	1	1	5	4	5	13	4	4	1	4	5	2	16	1	6	1	7	1	8	1		1	3	5	
113	7	17	12	36	臺北市	中正區	中正區忠孝西路1段4號	25.0457911	121.5185972	0	0	1	3	8	5	5	14	9	1	5	4	5	13	4	4	1	4	1	2	13	1	9	3	6	1	18	1		1	2	11	
113	7	17	12	42	臺北市	中山區	中山區新生北路3段與民權東路1段口	25.06268064	121.5276101	0	0	2	2	8	7	5	4	1	1	5	4	5	13	1	1	9	4	5	2	13	1	12	1	5	1	10	1		1	2	13	
113	7	17	12	46	臺北市	文山區	文山區景華街與仙岩路口	24.9982387	121.5477103	0	0	1	2	8	6	5	3	18	1	5	4	5	13	2	1	9	5	5	2	3	1	5	1	7	1	4	1		1	3	1	
113	7	17	12	54	臺北市	北投區	北投區大度路31號旁	25.1211511	121.4960113	0	0	1	2	8	6	5	14	9	1	5	4	5	13	4	4	1	4	5	1	18	1	9	1	5	1	10	1		2	2	12	
113	7	17	12	56	臺北市	萬華區	萬華區桂林路228巷30弄與桂林路228巷口	25.0381406	121.4957424	0	0	2	4	8	6	6	4	1	1	5	4	5	13	4	4	10	5	5	1	15	1	9	1	5	1	10	1		2	2	12	
113	7	17	13	35	臺北市	內湖區	內湖區康寧路3段與康寧路3段16巷口	25.07276616	121.606856	0	0	1	2	8	5	5	3	1	1	5	4	5	13	1	1	1	4	5	2	16	1	4	1	6	1	10	1		1	2	12	
113	7	17	14	0	臺北市	中山區	中山區八德路2段145號	25.0462739	121.5374075	0	0	1	2	8	6	5	14	9	1	5	4	5	13	4	4	5	4	5	2	12	1	9	1	5	1	10	1		1	2	11	
113	7	17	14	9	臺北市	信義區	信義區大道路與忠孝東路5段790巷70弄口	25.0400611	121.582859	0	0	1	2	8	5	5	3	1	1	5	4	5	13	4	4	5	5	5	1	17	1	11	1	7	1	4	1		1	3	8	
113	7	17	14	46	臺北市	士林區	士林區承德路4段80巷與承德路4段口	25.08218627	121.52304	0	0	1	2	8	5	5	5	1	1	5	4	5	13	2	1	1	4	4	2	16	1	5	1	7	1	8	1		1	3	6	
113	7	17	14	50	臺北市	中正區	中正區仁愛路1段1號(台大國際會議中心停車場出入口)	25.0390045	121.5209191	0	0	1	3	8	6	5	14	9	1	5	4	3	13	4	4	1	2	5	2	16	1	6	1	2	2	8	1		1	3	2	
113	7	17	15	10	臺北市	內湖區	內湖區民權東路6段190巷21弄與民權東路6段180巷21弄口	25.06845851	121.5938176	0	0	1	2	8	7	5	4	1	1	5	4	5	13	4	4	9	5	5	2	15	1	9	1	6	1	10	1		2	2	11	
113	7	17	15	15	臺北市	大同區	大同區長安西路與塔城街口	25.0520296	121.5104417	0	0	1	2	8	6	5	4	1	1	5	4	5	13	2	1	5	4	5	2	17	4	15	1	6	1	8	1		2	2	13	
113	7	17	15	18	臺北市	松山區	松山區民生東路4段與民生東路4段80巷口	25.0580067	121.5529132	0	0	1	2	8	6	5	4	1	1	5	4	5	13	2	1	1	4	5	2	16	4	5	1	3	1	3	1		1	3	1	
113	7	17	15	24	臺北市	士林區	士林區德行東路365巷與德行東路口口	25.1105448	121.5389253	0	0	2	4	8	7	5	4	1	1	5	4	5	13	4	4	10	5	5	2	17	1	5	1	7	1	8	1		2	3	5	
113	7	17	15	45	臺北市	士林區	士林區忠誠路1段公車站「蘭雅新城」前	25.10712636	121.5298562	0	0	1	2	7	7	5	14	9	1	5	4	5	13	4	4	1	1	5	1	9	1	9	1	7	9	6	1		1	3	17	
113	7	17	16	0	臺北市	士林區	士林區延平北路5段與葫蘆街口	25.0841426	121.5098799	0	0	3	3	8	6	5	4	1	1	5	4	5	13	2	1	1	4	4	2	17	4	5	1	3	1	10	1		2	2	12	
113	7	17	16	9	臺北市	信義區	信義區忠孝東路4段515號	25.0414816	121.5579852	0	0	1	2	8	6	5	14	9	1	5	4	5	13	2	1	1	4	1	1	13	4	9	1	3	1	8	1		1	3	1	
113	7	17	16	30	臺北市	萬華區	萬華區和平西路3段與廣州街218巷口	25.0355326	121.4968432	0	0	1	2	8	5	5	3	2	1	5	4	5	13	4	4	10	5	5	2	9	4	2	1	7	1	4	1		1	3	3	
113	7	17	17	4	臺北市	內湖區	內湖區瑞光路581號	25.079505	121.5681559	0	0	1	4	8	7	8	14	9	1	5	4	5	13	4	4	9	4	5	2	17	1	14	1	7	1	8	1		1	3	4	
113	7	17	17	30	臺北市	內湖區	內湖區陽光街與江南街71巷口	25.07388349	121.5794651	0	0	1	2	8	5	5	3	2	1	5	4	5	13	4	4	5	5	5	2	17	1	9	1	5	2	10	1		1	2	11	
113	7	17	17	44	臺北市	中正區	中正區忠孝西路1段與公園路口	25.0461332	121.5173105	0	0	2	4	8	6	8	22	22	1	5	4	5	13	3	1	3	4	5	2	9	1	12	1	7	1	2	1		1	3	3	
113	7	17	18	25	臺北市	文山區	文山區木柵路1段292號	24.98848005	121.5566103	0	0	1	2	8	6	5	14	9	2	5	4	5	13	4	4	5	4	5	2	18	4	9	1	5	1	10	1		1	2	14	
113	7	17	18	28	臺北市	北投區	北投區大業路與豐年路2段口	25.1347742	121.4963645	0	0	3	4	8	6	5	4	1	1	5	4	5	13	1	1	10	5	5	2	16	1	5	1	7	2	8	1		1	3	2	
113	7	17	18	34	臺北市	北投區	北投區明德路186號	25.11157845	121.5213412	0	0	1	2	8	6	5	14	9	1	5	4	5	13	4	4	9	5	5	2	13	1	9	1	5	1	10	1		1	2	11	
113	7	17	18	36	臺北市	中山區	中山區建國高架道往北，長春上方	25.0497464	121.5367641	0	0	1	2	8	6	5	10	7	1	5	4	5	13	4	4	1	3	5	2	12	4	8	1	7	1	8	1		1	3	4	
113	7	17	19	15	臺北市	士林區	士林區天母西路83巷與天母西路口	25.1185557	121.5253452	0	0	1	2	7	5	5	4	2	1	5	4	5	13	4	4	5	5	5	2	17	1	9	8	4	2	20	1		2	2	12	