年	月	日	時	分	縣市	行政區	allLocation	GoogleLat	GoogleLng	死	2-30	受傷	當事人數	天候	道路照明設備	道路類別	道路型態	事故位置	路面狀況1	路面狀況2	路面狀況3	道路障礙1	道路障礙2	號誌1	號誌2	車道劃分-分向	車道劃分-分道1	車道劃分-分道2	車道劃分-分道3	事故類型及型態	行動電話	當事者行動狀態	駕駛資格情形	保護裝置	飲酒情形	駕駛執照種類	個人肇逃否	肇因碼-主要	性別	受傷程度	車輛撞擊部位1	車輛撞擊部位2
113	7	17	19	28	臺北市	內湖區	內湖區舊宗路2段181巷與舊宗路2段口	25.0716364	121.5748622	0	0	1	5	8	6	5	3	1	1	5	4	5	13	3	1	9	4	5	2	12	1	7	1	7	2	8	1		1	3	4	
113	7	17	20	15	臺北市	信義區	信義區嘉興街與嘉興街181巷口	25.0263549	121.5565302	0	0	1	2	7	5	5	3	1	1	5	4	5	13	2	1	8	3	5	2	9	4	15	1	3	2	8	1		1	3	1	
113	7	17	21	36	臺北市	士林區	士林區福港街160巷與福港街210巷17弄口	25.08717005	121.5182526	0	0	2	2	8	5	5	4	1	1	5	4	5	13	4	4	10	5	5	2	17	4	9	1	3	9	10	1		2	2	11	
113	7	17	22	4	臺北市	內湖區	內湖區成功路3段與康寧路1段口	25.0806071	121.5908195	0	0	2	2	8	5	5	4	1	1	5	4	5	13	2	1	1	4	5	2	16	1	9	1	5	1	10	1		1	2	11	
113	7	17	22	29	臺北市	文山區	文山區景豐街與興順街口口	25.0012331	121.5450023	0	0	2	2	8	5	5	5	1	1	5	4	5	13	2	1	10	5	5	1	16	1	9	8	4	1	20	1		1	2	11	
113	7	17	22	42	臺北市	文山區	文山區木柵路5段58號對面	25.00121131	121.588998	0	0	1	2	8	5	5	14	9	1	5	4	5	13	1	1	9	4	5	2	13	1	15	1	7	1	8	1		1	3	1	
113	7	17	22	43	臺北市	信義區	信義區仁愛路4段505號	25.0377022	121.5607584	0	0	2	2	7	5	5	14	9	1	5	4	5	13	2	1	1	5	5	2	13	1	9	1	5	1	10	1		1	2	11	
113	7	18	0	20	臺北市	士林區	士林區延平北路6段與社中街口	25.0878528	121.5088603	0	0	1	2	8	5	5	3	1	1	5	4	5	13	4	4	5	3	5	1	17	1	5	1	6	2	10	1		1	2	12	
113	7	18	6	33	臺北市	中山區	中山區北安路與大直街口	25.0798543	121.5472626	0	0	2	2	8	7	5	5	1	1	5	4	5	13	1	1	1	4	5	2	16	1	6	1	5	1	10	1		1	2	11	
113	7	18	7	5	臺北市	北投區	北投區承德路6段與福國路口	25.10179649	121.5121844	0	0	2	2	8	6	5	4	1	1	5	4	5	13	2	1	1	4	4	2	12	1	9	1	5	1	10	1		1	2	15	
113	7	18	7	15	臺北市	大同區	大同區大龍街259巷與酒泉街50巷口	25.071529	121.5166379	0	0	1	2	8	5	5	5	1	1	5	4	5	13	4	4	9	5	5	2	10	1	15	1	7	2	8	1		1	3	8	
113	7	18	7	19	臺北市	中山區	中山區民生東路1段12號	25.057933	121.5233936	0	0	1	2	8	6	5	14	9	1	5	4	5	13	4	4	10	4	5	1	17	1	10	1	5	1	10	1		1	2	11	
113	7	18	7	32	臺北市	南港區	南港區重陽路122號	25.056941	121.599758	0	0	1	2	8	6	5	14	7	1	5	4	5	13	3	1	5	4	4	2	17	1	9	1	6	1	9	1		1	2	14	
113	7	18	7	35	臺北市	萬華區	萬華區寶興街222巷19號	25.02198792	121.4945831	0	0	2	2	8	6	5	14	9	1	5	4	5	13	4	4	10	5	5	1	17	4	5	1	3	1	10	1		2	2	14	
113	7	18	7	44	臺北市	文山區	文山區萬寧街139號對面	25.00334351	121.5699216	0	0	2	3	8	6	5	14	9	1	5	4	5	13	4	4	9	5	5	2	16	1	6	1	6	2	10	1		1	2	12	12
113	7	18	8	0	臺北市	士林區	士林區中山北路5段470巷與中山北路5段口	25.0921866	121.5278969	0	0	1	2	7	6	5	3	2	1	5	4	5	13	4	4	1	5	5	1	17	4	6	1	3	2	10	1		2	3	12	
113	7	18	8	10	臺北市	中正區	中正區市民大道2段與金山北路口	25.04598085	121.5306161	0	0	2	3	8	7	5	4	1	1	5	4	5	13	1	1	1	4	5	2	17	1	15	1	6	1	10	1		1	3	17	
113	7	18	8	25	臺北市	大安區	大安區大安路2段與四維路170巷口	25.0282949	121.5461268	0	0	2	3	8	6	5	3	1	1	5	4	5	13	1	1	4	5	5	2	17	1	11	1	7	1	4	1		1	3	4	
113	7	18	8	28	臺北市	士林區	士林區重慶北路4段與重慶北路4段49巷口	25.0810008	121.512893	0	0	2	3	8	7	5	3	2	1	5	4	5	13	2	1	1	3	1	2	15	1	9	1	5	2	10	1		1	2	11	
113	7	18	8	43	臺北市	信義區	信義區市民大道5段與光復南路口	25.0450065	121.5578066	1	0	1	3	8	7	5	5	1	1	5	4	5	13	1	1	1	4	5	2	16	4	15	1	3	2	8	1		1	2	5	
113	7	18	8	44	臺北市	內湖區	內湖區康寧路3段189巷12弄與康寧路3段189巷口	25.0702777	121.6126133	0	0	2	2	8	6	6	4	1	1	5	4	5	13	4	4	10	5	5	2	3	1	9	1	5	1	10	1		2	2	11	
113	7	18	8	46	臺北市	士林區	士林區承德路4段80巷與劍潭路口	25.0834875	121.5214157	0	0	1	2	8	6	5	4	1	1	5	4	5	13	4	4	10	5	5	2	17	4	5	6	3	11	8	1		1	3	7	
113	7	18	8	51	臺北市	中山區	中山區建國北路3段與松江路口	25.0677485	121.533003	0	0	1	2	8	6	5	4	1	1	5	4	5	13	1	1	1	4	5	2	16	4	6	1	3	1	8	1		2	3	2	
113	7	18	8	53	臺北市	萬華區	萬華區康定路與貴陽街2段口	25.04005432	121.5027924	0	0	1	2	8	6	5	4	2	1	5	4	5	13	2	1	5	4	5	1	17	4	5	1	3	2	8	1		1	3	1	
113	7	18	8	56	臺北市	中山區	中山區新生北路3段48號	25.06444874	121.527584	0	0	2	2	8	7	5	14	9	1	5	4	5	13	4	4	1	4	5	2	3	1	9	1	5	2	10	1		1	2	11	
113	7	18	9	0	臺北市	中正區	中正區徐州路2-3號	25.0411221	121.5217602	0	0	1	2	8	6	5	14	7	1	5	4	5	13	4	4	5	4	4	2	17	1	11	1	7	2	8	1		1	3	8	
113	7	18	9	33	臺北市	內湖區	內湖區成功路4段與成功路4段324巷口	25.0847261	121.5987303	0	0	1	2	8	7	5	4	1	1	5	4	5	13	1	1	1	4	4	2	12	1	11	6	7	1	8	1		1	3	7	
113	7	18	9	33	臺北市	萬華區	萬華區萬大路449巷與萬大路449巷28弄口	25.02042111	121.4992969	0	0	2	2	8	6	5	4	1	1	5	4	5	13	4	4	10	5	5	2	17	1	9	1	6	1	10	1		1	2	12	
113	7	18	10	3	臺北市	中山區	中山區建國北路2段與長春路口	25.05466967	121.5372532	0	0	2	2	8	7	5	4	2	1	5	4	5	13	1	1	1	4	5	2	13	1	9	1	5	1	10	1		2	2	11	
113	7	18	10	3	臺北市	中山區	中山區民族東路12號	25.0684894	121.5241131	0	0	2	2	8	6	5	14	9	1	5	4	5	13	4	4	10	3	5	1	17	1	9	1	5	1	10	1		2	2	11	
113	7	18	10	3	臺北市	文山區	文山區萬芳路18號	24.9958688	121.5706637	0	0	2	3	8	7	5	14	9	1	4	4	5	13	4	4	5	4	5	2	13	1	9	1	5	1	10	1		1	2	11	
113	7	18	10	4	臺北市	大安區	大安區和平東路2段與復興南路2段口	25.0249215	121.543655	0	0	1	2	8	6	5	4	2	1	5	4	5	13	1	1	1	3	5	2	9	1	9	1	7	2	2	1		1	3	17	
113	7	18	10	20	臺北市	內湖區	內湖區潭美街東向西	25.06286159	121.6078106	0	0	1	2	8	6	5	14	9	1	5	4	5	13	4	4	5	4	5	1	17	1	11	1	7	1	4	1		1	3	4	
113	7	18	10	35	臺北市	大同區	大同區鄭州路與西寧北路口	25.0503932	121.5083438	0	0	1	2	8	5	5	3	2	1	5	4	5	13	2	1	1	4	5	2	9	4	6	1	3	2	8	1		2	3	1	
113	7	18	10	38	臺北市	士林區	士林區承德路5段與士商路口	25.09602629	121.5144266	0	0	2	3	8	6	8	4	2	1	5	4	5	13	2	1	1	4	4	1	17	1	6	1	7	2	8	1		1	3	5	
113	7	18	11	2	臺北市	文山區	文山區指南路1段與指南路1段96巷口	24.9876402	121.5711884	0	0	1	2	8	6	5	4	1	1	5	4	5	13	4	4	10	5	5	2	16	1	5	1	7	2	8	1		1	3	2	14
113	7	18	11	10	臺北市	北投區	北投區大度路1段與大度路2段口	25.1218007	121.4858524	0	0	1	2	8	6	5	4	1	1	5	4	5	13	2	1	1	4	4	1	16	1	6	1	7	2	14	1		1	3	5	
113	7	18	11	45	臺北市	內湖區	內湖區瑞光路7巷與瑞光路口	25.06928767	121.5838791	0	0	2	2	8	7	5	3	1	1	5	4	5	13	4	4	5	4	5	2	13	1	9	1	5	1	10	1		1	2	11	
113	7	18	11	52	臺北市	士林區	士林區重慶北路4段與百齡橋口上機車專用道	25.0878728	121.512036	0	0	2	2	8	7	5	8	11	1	5	4	5	13	4	4	10	3	5	1	12	1	9	1	5	2	10	1		2	2	14	
113	7	18	12	33	臺北市	中正區	中正區汀州路1段與泉州街20巷口	25.02672086	121.5118206	0	0	1	3	8	6	5	3	2	1	5	4	5	13	4	4	5	4	5	2	16	1	6	1	5	2	10	1		2	2	14	
113	7	18	12	55	臺北市	中正區	中正區承德路1段台北車站西側地上停車場機車出口	25.04857505	121.5155347	0	0	2	3	8	6	5	14	9	1	5	4	5	13	4	4	10	4	5	2	17	1	9	1	7	1	4	1		1	3	8	
113	7	18	13	0	臺北市	內湖區	內湖區文德路22巷與文德路22巷53弄口	25.07584389	121.5804999	0	0	1	2	8	6	5	4	1	1	5	4	4	8	4	4	10	5	5	1	17	1	9	1	5	1	10	1		2	2	11	
113	7	18	13	14	臺北市	中山區	中山區林森北路446號	25.0606957	121.5256161	0	0	1	2	8	7	5	14	9	1	5	4	5	13	4	4	9	4	5	2	16	1	1	1	7	2	8	1		1	3	5	
113	7	18	13	38	臺北市	內湖區	內湖區民權東路6段11巷與民權東路6段口	25.06927859	121.5839077	0	0	1	2	8	7	5	4	2	1	5	4	5	13	2	1	1	4	5	2	11	4	8	1	3	11	8	2		1	3	2	
113	7	18	13	38	臺北市	北投區	北投區中央北路4段與中央北路4段515巷口	25.1281251	121.4683173	0	0	2	2	8	5	5	3	18	1	5	4	5	13	2	1	9	4	5	1	3	1	9	1	5	2	10	1		1	2	11	
113	7	18	13	39	臺北市	大安區	大安區延吉街與延吉街70巷口	25.0425241	121.5541756	0	0	1	2	8	7	5	4	18	1	5	4	5	13	1	1	8	3	5	2	3	1	6	1	5	1	10	1		1	3	12	
113	7	18	13	46	臺北市	大安區	大安區通化街180巷與通化街口	25.0273323	121.5534088	0	0	1	2	8	6	5	4	1	1	5	4	5	13	4	4	10	5	5	2	15	1	9	1	6	1	10	1		1	3	12	
113	7	18	13	53	臺北市	中山區	中山區北安路與敬業四路口	25.0846427	121.558297	0	0	1	2	8	7	5	3	2	1	5	4	5	13	1	1	1	4	5	2	13	1	9	1	5	1	10	1		1	2	11	
113	7	18	13	54	臺北市	中正區	中正區金山南路1段與臨沂街8巷口	25.0423708	121.5297648	0	0	1	3	8	6	5	3	1	1	5	4	5	13	4	4	10	5	5	2	15	1	15	1	7	2	8	1		1	3	8	
113	7	18	14	2	臺北市	大安區	大安區市民大道4段70號	25.0448893	121.5474714	0	0	2	2	8	6	5	14	9	1	5	4	5	13	4	4	1	4	5	1	13	4	9	1	3	1	9	1		1	2	11	
113	7	18	14	5	臺北市	大同區	大同區敦煌路80巷與哈密街23巷口	25.0746453	121.5173177	0	0	1	2	8	6	5	4	1	1	5	4	5	13	4	4	10	5	5	2	15	4	9	1	6	1	10	1		1	2	11	
113	7	18	14	28	臺北市	松山區	松山區民生東路5段240號	25.05906418	121.5664721	0	0	2	2	8	6	5	22	20	4	5	4	5	13	4	4	10	5	5	2	12	1	9	8	4	1	20	2		1	2	12	
113	7	18	14	44	臺北市	中正區	中正區金華街與杭州南路2段口口	25.0311613	121.5218904	0	0	1	3	8	6	5	4	1	1	5	4	5	13	1	1	5	5	5	1	17	1	5	1	6	1	9	1		1	2	11	
113	7	18	15	56	臺北市	松山區	松山區寶清街29號	25.0533826	121.5676175	0	0	2	3	8	6	5	14	9	1	5	4	5	13	4	4	8	5	5	2	3	5	16	8	4	10	20	1		1	2	16	
113	7	18	16	6	臺北市	士林區	士林區福華路與雙溪街口	25.09991545	121.5237714	0	0	1	2	8	7	5	3	2	1	5	4	5	13	4	4	9	4	5	1	17	1	5	1	7	1	8	1		1	3	1	
113	7	18	16	10	臺北市	中山區	中山區松江路76號	25.04847309	121.5183568	0	0	1	2	8	7	5	14	9	1	5	4	5	13	4	4	1	4	5	2	12	1	1	1	7	1	8	1		2	3	7	
113	7	18	16	25	臺北市	大安區	大安區和平東路2段與復興南路2段口	25.0249189	121.5436884	0	0	1	2	8	6	5	4	1	1	5	4	5	13	1	1	9	4	5	1	17	4	7	1	3	1	10	1		1	2	13	
113	7	18	16	40	臺北市	信義區	信義區忠孝東路5段71巷與永吉路30巷158弄口	25.0423865	121.5673481	0	0	2	2	8	6	5	4	1	1	5	4	5	13	4	4	10	5	5	1	15	4	9	1	3	1	10	1		1	2	12	
113	7	18	16	44	臺北市	大同區	大同區民權西路與蘭州街口	25.0629126	121.5147559	0	0	1	2	8	6	5	4	1	1	5	4	5	13	1	1	1	2	5	2	17	1	5	1	6	2	10	1		1	3	15	
113	7	18	17	28	臺北市	中山區	中山區民權東路2段與建國北路3段口	25.0625076	121.5369783	0	0	1	2	8	7	5	4	2	1	5	4	5	13	1	1	5	4	5	2	13	1	9	1	5	1	10	1		1	3	14	
113	7	18	17	40	臺北市	內湖區	內湖區民權東路6段56巷與民權東路6段90巷16弄口	25.06790018	121.5851242	0	0	2	2	8	7	5	3	1	1	5	4	5	13	4	4	5	5	4	2	16	1	5	1	5	1	10	1		1	2	11	
113	7	18	17	41	臺北市	大安區	大安區和平東路1段141巷與和平東路1段口	25.0265254	121.5302378	0	0	1	2	8	7	5	4	2	1	5	4	5	13	2	1	8	3	4	1	17	1	11	1	7	1	8	1		1	3	5	
113	7	18	17	42	臺北市	士林區	士林區中山北路5段699巷與中山北路5段口	25.0977681	121.5273668	1	0	0	2	8	6	5	4	1	1	5	4	5	13	2	1	1	4	5	1	16	1	5	3	6	9	18	1		1	1	14	
113	7	18	17	43	臺北市	大同區	大同區錦西街84號	25.0602093	121.5190188	0	0	2	2	8	5	5	14	9	1	5	4	5	13	3	1	9	4	5	2	11	1	15	1	5	1	10	1		1	2	12	
113	7	18	17	45	臺北市	大同區	大同區民權西路與大龍街口	25.0630645	121.5161512	0	0	4	5	8	6	5	4	2	1	5	4	5	13	2	1	1	4	5	2	17	1	9	1	5	1	10	1		2	2	13	
113	7	18	17	48	臺北市	萬華區	萬華區西藏路201號萬華國中地下停車場出入口	25.029222	121.4999617	0	0	1	2	8	7	8	22	22	1	5	4	5	13	4	4	9	5	5	2	9	4	1	1	3	11	8	2		1	4	2	
113	7	18	17	53	臺北市	萬華區	萬華區西藏路201號	25.0292699	121.4996398	0	0	1	2	8	5	5	14	9	1	5	4	5	13	4	4	1	4	5	2	17	4	6	1	7	1	8	1		1	3	5	
113	7	18	17	58	臺北市	大同區	大同區民生西路與雙連街口	25.0575351	121.5191895	0	0	1	2	8	6	5	3	1	1	5	4	5	13	1	1	5	4	5	2	17	1	6	1	6	2	10	1		2	3	12	
113	7	18	18	19	臺北市	內湖區	內湖區民善街與新湖二路口	25.0606089	121.575319	0	0	1	2	8	7	8	4	2	1	5	4	5	13	2	1	5	4	5	2	12	1	8	1	5	2	10	1		1	2	14	
113	7	18	18	20	臺北市	中正區	中正區泉州街與南海路口	25.0316849	121.5136735	0	0	2	2	8	7	5	3	1	1	5	4	5	13	1	1	10	4	4	2	16	4	9	1	5	1	10	1		1	2	12	
113	7	18	18	22	臺北市	文山區	文山區溪口街55巷與溪口街55巷1弄口	24.9946518	121.5395258	0	0	1	4	8	6	5	3	1	1	5	4	5	13	4	4	10	5	5	2	17	1	6	1	6	11	10	1		1	3	17	
113	7	18	18	30	臺北市	文山區	文山區新光路2段與新光路2段口圓環	25.0005783	121.5832791	0	0	1	2	8	5	5	3	2	1	5	4	5	13	3	1	9	4	5	1	13	1	9	1	7	1	4	1		1	3	1	
113	7	18	18	36	臺北市	中正區	中正區重慶南路3段與詔安街口	25.0251963	121.5164207	0	0	1	2	8	6	5	3	2	1	5	4	5	13	1	1	1	4	5	2	17	1	6	1	5	1	10	1		1	3	14	
113	7	18	18	45	臺北市	中正區	中正區許昌街40號	25.0455401	121.515361	0	0	1	2	8	5	5	14	9	1	5	4	5	13	1	1	6	3	5	2	13	1	9	1	5	2	10	1		2	2	11	
113	7	18	18	47	臺北市	文山區	文山區興隆路3段與萬芳路口	24.9967464	121.5598842	0	0	1	3	8	6	5	4	1	1	5	4	5	13	2	1	5	5	5	2	13	1	9	1	6	1	10	1		1	2	11	
113	7	18	19	6	臺北市	萬華區	萬華區環河南路2段149巷與大理街170巷口	25.0335256	121.4935184	0	0	1	2	7	5	5	4	1	1	5	4	5	13	4	4	10	5	5	2	17	1	6	3	7	1	18	1		1	3	1	14
113	7	18	19	10	臺北市	中山區	中山區吉林路71號	25.05424331	121.5301513	0	0	1	2	8	5	5	14	7	1	5	4	5	13	4	4	9	4	4	2	16	1	11	1	7	1	2	1		1	3	4	
113	7	18	19	16	臺北市	大安區	大安區臥龍街與臥龍街43巷口	25.0224893	121.5470559	0	0	2	3	7	5	5	4	1	1	5	4	5	13	4	4	9	4	5	2	15	4	14	1	7	11	4	1		1	3	17	
113	7	18	19	24	臺北市	信義區	信義區永吉路278巷與永吉路200巷81弄口	25.0434264	121.5741106	0	0	2	2	8	5	5	4	2	1	5	4	5	13	4	4	5	2	5	2	17	1	9	1	5	1	10	1		1	2	11	
113	7	18	21	35	臺北市	中正區	中正區福州街與福州街7巷口	25.0296895	121.5199282	0	0	3	3	8	5	5	3	1	1	5	4	5	8	4	4	10	5	5	2	9	1	9	1	5	1	10	1		2	2	12	
113	7	18	21	45	臺北市	士林區	士林區中山北路5段380號	25.09027926	121.5275729	0	0	1	3	8	5	5	14	9	1	5	4	5	13	4	4	1	5	5	2	13	1	9	1	6	1	10	1		2	2	11	
113	7	18	21	47	臺北市	士林區	士林區至善路2段與至善路2段25巷口	25.0972676	121.5442693	0	0	2	2	8	5	5	4	1	1	5	4	5	13	1	1	1	4	4	2	13	4	12	1	6	2	10	1		1	2	13	
113	7	18	22	7	臺北市	大安區	大安區基隆路3段(004燈桿)	25.01880797	121.545898	0	0	1	2	7	5	5	14	7	1	5	4	5	13	4	4	1	3	4	2	12	1	9	1	6	2	9	1		1	3	14	
113	7	19	5	20	臺北市	中正區	中正區市民大道1段168號	25.0447598	121.537509	0	0	1	2	8	6	5	14	6	1	5	4	5	13	4	4	10	4	5	2	16	4	1	1	7	1	4	1		1	3	7	
113	7	19	7	10	臺北市	北投區	北投區無名巷基隆河右岸自行車便道（7.5KM）	25.0971402	121.5081245	0	0	1	4	8	6	8	22	23	1	5	4	5	13	4	4	9	5	5	1	17	1	15	8	4	2	20	1		1	3	17	
113	7	19	7	30	臺北市	信義區	信義區忠孝東路5段與松山路口	25.0405344	121.5779406	0	0	2	2	8	7	5	4	2	1	5	4	5	13	1	1	9	4	5	2	13	1	9	1	6	1	10	1		1	2	11	
113	7	19	7	30	臺北市	松山區	松山區民權東路4段與敦化北路口	25.06160871	121.5507266	0	0	3	3	8	6	5	4	1	1	5	4	5	13	2	1	3	4	5	2	12	1	9	1	6	1	10	1		1	2	11	
113	7	19	7	35	臺北市	南港區	南港區忠孝東路7段276停車格	25.0511985	121.5984616	0	0	1	2	8	5	5	14	8	1	5	4	5	13	4	4	1	3	4	2	17	4	1	1	3	2	8	1		1	3	8	
113	7	19	7	37	臺北市	信義區	信義區基隆路2段12號	25.0321573	121.5589892	0	0	2	3	7	7	5	14	9	1	5	4	5	13	1	1	1	4	5	2	13	1	9	1	5	1	10	1		1	2	11	
113	7	19	7	40	臺北市	信義區	信義區信義路5段象山捷運站1號出口前	25.0328383	121.5690472	0	0	1	3	8	6	8	22	22	1	5	4	5	13	4	4	1	4	5	2	13	1	9	1	7	1	4	1		1	3	1	
113	7	19	7	45	臺北市	大同區	大同區承德路1段與市民大道1段口	25.048677	121.5165717	0	0	1	2	7	6	5	4	1	1	5	4	5	13	2	1	1	4	5	2	16	4	11	1	3	1	8	1		1	3	4	
113	7	19	8	1	臺北市	松山區	松山區塔悠路101號	25.0539835	121.5700228	0	0	1	2	8	7	5	14	9	1	5	4	5	13	4	4	1	4	5	2	17	1	9	1	6	2	10	1		1	2	12	
113	7	19	8	5	臺北市	中正區	中正區中正橋(往台北市方向)	25.02175093	121.5162264	0	0	1	2	8	6	5	14	9	1	5	4	5	13	4	4	2	4	5	1	13	1	9	1	5	2	10	1		1	2	11	
113	7	19	8	25	臺北市	內湖區	內湖區內湖路1段126號	25.0830237	121.5637776	0	0	1	2	8	5	5	14	9	1	5	4	5	13	4	4	1	5	4	2	17	1	15	1	5	1	10	1		2	2	12	
113	7	19	8	25	臺北市	大同區	大同區承德路3段與民族西路口	25.0688206	121.5183142	0	0	1	2	8	6	5	4	2	1	5	4	5	13	2	1	1	4	5	2	13	4	9	1	3	1	8	1		1	3	6	
113	7	19	8	27	臺北市	士林區	士林區福華路173號前	25.10440278	121.5220134	0	0	2	3	8	6	5	14	9	1	5	4	5	13	4	4	10	4	5	2	16	1	8	1	6	1	10	1		1	3	12	
113	7	19	8	27	臺北市	松山區	松山區敦化北路244巷與敦化北路244巷6弄口	25.0606417	121.5494188	0	0	1	2	8	5	5	4	1	1	5	4	5	13	4	4	10	5	5	2	15	1	9	1	7	1	6	1		1	3	5	
113	7	19	8	30	臺北市	士林區	士林區天母北路87巷18號停車格	25.1228394	121.5287195	0	0	1	2	8	6	5	14	9	1	5	4	5	13	4	4	5	5	5	1	16	1	1	1	7	1	8	1		1	3	4	
113	7	19	8	37	臺北市	士林區	士林區中山北路5段與福國路口	25.1025837	121.5255704	0	0	2	2	8	6	5	4	1	1	5	4	5	13	1	1	10	5	5	1	16	1	5	3	5	2	18	1		1	2	14	
113	7	19	8	40	臺北市	中山區	中山區松江路133巷與南京東路2段115巷口	25.0543645	121.5336478	0	0	1	2	8	7	5	4	1	1	5	4	5	13	4	4	10	5	5	2	15	1	9	1	5	1	10	1		1	3	11	
113	7	19	8	40	臺北市	信義區	信義區忠孝東路5段524巷5弄與忠孝東路5段524巷口	25.0404404	121.5799328	0	0	1	2	8	7	5	4	1	1	5	4	5	13	4	4	9	4	5	2	15	1	9	1	7	1	8	1		2	3	1	
113	7	19	8	41	臺北市	信義區	信義區松仁路277號	25.0242212	121.5697498	0	0	1	2	8	7	6	14	9	1	5	4	5	13	4	4	9	5	5	2	17	1	1	1	5	1	10	1		2	2	13	
113	7	19	8	43	臺北市	中正區	中正區衡陽路94號	25.04225478	121.5106647	0	0	1	2	8	7	5	3	2	1	5	4	5	13	4	4	9	5	5	2	17	1	9	1	6	1	10	1		1	3	13	13
113	7	19	9	1	臺北市	中山區	中山區北安路與北安路595巷口	25.08209286	121.5487555	0	0	1	2	8	6	5	4	1	1	5	4	5	13	2	1	1	5	5	1	16	4	5	1	3	1	8	1		1	3	6	
113	7	19	9	18	臺北市	信義區	信義區嘉興街318號	25.0234203	121.5544692	0	0	1	2	7	7	5	14	9	1	5	4	5	13	4	4	10	5	5	2	10	1	9	1	5	1	10	1		2	2	11	
113	7	19	9	22	臺北市	中正區	中正區思源街1號(自來水園區前)	25.0133044	121.529967	0	0	1	2	8	6	6	14	9	1	5	4	5	13	1	1	5	4	5	2	12	1	8	1	5	2	10	1		1	3	14	
113	7	19	9	29	臺北市	士林區	士林區百齡橋與大南路口	25.090611	121.5164036	0	0	1	2	8	6	5	5	1	1	5	4	5	13	2	1	1	4	5	1	17	1	1	1	5	1	10	1		1	2	14	
113	7	19	9	40	臺北市	大安區	大安區市民大道4段與市民大道4段68巷口	25.0449715	121.5470839	0	0	1	3	8	6	5	4	1	1	5	4	5	13	4	4	9	4	5	1	13	4	9	1	3	1	10	1		1	2	11	
113	7	19	9	42	臺北市	大安區	大安區敦化南路2段63巷21弄16號	25.0316104	121.5501663	0	0	1	2	8	5	5	14	9	1	5	4	5	13	4	4	10	5	5	2	17	1	5	1	7	1	8	1		1	3	8	
113	7	19	9	52	臺北市	北投區	北投區承德路7段與承德路7段1巷口	25.11104979	121.5106426	0	0	1	2	8	6	5	3	2	1	5	4	5	13	1	1	8	3	5	2	17	1	8	1	6	1	10	1		1	2	14	
113	7	19	10	46	臺北市	信義區	信義區松勇路31號	25.0374124	121.5697816	0	0	2	3	8	6	5	14	9	1	5	4	5	10	4	4	5	5	5	2	15	4	9	1	3	1	10	1		2	2	11	
113	7	19	10	57	臺北市	北投區	北投區公館路與公館路306巷口	25.1245707	121.5065556	0	0	1	2	8	5	5	3	1	1	5	4	1	13	4	4	9	5	5	1	16	1	6	1	5	1	10	1		2	2	14	
113	7	19	11	20	臺北市	南港區	南港區向陽路與向陽路258巷口	25.0583096	121.5940562	0	0	1	2	8	7	5	4	1	1	5	4	5	13	2	1	5	4	5	2	16	1	11	1	5	1	10	1		1	2	13	
113	7	19	11	30	臺北市	信義區	信義區基隆路1段與基隆路1段102巷口	25.045366	121.5668211	0	0	1	2	8	6	5	3	2	1	5	4	5	13	4	4	1	3	5	2	16	4	6	1	3	1	8	1		2	3	2	
113	7	19	11	34	臺北市	文山區	文山區羅斯福路6段與羅斯福路6段276巷口口	24.9912285	121.5400845	0	0	1	2	8	6	5	3	1	1	5	4	5	13	4	4	1	4	5	2	13	1	9	1	5	2	10	1		1	2	11	
113	7	19	12	16	臺北市	北投區	北投區吉利街123巷與尊賢街口	25.118584	121.5065301	0	0	1	2	8	6	5	4	1	1	5	4	5	13	2	1	10	5	5	2	17	1	5	1	6	1	10	1		1	3	12	
113	7	19	14	2	臺北市	士林區	士林區中山北路4段與通河街口	25.0799249	121.5241813	0	0	1	2	8	5	5	4	1	1	5	4	5	13	2	1	1	2	5	2	16	4	6	1	3	1	8	1		1	3	2	
113	7	19	14	50	臺北市	中山區	中山區長春路258巷與長春路258巷10弄口	25.0538948	121.5390655	0	0	1	2	8	7	5	4	1	1	5	4	5	13	4	4	10	5	5	2	15	4	9	3	6	1	18	1		2	2	12	
113	7	19	14	52	臺北市	南港區	南港區八德路4段與玉成街口	25.0512333	121.5816105	0	0	1	2	8	6	5	4	1	1	5	4	5	13	2	1	4	3	5	2	16	4	6	1	3	2	8	1		1	3	2	
113	7	19	14	55	臺北市	中山區	中山區長安西路50巷與長安西路口側附近口	25.0501223	121.5201662	0	0	1	2	8	7	5	4	1	1	5	4	5	13	1	1	9	4	5	2	12	1	1	1	7	1	7	1		1	3	5	
113	7	19	15	17	臺北市	萬華區	萬華區萬大路與萬大路423巷口	25.0214983	121.4989128	0	0	1	3	8	5	5	4	4	1	5	4	5	13	1	1	5	5	5	2	13	4	14	1	7	2	1	1		1	3	1	
113	7	19	15	22	臺北市	信義區	信義區忠孝東路5段22巷	25.0398743	121.5660599	0	0	1	2	8	6	5	14	9	1	5	4	5	13	4	4	5	5	5	2	17	1	11	1	6	2	10	1		1	2	12	
113	7	19	15	23	臺北市	士林區	士林區中山北路6段405巷與中山北路6段441巷口	25.11699848	121.526151	0	0	1	2	8	6	5	4	2	1	5	4	5	13	2	1	9	5	5	1	17	1	11	1	7	1	8	1		2	3	4	
113	7	19	15	23	臺北市	大同區	大同區民權西路與民權西路225巷口	25.0630723	121.5121949	0	0	1	2	8	6	5	3	1	1	5	4	5	13	1	1	1	4	5	2	17	1	6	1	6	2	10	1		1	2	12	