年	月	日	時	分	縣市	行政區	allLocation	GoogleLat	GoogleLng	死	2-30	受傷	當事人數	天候	道路照明設備	道路類別	道路型態	事故位置	路面狀況1	路面狀況2	路面狀況3	道路障礙1	道路障礙2	號誌1	號誌2	車道劃分-分向	車道劃分-分道1	車道劃分-分道2	車道劃分-分道3	事故類型及型態	行動電話	當事者行動狀態	駕駛資格情形	保護裝置	飲酒情形	駕駛執照種類	個人肇逃否	肇因碼-主要	性別	受傷程度	車輛撞擊部位1	車輛撞擊部位2
113	7	19	15	43	臺北市	大安區	大安區忠孝東路4段248巷與延吉街138巷口	25.0398565	121.5540832	0	0	2	2	8	6	5	4	1	1	5	4	5	13	4	4	10	5	5	2	15	1	9	1	6	1	10	1		1	2	11	
113	7	19	15	45	臺北市	南港區	南港區忠孝東路6段110巷22號	25.0467682	121.5853418	0	0	1	3	8	6	5	14	9	1	5	4	5	13	4	4	9	5	5	2	1	4	9	1	3	2	10	1		1	2	14	
113	7	19	15	46	臺北市	大同區	大同區重慶北路2段與寧夏路104巷口	25.0586907	121.5137582	0	0	1	2	8	6	5	3	2	1	5	4	5	13	4	4	1	4	5	2	17	4	7	1	3	1	8	1		2	3	2	
113	7	19	15	51	臺北市	中正區	中正區開封街1段與中華路1段口	25.0459989	121.5096281	0	0	1	2	8	5	5	4	2	1	5	4	5	13	1	1	9	5	5	2	17	1	6	1	6	1	10	1		1	3	12	12
113	7	19	17	7	臺北市	中山區	中山區復興北路與民生東路3段口	25.0581173	121.5440645	0	0	2	4	8	7	5	4	2	1	5	4	5	13	2	1	1	4	5	2	17	4	1	1	3	2	4	1		1	3	1	
113	7	19	17	30	臺北市	士林區	士林區芝玉路1段與仰德大道1段6巷口	25.10087689	121.5375087	0	0	1	2	8	5	8	22	22	1	5	4	5	13	2	1	10	5	5	1	17	1	5	1	7	1	8	1		2	3	1	
113	7	19	17	40	臺北市	中正區	中正區汀州路2段與重慶南路3段83巷口	25.02548101	121.517251	0	0	2	2	8	6	5	3	1	1	5	4	5	13	4	4	8	5	5	1	16	1	5	6	6	1	18	1		1	2	11	
113	7	19	18	0	臺北市	中山區	中山區南京東路1段與南京東路1段口林森公園停車場出入口	25.05219963	121.5264795	0	0	1	2	8	7	5	3	1	1	5	4	5	13	4	4	1	4	4	2	16	1	6	1	7	1	8	1		1	3	2	
113	7	19	18	14	臺北市	萬華區	萬華區環河南路1段與漢口街2段口	25.0466009	121.5037138	0	0	1	2	7	7	5	14	9	1	5	4	5	13	3	1	8	3	5	2	3	5	16	8	4	10	20	1		1	2	16	
113	7	19	19	19	臺北市	中山區	中山區中山北路2段與中山北路2段96巷口	25.0599321	121.5227186	0	0	1	2	8	5	5	3	2	1	5	4	5	13	4	4	4	3	1	1	16	1	9	1	6	1	10	1		1	3	13	
113	7	19	19	34	臺北市	信義區	信義區市府路與松壽路口	25.0359374	121.5633557	0	0	1	2	8	5	5	4	1	1	5	4	5	13	2	1	9	5	5	2	16	4	6	1	3	1	8	1		1	3	5	
113	7	19	19	35	臺北市	大同區	大同區鄭州路87號Y19	25.0498814	121.5122675	0	0	1	3	8	5	5	14	9	1	5	4	5	13	1	1	9	4	5	1	13	4	9	1	3	1	8	1		1	3	1	
113	7	19	19	53	臺北市	士林區	士林區通河西街2段與社中街458巷口	25.0936243	121.5022183	0	0	2	2	8	5	8	3	2	1	5	4	5	13	4	4	9	4	5	1	17	1	4	1	6	1	10	1		1	2	12	
113	7	19	20	14	臺北市	士林區	士林區社子街38號	25.087514	121.507548	0	0	2	9	8	5	5	14	9	1	5	4	5	13	4	4	9	5	5	2	17	4	5	8	4	2	20	1		2	2	11	
113	7	19	20	19	臺北市	中正區	中正區和平西路1段與南昌路2段口	25.0267079	121.5207535	0	0	1	2	8	5	5	4	2	1	5	4	5	13	1	1	1	4	5	2	13	1	9	1	5	1	10	1		1	2	12	
113	7	19	20	41	臺北市	大同區	大同區寧夏路與保安街口	25.0590231	121.5150654	0	0	1	2	7	5	5	4	1	1	5	4	5	13	2	1	5	2	5	2	12	4	5	1	7	2	8	1		1	3	8	
113	7	19	21	3	臺北市	內湖區	內湖區南京東路6段167號	25.05666667	121.5800948	0	0	1	2	8	5	5	14	9	1	5	4	1	13	4	4	10	5	5	2	20	1	9	1	7	2	8	1		1	2	5	
113	7	19	21	40	臺北市	中山區	中山區錦西街與民生西路3巷口口	25.0602779	121.5218778	0	0	1	2	8	5	5	4	2	1	5	4	5	13	4	4	9	5	5	2	3	1	11	1	7	1	4	1		1	3	5	
113	7	19	22	58	臺北市	文山區	文山區仙岩路79號	25.00045399	121.5508041	0	0	1	2	8	6	5	14	9	1	5	4	5	13	4	4	9	5	5	2	17	1	11	1	7	1	8	1		1	3	8	
113	7	20	0	30	臺北市	中山區	中山區長安東路1段77巷4弄4-1號	25.0488728	121.5286937	0	0	1	3	8	5	5	14	9	1	5	4	5	10	4	4	10	5	5	2	17	4	2	7	3	11	19	2		1	4	7	
113	7	20	1	4	臺北市	中正區	中正區南海路與南海路93巷口	25.028489	121.5083475	0	0	1	2	8	5	5	4	1	5	5	5	5	13	1	1	10	5	5	2	18	1	9	1	5	8	10	1		2	2	12	
113	7	20	1	25	臺北市	中山區	中山區長春路與新生北路2段口	25.05491353	121.527418	0	0	2	3	8	5	8	4	1	1	5	4	5	13	2	1	10	5	5	2	15	4	9	8	2	2	20	1		1	2	12	
113	7	20	3	51	臺北市	信義區	信義區光復南路與忠孝東路4段口	25.0414209	121.5581133	0	0	5	5	7	5	5	4	2	1	5	4	5	13	2	1	1	4	5	2	13	1	9	6	7	2	18	1		1	2	1	
113	7	20	6	15	臺北市	內湖區	內湖區金龍路與內湖路3段187巷口	25.087075	121.5883097	0	0	2	2	8	6	5	3	1	1	5	4	5	13	4	4	10	5	5	2	17	1	1	1	5	11	10	2		1	2	11	
113	7	20	6	26	臺北市	士林區	士林區承德路5段與士商路口	25.09610457	121.5141334	0	0	2	3	8	7	5	4	1	1	5	4	5	13	1	1	1	5	5	2	17	1	9	3	7	1	18	1		1	2	1	
113	7	20	6	45	臺北市	北投區	北投區中和街與中和街234巷口	25.1392954	121.5015307	0	0	2	2	8	6	5	4	1	1	5	4	5	13	2	1	5	4	5	2	17	1	9	1	6	1	10	1		1	2	12	
113	7	20	7	13	臺北市	萬華區	萬華區莒光路299巷與萬大路84巷口	25.03068925	121.4991482	0	0	1	3	8	5	5	3	1	1	5	4	3	10	4	4	10	5	5	2	17	4	6	1	6	1	10	1		1	2	11	
113	7	20	7	26	臺北市	大安區	大安區仁愛路4段10號	25.0377248	121.5451194	0	0	1	2	8	5	5	14	9	1	5	4	5	13	4	4	1	4	5	2	16	1	5	1	7	1	4	1		1	3	8	
113	7	20	8	41	臺北市	內湖區	內湖區新明路219巷與潭美街口口	25.05747317	121.5881739	0	0	1	2	8	6	5	3	1	1	5	4	5	13	2	1	5	5	5	2	16	1	5	1	7	1	8	1		1	3	4	
113	7	20	8	52	臺北市	中山區	中山區民族東路與林森北路口	25.06832597	121.525895	0	0	1	2	8	7	5	3	2	1	5	4	5	13	1	1	1	3	5	1	17	1	5	1	7	1	8	1		1	3	1	
113	7	20	9	1	臺北市	中山區	中山區德惠街與農安街77巷口	25.0666077	121.5285934	0	0	1	2	8	7	5	4	1	1	5	4	5	13	4	4	5	2	5	2	17	1	5	8	4	1	20	1		2	2	14	
113	7	20	9	21	臺北市	北投區	北投區明德路與榮華三路口	25.1137506	121.5221464	0	0	1	2	8	6	5	4	1	1	5	4	5	13	3	1	5	4	5	2	16	1	6	1	7	1	8	1		2	3	5	
113	7	20	9	24	臺北市	萬華區	萬華區西園路2段與西園路2段140巷口	25.0300738	121.4963272	0	0	1	2	8	6	5	3	2	1	5	4	5	13	1	1	1	4	5	1	17	4	5	1	3	2	4	2		1	3	7	
113	7	20	9	38	臺北市	信義區	信義區永吉路48號	25.0455986	121.5690037	0	0	1	2	8	7	5	14	9	1	5	4	5	13	4	4	1	4	5	2	17	1	9	1	5	11	10	1		1	4	13	
113	7	20	9	39	臺北市	文山區	文山區木新路3段50巷與木新路3段50巷10弄口口	24.9830554	121.564046	0	0	2	2	8	6	5	4	1	1	5	4	5	13	4	4	10	5	5	1	15	1	9	1	6	1	10	1		2	2	11	
113	7	20	9	43	臺北市	內湖區	內湖區東湖路與東湖路7巷口	25.06887708	121.6125821	0	0	1	2	8	6	5	3	1	1	5	4	5	13	4	4	5	4	5	2	17	1	6	1	7	1	8	1		1	3	2	
113	7	20	9	48	臺北市	士林區	士林區至善路3段141號對面	25.1194624	121.5824071	0	0	1	2	8	6	5	14	9	1	5	4	5	13	4	4	5	4	5	1	17	1	9	1	5	1	10	1		1	2	12	
113	7	20	10	12	臺北市	中山區	中山區吉林路161巷與民生東路2段115巷口	25.05888368	121.5315774	0	0	1	2	8	7	5	4	2	1	5	4	5	13	4	4	10	5	5	1	15	1	9	1	5	1	10	1		1	2	11	
113	7	20	10	19	臺北市	松山區	松山區健康路309號	25.05428682	121.5657484	0	0	2	3	8	5	5	14	8	1	5	4	5	13	4	4	9	5	4	2	17	4	9	1	5	1	10	1		1	2	12	
113	7	20	10	27	臺北市	大同區	大同區環河北路1段與民生西路口	25.0568532	121.508387	0	0	1	2	8	6	5	5	1	1	5	4	5	13	4	4	1	5	5	2	17	1	6	1	6	1	10	1		1	3	12	
113	7	20	10	39	臺北市	大安區	大安區通化街與通化街180巷口	25.0273795	121.5533733	0	0	2	4	8	6	5	4	1	1	5	4	5	13	4	4	5	5	5	2	16	1	9	1	7	1	4	1		1	3	8	
113	7	20	10	40	臺北市	中山區	中山區林森北路與長安東路1段口	25.0491484	121.524667	0	0	1	2	8	7	5	4	1	1	5	4	5	13	1	1	9	4	5	2	12	1	9	1	5	1	10	1		1	2	11	
113	7	20	10	54	臺北市	內湖區	內湖區新明路與新明路522巷口	25.05323238	121.5771237	0	0	1	4	8	6	5	3	2	1	5	4	5	13	4	4	10	5	5	2	17	1	5	1	5	1	10	1		2	3	17	
113	7	20	11	8	臺北市	中山區	中山區中山北路3段與民族西路口	25.0684631	121.5224592	0	0	1	2	8	7	5	14	9	1	5	4	5	13	1	1	9	4	5	2	16	1	11	1	5	1	10	1		2	2	11	
113	7	20	11	17	臺北市	中山區	中山區吉林路140號	25.0556654	121.5301717	0	0	1	2	8	6	5	14	9	1	5	4	5	13	4	4	8	5	4	1	12	4	11	1	3	1	8	1		1	3	4	
113	7	20	11	18	臺北市	萬華區	萬華區大理街7號	25.0346122	121.5028293	0	0	1	2	8	6	5	14	9	1	5	4	5	13	4	4	10	5	5	1	7	1	9	1	5	1	10	1		2	2	14	
113	7	20	11	39	臺北市	松山區	松山區光復北路196號	25.0549561	121.5558562	0	0	1	2	8	6	5	14	9	1	5	4	5	13	4	4	5	4	5	2	12	4	1	1	3	1	8	1		1	3	8	
113	7	20	11	44	臺北市	大同區	大同區鄭州路與西寧北路口	25.0506052	121.5082021	0	0	2	2	8	6	5	4	1	1	5	4	5	13	1	1	1	2	5	2	17	1	5	1	6	3	10	1		1	2	13	
113	7	20	12	18	臺北市	大同區	大同區延平北路2段與民權西路口	25.0628398	121.511207	0	0	3	3	7	6	5	4	1	1	5	4	5	13	2	1	4	4	5	2	16	4	5	1	3	2	10	1		1	2	14	
113	7	20	12	50	臺北市	內湖區	內湖區民權東路6段174巷與成功路2段245巷口	25.06791174	121.5913185	0	0	2	2	8	5	5	3	2	1	5	4	5	13	4	4	10	5	5	2	17	1	6	3	5	1	18	1		1	2	11	
113	7	20	12	52	臺北市	信義區	信義區市民大道5段與東寧路口	25.0473167	121.5627885	0	0	1	2	8	6	5	3	2	1	5	4	5	13	1	1	1	3	5	2	13	4	11	1	3	1	4	1		2	3	5	
113	7	20	12	58	臺北市	松山區	松山區市民大道6段131號	25.04951607	121.579029	0	0	1	3	8	6	5	14	9	1	5	4	5	13	4	4	10	4	5	2	12	4	8	1	3	2	8	1		1	3	8	
113	7	20	12	58	臺北市	萬華區	萬華區中華路2段484巷與中華路2段口	25.0267636	121.5070169	0	0	1	2	8	6	5	4	1	1	5	4	5	13	1	1	8	3	4	1	17	1	6	1	7	1	4	1		1	3	5	
113	7	20	13	10	臺北市	內湖區	內湖區成功路3段方濟中學公車站	25.0766973	121.5902513	0	0	2	3	8	7	8	14	9	1	5	4	5	13	4	4	1	4	5	2	17	1	9	1	5	2	9	1		1	2	14	
113	7	20	13	36	臺北市	萬華區	萬華區和平西路3段與南寧路口	25.03513615	121.5031699	0	0	1	2	8	6	5	5	1	1	5	4	5	13	2	1	1	5	5	2	13	1	6	1	7	1	8	1		2	3	5	
113	7	20	14	5	臺北市	萬華區	萬華區漢中街與漢中街147巷口	25.041759	121.5072546	0	0	2	3	8	6	5	3	2	1	5	4	5	13	4	4	7	2	5	1	17	4	15	1	3	2	4	1		1	3	2	
113	7	20	14	39	臺北市	北投區	北投區竹子湖路與中興路口	25.1632886	121.5447259	0	0	1	2	8	5	5	3	1	1	5	4	5	13	4	4	4	4	5	2	16	1	6	1	7	1	8	1		1	3	5	
113	7	20	15	25	臺北市	北投區	北投區承德路7段351-1號	25.11833201	121.5026264	0	0	1	2	8	7	5	14	7	1	5	4	5	13	4	4	1	4	4	2	16	1	1	1	7	2	8	1		2	3	4	
113	7	20	16	3	臺北市	大安區	大安區復興南路2段78巷與復興南路2段78巷30弄口	25.0310945	121.5423687	0	0	1	2	8	6	5	3	1	1	5	4	5	13	4	4	9	4	5	1	3	4	9	1	3	1	10	1		2	2	17	
113	7	20	16	15	臺北市	信義區	信義區忠孝東路4段國父紀念館	25.0412315	121.558406	0	0	1	2	8	6	5	14	9	1	5	4	5	13	4	4	1	4	5	2	9	4	12	1	3	9	2	1		1	3	17	
113	7	20	17	0	臺北市	中正區	中正區永福橋往北市	25.01336378	121.5300129	0	0	1	3	8	6	5	14	9	1	5	4	5	13	1	1	4	4	5	1	17	1	11	1	6	1	10	1		2	2	14	
113	7	20	17	20	臺北市	大安區	大安區安和路2段83號	25.0300871	121.5521719	0	0	1	3	8	6	5	14	9	1	5	4	5	13	4	4	1	4	5	2	9	4	14	1	3	1	8	1		2	3	2	
113	7	20	17	40	臺北市	士林區	士林區雨農橋南向北	25.1003586	121.5327196	0	0	1	2	8	5	5	8	9	1	5	4	5	13	4	4	5	5	5	1	2	1	9	1	5	2	10	1		1	3	11	
113	7	20	17	45	臺北市	內湖區	內湖區成功路5段大湖公園前	25.08319934	121.6032144	0	0	1	2	8	6	5	14	8	1	5	4	5	13	4	4	1	4	4	2	13	1	9	1	5	1	10	1		1	2	11	
113	7	20	17	46	臺北市	中山區	中山區北安路與自強隧道(外)口	25.0852296	121.5503072	0	0	1	2	8	7	5	18	9	1	5	4	5	13	4	4	7	4	5	2	12	1	8	1	5	1	10	1		2	2	12	
113	7	20	18	0	臺北市	文山區	文山區羅斯福路5段與萬盛街口口(萬盛街15號旁)	25.0074989	121.5391369	0	0	1	2	8	6	5	3	1	1	5	4	5	13	4	4	9	5	5	2	16	1	6	1	7	1	8	1		1	3	8	
113	7	20	18	12	臺北市	中山區	中山區濱江街309號	25.0502245	121.5210411	0	0	1	2	8	7	5	14	9	1	5	5	5	13	4	4	1	4	1	2	18	1	9	1	5	1	10	1		3	2	12	
113	7	20	18	15	臺北市	信義區	信義區松信路與永吉路180巷67弄口	25.0436154	121.5719814	0	0	1	2	8	7	5	14	9	1	5	4	5	13	4	4	9	4	5	2	17	1	7	1	7	2	8	1		1	3	6	
113	7	20	18	23	臺北市	松山區	松山區健康路與塔悠路口	25.0544838	121.5696901	0	0	1	2	8	7	5	4	1	1	5	4	5	13	1	1	1	4	4	2	16	1	6	1	7	1	8	1		1	3	2	
113	7	20	18	28	臺北市	大安區	大安區光復南路與光復南路180巷口	25.04847309	121.5183568	0	0	2	3	8	6	5	3	2	1	5	4	5	13	4	4	1	4	5	2	16	1	6	1	7	1	8	1		1	3	17	
113	7	20	18	36	臺北市	大同區	大同區錦西街48號	25.0603028	121.5201804	0	0	1	2	8	5	5	14	9	1	5	4	5	13	4	4	5	4	5	1	14	4	2	1	3	4	8	1		1	3	6	
113	7	20	18	38	臺北市	松山區	松山區復興南路1段39號	25.045112	121.5451344	0	0	2	3	8	5	5	14	9	1	5	4	5	13	4	4	1	4	5	2	12	1	8	1	7	1	8	1		2	3	2	
113	7	20	19	37	臺北市	中山區	中山區長安東路2段與建國北路1段口	25.04857	121.5369358	0	0	1	2	8	5	5	4	1	1	5	4	5	13	2	1	1	5	5	2	12	1	8	1	7	1	8	1		1	3	5	
113	7	20	20	40	臺北市	內湖區	內湖區文德路22巷44弄18號旁	25.07684088	121.5807862	0	0	1	2	8	5	5	14	9	1	5	4	5	13	4	4	10	5	5	2	3	1	9	1	6	1	10	1		1	3	11	
113	7	20	20	53	臺北市	內湖區	內湖區成功路4段54號	25.067884	121.5913243	0	0	1	3	8	6	5	14	9	1	5	4	5	13	2	1	9	4	5	2	17	1	14	1	7	1	8	1		2	3	5	
113	7	20	21	0	臺北市	中山區	中山區中山北路2段與南京東路1段口	25.0525583	121.522664	0	0	1	2	7	5	5	4	1	1	5	4	5	13	1	1	5	4	5	2	16	4	8	1	3	2	8	1		1	3	2	
113	7	20	21	0	臺北市	大同區	大同區延平北路3段與延平北路3段18巷口	25.0644702	121.5112598	0	0	1	2	7	5	5	4	18	1	5	4	5	13	4	4	5	4	5	2	3	4	9	1	3	2	8	1		1	3	1	
113	7	20	21	4	臺北市	文山區	文山區木新路3段與中崙路口	24.98264681	121.5648882	0	0	1	2	8	5	5	3	2	1	5	4	5	13	4	4	10	5	5	2	3	4	9	1	3	2	10	1		1	3	11	
113	7	20	21	59	臺北市	中正區	中正區中華路2段與汀州路1段口	25.0330533	121.505165	0	0	1	2	8	5	5	4	1	1	5	4	5	13	1	1	5	4	4	2	16	4	5	1	7	1	8	1		1	3	8	
113	7	20	22	18	臺北市	大同區	大同區民權西路與承德路3段口	25.06298276	121.518392	0	0	1	2	7	5	5	4	2	1	5	4	5	13	1	1	1	4	5	2	17	1	6	1	5	2	10	1		1	3	12	
113	7	20	23	47	臺北市	大安區	大安區仁愛路4段與安和路1段口	25.0380212	121.5514741	0	0	1	2	8	5	5	4	1	1	5	4	5	13	2	1	1	4	5	2	17	1	6	1	7	1	1	1		1	3	17	
113	7	21	1	15	臺北市	南港區	南港區忠孝東路7段99號對面	25.050994	121.5982768	0	0	1	2	7	5	5	14	8	1	5	4	5	13	4	4	1	4	4	2	13	1	9	1	5	2	10	1		1	2	12	
113	7	21	6	17	臺北市	南港區	南港區市民大道7段與昆陽街口	25.0510896	121.5930913	0	0	1	2	8	7	5	4	2	1	5	4	5	13	1	1	1	3	5	2	13	1	15	1	7	1	8	1		1	3	5	
113	7	21	6	52	臺北市	北投區	北投區懷德街56巷與榮華三路41巷口	25.1127497	121.5204206	0	0	2	3	8	6	5	4	1	1	5	4	5	13	4	4	10	5	5	2	17	1	9	1	7	2	8	1		2	3	5	
113	7	21	8	10	臺北市	內湖區	內湖區堤外便道西向東	25.05818125	121.5894764	0	0	2	2	8	6	7	14	23	1	5	4	5	13	4	4	9	5	5	2	17	1	5	8	2	1	20	1		1	2	15	
113	7	21	8	49	臺北市	信義區	信義區和平東路3段463巷與和平東路3段435巷7弄口	25.01878198	121.5593236	0	0	1	2	8	6	5	3	1	1	5	4	5	13	4	4	10	5	5	2	16	1	5	1	6	1	10	1		2	2	11	
113	7	21	9	0	臺北市	士林區	士林區忠誠路2段70巷與忠誠路2段口	25.04847309	121.5183568	0	0	1	2	8	6	5	3	2	1	5	4	5	13	4	4	1	4	4	1	17	1	6	1	7	2	8	1		2	3	4	
113	7	21	9	4	臺北市	大同區	大同區環河北路2段181號	25.0683101	121.5091874	0	0	1	2	8	7	5	22	9	1	5	4	5	13	4	4	1	4	5	2	17	4	7	1	3	1	8	1		2	3	5	
113	7	21	9	11	臺北市	松山區	松山區八德路2段424號	25.0481618	121.5477885	0	0	1	2	8	5	5	14	9	1	5	4	5	13	1	1	4	3	5	2	12	4	1	1	3	1	4	1		1	3	4	
113	7	21	9	35	臺北市	中正區	中正區廈門街135巷4-2號	25.0222246	121.5179296	0	0	1	6	8	7	5	14	9	5	5	4	5	13	4	4	10	5	5	2	17	1	1	1	5	1	10	1		1	2	14	
113	7	21	10	35	臺北市	萬華區	萬華區昆明街與昆明街187巷口	25.039463	121.5041807	0	0	1	2	8	5	5	4	1	1	5	4	5	13	4	4	10	4	5	2	12	1	15	1	7	1	8	1		1	3	2	
113	7	21	10	51	臺北市	大安區	大安區大安路1段與敦化南路1段190巷口	25.0426702	121.546179	0	0	1	2	8	5	5	4	1	1	5	4	5	13	4	4	10	4	5	2	15	1	9	1	5	1	10	1		2	2	11	
113	7	21	10	53	臺北市	中正區	中正區市民大道2段華山狗公園活動區前	25.0477537	121.5237407	0	0	1	2	8	6	8	22	22	1	5	4	5	13	4	4	1	4	5	2	16	1	5	1	6	2	10	1		2	2	14	
113	7	21	12	56	臺北市	中山區	中山區林森北路與林森北路353巷口	25.0570319	121.525408	0	0	2	3	8	7	5	4	1	1	5	4	5	13	4	4	9	4	5	2	15	1	9	1	5	1	10	1		2	3	12	
113	7	21	13	27	臺北市	大安區	大安區市民大道4段26號迴轉道	25.0449405	121.5454303	0	0	2	2	8	6	5	14	9	1	5	4	5	13	4	4	1	4	5	2	16	1	5	1	6	1	10	1		1	2	13	
113	7	21	13	30	臺北市	士林區	士林區承德路5段與士商路口	25.09610577	121.5141294	0	0	1	2	8	7	5	4	1	1	5	4	5	13	2	1	1	4	5	2	16	1	6	1	6	1	10	1		2	3	12	
113	7	21	14	20	臺北市	士林區	士林區社中街與社正路45巷口	25.0904971	121.509678	0	0	1	2	8	6	5	5	1	1	5	4	5	13	4	4	10	5	5	2	17	1	9	1	6	1	10	1		1	3	17	
113	7	21	14	52	臺北市	大同區	大同區長安西路與重慶北路1段口	25.0518762	121.5132534	0	0	3	3	8	6	5	4	1	1	5	4	5	13	2	1	1	4	5	2	17	4	5	1	5	1	10	1		2	2	12	
113	7	21	14	59	臺北市	大安區	大安區光復南路與延吉街口	25.03386138	121.5573609	0	0	2	3	8	6	5	3	1	1	5	4	5	13	4	4	9	4	5	1	16	4	6	1	3	1	8	1		1	3	5	
113	7	21	15	11	臺北市	信義區	信義區吳興街156巷與吳興街口	25.0292779	121.5617909	0	0	1	2	8	7	5	4	1	1	5	4	5	13	1	1	9	4	5	2	16	1	5	1	5	1	10	1		1	3	12	
113	7	21	15	15	臺北市	萬華區	萬華區雙園街與雙園街89巷口	25.03158	121.492266	0	0	2	3	8	6	5	3	2	1	5	4	5	13	4	4	9	5	5	2	17	1	9	1	6	1	10	1		1	3	11	
113	7	21	15	20	臺北市	士林區	士林區文林路615巷建德橋與文林北路5巷口	25.1000304	121.5178336	0	0	1	2	8	6	5	3	1	1	5	4	5	13	4	4	5	5	5	2	17	4	4	1	3	1	10	1		1	2	11	
113	7	21	15	27	臺北市	中山區	中山區長春路與松江路口	25.0547632	121.5331623	0	0	2	2	8	6	5	4	1	1	5	4	5	13	2	1	5	4	5	2	15	1	9	1	6	2	10	1		1	2	12	
113	7	21	16	17	臺北市	北投區	北投區幽雅路18號	25.1375476	121.5139226	0	0	2	3	8	7	5	11	9	1	5	4	5	13	4	4	10	5	5	2	11	4	9	1	3	2	8	1		1	3	8	
113	7	21	16	28	臺北市	信義區	信義區信義路5段1號	25.0330463	121.5607802	0	0	1	2	8	7	5	14	9	1	5	4	5	13	1	1	9	4	5	2	13	1	9	1	5	2	10	1		1	2	11	
113	7	21	16	43	臺北市	中山區	中山區長安西路與長安西路19巷2弄口	25.0501961	121.5202535	0	0	1	2	8	6	5	3	1	1	5	4	5	13	2	1	9	5	5	2	16	4	6	1	7	1	8	1		1	3	5	
113	7	21	16	59	臺北市	萬華區	萬華區昆明街96巷20號	25.04489761	121.5041531	0	0	2	2	8	7	5	14	9	1	5	4	5	13	4	4	10	5	5	2	9	5	17	8	4	10	20	1		1	2	16	
113	7	21	17	8	臺北市	內湖區	內湖區東湖路43巷與東湖路113巷5弄口口	25.06928024	121.6141002	0	0	4	4	8	5	5	3	2	1	5	4	5	13	4	4	10	5	5	2	16	1	5	1	5	1	11	1		2	2	14	
113	7	21	17	17	臺北市	北投區	北投區泉源路1204901號燈桿	25.14137718	121.5102323	0	0	1	2	8	6	5	11	9	1	5	4	5	13	4	4	10	5	5	2	10	1	10	1	7	2	8	1		1	3	8	
113	7	21	17	24	臺北市	大安區	大安區仁愛路4段與仁愛路4段266巷口	25.0375745	121.5530374	0	0	1	2	8	6	5	4	1	1	5	4	5	13	1	1	10	5	5	2	16	1	6	1	7	1	10	1		1	3	2	
113	7	21	18	15	臺北市	萬華區	萬華區西園路1段與廣州街口	25.0368518	121.499365	0	0	2	3	8	6	5	4	2	1	5	4	5	13	2	1	5	4	5	2	17	1	1	1	7	1	2	1		1	3	5	
113	7	21	18	43	臺北市	松山區	松山區八德路4段與光復北路口	25.048286	121.5579322	0	0	2	3	8	5	5	4	1	1	5	4	5	13	2	1	1	4	5	2	15	1	15	1	5	1	10	1		1	2	12	
113	7	21	18	47	臺北市	萬華區	萬華區康定路與環河南路1段口	25.0459915	121.5030379	0	0	1	2	7	5	5	3	2	1	5	4	5	13	2	1	5	4	5	2	12	1	9	1	7	1	4	1		1	3	2	
113	7	21	19	17	臺北市	南港區	南港區南深路與南深路19巷口	25.0382828	121.6213217	0	0	1	2	8	6	5	3	2	1	5	4	5	13	4	4	5	2	4	2	13	1	5	1	5	2	10	1		1	2	13	
113	7	21	21	15	臺北市	中山區	中山區市民大道3段與新生北路1段62巷口	25.0460316	121.5310644	0	0	1	2	8	5	5	4	2	1	5	4	5	13	1	1	9	4	5	2	12	1	8	1	7	1	8	1		2	3	8	
113	7	21	22	16	臺北市	士林區	士林區劍南路與劍南路口第1107378路燈桿	25.09265312	121.5536785	0	0	6	9	7	5	5	14	9	1	5	4	5	13	4	4	10	4	5	1	17	1	9	1	5	2	10	1		1	3	11	
113	7	21	22	30	臺北市	士林區	士林區重陽橋機車道(中正路666號旁)	25.08614102	121.5067968	0	0	3	3	7	5	5	14	11	1	5	4	5	13	4	4	1	4	1	2	13	4	9	1	3	1	10	1		1	2	11	
113	7	21	22	45	臺北市	士林區	士林區文林路341號	25.0927198	121.5256918	0	0	2	2	8	5	5	14	9	1	5	4	5	13	4	4	9	5	5	2	17	1	5	1	6	2	9	1		1	2	14	
113	7	21	23	27	臺北市	北投區	北投區榮華三路與磺溪便道口	25.1137302	121.5252606	0	0	1	2	8	5	5	4	1	1	5	4	5	13	4	4	5	5	5	2	3	1	9	1	6	1	10	1		2	3	11	
113	7	22	7	33	臺北市	大同區	大同區南京西路與承德路1段口	25.0533142	121.5173615	0	0	1	2	8	7	5	4	2	1	5	4	5	13	2	1	1	4	5	2	12	1	7	1	6	2	11	1		2	2	11	
113	7	22	7	48	臺北市	內湖區	內湖區內湖路1段411巷與內湖路1段411巷9弄口	25.0821274	121.5710968	0	0	1	2	8	5	5	4	1	1	5	4	5	13	4	4	5	5	5	1	15	1	9	1	6	1	10	1		1	3	11	
113	7	22	7	49	臺北市	大同區	大同區延平北路2段與延平北路2段36巷口	25.0549385	121.511685	0	0	1	3	8	7	5	3	1	1	5	4	5	13	4	4	5	4	5	2	15	4	11	1	3	2	4	1		1	3	1	
113	7	22	7	50	臺北市	南港區	南港區興中路與興中路28巷口	25.0556469	121.6076642	0	0	1	2	8	7	7	3	2	1	5	4	5	13	4	4	9	5	5	2	16	4	6	1	3	1	8	1		1	3	1	