年	月	日	時	分	縣市	行政區	allLocation	GoogleLat	GoogleLng	死	2-30	受傷	當事人數	天候	道路照明設備	道路類別	道路型態	事故位置	路面狀況1	路面狀況2	路面狀況3	道路障礙1	道路障礙2	號誌1	號誌2	車道劃分-分向	車道劃分-分道1	車道劃分-分道2	車道劃分-分道3	事故類型及型態	行動電話	當事者行動狀態	駕駛資格情形	保護裝置	飲酒情形	駕駛執照種類	個人肇逃否	肇因碼-主要	性別	受傷程度	車輛撞擊部位1	車輛撞擊部位2
113	7	22	7	55	臺北市	南港區	南港區經貿一路55號	25.0559602	121.6198854	0	0	1	3	8	7	5	14	9	1	5	4	5	13	1	1	5	4	5	2	17	4	14	1	3	1	4	1		1	3	2	
113	7	22	8	5	臺北市	中山區	中山區民族東路512巷與民族東路512巷13弄口	25.06680775	121.5420119	0	0	1	2	8	7	8	4	2	1	5	4	5	13	4	4	10	5	5	2	1	1	9	1	7	2	8	1		1	3	5	
113	7	22	8	5	臺北市	中山區	中山區民權東路3段與龍江路口	25.0622559	121.5406549	0	0	1	2	8	6	5	4	1	1	5	4	5	13	2	1	1	4	4	2	12	1	9	1	6	9	10	1		2	3	14	
113	7	22	8	15	臺北市	內湖區	內湖區康寧路3段165巷與康寧路3段165巷14弄口	25.0709879	121.6118588	0	0	1	2	8	6	5	3	2	1	5	4	5	13	4	4	10	5	5	2	17	1	5	1	7	1	8	1		1	3	4	
113	7	22	8	26	臺北市	信義區	信義區松仁路與松仁路253巷口	25.0254491	121.5691184	0	0	1	2	8	6	5	4	1	1	5	4	5	13	3	1	5	4	5	2	16	1	5	1	7	1	2	1		1	3	1	
113	7	22	8	38	臺北市	北投區	北投區大度路3段往台北方向第651003號燈桿旁	25.1231047	121.4669036	0	0	1	2	8	6	5	14	9	1	5	4	5	13	4	4	1	4	5	2	12	1	7	1	5	2	10	1		2	2	12	
113	7	22	8	49	臺北市	文山區	文山區辛亥路4段與辛亥路4段202巷口口	25.0026984	121.5557814	0	0	1	2	8	6	5	3	1	1	5	4	5	13	4	4	1	4	5	2	16	1	11	1	7	1	8	1		1	3	2	
113	7	22	9	0	臺北市	南港區	南港區忠孝東路7段與研究院路1段口	25.0534427	121.6163831	0	0	2	3	8	7	7	3	2	1	5	4	5	13	2	1	1	4	5	2	12	4	7	1	6	1	10	1		1	2	14	
113	7	22	9	26	臺北市	大安區	大安區信義路4段186巷與安和路2段32巷口	25.0317397	121.5515741	0	0	3	3	8	5	6	4	1	1	5	4	5	13	4	4	10	5	5	2	15	4	9	1	3	2	10	1		1	2	11	
113	7	22	9	43	臺北市	內湖區	內湖區民權東路6段與民權東路6段11巷口	25.06679442	121.5784814	0	0	1	2	8	6	5	14	9	1	5	4	5	13	2	1	1	4	5	2	17	1	12	1	7	1	8	1		2	3	7	
113	7	22	9	56	臺北市	大安區	大安區基隆路4段與羅斯福路4段口口	25.0108969	121.5372872	0	0	2	3	8	6	5	5	2	1	5	4	5	13	2	1	8	3	5	1	17	4	15	1	3	1	10	1		1	2	13	
113	7	22	10	9	臺北市	大同區	大同區環河北路1段與南京西路口	25.05373373	121.507502	0	0	1	2	8	6	5	5	1	1	5	4	5	13	2	1	1	4	5	2	17	1	6	1	7	1	8	1		1	3	6	
113	7	22	10	24	臺北市	內湖區	內湖區民權東路6段與民權東路6段11巷口	25.0668293	121.5783653	0	0	1	2	8	6	5	4	2	1	5	4	5	13	2	1	3	4	5	2	17	1	7	1	7	2	8	1		2	3	6	
113	7	22	10	38	臺北市	松山區	松山區長春路與敦化北路120巷7弄口	25.0544881	121.5478965	0	0	1	2	8	6	5	4	1	1	5	4	5	13	4	4	4	4	5	2	16	1	9	1	7	1	4	1		1	3	4	
113	7	22	10	40	臺北市	南港區	南港區昆陽街14號旁	25.0535825	121.592466	0	0	1	2	8	7	5	14	9	1	5	4	5	13	4	4	9	4	5	2	17	4	9	1	3	1	10	1		1	2	17	
113	7	22	10	41	臺北市	大安區	大安區泰順街與泰順街39巷口	25.02292699	121.5312372	0	0	1	2	8	7	5	4	1	1	5	4	5	13	4	4	10	5	5	2	15	1	9	1	6	1	10	1		2	2	12	
113	7	22	10	47	臺北市	北投區	北投區明德路365號旁	25.11750044	121.5219821	0	0	2	3	8	6	5	14	9	1	5	4	5	13	4	4	5	5	5	2	17	1	9	8	4	9	20	1		1	2	11	
113	7	22	11	35	臺北市	士林區	士林區天母北路與天母北路87巷2弄口	25.122582	121.5267436	0	0	1	2	8	7	5	4	1	1	5	4	5	13	4	4	9	5	5	2	9	4	1	1	3	9	2	1		1	3	6	
113	7	22	11	43	臺北市	大同區	大同區大龍街與大龍街187巷口	25.0691865	121.5159471	0	0	3	3	8	6	5	3	2	1	5	4	5	13	4	4	10	3	5	1	16	1	6	8	4	1	20	1		1	2	12	
113	7	22	11	46	臺北市	信義區	信義區吳興街269巷與吳興街269巷1弄口	25.0270281	121.5643193	0	0	2	3	8	6	5	3	1	1	5	4	5	13	4	4	10	5	5	2	17	1	15	8	4	1	20	1		1	3	14	
113	7	22	12	3	臺北市	內湖區	內湖區安泰街17號前	25.07342292	121.6190544	0	0	1	2	8	6	5	14	9	5	5	4	5	13	4	4	10	5	5	2	17	4	5	1	3	9	6	2		1	3	17	
113	7	22	12	46	臺北市	大安區	大安區瑞安街與瑞安街180巷口	25.0285534	121.5412055	0	0	1	2	8	6	5	5	1	1	5	4	5	13	2	1	5	5	5	2	12	1	9	8	2	1	20	1		2	2	14	
113	7	22	12	53	臺北市	大同區	大同區大龍街與重慶北路3段243巷口	25.0713185	121.5158558	0	0	1	2	8	5	5	3	2	1	5	4	5	13	4	4	9	4	5	1	17	4	5	1	2	1	8	1		1	3	8	
113	7	22	13	5	臺北市	北投區	北投區文林北路75巷與北科路口	25.1045359	121.5168331	0	0	1	2	8	6	5	4	1	1	5	4	5	13	3	1	5	4	5	1	15	1	9	2	5	1	18	1		2	2	11	14
113	7	22	13	20	臺北市	中正區	中正區中華路2段465號	25.0244436	121.5109936	0	0	1	2	8	7	5	14	9	1	5	4	5	13	3	1	5	5	5	2	17	1	1	1	7	1	8	1		1	3	8	
113	7	22	13	20	臺北市	北投區	北投區承德路7段236號	25.1155114	121.5060908	0	0	1	2	8	5	5	14	7	1	5	4	5	13	4	4	3	4	4	2	13	1	7	1	7	2	8	1		1	3	5	
113	7	22	13	21	臺北市	士林區	士林區中正路與文林路口	25.0949605	121.5245202	0	0	2	3	7	7	5	4	1	1	5	4	5	13	2	1	1	5	5	1	17	1	9	5	5	1	9	1		1	2	11	
113	7	22	13	41	臺北市	松山區	松山區光復北路66號	25.04988858	121.5577896	0	0	1	2	8	7	5	14	9	1	5	4	5	13	4	4	9	4	5	2	13	1	10	1	7	1	8	1		1	3	5	
113	7	22	13	46	臺北市	松山區	松山區光復北路66號	25.04948554	121.557995	0	0	1	2	7																					1				1			
113	7	22	14	45	臺北市	大同區	大同區延平北路2段133號	25.0576804	121.5115716	0	0	1	2	8	7	5	14	9	1	5	4	5	13	4	4	9	4	5	2	15	1	11	1	7	1	8	1		1	3	7	
113	7	22	14	50	臺北市	內湖區	內湖區民權東路6段與民權東路6段163巷口	25.06846048	121.5957761	0	0	1	2	8	6	5	3	2	1	5	4	5	13	4	4	1	4	4	2	17	1	15	1	7	2	8	1		1	3	8	
113	7	22	14	52	臺北市	大同區	大同區民權西路與蘭州街口	25.0631853	121.5155689	0	0	2	2	8	6	5	4	1	1	5	4	5	13	2	1	1	4	5	2	17	4	7	1	5	1	10	1		2	2	14	
113	7	22	15	44	臺北市	士林區	士林區中山北路5段與至誠路2段口	25.1009957	121.5264985	0	0	1	2	7	6	5	4	2	1	5	4	5	13	3	1	8	3	5	1	16	4	5	1	3	1	8	1		2	3	8	
113	7	22	15	50	臺北市	士林區	士林區中山北路6段與克強路口	25.1087193	121.5253075	0	0	1	2	8	7	8	3	2	1	5	4	5	13	1	1	1	4	5	2	12	4	8	1	3	1	10	1		2	2	14	
113	7	22	15	53	臺北市	中正區	中正區北平西路與館前路口西區地下停車場入口	25.0475124	121.5153207	0	0	1	2	8	5	5	3	2	1	5	4	4	13	4	4	5	4	5	1	17	1	5	1	7	2	8	1		2	3	4	
113	7	22	16	5	臺北市	大安區	大安區復興南路1段297號	25.0348868	121.5442596	0	0	1	2	8	6	5	14	9	1	5	4	5	13	4	4	1	4	5	2	12	4	7	1	3	1	8	1		1	3	5	
113	7	22	16	15	臺北市	中山區	中山區復興北路164號	25.05345753	121.5439732	0	0	1	2	8	5	5	14	9	1	5	4	5	13	4	4	1	4	5	2	16	4	7	1	3	1	8	1		1	3	5	
113	7	22	16	29	臺北市	中山區	中山區民權西路與民權西路9巷口	25.0628699	121.5219737	0	0	2	3	8	6	5	3	1	1	5	4	5	13	4	4	3	4	5	2	17	1	9	1	6	2	10	1		1	2	12	
113	7	22	16	48	臺北市	信義區	信義區市民大道5段與基隆路1段口	25.0489319	121.5686943	0	0	2	2	8	6	8	4	2	1	5	4	5	13	2	1	1	4	4	2	13	1	9	1	6	1	10	1		2	2	11	
113	7	22	16	54	臺北市	中正區	中正區和平西路1段與重慶南路3段口口	25.0272438	121.5164123	0	0	1	2	8	6	5	5	1	1	5	4	5	13	1	1	1	4	5	2	13	1	9	6	6	2	18	1		1	2	11	
113	7	22	17	4	臺北市	文山區	文山區景明街與羅斯福路5段269巷口	25.0015379	121.5409664	0	0	1	2	8	6	5	4	1	1	5	4	5	13	4	4	10	5	5	2	15	1	9	1	7	2	8	1		1	3	1	
113	7	22	17	17	臺北市	信義區	信義區虎林街212巷58號	25.0368892	121.5754388	0	0	2	3	8	5	5	14	9	1	5	4	5	13	4	4	10	5	5	2	11	1	9	1	5	1	10	1		1	3	14	
113	7	22	17	26	臺北市	大安區	大安區辛亥路2段與和平東路2段96巷口	25.0216046	121.5398814	0	0	1	2	8	6	5	14	7	1	5	4	5	13	4	4	1	4	4	1	12	4	7	1	3	2	10	1		2	2	14	
113	7	22	17	26	臺北市	萬華區	萬華區桂林路與桂林路29巷口	25.03788421	121.5047602	0	0	2	3	8	5	5	4	1	1	5	4	5	13	4	4	8	3	4	2	13	4	9	1	5	1	10	1		1	2	11	
113	7	22	17	39	臺北市	大安區	大安區和平東路1段與和平東路1段41巷口	25.0270952	121.5236252	0	0	1	3	8	5	5	14	9	1	5	4	5	13	4	4	1	4	5	2	13	1	9	1	6	2	10	1		1	3	11	
113	7	22	17	45	臺北市	信義區	信義區松智路與松壽路口	25.0357909	121.5661323	0	0	2	3	8	6	8	4	2	1	5	4	5	13	2	1	9	4	5	2	17	1	11	1	7	1	4	1		1	3	5	
113	7	22	17	57	臺北市	信義區	信義區永吉路326巷42號	25.04414225	121.575431	0	0	1	2	7	5	5	14	9	1	5	4	5	13	4	4	10	4	5	2	17	1	15	1	7	1	8	1		1	3	5	
113	7	22	17	58	臺北市	中正區	中正區中山南路與徐州路口	25.04176884	121.5185836	0	0	1	2	8	6	5	3	1	1	5	4	5	13	1	1	10	4	5	2	13	4	9	1	7	2	8	1		1	3	1	
113	7	22	18	0	臺北市	中山區	中山區市民大道3段與新生北路1段口	25.04601324	121.5307313	0	0	2	2	7	7	5	4	2	1	5	4	5	13	1	1	1	3	5	1	12	1	9	1	5	1	10	1		2	2	11	
113	7	22	18	0	臺北市	松山區	松山區堤頂大道與環東大道口匯流處	25.04911076	121.5692385	0	0	1	2	8	7	5	10	7	1	5	4	5	13	3	1	9	4	5	2	17	1	8	1	7	1	8	1		1	3	8	
113	7	22	18	1	臺北市	大安區	大安區仁愛路4段與安和路1段口	25.0376045	121.5512697	0	0	1	2	7	5	5	4	1	1	5	4	5	13	2	1	1	3	1	1	17	1	6	1	7	1	8	1		2	3	17	
113	7	22	18	10	臺北市	內湖區	內湖區民權東路6段26號	25.06693928	121.5795888	0	0	1	2	8	6	5	14	9	1	5	4	5	13	4	4	1	4	5	2	17	1	8	1	7	1	8	1		1	3	5	
113	7	22	18	20	臺北市	內湖區	內湖區民權東路6段56巷與民權東路6段56巷5弄口	25.0681354	121.5848898	0	0	1	3	7	5	5	3	1	1	5	4	5	13	4	4	4	3	4	1	17	4	9	1	3	1	10	1		2	2	11	
113	7	22	18	21	臺北市	中山區	中山區龍江路329號	25.06270124	121.5409175	0	0	1	2	8	5	5	14	9	1	5	4	5	13	4	4	5	4	5	2	16	4	1	1	3	1	10	1		2	2	14	
113	7	22	18	28	臺北市	信義區	信義區信義路5段與松德路口	25.0339246	121.574484	0	0	1	2	8	7	5	5	2	1	5	4	5	13	1	1	1	2	5	2	12	4	7	1	3	1	10	1		1	2	14	
113	7	22	18	41	臺北市	中山區	中山區北安路與大直街口	25.07995503	121.5473913	0	0	2	3	8	6	5	5	1	1	5	4	5	13	2	1	3	4	5	2	17	1	6	1	7	1	8	1		1	3	2	
113	7	22	18	47	臺北市	信義區	信義區基隆路1段與市民大道5段口口	25.0489274	121.5686812	0	0	2	2	7	7	5	4	4	1	5	4	5	13	2	1	1	4	5	2	13	1	9	1	6	2	10	1		1	2	12	
113	7	22	19	12	臺北市	士林區	士林區中正路與基河路口	25.0933866	121.5198891	0	0	1	2	8	5	5	4	2	1	5	4	5	13	2	1	5	4	5	2	17	1	6	1	7	9	8	1		1	3	8	
113	7	22	19	16	臺北市	大安區	大安區市民大道3段310號	25.04470483	121.543574	0	0	3	3	7	5	5	14	9	1	5	4	5	13	2	1	8	3	5	1	13	1	9	1	5	2	10	1		1	2	11	
113	7	22	19	30	臺北市	北投區	北投區大度路1段與中央北路2段257巷口北投往淡水(東往西)	25.122087	121.4859385	0	0	1	2	8	5	5	4	2	1	5	4	5	13	1	1	9	4	4	1	17	1	9	1	7	9	3	1		1	3	1	
113	7	22	19	50	臺北市	大安區	大安區安居街6號	25.0212683	121.5552236	0	0	1	2	8	5	5	14	9	1	5	4	5	13	4	4	9	5	5	2	3	4	9	1	3	2	8	1		1	3	1	
113	7	22	20	16	臺北市	大同區	大同區承德路3段與敦煌路口	25.0752765	121.5200427	0	0	1	2	8	5	5	4	2	1	5	4	5	13	2	1	1	4	5	2	17	4	9	1	3	2	10	1		1	2	14	
113	7	22	20	18	臺北市	信義區	信義區信義路6段20號	25.0339347	121.5751328	0	0	2	3	7	5	5	14	9	1	5	4	5	13	4	4	5	4	5	1	17	1	8	1	6	1	10	1		1	2	14	
113	7	22	20	18	臺北市	大安區	大安區大安路1段與大安路1段16巷口	25.0443241	121.546192	0	0	1	3	8	5	5	4	2	1	5	4	3	10	4	4	10	4	5	2	17	4	5	1	3	1	10	1		2	3	13	
113	7	22	21	50	臺北市	信義區	信義區松壽路與松高路20巷口	25.035818	121.5676627	0	0	1	2	7	5	5	4	1	1	5	4	5	13	4	4	5	4	5	2	16	1	5	1	6	2	10	1		1	2	12	
113	7	22	22	9	臺北市	士林區	士林區德行西路54-1號與磺溪街口	25.1053189	121.5228588	0	0	2	2	8	5	5	3	2	1	5	4	5	13	2	1	4	3	4	2	16	1	1	1	5	2	10	1		1	2	11	
113	7	22	22	27	臺北市	北投區	北投區裕民二路33巷與裕民六路口	25.1153078	121.517506	0	0	1	2	8	5	5	3	1	1	5	4	5	13	1	1	9	4	5	2	17	4	5	1	3	9	8	1		1	3	4	
113	7	22	23	4	臺北市	中正區	中正區忠孝東路1段與紹興北街口	25.0445181	121.5249773	0	0	1	2	8	5	5	4	1	1	5	4	5	13	1	1	1	4	5	2	17	1	15	1	7	2	8	1		1	3	17	
113	7	22	23	47	臺北市	中正區	中正區重慶南路3段78號	25.0263627	121.5160827	0	0	1	2	8	5	5	14	9	1	5	4	5	13	4	4	1	4	5	2	13	1	9	1	5	2	10	1		2	2	12	
113	7	23	0	55	臺北市	中山區	中山區復興北路84號	25.0511768	121.5439337	0	0	1	3	8	5	5	14	9	1	5	3	5	13	4	4	1	4	5	2	12	1	8	1	6	1	10	1		1	3	14	
113	7	23	1	0	臺北市	中正區	中正區愛國西路與重慶南路1段口	25.0350183	121.512495	0	0	1	3	8	5	5	4	1	1	5	4	5	13	1	1	1	4	5	2	17	1	6	1	7	2	8	1		2	3	2	
113	7	23	4	44	臺北市	南港區	南港區經貿二路62巷西往東南展館第2停車場出入口前	25.0569699	121.6145219	0	0	1	2	6	5	5	14	9	1	4	4	5	13	4	4	5	4	5	2	16	1	5	1	7	2	2	1		1	3	8	
113	7	23	6	24	臺北市	信義區	信義區基隆路1段與基隆路1段101巷口口	25.045411	121.5671484	0	0	1	2	8	7	5	3	1	1	5	4	5	13	1	1	1	4	5	2	18	1	9	1	6	2	10	1		1	2	14	
113	7	23	6	30	臺北市	士林區	士林區萬溪產業道路第11117862號燈桿前	25.13495449	121.5994755	0	0	1	2	7	5	8	22	22	1	4	4	5	13	4	4	10	5	5	1	17	1	9	8	4	1	20	1		1	2	17	
113	7	23	7	14	臺北市	文山區	文山區木柵路1段184號	24.98781363	121.5524957	0	0	1	2	8	6	5	14	9	2	5	4	5	13	4	4	5	4	5	2	17	4	15	1	5	2	10	1		1	2	14	
113	7	23	7	20	臺北市	大安區	大安區辛亥路1段與溫州街口	25.0222073	121.5333283	0	0	2	2	8	6	5	14	9	1	5	4	5	13	4	4	10	5	5	2	12	1	7	8	4	1	20	1		1	2	13	
113	7	23	7	47	臺北市	中正區	中正區貴陽街1段與公園路口	25.0385757	121.515208	0	0	1	2	8	7	5	4	1	1	5	4	5	13	1	1	5	4	5	2	16	1	5	1	5	2	10	1		2	2	11	
113	7	23	8	0	臺北市	南港區	南港區市民大道8段與南港路2段41巷口	25.0527426	121.6033638	0	0	1	2	8	6	5	4	2	1	5	4	5	13	1	1	2	3	5	2	12	4	8	1	3	1	8	1		1	3	6	
113	7	23	8	10	臺北市	士林區	士林區中山北路6段與德行西路口	25.1065413	121.5250755	0	0	2	2	8	6	5	4	1	1	5	4	5	13	1	1	5	4	5	2	17	1	5	1	6	1	10	1		2	2	12	
113	7	23	8	18	臺北市	內湖區	內湖區成美橋成美008標牌	25.0535951	121.5827581	0	0	1	3	8	7	5	8	9	1	5	4	5	13	4	4	5	4	5	2	13	1	12	1	5	9	10	2		2	3	13	
113	7	23	8	32	臺北市	文山區	文山區恆光街61巷5號	24.98161621	121.5674281	0	0	1	3	8	6	5	14	9	2	5	4	5	13	4	4	10	5	5	2	17	4	1	1	3	1	4	1		1	3	4	
113	7	23	9	6	臺北市	大同區	大同區塔城街與忠孝西路2段口	25.0480181	121.5100323	0	0	1	2	8	6	5	5	1	1	5	4	5	13	1	1	1	5	5	2	16	1	9	1	6	2	10	1		1	2	12	
113	7	23	9	12	臺北市	內湖區	內湖區環山路2段53巷1弄20號	25.0853439	121.5732573	0	0	2	2	8	6	5	14	9	1	5	4	5	13	4	4	10	5	5	2	12	1	1	1	6	9	10	1		2	2	11	
113	7	23	9	45	臺北市	信義區	信義區信義路5段100-1號	25.0328215	121.5649903	0	0	1	2	8	7	5	14	9	1	5	4	5	13	4	4	3	4	5	2	12	4	9	1	6	1	10	1		2	3	14	
113	7	23	9	52	臺北市	大安區	大安區建國南路2段與瑞安街244巷口	25.0282011	121.5380074	0	0	1	2	8	6	5	4	1	1	5	4	5	13	4	4	10	5	5	2	15	1	9	1	7	1	8	1		2	3	2	
113	7	23	9	55	臺北市	文山區	文山區興隆路1段與景興路口	24.9987654	121.5444413	0	0	1	2	8	6	5	4	1	1	5	4	5	13	2	1	1	4	5	2	17	1	12	1	6	2	10	1		1	2	14	
113	7	23	10	17	臺北市	萬華區	萬華區西園路2段281巷與西園路2段281巷6弄口	25.0245384	121.4918276	0	0	2	2	8	7	5	5	1	1	5	4	5	13	4	4	9	5	5	2	17	1	9	1	5	1	10	1		1	2	13	
113	7	23	10	18	臺北市	大安區	大安區基隆路2段與光復南路口	25.0296546	121.5573678	0	0	1	2	8	6	5	4	2	1	5	4	5	13	2	1	1	4	5	1	12	4	8	1	3	1	4	1		1	3	5	
113	7	23	10	21	臺北市	士林區	士林區德行東路109巷與士東路46巷口	25.1109006	121.5283828	0	0	2	2	8	5	5	4	1	1	5	4	5	13	4	4	10	5	5	1	15	1	9	1	5	1	10	1		2	2	11	
113	7	23	10	30	臺北市	內湖區	內湖區陽光街345巷8號	25.07282	121.5778221	0	0	1	2	8	5	5	14	9	1	5	4	5	13	4	4	8	3	5	1	17	4	15	1	3	1	8	1		1	3	1	
113	7	23	10	44	臺北市	大安區	大安區基隆路高架道往北045燈桿	25.0147538	121.5415765	0	0	3	5	8	7	5	14	9	1	5	4	5	13	4	4	8	3	5	1	13	1	12	1	7	1	8	1		1	3	1	
113	7	23	11	20	臺北市	內湖區	內湖區瑞光路與江南街71巷16弄口	25.07568647	121.5760345	0	0	1	2	8	6	5	4	2	1	5	4	5	13	2	1	5	4	5	2	17	1	6	1	7	2	8	1		1	3	5	
113	7	23	11	23	臺北市	北投區	(即西安街二段185號前)	25.1194255	121.5114281	0	0	2	2	8	6	5	14	9	1	5	4	5	13	2	1	1	4	5	2	17	1	9	1	6	2	10	1		1	2	11	
113	7	23	11	27	臺北市	大同區	大同區重慶北路1段82號	25.0530762	121.5137917	0	0	1	2	8	6	5	14	9	1	5	4	5	13	4	4	1	4	5	2	17	4	8	7	3	11	19	2		1	4	15	
113	7	23	11	32	臺北市	中山區	中山區新生北路3段與新生北路3段口北往南迴轉道	25.06696971	121.5275853	0	0	1	2	8	7	5	4	1	1	5	4	5	13	2	1	10	5	5	2	17	1	9	1	7	1	8	1		1	3	1	
113	7	23	11	40	臺北市	中正區	中正區南昌路1段與南海路口	25.032398	121.5163196	0	0	1	2	8	7	5	4	1	1	5	4	5	13	2	1	10	4	5	2	16	1	6	1	7	1	8	1		1	3	5	
113	7	23	11	48	臺北市	大同區	大同區忠孝西路2段與西寧北路口	25.0486523	121.5078451	0	0	2	2	8	7	5	4	1	1	5	4	5	13	2	1	1	3	5	2	16	4	9	1	3	2	7	1		1	2	1	
113	7	23	12	37	臺北市	內湖區	內湖區成功路4段234號	25.0846375	121.5969871	0	0	1	2	6	7	5	14	8	1	4	4	5	13	4	4	1	4	4	2	17	1	1	1	7	1	8	1		2	3	8	
113	7	23	13	0	臺北市	大安區	大安區瑞安街208巷41號	25.02979434	121.5405875	0	0	1	2	8	5	5	14	9	1	5	4	5	13	4	4	10	4	5	1	17	1	5	8	4	1	20	1		2	2	14	
113	7	23	13	8	臺北市	松山區	松山區市民大道4段73號	25.0450563	121.5451004	0	0	1	2	8	6	5	14	6	1	5	4	5	13	4	4	1	4	5	2	16	1	5	1	7	1	8	1		1	3	5	
113	7	23	13	29	臺北市	士林區	士林區忠誠路2段10巷與德行東路129巷口	25.10880606	121.5292053	0	0	1	2	7	7	5	4	2	1	5	4	5	13	4	4	10	5	5	1	17	1	9	1	7	2	8	1		1	3	2	
113	7	23	15	6	臺北市	萬華區	萬華區昆明街與開封街2段口	25.0468005	121.5061155	0	0	1	2	7	6	5	4	2	1	5	4	5	13	1	1	8	4	4	2	3	5	16	8	4	10	20	1		2	2	16	
113	7	23	15	10	臺北市	萬華區	萬華區康定路與長沙街2段口	25.04030516	121.5020831	0	0	1	2	7	5	5	4	1	1	5	4	5	13	1	1	5	4	5	2	13	4	8	1	3	11	4	2		1	3	3	
113	7	23	15	20	臺北市	萬華區	萬華區西園路2段與東園街口	25.02823135	121.4952271	0	0	2	2	6	7	5	3	2	1	4	4	5	13	1	1	1	4	5	2	17	1	9	1	5	1	10	1		1	2	11	
113	7	23	15	42	臺北市	萬華區	萬華區東園街與萬大路口	25.02169494	121.498446	0	0	1	3	6	6	5	4	2	1	4	4	3	10	2	1	5	5	5	2	17	1	1	1	5	1	10	1		1	2	14	
113	7	23	15	53	臺北市	中正區	中正區中華路1段與武昌街1段口	25.0442982	121.5090681	0	0	1	3	6	7	5	4	1	1	4	4	5	13	1	1	1	4	5	2	17	1	9	1	5	2	10	1		2	2	14	
113	7	23	16	5	臺北市	中山區	中山區北安路139號對面	25.0779818	121.5333193	0	0	1	2	6	6	5	18	9	1	4	4	5	13	4	4	3	4	5	2	16	1	5	1	7	1	8	1		2	3	5	
113	7	23	16	10	臺北市	松山區	松山區延壽街72巷與健康路325巷5弄口	25.054766	121.5656405	0	0	1	2	7	6	5	4	18	1	4	4	5	13	4	4	5	5	5	2	3	4	6	1	3	2	8	1		1	3	1	
113	7	23	16	20	臺北市	信義區	信義區永吉路與基隆路1段37巷口	25.045788	121.5688535	0	0	1	2	7	6	5	4	1	1	5	4	5	13	2	1	8	3	5	2	17	4	15	1	3	1	8	1		1	3	6	
113	7	23	17	5	臺北市	北投區	北投區建民路與建民路150巷口	25.1104275	121.5192935	0	0	2	2	8	6	5	4	1	1	5	4	5	13	4	4	10	5	5	2	15	1	9	1	5	1	10	1		2	2	11	
113	7	23	17	15	臺北市	士林區	士林區仰德大道2段與仰德大道2段2巷口	25.10190229	121.5396248	0	0	1	2	7	6	5	3	1	1	5	4	5	13	1	1	4	5	5	2	17	1	9	1	6	1	10	1		1	2	14	
113	7	23	17	30	臺北市	南港區	南港區三重路與三重路41巷口	25.0596354	121.6141831	0	0	1	2	8	5	5	3	2	1	5	4	5	13	4	4	5	4	5	2	9	5	20	8	4	11	20	2		4	2	16	
113	7	23	18	8	臺北市	大安區	大安區忠孝東路4段233號	25.0415515	121.553321	0	0	1	3	7	6	5	14	9	1	5	4	5	13	4	4	1	4	5	2	17	4	15	1	3	2	8	1		1	3	2	
113	7	23	18	12	臺北市	北投區	北投區中央北路3段與中央北路3段92巷口	25.1375975	121.4839517	0	0	1	2	7	6	5	3	2	1	5	4	5	13	4	4	5	4	5	2	16	1	11	1	7	2	8	1		1	3	8	
113	7	23	18	30	臺北市	內湖區	內湖區內湖路2段179巷234號對面	25.0843818	121.5840338	0	0	2	2	8	6	5	14	7	1	5	4	5	13	4	4	5	4	4	2	12	1	9	1	6	2	10	1		2	2	11	
113	7	23	18	34	臺北市	內湖區	內湖區瑞湖街與民權東路6段11巷口	25.06758373	121.5765105	0	0	2	3	8	5	5	3	1	1	5	4	5	13	1	1	5	4	5	2	16	1	6	1	6	1	10	1		1	2	14	
113	7	23	18	39	臺北市	中正區	中正區仁愛路2段與臨沂街口	25.03799269	121.52936	0	0	1	3	7	5	5	4	2	1	5	4	3	13	1	1	10	5	5	2	17	4	1	1	6	1	10	1		2	2	11	
113	7	23	19	13	臺北市	信義區	信義區忠孝東路5段683號	25.0418988	121.57967	0	0	1	2	7	5	5	14	9	1	5	4	5	13	4	4	1	4	5	2	12	4	9	1	3	1	8	1		1	3	6	
113	7	23	19	46	臺北市	大安區	大安區建國南路1段307巷與信義路3段111巷口	25.0352054	121.5395146	0	0	1	2	7	5	5	3	1	1	5	4	5	13	4	4	9	4	5	1	17	1	5	1	7	1	8	1		1	3	17	
113	7	23	20	22	臺北市	中山區	中山區吉林路與錦州街口	25.0603733	121.5302512	0	0	1	2	6	5	5	4	1	1	4	4	5	13	1	1	9	4	5	2	2	4	5	1	3	1	8	1		1	3	1	
113	7	23	20	45	臺北市	內湖區	內湖區內湖路2段179巷27號	25.0824796	121.5870358	0	0	1	2	6	5	5	14	9	1	4	4	5	13	4	4	10	5	5	2	13	1	9	1	6	2	10	1		1	2	11	
113	7	23	20	46	臺北市	信義區	信義區基隆路1段35巷7弄與松信路口	25.047979	121.5721953	0	0	1	2	6	6	5	5	2	1	4	4	5	13	2	1	9	4	5	2	2	1	5	1	7	1	8	1		1	3	1	
113	7	23	20	48	臺北市	士林區	士林區承德路4段179巷7號前	25.08749935	121.5229473	0	0	1	2	6	5	5	14	9	1	4	4	5	13	4	4	9	5	5	2	16	1	11	1	7	1	8	1		1	3	5	
113	7	23	20	51	臺北市	大安區	大安區文昌街與文昌街278巷口	25.0322106	121.5565798	0	0	1	2	6	5	5	4	1	1	4	4	5	13	4	4	10	5	5	2	15	1	9	6	5	2	10	1		2	2	12	