年	月	日	時	分	縣市	行政區	allLocation	GoogleLat	GoogleLng	死	2-30	受傷	當事人數	天候	道路照明設備	道路類別	道路型態	事故位置	路面狀況1	路面狀況2	路面狀況3	道路障礙1	道路障礙2	號誌1	號誌2	車道劃分-分向	車道劃分-分道1	車道劃分-分道2	車道劃分-分道3	事故類型及型態	行動電話	當事者行動狀態	駕駛資格情形	保護裝置	飲酒情形	駕駛執照種類	個人肇逃否	肇因碼-主要	性別	受傷程度	車輛撞擊部位1	車輛撞擊部位2
113	7	23	20	59	臺北市	士林區	士林區永平街80巷與永平街46巷1弄口	25.0911362	121.5059992	0	0	2	3	7	5	5	4	1	1	5	4	5	10	4	4	10	5	5	2	15	1	9	1	5	1	10	1		1	2	11	
113	7	23	21	11	臺北市	信義區	信義區忠孝東路5段666號	25.042898	121.581035	0	0	1	2	6	5	5	14	9	1	4	4	5	13	4	4	3	4	5	2	18	1	9	1	6	1	10	1		1	2	14	
113	7	23	21	12	臺北市	信義區	信義區基隆路1段與基隆路1段101巷口	25.0454059	121.5672472	0	0	1	2	7	5	5	3	2	1	4	4	5	13	4	4	5	4	4	2	16	4	6	1	3	1	8	1		2	3	8	
113	7	23	21	58	臺北市	大同區	大同區民權西路與民權西路185巷口	25.0630458	121.5157988	0	0	2	2	6	5	5	3	2	1	4	4	5	13	4	4	1	4	5	2	13	4	9	1	6	1	10	1		1	2	11	
113	7	23	22	18	臺北市	內湖區	內湖區民善街與新湖三路口	25.0626711	121.5748511	0	0	1	2	6	5	5	4	1	1	4	4	5	13	1	1	5	5	5	2	3	1	5	1	7	1	8	1		2	3	8	
113	7	23	22	20	臺北市	中山區	中山區林森北路與民生東路1段口	25.0580554	121.5255237	0	0	1	2	6	5	5	4	1	1	4	4	5	13	1	1	1	3	5	2	2	4	5	1	3	1	8	1		1	3	1	
113	7	23	22	45	臺北市	南港區	南港區忠孝東路6段與東新街口	25.0482251	121.5854167	0	0	2	4	6	5	5	4	2	1	4	4	5	13	2	1	1	4	5	2	13	4	9	3	3	2	18	1		1	2	1	
113	7	23	22	52	臺北市	中山區	中山區南京東路1段林森公園旁	25.05224554	121.5257553	0	0	2	2	6	6	5	14	9	1	4	4	5	13	4	4	1	4	1	2	13	4	9	1	6	1	10	1		2	2	13	
113	7	23	23	16	臺北市	松山區	松山區民生東路3段與民生東路3段107巷口	25.0578652	121.544842	0	0	1	2	7	5	5	3	1	1	4	4	5	13	4	4	1	3	5	2	17	4	9	1	3	11	4	2		1	3	17	
113	7	23	23	30	臺北市	松山區	松山區南京東路5段與塔悠路口	25.05151403	121.5704658	0	0	1	2	6	5	5	4	1	1	4	4	5	13	1	1	9	4	5	2	3	1	9	1	6	1	10	1		2	3	11	
113	7	23	23	36	臺北市	信義區	信義區松仁路與莊敬路口	25.026802	121.5684057	0	0	1	2	6	5	5	4	2	1	4	4	5	13	1	1	9	4	5	2	3	1	5	1	7	2	8	1		2	3	5	
113	7	24	7	57	臺北市	萬華區	萬華區環河南路1段69號	25.0450974	121.5018512	0	0	2	3	6	6	5	14	9	1	4	4	5	13	4	4	8	3	5	1	12	1	10	1	5	1	10	1		1	2	14	14
113	7	24	9	3	臺北市	南港區	南港區研究院路1段71號	25.0528129	121.6162547	0	0	1	2	8	5	5	14	9	1	4	4	5	13	1	1	2	1	5	1	12	4	7	1	3	1	8	1		1	3	4	
113	7	24	9	13	臺北市	萬華區	萬華區環河南路2段環南市場西三門前	25.0341744	121.506037	0	0	1	3	6	6	5	14	9	1	4	4	3	10	4	4	5	4	5	1	17	4	15	1	3	1	10	1		1	3	17	
113	7	24	10	59	臺北市	松山區	松山區三民路與三民路113巷口	25.05802856	121.563437	0	0	1	2	6	7	5	4	1	1	4	4	5	13	2	1	9	5	5	2	2	1	6	1	7	2	8	1		1	3	5	
113	7	24	15	0	臺北市	大安區	大安區基隆路3段與長興街口	25.01709	121.5444178	0	0	1	2	6	6	8	5	1	1	4	4	5	13	1	1	8	3	5	2	12	4	15	1	3	1	8	1		2	3	15	
113	7	24	16	44	臺北市	中正區	中正區杭州南路1段11巷與忠孝東路2段64巷口	25.0429312	121.5285022	0	0	1	2	6	6	5	4	1	1	4	4	5	13	4	4	10	5	5	2	15	1	9	1	6	2	10	1		2	2	11	
113	7	24	23	10	臺北市	萬華區	萬華區康定路與康定路25巷口口	25.0440421	121.5027702	0	0	2	3	6	5	5	4	1	1	4	4	5	13	4	4	10	3	4	1	17	4	5	1	3	2	8	1		1	3	6	
113	7	25	5	20	臺北市	南港區	南港區同德路與東新街口	25.0463724	121.5870752	0	0	3	4	6	5	5	4	2	1	4	4	5	13	1	1	5	5	5	2	3	5	16	8	4	10	20	1		2	2	16	
113	7	25	7	0	臺北市	信義區	信義區基隆路2段131號	25.0278637	121.5564427	0	0	1	3	6	6	5	14	9	1	4	4	5	13	4	4	1	4	5	1	17	4	9	1	3	2	3	1		1	2	8	
113	7	25	10	23	臺北市	大安區	大安區和平東路3段與基隆路2段口	25.024021	121.5522857	0	0	1	2	6	7	5	5	1	1	3	4	5	13	1	1	3	3	5	2	16	1	6	1	7	1	8	1		1	3	5	
113	7	25	10	55	臺北市	萬華區	萬華區長沙街2段73號	25.04057537	121.5051785	0	0	1	2	6	7	5	14	9	1	4	4	5	13	4	4	5	5	5	2	3	1	9	1	7	1	4	1		1	3	4	
113	7	25	11	26	臺北市	萬華區	萬華區昆明街與成都路口	25.0430826	121.5047407	0	0	1	2	6	6	5	4	2	1	4	4	5	13	2	1	7	4	5	2	9	1	5	1	7	1	8	1		2	3	5	
113	7	25	14	37	臺北市	中山區	中山區民權東路1段12巷與民權東路1段口口	25.0626504	121.5235462	0	0	2	3	6	7	5	3	2	1	4	4	5	13	4	4	1	4	4	2	17	4	6	1	3	1	4	1		1	3	6	
113	7	25	14	46	臺北市	中正區	中正區和平西路1段64號	25.0264174	121.5194032	0	0	1	2	6	7	5	14	8	1	4	4	5	13	4	4	1	4	4	2	13	1	9	1	5	1	9	1		1	2	11	
113	7	25	16	25	臺北市	大同區	大同區市民大道1段203號	25.04860626	121.5181027	0	0	3	4	6	6	5	14	9	1	4	4	5	13	4	4	8	3	5	2	17	1	9	1	6	1	10	1		1	2	17	
113	7	25	16	39	臺北市	士林區	士林區永公路247號	25.12142757	121.5572104	0	0	4	4	6	7	5	11	9	1	4	4	5	13	4	4	10	5	5	1	10	1	9	1	7	2	8	1		2	2	1	
113	7	25	17	47	臺北市	中山區	中山區農安街與農安街227巷口	25.06473033	121.5338752	0	0	1	2	6	6	5	4	1	1	4	4	5	13	4	4	5	4	5	2	15	1	9	1	7	1	8	1		2	3	8	
113	7	25	18	10	臺北市	文山區	文山區興隆路3段與興隆路3段112巷口	24.9993144	121.5575008	0	0	1	3	6	6	5	3	2	1	4	3	5	13	2	1	1	4	5	2	13	1	9	1	6	1	10	1		1	4	11	
113	7	25	18	13	臺北市	中山區	中山區民生西路28號	25.05780694	121.5218142	0	0	2	2	6	6	5	14	9	1	4	4	5	13	4	4	4	5	5	1	16	4	7	1	3	1	10	1		1	2	13	
113	7	25	18	39	臺北市	萬華區	萬華區環河快速道路往南(二層接三層匝道口)	25.04806371	121.5048361	0	0	2	3	6	5	5	10	7	1	4	4	5	13	4	4	8	4	5	2	9	1	6	1	6	2	9	1		1	2	12	
113	7	25	18	54	臺北市	大安區	大安區基隆路2段與臥龍街口	25.0207634	121.5483131	0	0	1	2	6	5	5	3	1	1	4	4	5	13	4	4	1	5	5	2	16	4	6	1	7	1	8	1		2	3	2	
113	7	25	19	35	臺北市	大同區	大同區長安西路與長安西路145巷口	25.05138343	121.5148295	0	0	2	2	6	5	5	4	1	1	4	4	5	13	2	1	4	4	5	2	3	5	18	8	4	10	20	1		1	2	16	
113	7	25	20	30	臺北市	中山區	中山區八德路2段214號	25.04817591	121.5475195	0	0	1	2	6	5	5	14	20	4	4	4	5	13	4	4	10	5	5	2	9	5	16	8	4	10	20	1		2	2	16	
113	7	25	20	33	臺北市	信義區	信義區松仁路與松壽路口	25.0359764	121.5684413	0	0	1	2	6	5	5	5	2	1	4	4	5	13	2	1	1	4	5	2	10	1	9	1	7	1	8	1		1	3	4	
113	7	25	21	25	臺北市	萬華區	萬華區西園路2段192號	25.02931266	121.4958555	0	0	1	2	6	5	5	14	9	1	4	4	5	13	1	1	9	4	5	2	17	4	9	3	6	2	18	1		1	2	11	
113	7	25	21	27	臺北市	大安區	大安區忠孝東路4段270號	25.0413132	121.5547519	0	0	1	3	6	5	5	14	9	1	4	4	3	10	4	4	1	4	5	2	12	1	1	1	7	1	4	1		1	3	6	
113	7	25	21	59	臺北市	中山區	中山區新生北路2段與長春路口	25.0549316	121.527084	0	0	1	2	6	5	5	3	1	1	4	4	5	13	4	4	5	5	5	2	16	1	5	1	5	1	10	1		1	2	14	
113	7	25	23	12	臺北市	松山區	松山區松河街144號	25.0512224	121.5759312	0	0	1	3	6	5	5	14	9	1	4	4	5	13	4	4	6	3	5	1	13	1	9	1	3	1	10	1		1	3	11	
113	7	25	23	47	臺北市	中山區	中山區長春路78號	25.05502224	121.5267302	0	0	1	3	6	5	5	14	7	1	4	4	5	13	4	4	9	4	4	2	16	1	11	6	7	1	18	1		1	3	5	
113	7	26	2	25	臺北市	中山區	中山區林森北路與長安東路1段口	25.04916972	121.5245233	0	0	2	3	6	5	5	4	1	1	4	4	5	13	2	1	1	4	5	2	16	4	5	1	3	2	8	1		1	3	6	
113	7	26	7	33	臺北市	萬華區	萬華區桂林路53號	25.0381567	121.5032223	0	0	1	2	6	5	5	14	9	1	4	4	5	13	4	4	9	4	5	2	17	4	1	1	5	1	10	1		2	3	13	
113	7	26	7	40	臺北市	南港區	南港區成福路與成福路178巷口	25.0417897	121.5875185	0	0	1	2	6	7	5	3	1	1	4	4	5	13	2	1	5	4	5	2	16	1	5	1	7	1	8	1		1	3	6	
113	7	26	7	48	臺北市	大安區	大安區建國南路2段115號	25.029248	121.538024	0	0	2	3	6	7	5	14	9	1	4	4	5	13	4	4	8	3	5	2	18	1	9	1	5	1	10	1		1	2	17	
113	7	26	7	55	臺北市	文山區	文山區興隆路4段與忠順街2段口	24.9845276	121.5617139	0	0	1	2	6	7	5	4	1	1	4	4	5	13	2	1	10	5	5	2	16	1	5	1	7	1	8	1		1	3	1	
113	7	26	8	7	臺北市	文山區	文山區景文街與景興路282巷口	24.9897784	121.5409666	0	0	2	3	6	6	5	5	1	1	4	4	5	13	2	1	5	5	4	2	17	1	5	1	7	1	8	1		1	3	5	
113	7	26	8	19	臺北市	大同區	大同區慶昌橋往東(7010604燈桿)	25.07652907	121.5124389	0	0	3	4	6	6	5	14	9	1	4	4	5	13	1	1	4	4	5	2	13	1	9	1	5	2	10	1		1	2	11	
113	7	26	8	20	臺北市	大安區	大安區臥龍街188巷25號	25.01729091	121.5508098	0	0	1	2	6	6	5	14	9	1	4	4	5	13	4	4	9	5	5	2	17	1	9	1	6	9	10	1		1	2	11	
113	7	26	8	30	臺北市	中山區	中山區民權東路1段69號	25.06279654	121.5264118	0	0	1	2	6	7	5	14	9	1	4	4	5	13	4	4	3	4	5	2	16	1	6	1	7	1	8	1		1	3	5	
113	7	26	8	30	臺北市	南港區	南港區南深路37號	25.0224378	121.623778	0	0	1	2	6	7	5	14	8	1	4	4	5	13	4	4	5	4	4	1	18	1	9	1	5	1	10	1		1	2	14	
113	7	26	8	33	臺北市	萬華區	萬華區堤外便道南往北近桂林水門	25.039122	121.4961007	0	0	1	2	6	6	5	14	11	1	4	4	5	13	4	4	5	2	5	1	13	4	9	1	3	1	10	1		1	2	11	
113	7	26	8	48	臺北市	內湖區	內湖區瑞光路與瑞光路76巷口	25.0712525	121.5817067	0	0	1	2	6	6	5	3	1	1	4	4	5	13	2	1	5	4	5	2	13	1	9	1	5	9	10	1		2	2	15	
113	7	26	8	50	臺北市	內湖區	內湖區潭美街與成功路2段口	25.05997995	121.5916198	0	0	1	2	6	6	5	3	2	1	4	4	5	13	2	1	5	5	5	2	17	1	9	1	6	2	10	1		2	2	14	
113	7	26	8	55	臺北市	南港區	南港區南港路3段80巷與松河街口	25.056032	121.5899905	0	0	2	3	6	6	5	3	2	1	4	4	5	13	4	4	5	2	5	2	17	1	13	1	3	1	3	1		1	3	17	
113	7	26	9	9	臺北市	內湖區	內湖區東湖路160巷	25.0667587	121.6172209	0	0	1	2	6	6	6	14	9	1	4	4	5	13	4	4	5	5	5	2	16	4	6	1	3	2	8	1		1	3	5	
113	7	26	9	10	臺北市	南港區	南港區市民大道7段22號	25.0489284	121.5805849	0	0	2	2	6	6	5	14	9	1	4	4	5	13	4	4	10	4	5	2	13	1	9	1	5	1	10	1		1	2	11	
113	7	26	9	19	臺北市	北投區	北投區大業路157號	25.12484367	121.4986857	0	0	1	2	6	7	5	14	9	1	4	4	5	13	4	4	1	4	5	2	17	1	1	1	5	1	9	1		1	3	17	
113	7	26	9	26	臺北市	文山區	文山區新光路2段燈桿049號旁	24.99919918	121.5891705	0	0	2	2	6	6	5	14	9	1	4	4	5	13	4	4	9	5	5	2	16	1	5	1	5	1	10	1		1	2	14	
113	7	26	9	27	臺北市	大安區	大安區仁愛路3段與新生南路1段口	25.0385163	121.5329346	0	0	1	2	6	7	5	4	2	1	4	4	5	13	1	1	3	3	5	2	16	1	6	1	7	1	8	1		1	3	5	
113	7	26	9	31	臺北市	中正區	中正區市民大道2段與金山北路口	25.04596368	121.5305088	0	0	1	2	7	7	5	4	1	1	5	4	5	13	1	1	1	5	5	2	17	4	15	7	3	11	19	1		1	4	17	
113	7	26	9	44	臺北市	文山區	文山區木新路3段與一壽街口	24.9805825	121.556395	0	0	1	2	6	6	5	4	1	1	4	4	5	13	1	1	10	5	5	2	17	4	5	1	3	1	8	1		2	3	2	
113	7	26	9	59	臺北市	大安區	大安區市民大道3段與建國南路1段口	25.044651	121.5362873	0	0	2	3	7	5	5	4	1	1	4	4	5	13	2	1	1	4	4	2	16	1	6	1	6	1	10	1		2	3	12	
113	7	26	10	3	臺北市	大同區	大同區民族西路與大龍街口	25.0685337	121.5158596	0	0	2	4	6	6	5	4	1	1	4	4	5	13	1	1	5	4	5	2	17	1	5	1	6	2	9	1		1	2	12	
113	7	26	10	4	臺北市	松山區	松山區敦化南路1段108號	25.0453554	121.5486794	0	0	1	2	6	6	5	14	9	1	4	4	5	13	4	4	1	3	5	2	13	1	9	1	6	1	10	1		1	2	11	
113	7	26	10	18	臺北市	士林區	士林區延平北路6段404巷與延平北路6段口	25.0936667	121.4982674	0	0	1	2	8	6	5	3	2	1	5	4	5	13	4	4	10	5	4	1	17	4	21	7	3	11	19	2		1	4	15	
113	7	26	10	43	臺北市	松山區	松山區五常街267號	25.06433858	121.5447163	0	0	1	2	7	6	5	14	9	1	5	4	3	13	4	4	10	5	5	2	3	1	9	1	6	1	10	1		2	3	12	
113	7	26	10	47	臺北市	文山區	文山區木柵路4段與木柵路4段149巷口口	24.9992682	121.5753225	0	0	1	2	6	6	5	3	1	1	4	4	5	13	4	4	10	5	5	2	17	1	9	1	2	1	8	1		1	3	15	
113	7	26	11	3	臺北市	士林區	士林區中正路與中正路399巷口	25.0940903	121.5212454	0	0	2	4	6	7	5	4	1	1	4	4	5	13	4	4	1	5	5	2	17	1	9	1	6	1	10	1		1	2	14	
113	7	26	11	18	臺北市	南港區	南港區忠孝東路6段173號	25.0488876	121.5869482	0	0	1	3	6	6	5	14	8	1	4	4	5	13	4	4	1	3	4	2	16	1	13	1	7	2	4	1		1	3	8	
113	7	26	11	31	臺北市	士林區	士林區延平北路5段244巷與延平北路5段口	25.0842297	121.5099495	0	0	2	2	8	6	5	4	1	1	5	4	5	13	1	1	1	5	5	1	16	1	11	1	5	1	10	1		1	2	12	
113	7	26	11	58	臺北市	南港區	南港區重陽路263巷與重陽路口	25.0577599	121.6033366	0	0	1	2	8	7	5	4	1	1	4	4	5	13	4	4	10	5	5	2	17	1	6	1	7	1	8	1		1	3	2	
113	7	26	12	8	臺北市	中正區	中正區忠孝東路1段與忠孝東路1段49巷口	25.04426072	121.5260852	0	0	1	2	6	5	5	3	2	1	4	4	5	13	4	4	1	4	1	2	17	1	6	1	7	1	8	1		1	3	2	
113	7	26	12	50	臺北市	文山區	文山區木柵路3段66巷停車格55號	24.98685475	121.5675538	0	0	1	3	6	6	5	14	9	1	4	4	5	13	4	4	5	5	5	2	17	4	11	1	3	1	8	1		2	3	4	
113	7	26	13	10	臺北市	內湖區	內湖區麥帥二橋往市區	25.0555749	121.5707517	0	0	1	4	6	6	5	10	7	1	4	4	5	13	4	4	1	5	5	2	13	1	9	1	7	2	8	1		1	3	1	
113	7	26	13	33	臺北市	北投區	北投區石牌路1段166巷與致遠一路2段70巷口	25.1128456	121.5147107	0	0	1	2	6	6	5	4	1	1	4	4	5	13	4	4	10	5	5	1	15	1	9	1	5	1	10	1		2	2	14	
113	7	26	13	49	臺北市	信義區	信義區松智路與松智路31巷口	25.0315766	121.5654163	0	0	2	3	6	7	5	14	9	1	4	4	5	13	4	4	9	5	5	2	13	1	9	1	5	1	10	1		2	2	11	
113	7	26	13	54	臺北市	信義區	信義區信義路4段375號	25.0330858	121.5577328	0	0	1	2	8	6	5	14	10	1	5	4	5	13	2	1	1	4	5	2	9	5	19	8	2	11	20	1		4	2	16	
113	7	26	13	54	臺北市	信義區	信義區松智路與莊敬路391巷11弄口口	25.0291523	121.5649588	0	0	1	2	8	6	5	4	1	1	5	4	5	13	2	1	5	5	5	2	17	4	5	1	3	9	8	1		1	3	4	
113	7	26	13	55	臺北市	中正區	中正區辛亥路1段22號	25.018938	121.5286828	0	0	1	2	6	7	5	14	8	1	4	4	5	13	4	4	1	4	4	2	12	1	1	1	7	1	8	1		1	3	4	
113	7	26	14	0	臺北市	中山區	中山區復興北路與長安東路2段口	25.04831491	121.5438921	0	0	2	2	6	5	5	4	1	1	4	4	5	13	1	1	1	4	5	2	16	4	6	1	3	1	10	1		2	2	12	
113	7	26	14	20	臺北市	松山區	松山區新中街與新中街6巷口	25.0582346	121.5605783	0	0	1	2	6	6	5	3	1	1	4	4	5	13	4	4	8	5	5	2	16	1	1	1	6	1	10	1		1	2	14	
113	7	26	14	30	臺北市	大安區	大安區和平東路3段228巷與安居街34巷口口	25.0213251	121.5539595	0	0	1	2	6	7	5	3	2	1	4	4	5	13	4	4	5	5	5	1	17	1	5	1	5	11	10	2		1	3	17	
113	7	26	14	37	臺北市	內湖區	內湖區江南街71巷16弄34號	25.07551956	121.5776304	0	0	1	2	6	6	5	14	9	1	4	4	5	13	4	4	5	5	5	2	17	1	11	1	6	2	10	1		1	3	13	
113	7	26	14	41	臺北市	北投區	北投區承德路7段145號	25.1134368	121.5079501	0	0	1	2	6	7	5	14	7	1	4	4	1	13	4	4	1	4	1	2	16	4	6	1	3	1	8	1		1	3	2	
113	7	26	14	44	臺北市	大同區	大同區甘州街與歸綏街口	25.058181	121.5129352	0	0	1	2	6	6	5	3	2	1	4	4	5	13	4	4	5	2	5	2	17	1	11	1	7	1	4	1		1	3	4	
113	7	26	14	55	臺北市	中正區	中正區重慶南路1段與寶慶路口	25.04112328	121.5130542	0	0	1	2	6	6	5	4	2	1	4	4	5	12	1	1	10	5	5	2	3	5	16	8	4	10	20	1		2	2	16	
113	7	26	14	58	臺北市	士林區	士林區中山北路6段77號	25.1058456	121.5247814	0	0	1	2	7	5	5	14	9	1	5	4	5	13	4	4	2	4	5	1	9	1	9	1	7	1	2	1		1	3	17	
113	7	26	15	0	臺北市	士林區	士林區天母東路69巷與中山北路7段82巷口	25.1210819	121.532924	0	0	1	2	6	7	5	3	1	1	4	4	5	13	4	4	5	5	5	2	16	4	5	1	3	1	8	1		2	3	8	
113	7	26	15	33	臺北市	中山區	中山區民生東路3段10號	25.0577303	121.5388064	0	0	1	2	6	7	5	14	9	1	4	4	5	13	4	4	1	4	5	2	17	1	13	1	7	1	8	1		1	3	17	
113	7	26	15	40	臺北市	萬華區	萬華區莒光路258號	25.0312788	121.4994172	0	0	2	2	6	7	5	14	9	1	4	4	5	12	4	4	3	4	5	2	17	1	15	1	5	2	10	1		1	2	13	
113	7	26	16	8	臺北市	大同區	大同區重慶北路1段與重慶北路1段26巷口	25.05066625	121.5136137	0	0	1	2	6	6	5	4	2	1	4	4	5	13	1	1	1	4	5	2	17	1	9	1	5	2	10	1		1	2	11	
113	7	26	16	30	臺北市	大同區	大同區重慶北路1段與長安西路口	25.05159081	121.5139676	0	0	3	6	6	6	5	4	1	1	4	4	5	13	2	1	8	3	5	2	17	1	5	1	7	1	8	1		1	3	1	
113	7	26	16	45	臺北市	士林區	士林區福林橋南向北下橋處	25.1002948	121.5266114	0	0	1	3	6	5	5	14	9	1	4	4	5	13	4	4	1	4	5	2	13	1	9	1	7	1	8	1		1	3	1	
113	7	26	16	47	臺北市	中山區	中山區建國北路3段與農安街口	25.06499908	121.5370907	0	0	1	2	6	5	5	3	1	1	4	4	5	13	1	1	1	4	5	2	3	4	5	1	3	2	8	1		2	3	5	
113	7	26	16	50	臺北市	士林區	士林區士商路與基河路300巷口	25.0931043	121.518126	0	0	1	2	6	7	5	3	1	1	4	4	5	13	4	4	5	5	5	1	17	1	5	1	6	1	10	1		2	2	12	
113	7	26	16	55	臺北市	大安區	大安區仁愛路4段與大安路1段口	25.0376807	121.546013	0	0	2	2	6	6	5	4	2	1	4	4	5	13	1	1	1	4	5	2	17	1	5	1	6	1	10	1		1	2	12	
113	7	26	16	55	臺北市	大安區	大安區忠孝東路4段223巷20弄4-3號	25.0425349	121.5532869	0	0	1	2	6	6	5	14	9	1	4	4	5	13	4	4	10	5	5	2	17	1	1	1	7	1	8	1		2	3	5	
113	7	26	16	58	臺北市	松山區	松山區南京東路4段與敦化北路口	25.0514505	121.5491985	0	0	1	2	6	6	5	4	2	1	4	4	5	13	1	1	8	3	4	1	13	1	9	1	3	2	2	1		1	3	8	
113	7	26	17	0	臺北市	中山區	中山區中山北路4段與北安路口圓山涵洞處	25.07651647	121.5253749	0	0	1	3	6	7	5	14	9	1	4	4	5	13	4	4	10	4	5	2	17	4	9	1	3	1	8	1		1	3	1	
113	7	26	17	15	臺北市	內湖區	內湖區安康路6號前	25.06227295	121.5901884	0	0	1	2	6	7	6	14	9	1	4	4	5	13	4	4	9	4	5	2	13	1	9	1	6	2	10	1		1	2	12	
113	7	26	17	23	臺北市	中正區	中正區汀州路1段104號前	25.0298922	121.5077762	0	0	1	2	6	7	5	14	9	1	4	4	5	13	4	4	9	5	5	2	17	1	11	1	5	11	10	1		1	3	17	
113	7	26	17	23	臺北市	中正區	中正區羅斯福路3段286巷與羅斯福路3段316巷口	25.0157737	121.5324741	0	0	1	2	6	7	5	4	1	1	4	4	5	13	4	4	10	5	5	2	15	1	9	1	5	1	10	1		1	3	12	
113	7	26	17	31	臺北市	中山區	中山區復興北路514巷與龍江路口	25.0659911	121.5409758	0	0	2	2	6	5	5	4	2	1	4	4	5	13	1	1	5	5	5	2	12	4	9	1	5	1	10	1		1	2	14	
113	7	26	17	50	臺北市	大同區	大同區承德路1段70號	25.05221043	121.5173326	0	0	1	2	6	6	5	14	9	1	4	4	5	13	4	4	1	4	5	2	17	1	15	1	5	1	10	1		1	3	12	
113	7	26	18	31	臺北市	萬華區	萬華區開封街2段36號	25.0463497	121.5079563	0	0	1	2	6	5	5	14	9	1	4	4	5	13	4	4	10	4	5	2	13	1	9	1	6	1	10	1		1	2	14	
113	7	26	18	32	臺北市	大安區	大安區基隆路2段231號	25.022648	121.5507133	0	0	1	2	7	5	5	14	9	1	4	4	5	13	4	4	1	4	5	2	12	1	7	1	7	1	8	1		1	3	5	
113	7	26	18	37	臺北市	士林區	士林區重慶北路4段123號	25.0826293	121.512217	0	0	1	3	6	5	5	14	8	1	4	4	5	13	4	4	1	4	4	1	12	1	7	1	7	1	8	1		1	3	2	
113	7	26	18	50	臺北市	大安區	大安區和平東路3段66-3號	25.0244847	121.5498662	0	0	1	2	6	5	5	14	9	1	4	4	5	13	4	4	1	4	5	2	16	4	8	1	3	1	8	1		1	3	4	
113	7	26	19	0	臺北市	中山區	中山區松江路與農安街口	25.06487588	121.5333576	0	0	2	2	7	5	5	4	2	1	4	4	5	13	2	1	1	3	5	1	1	1	9	1	5	1	10	1		2	2	11	
113	7	26	19	14	臺北市	中山區	中山區長安東路2段與復興北路口	25.0482113	121.5438848	0	0	1	2	6	5	5	4	1	1	4	4	5	13	2	1	5	1	5	2	17	1	5	1	7	1	8	1		1	3	2	
113	7	26	19	14	臺北市	信義區	信義區基隆路2段151號	25.0262207	121.5547752	0	0	1	3	6	5	8	22	22	1	4	4	5	13	4	4	1	4	5	2	17	4	21	7	3	9	19	2		1	4	17	
113	7	26	19	14	臺北市	南港區	南港區八德路4段788-1號	25.0506857	121.5807989	0	0	1	2	8	5	5	14	9	1	5	4	5	13	4	4	5	4	5	2	17	1	9	1	5	1	10	1		1	3	17	
113	7	26	19	26	臺北市	中山區	中山區建國北路1段與朱崙街口	25.0501057	121.5370287	0	0	1	2	6	5	5	3	1	1	4	4	5	13	4	4	5	2	5	2	17	1	6	1	5	1	10	1		1	3	15	
113	7	26	19	30	臺北市	士林區	士林區文林路740巷與福華路141巷口口	25.10364991	121.5214774	0	0	2	2	6	5	5	4	1	1	4	4	5	13	4	4	10	5	5	2	15	1	9	1	6	1	10	1		1	2	14	
113	7	26	19	47	臺北市	內湖區	內湖區民權東路6段與民權東路6段180巷口	25.0688298	121.5933755	0	0	1	3	6	5	5	4	1	1	4	4	5	13	2	1	1	4	5	2	17	4	7	1	3	1	8	1		1	3	17	
113	7	26	20	20	臺北市	萬華區	萬華區西園路2段與西藏路口	25.0286648	121.4957021	0	0	2	2	6	5	5	4	1	1	4	4	5	13	2	1	1	4	5	2	16	1	5	2	5	2	18	1		1	2	11	
113	7	26	21	40	臺北市	中山區	中山區北安路535號與大直街口	25.07992582	121.5471059	0	0	1	2	6	5	5	4	1	1	4	4	5	13	1	1	1	4	5	2	16	1	5	1	7	1	8	1		1	3	6	
113	7	26	21	50	臺北市	信義區	信義區中坡北路35號	25.0455753	121.5806016	0	0	1	3	6	5	8	22	22	1	4	4	5	13	4	4	1	4	5	2	17	1	9	1	7	2	8	1		1	3	5	
113	7	26	23	46	臺北市	大同區	大同區鄭州路與環河北路1段口環河堤外便道(3號水門)	25.0508891	121.506368	0	0	2	2	6	5	5	5	1	1	4	4	5	13	2	1	5	4	5	2	13	1	15	1	5	2	10	1		1	2	11	
113	7	27	3	6	臺北市	萬華區	萬華區西藏路與寶興街口	25.0280652	121.4925945	0	0	2	2	7	5	5	5	1	1	4	4	5	13	2	1	1	4	5	2	16	1	5	8	4	2	20	1		1	2	12	
113	7	27	3	27	臺北市	大同區	大同區民權西路與迪化街2段口	25.0634003	121.509352	0	0	1	2	7	5	5	4	1	1	5	4	5	13	4	4	10	5	5	2	15	1	9	1	6	1	10	1		1	2	12	
113	7	27	5	15	臺北市	文山區	文山區指南路3段岐山幹39電桿	24.97265241	121.5959394	0	0	1	2	7	6	5	11	9	1	4	4	5	13	4	4	10	5	5	1	17	4	6	1	7	1	8	1		1	3	17	
113	7	27	7	17	臺北市	南港區	南港區興華路26號	25.054933	121.6060619	0	0	1	2	8	6	5	14	9	1	5	4	5	13	4	4	5	5	5	2	16	4	11	6	3	1	8	1		1	3	8	
113	7	27	7	32	臺北市	中正區	中正區重慶南路1段與武昌街1段口	25.0442943	121.5132795	0	0	2	2	8	5	5	14	9	1	5	4	5	13	1	1	9	4	5	2	13	1	9	1	5	1	10	1		1	2	11	