年	月	日	時	分	縣市	行政區	allLocation	GoogleLat	GoogleLng	死	2-30	受傷	當事人數	天候	道路照明設備	道路類別	道路型態	事故位置	路面狀況1	路面狀況2	路面狀況3	道路障礙1	道路障礙2	號誌1	號誌2	車道劃分-分向	車道劃分-分道1	車道劃分-分道2	車道劃分-分道3	事故類型及型態	行動電話	當事者行動狀態	駕駛資格情形	保護裝置	飲酒情形	駕駛執照種類	個人肇逃否	肇因碼-主要	性別	受傷程度	車輛撞擊部位1	車輛撞擊部位2
113	7	27	7	45	臺北市	中正區	中正區中華路1段與長沙街1段口	25.040479	121.5079734	0	0	1	2	7	6	5	4	1	1	5	4	5	13	1	1	1	4	5	2	16	1	5	1	7	2	3	1		1	3	5	
113	7	27	8	0	臺北市	內湖區	內湖區瑞光路與瑞光路478巷口	25.0787445	121.5689832	0	0	1	2	8	5	5	4	2	1	4	3	5	13	4	4	4	3	5	1	29	4	9	1	3	1	10	1		2	2	11	
113	7	27	10	16	臺北市	萬華區	萬華區艋舺大道76號	25.0333888	121.5031976	0	0	1	2	7	7	5	14	9	1	5	4	5	13	4	4	1	4	5	2	17	1	21	6	5	2	18	1		1	2	15	
113	7	27	10	38	臺北市	大安區	大安區新生南路1段與濟南路3段口	25.0402923	121.5328836	0	0	1	2	7	6	5	4	18	1	5	4	5	13	2	1	9	4	5	1	2	5	16	8	4	10	20	1		2	2	16	
113	7	27	10	57	臺北市	中山區	中山區新生北路2段127巷與中原街口側附近口	25.05980041	121.5289362	0	0	1	2	7	7	5	4	1	1	5	4	5	13	4	4	9	4	5	2	17	4	9	1	3	1	8	1		1	3	5	
113	7	27	11	25	臺北市	南港區	南港區大坑街與舊莊街1段145巷8弄口	25.04027554	121.6214582	0	0	1	2	7	7	5	3	2	1	5	4	5	13	4	4	10	4	5	2	17	1	6	1	5	1	10	1		1	2	12	
113	7	27	11	29	臺北市	萬華區	萬華區西藏路與中華路2段300巷13弄口	25.0298607	121.50357	0	0	1	2	7	5	5	3	1	1	5	4	5	13	4	4	1	4	5	2	16	1	6	1	7	1	8	1		1	3	5	
113	7	27	12	25	臺北市	中山區	中山區錦州街347號前	25.0602465	121.5401166	0	0	1	3	7	7	5	14	9	1	5	4	5	13	4	4	9	4	5	2	17	4	14	1	3	1	8	1		1	3	4	
113	7	27	12	25	臺北市	士林區	士林區中山北路6段與士東路口	25.1116826	121.5260634	0	0	1	2	7	6	5	5	2	1	5	4	5	13	1	1	1	4	5	2	9	1	6	1	6	9	10	2		1	3	15	
113	7	27	12	39	臺北市	大安區	大安區市民大道4段240號	25.0447923	121.556905	0	0	1	2	8	6	5	14	9	1	5	4	5	13	4	4	9	4	5	1	13	1	9	1	5	1	10	1		2	2	11	
113	7	27	12	44	臺北市	信義區	信義區基隆路2段與嘉興街175巷口	25.0279611	121.5566376	0	0	2	2	8	6	5	3	2	1	5	4	5	13	4	4	1	4	5	2	16	1	6	1	7	2	8	1		1	2	5	
113	7	27	13	22	臺北市	萬華區	萬華區桂林路53號	25.03815342	121.5033568	0	0	2	2	8	7	5	14	9	1	5	4	5	13	4	4	9	4	5	2	17	1	15	8	4	1	20	1		1	2	14	
113	7	27	13	28	臺北市	中正區	中正區濟南路2段與濟南路2段8巷口	25.0412623	121.5273408	0	0	2	2	7	5	5	5	2	1	5	4	5	13	4	4	9	5	5	2	13	1	9	1	5	2	10	1		1	2	11	
113	7	27	13	30	臺北市	北投區	北投區大業路300號	25.1281584	121.4978454	0	0	1	2	8	5	8	14	13	1	5	4	5	13	4	4	9	2	3	1	17	4	6	1	3	1	8	1		1	3	2	
113	7	27	13	39	臺北市	信義區	信義區吳興街與吳興街8巷口	25.03167	121.5593935	0	0	1	2	8	6	5	4	1	1	5	4	5	13	4	4	10	5	5	2	8	1	1	1	7	2	8	1		1	3	8	
113	7	27	13	39	臺北市	信義區	信義區松壽路與松智路口	25.0358041	121.5654147	0	0	1	2	7	7	5	14	9	1	5	4	5	13	1	1	5	4	5	2	12	4	8	1	6	1	10	1		2	2	12	
113	7	27	13	49	臺北市	中正區	中正區中華路2段與和平西路2段口口	25.0328613	121.5050578	0	0	2	2	8	6	5	4	1	1	5	4	5	13	1	1	5	4	5	1	17	1	5	1	7	2	8	1		1	2	1	
113	7	27	14	6	臺北市	信義區	信義區吳興街156巷與吳興街156巷7弄口	25.028987	121.5614684	0	0	2	2	8	6	5	4	2	1	5	4	5	13	4	4	1	4	5	2	16	1	6	1	5	1	10	1		1	2	12	
113	7	27	14	25	臺北市	中山區	中山區民生東路1段與民生東路1段61巷口	25.0581161	121.5263774	0	0	2	3	8	7	5	4	1	1	5	4	5	13	4	4	5	4	5	2	17	4	9	1	6	1	10	1		2	2	15	
113	7	27	14	29	臺北市	南港區	南港區中坡北路與松河街口	25.0521843	121.5800738	0	0	1	2	8	6	5	3	2	1	5	4	5	13	4	4	5	5	5	2	18	1	9	1	5	1	10	1		2	2	14	
113	7	27	14	30	臺北市	中山區	中山區吉林路437號	25.0671141	121.5304475	0	0	3	3	7	6	5	14	9	1	5	4	5	13	4	4	8	5	4	1	16	4	6	1	3	1	9	1		1	2	14	
113	7	27	14	44	臺北市	大同區	大同區錦西街60號對面	25.06028564	121.5196238	0	0	1	2	7	6	5	14	9	1	5	4	5	13	4	4	9	4	5	2	17	1	15	1	7	2	8	1		2	3	4	
113	7	27	14	44	臺北市	松山區	松山區復興北路與民族東路口	25.0662794	121.5443754	0	0	1	2	7	7	5	4	1	1	5	4	5	13	2	1	1	4	5	2	16	1	9	1	7	2	8	1		1	3	2	
113	7	27	15	46	臺北市	萬華區	萬華區環河南路2段與環河南路2段250巷口	25.0328704	121.4920858	0	0	1	2	7	5	5	4	1	1	5	4	5	13	2	1	1	3	5	1	16	4	5	1	3	1	10	1		2	2	14	
113	7	27	15	52	臺北市	大同區	大同區民權西路與迪化街2段口	25.0633975	121.5094107	0	0	1	2	8	6	5	3	1	1	5	4	5	13	4	4	9	5	5	2	15	4	9	1	6	1	10	1		2	2	14	
113	7	27	16	16	臺北市	信義區	信義區林口街38巷與福德街84巷口	25.0384272	121.5808989	0	0	2	3	8	6	5	4	1	1	5	4	5	13	4	4	9	5	5	2	16	4	9	1	3	2	8	1		2	3	8	14
113	7	27	16	21	臺北市	萬華區	萬華區忠孝橋往台北市	25.0486193	121.5072592	0	0	1	2	8	7	5	8	9	1	5	4	5	13	4	4	7	5	5	2	17	1	7	1	5	1	10	1		2	2	14	
113	7	27	16	30	臺北市	中山區	中山區民權東路2段與松江路口	25.06249603	121.5326437	0	0	1	3	8	7	5	4	2	1	5	4	5	13	2	1	1	4	5	2	13	4	9	1	5	1	10	1		2	2	11	
113	7	27	16	35	臺北市	萬華區	萬華區環河南路1段與成都路口	25.04430947	121.5009589	0	0	1	4	8	7	5	3	1	1	5	4	5	13	4	4	4	3	5	2	17	1	6	1	7	1	8	1		1	3	2	
113	7	27	16	38	臺北市	萬華區	萬華區漢口街2段與昆明街口	25.0459236	121.5058825	0	0	1	2	7	7	5	14	9	1	5	4	5	13	1	1	10	3	5	2	12	1	7	1	5	2	10	1		2	2	14	
113	7	27	17	35	臺北市	士林區	士林區重慶北路4段與延平北路5段136巷口口	25.0825315	121.5122594	0	0	2	2	8	6	5	3	1	1	5	4	5	13	4	4	1	4	4	2	17	4	6	1	5	1	10	1		1	2	12	
113	7	27	17	45	臺北市	內湖區	內湖區成功路4段182巷與成功路4段口	25.08361733	121.594216	0	0	1	2	8	6	5	3	1	1	5	4	5	13	4	4	1	4	4	2	17	1	6	1	7	1	8	1		1	3	7	
113	7	27	17	49	臺北市	大同區	大同區寧夏路與民生西路口	25.0567397	121.5154299	0	0	1	2	8	6	5	5	2	1	5	4	5	13	4	4	10	5	5	2	8	1	9	1	7	1	8	1		1	3	5	
113	7	27	18	0	臺北市	文山區	文山區政大一街227-229號	24.98611859	121.5847521	0	0	1	2	8	5	5	14	9	2	5	4	5	13	4	4	9	5	5	2	17	4	9	8	4	1	20	1		1	2	11	
113	7	27	18	0	臺北市	松山區	松山區松河街128號	25.05108754	121.5752197	0	0	1	2	7	6	5	14	9	1	5	4	5	13	4	4	9	4	5	2	17	4	9	1	6	1	10	1		1	2	14	
113	7	27	18	1	臺北市	大安區	大安區和平東路2段與和平東路2段18巷口	25.0258373	121.5357914	0	0	1	2	8	6	5	3	2	1	5	4	5	13	4	4	8	3	5	2	12	4	15	1	3	9	8	1		2	3	15	
113	7	27	18	12	臺北市	士林區	士林區大東路與文林路口口	25.09365174	121.5250106	0	0	2	2	8	6	5	3	1	1	5	4	5	13	4	4	5	4	5	1	10	4	9	1	3	1	10	1		1	2	11	
113	7	27	18	58	臺北市	大安區	大安區仁愛路4段與仁愛路4段48巷口	25.0376898	121.5470128	0	0	1	3	7	5	5	3	1	1	5	4	5	10	4	4	1	4	1	2	16	4	5	1	3	1	8	1		1	3	4	
113	7	27	19	50	臺北市	中山區	中山區北安路與大直街口	25.0799455	121.5473172	0	0	3	4	8	5	5	4	1	1	5	4	5	13	2	1	7	2	5	2	17	1	9	1	5	1	10	1		2	2	14	
113	7	27	19	57	臺北市	文山區	文山區指南路3段與指南路3段33巷口口	24.98492546	121.5800543	0	0	2	3	7	5	5	14	9	1	5	4	5	13	4	4	10	5	5	1	3	4	9	1	6	1	10	1		1	3	11	
113	7	27	20	10	臺北市	士林區	士林區天母東路8巷31弄(新光三越旁)	25.11691395	121.5339371	0	0	1	3	8	5	5	14	9	1	5	4	5	13	4	4	5	5	5	2	17	1	2	1	6	1	10	1		1	2	13	
113	7	27	20	52	臺北市	中正區	中正區中華路2段307巷3號	25.0288383	121.5053999	0	0	1	2	8	6	5	14	9	1	5	4	5	13	4	4	5	4	5	2	17	1	9	1	5	2	10	1		1	2	11	
113	7	27	21	5	臺北市	中正區	中正區中華路2段與中華路2段150巷口	25.0304972	121.5041751	0	0	1	2	8	5	5	4	2	1	5	4	5	13	4	4	5	4	5	2	16	1	5	1	6	2	10	1		2	2	12	
113	7	27	21	16	臺北市	中正區	中正區金山北路新生高架下迴轉道	25.04591216	121.5305436	0	0	1	2	8	5	8	22	22	1	5	4	5	13	4	4	10	5	5	2	16	1	5	1	7	2	8	1		1	3	4	
113	7	27	22	23	臺北市	大同區	大同區大稻埕堤外便道與南京西路口	25.0538957	121.5073042	0	0	1	2	7	5	5	14	9	1	5	4	5	13	4	4	10	5	5	2	17	4	15	1	3	1	8	1		1	3	6	
113	7	27	22	35	臺北市	松山區	松山區市民大道4段與八德路3段12巷57弄口	25.0446325	121.5519724	0	0	1	4	8	5	5	3	2	1	5	4	3	10	4	4	9	4	5	2	10	1	1	1	7	1	4	1		2	3	8	
113	7	27	22	45	臺北市	中山區	中山區林森北路與新生北路2段76巷口	25.057474	121.5254777	0	0	2	3	8	5	5	4	1	1	5	4	5	13	4	4	5	2	5	2	17	1	9	1	7	1	15	1		1	3	1	
113	7	27	22	59	臺北市	內湖區	內湖區東湖路與康樂街口口	25.06782195	121.6176452	0	0	2	3	8	5	5	4	1	1	5	4	5	13	2	1	5	2	5	2	16	1	9	1	7	2	4	1		1	3	2	
113	7	27	23	29	臺北市	中正區	中正區中山南路與仁愛路1段口	25.0394527	121.5179394	0	0	2	3	8	5	5	18	17	1	5	4	5	13	1	1	8	4	5	1	11	1	9	1	7	2	4	1		1	3	5	
113	7	28	0	52	臺北市	文山區	秀明路一段79巷1弄多岔路口	24.98978855	121.5649943	0	0	1	2	8	5	5	4	1	1	5	4	5	13	2	1	1	3	5	2	23	4	9	1	3	8	8	1		2	2	1	
113	7	28	6	22	臺北市	中山區	中山區長安東路1段30巷與林森北路67巷口	25.0482768	121.5262197	0	0	1	2	8	7	5	4	1	1	5	4	5	13	4	4	10	5	5	2	15	1	9	1	5	2	10	1		2	2	11	
113	7	28	8	45	臺北市	萬華區	萬華區艋舺大道與艋舺大道275巷口	25.0332647	121.4976406	0	0	1	2	8	5	5	3	1	1	5	4	5	13	4	4	1	4	5	2	17	4	6	1	7	2	8	1		1	3	5	
113	7	28	9	47	臺北市	萬華區	萬華區西園路2段281巷6弄與德昌街272巷口	25.02425857	121.4915343	0	0	1	2	8	7	5	3	2	1	5	4	5	13	4	4	10	5	5	2	17	1	5	1	5	1	9	1		1	2	11	
113	7	28	10	15	臺北市	士林區	士林區芝玉路2段20巷與德行東路265巷口	25.1110774	121.5348812	0	0	2	2	8	6	5	3	1	1	5	4	5	13	4	4	10	5	5	2	17	1	1	1	6	1	10	1		2	2	14	
113	7	28	10	15	臺北市	萬華區	萬華區忠孝橋往北市機車道	25.0486847	121.5068835	0	0	2	2	7	7	5	14	11	1	5	4	5	13	4	4	8	5	4	2	13	4	9	1	5	1	10	1		2	2	11	
113	7	28	10	30	臺北市	大安區	大安區仁愛路4段與安和路1段口口	25.0380894	121.5518504	0	0	4	4	8	6	5	4	1	1	5	4	5	13	2	1	1	4	5	2	16	4	5	1	3	1	10	1		2	2	12	
113	7	28	10	46	臺北市	中正區	中正區重慶南路1段與漢口街1段口	25.0451648	121.5132812	0	0	2	2	8	6	5	4	1	1	5	4	5	13	1	1	10	5	5	2	17	1	5	1	6	1	10	1		1	2	14	
113	7	28	11	15	臺北市	中山區	中山區民權東路2段135巷33號前	25.0644487	121.5350131	0	0	2	2	8	7	5	14	9	1	5	4	5	13	4	4	9	4	5	2	17	4	9	1	3	1	10	1		1	2	11	
113	7	28	11	44	臺北市	大安區	大安區信義路3段174-1號	25.0332324	121.542303	0	0	1	2	8	6	5	14	20	4	5	4	5	13	4	4	10	5	5	2	17	4	15	1	3	1	10	1		1	3	17	
113	7	28	11	50	臺北市	北投區	北投區竹子湖路與中興路口	25.1632784	121.5447374	0	0	1	2	8	5	5	3	1	1	5	4	5	13	4	4	5	4	5	1	16	4	6	1	3	1	8	1		1	3	5	
113	7	28	12	30	臺北市	中山區	中山區中山北路2段59巷29弄與林森北路口	25.05538246	121.525429	0	0	1	3	8	7	5	3	2	1	5	4	5	13	4	4	9	5	5	2	17	1	6	1	7	1	8	1		1	3	7	
113	7	28	12	52	臺北市	中山區	中山區植福路與敬業二路口	25.08400178	121.5544047	0	0	1	2	8	6	5	4	2	1	5	4	5	13	1	1	5	5	5	2	12	1	1	1	7	1	8	1		1	3	8	
113	7	28	13	10	臺北市	中正區	中正區中山北路1段34巷5號旁	25.0469576	121.5195716	0	0	1	2	8	5	5	14	9	4	5	4	5	13	4	4	10	5	5	1	29	1	9	1	5	9	10	1		2	2	17	
113	7	28	13	57	臺北市	大安區	大安區建國南路1段165號	25.0409147	121.537734	0	0	2	4	8	6	5	14	9	1	5	4	5	13	2	1	9	4	5	1	17	4	14	1	3	1	8	1		1	3	2	
113	7	28	14	22	臺北市	文山區	文山區興隆路1段與興隆路1段251巷口	24.9994601	121.5440652	0	0	1	2	8	6	5	3	1	1	5	4	5	13	2	1	1	4	5	2	16	1	5	1	7	2	8	1		1	3	2	
113	7	28	14	25	臺北市	士林區	士林區通河街2巷與通河街2巷26弄口	25.0788504	121.5230297	0	0	2	3	8	6	5	3	2	1	5	4	5	10	4	4	5	5	5	2	17	1	5	1	6	1	10	1		1	2	11	
113	7	28	14	35	臺北市	士林區	士林區仰德大道2段70巷	25.10633942	121.5450692	0	0	1	2	8	6	5	14	9	1	5	4	5	13	4	4	5	4	5	1	16	4	6	1	3	2	8	1		1	3	5	
113	7	28	14	40	臺北市	士林區	士林區承德路4段與福港街口	25.08997211	121.518417	0	0	1	2	8	7	5	4	1	1	5	4	5	13	2	1	1	4	4	1	17	1	5	1	7	2	8	1		2	3	2	
113	7	28	14	48	臺北市	萬華區	萬華區中華路2段420號	25.0277126	121.5061204	0	0	2	3	7	7	5	14	12	1	5	4	5	13	4	4	8	3	4	2	12	1	11	1	7	1	4	1		1	3	5	
113	7	28	15	9	臺北市	大同區	大同區民權西路與安西街口	25.062991	121.509875	0	0	2	2	8	6	5	4	2	1	5	4	5	13	4	4	10	5	5	2	17	4	9	1	3	2	10	1		2	2	12	
113	7	28	15	34	臺北市	萬華區	萬華區堤外便道與水源快速道路口匝道口	25.016184	121.498254	0	0	1	2	8	7	5	3	1	1	5	4	5	13	4	4	9	5	5	2	17	1	12	1	5	1	10	1		2	2	14	
113	7	28	16	10	臺北市	萬華區	萬華區萬大路與萬大路322巷口	25.02443757	121.5002192	0	0	1	2	8	6	5	4	2	1	5	4	5	13	2	1	1	4	5	2	12	1	15	8	4	1	20	1		1	2	13	
113	7	28	16	12	臺北市	文山區	文山區政大一街與政大三街口	24.9853745	121.5821909	0	0	1	2	8	6	5	3	1	2	5	4	5	13	4	4	5	5	5	2	16	1	6	1	6	1	10	1		1	2	14	
113	7	28	16	20	臺北市	中山區	中山區長安東路2段與伊通街口	25.0484728	121.5349343	0	0	1	2	8	7	5	4	2	1	5	4	5	13	1	1	9	4	5	2	12	4	8	7	3	9	19	2		1	4	2	
113	7	28	17	0	臺北市	大同區	大同區通河西街堤外便道往西P11處	25.0768399	121.5197918	0	0	3	3	8	7	5	14	9	1	5	4	5	13	4	4	9	4	5	2	11	1	9	1	5	1	10	1		2	2	14	
113	7	28	17	1	臺北市	萬華區	萬華區漢口街2段80號	25.0458968	121.5054797	0	0	2	3	8	6	5	14	9	1	5	4	5	13	4	4	10	4	5	2	17	4	1	7	3	11	10	2		1	4	17	
113	7	28	17	8	臺北市	內湖區	內湖區舊宗路1段30巷13號	25.05995137	121.5787275	0	0	1	2	8	6	5	14	9	1	5	4	5	13	4	4	9	5	5	2	17	1	1	1	7	1	8	1		1	3	8	
113	7	28	19	7	臺北市	大同區	大同區台北橋機慢車道(東往西)	25.0635494	121.5084631	0	0	4	4	8	6	5	14	11	1	5	4	5	13	4	4	9	5	5	2	12	4	9	1	6	1	10	1		1	2	14	
113	7	28	19	30	臺北市	中山區	中山區中山北路2段77巷與中山北路2段口口	25.057487	121.5230091	0	0	2	2	7	5	5	3	1	1	5	4	5	13	4	4	10	5	5	2	15	1	9	1	6	9	10	1		1	2	12	
113	7	28	21	43	臺北市	文山區	文山區三福街與景華街3巷口	24.9959376	121.5414452	0	0	1	2	7	5	5	5	1	1	5	4	5	13	4	4	10	5	5	2	15	1	9	1	6	1	10	1		1	2	11	
113	7	28	22	11	臺北市	萬華區	萬華區雙和街與西藏路125巷口	25.02796906	121.5026969	0	0	1	2	8	5	5	4	1	1	5	4	5	13	2	1	5	5	5	2	16	1	11	1	6	1	10	1		1	2	11	
113	7	28	23	1	臺北市	內湖區	內湖區南京東路6段與堤頂大道1段口	25.05488627	121.5774443	0	0	1	2	8	6	5	5	1	1	5	4	5	13	2	1	1	4	5	2	17	1	5	1	5	1	9	1		1	2	14	
113	7	28	23	15	臺北市	內湖區	內湖區潭美街南湖右岸河濱公園長壽抽水站	25.060578	121.5961643	0	0	1	2	8	5	8	11	23	1	5	4	5	13	4	4	10	5	5	2	19	1	9	8	4	9	20	1		1	2	11	
113	7	28	23	55	臺北市	北投區	北投區中央北路4段與中央北路4段583巷口	25.1260567	121.4655406	0	0	1	2	7	5	5	4	1	1	5	4	5	13	1	1	10	5	5	2	16	1	5	1	5	2	10	1		1	2	11	
113	7	29	0	48	臺北市	大同區	大同區承德路1段與南京西路口	25.0530458	121.5175903	0	0	1	2	8	5	5	5	1	1	5	4	5	13	2	1	1	4	5	2	21	1	15	5	7	2	18	1		1	2	8	
113	7	29	7	25	臺北市	信義區	信義區一號道路與松壽路口	25.0359947	121.5620031	0	0	1	2	8	6	5	5	2	1	5	4	5	13	1	1	10	4	5	1	17	1	5	1	7	1	4	1		1	3	5	
113	7	29	7	25	臺北市	萬華區	萬華區光復橋往新北市003206燈桿	25.0248421	121.491204	0	0	1	2	8	6	5	8	9	1	5	4	5	13	4	4	3	4	5	1	17	4	13	1	3	1	10	1		2	3	15	
113	7	29	7	35	臺北市	北投區	北投區大度路3段270巷	25.1237884	121.4670801	0	0	1	2	8	5	6	14	9	1	5	4	5	13	4	4	7	5	5	2	12	4	8	8	3	1	20	1		2	2	14	
113	7	29	7	37	臺北市	松山區	松山區南京東路3段與敦化北路口	25.0518436	121.548964	0	0	1	2	8	6	5	4	1	1	5	4	5	13	2	1	1	4	1	2	13	1	9	8	4	1	20	1		1	2	11	
113	7	29	7	40	臺北市	中山區	中山區北安路與明水路口	25.07774431	121.5390199	0	0	1	2	8	5	5	3	1	1	5	4	5	13	1	1	1	4	5	2	16	1	5	1	7	1	8	1		2	3	4	
113	7	29	7	40	臺北市	南港區	南港區市民大道8段500號附近側附近	25.0538834	121.6120986	0	0	1	2	8	7	6	14	9	1	5	4	5	13	1	1	1	4	5	2	13	4	9	1	3	1	10	1		1	2	11	
113	7	29	7	41	臺北市	文山區	文山區木柵路2段92號	24.9886732	121.5604176	0	0	1	2	8	6	5	14	9	1	5	4	5	13	4	4	5	4	5	2	21	4	6	1	3	2	8	1		1	2	5	
113	7	29	7	44	臺北市	大安區	大安區基隆路3段75號前	25.0174904	121.5447764	0	0	1	2	8	7	5	14	9	1	5	4	5	13	4	4	8	3	5	1	12	1	9	1	5	1	9	1		1	2	14	
113	7	29	7	56	臺北市	中山區	中山區北安路與明水路口	25.08586205	121.5518316	0	0	1	2	8	6	5	14	9	1	5	4	5	13	4	4	1	5	5	1	12	4	7	1	3	1	10	1		2	2	14	
113	7	29	8	1	臺北市	中正區	中正區汀州路1段與寧波西街口	25.0271044	121.5109191	0	0	1	2	8	6	5	4	1	2	5	4	5	13	1	1	5	4	5	2	17	1	5	1	5	1	10	1		2	3	11	
113	7	29	8	3	臺北市	松山區	松山區南京東路5段162號	25.051321	121.5630678	0	0	1	2	8	7	5	14	20	1	5	4	5	13	4	4	10	5	5	2	9	1	9	8	4	2	20	1		2	3	14	
113	7	29	8	10	臺北市	中山區	中山區建國高架道往北下長安東	25.047609	121.5369021	0	0	2	4	8	7	5	14	11	1	5	4	5	13	4	4	3	5	5	2	13	1	9	1	5	1	10	1		1	3	11	
113	7	29	8	22	臺北市	文山區	文山區木柵路4段與木柵路4段159巷口	24.9998421	121.5756698	0	0	1	2	8	5	5	3	2	1	5	4	5	13	2	1	5	4	5	2	16	1	6	1	7	1	8	1		1	3	2	
113	7	29	8	24	臺北市	信義區	信義區永吉路150巷與永吉路120巷27弄口	25.04477305	121.5711026	0	0	1	2	8	6	5	4	1	1	5	4	5	13	4	4	10	5	5	2	17	1	5	1	7	1	8	1		1	3	5	
113	7	29	8	34	臺北市	內湖區	內湖區南京東路6段與堤頂大道1段口	25.05468109	121.5763116	0	0	2	2	8	6	5	4	1	1	5	4	5	13	1	1	3	4	5	1	17	1	5	1	6	1	10	1		1	2	14	
113	7	29	8	40	臺北市	萬華區	萬華區莒光路與興寧街66巷口	25.0313071	121.5001483	0	0	1	2	8	6	5	3	2	1	5	4	5	13	4	4	3	4	5	1	17	4	2	1	3	1	10	1		1	3	13	
113	7	29	8	42	臺北市	中正區	中正區南海路與牯嶺街口	25.0320797	121.5152357	0	0	1	2	8	6	5	4	2	1	5	4	5	13	1	1	10	4	5	2	13	1	9	1	5	2	10	1		2	2	11	
113	7	29	8	43	臺北市	大安區	大安區和平東路2段與復興南路2段口	25.0249375	121.5435141	0	0	1	2	8	6	5	4	1	1	5	4	5	13	2	1	1	4	5	2	15	1	9	1	6	1	9	1		1	2	11	
113	7	29	9	1	臺北市	大同區	大同區鄭州路145號	25.0505153	121.5098793	0	0	2	2	8	6	5	14	20	1	5	4	5	13	4	4	10	5	5	2	9	4	9	8	4	1	20	1		1	2	11	
113	7	29	9	6	臺北市	中山區	中山區龍江路249巷與龍江路口	25.0587893	121.540704	0	0	1	2	8	7	5	4	1	1	5	4	5	13	4	4	9	4	5	2	12	1	9	1	5	1	10	1		1	2	12	
113	7	29	9	11	臺北市	大安區	大安區信義路4段與信義路4段378巷口	25.0329681	121.5557904	0	0	1	2	8	7	5	3	1	1	5	4	5	13	4	4	10	4	5	2	17	1	15	1	6	1	10	1		1	2	13	
113	7	29	9	46	臺北市	內湖區	內湖區成功路2段115巷與成功路2段口	25.0651747	121.590987	0	0	1	2	8	6	5	5	1	1	5	4	5	13	2	1	9	4	4	2	16	1	6	1	7	2	4	1		1	3	6	
113	7	29	9	56	臺北市	大安區	大安區信義路3段134巷20號與信義路3段134巷口	25.0316504	121.5394269	0	0	1	2	8	7	5	3	2	1	5	4	5	13	4	4	9	5	5	1	17	1	5	1	7	1	8	1		1	3	8	
113	7	29	10	13	臺北市	中正區	中正區愛國西路與延平南路附近口	25.0367092	121.5089809	0	0	1	2	8	6	5	4	2	1	5	4	5	13	4	4	1	4	5	2	13	1	9	1	6	2	10	1		1	2	11	
113	7	29	10	37	臺北市	松山區	松山區光復南路17巷與光復南路口	25.04720402	121.557927	0	0	1	2	8	6	5	3	1	1	5	4	5	13	4	4	1	3	5	2	17	1	6	1	7	1	8	1		1	3	8	
113	7	29	10	41	臺北市	信義區	信義區松勤街17號	25.0320626	121.5618795	0	0	1	2	8	6	5	14	9	1	5	4	5	13	4	4	9	4	5	2	17	1	6	1	7	1	8	1		1	3	5	
113	7	29	11	17	臺北市	中正區	中正區貴陽街1段與博愛路口	25.0388836	121.5111146	0	0	1	2	8	6	5	4	1	1	5	4	5	13	1	1	5	4	5	2	16	1	5	1	7	2	4	1		1	3	6	
113	7	29	11	20	臺北市	士林區	士林區至善路2段55號	25.097272	121.5443581	0	0	2	2	7	6	5	11	9	1	5	4	5	13	1	1	1	4	4	2	13	1	15	1	6	2	10	1		1	2	11	
113	7	29	11	32	臺北市	內湖區	內湖區舊宗路1段150巷與堤頂大道1段口	25.06134251	121.57311	0	0	1	2	8	5	5	3	1	1	5	4	5	13	4	4	1	5	5	2	17	1	6	1	7	1	8	1		2	3	17	
113	7	29	11	40	臺北市	松山區	松山區八德路3段與北寧路口	25.0482614	121.5526287	0	0	2	4	8	7	5	4	1	1	5	4	5	13	2	1	9	4	5	2	13	1	9	1	6	1	10	1		1	2	11	
113	7	29	11	46	臺北市	大安區	大安區信義路2段72號	25.0343502	121.5264454	0	0	1	2	8	6	5	14	9	1	5	4	5	13	4	4	1	4	5	1	12	4	8	1	3	1	10	1		1	2	14	
113	7	29	12	9	臺北市	信義區	信義區松仁路與忠孝東路5段236巷2弄口口	25.0404887	121.5685921	0	0	1	2	8	6	5	3	1	1	5	4	5	13	4	4	1	4	5	2	16	4	5	1	3	1	4	1		1	3	2	
113	7	29	12	18	臺北市	萬華區	萬華區環河南路1段與成都路口	25.04449832	121.5011045	0	0	1	2	8	7	5	14	7	1	5	4	5	13	4	4	4	1	5	2	13	1	9	1	6	1	10	1		2	2	11	
113	7	29	12	51	臺北市	松山區	松山區敦化北路166號	25.05574873	121.5487514	0	0	2	3	8	5	5	14	7	1	5	4	5	13	4	4	9	4	4	2	17	4	9	1	6	1	10	1		2	2	11	
113	7	29	13	25	臺北市	大同區	大同區台北橋機慢車道往三重	25.0634994	121.5087077	0	0	1	2	8	6	5	8	11	1	5	4	5	13	4	4	10	5	5	1	16	1	8	3	6	2	18	1		1	3	14	
113	7	29	13	32	臺北市	北投區	北投區懷德街56巷與榮華三路41巷口	25.1127562	121.5204199	0	0	1	2	8	5	5	4	1	1	5	4	5	13	4	4	10	4	5	1	15	1	9	1	5	2	10	1		1	2	11	
113	7	29	13	41	臺北市	北投區	北投區中央北路1段與大業路口	25.13607053	121.4971871	0	0	2	2	8	6	5	4	1	1	5	4	5	13	1	1	4	4	5	2	16	1	5	1	7	2	8	1		2	2	5	
113	7	29	13	58	臺北市	信義區	信義區信義路5段與基隆路1段口口	25.0331315	121.5597562	0	0	1	2	8	6	5	4	1	1	5	4	5	13	2	1	1	4	5	2	13	4	8	1	5	1	10	1		1	2	11	
113	7	29	14	0	臺北市	中山區	中山區建國北路1段與長安東路2段口	25.049564	121.521914	0	0	1	2	8	6	5	4	1	1	5	4	5	13	1	1	1	4	5	2	15	4	9	1	5	1	10	1		1	3	11	