年	月	日	時	分	縣市	行政區	allLocation	GoogleLat	GoogleLng	死	2-30	受傷	當事人數	天候	道路照明設備	道路類別	道路型態	事故位置	路面狀況1	路面狀況2	路面狀況3	道路障礙1	道路障礙2	號誌1	號誌2	車道劃分-分向	車道劃分-分道1	車道劃分-分道2	車道劃分-分道3	事故類型及型態	行動電話	當事者行動狀態	駕駛資格情形	保護裝置	飲酒情形	駕駛執照種類	個人肇逃否	肇因碼-主要	性別	受傷程度	車輛撞擊部位1	車輛撞擊部位2
113	7	29	14	1	臺北市	北投區	北投區光明路與公館路口	25.1337877	121.5021276	0	0	1	2	7	6	5	3	2	1	5	4	5	13	3	1	5	5	5	1	12	1	9	1	5	1	11	1		2	2	14	
113	7	29	14	4	臺北市	中正區	中正區思源街1號	25.0136619	121.530504	0	0	1	2	7	7	5	14	9	1	5	3	5	13	4	4	1	4	5	2	18	1	9	1	5	1	10	1		1	2	12	
113	7	29	14	10	臺北市	中山區	中山區民權東路2段與民權東路2段135巷口	25.062578	121.5347232	0	0	1	3	8	7	5	4	2	1	5	4	5	13	4	4	1	4	5	2	9	4	14	1	3	1	4	1		1	3	6	
113	7	29	14	25	臺北市	松山區	松山區八德路4段與塔悠路口	25.04990582	121.5721555	0	0	1	2	8	7	5	4	1	1	5	4	5	13	2	1	9	4	5	2	17	1	5	6	6	2	10	1		1	2	14	
113	7	29	14	35	臺北市	中正區	中正區市民大道2段與金山北路口	25.0459624	121.5305471	0	0	1	2	8	7	5	4	1	1	5	4	5	13	1	1	1	2	5	2	12	1	8	1	5	1	10	1		2	2	12	
113	7	29	14	45	臺北市	北投區	北投區洲美路222-1號	25.10182879	121.5013934	0	0	2	3	8	6	5	14	9	1	5	4	5	13	4	4	9	4	5	1	17	1	4	1	5	1	10	1		2	2	12	
113	7	29	14	48	臺北市	信義區	信義區松德路與松德路118巷口	25.0375048	121.5748125	0	0	1	2	8	7	5	4	2	1	5	4	5	13	2	1	1	4	5	2	10	4	9	3	3	9	18	2		1	2	11	
113	7	29	14	58	臺北市	內湖區	內湖區大湖街160巷22弄與大湖街158巷口	25.0819725	121.5997959	0	0	1	2	8	6	5	3	1	1	5	4	5	13	4	4	10	5	5	2	11	1	1	6	5	1	10	1		1	2	14	
113	7	29	15	7	臺北市	萬華區	萬華區萬大路277巷與萬大路237巷10弄口	25.0254181	121.5010818	0	0	1	2	8	6	5	4	1	1	5	4	5	13	4	4	10	5	5	1	15	1	9	1	5	1	10	1		2	2	11	
113	7	29	15	27	臺北市	內湖區	內湖區成功橋(南往北向)	25.0577992	121.5929054	0	0	1	3	8	5	5	8	9	1	5	4	5	13	4	4	1	4	5	2	12	1	9	1	5	1	10	1		1	2	14	
113	7	29	15	39	臺北市	信義區	信義區福德街與福德街84巷口	25.0372467	121.581505	0	0	1	3	8	6	5	3	2	1	5	4	5	13	2	1	1	4	5	2	13	1	9	1	5	1	10	1		1	3	11	
113	7	29	16	21	臺北市	內湖區	內湖區康樂街186巷與康樂街口	25.0758656	121.6205458	0	0	2	2	8	6	5	3	2	1	5	4	5	13	4	4	5	5	5	2	16	1	1	1	5	1	10	1		2	2	14	
113	7	29	16	29	臺北市	士林區	士林區通河西街1段與重慶北路4段口	25.0877193	121.5119194	0	0	1	3	8	7	5	3	1	1	5	4	5	13	2	1	9	4	5	1	17	1	9	1	7	2	8	1		1	3	5	
113	7	29	16	29	臺北市	萬華區	萬華區青年路48號對面	25.0252788	121.5039977	0	0	1	2	8	7	5	14	9	1	5	4	5	13	4	4	9	5	5	2	17	1	13	1	7	1	8	1		1	3	8	
113	7	29	17	10	臺北市	信義區	信義區嘉興街與嘉興街219巷口口	25.0258154	121.5562482	0	0	2	2	8	7	5	3	1	1	5	4	5	13	4	4	10	5	5	2	16	1	5	8	4	2	20	1		1	2	14	
113	7	29	17	43	臺北市	萬華區	萬華區東園街73巷70號	25.02631076	121.4987477	0	0	1	2	8	6	5	14	9	1	5	4	5	13	4	4	10	5	5	1	17	1	15	8	4	1	20	1		1	3	14	
113	7	29	17	50	臺北市	內湖區	內湖區民權東路6段50號附近	25.0683771	121.5832565	0	0	1	2	8	6	5	14	9	1	5	4	5	13	4	4	1	3	5	1	17	1	6	1	7	2	8	1		1	3	2	
113	7	29	17	56	臺北市	中正區	中正區八德路1段56號	25.04409647	121.5312019	0	0	3	3	7	7	5	14	9	1	5	4	5	13	4	4	9	4	5	2	16	1	11	1	7	2	8	1		1	2	4	
113	7	29	18	15	臺北市	中山區	中山區松江路與松江路口往北，長春段至民生東路段	25.0551204	121.5331184	0	0	6	9	8	6	5	14	10	1	5	4	5	13	4	4	7	4	5	2	17	4	7	1	3	9	10	1		1	3	17	
113	7	29	18	36	臺北市	大同區	大同區重慶北路3段236巷與重慶北路3段236巷45弄口	25.0705576	121.51227	0	0	1	2	8	5	5	4	2	1	5	4	5	13	2	1	10	5	5	2	17	4	9	1	3	1	10	1		1	3	12	
113	7	29	19	5	臺北市	文山區	文山區新光路2段30號(南往北公車專用道)	24.99837382	121.5794796	0	0	1	2	8	5	5	14	10	2	5	4	5	13	4	4	10	5	5	2	9	1	15	1	3	2	2	1		1	3	17	
113	7	29	19	26	臺北市	內湖區	內湖區陽光街256號	25.07312	121.5771381	0	0	2	3	7	5	5	14	9	1	5	4	5	13	1	1	4	5	5	2	13	1	9	1	7	1	8	1		2	3	1	
113	7	29	20	2	臺北市	中山區	中山區吉林路22巷與吉林路口	25.0510818	121.5300585	0	0	1	2	7	5	5	4	1	1	5	4	5	13	4	4	9	4	5	2	3	1	5	1	7	9	4	1		1	3	1	
113	7	29	20	24	臺北市	內湖區	內湖區康寧路3段與康寧路3段75巷口	25.0721379	121.6080687	0	0	1	3	8	5	5	3	1	1	5	4	5	13	1	1	1	3	5	1	12	1	8	1	6	2	10	1		2	2	13	
113	7	29	20	35	臺北市	北投區	北投區崇仁路1段66號	25.1266286	121.5014461	0	0	1	2	7	6	5	14	9	1	5	4	5	13	4	4	5	5	5	1	11	1	9	1	5	1	10	1		2	2	17	
113	7	29	21	0	臺北市	中山區	中山區敬業三路177巷與敬業三路口口	25.07866862	121.5562076	0	0	1	2	8	5	5	3	1	1	5	4	5	13	4	4	5	4	5	2	12	4	15	1	3	1	8	1		1	3	1	
113	7	29	21	2	臺北市	大安區	大安區安和路1段與安和路1段127巷口	25.034724	121.5525752	0	0	2	2	8	5	5	4	1	1	5	4	5	13	1	1	1	4	5	2	3	1	9	1	5	1	10	1		1	2	11	
113	7	29	21	6	臺北市	士林區	士林區延平北路6段與延平北路6段24巷口口	25.0881569	121.5093562	0	0	2	3	7	7	5	3	2	2	5	4	5	13	4	4	8	3	4	2	15	1	9	1	5	1	10	1		1	2	11	
113	7	29	21	51	臺北市	大安區	大安區辛亥路2段與建國南路2段口	25.0224352	121.5381361	0	0	2	4	7	5	5	5	4	1	5	4	5	13	1	1	3	4	5	2	12	4	9	1	3	1	8	1		1	3	5	
113	7	29	23	0	臺北市	南港區	南港區東新街與東新街113巷口	25.0465434	121.590497	0	0	2	3	7	5	5	3	2	1	5	4	5	13	2	1	9	5	5	2	13	4	9	3	3	1	18	1		1	3	1	
113	7	30	1	1	臺北市	萬華區	萬華區環河南路2段與西藏路口	25.0305278	121.4902006	0	0	1	2	8	5	5	4	1	1	5	4	5	13	2	1	1	4	5	2	17	1	9	8	2	1	20	1		1	3	17	
113	7	30	6	4	臺北市	大同區	大同區民權西路與民權西路250巷口	25.0628394	121.5125769	0	0	1	2	8	6	5	5	2	1	5	4	5	13	4	4	1	5	5	2	17	1	9	1	6	2	10	1		1	3	11	
113	7	30	6	20	臺北市	士林區	士林區通河西街1段百齡橋堤外槌球場南側臨時平面停車場出入口	25.08725396	121.5121888	0	0	1	2	8	6	8	14	9	1	5	4	5	13	4	4	9	5	5	1	17	1	5	1	7	2	4	1		1	3	17	
113	7	30	6	37	臺北市	萬華區	萬華區堤外便道近中興橋	25.0445679	121.5008407	0	0	2	2	7	6	5	14	9	2	5	4	5	13	4	4	4	5	5	2	17	1	9	1	6	1	10	1		1	2	12	
113	7	30	7	42	臺北市	萬華區	萬華區康定路與康定路25巷口	25.0440453	121.5027497	0	0	1	2	7	5	5	4	1	1	5	4	5	13	4	4	8	3	5	1	16	4	5	1	3	1	10	1		2	2	11	
113	7	30	8	26	臺北市	內湖區	(潭美街551號)	25.060861	121.6006712	0	0	1	2	7	6	5	3	1	1	5	4	5	13	4	4	5	4	5	2	16	1	6	1	7	1	8	1		1	3	6	
113	7	30	8	27	臺北市	文山區	文山區木新路2段43巷與無名巷口	24.9859563	121.5713853	0	0	2	2	8	7	5	3	1	1	5	4	5	13	4	4	10	5	5	2	12	1	1	1	5	1	10	1		2	2	14	
113	7	30	8	30	臺北市	內湖區	內湖區潭美街600號	25.0607728	121.6004549	0	0	1	2	8	6	5	14	9	1	5	4	5	13	4	4	5	5	5	2	12	4	21	7	3	9	19	1		1	4	6	
113	7	30	8	39	臺北市	信義區	信義區吳興街156巷65弄與信安街15巷口	25.0278318	121.5591079	0	0	2	2	8	6	5	4	1	1	5	4	5	13	4	4	9	4	5	2	15	1	9	1	5	1	10	1		1	2	14	
113	7	30	8	40	臺北市	中正區	中正區八德路1段82巷與八德路1段口	25.0440566	121.531833	0	0	2	2	8	7	5	4	1	1	5	4	5	13	1	1	5	4	5	2	17	1	5	1	5	2	10	1		2	2	12	
113	7	30	8	51	臺北市	中山區	中山區長春路38號	25.0549826	121.5251208	0	0	1	2	8	7	5	14	9	1	5	4	5	13	4	4	9	4	5	2	17	1	9	1	5	1	10	1		1	2	17	
113	7	30	8	58	臺北市	中山區	中山區南京東路3段133號	25.04813672	121.5476575	0	0	2	3	8	7	5	14	8	1	5	4	5	13	4	4	1	4	4	2	17	1	6	1	7	1	4	1		1	3	5	
113	7	30	9	31	臺北市	大安區	大安區信義路3段134巷2號	25.033085	121.5394896	0	0	1	2	8	6	5	14	9	1	5	4	5	13	4	4	9	5	5	2	16	1	11	1	7	2	8	1		1	3	1	
113	7	30	9	50	臺北市	大安區	大安區忠孝東路4段77號	25.0416186	121.5474977	0	0	1	2	8	6	5	14	9	1	5	4	5	13	2	1	1	4	5	2	13	1	9	1	6	1	10	1		2	2	11	
113	7	30	10	10	臺北市	中正區	中正區羅斯福路2段48巷與羅斯福路2段30巷口	25.0277192	121.5212202	0	0	1	2	7	7	5	4	1	1	5	4	5	13	4	4	10	5	5	2	16	1	5	1	5	1	11	1		2	2	11	
113	7	30	10	16	臺北市	大安區	大安區羅斯福路4段往北方向(公館捷運站2號出口)	25.0144566	121.5347954	0	0	1	2	8	7	5	14	9	1	5	4	5	13	4	4	8	3	5	1	12	1	15	1	5	1	10	1		2	2	11	
113	7	30	10	20	臺北市	中正區	中正區中山南路與徐州路口	25.0417575	121.5185915	0	0	2	2	6	7	5	3	1	1	4	4	5	13	1	1	1	4	5	2	17	1	6	1	5	1	10	1		1	2	13	
113	7	30	10	38	臺北市	內湖區	內湖區江南街71巷75弄與文德路22巷53弄口	25.0755212	121.5797788	0	0	1	2	8	6	5	4	1	1	5	4	5	13	4	4	10	5	5	2	15	1	9	1	7	1	4	1		1	3	7	
113	7	30	11	14	臺北市	士林區	士林區中山北路7段與中山北路7段219巷口	25.1266895	121.5328509	0	0	1	2	6	6	5	4	1	1	4	4	5	13	4	4	10	5	5	2	18	1	6	1	6	1	10	1		1	2	12	
113	7	30	12	43	臺北市	萬華區	萬華區昆明街與武昌街2段口	25.0450837	121.5053899	0	0	1	2	8	7	5	4	2	1	5	4	5	13	1	1	10	3	5	2	1	1	5	1	7	1	8	1		1	3	1	
113	7	30	12	53	臺北市	北投區	019燈桿大度路往淡水(東往西)	25.1216134	121.4926826	0	0	1	2	8	7	5	14	7	1	5	4	5	13	4	4	9	4	4	1	13	1	9	1	7	1	8	1		1	3	1	
113	7	30	13	30	臺北市	士林區	士林區中山北路6段290巷與中山北路6段290巷11弄口	25.11016626	121.5260701	0	0	2	2	7	5	5	3	1	1	5	4	5	13	4	4	10	5	5	1	15	1	15	1	5	1	10	1		1	2	11	
113	7	30	13	43	臺北市	文山區	文山區新光路2段匝道四富德橋旁	25.0025124	121.5969111	0	0	1	2	7	7	5	11	9	1	5	4	5	13	4	4	9	5	5	2	17	1	8	1	7	1	8	1		1	3	1	
113	7	30	14	22	臺北市	信義區	信義區基隆路1段與松隆路口口	25.04350042	121.5660927	0	0	2	2	8	6	5	4	2	1	5	4	5	13	2	1	1	4	5	2	13	1	14	1	6	1	10	1		2	2	13	
113	7	30	14	24	臺北市	信義區	信義區基隆路2段115號	25.0283937	121.5568392	0	0	1	2	7	6	5	14	9	1	5	4	5	13	1	1	1	4	5	1	17	4	9	1	3	1	10	1		1	2	14	
113	7	30	14	36	臺北市	中正區	中正區忠孝東路2段與金山南路1段口	25.0431166	121.5296483	0	0	1	2	8	6	5	4	1	1	5	5	5	13	1	1	1	4	5	2	18	1	9	1	6	2	10	1		1	2	12	
113	7	30	14	40	臺北市	士林區	士林區前街66號	25.0976862	121.5261507	0	0	2	2	7	5	8	22	22	1	5	4	5	13	4	4	10	5	5	1	9	1	9	3	5	1	18	1		2	2	11	
113	7	30	14	44	臺北市	松山區	松山區敦化北路165巷與敦化北路155巷66弄口	25.0547452	121.5507593	0	0	1	2	8	6	5	3	2	1	5	4	5	13	4	4	10	5	5	2	17	1	15	1	7	9	8	1		1	3	17	
113	7	30	14	53	臺北市	中正區	中正區重慶南路1段130號	25.03689578	121.512591	0	0	2	2	8	6	5	14	9	1	5	4	5	13	4	4	5	4	5	2	16	1	11	6	7	2	4	1		1	2	4	
113	7	30	15	0	臺北市	文山區	文山區木柵路1段66-5號	24.9870069	121.5479778	0	0	1	2	7	6	5	14	20	2	5	4	5	13	4	4	10	5	5	2	18	1	9	1	5	11	10	1		2	2	14	
113	7	30	15	5	臺北市	士林區	士林區中山北路5段與中正路口	25.0959406	121.5277301	0	0	2	6	7	6	5	4	1	1	2	4	5	13	1	1	8	4	5	2	17	4	6	1	3	1	1	1		1	3	17	
113	7	30	15	10	臺北市	文山區	文山區景隆街與景隆街36巷口	24.9988018	121.5436354	0	0	1	2	8	6	5	3	1	1	5	4	5	13	2	1	5	4	5	2	16	1	5	1	7	2	8	1		1	3	8	
113	7	30	15	37	臺北市	南港區	南港區南港路2段與南港路2段38巷口	25.05406025	121.6050675	0	0	1	2	8	6	5	3	2	1	5	4	5	13	2	1	5	5	4	2	9	1	9	1	7	2	2	1		1	3	15	
113	7	30	15	39	臺北市	中正區	中正區忠孝東路1段與紹興南街口	25.0442555	121.5252839	0	0	2	4	7	6	5	14	9	1	5	4	5	13	4	4	1	4	5	2	13	1	9	1	6	1	10	1		2	2	11	
113	7	30	15	42	臺北市	士林區	士林區承德路4段10巷與通河街76巷口口	25.0801308	121.5201486	0	0	1	2	7	7	5	4	1	1	5	4	5	13	4	4	4	3	5	2	15	1	9	1	5	1	10	1		1	2	11	
113	7	30	16	10	臺北市	中正區	中正區林森南路地下道	25.03337354	121.5188036	0	0	1	3	7	5	5	14	9	1	5	4	5	13	4	4	7	2	5	2	12	1	9	1	5	2	10	1		1	3	14	
113	7	30	16	11	臺北市	文山區	文山區木新路3段與木新路3段74巷口口	24.9824008	121.5635413	0	0	1	3	8	6	5	3	1	1	5	4	5	13	4	4	10	5	5	2	16	1	5	1	7	2	4	1		1	3	6	
113	7	30	16	20	臺北市	內湖區	內湖區舊宗路1段86號	25.0594766	121.5797013	0	0	1	2	7	7	5	14	9	1	5	4	5	13	4	4	1	4	5	2	16	1	6	1	7	1	4	1		1	3	2	
113	7	30	16	20	臺北市	士林區	士林區德行西路與福華路口	25.1048133	121.5222688	0	0	1	2	8	6	5	4	2	1	5	4	5	13	1	1	5	5	5	2	17	1	5	1	6	1	9	1		1	2	13	
113	7	30	16	30	臺北市	北投區	北投區文林北路94巷與明德路38巷口	25.1069211	121.5189302	0	0	1	2	8	5	5	4	1	1	5	4	5	13	4	4	10	4	5	1	15	1	9	1	5	2	10	1		2	2	12	
113	7	30	16	50	臺北市	信義區	信義區永吉路30巷與忠孝東路5段71巷11弄口	25.0419538	121.56872	0	0	1	2	7	6	5	4	1	1	5	4	5	13	4	4	9	4	5	2	15	1	9	1	5	1	10	1		1	2	11	
113	7	30	17	0	臺北市	文山區	文山區羅斯福路6段與羅斯福路6段159巷口	24.9971275	121.5409939	0	0	1	2	8	6	5	4	2	1	5	4	5	13	2	1	1	4	5	2	17	1	8	1	7	2	4	1		1	3	17	
113	7	30	17	17	臺北市	信義區	信義區信義路5段8號	25.0329418	121.5611989	0	0	1	2	8	5	5	14	9	1	5	4	5	13	1	1	3	4	4	2	18	4	9	1	3	1	10	1		1	2	14	
113	7	30	17	23	臺北市	萬華區	萬華區環河南路1段與峨眉街口	25.0448052	121.5015591	0	0	1	2	7	6	5	3	1	1	5	4	5	13	4	4	8	3	5	1	17	1	6	1	7	1	8	1		1	3	17	
113	7	30	18	30	臺北市	內湖區	內湖區民權東路6段56巷與民權東路6段90巷16弄口口	25.06787147	121.5851594	0	0	1	2	8	6	5	3	1	1	5	4	5	13	4	4	5	5	4	2	16	1	5	1	5	1	10	1		1	2	12	
113	7	30	19	0	臺北市	中山區	中山區復興北路與遼寧街185巷口	25.0533131	121.5440054	0	0	1	2	8	5	5	4	1	1	5	4	5	13	1	1	1	4	5	2	17	1	6	3	7	1	18	1		1	3	5	12
113	7	30	19	0	臺北市	大安區	大安區羅斯福路3段29號	25.0234854	121.5251991	0	0	1	3	8	5	5	14	9	1	5	4	5	13	1	1	1	4	5	1	17	1	9	1	7	1	8	1		1	2	8	
113	7	30	19	47	臺北市	萬華區	萬華區漢口街2段90巷與漢口街2段90巷8弄口	25.0458043	121.5042267	0	0	2	2	8	5	5	4	1	1	5	4	5	13	4	4	10	5	5	2	15	1	9	1	5	1	10	1		1	2	12	
113	7	30	19	49	臺北市	北投區	北投區立功街與立功街55巷口	25.12472664	121.4690653	0	0	1	2	8	5	5	14	9	1	5	4	5	13	3	1	9	4	5	2	1	1	5	1	7	2	4	1		1	3	8	
113	7	30	19	52	臺北市	松山區	松山區南京東路5段329號前	25.0514251	121.5672177	0	0	1	2	7	5	5	14	9	1	5	4	5	13	4	4	9	4	5	2	12	1	7	1	5	1	10	1		1	2	12	
113	7	30	20	45	臺北市	信義區	信義區忠孝東路5段6號	25.040526	121.5642847	0	0	1	2	7	5	5	14	9	1	5	4	5	13	1	1	10	4	5	1	13	1	9	3	7	2	18	1		1	3	8	
113	7	30	21	1	臺北市	大同區	大同區延平北路3段與民權西路口	25.0630307	121.5111835	0	0	1	3	8	5	5	4	1	1	5	4	5	13	1	1	1	4	5	2	17	4	21	7	3	11	10	2		4	4	11	
113	7	30	21	38	臺北市	士林區	士林區文林路與文林路594巷口	25.0987721	121.5237249	0	0	1	2	8	5	5	4	1	1	5	4	5	13	3	1	4	5	4	1	17	1	6	1	7	1	8	1		1	3	2	
113	7	30	21	40	臺北市	萬華區	萬華區昆明街與昆明街96巷口	25.0446715	121.5052524	0	0	1	2	8	5	8	22	22	1	5	4	5	13	4	4	10	5	5	2	17	4	15	1	3	1	4	1		1	3	5	
113	7	30	22	15	臺北市	北投區	北投區東華街1段20號	25.10765911	121.5205746	0	0	2	3	8	5	6	14	9	1	2	4	5	13	4	4	10	4	5	2	17	1	9	1	3	9	8	2		1	3	17	
113	7	30	22	17	臺北市	中正區	中正區青島東路與林森南路口	25.0436769	121.5229101	0	0	3	3	8	5	5	4	1	1	5	4	5	13	1	1	10	5	5	2	16	1	5	1	5	2	10	1		1	2	12	
113	7	30	22	30	臺北市	文山區	文山區懷恩隧道北往南	24.9921267	121.5513194	0	0	2	3	8	5	5	6	9	1	5	4	5	13	4	4	10	2	5	1	18	1	9	1	5	1	10	1		2	2	14	
113	7	30	22	32	臺北市	萬華區	萬華區永福街與柳州街口	25.0380326	121.5057428	0	0	1	2	8	6	5	4	1	1	5	4	5	13	2	1	10	5	5	2	3	4	5	1	3	2	8	1		2	3	8	
113	7	30	22	48	臺北市	大同區	大同區民生西路與民生西路171巷口	25.05722767	121.5172555	0	0	1	2	8	6	5	5	2	1	5	4	5	13	4	4	5	5	5	2	13	1	9	1	6	1	10	1		2	2	11	
113	7	31	0	14	臺北市	信義區	信義區忠孝東路5段267號	25.0410426	121.5712448	0	0	1	2	7	5	5	14	9	1	5	4	4	13	4	4	1	4	5	1	24	4	9	1	3	1	10	1		1	2	14	
113	7	31	1	54	臺北市	萬華區	萬華區西園路1段與大理街口	25.0341508	121.4983645	0	0	2	2	8	6	5	4	1	1	5	4	5	13	2	1	1	4	5	2	13	4	9	8	4	1	20	1		2	2	11	
113	7	31	3	50	臺北市	信義區	信義區基隆路1段往環東大道引道	25.0465825	121.5677573	0	0	1	2	8	6	5	10	7	1	5	4	5	13	4	4	3	4	5	2	13	1	9	1	5	1	10	1		1	2	11	
113	7	31	4	40	臺北市	士林區	士林區福國路15巷與福國路口	25.1023078	121.5245604	0	0	1	2	8	5	5	4	2	1	5	4	5	13	2	1	1	4	5	1	17	1	9	8	4	2	20	1		1	2	13	
113	7	31	5	30	臺北市	信義區	信義區信義路6段與信義路6段15巷口	25.0341362	121.5753141	0	0	2	2	8	6	5	4	1	1	5	4	5	13	2	1	5	4	5	2	16	1	9	1	5	1	10	1		1	2	11	
113	7	31	6	33	臺北市	中山區	中山區中山北路1段與市民大道1段口	25.0482081	121.5206613	0	0	1	2	8	5	5	4	2	1	5	4	5	13	2	1	3	4	5	2	17	4	6	1	3	2	8	1		2	3	2	
113	7	31	7	4	臺北市	南港區	南港區興南街180巷與興南街64巷6弄口	25.0552666	121.6011754	0	0	2	2	8	7	5	4	1	1	5	4	5	12	4	4	10	5	5	2	15	1	9	6	6	2	10	1		1	2	12	
113	7	31	7	31	臺北市	松山區	松山區民權東路5段58號	25.06310582	121.5654617	0	0	1	2	8	6	5	14	9	1	5	4	5	13	4	4	1	5	5	2	12	1	9	1	7	1	2	1		1	3	5	
113	7	31	7	47	臺北市	中正區	中正區重慶南路1段與凱達格蘭大道口	25.03997388	121.512871	0	0	1	2	8	7	5	3	1	1	5	4	5	13	1	1	4	3	5	2	13	1	9	1	6	2	10	1		2	2	11	
113	7	31	7	50	臺北市	大安區	大安區敦化南路2段與四維路154巷口	25.0308922	121.5485355	0	0	1	2	8	6	5	22	18	1	5	4	5	13	2	1	1	4	5	2	3	1	5	1	7	1	8	1		1	3	8	
113	7	31	8	0	臺北市	內湖區	內湖區五分街72巷與安康路434巷口	25.0662606	121.6164102	0	0	1	2	8	6	5	3	1	1	5	4	5	13	4	4	9	5	5	2	16	1	5	1	7	1	2	1		1	3	1	
113	7	31	8	12	臺北市	中正區	中正區羅斯福路4段與基隆路4段口	25.0113652	121.5370492	0	0	1	2	8	7	5	5	1	1	5	4	5	13	2	1	10	4	4	2	29	1	9	1	5	1	10	1		1	2	11	
113	7	31	8	30	臺北市	內湖區	內湖區康樂街與忠二街口旁	25.0772817	121.6224759	0	0	1	2	8	6	5	14	9	1	5	4	5	13	4	4	5	5	5	2	13	1	9	1	5	2	10	1		1	2	11	
113	7	31	8	40	臺北市	萬華區	萬華區康定路與大理街口	25.03462255	121.5011853	0	0	1	2	8	7	5	4	2	1	5	4	5	13	1	1	5	4	5	2	17	1	11	1	7	1	4	1		1	3	1	
113	7	31	8	42	臺北市	松山區	松山區長春路與復興北路141巷6弄口	25.05448352	121.5447805	0	0	1	2	8	6	5	5	1	1	4	4	5	13	4	4	5	5	5	2	16	1	6	1	6	1	10	1		2	3	13	
113	7	31	9	12	臺北市	文山區	文山區木新路1段與指南路1段51巷口	24.9885627	121.5705798	0	0	1	2	8	7	5	4	1	1	5	4	5	13	1	1	10	5	5	2	16	1	5	1	7	1	8	1		1	3	2	
113	7	31	9	30	臺北市	中山區	中山區民權東路1段與林森北路口	25.062747	121.525632	0	0	1	2	8	5	5	4	1	1	5	4	5	13	1	1	5	4	5	2	16	1	9	1	7	1	8	1		1	3	1	
113	7	31	9	50	臺北市	信義區	信義區松仁路89號	25.0368418	121.5685371	0	0	1	2	7	6	8	22	20	1	5	4	5	13	4	4	10	5	5	2	18	1	9	8	4	1	20	1		2	2	14	
113	7	31	9	59	臺北市	中山區	中山區民權東路3段與合江街口	25.0622351	121.5422903	0	0	2	2	8	6	5	3	1	1	5	4	5	13	4	4	1	4	5	2	13	1	9	1	6	1	10	1		1	2	11	
113	7	31	10	11	臺北市	大安區	大安區市民大道3段與八德路2段口	25.0448953	121.5343148	0	0	1	2	8	6	5	4	2	1	5	4	5	13	2	1	1	4	5	2	16	1	6	1	7	1	8	1		1	3	5	
113	7	31	10	12	臺北市	萬華區	萬華區中華路1段與開封街2段口	25.0462281	121.5092551	0	0	2	2	8	6	6	4	2	1	5	4	5	13	1	1	1	4	1	1	13	4	9	1	3	1	10	1		2	2	15	
113	7	31	10	18	臺北市	大安區	大安區新生南路1段97巷與新生南路1段103巷33弄口	25.0411866	121.5356803	0	0	1	2	8	7	5	4	2	1	5	4	5	13	4	4	9	5	5	1	15	1	9	1	7	1	4	1		1	3	1	
113	7	31	10	30	臺北市	內湖區	內湖區金龍路與內湖路3段141巷口	25.0862872	121.5892246	0	0	2	2	8	6	5	4	1	1	5	4	5	13	2	1	5	4	5	2	16	1	5	1	5	1	10	1		2	2	11	
113	7	31	11	9	臺北市	松山區	松山區民生東路5段與光復北路口	25.0582762	121.5552586	0	0	2	3	8	5	5	4	1	1	5	4	5	13	1	1	8	3	5	1	16	1	5	1	3	1	10	1		1	2	14	
113	7	31	11	20	臺北市	大安區	大安區芳蘭路49號	25.0141436	121.5468935	0	0	2	3	8	7	5	14	9	1	5	4	5	13	4	4	8	3	5	2	11	4	15	1	3	1	8	1		1	3	1	
113	7	31	11	45	臺北市	文山區	文山區興隆路2段351號	25.00106794	121.5546615	0	0	2	2	8	6	5	14	9	1	5	4	5	13	2	1	1	4	5	2	12	1	8	1	6	2	10	1		1	2	11	
113	7	31	11	54	臺北市	中山區	中山區長春路5號	25.05500175	121.5235116	0	0	1	2	8	5	5	14	8	1	5	4	5	13	4	4	9	5	4	2	16	1	11	1	7	1	4	1		1	3	8	
113	7	31	12	5	臺北市	士林區	士林區永平街與社中街口	25.092266	121.5051266	0	0	1	2	8	6	5	3	1	1	5	4	5	13	3	1	5	5	5	2	17	4	5	1	3	1	8	1		1	3	1	
113	7	31	12	21	臺北市	內湖區	內湖區成功路4段西向東no.26車格	25.0845135	121.5986618	0	0	1	2	8	6	5	14	8	1	5	4	5	13	4	4	9	4	4	2	12	1	1	1	7	1	8	1		2	3	5	
113	7	31	12	25	臺北市	北投區	北投區承德路7段3號	25.111371	121.5101838	0	0	1	2	8	5	5	14	8	1	5	4	5	13	4	4	3	2	4	1	17	4	6	1	3	1	8	1		1	3	2	
113	7	31	12	52	臺北市	中山區	中山區民權東路3段75巷與復興北路430巷口	25.0633513	121.5436687	0	0	1	2	7	7	5	4	1	1	5	4	5	13	3	1	10	5	5	2	15	1	9	1	5	1	10	1		1	3	11	
113	7	31	13	14	臺北市	大同區	大同區承德路3段與昌吉街口	25.0657335	121.5182807	0	0	1	2	7	6	5	4	1	1	5	4	5	13	2	1	1	4	5	2	17	4	11	1	6	1	10	1		2	2	12	
113	7	31	13	27	臺北市	中山區	中山區南京東路1段6號	25.0521275	121.523119	0	0	1	2	8	6	5	14	8	1	5	4	5	13	4	4	1	4	4	2	12	4	1	1	3	1	4	1		2	3	8	
113	7	31	13	29	臺北市	中正區	中正區襄陽路與南陽街口	25.0433133	121.51598	0	0	1	3	8	5	5	14	19	1	5	4	5	13	4	4	9	4	5	2	9	1	9	3	5	2	18	1		2	3	11	