年	月	日	時	分	縣市	行政區	allLocation	GoogleLat	GoogleLng	死	2-30	受傷	當事人數	天候	道路照明設備	道路類別	道路型態	事故位置	路面狀況1	路面狀況2	路面狀況3	道路障礙1	道路障礙2	號誌1	號誌2	車道劃分-分向	車道劃分-分道1	車道劃分-分道2	車道劃分-分道3	事故類型及型態	行動電話	當事者行動狀態	駕駛資格情形	保護裝置	飲酒情形	駕駛執照種類	個人肇逃否	肇因碼-主要	性別	受傷程度	車輛撞擊部位1	車輛撞擊部位2
113	7	31	13	40	臺北市	中山區	中山區基湖路與樂群一路口	25.0760607	121.562975	0	0	1	2	6	7	5	14	9	1	4	4	5	13	1	1	3	4	5	2	12	1	8	1	7	1	8	1		2	3	2	
113	7	31	14	0	臺北市	士林區	士林區延平北路6段488號	25.0941249	121.4979047	0	0	2	3	8	5	8	22	22	1	5	4	5	13	2	1	1	5	5	1	17	1	6	1	7	1	8	1		1	3	5	
113	7	31	14	10	臺北市	中山區	中山區新生北路1段與長安東路1段口	25.04830428	121.5293503	0	0	1	2	6	7	5	4	1	1	4	4	5	13	2	1	1	4	5	2	17	4	6	1	3	1	8	1		1	3	17	
113	7	31	15	23	臺北市	松山區	松山區光復北路11巷與八德路4段17巷口	25.04936531	121.5584791	0	0	1	2	7	5	5	4	1	1	5	4	5	13	4	4	5	5	5	2	15	1	9	1	6	1	10	1		1	3	11	
113	7	31	15	24	臺北市	中山區	中山區民權東路2段147巷與建國北路2段186巷口	25.0595547	121.5348246	0	0	1	2	8	7	5	4	1	1	5	4	5	13	4	4	9	4	5	2	17	1	9	1	5	1	10	1		2	2	11	
113	7	31	15	30	臺北市	信義區	信義區和平東路3段663號	25.0124184	121.5634693	0	0	1	2	7	6	8	12	9	1	4	4	5	13	4	4	8	3	5	2	29	4	15	8	4	11	20	1		1	2	11	
113	7	31	15	45	臺北市	內湖區	內湖區成功路2段238巷與成功路2段口	25.0654617	121.5903884	0	0	1	3	7	6	5	5	1	1	5	4	5	13	1	1	1	4	5	2	12	1	9	1	5	1	10	1		2	2	12	
113	7	31	16	6	臺北市	中山區	中山區民權東路2段與民權東路2段92巷口	25.0624223	121.5318257	0	0	1	3	6	5	5	4	2	1	4	4	5	13	2	1	1	4	5	2	12	4	7	1	3	1	8	1		1	3	5	
113	7	31	16	27	臺北市	大安區	大安區市民大道3段與八德路2段口	25.0449112	121.5342856	0	0	1	2	6	6	5	4	1	1	4	4	5	13	2	1	8	3	5	2	16	1	6	1	7	1	8	1		1	3	5	
113	7	31	16	30	臺北市	士林區	士林區中山北路5段46號	25.0836372	121.5256091	0	0	1	2	6	6	5	14	9	1	4	4	4	13	4	4	4	3	5	1	18	1	9	1	6	2	10	1		1	2	11	
113	7	31	16	30	臺北市	士林區	士林區自強隧道(外)北向出口	25.09458717	121.5488584	0	0	1	2	6	6	5	14	9	1	4	4	5	13	4	4	1	4	5	1	37	4	9	1	3	1	8	1		2	2	1	
113	7	31	16	53	臺北市	內湖區	內湖區康寧路3段與康寧路3段165巷口	25.0698403	121.6107625	0	0	1	2	8	5	5	4	1	1	5	4	5	13	2	1	1	4	5	2	16	1	5	1	7	2	8	1		1	3	5	
113	7	31	17	0	臺北市	北投區	北投區崗山路與崗山路8巷口	25.1402932	121.486788	0	0	1	2	6	7	5	4	1	1	4	4	5	13	4	4	7	5	5	2	15	4	9	1	3	2	10	1		1	3	1	
113	7	31	17	8	臺北市	內湖區	(東湖路112號)	25.0683165	121.6158615	0	0	1	2	6	6	5	4	2	1	4	4	5	13	2	1	5	4	5	2	17	4	1	1	5	11	10	2		1	3	17	
113	7	31	17	28	臺北市	信義區	信義區松仁路28號	25.0397366	121.5684809	0	0	1	2	6	5	8	22	22	1	4	4	5	13	4	4	1	4	5	2	13	1	8	1	6	1	10	1		1	2	17	
113	7	31	17	37	臺北市	大同區	大同區承德路1段與長安西路口	25.05088353	121.5170942	0	0	1	2	6	6	5	4	1	1	4	4	5	13	2	1	1	4	5	2	13	4	5	1	3	1	8	1		1	3	1	
113	7	31	17	54	臺北市	中山區	中山區復興北路與民權東路3段口	25.0628127	121.544189	0	0	1	3	6	5	5	3	2	1	4	4	5	13	4	4	5	4	5	2	12	4	7	1	3	1	10	1		1	3	14	
113	7	31	17	55	臺北市	士林區	士林區中山北路7段與中山北路7段38巷口	25.12027203	121.5311191	0	0	2	2	7	6	5	4	1	1	4	4	5	13	1	1	1	4	5	1	16	4	11	1	3	1	10	1		1	2	12	
113	7	31	18	14	臺北市	信義區	信義區忠孝東路4段515號	25.0415525	121.5579424	0	0	1	2	6	5	8	22	20	4	4	4	5	13	4	4	10	5	5	2	18	1	9	8	4	9	20	1		2	2	14	
113	7	31	18	21	臺北市	信義區	信義區市民高架道往西	25.0451309	121.5623163	0	0	1	2	6	7	9	14	9	1	4	4	5	13	4	4	9	4	5	2	13	1	9	1	7	1	8	1		1	3	1	
113	7	31	18	38	臺北市	文山區	文山區信義快速道路北往南	25.0017864	121.5779397	0	0	1	2	6	6	5	6	7	1	4	4	5	13	4	4	1	4	5	2	13	1	1	1	7	1	8	1		2	3	5	
113	7	31	18	40	臺北市	信義區	信義區忠孝東路4段555號	25.0412518	121.563382	0	0	2	3	6	5	5	14	9	1	4	4	5	13	4	4	1	4	4	2	29	1	9	1	6	9	10	1		1	2	12	
113	7	31	18	45	臺北市	信義區	信義區市民大道5段50號	25.0471329	121.5628152	0	0	2	2	6	5	5	14	9	1	4	4	5	13	1	1	3	4	5	2	13	4	9	1	6	1	10	1		2	2	12	
113	7	31	18	53	臺北市	中山區	中山區中山北路1段與長安西路口	25.0499108	121.5214852	0	0	1	2	6	5	5	14	8	1	4	4	5	13	1	1	1	3	1	2	13	1	9	1	7	1	4	1		1	3	1	
113	7	31	18	55	臺北市	松山區	松山區八德路4段與光復北路口	25.0481395	121.5579068	0	0	1	2	6	5	5	4	1	1	4	4	5	13	4	4	1	4	5	1	17	1	15	1	7	1	8	1		1	3	17	
113	7	31	18	58	臺北市	文山區	文山區木柵路4段78號前	24.99813637	121.5745689	0	0	1	2	6	5	5	14	9	1	4	4	5	13	2	1	5	4	5	2	9	1	9	1	7	1	2	1		1	3	15	
113	7	31	18	58	臺北市	文山區	文山區羅斯福路5段與羅斯福路5段92巷口	25.0072156	121.5385376	0	0	3	3	6	5	5	3	2	1	4	4	5	13	4	4	1	4	5	2	16	1	6	1	6	1	10	1		1	2	12	
113	7	31	19	10	臺北市	萬華區	萬華區環河南路1段71號對面	25.0450515	121.5017255	0	0	2	2	6	5	5	14	9	1	4	4	5	13	4	4	5	5	5	2	3	4	9	1	5	1	9	1		1	2	11	
113	7	31	19	15	臺北市	中正區	中正區水源快速道路往南永福橋上方	25.01123656	121.5285876	0	0	1	2	6	5	5	14	9	1	4	4	5	13	4	4	10	4	5	2	12	1	7	1	7	1	8	1		1	3	5	
113	7	31	19	17	臺北市	文山區	文山區木柵路2段與興隆路4段口口	24.9886873	121.5601021	0	0	1	2	6	5	5	4	1	1	4	4	5	13	2	1	5	5	5	2	18	1	5	1	5	1	10	1		1	2	12	
113	7	31	19	25	臺北市	中山區	中山區北安路與劍南路口	25.0854558	121.5539654	0	0	1	2	6	5	5	4	1	1	5	4	5	13	1	1	1	4	5	2	17	1	5	1	7	1	8	1		1	3	2	
113	7	31	19	37	臺北市	內湖區	內湖區康寧路3段169號	25.0766514	121.6113341	0	0	1	2	7	5	5	14	9	1	4	4	5	13	4	4	9	5	5	2	16	1	9	1	5	1	10	1		2	2	11	
113	7	31	19	45	臺北市	松山區	松山區八德路4段與松山路口	25.0500213	121.5774198	0	0	1	2	7	5	5	14	7	1	4	4	5	13	2	1	1	4	4	2	13	1	1	1	7	1	4	1		1	3	1	
113	7	31	19	56	臺北市	大同區	大同區台北橋機慢車道往三重	25.063569	121.508134	0	0	1	2	6	5	5	8	11	1	4	4	5	13	4	4	1	5	5	2	12	1	9	1	5	1	10	1		2	3	12	
113	7	31	20	20	臺北市	中正區	中正區愛國西路與延平南路口	25.0365798	121.5079057	0	0	1	2	6	5	5	4	2	1	4	4	5	13	1	1	1	4	4	2	17	1	6	1	5	1	10	1		2	2	12	
113	7	31	20	21	臺北市	松山區	松山區復興北路203號	25.0557699	121.5442398	0	0	1	2	6	5	5	14	9	1	4	4	5	13	2	1	1	4	5	2	17	1	9	1	7	2	2	1		1	3	4	
113	7	31	21	24	臺北市	大同區	大同區延平北路4段與延平北路4段153巷口	25.07264258	121.5111724	0	0	1	2	6	5	5	3	1	1	4	4	5	13	4	4	4	4	5	2	17	4	9	8	3	1	20	1		1	3	17	
113	7	31	22	0	臺北市	內湖區	內湖區洲子街50號	25.0792097	121.5732944	0	0	2	2	8	5	6	14	9	1	5	4	5	13	4	4	5	5	5	2	2	1	9	1	6	2	10	1		1	2	11	
113	7	31	22	30	臺北市	士林區	士林區永公路N0.1105461燈桿	25.09619989	121.5196096	0	0	1	2	6	5	5	11	9	1	4	4	5	13	4	4	10	5	5	1	18	1	9	1	5	8	10	1		1	2	12	
113	7	31	23	20	臺北市	士林區	士林區文林路138號	25.08872607	121.5265393	0	0	2	2	7	5	5	14	9	1	5	4	5	13	4	4	9	4	5	1	17	1	11	1	5	2	10	1		1	2	14	
113	8	1	0	2	臺北市	信義區	信義區忠孝東路4段與忠孝東路4段554巷口	25.0410904	121.563647	0	0	1	2	8	5	5	3	2	1	5	4	5	13	4	4	1	4	5	2	15	1	3	1	5	1	10	1		2	3	17	
113	8	1	0	24	臺北市	中山區	中山區中山北路1段與長安東路1段口	25.04969649	121.5216825	0	0	1	2	7	5	5	4	1	1	4	4	5	13	1	1	1	4	1	2	16	4	5	1	3	1	4	1		1	3	2	
113	8	1	7	30	臺北市	松山區	松山區三民路與富錦街口	25.06085	121.5631883	0	0	1	2	8	6	5	4	2	1	5	4	5	13	1	1	1	3	5	2	3	1	6	1	3	11	4	1		1	3	1	
113	8	1	7	53	臺北市	大同區	大同區鄭州路與環河北路1段口	25.0507768	121.5069009	0	0	1	3	8	6	5	4	2	1	5	4	5	13	1	1	1	4	5	2	17	1	15	1	5	2	10	1		1	3	12	
113	8	1	8	5	臺北市	南港區	南港區重陽路與興中路86巷口	25.057927	121.6057573	0	0	1	2	8	6	5	3	1	1	5	4	5	13	4	4	4	3	4	2	16	4	9	1	3	1	8	1		1	3	6	
113	8	1	8	15	臺北市	中正區	中正區忠孝西路1段與重慶南路1段口	25.04716945	121.5132624	0	0	2	2	8	6	5	4	2	1	5	4	5	13	2	1	3	4	5	2	13	1	9	1	5	2	10	1		2	2	11	
113	8	1	8	19	臺北市	大安區	大安區信義路3段134巷與建國南路2段79巷口	25.0307476	121.5394098	0	0	2	2	8	6	5	4	2	1	5	4	5	13	4	4	9	5	5	2	16	1	5	8	4	1	20	1		2	2	14	
113	8	1	8	30	臺北市	信義區	信義區崇德街38巷3號	25.0241175	121.5538795	0	0	1	2	8	5	5	14	9	1	5	4	5	13	4	4	10	5	5	2	17	1	9	3	6	1	18	1		1	2	14	
113	8	1	8	35	臺北市	大安區	大安區光復南路420巷1弄與光復南路420巷口	25.0364654	121.5568937	0	0	3	3	8	6	5	4	1	1	5	4	5	13	4	4	10	5	5	1	15	1	9	1	5	1	10	1		2	2	12	
113	8	1	8	40	臺北市	萬華區	萬華區華江橋機車道往臺北市	25.03486471	121.4891472	0	0	1	2	8	7	5	8	11	1	5	4	5	13	4	4	1	5	5	2	17	1	9	1	5	11	10	1		2	2	17	
113	8	1	8	46	臺北市	信義區	信義區松仁路與莊敬路口	25.0267003	121.5683703	0	0	1	2	8	6	5	4	1	1	5	4	5	13	2	1	9	5	5	2	16	4	5	1	5	1	10	1		1	3	12	14
113	8	1	9	0	臺北市	內湖區	內湖區民權東路6段190巷21弄3號	25.06809081	121.5943556	0	0	1	2	8	6	5	4	1	1	5	4	5	13	4	4	5	5	5	2	15	1	9	1	6	2	10	1		1	2	11	
113	8	1	9	11	臺北市	中正區	中正區永福橋(往台北市方向)	25.0120462	121.5286174	0	0	2	2	8	6	5	8	9	1	5	4	5	13	4	4	5	2	5	1	13	1	9	1	5	2	10	1		2	2	11	
113	8	1	9	19	臺北市	中山區	中山區市民大道2段與長安東路1段52巷口	25.0470476	121.5277998	0	0	3	3	8	7	5	3	1	1	5	4	5	13	1	1	1	4	5	2	16	5	17	8	5	10	20	1		2	2	16	
113	8	1	9	30	臺北市	大安區	大安區金山南路2段與愛國東路附近口	25.0314312	121.5267158	0	0	1	2	8	6	5	4	2	1	5	4	5	13	2	1	10	5	5	2	13	4	9	1	6	1	10	1		1	2	11	
113	8	1	9	45	臺北市	文山區	文山區指南路3段115-8號附近側附近	24.97769689	121.58309	0	0	1	2	8	7	5	14	9	1	5	4	5	13	4	4	10	5	5	2	10	1	9	1	5	1	10	1		1	2	11	
113	8	1	9	47	臺北市	大安區	大安區忠孝東路3段46號	25.04193774	121.5347925	0	0	1	2	8	6	5	14	9	1	5	4	5	13	4	4	1	4	5	2	17	1	9	1	6	9	10	1		1	2	11	
113	8	1	9	49	臺北市	內湖區	內湖區民權東路6段46巷旁	25.06808452	121.5820503	0	0	1	3	8	5	5	9	9	1	5	4	5	13	4	4	1	4	4	2	12	1	7	1	6	1	10	1		1	2	17	
113	8	1	10	5	臺北市	中正區	中正區金山北路與金山北路口迴轉道	25.0454583	121.5307013	0	0	1	2	8	7	5	3	1	1	5	4	5	13	4	4	9	4	5	1	17	1	5	1	7	2	8	1		1	3	8	
113	8	1	10	14	臺北市	北投區	北投區文林北路94巷與明德路38巷口	25.1069071	121.5189228	0	0	2	2	8	5	5	4	1	1	5	4	5	13	4	4	10	5	5	2	15	1	9	1	5	1	10	1		1	2	11	
113	8	1	10	24	臺北市	大安區	大安區市民高架道往東173號燈桿	25.04436789	121.5535574	0	0	1	3	8	7	5	10	7	1	5	4	5	13	4	4	8	3	5	2	13	4	9	3	3	1	18	1		1	3	1	
113	8	1	10	37	臺北市	內湖區	內湖區成功路2段與成功路2段426巷口	25.07151565	121.5897304	0	0	1	3	8	6	5	4	1	1	5	4	5	13	2	1	1	4	5	2	17	1	9	3	5	1	18	1		1	2	11	
113	8	1	10	45	臺北市	內湖區	內湖區內湖路3段256巷19號附近側附近	25.09467879	121.5871355	0	0	1	2	8	6	5	11	9	1	5	4	5	13	4	4	10	5	5	2	17	1	5	1	7	1	8	1		1	3	8	
113	8	1	11	0	臺北市	中山區	中山區中山北路2段153號	25.06213803	121.522982	0	0	3	4	8	7	5	14	9	1	5	4	5	13	4	4	1	4	5	2	13	4	14	1	6	1	10	1		1	2	13	
113	8	1	11	6	臺北市	北投區	北投區文林北路216號	25.1076851	121.5147706	0	0	1	2	8	6	5	14	7	1	5	4	5	13	4	4	1	4	4	2	13	1	9	1	5	2	10	1		1	2	11	
113	8	1	11	20	臺北市	中正區	中正區公園路與貴陽街1段口	25.03862313	121.515205	0	0	1	2	8	6	5	4	1	1	5	4	5	13	2	1	5	4	4	2	16	1	5	1	7	1	4	1		1	3	2	
113	8	1	11	45	臺北市	大安區	大安區敦化南路2段與四維路154巷口	25.0309946	121.5485595	0	0	2	3	8	5	5	4	1	1	5	4	5	13	1	1	1	4	1	2	16	4	5	1	3	1	8	1		2	2	1	
113	8	1	11	54	臺北市	內湖區	內湖區成功路2段369號	25.07380214	121.5898926	0	0	1	2	7	6	5	14	9	1	5	4	5	13	4	4	1	4	5	2	13	1	9	1	5	1	10	1		2	2	11	
113	8	1	12	28	臺北市	中正區	中正區青島東路(台北商業大學停車場出入口)	25.0430816	121.5250516	0	0	1	2	8	6	5	14	8	1	5	4	5	13	4	4	5	5	4	2	16	1	6	1	2	2	8	1		2	3	2	
113	8	1	12	40	臺北市	中山區	中山區民生東路1段與民生東路1段70巷口	25.0580012	121.5264373	0	0	1	2	8	7	5	4	1	1	5	4	5	13	4	4	5	4	5	2	16	1	5	1	5	1	10	1		1	3	12	
113	8	1	12	50	臺北市	信義區	信義區松山路655號	25.0354341	121.5795397	0	0	1	3	8	7	5	11	9	1	5	4	5	10	4	4	5	2	5	2	11	1	14	1	7	9	8	1		1	3	17	
113	8	1	13	0	臺北市	大安區	大安區新生南路3段96號對面	25.0171498	121.5334902	0	0	1	2	8	6	5	14	8	1	5	4	5	13	4	4	1	4	4	2	17	1	9	1	5	9	10	1		1	3	12	
113	8	1	13	18	臺北市	南港區	南港區福德街309巷與福德街309巷20弄口	25.0382651	121.5886109	0	0	1	3	8	6	5	3	1	1	5	4	5	13	4	4	10	5	5	2	17	4	9	1	3	1	10	1		1	2	11	
113	8	1	13	42	臺北市	萬華區	萬華區大理街與和平西路3段218巷口	25.0341867	121.4965443	0	0	1	2	8	7	5	3	2	1	5	4	5	13	4	4	10	5	5	2	17	1	15	1	7	1	4	1		2	3	4	
113	8	1	13	50	臺北市	信義區	信義區信義路5段20號	25.0329286	121.5618241	0	0	1	2	7	5	5	14	9	1	5	4	5	13	4	4	3	4	5	2	18	4	9	1	3	9	10	1		1	2	12	
113	8	1	13	55	臺北市	中正區	中正區林森北路與北平東路口	25.0463495	121.523806	0	0	1	2	8	7	5	4	2	1	5	4	5	13	1	1	4	4	4	2	12	1	9	6	7	2	18	1		1	3	5	
113	8	1	14	8	臺北市	松山區	松山區南京東路5段與南京東路5段23巷口	25.05162181	121.5579859	0	0	1	2	8	5	5	4	1	1	5	4	5	13	2	1	1	4	4	2	16	1	6	1	7	1	8	1		1	3	6	
113	8	1	14	39	臺北市	士林區	士林區中正路與中正路399巷口	25.08709526	121.5181885	0	0	1	2	8	5	5	3	1	1	5	4	5	13	4	4	1	4	5	2	16	4	5	1	3	9	8	1		1	3	1	
113	8	1	14	53	臺北市	中山區	中山區農安街與農安街125巷口	25.0648653	121.5298159	0	0	1	2	7	5	5	3	2	1	5	4	5	13	4	4	5	4	5	2	16	4	5	1	3	9	8	2		2	4	8	
113	8	1	14	55	臺北市	大安區	大安區安居街35巷與安居街口	25.0203741	121.5542515	0	0	2	2	8	6	5	4	1	1	5	4	5	13	4	4	10	5	5	2	15	4	9	3	6	1	18	1		1	2	14	
113	8	1	14	56	臺北市	中山區	中山區龍江路與龍江路345巷口	25.0633432	121.5409053	0	0	2	2	8	6	5	3	1	1	5	4	5	13	4	4	5	5	5	2	16	1	5	8	4	1	20	1		2	2	11	
113	8	1	14	57	臺北市	大同區	大同區鄭州路與西寧北路口	25.0506213	121.5081363	0	0	1	2	8	6	5	5	1	1	5	4	5	13	2	1	1	4	5	2	17	1	6	1	7	1	8	1		2	3	5	
113	8	1	15	3	臺北市	大同區	大同區重慶北路1段與鄭州路口	25.049524	121.5134103	0	0	2	2	7	6	5	4	2	1	5	4	5	13	1	1	1	4	5	2	17	1	9	1	6	1	10	1		1	2	11	
113	8	1	15	12	臺北市	南港區	南港區玉成街8號	25.0509405	121.5816188	0	0	1	4	7	6	5	14	9	1	5	4	5	13	4	4	9	5	5	2	14	1	2	1	6	1	10	1		2	3	13	
113	8	1	15	12	臺北市	大安區	大安區敦化南路1段198號	25.042292	121.5485981	0	0	2	2	8	6	5	14	9	1	5	4	5	13	4	4	1	4	5	2	3	1	9	1	6	1	10	1		1	2	14	
113	8	1	15	16	臺北市	萬華區	萬華區昆明街與永福街口	25.0385581	121.5039112	0	0	1	2	8	7	5	4	1	1	5	4	5	13	2	1	9	5	5	2	9	1	9	1	5	1	10	1		2	3	11	
113	8	1	15	20	臺北市	北投區	北投區中央北路4段與一心路口	25.1325281	121.4748525	0	0	1	2	8	6	5	3	1	1	5	4	5	13	1	1	4	4	5	2	13	1	7	1	7	1	8	1		1	2	8	
113	8	1	16	0	臺北市	內湖區	與國道1號下成功路2段往南引道口	25.0643207	121.5903154	0	0	1	2	8	6	5	5	1	1	5	4	5	13	2	1	9	4	5	2	13	1	9	1	7	1	8	1		2	3	5	
113	8	1	16	28	臺北市	中山區	中山區北安路514號對面，大直國小側門口	25.0798316	121.5452903	0	0	1	2	8	6	5	14	9	1	5	4	5	13	4	4	1	4	5	2	13	1	9	2	3	2	18	1		1	2	11	
113	8	1	16	50	臺北市	內湖區	內湖區康寧路3段99巷39弄60號	25.07398959	121.6105353	0	0	1	2	8	6	5	4	1	1	5	4	5	13	4	4	10	5	5	2	17	1	9	1	7	2	8	1		1	3	2	
113	8	1	16	53	臺北市	萬華區	萬華區莒光路322巷5號	25.031527	121.4976267	0	0	1	2	8	6	5	11	9	1	5	4	5	13	4	4	10	5	5	1	17	1	1	1	7	1	8	1		2	3	5	
113	8	1	17	20	臺北市	松山區	松山區南京東路5段296號	25.0512486	121.5674152	0	0	2	3	8	7	6	22	9	1	5	4	5	13	4	4	9	5	5	2	12	1	7	1	7	1	4	1		1	3	2	
113	8	1	17	35	臺北市	中山區	中山區內湖路1段23巷與植福路口停頂大道二段588號私人停車場出口	25.08416055	121.5594772	0	0	1	2	7	5	5	3	1	1	5	4	5	13	4	4	5	5	5	2	17	4	1	1	3	2	8	1		1	3	1	
113	8	1	17	40	臺北市	大安區	大安區基隆路3段22巷與基隆路3段口	25.0197982	121.5471626	0	0	2	2	8	6	5	3	1	1	5	4	5	13	4	4	10	5	5	2	16	4	6	1	6	1	10	1		1	2	12	
113	8	1	17	50	臺北市	中正區	中正區懷寧街與開封街1段口	25.0459951	121.5141176	0	0	2	3	8	6	5	4	2	1	5	4	5	13	3	1	10	5	5	2	3	5	16	8	4	10	20	1		2	2	16	
113	8	1	17	55	臺北市	萬華區	萬華區環河南路1段與長沙街2段口	25.0415423	121.4997411	0	0	2	3	8	5	5	3	2	1	5	4	5	13	1	1	9	5	5	2	17	1	11	1	5	1	10	1		1	3	11	
113	8	1	18	20	臺北市	南港區	南港區向陽路與南港路2段口	25.0544109	121.5946098	0	0	1	2	7	5	5	4	2	1	5	4	5	13	2	1	1	2	5	2	11	1	10	1	6	1	10	1		1	2	11	
113	8	1	18	20	臺北市	大同區	大同區忠孝西路2段與塔城街口	25.04822736	121.5100482	0	0	1	2	7	5	5	4	2	1	5	4	5	13	1	1	1	4	5	2	17	1	9	1	5	2	10	1		1	3	12	
113	8	1	18	35	臺北市	大同區	大同區大稻埕堤外便道與大稻埕堤外便道口(三號水門，西向東）	25.05089371	121.5064152	0	0	1	2	8	5	5	5	1	1	5	4	5	13	2	1	8	3	5	1	16	4	9	1	6	1	10	1		1	2	11	
113	8	1	18	45	臺北市	中正區	中正區忠孝西路1段與重慶北路1段口	25.0473996	121.5134345	0	0	4	6	8	5	5	5	1	1	5	4	5	13	1	1	10	5	5	2	17	1	5	1	7	2	8	1		2	3	17	
113	8	1	18	48	臺北市	內湖區	(近康寧路3段180巷口)	25.06898805	121.6120192	0	0	2	2	8	6	5	3	2	1	5	4	5	13	2	1	1	4	4	2	17	1	7	1	6	1	10	1		1	2	14	
113	8	1	18	50	臺北市	中正區	中正區南海路58號前	25.0311109	121.511422	0	0	1	2	7	5	5	14	9	1	5	4	5	13	1	1	10	4	5	2	13	1	9	1	7	2	8	1		1	3	5	
113	8	1	19	7	臺北市	萬華區	萬華區環河南路2段與環河南路2段149巷口	25.0339327	121.4930444	0	0	1	2	8	5	5	3	1	1	5	4	5	13	1	1	1	3	5	2	12	1	9	1	7	1	8	1		1	3	1	
113	8	1	19	24	臺北市	內湖區	內湖區新明路22號	25.06022589	121.5906685	0	0	1	2	8	5	5	14	9	1	5	4	5	13	3	1	5	4	5	2	13	1	9	1	5	1	9	1		1	2	11	
113	8	1	21	10	臺北市	文山區	文山區辛亥路7段與辛亥路7段26巷口旁	24.9862488	121.5532715	0	0	2	3	8	5	5	3	2	1	5	4	5	13	2	1	5	5	4	2	12	1	9	3	5	1	18	1		1	2	15	
113	8	1	21	11	臺北市	松山區	松山區三民路與健康路口口	25.0542107	121.5638144	0	0	2	2	7	5	5	4	1	1	5	4	5	13	2	1	5	4	5	2	16	1	5	1	6	1	10	1		1	2	11	
113	8	1	21	43	臺北市	信義區	信義區市民高架道往西	25.044927	121.5634528	0	0	1	2	8	5	5	14	9	1	5	4	5	13	4	4	2	3	5	1	13	1	9	1	7	1	8	1		1	3	1	
113	8	1	22	18	臺北市	中山區	中山區堤頂大道2段246巷與堤頂大道2段口	25.0777061	121.5664399	0	0	1	2	8	5	5	3	1	1	5	4	5	13	4	4	1	5	4	2	16	4	6	1	3	1	4	1		1	3	2	
113	8	1	22	20	臺北市	大安區	大安區敦化南路2段與四維路170巷口	25.0283119	121.5488015	0	0	3	3	7	5	5	4	2	1	5	4	5	13	2	1	1	4	5	2	16	1	6	1	5	1	10	1		1	2	12	
113	8	1	22	25	臺北市	信義區	信義區永吉路120巷與永吉路180巷70弄口	25.0431052	121.5702597	0	0	1	2	8	5	5	4	2	1	5	4	5	13	4	4	9	4	5	2	14	1	2	1	7	1	8	1		1	3	3	
113	8	2	7	3	臺北市	松山區	松山區敦化北路238巷與敦化北路244巷6弄口	25.0599781	121.5490837	0	0	1	2	8	5	5	4	1	1	5	4	5	13	4	4	8	3	5	1	15	1	9	1	3	2	10	1		1	2	11	
113	8	2	7	22	臺北市	大同區	大同區民生西路與承德路2段口	25.0569502	121.5174363	0	0	3	3	8	6	5	4	1	1	5	4	5	13	2	1	1	4	5	2	17	4	9	1	5	1	10	1		1	2	12	
113	8	2	7	28	臺北市	文山區	文山區老泉街與老泉街26巷口	24.9762393	121.5575522	0	0	2	2	8	6	5	3	1	1	5	4	5	13	3	1	10	5	5	2	16	1	5	1	6	2	10	1		1	2	11	14
113	8	2	7	39	臺北市	中山區	中山區吉林路與南京東路2段口	25.0523248	121.5300263	0	0	2	2	7	5	5	4	2	1	5	4	4	13	2	1	5	4	4	2	17	4	9	1	3	1	10	1		1	2	14	
113	8	2	7	40	臺北市	文山區	文山區指南路3段與指南路3段38巷口	24.9793975	121.5825109	0	0	2	3	8	7	5	3	1	1	5	4	5	13	4	4	10	5	5	2	17	1	9	1	5	1	9	1		1	2	11	
113	8	2	7	43	臺北市	信義區	信義區林口街38巷11號	25.0380633	121.5799453	0	0	2	2	8	7	5	14	9	1	5	4	5	10	4	4	10	5	5	2	16	1	5	8	4	9	20	1		1	2	14	
113	8	2	7	45	臺北市	松山區	松山區北寧路與八德路3段71巷9弄口	25.04866893	121.5526688	0	0	2	2	8	6	5	3	1	1	5	4	5	13	4	4	8	3	4	2	17	1	5	1	6	1	10	1		1	2	14	
113	8	2	7	51	臺北市	中正區	中正區市民大道3段與新生北路1段口	25.0453211	121.5327696	0	0	2	2	8	5	5	4	1	1	5	4	5	13	2	1	9	4	5	1	12	1	9	1	5	2	10	1		1	2	12	
113	8	2	7	56	臺北市	北投區	北投區大度路與承德路7段401巷620弄口	25.1218367	121.4857161	0	0	1	2	8	6	5	4	2	1	5	4	5	13	2	1	1	4	1	1	13	1	9	1	5	2	10	1		2	2	11	
113	8	2	8	0	臺北市	文山區	文山區木新路3段243巷與木新路3段243巷4弄口口	24.98052129	121.5588758	0	0	2	2	8	6	5	3	1	1	5	4	5	13	4	4	9	5	5	1	16	1	5	1	5	1	10	2		2	2	12	
113	8	2	8	5	臺北市	松山區	松山區民權大橋西往東	25.063273	121.5668109	0	0	3	4	8	7	5	14	11	1	5	4	5	13	4	4	1	2	4	2	13	1	9	1	6	2	10	1		1	2	11	
113	8	2	8	10	臺北市	大安區	大安區延吉街與延吉街62巷口	25.0435427	121.55397	0	0	2	2	8	6	5	3	1	1	5	4	5	13	4	4	10	5	5	2	16	4	5	8	4	1	20	1		2	2	13	
113	8	2	8	20	臺北市	信義區	信義區市民高架道往東	25.0448711	121.5632747	0	0	1	3	8	5	5	10	7	1	5	4	5	13	4	4	1	4	5	2	13	1	9	1	7	1	8	1		1	2	1	
113	8	2	8	27	臺北市	萬華區	萬華區桂林路水門口	25.0387976	121.4955381	0	0	1	2	8	6	5	5	1	1	5	4	5	13	2	1	1	4	5	2	17	1	5	1	6	1	10	1		1	3	11	