年	月	日	時	分	縣市	行政區	allLocation	GoogleLat	GoogleLng	死	2-30	受傷	當事人數	天候	道路照明設備	道路類別	道路型態	事故位置	路面狀況1	路面狀況2	路面狀況3	道路障礙1	道路障礙2	號誌1	號誌2	車道劃分-分向	車道劃分-分道1	車道劃分-分道2	車道劃分-分道3	事故類型及型態	行動電話	當事者行動狀態	駕駛資格情形	保護裝置	飲酒情形	駕駛執照種類	個人肇逃否	肇因碼-主要	性別	受傷程度	車輛撞擊部位1	車輛撞擊部位2
113	8	2	8	37	臺北市	中正區	中正區羅斯福路4段與羅斯福路4段24巷口口	25.0151828	121.5336035	0	0	1	2	8	6	5	3	1	1	5	4	5	13	4	4	5	5	5	1	17	1	6	1	6	2	9	1		1	3	14	
113	8	2	8	46	臺北市	信義區	信義區忠孝東路5段153號	25.0411458	121.5684782	0	0	1	2	8	6	5	14	9	1	5	4	5	13	2	1	9	5	5	2	16	4	9	1	3	1	8	1		1	3	8	12
113	8	2	9	6	臺北市	中山區	中山區林森北路與中山北路2段137巷口	25.0617931	121.5255998	0	0	1	2	7	5	5	3	2	1	5	4	5	13	4	4	5	5	5	2	16	4	11	1	3	1	8	1		1	3	4	
113	8	2	9	10	臺北市	松山區	松山區敦化北路與民生東路3段口	25.0577681	121.5488029	0	0	1	2	7	6	5	5	1	1	5	4	5	13	1	1	8	3	4	2	16	4	5	1	3	1	8	1		1	3	2	
113	8	2	9	21	臺北市	士林區	士林區至善路1段與臨溪路口	25.09712029	121.5423975	0	0	1	2	8	7	5	14	7	1	5	4	5	13	4	4	1	5	5	2	17	4	8	1	3	11	8	2		1	4	2	
113	8	2	9	28	臺北市	文山區	文山區木新路1段與開元街口	24.988809	121.5706842	0	0	2	3	8	6	5	3	1	1	5	4	5	13	1	1	10	5	5	2	16	1	6	1	7	2	8	1		1	3	8	
113	8	2	9	36	臺北市	大安區	大安區永康街7巷與信義路2段198巷口口	25.0329668	121.5307885	0	0	1	2	8	6	5	4	1	1	5	4	5	13	4	4	10	5	5	2	15	4	9	1	3	1	8	1		1	3	8	
113	8	2	10	10	臺北市	中正區	中正區汀州路2段與汀州路2段178巷口	25.02377959	121.5222592	0	0	2	2	8	6	5	4	1	1	5	4	5	13	4	4	8	4	5	1	16	1	5	1	6	2	10	1		2	2	11	
113	8	2	10	18	臺北市	松山區	松山區三民路與三民路113巷口	25.0578436	121.5634775	0	0	1	2	8	7	5	5	1	1	5	4	5	13	1	1	1	4	5	2	17	1	8	1	5	1	10	1		1	2	14	
113	8	2	10	35	臺北市	中山區	中山區民生西路3巷與中山北路2段96巷口	25.05983497	121.5218337	0	0	1	2	8	5	5	4	2	1	5	4	5	13	4	4	10	5	5	2	16	4	6	1	3	1	10	1		2	2	14	
113	8	2	10	41	臺北市	南港區	南港區南港路3段與昆陽街口	25.0541774	121.5923645	0	0	1	2	8	6	5	3	1	1	5	4	5	13	2	1	5	4	5	2	16	1	5	1	7	1	8	1		1	3	2	
113	8	2	10	45	臺北市	信義區	信義區信安街67巷81號	25.0258964	121.5602364	0	0	1	2	8	6	5	14	8	1	5	4	5	13	4	4	9	4	4	2	17	1	5	1	7	1	8	1		1	3	5	
113	8	2	11	3	臺北市	士林區	士林區通河東街2段10巷5弄與通河東街2段20巷口	25.0925091	121.5148686	0	0	1	2	8	5	5	4	1	1	5	4	5	13	4	4	10	5	5	2	15	1	9	1	6	2	10	1		2	2	11	
113	8	2	11	4	臺北市	南港區	南港區中坡南路與玉成街140巷口	25.0438151	121.5824455	0	0	2	2	8	6	5	3	1	1	5	4	5	13	4	4	8	3	4	2	17	4	5	8	3	1	20	1		1	2	12	
113	8	2	11	20	臺北市	北投區	北投區榮華三路與榮華三路41巷口	25.1140613	121.5206882	0	0	1	2	8	6	5	4	1	1	5	4	5	13	4	4	9	5	5	1	15	1	9	1	5	1	10	1		1	2	11	
113	8	2	11	24	臺北市	大同區	大同區歸綏街291號	25.05814474	121.5092403	0	0	2	2	8	6	5	14	9	1	5	4	5	13	4	4	9	4	5	2	17	1	15	1	5	1	10	1		1	2	12	
113	8	2	11	30	臺北市	中正區	中正區市民大道2段與天津街口	25.0479253	121.5211106	0	0	1	3	8	6	5	14	9	1	5	4	5	13	4	4	1	4	5	1	13	1	9	1	6	2	10	1		2	2	11	
113	8	2	11	33	臺北市	大同區	大同區長安西路37號	25.0503451	121.5195637	0	0	1	2	8	7	5	22	9	1	5	4	5	13	3	1	5	4	5	2	16	1	5	1	7	1	7	1		1	3	6	
113	8	2	12	20	臺北市	中山區	中山區中山北路1段105巷與中山北路1段口	25.05020036	121.5210869	0	0	1	2	8	7	5	3	1	1	5	4	5	13	4	4	1	5	5	2	12	4	21	7	3	11	10	2		4	4	2	
113	8	2	12	50	臺北市	中正區	中正區仁愛路1段與杭州南路1段口	25.0384686	121.5236233	0	0	1	2	8	6	5	4	2	1	5	4	5	13	1	1	8	4	1	1	9	1	9	1	7	2	2	1		1	3	10	
113	8	2	13	13	臺北市	大同區	大同區大龍街238號	25.0696634	121.5159272	0	0	2	3	7	6	5	14	9	1	5	4	5	13	4	4	8	4	5	2	16	4	1	1	3	1	8	1		1	3	8	
113	8	2	13	30	臺北市	松山區	松山區南京東路4段與敦化北路口	25.051857	121.5490052	0	0	1	2	8	5	6	4	1	1	5	4	5	13	1	1	1	4	5	2	12	1	8	1	6	1	10	1		1	3	13	
113	8	2	13	55	臺北市	中山區	中山區自強隧道(外)圓環往內湖方向	25.0852516	121.5499495	0	0	1	2	8	6	6	18	9	1	5	4	5	13	1	1	1	4	5	2	13	4	9	1	3	1	8	1		2	3	5	
113	8	2	14	4	臺北市	信義區	信義區莊敬路362號	25.0277687	121.5646163	0	0	1	2	8	6	5	14	7	1	5	4	5	13	4	4	9	4	4	2	17	1	11	1	7	1	8	1		1	3	17	
113	8	2	14	23	臺北市	大同區	大同區市民大道1段與承德路1段口	25.0487059	121.5164287	0	0	1	2	8	6	5	5	1	1	5	4	5	13	2	1	1	4	5	2	17	1	6	1	7	1	8	1		1	3	4	
113	8	2	14	31	臺北市	萬華區	萬華區環河南路3段與西園路2段281巷6弄口	25.0240114	121.4912055	0	0	1	2	8	5	8	22	22	1	5	4	5	13	4	4	10	5	5	2	17	4	6	1	3	1	10	1		1	2	12	
113	8	2	14	50	臺北市	中正區	中正區市民大道3段2號	25.0458277	121.531176	0	0	1	2	8	7	5	14	9	1	5	4	5	13	4	4	1	4	4	2	17	1	7	3	7	1	18	1		1	3	8	
113	8	2	14	50	臺北市	萬華區	萬華區環河南路2段與長順街口	25.03125579	121.4907075	0	0	1	2	8	6	5	4	1	1	5	4	5	13	2	1	1	5	5	2	16	1	5	1	6	1	10	1		2	2	13	
113	8	2	15	10	臺北市	內湖區	內湖區五分街72巷與安康路434巷20弄口	25.0666786	121.6163624	0	0	1	2	8	6	5	3	2	1	5	4	5	13	4	4	10	5	5	2	16	1	5	1	7	2	8	1		1	3	8	
113	8	2	15	34	臺北市	文山區	文山區興隆路3段96號	24.9995919	121.5569871	0	0	2	2	8	6	5	14	9	1	5	4	5	13	4	4	1	4	5	2	13	1	9	1	6	1	10	1		1	2	13	
113	8	2	16	19	臺北市	大同區	大同區民生西路399號	25.0570137	121.5103317	0	0	1	2	8	6	5	14	9	1	5	4	5	13	4	4	5	4	5	2	17	4	9	1	7	1	7	1		1	3	17	
113	8	2	16	22	臺北市	文山區	文山區新光路2段24號	24.99526698	121.5744908	0	0	1	2	8	6	5	14	9	2	5	4	5	13	4	4	1	4	5	2	17	4	11	1	3	1	4	1		1	3	6	
113	8	2	16	30	臺北市	內湖區	內湖區星雲街與星雲街15巷口	25.0777839	121.5905476	0	0	2	3	8	5	5	4	1	1	5	4	5	13	4	4	4	3	5	1	17	4	9	1	3	1	4	1		1	3	2	
113	8	2	16	43	臺北市	中正區	中正區忠孝西路1段與延平北路1段口	25.0480119	121.5116385	0	0	1	3	8	6	5	4	2	1	5	4	5	13	1	1	3	4	5	1	12	1	7	1	7	2	8	1		2	3	2	
113	8	2	16	48	臺北市	信義區	信義區市民大道5段與東興路口	25.0481923	121.5657808	0	0	1	2	7	5	5	4	1	1	5	4	5	13	2	1	1	4	5	1	16	1	5	1	7	1	8	1		1	3	1	
113	8	2	16	58	臺北市	中山區	中山區長安東路2段與建國北路1段口	25.048334	121.5365435	0	0	1	2	8	7	5	4	1	1	5	4	5	13	1	1	5	4	5	2	17	4	9	1	3	1	10	1		1	2	14	
113	8	2	17	5	臺北市	內湖區	內湖區瑞光路393巷與洲子街口	25.079088	121.5732158	0	0	1	2	8	6	5	5	1	1	5	4	5	13	1	1	8	3	5	1	16	1	9	1	5	2	10	1		2	2	14	
113	8	2	17	7	臺北市	北投區	北投區知行路與知行路9巷口	25.11819076	121.4672107	0	0	2	2	8	5	5	4	1	1	5	4	5	13	4	4	10	5	5	2	16	1	6	8	4	1	20	1		1	2	11	
113	8	2	17	19	臺北市	大安區	大安區信義路2段與杭州南路2段口	25.0352434	121.5243334	0	0	1	2	8	6	5	4	1	1	5	4	5	13	2	1	10	5	5	2	17	4	6	1	3	1	4	1		1	3	15	
113	8	2	17	43	臺北市	大同區	大同區長安西路與延平北路1段口	25.0517062	121.5125107	0	0	1	2	8	6	5	5	1	1	5	4	5	13	2	1	5	2	5	2	17	4	5	1	7	1	8	1		1	3	4	
113	8	2	17	52	臺北市	信義區	信義區信義路5段150巷與信義路5段150巷16弄口	25.0285228	121.5690519	0	0	1	2	7	5	5	3	1	1	5	4	5	13	4	4	10	5	5	2	16	1	5	1	5	1	10	1		1	2	11	
113	8	2	17	53	臺北市	大安區	大安區基隆路3段與長興街口	25.0171679	121.5444916	0	0	2	2	8	6	5	4	1	1	5	4	5	13	1	1	10	5	5	2	17	1	6	1	6	2	10	1		1	2	13	
113	8	2	18	14	臺北市	內湖區	內湖區金莊路與金豐街口	25.0650442	121.5876546	0	0	1	2	8	6	5	14	9	1	5	4	5	13	4	4	9	5	5	2	17	1	5	1	7	2	8	1		1	3	2	
113	8	2	18	19	臺北市	松山區	松山區敦化北路與南京東路3段口	25.0515781	121.548611	0	0	1	2	8	5	5	4	1	1	5	4	5	13	2	1	1	4	5	2	15	1	15	1	7	1	8	1		2	3	1	
113	8	2	18	25	臺北市	中山區	中山區中山北路3段花博公園圓山4號出入口	25.0706776	121.5233548	0	0	1	3	8	7	5	14	9	1	5	4	5	13	1	1	5	4	5	2	29	5	21	8	4	10	20	2		1	3	16	
113	8	2	18	30	臺北市	內湖區	內湖區瑞光路399號	25.0776755	121.572122	0	0	1	2	8	5	5	14	9	1	5	4	5	13	4	4	5	4	5	2	17	1	8	1	6	1	10	1		1	2	14	
113	8	2	18	33	臺北市	松山區	松山區民權東路4段121號	25.06227582	121.5581979	0	0	2	2	8	5	5	14	8	1	5	4	5	13	4	4	8	3	4	1	13	1	9	1	3	1	10	1		2	2	11	
113	8	2	18	37	臺北市	士林區	士林區後港街前港公園停車場入口處	25.08579579	121.5214061	0	0	1	2	7	5	5	14	9	1	5	4	5	13	4	4	10	4	5	1	17	1	5	1	7	2	8	1		1	3	1	
113	8	2	18	39	臺北市	南港區	南港區忠孝東路6段與忠孝東路6段250巷口	25.049024	121.5881119	0	0	1	2	8	7	5	3	1	1	5	4	5	13	2	1	1	5	5	2	17	1	9	1	7	2	4	1		1	3	1	
113	8	2	18	57	臺北市	士林區	士林區士商路90號對面	25.0915382	121.5194255	0	0	2	3	8	5	5	14	9	1	5	4	5	13	4	4	4	5	5	1	16	1	5	1	7	2	8	1		1	3	4	
113	8	2	18	59	臺北市	中山區	中山區八德路2段146巷與八德路2段口	25.0461821	121.5373358	0	0	1	2	8	5	5	4	1	1	5	4	5	13	4	4	4	5	5	1	15	4	9	1	3	1	10	1		1	2	11	
113	8	2	19	16	臺北市	內湖區	內湖區瑞光路478巷與瑞光路478巷18弄口	25.0782997	121.5691286	0	0	1	2	8	5	5	3	1	1	5	4	5	13	4	4	4	3	5	1	17	1	1	1	7	1	8	1		2	3	5	
113	8	2	20	30	臺北市	松山區	松山區吉祥路與八德路4段口	25.0486771	121.5626767	0	0	2	3	8	5	6	4	1	1	5	4	5	13	2	1	5	2	5	2	16	4	5	1	6	1	9	1		1	3	14	
113	8	2	21	8	臺北市	內湖區	內湖區康寧路3段與康寧路3段16巷口	25.07286744	121.6069455	0	0	1	2	8	5	5	3	2	1	5	4	5	13	2	1	1	4	4	1	17	1	9	1	6	2	10	1		2	2	14	
113	8	2	21	28	臺北市	文山區	文山區景文街與羅斯福路6段469巷口	24.9897123	121.5409022	0	0	1	2	8	5	5	5	1	1	5	4	5	13	2	1	5	5	5	1	16	1	5	1	6	2	10	1		1	3	12	
113	8	2	21	30	臺北市	松山區	松山區三民路與三民路113巷口	25.0580355	121.5633725	0	0	2	2	8	5	5	4	1	1	5	4	5	13	1	1	1	4	1	2	17	1	5	1	5	1	9	1		1	2	12	14
113	8	2	22	0	臺北市	大安區	大安區基隆路2段與和平東路3段口	25.0240339	121.5523077	0	0	1	2	8	5	5	5	2	1	5	4	5	13	2	1	1	4	5	2	17	4	6	1	3	1	8	1		1	3	6	
113	8	2	22	2	臺北市	文山區	文山區指南路3段34巷電桿(指南幹B7227BB13)	24.97775057	121.5798106	0	0	1	2	7	5	5	11	9	1	5	4	5	13	4	4	10	5	5	1	21	1	9	8	4	1	20	1		1	2	14	
113	8	3	0	0	臺北市	中正區	中正區開封街1段98號	25.04596552	121.5101558	0	0	1	7	8	5	5	14	9	1	5	4	5	13	4	4	10	4	5	2	29	1	9	1	5	2	10	1		1	3	14	
113	8	3	0	8	臺北市	大安區	大安區和平東路2段與建國南路2段口	25.0258161	121.5374565	0	0	3	4	8	5	5	5	2	1	5	4	5	13	2	1	1	4	5	2	17	4	9	1	3	2	4	1		1	2	1	
113	8	3	0	12	臺北市	大同區	大同區民權西路144巷與民權西路102巷4弄口	25.06159	121.5159417	0	0	1	2	8	5	5	4	1	1	5	4	5	13	3	1	10	4	5	2	15	1	9	1	2	1	8	1		1	3	1	
113	8	3	5	52	臺北市	中正區	中正區和平西路1段26號	25.026642	121.5205619	0	0	2	3	8	6	5	14	9	1	5	4	5	13	4	4	1	4	5	2	17	1	6	1	5	2	10	1		2	2	12	
113	8	3	7	57	臺北市	萬華區	萬華區桂林路與昆明街口	25.0380633	121.5037591	0	0	2	2	8	5	5	4	1	1	5	4	5	13	2	1	8	3	5	1	16	4	5	1	3	1	10	1		2	2	12	
113	8	3	8	0	臺北市	北投區	北投區致遠一路2段與致遠一路2段86巷口	25.1127199	121.5131507	0	0	2	3	7	6	5	4	1	1	5	4	5	13	4	4	9	4	5	1	17	1	5	1	5	1	10	1		2	3	17	
113	8	3	8	51	臺北市	北投區	北投區西安街1段313巷16弄與石牌路1段166巷43弄口	25.1137059	121.5147197	0	0	3	3	8	6	5	4	1	1	5	4	5	13	4	4	10	5	5	2	15	1	9	1	5	1	10	1		2	2	14	
113	8	3	9	1	臺北市	大安區	大安區杭州南路2段與金華街附近口旁	25.0312337	121.5224145	0	0	1	2	8	6	5	4	2	1	5	4	5	13	2	1	9	4	4	1	12	4	7	1	3	1	8	1		1	3	2	
113	8	3	9	36	臺北市	信義區	信義區光復南路457號	25.034876	121.557585	0	0	1	2	8	7	5	14	9	1	5	4	5	13	4	4	1	4	5	2	12	1	9	1	7	1	4	1		1	3	5	
113	8	3	9	39	臺北市	中正區	中正區漢口街1段與懷寧街口	25.0451432	121.5140893	0	0	3	3	8	6	5	4	1	1	5	4	5	13	1	1	10	4	5	2	12	1	9	1	6	2	10	1		2	2	11	
113	8	3	9	45	臺北市	中山區	中山區松江路330巷與錦州街231巷口	25.06114262	121.5325725	0	0	1	2	8	7	5	4	1	1	5	4	5	13	4	4	10	5	5	2	15	1	9	1	6	1	10	1		2	2	14	
113	8	3	10	37	臺北市	中山區	中山區龍江路與龍江路223巷口	25.0568838	121.5405807	0	0	1	2	8	6	5	4	1	1	5	4	5	13	4	4	10	5	5	2	15	1	9	1	7	1	4	1		1	3	4	
113	8	3	10	54	臺北市	萬華區	萬華區環河南路1段與內江街口	25.0418369	121.5000794	0	0	2	3	8	6	5	3	2	1	5	4	5	13	2	1	5	4	5	1	17	4	15	1	3	1	8	1		1	3	5	
113	8	3	11	1	臺北市	中山區	中山區合江街93巷與合江街口	25.05948602	121.5392159	0	0	2	4	8	7	5	4	2	1	5	4	3	10	4	4	10	5	5	2	16	1	5	3	5	1	18	1		2	3	11	
113	8	3	11	12	臺北市	中山區	中山區龍江路與遼寧街116巷口	25.0528468	121.5410404	0	0	1	2	8	6	5	4	1	1	5	4	5	13	4	4	9	5	5	2	13	4	6	1	3	1	10	1		1	2	14	
113	8	3	11	29	臺北市	大同區	大同區民權西路與承德路3段口	25.0638735	121.5182048	0	0	1	2	8	6	5	4	2	1	5	4	5	13	2	1	1	4	5	2	13	4	9	1	5	1	10	1		1	2	11	
113	8	3	11	33	臺北市	南港區	南港區研究院路1段99號	25.0521584	121.616167	0	0	2	2	8	5	5	14	9	1	5	4	5	13	4	4	1	4	5	2	13	1	9	1	6	1	10	1		2	2	11	
113	8	3	11	45	臺北市	北投區	北投區明德路與明德路333巷口	25.1161766	121.5201998	0	0	2	3	8	6	5	3	1	1	5	4	5	13	4	4	9	4	5	1	17	1	5	1	7	1	8	1		1	3	4	
113	8	3	12	7	臺北市	中正區	中正區長沙街1段與博愛路口口	25.04012429	121.5112525	0	0	2	2	8	5	5	3	1	1	5	4	5	13	4	4	9	4	5	1	16	1	5	1	5	1	10	1		2	2	14	
113	8	3	12	9	臺北市	士林區	士林區通河西街2段與通河西街2段108巷口	25.09283861	121.5079575	0	0	1	2	8	7	5	3	1	1	5	4	5	13	4	4	9	5	5	2	17	4	5	7	3	11	19	2		4	4	11	
113	8	3	12	34	臺北市	中山區	中山區松江路與長春路口	25.0547805	121.5329771	0	0	2	2	8	6	5	4	1	1	5	4	5	13	2	1	1	4	5	2	15	1	9	1	6	2	10	1		1	2	14	
113	8	3	12	36	臺北市	大同區	大同區鄭州路119號	25.0502182	121.5110286	0	0	1	2	8	7	5	22	9	1	5	4	5	13	4	4	1	4	5	2	17	4	15	1	3	1	8	1		1	3	4	
113	8	3	13	50	臺北市	中山區	中山區中山北路1段與長安東路1段口	25.0499546	121.5216996	0	0	1	2	8	6	5	4	18	1	5	4	5	13	2	1	1	3	1	2	2	4	5	1	7	2	4	1		1	3	8	
113	8	3	13	55	臺北市	松山區	松山區八德路3段12巷52弄與八德路3段12巷口	25.0461528	121.5507147	0	0	4	5	8	7	5	4	1	1	5	4	5	13	4	4	5	5	5	2	15	1	9	1	7	1	4	1		1	2	2	
113	8	3	14	20	臺北市	南港區	南港區南港路1段30號對面	25.0549871	121.6172775	0	0	1	2	8	5	5	14	9	1	5	4	5	13	4	4	1	4	5	2	11	1	9	3	6	2	18	1		1	3	15	
113	8	3	14	32	臺北市	中山區	中山區雙城街與雙城街40巷口口	25.0671297	121.5243521	0	0	1	2	8	6	5	4	1	1	5	4	5	13	4	4	9	5	5	2	15	1	9	1	7	1	8	1		1	3	8	
113	8	3	14	32	臺北市	松山區	松山區南京東路4段與敦化北路口	25.0516068	121.5493763	0	0	1	2	8	7	5	4	1	1	5	4	5	13	1	1	1	4	4	2	17	1	9	8	4	1	20	1		2	2	12	
113	8	3	14	36	臺北市	文山區	文山區興隆路3段306號	24.9923764	121.5586638	0	0	1	3	8	6	5	11	9	1	5	4	5	13	4	4	1	4	5	2	13	1	9	1	5	1	10	1		1	2	11	
113	8	3	14	39	臺北市	大同區	大同區大龍街與大龍街91巷口	25.066837	121.5161053	0	0	2	3	8	6	5	4	2	1	5	4	5	13	2	1	5	5	5	2	17	4	11	1	7	1	8	1		1	3	8	
113	8	3	15	18	臺北市	北投區	北投區榮華三路與榮華三路42巷口	25.1140902	121.520666	0	0	1	2	7	6	6	4	1	1	5	4	5	13	4	4	5	4	5	2	15	1	9	1	6	1	10	1		2	2	11	
113	8	3	15	24	臺北市	北投區	北投區中央南路1段與大興街口	25.1306582	121.5011421	0	0	1	2	8	7	5	4	1	1	5	4	5	13	2	1	5	5	5	1	16	1	5	1	7	1	8	1		1	3	7	
113	8	3	15	37	臺北市	內湖區	內湖區成功路2段303號與成功路2段口	25.06941409	121.5907748	0	0	1	2	8	5	5	3	1	1	5	4	5	13	4	4	1	4	5	2	14	1	2	1	7	1	8	1		1	3	7	
113	8	3	16	56	臺北市	中正區	中正區師大路與水源路口	25.0204583	121.5225474	0	0	1	2	8	7	5	4	1	1	5	4	5	13	1	1	1	2	5	2	16	1	6	1	6	1	10	1		1	2	11	
113	8	3	17	1	臺北市	中正區	中正區紹興北街與紹興北街31巷口	25.0452584	121.5253765	0	0	2	3	8	6	5	3	2	1	5	4	5	13	4	4	10	4	5	2	16	1	7	1	7	2	4	1		1	3	8	
113	8	3	17	1	臺北市	士林區	士林區延平北路5段287號	25.0854714	121.5095925	0	0	2	3	8	7	5	14	8	1	5	4	5	13	4	4	1	3	4	2	12	1	1	1	5	1	10	1		1	2	14	
113	8	3	17	2	臺北市	內湖區	內湖區民權東路6段50號(加油站入口)	25.06843875	121.583302	0	0	1	2	8	5	5	14	8	1	5	4	5	13	4	4	1	4	4	2	16	1	6	1	7	1	8	1		1	3	5	
113	8	3	17	17	臺北市	松山區	松山區三民路80巷12-3號	25.0563441	121.5650931	0	0	1	2	8	6	5	14	9	1	5	4	5	13	4	4	10	5	5	2	14	1	2	1	7	1	8	1		1	3	3	
113	8	3	17	19	臺北市	信義區	信義區永吉路120巷80弄與永吉路30巷口	25.0428363	121.5687729	0	0	1	2	8	6	5	4	1	1	5	4	5	13	4	4	5	5	5	2	16	4	6	8	4	1	20	1		2	2	11	
113	8	3	17	36	臺北市	中山區	中山區長春路與吉林路口	25.0548664	121.5301403	0	0	2	3	8	5	5	4	1	1	5	4	5	13	1	1	5	4	4	2	16	4	6	1	3	1	8	1		1	3	5	
113	8	3	17	56	臺北市	大安區	大安區和平東路1段162號	25.0267201	121.5253725	0	0	1	3	8	7	5	3	2	1	5	4	5	13	4	4	10	3	5	1	12	4	8	1	3	1	8	1		2	3	5	
113	8	3	18	15	臺北市	中正區	中正區羅斯福路3段316巷與羅斯福路3段316巷9弄口口	25.0154552	121.5320568	0	0	1	2	7	5	5	3	2	1	5	4	5	13	4	4	10	5	5	1	2	1	9	1	7	1	4	1		1	3	5	
113	8	3	18	16	臺北市	內湖區	內湖區內湖路1段360巷2號	25.08127678	121.5707694	0	0	1	3	8	6	5	14	9	1	5	4	5	13	2	1	5	5	5	2	17	1	14	1	7	1	8	1		1	3	2	
113	8	3	18	17	臺北市	中正區	中正區中正橋往永和方向	25.0221863	121.5165136	0	0	1	3	8	7	5	14	9	1	5	4	5	13	4	4	1	4	5	2	17	4	8	1	6	1	10	1		1	2	15	
113	8	3	19	40	臺北市	大安區	大安區樂業街116號	25.0209492	121.5520144	0	0	4	4	8	5	5	14	9	1	5	4	5	13	4	4	5	5	5	2	17	1	1	8	2	1	20	1		1	2	13	
113	8	3	19	50	臺北市	中正區	中正區羅斯福路1段8號(南門市場前)	25.0321518	121.5185568	0	0	1	2	8	5	5	14	8	1	5	4	5	13	4	4	3	4	4	2	17	1	1	1	7	2	8	1		1	3	4	
113	8	3	20	15	臺北市	士林區	士林區延平北路9段NO.3011592燈桿	25.10940496	121.4712497	0	0	13	14	8	6	5	14	9	1	5	4	5	13	4	4	10	5	5	1	36	1	9	1	7	2	8	1		1	2	5	
113	8	3	20	45	臺北市	內湖區	內湖區民權東路6段56巷與民權東路6段56巷25弄口口	25.06739531	121.5854587	0	0	1	2	8	5	5	3	1	1	5	4	5	13	4	4	10	5	5	2	17	1	1	1	7	1	8	1		1	3	17	
113	8	3	20	55	臺北市	大安區	大安區忠孝東路4段216巷與忠孝東路4段216巷32弄口	25.0398286	121.5529211	0	0	1	2	8	5	5	4	1	1	5	4	5	13	4	4	5	4	5	2	3	4	9	1	3	2	10	1		1	3	11	
113	8	3	21	22	臺北市	文山區	文山區萬芳路51號230號停車格	24.99931338	121.5575409	0	0	1	2	8	7	5	14	9	1	5	4	5	13	4	4	5	4	5	2	13	1	14	1	7	1	8	1		2	3	7	
113	8	3	21	23	臺北市	大安區	大安區和平東路1段147號	25.0265163	121.5309095	0	0	2	4	8	5	5	14	8	1	5	4	3	10	4	4	1	4	4	2	17	1	8	1	5	1	10	1		1	3	15	12
113	8	3	21	41	臺北市	文山區	文山區景中街30巷與景後街口	24.9920772	121.5429007	0	0	1	2	8	5	5	4	1	1	5	4	5	13	3	1	10	5	5	2	15	1	9	1	7	1	4	1		1	3	2	
113	8	3	23	18	臺北市	中山區	中山區中山橋與中山北路3段口往南	25.07476505	121.5257991	0	0	1	2	8	5	5	11	9	1	5	4	5	13	1	1	1	5	2	1	16	4	5	1	3	1	10	1		1	2	14	
113	8	3	23	25	臺北市	大同區	大同區民族西路與延平北路3段口	25.0683528	121.5108247	0	0	1	3	8	5	5	14	9	1	5	4	5	13	4	4	8	3	5	2	16	4	7	1	3	2	8	1		1	3	2	
113	8	4	0	54	臺北市	北投區	北投區西安街1段293巷與西安街1段281巷6弄口	25.1120591	121.5161707	0	0	2	2	7	5	5	3	1	1	5	4	5	13	4	4	10	5	5	2	15	1	15	1	5	1	10	1		2	2	11	
113	8	4	1	15	臺北市	信義區	信義區松壽路20巷	25.0357564	121.5675715	0	0	1	2	8	5	5	14	9	1	5	4	5	13	4	4	10	5	5	2	12	4	1	1	3	1	4	1		1	2	5	
113	8	4	1	21	臺北市	北投區	北投區承德路7段與承德路7段413巷口	25.120755	121.499904	0	0	1	2	7	5	5	11	9	1	5	4	5	13	1	1	1	4	5	2	17	1	6	1	7	9	4	2		2	3	17	
113	8	4	3	30	臺北市	中山區	中山區松江路524號	25.0667698	121.5331564	0	0	2	2	8	5	5	14	9	1	5	4	5	13	1	1	1	4	5	2	13	1	9	1	5	1	10	1		1	2	11	
113	8	4	6	41	臺北市	萬華區	萬華區東園街129號	25.02494121	121.4969776	0	0	1	2	8	7	5	14	9	1	5	4	5	13	4	4	9	4	5	2	17	1	15	1	5	1	10	1		1	2	12	
113	8	4	8	39	臺北市	信義區	信義區和平東路3段341巷與和平東路3段391巷8弄口	25.0210044	121.5570232	0	0	2	2	8	6	5	4	1	1	5	4	5	13	4	4	10	5	5	2	15	4	9	1	3	1	10	1		2	2	14	
113	8	4	9	22	臺北市	萬華區	萬華區堤外便道與堤外便道口(桂林水門口)	25.0390941	121.4959789	0	0	2	2	8	7	5	5	2	1	5	4	5	13	2	1	5	4	5	2	17	1	7	8	4	1	20	1		1	2	11	
113	8	4	9	40	臺北市	士林區	士林區仰德大道3段與仰德大道3段44巷口	25.11809831	121.5523049	0	0	1	2	8	5	5	4	1	1	5	4	5	13	4	4	5	5	5	1	12	1	9	1	6	2	10	1		1	2	11	
113	8	4	9	45	臺北市	中山區	中山區劍南路第144號燈桿	25.09004707	121.5533729	0	0	1	2	8	6	5	12	9	1	5	4	5	13	4	4	10	5	5	2	17	1	9	1	7	1	8	1		1	3	8	
113	8	4	9	48	臺北市	北投區	北投區大度路3段與關渡路口	25.1228967	121.4694823	0	0	2	2	8	5	5	3	1	1	5	4	5	13	1	1	3	4	2	2	17	4	6	1	3	1	8	1		2	2	6	
113	8	4	9	50	臺北市	北投區	北投區大業路與大業路527巷口	25.1344582	121.4962799	0	0	2	2	7	6	5	5	1	1	5	4	5	13	1	1	1	4	5	1	17	1	5	1	5	1	10	1		1	2	13	
113	8	4	10	12	臺北市	南港區	南港區南港路2段13-1號	25.0537784	121.6036848	0	0	1	2	8	7	5	14	8	1	5	4	5	13	4	4	9	5	4	2	16	4	6	1	3	2	8	1		1	3	5	
113	8	4	10	38	臺北市	中正區	中正區和平西路2段與延平南路口	25.0320109	121.5070971	0	0	1	2	8	7	5	3	1	1	5	4	3	13	2	1	1	4	4	2	16	1	6	1	7	1	8	1		1	3	2	