年	月	日	時	分	縣市	行政區	allLocation	GoogleLat	GoogleLng	死	2-30	受傷	當事人數	天候	道路照明設備	道路類別	道路型態	事故位置	路面狀況1	路面狀況2	路面狀況3	道路障礙1	道路障礙2	號誌1	號誌2	車道劃分-分向	車道劃分-分道1	車道劃分-分道2	車道劃分-分道3	事故類型及型態	行動電話	當事者行動狀態	駕駛資格情形	保護裝置	飲酒情形	駕駛執照種類	個人肇逃否	肇因碼-主要	性別	受傷程度	車輛撞擊部位1	車輛撞擊部位2
113	8	4	10	46	臺北市	中山區	中山區市民大道2段與長安東路1段30巷口	25.0475532	121.5260844	0	0	1	2	8	7	5	3	2	1	5	4	5	13	2	1	1	4	5	2	12	1	8	1	7	1	8	1		1	3	4	
113	8	4	11	6	臺北市	大安區	大安區敦化南路2段104號	25.02762739	121.5485177	0	0	1	2	8	6	5	14	9	1	5	4	5	13	4	4	7	4	1	2	12	1	9	1	5	2	10	1		2	2	12	
113	8	4	11	39	臺北市	內湖區	內湖區金龍路與內湖路3段141巷口	25.0862387	121.5893095	0	0	1	2	8	7	5	4	2	1	5	4	5	13	1	1	5	4	5	2	16	1	6	1	7	2	8	1		1	3	5	
113	8	4	11	59	臺北市	士林區	士林區士東路91巷與士東路口	25.1156292	121.5234461	0	0	1	2	8	5	5	5	1	1	5	4	5	13	2	1	5	5	5	2	16	4	11	1	3	1	4	1		1	3	8	
113	8	4	12	25	臺北市	中正區	中正區中華路2段與中華路2段39巷口	25.0350793	121.5063165	0	0	1	3	8	7	5	3	1	1	5	4	5	13	4	4	1	4	5	2	17	1	10	1	5	1	10	1		1	2	11	
113	8	4	13	11	臺北市	大安區	大安區復興南路1段141號	25.0422103	121.5438967	0	0	1	2	8	6	5	14	9	1	5	4	5	13	4	4	1	4	5	2	13	4	9	3	5	1	18	1		1	2	11	
113	8	4	13	23	臺北市	士林區	士林區社中街264巷與社中街298巷4弄口	25.0924692	121.5071705	0	0	2	2	8	5	5	4	1	1	5	4	5	13	4	4	10	5	5	2	15	4	9	8	3	1	20	1		2	2	12	
113	8	4	14	27	臺北市	大安區	大安區市民大道4段22號	25.0448409	121.5448652	0	0	1	2	8	6	5	14	9	1	5	4	5	13	4	4	1	4	5	2	17	4	1	1	3	1	6	1		1	3	4	
113	8	4	14	32	臺北市	大安區	大安區忠孝東路4段26巷與大安路1段116巷口	25.0397471	121.5447493	0	0	1	2	8	6	5	4	1	1	5	4	5	13	4	4	1	5	5	2	16	1	6	1	7	1	8	1		1	3	2	
113	8	4	14	45	臺北市	內湖區	內湖區舊宗路1段279號	25.06336643	121.5769246	0	0	2	4	8	5	5	14	9	1	5	4	5	13	1	1	1	3	5	2	12	4	7	1	3	1	8	1		1	3	2	
113	8	4	15	38	臺北市	北投區	北投區大度路與大度路口(往台北，路樹BT0560210062)	25.12238698	121.4764533	0	0	1	2	8	6	5	14	12	1	5	4	5	13	4	4	9	4	2	2	13	1	3	6	5	1	18	1		1	3	13	
113	8	4	16	34	臺北市	北投區	北投區文林北路與文林北路75巷口	25.1071151	121.5151607	0	0	2	3	8	6	5	14	9	1	5	4	5	13	1	1	1	4	1	2	13	1	12	1	7	1	8	1		2	3	5	
113	8	4	16	52	臺北市	中正區	中正區南海路34-1號	25.0322618	121.5159508	0	0	1	2	8	7	5	14	9	4	5	4	5	13	4	4	10	4	5	2	13	1	9	1	5	2	10	1		2	2	11	
113	8	4	16	55	臺北市	萬華區	萬華區中華路1段108號	25.043845	121.5085188	0	0	1	2	8	7	5	14	9	1	5	4	5	13	4	4	1	5	5	2	17	1	1	1	7	1	3	1		1	3	4	
113	8	4	17	32	臺北市	萬華區	萬華區昆明街277號	25.03711067	121.5036277	0	0	2	3	8	7	5	14	9	1	5	4	5	13	4	4	10	4	5	2	12	1	1	1	6	1	10	1		1	3	14	
113	8	4	17	35	臺北市	萬華區	萬華區環河南路2段與西藏路口	25.0301693	121.4897899	0	0	1	2	8	5	8	22	22	1	5	4	5	13	1	1	10	5	5	2	13	4	15	1	3	1	9	1		1	3	11	
113	8	4	18	41	臺北市	南港區	南港區玉成街132號	25.04508415	121.5830147	0	0	1	2	8	5	5	14	9	1	5	4	5	13	4	4	4	5	5	2	12	1	9	1	7	1	8	1		2	3	2	
113	8	4	18	57	臺北市	信義區	信義區松壽路28號	25.0357616	121.5677946	0	0	1	2	8	5	5	14	9	1	5	4	5	13	4	4	9	4	5	2	16	1	7	1	5	1	10	1		1	2	12	
113	8	4	19	30	臺北市	中正區	中正區博愛路與永綏街口	25.0431224	121.511477	0	0	3	3	8	5	5	3	2	1	5	4	5	13	1	1	10	5	5	2	16	1	7	1	5	2	10	1		1	2	13	
113	8	4	19	35	臺北市	大安區	大安區愛國東路與杭州南路2段口	25.0323798	121.5226526	0	0	1	2	8	5	5	4	1	1	5	4	5	13	1	1	10	5	5	2	17	1	15	1	5	1	10	1		1	3	13	
113	8	4	19	38	臺北市	文山區	文山區木新路3段74巷與木新路3段口	24.9823689	121.5635397	0	0	1	2	8	5	5	3	1	1	5	4	5	13	4	4	5	5	4	2	3	1	9	1	6	2	10	1		1	3	12	
113	8	4	20	40	臺北市	中正區	中正區仁愛路1段與林森南路口	25.038662	121.5215316	0	0	1	2	7	5	5	4	1	1	5	4	5	13	1	1	1	4	5	2	16	1	5	1	6	2	10	1		1	2	14	
113	8	4	22	0	臺北市	士林區	士林區百齡橋往社子方向	25.0880099	121.5118012	0	0	1	2	8	5	5	14	9	1	5	4	5	13	4	4	3	4	5	1	17	1	8	1	6	1	9	1		1	3	17	
113	8	5	2	15	臺北市	大安區	大安區四維路與四維路154巷口	25.0309595	121.547995	0	0	1	2	8	5	5	4	1	1	5	4	5	13	3	1	10	5	5	2	15	1	9	1	5	1	10	1		2	2	11	
113	8	5	7	28	臺北市	大安區	大安區復興南路2段與信義路4段口	25.0333205	121.5436829	0	0	1	2	8	7	5	4	1	1	5	4	5	13	2	1	1	3	1	2	16	1	6	1	7	1	8	1		1	3	2	
113	8	5	7	35	臺北市	大同區	大同區延平北路1段與鄭州路口	25.0499933	121.5118828	0	0	1	2	8	5	5	5	1	1	5	4	5	13	2	1	1	2	1	2	10	1	15	1	7	2	8	1		1	3	8	
113	8	5	7	48	臺北市	文山區	文山區木柵路3段191號對面	24.99132006	121.5711093	0	0	2	3	8	7	5	14	9	1	5	4	5	13	4	4	5	4	5	2	13	1	14	1	7	2	2	1		1	3	6	
113	8	5	7	49	臺北市	萬華區	萬華區中華路2段與莒光路口	25.0312594	121.5041034	0	0	2	3	8	6	6	4	1	1	5	4	5	13	1	1	1	4	5	1	17	4	5	1	3	1	10	1		1	3	13	
113	8	5	7	55	臺北市	北投區	北投區中央北路2段257巷與無名路口	25.13713731	121.4904611	0	0	1	2	8	7	5	3	2	1	5	4	5	13	4	4	4	1	5	2	17	1	5	1	6	1	10	1		1	2	13	
113	8	5	7	59	臺北市	文山區	文山區辛亥路4段與萬美街2段口	25.0061907	121.5582736	0	0	1	3	8	6	5	3	1	1	5	4	5	13	2	1	4	2	5	2	16	1	6	1	6	1	10	1		2	2	13	
113	8	5	8	2	臺北市	大安區	大安區復興南路1段249號	25.0370678	121.5440675	0	0	2	3	8	6	5	14	9	1	5	4	5	13	4	4	1	4	5	2	13	1	9	1	5	1	10	1		1	2	11	
113	8	5	8	3	臺北市	松山區	松山區北寧路20號	25.04890801	121.5526034	0	0	1	2	8	5	5	14	9	1	5	4	5	13	4	4	5	2	4	2	16	1	11	1	7	1	4	1		1	3	7	
113	8	5	8	5	臺北市	文山區	文山區景文街108號	24.98890152	121.5408346	0	0	2	4	8	6	5	14	7	1	5	4	5	13	4	4	5	5	4	2	13	1	9	1	6	1	10	1		2	2	11	
113	8	5	8	13	臺北市	士林區	士林區文昌路3號前磁磚地	25.09533752	121.5211552	0	0	2	2	8	7	8	22	22	4	5	4	5	13	4	4	10	5	5	2	17	1	9	1	6	1	10	1		1	2	11	
113	8	5	8	26	臺北市	中正區	中正區汀州路2段與牯嶺街口	25.0250377	121.5192078	0	0	2	3	8	7	5	4	2	1	5	4	5	13	2	1	5	4	5	2	13	1	9	1	5	1	10	1		1	2	11	
113	8	5	8	35	臺北市	信義區	信義區光復南路與忠孝東路4段口	25.0414572	121.5577834	0	0	1	2	8	7	5	4	1	1	5	4	5	13	1	1	9	4	5	2	18	1	1	1	6	1	10	1		2	2	14	
113	8	5	8	47	臺北市	大同區	大同區民權西路與承德路2段口	25.062781	121.518353	0	0	2	3	8	5	5	4	2	1	5	4	5	13	2	1	1	4	5	2	17	4	6	1	3	2	10	1		1	3	13	
113	8	5	8	49	臺北市	士林區	士林區忠誠路1段與德行東路口	25.10822607	121.5302039	0	0	1	2	8	6	5	4	1	1	5	4	5	13	2	1	1	4	5	1	16	3	15	1	7	2	8	1		1	3	5	
113	8	5	9	23	臺北市	中山區	中山區錦州街305巷與錦州街口	25.0603043	121.5378479	0	0	3	3	8	6	5	4	1	1	5	4	5	13	4	4	5	5	5	2	16	1	11	1	6	1	10	1		2	2	14	
113	8	5	9	25	臺北市	內湖區	內湖區東湖路113巷與東湖路113巷95弄口	25.0718686	121.6156125	0	0	1	2	8	5	5	4	2	1	5	4	5	13	3	1	9	5	5	2	17	1	5	1	5	2	10	1		2	2	12	
113	8	5	9	30	臺北市	大安區	大安區敦化南路2段106號	25.0280027	121.5485418	0	0	1	3	8	6	5	14	9	1	5	4	5	13	4	4	1	4	5	2	13	1	9	1	5	1	10	1		1	2	11	
113	8	5	9	35	臺北市	中正區	中正區南海路58號	25.0310283	121.5111684	0	0	1	2	8	7	5	14	9	1	5	4	5	13	1	1	10	4	5	2	13	1	9	1	7	2	8	1		1	3	1	
113	8	5	9	40	臺北市	中正區	中正區汀州路2段260號	25.0213814	121.5249551	0	0	2	3	8	7	5	14	9	1	5	4	3	10	4	4	9	4	5	2	17	1	1	1	5	1	10	1		1	3	17	
113	8	5	10	5	臺北市	大安區	大安區和平東路3段448號	25.01747304	121.5597968	0	0	1	2	8	6	5	19	24	4	5	4	5	13	4	4	10	5	5	2	9	1	1	1	7	1	8	1		2	3	8	
113	8	5	10	35	臺北市	文山區	文山區木柵路1段與試院路口口	24.9873242	121.5489479	0	0	1	2	8	6	5	3	1	1	5	4	5	13	1	1	5	4	5	1	12	1	9	1	5	1	10	1		1	2	14	
113	8	5	10	43	臺北市	中正區	中正區思源街16號	25.013926	121.5306849	0	0	1	2	8	6	5	14	8	1	5	4	5	13	4	4	3	4	4	2	13	1	8	6	6	2	18	1		1	2	12	
113	8	5	11	5	臺北市	大同區	大同區承德路2段與民生西路口	25.0572254	121.5180782	1	0	0	2	8	7	5	4	1	1	5	4	5	13	2	1	5	4	5	2	16	4	6	1	3	2	1	1		1	3	5	
113	8	5	11	18	臺北市	大安區	大安區和平東路1段與和平東路1段55巷口	25.0270358	121.524386	0	0	1	3	8	6	5	3	1	1	5	4	5	13	4	4	7	3	5	2	16	1	6	1	7	11	8	1		4	3	2	
113	8	5	11	20	臺北市	中山區	中山區復興北路與民生東路3段口	25.0575501	121.5440816	0	0	1	2	8	6	5	4	2	1	5	4	5	13	2	1	1	4	5	2	13	1	9	1	6	1	10	1		1	2	11	
113	8	5	11	27	臺北市	北投區	北投區明德路311號對面	25.1153849	121.5209078	0	0	1	2	8	6	5	14	9	1	5	4	5	13	4	4	9	5	5	2	17	1	15	1	7	1	8	1		1	3	2	
113	8	5	11	43	臺北市	大同區	大同區赤峰街與承德路2段53巷口	25.0553267	121.5196304	0	0	1	2	8	5	5	4	2	1	5	4	5	13	4	4	10	5	5	1	15	1	9	1	5	1	10	1		1	2	12	
113	8	5	12	0	臺北市	中山區	中山區中山北路2段與錦州街口	25.0603278	121.5229556	0	0	1	2	8	5	5	4	1	1	5	4	5	13	1	1	1	4	1	2	17	4	9	6	6	1	10	1		1	2	17	
113	8	5	12	35	臺北市	信義區	信義區基隆路2段151號	25.026302	121.5549401	0	0	1	2	8	7	5	22	20	4	5	4	5	13	4	4	10	5	5	2	10	1	15	8	4	1	20	1		2	3	11	
113	8	5	12	43	臺北市	大同區	大同區涼州街與甘州街口	25.0607538	121.5125531	0	0	1	3	8	6	5	3	2	1	5	4	5	13	4	4	5	5	5	2	17	1	9	1	6	2	10	1		1	2	12	
113	8	5	12	50	臺北市	萬華區	萬華區西園路2段320巷與西園路2段320巷55弄口	25.02750357	121.4909536	0	0	1	2	8	6	5	4	1	1	5	4	5	13	4	4	10	5	5	2	17	1	9	1	6	1	10	1		2	2	11	
113	8	5	13	16	臺北市	大同區	大同區承德路1段與長安西路口	25.0509743	121.5169019	0	0	1	2	7	6	5	4	1	1	5	4	5	13	2	1	1	4	5	2	17	4	6	1	3	1	4	1		2	3	5	
113	8	5	13	21	臺北市	南港區	南港區重陽路419號旁東往西	25.0585569	121.6083257	0	0	1	2	8	6	5	14	8	1	5	4	5	13	4	4	9	4	4	2	14	1	2	1	7	2	8	1		1	3	7	
113	8	5	13	43	臺北市	北投區	北投區石牌路2段90巷26號	25.11704014	121.5180219	0	0	1	6	8	5	5	14	9	1	5	4	5	13	4	4	10	5	5	2	17	1	9	1	5	2	10	1		2	2	12	
113	8	5	13	47	臺北市	中正區	中正區羅斯福路2段50號	25.0278955	121.5216634	0	0	1	2	8	7	5	14	9	1	5	4	5	13	2	1	1	4	5	2	3	1	9	1	7	2	4	1		1	3	1	
113	8	5	13	55	臺北市	萬華區	萬華區大理街與大理街156巷口	25.03406322	121.4956292	0	0	2	2	8	5	5	3	2	1	5	4	5	12	4	4	10	5	5	2	17	1	5	8	4	1	20	1		1	2	14	
113	8	5	14	0	臺北市	中山區	中山區天津街與中山北路1段33巷口	25.04866241	121.5225657	0	0	1	2	7	5	5	4	2	1	5	4	5	13	4	4	9	5	5	2	14	1	2	1	7	1	1	1		1	3	3	
113	8	5	14	41	臺北市	松山區	松山區民權東路4段與光復北路口	25.0620007	121.5547079	0	0	1	2	7	6	5	4	1	1	4	4	5	13	4	4	1	3	4	2	17	1	9	1	5	1	10	1		2	2	12	
113	8	5	14	45	臺北市	北投區	北投區大業路與大業路65巷口	25.1232226	121.4991017	0	0	1	2	8	6	5	14	9	1	5	4	5	13	1	1	9	4	5	2	15	1	9	1	5	1	10	1		1	3	12	
113	8	5	15	12	臺北市	南港區	南港區南港路3段與南港路3段130巷口	25.053108	121.5884195	0	0	1	3	8	6	5	4	1	1	5	4	5	13	1	1	9	4	4	2	16	1	6	1	7	2	8	1		1	3	2	
113	8	5	15	25	臺北市	信義區	信義區信義路5段與松智路口	25.0330302	121.565338	0	0	2	2	8	6	5	4	3	1	5	4	5	13	2	1	3	4	5	2	12	1	11	8	4	2	20	1		1	2	11	
113	8	5	15	27	臺北市	北投區	北投區尊賢街302巷與石牌路1段39巷口	25.1181111	121.5085901	0	0	2	2	8	7	5	4	1	1	5	4	5	13	4	4	10	5	5	2	15	1	9	1	5	2	10	1		1	2	14	
113	8	5	15	36	臺北市	北投區	北投區北投路1段第44號停車格前	25.12926	121.5001815	0	0	2	2	8	5	5	14	8	1	5	4	5	13	4	4	5	5	4	2	13	1	8	2	5	11	18	2		1	2	11	
113	8	5	15	44	臺北市	松山區	松山區八德路3段192號	25.0479906	121.5559924	0	0	1	2	8	7	5	14	9	1	5	4	5	13	4	4	5	4	5	2	17	1	9	1	6	1	9	1		2	3	17	
113	8	5	16	40	臺北市	中正區	中正區仁愛路1段與杭州南路1段口	25.0381832	121.525231	0	0	1	2	8	6	8	22	22	1	5	4	5	13	2	1	3	4	3	2	12	1	15	1	6	2	10	1		1	2	11	
113	8	5	17	2	臺北市	文山區	文山區辛亥路7段與辛亥路7段5巷口	24.9871864	121.5524734	0	0	1	2	8	7	5	3	1	1	5	4	5	13	4	4	10	5	5	2	17	1	11	1	7	2	8	1		2	3	8	
113	8	5	17	32	臺北市	中正區	中正區羅斯福路4段6號	25.0159004	121.532936	0	0	1	2	8	7	5	14	9	1	5	4	5	13	4	4	1	4	5	2	13	1	9	1	5	1	10	1		1	3	11	
113	8	5	17	35	臺北市	中山區	中山區北安路301號	25.07794003	121.5363514	0	0	1	2	8	5	5	14	9	1	5	4	5	13	4	4	1	4	5	2	13	1	9	1	6	1	10	1		2	2	11	
113	8	5	17	43	臺北市	中山區	中山區市民大道2段與林森北路口	25.04794937	121.5242714	0	0	1	3	7	5	5	4	1	1	5	4	5	13	1	1	1	4	5	2	13	4	9	1	3	1	10	1		2	3	11	
113	8	5	17	49	臺北市	松山區	松山區東興路與八德路4段295巷18弄口	25.0494957	121.5654418	0	0	2	2	7	6	5	4	1	1	5	4	5	13	4	4	9	4	5	2	16	1	5	1	5	1	10	1		1	2	12	
113	8	5	17	50	臺北市	士林區	士林區重慶北路4段81號	25.08186005	121.5126383	0	0	1	2	8	5	8	22	22	1	5	4	5	13	4	4	1	4	4	1	9	1	15	1	7	1	2	1		1	3	1	
113	8	5	18	11	臺北市	大安區	大安區和平東路2段157號	25.0252525	121.5413555	0	0	1	3	8	6	5	14	9	1	5	4	5	13	4	4	3	4	5	2	17	4	9	1	6	1	10	1		1	2	11	
113	8	5	18	28	臺北市	信義區	信義區松仁路38號	25.0384912	121.5683327	0	0	1	2	8	7	5	14	9	1	5	4	5	13	4	4	1	4	5	2	18	4	9	1	3	1	10	1		1	2	12	
113	8	5	18	32	臺北市	大安區	大安區信義路4段294巷與信義路4段口	25.0330561	121.5544452	0	0	1	2	8	5	5	14	9	1	5	4	5	13	2	1	10	5	5	2	9	4	9	1	3	2	4	1		1	3	2	
113	8	5	19	10	臺北市	松山區	松山區八德路4段與八德路4段389巷口	25.0492856	121.568602	0	0	1	2	8	5	5	3	1	1	5	4	5	13	4	4	4	5	5	2	16	4	5	1	3	1	8	1		1	3	4	
113	8	5	19	23	臺北市	大安區	大安區大安路2段與信義路4段30巷21弄口	25.0324477	121.5459727	0	0	1	2	8	5	5	3	1	1	5	4	5	13	4	4	5	3	4	2	16	1	5	1	5	11	10	2		1	4	14	
113	8	5	19	35	臺北市	中正區	中正區羅斯福路4段120號前	25.0131544	121.5356602	0	0	1	2	7	5	5	14	9	1	5	4	5	13	4	4	2	3	5	1	17	1	9	3	6	1	18	1		1	2	12	
113	8	5	19	40	臺北市	松山區	松山區市民大道4段185-1號	25.04467215	121.5521512	0	0	1	2	8	5	5	14	9	1	5	4	5	13	4	4	9	4	5	2	17	4	1	1	6	1	10	1		2	2	14	
113	8	5	19	59	臺北市	士林區	士林區基河路與小西街口	25.0890228	121.5233238	0	0	2	2	8	5	5	4	1	1	5	4	5	13	2	1	4	5	4	1	17	1	5	1	5	1	10	1		1	2	11	
113	8	5	20	10	臺北市	大安區	大安區和平東路3段與和平東路3段67巷口	25.0246571	121.5494926	0	0	1	2	8	5	6	3	1	1	5	4	5	13	4	4	10	5	5	2	17	4	9	1	3	9	4	1		1	3	1	
113	8	5	20	11	臺北市	大安區	大安區通化街與通化街171巷口	25.0281257	121.5536474	0	0	2	2	8	5	5	4	1	1	5	4	5	13	1	1	10	5	5	2	17	1	5	1	5	1	10	1		2	2	11	
113	8	5	20	19	臺北市	大安區	大安區建國南路1段與建國南路1段304巷口口	25.0357864	121.5375174	0	0	1	2	8	5	5	14	9	1	5	4	5	13	4	4	1	4	5	2	17	1	8	1	5	2	10	1		1	2	12	
113	8	5	20	50	臺北市	中山區	中山區中山北路2段與長春路口	25.0547927	121.5225723	0	0	1	2	8	5	5	4	1	1	5	4	5	13	2	1	5	1	5	2	17	1	5	1	5	1	10	1		2	2	13	
113	8	5	21	25	臺北市	中正區	中正區羅斯福路3段與辛亥路1段口口	25.0197568	121.5289301	0	0	2	2	7	5	5	4	1	1	5	4	5	13	2	1	1	4	5	1	9	5	16	8	4	10	20	1		1	2	16	
113	8	5	21	30	臺北市	大安區	大安區和平東路3段與和平東路3段70巷口	25.0243628	121.5503297	0	0	1	6	8	5	5	3	1	1	5	4	5	10	1	1	10	5	5	2	15	1	9	1	5	1	10	1		1	3	13	
113	8	5	22	45	臺北市	大安區	大安區忠孝東路4段17巷14號	25.0423121	121.5444887	0	0	1	2	8	5	5	14	9	1	5	4	5	13	4	4	10	5	5	2	16	4	5	1	5	2	9	1		1	2	14	
113	8	6	1	16	臺北市	信義區	信義區崇德街與嘉興街口	25.0241966	121.5555312	0	0	1	2	8	5	5	4	18	1	5	4	5	13	3	1	5	2	5	2	1	4	5	1	3	2	4	1		1	3	8	
113	8	6	2	7	臺北市	萬華區	萬華區萬大路464號與萬大路493巷口	25.0200935	121.4977053	0	0	1	2	8	5	5	3	1	1	5	4	5	13	1	1	9	4	5	1	16	1	11	8	4	1	20	1		2	2	12	
113	8	6	6	45	臺北市	大同區	大同區延平北路3段與延平北路3段18巷口	25.0639191	121.5111327	0	0	1	2	8	6	5	4	1	1	5	4	5	13	4	4	4	4	5	2	16	4	5	8	3	1	20	1		1	3	14	
113	8	6	6	58	臺北市	士林區	士林區延平北路7段106巷與延平北路7段口洲美橋下口	25.0969186	121.4971661	0	0	1	2	7	7	5	3	1	1	5	4	5	13	4	4	4	3	5	1	15	4	9	1	3	1	8	1		1	3	2	
113	8	6	7	0	臺北市	中山區	中山區民族東路236號	25.06820485	121.5329761	0	0	1	2	8	6	5	14	9	1	5	4	5	13	4	4	1	4	5	2	12	4	8	1	3	1	2	1		1	3	5	
113	8	6	7	40	臺北市	士林區	士林區中正路與志成街口	25.0961319	121.5301617	0	0	1	2	8	6	5	3	2	1	5	4	5	13	1	1	1	4	5	2	17	4	12	1	3	1	8	1		2	3	6	
113	8	6	7	42	臺北市	松山區	松山區八德路2段與八德路2段366巷口	25.04803245	121.5459461	0	0	2	2	8	7	5	4	2	1	5	4	5	13	1	1	9	4	5	2	12	1	9	1	5	1	10	1		1	2	11	
113	8	6	7	50	臺北市	松山區	松山區三民路與三民路136巷口	25.06045739	121.5633173	0	0	2	3	8	5	5	4	1	1	5	4	5	13	4	4	1	4	5	2	16	1	11	1	7	1	8	1		1	3	8	
113	8	6	7	58	臺北市	士林區	士林區延平北路7段106巷179號與延平北路7段106巷口	25.1016416	121.4961024	0	0	2	2	8	5	5	3	1	1	5	4	5	13	4	4	10	5	5	1	17	1	5	1	7	2	8	1		1	2	4	
113	8	6	8	16	臺北市	松山區	松山區敦化北路2號	25.04959098	121.5487213	0	0	1	2	8	7	5	14	9	1	5	4	5	13	4	4	1	4	4	2	13	1	5	1	3	1	10	1		1	3	14	
113	8	6	8	16	臺北市	萬華區	萬華區萬大路449巷與萬大路449巷10弄口	25.027658	121.4946913	0	0	2	2	8	7	5	4	1	1	5	4	5	13	4	4	5	5	5	2	15	1	9	1	6	1	10	1		1	2	11	
113	8	6	8	25	臺北市	內湖區	內湖區五分街與安康路口	25.0673429	121.6152083	0	0	1	2	8	5	5	4	1	1	5	4	5	13	4	4	10	5	5	2	17	1	9	1	5	1	10	1		2	2	17	
113	8	6	8	35	臺北市	中正區	中正區懷寧街與貴陽街1段口	25.03879998	121.5137584	0	0	1	2	8	6	5	3	1	1	5	4	5	13	4	4	10	5	5	2	3	4	5	1	7	2	8	1		1	3	5	
113	8	6	8	44	臺北市	中正區	中正區忠孝東路2段134巷2號對面	25.0419212	121.5318311	0	0	1	2	8	6	5	14	9	1	5	4	5	13	4	4	5	5	5	2	16	1	6	1	6	2	10	1		1	3	13	
113	8	6	8	51	臺北市	南港區	南港區松河街與南港路3段256巷口	25.0528479	121.5832411	0	0	1	2	8	6	5	5	2	1	5	4	5	13	4	4	5	5	5	2	17	1	6	8	4	1	20	1		1	2	14	
113	8	6	8	52	臺北市	內湖區	舊宗路二段207號旁	25.073562	121.5743238	0	0	1	2	8	6	5	14	9	1	5	4	5	13	4	4	5	5	5	2	17	1	9	1	5	2	10	1		1	3	11	
113	8	6	9	2	臺北市	信義區	信義區基隆路1段333號	25.0346172	121.5607284	0	0	1	2	8	6	8	22	22	1	5	4	5	13	4	4	1	4	5	2	13	1	9	1	6	1	10	1		1	2	11	
113	8	6	9	3	臺北市	士林區	士林區萬溪產業道路1103708燈桿處(近至善路三段336巷12弄)	25.1251567	121.5920208	0	0	1	2	8	6	5	11	9	1	5	4	5	13	4	4	10	5	5	1	17	4	21	7	3	11	19	2		1	4	15	
113	8	6	9	26	臺北市	北投區	北投區立德路120巷22號	25.12634678	121.4734596	0	0	1	2	8	6	5	14	9	1	5	4	5	13	4	4	9	5	5	2	17	1	15	1	6	1	10	1		1	3	12	
113	8	6	9	30	臺北市	士林區	士林區中正路與華興街口口	25.0945814	121.5225651	0	0	2	2	7	7	5	14	18	1	5	4	5	13	2	1	3	3	4	2	3	1	9	1	5	1	10	1		1	2	11	
113	8	6	10	0	臺北市	松山區	松山區塔悠路與撫遠街255巷口	25.0616372	121.5684249	0	0	1	2	8	6	5	3	1	1	5	4	5	12	4	4	1	4	4	2	16	1	5	1	7	2	8	1		1	3	6	
113	8	6	10	47	臺北市	中山區	中山區長春路與建國北路2段口	25.0547495	121.5370927	0	0	1	2	8	7	5	4	1	1	5	4	5	13	1	1	5	4	5	2	3	4	6	1	3	1	8	1		1	3	1	
113	8	6	10	57	臺北市	萬華區	萬華區萬大路388號前	25.0218555	121.4987623	0	0	1	2	8	5	8	22	22	4	5	4	5	13	4	4	10	5	5	2	17	4	15	1	3	1	3	1		1	3	5	
113	8	6	11	18	臺北市	南港區	南港區東新街63巷11號與東新街63巷口	25.0477235	121.5869683	0	0	1	2	8	7	5	3	2	1	5	4	1	13	4	4	5	5	5	2	9	1	6	8	4	1	20	1		1	2	14	
113	8	6	11	34	臺北市	信義區	信義區福德街與福德街84巷口	25.0372036	121.5814057	0	0	2	2	8	5	5	4	2	1	5	4	5	13	2	1	1	2	5	2	9	1	9	1	5	2	10	1		2	2	11	
113	8	6	11	45	臺北市	大同區	大同區民權西路與民權西路225巷口	25.0630503	121.5120037	0	0	1	2	8	6	5	5	2	1	5	4	5	13	4	4	1	5	5	2	12	1	9	1	5	2	9	1		1	3	12	
113	8	6	12	0	臺北市	松山區	松山區八德路4段與八德路4段245巷口	25.0489637	121.5647999	0	0	1	2	8	5	5	4	1	1	5	4	5	13	1	1	5	4	5	2	5	1	6	1	7	1	8	1		1	3	6	
113	8	6	12	10	臺北市	中山區	中山區民權東路2段206號前	25.0623124	121.5365567	0	0	1	2	8	7	5	14	9	1	4	4	5	13	1	1	1	4	5	2	17	4	12	1	3	1	10	1		1	2	12	
113	8	6	12	13	臺北市	中正區	中正區重慶南路3段與重慶南路3段16巷口口	25.0293155	121.5153699	0	0	1	2	8	6	5	3	2	1	5	5	5	13	4	4	1	4	5	2	18	1	9	1	5	1	9	1		1	2	14	
113	8	6	12	15	臺北市	中山區	中山區南京東路1段29號旁	25.0523247	121.5247972	0	0	1	3	8	6	5	14	9	1	5	4	5	13	4	4	1	4	2	1	13	1	9	1	7	1	8	1		2	3	5	
113	8	6	12	15	臺北市	中山區	中山區建國北路3段與松江路口	25.0676396	121.5333963	0	0	2	2	8	5	5	5	1	1	5	4	5	13	1	1	1	4	5	2	16	4	9	1	3	1	10	1		1	2	11	
113	8	6	12	38	臺北市	南港區	南港區南港路3段與東新街口	25.0520238	121.5829346	0	0	1	2	8	6	5	5	2	1	5	4	5	13	2	1	5	4	4	2	16	1	6	1	6	1	10	1		1	2	14	
113	8	6	13	1	臺北市	萬華區	萬華區三水街與康定路口	25.03607071	121.5013929	0	0	2	2	8	6	5	4	1	1	5	4	5	13	2	1	5	5	5	2	16	1	5	8	4	1	20	1		1	2	12	
113	8	6	13	25	臺北市	松山區	松山區三民路3巷23號	25.05202523	121.5630899	0	0	1	2	8	5	5	14	9	1	5	4	5	13	4	4	10	5	5	2	16	1	1	1	7	1	7	1		1	3	2	