年	月	日	時	分	縣市	行政區	allLocation	GoogleLat	GoogleLng	死	2-30	受傷	當事人數	天候	道路照明設備	道路類別	道路型態	事故位置	路面狀況1	路面狀況2	路面狀況3	道路障礙1	道路障礙2	號誌1	號誌2	車道劃分-分向	車道劃分-分道1	車道劃分-分道2	車道劃分-分道3	事故類型及型態	行動電話	當事者行動狀態	駕駛資格情形	保護裝置	飲酒情形	駕駛執照種類	個人肇逃否	肇因碼-主要	性別	受傷程度	車輛撞擊部位1	車輛撞擊部位2
113	8	6	13	38	臺北市	大同區	大同區重慶北路1段與長安西路口	25.0516471	121.5138706	0	0	1	2	8	6	5	5	1	1	5	4	5	13	4	4	1	5	5	2	16	1	5	1	7	2	8	1		1	3	1	
113	8	6	14	32	臺北市	大安區	大安區安和路2段32巷與敦化南路2段11巷38弄口	25.0317663	121.5507414	0	0	2	2	8	6	5	5	1	1	5	4	5	13	4	4	9	5	5	2	15	4	9	1	6	1	10	1		1	2	14	
113	8	6	14	35	臺北市	大同區	大同區延平北路1段與天水路口	25.0522323	121.5118251	0	0	1	2	8	6	5	5	1	1	5	4	5	13	1	1	5	4	5	2	3	1	6	1	7	2	3	1		1	3	5	
113	8	6	14	49	臺北市	內湖區	內湖區瑞光路309號	25.0759639	121.5756677	0	0	1	2	8	6	5	14	9	1	5	4	3	13	1	1	5	4	5	2	12	4	8	1	3	1	8	1		1	2	7	
113	8	6	15	10	臺北市	信義區	信義區莊敬路231號	25.0298432	121.5620865	0	0	1	2	7	5	5	14	8	1	5	4	5	13	4	4	5	5	4	1	17	1	6	1	7	1	8	1		1	3	2	
113	8	6	15	28	臺北市	士林區	士林區忠誠路2段與忠誠路2段70巷口	25.111415	121.5306737	0	0	1	2	8	7	5	3	1	1	5	4	5	13	4	4	1	4	4	2	17	4	9	8	4	1	20	1		1	2	14	
113	8	6	15	50	臺北市	北投區	北投區文林北路與文林北路244巷口口	25.1088982	121.5134257	0	0	1	2	8	6	5	3	1	1	5	4	5	13	2	1	1	4	5	2	17	1	15	8	4	1	20	1		2	2	11	
113	8	6	16	22	臺北市	中正區	中正區中華路1段77號	25.0388687	121.5075739	0	0	1	2	8	6	5	14	9	1	5	4	5	13	4	4	1	4	5	2	16	1	9	1	6	2	10	1		1	3	14	
113	8	6	16	37	臺北市	北投區	北投區大業路527巷第1202644號燈桿	25.1362289	121.4937804	0	0	1	3	8	6	5	14	9	1	5	4	5	13	4	4	5	5	5	1	13	1	9	1	5	1	10	1		1	2	11	
113	8	6	17	12	臺北市	中正區	中正區忠孝東路2段101號	25.04285722	121.5311688	0	0	1	3	7	6	5	14	9	1	5	4	5	13	4	4	1	4	5	2	17	4	5	1	7	1	8	1		1	2	8	
113	8	6	17	12	臺北市	信義區	信義區景雲街與祥雲街口	25.0195558	121.5736698	0	0	1	2	7	7	5	4	1	1	5	4	5	13	4	4	10	5	5	2	15	4	9	1	3	2	8	1		1	3	1	
113	8	6	17	17	臺北市	信義區	信義區基隆路車行地下道往北	25.0427756	121.5653864	0	0	2	3	8	6	5	14	9	1	5	4	5	13	4	4	3	2	5	2	13	4	9	1	3	1	8	1		1	3	1	1
113	8	6	17	20	臺北市	南港區	南港區忠孝東路6段與忠孝東路6段188巷口	25.0486413	121.5866351	0	0	2	2	8	6	6	4	2	1	5	4	5	13	1	1	1	4	5	2	16	1	11	1	5	1	10	1		1	2	12	
113	8	6	17	38	臺北市	中正區	中正區中華路2段與廣州街口口	25.0358955	121.5065042	0	0	1	3	8	6	5	4	2	1	5	4	5	13	1	1	1	4	5	2	13	1	9	1	5	1	10	1		1	2	11	
113	8	6	17	39	臺北市	北投區	北投區中央南路1段與光明路口	25.1330622	121.501517	0	0	1	2	8	5	6	3	2	1	5	4	5	13	3	1	7	4	5	1	12	1	9	1	7	1	8	1		1	3	2	
113	8	6	17	53	臺北市	南港區	南港區南港路2段178巷與市民大道8段口	25.0521758	121.5995698	0	0	1	2	8	5	5	3	1	1	5	4	5	13	2	1	1	4	5	2	16	1	5	1	2	2	8	1		1	3	8	
113	8	6	17	58	臺北市	士林區	士林區福林路254巷與至善路1段口	25.098042	121.5379388	0	0	2	3	8	6	5	3	2	1	5	4	5	13	4	4	1	5	4	2	17	4	9	1	6	9	10	1		1	4	15	
113	8	6	18	2	臺北市	大同區	大同區鄭州路與西寧北路口	25.0505899	121.5081785	0	0	1	2	8	6	5	4	1	1	5	4	5	13	2	1	1	4	5	2	16	4	9	1	3	1	8	1		1	3	5	
113	8	6	18	19	臺北市	士林區	士林區士商路189號國立科教館對面	25.09563141	121.5159884	0	0	1	2	8	6	5	14	9	1	5	4	5	13	4	4	5	5	5	2	16	1	11	1	7	1	4	1		1	3	6	
113	8	6	18	25	臺北市	內湖區	內湖區彩虹河濱公園網球場旁	25.0626601	121.5722874	0	0	1	2	8	7	8	14	9	1	5	4	5	13	4	4	8	4	5	2	17	1	5	1	7	1	8	1		1	3	4	
113	8	6	18	29	臺北市	大安區	大安區忠孝東路3段與復興南路1段口	25.0415349	121.5436297	0	0	1	2	8	6	5	4	1	1	5	4	5	13	1	1	1	3	5	2	17	1	6	1	7	1	8	1		1	3	2	
113	8	6	19	9	臺北市	大安區	大安區羅斯福路4段與基隆路4段口	25.0115918	121.5375238	0	0	1	2	8	5	5	5	1	1	5	4	5	13	1	1	1	4	5	2	12	1	9	1	5	1	10	1		1	3	14	
113	8	6	20	9	臺北市	士林區	士林區文林路594巷口	25.09849723	121.5237257	0	0	2	2	8	5	5	14	9	1	5	4	5	13	3	1	5	5	5	2	16	1	5	1	6	1	10	1		2	2	12	
113	8	6	20	29	臺北市	士林區	士林區承德路4段與承德路4段77巷口	25.0821731	121.5233557	0	0	3	5	7	5	5	5	1	1	5	4	5	13	1	1	1	4	5	2	13	1	9	1	7	2	10	1		2	3	1	
113	8	6	21	0	臺北市	大同區	大同區延平北路4段34號	25.06949772	121.5108486	0	0	1	2	8	5	5	14	7	1	5	4	5	13	4	4	8	3	4	2	17	1	11	1	7	1	8	1		1	3	3	
113	8	6	23	52	臺北市	中山區	中山區民權東路2段與松江路口	25.06243876	121.5329117	0	0	1	2	7	5	5	4	1	1	5	4	5	13	1	1	1	3	5	1	13	1	9	6	5	1	10	1		1	3	11	
113	8	7	6	49	臺北市	中山區	中山區建國北路2段與民權東路3段口	25.062347	121.5373595	0	0	1	2	8	7	5	4	1	1	5	4	5	13	1	1	1	4	5	2	16	1	6	1	7	1	8	1		1	3	5	
113	8	7	6	50	臺北市	大同區	大同區民生西路與萬全街40巷口	25.0576241	121.5201621	0	0	2	3	8	7	5	3	1	1	5	4	5	13	4	4	5	4	5	2	17	1	15	1	7	2	8	1		1	2	8	
113	8	7	6	55	臺北市	內湖區	內湖區金湖路388號前	25.07353182	121.6050009	0	0	1	3	8	6	5	14	8	1	5	4	5	13	4	4	1	5	4	2	12	1	7	1	7	1	2	1		1	3	6	
113	8	7	7	7	臺北市	中正區	中正區羅斯福路3段244巷與汀州路3段口口	25.0162035	121.5307681	0	0	2	2	8	6	5	3	1	1	5	4	5	13	4	4	10	5	5	1	17	1	5	1	6	2	10	1		1	2	11	
113	8	7	7	25	臺北市	士林區	士林區中正路439號	25.0929375	121.5195469	0	0	1	2	7	7	5	14	8	1	5	4	5	13	4	4	1	4	4	1	17	1	9	1	5	2	10	1		2	3	17	
113	8	7	7	30	臺北市	南港區	南港區忠孝東路7段與忠孝東路7段415巷口	25.0524505	121.6090848	0	0	1	2	8	6	5	3	1	1	4	4	5	13	1	1	1	5	5	2	17	4	9	1	3	1	10	1		2	2	14	
113	8	7	7	48	臺北市	內湖區	內湖區民權東路6段與民權東路6段245巷口	25.0670436	121.6005212	0	0	1	2	8	5	5	4	1	1	5	4	5	13	1	1	1	4	5	2	16	1	5	1	7	1	8	1		1	3	6	
113	8	7	7	50	臺北市	士林區	士林區環河北路3段115號	25.08495027	121.5061769	0	0	1	2	8	6	5	14	9	1	5	4	5	13	4	4	1	4	5	1	13	4	1	1	3	2	8	1		1	3	5	
113	8	7	8	4	臺北市	信義區	信義區松仁路與松壽路口口	25.0359199	121.5684098	0	0	1	2	8	6	8	3	1	1	5	4	5	13	1	1	1	4	5	2	17	1	5	1	7	2	8	1		1	3	1	
113	8	7	8	19	臺北市	信義區	信義區市民大道6段與松隆路329巷口	25.0488733	121.5791849	0	0	1	2	8	6	5	3	2	1	5	4	5	13	2	1	9	4	5	2	15	1	1	1	5	1	10	1		1	2	12	
113	8	7	8	25	臺北市	士林區	士林區通河西街1段與重慶北路4段口	25.0877557	121.5119015	0	0	1	2	8	5	5	3	1	1	5	4	5	13	1	1	5	5	5	2	12	1	9	1	6	1	9	1		1	3	14	
113	8	7	8	50	臺北市	信義區	信義區吳興街156巷33弄5號	25.0280151	121.5605481	0	0	1	2	8	7	8	22	22	1	5	4	5	13	4	4	10	5	5	2	9	5	16	8	4	10	20	1		2	3	16	
113	8	7	9	1	臺北市	北投區	北投區西安街2段與立農街1段279巷口	25.1205994	121.5062093	0	0	1	2	8	6	5	3	1	1	5	4	5	13	1	1	10	4	5	2	16	1	6	1	6	9	10	2		2	3	12	
113	8	7	9	8	臺北市	文山區	文山區羅斯福路5段與萬盛街口	25.0080032	121.5380842	0	0	2	3	8	6	5	4	2	1	5	4	5	13	2	1	1	4	5	2	16	5	17	8	6	10	20	1		1	2	16	
113	8	7	9	15	臺北市	松山區	松山區敦化北路與民權東路3段口	25.0612729	121.5504197	0	0	1	2	8	5	5	4	1	1	5	4	5	13	2	1	1	4	5	2	17	1	6	1	7	1	6	1		1	3	5	
113	8	7	9	23	臺北市	大同區	大同區台北橋與台北橋附近口機車道下橋處7010741燈桿	25.06299231	121.5103468	0	0	1	2	8	5	5	14	11	1	5	4	5	13	4	4	5	4	5	2	13	1	9	1	5	2	10	1		1	3	11	
113	8	7	9	29	臺北市	信義區	信義區松智路與松高路口	25.0389756	121.5654709	0	0	1	2	8	6	5	3	2	1	5	4	5	13	2	1	5	4	5	2	15	1	3	1	7	1	4	1		1	3	1	
113	8	7	9	45	臺北市	士林區	士林區德行東路90巷21弄與德行東路104巷口	25.1067437	121.5286669	0	0	1	2	8	6	5	4	1	1	5	4	3	10	4	4	10	5	5	2	15	4	9	1	3	1	10	1		1	2	12	
113	8	7	9	59	臺北市	中正區	中正區汀州路1段249號	25.02658661	121.5128328	0	0	1	2	8	6	5	14	9	1	5	4	5	13	4	4	9	4	5	2	16	1	11	1	7	1	8	1		2	3	4	
113	8	7	10	0	臺北市	大同區	大同區酒泉街與酒泉街50巷口	25.071942	121.5165425	0	0	1	2	8	6	5	3	1	1	5	4	5	13	4	4	5	4	5	2	17	1	9	1	7	2	2	1		1	3	5	
113	8	7	10	10	臺北市	內湖區	內湖區康樂街165號	25.07508562	121.6200615	0	0	1	2	8	5	5	14	9	1	5	4	5	13	4	4	9	5	5	2	11	4	21	7	3	11	19	2		1	4	15	
113	8	7	10	10	臺北市	萬華區	萬華區西昌街與桂林路口	25.03777122	121.5003967	0	0	2	2	8	6	5	4	1	1	5	4	5	13	2	1	5	4	4	1	17	4	5	1	3	2	10	1		2	2	11	
113	8	7	10	20	臺北市	士林區	士林區德行東路與中山北路6段口	25.10655129	121.525079	0	0	1	2	7	5	5	4	2	1	5	4	5	13	1	1	1	1	1	1	17	1	6	1	7	1	8	1		1	3	2	
113	8	7	10	31	臺北市	文山區	文山區新光路1段與秀明路2段口口萬壽橋頭多岔路口	24.99158632	121.5737139	0	0	1	3	8	6	5	4	1	1	5	4	5	13	2	1	4	4	1	2	17	4	15	1	3	2	8	1		2	3	1	
113	8	7	10	47	臺北市	士林區	士林區社子街63巷27號	25.0885716	121.5068543	0	0	1	2	8	5	5	14	9	1	5	4	5	13	4	4	10	5	5	2	16	1	11	1	6	1	10	1		2	2	11	
113	8	7	11	30	臺北市	中山區	中山區南京東路2段與建國北路1段口	25.0521091	121.536712	0	0	2	2	7	6	5	4	2	1	5	4	5	13	1	1	5	4	5	2	13	1	9	1	5	1	10	1		2	2	11	
113	8	7	11	35	臺北市	松山區	松山區南京東路5段357號	25.05145172	121.5680786	0	0	1	3	8	7	5	14	9	1	5	4	5	13	4	4	1	4	5	2	17	1	7	1	7	1	8	1		1	3	17	
113	8	7	11	47	臺北市	大安區	大安區市民大道3段與八德路2段口	25.0449716	121.5341937	0	0	2	2	8	6	6	14	9	1	5	4	5	13	4	4	1	4	5	2	16	4	8	1	3	1	10	1		1	2	12	
113	8	7	11	50	臺北市	萬華區	萬華區艋舺大道與西園路2段口	25.03293405	121.4977732	0	0	3	3	8	6	5	4	1	1	5	4	5	13	1	1	8	3	5	1	17	1	11	1	5	1	9	1		1	2	12	
113	8	7	11	56	臺北市	萬華區	萬華區環河南路2段與和平西路3段口	25.0353466	121.4947446	0	0	1	2	7	6	5	3	1	1	5	4	5	13	4	4	10	5	5	1	17	4	6	1	3	1	8	1		2	3	6	
113	8	7	12	22	臺北市	信義區	信義區福德街232巷6弄10號	25.0390069	121.5850081	0	0	1	2	7	6	8	14	9	5	5	4	5	13	4	4	10	5	5	2	2	4	9	1	3	1	10	1		2	3	11	
113	8	7	12	25	臺北市	松山區	松山區民權東路3段與復興北路口	25.0623167	121.5443755	0	0	1	3	6	5	8	4	1	1	4	4	5	13	2	1	1	4	5	2	17	1	6	1	7	1	4	1		1	3	6	
113	8	7	12	30	臺北市	中山區	中山區民生西路24號	25.05780919	121.521984	0	0	1	2	8	6	6	14	9	1	5	4	5	13	4	4	5	4	5	2	13	4	9	1	5	1	10	1		1	3	11	
113	8	7	13	26	臺北市	士林區	士林區忠義街91巷與忠義街口	25.106287	121.53222	0	0	1	3	7	6	5	3	2	1	5	4	5	13	4	4	10	5	5	1	17	4	1	7	3	11	19	2		2	4	15	
113	8	7	13	46	臺北市	中山區	中山區吉林路與長安東路2段口	25.0485301	121.5299196	0	0	1	2	8	6	6	4	1	1	5	4	5	13	1	1	5	4	5	2	12	4	8	1	3	1	8	1		1	3	6	
113	8	7	13	59	臺北市	文山區	文山區木柵路2段138巷與興隆路4段101巷口	24.988347	121.5619569	0	0	1	2	8	5	5	3	1	1	5	4	5	13	3	1	5	5	5	2	15	1	9	1	6	2	10	1		1	2	12	
113	8	7	14	6	臺北市	大安區	大安區金山南路2段與金華街口	25.030182	121.5266304	0	0	2	3	8	5	5	4	1	1	5	4	5	13	2	1	1	4	5	2	17	4	5	1	3	1	8	1		2	3	6	
113	8	7	14	47	臺北市	文山區	文山區羅斯福路5段206-2號	25.0030297	121.5385429	0	0	2	2	8	6	5	14	9	1	5	4	5	13	4	4	1	4	5	2	13	1	9	1	5	2	10	1		1	2	11	
113	8	7	15	0	臺北市	中山區	中山區錦州街與錦州街1巷口	25.06034879	121.5237376	0	0	1	2	7	7	5	3	1	1	5	4	5	13	4	4	5	5	5	2	3	1	9	1	5	1	10	1		1	3	11	
113	8	7	15	7	臺北市	大同區	大同區重慶北路3段與民族西路口	25.0687082	121.5138407	0	0	1	2	8	6	6	5	1	1	5	4	5	13	2	1	1	4	5	2	17	1	6	1	6	1	10	1		1	3	17	
113	8	7	15	27	臺北市	信義區	信義區基隆路1段102巷	25.045271	121.5664999	0	0	2	2	8	6	5	14	9	1	5	4	5	13	4	4	8	5	5	2	16	1	9	1	6	1	10	1		1	2	11	
113	8	7	15	30	臺北市	內湖區	內湖區麥帥一橋西向東，機車道	25.05240823	121.5729954	0	0	2	2	8	5	5	14	11	1	5	4	5	13	4	4	1	5	5	2	12	1	9	1	5	1	10	1		1	2	12	
113	8	7	15	43	臺北市	內湖區	內湖區瑞光路58號對面	25.0709979	121.5824586	0	0	2	2	7	6	5	14	9	1	5	4	5	13	1	1	4	5	5	2	12	1	9	1	6	2	10	1		1	2	12	
113	8	7	15	59	臺北市	內湖區	內湖區康寧路3段與民權東路6段口	25.0727952	121.606632	0	0	1	2	8	5	5	3	1	1	5	4	5	13	3	1	1	4	5	2	9	1	12	1	7	1	2	1		1	3	15	
113	8	7	16	19	臺北市	文山區	文山區木新路3段與木新路3段243巷口	24.9811859	121.5586326	0	0	1	2	8	6	5	3	1	1	5	4	5	13	4	4	10	5	5	2	16	1	5	6	6	2	10	1		1	2	12	
113	8	7	16	20	臺北市	士林區	士林區通河街76巷與承德路4段2巷口	25.0792264	121.519976	0	0	1	2	7	5	5	3	1	1	5	4	5	13	4	4	10	5	5	1	17	1	6	1	5	1	10	1		2	2	11	
113	8	7	16	29	臺北市	萬華區	萬華區華西街125號	25.03881841	121.4984555	0	0	1	2	8	5	5	14	9	4	5	4	5	13	4	4	10	5	5	2	11	4	9	7	5	11	8	2		1	3	4	
113	8	7	16	51	臺北市	中正區	中正區博愛路172-1號	25.0372883	121.5109915	0	0	2	3	8	6	5	14	9	1	5	4	5	13	1	1	9	4	5	1	16	1	11	3	7	2	18	1		1	3	1	
113	8	7	17	0	臺北市	內湖區	內湖區民權大橋東向西	25.064975	121.5727573	0	0	2	2	7	6	5	14	11	1	5	4	5	13	4	4	1	4	4	1	13	1	9	1	5	1	10	1		1	2	11	
113	8	7	17	5	臺北市	大同區	大同區重慶北路3段與昌吉街口	25.0659693	121.5140852	0	0	1	3	8	6	5	14	9	1	5	4	5	13	4	4	5	5	5	2	17	1	14	1	7	1	8	1		1	3	2	
113	8	7	17	39	臺北市	南港區	南港區南港路3段15號	25.0540043	121.5916266	0	0	1	2	6	7	5	3	1	1	4	4	5	13	4	4	5	4	5	2	17	1	1	1	5	1	10	1		2	2	12	
113	8	7	17	47	臺北市	信義區	信義區松高路與松勇路口	25.0391013	121.5698457	0	0	1	2	6	5	5	4	1	1	4	4	5	13	1	1	5	4	5	1	17	1	5	1	7	1	8	1		1	3	1	
113	8	7	17	56	臺北市	信義區	信義區松山路與永吉路口口	25.0454892	121.5777717	0	0	1	2	8	6	5	4	2	1	5	4	5	13	1	1	3	3	5	2	18	1	9	1	6	1	10	1		2	2	12	
113	8	7	18	0	臺北市	內湖區	內湖區民權東路6段190巷與民權東路6段口	25.06873	121.5943556	0	0	1	2	6	7	5	3	1	1	4	4	5	13	4	4	1	4	5	2	16	1	6	1	7	1	8	1		2	3	5	
113	8	7	18	1	臺北市	內湖區	內湖區瑞湖街109號與舊宗路2段181巷口	25.0720591	121.5762318	0	0	2	2	6	6	6	3	1	1	4	4	5	13	4	4	5	4	5	2	16	1	5	1	6	2	10	1		1	2	14	
113	8	7	18	3	臺北市	中正區	中正區汀州路3段與師大路口	25.0208702	121.52535	0	0	1	2	8	6	5	4	1	1	5	4	5	13	1	1	3	4	5	2	17	1	9	6	5	1	10	1		1	2	11	
113	8	7	18	25	臺北市	信義區	信義區信義路5段11號	25.0330298	121.5654415	0	0	1	2	6	5	5	14	9	1	4	4	5	13	1	1	3	4	5	2	12	4	7	1	6	1	10	1		1	2	12	
113	8	7	18	35	臺北市	松山區	松山區基隆路1段與塔悠路口	25.0509606	121.5701238	0	0	1	2	8	5	6	5	2	1	5	4	5	13	1	1	1	4	5	1	13	1	8	1	7	1	4	1		1	3	1	
113	8	7	19	18	臺北市	中正區	中正區汀州路3段27巷與羅斯福路3段128巷5弄口	25.0198178	121.5269497	0	0	2	3	8	5	5	3	1	1	5	4	5	8	4	4	10	5	5	2	16	4	5	1	5	1	10	1		1	2	11	
113	8	7	20	19	臺北市	大同區	大同區承德路2段235號	25.0604189	121.5183504	0	0	1	3	8	5	5	14	9	2	5	4	5	13	4	4	9	4	5	1	17	4	15	1	7	9	8	2		1	3	17	
113	8	7	20	33	臺北市	大安區	大安區臨江街40巷67號	25.0283618	121.5551821	0	0	1	2	8	5	5	14	9	1	5	4	5	13	4	4	10	5	5	2	9	4	9	1	3	2	8	1		1	3	8	
113	8	7	21	30	臺北市	中正區	中正區忠孝西路1段與忠孝西路1段口往西過館前路公車停靠區	25.04727262	121.514206	0	0	1	2	7	5	5	14	10	1	5	4	5	13	3	1	1	4	5	2	3	1	9	1	7	2	2	1		1	3	5	
113	8	7	22	15	臺北市	中山區	中山區中山北路2段與南京西路口	25.0525038	121.5224483	0	0	1	2	8	5	5	4	2	1	5	4	5	13	2	1	3	4	5	2	12	1	9	1	6	1	10	1		2	2	12	
113	8	7	22	24	臺北市	松山區	松山區市民大道4段219號	25.0444763	121.5532711	0	0	1	2	8	5	5	14	6	1	5	4	5	13	4	4	1	3	5	2	13	1	7	1	5	1	10	1		1	2	13	
113	8	7	23	0	臺北市	文山區	文山區和平東路4段與和平東路4段381巷口	24.99941305	121.5740296	0	0	2	2	8	5	5	3	1	1	5	4	5	13	4	4	10	5	5	2	16	1	5	1	6	2	10	1		1	2	11	12
113	8	7	23	10	臺北市	南港區	南港區中南街123巷6號	25.0519823	121.6157384	0	0	1	3	7	5	5	14	9	1	5	4	5	13	4	4	10	5	5	2	16	1	9	1	5	1	10	1		2	2	12	
113	8	8	0	40	臺北市	內湖區	內湖區康寧路3段與安康路口	25.06505089	121.6108761	0	0	1	2	8	5	5	4	1	1	5	1	2	13	2	1	5	2	5	2	18	1	15	1	7	1	1	1		1	3	17	
113	8	8	1	1	臺北市	萬華區	萬華區和平西路3段與梧州街口	25.0353525	121.4976558	0	0	1	2	7	5	6	4	1	1	5	4	5	13	1	1	1	4	5	2	15	1	9	8	4	1	20	1		2	2	12	
113	8	8	6	40	臺北市	中正區	中正區仁愛路2段14巷與杭州南路1段105巷口	25.0373215	121.5259107	0	0	1	3	7	6	5	4	1	1	5	4	5	13	4	4	10	5	5	2	15	1	9	1	6	2	9	1		1	2	14	
113	8	8	6	54	臺北市	士林區	士林區延平北路5段163巷口側附近	25.0826974	121.5102003	0	0	2	2	8	7	5	14	7	1	5	4	5	13	2	1	1	3	4	2	11	4	9	1	5	1	10	1		2	2	11	
113	8	8	7	13	臺北市	大安區	大安區復興南路1段219巷與仁愛路4段27巷口	25.0390132	121.5451958	0	0	2	2	8	6	5	4	1	1	5	4	5	13	4	4	10	5	5	2	15	4	9	1	3	2	8	1		2	2	4	
113	8	8	8	20	臺北市	萬華區	萬華區華江橋往北市機車道	25.03536514	121.4891822	0	0	2	2	8	5	7	8	11	1	5	4	5	13	4	4	9	4	4	2	17	4	9	1	5	1	10	1		1	2	15	
113	8	8	8	24	臺北市	大安區	大安區麗水街與麗水街2巷口	25.0332381	121.5291413	0	0	2	3	8	7	5	4	1	1	5	4	5	13	4	4	5	4	5	2	15	1	9	1	7	1	8	1		1	3	1	
113	8	8	8	26	臺北市	萬華區	萬華區寶興街與寶興街188巷口	25.0233989	121.4954659	0	0	3	4	8	6	5	3	1	1	5	4	3	10	4	4	3	4	5	1	17	4	5	1	3	1	10	1		2	2	11	
113	8	8	8	32	臺北市	文山區	文山區保儀路13巷40號對面(停車場出入口)	24.98849098	121.5698989	0	0	1	2	8	6	5	14	9	2	5	4	5	13	4	4	10	5	5	2	17	4	6	1	3	1	8	1		2	3	5	
113	8	8	8	48	臺北市	萬華區	萬華區中華路1段與南寧路口	25.0367121	121.5063467	0	0	2	2	8	6	5	5	1	1	5	4	5	13	2	1	1	4	1	2	16	4	6	3	6	1	18	1		1	2	12	
113	8	8	8	49	臺北市	北投區	北投區建民路與建民路151巷口	25.1104313	121.5192838	0	0	3	3	8	7	5	4	1	1	5	4	5	13	4	4	10	5	5	1	15	1	9	1	6	1	10	1		1	2	11	
113	8	8	8	55	臺北市	信義區	信義區東興路67號	25.0467934	121.5665802	0	0	1	5	8	6	8	22	22	1	5	4	5	13	4	4	1	4	5	2	17	1	1	1	7	9	8	2		1	3	17	
113	8	8	9	0	臺北市	中正區	中正區中山南路與愛國東路口	25.0354243	121.5167652	0	0	2	2	8	6	5	14	9	1	5	4	5	13	4	4	1	4	5	2	12	1	7	1	6	2	10	1		2	2	12	
113	8	8	9	18	臺北市	萬華區	萬華區艋舺大道78號	25.0334931	121.5034636	0	0	1	2	8	6	5	14	9	1	5	4	5	13	4	4	1	4	5	2	12	1	9	1	7	1	8	1		1	3	2	
113	8	8	9	19	臺北市	文山區	文山區木柵路1段79巷與木柵路1段口	24.9868689	121.5466395	0	0	2	2	8	5	5	3	1	1	5	4	5	13	4	4	5	4	5	1	17	1	4	1	5	9	10	2		1	2	11	
113	8	8	9	21	臺北市	中山區	中山區民生東路2段159巷與松江路221巷口	25.05834033	121.5360049	0	0	1	2	8	6	5	3	1	1	5	4	5	13	4	4	10	5	5	2	16	1	6	1	7	1	8	1		1	3	2	
113	8	8	9	22	臺北市	萬華區	萬華區永福街與貴陽街2段96巷口	25.0387441	121.5030305	0	0	2	2	8	7	5	4	1	1	5	4	5	13	4	4	10	5	5	2	15	1	9	1	5	1	10	1		1	2	14	
113	8	8	9	27	臺北市	中山區	中山區北安路608巷4弄與北安路608巷4弄口	25.04847309	121.5183568	0	0	1	2	7	7	8	3	1	1	5	4	5	13	4	4	10	5	5	2	16	1	5	1	7	1	8	1		1	3	1	
113	8	8	10	6	臺北市	大同區	大同區忠孝西路1段與塔城街口	25.0483492	121.5101841	0	0	2	3	8	6	5	4	1	1	5	4	5	13	2	1	1	4	5	2	16	4	21	7	3	11	19	2		1	4	15	
113	8	8	10	7	臺北市	松山區	松山區塔悠路與撫遠街口	25.0682671	121.5682017	0	0	1	2	8	5	5	3	1	1	5	4	5	13	2	1	1	4	4	2	16	1	6	1	7	1	8	1		1	3	5	
113	8	8	10	57	臺北市	中正區	中正區福和橋(往新北市方向)	25.0308313	121.5196369	0	0	1	2	6	6	5	8	7	1	4	4	5	13	4	4	2	4	4	1	13	1	9	1	7	2	7	1		1	2	5	
113	8	8	11	3	臺北市	松山區	松山區復興北路313巷5號	25.0589634	121.5449922	0	0	1	2	8	6	5	14	9	1	5	4	5	13	4	4	10	5	5	2	2	5	16	8	4	10	20	1		2	2	16	
113	8	8	11	18	臺北市	文山區	文山區指南路2段與指南路2段147巷口	24.9873655	121.5771878	0	0	1	2	7	6	5	14	9	2	5	4	5	13	2	1	5	5	5	2	17	4	1	1	3	2	8	1		1	3	17	
113	8	8	11	25	臺北市	信義區	信義區逸仙路50巷與忠孝東路4段554巷口口	25.0405961	121.5633783	0	0	2	3	8	6	5	4	1	1	5	4	5	10	4	4	10	5	5	2	16	1	9	1	5	2	10	1		1	2	14	11
113	8	8	12	9	臺北市	信義區	信義區信義路4段與基隆路1段口	25.0331534	121.5591459	0	0	1	2	7	5	5	4	2	1	5	4	5	13	2	1	1	4	5	2	13	1	9	1	6	1	10	1		1	2	11	
113	8	8	12	10	臺北市	中山區	中山區建國北路2段與長春路口	25.0547495	121.5370927	0	0	1	2	8	6	5	4	1	1	5	4	5	13	1	1	5	4	4	2	13	4	14	1	3	1	4	1		1	3	8	
113	8	8	12	27	臺北市	中山區	中山區樂群三路303號對面	25.08259415	121.5599006	0	0	1	2	7	7	5	14	9	1	5	4	5	13	4	4	9	4	5	2	16	4	6	1	3	1	7	1		1	3	6	
113	8	8	12	27	臺北市	萬華區	萬華區環河南路1段與洛陽停車場口出口	25.04856449	121.5059018	0	0	1	2	7	6	5	3	1	1	5	4	5	13	4	4	5	5	5	2	16	1	11	1	7	1	8	1		1	3	4	
113	8	8	12	30	臺北市	中山區	中山區中山北路2段137巷9號	25.06165122	121.5234383	0	0	1	3	7	7	8	14	9	1	5	4	5	13	4	4	10	5	5	2	17	1	14	1	7	1	4	1		1	3	2	
113	8	8	12	31	臺北市	中山區	中山區朱崙街與南京東路3段216巷口	25.0499531	121.5434489	0	0	2	2	8	7	5	4	1	1	5	4	5	13	4	4	9	4	5	2	3	1	9	1	6	1	10	1		1	2	12	
113	8	8	12	35	臺北市	中正區	中正區臨沂街27巷與臨沂街口	25.0411539	121.5302506	0	0	1	2	8	6	5	4	1	1	5	4	1	11	4	4	10	5	5	2	17	4	9	1	6	2	10	1		1	2	11	12
113	8	8	12	38	臺北市	信義區	信義區莊敬路239巷與莊敬路239巷1弄口	25.0298204	121.5626564	0	0	1	2	8	6	5	4	1	1	5	4	5	13	4	4	5	5	5	2	15	4	9	1	3	1	4	1		1	3	1	
113	8	8	12	47	臺北市	中山區	中山區林森北路259巷與林森北路口	25.05020905	121.5210711	0	0	1	2	7	6	5	4	1	1	5	4	5	13	2	1	4	5	5	1	17	4	9	1	3	11	8	2		2	3	17	