年	月	日	時	分	縣市	行政區	allLocation	GoogleLat	GoogleLng	死	2-30	受傷	當事人數	天候	道路照明設備	道路類別	道路型態	事故位置	路面狀況1	路面狀況2	路面狀況3	道路障礙1	道路障礙2	號誌1	號誌2	車道劃分-分向	車道劃分-分道1	車道劃分-分道2	車道劃分-分道3	事故類型及型態	行動電話	當事者行動狀態	駕駛資格情形	保護裝置	飲酒情形	駕駛執照種類	個人肇逃否	肇因碼-主要	性別	受傷程度	車輛撞擊部位1	車輛撞擊部位2
113	8	8	12	47	臺北市	內湖區	內湖區港墘路與港墘路221巷口	25.0749994	121.5735709	0	0	1	2	8	5	5	3	1	1	5	4	5	13	4	4	1	4	5	2	16	1	6	1	7	1	8	1		1	3	5	
113	8	8	12	48	臺北市	內湖區	內湖區安康路與安康路32巷口	25.0626455	121.5947456	0	0	1	2	7	6	5	3	1	1	5	4	5	13	1	1	4	3	5	1	17	1	9	1	7	9	5	1		1	3	17	
113	8	8	13	11	臺北市	士林區	士林區承德路4段292巷與大南路口	25.0886931	121.5191316	0	0	1	2	8	6	5	4	1	1	5	4	5	13	2	1	10	5	5	1	1	1	1	1	7	2	7	1		1	3	8	
113	8	8	13	20	臺北市	北投區	北投區光明路與公館路口	25.13362104	121.5020326	0	0	1	2	8	7	5	5	1	1	5	4	5	13	3	1	5	5	5	2	13	1	9	1	5	2	10	1		1	3	11	
113	8	8	13	59	臺北市	南港區	南港區忠孝東路7段與研究院路1段口口	25.0533471	121.6164089	0	0	1	2	8	6	5	3	1	1	5	4	5	13	2	1	3	4	5	2	16	1	11	1	7	1	4	1		1	3	2	
113	8	8	14	11	臺北市	北投區	北投區中央北路3段與中央北路3段102巷口	25.1377329	121.4841595	0	0	1	2	8	6	5	3	1	1	5	4	5	13	1	1	8	4	5	2	13	1	9	1	5	1	10	1		2	2	11	
113	8	8	14	50	臺北市	士林區	士林區中正路與中正路212巷口	25.09540675	121.5262645	0	0	1	2	8	6	5	4	2	1	5	4	5	13	2	1	1	4	5	1	12	1	11	1	7	2	8	1		1	3	8	
113	8	8	15	20	臺北市	信義區	信義區信義路5段95號	25.0328799	121.5719719	0	0	1	2	6	6	5	14	9	1	4	4	5	13	3	1	1	4	5	2	13	1	9	1	6	1	10	1		1	2	11	
113	8	8	15	38	臺北市	萬華區	萬華區洛陽街51號	25.0474393	121.5078353	0	0	2	4	6	7	5	14	9	1	4	4	3	10	4	4	8	3	5	2	16	1	11	1	5	1	10	1		1	2	12	
113	8	8	15	41	臺北市	大同區	大同區民權西路與延平北路3段口	25.06306	121.5109897	0	0	1	2	6	6	5	14	11	1	4	4	5	13	4	4	10	3	5	1	17	4	9	7	3	11	10	2		2	4	17	
113	8	8	15	45	臺北市	大同區	大同區鄭州路與西寧北路口	25.0504901	121.5089084	0	0	2	2	6	6	5	4	1	1	4	4	5	13	2	1	1	4	5	2	17	4	5	1	5	1	10	1		2	2	12	
113	8	8	15	46	臺北市	萬華區	萬華區堤外便道與堤外便道口貴陽疏散門	25.0415617	121.4991402	0	0	2	3	7	7	7	4	2	1	5	4	5	13	1	1	1	4	5	2	13	4	9	7	3	9	19	2		1	4	11	
113	8	8	15	52	臺北市	文山區	文山區景美街1-10號	24.99388169	121.5416553	0	0	1	2	8	6	5	14	9	1	5	4	5	13	4	4	10	5	5	2	2	1	9	1	7	2	8	1		1	3	5	
113	8	8	15	55	臺北市	北投區	北投區東華街1段與東陽街口	25.1122481	121.517482	0	0	1	2	8	6	5	4	1	1	5	4	5	13	1	1	10	5	5	2	16	1	5	1	7	1	8	1		1	3	5	
113	8	8	16	4	臺北市	北投區	北投區大業路246號停車格	25.1306018	121.4961756	0	0	1	2	8	5	5	14	9	2	5	4	5	13	4	4	1	4	5	2	17	1	8	1	7	1	8	1		2	3	6	
113	8	8	16	14	臺北市	中山區	中山區松江路357巷1號	25.04847309	121.5183568	0	0	1	2	6	7	5	14	9	1	4	4	5	13	4	4	10	5	5	2	2	1	9	1	7	1	4	1		1	3	2	
113	8	8	16	19	臺北市	中正區	中正區博愛路與愛國西路口口	25.0359462	121.510844	0	0	1	2	8	5	5	4	1	1	5	4	5	13	2	1	1	4	1	1	16	1	5	1	7	1	4	1		1	3	5	
113	8	8	16	24	臺北市	萬華區	萬華區環河南路1段與成都路口	25.0440124	121.5008095	0	0	2	2	7	7	5	3	1	1	4	4	5	13	3	1	9	4	5	2	13	1	9	1	5	1	10	1		1	2	11	
113	8	8	16	27	臺北市	文山區	文山區興隆路3段與興隆路3段192巷口口	24.9981292	121.5588915	0	0	1	2	8	6	5	5	2	1	5	4	5	13	2	1	1	4	5	2	16	1	6	1	2	2	8	1		1	3	5	
113	8	8	16	56	臺北市	文山區	文山區萬美街2段21巷內	25.0020525	121.5612883	0	0	1	2	8	6	5	12	9	1	5	4	5	13	4	4	5	5	5	1	10	1	9	1	5	1	10	1		2	2	11	
113	8	8	17	2	臺北市	北投區	北投區承德路7段與石牌路1段口	25.1127299	121.5091987	0	0	1	2	8	7	5	4	2	1	5	4	5	13	2	1	1	4	4	2	17	1	9	1	6	1	10	1		2	2	11	
113	8	8	17	11	臺北市	大同區	大同區南京西路262巷26號	25.0530278	121.5152795	0	0	1	2	8	7	5	14	9	1	5	4	5	13	4	4	10	5	5	2	17	4	15	1	5	1	10	1		1	2	17	
113	8	8	17	11	臺北市	大同區	大同區台北橋機慢車道(東向西，環河北路匝道）	25.06362707	121.508323	0	0	4	4	8	6	7	14	11	1	4	4	5	13	4	4	8	3	5	1	13	4	9	6	3	2	10	1		1	2	11	
113	8	8	17	15	臺北市	文山區	文山區木新路3段172巷與忠順街1段26巷27弄口	24.9822398	121.5605946	0	0	1	2	8	7	5	4	1	1	5	4	5	13	4	4	10	5	5	2	15	1	9	1	7	2	8	1		2	3	1	
113	8	8	17	55	臺北市	北投區	北投區文林北路94巷與明德路18巷口	25.1062344	121.5182338	0	0	1	2	7	5	5	4	1	1	5	4	5	13	4	4	10	5	5	2	15	1	9	1	5	2	8	1		1	2	12	
113	8	8	18	10	臺北市	內湖區	內湖區基湖路10巷與堤頂大道2段407巷口	25.0818596	121.5644263	0	0	1	2	8	7	5	3	1	1	5	4	5	13	4	4	5	4	5	2	16	1	5	1	5	2	11	1		2	2	12	
113	8	8	18	15	臺北市	信義區	信義區松隆路109號	25.0463069	121.5710636	0	0	1	2	8	5	5	14	9	1	5	4	5	13	4	4	3	3	5	2	12	4	7	1	3	1	8	1		1	3	5	
113	8	8	18	25	臺北市	中山區	中山區長安東路1段18號	25.0493592	121.5236347	0	0	2	2	8	6	5	14	9	1	5	4	5	13	4	4	5	4	5	2	16	1	11	1	6	1	10	1		1	2	14	
113	8	8	18	25	臺北市	中正區	中正區和平西路1段與重慶南路3段口	25.027259	121.516409	0	0	1	2	7	5	5	4	2	1	5	4	5	13	2	1	1	3	5	1	12	1	9	1	7	1	8	1		2	3	5	
113	8	8	18	35	臺北市	內湖區	內湖區文德路208巷與文德路208巷58弄口口	25.0763981	121.5835899	0	0	1	2	8	5	5	3	1	1	5	4	5	13	2	1	5	4	5	2	16	1	5	1	7	1	8	1		1	3	8	
113	8	8	18	40	臺北市	中正區	中正區貴陽街1段與懷寧街口	25.03875473	121.5136997	0	0	1	2	8	5	5	3	1	1	5	4	5	13	4	4	5	4	5	2	13	1	9	1	5	2	10	1		1	2	11	
113	8	8	18	57	臺北市	大同區	大同區忠孝橋機慢車道(東往西）	25.04881306	121.5071916	0	0	2	2	7	5	7	14	11	1	5	4	5	13	1	1	1	4	5	2	17	1	9	1	5	1	10	1		1	2	11	
113	8	8	19	20	臺北市	大安區	大安區仁愛路4段與安和路1段口	25.037778	121.5510364	0	0	1	2	8	5	5	5	1	1	5	4	5	13	1	1	1	3	5	2	2	1	5	1	7	1	8	1		1	3	4	
113	8	8	19	30	臺北市	士林區	士林區中山北路5段705號	25.09850844	121.5271236	0	0	2	6	8	5	5	8	9	1	5	4	5	13	2	1	1	4	5	1	13	1	9	1	7	1	8	1		1	4	1	
113	8	8	19	31	臺北市	信義區	信義區基隆路1段156號	25.043873	121.5659352	0	0	1	2	7	5	5	14	9	1	5	4	5	13	4	4	1	4	5	2	12	1	7	1	7	2	8	1		1	3	2	
113	8	8	20	31	臺北市	大同區	大同區承德路3段199號	25.0695663	121.518519	0	0	1	2	7	5	5	14	9	1	5	4	5	13	4	4	1	4	5	2	17	1	1	1	7	1	8	1		1	3	4	
113	8	8	21	35	臺北市	內湖區	內湖區康寧路3段與康寧路3段75巷口	25.0720097	121.6088798	0	0	2	3	8	5	5	14	9	1	5	4	5	13	2	1	5	4	5	2	17	1	1	1	7	1	8	1		1	3	1	
113	8	8	21	44	臺北市	大同區	大同區承德橋與敦煌路口	25.0754174	121.5201639	0	0	3	4	7	5	5	4	2	1	5	4	5	13	1	1	5	2	5	2	9	1	9	1	7	2	2	1		1	3	17	
113	8	8	22	7	臺北市	大同區	大同區忠孝西路2段與西寧北路口	25.0487062	121.5074476	0	0	1	2	8	6	5	14	9	1	5	4	5	13	2	1	9	4	5	2	11	4	7	1	7	1	8	1		1	3	8	
113	8	8	22	34	臺北市	萬華區	萬華區成都路與漢中街口	25.0423353	121.5075475	0	0	2	2	7	5	5	4	1	1	5	4	5	13	1	1	9	4	5	2	12	1	4	1	5	1	10	1		2	2	12	
113	8	8	23	4	臺北市	中正區	中正區仁愛路2段與金山南路1段口	25.03821397	121.5281769	0	0	1	2	8	5	5	4	2	1	5	4	5	13	1	1	1	4	1	2	13	1	9	1	7	2	8	1		1	2	1	
113	8	8	23	9	臺北市	中山區	中山區長春路137巷2號	25.0550846	121.5315466	0	0	2	2	8	5	5	14	9	1	5	4	5	13	4	4	5	5	5	2	12	1	11	1	6	1	11	1		1	2	14	
113	8	8	23	40	臺北市	士林區	士林區文林路460號	25.0957486	121.5244624	0	0	2	2	7	5	5	14	9	1	5	4	5	13	4	4	5	4	5	2	17	1	11	1	7	2	8	1		1	2	4	
113	8	9	0	10	臺北市	信義區	信義區基隆路1段172巷與忠孝東路4段559巷口	25.0432643	121.563689	0	0	1	2	7	5	5	4	1	1	5	4	5	13	4	4	10	5	5	2	15	4	9	1	6	1	10	1		2	2	12	
113	8	9	0	46	臺北市	松山區	松山區光復北路11巷33號	25.0498787	121.5598732	0	0	1	2	8	5	5	14	9	1	5	4	5	13	4	4	9	4	5	2	17	4	1	1	3	2	8	1		1	3	8	
113	8	9	2	35	臺北市	松山區	松山區延吉街與延吉街23巷口	25.0462165	121.553599	0	0	1	2	8	5	5	4	1	1	5	4	5	13	3	1	9	4	5	2	15	1	9	1	7	1	8	1		1	3	8	
113	8	9	6	27	臺北市	文山區	文山區指南路1段116號對面	24.98766624	121.571657	0	0	1	2	8	6	5	14	19	1	5	4	5	13	4	4	10	5	5	2	3	1	9	1	6	2	10	1		1	2	11	14
113	8	9	7	13	臺北市	南港區	南港區南港路1段與惠民街口	25.0549976	121.6100526	0	0	1	2	8	7	5	14	8	1	5	4	5	13	4	4	4	3	4	2	13	1	9	1	6	1	10	1		1	2	11	
113	8	9	7	49	臺北市	中山區	中山區大佳河濱公園棒球場前	25.073664	121.5499342	0	0	1	2	8	7	5	11	9	1	5	4	5	13	4	4	5	4	5	2	11	4	9	1	6	4	9	1		1	2	14	
113	8	9	8	7	臺北市	士林區	士林區中山北路5段300號對面	25.0887619	121.5273707	0	0	1	2	8	7	5	14	9	1	5	4	5	13	4	4	5	4	5	2	17	1	8	1	7	1	8	1		1	3	2	
113	8	9	8	9	臺北市	中山區	中山區中山北路2段與中山北路2段183巷口	25.04847309	121.5183568	0	0	2	2	8	7	8	3	1	1	5	4	5	13	4	4	1	4	5	2	17	1	9	1	5	1	10	1		1	2	11	
113	8	9	8	22	臺北市	大安區	大安區新生南路2段與新生南路2段16巷口	25.031812	121.533128	0	0	1	2	8	7	5	3	1	1	5	4	5	13	4	4	1	4	5	2	17	1	6	1	7	1	8	1		1	3	8	
113	8	9	8	23	臺北市	士林區	士林區至善路1段與福林路254巷口	25.0978757	121.5379025	0	0	1	2	8	6	5	3	1	1	5	4	5	13	2	1	1	2	4	2	17	4	8	1	3	2	8	1		1	3	17	
113	8	9	8	25	臺北市	南港區	南港區大坑街與大坑街口六福公園旁	25.0480489	121.6165626	0	0	2	2	8	7	5	3	2	1	5	4	5	13	4	4	5	4	5	2	17	1	9	1	5	1	10	1		1	2	12	
113	8	9	8	32	臺北市	萬華區	萬華區環河南路1段與忠孝西路2段口	25.0488134	121.5060992	0	0	1	2	8	6	5	3	1	1	5	4	5	13	2	1	1	4	5	2	17	1	6	1	7	1	8	1		2	3	5	
113	8	9	8	33	臺北市	信義區	信義區忠孝東路5段494號	25.0409013	121.5782198	0	0	2	2	7	5	5	14	9	1	5	4	5	13	4	4	5	5	5	2	13	3	9	1	5	2	10	1		1	2	14	
113	8	9	8	39	臺北市	南港區	南港區松河街與南港路3段80巷口口	25.0560653	121.5900752	0	0	2	2	8	6	5	3	1	1	5	4	5	13	4	4	5	4	5	2	16	1	5	1	6	1	10	1		2	2	14	
113	8	9	8	46	臺北市	大同區	大同區鄭州路與鄭州路143巷口	25.0503968	121.5098801	0	0	2	2	8	7	5	3	2	1	5	4	5	13	4	4	1	4	5	2	17	4	9	1	3	1	10	1		1	2	11	
113	8	9	8	46	臺北市	萬華區	萬華區西藏路（近燈桿0902745)	25.0292185	121.4974718	0	0	1	2	8	6	5	14	9	1	5	4	5	13	4	4	1	4	5	2	12	4	9	1	3	1	3	1		1	3	2	
113	8	9	9	3	臺北市	大安區	大安區市民大道3段206號	25.0444491	121.5398793	0	0	2	4	8	6	6	14	9	1	5	4	5	13	4	4	1	4	5	2	17	4	9	1	3	1	10	1		1	2	11	
113	8	9	9	4	臺北市	中正區	中正區襄陽路與懷寧街口	25.0434192	121.514173	0	0	1	3	8	5	5	4	2	1	5	4	5	13	2	1	9	4	5	1	13	1	9	1	5	1	10	1		2	2	11	
113	8	9	9	20	臺北市	中山區	中山區復興南路1段30巷與復興南路1段口	25.04645839	121.5437835	0	0	1	2	8	7	5	3	1	1	5	4	5	13	4	4	9	4	5	2	17	1	6	1	7	1	4	1		1	3	2	
113	8	9	9	20	臺北市	士林區	士林區文林路751號與文林路口後方	25.1031585	121.518649	0	0	2	4	8	7	5	3	2	1	5	4	5	13	4	4	9	5	5	1	17	4	6	1	5	1	10	1		1	3	11	
113	8	9	9	35	臺北市	北投區	北投區北投路2段與大業路452巷口	25.13278602	121.497513	0	0	1	2	8	6	5	5	2	1	5	4	5	13	2	1	8	3	5	2	17	1	5	1	7	1	4	1		1	3	6	
113	8	9	9	49	臺北市	信義區	信義區基隆路1段102巷	25.04506	121.5659115	0	0	2	2	8	6	5	14	9	1	5	4	5	13	4	4	9	5	5	2	3	5	16	8	4	10	20	1		2	2	16	
113	8	9	9	52	臺北市	南港區	南港區南港路3段52號與南港路3段口	25.0540708	121.5916186	0	0	1	2	8	7	5	3	2	1	5	4	5	13	4	4	5	5	5	2	17	1	6	1	7	1	8	1		1	3	2	
113	8	9	10	14	臺北市	內湖區	內湖區文德路66巷11弄與文德路66巷口	25.07791	121.5814508	0	0	2	2	8	5	5	4	1	1	5	4	5	13	4	4	10	5	5	2	16	1	5	1	6	2	10	1		2	2	14	
113	8	9	10	45	臺北市	北投區	北投區稻香路260號	25.146703	121.4825238	0	0	1	2	8	7	5	11	9	1	5	4	5	13	4	4	5	5	5	1	13	1	9	1	6	1	10	1		1	2	14	
113	8	9	10	49	臺北市	松山區	松山區市民大道4段與八德路3段74巷口	25.0445829	121.5524726	0	0	1	2	8	6	5	3	2	1	5	4	5	13	4	4	9	4	5	2	16	1	6	1	7	1	4	1		1	3	2	
113	8	9	11	28	臺北市	文山區	文山區辛亥路7段13號前	24.9869932	121.5527546	0	0	1	2	7	6	5	14	7	1	5	5	5	13	4	4	5	4	4	2	18	1	9	1	5	1	10	1		2	2	12	
113	8	9	11	33	臺北市	中正區	中正區南昌路1段136號	25.0294849	121.5185112	0	0	1	2	8	6	5	14	9	1	5	4	5	13	4	4	9	4	5	2	16	1	9	1	5	2	10	1		2	2	11	
113	8	9	11	39	臺北市	士林區	士林區前港街與後港街口	25.08473	121.521354	0	0	1	2	8	6	5	4	1	1	5	4	5	13	4	4	9	5	5	2	15	1	9	1	5	2	10	1		1	2	11	
113	8	9	11	43	臺北市	中山區	中山區北安路與大直街口	25.079908	121.5470759	0	0	1	2	8	7	5	4	1	1	5	4	5	13	2	1	9	4	5	2	17	1	5	1	7	1	8	1		2	3	2	
113	8	9	11	56	臺北市	萬華區	萬華區長順街底堤外機車道往北	25.03295043	121.4886907	0	0	1	2	8	5	8	22	22	1	5	4	5	13	4	4	10	5	5	2	17	4	15	1	3	1	10	1		2	2	13	
113	8	9	12	10	臺北市	士林區	士林區文林路235號	25.0907492	121.5268594	0	0	1	2	8	5	5	14	9	1	5	4	5	13	4	4	5	5	5	2	17	4	11	1	3	1	8	1		1	3	17	
113	8	9	12	14	臺北市	大安區	大安區光復南路572號	25.0341675	121.5574503	0	0	1	3	8	7	5	14	9	1	5	4	5	13	4	4	1	3	5	1	12	1	9	3	5	1	18	1		1	2	11	
113	8	9	12	20	臺北市	中正區	中正區重慶南路3段與汀州路2段口	25.0257591	121.5162775	0	0	1	2	6	6	5	4	1	1	4	4	5	13	2	1	1	3	5	1	16	1	5	1	7	1	4	1		1	3	5	
113	8	9	12	38	臺北市	內湖區	內湖區五分街111號對面(停車場出入口)	25.06715284	121.6167372	0	0	1	2	7	6	5	14	9	1	5	4	5	13	4	4	9	5	5	2	16	1	6	1	7	2	8	1		1	3	5	
113	8	9	12	40	臺北市	中正區	中正區中山南路與仁愛路1段口口	25.0394096	121.5178986	0	0	1	2	6	5	5	4	1	1	4	4	5	13	2	1	9	4	4	1	15	1	9	1	7	1	8	1		2	3	5	
113	8	9	12	44	臺北市	士林區	士林區德行西路94巷與福華路153巷口	25.10343699	121.521488	0	0	1	2	8	7	5	3	1	1	5	4	5	13	4	4	10	5	5	2	17	1	1	3	6	1	18	1		1	3	11	
113	8	9	13	29	臺北市	文山區	文山區興隆路2段220巷31弄4號	25.0004169	121.5525006	0	0	1	4	6	6	5	14	9	1	4	4	5	13	4	4	9	5	5	2	17	1	14	1	7	2	8	1		1	3	2	
113	8	9	13	34	臺北市	中正區	中正區汀州路3段與羅斯福路4段196巷口	25.0115638	121.5359392	0	0	1	3	6	6	5	4	1	1	4	4	5	13	4	4	5	4	5	2	15	1	9	1	7	1	8	1		2	3	1	
113	8	9	13	45	臺北市	北投區	北投區文承路與承信路口	25.1048233	121.5128228	0	0	1	3	8	7	5	14	9	1	5	4	5	13	1	1	9	4	5	2	17	1	6	1	7	9	3	1		1	3	2	
113	8	9	13	47	臺北市	大同區	大同區延平北路1段與延平北路1段69巷口	25.0514303	121.5119508	0	0	1	2	6	6	5	3	1	1	4	4	5	13	4	4	10	3	5	1	16	4	6	1	6	1	10	1		2	2	11	
113	8	9	14	30	臺北市	文山區	文山區木柵路4段與萬芳路口口	24.99504	121.5717107	0	0	1	2	6	6	5	3	1	5	4	4	5	13	2	1	10	5	5	2	16	1	6	1	7	1	8	1		1	3	2	
113	8	9	14	37	臺北市	內湖區	內湖區行善路114號前	25.0574953	121.5773787	0	0	1	2	8	6	5	14	9	1	5	4	5	13	4	4	5	5	5	2	17	1	9	1	7	1	8	1		2	2	8	
113	8	9	14	45	臺北市	北投區	北投區公館路與公館路257巷口	25.1256572	121.5082962	0	0	2	3	8	6	5	14	9	1	5	4	5	13	4	4	9	4	5	2	10	1	9	8	2	8	20	1		1	2	11	
113	8	9	15	20	臺北市	中正區	中正區博愛路與貴陽街1段口	25.03901242	121.5111617	0	0	1	2	7	7	5	4	1	1	5	4	5	13	1	1	4	3	5	2	17	1	6	1	6	1	10	1		1	3	17	
113	8	9	16	9	臺北市	文山區	文山區木柵路4段161號	24.9999749	121.5759689	0	0	1	2	8	7	5	14	9	1	5	4	5	13	1	1	3	4	5	1	9	5	19	8	3	10	20	1		2	2	17	
113	8	9	16	14	臺北市	信義區	信義區基隆路1段與松隆路口	25.0433978	121.5659455	0	0	1	2	8	6	5	3	2	1	5	4	5	13	1	1	3	3	5	2	16	1	9	1	6	2	10	1		2	2	11	
113	8	9	16	40	臺北市	大安區	大安區和平東路2段319號	25.0248458	121.5453504	0	0	1	3	8	6	5	14	9	1	5	4	5	13	1	1	1	4	5	2	13	4	6	1	3	11	8	1		1	3	17	
113	8	9	17	6	臺北市	中山區	中山區北安路608巷與北安路608巷14弄口	25.08185803	121.5503038	0	0	1	2	7	7	5	4	1	1	5	4	5	13	1	1	10	3	5	1	15	1	9	1	6	1	10	1		1	2	11	
113	8	9	17	16	臺北市	北投區	北投區承德路7段188巷與實踐街48巷口	25.11457881	121.5092821	0	0	3	3	8	6	5	4	1	1	5	4	5	13	4	4	10	5	5	2	15	1	9	1	5	1	10	1		1	2	11	
113	8	9	17	20	臺北市	中山區	中山區松江路與新生北路1段口	25.04601393	121.5327636	0	0	1	2	8	5	5	4	1	1	5	4	5	13	1	1	9	4	5	2	16	1	5	1	6	1	10	1		1	2	11	
113	8	9	17	23	臺北市	大安區	大安區敦化南路2段與敦化南路2段11巷口	25.032554	121.5491149	0	0	1	2	8	7	5	22	20	1	5	4	5	13	4	4	10	5	5	2	12	1	15	8	4	1	20	1		2	2	12	
113	8	9	17	25	臺北市	中山區	中山區民族東路與松江路口	25.0682159	121.5331031	0	0	1	2	8	7	5	4	1	1	5	4	5	13	2	1	1	4	5	2	12	4	8	1	6	1	10	1		2	2	14	
113	8	9	17	28	臺北市	南港區	南港區忠孝東路7段512號	25.0524488	121.6103555	0	0	1	2	8	6	5	14	7	1	5	4	5	13	4	4	5	4	5	2	13	1	9	1	5	1	10	1		1	2	11	
113	8	9	17	33	臺北市	中山區	中山區新生北路2段108號	25.0589558	121.5274458	0	0	1	2	7	7	5	14	9	1	5	4	5	13	1	1	1	4	5	2	12	1	9	1	5	1	10	1		1	2	14	
113	8	9	17	50	臺北市	中正區	中正區金山南路1段37號	25.0397605	121.5289818	0	0	1	9	8	7	5	14	9	1	5	4	5	13	4	4	1	4	5	2	9	1	1	1	7	2	8	1		3	3	1	
113	8	9	18	11	臺北市	文山區	文山區木柵路4段與和平東路4段口	24.9984391	121.5747548	0	0	1	2	8	6	5	14	9	1	5	4	5	13	2	1	5	4	5	2	13	4	9	3	5	2	18	1		1	2	12	
113	8	9	18	20	臺北市	士林區	士林區延平北路7段106巷與社子大橋口	25.10885168	121.4956057	0	0	2	3	8	6	5	3	2	1	5	4	5	13	1	1	1	5	5	1	17	1	9	1	5	2	10	1		2	2	12	
113	8	9	18	40	臺北市	大安區	大安區光復南路560巷	25.0344155	121.557234	0	0	1	2	8	5	5	14	9	1	5	4	5	13	4	4	8	3	5	1	12	1	13	1	7	1	8	1		1	3	4	
113	8	9	18	50	臺北市	中山區	中山區堤頂大道2段258號	25.0779835	121.5658608	0	0	1	2	7	5	5	14	9	1	5	4	5	13	4	4	5	4	5	2	13	4	9	8	3	1	20	1		1	2	11	
113	8	9	18	51	臺北市	大安區	大安區延吉街與光復南路420巷口	25.0365709	121.5556062	0	0	1	2	7	5	5	4	1	1	5	4	5	13	4	4	4	3	5	1	15	4	9	1	3	1	8	1		2	3	8	
113	8	9	18	52	臺北市	內湖區	內湖區成功路5段與康寧路3段口引道口	25.07348238	121.6060412	0	0	1	2	8	5	5	3	3	1	5	4	5	13	2	1	1	4	4	2	9	1	1	1	7	2	2	1		1	3	17	
113	8	9	19	15	臺北市	南港區	南港區忠孝東路7段99號對面西往東	25.0509836	121.5978983	1	0	1	3	8	5	5	14	8	1	5	4	5	13	4	4	1	4	4	2	12	2	9	1	3	2	8	1		1	2	5	
113	8	9	19	25	臺北市	內湖區	內湖區麥帥一橋東向西no.6511385燈桿	25.0531229	121.5742742	0	0	1	2	8	6	5	10	9	1	5	4	5	13	4	4	9	4	5	1	13	1	9	1	7	1	4	1		1	3	1	
113	8	9	19	30	臺北市	大安區	大安區基隆路2段264號	25.0222227	121.5499835	0	0	2	2	8	5	5	14	9	1	5	4	5	13	4	4	9	4	5	1	17	4	15	1	3	1	10	1		1	2	13	
113	8	9	19	45	臺北市	中山區	中山區民族東路232號對面	25.06832302	121.5319468	0	0	1	2	8	5	5	14	9	1	5	4	5	13	4	4	3	4	5	2	17	1	9	1	6	1	10	1		2	2	11	
113	8	9	19	56	臺北市	大同區	大同區民生西路與赤峰街口	25.0575395	121.5197191	0	0	1	2	8	5	5	3	2	1	5	4	5	13	4	4	5	4	5	2	17	4	9	1	3	2	10	1		1	2	12	
113	8	9	20	49	臺北市	中山區	中山區北安路630巷與明水路口	25.0827178	121.5510789	0	0	1	2	8	5	5	4	1	1	5	4	5	13	1	1	1	4	5	2	16	4	5	1	3	2	8	1		1	3	1	
113	8	9	21	3	臺北市	內湖區	內湖區安康路328巷與潭美街口	25.0633317	121.6094103	0	0	1	2	7	5	5	3	1	1	5	4	5	13	4	4	10	4	5	2	16	1	5	6	7	1	8	1		1	3	4	
113	8	9	21	15	臺北市	信義區	信義區永吉路165號	25.0456652	121.5709402	0	0	1	2	8	5	5	14	9	1	5	4	5	13	1	1	3	4	5	2	13	1	9	1	7	1	8	1		1	3	1	
113	8	9	21	23	臺北市	中山區	中山區林森北路與民生東路1段23巷口	25.05905462	121.5255014	0	0	1	2	8	5	5	4	1	1	5	4	6	10	2	1	10	4	5	2	16	1	6	1	7	1	8	1		1	3	5	
113	8	9	21	46	臺北市	大安區	大安區基隆路3段20號	25.0200383	121.547509	0	0	3	4	7	5	5	14	9	1	5	4	5	13	4	4	1	3	5	1	13	1	12	1	5	1	10	1		2	2	13	
113	8	9	22	30	臺北市	中山區	中山區建國北路2段與民生東路3段口	25.057646	121.5378837	0	0	1	2	8	5	5	4	2	1	5	4	1	13	1	1	1	4	1	2	12	4	8	1	3	1	8	1		1	3	5	
113	8	9	22	37	臺北市	文山區	文山區木柵路1段與和興路口	24.9867113	121.5457521	0	0	1	2	8	5	5	14	9	1	5	4	5	13	1	1	5	4	5	2	13	1	9	1	7	1	8	1		1	3	1	14
113	8	9	23	27	臺北市	北投區	北投區石牌路2段201號與石牌路2段口六號門	25.1209425	121.5228083	0	0	1	2	7	5	5	4	1	1	5	4	5	13	1	1	5	4	5	1	17	1	9	8	4	1	20	1		2	2	11	
113	8	9	23	45	臺北市	內湖區	內湖區康寧路3段與安康路口	25.06512894	121.6109199	0	0	1	2	7	5	5	4	1	1	5	4	5	13	1	1	1	4	5	2	16	1	5	1	7	1	8	1		2	3	1	
113	8	10	1	12	臺北市	內湖區	內湖區內湖路3段143巷與內湖路3段191巷口	25.08791971	121.5885592	0	0	1	2	7	5	5	4	1	1	5	4	5	13	4	4	10	5	5	2	15	1	9	1	7	1	8	1		1	3	1	
113	8	10	2	2	臺北市	信義區	信義區吳興街與吳興街99巷口	25.0304356	121.5608649	0	0	2	2	8	5	5	3	2	1	5	4	5	13	4	4	8	5	5	2	16	1	5	8	2	1	20	1		1	2	14	
113	8	10	6	21	臺北市	南港區	南港區舊莊街1段91巷與大坑街口	25.0419118	121.6202431	0	0	1	2	8	5	5	4	1	1	5	4	5	13	4	4	5	5	5	2	16	4	5	1	3	2	8	1		1	3	4	
113	8	10	6	56	臺北市	中山區	中山區錦州街與民權東路2段152巷口	25.0603653	121.5348494	0	0	1	2	8	6	5	4	1	1	5	4	5	13	2	1	9	5	5	2	16	4	5	1	3	2	10	1		1	2	14	
113	8	10	7	42	臺北市	北投區	北投區石牌路2段與石牌路2段口201號榮民總醫院出入道路口	25.11868133	121.5201504	0	0	1	2	8	7	5	3	1	1	5	4	5	13	1	1	5	4	5	2	16	1	6	1	7	1	8	1		1	3	6	