年	月	日	時	分	縣市	行政區	allLocation	GoogleLat	GoogleLng	死	2-30	受傷	當事人數	天候	道路照明設備	道路類別	道路型態	事故位置	路面狀況1	路面狀況2	路面狀況3	道路障礙1	道路障礙2	號誌1	號誌2	車道劃分-分向	車道劃分-分道1	車道劃分-分道2	車道劃分-分道3	事故類型及型態	行動電話	當事者行動狀態	駕駛資格情形	保護裝置	飲酒情形	駕駛執照種類	個人肇逃否	肇因碼-主要	性別	受傷程度	車輛撞擊部位1	車輛撞擊部位2
113	8	10	8	33	臺北市	北投區	北投區大度路1段與中央北路2段257巷口	25.1221163	121.4863098	0	0	2	3	8	6	5	5	1	1	5	4	5	13	2	1	1	1	1	1	16	1	6	1	7	2	8	1		1	3	2	
113	8	10	8	46	臺北市	南港區	南港區松河街370號	25.05418189	121.5871317	0	0	1	3	8	7	5	14	9	1	5	4	5	13	4	4	9	5	5	2	13	4	9	1	6	1	10	1		1	2	11	
113	8	10	8	46	臺北市	大同區	大同區承德路2段與民生西路口	25.0571917	121.518262	0	0	1	2	8	6	5	5	1	1	5	4	5	13	2	1	1	4	5	2	17	1	9	1	6	1	10	1		1	2	12	
113	8	10	8	50	臺北市	內湖區	內湖區新明路與成美橋口	25.0557951	121.5823045	0	0	1	2	8	7	5	4	1	1	5	4	5	13	1	1	4	4	5	1	17	1	5	1	7	1	8	1		2	3	5	
113	8	10	8	55	臺北市	中山區	中山區建國北路1段與南京東路3段口	25.0519278	121.5370608	0	0	1	2	8	7	5	4	1	1	5	4	5	13	2	1	1	4	5	2	16	4	6	1	3	2	8	1		1	3	5	
113	8	10	9	28	臺北市	萬華區	萬華區桂林路244巷與桂林路228巷11弄口	25.03833924	121.495393	0	0	2	2	8	7	5	5	2	1	5	4	5	13	1	1	9	4	5	2	17	1	8	1	6	9	10	1		2	2	11	
113	8	10	9	30	臺北市	中山區	中山區樂群一路與基湖路口	25.07608673	121.5631708	0	0	1	2	8	5	8	3	1	1	5	4	5	13	1	1	1	5	5	2	13	1	12	1	6	1	10	1		2	2	13	
113	8	10	9	40	臺北市	中山區	中山區民權東路2段116號	25.0624192	121.5324483	0	0	2	2	8	6	5	14	9	1	5	4	5	13	4	4	1	4	5	2	13	1	9	1	6	2	10	1		1	2	11	
113	8	10	10	0	臺北市	內湖區	內湖區東湖路113巷111弄8號前	25.07263566	121.6153873	0	0	1	2	8	7	5	14	9	1	5	4	5	13	4	4	10	4	5	2	16	4	11	1	3	2	4	1		2	3	5	
113	8	10	10	55	臺北市	信義區	信義區基隆路2段77號	25.0305544	121.5581437	0	0	1	2	8	7	5	14	9	1	5	4	5	13	4	4	3	4	5	2	13	1	8	1	6	1	10	1		1	2	11	
113	8	10	11	27	臺北市	南港區	南港區忠孝東路6段與忠孝東路6段281巷口	25.0498181	121.5910026	0	0	1	2	8	7	5	14	8	1	5	4	5	13	2	1	1	3	4	2	16	1	7	1	7	1	4	1		1	3	6	
113	8	10	11	38	臺北市	中正區	中正區中華路2段343號	25.0269487	121.507091	0	0	2	2	8	6	5	14	20	4	5	4	5	13	4	4	10	5	5	2	9	2	9	8	4	2	20	1		1	2	11	
113	8	10	11	39	臺北市	信義區	信義區基隆路1段364巷36號	25.0351475	121.5579935	0	0	1	2	8	7	8	14	9	1	5	4	5	13	4	4	5	5	5	2	1	4	8	7	3	11	19	2		1	3	2	
113	8	10	12	22	臺北市	大同區	大同區西寧北路與迪化街1段72巷口口	25.0555097	121.5089219	0	0	1	2	8	6	5	3	1	1	5	4	5	13	4	4	5	5	5	2	16	1	1	1	7	1	8	1		1	3	8	
113	8	10	12	23	臺北市	萬華區	萬華區開封街2段與漢中街口	25.0462977	121.5080908	0	0	2	3	7	7	5	3	1	1	5	4	5	13	4	4	10	4	5	2	12	1	21	7	3	11	19	2		1	4	12	
113	8	10	12	38	臺北市	信義區	信義區莊敬路289巷與莊敬路289巷5弄口口	25.0291559	121.563666	0	0	1	2	8	7	5	4	1	1	5	4	5	13	4	4	10	5	5	2	15	1	9	1	6	1	10	1		2	2	11	
113	8	10	12	40	臺北市	士林區	士林區忠義街118號	25.10745327	121.53266	0	0	1	2	8	7	5	14	9	1	5	4	5	13	4	4	5	5	5	2	13	1	9	1	6	1	10	1		1	2	11	
113	8	10	12	59	臺北市	內湖區	內湖區成功路3段174巷33弄與成功路3段174巷口	25.0816331	121.590464	0	0	1	2	7	6	5	4	1	1	5	4	5	13	4	4	9	5	5	2	14	1	2	1	7	2	8	1		1	3	15	
113	8	10	13	42	臺北市	文山區	文山區木新路2段與恆光街口	24.9832372	121.566645	0	0	1	2	8	6	5	14	9	2	5	4	5	13	2	1	5	4	5	2	17	4	9	1	3	1	8	1		1	3	1	
113	8	10	13	45	臺北市	南港區	南港區市民大道8段與向陽路口	25.051565	121.5958837	0	0	1	2	7	7	5	4	2	1	5	4	5	13	2	1	1	4	5	2	13	4	9	1	3	1	8	1		1	3	8	
113	8	10	13	47	臺北市	中山區	中山區林森北路與長春路口	25.0549753	121.525449	0	0	1	2	6	5	5	4	1	1	4	4	5	13	1	1	9	4	5	2	16	1	7	1	7	1	8	1		1	3	6	
113	8	10	14	5	臺北市	中正區	中正區中華路2段371號	25.0265653	121.5073975	0	0	1	2	6	7	5	14	9	1	4	4	5	13	4	4	9	4	5	2	13	1	9	1	5	1	11	1		2	2	11	
113	8	10	14	7	臺北市	大安區	大安區信義路2段198巷與永康街31巷口	25.0316526	121.5309368	0	0	1	2	6	5	5	4	1	1	4	4	5	13	4	4	10	5	5	2	15	1	9	1	6	1	10	1		1	2	11	
113	8	10	14	14	臺北市	中山區	中山區建國北路2段與南京東路3段口	25.05218717	121.5369206	0	0	1	2	7	7	5	4	2	1	5	4	5	13	4	4	1	3	4	1	12	1	7	1	7	1	8	1		1	3	5	
113	8	10	14	30	臺北市	內湖區	內湖區潭美街與安康路228巷口口	25.0611664	121.6035797	0	0	1	2	6	6	5	3	1	1	4	4	5	13	2	1	5	5	5	2	17	1	12	1	5	1	10	1		2	2	14	
113	8	10	14	50	臺北市	信義區	信義區忠孝東路5段2號	25.041026	121.5651771	0	0	1	2	8	6	6	14	9	1	5	4	5	13	4	4	1	4	5	2	9	1	9	1	7	11	2	1		1	3	17	
113	8	10	15	8	臺北市	內湖區	內湖區舊宗路2段五汐高架南下出口	25.0708101	121.5747711	0	0	1	3	6	7	5	22	9	1	4	4	5	13	2	1	1	4	5	2	23	4	9	1	3	2	8	1		1	2	1	
113	8	10	15	12	臺北市	文山區	文山區忠順街1段與興隆路4段口口	24.9844571	121.5616067	0	0	1	2	8	6	5	4	1	1	5	4	5	13	2	1	5	5	5	2	16	1	6	1	7	2	8	1		1	3	2	
113	8	10	15	39	臺北市	萬華區	萬華區環河南路1段與康定路口	25.04631529	121.5033516	0	0	1	2	8	5	5	3	2	1	5	4	5	13	1	1	5	4	5	2	17	4	5	1	5	11	11	1		2	2	13	
113	8	10	15	45	臺北市	內湖區	內湖區成功路4段70號	25.0825152	121.5927196	0	0	2	2	7	7	8	14	8	1	4	4	5	13	4	4	1	4	4	2	13	1	9	6	5	1	18	1		1	2	11	
113	8	10	15	56	臺北市	中正區	中正區羅斯福路1段與福州街口	25.0298396	121.5202392	0	0	1	2	8	7	5	5	1	1	5	4	5	13	2	1	1	4	5	2	17	1	15	1	5	1	10	1		1	3	13	
113	8	10	16	25	臺北市	士林區	士林區延平北路5段68號	25.08079448	121.5107023	0	0	1	2	8	5	5	14	9	1	5	4	5	13	4	4	3	4	5	1	17	1	9	1	7	1	8	1		1	3	2	
113	8	10	16	48	臺北市	松山區	松山區八德路4段815號	25.0513333	121.5790488	0	0	1	2	7	5	5	14	9	1	5	4	5	13	3	1	8	3	5	2	16	4	11	1	3	1	8	1		1	3	4	
113	8	10	16	57	臺北市	中山區	中山區市民大道3段與新生北路1段口	25.046205	121.5306918	0	0	1	3	8	6	5	4	1	1	5	4	5	13	2	1	1	4	5	2	13	1	9	1	6	1	10	1		1	2	11	
113	8	10	17	50	臺北市	士林區	士林區承德路4段與承德路4段33巷口	25.0805846	121.5224851	0	0	1	2	8	6	5	4	2	1	5	4	5	13	2	1	1	4	5	2	12	4	21	7	3	11	19	2		1	4	15	
113	8	10	17	56	臺北市	士林區	士林區福港街與中正路口	25.0917971	121.5177839	0	0	1	2	7	7	5	3	1	1	4	4	5	13	2	1	3	4	4	1	3	1	6	1	7	1	8	1		1	3	1	
113	8	10	18	40	臺北市	內湖區	內湖區文德路208巷與文德路208巷6弄口	25.0776949	121.5834445	0	0	1	2	6	5	5	3	18	1	4	4	5	13	4	4	8	3	5	1	6	4	9	1	3	1	10	1		2	3	11	
113	8	10	19	46	臺北市	信義區	信義區永吉路與松隆路口	25.045632	121.5702996	0	0	1	3	6	5	5	5	1	1	4	4	5	13	1	1	1	4	5	2	16	1	5	1	6	2	10	1		1	2	11	
113	8	10	19	50	臺北市	大同區	大同區重慶北路1段與長安西路口	25.0516786	121.5140309	0	0	2	3	6	5	5	4	2	1	4	4	5	13	2	1	1	4	5	2	17	4	11	1	3	2	8	1		2	3	17	
113	8	10	19	50	臺北市	大同區	大同區雙連街與萬全街口	25.0585456	121.5190483	0	0	1	2	6	5	5	4	1	1	4	4	5	13	4	4	10	5	5	2	15	4	9	1	3	2	8	1		1	3	2	
113	8	10	20	47	臺北市	松山區	松山區南京東路3段與敦化北路口	25.0518679	121.5483433	0	0	2	3	6	6	5	4	2	1	4	4	5	13	1	1	1	3	4	2	18	1	9	1	6	11	10	1		1	2	14	
113	8	10	21	10	臺北市	大同區	大同區承德路3段與民族西路口	25.068535	121.5185082	0	0	2	3	7	5	5	4	1	1	5	4	5	13	1	1	9	4	5	1	16	4	5	1	3	2	4	1		1	3	5	
113	8	10	21	30	臺北市	中山區	中山區長安東路1段與天津街口	25.04958443	121.5226882	0	0	2	3	8	5	5	4	2	1	5	4	5	13	1	1	9	4	5	2	16	1	11	6	7	2	18	1		1	3	1	
113	8	10	21	37	臺北市	大安區	大安區和平東路1段與金山南路2段口	25.0269128	121.5260269	0	0	3	3	7	5	5	4	2	1	5	4	5	13	2	1	1	4	5	2	16	1	6	1	6	1	10	1		1	2	12	
113	8	10	22	29	臺北市	士林區	士林區天母西路與天母北路口	25.11845477	121.5261234	0	0	2	2	8	5	5	5	2	1	5	4	5	13	1	1	10	4	5	1	17	1	5	1	6	2	10	1		1	2	11	
113	8	10	22	40	臺北市	士林區	士林區通河西街1段堤外(河濱公園)	25.08588631	121.5126133	0	0	4	4	8	5	8	22	22	1	5	4	5	13	4	4	5	5	5	1	17	1	6	1	5	1	10	1		1	2	12	
113	8	10	23	56	臺北市	松山區	松山區東興路與東興路口16號旁無名巷	25.0495273	121.5653819	0	0	1	2	8	5	5	3	2	1	5	4	5	13	4	4	10	3	5	2	16	1	6	1	5	1	10	1		2	2	14	
113	8	11	0	34	臺北市	大安區	大安區忠孝東路4段77巷與敦化南路1段190巷口	25.0426295	121.5472126	0	0	2	2	8	5	5	4	1	1	5	4	5	13	4	4	9	5	5	2	15	1	9	1	6	1	10	1		1	2	11	
113	8	11	0	55	臺北市	南港區	南港區忠孝東路6段與東新街口	25.0481501	121.5851819	0	0	2	3	8	5	5	4	2	1	5	4	5	13	2	1	1	4	5	2	16	4	6	1	3	1	8	1		1	3	2	
113	8	11	6	39	臺北市	萬華區	萬華區堤外便道自行車道南往北方向(編號3014783燈桿前)	25.03656856	121.4890896	0	0	1	2	8	6	7	14	23	1	5	4	5	13	4	4	10	5	5	1	17	1	12	8	4	1	20	1		1	2	17	
113	8	11	7	4	臺北市	中正區	中正區羅斯福路3段與羅斯福路3段316巷口	25.0160834	121.5327884	0	0	2	3	8	6	5	4	1	1	5	4	5	13	1	1	3	4	5	2	15	1	9	1	5	2	10	1		1	2	12	
113	8	11	8	45	臺北市	萬華區	萬華區國興路62號	25.0258787	121.5066252	0	0	1	2	8	6	5	14	9	1	5	4	5	13	4	4	8	3	5	1	13	1	12	3	5	1	18	1		1	3	11	
113	8	11	9	19	臺北市	士林區	士林區中山北路7段38巷與中山北路7段口	25.12021882	121.5310998	0	0	1	2	8	7	5	4	1	1	5	4	5	13	3	1	1	5	5	2	17	1	9	1	6	1	10	1		1	2	11	
113	8	11	10	13	臺北市	萬華區	萬華區德昌街與寶興街140巷17弄口口	25.0235338	121.4944376	0	0	1	2	8	5	5	4	1	1	5	4	5	13	4	4	10	5	5	2	15	4	9	1	3	1	10	1		2	2	11	
113	8	11	10	17	臺北市	中山區	中山區中山北路3段49-3號	25.0671864	121.5226391	0	0	1	3	8	6	5	14	8	1	5	4	5	13	4	4	1	3	1	2	12	1	1	1	3	1	15	1		1	2	14	
113	8	11	11	0	臺北市	中山區	中山區中山北路2段與中山北路2段59巷口	25.0558911	121.522872	0	0	2	2	8	7	5	3	1	1	5	4	5	13	4	4	1	4	5	2	15	4	9	1	5	2	10	1		1	2	11	
113	8	11	11	10	臺北市	士林區	士林區德行東路109巷與士東路120巷20弄口	25.11153857	121.5288801	0	0	2	2	8	7	5	3	1	1	5	4	5	13	4	4	9	4	5	1	17	1	5	1	5	2	10	1		1	2	14	
113	8	11	11	45	臺北市	北投區	北投區竹子湖路7號1208367號燈桿	25.16628196	121.5416474	0	0	1	2	8	6	5	14	9	1	5	4	5	13	4	4	8	4	5	2	12	1	9	1	7	1	8	1		1	3	6	
113	8	11	11	46	臺北市	士林區	士林區中山北路5段300號對面往南	25.08884469	121.5273843	0	0	2	4	8	6	5	11	9	1	5	4	5	13	4	4	10	5	5	2	16	1	8	1	7	1	8	1		1	3	15	
113	8	11	11	55	臺北市	中山區	中山區長安東路2段與建國北路1段口	25.0483379	121.5365404	0	0	1	2	7	5	5	4	2	1	5	4	5	13	2	1	5	4	5	2	16	4	9	1	3	1	10	1		1	2	11	
113	8	11	12	22	臺北市	大安區	大安區延吉街與延吉街126巷口	25.0402893	121.5549767	0	0	2	3	8	6	5	4	2	1	5	4	5	13	4	4	1	5	5	2	16	1	1	1	5	1	10	1		2	3	11	
113	8	11	12	30	臺北市	信義區	信義區松德路133巷與松德路169巷口	25.0363605	121.5758995	0	0	1	2	7	5	5	4	1	1	5	4	5	13	4	4	5	5	5	1	15	1	9	1	7	1	8	1		1	3	1	
113	8	11	12	30	臺北市	文山區	文山區新光路2段燈桿(0707696)前	25.0022417	121.5992834	0	0	2	2	8	6	5	14	9	1	5	4	5	13	4	4	5	5	5	1	13	1	9	1	7	2	8	1		2	2	1	
113	8	11	12	52	臺北市	士林區	士林區中正路與華興街口	25.09474802	121.5224908	0	0	2	2	8	6	5	3	19	1	5	4	5	13	3	1	1	4	5	1	3	4	6	1	3	2	10	1		2	2	11	
113	8	11	12	55	臺北市	松山區	松山區敦化北路155巷87號	25.0542503	121.551426	0	0	2	3	7	7	6	14	9	1	5	4	5	13	4	4	10	4	5	2	17	1	5	1	6	1	10	1		1	2	14	
113	8	11	13	30	臺北市	士林區	士林區故宮路自強橋往大直	25.0951911	121.548461	0	0	1	2	7	6	5	8	9	1	5	4	5	13	4	4	10	4	5	2	17	4	9	1	3	2	8	1		1	3	6	
113	8	11	13	37	臺北市	萬華區	萬華區桂林路與桂林路54巷口	25.03790545	121.5042087	0	0	3	3	7	7	5	3	1	1	5	4	5	13	4	4	9	4	5	2	12	1	11	1	5	1	10	1		1	2	14	
113	8	11	14	9	臺北市	內湖區	內湖區新湖二路與舊宗路1段口	25.061613	121.5782721	0	0	1	2	6	7	5	4	2	1	4	4	5	13	2	1	1	4	5	2	17	1	8	1	7	1	8	1		1	3	6	
113	8	11	15	42	臺北市	中山區	中山區林森北路與民生東路1段口	25.0580649	121.5255689	0	0	2	3	6	7	5	4	1	1	4	4	5	13	1	1	5	4	5	2	17	4	9	1	3	9	10	2		1	2	17	
113	8	11	16	34	臺北市	萬華區	萬華區德昌街與寶興街口	25.02368874	121.4954985	0	0	1	2	8	7	5	4	2	1	5	4	5	13	1	1	10	5	5	2	13	1	9	3	5	2	18	1		1	3	11	
113	8	11	17	45	臺北市	士林區	士林區承德路4段與承德路4段6巷口	25.079075	121.5213592	0	0	2	2	8	7	5	4	1	1	5	4	5	13	4	4	10	5	5	1	15	1	9	1	5	1	10	1		1	2	11	
113	8	11	17	49	臺北市	大同區	大同區重慶北路2段與重慶北路2段46巷口	25.0553784	121.5139734	0	0	2	3	8	6	5	4	1	1	5	4	5	13	1	1	1	4	5	2	17	1	6	1	5	11	10	2		1	3	12	
113	8	11	17	53	臺北市	松山區	松山區南京東路3段與復興北路口	25.0519751	121.5441816	0	0	2	3	8	5	5	4	1	1	5	4	5	13	2	1	3	4	4	2	16	4	6	1	3	2	8	1		1	3	5	
113	8	11	19	5	臺北市	南港區	南港區東明街與興南街60巷口	25.055772	121.603866	0	0	1	2	8	5	5	4	1	1	5	4	5	13	2	1	5	5	5	2	13	4	9	1	6	2	10	1		2	2	11	
113	8	11	20	52	臺北市	大安區	大安區基隆路4段與羅斯福路4段口	25.0112014	121.537428	0	0	2	2	8	5	5	5	1	1	5	4	5	13	2	1	1	4	5	2	16	1	5	1	5	1	10	1		2	2	14	
113	8	11	21	21	臺北市	松山區	松山區光復南路32巷與光復南路32巷16弄口	25.0464908	121.5564242	0	0	1	2	7	5	5	4	1	1	5	4	5	13	2	1	5	5	5	2	17	1	14	8	4	2	20	1		1	2	11	
113	8	11	21	47	臺北市	萬華區	萬華區桂林路與昆明街口	25.0380584	121.5038426	0	0	2	3	7	5	5	4	1	1	5	4	5	13	2	1	8	3	5	1	16	4	9	3	3	2	18	1		1	2	11	
113	8	11	22	24	臺北市	信義區	信義區市民大道6段與松山路口口	25.0489033	121.5777452	0	0	1	2	8	5	5	5	1	1	5	4	5	13	2	1	1	4	4	2	15	1	1	1	7	1	8	1		1	3	6	
113	8	11	22	25	臺北市	中正區	中正區林森南路地下道	25.03661191	121.5208626	0	0	1	3	7	5	5	14	9	1	5	4	5	13	4	4	10	2	5	2	13	1	9	1	6	1	10	1		2	2	11	
113	8	11	22	46	臺北市	文山區	文山區景隆街與景隆街36巷口口	24.9989547	121.5433059	0	0	1	2	8	5	5	3	1	1	5	4	5	13	2	1	10	5	5	2	16	1	5	1	6	1	10	1		2	2	11	
113	8	11	23	0	臺北市	中山區	中山區中山北路3段與民族西路口	25.06850698	121.5225094	0	0	2	2	8	5	5	4	2	1	5	4	5	13	1	1	9	4	5	2	17	1	5	8	4	1	20	1		1	2	11	
113	8	11	23	0	臺北市	內湖區	內湖區康寧路3段與康寧路3段165巷口	25.070488	121.6113246	0	0	1	2	8	5	5	4	1	1	5	4	5	13	1	1	1	3	5	1	16	4	5	1	3	1	8	1		1	3	1	
113	8	11	23	5	臺北市	士林區	士林區承德路5段與基河路口	25.0976768	121.5135802	0	0	3	3	8	5	8	22	22	1	5	4	5	13	4	4	1	4	5	1	17	1	6	1	5	2	10	1		1	2	12	
113	8	11	23	33	臺北市	大同區	大同區華陰街與承德路1段口	25.0498469	121.5169761	0	0	3	3	8	5	5	3	2	1	5	4	5	13	2	1	10	4	5	2	17	4	1	1	3	2	10	1		2	2	12	
113	8	12	0	27	臺北市	北投區	北投區勝利街與湖山路1段口	25.1519949	121.5467638	0	0	3	4	8	5	5	3	1	1	5	4	5	13	3	1	4	3	5	1	16	1	5	1	7	1	4	1		1	2	4	1
113	8	12	0	53	臺北市	士林區	士林區中正路與重陽橋口汽車道往蘆洲方向燈桿編號270665號處	25.08548938	121.5044705	0	0	1	2	8	5	5	3	2	1	5	4	5	13	4	4	3	4	3	2	20	1	9	1	5	8	10	1		2	2	12	
113	8	12	3	30	臺北市	中正區	中正區濟南路2段與臨沂街口	25.0406465	121.5300776	0	0	2	3	8	5	5	4	1	1	5	4	5	13	4	4	9	5	5	1	15	1	9	1	7	2	2	1		1	3	4	
113	8	12	6	50	臺北市	中山區	中山區民族東路與林森北路口	25.0686235	121.526327	0	0	1	2	8	6	5	14	8	1	5	4	5	13	4	4	3	4	4	2	12	4	9	1	3	1	8	1		1	3	2	
113	8	12	7	2	臺北市	萬華區	萬華區艋舺大道與西藏路口	25.0288226	121.4916652	0	0	1	2	8	7	5	4	2	1	5	4	5	13	1	1	9	4	4	2	12	1	7	1	7	2	8	1		1	3	4	
113	8	12	7	30	臺北市	中山區	中山區松江路133巷與南京東路2段115巷口	25.0543633	121.5336251	0	0	2	2	8	6	5	4	1	1	5	4	5	13	4	4	10	5	5	2	15	1	9	1	6	2	10	1		2	2	11	
113	8	12	7	30	臺北市	信義區	信義區松智路與松平路口	25.0304814	121.5654503	0	0	1	2	8	6	5	4	1	1	5	4	5	13	1	1	5	5	5	2	17	4	6	1	3	1	4	1		1	3	1	
113	8	12	7	48	臺北市	大安區	大安區忠孝東路4段與敦化南路1段口	25.0414418	121.5483777	0	0	3	3	8	5	5	14	9	1	5	4	5	13	2	1	1	4	5	2	13	4	9	1	3	1	10	1		1	2	11	
113	8	12	7	55	臺北市	北投區	北投區學園路與學園路口	25.1301294	121.4659249	0	0	1	2	8	6	5	3	1	1	5	4	5	13	1	1	9	2	5	2	13	1	12	1	5	1	10	1		2	2	11	
113	8	12	8	10	臺北市	北投區	北投區大業路與北投路2段口	25.1344208	121.4963413	0	0	1	2	8	6	5	5	2	1	5	4	5	13	2	1	1	4	5	2	17	1	7	1	7	1	8	1		1	3	2	
113	8	12	8	19	臺北市	萬華區	萬華區華中橋機車道往新北市	25.01338264	121.495403	0	0	2	3	8	5	7	14	11	1	5	4	5	13	4	4	10	5	5	2	17	4	15	1	3	1	10	1		1	3	13	
113	8	12	8	25	臺北市	中正區	中正區金華街34號	25.0310664	121.5218651	0	0	1	2	8	7	8	22	22	1	5	4	5	13	4	4	5	5	5	2	16	1	1	1	7	1	8	1		1	3	8	
113	8	12	8	31	臺北市	北投區	北投區承德路6段與福國路口	25.1017983	121.5121596	0	0	4	5	8	6	5	14	12	1	5	4	5	13	1	1	1	4	4	1	13	1	9	1	5	2	10	1		1	2	11	12
113	8	12	8	36	臺北市	中正區	中正區汀州路3段與汀州路3段160巷口	25.0135179	121.5344173	0	0	1	2	8	7	5	4	1	1	5	4	5	13	2	1	5	4	5	2	16	1	5	1	7	1	3	1		1	3	8	
113	8	12	8	40	臺北市	中山區	中山區民族東路與吉林路口	25.0679462	121.5295934	0	0	3	3	8	6	5	3	2	1	5	4	5	13	1	1	3	4	3	2	16	4	9	1	3	1	10	1		1	2	11	
113	8	12	8	40	臺北市	大同區	大同區貴德街與西寧北路86巷口	25.055232	121.5083528	0	0	2	2	8	6	5	4	1	1	5	4	5	13	4	4	10	5	5	2	15	1	9	1	6	2	10	1		2	2	11	
113	8	12	8	45	臺北市	信義區	信義區松壽路2號	25.0360187	121.5619249	0	0	1	2	8	6	5	22	9	1	5	4	5	13	1	1	10	5	5	2	17	4	5	1	3	1	8	1		1	3	2	
113	8	12	8	45	臺北市	大安區	大安區信義路4段353號	25.03320463	121.5570929	0	0	1	2	8	6	8	14	9	1	5	4	5	13	4	4	1	3	5	2	16	1	7	1	6	2	10	1		1	3	13	
113	8	12	8	50	臺北市	松山區	松山區吉祥路與八德路4段245巷52弄口	25.050288	121.5625652	0	0	1	2	7	6	5	4	1	1	5	4	5	13	1	1	9	4	5	2	16	1	5	1	5	1	10	1		1	2	14	
113	8	12	8	51	臺北市	中正區	中正區重慶南路3段與汀州路2段口口	25.0256344	121.5164947	0	0	1	2	7	6	5	4	1	1	5	4	5	13	1	1	1	5	5	2	12	1	9	1	5	1	8	1		1	3	14	
113	8	12	9	22	臺北市	中正區	中正區中華路2段441巷2弄與寧波西街口	25.0255073	121.5104005	0	0	2	3	8	7	5	4	1	1	5	4	5	10	4	4	10	5	5	2	15	4	9	1	5	1	10	1		2	2	12	
113	8	12	9	25	臺北市	萬華區	萬華區康定路314號	25.03590946	121.5013375	0	0	1	2	8	6	5	14	9	1	5	4	5	13	4	4	5	5	5	2	13	1	9	1	6	1	10	1		1	2	11	
113	8	12	9	40	臺北市	大安區	大安區羅斯福路2段與和平東路1段口	25.0268239	121.5227251	0	0	2	2	8	6	5	14	9	1	5	4	5	13	2	2	1	4	5	2	13	4	9	1	3	1	10	1		2	2	11	
113	8	12	9	47	臺北市	文山區	文山區興隆路3段與興隆路3段304巷口口	24.9927316	121.5588642	0	0	1	2	8	6	5	4	18	1	5	4	5	13	2	1	5	4	5	2	3	1	5	1	7	2	8	1		1	3	5	
113	8	12	9	55	臺北市	士林區	士林區文林路與後街口	25.0980646	121.5244559	0	0	3	3	8	6	5	4	1	1	5	4	5	13	4	4	10	5	5	2	17	1	5	1	5	2	10	1		1	2	12	
113	8	12	10	0	臺北市	北投區	北投區西安街1段與自強街口	25.1112003	121.5174601	0	0	1	2	7	7	5	4	2	1	5	4	5	13	3	1	10	4	4	2	6	1	9	1	6	1	10	1		1	3	11	
113	8	12	10	15	臺北市	中山區	中山區長安東路1段與長安東路1段65巷口	25.04849385	121.5274598	0	0	1	2	8	7	5	3	1	1	5	4	5	13	4	4	5	4	5	2	16	1	9	1	6	1	10	1		2	2	11	
113	8	12	11	3	臺北市	文山區	文山區木柵路4段165號對面	25.0006081	121.5784013	0	0	1	3	8	6	5	14	9	1	5	4	5	13	4	4	4	4	5	2	29	1	9	1	6	1	8	1		1	2	11	
113	8	12	11	10	臺北市	中正區	中正區汀州路3段243號	25.0137829	121.5341106	0	0	2	2	8	7	5	14	9	1	5	4	5	10	4	4	9	4	5	2	17	1	1	1	5	1	10	1		2	2	14	
113	8	12	11	30	臺北市	北投區	北投區石牌路1段與致遠一路2段口	25.1140322	121.5122222	0	0	1	2	8	5	5	4	1	1	5	4	5	13	2	1	4	4	4	2	16	1	5	1	5	2	10	1		1	2	14	
113	8	12	11	35	臺北市	士林區	士林區忠誠路2段166巷29弄與忠誠路2段166巷口	25.116352	121.5326899	0	0	1	2	8	7	5	4	1	1	5	4	5	13	4	4	10	5	5	2	15	4	9	1	3	1	10	1		1	2	14	
113	8	12	11	50	臺北市	大同區	大同區赤峰街33巷與赤峰街口	25.0542193	121.5193492	0	0	1	2	8	5	5	3	2	1	5	4	5	13	4	4	10	5	5	1	2	1	9	1	7	11	8	1		1	3	5	
113	8	12	12	6	臺北市	信義區	信義區忠孝東路5段與忠孝東路5段295巷口	25.0410363	121.5724758	0	0	2	3	8	6	5	3	2	1	5	4	5	13	4	4	1	4	5	2	15	1	1	1	5	1	10	1		2	2	13	
113	8	12	12	25	臺北市	中正區	中正區金山南路1段與金山南路1段110巷口	25.03513607	121.5272824	0	0	1	2	8	6	5	4	1	1	5	4	5	13	1	1	1	4	5	2	12	4	12	1	7	1	4	1		1	3	6	
113	8	12	12	25	臺北市	大安區	大安區信義路4段235號	25.0333134	121.5529313	0	0	1	2	8	6	5	14	9	1	5	4	5	13	4	4	5	4	5	2	17	4	9	1	6	1	10	1		1	2	14	
113	8	12	12	30	臺北市	中正區	中正區林森南路成功高中綜合大樓前	25.04300308	121.5228444	0	0	3	3	8	6	5	14	9	1	5	4	5	13	4	4	5	4	5	2	12	1	9	1	5	2	10	1		1	2	12	
113	8	12	12	42	臺北市	萬華區	萬華區環河南路2段與和平西路3段口	25.0354551	121.4942388	0	0	1	2	8	5	5	4	1	1	5	4	5	13	1	1	1	4	5	2	17	4	5	1	7	1	8	1		1	3	6	
113	8	12	12	59	臺北市	萬華區	萬華區環河南路1段與忠孝西路2段口	25.0488529	121.5061419	0	0	1	2	8	7	6	3	1	1	5	4	5	13	1	1	8	3	5	2	16	1	5	1	7	1	8	1		1	3	5	
113	8	12	13	0	臺北市	士林區	士林區中社路1段56號	25.10845168	121.5601038	0	0	1	2	8	6	5	14	9	1	5	4	5	13	4	4	4	2	5	1	16	1	1	1	7	1	8	1		2	3	7	