年	月	日	時	分	縣市	行政區	allLocation	GoogleLat	GoogleLng	死	2-30	受傷	當事人數	天候	道路照明設備	道路類別	道路型態	事故位置	路面狀況1	路面狀況2	路面狀況3	道路障礙1	道路障礙2	號誌1	號誌2	車道劃分-分向	車道劃分-分道1	車道劃分-分道2	車道劃分-分道3	事故類型及型態	行動電話	當事者行動狀態	駕駛資格情形	保護裝置	飲酒情形	駕駛執照種類	個人肇逃否	肇因碼-主要	性別	受傷程度	車輛撞擊部位1	車輛撞擊部位2
113	8	12	13	8	臺北市	萬華區	萬華區東園街66巷與東園街66巷24弄口	25.0250779	121.4953052	0	0	2	2	8	7	5	4	1	1	5	4	5	13	4	4	10	5	5	2	15	1	9	1	5	1	10	1		2	2	11	
113	8	12	13	45	臺北市	南港區	南港區南港路3段50巷與松河街口	25.0565356	121.5905501	0	0	1	2	8	7	5	3	1	1	5	4	5	13	4	4	9	4	5	2	16	4	11	1	3	1	14	1		1	3	4	
113	8	12	13	45	臺北市	大安區	大安區羅斯福路4段與基隆路4段口	25.0109845	121.5372861	0	0	2	3	6	6	5	5	1	1	4	4	5	13	4	4	10	4	5	2	12	4	9	1	3	1	4	1		1	3	17	
113	8	12	13	52	臺北市	中山區	中山區復興北路58號	25.05016061	121.5439353	0	0	1	2	6	7	5	14	9	1	4	4	5	13	1	1	1	4	5	2	17	1	11	1	7	9	4	1		1	3	17	
113	8	12	13	57	臺北市	南港區	南港區三重路69號	25.0609469	121.6138529	0	0	1	2	6	6	5	14	9	1	4	4	5	13	4	4	8	3	5	2	12	4	8	1	3	1	10	1		1	2	13	
113	8	12	14	3	臺北市	中正區	中正區武昌街1段與延平南路口	25.0441665	121.5102069	0	0	1	2	6	6	5	4	1	1	4	4	5	13	4	4	10	4	5	2	15	1	9	1	7	2	7	1		1	3	1	
113	8	12	14	28	臺北市	中山區	中山區中山北路2段162號	25.06295766	121.5226221	0	0	1	2	6	7	5	14	9	1	4	4	5	13	4	4	1	3	5	1	12	1	8	1	5	1	10	1		1	2	14	
113	8	12	14	29	臺北市	萬華區	萬華區萬大路346號	25.0231481	121.4995703	0	0	1	2	7	6	5	11	9	1	4	4	5	13	1	1	3	3	5	2	13	4	9	1	5	1	10	1		2	2	11	
113	8	12	14	45	臺北市	中山區	中山區中山北路3段37號前	25.0653881	121.5223644	0	0	1	2	6	7	5	14	9	1	4	4	5	13	4	4	5	4	5	2	17	4	7	1	3	1	8	1		1	3	17	
113	8	12	14	45	臺北市	內湖區	內湖區新湖一路與新湖二路口	25.0649969	121.584666	0	0	2	4	7	7	5	4	1	1	4	4	5	13	4	4	9	4	5	2	15	1	9	1	7	2	4	1		1	3	5	
113	8	12	14	58	臺北市	信義區	信義區忠孝東路4段550號	25.04116786	121.5630993	0	0	1	2	6	7	5	14	9	1	4	4	5	13	4	4	1	4	5	2	13	1	9	1	5	1	10	1		1	2	11	
113	8	12	15	2	臺北市	大安區	大安區忠孝東路4段209號	25.0415486	121.5520091	0	0	2	2	7	6	8	14	9	1	4	4	5	13	4	4	1	3	5	2	16	1	8	1	7	11	8	1		2	2	6	
113	8	12	15	49	臺北市	中山區	中山區濱江街301巷與濱江街口	25.07241519	121.5457213	0	0	1	2	7	5	5	3	1	1	5	4	5	13	4	4	5	5	5	2	16	4	6	1	3	2	8	1		1	3	2	
113	8	12	16	5	臺北市	中山區	中山區復興北路154號	25.0530528	121.5439756	0	0	1	3	6	6	5	14	9	1	4	4	5	13	1	1	1	4	5	2	12	1	9	3	6	1	18	1		1	2	11	
113	8	12	16	38	臺北市	內湖區	內湖區新明路與新明路181巷口	25.05880551	121.588523	0	0	1	2	8	6	5	14	7	1	5	4	5	13	4	4	5	4	4	2	17	1	11	1	7	1	8	1		1	3	4	
113	8	12	17	0	臺北市	中山區	中山區樂群一路與堤頂大道2段口	25.07734441	121.5684178	0	0	1	2	8	7	5	4	1	1	5	4	5	13	1	1	9	4	1	2	12	1	15	1	7	1	10	1		1	3	2	
113	8	12	17	7	臺北市	內湖區	內湖區港墘路117號	25.0784126	121.57628	0	0	1	3	7	7	5	14	9	1	5	4	5	13	4	4	1	4	5	2	12	1	9	1	7	1	4	1		1	3	5	
113	8	12	17	15	臺北市	中山區	中山區北安路47號	25.0774302	121.5281425	0	0	1	2	7	6	5	14	9	1	5	4	5	13	4	4	1	4	5	2	12	1	7	1	7	1	8	1		2	3	5	
113	8	12	17	15	臺北市	北投區	北投區承德路7段97號	25.1116712	121.5098591	0	0	2	3	7	7	5	14	9	1	5	4	5	13	4	4	1	4	5	2	16	4	6	1	3	1	8	1		1	3	5	
113	8	12	17	18	臺北市	內湖區	內湖區民權東路6段136號	25.0674243	121.5805523	0	0	1	3	8	7	5	14	9	1	5	4	5	13	4	4	1	4	4	2	17	1	8	1	6	1	10	1		1	2	14	
113	8	12	17	42	臺北市	北投區	北投區承德路7段188巷與尊賢街口	25.1143617	121.5086064	0	0	2	2	8	5	5	4	1	1	5	4	5	13	4	4	10	5	5	2	15	1	9	1	5	2	10	1		2	2	12	
113	8	12	18	20	臺北市	大安區	大安區復興南路1段239號	25.03729831	121.5437989	0	0	1	3	7	5	5	14	9	1	4	4	5	13	4	4	1	3	5	2	16	1	7	1	7	1	8	1		1	3	2	
113	8	12	18	35	臺北市	大安區	大安區安和路2段與安和路2段184巷口	25.025149	121.5500961	0	0	1	3	8	5	5	14	9	1	5	4	5	13	4	4	1	4	5	1	13	4	9	1	3	1	10	1		1	3	11	
113	8	12	19	30	臺北市	中山區	中山區民權西路53號	25.05800492	121.5222162	0	0	1	2	8	5	5	14	20	1	5	4	5	13	4	4	10	5	5	2	1	4	1	1	3	1	8	1		1	3	5	
113	8	12	19	45	臺北市	大同區	大同區通河西街堤外便道	25.07754944	121.5181285	0	0	3	4	7	5	5	14	9	5	5	4	5	13	4	4	10	5	5	2	10	4	9	3	3	1	18	1		2	2	11	
113	8	12	19	52	臺北市	信義區	信義區基隆路2段與信義路5段口口	25.0329643	121.5598353	0	0	1	2	8	5	5	4	1	1	5	4	5	13	2	1	1	4	5	2	1	1	6	1	6	1	10	1		2	3	11	
113	8	12	19	55	臺北市	內湖區	內湖區東湖路7巷與東湖路口	25.06884025	121.6125675	0	0	1	2	8	5	5	3	1	1	5	4	5	13	4	4	5	4	5	2	17	1	9	1	6	2	10	1		2	2	12	
113	8	12	20	15	臺北市	內湖區	內湖區瑞光路與瑞光路253巷口	25.0747841	121.5779714	0	0	2	2	7	6	5	3	1	1	5	4	5	13	4	4	9	4	5	2	3	1	9	1	6	2	10	1		1	2	14	
113	8	12	20	30	臺北市	內湖區	內湖區民權東路6段與舊宗路1段口	25.06552834	121.5752058	0	0	1	2	8	5	5	5	2	1	5	4	5	13	2	1	1	4	5	2	12	4	9	1	3	11	8	2		1	3	2	
113	8	12	20	43	臺北市	中山區	中山區復興北路地下道與民族東路口	25.0663033	121.5443871	0	0	2	2	8	5	5	4	1	1	5	4	5	13	1	1	1	4	5	2	15	4	9	1	3	2	8	1		1	2	2	
113	8	12	20	49	臺北市	萬華區	萬華區東園街與東園街140巷口	25.0240014	121.497477	0	0	1	2	7	5	5	4	1	1	5	4	5	13	2	1	9	5	5	2	16	4	5	1	3	1	2	1		1	3	2	
113	8	12	21	30	臺北市	內湖區	內湖區金龍路59號	25.0850157	121.593209	0	0	2	3	8	5	5	14	7	1	5	4	5	13	4	4	5	4	4	2	13	1	9	1	6	2	10	1		2	2	11	
113	8	12	21	48	臺北市	中正區	中正區館前路與開封街1段口	25.0460098	121.515011	0	0	2	2	8	5	5	3	2	1	5	4	5	13	4	4	10	5	5	2	9	1	9	1	6	1	10	1		1	2	11	14
113	8	12	22	2	臺北市	士林區	士林區延平北路7段106巷327弄與延平北路7段106巷口	25.10454451	121.4959182	0	0	2	3	8	5	5	3	2	1	5	4	5	13	1	1	10	5	5	2	13	1	9	1	5	2	10	1		1	3	11	
113	8	12	22	20	臺北市	大安區	大安區忠孝東路4段77巷與敦化南路1段190巷口	25.0426505	121.5472129	0	0	2	3	8	5	5	4	1	1	5	4	3	10	4	4	9	5	5	1	15	4	9	1	6	1	10	1		2	2	11	
113	8	12	22	35	臺北市	萬華區	萬華區中華路2段與國興路口	25.0248946	121.5090342	0	0	2	2	7	5	5	4	1	1	5	4	5	13	2	1	5	4	5	2	3	5	16	8	4	10	20	1		1	2	16	
113	8	12	22	59	臺北市	信義區	信義區松信路與忠孝東路5段口	25.0412154	121.5719667	0	0	1	2	8	5	5	4	1	1	5	4	5	13	1	1	9	4	5	2	13	1	9	1	6	1	10	1		1	2	13	
113	8	12	23	23	臺北市	萬華區	萬華區環河南路2段166號	25.0349594	121.4939232	0	0	1	2	7	5	5	14	9	1	5	4	5	13	4	4	1	4	5	2	12	1	7	1	5	2	10	1		1	2	14	
113	8	12	23	30	臺北市	北投區	北投區陽金公路1208394號燈桿	25.1607456	121.5443752	0	0	1	2	8	5	5	22	9	1	5	4	5	13	4	4	4	5	5	1	18	1	15	1	6	1	10	1		1	2	14	
113	8	12	23	57	臺北市	萬華區	萬華區桂林路與西園路1段口	25.0381492	121.4999374	0	0	2	2	7	5	5	4	1	1	5	4	5	13	2	1	9	4	4	2	3	5	16	8	4	10	20	1		1	2	16	
113	8	13	1	28	臺北市	信義區	信義區林口街與忠孝東路5段524巷3弄口	25.0411402	121.5808591	0	0	3	3	7	5	5	4	2	1	5	4	5	13	1	1	9	4	5	2	13	1	9	1	6	2	10	1		1	2	11	
113	8	13	6	37	臺北市	文山區	文山區信義快速道路文山隧道內往木柵北往南外側車道牆壁538旁	25.00952027	121.5813419	0	0	1	2	8	5	5	14	9	1	5	4	5	12	4	4	10	1	5	1	20	1	9	1	7	2	8	1		1	2	5	
113	8	13	6	48	臺北市	松山區	松山區八德路2段367號	25.04770382	121.5444704	0	0	1	2	8	7	6	14	9	1	5	4	5	13	4	4	5	4	5	2	17	1	5	1	7	1	4	1		1	3	4	
113	8	13	7	2	臺北市	大安區	大安區忠孝東路4段77巷與敦化南路1段190巷口	25.0426189	121.5471968	0	0	1	2	8	5	5	4	1	1	5	4	5	13	4	4	10	5	5	2	15	4	9	1	3	1	4	1		1	3	5	
113	8	13	7	13	臺北市	文山區	文山區興隆路4段2號	24.9903805	121.5593313	0	0	1	2	8	6	5	14	9	1	5	4	5	13	1	1	1	4	5	2	17	1	1	1	7	1	8	1		1	3	17	
113	8	13	7	23	臺北市	中山區	中山區大直街33巷與大直街口	25.08205476	121.546397	0	0	1	4	8	5	5	4	1	1	5	4	5	13	4	4	5	5	5	2	15	4	9	8	3	1	20	1		1	2	11	
113	8	13	7	23	臺北市	內湖區	內湖區安泰街129巷5號	25.07777164	121.6170178	0	0	1	2	8	6	5	14	9	1	5	4	5	13	4	4	10	5	5	2	9	5	16	8	4	10	20	1		1	2	16	
113	8	13	8	8	臺北市	內湖區	內湖區潭美街與南京東路6段口	25.0531219	121.5750878	0	0	2	3	8	6	5	14	9	1	5	4	5	13	3	1	5	5	5	2	17	1	9	3	7	2	18	1		1	3	8	
113	8	13	8	8	臺北市	大同區	大同區迪化街2段191巷9號	25.069268	121.5120247	0	0	2	2	8	6	5	14	9	1	5	4	5	13	4	4	10	5	5	2	1	1	9	1	6	2	10	1		2	2	11	
113	8	13	8	18	臺北市	北投區	北投區公館路與崇仁路1段口	25.1227091	121.5029579	0	0	1	2	8	6	5	14	9	1	5	4	5	13	1	1	9	4	5	2	16	1	5	1	5	1	10	1		1	2	14	
113	8	13	9	4	臺北市	中正區	中正區濟南路1段與林森南路口	25.04237381	121.523077	0	0	1	2	8	6	5	4	2	1	5	4	5	13	1	1	5	4	4	2	12	4	13	1	3	11	4	1		1	3	8	
113	8	13	9	20	臺北市	中山區	中山區建國北路3段與民權東路3段口	25.0624552	121.5370238	0	0	1	3	8	7	5	4	2	1	5	4	5	13	1	1	9	4	4	2	13	1	9	6	6	1	10	1		1	3	11	
113	8	13	9	20	臺北市	松山區	松山區光復北路與南京東路4段口	25.0513869	121.5579133	0	0	1	2	8	7	5	5	2	1	5	4	5	13	2	1	3	4	5	2	17	1	5	1	7	1	8	1		2	3	5	
113	8	13	9	23	臺北市	中山區	中山區新生北路2段與民權東路1段口	25.0625561	121.527332	0	0	3	4	8	5	5	5	1	1	5	4	5	13	1	1	1	4	5	2	16	4	8	1	3	1	8	1		2	3	5	
113	8	13	9	24	臺北市	大安區	大安區建國南路2段109號	25.02994674	121.5379782	0	0	1	2	8	6	5	14	9	1	5	4	5	13	4	4	1	3	5	2	12	1	9	1	7	2	4	1		1	3	5	
113	8	13	9	39	臺北市	中山區	中山區南京東路3段與南京東路3段14巷口	25.05190109	121.5375167	0	0	1	4	7	5	5	3	2	1	5	4	5	13	4	4	3	4	5	2	13	4	9	1	3	1	8	1		1	3	5	
113	8	13	9	41	臺北市	大同區	大同區長安西路與承德路1段口	25.05081905	121.5169612	0	0	2	3	8	6	5	4	1	1	5	4	5	13	2	1	8	3	5	1	16	4	5	1	3	2	8	1		1	3	5	
113	8	13	10	17	臺北市	中山區	中山區堤頂大道2段242號	25.078002	121.5664204	0	0	1	3	8	6	5	14	7	1	5	4	5	13	4	4	1	4	5	2	13	1	9	1	7	1	2	1		1	3	1	
113	8	13	10	48	臺北市	中山區	中山區天津街與長安東路1段口	25.0495384	121.5229677	0	0	1	2	8	6	5	4	2	1	5	4	5	13	2	1	5	4	5	2	12	1	5	1	6	1	10	1		2	2	13	
113	8	13	11	19	臺北市	士林區	士林區中山北路5段與福國路口	25.10513293	121.5314911	0	0	2	2	7	7	5	3	1	1	5	4	5	13	1	1	1	1	5	1	17	1	5	1	5	1	10	1		1	2	14	
113	8	13	11	20	臺北市	中山區	中山區濱江街136號與濱江街口	25.0723868	121.5354551	0	0	1	2	8	6	5	3	1	1	5	4	5	13	4	4	10	4	5	2	17	4	15	1	5	1	10	1		1	2	14	
113	8	13	11	22	臺北市	大同區	大同區錦西街與錦西街52巷口	25.0603319	121.5200132	0	0	1	2	8	6	5	3	2	1	5	4	5	13	4	4	5	5	5	2	17	1	1	1	7	2	4	1		1	3	8	
113	8	13	11	31	臺北市	萬華區	萬華區南寧路與三水街口	25.03562527	121.5037312	0	0	1	2	8	5	5	4	2	1	5	4	5	13	3	1	1	5	5	2	17	4	9	1	5	1	10	1		1	3	11	
113	8	13	12	13	臺北市	內湖區	內湖區大湖山莊街與大湖山莊街120巷口	25.0843556	121.6019384	0	0	1	2	7	6	5	4	1	1	5	4	5	13	4	4	5	4	5	2	15	1	9	1	5	1	10	1		1	2	12	
113	8	13	12	22	臺北市	北投區	北投區承德路6段與文林北路口	25.1107855	121.5112967	0	0	2	3	8	6	5	14	8	1	5	4	5	13	1	1	9	4	5	2	12	1	9	1	5	1	10	1		2	2	14	
113	8	13	12	25	臺北市	中正區	中正區中山南路與貴陽街1段口	25.0382484	121.5172945	0	0	2	3	8	6	5	3	2	1	5	4	5	13	1	1	1	4	5	2	13	1	9	1	6	2	10	1		1	2	11	
113	8	13	12	43	臺北市	大安區	大安區忠孝東路4段77巷與大安路1段75巷口	25.042057	121.5471925	0	0	1	2	7	6	5	4	2	1	5	4	5	13	4	4	10	5	5	2	16	4	9	1	3	1	4	1		1	3	5	
113	8	13	13	33	臺北市	北投區	北投區承德路7段與大度路口	25.12129421	121.4990474	0	0	1	2	8	6	5	14	9	1	5	4	5	13	4	4	10	4	5	1	16	1	6	1	7	1	8	1		1	3	6	
113	8	13	13	35	臺北市	士林區	士林區天玉街38巷與天母西路口	25.1190404	121.5301605	0	0	1	2	7	6	5	3	2	1	5	4	5	13	4	4	5	5	5	2	17	1	9	1	6	2	10	1		1	2	14	
113	8	13	13	44	臺北市	信義區	信義區松智路與松勤街口	25.0319688	121.5654059	0	0	1	2	6	6	5	4	2	1	4	4	5	13	2	1	5	4	5	2	15	1	3	1	7	1	8	1		1	3	6	
113	8	13	14	20	臺北市	大同區	大同區涼州街與寧夏路口	25.0609031	121.5143049	0	0	1	2	6	5	5	4	18	1	4	4	5	13	1	1	5	4	5	2	3	1	5	1	7	2	4	1		1	3	1	
113	8	13	14	21	臺北市	文山區	文山區景華街48號	24.9950701	121.5435588	0	0	1	3	7	6	5	14	9	1	5	4	5	13	4	4	9	5	5	2	17	1	7	1	7	2	8	1		1	3	8	
113	8	13	14	28	臺北市	中正區	中正區館前路77號	25.0438752	121.5150131	0	0	1	3	6	6	5	14	9	1	4	4	5	13	4	4	5	4	5	2	17	1	15	1	6	2	10	1		1	2	13	
113	8	13	14	39	臺北市	中正區	中正區泉州街與詔安街口口	25.02520489	121.5131081	0	0	1	3	8	6	5	4	1	1	5	4	5	13	1	1	5	4	4	1	15	1	9	1	7	2	8	1		2	3	5	
113	8	13	14	50	臺北市	中山區	中山區松江路與南京東路2段口	25.0519494	121.533125	0	0	2	2	7	6	5	4	1	1	4	4	5	13	2	1	3	4	5	2	12	1	9	3	6	1	18	1		2	2	14	
113	8	13	15	5	臺北市	士林區	士林區至善路2段與故宮路口	25.0980109	121.5465327	0	0	2	3	8	5	5	3	1	1	5	4	5	13	2	1	9	4	5	1	17	1	9	1	6	1	10	1		1	2	14	
113	8	13	15	30	臺北市	大同區	大同區鄭州路與延平北路1段口	25.04984599	121.511662	0	0	2	3	7	6	5	4	2	1	4	4	5	13	1	1	1	4	5	2	17	1	9	1	7	2	8	1		2	3	1	
113	8	13	16	5	臺北市	文山區	文山區木柵路1段與富山路口	24.9880836	121.5538394	0	0	4	4	7	6	5	4	1	1	4	4	5	13	1	1	10	5	5	2	16	1	5	1	5	2	10	1		1	2	12	
113	8	13	16	14	臺北市	中山區	中山區明水路與明水路397巷口	25.07745282	121.5477143	0	0	1	2	7	6	5	3	2	1	5	4	5	13	1	1	3	4	5	2	13	1	9	1	5	1	10	1		2	2	11	14
113	8	13	16	15	臺北市	大同區	大同區重慶北路2段95號	25.053407	121.5142632	0	0	1	2	8	6	5	14	9	1	5	4	5	13	2	1	1	4	5	2	17	4	9	8	3	9	20	1		1	2	14	
113	8	13	16	22	臺北市	內湖區	內湖區內湖路1段與港墘路口	25.0792985	121.5768228	0	0	1	2	8	6	5	4	2	1	5	4	5	13	2	1	1	4	5	2	12	1	8	1	5	1	10	1		2	2	14	
113	8	13	16	48	臺北市	南港區	南港區市民大道8段與東南街口	25.0540527	121.6120526	0	0	2	2	8	6	5	14	9	1	5	4	5	13	4	4	1	3	5	2	13	4	9	1	3	1	10	1		1	2	11	
113	8	13	17	0	臺北市	文山區	文山區木柵路5段43巷151號	25.00666545	121.5902343	0	0	2	2	8	5	5	11	9	1	4	4	5	13	4	4	9	5	5	2	10	1	4	1	6	1	9	1		1	2	11	
113	8	13	17	2	臺北市	士林區	士林區福國路與文林路口	25.1016729	121.5215295	0	0	1	3	8	6	5	5	1	1	5	4	5	13	1	1	1	1	5	1	16	1	5	1	5	1	10	1		1	2	14	
113	8	13	18	9	臺北市	士林區	士林區忠義街與忠義街口陽明醫院	25.1055374	121.5311436	0	0	1	2	8	5	5	5	2	1	5	4	5	13	2	1	1	4	5	1	12	1	10	1	7	1	8	1		2	3	8	
113	8	13	18	29	臺北市	中山區	中山區南京東路2段與伊通街口	25.052123	121.5345801	0	0	2	3	8	5	5	4	2	1	5	4	5	13	1	1	1	4	4	2	12	1	9	1	5	1	9	1		1	3	17	
113	8	13	18	34	臺北市	中山區	中山區北安路與崇實路口	25.0797904	121.5446777	0	0	1	2	7	5	5	5	2	1	5	4	5	13	2	1	8	3	5	1	17	1	9	1	5	1	10	1		1	3	11	
113	8	13	18	55	臺北市	文山區	文山區興隆路3段與萬芳路口	24.996768	121.559852	0	0	2	3	8	5	5	4	1	1	5	4	5	13	2	1	1	4	5	2	16	1	5	1	7	1	8	1		2	3	2	
113	8	13	18	58	臺北市	信義區	信義區松德路133巷與虎林街202巷口	25.037067	121.5752716	0	0	2	2	7	5	5	4	1	1	5	4	5	13	4	4	10	5	5	1	15	4	9	1	3	1	21	1		2	2	14	
113	8	13	19	31	臺北市	大同區	大同區堤外自行車專用道(國順疏散門)	25.0688144	121.5089494	0	0	1	2	8	5	5	14	23	1	5	4	5	13	4	4	5	4	5	2	17	1	15	8	2	1	20	1		2	3	12	
113	8	13	19	35	臺北市	中山區	中山區民權西路36號	25.0627642	121.5210792	0	0	2	3	8	5	5	14	9	1	5	4	5	13	4	4	1	4	5	2	13	1	9	1	5	1	10	1		1	2	11	
113	8	13	19	55	臺北市	文山區	文山區興隆路2段153巷6弄與興隆路2段203巷口	25.0019416	121.5487371	0	0	2	2	8	5	5	4	1	1	5	4	5	13	3	1	9	5	5	2	15	1	9	1	6	2	10	1		1	2	12	
113	8	13	21	34	臺北市	士林區	士林區文林路與無名巷口	25.1031954	121.5194529	0	0	2	2	8	5	5	4	2	1	5	4	5	13	2	1	10	5	5	2	17	4	15	1	3	9	10	1		1	2	11	
113	8	13	22	0	臺北市	內湖區	內湖區民權東路6段30號旁	25.06705075	121.5798216	0	0	1	2	7	5	5	14	9	1	5	3	5	13	4	4	1	4	5	2	29	1	9	1	6	9	10	1		2	2	15	
113	8	13	22	23	臺北市	萬華區	萬華區康定路274號	25.03716396	121.5014826	0	0	1	2	8	5	5	14	9	1	5	4	5	13	4	4	5	4	5	2	12	1	1	1	7	1	8	1		1	3	8	
113	8	13	23	13	臺北市	萬華區	萬華區長沙街2段157號	25.0406053	121.502544	0	0	1	2	8	5	5	14	7	1	5	4	5	13	4	4	4	5	5	2	12	1	9	1	5	1	10	1		2	2	14	
113	8	14	0	59	臺北市	士林區	士林區格致路與愛富一街附近口	25.1385505	121.5465678	0	0	1	2	8	5	5	14	9	1	5	4	5	13	4	4	5	5	5	1	17	1	11	1	7	1	4	1		1	3	4	
113	8	14	6	52	臺北市	信義區	信義區信義路5段91巷12弄2號	25.0335918	121.5710794	0	0	1	2	8	7	5	14	9	1	5	4	5	13	4	4	5	4	5	1	17	4	9	1	3	1	10	1		1	2	11	
113	8	14	7	15	臺北市	士林區	士林區承德路5段北往南第1102352號燈桿	25.09610054	121.5139035	0	0	2	2	7	7	5	14	11	1	5	4	5	13	2	1	1	4	4	1	17	1	8	1	5	2	10	1		1	2	14	
113	8	14	7	16	臺北市	大安區	大安區忠孝東路4段128號	25.0415321	121.5477256	0	0	1	3	8	7	5	14	9	1	5	4	5	13	2	1	1	3	5	1	14	4	2	3	2	3	18	2		1	3	6	
113	8	14	7	20	臺北市	士林區	士林區忠誠路1段138號	25.10668198	121.5296678	0	0	1	2	8	6	5	14	8	1	5	4	5	13	4	4	1	4	4	1	17	1	9	1	7	2	8	1		2	3	2	
113	8	14	7	30	臺北市	中山區	中山區南京東路1段與林森北路口	25.0519505	121.5252135	0	0	1	3	7	7	5	5	1	1	5	4	5	13	1	2	1	4	4	2	17	4	8	1	3	1	4	1		1	3	2	
113	8	14	7	48	臺北市	內湖區	內湖區文湖街93號	25.08647804	121.5646504	0	0	4	4	8	6	5	14	9	1	5	4	5	13	4	4	9	5	5	2	17	1	9	1	6	1	10	1		2	2	11	
113	8	14	8	23	臺北市	中山區	中山區中山北路4段與中山北路3段口圓山上坡道	25.0745001	121.5263775	0	0	1	2	8	6	5	4	1	1	5	4	5	13	1	1	1	4	5	2	12	1	8	1	6	1	10	1		1	2	12	
113	8	14	8	28	臺北市	大同區	大同區鄭州路145號	25.050497	121.5089554	0	0	1	2	7	6	5	14	9	1	5	4	5	13	4	4	8	1	5	1	12	1	9	1	6	1	10	1		1	2	11	
113	8	14	8	30	臺北市	中山區	中山區錦西街8號	25.0603015	121.5217295	0	0	1	2	8	6	5	14	9	1	5	4	5	13	4	4	5	5	5	2	11	1	9	1	6	1	10	1		1	2	12	
113	8	14	8	39	臺北市	中正區	中正區重慶南路3段與汀州路2段口	25.0258342	121.5164268	0	0	1	3	7	7	5	4	1	1	5	4	5	13	1	1	1	4	5	2	13	1	9	1	5	1	10	1		2	2	12	
113	8	14	8	51	臺北市	中山區	中山區市民大道2段與林森北路口	25.04794309	121.5242333	0	0	2	2	8	5	5	4	1	1	5	4	5	13	1	1	1	4	5	2	16	4	9	1	3	1	10	1		1	2	11	
113	8	14	9	0	臺北市	士林區	士林區承德路5段與士商路口	25.09610221	121.514139	0	0	1	2	7	7	5	4	1	1	5	4	5	13	2	1	1	4	4	1	17	1	6	1	7	2	8	1		2	3	2	
113	8	14	9	5	臺北市	松山區	松山區塔悠路與健康路口	25.05447	121.5698889	0	0	1	2	8	6	5	3	1	1	5	4	5	13	1	1	1	4	5	2	17	1	5	1	5	1	10	1		2	2	12	
113	8	14	9	25	臺北市	萬華區	萬華區堤外便道與堤外便道口華中越堤坡道	25.01613251	121.4981613	0	0	1	2	8	6	5	3	1	1	5	4	5	13	4	4	5	5	5	2	16	1	6	1	7	1	8	1		2	3	5	
113	8	14	9	27	臺北市	中正區	中正區中山南路與愛國東路口	25.0352271	121.5167293	0	0	1	2	8	5	5	4	2	1	5	4	5	13	1	1	4	4	1	1	17	1	15	1	7	2	8	1		2	3	2	
113	8	14	9	55	臺北市	內湖區	內湖區內湖路2段179巷與內湖路2段179巷口口	25.08448919	121.5843255	0	0	1	2	7	6	5	3	2	1	5	4	5	13	2	1	5	4	5	2	12	1	9	1	6	1	10	1		1	2	14	
113	8	14	10	2	臺北市	萬華區	萬華區忠孝橋機車道往台北市	25.04905396	121.5057805	0	0	2	2	8	5	7	14	11	1	5	4	5	13	4	4	10	5	5	2	17	4	4	1	3	1	10	1		1	2	14	
113	8	14	10	28	臺北市	士林區	士林區德行東路6號對面	25.1066673	121.5253767	0	0	1	3	8	6	6	14	9	1	5	4	5	13	4	4	5	2	5	1	13	1	9	8	4	2	20	1		1	2	11	
113	8	14	10	32	臺北市	士林區	士林區中山北路7段與中山北路7段154巷口	25.1247408	121.5330047	0	0	1	2	8	5	5	18	9	1	5	4	5	13	4	4	9	4	5	1	17	1	6	1	6	1	10	1		1	2	14	
113	8	14	10	56	臺北市	信義區	信義區信安街與信安街47巷口	25.0270694	121.5583667	0	0	1	2	7	6	5	3	2	1	5	4	5	13	2	1	9	5	5	2	3	4	5	1	3	2	1	1		1	3	1	
113	8	14	11	20	臺北市	中山區	中山區錦州街30巷與中山北路2段93巷口	25.059342	121.5248343	0	0	1	2	8	6	5	3	1	1	5	4	5	13	4	4	5	5	5	2	3	1	5	1	7	1	4	1		1	3	5	
113	8	14	11	58	臺北市	中山區	中山區北安路與大直街口	25.0799048	121.5472483	0	0	2	2	6	6	6	4	1	1	4	4	5	13	1	1	1	4	5	2	12	1	9	1	5	1	10	1		1	2	14	
113	8	14	12	0	臺北市	文山區	文山區保儀路142巷與保儀路口	24.9833944	121.5657276	0	0	1	2	7	5	5	5	2	1	5	4	5	13	4	4	10	5	5	2	17	1	6	1	6	2	10	1		1	2	11	
113	8	14	12	30	臺北市	士林區	士林區至善路2段原民館前	25.10123	121.5519081	0	0	1	2	6	5	5	14	9	1	4	4	5	13	1	1	3	4	5	2	17	1	1	1	7	1	8	1		1	3	8	
113	8	14	12	40	臺北市	文山區	文山區老泉街26巷電桿0700911號	24.97642517	121.5353851	0	0	2	3	7	6	5	11	9	2	5	4	5	13	4	4	10	5	5	1	18	1	9	1	6	1	10	1		2	2	17	
113	8	14	12	45	臺北市	松山區	松山區復興北路與五常街口	25.0633691	121.5443275	0	0	1	2	6	6	5	4	1	1	4	4	5	13	2	1	1	2	5	2	16	4	5	1	7	2	8	1		1	3	6	
113	8	14	13	10	臺北市	中山區	中山區建國北路2段與民權東路3段口	25.0624963	121.5372913	0	0	2	2	6	6	5	4	1	1	4	4	5	13	2	1	2	4	5	2	15	1	9	1	6	1	10	1		1	2	11	
113	8	14	13	10	臺北市	中山區	中山區長安東路2段110號	25.0483978	121.5354969	0	0	1	2	6	7	5	14	9	1	4	4	5	13	4	4	9	4	5	2	13	1	8	1	7	1	4	1		1	3	7	