年	月	日	時	分	縣市	行政區	allLocation	GoogleLat	GoogleLng	死	2-30	受傷	當事人數	天候	道路照明設備	道路類別	道路型態	事故位置	路面狀況1	路面狀況2	路面狀況3	道路障礙1	道路障礙2	號誌1	號誌2	車道劃分-分向	車道劃分-分道1	車道劃分-分道2	車道劃分-分道3	事故類型及型態	行動電話	當事者行動狀態	駕駛資格情形	保護裝置	飲酒情形	駕駛執照種類	個人肇逃否	肇因碼-主要	性別	受傷程度	車輛撞擊部位1	車輛撞擊部位2
113	8	14	13	18	臺北市	中山區	中山區中山北路2段62巷32號前	25.0567103	121.5211197	0	0	1	2	7	7	5	14	9	1	5	4	5	13	4	4	10	5	5	2	17	4	9	3	3	11	18	1		4	2	11	
113	8	14	13	21	臺北市	大安區	大安區泰順街與雲和街口	25.0232916	121.5316397	0	0	1	2	6	6	5	4	1	1	4	4	5	13	4	4	10	4	5	2	15	4	9	1	6	1	10	1		1	2	11	
113	8	14	13	30	臺北市	士林區	士林區重陽橋6511722號電燈桿	25.0842128	121.5058859	0	0	1	2	6	6	5	8	11	1	4	4	5	13	4	4	10	2	5	1	17	1	9	1	6	1	10	1		1	2	12	
113	8	14	14	14	臺北市	松山區	松山區南京東路4段1號	25.0518389	121.5490447	0	0	1	2	6	5	5	14	9	1	4	4	5	13	1	1	1	4	4	2	11	1	8	1	6	1	10	1		1	3	17	
113	8	14	14	20	臺北市	南港區	南港區忠孝東路7段與中南街口	25.0529552	121.6149791	0	0	1	2	6	6	5	14	9	1	4	4	5	13	4	4	3	4	5	2	12	4	9	1	3	1	8	1		1	3	2	
113	8	14	14	25	臺北市	中正區	中正區徐州路2號(臺大醫院停車場出入口前)	25.0417819	121.5189432	0	0	1	2	6	6	5	14	9	1	4	4	5	13	4	4	5	4	4	2	16	1	5	1	7	1	4	1		1	3	8	
113	8	14	14	58	臺北市	大安區	大安區辛亥路3段185號前快車道(往基隆路方向)	25.0212617	121.5416066	0	0	1	5	6	6	5	14	7	1	4	4	5	13	4	4	1	4	1	1	13	1	9	1	7	1	8	1		1	3	1	
113	8	14	15	0	臺北市	信義區	信義區信安街103巷8號	25.0251297	121.5584098	0	0	1	3	6	5	5	11	9	1	4	4	3	13	4	4	9	5	5	2	18	1	9	1	5	1	10	1		1	2	12	
113	8	14	15	54	臺北市	南港區	南港區港東街200號旁南港聯絡道	25.0624768	121.617657	0	0	3	3	7	6	8	14	16	1	4	4	5	13	4	4	5	5	5	2	10	1	9	1	7	2	8	1		2	2	1	
113	8	14	16	7	臺北市	大安區	大安區潮州街與潮州街107巷口	25.0286942	121.5275436	0	0	2	3	6	5	5	4	1	1	4	4	5	13	4	4	10	5	5	1	15	1	9	1	5	1	8	1		2	2	12	
113	8	14	16	12	臺北市	士林區	士林區中正路與文林路口	25.09490016	121.5243407	0	0	1	2	6	7	5	14	9	1	4	4	5	13	4	4	1	5	5	2	13	1	9	1	6	1	10	1		1	2	11	
113	8	14	17	11	臺北市	中山區	中山區北安路554巷30弄與明水路581巷口	25.0800343	121.5504667	0	0	1	3	7	6	5	5	2	1	4	4	5	13	2	1	8	3	5	1	17	1	14	1	7	1	8	1		1	3	17	
113	8	14	17	22	臺北市	內湖區	內湖區成功路2段262號	25.0666234	121.5903973	0	0	1	2	8	5	5	14	9	1	5	4	5	13	4	4	9	4	5	2	12	1	8	1	7	2	8	1		1	3	7	
113	8	14	17	32	臺北市	中山區	中山區新生北路1段47巷與新生北路1段口	25.0481002	121.5299356	0	0	1	2	7	6	5	5	1	1	4	4	5	13	2	1	1	5	5	1	17	4	6	1	3	1	10	1		1	2	14	
113	8	14	17	48	臺北市	松山區	松山區南京東路4段115號	25.0516769	121.5551053	1	0	3	5	8	6	5	14	25	1	5	4	5	13	4	4	10	5	5	2	8	1	15	1	7	2	8	1		1	2	15	
113	8	14	18	27	臺北市	士林區	士林區福國路與文林路口	25.1018261	121.5215417	0	0	1	2	8	6	5	5	2	1	5	4	5	13	1	1	1	1	5	1	16	1	5	1	5	2	10	1		1	2	14	
113	8	14	18	28	臺北市	士林區	士林區環河北路3段與社中街口	25.0904312	121.5014914	0	0	1	2	8	5	5	5	1	1	5	4	5	13	2	1	1	2	5	2	17	1	6	1	7	1	8	1		1	3	2	
113	8	14	18	47	臺北市	中山區	中山區中山北路2段155號	25.0622291	121.522855	0	0	3	4	8	5	5	14	9	1	5	4	5	13	1	1	1	4	1	2	17	1	9	1	7	11	2	2		1	3	15	
113	8	14	18	50	臺北市	內湖區	內湖區民權東路6段30號附近	25.0669958	121.5797078	0	0	1	2	7	5	5	14	9	1	5	4	5	13	4	4	1	4	5	2	18	1	9	1	6	1	9	1		1	2	17	
113	8	14	18	52	臺北市	中山區	中山區民生東路2段159巷與錦州街口	25.06029654	121.5360721	0	0	1	2	8	5	5	4	1	1	5	4	5	13	4	4	10	5	5	2	15	1	9	1	7	1	8	1		1	3	1	
113	8	14	19	1	臺北市	中山區	中山區中山北路2段與農安街口	25.0649129	121.5222754	0	0	1	2	8	5	5	4	1	1	5	4	5	13	1	1	1	4	1	2	11	1	1	1	7	1	4	1		1	3	8	
113	8	14	19	30	臺北市	中山區	中山區北安路與崇實路口	25.0798844	121.5444676	0	0	1	2	8	5	5	4	1	1	5	4	5	13	2	1	1	4	5	2	16	4	9	8	4	1	20	1		1	2	11	
113	8	14	19	45	臺北市	大同區	大同區鄭州路與西寧北路口	25.0504616	121.5081274	0	0	1	2	8	5	5	5	1	1	5	4	5	13	2	1	1	4	5	2	13	1	9	1	7	1	4	1		1	3	1	
113	8	14	20	13	臺北市	大安區	大安區仁愛路4段與仁愛路4段91巷口	25.0384471	121.5481455	0	0	1	2	8	5	5	3	2	1	5	4	5	13	4	4	1	4	5	1	17	4	1	1	3	1	10	1		2	2	14	
113	8	14	20	46	臺北市	內湖區	內湖區環東大道(往南港方向)	25.0534499	121.5747331	0	0	1	3	8	5	5	10	9	1	5	4	5	13	4	4	1	4	5	2	12	1	12	1	6	1	9	1		1	2	12	
113	8	14	20	47	臺北市	萬華區	萬華區中華路1段與中華路1段102巷口	25.0437498	121.5084753	0	0	1	3	7	5	5	3	2	1	5	4	5	13	4	4	1	4	1	2	12	1	15	2	6	1	18	1		1	2	14	
113	8	14	20	51	臺北市	大同區	大同區市民大道1段203號	25.0485427	121.5183853	0	0	1	2	7	5	5	14	9	1	5	4	5	13	4	4	1	4	5	2	17	4	15	1	3	2	10	1		2	2	14	
113	8	14	20	59	臺北市	士林區	士林區忠誠路1段173巷與德行東路190巷口	25.1080863	121.5312829	0	0	2	3	7	5	5	4	1	1	5	4	5	13	4	4	10	5	5	1	16	1	9	1	7	1	8	1		1	3	5	
113	8	14	21	5	臺北市	大安區	大安區仁愛路4段與延吉街口	25.037903	121.5553474	0	0	2	3	7	5	5	4	1	1	5	4	5	13	2	1	1	4	1	2	16	4	6	1	3	1	8	1		2	3	5	
113	8	14	21	13	臺北市	文山區	文山區景美溪橋	24.9866652	121.545154	0	0	1	2	7	5	5	8	9	1	5	4	5	13	2	1	1	4	4	2	13	4	9	8	3	1	20	1		1	3	11	
113	8	14	21	46	臺北市	中正區	中正區臨沂街與臨沂街69巷口口	25.0357972	121.5282064	0	0	1	2	8	5	5	4	1	1	5	4	5	13	4	4	10	5	5	2	15	1	9	1	7	2	8	1		1	3	1	
113	8	14	21	54	臺北市	信義區	信義區虎林街120巷與松信路口	25.0422367	121.5719619	0	0	1	2	7	5	5	4	1	1	5	4	5	13	2	1	10	4	5	1	17	4	5	1	3	1	8	1		1	3	4	
113	8	14	22	10	臺北市	南港區	南港區中坡北路與中坡北路60巷口	25.04681496	121.5807685	0	0	2	3	8	5	5	3	2	1	5	4	5	13	4	4	1	4	5	2	16	4	6	1	3	1	8	1		1	3	6	
113	8	14	22	38	臺北市	大同區	大同區延平北路2段與涼州街口	25.0607078	121.5113272	0	0	1	3	7	5	5	4	1	1	5	4	1	13	2	1	4	4	5	2	13	4	9	1	3	1	10	1		2	2	11	
113	8	15	0	5	臺北市	南港區	南港區忠孝東路7段527巷與忠孝東路7段口	25.0526547	121.6124095	0	0	2	3	8	5	5	14	9	1	5	4	5	13	4	4	1	3	5	2	13	4	9	1	3	2	10	1		1	2	11	
113	8	15	0	45	臺北市	中山區	中山區林森北路與中山北路2段65巷口	25.0569157	121.5255187	0	0	1	2	8	5	5	4	1	1	5	4	5	13	4	4	9	5	5	2	16	1	11	1	7	2	8	1		1	3	4	
113	8	15	2	8	臺北市	中山區	中山區民生東路2段10號	25.0580005	121.5281652	0	0	2	2	8	5	5	14	9	1	5	4	5	13	4	4	5	4	5	2	17	4	11	1	6	2	10	1		1	2	14	
113	8	15	5	23	臺北市	士林區	士林區承德路4段10巷與通河街76巷口	25.0801122	121.5200079	0	0	1	2	8	5	5	4	1	1	5	4	5	13	4	4	5	5	5	2	17	1	9	1	7	1	4	1		1	3	2	
113	8	15	5	38	臺北市	信義區	信義區忠孝東路5段215巷與忠孝東路5段275巷7弄口	25.0415456	121.5701923	0	0	1	2	7	6	5	4	1	1	5	4	5	13	4	4	10	4	5	1	15	4	9	1	3	2	10	1		2	2	14	
113	8	15	7	40	臺北市	文山區	文山區羅斯福路5段210號	25.0028662	121.5386102	0	0	1	2	8	6	5	14	9	1	5	5	5	13	4	4	1	4	5	2	18	1	9	1	6	11	10	1		1	2	14	
113	8	15	7	55	臺北市	大同區	大同區迪化街2段172巷與迪化街2段172巷12弄口	25.0671537	121.5097411	0	0	2	7	8	7	5	4	1	1	5	4	5	13	4	4	9	4	5	2	15	1	9	1	5	1	10	1		2	2	12	
113	8	15	7	56	臺北市	內湖區	內湖區內湖路1段360巷15號	25.0811027	121.5706577	0	0	1	2	7	6	5	14	9	1	5	4	5	13	4	4	9	4	5	2	17	1	5	7	7	1	19	1		1	3	8	
113	8	15	7	57	臺北市	北投區	北投區尊賢街230巷15號	25.116265	121.5079355	0	0	1	2	8	6	5	14	9	1	5	4	5	13	4	4	10	5	5	2	9	5	16	8	4	1	20	1		1	3	16	
113	8	15	8	20	臺北市	中正區	(汀州路1段338號前)	25.0266116	121.5125422	0	0	1	2	8	6	5	14	9	1	5	4	5	13	4	4	5	4	5	2	16	1	1	1	7	2	8	1		2	3	4	
113	8	15	8	25	臺北市	中山區	中山區長春路116號前	25.0548346	121.529545	0	0	3	4	8	7	5	14	8	1	5	4	5	13	1	1	5	4	4	2	17	4	9	1	3	1	10	1		2	3	12	
113	8	15	8	31	臺北市	中山區	中山區松江路226巷3號	25.05848502	121.5324995	0	0	1	2	8	5	5	14	9	1	5	4	5	13	4	4	10	5	5	2	2	1	9	1	5	1	10	2		1	3	15	
113	8	15	8	35	臺北市	士林區	士林區福華路與福華路164巷口	25.1042293	121.5225646	0	0	1	2	8	6	8	4	2	1	5	4	5	13	4	4	1	4	5	1	17	3	5	1	5	1	10	1		1	3	12	
113	8	15	8	45	臺北市	信義區	信義區松山路與松山路292巷口	25.0432764	121.57775	0	0	3	3	8	5	5	3	2	1	5	4	5	13	2	1	1	4	5	2	17	1	5	1	5	1	10	1		1	2	12	
113	8	15	9	32	臺北市	信義區	信義區忠孝東路5段68號	25.0409751	121.5677941	0	0	1	2	7	5	5	14	9	1	5	4	5	13	4	4	1	4	5	2	18	1	9	1	5	1	10	1		1	2	14	
113	8	15	9	45	臺北市	信義區	信義區信義路5段與信義路5段91巷口	25.032954	121.5716779	0	0	1	2	8	7	5	14	9	1	5	4	5	13	3	1	9	5	5	2	16	4	6	1	6	1	10	1		2	3	11	
113	8	15	9	57	臺北市	文山區	文山區羅斯福路5段與羅斯福路5段212巷口口	25.0027214	121.5386225	0	0	1	2	7	6	5	3	2	1	5	5	5	13	4	4	1	4	5	2	18	1	8	1	6	2	10	1		1	2	12	
113	8	15	10	13	臺北市	士林區	士林區承德路4段3巷與承德路4段口	25.0789571	121.5216309	0	0	1	2	8	6	5	4	2	1	5	4	5	13	4	4	1	5	5	1	15	1	9	1	7	1	4	1		1	3	5	
113	8	15	10	28	臺北市	中山區	中山區八德路2段227號	25.04667081	121.5401363	0	0	1	2	7	6	5	14	7	1	5	4	5	13	4	4	5	4	5	2	17	1	5	1	6	1	10	1		1	2	14	
113	8	15	10	36	臺北市	北投區	北投區石牌路2段與天母西路口	25.1192622	121.5220172	0	0	1	2	8	6	5	4	1	1	5	4	5	13	3	1	5	4	5	2	17	1	5	1	7	1	4	1		1	3	5	
113	8	15	10	50	臺北市	萬華區	萬華區環河南路1段(漢口街2段旁)	25.04657987	121.5037522	0	0	3	5	8	7	5	14	9	1	5	4	3	13	4	4	5	4	5	2	13	1	9	1	5	1	10	1		2	2	11	
113	8	15	10	53	臺北市	士林區	士林區中山北路7段與天母西路口	25.11890186	121.5302349	0	0	1	2	7	7	5	5	1	1	5	4	5	13	1	1	1	5	5	1	16	1	6	1	7	1	8	1		1	3	2	
113	8	15	10	59	臺北市	中正區	中正區徐州路5號	25.04176399	121.5192035	0	0	1	2	8	6	5	14	7	1	5	4	5	13	4	4	6	4	4	2	16	1	11	1	7	1	4	1		1	3	5	
113	8	15	11	0	臺北市	中山區	中山區松江路90巷9號	25.0505303	121.5312301	0	0	1	2	7	6	5	14	9	1	5	4	5	13	2	1	5	5	5	2	16	1	11	1	7	1	8	1		1	3	4	
113	8	15	11	9	臺北市	中正區	中正區南海路與重慶南路2段口	25.0319923	121.5148042	0	0	1	2	7	7	5	4	2	1	5	4	5	13	1	1	10	4	5	2	13	1	9	1	7	2	8	1		2	3	1	
113	8	15	12	6	臺北市	大安區	大安區辛亥路2段與辛亥路2段171巷口對面	25.0211401	121.54099	0	0	2	2	6	5	5	3	4	1	4	4	5	13	2	1	1	4	4	2	13	1	9	1	6	1	10	1		2	2	11	
113	8	15	12	15	臺北市	松山區	松山區八德路2段348號對面	25.04788821	121.5452861	0	0	1	2	6	6	5	14	9	1	4	4	5	13	4	4	9	4	5	2	13	1	9	1	6	1	10	1		1	3	11	
113	8	15	12	23	臺北市	中正區	中正區博愛路168號對面	25.0390937	121.5112909	0	0	1	2	6	5	5	22	20	1	4	4	5	13	4	4	10	5	5	2	9	1	9	8	4	1	20	1		1	3	11	
113	8	15	12	27	臺北市	大同區	大同區民權西路102巷與民權西路102巷4弄口	25.06159498	121.5176607	0	0	1	2	6	6	5	4	2	1	4	4	5	13	4	4	9	5	5	2	17	1	9	1	7	1	4	1		1	3	1	
113	8	15	12	30	臺北市	中正區	中正區濟南路1段71號	25.042156	121.5235806	0	0	1	2	6	6	5	14	9	1	4	4	5	13	4	4	5	5	4	2	16	1	3	1	7	1	8	1		2	3	2	
113	8	15	12	39	臺北市	信義區	信義區永吉路30巷與永吉路30巷157弄口	25.0423192	121.5687155	0	0	1	2	6	7	5	4	1	1	4	4	5	13	4	4	5	5	5	2	17	1	5	1	7	1	8	1		1	3	8	
113	8	15	13	26	臺北市	大安區	大安區市民高架道往東(大安路一段上方)	25.0445305	121.5513914	0	0	3	3	6	6	5	14	9	1	4	4	5	13	4	4	1	4	5	2	13	1	9	1	7	2	8	1		1	2	1	
113	8	15	13	43	臺北市	大安區	大安區信義路4段184號	25.0331185	121.5513678	0	0	1	2	6	6	5	14	9	1	4	4	5	13	2	1	1	4	4	2	17	1	1	1	7	1	8	1		2	3	8	
113	8	15	13	45	臺北市	信義區	信義區松壽路與一號道路口口	25.0360684	121.561976	0	0	1	2	7	7	5	5	1	4	4	4	5	13	2	1	5	2	5	2	18	1	6	1	6	1	10	1		2	2	12	
113	8	15	14	3	臺北市	內湖區	內湖區舊宗路2段與民權東路6段11巷口	25.0674831	121.5750062	0	0	1	2	6	6	5	14	9	1	4	4	5	13	4	4	5	5	5	2	17	1	5	1	7	1	8	1		1	3	2	
113	8	15	14	11	臺北市	北投區	北投區中央北路1段與中央北路1段180巷口	25.1357569	121.4979659	0	0	1	2	6	7	5	3	2	1	4	4	5	13	4	4	9	4	5	2	11	4	7	1	3	1	10	1		1	3	13	
113	8	15	14	22	臺北市	信義區	信義區紫雲街35號	25.0176165	121.5745941	0	0	1	2	7	5	5	14	9	1	4	4	5	13	4	4	5	5	5	2	9	1	9	1	7	2	8	1		1	3	2	
113	8	15	14	49	臺北市	大同區	大同區南京西路與延平北路1段口	25.0538405	121.5117464	0	0	1	2	6	5	5	4	2	1	4	4	5	13	4	4	5	4	5	2	17	4	5	1	3	2	8	1		2	3	17	
113	8	15	15	6	臺北市	大安區	大安區和平東路1段與師大路口	25.0266665	121.5284461	0	0	1	2	6	6	5	3	1	1	4	4	5	13	2	1	1	4	5	2	15	1	9	1	5	1	10	1		1	3	12	
113	8	15	15	33	臺北市	大安區	大安區仁愛路3段與建國南路1段口	25.037869	121.5376603	0	0	1	2	6	7	5	4	1	1	4	4	5	13	2	1	1	3	5	1	3	4	5	1	3	2	4	1		1	3	1	
113	8	15	15	34	臺北市	中山區	中山區八德路2段與安東街口	25.0469438	121.5414572	0	0	1	2	6	7	5	14	9	1	4	4	5	13	1	1	5	4	5	2	9	1	9	1	7	1	1	1		1	3	17	
113	8	15	15	55	臺北市	內湖區	內湖區金龍路與內湖路2段口	25.0847564	121.5939495	0	0	1	3	6	5	5	4	1	1	4	4	5	13	2	1	2	4	4	1	17	4	6	7	3	11	19	2		4	4	5	
113	8	15	16	47	臺北市	大同區	大同區民權西路102巷33弄與民權西路102巷口	25.0615708	121.5177057	0	0	1	2	6	5	5	4	2	1	4	4	5	13	4	4	10	5	5	2	17	4	9	1	3	2	10	1		1	2	11	
113	8	15	16	53	臺北市	中正區	中正區汀州路1段338號	25.02660834	121.5125366	0	0	1	2	6	6	5	14	9	1	4	4	5	13	4	4	5	4	5	2	16	1	1	1	7	1	8	1		1	3	17	
113	8	15	16	55	臺北市	大安區	大安區建國高架道與基隆路高架道口敦化南路匝道往南第36號燈桿	25.01907893	121.5464696	0	0	1	4	6	6	5	10	16	1	4	4	5	13	4	4	4	5	5	2	13	4	9	1	3	1	8	1		1	2	1	
113	8	15	17	1	臺北市	內湖區	內湖區南京東路6段與新明路298巷口口	25.05687649	121.5815717	0	0	2	3	7	6	5	4	1	1	4	4	5	13	2	1	1	4	5	2	16	1	9	1	7	2	8	1		1	3	8	
113	8	15	17	19	臺北市	信義區	信義區吳興街與吳興街99巷口	25.0304349	121.5608607	0	0	1	2	7	7	5	3	1	1	5	4	5	13	4	4	10	5	5	2	17	1	5	1	5	1	10	1		1	3	17	
113	8	15	17	24	臺北市	大安區	大安區市民大道4段與延吉街口	25.0442827	121.5537241	0	0	1	2	7	7	5	4	1	1	4	4	5	13	2	1	1	3	5	1	17	4	6	1	3	1	8	1		2	3	17	
113	8	15	18	2	臺北市	萬華區	萬華區萬大路423巷與萬大路423巷63弄口	25.0215171	121.5008923	0	0	1	2	6	7	5	3	2	1	4	4	5	13	4	4	5	4	5	2	15	1	9	1	7	1	4	1		1	3	1	
113	8	15	18	10	臺北市	文山區	文山區羅斯福路6段與羅斯福路6段469巷口口	24.99011158	121.5396549	0	0	1	2	8	6	5	5	1	1	5	4	5	13	2	1	1	4	5	2	17	1	5	1	7	1	8	1		2	3	17	
113	8	15	18	13	臺北市	北投區	北投區中和街422號	25.1440497	121.4978555	0	0	1	2	7	6	5	14	9	1	4	4	5	13	4	4	9	4	4	1	17	1	1	1	5	1	10	1		1	3	11	
113	8	15	18	14	臺北市	南港區	南港區昆陽街157巷17號對面南往北	25.0499073	121.594765	0	0	1	3	6	6	5	14	9	1	4	4	5	13	4	4	9	4	5	2	13	1	12	1	5	9	10	1		2	2	11	
113	8	15	18	26	臺北市	信義區	信義區忠孝東路5段68號	25.0410605	121.5665755	0	0	1	2	7	5	5	14	9	1	4	4	5	13	1	1	9	4	5	2	17	1	9	1	5	11	10	2		4	2	14	
113	8	15	18	30	臺北市	內湖區	內湖區潭美街217號	25.0559136	121.5851207	0	0	1	2	7	5	5	14	9	1	4	4	5	13	4	4	9	5	5	2	9	1	9	1	6	1	10	1		1	2	17	
113	8	15	18	46	臺北市	中正區	中正區金山南路1段99號	25.0360085	121.5277187	0	0	1	3	7	5	5	14	9	1	5	4	5	13	4	4	1	4	5	2	13	4	9	1	7	1	8	1		2	3	1	1
113	8	15	18	55	臺北市	松山區	松山區塔悠路與延壽街口	25.05735289	121.5694285	0	0	2	2	8	5	5	3	1	1	5	4	5	13	2	1	1	4	4	2	12	1	8	1	6	1	10	1		1	2	15	
113	8	15	19	0	臺北市	士林區	士林區百齡橋東向西7010191燈桿	25.08793902	121.511684	0	0	1	2	8	5	5	14	9	1	5	4	5	13	4	4	1	4	5	2	35	4	9	1	3	1	10	1		2	2	11	
113	8	15	19	9	臺北市	文山區	文山區下崙路與光輝路71巷口	24.9862435	121.5561416	0	0	2	2	8	5	5	14	9	2	5	4	5	13	3	1	5	5	5	2	9	4	9	1	5	2	10	1		1	2	14	
113	8	15	19	24	臺北市	松山區	松山區市民高架道往西(6510954燈桿)	25.04463688	121.5543851	0	0	1	3	7	5	5	10	9	1	5	4	5	13	4	4	1	4	5	1	13	4	9	1	3	2	8	1		1	3	1	
113	8	15	20	10	臺北市	內湖區	內湖區成功路2段與成功路2段486巷口	25.0731758	121.5893463	0	0	1	2	8	5	5	3	2	1	4	4	5	13	1	1	1	5	5	1	13	4	9	1	3	1	10	1		1	2	11	
113	8	15	20	11	臺北市	松山區	松山區八德路3段與八德路3段158巷口	25.04806491	121.555069	0	0	2	3	8	5	5	4	1	1	5	4	5	13	2	1	9	4	5	2	17	1	5	1	7	1	8	1		2	3	8	
113	8	15	21	6	臺北市	信義區	信義區永吉路30巷與松隆路口	25.044541	121.5688112	0	0	2	2	8	5	5	4	1	1	5	4	5	13	2	1	3	4	5	2	16	1	5	1	6	2	9	1		1	2	11	
113	8	15	21	25	臺北市	信義區	信義區松山路與松隆路口	25.0479692	121.5776827	0	0	2	2	7	5	5	4	1	1	5	4	5	13	2	1	1	4	5	1	15	4	9	8	3	1	20	1		1	2	12	
113	8	15	22	18	臺北市	南港區	南港區南港路2段與南港路2段178巷口	25.0534428	121.5996791	0	0	1	2	8	5	6	4	1	1	5	4	5	13	2	1	4	3	4	2	17	4	5	1	3	1	4	1		1	3	17	
113	8	15	22	20	臺北市	信義區	信義區中坡北路與市民大道6段口	25.0493479	121.5799636	0	0	2	3	7	5	5	4	2	1	4	4	5	13	1	1	1	4	4	2	18	1	5	1	5	11	10	1		2	2	14	
113	8	15	23	38	臺北市	信義區	信義區吳興街225巷與莊敬路口	25.0279809	121.5635537	0	0	1	2	8	5	5	4	1	1	5	4	5	13	2	1	9	4	5	1	16	4	6	1	3	1	4	1		1	3	5	
113	8	16	0	4	臺北市	士林區	士林區基河路11號	25.0862626	121.5247981	0	0	2	2	8	5	5	14	9	1	5	4	5	13	4	4	5	4	5	2	12	4	1	1	3	1	10	1		2	2	14	
113	8	16	0	12	臺北市	信義區	信義區光復南路271號	25.0412238	121.558171	0	0	1	2	8	5	5	14	9	1	5	4	5	13	4	4	1	4	5	1	13	4	9	1	3	1	10	1		1	2	11	
113	8	16	2	0	臺北市	內湖區	內湖區內湖路2段327號	25.08314	121.591441	0	0	1	2	8	5	5	14	9	1	5	4	5	13	4	4	10	5	5	2	16	1	5	1	7	2	8	1		1	3	4	
113	8	16	6	48	臺北市	內湖區	內湖區金湖路347巷60號	25.07427385	121.6000392	0	0	1	3	8	7	5	14	9	1	5	4	5	13	4	4	10	5	5	2	16	1	1	1	7	1	8	1		1	3	1	
113	8	16	7	30	臺北市	信義區	信義區松仁路與松勤街口	25.0318435	121.5683863	0	0	2	3	8	6	5	4	2	1	5	4	5	13	1	1	4	3	5	2	16	1	6	1	6	1	10	1		1	2	11	
113	8	16	8	15	臺北市	大同區	大同區鄭州路與塔城街口	25.0498382	121.5108876	0	0	1	2	8	6	5	4	1	1	5	4	5	13	2	1	1	4	5	2	17	4	9	1	5	1	10	1		1	3	11	
113	8	16	8	29	臺北市	中山區	中山區天祥路48巷與天祥路口側附近口	25.0618249	121.5210068	0	0	2	2	8	7	5	4	1	1	5	4	5	13	4	4	5	4	5	2	13	4	9	1	3	1	10	1		1	2	13	
113	8	16	8	30	臺北市	內湖區	內湖區瑞光路與瑞光路513巷口	25.0787691	121.5695307	0	0	1	2	8	5	5	4	19	1	5	4	5	13	2	1	5	4	5	1	3	1	5	1	7	9	8	1		1	3	8	
113	8	16	8	35	臺北市	松山區	松山區民權東路4段121號	25.06245305	121.5594126	0	0	1	2	8	6	5	14	8	1	5	4	5	13	1	1	1	4	4	2	13	4	9	1	6	1	10	1		1	3	11	
113	8	16	8	45	臺北市	中山區	中山區松江路與民生東路2段口	25.05786895	121.5328958	0	0	2	2	8	7	5	4	2	1	5	4	5	13	1	1	9	4	5	2	12	1	15	1	6	1	10	1		1	2	14	
113	8	16	9	20	臺北市	中山區	中山區建國北路3段與民權東路2段口	25.0625751	121.53685	0	0	1	2	7	5	6	4	2	1	5	4	5	13	2	1	1	4	5	2	9	4	9	1	3	9	1	1		1	3	17	
113	8	16	9	27	臺北市	信義區	信義區松隆路123巷與松隆路口	25.0466747	121.5715272	0	0	1	2	8	7	5	4	1	1	5	4	5	13	4	4	9	5	5	2	17	1	15	8	2	1	20	1		2	2	14	
113	8	16	9	42	臺北市	松山區	松山區南京東路5段389巷與寶清街105巷口	25.0535575	121.5692417	0	0	1	2	7	6	5	4	1	1	5	4	5	13	4	4	10	5	5	2	15	1	9	8	4	9	20	1		1	3	11	
113	8	16	9	55	臺北市	中山區	中山區龍江路與龍江路口側附近223巷口	25.05688463	121.5405957	0	0	1	2	8	7	5	4	1	1	5	4	5	13	4	4	10	5	5	2	17	4	9	1	3	1	10	1		2	2	11	
113	8	16	10	10	臺北市	中正區	中正區徐州路南側附近臺大醫院急診室前	25.0414121	121.5202655	0	0	1	2	8	6	5	22	9	1	5	4	5	13	4	4	10	5	5	1	17	1	1	1	6	2	10	1		1	2	12	
113	8	16	10	40	臺北市	中正區	中正區衡陽路83號	25.04228035	121.5108254	0	0	1	2	7	7	5	14	9	1	5	4	5	13	4	4	10	4	4	2	9	1	14	1	7	2	2	1		1	3	17	
113	8	16	10	50	臺北市	士林區	士林區中正路與文昌路口	25.0943919	121.5215608	0	0	2	2	8	7	5	4	1	1	5	4	5	13	1	1	1	5	5	1	16	1	9	1	5	1	10	1		2	2	11	
113	8	16	11	27	臺北市	中正區	中正區重慶南路1段與衡陽路口	25.0423212	121.5131266	0	0	1	3	8	6	5	4	1	1	5	4	5	13	1	1	5	4	5	2	17	1	6	1	7	9	4	1		1	3	17	
113	8	16	11	43	臺北市	士林區	士林區承德路5段與承德路5段150巷口口	25.09781019	121.5131549	0	0	1	2	8	6	5	4	1	1	5	4	5	13	2	1	10	4	4	2	12	1	7	1	6	1	10	1		1	3	12	
113	8	16	12	24	臺北市	士林區	士林區社中街346巷與社中街346巷2弄口	25.09257827	121.5045507	0	0	1	2	8	6	5	4	1	1	5	4	5	13	4	4	10	5	5	1	15	1	9	1	5	2	8	1		1	2	11	
113	8	16	13	10	臺北市	文山區	文山區木柵路2段與興隆路4段口	24.9887679	121.5600561	0	0	2	2	8	7	5	4	1	1	5	4	5	13	1	1	10	5	5	2	15	1	9	1	5	2	9	1		1	2	11	
113	8	16	13	50	臺北市	士林區	士林區社中街250巷與社中街210巷21弄口	25.09226291	121.5076811	0	0	1	2	8	6	5	4	1	1	5	4	5	13	4	4	10	5	5	1	15	1	9	1	5	2	10	1		2	2	11	
113	8	16	13	57	臺北市	松山區	松山區光復南路22巷與光復南路口	25.04716209	121.5577325	0	0	1	2	8	5	5	3	1	1	5	4	5	13	4	4	7	4	5	2	15	4	9	1	3	2	8	1		2	3	8	