年	月	日	時	分	縣市	行政區	allLocation	GoogleLat	GoogleLng	死	2-30	受傷	當事人數	天候	道路照明設備	道路類別	道路型態	事故位置	路面狀況1	路面狀況2	路面狀況3	道路障礙1	道路障礙2	號誌1	號誌2	車道劃分-分向	車道劃分-分道1	車道劃分-分道2	車道劃分-分道3	事故類型及型態	行動電話	當事者行動狀態	駕駛資格情形	保護裝置	飲酒情形	駕駛執照種類	個人肇逃否	肇因碼-主要	性別	受傷程度	車輛撞擊部位1	車輛撞擊部位2
113	8	16	14	0	臺北市	中山區	中山區吉林路與農安街口	25.0648627	121.5304032	0	0	1	2	8	6	5	4	1	1	5	4	5	13	1	1	5	5	5	2	17	4	5	1	3	1	4	1		1	3	5	
113	8	16	14	15	臺北市	松山區	松山區復興北路361巷與民權東路3段106巷口	25.06045687	121.5448931	0	0	2	2	8	6	5	4	1	1	5	4	5	13	4	4	9	4	5	2	15	1	9	1	6	1	10	1		2	2	11	
113	8	16	14	25	臺北市	內湖區	內湖區內湖路1段與內湖路1段285巷口口	25.08223219	121.5668743	0	0	1	2	8	6	5	3	18	1	5	4	5	13	2	1	10	4	5	2	3	1	6	1	7	1	8	1		1	3	5	
113	8	16	14	41	臺北市	大安區	大安區敦化南路1段295巷與仁愛路4段112巷口口	25.0354852	121.5496606	0	0	1	2	8	6	5	4	1	1	5	4	5	13	4	4	10	5	5	2	15	1	9	1	7	1	8	1		1	3	5	
113	8	16	14	54	臺北市	大同區	大同區長安西路與長安西路138巷口	25.0506846	121.517721	0	0	2	3	7	6	5	3	1	1	5	4	5	13	4	4	5	4	5	2	17	4	5	1	3	1	3	1		1	3	1	
113	8	16	15	26	臺北市	中山區	中山區龍江路與龍江路100巷口	25.0525297	121.5404433	0	0	1	2	8	7	5	3	1	1	5	4	5	13	4	4	10	5	5	2	16	1	5	1	6	1	10	1		1	3	11	
113	8	16	15	38	臺北市	大安區	大安區和平東路3段與安和路2段口	25.0244509	121.5499978	0	0	1	2	8	6	5	3	2	1	5	4	5	13	2	1	1	4	5	2	13	4	9	6	3	1	8	1		1	3	1	
113	8	16	16	4	臺北市	大安區	大安區和平東路1段與新生南路3段口	25.02598047	121.5346916	0	0	2	2	8	6	5	4	4	1	5	4	5	13	1	1	10	5	5	2	13	1	12	1	5	1	10	1		1	2	11	
113	8	16	16	21	臺北市	大同區	大同區民權西路與蘭州街口	25.0630811	121.5149942	0	0	1	3	7	6	5	4	1	1	5	4	5	13	2	1	1	4	5	2	13	4	9	1	6	1	10	1		2	3	12	
113	8	16	16	30	臺北市	北投區	北投區立農街2段與立農街2段202巷口	25.1188583	121.5141342	0	0	1	2	8	6	5	4	2	1	5	4	5	13	2	1	5	5	5	2	14	1	2	1	5	1	10	1		2	3	13	
113	8	16	17	20	臺北市	內湖區	內湖區石潭路88號	25.0629352	121.588228	0	0	1	2	8	6	5	14	9	1	5	4	5	13	4	4	10	5	5	2	17	1	1	1	7	1	8	1		1	3	5	
113	8	16	17	25	臺北市	大同區	大同區民權西路與蘭州街口	25.0629028	121.514511	0	0	2	3	8	6	5	5	1	1	5	4	5	13	2	1	1	2	5	2	13	1	9	1	6	2	10	1		1	2	11	
113	8	16	17	32	臺北市	北投區	北投區致遠一路2段與致遠一路2段70巷口	25.1121433	121.5135769	0	0	3	3	8	6	5	14	9	1	5	4	5	13	4	4	9	4	5	2	16	1	5	8	2	1	20	1		2	2	14	
113	8	16	17	35	臺北市	大安區	大安區和平東路3段與基隆路2段口	25.0242736	121.5522179	0	0	1	2	8	5	5	5	1	1	5	4	5	13	1	1	10	5	5	2	17	4	21	7	3	11	19	2		4	4	15	
113	8	16	17	50	臺北市	萬華區	萬華區桂林路與康定路口	25.038392	121.5017633	0	0	1	2	8	7	5	4	1	1	5	4	5	13	1	1	4	3	5	2	11	1	15	1	6	1	10	1		1	3	12	
113	8	16	18	39	臺北市	內湖區	內湖區康樂街72巷13號	25.0695334	121.6182387	0	0	2	2	8	5	5	14	9	1	5	4	5	13	4	4	9	5	5	2	11	1	11	1	5	1	10	1		1	2	12	
113	8	16	18	50	臺北市	中正區	中正區中華路2段333號	25.0272799	121.5066052	0	0	2	2	8	5	5	14	7	1	5	4	5	13	4	4	9	4	4	2	12	1	9	1	5	1	10	1		1	2	14	
113	8	16	18	50	臺北市	內湖區	內湖區民權東路6段19巷與瑞光路76巷口	25.0694306	121.5795799	0	0	2	2	8	5	5	4	1	1	5	4	5	13	2	1	9	4	5	2	16	1	5	1	6	1	10	1		2	2	11	
113	8	16	18	58	臺北市	萬華區	萬華區雙園街66號	25.03020353	121.4938641	0	0	1	3	8	5	5	14	9	1	5	4	5	13	4	4	5	5	5	2	17	1	1	3	5	1	18	1		1	3	11	
113	8	16	19	5	臺北市	南港區	南港區興中路與南港路1段口口	25.0545312	121.607495	0	0	2	2	8	5	5	4	2	1	5	4	5	13	1	1	5	4	5	2	15	1	9	1	7	2	8	1		1	2	2	
113	8	16	19	20	臺北市	中山區	中山區大直街與北安路口	25.0798788	121.5470735	0	0	1	2	8	5	5	4	1	1	5	4	5	13	2	1	7	2	5	2	17	1	5	1	5	1	10	1		1	2	17	
113	8	16	19	40	臺北市	文山區	文山區信義快速道路(北往南）	25.0020249	121.5782552	0	0	2	3	8	5	5	14	9	1	5	4	5	13	4	4	1	4	5	1	9	1	9	1	7	1	2	1		1	3	17	
113	8	16	19	45	臺北市	中山區	中山區北安路47號	25.07759339	121.5282877	0	0	2	4	7	5	5	14	9	1	5	4	5	13	4	4	1	3	5	1	17	1	9	1	6	1	10	1		1	2	11	
113	8	16	20	0	臺北市	松山區	松山區敦化北路與敦化北路4巷口	25.0500406	121.5487244	0	0	1	2	8	5	5	4	1	1	5	4	5	13	3	1	8	3	4	2	18	1	15	1	6	1	10	1		1	2	12	
113	8	16	20	30	臺北市	北投區	北投區中央南路1段與光明路口	25.133134	121.5015249	0	0	2	2	8	5	5	4	1	1	5	4	5	13	3	1	9	4	5	1	15	1	9	1	5	2	10	1		1	2	11	
113	8	16	20	58	臺北市	萬華區	萬華區柳州街與桂林路口	25.03774947	121.5051856	0	0	2	2	8	5	5	4	1	1	5	4	5	13	2	1	5	5	5	2	16	1	6	1	5	1	10	1		2	2	12	
113	8	16	21	5	臺北市	大安區	大安區辛亥路3段與基隆路3段口	25.0189625	121.5465376	0	0	1	2	8	5	5	4	2	1	5	4	5	13	2	1	3	4	5	2	17	1	6	1	5	1	10	1		2	3	12	
113	8	16	21	20	臺北市	內湖區	內湖區康樂街與康樂街201巷口	25.0765384	121.6223408	0	0	1	3	8	5	5	3	2	1	5	4	5	13	4	4	8	3	5	1	17	1	15	1	7	2	8	1		1	3	17	
113	8	16	22	30	臺北市	南港區	南港區南港路1段與研究院路1段口	25.0550298	121.6168588	0	0	2	3	8	5	5	14	9	1	5	4	5	13	4	4	5	4	5	2	12	1	8	1	7	1	8	1		1	3	4	
113	8	16	22	40	臺北市	內湖區	內湖區洲子街與內湖路1段518巷口	25.0791794	121.5735813	0	0	1	2	8	5	5	4	1	1	5	4	5	13	1	1	5	4	5	2	3	1	5	1	7	2	8	1		2	3	1	
113	8	16	23	19	臺北市	大安區	大安區基隆路2段與臨江街口	25.0293435	121.5573065	0	0	1	2	7	5	5	3	2	1	5	4	5	13	4	4	1	4	5	2	16	1	7	1	7	1	4	1		1	3	2	
113	8	16	23	52	臺北市	大安區	大安區辛亥路3段與基隆路3段口口	25.0193999	121.5468004	0	0	2	2	8	5	5	5	1	1	5	4	5	13	2	1	1	4	5	2	15	1	9	1	5	1	10	1		1	2	12	
113	8	17	0	21	臺北市	文山區	文山區木新路2段18號前	24.9867999	121.5706951	0	0	1	2	8	5	5	14	9	1	5	4	5	13	4	4	5	4	5	2	3	1	9	1	5	1	10	1		1	3	11	
113	8	17	3	0	臺北市	中山區	中山區建國北路1段與長安東路2段口	25.048748	121.5369677	0	0	1	2	7	5	5	4	2	1	5	4	5	13	2	1	3	4	5	2	12	4	7	1	3	1	4	1		1	3	4	
113	8	17	5	57	臺北市	信義區	信義區吳興街156巷與信安街口	25.0285844	121.5580856	0	0	1	2	8	6	5	3	2	1	5	4	5	13	2	1	5	4	5	2	18	1	5	1	5	9	10	1		1	2	12	
113	8	17	6	10	臺北市	萬華區	萬華區華中橋堤外便道往水快轉彎處	25.0161847	121.4983194	0	0	2	3	8	5	8	22	22	1	5	4	5	13	4	4	10	5	5	2	17	4	6	1	3	1	8	1		1	3	6	
113	8	17	7	34	臺北市	士林區	士林區社正路與社正路87巷口	25.0889974	121.5111012	0	0	1	2	8	5	5	14	9	1	5	4	5	13	4	4	10	3	5	1	16	1	5	1	7	1	8	1		1	3	4	
113	8	17	7	45	臺北市	中山區	中山區北安路139號	25.07813639	121.5320104	0	0	1	2	7	7	5	14	9	1	5	4	5	13	4	4	1	4	5	2	12	1	4	1	7	1	8	1		1	3	2	
113	8	17	8	10	臺北市	士林區	士林區萬溪產業道路1103686燈桿	25.1260788	121.5927525	0	0	1	2	6	6	5	11	9	1	4	4	5	13	4	4	10	5	5	1	17	4	9	1	3	1	4	1		1	3	8	
113	8	17	8	36	臺北市	南港區	南港區松河街368號對面西往東	25.0541729	121.587103	0	0	2	2	8	6	5	14	9	1	5	4	5	13	4	4	9	4	5	2	16	1	1	1	5	1	10	1		1	2	14	
113	8	17	8	36	臺北市	文山區	文山區忠順街1段9巷與光輝路口	24.9849824	121.5566202	0	0	2	3	8	6	5	4	1	1	5	4	5	13	4	4	10	5	5	2	15	4	9	1	3	2	10	1		1	2	11	
113	8	17	8	50	臺北市	中正區	中正區桃源街與貴陽街1段口	25.0390326	121.5101187	0	0	1	2	8	6	5	4	1	1	5	4	5	13	1	1	10	5	5	2	16	1	5	1	6	2	10	1		2	3	12	
113	8	17	9	23	臺北市	大安區	大安區金華街221號	25.0299376	121.5292965	0	0	1	2	8	6	5	14	9	1	5	4	5	13	4	4	9	5	5	2	16	4	6	1	7	1	8	1		1	3	2	
113	8	17	9	24	臺北市	信義區	信義區福德街84巷與林口街38巷口	25.0385155	121.5808847	0	0	1	2	7	7	5	4	1	1	5	4	5	13	4	4	9	4	5	2	17	1	5	3	5	2	18	1		1	2	12	
113	8	17	9	38	臺北市	萬華區	萬華區堤外便道與水源快速道路口	25.0161427	121.4983172	0	0	1	2	8	6	5	3	1	1	5	4	5	13	4	4	8	3	5	1	17	1	6	1	7	1	4	1		1	3	2	
113	8	17	9	43	臺北市	萬華區	萬華區環河南路1段9號附近側附近	25.0477284	121.5051056	0	0	1	2	7	7	5	14	9	1	5	4	5	13	4	4	8	3	5	2	16	1	9	1	5	2	10	1		1	2	14	
113	8	17	9	45	臺北市	中正區	中正區濟南路1段321號	25.04169537	121.525509	0	0	1	2	8	7	5	14	9	1	5	4	5	13	4	4	8	4	4	2	17	1	5	1	7	1	8	1		1	3	8	
113	8	17	9	48	臺北市	中山區	中山區市民大道2段與林森北路口	25.04788682	121.524235	0	0	1	2	7	6	5	4	1	1	5	4	5	13	1	1	10	4	5	2	17	1	5	1	7	1	4	1		1	3	8	14
113	8	17	10	6	臺北市	萬華區	萬華區萬大路424巷3弄30號	25.0209759	121.4971974	0	0	1	3	7	7	5	14	9	1	5	4	5	13	4	4	10	5	5	2	17	1	15	1	2	1	8	1		1	3	2	
113	8	17	10	41	臺北市	中正區	中正區羅斯福路4段與羅斯福路4段136巷口	25.0130315	121.5359105	0	0	1	4	8	6	5	3	1	1	5	4	5	13	4	4	3	4	5	2	17	1	9	1	7	11	8	1		1	3	17	
113	8	17	10	47	臺北市	內湖區	內湖區港墘路與港墘路82巷口口	25.0808364	121.5778723	0	0	2	3	7	6	5	4	1	1	5	4	5	13	2	1	1	4	5	2	16	1	5	1	5	2	10	1		1	2	14	
113	8	17	11	34	臺北市	信義區	信義區和平東路3段341巷與和平東路3段391巷8弄口	25.0215906	121.5580604	0	0	1	2	7	7	5	4	1	1	5	4	5	13	4	4	5	5	5	2	15	1	9	1	5	2	10	1		1	2	12	
113	8	17	12	22	臺北市	大同區	大同區甘州街與保安街口	25.0591086	121.5128034	0	0	2	3	8	5	5	4	2	1	5	4	5	13	2	1	5	5	5	2	17	4	15	8	3	2	20	1		1	3	17	
113	8	17	12	43	臺北市	萬華區	萬華區西藏路與艋舺大道口	25.02879228	121.4919143	0	0	2	2	8	7	5	4	2	1	5	4	5	13	1	1	1	4	5	2	17	1	9	1	5	1	10	1		1	2	12	
113	8	17	13	15	臺北市	中山區	中山區民權東路3段18號對面	25.0624594	121.5403836	0	0	1	2	7	7	5	14	9	1	5	4	5	13	4	4	3	4	5	2	17	1	1	1	7	1	8	1		2	3	4	
113	8	17	13	23	臺北市	南港區	南港區忠孝東路7段與中南街口	25.0529673	121.6151673	0	0	2	2	7	6	5	4	1	1	5	4	5	13	2	1	1	4	5	2	16	1	6	1	6	2	10	1		2	2	12	
113	8	17	13	25	臺北市	大安區	大安區忠孝東路3段與安東街口	25.0417565	121.5430243	0	0	1	2	7	6	8	3	1	1	5	4	5	13	4	4	5	3	5	2	16	1	6	1	7	1	2	1		2	3	2	
113	8	17	14	16	臺北市	松山區	松山區民權東路4段與新中街口	25.0623147	121.5601131	0	0	1	2	7	6	5	3	2	1	5	4	5	13	2	1	1	3	4	2	16	1	6	1	7	1	8	1		1	3	2	
113	8	17	14	32	臺北市	萬華區	萬華區昆明街與永福街口	25.0386646	121.5039796	0	0	1	2	7	7	5	14	9	1	5	4	5	13	4	4	10	3	5	2	16	1	1	1	7	1	8	1		1	3	4	
113	8	17	14	38	臺北市	大安區	大安區基隆路3段75號	25.0186011	121.5461094	0	0	1	4	8	6	5	14	9	1	5	4	5	13	4	4	1	4	5	2	17	4	8	1	6	1	10	1		1	2	14	
113	8	17	15	5	臺北市	中正區	中正區市民大道2段與金山北路附近側附近口	25.0464726	121.5287653	0	0	1	3	7	6	5	14	9	1	5	4	5	13	4	4	1	4	5	2	13	1	9	1	6	2	10	1		1	3	11	
113	8	17	15	18	臺北市	文山區	文山區景仁街與景仁街77巷口	24.9983828	121.5378646	0	0	1	2	7	6	5	4	1	1	5	4	5	13	4	4	10	5	5	2	15	1	9	1	5	1	10	1		2	2	12	
113	8	17	15	19	臺北市	大安區	大安區樂利路11巷與通化街200巷口	25.0283303	121.5516568	0	0	1	2	7	6	5	4	1	1	5	4	5	13	4	4	5	5	5	2	16	4	5	1	3	1	8	1		1	3	4	
113	8	17	16	53	臺北市	松山區	松山區民權東路3段160巷與民生東路3段113巷25弄口	25.0596288	121.5466295	0	0	1	3	7	6	5	4	1	1	5	4	5	13	4	4	10	5	5	2	15	4	9	1	3	2	8	1		2	3	2	
113	8	17	16	55	臺北市	大安區	大安區金華街與金華街183巷口	25.0300639	121.5273183	0	0	1	2	8	6	5	3	1	1	5	4	5	13	4	4	4	5	5	2	17	1	9	1	5	1	10	1		1	3	11	
113	8	17	18	12	臺北市	士林區	士林區忠誠路2段138-1號	25.1138736	121.5319877	0	0	2	3	7	6	5	14	7	1	4	4	5	13	4	4	1	4	4	1	12	1	1	1	7	2	8	1		1	3	4	
113	8	17	18	37	臺北市	大安區	大安區忠孝東路4段216巷與仁愛路4段345巷4弄口	25.0390124	121.5529897	0	0	1	3	8	6	5	4	1	1	5	4	5	13	4	4	9	5	5	2	16	1	6	1	7	1	8	1		1	3	8	
113	8	17	18	46	臺北市	信義區	信義區信義路5段18號	25.0329176	121.5637044	0	0	1	2	8	5	5	14	9	1	5	4	5	13	1	1	1	4	5	2	17	1	9	1	7	2	8	1		1	3	8	
113	8	17	19	52	臺北市	松山區	松山區光復北路與南京東路4段口	25.0515389	121.5578346	0	0	1	2	8	5	5	5	1	1	5	4	5	13	1	1	3	3	5	2	17	1	5	1	6	1	10	1		2	2	14	
113	8	17	20	11	臺北市	中山區	中山區復興北路164號	25.0536079	121.5440058	0	0	2	2	8	5	5	14	9	1	5	4	5	13	4	4	1	4	5	2	13	1	8	1	3	1	10	1		1	2	14	
113	8	17	20	21	臺北市	文山區	文山區辛亥路7段與忠順街1段口口	24.9832056	121.5541295	0	0	1	2	8	5	5	3	18	1	5	4	5	13	2	1	10	5	5	2	3	1	5	1	7	2	8	1		1	3	1	
113	8	17	20	30	臺北市	信義區	信義區松智路與松廉路口	25.034312	121.565347	0	0	1	3	8	5	5	14	9	1	5	4	5	13	4	4	9	4	5	2	9	5	19	8	7	10	20	1		2	3	16	
113	8	17	20	34	臺北市	文山區	文山區保儀路與保儀路26巷口口	24.9883087	121.5686412	0	0	1	2	8	5	5	4	1	1	5	4	5	13	3	1	5	5	5	2	17	1	5	8	4	1	20	1		1	3	14	
113	8	17	21	0	臺北市	中正區	中正區金山北路南往北三創園區停車場入口	25.0449201	121.530678	0	0	1	2	8	5	5	14	9	1	5	4	5	13	4	4	10	5	5	2	3	1	9	1	7	1	8	1		1	3	1	
113	8	17	22	0	臺北市	士林區	士林區天母北路與天母北路4巷口	25.1189916	121.5262209	0	0	1	2	6	5	5	3	1	1	4	4	5	13	4	4	9	5	5	2	17	1	1	1	7	2	7	1		1	3	17	
113	8	17	22	37	臺北市	中山區	中山區民生西路與民生西路3巷口	25.0578004	121.5217927	0	0	1	2	8	5	5	3	1	1	5	4	5	13	4	4	9	4	5	2	16	1	5	1	6	1	10	1		2	2	13	
113	8	17	22	50	臺北市	中山區	中山區市民大道3段與八德路2段210巷口	25.04477633	121.5395334	0	0	1	2	7	5	5	3	2	1	5	4	5	13	4	4	3	4	5	2	16	4	6	1	3	1	4	1		1	3	5	
113	8	17	23	25	臺北市	北投區	北投區東華街1段石牌捷運站2號出口	25.1147104	121.5156704	0	0	1	2	7	5	5	14	9	1	5	4	5	13	4	4	10	4	5	1	12	1	7	1	5	9	10	2		1	3	14	14
113	8	18	0	20	臺北市	內湖區	內湖區金湖路0308513燈桿附近	25.07465407	121.6015017	0	0	1	2	8	5	5	14	9	1	5	4	5	13	4	4	1	3	5	1	9	1	9	1	6	2	10	1		1	2	12	
113	8	18	4	17	臺北市	信義區	信義區永吉路278巷與永吉路278巷2弄口	25.0450118	121.5741834	0	0	1	3	8	5	5	4	1	1	5	4	5	10	4	4	10	5	5	2	17	1	5	1	7	1	4	1		1	3	1	
113	8	18	5	4	臺北市	大同區	大同區環河北路1段275號	25.0586328	121.5085244	0	0	1	2	8	5	5	14	9	1	5	4	5	13	4	4	1	4	5	2	17	1	9	1	7	7	8	1		1	2	5	
113	8	18	6	40	臺北市	大同區	大同區民權西路與蘭州街口	25.06286224	121.5146713	0	0	2	2	8	6	5	4	1	1	5	4	5	13	2	1	8	3	5	2	13	1	9	1	5	2	10	1		1	2	11	
113	8	18	8	18	臺北市	中山區	中山區民權東路2段135巷20弄與民權東路2段135巷口	25.06382164	121.5350752	0	0	1	2	7	7	5	4	1	1	5	4	5	13	4	4	9	4	5	2	17	1	1	1	7	1	8	1		1	3	17	
113	8	18	8	43	臺北市	士林區	士林區芝玉路1段193號旁	25.1075019	121.5337277	0	0	2	2	6	6	5	14	9	1	4	4	5	13	4	4	10	5	5	1	10	1	15	1	5	1	10	1		1	2	11	
113	8	18	8	56	臺北市	士林區	士林區文昌路與美崙街口口	25.0968656	121.520784	0	0	1	2	7	7	5	4	2	1	5	4	5	13	1	1	8	3	4	1	17	4	9	1	3	1	4	1		1	3	8	
113	8	18	10	2	臺北市	大同區	大同區忠孝西路2段與西寧北路口	25.048542	121.5074829	0	0	1	3	7	7	5	5	1	1	5	4	5	13	2	1	1	2	5	2	13	1	5	1	6	1	10	1		1	3	17	
113	8	18	10	13	臺北市	信義區	信義區基隆路1段與松壽路口	25.0361272	121.561259	0	0	1	2	8	7	5	4	1	1	4	4	5	13	1	1	9	4	5	2	17	1	9	1	5	1	10	1		1	2	14	
113	8	18	10	19	臺北市	萬華區	萬華區堤外便道往北3014295燈桿	25.04771302	121.5043803	0	0	2	2	8	6	5	14	11	1	5	4	5	13	4	4	5	5	5	1	13	4	15	1	3	2	10	1		2	2	13	
113	8	18	11	2	臺北市	萬華區	萬華區康定路與長沙街2段口	25.0405487	121.5020852	0	0	1	2	7	5	5	4	1	1	5	4	5	13	2	1	8	3	5	1	16	4	5	1	3	1	8	1		1	3	4	
113	8	18	11	33	臺北市	士林區	士林區承德路5段與承德路5段150巷口口	25.09778246	121.5131794	0	0	1	2	8	6	5	4	1	1	5	4	5	13	2	1	3	4	4	2	16	1	9	1	6	1	10	1		1	2	14	
113	8	18	11	38	臺北市	大安區	大安區忠孝東路3段30號	25.04199609	121.5343264	0	0	1	3	8	6	5	14	9	1	5	4	5	13	4	4	1	4	5	2	17	1	15	1	7	1	4	1		1	3	2	
113	8	18	12	6	臺北市	南港區	南港區忠孝東路7段與研究院路1段口	25.06063026	121.6145646	0	0	1	2	8	7	5	3	1	1	5	4	5	13	2	1	1	4	5	2	12	1	4	1	6	9	10	1		1	2	14	
113	8	18	12	18	臺北市	大安區	大安區新生南路2段50號	25.0288447	121.5341798	0	0	1	2	8	5	5	14	9	1	5	4	5	13	4	4	3	1	5	2	17	1	1	1	7	1	8	1		1	3	8	
113	8	18	13	4	臺北市	萬華區	萬華區西園路2段312號	25.026212	121.4925835	0	0	1	2	8	7	5	14	7	1	5	4	5	13	4	4	1	3	5	2	13	1	9	1	6	1	10	1		1	2	11	
113	8	18	13	12	臺北市	大同區	大同區承德路3段與民權西路口	25.0629632	121.5180493	0	0	3	4	7	6	5	4	2	1	5	4	5	13	2	1	1	4	5	2	13	4	9	1	3	2	8	1		1	3	1	
113	8	18	13	20	臺北市	萬華區	萬華區忠孝西路2段與忠孝西路2段16巷口	25.0482595	121.5085119	0	0	1	5	7	7	5	3	1	1	5	4	5	13	4	4	1	4	5	2	16	1	6	1	7	1	8	1		1	3	2	
113	8	18	14	22	臺北市	大安區	大安區忠孝東路4段77巷與敦化南路1段190巷口	25.04264207	121.5472154	0	0	1	2	8	6	5	4	1	1	5	4	5	13	4	4	10	5	5	2	15	1	9	1	6	2	10	1		1	2	12	
113	8	18	14	25	臺北市	中正區	中正區青島西路台大兒醫停車場出入口	25.04481494	121.5180028	0	0	1	2	8	7	5	22	9	1	5	4	5	13	1	1	4	3	5	2	17	1	5	1	7	1	8	1		1	3	4	
113	8	18	15	24	臺北市	大安區	大安區市民大道3段與建國南路1段口	25.0446251	121.5369419	0	0	1	2	8	5	5	4	1	1	5	4	5	13	2	1	10	5	5	2	17	4	9	1	3	11	10	1		4	2	12	
113	8	18	15	26	臺北市	士林區	士林區中正路與重慶北路4段口	25.08672591	121.5098549	0	0	2	2	8	6	5	4	1	1	5	4	5	13	4	4	7	4	5	1	17	2	15	1	6	2	10	1		1	2	12	
113	8	18	15	34	臺北市	南港區	南港區南港路3段67巷與南港路3段67巷口北往南與東往西口	25.0519831	121.5886448	0	0	1	2	8	6	5	3	1	1	5	4	5	13	4	4	9	4	5	2	16	1	6	1	5	1	10	1		1	3	14	
113	8	18	16	20	臺北市	內湖區	內湖區民權東路6段與民權東路6段280巷口	25.07212854	121.6049664	0	0	1	2	8	6	5	3	2	1	5	4	5	13	4	4	1	4	4	2	17	1	6	1	6	1	10	1		2	3	13	
113	8	18	16	27	臺北市	松山區	松山區市民大道4段173號	25.0446788	121.5518298	0	0	3	3	7	7	5	14	9	1	5	4	5	13	4	4	1	4	5	2	12	1	8	1	6	2	10	1		2	2	13	
113	8	18	17	18	臺北市	大安區	大安區辛亥路2段131巷與辛亥路2段口	25.0216408	121.5395304	0	0	1	2	8	6	5	3	1	1	5	4	5	13	4	4	1	4	4	2	16	4	6	1	7	1	8	1		2	3	8	
113	8	18	17	53	臺北市	信義區	信義區松勤街100號	25.0319006	121.5673763	0	0	2	2	7	6	5	14	9	1	5	4	5	13	4	4	9	5	5	2	17	4	11	1	3	2	10	1		1	2	14	
113	8	18	18	10	臺北市	內湖區	內湖區民權東路6段13號對面	25.0670955	121.5806856	0	0	1	2	8	6	5	14	9	1	5	4	1	12	4	4	9	4	5	2	28	1	9	1	6	1	10	1		1	2	11	
113	8	18	18	15	臺北市	內湖區	內湖區五分街與東湖路160巷10弄口	25.0665314	121.6161621	0	0	1	2	8	7	5	4	1	1	5	4	5	13	4	4	5	5	5	2	15	1	9	1	6	2	10	1		1	2	12	
113	8	18	18	52	臺北市	文山區	文山區景後街與景興路238巷口	24.9907615	121.5423255	0	0	1	2	8	5	5	3	1	1	5	4	5	13	4	4	5	5	5	2	16	1	5	1	5	2	10	1		1	2	12	
113	8	18	19	40	臺北市	北投區	北投區中和街與中和街458巷口	25.1448948	121.4962394	0	0	1	3	7	6	5	3	2	1	5	4	5	13	4	4	5	5	5	1	29	1	15	1	5	1	10	1		1	2	12	
113	8	18	20	40	臺北市	中正區	中正區仁愛路1段與紹興南街口	25.0386209	121.5235488	0	0	1	2	8	5	5	4	1	1	5	3	5	13	1	1	1	4	5	2	18	1	9	1	5	2	10	1		1	2	12	
113	8	18	21	37	臺北市	內湖區	內湖區康寧路3段與康寧路3段16巷口	25.0724756	121.6072761	0	0	1	2	8	5	5	4	2	1	5	4	5	13	2	1	1	4	4	2	12	1	8	1	5	1	10	1		2	2	14	
113	8	18	21	56	臺北市	萬華區	萬華區萬大路與莒光路口	25.0311799	121.5006178	0	0	2	3	8	5	5	4	1	1	4	4	5	13	1	1	1	3	5	2	15	1	9	1	7	1	4	1		1	3	8	
113	8	19	0	0	臺北市	中山區	中山區市民大道2段與林森北路口	25.04791169	121.5242556	0	0	1	2	8	5	5	4	1	1	5	4	5	13	2	1	10	5	5	2	16	1	5	1	6	1	10	1		1	3	14	
113	8	19	5	31	臺北市	南港區	南港區忠孝東路6段280號對面	25.0493797	121.5892279	0	0	1	2	8	6	5	14	8	1	5	4	5	13	1	1	3	4	4	2	9	1	14	1	7	9	2	1		1	3	17	
113	8	19	6	33	臺北市	內湖區	內湖區康寧路1段與星雲街口	25.0794808	121.5937312	0	0	1	2	8	6	5	4	2	1	5	4	5	13	2	1	5	5	5	2	17	1	1	1	7	2	8	1		1	3	5	
113	8	19	7	36	臺北市	信義區	信義區忠孝東路5段(春光公園）	25.0426015	121.580744	0	0	1	2	8	6	5	14	9	1	5	4	5	13	4	4	9	4	5	2	18	1	9	1	6	1	10	1		2	2	12	
113	8	19	7	41	臺北市	松山區	松山區市民大道6段0204130燈桿（松山所後方）	25.0495377	121.5773143	0	0	1	2	8	5	5	14	9	1	5	4	5	13	4	4	1	3	5	2	12	1	8	6	5	2	10	1		1	2	12	
113	8	19	7	47	臺北市	文山區	文山區光輝路81巷與光輝路81巷2弄口	24.9853528	121.5569529	0	0	2	3	8	6	5	4	1	1	5	4	3	10	4	4	10	5	5	2	15	1	9	1	5	2	10	1		1	3	12	
113	8	19	8	45	臺北市	大同區	大同區承德路3段與承德路3段122巷口	25.0672749	121.5182801	0	0	1	2	7	6	5	4	2	1	5	4	5	13	1	1	1	4	5	2	17	1	5	1	7	1	4	1		1	3	2	
113	8	19	8	48	臺北市	內湖區	內湖區舊宗路2段與舊宗路2段135巷口口	25.0701656	121.5748107	0	0	1	2	8	6	5	3	2	1	5	4	5	13	4	4	9	4	5	2	16	1	6	1	7	1	8	1		2	3	8	
113	8	19	8	52	臺北市	中正區	中正區重慶南路3段與汀州路2段口	25.0255397	121.5165268	0	0	2	2	8	6	5	4	1	1	5	4	5	13	1	1	5	4	5	2	16	1	6	1	5	2	10	1		1	2	12	
113	8	19	9	0	臺北市	中山區	中山區南京西路12巷與南京西路口	25.05253791	121.521225	0	0	1	2	8	7	5	3	2	1	5	4	5	13	4	4	2	4	5	2	12	1	8	1	7	1	8	1		1	3	2	
113	8	19	9	0	臺北市	北投區	北投區中央南路2段57號與中央南路2段55巷口	25.1233784	121.5000939	0	0	1	3	8	6	5	3	2	1	5	4	5	13	4	4	9	4	5	2	17	1	5	1	7	1	8	1		1	3	17	