年	月	日	時	分	縣市	行政區	allLocation	GoogleLat	GoogleLng	死	2-30	受傷	當事人數	天候	道路照明設備	道路類別	道路型態	事故位置	路面狀況1	路面狀況2	路面狀況3	道路障礙1	道路障礙2	號誌1	號誌2	車道劃分-分向	車道劃分-分道1	車道劃分-分道2	車道劃分-分道3	事故類型及型態	行動電話	當事者行動狀態	駕駛資格情形	保護裝置	飲酒情形	駕駛執照種類	個人肇逃否	肇因碼-主要	性別	受傷程度	車輛撞擊部位1	車輛撞擊部位2
113	8	19	9	22	臺北市	大同區	大同區重慶北路2段與歸綏街口	25.05818201	121.5137181	1	0	0	4	7	6	5	4	2	1	5	4	5	13	1	1	1	4	5	2	12	1	9	1	7	2	2	1		1	3	2	
113	8	19	9	25	臺北市	信義區	信義區永吉路180巷與虎林街120巷口	25.0422534	121.5713927	0	0	2	2	8	6	5	4	1	1	5	4	5	13	4	4	9	4	5	2	15	1	9	1	6	1	9	1		1	2	12	
113	8	19	9	36	臺北市	中山區	中山區南京東路2段與一江街口	25.05165723	121.5224943	0	0	1	2	7	7	5	4	1	1	5	4	5	13	1	1	4	5	5	1	2	1	5	1	7	1	8	1		1	3	8	
113	8	19	10	1	臺北市	大安區	大安區信義路2段與金山南路2段口	25.0339712	121.5274878	0	0	1	2	8	5	5	4	2	1	5	4	5	13	1	1	9	4	5	2	16	1	6	1	7	1	4	1		1	3	5	
113	8	19	10	7	臺北市	大同區	大同區延平北路4段與延平北路4段294巷口	25.0770929	121.5121418	0	0	2	2	8	7	5	5	1	1	5	4	5	13	2	1	5	4	5	2	17	1	1	1	6	1	10	1		2	2	11	
113	8	19	10	9	臺北市	士林區	士林區至善路2段與故宮路口口	25.0980294	121.5466825	0	0	2	5	7	7	5	3	2	1	5	4	5	13	2	1	1	3	4	1	17	4	6	1	3	2	4	1		1	3	2	
113	8	19	10	25	臺北市	內湖區	內湖區康寧路3段189巷21弄與康寧路3段165巷口	25.07138409	121.6122514	0	0	2	3	8	6	5	4	1	1	5	4	5	13	4	4	10	5	5	2	17	1	6	1	6	1	10	1		1	2	11	
113	8	19	10	28	臺北市	大安區	大安區忠孝東路3段與忠孝東路3段217巷口	25.0417352	121.5396342	0	0	1	2	8	6	5	3	2	1	5	4	5	13	2	1	1	4	5	2	17	1	15	1	6	1	10	1		2	2	13	
113	8	19	11	0	臺北市	中山區	中山區北安路與大直街口	25.0798356	121.5472514	0	0	1	2	8	7	5	5	1	1	5	4	5	13	1	1	3	4	5	2	17	1	5	1	7	2	8	1		1	3	1	
113	8	19	11	54	臺北市	大安區	大安區敦化南路2段207號	25.0256672	121.5489806	0	0	1	2	7	5	5	14	9	1	5	4	5	13	4	4	1	4	5	2	13	1	9	1	6	1	10	1		1	2	11	
113	8	19	12	18	臺北市	北投區	北投區大業路527巷與大業路口	25.134454	121.4961542	0	0	1	2	7	6	5	5	1	1	5	4	5	13	1	1	4	4	5	2	16	1	6	1	7	9	8	1		2	3	5	
113	8	19	12	29	臺北市	北投區	北投區石牌路2段201號2號門旁	25.1186243	121.5202149	0	0	1	2	8	6	5	22	9	1	5	4	5	13	4	4	5	4	5	2	17	1	15	1	7	1	4	1		1	3	17	
113	8	19	12	32	臺北市	信義區	信義區松信路148號	25.0435198	121.5719716	0	0	1	2	8	6	5	14	9	1	5	4	5	13	1	1	5	4	5	2	17	1	9	1	5	1	10	1		1	2	12	
113	8	19	12	37	臺北市	信義區	信義區松仁路308巷與吳興街600巷口	25.0188276	121.5709426	0	0	2	3	7	7	5	4	1	1	5	4	5	13	4	4	10	5	5	2	15	4	9	1	3	1	8	1		2	3	8	
113	8	19	12	51	臺北市	松山區	松山區南京東路3段與復興北路口	25.0519114	121.5443742	0	0	1	2	8	7	5	4	2	1	5	4	5	13	1	1	9	4	4	2	13	1	9	1	7	1	8	1		2	3	6	
113	8	19	13	0	臺北市	大同區	大同區延平北路3段113巷與民族西路282巷口	25.0682418	121.5115441	0	0	2	2	8	6	5	4	1	1	5	4	5	13	4	4	8	4	5	2	15	1	9	1	6	1	10	1		1	2	11	
113	8	19	13	5	臺北市	士林區	士林區通河西街2段與通河西街2段229巷口	25.0938532	121.5008794	0	0	1	2	8	5	5	3	1	1	5	4	5	13	4	4	9	5	5	2	17	1	5	1	7	2	8	1		1	3	5	
113	8	19	13	22	臺北市	北投區	北投區承德路6段與文承路口	25.1158207	121.5054245	0	0	1	2	8	7	5	14	9	1	5	4	5	13	4	4	1	3	1	1	17	1	4	1	5	9	10	1		1	2	11	1
113	8	19	14	29	臺北市	北投區	北投區杏林二路與杏林二路60巷口	25.14237116	121.4970125	0	0	1	3	8	7	5	4	1	1	5	4	5	13	4	4	10	5	5	2	15	1	9	1	7	2	8	1		1	3	8	
113	8	19	14	30	臺北市	內湖區	內湖區舊宗路2段207號	25.0726868	121.5738612	0	0	1	2	7	6	5	14	9	1	5	4	5	13	4	4	1	4	5	2	16	4	6	1	3	1	8	1		2	3	4	
113	8	19	14	35	臺北市	士林區	士林區承德路5段80號	25.0960592	121.5139267	0	0	1	2	7	5	8	22	22	1	5	4	5	13	4	4	1	4	1	1	17	1	8	1	5	2	10	1		1	2	14	
113	8	19	14	45	臺北市	中山區	中山區吉林路279號	25.06290676	121.5302954	0	0	1	2	8	7	5	14	9	1	5	4	5	13	4	4	5	2	5	2	17	1	8	1	7	1	4	1		1	3	2	
113	8	19	14	45	臺北市	松山區	松山區民權東路3段往西(0200706燈桿)	25.06212913	121.5477439	0	0	1	3	6	7	5	14	9	1	4	4	5	13	4	4	9	4	5	2	17	1	7	1	6	1	10	1		2	2	14	
113	8	19	15	6	臺北市	信義區	信義區永吉路與永吉路30巷口	25.0456498	121.5688576	0	0	1	2	6	6	5	4	1	1	4	4	5	13	1	1	1	3	5	2	17	4	9	1	3	2	8	1		1	3	5	
113	8	19	15	26	臺北市	萬華區	萬華區長順街與長順街89巷口	25.03165988	121.4902204	0	0	1	2	6	5	5	4	1	1	4	4	5	13	4	4	9	4	5	2	17	4	9	1	5	1	10	1		1	2	14	
113	8	19	15	27	臺北市	中山區	(長春路76號旁)	25.04996259	121.52154	0	0	1	2	7	7	5	3	1	1	4	4	5	13	4	4	4	3	4	1	17	4	5	7	3	11	19	2		1	4	15	
113	8	19	15	44	臺北市	松山區	松山區松河街3號	25.05084785	121.5721148	0	0	1	2	6	7	5	14	8	1	4	4	5	13	2	1	9	4	5	2	17	1	9	1	6	1	10	1		1	2	14	
113	8	19	15	49	臺北市	信義區	信義區信義路5段180號前	25.0333309	121.5743802	0	0	1	2	6	7	5	14	9	2	4	4	5	13	2	1	1	2	5	2	13	1	9	1	2	1	8	1		1	3	1	
113	8	19	16	0	臺北市	士林區	士林區中山北路6段與中山北路6段441巷口	25.11438649	121.5273703	0	0	1	2	6	7	5	5	2	1	4	4	5	13	2	1	1	4	5	1	17	1	1	1	7	2	8	1		1	3	8	
113	8	19	16	30	臺北市	中山區	中山區建國北路3段與農安街口	25.06497664	121.5365064	0	0	1	2	6	7	5	4	1	1	4	4	5	13	2	1	1	4	5	2	13	4	9	1	3	1	8	1		1	3	1	
113	8	19	16	40	臺北市	中正區	中正區和平西路1段與重慶南路3段口	25.0272403	121.5163602	0	0	2	3	6	6	5	14	9	1	4	4	5	13	2	1	1	4	5	1	13	1	9	1	5	1	10	1		2	2	11	
113	8	19	17	0	臺北市	萬華區	萬華區西園路2段與寶興街口	25.02693084	121.4936911	0	0	1	2	6	5	5	4	1	1	4	4	5	13	1	1	9	4	4	2	17	4	8	1	7	1	4	1		1	3	17	
113	8	19	17	8	臺北市	中山區	中山區大佳河濱公園大客車停車場	25.0737894	121.5423734	0	0	1	2	6	7	5	22	9	1	4	4	5	13	4	4	10	5	5	2	17	4	9	1	6	1	10	1		1	2	11	
113	8	19	17	11	臺北市	大安區	大安區延吉街與延吉街137巷口口	25.0420409	121.5543811	0	0	1	2	7	5	5	3	1	1	5	4	5	13	4	4	9	5	5	1	16	1	5	1	6	1	10	1		1	3	13	
113	8	19	17	42	臺北市	文山區	文山區木柵路2段與木柵路2段161巷口	24.9890066	121.5629974	0	0	1	2	7	6	5	4	1	1	5	4	5	13	1	1	5	2	5	2	13	4	9	1	3	2	8	1		1	3	8	
113	8	19	17	45	臺北市	中正區	中正區福州街16號	25.0288417	121.5186302	0	0	1	2	7	6	5	14	9	1	4	4	5	13	4	4	9	4	5	2	16	1	11	1	7	1	8	1		1	3	1	
113	8	19	18	4	臺北市	中山區	中山區中山北路3段181號	25.0713821	121.5235709	0	0	1	2	7	5	5	14	9	1	5	4	5	13	4	4	1	4	5	2	12	4	8	1	3	1	8	1		1	3	5	
113	8	19	18	5	臺北市	北投區	北投區公館路與溫泉路30巷口	25.1330397	121.5030449	0	0	1	2	7	6	5	3	1	1	4	4	5	13	4	4	5	5	5	2	17	1	1	1	6	1	10	1		1	3	17	
113	8	19	18	19	臺北市	大安區	大安區忠孝東路4段101巷	25.0416357	121.5481192	0	0	2	2	7	5	5	14	9	1	4	4	5	13	4	4	1	4	5	2	17	1	6	1	5	1	10	1		2	2	12	
113	8	19	18	45	臺北市	中正區	中正區重慶南路1段124號	25.0385044	121.5128464	0	0	1	2	6	5	5	14	9	1	4	4	5	13	4	4	5	4	5	2	13	1	9	1	7	1	4	1		1	2	5	
113	8	19	18	57	臺北市	松山區	松山區長春路與復興北路口	25.0546825	121.5442098	0	0	1	2	7	5	5	4	18	1	4	4	5	13	1	1	1	3	5	2	3	1	6	1	5	1	10	1		1	3	14	
113	8	19	19	5	臺北市	中正區	中正區中華路1段與貴陽街1段口	25.0394448	121.5077313	0	0	2	3	8	5	5	4	2	1	4	4	5	13	1	1	1	4	5	2	16	1	12	1	7	1	4	1		1	3	6	
113	8	19	19	10	臺北市	內湖區	內湖區舊宗路2段171巷17號	25.07125229	121.5756946	0	0	1	2	6	5	5	14	9	1	4	4	5	13	4	4	7	5	5	2	17	1	9	1	7	1	4	1		1	3	5	
113	8	19	19	46	臺北市	中正區	中正區中華路2段與大埔街口	25.0324548	121.5047967	0	0	1	2	6	5	5	4	2	1	4	4	5	13	1	1	5	4	5	2	10	1	9	1	5	1	10	1		2	2	11	
113	8	19	19	57	臺北市	中正區	中正區林森南路地下道與寧波東街9巷口	25.0327953	121.5181056	0	0	2	3	6	5	5	5	1	1	4	4	5	13	2	1	1	4	5	2	16	4	5	1	5	2	10	1		2	2	11	
113	8	19	20	14	臺北市	南港區	南港區南港路2段與興華路口	25.054265	121.6060966	0	0	1	2	8	5	5	4	1	1	5	4	5	13	2	1	5	4	5	2	16	4	5	1	3	1	8	1		2	3	1	
113	8	19	21	5	臺北市	萬華區	萬華區康定路22號	25.0451063	121.5027627	0	0	1	2	6	5	5	14	7	1	4	4	5	13	4	4	4	5	5	2	12	1	4	1	6	2	10	1		1	2	12	
113	8	19	22	4	臺北市	北投區	北投區石牌路1段與石牌路1段39巷口	25.1130421	121.5102618	0	0	1	2	7	5	5	5	1	1	4	4	5	13	1	1	10	5	5	2	16	1	5	1	7	2	4	1		1	3	6	
113	8	19	23	35	臺北市	中正區	中正區中華路1段與寶慶路口	25.0421218	121.5084354	0	0	1	2	6	5	5	4	2	1	4	4	5	13	1	1	1	4	1	2	17	1	5	3	7	1	18	1		1	3	5	
113	8	19	23	43	臺北市	中山區	中山區新生北路3段與德惠街口	25.0666049	121.5293301	0	0	6	8	6	5	5	5	1	1	4	4	5	13	3	1	1	4	5	2	15	1	9	3	6	2	18	1		2	2	12	
113	8	20	4	55	臺北市	內湖區	內湖區成功路2段與成功路2段324巷口口	25.06809724	121.5906568	0	0	1	2	8	5	5	14	9	1	5	4	5	13	4	4	1	4	5	2	13	1	7	1	7	2	8	1		1	3	1	
113	8	20	7	0	臺北市	萬華區	萬華區堤外便道往北近中興橋	25.05142101	121.5085875	0	0	2	2	7	6	7	14	11	1	5	4	5	13	4	4	3	5	5	2	17	4	9	1	3	1	10	1		1	2	13	
113	8	20	7	14	臺北市	萬華區	萬華區西藏路與艋舺大道口	25.02884778	121.491726	0	0	2	2	8	7	5	4	2	1	5	4	5	13	1	1	5	4	4	2	17	1	5	1	5	1	10	1		2	2	13	
113	8	20	7	40	臺北市	大同區	大同區延平北路4段與酒泉街口	25.071925	121.5107461	0	0	1	2	8	6	5	4	1	1	5	4	5	13	2	1	5	4	5	2	17	4	6	1	7	1	8	1		2	3	5	
113	8	20	7	41	臺北市	北投區	北投區福美路與福善路口	25.1005053	121.5065925	0	0	5	8	8	5	5	4	1	1	5	4	5	13	4	4	5	4	5	2	15	1	9	1	7	2	8	1		1	2	1	
113	8	20	7	57	臺北市	北投區	北投區大業路與大業路280巷口	25.1272414	121.4980884	0	0	1	3	8	6	5	3	1	1	5	4	5	13	1	1	1	4	4	2	16	1	5	1	7	1	4	1		1	3	1	
113	8	20	8	7	臺北市	士林區	士林區萬溪產業道路1K+100旁燈桿	25.12051986	121.5890491	0	0	1	2	8	6	5	11	9	1	5	4	5	13	4	4	10	5	5	1	10	1	9	1	7	2	8	1		1	3	1	
113	8	20	8	10	臺北市	中正區	中正區忠孝東路2段134巷與新生南路1段52巷口	25.0417116	121.531692	0	0	2	4	8	7	5	4	1	1	5	4	5	13	4	4	10	5	5	2	15	1	9	1	5	2	10	1		1	3	14	
113	8	20	8	29	臺北市	士林區	士林區延平北路7段106巷與延平北路7段106巷口河濱280燈桿	25.101662	121.4961349	0	0	1	3	8	6	5	3	1	1	5	4	5	13	4	4	10	5	5	1	13	1	9	1	5	2	10	1		1	3	11	
113	8	20	8	36	臺北市	信義區	信義區光復南路與基隆路2段口	25.0301615	121.5577496	0	0	2	2	8	6	5	4	2	1	5	4	5	13	2	1	1	4	5	2	17	1	9	1	6	9	10	2		1	2	17	
113	8	20	8	51	臺北市	中正區	中正區博愛路與武昌街1段口	25.0440606	121.511509	0	0	2	2	8	6	5	4	2	1	5	4	5	13	2	1	10	4	5	2	16	1	5	1	6	2	10	1		2	2	14	
113	8	20	8	56	臺北市	信義區	信義區基隆路汽機車混合地下道往北	25.03630511	121.561613	0	0	1	3	8	5	5	7	11	1	5	4	5	13	4	4	5	2	5	2	17	4	9	1	3	1	10	1		2	2	14	
113	8	20	9	20	臺北市	信義區	信義區福德街169號	25.0378739	121.5835665	0	0	1	2	8	7	5	14	9	1	5	4	5	13	4	4	9	4	5	2	17	1	7	8	4	1	20	1		1	3	15	
113	8	20	9	35	臺北市	信義區	信義區仁愛路4段與逸仙路口	25.0377456	121.5615396	0	0	1	2	8	7	5	4	2	1	5	4	5	13	1	1	1	4	1	2	17	4	5	8	3	1	20	1		2	2	12	
113	8	20	9	39	臺北市	內湖區	內湖區民權東路6段與民權東路6段296巷口	25.0724785	121.605245	0	0	1	2	8	6	5	3	2	1	5	4	5	13	2	1	1	4	5	2	17	1	6	1	7	2	8	1		1	3	5	
113	8	20	9	45	臺北市	大同區	大同區赤峰街41巷與赤峰街口	25.0548927	121.5196077	0	0	1	2	8	6	5	4	1	1	5	4	5	13	4	4	8	4	5	2	15	1	9	1	5	1	10	1		1	2	11	
113	8	20	10	0	臺北市	中山區	中山區中山北路3段與撫順街口	25.06372938	121.5222916	0	0	1	5	8	7	5	3	2	1	5	4	3	10	4	4	1	4	5	2	17	4	7	1	3	2	8	1		1	3	7	
113	8	20	10	11	臺北市	內湖區	內湖區東湖路55號前	25.0687313	121.6145721	0	0	1	2	8	5	5	14	9	1	5	4	5	13	1	1	5	4	5	2	12	1	21	1	6	9	10	1		1	2	15	
113	8	20	10	15	臺北市	中山區	中山區八德路2段與八德路2段218巷口	25.04648115	121.5397406	0	0	1	2	7	5	5	3	2	1	5	4	5	13	4	4	5	4	5	2	13	4	9	1	3	2	10	1		1	2	11	
113	8	20	11	0	臺北市	南港區	南港區研究院路2段61巷與研究院路2段37巷口	25.044233	121.6169026	0	0	1	2	8	6	5	3	2	1	5	4	5	13	4	4	9	5	5	2	13	1	6	1	6	1	10	1		1	3	13	
113	8	20	11	21	臺北市	大同區	大同區延平北路2段與民權西路口	25.062841	121.5113357	0	0	2	2	8	5	5	4	1	1	5	4	5	13	2	1	1	4	5	2	12	4	5	1	3	1	10	1		1	2	14	
113	8	20	11	48	臺北市	中正區	中正區中山南路與貴陽街1段口	25.0380651	121.5173428	0	0	1	2	8	6	8	22	22	1	5	4	5	13	2	1	3	4	3	2	17	1	9	1	7	2	8	1		1	3	1	
113	8	20	11	48	臺北市	信義區	信義區吳興街255號	25.0271559	121.5636602	0	0	1	3	7	5	5	14	9	1	5	4	5	13	4	4	9	5	5	1	17	1	9	6	6	1	10	1		1	3	15	
113	8	20	12	26	臺北市	大安區	大安區青田街7巷與和平東路1段183巷口	25.0281159	121.5330245	0	0	1	2	8	5	5	4	1	1	5	4	5	13	4	4	10	5	5	1	17	1	9	1	6	2	10	1		2	2	14	
113	8	20	12	33	臺北市	大安區	大安區羅斯福路4段與基隆路4段口口	25.0108582	121.5372902	0	0	1	2	8	6	5	5	3	1	5	4	5	13	2	1	1	4	5	2	13	1	12	1	5	1	10	1		1	3	13	
113	8	20	12	40	臺北市	中山區	中山區北安路49號與北安路口	25.07771868	121.5286102	0	0	1	2	8	6	5	3	1	1	5	4	5	13	4	4	1	4	5	2	16	1	1	1	7	1	8	1		2	3	8	
113	8	20	12	50	臺北市	松山區	松山區民生東路5段250號	25.05908814	121.5668133	0	0	1	2	8	6	5	14	9	1	5	4	5	13	4	4	1	4	5	2	13	1	8	1	6	1	10	1		2	2	11	
113	8	20	13	6	臺北市	士林區	士林區福港街與福港街241巷口	25.0842832	121.5175488	0	0	2	2	8	6	5	4	2	1	5	4	5	13	4	4	9	5	5	1	17	1	1	1	5	1	10	1		1	2	14	
113	8	20	13	11	臺北市	南港區	南港區松河街與南港路3段314巷口	25.0523624	121.5811542	0	0	1	2	8	6	5	5	1	1	5	4	5	13	2	1	1	3	5	2	16	4	6	1	3	2	8	1		1	3	5	
113	8	20	14	2	臺北市	大安區	大安區瑞安街75號與瑞安街71巷口	25.0284622	121.5411159	0	0	1	2	7	5	5	5	2	1	5	4	1	13	2	1	5	4	5	2	12	1	9	1	7	1	8	1		1	3	5	
113	8	20	14	20	臺北市	中山區	中山區民族東路與吉林路口	25.0682663	121.5303618	0	0	1	2	8	6	6	3	1	1	5	4	5	13	2	1	1	4	5	2	17	4	9	1	3	1	8	1		1	3	4	
113	8	20	14	30	臺北市	萬華區	萬華區環河南路1段與武昌街2段口	25.04592977	121.5027354	0	0	2	2	8	6	5	4	1	1	5	4	5	13	2	1	4	4	5	2	17	1	9	1	6	1	10	1		1	2	14	12
113	8	20	14	50	臺北市	內湖區	內湖區新湖二路與行善路口	25.0647724	121.5855032	0	0	1	2	7	6	5	4	1	1	5	4	5	13	2	1	1	4	5	2	17	1	5	1	6	1	10	1		2	2	14	
113	8	20	15	15	臺北市	中正區	中正區青島東路與中山南路口	25.04455502	121.5192463	0	0	1	2	6	6	5	4	1	1	4	4	5	13	2	1	5	4	5	2	16	1	5	1	7	1	8	1		2	3	1	
113	8	20	15	49	臺北市	北投區	北投區西安街1段與致遠一路1段46巷口	25.110386	121.5181048	0	0	1	2	7	6	5	4	1	1	4	4	5	13	1	1	9	4	5	1	3	1	5	1	7	1	8	1		1	3	1	
113	8	20	16	5	臺北市	萬華區	萬華區環河南路1段與成都路口	25.04395359	121.5007462	0	0	1	2	6	7	5	3	1	1	4	4	5	13	3	1	5	4	5	2	17	1	5	1	2	1	8	1		1	3	5	
113	8	20	16	18	臺北市	士林區	士林區士商路與承德路5段口	25.09607583	121.5141651	0	0	2	3	6	5	5	4	2	1	4	4	5	13	2	1	1	4	1	2	17	1	9	1	5	1	10	1		1	2	14	
113	8	20	16	55	臺北市	信義區	信義區市民高架永吉路匝道往西	25.0457483	121.5678571	0	0	1	2	6	6	5	10	16	1	4	4	5	13	4	4	4	3	5	1	13	1	9	1	7	1	8	1		1	3	1	
113	8	20	17	20	臺北市	南港區	南港區南港路1段與南港路1段171巷口	25.0552588	121.6133034	0	0	1	2	6	6	5	5	2	1	4	4	5	13	1	1	1	4	5	2	16	1	9	1	6	1	10	1		1	3	13	
113	8	20	17	31	臺北市	南港區	南港區經貿一路與南港路1段2巷口	25.0563438	121.6196984	0	0	1	2	6	6	5	3	2	1	4	4	5	13	1	1	1	4	5	2	3	1	5	1	7	11	8	1		1	3	1	
113	8	20	17	40	臺北市	信義區	信義區基隆路1段376號	25.0349295	121.5606007	0	0	1	2	6	5	5	14	9	1	4	4	5	13	4	4	1	4	5	1	17	4	9	1	3	1	10	1		1	3	17	
113	8	20	18	8	臺北市	北投區	北投區中央北路4段與中央北路4段354巷口	25.1303129	121.4720176	0	0	1	2	6	5	5	3	2	1	4	4	5	13	2	1	4	4	5	2	13	1	9	3	6	1	18	1		1	2	11	
113	8	20	18	28	臺北市	中山區	中山區建國北路2段15號前迴轉道	25.05394581	121.5371496	0	0	1	2	6	5	5	14	18	1	4	4	5	13	4	4	1	4	5	2	3	4	9	1	3	1	8	1		1	3	4	
113	8	20	18	41	臺北市	南港區	南港區研究院路2段61巷與舊莊街1段3巷1弄口	25.0445163	121.6173655	0	0	1	2	6	5	5	3	1	1	4	4	5	13	4	4	4	5	5	2	12	4	9	1	3	1	10	1		2	2	12	
113	8	20	18	42	臺北市	內湖區	內湖區康樂街與東湖路口	25.0679394	121.6175989	0	0	1	2	6	5	5	4	1	1	4	4	5	13	2	1	5	4	5	2	17	1	5	1	5	11	10	2		4	2	14	
113	8	20	18	45	臺北市	內湖區	內湖區內湖路1段737巷與內湖路1段737巷61弄口	25.08092332	121.5791179	0	0	1	2	6	5	5	3	2	1	4	4	5	13	4	4	9	5	5	1	16	1	6	1	5	1	10	1		2	2	12	
113	8	20	18	55	臺北市	內湖區	內湖區民權大橋東向西	25.0664826	121.5772782	0	0	1	2	6	5	5	14	11	1	4	4	5	13	4	4	1	4	4	2	13	1	9	1	5	1	10	1		1	3	11	
113	8	20	18	55	臺北市	士林區	士林區忠誠路1段169號	25.10830435	121.5303847	0	0	1	3	6	5	8	22	22	1	4	4	5	13	4	4	1	4	4	1	13	1	9	1	7	1	8	1		1	3	1	
113	8	20	19	34	臺北市	萬華區	萬華區昆明街126號	25.0433814	121.5048179	0	0	1	2	6	5	5	14	7	1	4	4	5	13	4	4	9	3	5	2	12	4	9	1	7	11	8	1		1	4	15	
113	8	20	21	5	臺北市	中正區	中正區市民大道3段與金山北路口	25.04604	121.5308707	0	0	1	2	6	5	5	4	2	1	4	4	5	13	1	1	1	4	1	2	12	1	9	1	6	1	10	1		1	3	12	
113	8	20	21	10	臺北市	中正區	中正區中山北路1段與市民大道2段口	25.0478941	121.5214069	0	0	2	2	6	5	5	11	6	1	4	4	5	13	4	4	1	4	5	2	16	1	11	1	7	2	8	1		1	2	6	
113	8	20	21	11	臺北市	中正區	中正區愛國西路與博愛路口	25.0354687	121.5106764	0	0	2	2	6	5	5	4	1	1	4	4	5	13	1	1	1	4	5	2	15	1	9	1	5	2	10	1		2	2	11	
113	8	20	21	28	臺北市	大同區	大同區延平北路3段與延平北路3段17巷口	25.06382	121.5111788	0	0	1	2	7	5	5	3	1	1	4	4	5	13	4	4	10	3	5	1	17	4	6	1	3	1	8	1		1	3	17	
113	8	20	21	29	臺北市	中山區	中山區北安路47號前	25.07766306	121.5285893	0	0	1	2	6	7	8	14	9	1	4	4	5	13	4	4	1	4	5	2	17	4	11	1	3	1	8	1		2	3	6	
113	8	20	22	5	臺北市	信義區	信義區環東大道與市民高架道口	25.04911512	121.5690817	0	0	1	2	7	5	5	10	9	1	5	4	5	13	4	4	10	4	5	2	17	1	8	1	7	1	8	1		2	3	6	
113	8	20	22	35	臺北市	信義區	信義區大道路與忠孝東路5段口口	25.04329624	121.5812123	0	0	1	2	7	5	5	4	1	1	5	4	5	13	2	1	1	4	5	2	17	4	6	1	3	1	8	1		1	3	2	
113	8	20	22	38	臺北市	信義區	信義區信安街與信安街115巷口	25.0247839	121.556104	0	0	1	2	6	5	5	3	1	1	4	4	5	13	4	4	9	5	5	2	17	4	6	1	3	9	10	1		1	3	17	
113	8	20	23	18	臺北市	中山區	中山區民權東路3段75巷與五常街口	25.06422513	121.5437149	0	0	1	2	7	5	5	3	1	1	4	4	5	13	4	4	5	5	5	2	16	4	5	1	3	2	10	1		2	2	12	
113	8	21	1	50	臺北市	信義區	信義區逸仙路(市議會旁)	25.0381976	121.5614693	0	0	1	2	7	5	5	14	9	1	5	4	5	13	4	4	9	4	5	2	12	4	8	1	3	1	4	1		1	3	5	
113	8	21	2	49	臺北市	士林區	士林區中正路與中正路586巷口	25.0871231	121.5100331	0	0	1	2	8	5	5	3	1	1	5	3	1	11	4	4	1	4	5	2	9	1	9	1	5	1	10	1		1	2	11	
113	8	21	7	15	臺北市	士林區	士林區至誠路2段51巷與雙溪街口	25.1008748	121.5283469	0	0	1	2	8	6	5	4	1	1	5	4	5	13	4	4	10	5	5	2	13	1	9	1	6	1	10	1		2	2	11	
113	8	21	7	19	臺北市	內湖區	內湖區康寧路3段190巷與康寧路3段口	25.06858042	121.6120011	0	0	1	2	8	7	5	3	18	1	5	4	5	13	4	4	10	5	5	2	3	1	9	1	7	9	8	1		2	3	17	
113	8	21	7	19	臺北市	萬華區	萬華區康定路105號	25.0391537	121.5018993	0	0	2	3	8	6	5	14	9	1	5	4	5	13	4	4	5	4	5	2	17	1	11	1	6	1	10	1		1	3	14	
113	8	21	7	50	臺北市	中正區	中正區思源街1號(自來水園區前)	25.0147332	121.5318585	0	0	1	2	8	6	5	14	9	1	5	4	5	13	4	4	3	4	5	2	13	1	9	1	5	1	10	1		1	2	11	
113	8	21	8	15	臺北市	內湖區	內湖區文湖街與文湖街21巷口	25.086248	121.5614721	0	0	1	2	8	6	5	3	1	1	5	4	5	13	2	1	9	4	5	2	16	1	6	1	7	1	8	1		1	3	2	
113	8	21	8	55	臺北市	中正區	中正區市民大道1段逸仙公園前	25.0479863	121.5205377	0	0	1	2	8	6	8	22	22	1	5	4	5	13	2	1	1	4	5	2	16	1	15	1	6	2	10	1		2	3	12	
113	8	21	9	6	臺北市	中山區	中山區中山橋南往北	25.07356821	121.5243775	0	0	1	2	8	7	5	8	9	1	5	4	5	13	4	4	7	2	5	2	17	1	9	1	5	1	10	1		2	2	12	
113	8	21	9	10	臺北市	中山區	中山區八德路2段與八德路2段146巷口	25.0461688	121.537181	0	0	1	2	8	6	5	3	2	1	5	4	5	13	4	4	5	4	5	2	15	1	9	8	4	2	20	1		1	2	14	
113	8	21	9	20	臺北市	信義區	信義區忠孝東路5段8號	25.0410747	121.5649073	0	0	2	3	8	7	5	14	9	1	5	4	5	13	4	4	1	4	5	2	13	1	9	1	5	1	10	1		1	3	11	
113	8	21	9	53	臺北市	中正區	中正區中華路1段第1002882號燈桿前	25.04095799	121.5081395	0	0	2	2	8	7	5	14	9	1	5	4	5	13	4	4	1	5	5	2	17	1	7	1	6	1	10	1		1	2	14	12
113	8	21	9	58	臺北市	南港區	南港區昆陽街157巷與忠孝東路6段462巷口口	25.0499238	121.5947494	0	0	1	2	8	6	5	3	1	1	5	4	5	13	4	4	5	2	5	2	16	1	9	1	7	1	8	1		2	3	5	
113	8	21	10	8	臺北市	大安區	大安區忠孝東路3段193巷與忠孝東路3段217巷5弄口	25.0433197	121.5384232	0	0	1	2	8	6	5	3	1	1	5	4	5	13	4	4	10	5	5	2	12	4	5	1	3	1	4	1		1	3	1	
113	8	21	10	11	臺北市	北投區	北投區珠海路與復興一路口	25.14044456	121.5043888	0	0	2	3	8	5	5	3	1	1	5	4	5	13	4	4	5	4	5	2	16	1	5	1	5	2	10	1		2	2	14	
113	8	21	10	15	臺北市	北投區	北投區大度路112號	25.12161344	121.49557	0	0	1	2	8	5	5	14	12	1	5	4	5	13	4	4	10	4	3	1	16	1	6	1	7	1	8	1		1	3	2	