年	月	日	時	分	縣市	行政區	allLocation	GoogleLat	GoogleLng	死	2-30	受傷	當事人數	天候	道路照明設備	道路類別	道路型態	事故位置	路面狀況1	路面狀況2	路面狀況3	道路障礙1	道路障礙2	號誌1	號誌2	車道劃分-分向	車道劃分-分道1	車道劃分-分道2	車道劃分-分道3	事故類型及型態	行動電話	當事者行動狀態	駕駛資格情形	保護裝置	飲酒情形	駕駛執照種類	個人肇逃否	肇因碼-主要	性別	受傷程度	車輛撞擊部位1	車輛撞擊部位2
113	8	21	10	33	臺北市	信義區	信義區吳興街220巷與吳興街220巷59弄口	25.0265363	121.5615702	0	0	2	2	8	6	5	3	2	1	5	4	5	13	1	1	4	5	5	2	16	1	5	1	5	1	10	1		1	2	12	
113	8	21	10	34	臺北市	大同區	大同區延平北路3段與迪化街2段口	25.06827444	121.5108116	0	0	1	2	8	6	5	3	2	1	5	4	5	13	2	1	5	2	5	2	9	1	5	6	7	2	18	1		1	3	8	
113	8	21	10	55	臺北市	松山區	松山區南京東路5段202號	25.05131432	121.564701	0	0	1	2	8	7	5	14	9	1	5	4	5	13	2	1	9	4	5	2	12	1	8	1	7	1	2	1		1	3	2	
113	8	21	11	17	臺北市	大安區	大安區信義路4段88號	25.0331905	121.5477554	0	0	2	2	8	6	5	14	9	1	5	4	5	13	4	4	1	4	5	2	17	1	8	1	5	1	10	1		1	2	13	
113	8	21	11	58	臺北市	南港區	南港區重陽路與向陽路120巷2弄口	25.0552627	121.5959512	0	0	1	2	8	6	5	4	1	1	5	4	5	13	2	1	4	3	4	2	16	4	5	1	3	1	10	1		1	3	12	
113	8	21	12	25	臺北市	內湖區	內湖區成功路4段61巷32弄與成功路4段61巷口	25.0808817	121.5932665	0	0	1	2	8	6	5	4	1	1	5	4	5	13	1	1	10	5	5	2	16	1	5	1	7	2	8	1		1	3	15	
113	8	21	12	30	臺北市	中山區	中山區龍江路342巷30號	25.0654939	121.539185	0	0	2	2	8	7	5	14	9	1	5	4	5	13	4	4	10	5	5	2	16	1	6	8	2	1	20	1		1	2	12	
113	8	21	12	30	臺北市	松山區	松山區健康路325巷25弄與健康路325巷口	25.0564735	121.5671446	0	0	2	2	8	6	5	4	1	1	5	4	5	13	4	4	5	3	5	2	15	4	9	1	7	1	8	1		1	2	1	
113	8	21	12	42	臺北市	萬華區	萬華區西園路2段與東園街口	25.028127	121.4952995	0	0	2	2	8	6	5	4	1	1	5	4	5	13	1	1	1	3	5	1	15	4	9	1	3	1	10	1		2	2	11	
113	8	21	12	46	臺北市	大同區	大同區承德路2段與承德路2段109巷口	25.0568186	121.518277	0	0	1	3	8	6	5	3	1	1	5	4	5	13	4	4	1	4	5	2	13	1	7	1	6	2	10	1		1	2	11	
113	8	21	13	2	臺北市	萬華區	萬華區環河南路2段與環河南路2段175巷口	25.02764051	121.4945999	0	0	1	2	8	7	5	4	2	1	5	4	5	13	2	1	5	4	5	2	12	1	15	8	4	1	20	1		1	2	14	
113	8	21	13	10	臺北市	中山區	中山區大直街124巷內 第0104691燈桿	25.08618658	121.5478925	0	0	1	2	8	6	6	14	9	1	5	4	5	13	4	4	10	5	5	2	11	4	9	1	3	1	8	1		1	3	8	
113	8	21	13	20	臺北市	文山區	文山區秀明路1段79巷與秀明路1段79巷5弄口口	24.9910819	121.5653752	0	0	1	2	8	6	5	3	1	1	5	4	5	13	4	4	10	5	5	2	15	1	9	1	5	1	10	1		1	2	11	
113	8	21	13	26	臺北市	中山區	中山區吉林路161巷與民生東路2段115巷口	25.05892459	121.5315271	0	0	1	2	7	7	5	4	1	1	5	4	5	13	4	4	10	5	5	1	15	1	9	1	5	1	10	1		2	2	12	
113	8	21	13	27	臺北市	北投區	北投區承德路6段與福國路口	25.1019422	121.5121939	0	0	2	3	8	7	5	4	2	1	5	4	5	13	2	1	1	4	4	2	13	1	9	6	7	1	18	1		1	2	1	
113	8	21	13	27	臺北市	士林區	士林區承德路5段與士商路口	25.0960597	121.5142376	0	0	1	2	8	6	5	4	1	1	5	4	5	13	2	1	1	4	5	1	16	1	6	1	7	2	8	1		1	3	2	
113	8	21	13	46	臺北市	南港區	南港區新民街37號	25.056224	121.6127989	0	0	2	2	7	6	5	14	9	1	5	4	5	13	4	4	9	5	5	2	16	1	1	1	5	1	10	1		1	2	14	
113	8	21	13	46	臺北市	大安區	大安區建國南路2段與建國南路口側附近2段294巷口	25.0244878	121.5373792	0	0	1	2	8	6	5	3	1	1	5	4	5	13	4	4	1	4	4	2	17	1	8	1	7	1	4	1		1	3	6	
113	8	21	13	50	臺北市	北投區	北投區中央北路4段與中央北路4段515巷口	25.1282183	121.4683348	0	0	1	2	8	5	5	3	2	1	5	4	5	13	1	1	9	4	5	1	11	1	1	1	7	2	8	1		1	3	8	
113	8	21	14	45	臺北市	士林區	士林區中山北路4段與通河街口	25.07982697	121.5242985	0	0	1	2	8	6	5	3	1	1	5	4	5	13	1	1	1	2	5	2	16	4	6	1	3	1	10	1		2	2	13	
113	8	21	15	2	臺北市	萬華區	萬華區大理街170巷與環河南路2段125巷口	25.0340275	121.4940058	0	0	2	2	8	7	5	4	1	2	5	4	5	13	4	4	10	5	5	2	12	1	15	1	5	1	10	1		2	2	14	
113	8	21	15	14	臺北市	南港區	南港區舊莊街1段與舊莊街1段215巷口口	25.0383087	121.6226385	0	0	1	2	6	6	5	4	18	1	4	4	5	13	2	1	5	2	5	2	3	1	6	1	7	1	8	1		1	3	5	
113	8	21	15	24	臺北市	松山區	松山區敦化北路與敦化北路4巷口對面小巨蛋停車場前	25.0499588	121.5492144	0	0	1	3	7	6	5	3	1	1	4	4	5	13	3	1	1	5	4	2	16	4	6	1	3	2	8	1		2	3	2	
113	8	21	15	34	臺北市	大同區	大同區民族西路與重慶北路3段口	25.0686788	121.5137174	1	0	0	2	7	6	5	4	1	1	5	4	5	13	2	1	5	5	5	2	16	1	5	1	7	2	8	1		1	3	5	
113	8	21	15	37	臺北市	松山區	松山區八德路3段12巷與八德路3段12巷16弄口	25.04715096	121.5507267	0	0	1	2	7	7	5	4	1	1	5	4	5	13	4	4	10	5	5	2	15	1	9	1	7	1	8	1		2	3	1	
113	8	21	15	47	臺北市	大安區	大安區敦化南路1段與信義路4段口	25.0333652	121.5492184	0	0	1	2	8	7	5	4	1	1	5	4	5	13	2	1	1	4	1	1	16	4	6	7	3	11	19	2		2	4	11	
113	8	21	16	0	臺北市	信義區	信義區信安街104號對面	25.0252232	121.5564335	0	0	1	2	7	6	5	14	9	1	5	4	5	13	4	4	9	5	5	2	17	1	1	1	7	2	8	1		1	3	1	
113	8	21	16	10	臺北市	內湖區	內湖區內湖路1段737巷24號	25.0823089	121.5683655	0	0	2	3	6	5	5	14	9	1	4	4	5	13	4	4	8	5	5	1	17	4	15	1	3	1	8	1		1	3	4	
113	8	21	16	28	臺北市	士林區	士林區通河西街2段與社中街384巷口	25.09347241	121.5035431	0	0	1	2	7	6	5	3	1	1	5	4	5	13	4	4	9	5	5	2	15	4	9	8	4	1	20	1		1	2	14	
113	8	21	16	50	臺北市	中山區	中山區天祥路與撫順街口	25.06360532	121.52075	0	0	1	2	6	7	5	4	1	1	4	4	5	13	4	4	10	5	5	2	15	1	9	1	7	1	8	1		1	3	1	
113	8	21	16	50	臺北市	信義區	信義區信義路5段5號	25.03308	121.56184	0	0	1	2	6	5	5	14	9	1	4	4	5	13	4	4	1	4	5	1	17	4	9	1	3	1	10	1		1	2	12	
113	8	21	16	55	臺北市	大同區	大同區承德路1段1號與華陰街口	25.0495201	121.5164998	0	0	2	2	6	5	5	14	9	1	4	4	5	13	4	4	1	4	5	2	16	1	8	1	5	1	10	1		2	2	12	
113	8	21	17	5	臺北市	大安區	大安區建國南路1段與濟南路3段口	25.0397818	121.5381456	0	0	1	2	7	6	5	4	2	1	5	4	5	13	4	4	9	4	5	1	16	4	8	1	3	1	10	1		1	2	12	
113	8	21	17	6	臺北市	中山區	中山區市民大道2段與長安東路1段52巷口	25.0470635	121.5275787	0	0	2	4	6	6	5	14	9	1	4	4	5	13	4	4	1	4	5	2	12	1	9	1	7	1	8	1		1	3	5	
113	8	21	17	19	臺北市	大同區	大同區酒泉街與重慶北路3段口	25.0720725	121.5139327	0	0	1	2	8	5	5	4	2	1	5	4	5	13	2	1	5	5	5	2	17	4	5	1	3	2	8	1		1	3	4	
113	8	21	17	20	臺北市	中正區	中正區信義路2段73號	25.03449378	121.5265327	0	0	1	2	8	6	5	14	23	4	5	4	5	13	4	4	5	4	5	2	11	1	9	8	4	2	20	1		2	3	14	
113	8	21	17	20	臺北市	文山區	文山區萬芳路與萬芳路26巷口	24.9966761	121.5708244	0	0	1	2	6	7	5	3	4	1	4	4	5	13	1	1	5	4	5	2	13	1	9	1	5	1	10	1		2	2	11	
113	8	21	17	24	臺北市	萬華區	萬華區萬大路628號	25.0170259	121.4956609	0	0	1	2	8	7	5	14	9	1	5	4	5	13	4	4	10	5	5	2	9	1	1	1	7	1	2	1		1	3	17	
113	8	21	17	31	臺北市	文山區	文山區木新路3段172巷與忠順街1段26巷27弄口口	24.9822395	121.5606056	0	0	1	2	6	6	5	4	1	1	4	4	5	13	4	4	10	5	5	2	15	1	9	1	5	1	10	1		1	3	11	
113	8	21	17	35	臺北市	大同區	(延平北路3段20號前)	25.0639406	121.5103502	0	0	1	2	7	6	5	4	1	1	5	4	5	13	4	4	10	5	5	1	15	1	9	1	6	1	10	1		2	2	11	
113	8	21	17	44	臺北市	大安區	大安區辛亥路3段與復興南路2段口	25.0215085	121.5433092	0	0	1	2	6	6	5	3	1	1	4	4	5	13	2	1	1	2	1	2	12	4	15	1	6	1	10	1		2	2	12	
113	8	21	17	46	臺北市	士林區	士林區基河路251巷與基河路口	25.09126608	121.5215834	0	0	1	2	8	6	5	4	2	1	5	4	5	13	2	1	9	4	5	1	17	4	5	1	3	9	8	2		1	3	8	
113	8	21	17	50	臺北市	南港區	南港區忠孝東路6段與東新街口	25.04816216	121.5849806	0	0	1	3	6	5	5	4	2	1	4	4	5	13	1	1	1	3	5	2	17	1	5	1	7	1	8	1		1	3	2	
113	8	21	17	53	臺北市	內湖區	內湖區內湖路1段306號前	25.08199699	121.5692354	0	0	1	2	8	6	5	14	9	1	5	4	5	13	4	4	1	4	4	2	17	1	8	1	7	2	8	1		2	3	5	
113	8	21	17	56	臺北市	信義區	信義區市民大道5段與基隆路1段口	25.0489946	121.5688713	0	0	2	2	7	7	5	5	1	1	4	4	5	13	1	1	1	4	5	2	13	4	12	1	3	1	10	1		2	2	13	
113	8	21	18	0	臺北市	內湖區	內湖區瑞湖街與民權東路6段15巷口	25.06875197	121.5764897	0	0	2	2	6	5	5	4	2	1	4	4	5	13	1	1	5	5	5	2	17	1	15	1	5	2	10	1		1	2	11	
113	8	21	18	2	臺北市	北投區	北投區東華街1段與明德路口南往北方向	25.1092152	121.5194777	0	0	1	3	8	5	5	4	2	1	5	4	5	13	1	1	9	4	5	1	11	1	1	1	7	2	8	1		1	3	8	
113	8	21	18	23	臺北市	內湖區	內湖區石潭路27號前	25.06265511	121.5860192	0	0	1	2	7	5	5	14	9	1	5	4	5	13	4	4	5	4	5	2	16	1	6	1	7	1	8	1		1	3	5	
113	8	21	18	52	臺北市	北投區	北投區天母西路與天母西路130巷口	25.1190747	121.5223352	0	0	3	3	8	5	5	14	9	1	5	4	5	13	4	4	9	4	5	2	16	5	20	8	5	10	20	1		2	2	16	
113	8	21	19	0	臺北市	松山區	松山區南京東路5段369號	25.05144069	121.5685497	0	0	2	2	6	5	5	14	9	1	4	4	5	13	2	1	1	4	1	2	13	1	12	1	6	1	9	1		1	2	15	
113	8	21	19	3	臺北市	大同區	大同區民權西路與民權西路225巷口	25.0628724	121.5121293	0	0	1	2	8	6	5	14	9	1	5	4	5	12	2	1	9	4	5	2	17	4	5	1	6	1	10	1		2	2	13	
113	8	21	19	30	臺北市	中山區	中山區中山北路4段圓山飯店下坡道	25.07488187	121.5258123	0	0	1	2	8	5	5	11	9	1	5	4	5	13	1	1	10	4	5	2	12	4	15	1	3	11	8	2		2	4	6	
113	8	21	19	41	臺北市	內湖區	內湖區堤外便道與五分街口	25.0658224	121.6179143	0	0	1	2	8	5	5	4	1	1	5	4	5	13	1	1	9	5	5	2	16	1	5	1	6	1	10	1		1	2	11	
113	8	21	19	57	臺北市	中正區	中正區中山南路與仁愛路1段口	25.0390995	121.5179223	0	0	1	2	8	5	5	22	8	1	5	4	5	13	1	1	1	4	1	1	17	1	9	1	7	2	4	1		1	3	2	
113	8	21	20	44	臺北市	大安區	大安區通化街171巷與基隆路2段口	25.0275177	121.5558039	0	0	1	2	8	5	5	4	2	1	5	4	5	13	1	1	5	5	5	2	13	1	9	6	7	1	18	1		1	3	1	
113	8	21	21	40	臺北市	大同區	大同區民族西路與民族西路221巷口	25.0686646	121.5131884	0	0	2	2	8	5	5	14	9	1	5	4	5	13	4	4	9	4	5	2	17	1	11	1	5	1	10	1		2	2	14	
113	8	21	22	12	臺北市	中正區	中正區羅斯福路4段與基隆路4段口	25.0114031	121.5369744	0	0	1	2	8	5	5	5	2	1	5	4	5	13	1	1	1	4	5	2	12	1	15	1	5	2	10	1		1	3	12	
113	8	22	1	40	臺北市	文山區	文山區萬芳路11號	24.9988391	121.5685352	0	0	2	2	7	5	5	14	9	1	5	4	5	13	4	4	5	4	5	2	12	1	9	1	5	1	10	1		1	2	12	
113	8	22	3	42	臺北市	士林區	士林區文昌路與美崙街口	25.0968441	121.5208669	0	0	1	2	8	5	5	4	1	1	5	4	5	13	1	1	5	4	5	1	15	4	9	1	3	4	3	1		1	3	8	
113	8	22	3	52	臺北市	信義區	信義區莊敬路391巷11弄5號與莊敬路391巷口	25.0287306	121.5656367	0	0	1	5	7	5	5	3	2	1	5	4	5	13	4	4	9	4	5	2	29	1	9	1	6	7	10	1		1	2	11	
113	8	22	7	7	臺北市	北投區	北投區大度路27號	25.12110361	121.497003	0	0	1	2	8	6	5	14	9	1	5	4	5	13	4	4	1	4	5	1	13	1	9	1	6	1	4	1		1	2	11	
113	8	22	7	7	臺北市	萬華區	萬華區德昌街與民和街81巷口	25.0248238	121.4982824	0	0	2	3	7	6	5	4	1	1	5	4	5	13	4	4	5	5	5	2	17	1	5	1	6	1	10	1		1	3	17	
113	8	22	7	10	臺北市	文山區	文山區興隆路4段與興隆路4段46巷口口	24.9876659	121.5604842	0	0	1	2	8	6	5	4	2	1	5	4	5	13	2	1	10	5	4	1	16	1	5	1	7	2	8	1		1	3	1	
113	8	22	7	22	臺北市	大同區	大同區台北橋機慢車道往三重	25.0635414	121.5085404	0	0	2	2	8	6	7	8	11	1	5	4	5	13	4	4	1	4	5	2	17	4	9	1	6	1	10	1		1	2	12	
113	8	22	7	36	臺北市	士林區	士林區自強隧道(外)往南	25.0949955	121.5484794	0	0	1	2	8	6	5	14	9	1	5	4	5	13	4	4	10	4	5	1	17	1	7	1	5	2	10	1		2	2	13	
113	8	22	7	44	臺北市	內湖區	內湖區陽光街與瑞光路口	25.0737994	121.5796521	0	0	2	2	8	6	5	4	1	1	5	4	5	13	2	1	9	4	5	2	16	1	1	8	4	1	20	1		2	2	14	
113	8	22	7	52	臺北市	內湖區	內湖區舊宗路1段18號對面	25.0584344	121.5807054	0	0	3	5	8	6	5	14	9	1	5	4	5	13	4	4	1	4	5	2	13	1	9	1	5	1	10	1		2	2	11	
113	8	22	7	52	臺北市	萬華區	萬華區環河南路1段187號前	25.0404392	121.4982052	0	0	1	2	8	5	8	22	22	1	5	4	5	13	4	4	10	5	5	2	17	4	7	1	3	1	8	1		1	3	8	
113	8	22	7	53	臺北市	中山區	中山區松江路與錦州街口	25.0602771	121.5332938	0	0	2	3	8	6	5	4	1	1	5	4	5	13	2	1	2	4	5	2	16	1	6	1	6	1	10	1		2	2	12	
113	8	22	8	3	臺北市	中山區	中山區民族東路524號	25.06757858	121.5426414	0	0	1	2	7	5	5	14	9	1	5	4	5	13	4	4	5	4	5	2	13	4	9	1	3	1	10	1		2	2	11	
113	8	22	8	8	臺北市	信義區	信義區松仁路與忠孝東路5段236巷2弄口	25.0404611	121.5685925	0	0	1	2	8	7	5	3	1	1	5	4	5	13	4	4	1	4	5	2	16	1	6	1	7	2	8	1		1	3	2	
113	8	22	8	16	臺北市	大同區	大同區西寧北路與忠孝西路2段口	25.0494205	121.5077063	0	0	2	2	8	6	5	4	2	1	5	4	5	13	2	1	1	4	5	2	17	4	9	1	5	1	10	1		1	2	11	
113	8	22	8	20	臺北市	中山區	中山區樂群二路142號	25.0799049	121.5568367	0	0	1	2	8	6	5	14	9	1	5	4	5	13	4	4	3	4	5	2	12	1	1	1	7	2	8	1		2	3	8	
113	8	22	8	45	臺北市	內湖區	內湖區堤頂大道2段與瑞光路478巷口	25.0781064	121.5676233	0	0	1	2	8	7	5	4	1	1	5	4	5	13	2	1	10	2	5	2	16	1	6	1	7	1	8	1		1	3	2	
113	8	22	8	46	臺北市	中山區	中山區中山北路2段與長春路口	25.0549081	121.5228373	0	0	1	4	8	6	5	4	1	1	5	4	5	13	2	1	5	4	5	2	13	1	6	1	5	1	10	1		1	2	12	
113	8	22	8	49	臺北市	中山區	中山區復興北路340號	25.05963614	121.5441645	0	0	5	7	7	7	5	14	9	1	5	4	5	13	4	4	1	3	5	1	13	1	9	1	5	1	10	1		2	3	13	
113	8	22	8	50	臺北市	大安區	大安區羅斯福路3段與辛亥路1段口	25.0197204	121.52989	0	0	5	6	8	5	5	4	2	1	5	4	5	13	1	1	1	4	5	1	13	1	12	1	5	1	10	1		1	2	11	
113	8	22	8	52	臺北市	大安區	大安區信義路3段166巷與復興南路2段12巷口	25.0327981	121.5419407	0	0	2	2	7	5	5	3	1	1	5	4	5	13	4	4	9	5	5	2	15	1	9	8	4	1	20	1		1	2	15	
113	8	22	8	53	臺北市	文山區	文山區永安街6巷與永安街口口	24.9871115	121.5702286	0	0	1	2	8	6	5	4	1	1	5	4	5	13	4	4	10	5	5	2	15	1	9	1	5	1	10	1		1	2	12	
113	8	22	9	2	臺北市	內湖區	內湖區安康路22巷與潭美街口	25.0610578	121.5938962	0	0	1	2	8	6	5	3	1	1	5	4	5	13	1	1	5	5	5	2	15	1	11	1	7	1	8	1		1	3	8	
113	8	22	9	20	臺北市	文山區	文山區萬安街與萬美街1段口口	25.00225806	121.5707494	0	0	1	2	8	6	5	3	1	1	5	4	1	13	2	2	5	5	5	1	17	4	6	1	7	1	8	1		1	3	2	
113	8	22	9	30	臺北市	大同區	大同區民生西路與太原路口	25.0571552	121.5169403	0	0	2	2	8	6	5	3	1	1	5	4	5	13	2	1	5	4	5	2	17	4	5	1	6	2	10	1		1	2	11	
113	8	22	9	45	臺北市	北投區	北投區珠海路與珠海路133巷口	25.1419907	121.5083762	0	0	1	2	8	5	5	3	1	1	5	4	5	13	4	4	9	4	5	2	16	1	6	1	7	2	8	1		1	3	5	
113	8	22	9	49	臺北市	中山區	中山區民權東路2段與民權東路2段152巷口	25.062319	121.5348531	0	0	1	2	7	5	5	4	2	1	5	4	5	13	2	1	1	4	5	2	17	4	4	1	3	1	10	1		1	2	14	
113	8	22	9	54	臺北市	松山區	松山區南京東路4段10號	25.0515966	121.5519498	0	0	1	2	8	7	5	14	7	1	5	4	5	13	4	4	9	4	4	1	12	1	8	1	7	1	8	1		2	3	5	
113	8	22	9	55	臺北市	松山區	松山區松河街236號	25.05179834	121.5784254	0	0	2	2	8	6	5	14	9	1	5	4	5	13	4	4	9	5	5	2	16	1	5	1	6	1	10	1		1	2	14	
113	8	22	10	9	臺北市	松山區	松山區南京東路5段與光復北路口口	25.0513053	121.5579008	0	0	1	2	8	7	5	4	1	1	5	4	5	13	2	1	3	4	5	2	17	1	5	1	6	1	10	1		1	2	11	
113	8	22	10	35	臺北市	文山區	文山區興隆路2段220巷4號	25.0010361	121.5524532	0	0	1	2	8	6	5	14	9	1	5	4	5	12	4	4	9	5	5	2	17	1	3	1	7	1	8	1		2	3	8	
113	8	22	10	39	臺北市	松山區	松山區民生東路3段與敦化北路口	25.05779027	121.5488137	0	0	1	2	8	7	5	4	1	1	5	4	5	13	2	1	9	4	4	2	17	1	15	1	7	1	4	1		1	3	6	
113	8	22	11	0	臺北市	大安區	大安區仁愛路3段與建國南路1段口口	25.0382207	121.5378611	0	0	1	2	8	6	5	4	4	1	5	4	5	13	2	1	10	4	5	2	13	1	9	1	7	1	8	1		2	3	8	
113	8	22	11	10	臺北市	內湖區	內湖區東湖路與安康路口前	25.0682348	121.6160372	0	0	2	2	8	6	5	4	1	1	5	4	4	12	1	1	5	4	5	1	17	1	5	1	5	1	10	1		1	2	12	
113	8	22	11	19	臺北市	南港區	南港區南港路2段155號與南港路2段口	25.0544343	121.5953296	0	0	1	2	8	6	5	3	2	1	5	4	5	13	1	1	1	4	5	2	16	1	6	1	6	1	11	1		2	2	14	
113	8	22	11	33	臺北市	中正區	中正區懷寧街與開封街1段口	25.04598403	121.5142075	0	0	2	3	8	6	5	4	1	1	5	4	5	12	3	1	10	5	5	2	17	4	9	1	6	2	10	1		2	2	11	
113	8	22	11	49	臺北市	信義區	信義區市民大道6段250號	25.0489393	121.5774663	0	0	2	3	8	6	5	14	9	1	5	4	5	13	4	4	1	3	5	2	12	1	15	1	6	1	10	1		1	3	14	
113	8	22	11	53	臺北市	中正區	中正區金門街24巷與金門街口	25.0215097	121.5231083	0	0	1	2	8	7	5	4	1	1	5	4	5	12	4	4	10	5	5	2	15	1	9	1	7	1	8	1		1	3	7	
113	8	22	12	3	臺北市	中山區	中山區民權東路2段186號	25.06235879	121.5358455	0	0	2	3	7	5	5	14	9	1	5	4	5	13	4	4	3	4	5	2	13	4	9	1	3	1	4	1		1	2	1	
113	8	22	12	10	臺北市	南港區	南港區南港路3段290巷與成美橋口口	25.0520671	121.5828021	0	0	1	2	8	7	5	14	9	1	5	4	5	13	4	4	1	3	5	2	17	1	8	1	5	1	10	1		1	3	17	
113	8	22	12	14	臺北市	萬華區	萬華區康定路與永福街口	25.0385416	121.5017612	0	0	2	3	8	6	5	4	1	1	5	4	5	13	2	1	9	4	5	2	16	1	5	1	6	1	10	1		2	2	12	
113	8	22	13	49	臺北市	北投區	北投區大度路3段301巷與大度路3段301巷21弄口	25.1225935	121.4663315	0	0	1	2	8	7	5	3	1	1	5	4	5	13	4	4	10	5	5	2	17	1	6	1	6	1	10	1		2	2	14	
113	8	22	13	54	臺北市	中正區	中正區中山南路與凱達格蘭大道口	25.0391471	121.517254	0	0	1	2	8	6	5	5	1	1	5	4	5	13	1	1	10	3	5	2	12	4	15	1	6	1	10	1		1	3	12	
113	8	22	14	10	臺北市	內湖區	內湖區瑞光路478巷18弄30號旁	25.07874279	121.5679143	0	0	1	2	8	5	5	14	9	1	5	4	5	13	4	4	9	5	5	2	16	1	1	1	6	1	10	1		1	2	12	
113	8	22	14	40	臺北市	士林區	士林區延平北路7段117號	25.0972068	121.4945178	0	0	1	2	7	6	5	14	9	1	5	4	5	13	2	1	9	4	5	1	6	4	9	1	3	2	8	1		1	3	1	
113	8	22	15	6	臺北市	文山區	文山區興隆路4段143號與興隆路4段145巷口	24.98500171	121.5616507	0	0	1	2	8	6	5	4	1	2	5	4	5	13	4	4	9	5	5	2	15	4	1	1	3	1	8	1		1	3	8	
113	8	22	15	52	臺北市	文山區	文山區羅斯福路6段與景華街口	24.9949023	121.5412662	0	0	1	2	8	6	5	4	1	1	5	4	5	13	2	1	1	2	5	2	16	1	5	1	7	1	8	1		1	3	1	
113	8	22	15	55	臺北市	萬華區	萬華區中華路1段與南寧路口	25.0372835	121.5066994	0	0	1	2	7	6	5	5	1	1	5	4	5	13	1	1	3	3	5	2	16	4	6	1	3	1	8	1		1	3	2	
113	8	22	16	9	臺北市	大同區	大同區長安西路與西寧北路口	25.0519541	121.5085996	0	0	1	2	7	6	5	4	1	1	5	4	5	13	2	1	5	4	5	2	17	4	5	1	3	1	8	1		1	3	8	
113	8	22	16	14	臺北市	大安區	大安區新生南路1段161巷與新生南路1段口	25.034689	121.5328576	0	0	1	3	7	5	5	3	2	1	5	4	3	12	4	4	3	1	5	2	16	1	6	1	7	1	8	1		1	3	8	
113	8	22	16	58	臺北市	萬華區	萬華區萬大路與萬大路90巷口	25.0304704	121.500522	0	0	1	2	8	5	8	22	22	1	5	4	5	13	1	1	10	5	5	2	17	4	15	1	3	1	10	1		1	2	14	
113	8	22	17	9	臺北市	士林區	士林區士東路200巷49弄與芝玉路2段口	25.1110327	121.5346314	0	0	1	2	7	6	5	4	1	1	5	4	5	13	4	4	10	5	5	2	15	1	9	1	5	1	10	1		2	2	11	
113	8	22	17	32	臺北市	南港區	南港區環東大道東向西	25.0583652	121.600646	0	0	1	2	8	6	5	10	7	1	5	4	5	13	4	4	10	4	5	2	20	1	7	1	6	1	9	1		1	2	14	
113	8	22	17	32	臺北市	萬華區	萬華區長沙街2段117號	25.0404315	121.5037731	0	0	1	2	8	5	5	14	9	1	5	4	5	13	4	4	9	5	5	2	12	1	9	3	5	1	18	1		1	2	11	
113	8	22	17	58	臺北市	大安區	大安區和平東路2段107巷與瑞安街135巷口	25.0267355	121.5405064	0	0	1	2	7	7	5	4	1	1	5	4	5	13	4	4	10	5	5	1	15	1	9	1	6	1	10	1		1	2	11	
113	8	22	18	3	臺北市	內湖區	內湖區舊宗路2段121巷與瑞湖街口	25.06898272	121.5764464	0	0	2	3	8	5	5	4	1	1	5	4	5	13	1	1	9	5	5	2	16	1	5	1	7	1	8	1		1	3	7	
113	8	22	18	8	臺北市	內湖區	內湖區民權東路6段與民權東路6段46巷口	25.0679361	121.5813948	0	0	1	2	8	5	5	4	18	1	5	3	5	13	2	1	1	2	5	1	3	1	5	1	7	1	8	1		1	3	15	
113	8	22	18	30	臺北市	大安區	大安區仁愛路3段20巷與仁愛路3段口	25.037745	121.5342707	0	0	1	2	7	5	5	3	18	1	5	4	5	13	4	4	10	5	5	2	3	4	5	1	3	1	7	1		1	3	5	
113	8	22	18	31	臺北市	大安區	大安區市民大道4段12-2號	25.0447807	121.5444162	0	0	1	2	8	5	5	14	9	1	5	4	5	13	4	4	1	4	5	2	13	4	21	7	3	9	19	2		4	4	15	
113	8	22	18	35	臺北市	士林區	士林區士東路99號	25.1122351	121.5297427	0	0	1	2	8	5	5	14	9	1	5	4	3	13	4	4	7	5	5	2	17	4	9	1	3	1	10	1		1	2	12	
113	8	22	18	40	臺北市	大安區	大安區辛亥路1段78號	25.0209237	121.5310261	0	0	1	2	8	5	5	14	9	1	5	4	3	10	4	4	1	2	4	2	13	1	12	1	5	1	10	1		2	2	11	
113	8	22	18	55	臺北市	信義區	信義區中坡北路57號	25.0473639	121.5804812	0	0	1	2	8	5	5	22	9	1	5	4	5	13	4	4	9	5	5	2	16	4	1	1	3	2	8	1		2	3	8	12
113	8	22	19	10	臺北市	文山區	文山區秀明路2段與秀明路2段7巷口	24.9919027	121.5749101	0	0	1	2	8	5	5	3	2	1	5	4	5	13	2	1	5	5	5	2	9	4	15	1	3	2	2	1		1	3	17	
113	8	22	19	23	臺北市	北投區	北投區中央北路2段與中央北路2段131巷口口	25.1373573	121.4942085	0	0	1	2	8	5	5	3	2	1	5	4	4	12	4	4	5	4	5	2	17	1	9	1	6	2	10	1		1	2	14	
113	8	22	19	36	臺北市	中山區	中山區新生北路2段與民生東路1段口	25.0576099	121.5274113	0	0	3	4	7	5	5	14	9	1	5	4	5	13	4	4	1	5	5	1	17	5	20	8	3	10	20	1		2	2	16	
113	8	22	20	15	臺北市	士林區	士林區中山北路5段福林加油站旁、私人停車場出口	25.0931607	121.5278074	0	0	2	3	8	5	5	14	9	1	5	4	5	13	4	4	4	5	5	2	17	4	15	1	3	1	8	1		2	3	1	