年	月	日	時	分	縣市	行政區	allLocation	GoogleLat	GoogleLng	死	2-30	受傷	當事人數	天候	道路照明設備	道路類別	道路型態	事故位置	路面狀況1	路面狀況2	路面狀況3	道路障礙1	道路障礙2	號誌1	號誌2	車道劃分-分向	車道劃分-分道1	車道劃分-分道2	車道劃分-分道3	事故類型及型態	行動電話	當事者行動狀態	駕駛資格情形	保護裝置	飲酒情形	駕駛執照種類	個人肇逃否	肇因碼-主要	性別	受傷程度	車輛撞擊部位1	車輛撞擊部位2
113	8	22	20	19	臺北市	士林區	士林區文昌路22號	25.0951575	121.5216348	0	0	1	2	7	5	5	14	8	1	5	4	5	13	4	4	8	3	4	2	12	4	1	1	3	1	14	1		1	3	5	
113	8	22	20	27	臺北市	內湖區	內湖區民權東路6段138號前	25.06894834	121.5888381	0	0	1	2	8	5	5	14	9	1	5	4	5	13	4	4	1	4	5	2	13	1	8	1	5	2	10	1		1	2	11	
113	8	22	20	28	臺北市	中山區	中山區大直橋	25.07392216	121.5444181	0	0	3	3	8	5	5	14	11	1	5	4	5	13	4	4	8	3	5	1	17	1	13	1	5	1	10	1		1	2	13	
113	8	22	21	16	臺北市	南港區	南港區八德路4段與中坡北路口	25.0503632	121.5796463	0	0	1	2	8	5	5	4	1	1	5	4	5	13	2	1	5	4	5	2	13	4	9	1	3	1	8	1		1	3	8	
113	8	22	21	39	臺北市	中正區	中正區羅斯福路4段24巷與羅斯福路4段口	25.0156695	121.5331894	0	0	1	2	8	6	5	3	1	1	5	4	5	13	4	4	3	4	5	2	17	1	6	1	5	2	10	1		2	3	12	
113	8	22	21	55	臺北市	北投區	北投區中央北路2段與新興路口	25.138236	121.4868542	0	0	1	2	7	5	5	3	1	1	5	4	5	13	2	1	10	5	5	2	1	1	5	3	7	2	18	1		1	3	8	
113	8	22	22	0	臺北市	中山區	中山區長安東路1段52-1號	25.04828726	121.5282807	0	0	2	2	7	5	5	14	9	1	5	4	5	13	4	4	4	5	5	1	3	5	16	8	4	10	20	1		2	2	16	
113	8	22	23	3	臺北市	松山區	松山區民生東路3段130巷與民生東路3段130巷5弄口	25.05702609	121.5462145	0	0	1	2	8	5	5	4	1	1	5	4	5	13	4	4	10	5	5	2	15	1	9	1	5	1	10	1		2	2	11	
113	8	22	23	9	臺北市	萬華區	萬華區華江橋往台北市機車道	25.0353487	121.4890645	0	0	1	2	8	5	8	8	12	1	5	4	5	13	4	4	10	5	5	2	20	1	15	1	5	1	10	1		1	2	14	
113	8	22	23	25	臺北市	松山區	松山區光復北路與光復北路11巷口	25.0491531	121.5578668	0	0	3	3	8	5	5	4	1	1	5	4	5	13	1	1	8	3	5	1	16	1	5	1	3	1	21	1		2	2	12	
113	8	23	0	36	臺北市	中正區	中正區牯嶺街與廈門街113巷口	25.0233941	121.5190414	0	0	2	5	8	5	5	4	1	1	5	4	5	13	1	1	10	5	5	2	15	1	9	1	7	2	8	1		1	2	5	
113	8	23	2	53	臺北市	南港區	南港區松河街482號	25.059031	121.5949985	0	0	1	3	8	5	5	14	9	1	5	4	5	13	4	4	4	5	5	2	17	1	9	1	3	2	10	1		1	2	11	
113	8	23	6	10	臺北市	士林區	士林區延平北路6段與社子街口	25.08937029	121.5048616	0	0	1	2	8	7	5	3	2	1	5	4	5	13	2	1	9	4	5	1	17	1	2	1	7	2	8	1		1	3	3	
113	8	23	6	40	臺北市	大安區	大安區敦化南路1段190巷31號	25.04265117	121.5474586	0	0	1	3	8	6	5	14	9	1	5	4	5	13	4	4	9	5	5	2	38	1	9	1	7	2	8	1		1	2	1	
113	8	23	6	54	臺北市	北投區	北投區文林北路131號	25.10677776	121.5164901	0	0	1	3	8	6	5	14	8	1	5	4	5	13	4	4	1	4	4	2	17	1	9	1	5	1	10	1		1	2	14	
113	8	23	7	6	臺北市	中山區	中山區長安東路1段30巷與長安東路1段30巷8弄口	25.04785973	121.5261312	0	0	1	2	8	6	5	4	1	1	5	4	5	13	4	4	10	5	5	2	15	1	9	1	7	1	8	1		1	3	8	14
113	8	23	7	20	臺北市	大安區	大安區辛亥路1段與新生南路3段口	25.02222	121.5343677	0	0	1	2	8	6	5	4	1	1	5	4	5	13	1	1	5	5	5	2	18	1	12	1	5	1	10	1		3	2	14	
113	8	23	7	25	臺北市	南港區	南港區松河街與重陽路無名巷口	25.0584822	121.6027741	0	0	1	2	8	7	5	3	2	1	5	4	5	13	4	4	9	5	5	2	16	4	5	1	6	1	10	1		2	2	14	
113	8	23	7	52	臺北市	松山區	松山區敦化北路與八德路2段口	25.0481804	121.5486861	0	0	1	2	8	5	5	4	1	1	5	4	5	13	2	1	1	3	1	2	17	4	9	1	5	1	10	1		2	2	17	
113	8	23	8	5	臺北市	大安區	大安區辛亥路2段與和平東路2段76巷口	25.02203224	121.5386046	0	0	1	2	8	6	5	3	1	1	5	4	5	13	4	4	1	4	4	2	17	1	6	1	7	2	8	1		1	3	2	
113	8	23	8	13	臺北市	士林區	士林區雙溪街與至誠路2段51巷口	25.1008683	121.5283792	0	0	1	2	8	6	5	4	1	1	5	4	5	13	4	4	9	5	5	2	17	4	5	1	3	11	10	1		1	4	17	
113	8	23	8	30	臺北市	南港區	南港區松河街與重陽路235巷口	25.0584179	121.6019328	0	0	2	2	8	7	5	3	2	1	5	4	5	13	4	4	5	4	5	2	17	1	1	1	5	1	10	1		2	2	14	
113	8	23	9	1	臺北市	內湖區	內湖區成功交流道與國道一號口西南角	25.0643921	121.591442	0	0	1	2	8	6	5	5	1	1	5	4	5	13	2	1	9	4	5	2	16	1	8	1	6	2	10	1		2	2	12	
113	8	23	9	5	臺北市	士林區	士林區中山北路4段67號	25.08057449	121.5242333	0	0	1	2	8	5	8	22	22	1	5	4	5	13	4	4	1	4	5	1	17	1	7	1	7	1	4	1		1	3	15	
113	8	23	9	18	臺北市	大安區	大安區愛國東路79巷與金山南路2段31巷口	25.0329256	121.5276595	0	0	1	2	8	6	5	4	1	1	5	4	5	13	4	4	5	5	5	2	15	4	15	1	3	1	4	1		1	3	1	
113	8	23	9	24	臺北市	大安區	大安區忠孝東路3段與復興南路1段口	25.0415106	121.5433631	0	0	1	3	7	5	5	14	9	1	5	4	5	13	2	1	3	3	5	2	17	1	14	1	7	1	4	1		1	3	6	
113	8	23	9	40	臺北市	士林區	士林區中山北路5段往南	25.0887714	121.5273641	0	0	2	3	8	6	5	14	9	1	5	4	5	13	4	4	1	4	5	2	17	1	8	1	7	2	4	1		1	3	6	
113	8	23	9	50	臺北市	中正區	中正區仁愛路2段與金山南路1段口	25.0382272	121.5283063	0	0	1	2	8	6	5	4	1	1	5	4	5	13	1	1	5	5	5	2	16	4	5	1	6	2	10	1		1	2	14	
113	8	23	9	57	臺北市	松山區	松山區復興北路與民族東路口	25.0663158	121.5444087	0	0	1	2	8	6	5	4	1	1	5	4	5	13	1	1	1	4	5	2	12	1	15	1	6	1	10	1		1	3	12	
113	8	23	10	4	臺北市	信義區	信義區永吉路30巷與忠孝東路5段71巷11弄口	25.0419535	121.5687438	0	0	1	2	8	7	5	4	1	1	5	4	5	13	4	4	9	5	5	2	17	1	9	1	2	1	8	1		1	3	17	
113	8	23	10	35	臺北市	中正區	中正區市民大道2段與金山北路口	25.0460338	121.5303617	0	0	2	2	8	6	5	4	4	1	5	4	5	13	1	1	9	4	1	1	13	1	9	1	6	2	10	1		1	2	11	
113	8	23	11	0	臺北市	文山區	文山區老泉街與景美堤外便道口	24.9797571	121.5670196	0	0	1	2	7	6	5	3	2	1	5	4	5	13	4	4	5	5	5	2	12	4	9	1	3	2	8	1		1	3	2	
113	8	23	11	5	臺北市	內湖區	內湖區民權大橋西向東下橋處	25.0666115	121.5783946	0	0	1	2	8	7	8	14	11	1	5	4	5	13	1	1	3	4	4	2	17	1	9	1	5	1	10	1		2	2	11	
113	8	23	11	45	臺北市	南港區	南港區三重路與經貿二路口口	25.0606718	121.6142991	0	0	1	2	8	7	5	5	2	1	5	4	5	13	1	1	5	4	5	2	17	1	15	1	7	1	8	1		1	3	15	
113	8	23	12	27	臺北市	中山區	中山區中山北路1段82號	25.0490737	121.5211259	0	0	1	2	8	6	5	14	9	1	5	4	5	13	4	4	1	4	5	2	13	1	9	1	6	2	10	1		1	2	11	
113	8	23	12	27	臺北市	中山區	中山區長安東路2段與長安東路2段129巷口	25.0484846	121.5359587	0	0	1	2	7	5	5	4	2	1	5	4	5	13	4	4	5	4	5	2	3	5	18	8	4	10	20	1		1	2	16	
113	8	23	12	30	臺北市	內湖區	內湖區內湖路1段518巷0302318燈桿附近	25.0794542	121.5736621	0	0	2	2	7	6	5	14	9	5	5	4	5	13	4	4	10	5	5	1	16	1	5	1	6	2	10	1		1	2	12	
113	8	23	13	55	臺北市	北投區	北投區公館路與崇仁路1段口	25.1263677	121.5019345	0	0	3	4	8	5	5	4	2	1	5	4	5	13	2	1	4	3	5	1	17	1	5	1	7	1	8	1		1	3	5	2
113	8	23	14	6	臺北市	萬華區	萬華區環河南路2段與桂林路口	25.0391623	121.4977728	0	0	1	2	7	6	5	3	2	1	5	4	5	13	2	1	1	4	5	2	17	4	9	1	3	11	4	2		1	3	2	
113	8	23	14	10	臺北市	南港區	南港區南港路3段與南港路3段314巷口	25.0516054	121.5815383	0	0	1	2	7	7	5	4	2	1	5	4	5	13	2	1	9	4	4	2	16	4	4	1	3	1	8	1		2	3	6	
113	8	23	14	15	臺北市	北投區	北投區公館路與公館路228巷口	25.126457	121.5079625	0	0	1	2	7	6	5	4	1	1	5	4	5	13	3	1	9	4	5	2	15	1	9	1	7	2	8	1		1	3	1	
113	8	23	14	24	臺北市	信義區	信義區和平東路3段與基隆路2段口	25.0245833	121.5529072	0	0	1	2	6	6	5	4	1	1	4	4	5	13	2	1	1	4	5	2	13	4	9	1	3	9	10	1		1	2	11	
113	8	23	14	45	臺北市	萬華區	萬華區康定路與內江街口	25.0416993	121.502281	0	0	1	2	6	7	5	4	1	1	4	4	5	13	3	1	4	3	5	2	3	1	9	1	6	1	10	1		1	3	14	
113	8	23	15	53	臺北市	大安區	大安區基隆路2段與臥龍街口	25.0205727	121.5484548	0	0	1	2	6	6	5	3	2	1	4	4	1	13	4	4	1	4	5	2	29	4	9	1	6	1	8	1		3	2	11	
113	8	23	15	58	臺北市	信義區	信義區崇德街與崇德街31巷口	25.024285	121.5539509	0	0	2	2	6	6	5	4	1	1	4	4	5	13	4	4	9	4	5	2	3	1	9	1	5	2	10	1		2	2	11	
113	8	23	16	14	臺北市	萬華區	萬華區中華路1段與武昌街2段口	25.0442354	121.5087328	0	0	1	2	8	7	5	4	1	1	4	4	5	13	1	1	1	5	5	2	17	1	15	1	7	1	8	1		1	3	1	
113	8	23	16	17	臺北市	文山區	文山區羅斯福路6段與景隆街口	25.00022	121.539747	0	0	1	3	6	6	5	4	2	1	4	4	5	13	3	2	1	4	5	2	13	1	9	1	5	2	10	1		1	2	11	
113	8	23	16	20	臺北市	中山區	中山橋往南北端	25.0752929	121.525764	0	0	2	2	8	6	5	8	9	1	5	4	5	13	2	1	10	4	5	2	12	1	9	1	6	1	10	1		1	2	12	
113	8	23	16	23	臺北市	文山區	文山區木柵路1段與木柵路1段378巷口	24.988511	121.5565812	0	0	1	2	7	6	5	3	1	1	4	4	5	13	4	4	5	4	5	2	17	1	11	1	2	1	8	1		2	3	17	
113	8	23	16	30	臺北市	萬華區	萬華區東園街140巷與東園街口	25.0235748	121.4974893	0	0	1	2	7	6	5	4	18	1	4	4	5	13	2	1	8	3	5	1	3	1	5	1	7	1	8	1		1	3	4	
113	8	23	16	50	臺北市	中正區	中正區仁愛路1段與林森南路口	25.0385974	121.5215573	0	0	2	3	7	6	5	4	1	1	4	4	5	13	1	1	1	4	5	2	16	1	5	1	7	2	8	1		2	3	8	
113	8	23	17	3	臺北市	萬華區	萬華區華江橋往北市機車道001028燈桿	25.0354985	121.4878654	0	0	4	5	8	6	5	8	11	1	5	4	5	13	4	4	3	4	5	1	17	4	9	1	3	1	9	1		2	2	11	
113	8	23	17	22	臺北市	信義區	信義區一號道路與松壽路口	25.0361129	121.5619923	0	0	1	2	7	6	5	3	2	4	4	4	5	13	2	1	5	4	5	2	18	1	6	1	6	1	10	1		1	2	12	
113	8	23	17	26	臺北市	文山區	文山區福和橋機車道（7510064號燈桿）	25.00849936	121.5319954	0	0	2	3	6	6	5	8	11	1	4	4	4	13	4	4	10	4	5	1	13	1	9	1	6	1	10	1		1	2	11	
113	8	23	17	32	臺北市	萬華區	萬華區東園街192號	25.0217585	121.4984046	0	0	2	3	8	7	5	14	9	1	5	4	5	13	4	4	9	5	5	2	12	1	15	3	5	1	18	1		2	3	12	
113	8	23	17	43	臺北市	中山區	中山區民權東路3段與建國北路3段口	25.0622639	121.5367885	0	0	1	2	8	5	5	4	1	1	4	4	5	13	1	1	1	4	5	2	13	4	9	3	3	1	18	1		1	2	11	
113	8	23	17	55	臺北市	士林區	士林區天母東路6號前	25.11809877	121.5311384	0	0	1	2	8	6	5	14	9	1	5	4	5	13	4	4	3	4	5	2	17	1	9	1	6	1	10	2		4	2	17	
113	8	23	17	57	臺北市	內湖區	內湖區行愛路與行忠路口	25.0660774	121.5787219	0	0	3	3	8	7	8	5	2	1	5	4	5	13	2	1	1	4	5	2	16	1	8	1	6	1	10	1		1	2	12	
113	8	23	18	5	臺北市	北投區	北投區東華街1段與建民路口	25.11018359	121.5188183	0	0	1	2	7	7	5	3	2	1	5	4	5	13	4	4	10	4	5	2	13	1	9	1	5	1	10	1		2	2	11	
113	8	23	18	5	臺北市	南港區	南港區重陽路491號	25.0609251	121.6121735	0	0	1	2	7	5	5	14	8	1	4	4	3	13	4	4	9	5	4	2	16	4	11	1	3	1	4	1		1	3	4	
113	8	23	18	8	臺北市	士林區	士林區福林路與福林路254巷口口	25.09798786	121.5345038	0	0	2	2	8	6	5	4	1	1	5	4	5	13	2	1	5	4	5	2	16	1	5	1	6	1	10	1		1	2	13	
113	8	23	18	15	臺北市	內湖區	內湖區港墘路與洲子街口	25.0781152	121.575928	0	0	1	2	8	5	5	4	1	1	5	4	5	13	2	1	1	4	5	1	16	4	6	7	3	11	19	2		1	4	15	
113	8	23	18	23	臺北市	中正區	中正區開封街1段與懷寧街口	25.0460182	121.5141235	0	0	1	2	7	6	5	4	2	1	5	4	5	13	3	1	10	4	5	2	17	1	9	1	7	2	8	1		1	3	17	
113	8	23	18	25	臺北市	北投區	北投區中央北路2段與中央北路2段113巷口	25.1371461	121.4947637	0	0	2	2	8	6	5	14	9	1	5	4	5	13	4	4	9	4	5	2	16	1	5	1	5	1	10	1		1	2	11	
113	8	23	18	35	臺北市	中正區	中正區汀州路3段230巷17號前	25.01043204	121.534684	0	0	1	2	7	5	5	14	9	1	5	4	5	13	4	4	10	5	5	1	14	1	2	1	7	2	3	1		1	3	3	
113	8	23	18	45	臺北市	文山區	文山區興隆路3段207巷8弄與興隆路3段221巷口	24.9943584	121.5604595	0	0	1	2	7	5	5	4	2	1	5	4	5	13	4	4	10	5	5	2	14	1	2	1	7	2	8	1		2	3	6	
113	8	23	20	6	臺北市	中正區	中正區廣州街6號(南門國中前)	25.03534894	121.5091418	0	0	1	3	8	5	5	14	9	1	5	4	5	13	3	1	5	2	5	2	17	1	11	1	7	2	8	1		2	2	6	
113	8	23	20	12	臺北市	大安區	大安區光復南路180巷7號	25.04229583	121.5566747	0	0	1	2	7	5	5	4	1	1	5	4	5	13	4	4	10	5	5	2	14	4	2	1	3	1	8	1		2	3	6	
113	8	23	20	39	臺北市	萬華區	萬華區長沙街2段與康定路口	25.0405566	121.5019974	0	0	1	2	8	5	5	4	1	1	5	4	5	13	1	1	5	4	5	2	17	4	5	1	5	1	10	1		1	2	14	
113	8	23	21	2	臺北市	內湖區	內湖區東湖路43巷26弄與東湖路43巷口	25.0697974	121.6136361	0	0	2	3	8	5	6	4	1	1	5	4	5	13	4	4	10	5	5	2	15	1	9	1	6	2	10	1		2	2	11	
113	8	23	21	2	臺北市	士林區	士林區中正路與延平北路6段口	25.0868929	121.5095703	0	0	2	2	7	5	5	4	1	1	5	4	5	13	1	1	1	1	5	1	16	1	5	1	5	1	10	1		2	2	14	
113	8	23	21	26	臺北市	中正區	中正區汀州路1段與和平西路2段134巷口	25.0318949	121.5062883	0	0	1	2	8	5	5	4	1	1	5	4	5	13	4	4	5	2	5	2	17	1	9	1	5	2	10	1		1	3	11	
113	8	23	22	1	臺北市	中山區	中山區長春路247號	25.0547385	121.5393439	0	0	2	3	8	5	5	14	9	1	5	4	5	13	4	4	8	3	5	1	17	1	1	1	7	2	8	1		1	3	8	
113	8	23	22	51	臺北市	信義區	信義區忠孝東路4段與逸仙路口	25.0411242	121.5612466	0	0	1	2	8	5	5	14	9	1	5	4	5	13	4	4	1	4	5	2	12	1	9	1	7	1	4	1		1	3	2	
113	8	24	2	33	臺北市	信義區	信義區忠孝東路5段262號	25.0408173	121.5730433	0	0	1	2	7	5	5	14	9	1	5	4	5	13	4	4	1	4	5	2	17	4	9	1	3	8	10	1		1	2	12	
113	8	24	3	30	臺北市	文山區	文山區羅斯福路5段與羅斯福路5段218巷口口	25.0020919	121.5388782	0	0	1	2	8	5	5	4	18	1	5	4	5	13	2	1	10	5	5	2	1	1	5	1	7	2	8	1		2	3	8	
113	8	24	5	50	臺北市	中山區	中山區長安東路2段與建國北路1段口	25.0483444	121.5363205	0	0	1	2	8	7	5	4	1	1	5	4	5	13	1	1	9	4	5	2	12	1	15	1	5	1	10	1		1	2	11	
113	8	24	5	50	臺北市	文山區	文山區羅斯福路6段159巷與羅斯福路6段159巷1弄口口	24.9972396	121.5412009	0	0	1	2	8	6	5	4	1	1	5	4	5	13	3	1	10	5	5	2	15	1	9	1	6	2	10	1		1	2	12	
113	8	24	6	15	臺北市	萬華區	萬華區富民路95-1號	25.01825814	121.4994632	0	0	1	2	8	6	5	14	9	1	5	4	5	13	4	4	10	5	5	2	17	1	14	1	5	9	10	2		4	2	17	
113	8	24	6	30	臺北市	士林區	士林區延平北路6段與環河北路3段口	25.09038008	121.5011675	0	0	1	2	8	7	5	3	1	1	5	4	5	13	2	1	1	4	2	1	17	1	5	1	5	2	10	1		1	3	12	
113	8	24	6	32	臺北市	信義區	信義區莊敬路317號	25.0282645	121.5634136	0	0	1	2	8	6	5	14	9	1	5	4	5	13	2	1	9	5	5	2	9	1	9	1	7	2	2	1		1	3	17	
113	8	24	7	31	臺北市	萬華區	萬華區忠孝西路2段與昆明街口	25.04873552	121.5064585	0	0	2	2	8	7	5	4	1	1	5	4	5	13	2	1	1	4	5	2	15	1	9	1	6	1	10	1		1	2	12	
113	8	24	7	41	臺北市	信義區	信義區信安街與嘉興街181巷口	25.0260533	121.557466	0	0	1	2	8	6	5	4	2	1	5	4	5	13	2	1	9	5	5	2	16	1	5	1	5	1	10	1		1	3	11	
113	8	24	8	19	臺北市	大安區	大安區敦化南路1段與敦化南路1段252巷口	25.0397268	121.5486018	0	0	1	2	8	6	5	3	1	1	5	4	5	13	4	4	1	4	1	2	17	1	9	1	7	1	8	1		1	3	4	
113	8	24	8	31	臺北市	士林區	士林區仰德大道2段與仰德大道2段41巷口	25.104863	121.5435466	0	0	2	2	8	6	5	3	2	1	5	4	5	13	1	1	5	4	5	1	17	1	9	8	4	2	20	1		1	2	11	
113	8	24	8	43	臺北市	北投區	北投區中央北路4段346號	25.1304264	121.4722617	0	0	3	3	8	6	5	14	9	1	5	4	5	13	1	1	9	4	5	1	13	1	9	1	6	1	10	1		1	2	11	
113	8	24	9	34	臺北市	南港區	南港區重陽路與重陽路263巷口	25.0577342	121.6033816	0	0	1	2	8	7	5	4	2	1	5	4	5	13	4	4	9	4	4	2	15	4	9	1	3	1	8	1		1	3	6	
113	8	24	9	51	臺北市	萬華區	萬華區萬大路423巷10弄15號	25.0208432	121.4988807	0	0	2	2	8	5	5	14	9	1	5	4	5	13	4	4	10	5	5	1	10	4	9	6	3	7	18	1		1	2	11	
113	8	24	9	58	臺北市	文山區	文山區興隆路2段218號	25.0012683	121.5525396	0	0	1	3	8	6	5	14	9	1	5	4	5	13	4	4	9	5	5	2	17	1	1	1	7	2	8	1		1	3	1	
113	8	24	10	5	臺北市	內湖區	內湖區洲子街與內湖路1段518巷口口	25.0791236	121.5734713	0	0	1	3	8	6	5	4	1	1	5	4	5	13	2	1	5	4	5	2	17	1	5	1	5	1	10	1		2	2	17	
113	8	24	10	18	臺北市	內湖區	內湖區成功路2段115巷49弄與成功路2段115巷47弄口	25.06468965	121.5927665	0	0	2	3	8	5	5	3	1	2	5	4	5	13	4	4	9	4	5	2	16	1	5	1	5	1	10	1		2	3	11	
113	8	24	10	53	臺北市	士林區	士林區倫等街48巷與社中路458巷口	25.092839	121.5023824	0	0	1	2	7	6	5	4	2	1	5	4	5	13	4	4	10	5	5	1	15	4	9	1	3	1	8	1		2	3	1	
113	8	24	11	2	臺北市	內湖區	內湖區成功路2段456巷與成功路2段456巷口	25.07311723	121.5886143	0	0	1	2	8	5	5	3	1	1	5	4	5	13	4	4	10	5	5	2	17	1	6	1	5	4	10	1		1	2	11	
113	8	24	11	35	臺北市	士林區	士林區福華路141巷與德行西路94巷口	25.1027981	121.5214429	0	0	1	3	8	6	5	4	2	1	5	4	5	13	4	4	9	5	5	2	17	1	9	1	7	1	8	1		1	3	8	
113	8	24	11	42	臺北市	中山區	中山區林森北路與民權東路1段口	25.0625401	121.5256783	0	0	1	2	8	6	5	4	1	1	5	4	5	13	2	1	5	5	5	2	16	1	6	1	7	1	4	1		1	3	5	
113	8	24	11	43	臺北市	北投區	北投區光明路與中和街口	25.1372352	121.5037582	0	0	2	3	7	6	5	4	1	1	5	4	5	13	1	1	9	4	5	1	17	1	5	1	5	1	10	1		1	2	11	
113	8	24	11	56	臺北市	中山區	中山區合江街與龍江路298巷口	25.0618128	121.5392707	0	0	3	3	8	5	5	4	1	1	5	4	5	13	4	4	5	5	5	2	15	4	9	1	3	1	10	1		2	2	14	
113	8	24	12	3	臺北市	士林區	士林區天母東路70號	25.1180575	121.5347372	0	0	1	12	8	5	8	22	22	1	5	4	5	13	2	1	1	5	5	1	17	1	11	1	7	2	8	1		1	3	1	
113	8	24	12	4	臺北市	萬華區	萬華區萬大路與萬大路口566號前華中橋下涵洞	25.0182385	121.4966851	0	0	2	2	8	6	5	3	1	1	5	4	5	13	4	4	10	5	5	1	16	4	5	1	3	1	8	1		1	2	5	
113	8	24	12	25	臺北市	士林區	士林區承德路4段77巷與承德路4段口	25.0822132	121.5232531	0	0	1	2	8	6	5	5	1	1	5	5	5	13	4	4	1	4	5	2	18	1	9	1	5	2	10	1		2	2	14	
113	8	24	12	37	臺北市	大安區	大安區愛國東路與愛國東路210巷口	25.0320463	121.5240446	0	0	3	3	8	6	5	4	1	1	5	4	5	13	3	1	1	3	4	2	17	1	9	1	6	1	9	1		2	2	11	
113	8	24	12	50	臺北市	大安區	大安區龍泉街與泰順街16巷口	25.0252746	121.5292778	0	0	1	2	8	6	5	3	2	1	5	4	5	13	4	4	10	5	5	2	17	4	21	7	3	11	19	2		1	4	15	
113	8	24	13	21	臺北市	萬華區	萬華區和平西路3段與昆明街口	25.0345642	121.5040907	0	0	1	2	8	6	5	5	1	1	5	4	5	13	2	1	1	4	5	2	16	4	6	1	3	1	4	1		1	3	2	
113	8	24	13	34	臺北市	內湖區	內湖區康寧路3段與金湖路口	25.0735282	121.605563	0	0	3	3	8	5	5	4	1	1	5	4	5	13	2	1	1	4	5	2	17	1	15	1	5	9	10	1		2	2	12	
113	8	24	14	20	臺北市	中正區	中正區羅斯福路1段與林森南路地下道口	25.0329664	121.5182534	0	0	1	2	8	7	5	5	1	1	5	4	5	13	1	1	1	4	5	2	17	4	5	1	5	1	10	1		2	2	13	
113	8	24	14	21	臺北市	大同區	大同區延平北路2段與延平北路2段144巷口	25.0575943	121.5114898	0	0	2	2	8	6	5	4	1	1	5	4	5	13	4	4	5	4	5	2	17	1	11	1	6	1	10	1		1	2	12	
113	8	24	14	25	臺北市	中山區	中山區伊通街與建國北路1段78巷口	25.0493475	121.5347407	0	0	1	2	8	7	5	4	1	1	5	4	5	13	4	4	9	5	5	2	15	1	9	8	4	1	20	1		1	2	12	
113	8	24	14	25	臺北市	信義區	信義區忠孝東路5段與松山路口	25.0406036	121.5779353	0	0	2	2	8	6	5	4	4	1	5	4	5	13	1	1	5	4	5	2	12	1	8	1	5	2	10	1		1	2	12	
113	8	24	14	29	臺北市	士林區	士林區延平北路7段106巷與通河西街2段口堤外便道	25.0939435	121.5027554	0	0	1	2	8	6	5	3	1	1	5	4	5	13	4	4	10	5	5	1	17	1	5	1	7	1	8	1		1	3	17	
113	8	24	14	48	臺北市	中山區	中山區北安路與大直街口	25.07993465	121.5474089	0	0	1	2	8	5	5	5	1	1	5	4	5	13	1	1	1	4	5	2	11	4	9	1	3	1	8	1		2	3	5	
113	8	24	14	48	臺北市	北投區	北投區致遠二路與西安街2段口	25.1175178	121.513224	0	0	1	2	8	5	5	4	2	1	5	4	5	13	1	1	7	4	5	1	11	1	15	1	7	1	8	1		1	3	17	
113	8	24	15	15	臺北市	松山區	松山區八德路4段與基隆路1段口	25.0496837	121.5699473	0	0	2	2	8	7	5	5	2	1	5	4	5	13	1	1	8	3	5	2	13	1	9	1	5	1	10	1		2	2	13	
113	8	24	15	29	臺北市	南港區	南港區忠孝東路6段297號與忠孝東路6段口317號	25.0500464	121.5911155	0	0	3	3	8	6	5	4	1	1	5	4	5	13	4	4	10	5	5	2	16	1	1	1	5	1	10	1		2	2	11	
113	8	24	15	49	臺北市	士林區	士林區中正路210號	25.0955337	121.5266018	0	0	1	3	8	6	5	14	9	1	5	4	5	13	4	4	10	3	5	1	13	1	9	1	7	1	8	1		2	3	8	
113	8	24	16	10	臺北市	大安區	大安區和平東路2段與新生南路2段口	25.0259187	121.5350489	0	0	1	2	8	7	5	4	1	1	5	4	5	13	2	1	3	4	5	1	16	4	6	1	6	1	10	1		1	2	11	
113	8	24	16	15	臺北市	內湖區	內湖區成功路4段61巷與成功路4段口	25.0821066	121.5918803	0	0	1	2	8	6	5	3	1	1	5	4	5	13	1	1	1	5	5	2	16	1	5	1	7	2	8	1		1	3	6	
113	8	24	17	1	臺北市	松山區	松山區民權東路5段與撫遠街400巷口	25.0631319	121.5648558	0	0	1	2	8	7	5	3	1	1	5	4	5	13	1	1	1	3	5	2	16	1	9	1	5	1	10	1		1	2	11	
113	8	24	17	11	臺北市	文山區	文山區萬芳路18號	24.9958599	121.5706188	0	0	1	2	8	7	5	14	9	1	5	4	5	13	4	4	5	4	5	2	3	5	16	8	4	10	20	1		2	3	16	
113	8	24	17	20	臺北市	士林區	士林區延平北路7段106巷與延平北路7段106巷口堤外	25.101578	121.4961315	0	0	2	3	8	6	5	3	2	1	5	4	5	13	4	4	10	5	5	1	14	1	2	1	7	1	4	1		1	3	6	
113	8	24	17	20	臺北市	大安區	大安區基隆路2段120號	25.0289657	121.5570782	0	0	1	2	8	6	5	14	9	1	5	4	5	13	4	4	1	4	5	2	17	1	8	1	6	2	10	1		1	2	11	
113	8	24	17	27	臺北市	北投區	北投區立農街2段與石牌路2段99巷口	25.1184242	121.5172385	0	0	1	2	8	6	5	4	1	1	5	4	5	13	1	1	5	4	5	1	17	1	6	1	7	1	8	1		1	3	6	12
113	8	24	17	39	臺北市	大安區	大安區敦化南路2段與敦化南路2段63巷口	25.0309523	121.5489971	0	0	1	2	8	6	5	4	1	1	5	4	5	13	2	1	1	4	5	1	16	4	5	1	3	2	8	1		1	3	2	
113	8	24	18	4	臺北市	中山區	中山區北安路845號	25.0845965	121.5578652	0	0	1	2	7	5	5	14	23	1	5	4	5	13	4	4	1	4	4	2	9	5	16	8	4	10	20	1		1	2	16	