年	月	日	時	分	縣市	行政區	allLocation	GoogleLat	GoogleLng	死	2-30	受傷	當事人數	天候	道路照明設備	道路類別	道路型態	事故位置	路面狀況1	路面狀況2	路面狀況3	道路障礙1	道路障礙2	號誌1	號誌2	車道劃分-分向	車道劃分-分道1	車道劃分-分道2	車道劃分-分道3	事故類型及型態	行動電話	當事者行動狀態	駕駛資格情形	保護裝置	飲酒情形	駕駛執照種類	個人肇逃否	肇因碼-主要	性別	受傷程度	車輛撞擊部位1	車輛撞擊部位2
113	8	24	18	7	臺北市	松山區	松山區塔悠路與健康路口	25.0545879	121.5699466	0	0	1	2	7	5	5	3	1	1	5	4	5	13	2	1	1	4	5	2	2	1	5	1	7	1	8	1		1	3	5	
113	8	24	18	35	臺北市	信義區	信義區忠孝東路5段1-6號	25.0413236	121.5650142	0	0	1	3	7	5	5	14	9	1	5	4	5	13	4	4	1	4	5	2	10	4	9	1	3	2	14	1		2	3	5	
113	8	24	19	5	臺北市	松山區	松山區八德路4段與中坡北路口	25.05028	121.5795375	0	0	2	3	8	5	5	4	1	1	5	4	5	13	2	1	1	4	5	2	16	1	6	1	5	1	10	1		1	3	12	
113	8	24	19	22	臺北市	大安區	大安區和平東路3段與敦化南路2段口	25.0246305	121.5484649	0	0	1	2	7	5	5	4	1	1	5	4	5	13	2	1	10	5	5	2	16	4	5	1	3	1	8	1		1	3	5	
113	8	24	21	48	臺北市	信義區	信義區基隆路2段79巷與基隆路2段79巷1弄口	25.0300588	121.5584071	0	0	1	2	7	5	5	4	1	1	5	4	5	13	4	4	9	5	5	2	15	4	9	1	3	1	10	1		1	2	14	
113	8	24	22	15	臺北市	文山區	文山區新光路2段與新光路2段74巷口	24.9962296	121.5939044	0	0	2	3	8	5	5	3	1	1	2	4	5	13	4	4	10	5	5	2	29	4	15	1	5	2	10	1		1	2	14	
113	8	24	22	20	臺北市	中山區	中山區民權東路2段與建國北路2段口	25.0623126	121.5364964	0	0	2	3	8	5	5	4	2	1	5	4	5	13	1	1	1	4	5	2	13	1	9	1	5	1	10	1		2	2	11	
113	8	24	22	53	臺北市	中山區	中山區農安街與吉林路口	25.064847	121.530575	0	0	1	2	8	5	5	4	2	1	5	4	5	13	1	1	9	4	5	2	17	1	9	1	7	1	8	1		2	3	5	
113	8	24	23	5	臺北市	大安區	大安區文昌街250巷與通化街19巷口	25.0316538	121.5557157	0	0	2	4	8	5	5	4	1	2	5	4	3	10	4	4	10	5	5	1	15	4	9	1	6	2	10	1		1	2	12	
113	8	24	23	17	臺北市	大安區	大安區仁愛路4段266巷與仁愛路4段300巷口	25.037062	121.5529566	0	0	2	3	8	5	5	4	1	1	5	4	5	13	2	1	5	5	5	1	16	4	5	1	3	2	10	1		2	2	12	
113	8	24	23	20	臺北市	中山區	中山區新生北路2段74號	25.05749741	121.5274233	0	0	1	2	8	5	5	14	9	1	5	4	5	13	4	4	1	4	5	2	16	1	1	1	7	1	8	1		1	3	8	
113	8	25	0	16	臺北市	北投區	北投區公館路與西安街2段口口	25.1213771	121.5027611	0	0	1	3	8	5	5	4	1	1	5	4	5	13	2	1	5	4	5	2	17	1	6	1	7	1	8	1		1	3	6	
113	8	25	0	18	臺北市	中山區	中山區北安路與大直街口	25.0799329	121.5473713	0	0	1	2	8	5	5	5	1	1	5	4	5	13	1	1	9	4	1	2	12	1	9	1	7	1	4	1		1	3	4	
113	8	25	0	38	臺北市	文山區	文山區木柵路2段與木柵路2段109巷口	24.9888603	121.5617205	0	0	1	2	8	5	5	5	1	1	5	4	5	13	2	1	10	5	5	2	17	4	5	1	3	2	8	1		1	3	6	
113	8	25	1	12	臺北市	中山區	中山區植福路與植福路286巷口	25.0815854	121.5611952	0	0	1	2	8	5	5	4	1	1	5	4	5	13	3	1	5	5	5	2	15	1	9	1	5	1	10	1		2	2	11	
113	8	25	1	53	臺北市	信義區	信義區基隆路1段與松隆路口	25.0433282	121.5658749	0	0	1	2	8	5	5	4	1	1	5	4	5	13	2	1	3	4	5	2	17	1	6	1	7	2	8	1		1	3	2	
113	8	25	3	0	臺北市	大同區	大同區台北橋機慢車道往三重上橋第三燈桿	25.06312243	121.5107877	0	0	2	3	8	6	5	8	11	1	5	4	5	13	4	4	8	3	5	2	18	1	9	1	6	1	10	1		1	2	17	
113	8	25	3	0	臺北市	萬華區	萬華區西藏路與中華路2段口	25.03000436	121.5041366	0	0	1	2	8	5	5	4	1	1	5	4	5	13	1	1	1	4	5	2	17	1	6	1	7	1	8	1		1	3	5	
113	8	25	7	7	臺北市	萬華區	萬華區康定路與桂林路口	25.0384444	121.5017987	0	0	1	2	8	5	5	4	1	1	5	4	5	13	2	1	8	3	5	1	16	4	5	1	3	1	10	1		1	3	11	
113	8	25	7	38	臺北市	大同區	大同區民生西路與寧夏路口	25.0569656	121.5156352	0	0	1	2	8	5	5	4	1	1	5	4	5	13	2	1	5	4	5	2	15	1	9	3	6	2	18	1		1	3	11	
113	8	25	8	51	臺北市	中正區	中正區仁愛路1段與仁愛路1段36巷口	25.03844428	121.5228567	0	0	3	6	8	6	5	3	2	1	5	4	5	13	4	4	1	1	1	2	13	1	5	1	6	2	10	1		2	2	13	
113	8	25	8	54	臺北市	大安區	大安區信義路3段與新生南路1段口	25.0338608	121.5328351	0	0	1	2	8	6	5	4	1	1	5	4	5	13	1	1	10	5	3	2	17	1	8	1	7	1	8	1		1	3	3	
113	8	25	8	55	臺北市	大安區	大安區永康街2巷與麗水街口	25.0332406	121.5291293	0	0	1	2	8	6	5	4	1	1	5	4	5	13	4	4	5	5	5	2	15	1	9	1	6	1	10	1		1	2	11	
113	8	25	9	0	臺北市	內湖區	內湖區民權東路6段191巷20弄與民權東路6段175巷口	25.06858808	121.5970115	0	0	1	2	8	6	5	4	1	1	5	4	5	13	4	4	10	5	5	2	15	3	9	1	5	2	10	1		2	2	11	
113	8	25	9	30	臺北市	大同區	大同區環河北路2段與民族西路口	25.0688449	121.509135	0	0	1	4	8	6	5	5	1	1	5	4	5	13	2	1	1	4	5	2	17	1	9	1	7	2	4	1		1	3	8	
113	8	25	9	35	臺北市	士林區	士林區社中街227號	25.09134659	121.5078895	0	0	1	2	8	5	8	22	22	1	5	4	5	13	4	4	5	5	5	1	12	2	9	1	5	1	10	1		1	2	11	
113	8	25	9	38	臺北市	大安區	大安區基隆路4段43號	25.0137788	121.5404927	0	0	1	2	8	6	5	14	9	1	5	4	5	13	2	1	10	4	4	2	17	1	6	1	7	1	8	1		1	3	2	
113	8	25	10	1	臺北市	文山區	文山區羅斯福路4段與基隆路4段口	25.0110079	121.5369801	0	0	2	3	8	6	5	4	1	1	5	4	5	13	1	1	1	4	5	2	16	1	5	1	6	1	10	1		1	3	14	
113	8	25	10	20	臺北市	士林區	士林區德行東路238號	25.1095244	121.5334838	0	0	1	2	8	6	5	14	9	1	5	4	5	13	4	4	5	4	5	1	13	1	9	1	6	1	10	1		1	2	11	
113	8	25	11	3	臺北市	萬華區	萬華區萬大路與萬大路187巷口	25.0278943	121.5005563	0	0	1	2	8	7	5	4	2	1	5	4	5	13	4	4	10	3	5	2	17	1	9	1	5	2	10	1		2	2	14	
113	8	25	12	2	臺北市	內湖區	內湖區東湖路113巷與東湖路113巷95弄口	25.07202297	121.6156406	0	0	1	2	8	6	5	4	1	1	5	4	5	13	3	1	10	5	5	2	17	1	9	1	7	2	4	1		1	3	1	
113	8	25	12	3	臺北市	士林區	士林區延平北路7段106巷132弄旁	25.0998542	121.4962472	0	0	1	2	8	6	5	14	9	1	5	4	5	13	4	4	10	5	5	1	11	1	9	1	7	11	4	1		1	3	15	
113	8	25	12	45	臺北市	萬華區	萬華區萬大路277巷33弄與萬大路237巷10弄口	25.02592919	121.5017463	0	0	1	2	8	7	5	4	2	1	5	4	5	13	4	4	10	5	5	2	6	5	18	8	4	10	20	1		1	2	16	
113	8	25	12	48	臺北市	大安區	大安區基隆路2段188號	25.02485716	121.5529983	0	0	1	2	8	5	8	22	22	1	5	4	5	13	4	4	10	5	5	2	9	4	2	1	3	2	4	1		1	3	3	
113	8	25	12	53	臺北市	中山區	中山區南京東路2段2號	25.0519733	121.528252	0	0	1	3	8	6	5	14	8	1	5	4	5	13	4	4	1	4	4	2	12	4	14	7	3	11	19	2		4	4	2	
113	8	25	13	8	臺北市	文山區	文山區景美堤外便道北往南(電桿:福和040旁)	25.00632945	121.5338262	0	0	1	2	8	6	8	22	22	1	5	4	5	13	4	4	9	5	5	2	17	1	8	8	4	1	20	1		2	3	13	
113	8	25	13	25	臺北市	萬華區	萬華區漢口街2段90巷與漢口街2段90巷8弄口	25.0456803	121.504562	0	0	2	3	8	6	5	4	1	1	5	4	5	13	4	4	10	5	5	2	15	1	9	1	5	1	10	1		2	3	11	
113	8	25	13	50	臺北市	大同區	大同區延平北路3段18巷與民權西路245巷口	25.0639398	121.5103523	0	0	1	2	8	6	5	4	1	1	5	4	5	13	4	4	10	5	5	2	15	1	21	6	5	11	10	2		1	4	12	
113	8	25	14	6	臺北市	大同區	大同區承德路2段與民權西路口	25.062811	121.5179601	0	0	1	3	8	5	5	14	9	1	5	4	5	13	1	1	1	4	5	2	13	1	9	1	5	1	10	1		2	3	11	
113	8	25	14	15	臺北市	文山區	文山區懷恩隧道往新店方向	24.991707	121.5513941	0	0	1	2	8	6	5	11	9	1	5	4	5	13	4	4	9	4	5	2	12	1	9	1	5	1	10	1		1	2	14	
113	8	25	14	20	臺北市	中山區	中山區北安路與北安路458巷41弄口	25.0798551	121.5473115	0	0	3	3	8	6	6	5	1	1	5	4	5	13	2	1	3	4	5	2	16	1	5	1	6	1	10	1		1	2	11	
113	8	25	14	51	臺北市	信義區	信義區信義路6段與松山路口	25.0361826	121.5784959	0	0	3	3	8	7	5	4	1	1	5	4	5	13	2	1	10	5	5	2	15	1	9	1	5	1	10	1		1	2	12	
113	8	25	15	19	臺北市	中正區	中正區中華路1段與忠孝西路1段口	25.0477276	121.5100538	0	0	5	6	8	6	5	14	9	1	5	4	5	13	1	1	3	4	4	2	16	1	7	3	6	2	18	1		1	2	14	
113	8	25	15	19	臺北市	大安區	大安區大安路1段與敦化南路1段190巷口	25.0426659	121.5461509	0	0	2	4	8	7	5	22	9	1	5	4	5	13	4	4	10	4	5	2	17	4	9	1	3	9	8	2		1	4	17	
113	8	25	15	28	臺北市	士林區	士林區百齡橋引道前(往社子方向)	25.0904188	121.5152581	0	0	1	2	8	5	5	11	12	1	5	4	5	13	4	4	10	4	5	1	17	1	9	1	6	2	10	1		1	3	11	
113	8	25	16	0	臺北市	北投區	北投區承德路7段與石牌路1段口	25.1124812	121.5089905	0	0	1	2	7	6	5	3	1	1	5	4	5	13	2	1	1	5	5	2	17	1	9	1	7	1	8	1		1	3	5	
113	8	25	16	23	臺北市	北投區	北投區東華街1段400巷與東陽街432巷口	25.1110234	121.51893	0	0	1	2	8	5	5	4	1	1	5	4	5	13	4	4	5	5	5	2	3	1	9	1	7	11	8	2		1	3	2	
113	8	25	16	34	臺北市	大安區	大安區和平東路3段與臥龍街口	25.0246452	121.546779	0	0	1	2	8	6	5	4	1	1	5	4	5	13	2	1	1	5	5	2	3	1	5	1	7	1	8	1		1	3	4	
113	8	25	16	52	臺北市	北投區	北投區尊賢街251巷與承德路7段304巷口	25.1170171	121.5051335	0	0	1	2	8	6	5	4	1	1	5	4	5	13	4	4	10	5	5	2	15	1	9	1	7	2	8	1		1	3	1	
113	8	25	17	5	臺北市	南港區	南港區東新街203號	25.0468031	121.5939996	0	0	1	2	8	5	5	14	9	1	5	4	5	13	4	4	4	5	5	2	11	1	9	1	7	2	5	1		1	3	7	
113	8	25	17	22	臺北市	大同區	大同區鄭州路與環河北路1段口(東南角）	25.0505629	121.5070262	0	0	1	2	7	6	5	5	2	1	5	4	5	13	2	1	8	3	5	1	17	4	8	1	3	2	8	1		1	3	2	
113	8	25	17	30	臺北市	大同區	大同區忠孝橋機慢車道往三重	25.0491652	121.5060323	0	0	7	9	8	6	5	14	11	1	5	4	5	13	4	4	1	2	5	2	17	1	9	1	6	1	10	1		2	2	12	
113	8	25	17	51	臺北市	中山區	中山區中山北路3段與民族東路口	25.06835388	121.5229705	0	0	2	2	8	6	5	4	1	1	5	4	5	13	1	1	1	4	5	2	16	1	6	1	6	1	9	1		1	2	13	
113	8	25	18	16	臺北市	信義區	信義區松德路133巷與松德路169巷口	25.0363586	121.5759101	0	0	3	3	7	5	5	4	1	1	5	4	5	13	4	4	8	3	5	2	17	4	9	1	3	1	10	1		1	2	11	
113	8	25	19	32	臺北市	信義區	信義區福德街282號	25.0390173	121.586533	0	0	2	3	8	5	5	14	9	1	5	4	5	13	4	4	5	4	5	2	3	1	9	1	5	1	10	1		1	2	11	
113	8	25	20	6	臺北市	松山區	松山區民權東路3段與民族東路口	25.0617788	121.5499338	0	0	1	2	8	5	5	3	2	1	5	4	5	13	4	4	1	4	5	2	18	1	9	1	6	9	10	1		1	2	11	
113	8	25	20	37	臺北市	大同區	大同區民權西路104號對面	25.06302477	121.5175514	0	0	2	3	7	5	5	14	9	1	5	4	5	13	4	4	1	4	5	2	17	1	9	1	5	2	10	1		1	2	11	
113	8	25	22	9	臺北市	大安區	大安區市民大道4段與敦化南路1段口	25.0447463	121.5490722	0	0	2	2	8	5	5	4	1	1	5	4	5	13	1	1	1	4	5	2	13	1	14	1	5	1	10	1		1	2	11	
113	8	25	22	9	臺北市	大安區	大安區復興南路2段142號	25.028658	121.5434196	0	0	1	2	8	5	5	14	9	1	5	4	5	13	2	1	8	3	5	1	16	1	9	1	6	1	9	1		1	3	14	
113	8	25	22	23	臺北市	中正區	中正區中山南路與仁愛路1段口	25.0393742	121.5179461	0	0	1	2	8	5	5	5	1	1	5	4	5	13	1	1	10	5	2	1	16	1	6	1	6	2	10	1		1	2	12	
113	8	25	22	25	臺北市	大同區	大同區錦西街與承德路2段口	25.0601914	121.518291	0	0	1	2	8	5	5	4	1	1	5	4	5	13	2	1	8	3	5	2	16	1	5	1	7	1	8	1		1	3	5	
113	8	25	22	34	臺北市	信義區	信義區基隆路2段107號	25.0295433	121.5575277	0	0	1	3	8	5	5	14	9	1	5	4	5	13	3	1	1	4	5	2	17	1	8	1	7	1	8	1		1	3	5	
113	8	25	22	36	臺北市	信義區	信義區信義路5段16號	25.0328972	121.5631052	0	0	1	3	8	5	5	14	9	1	5	4	5	13	4	4	1	4	5	2	17	1	14	1	7	1	8	1		1	3	7	
113	8	25	23	34	臺北市	大安區	大安區忠孝東路4段148-5號	25.0414056	121.5498073	0	0	1	2	8	5	5	14	9	1	5	4	5	13	4	4	1	4	5	1	13	4	8	1	3	1	4	1		1	3	3	
113	8	26	0	1	臺北市	大安區	大安區龍泉街13號	25.0254683	121.5292621	0	0	1	3	8	5	8	14	9	1	5	4	5	13	4	4	10	5	5	2	12	4	9	1	3	1	4	1		1	3	2	
113	8	26	4	46	臺北市	萬華區	萬華區忠孝西路2段與忠孝西路2段16巷口	25.0482212	121.5085736	0	0	1	2	8	5	5	3	1	1	5	4	5	13	4	4	1	4	5	2	3	1	6	1	7	1	2	1		1	3	1	
113	8	26	6	53	臺北市	萬華區	萬華區堤外便道自行車道3014665燈桿	25.03835093	121.494314	0	0	1	2	8	6	5	14	23	1	5	4	5	13	4	4	10	5	5	2	4	5	16	8	4	10	20	1		2	2	16	
113	8	26	7	27	臺北市	內湖區	內湖區新明路198號前	25.0571509	121.5849884	0	0	2	3	8	5	5	14	7	1	5	4	5	13	4	4	5	5	4	2	16	1	11	1	7	2	4	1		1	3	8	
113	8	26	7	31	臺北市	中正區	中正區和平西路2段100號對面	25.0301723	121.5100684	0	0	2	4	8	7	5	14	9	1	5	4	5	13	4	4	1	4	5	2	12	4	1	6	7	2	18	1		1	3	8	
113	8	26	7	44	臺北市	大同區	大同區民權西路146號	25.0628615	121.5157738	0	0	1	2	8	7	5	14	9	1	5	4	5	13	2	1	1	4	5	2	17	4	9	1	3	1	10	1		2	2	11	
113	8	26	7	54	臺北市	中正區	中正區中山北路1段與市民大道1段口	25.0480804	121.5202554	0	0	1	2	8	6	5	4	2	1	5	4	5	13	1	1	1	4	5	2	13	1	9	1	6	2	10	1		1	2	11	
113	8	26	8	15	臺北市	中正區	中正區重慶南路3段與福州街口	25.0273209	121.5161803	0	0	2	2	8	7	5	4	2	1	5	4	5	13	1	1	1	5	5	2	13	1	9	1	5	1	10	1		1	2	11	
113	8	26	8	15	臺北市	松山區	松山區南京東路5段250巷與南京東路5段口	25.0512791	121.5657644	0	0	2	3	8	5	5	14	9	1	5	4	5	13	1	1	1	4	5	2	13	1	12	1	6	1	10	1		1	3	13	
113	8	26	8	20	臺北市	內湖區	內湖區內湖路1段387巷8號	25.0823089	121.5683655	0	0	1	2	8	6	5	14	9	1	5	4	5	13	4	4	9	5	5	2	12	1	9	1	6	2	10	1		1	3	13	
113	8	26	8	22	臺北市	大同區	大同區承德路2段與錦西街口	25.0601593	121.5183493	0	0	1	2	8	6	5	5	1	1	5	4	5	13	2	1	1	4	5	2	17	1	6	1	7	1	8	1		1	3	6	
113	8	26	8	45	臺北市	士林區	士林區中正路與延平北路5段口	25.08657733	121.5092885	0	0	1	3	8	6	5	4	1	1	5	4	5	13	2	1	1	4	5	1	12	1	15	1	7	1	8	1		1	3	2	
113	8	26	8	48	臺北市	松山區	松山區健康路與延壽街330巷口	25.0540398	121.5604859	0	0	4	4	8	7	5	4	1	1	5	4	5	13	1	1	1	4	4	2	17	1	5	1	6	2	11	1		2	2	11	
113	8	26	8	54	臺北市	萬華區	萬華區堤外便道(桂林往大理)	25.0353053	121.4900572	0	0	2	2	8	7	5	14	9	1	5	4	5	13	4	4	10	5	5	2	17	1	1	1	5	1	10	1		1	2	12	
113	8	26	9	0	臺北市	內湖區	內湖區內湖路3段與內湖路3段60巷口	25.0860966	121.5921435	0	0	2	2	8	5	5	5	1	1	5	4	5	13	1	1	10	5	5	2	16	1	5	1	6	1	9	1		1	2	12	
113	8	26	9	10	臺北市	內湖區	內湖區陽光街321巷18號	25.0726531	121.5787183	0	0	2	5	8	7	5	14	9	1	5	4	5	13	4	4	8	3	5	1	12	4	9	1	3	2	4	1		1	2	5	
113	8	26	9	17	臺北市	北投區	北投區光明路與泉源路口	25.137205	121.5038002	0	0	2	2	8	5	5	4	1	1	5	4	5	13	2	1	5	4	5	2	16	1	5	1	5	9	10	2		1	2	14	
113	8	26	9	20	臺北市	內湖區	內湖區內湖路1段捷運西湖站2號出口	25.0820612	121.5674036	0	0	1	2	8	6	5	14	8	1	5	4	5	13	4	4	1	4	4	2	12	1	1	1	5	1	10	1		2	2	14	
113	8	26	9	25	臺北市	大安區	大安區復興南路2段345號	25.0233253	121.5434202	0	0	1	2	8	6	5	14	7	1	5	4	5	13	4	4	1	4	4	2	13	1	9	1	7	1	8	1		2	2	8	
113	8	26	9	43	臺北市	大安區	大安區和平東路1段22號與和平東路1段口	25.0269097	121.5235328	0	0	1	4	8	6	5	14	9	1	5	4	5	13	4	4	10	4	5	2	13	1	9	1	6	1	10	1		1	2	11	
113	8	26	9	44	臺北市	大安區	大安區市民大道3段與八德路2段口口	25.0450002	121.5341731	0	0	2	2	8	6	5	5	2	1	5	4	5	13	2	1	1	4	5	2	13	1	9	1	5	1	10	1		2	2	11	
113	8	26	9	46	臺北市	南港區	南港區舊莊街1段與舊莊街1段91巷口	25.0407559	121.6191742	0	0	1	2	8	6	5	3	1	1	5	4	5	13	4	4	4	3	5	2	16	4	5	1	3	2	8	1		1	3	2	
113	8	26	10	7	臺北市	大同區	大同區通河西街堤外便道	25.07780979	121.5175649	0	0	1	2	8	6	5	3	1	1	5	4	5	13	4	4	8	4	5	2	16	4	5	1	3	1	8	1		1	3	8	
113	8	26	10	14	臺北市	南港區	南港區三重路與經貿二路62巷口	25.0570386	121.6141061	0	0	1	2	8	6	5	3	2	1	5	4	5	13	1	1	5	4	5	2	16	1	5	1	7	2	8	1		1	3	8	
113	8	26	10	18	臺北市	文山區	文山區木新路2段與木新路2段158巷口口	24.9839307	121.5685801	0	0	1	2	8	6	5	4	2	1	5	4	5	13	2	1	5	4	5	2	16	1	11	8	2	1	20	1		2	2	14	
113	8	26	10	45	臺北市	文山區	文山區景文街129號	24.9902576	121.541088	0	0	2	2	8	6	5	14	7	1	5	4	5	13	4	4	5	5	4	2	3	5	18	8	4	10	20	1		2	2	16	
113	8	26	11	19	臺北市	中正區	中正區鄭州路西往東(Y12出口)	25.0487661	121.5158202	0	0	1	3	8	5	5	14	9	1	5	4	5	13	4	4	9	4	5	2	12	1	9	1	5	2	10	1		1	2	14	
113	8	26	11	30	臺北市	士林區	士林區華齡街與大南路口	25.0886042	121.5199631	0	0	2	3	8	6	5	3	1	1	5	4	5	13	4	4	5	5	5	2	17	4	6	6	3	1	10	1		1	2	14	
113	8	26	11	55	臺北市	信義區	信義區忠孝東路4段與基隆路1段口	25.0410826	121.5642869	0	0	2	2	8	7	5	4	1	1	5	4	5	13	1	1	1	4	5	2	12	4	9	1	3	1	10	1		2	2	11	
113	8	26	12	10	臺北市	大安區	大安區市民大道4段196號	25.0443891	121.5550563	0	0	1	2	8	6	5	14	9	1	5	4	5	13	4	4	10	3	5	2	17	4	21	7	3	9	19	2		1	4	15	
113	8	26	12	40	臺北市	南港區	南港區興南街與重陽路口	25.0575123	121.604123	0	0	2	2	8	6	5	3	2	1	5	4	5	13	1	1	5	4	5	2	17	1	11	1	6	1	10	1		1	2	12	
113	8	26	12	49	臺北市	松山區	松山區光復北路與光復北路11巷口	25.0491548	121.557928	0	0	1	2	8	7	5	4	1	1	5	4	5	13	2	1	1	4	5	2	15	1	15	1	7	1	8	1		1	3	3	
113	8	26	12	56	臺北市	萬華區	萬華區成都路與康定路口	25.0435309	121.5026857	0	0	1	2	8	6	5	5	1	1	5	4	5	13	1	1	8	3	5	1	17	1	5	1	5	1	10	1		2	2	14	
113	8	26	13	46	臺北市	萬華區	萬華區萬大路212號	25.02713231	121.5005036	0	0	1	2	8	6	5	14	9	4	5	4	5	13	4	4	1	5	5	2	17	1	9	1	5	1	11	1		2	3	17	
113	8	26	13	57	臺北市	中正區	中正區杭州南路1段與仁愛路1段口	25.0380893	121.5251616	0	0	1	2	8	6	5	4	2	1	5	4	5	13	2	1	10	4	5	2	16	1	9	1	6	2	10	1		2	2	12	
113	8	26	14	7	臺北市	士林區	士林區雨農路7巷20號	25.0969676	121.5311056	0	0	2	2	7	7	5	14	9	1	5	4	5	13	4	4	10	5	5	1	7	1	9	1	5	1	10	1		1	2	11	
113	8	26	15	23	臺北市	大同區	大同區太原路41號	25.0511172	121.5156085	0	0	1	2	8	6	5	14	9	1	5	4	5	13	4	4	5	4	5	2	17	4	13	1	7	1	8	1		2	3	4	
113	8	26	15	32	臺北市	中正區	中正區杭州南路1段與徐州路口	25.040194	121.5257404	0	0	2	2	8	6	5	4	1	1	5	3	4	13	1	1	10	5	5	2	16	1	5	1	6	2	10	1		2	2	14	
113	8	26	15	40	臺北市	中山區	中山區新生北路3段與民族東路口	25.06833359	121.5275873	0	0	2	3	8	7	5	4	1	1	5	4	5	13	1	1	5	4	5	2	16	1	6	5	7	1	8	1		2	3	2	
113	8	26	15	40	臺北市	南港區	南港區南港路3段與東新街口	25.0517148	121.582687	0	0	2	3	8	7	8	5	1	1	5	4	5	13	1	1	4	3	5	2	15	4	15	1	3	1	8	1		1	3	5	
113	8	26	15	54	臺北市	大同區	大同區台北橋282526燈桿	25.0637275	121.5078567	0	0	1	2	8	7	5	14	11	1	5	4	5	13	4	4	1	4	5	2	17	4	9	1	3	1	10	1		1	3	14	
113	8	26	16	0	臺北市	士林區	士林區忠誠路1段與忠誠路1段173巷口	25.1073627	121.530523	0	0	1	2	8	6	5	4	2	1	5	4	5	13	4	4	1	4	4	2	12	4	9	1	3	2	2	1		1	3	15	
113	8	26	16	8	臺北市	文山區	文山區汀州路4段與汀州路4段105巷口口	25.006675	121.5364423	0	0	1	2	8	6	5	3	1	1	5	4	5	13	4	4	9	5	5	2	16	1	11	1	7	1	8	1		2	3	5	
113	8	26	16	20	臺北市	松山區	松山區八德路4段557號	25.05002683	121.5731777	0	0	1	2	8	7	5	14	8	1	5	4	5	13	4	4	5	4	4	1	12	4	15	7	3	11	19	2		4	4	12	
113	8	26	16	55	臺北市	大安區	大安區新生南路3段98巷1號附近側附近	25.0170657	121.5329758	0	0	1	2	8	6	5	14	9	1	5	4	5	13	4	4	10	4	5	2	2	1	9	1	7	1	8	1		1	3	5	
113	8	26	17	0	臺北市	北投區	北投區大度路1段與承德路7段401巷620弄口	25.1218338	121.4856489	0	0	2	3	7	6	5	4	1	1	5	4	5	13	2	1	9	4	5	2	17	1	6	1	7	1	8	1		1	3	17	
113	8	26	17	3	臺北市	內湖區	內湖區大湖街131巷五指幹1L8	25.08807371	121.5971992	0	0	1	2	8	6	6	14	9	1	5	4	5	13	4	4	10	5	5	2	17	1	9	1	7	9	8	1		1	3	1	
113	8	26	17	5	臺北市	中山區	中山區建國北路2段與建國北路2段64巷口	25.05423112	121.5365558	0	0	1	3	8	7	5	3	2	1	5	4	5	13	4	4	1	4	5	2	17	4	8	1	6	2	10	1		2	2	11	
113	8	26	17	10	臺北市	內湖區	內湖區瑞光路548巷與基湖路35巷口	25.07903884	121.5671128	0	0	1	2	8	6	5	4	1	1	5	4	5	13	1	1	10	5	5	2	15	1	9	1	7	1	8	1		2	3	1	
113	8	26	17	20	臺北市	中山區	中山區市民大道3段3號	25.0448399	121.5369285	0	0	1	2	8	6	5	14	9	1	5	4	5	13	1	1	1	4	1	2	13	4	9	1	6	1	9	1		1	2	11	
113	8	26	17	27	臺北市	萬華區	萬華區內江街130-1號	25.0415941	121.5029991	0	0	2	3	8	5	5	14	9	1	5	4	5	13	4	4	10	4	5	2	17	4	15	1	7	1	8	1		1	3	8	
113	8	26	17	30	臺北市	文山區	文山區興隆路2段與興隆路2段154巷口	25.0015983	121.5509811	0	0	1	2	8	6	5	3	1	1	4	4	5	13	1	1	1	4	5	2	12	1	9	1	7	1	8	1		1	3	5	
113	8	26	17	51	臺北市	內湖區	內湖區內湖路2段338-1號	25.08178598	121.5894099	0	0	1	2	8	5	5	14	20	4	5	4	5	13	4	4	10	5	5	2	4	5	16	8	4	10	20	1		2	2	16	
113	8	26	17	55	臺北市	內湖區	內湖區南湖大橋與安康路口	25.0649427	121.6110404	0	0	2	2	7	6	5	3	1	1	5	4	5	13	1	1	1	4	5	1	17	1	6	1	6	1	10	1		1	2	12	
113	8	26	17	56	臺北市	內湖區	內湖區康寧路3段245巷與五分街14巷口	25.0663625	121.6133522	0	0	1	3	8	7	6	3	1	2	5	4	5	13	1	1	4	5	5	1	16	1	5	1	6	1	10	1		2	2	12	
113	8	26	18	4	臺北市	南港區	南港區東新街與忠孝東路6段口	25.0482003	121.5849766	0	0	2	2	8	7	5	4	1	1	5	4	5	13	2	1	1	4	5	2	17	1	11	1	5	1	10	1		2	2	12	
113	8	26	18	10	臺北市	信義區	信義區永吉路120巷與永吉路口	25.0454469	121.5702912	0	0	1	2	8	5	5	5	2	1	5	4	5	13	2	1	1	4	1	2	17	1	5	1	7	1	4	1		1	3	6	
113	8	26	18	35	臺北市	士林區	士林區中正路274號	25.0949419	121.5241356	0	0	1	2	8	5	5	14	9	1	5	4	5	13	4	4	3	4	5	1	12	1	7	1	7	1	8	1		1	3	8	
113	8	26	18	58	臺北市	松山區	松山區光復南路與市民大道4段口	25.0450862	121.5576376	0	0	3	3	8	5	5	5	2	1	5	4	5	13	2	1	4	3	4	2	16	1	6	1	5	1	9	1		1	2	14	
113	8	26	19	7	臺北市	信義區	信義區松壽路2號對面	25.0359401	121.5628954	0	0	1	2	7	5	5	14	9	1	5	4	5	13	4	4	9	4	5	2	16	4	1	1	3	2	5	1		1	3	5	