年	月	日	時	分	縣市	行政區	allLocation	GoogleLat	GoogleLng	死	2-30	受傷	當事人數	天候	道路照明設備	道路類別	道路型態	事故位置	路面狀況1	路面狀況2	路面狀況3	道路障礙1	道路障礙2	號誌1	號誌2	車道劃分-分向	車道劃分-分道1	車道劃分-分道2	車道劃分-分道3	事故類型及型態	行動電話	當事者行動狀態	駕駛資格情形	保護裝置	飲酒情形	駕駛執照種類	個人肇逃否	肇因碼-主要	性別	受傷程度	車輛撞擊部位1	車輛撞擊部位2
113	8	26	20	9	臺北市	信義區	信義區永吉路與松山路口	25.045587	121.5778545	0	0	1	2	8	5	5	4	2	1	5	4	5	13	2	1	1	4	4	2	2	1	6	1	7	1	8	1		1	3	5	
113	8	26	20	19	臺北市	文山區	文山區懷恩隧道往南,距隧道口約50 公尺	24.991844	121.5513416	0	0	2	3	8	5	5	6	9	1	5	4	5	13	4	4	1	2	5	1	18	1	9	1	5	1	10	1		2	2	12	
113	8	26	20	37	臺北市	中山區	中山區民族西路13號	25.0685344	121.5222173	0	0	1	2	8	5	5	14	9	1	5	4	5	13	4	4	5	4	5	2	12	4	8	1	7	2	8	1		1	3	2	
113	8	26	20	38	臺北市	大安區	大安區四維路與四維路76巷口	25.034239	121.5480846	0	0	1	2	8	5	5	4	2	1	5	4	5	13	3	1	10	5	5	2	15	1	9	1	6	1	10	1		1	2	11	
113	8	26	20	52	臺北市	信義區	信義區忠孝東路4段515號	25.0414398	121.5584245	0	0	1	3	7	5	8	14	9	1	5	4	5	13	4	4	3	4	5	2	13	4	9	1	3	1	1	1		1	3	1	
113	8	26	21	2	臺北市	士林區	士林區美崙街新光醫院側門出口前	25.09582277	121.5192517	0	0	1	2	8	5	5	11	9	1	5	4	5	13	4	4	5	5	5	2	16	1	5	1	6	1	10	1		2	2	14	
113	8	26	21	5	臺北市	中山區	中山區中山北路2段與中山北路2段183巷口	25.06367849	121.5225432	0	0	2	2	7	5	5	3	2	1	5	4	5	13	4	4	3	4	5	2	13	4	9	1	3	1	10	1		2	2	11	
113	8	26	21	10	臺北市	松山區	松山區光復北路與民權東路4段口	25.0615352	121.5546865	0	0	1	2	8	5	5	14	9	1	5	4	5	13	4	4	5	4	5	2	13	1	9	1	6	1	11	1		1	2	11	
113	8	26	21	10	臺北市	萬華區	萬華區永福街與貴陽街2段96巷口	25.0387257	121.5030713	0	0	2	2	7	5	5	3	1	1	5	4	5	13	4	4	10	5	5	2	17	1	9	1	6	1	10	1		1	2	11	
113	8	26	21	11	臺北市	萬華區	萬華區萬大路322巷與德昌街67巷口	25.0245569	121.4983077	0	0	2	3	7	5	5	4	1	1	5	4	5	10	4	4	10	5	5	2	15	4	9	1	5	1	10	1		1	2	11	
113	8	26	22	11	臺北市	內湖區	內湖區東湖路160巷與五分街口	25.06711368	121.6172359	0	0	1	2	8	5	5	4	1	1	5	4	5	13	3	1	5	5	5	2	17	1	9	1	6	2	10	1		1	3	12	
113	8	27	0	2	臺北市	中山區	中山區濱江街333號	25.07233485	121.5483179	0	0	3	3	7	5	5	14	9	1	5	4	5	13	4	4	1	3	5	1	13	1	9	1	6	1	10	1		2	2	11	
113	8	27	0	29	臺北市	萬華區	萬華區康定路與康定路372巷口	25.0339109	121.500883	0	0	1	2	8	5	5	4	1	1	5	4	5	13	1	1	5	4	5	2	3	4	9	1	7	2	8	1		1	3	1	
113	8	27	6	27	臺北市	大同區	大同區承德路3段與敦煌路口	25.0752671	121.5199354	0	0	1	2	8	6	5	14	9	1	5	4	5	13	2	1	9	4	5	2	17	4	11	1	7	1	4	1		1	3	4	
113	8	27	6	46	臺北市	大同區	大同區民權西路268號與民權西路口268號前迴轉道	25.0628621	121.5120875	0	0	2	2	8	6	5	3	1	1	5	4	5	13	2	1	10	5	5	2	16	1	5	1	6	1	10	1		1	2	13	
113	8	27	7	30	臺北市	萬華區	萬華區桂林路246巷與桂林路244巷55弄口	25.0369386	121.4925617	0	0	1	2	8	7	5	3	2	1	5	4	5	13	1	1	10	4	4	2	13	1	9	1	5	1	10	1		1	2	11	
113	8	27	7	38	臺北市	文山區	文山區秀明路1段191號	24.99171294	121.5697843	0	0	1	2	8	6	5	14	9	1	5	4	5	13	1	1	1	4	4	2	16	1	11	1	5	1	10	1		1	2	12	
113	8	27	7	51	臺北市	大同區	大同區承德路3段51巷與承德路3段51巷口(雙號)	25.065064	121.5189891	0	0	1	2	8	7	5	22	9	1	5	4	5	13	4	4	10	4	5	2	17	4	6	1	3	1	8	1		2	3	8	
113	8	27	7	55	臺北市	士林區	士林區至善路3段336巷49-1號	25.13163242	121.5917391	0	0	1	2	8	5	5	11	9	1	5	4	5	13	4	4	10	5	5	2	11	4	9	1	3	1	10	1		1	2	14	
113	8	27	8	0	臺北市	文山區	文山區老泉街	24.97900632	121.5620167	0	0	2	2	8	7	5	14	9	1	5	4	5	13	4	4	9	5	5	2	3	1	9	1	5	2	10	1		2	2	11	
113	8	27	8	15	臺北市	中山區	中山區南京東路2段6號	25.05199077	121.5284019	0	0	3	3	8	6	5	14	7	1	5	4	5	13	4	4	8	3	4	1	17	1	9	1	5	1	10	1		1	2	11	
113	8	27	8	15	臺北市	內湖區	內湖區潭美街789號	25.0638272	121.6106938	0	0	1	2	8	6	5	14	9	1	5	4	5	13	4	4	8	3	5	1	16	1	6	1	7	1	8	1		2	3	2	
113	8	27	8	20	臺北市	士林區	士林區重陽橋西向東機慢車道	25.0852114	121.5055546	0	0	1	2	8	6	5	8	11	1	5	4	5	13	4	4	1	4	4	1	13	4	9	1	3	1	10	1		1	3	11	
113	8	27	8	20	臺北市	萬華區	萬華區萬大路493巷48弄4號	25.0197181	121.4991657	0	0	2	3	8	7	5	14	9	1	5	4	5	13	4	4	10	5	5	2	10	1	9	1	5	2	10	1		2	2	11	
113	8	27	8	24	臺北市	大同區	大同區重慶北路1段與南京西路口	25.0540246	121.5143065	0	0	1	3	8	6	5	5	1	1	5	4	5	13	2	1	5	5	5	2	17	5	20	8	6	10	20	1		2	2	17	
113	8	27	8	34	臺北市	中山區	中山區民權東路2段50號	25.0624917	121.5306709	0	0	1	3	8	7	5	14	9	1	5	4	5	13	4	4	1	4	5	2	12	1	4	1	5	1	10	1		1	2	14	
113	8	27	8	37	臺北市	松山區	松山區市民大道6段與虎林街口	25.0494075	121.5760644	0	0	1	3	8	7	5	4	1	1	5	4	5	13	1	1	1	4	5	2	17	1	9	1	6	2	10	1		1	2	12	
113	8	27	8	40	臺北市	士林區	士林區中山北路5段250號對面	25.0871126	121.5263867	0	0	1	2	8	6	5	14	9	1	5	4	5	13	4	4	3	5	5	1	13	4	9	1	3	1	10	1		2	3	11	
113	8	27	8	40	臺北市	松山區	松山區民生東路4段80巷與敦化北路199巷口	25.0564371	121.5529435	0	0	1	2	8	6	5	14	9	1	5	4	5	13	2	1	5	4	5	2	12	4	9	1	7	9	8	1		1	3	2	
113	8	27	8	46	臺北市	內湖區	內湖區潭美街與新明路361巷口	25.0548734	121.5826716	0	0	2	2	8	5	5	3	1	1	5	4	5	13	1	1	5	5	5	2	13	1	9	1	6	1	10	1		1	2	11	
113	8	27	8	58	臺北市	內湖區	內湖區安康路32巷24弄與安康路32巷口	25.0619449	121.5949707	0	0	1	2	8	6	5	4	1	1	5	4	5	13	4	4	10	5	5	2	15	1	9	1	5	1	10	1		2	2	12	
113	8	27	9	0	臺北市	內湖區	內湖區潭美街與新明路219巷口	25.0573583	121.5886451	0	0	2	3	8	6	5	3	2	1	5	4	5	13	1	1	10	5	5	2	13	1	9	1	6	2	10	1		1	2	11	
113	8	27	9	1	臺北市	萬華區	萬華區中華路1段與貴陽街2段口	25.0393108	121.507281	0	0	1	2	8	7	5	4	1	1	5	4	5	13	1	1	1	5	5	2	13	1	9	1	5	1	10	1		1	2	11	
113	8	27	9	10	臺北市	中正區	中正區中山南路與貴陽街1段口	25.038154	121.5172516	0	0	1	2	8	6	5	3	1	1	5	4	5	13	1	1	4	4	1	2	16	1	6	1	2	1	8	1		1	3	5	
113	8	27	9	10	臺北市	中正區	中正區重慶南路3段與廈門街114巷口口	25.0233824	121.5170579	0	0	2	2	8	6	5	4	1	1	5	4	5	13	1	1	1	4	5	1	17	1	6	1	6	1	10	1		2	2	12	
113	8	27	9	29	臺北市	大安區	大安區敦化南路2段(南往北)	25.0271993	121.549009	0	0	1	2	8	6	5	14	9	1	5	4	3	10	4	4	1	4	5	2	17	1	12	1	5	1	10	1		2	2	12	
113	8	27	9	44	臺北市	中正區	中正區汀州路1段與汀州路1段226巷口	25.0279359	121.5094087	0	0	1	2	8	6	5	3	1	1	5	4	5	13	4	4	5	2	5	2	17	1	1	1	7	1	8	1		1	3	4	
113	8	27	10	11	臺北市	松山區	松山區八德路4段與虎林街口	25.0499847	121.5760021	0	0	1	2	8	6	5	3	1	1	5	4	5	13	2	1	1	4	5	2	17	1	5	1	7	1	8	1		2	3	2	
113	8	27	10	15	臺北市	內湖區	內湖區內湖路1段435號	25.0813476	121.5717516	0	0	1	2	8	6	5	14	9	1	5	4	5	13	4	4	1	3	5	1	12	1	9	1	5	2	10	1		2	2	11	
113	8	27	10	34	臺北市	萬華區	萬華區桂林路與桂林路242巷口	25.03878212	121.4961703	0	0	2	3	8	5	8	22	22	1	5	4	5	13	1	1	10	5	5	2	17	4	6	1	3	1	10	1		2	3	13	
113	8	27	10	35	臺北市	士林區	士林區士商路189號	25.095563	121.5160998	0	0	1	2	8	6	5	14	9	1	5	4	5	13	4	4	5	5	5	1	12	1	11	1	7	2	8	1		2	3	4	
113	8	27	10	35	臺北市	萬華區	萬華區環河南路1段與成都路口	25.0445512	121.5012101	0	0	1	2	8	6	5	3	1	1	5	4	5	13	4	4	5	4	5	1	17	4	6	1	3	1	8	1		1	3	8	
113	8	27	11	7	臺北市	文山區	文山區老泉街與恆光街口口	24.9799943	121.5677121	0	0	2	3	8	6	5	3	2	1	5	4	5	13	3	1	5	5	5	2	16	1	5	1	5	1	10	1		1	2	12	
113	8	27	11	8	臺北市	大安區	大安區和平東路2段與新生南路2段口	25.0261342	121.5350427	0	0	1	2	8	6	5	4	1	1	5	4	5	13	2	1	1	4	5	2	17	1	6	1	7	9	8	1		1	3	5	
113	8	27	11	28	臺北市	松山區	松山區民權東路3段106巷與民權東路3段106巷3弄口	25.06148486	121.5449116	0	0	2	3	8	7	5	3	1	1	5	4	5	13	4	4	10	5	5	2	17	1	5	1	5	2	10	1		1	2	12	
113	8	27	11	43	臺北市	內湖區	內湖區舊宗路2段133號	25.0698725	121.5748183	0	0	1	2	8	6	5	14	9	1	5	4	5	13	4	4	1	4	5	2	13	1	9	1	7	1	8	1		2	3	1	
113	8	27	12	23	臺北市	士林區	士林區承德路5段與士商路口	25.0960494	121.5142349	0	0	1	2	8	6	5	4	2	1	5	4	5	13	1	1	1	4	5	1	16	4	6	1	3	1	8	1		1	3	6	
113	8	27	12	27	臺北市	北投區	北投區稻香路1204229號燈桿	25.1446229	121.4831965	0	0	1	2	8	6	5	22	9	1	5	4	5	13	4	4	4	5	5	1	17	1	4	1	7	2	8	1		1	3	8	
113	8	27	12	55	臺北市	中正區	中正區公園路與愛國西路口	25.0347863	121.5145411	0	0	1	2	8	6	5	4	1	1	5	4	5	13	1	1	1	4	5	2	17	1	9	1	7	1	8	1		1	3	2	
113	8	27	13	39	臺北市	南港區	南港區研究院路3段與研究院路3段25巷口	25.0351232	121.6165142	0	0	2	3	8	7	5	3	2	1	2	4	5	13	4	4	5	5	5	2	17	1	9	1	7	1	7	1		1	3	17	
113	8	27	13	47	臺北市	大安區	大安區雲和街75巷與泰順街44巷口	25.0238624	121.5301824	0	0	1	2	8	6	5	4	1	1	5	4	5	13	4	4	10	5	5	2	15	1	9	1	3	1	8	1		1	3	5	
113	8	27	13	56	臺北市	大安區	大安區光復南路654號	25.0308891	121.557401	0	0	1	2	8	5	5	14	9	1	5	4	5	13	4	4	1	5	4	2	12	1	7	1	6	1	10	1		1	2	11	
113	8	27	14	6	臺北市	中正區	中正區重慶南路3段與詔安街口	25.0252177	121.5164266	0	0	1	2	8	6	5	3	1	1	5	4	5	13	4	4	3	4	5	2	17	1	6	3	5	11	18	2		1	3	13	
113	8	27	14	52	臺北市	信義區	信義區忠孝東路5段165巷3弄與永吉路30巷口	25.0414854	121.5686752	0	0	1	2	8	6	5	4	2	1	5	4	5	13	4	4	4	5	5	2	16	4	9	1	3	1	8	1		1	3	4	
113	8	27	15	1	臺北市	信義區	信義區基隆路2段22號與信義路4段450巷口	25.0320152	121.5588465	0	0	1	2	8	6	5	4	1	1	5	4	5	13	2	1	8	3	5	2	17	4	15	1	3	1	15	1		1	3	5	
113	8	27	15	12	臺北市	大安區	大安區和平東路2段311巷與和平東路2段311巷43弄口	25.0256871	121.5451871	0	0	1	2	8	7	5	4	1	1	5	4	5	13	4	4	8	3	5	1	15	1	9	8	4	1	20	1		1	2	11	
113	8	27	15	16	臺北市	內湖區	內湖區民權東路6段115巷與成功路2段317巷口	25.0693668	121.5919127	0	0	2	3	8	5	5	3	1	1	5	4	5	13	4	4	9	5	5	2	12	1	9	1	7	2	8	1		2	3	8	
113	8	27	15	30	臺北市	信義區	信義區永吉路180巷62號	25.0436972	121.5714429	0	0	1	2	7	5	5	14	9	1	5	4	5	13	4	4	10	5	5	1	2	1	9	1	7	2	4	1		1	3	5	
113	8	27	15	40	臺北市	松山區	松山區健康路325巷24弄與健康路325巷口	25.05649222	121.5671615	0	0	1	2	8	7	5	4	1	1	5	4	5	13	4	4	9	4	5	2	15	4	9	1	5	11	10	1		1	2	11	
113	8	27	15	51	臺北市	信義區	信義區虎林街164巷19號與虎林街164巷口	25.0387358	121.5756929	0	0	1	2	8	6	5	3	2	1	5	4	5	13	4	4	9	5	5	2	16	4	9	1	5	1	10	1		1	2	11	12
113	8	27	15	57	臺北市	中正區	中正區市民大道2段與林森北路口	25.047704	121.5242365	0	0	3	4	8	6	5	4	1	1	5	4	5	13	1	1	10	4	5	2	17	4	5	1	6	1	10	1		2	2	14	
113	8	27	16	6	臺北市	萬華區	萬華區萬大路277巷與萬大路237巷10弄口	25.025393	121.5010563	0	0	1	2	8	6	5	4	2	1	5	4	5	13	4	4	10	5	5	2	17	1	9	1	5	1	10	1		1	3	12	
113	8	27	16	13	臺北市	大安區	大安區羅斯福路4段與基隆路4段口	25.0107468	121.5373171	0	0	2	2	7	5	5	5	4	1	5	4	5	13	1	1	10	5	5	2	13	1	12	1	5	1	10	1		1	2	11	
113	8	27	16	23	臺北市	內湖區	內湖區成功路2段北向南(防撞桿)	25.0626422	121.5908008	0	0	2	3	8	6	5	14	9	1	5	4	5	13	4	4	1	4	5	2	12	1	7	3	5	1	18	1		2	2	14	
113	8	27	16	30	臺北市	大安區	大安區和平東路2段175巷與瑞安街135巷口	25.0265447	121.5418207	0	0	1	2	8	7	5	4	1	1	5	4	5	13	4	4	8	3	5	1	15	1	9	1	5	1	10	1		1	2	12	
113	8	27	16	41	臺北市	文山區	文山區萬芳路（萬芳捷運站機車停車場出入口）前	24.99903647	121.5675369	0	0	1	3	8	6	5	14	9	1	5	4	5	13	4	4	5	4	5	2	13	4	11	1	3	1	8	1		1	3	1	
113	8	27	16	50	臺北市	信義區	信義區嘉興街181巷11號	25.0262571	121.5571095	0	0	2	2	7	5	5	14	9	1	5	4	5	13	4	4	5	5	5	1	17	1	15	1	6	1	10	1		1	2	14	
113	8	27	16	57	臺北市	中山區	中山區大直街70號	25.0840625	121.546701	0	0	1	2	8	6	5	11	9	1	5	4	5	13	4	4	8	3	5	1	17	1	1	1	5	1	10	1		1	2	11	
113	8	27	17	30	臺北市	士林區	士林區文林路144巷與文林路口	25.0889805	121.5265736	0	0	2	2	8	6	5	4	2	1	5	4	5	13	4	4	5	5	5	2	17	1	1	1	6	1	10	1		2	2	14	
113	8	27	17	34	臺北市	內湖區	內湖區瑞光路7巷與瑞光路口	25.0693072	121.5838991	0	0	1	2	8	7	5	3	1	1	5	4	5	13	4	4	10	5	5	2	16	1	1	1	7	2	8	1		2	3	1	
113	8	27	17	46	臺北市	內湖區	內湖區民權東路6段56巷15弄與民權東路6段56巷口	25.0676153	121.5853172	0	0	2	3	8	6	5	3	1	1	5	4	5	13	4	4	9	4	4	2	13	1	9	1	6	2	10	1		1	2	11	
113	8	27	18	23	臺北市	中山區	中山區南京東路3段與建國北路2段口	25.0520724	121.5374456	0	0	2	2	7	5	5	14	9	1	5	4	5	13	2	1	1	2	5	2	12	4	9	1	3	1	10	1		1	2	14	
113	8	27	18	25	臺北市	中正區	中正區新生高架道與市民高架道口下方	25.04615856	121.5306599	0	0	1	4	7	5	5	10	9	1	5	4	5	13	4	4	1	4	5	2	17	4	9	1	7	2	8	1		1	3	1	1
113	8	27	18	35	臺北市	信義區	信義區大道路與中坡南路168巷口口	25.0389608	121.5833646	0	0	1	2	7	5	8	4	2	1	5	4	5	13	4	4	5	4	5	2	9	1	9	3	5	9	18	1		2	3	11	
113	8	27	18	48	臺北市	中山區	中山區明水路441號	25.0774332	121.5493735	0	0	1	3	8	5	5	14	9	1	5	4	5	13	4	4	1	4	5	2	12	1	8	1	6	1	10	1		2	2	14	
113	8	27	19	19	臺北市	大同區	大同區大龍街與民權西路口	25.0631282	121.5160066	0	0	3	3	8	5	5	4	2	1	5	4	5	13	2	1	5	5	5	2	17	4	11	1	3	2	10	1		1	2	12	
113	8	27	19	21	臺北市	中山區	中山區長春路40號與新生北路2段口	25.0549328	121.5269425	0	0	1	2	7	5	5	3	2	1	5	4	5	13	4	4	9	4	4	2	16	4	11	1	3	1	4	1		1	3	4	
113	8	27	19	46	臺北市	中山區	中山區南京東路2段192號	25.051921	121.5354248	0	0	1	2	7	5	5	14	8	1	5	4	5	13	4	4	3	4	4	2	17	4	1	1	3	2	8	1		2	3	8	
113	8	27	19	46	臺北市	中山區	中山區市民大道3段與八德路2段210巷口	25.0447985	121.5384039	0	0	1	2	8	5	5	14	9	1	5	4	5	13	1	1	1	4	5	2	16	4	6	1	7	1	15	1		1	3	2	
113	8	27	19	56	臺北市	大安區	大安區大安路1段與大安路1段84巷口	25.0410412	121.5460784	0	0	1	2	8	5	5	4	1	1	5	4	5	13	4	4	9	4	5	1	17	4	5	1	3	1	8	1		1	3	5	
113	8	27	20	31	臺北市	大安區	大安區復興南路2段154號	25.0281951	121.5433541	0	0	4	4	8	5	5	14	23	1	5	4	5	13	4	4	10	3	5	2	10	4	9	8	3	1	20	1		2	2	11	
113	8	27	21	20	臺北市	南港區	南港區忠孝東路7段531號	25.0528584	121.6127496	0	0	3	3	8	5	5	14	8	1	5	4	5	13	4	4	1	4	4	2	16	1	3	1	6	1	9	1		1	2	12	
113	8	27	22	45	臺北市	萬華區	萬華區華江橋機車道往新北	25.0358911	121.4890154	0	0	3	5	7	5	7	14	11	1	5	4	5	13	4	4	10	4	5	2	13	1	12	6	5	1	10	1		2	3	13	
113	8	27	22	51	臺北市	中山區	中山區中山北路2段與民權東路1段口	25.0628548	121.5228243	0	0	1	2	7	5	5	4	2	1	5	4	5	13	2	1	1	4	5	2	13	4	9	1	3	1	10	1		1	2	11	
113	8	27	23	3	臺北市	文山區	文山區興隆路4段與興隆路4段1巷口	24.9911456	121.5589646	0	0	1	2	8	5	5	3	1	1	5	4	5	13	2	1	10	5	5	2	16	4	5	1	3	2	8	1		1	3	5	
113	8	27	23	59	臺北市	中正區	中正區中山北路1段與忠孝東路1段口口	25.0457717	121.5198811	0	0	1	2	8	5	5	4	2	1	5	4	5	13	2	1	9	4	5	1	16	1	6	1	7	2	4	1		1	3	2	
113	8	28	0	5	臺北市	萬華區	萬華區桂林路與環河南路2段口	25.03689089	121.4957897	0	0	1	2	8	5	5	4	1	1	5	4	5	13	1	1	3	4	4	2	16	4	6	1	3	1	8	1		1	3	2	
113	8	28	1	13	臺北市	內湖區	內湖區金莊路18號	25.06264679	121.5876851	0	0	1	2	8	5	5	14	9	1	5	4	5	13	4	4	5	5	5	2	17	1	1	1	6	1	10	1		1	2	13	
113	8	28	2	1	臺北市	大安區	大安區大安路1段與復興南路1段107巷口	25.0435991	121.5461703	0	0	1	5	8	5	5	4	1	1	5	4	5	13	4	4	10	5	5	2	15	1	9	1	7	1	4	1		1	2	5	
113	8	28	5	41	臺北市	萬華區	萬華區環河南路1段與忠孝西路2段口	25.04886806	121.5061392	0	0	1	2	8	7	5	3	2	1	5	4	5	13	1	1	5	4	5	2	17	1	15	1	5	1	10	1		2	2	12	
113	8	28	7	30	臺北市	松山區	松山區八德路3段與寧安街口	25.0481485	121.554099	0	0	1	2	8	7	5	14	9	1	5	4	5	13	2	1	9	4	5	2	17	1	9	1	6	2	10	1		1	3	13	
113	8	28	7	40	臺北市	北投區	北投區大同街與光明路口	25.1326753	121.4994596	0	0	3	3	8	6	5	4	1	1	5	4	5	13	4	4	10	5	5	2	15	1	9	1	6	1	10	1		1	2	11	
113	8	28	8	0	臺北市	中正區	中正區市民大道2段往東(華山公園前迴轉道)	25.04679045	121.5265979	0	0	2	2	8	6	5	14	6	1	5	4	5	13	4	4	1	3	5	2	16	1	5	1	5	2	10	1		1	2	14	
113	8	28	8	0	臺北市	士林區	士林區中正路與百齡橋口	25.0878426	121.511956	0	0	2	5	8	6	5	4	2	1	5	4	5	13	4	4	3	4	5	1	17	4	7	1	3	1	10	1		1	2	12	
113	8	28	8	6	臺北市	北投區	北投區社子大橋007號燈桿(東往西方向)	25.1119335	121.4983441	0	0	5	7	8	5	5	14	11	1	5	4	5	13	4	4	10	4	5	1	12	1	12	1	6	1	10	1		1	2	13	
113	8	28	8	33	臺北市	士林區	士林區福國路15巷與中山北路5段829巷口	25.1015252	121.5246282	0	0	1	2	8	6	5	4	1	1	5	4	5	13	4	4	10	5	5	1	15	1	9	1	6	1	10	1		2	2	11	
113	8	28	8	37	臺北市	南港區	南港區市民大道8段369號	25.0535465	121.6082537	0	0	1	2	8	7	5	14	7	1	5	4	5	13	4	4	5	4	5	2	12	1	9	1	5	1	10	1		2	2	12	
113	8	28	8	40	臺北市	中正區	中正區北平東路與林森北路口	25.04627482	121.5239032	0	0	1	2	8	6	5	4	1	1	5	4	5	13	1	1	10	4	5	2	16	4	5	1	7	2	2	1		1	3	5	
113	8	28	8	46	臺北市	中山區	中山區北安路516號對面	25.0798031	121.5451993	0	0	1	2	8	6	5	14	9	1	5	4	5	13	4	4	8	3	5	1	17	1	7	3	5	1	18	1		1	2	14	
113	8	28	8	48	臺北市	大安區	大安區市民大道4段102號	25.0446049	121.5500341	0	0	1	2	8	6	5	14	9	1	5	4	5	13	4	4	1	4	5	2	12	1	9	1	5	1	10	1		1	2	12	
113	8	28	8	49	臺北市	大安區	大安區安東街與忠孝東路3段251巷13弄口口	25.0438431	121.5422392	0	0	2	3	8	6	5	4	1	1	5	4	5	13	4	4	10	4	5	2	15	1	9	1	7	1	3	1		1	3	1	
113	8	28	8	55	臺北市	文山區	文山區仙岩路與興隆路2段86巷口口	24.9992001	121.5490508	0	0	1	2	8	6	5	3	1	1	5	4	5	13	4	4	9	5	5	2	16	1	5	8	4	1	20	1		2	2	14	
113	8	28	9	15	臺北市	中正區	中正區重慶南路3段61號	25.0265668	121.5162909	0	0	2	2	8	6	5	14	9	1	5	4	5	13	4	4	1	5	5	2	17	1	9	1	5	9	10	1		2	2	14	
113	8	28	9	30	臺北市	士林區	士林區至善路3段129號	25.1159751	121.5736439	0	0	1	2	8	6	5	14	9	1	5	4	5	13	4	4	4	4	4	2	17	4	11	1	3	1	8	1		1	3	7	
113	8	28	9	30	臺北市	松山區	松山區三民路與三民路155巷口	25.0615399	121.5631204	0	0	1	2	8	7	5	14	9	1	5	4	5	13	2	1	9	4	5	2	9	1	12	1	7	2	2	1		1	3	17	
113	8	28	9	45	臺北市	南港區	南港區同德路忠孝醫院前(燈桿0403906)	25.0461312	121.5862095	0	0	1	2	8	7	5	14	9	1	5	4	5	13	4	4	5	4	5	2	12	1	13	1	3	1	8	1		1	3	4	
113	8	28	10	18	臺北市	大安區	大安區敦化南路2段57號	25.0313093	121.5490358	0	0	1	2	8	5	5	14	8	1	5	4	5	13	4	4	10	4	1	2	17	4	9	1	3	1	10	1		2	2	11	
113	8	28	10	32	臺北市	松山區	松山區民生東路5段與新東街口	25.0591122	121.5659321	0	0	1	2	8	6	5	4	1	1	5	4	5	13	2	1	5	4	5	2	12	1	9	1	7	1	8	1		1	3	2	
113	8	28	10	46	臺北市	中山區	中山區北安路554巷與北安路578巷8弄口	25.08020184	121.5486015	0	0	1	2	8	6	5	4	1	1	5	4	5	13	1	1	9	5	5	2	16	4	5	1	3	1	4	1		1	3	4	
113	8	28	10	47	臺北市	松山區	松山區塔悠路與民生東路5段口	25.0592182	121.5691494	0	0	2	2	8	6	5	3	1	1	5	4	5	13	2	1	1	4	5	2	1	1	5	1	6	2	10	1		1	2	12	
113	8	28	11	1	臺北市	萬華區	萬華區中華路2段與中華路2段606巷口	25.02464839	121.5101345	0	0	1	2	8	6	5	4	1	1	5	4	5	13	2	1	5	4	4	2	17	1	5	1	5	1	10	1		1	3	17	
113	8	28	11	22	臺北市	萬華區	萬華區中華路1段與桂林路口	25.03758541	121.5067507	0	0	1	2	8	6	5	5	1	1	5	4	5	13	1	1	8	3	1	1	17	1	6	1	7	1	8	1		2	3	2	
113	8	28	11	27	臺北市	士林區	士林區中山北路5段與福國路口	25.05281241	121.5224974	0	0	1	2	8	6	5	3	2	1	5	4	5	13	1	1	10	4	5	1	17	1	5	1	6	1	10	1		1	3	13	
113	8	28	11	41	臺北市	大安區	大安區敦化南路1段與市民大道4段口	25.0446774	121.5491637	0	0	1	2	8	7	5	4	1	1	5	4	5	13	2	1	1	4	5	1	16	4	6	1	3	1	8	1		1	3	6	
113	8	28	11	48	臺北市	萬華區	萬華區廣州街與西園路1段口	25.03664889	121.4994666	0	0	1	2	8	6	5	4	1	1	5	4	5	13	2	1	1	5	5	2	16	1	5	1	7	1	4	1		1	3	1	
113	8	28	12	38	臺北市	中正區	中正區寧波西街1號與羅斯福路1段附近口	25.0312433	121.5185287	0	0	1	2	8	6	5	4	2	1	5	4	5	13	1	1	10	4	5	1	17	4	21	7	3	11	19	2		2	4	15	
113	8	28	12	40	臺北市	中山區	中山區中山北路3段與德惠街口	25.0666707	121.5225238	0	0	1	2	8	6	5	4	2	1	5	4	5	13	1	1	4	5	5	2	13	4	9	1	5	1	10	1		1	2	11	
113	8	28	13	4	臺北市	中正區	中正區汀州路2段與同安街口	25.0240554	121.5218537	0	0	1	2	8	6	6	4	1	1	5	4	5	13	2	1	5	2	5	2	13	1	9	1	7	2	8	1		1	3	8	
113	8	28	13	19	臺北市	松山區	松山區光復南路與光復南路58巷口	25.04572163	121.557694	0	0	1	2	8	6	5	3	1	1	5	4	5	13	4	4	1	4	5	2	16	1	6	1	7	1	8	1		1	3	5	
113	8	28	13	20	臺北市	大安區	大安區新生南路1段與新生南路1段133巷口	25.03740354	121.5445307	0	0	1	2	8	5	5	3	2	1	5	4	5	13	4	4	1	5	5	2	16	1	6	1	7	1	8	1		1	3	5	
113	8	28	13	26	臺北市	大同區	大同區延平北路3段18巷與民權西路245巷口口	25.0639404	121.5103583	0	0	1	2	8	6	5	4	1	1	5	4	5	13	4	4	10	5	5	2	15	1	9	1	7	2	4	1		1	3	1	
113	8	28	13	36	臺北市	中正區	中正區重慶南路1段與忠孝西路1段口	25.0470714	121.513263	0	0	1	2	8	6	5	4	1	1	5	4	5	13	1	1	10	4	5	2	12	1	15	1	7	2	2	1		1	3	2	
113	8	28	13	55	臺北市	中山區	中山區南京東路1段與新生北路1段口	25.0519361	121.5275412	0	0	1	3	8	6	6	4	2	1	5	4	5	13	2	1	1	4	5	2	17	4	6	1	3	1	4	1		1	3	8	