年	月	日	時	分	縣市	行政區	allLocation	GoogleLat	GoogleLng	死	2-30	受傷	當事人數	天候	道路照明設備	道路類別	道路型態	事故位置	路面狀況1	路面狀況2	路面狀況3	道路障礙1	道路障礙2	號誌1	號誌2	車道劃分-分向	車道劃分-分道1	車道劃分-分道2	車道劃分-分道3	事故類型及型態	行動電話	當事者行動狀態	駕駛資格情形	保護裝置	飲酒情形	駕駛執照種類	個人肇逃否	肇因碼-主要	性別	受傷程度	車輛撞擊部位1	車輛撞擊部位2
113	8	28	14	0	臺北市	文山區	文山區木柵路2段9號	24.9888036	121.5591724	0	0	1	2	8	6	5	14	9	1	5	4	5	13	2	1	5	4	5	2	17	4	15	1	5	2	10	1		1	2	14	
113	8	28	14	3	臺北市	中山區	中山區中山北路2段44號	25.05517773	121.5225864	0	0	1	2	8	6	5	14	8	1	5	4	5	13	2	1	1	5	1	1	13	4	9	1	3	1	10	1		2	3	11	
113	8	28	14	11	臺北市	大安區	大安區忠孝東路4段與敦化南路1段口	25.041415	121.5483051	0	0	1	2	8	7	5	4	2	1	5	4	5	13	2	1	2	4	5	1	13	4	14	1	3	1	8	1		1	3	1	
113	8	28	14	45	臺北市	內湖區	內湖區港墘路38號	25.0824436	121.5781856	0	0	1	2	8	7	5	14	9	1	5	4	5	13	4	4	1	4	5	2	13	1	9	1	5	1	10	1		1	2	11	
113	8	28	14	53	臺北市	中山區	中山區林森北路577號	25.0656448	121.5257277	0	0	1	2	8	7	5	14	9	1	5	4	5	13	4	4	5	5	5	2	16	1	1	1	7	1	4	1		1	3	4	
113	8	28	15	0	臺北市	大安區	大安區基隆路4段43號往北台科大停車場出入口	25.01483145	121.5414884	0	0	1	3	8	5	5	14	9	1	5	4	5	13	4	4	10	5	5	2	17	4	9	1	3	2	10	1		2	2	11	
113	8	28	15	8	臺北市	信義區	信義區永吉路326巷與虎林街70巷口	25.0443756	121.5754753	0	0	1	2	6	5	5	3	2	1	4	4	5	13	4	4	9	4	5	2	17	1	5	8	4	1	20	1		2	2	14	
113	8	28	15	55	臺北市	信義區	信義區忠孝東路5段與忠孝東路5段621巷口	25.0416525	121.5792331	0	0	1	2	8	6	5	4	2	1	5	4	5	13	1	1	1	3	5	2	16	4	5	1	3	1	8	1		2	3	1	
113	8	28	16	2	臺北市	信義區	信義區忠孝東路4段與基隆路1段口	25.0409746	121.5642373	0	0	1	2	7	5	5	4	2	1	5	4	5	13	2	1	1	4	5	2	17	1	6	1	7	1	4	1		1	3	2	
113	8	28	16	5	臺北市	松山區	松山區民生東路4段54-2號	25.05714001	121.5509374	0	0	1	2	8	7	5	14	9	1	5	4	5	13	4	4	9	4	5	2	11	4	9	1	3	1	8	1		1	3	1	
113	8	28	16	21	臺北市	信義區	信義區忠孝東路4段547號	25.0412888	121.5624084	0	0	1	2	8	6	5	14	9	1	5	4	5	13	4	4	8	5	5	2	13	1	9	1	5	1	10	1		1	2	14	
113	8	28	16	24	臺北市	信義區	信義區松仁路與信義路5段150巷14弄口	25.0285102	121.5683858	0	0	1	2	8	6	5	4	2	1	5	4	5	13	1	1	4	3	5	2	16	4	5	1	3	1	8	1		1	3	2	
113	8	28	17	15	臺北市	士林區	士林區中正路118號	25.0961218	121.5291588	0	0	1	2	7	5	5	14	8	1	5	4	5	13	4	4	1	4	4	2	12	1	9	6	6	2	18	1		1	2	11	
113	8	28	17	30	臺北市	士林區	士林區德行西路94巷與德行西路口	25.1042067	121.5213589	0	0	2	2	8	6	5	4	2	1	5	4	5	13	4	4	10	5	5	1	17	4	1	8	3	1	20	1		1	2	11	
113	8	28	17	33	臺北市	中正區	中正區中山南路與凱達格蘭大道口	25.0392331	121.5173219	0	0	1	2	8	6	5	5	1	1	5	4	5	13	1	1	10	5	1	1	17	1	9	1	7	2	8	1		2	3	2	
113	8	28	17	40	臺北市	內湖區	內湖區文德路22巷53弄與江南街71巷75弄口	25.07549425	121.5797285	0	0	1	2	8	5	5	4	1	1	5	4	5	13	4	4	10	5	5	2	15	1	9	1	5	1	9	1		1	2	11	
113	8	28	18	48	臺北市	士林區	(士東路87-1號前)	25.1121216	121.5287397	0	0	1	2	7	5	5	14	9	1	5	4	5	13	2	1	8	3	5	1	12	1	15	1	5	1	10	1		2	2	12	
113	8	28	18	53	臺北市	中山區	中山區南京西路1號	25.05239005	121.5222469	0	0	1	2	8	5	5	14	7	1	5	4	5	13	4	4	2	4	4	2	12	1	1	1	7	1	4	1		1	3	8	
113	8	28	19	17	臺北市	士林區	士林區承德路4段與大南路口	25.0890272	121.5214983	0	0	1	2	8	5	5	5	2	1	5	4	5	13	2	1	1	4	5	1	17	1	8	1	7	2	8	1		1	3	6	
113	8	28	19	23	臺北市	中正區	中正區汀州路3段與師大路口客家文化園區停車場車道口	25.0207117	121.5247796	0	0	1	2	8	5	8	22	22	4	5	4	5	13	4	4	1	5	5	2	17	4	1	1	7	2	8	1		1	3	5	
113	8	28	19	25	臺北市	中正區	中正區思源街16號	25.0142197	121.5311277	0	0	1	2	6	5	5	14	7	1	4	4	5	13	4	4	1	4	4	2	17	4	9	1	6	1	10	1		1	3	17	
113	8	28	20	10	臺北市	中正區	中正區市民大道3段8號	25.0454627	121.5322433	0	0	2	3	8	5	5	14	9	1	5	4	5	13	4	4	1	4	5	1	12	1	9	1	7	2	8	1		1	3	2	
113	8	28	22	4	臺北市	大同區	大同區鄭州路與鄭州路29巷口	25.0492772	121.5143524	0	0	1	2	7	5	5	3	2	1	5	4	5	13	1	1	1	4	5	2	12	4	15	1	6	1	10	1		1	3	12	
113	8	28	22	24	臺北市	中山區	中山區民權東路2段81號	25.0625939	121.532066	0	0	1	4	8	6	5	14	9	1	5	4	5	13	4	4	1	4	5	2	12	1	7	1	7	1	8	1		1	3	4	
113	8	28	22	43	臺北市	信義區	信義區市民大道5段與東寧路口	25.047164	121.5629247	0	0	1	2	8	5	5	3	2	1	5	4	5	13	2	1	1	4	5	2	17	4	15	1	5	9	10	2		2	3	17	
113	8	28	23	9	臺北市	中山區	中山區中山北路2段與民生西路口	25.0579438	121.5227295	0	0	2	2	8	5	5	4	1	1	5	4	5	13	2	1	1	4	5	2	15	1	9	1	6	1	10	1		1	2	12	
113	8	28	23	22	臺北市	萬華區	萬華區昆明街與廣州街口	25.0366137	121.5035588	0	0	1	2	7	5	5	4	2	1	5	4	5	13	1	1	10	3	5	2	3	1	5	1	7	2	8	1		1	3	1	
113	8	29	7	9	臺北市	中山區	中山區民生東路1段與新生北路2段口	25.0580381	121.5273325	0	0	2	3	8	7	5	4	1	1	5	4	5	13	2	1	5	4	5	2	16	4	6	3	3	1	18	1		1	3	6	
113	8	29	7	13	臺北市	萬華區	萬華區西昌街與康定路172巷口	25.0392999	121.5012007	0	0	1	2	8	6	5	3	1	1	5	4	5	13	4	4	9	5	4	2	5	4	6	7	3	11	19	2		1	4	11	
113	8	29	7	18	臺北市	北投區	北投區榮華三路與榮華三路41巷口	25.1140664	121.5206883	0	0	1	2	8	5	5	4	1	1	5	4	5	13	4	4	7	4	5	1	15	1	9	1	7	2	8	1		1	3	5	
113	8	29	7	20	臺北市	中正區	中正區忠孝西路1段北門旁	25.04768562	121.5118098	0	0	1	2	8	6	5	14	9	1	5	4	5	13	4	4	1	4	5	2	12	1	7	1	5	2	10	1		2	2	14	
113	8	29	7	32	臺北市	內湖區	內湖區基湖路與瑞光路口	25.0808365	121.5650652	0	0	1	3	8	5	5	3	1	1	5	4	5	13	1	1	5	5	5	2	17	1	15	1	5	1	10	1		2	2	11	
113	8	29	7	34	臺北市	士林區	士林區承德路4段與大南路口	25.08886386	121.5216035	0	0	1	2	8	6	5	4	1	1	5	4	5	13	2	1	1	4	5	1	12	1	9	1	7	2	8	1		2	3	2	
113	8	29	7	37	臺北市	中山區	中山區民權東路3段4號	25.06207	121.5388147	0	0	1	2	8	7	5	14	9	1	5	4	5	13	4	4	1	4	5	2	13	1	9	3	6	2	18	1		1	2	11	
113	8	29	7	38	臺北市	中正區	中正區新生南路1段170巷與新生南路1段口口	25.0342361	121.5325405	0	0	2	2	8	5	5	3	2	1	5	4	5	13	4	4	1	4	1	1	17	1	6	1	5	2	10	1		2	2	13	
113	8	29	8	4	臺北市	大安區	大安區建國南路1段57-1號	25.0443053	121.536883	0	0	1	2	8	6	5	14	9	1	5	4	5	13	4	4	10	3	5	2	17	1	7	1	5	1	10	1		2	2	14	
113	8	29	8	10	臺北市	內湖區	內湖區潭美街195號	25.0550474	121.5830517	0	0	1	2	8	7	8	14	9	1	5	4	5	13	4	4	9	5	5	2	17	1	9	1	5	1	10	1		1	2	11	
113	8	29	8	23	臺北市	信義區	信義區光復南路與市民大道5段口	25.0450702	121.5578852	0	0	1	2	8	6	5	5	2	1	5	4	5	13	1	1	3	3	5	2	16	1	6	1	6	1	9	1		2	2	12	
113	8	29	8	35	臺北市	內湖區	內湖區內湖路1段91巷與內湖路1段91巷24弄口	25.08535014	121.5618556	0	0	2	2	8	7	5	3	1	1	5	4	5	13	4	4	10	5	5	2	15	1	9	1	6	2	10	1		2	2	11	
113	8	29	8	42	臺北市	中山區	中山區民權東路2段136號	25.0623967	121.5327834	0	0	2	2	8	7	5	14	9	1	5	4	5	13	1	1	1	4	5	2	12	1	9	3	5	1	18	1		1	2	14	
113	8	29	8	49	臺北市	大安區	大安區芳蘭路與基隆路4段41巷68弄口	25.0117779	121.5442344	0	0	1	2	8	6	5	22	18	1	5	4	5	13	1	1	10	5	5	2	3	1	5	1	7	1	8	1		1	3	1	
113	8	29	8	50	臺北市	大同區	大同區昌吉街與昌吉街99巷口口	25.0659939	121.5115642	0	0	2	2	8	6	5	3	1	1	5	4	5	13	4	4	9	5	5	2	16	1	9	8	4	1	20	1		2	2	17	
113	8	29	8	54	臺北市	中山區	中山區民權東路2段與吉林路口	25.06253817	121.5301353	0	0	1	2	8	5	5	4	1	1	5	4	5	13	4	4	1	4	5	2	16	4	6	1	3	9	10	1		1	3	14	
113	8	29	8	56	臺北市	中正區	中正區愛國西路與公園路口	25.0347938	121.5147342	0	0	1	2	8	6	5	4	1	1	5	4	5	13	1	1	1	4	5	2	15	1	9	1	7	2	4	1		1	3	2	
113	8	29	9	0	臺北市	文山區	文山區木柵路3段與秀明路1段口	24.9913292	121.5710931	0	0	1	2	8	5	5	4	2	1	5	4	5	13	2	1	5	4	5	2	13	1	9	1	6	1	10	1		2	2	11	
113	8	29	9	4	臺北市	萬華區	萬華區桂林路246巷與和平西路3段309巷15弄口	25.0360361	121.491394	0	0	2	2	8	6	5	3	1	1	5	4	5	13	4	4	10	5	4	2	16	1	6	1	6	2	10	1		2	2	12	
113	8	29	9	5	臺北市	大同區	大同區哈密街73號	25.0729923	121.5151576	0	0	2	2	8	6	5	14	9	4	5	4	5	13	4	4	8	5	5	2	17	1	11	1	6	1	10	1		1	2	14	
113	8	29	9	7	臺北市	內湖區	內湖區金莊路與金豐街口涵洞內	25.065682	121.5877366	0	0	2	4	7	7	8	9	9	1	5	4	5	13	4	4	1	5	5	2	29	1	9	1	5	1	10	1		1	2	11	
113	8	29	9	57	臺北市	北投區	北投區吉利街與石牌路1段39巷口	25.11859348	121.5083689	0	0	2	2	8	6	5	3	1	1	5	4	5	13	4	4	9	5	5	2	16	1	6	1	6	2	10	1		2	2	12	
113	8	29	10	2	臺北市	大安區	大安區信義路4段與信義路4段294巷口	25.0330932	121.5545042	0	0	1	2	8	6	5	4	19	1	5	4	5	13	2	1	1	4	5	1	3	5	18	8	4	10	20	1		2	3	16	
113	8	29	10	21	臺北市	大同區	大同區民權西路與延平北路3段口口	25.0630295	121.5111307	0	0	1	2	8	6	5	4	1	1	5	4	5	13	2	1	1	5	5	2	13	1	5	1	7	2	8	1		1	3	6	
113	8	29	10	22	臺北市	北投區	北投區承德路7段139號旁	25.1130115	121.5084253	0	0	1	2	8	6	5	14	9	1	5	4	5	13	4	4	1	4	5	2	17	1	15	1	6	9	10	1		1	2	11	
113	8	29	10	24	臺北市	中正區	中正區鎮江街與鎮江街1巷口	25.0446381	121.5215021	0	0	2	2	8	6	5	3	1	1	5	4	5	13	4	4	9	5	5	2	16	1	5	1	6	2	10	1		1	2	11	
113	8	29	10	24	臺北市	大同區	大同區長安西路與南京西路64巷口	25.0505826	121.5182108	0	0	2	2	8	6	5	3	1	1	5	4	5	13	1	1	5	4	5	2	17	1	9	1	6	2	10	1		1	2	14	
113	8	29	10	25	臺北市	萬華區	萬華區康定路與環河南路1段口	25.0463591	121.5033779	0	0	2	3	8	6	5	3	2	1	5	4	5	13	2	1	5	5	5	1	17	4	9	1	3	1	10	1		1	2	11	
113	8	29	10	27	臺北市	南港區	南港區南港路1段與興中路口口	25.0544906	121.6075664	0	0	1	2	8	7	5	4	2	1	5	4	5	13	1	1	5	4	5	2	17	1	5	1	5	1	10	1		1	2	11	
113	8	29	10	46	臺北市	北投區	北投區北投路2段與大興街口	25.1302436	121.4996333	0	0	1	2	8	7	5	4	1	1	5	4	5	13	2	1	5	4	4	2	16	1	1	1	6	1	10	1		2	2	14	
113	8	29	10	50	臺北市	大安區	大安區敦化南路2段63巷與敦化南路2段口	25.0309648	121.5489921	0	0	2	3	8	5	5	4	2	1	5	4	5	13	1	1	1	3	1	2	17	1	5	1	7	1	8	1		1	3	2	
113	8	29	10	55	臺北市	中山區	中山區復興南路1段2號	25.0471534	121.5438454	0	0	1	2	8	6	5	14	9	1	5	4	5	12	4	4	1	4	5	2	12	4	9	1	5	1	10	1		1	3	12	
113	8	29	10	55	臺北市	北投區	北投區立德路1號	25.1244517	121.4715124	0	0	2	3	8	5	5	14	9	1	5	4	5	13	4	4	9	4	5	1	17	1	11	1	7	1	8	1		1	3	5	
113	8	29	11	5	臺北市	中山區	中山區中山北路2段136號	25.0615282	121.5227851	0	0	1	3	8	6	5	14	9	1	5	4	5	13	4	4	1	4	1	2	13	1	9	1	5	1	10	1		2	2	11	
113	8	29	12	21	臺北市	北投區	北投區中央北路3段40巷19弄與中央北路3段102巷口	25.1382953	121.4838585	0	0	3	4	8	6	5	3	1	1	5	4	5	13	4	4	10	5	5	2	17	1	5	1	6	1	10	1		2	2	11	
113	8	29	13	0	臺北市	北投區	北投區知行路17號	25.1185265	121.4654458	0	0	1	2	8	5	5	14	9	1	5	4	5	13	4	4	5	5	5	2	13	1	9	1	5	1	10	1		1	2	11	
113	8	29	13	35	臺北市	松山區	松山區光復北路11巷29號	25.04939935	121.5585671	0	0	1	2	8	7	5	14	9	1	5	4	5	13	4	4	9	4	5	2	12	4	1	1	7	1	4	1		1	3	8	
113	8	29	13	36	臺北市	士林區	士林區雨聲街與忠義街口	25.1049151	121.5312303	0	0	1	2	7	6	5	14	9	1	5	4	5	13	4	4	5	5	5	2	17	4	6	1	3	11	8	2		1	3	2	
113	8	29	14	0	臺北市	南港區	南港區忠孝東路7段553號	25.0529191	121.6131592	0	0	1	2	8	7	5	14	12	1	5	4	5	13	4	4	5	4	5	2	13	1	14	1	7	1	8	1		1	3	7	
113	8	29	14	9	臺北市	大同區	大同區雙連街與萬全街口	25.0585524	121.5190468	0	0	1	2	6	6	5	4	1	1	4	4	5	13	4	4	9	4	5	2	15	1	9	1	5	1	10	1		2	2	12	
113	8	29	14	12	臺北市	大同區	大同區重慶北路3段與敦煌路口	25.0763861	121.5136986	0	0	1	3	6	6	5	5	1	1	4	4	5	13	4	4	1	5	5	2	17	4	6	1	7	11	8	2		1	3	17	
113	8	29	14	31	臺北市	松山區	松山區富錦街與新中街口	25.0607068	121.560399	0	0	1	2	7	6	5	4	1	1	5	4	5	13	1	1	8	3	5	2	17	4	5	1	3	1	8	1		1	3	1	
113	8	29	15	52	臺北市	大同區	大同區鄭州路與塔城街口	25.0503394	121.5104655	0	0	1	2	6	6	5	4	1	1	4	4	5	13	2	1	5	4	5	2	17	1	9	1	6	2	10	1		2	2	12	
113	8	29	16	0	臺北市	北投區	北投區尊賢街302巷與吉利街142巷口	25.118126	121.5078013	0	0	2	3	7	6	5	4	1	1	5	4	5	13	4	4	5	5	5	2	17	1	9	1	7	1	8	1		2	3	2	
113	8	29	16	0	臺北市	松山區	松山區民生東路5段191號	25.0591122	121.5657238	0	0	1	2	7	7	5	14	9	1	4	4	5	13	4	4	1	4	5	2	1	1	9	1	7	1	4	1		2	3	2	
113	8	29	16	28	臺北市	信義區	信義區忠孝東路4段550號	25.041139	121.5631305	0	0	1	2	7	7	5	14	9	1	4	4	5	13	4	4	3	4	5	2	17	1	9	1	6	11	9	1		4	2	14	
113	8	29	16	43	臺北市	信義區	信義區基隆路2段94號	25.0302609	121.5578142	0	0	1	2	6	6	5	14	9	1	4	4	5	13	2	1	8	5	5	2	18	4	9	1	5	9	10	1		2	2	15	
113	8	29	17	0	臺北市	士林區	士林區天母東路8巷75號	25.1150151	121.5306627	0	0	1	2	8	7	5	14	9	1	5	4	5	13	4	4	9	5	5	2	9	5	16	8	4	10	20	1		1	2	16	
113	8	29	17	10	臺北市	萬華區	萬華區康定路與和平西路3段口	25.03512422	121.5012175	0	0	2	2	7	7	5	4	1	1	5	4	5	13	1	1	5	5	5	2	15	1	9	3	5	1	18	1		2	2	11	
113	8	29	17	24	臺北市	大安區	大安區青田街7巷與和平東路1段183巷口	25.0281187	121.5330256	0	0	1	2	7	6	5	4	1	1	4	4	5	13	4	4	10	5	5	2	15	1	9	1	5	1	10	1		1	2	11	
113	8	29	17	35	臺北市	中山區	中山區松江路184巷26弄15號	25.05634248	121.5308444	0	0	1	2	7	7	5	14	9	1	5	4	5	13	4	4	10	5	5	2	17	4	1	1	3	1	8	1		1	3	1	
113	8	29	17	47	臺北市	中正區	中正區羅斯福路4段與基隆路4段口	25.0112614	121.5368677	0	0	1	2	6	6	5	5	1	2	4	4	5	13	2	1	1	3	5	1	12	1	9	1	5	1	10	1		1	3	17	
113	8	29	18	10	臺北市	萬華區	萬華區桂林路與桂林路4巷口	25.0375769	121.5059158	0	0	1	2	7	5	5	3	2	1	5	4	5	13	4	4	1	4	5	2	17	1	6	1	7	1	8	1		2	3	2	
113	8	29	18	12	臺北市	松山區	松山區濱江街863號	25.0710336	121.5603776	0	0	1	2	7	5	5	14	7	1	5	4	5	13	4	4	1	4	4	2	17	1	9	1	5	1	10	1		1	3	11	
113	8	29	18	17	臺北市	中正區	中正區林森北路(北平林森路口公車站旁)	25.04693612	121.5239804	0	0	1	2	8	6	5	14	9	1	5	4	5	13	4	4	5	4	5	2	12	1	9	1	5	1	10	1		2	3	12	
113	8	29	18	34	臺北市	信義區	信義區松高路與市府路口	25.0390497	121.5637049	0	0	2	2	7	5	5	5	2	1	5	4	5	13	1	1	5	5	5	2	12	1	9	1	5	1	10	1		1	2	14	
113	8	29	18	47	臺北市	信義區	信義區松山路292巷與松山路口	25.0432791	121.5777808	0	0	2	2	8	5	5	3	1	1	5	4	5	13	2	1	1	4	5	2	16	4	5	1	3	2	11	1		2	2	12	
113	8	29	19	18	臺北市	中正區	中正區汀州路2段與汀州路2段6巷口	25.0258113	121.5157039	0	0	1	3	8	5	5	3	2	1	5	4	3	10	4	4	9	4	5	2	17	1	6	1	7	1	8	1		1	3	2	
113	8	29	20	27	臺北市	萬華區	萬華區和平西路3段與西園路1段口	25.0353281	121.4995246	0	0	3	3	8	5	5	4	2	1	5	4	5	13	1	1	1	4	4	2	9	1	9	1	5	1	10	1		1	2	11	
113	8	29	21	26	臺北市	信義區	信義區松仁路與忠孝東路口側附近5段236巷2弄口	25.0404764	121.5685496	0	0	2	2	8	5	5	4	1	1	5	4	5	13	4	4	1	4	5	2	12	4	8	3	3	2	18	1		2	2	12	
113	8	29	22	12	臺北市	中山區	中山區長春路與林森北路口	25.0549134	121.5254829	0	0	1	12	8	5	5	4	1	1	5	4	5	13	2	1	5	4	5	2	16	1	5	1	7	2	4	1		1	3	8	
113	8	30	0	5	臺北市	松山區	松山區松河街100號	25.05098423	121.5748131	0	0	2	3	7	5	5	14	9	1	5	4	5	13	4	4	9	5	5	2	10	1	4	1	5	1	10	1		1	2	11	
113	8	30	1	30	臺北市	萬華區	萬華區環河南路2段(家禽市場旁)	25.02857682	121.4888986	0	0	1	2	7	5	8	22	22	1	4	4	5	13	1	1	1	4	5	2	17	1	6	1	7	2	8	1		1	3	1	14
113	8	30	3	0	臺北市	士林區	士林區東山路25巷與東山路25巷20弄口	25.117294	121.5396111	0	0	2	3	8	5	5	3	2	1	5	4	5	13	4	4	10	5	5	1	29	1	9	2	7	2	18	1		1	2	5	
113	8	30	3	4	臺北市	南港區	南港區玉成街54號	25.047621	121.5815908	0	0	1	3	8	5	5	14	9	1	5	4	5	13	4	4	9	4	5	2	16	1	1	1	7	1	8	1		1	3	4	
113	8	30	6	5	臺北市	中正區	中正區中正橋往新北上坡處	25.0225878	121.5167705	0	0	2	2	8	7	5	8	9	1	5	4	5	13	4	4	1	4	1	2	17	1	8	1	5	1	10	1		1	2	12	
113	8	30	7	0	臺北市	士林區	士林區至善路1段與臨溪路口	25.09712386	121.5422714	0	0	1	3	8	6	5	3	2	1	5	4	5	13	1	1	1	4	5	2	17	4	12	7	3	2	8	2		4	3	1	
113	8	30	7	25	臺北市	士林區	士林區中山北路5段470巷與中山北路5段口	25.09220879	121.5278725	0	0	1	2	8	5	5	3	2	1	5	4	5	13	4	4	1	5	5	2	16	1	6	1	7	1	8	1		1	3	5	
113	8	30	7	26	臺北市	松山區	松山區南京東路5段286巷與南京東路5段250巷36弄口	25.0497195	121.5672713	0	0	1	2	7	6	5	4	1	1	5	4	5	13	1	1	10	5	5	2	15	1	9	1	6	1	10	1		2	2	11	
113	8	30	7	40	臺北市	中山區	中山區北安路海軍司令部前	25.07774477	121.5374819	0	0	2	2	8	7	5	14	9	1	5	4	5	13	1	1	1	4	5	2	13	4	9	1	6	2	10	1		2	2	11	
113	8	30	7	41	臺北市	大安區	大安區和平東路3段與安和路2段口	25.0244762	121.5499247	0	0	1	3	8	6	5	4	2	1	5	4	5	13	1	1	1	1	5	2	17	1	9	1	6	1	10	1		1	2	11	
113	8	30	7	55	臺北市	中山區	中山區長春路與吉林路口	25.05487002	121.5300752	0	0	1	2	8	7	5	4	1	1	5	4	5	13	1	1	5	5	4	2	16	1	11	1	6	1	10	1		1	2	14	
113	8	30	8	0	臺北市	文山區	文山區木新路2段與木新路2段66巷口	24.98566359	121.5705974	0	0	1	2	8	6	5	5	1	1	5	4	5	13	4	4	10	5	5	2	13	4	9	1	3	1	10	1		2	2	11	
113	8	30	8	5	臺北市	信義區	信義區吳興街220巷59弄與吳興街156巷65弄口	25.02709294	121.5591174	0	0	1	2	8	7	5	4	2	1	5	4	5	13	4	4	9	4	5	2	17	1	9	1	7	2	8	1		1	3	8	
113	8	30	8	10	臺北市	中正區	中正區杭州南路1段與徐州路口	25.0402238	121.5257546	0	0	1	2	8	6	5	4	1	1	5	4	1	13	1	1	10	4	5	2	16	1	8	1	7	1	4	1		1	3	6	
113	8	30	8	34	臺北市	大安區	大安區辛亥路3段與辛亥路3段157巷口	25.0171367	121.5491969	0	0	2	3	8	7	5	4	1	1	5	4	5	13	2	1	10	5	5	2	16	4	6	1	3	1	8	1		2	3	2	
113	8	30	8	36	臺北市	中正區	中正區重慶南路3段與寧波西街口口	25.0300685	121.515381	0	0	1	2	8	6	5	4	2	1	5	4	5	13	1	1	1	5	5	1	13	4	21	7	3	11	19	2		2	4	15	
113	8	30	8	57	臺北市	松山區	松山區民權東路3段與民權東路3段106巷口	25.0619874	121.5447653	0	0	1	2	8	6	5	3	2	1	5	4	5	13	4	4	1	3	5	2	17	4	6	7	3	1	19	2		1	4	15	
113	8	30	8	58	臺北市	文山區	文山區木柵路1段與試院路口(雙號)	24.9874566	121.5498306	0	0	1	3	8	5	5	3	1	1	5	4	5	13	2	1	10	4	5	2	16	1	5	1	7	2	8	1		1	3	2	
113	8	30	9	1	臺北市	信義區	信義區基隆路2段177號	25.0251413	121.5537657	0	0	1	3	8	5	5	14	9	1	5	4	5	13	4	4	1	4	5	2	13	1	9	1	5	1	10	1		1	2	11	
113	8	30	9	5	臺北市	內湖區	內湖區港墘路與瑞光路口	25.076374	121.5749701	0	0	1	2	8	6	5	4	1	1	5	4	5	13	2	1	1	4	5	2	17	1	9	8	2	1	20	1		2	2	12	
113	8	30	9	20	臺北市	內湖區	內湖區文德路22巷53弄與江南街71巷75弄口	25.0754246	121.5798016	0	0	1	2	8	5	5	4	1	1	5	4	5	13	4	4	10	5	5	2	15	1	9	1	5	2	10	1		2	2	12	
113	8	30	9	25	臺北市	信義區	信義區光復南路133號	25.0433631	121.5578413	0	0	2	2	8	7	5	14	9	1	5	4	5	13	1	1	9	4	4	2	13	1	9	1	5	2	10	1		1	2	12	
113	8	30	9	53	臺北市	信義區	信義區忠孝東路5段137號	25.0411589	121.5676714	0	0	1	3	8	6	5	14	9	1	5	4	5	13	4	4	3	4	5	2	17	1	8	1	7	2	4	1		1	3	17	
113	8	30	9	54	臺北市	大同區	大同區民權西路與蘭州街口	25.06290278	121.5147162	0	0	2	2	8	6	5	5	1	1	5	4	5	13	4	4	1	5	5	2	17	1	5	1	6	1	10	1		1	2	14	
113	8	30	10	5	臺北市	信義區	信義區虎林街與虎林街242巷口口	25.03648813	121.577657	0	0	1	2	8	7	5	4	1	1	5	4	5	13	4	4	10	5	5	2	15	1	9	6	6	11	10	1		1	2	11	
113	8	30	10	20	臺北市	中山區	中山區德惠街與德惠街3巷口	25.0667296	121.5229732	0	0	2	3	8	7	8	4	1	1	5	4	5	13	4	4	5	5	5	2	12	4	11	1	3	1	4	1		1	3	8	
113	8	30	10	21	臺北市	中正區	中正區汀州路2段178巷與金門街24巷口口	25.0227407	121.5217792	0	0	1	2	8	6	5	4	1	1	5	4	5	13	4	4	10	5	5	1	15	1	9	1	6	2	8	1		2	2	11	
113	8	30	10	40	臺北市	中山區	中山區中原街與民生東路2段口	25.0579975	121.5288986	0	0	2	2	8	7	5	4	1	1	5	4	5	13	1	1	5	5	5	2	16	1	5	1	6	1	10	1		1	2	11	
113	8	30	10	49	臺北市	內湖區	內湖區環山路3段12號	25.08443666	121.5789954	0	0	2	2	8	6	5	3	1	1	5	4	5	13	4	4	5	4	5	2	13	1	9	1	6	1	10	1		1	2	11	
113	8	30	10	58	臺北市	中正區	中正區博愛路與貴陽街1段口	25.03899	121.5111277	0	0	1	2	8	6	5	4	2	1	5	4	5	13	2	1	5	4	5	2	17	1	5	1	7	2	8	1		1	3	2	
113	8	30	10	59	臺北市	內湖區	內湖區內湖路1段203巷11號	25.0841537	121.5634742	0	0	1	2	8	6	6	14	9	1	5	4	5	13	4	4	9	5	5	2	12	4	13	1	3	1	8	1		1	3	4	
113	8	30	11	11	臺北市	內湖區	內湖區永保街166號	25.0636711	121.6013224	0	0	1	2	8	5	5	14	9	1	5	4	5	13	4	4	5	4	5	2	16	1	11	6	7	1	18	1		1	3	5	
113	8	30	12	27	臺北市	士林區	士林區文昌路18號	25.0947691	121.5217785	0	0	2	2	8	5	5	14	9	1	5	4	5	13	4	4	5	4	5	1	17	1	1	1	6	2	10	1		2	2	14	
113	8	30	12	55	臺北市	士林區	士林區中正路198號	25.0956134	121.5269828	0	0	2	3	8	6	5	14	9	1	5	4	5	13	4	4	3	4	5	2	13	1	9	1	7	2	2	1		1	3	1	
113	8	30	12	59	臺北市	大安區	大安區基隆路2段與樂業街口	25.0223854	121.5503868	0	0	1	2	8	5	5	4	18	1	5	4	5	13	2	1	1	4	5	2	9	5	16	8	4	11	20	1		4	2	16	
113	8	30	13	9	臺北市	文山區	文山區興隆路4段與興隆路4段213巷口	24.9826341	121.5623069	0	0	1	2	8	6	5	4	1	1	5	4	5	13	1	1	10	5	5	2	15	4	9	1	3	2	8	1		1	3	8	