年	月	日	時	分	縣市	行政區	allLocation	GoogleLat	GoogleLng	死	2-30	受傷	當事人數	天候	道路照明設備	道路類別	道路型態	事故位置	路面狀況1	路面狀況2	路面狀況3	道路障礙1	道路障礙2	號誌1	號誌2	車道劃分-分向	車道劃分-分道1	車道劃分-分道2	車道劃分-分道3	事故類型及型態	行動電話	當事者行動狀態	駕駛資格情形	保護裝置	飲酒情形	駕駛執照種類	個人肇逃否	肇因碼-主要	性別	受傷程度	車輛撞擊部位1	車輛撞擊部位2
113	8	30	13	10	臺北市	中山區	中山區濱江街195號	25.07262269	121.5395378	0	0	1	2	8	7	5	14	9	1	5	4	5	13	4	4	1	4	5	2	16	1	6	1	7	1	8	1		1	3	2	
113	8	30	13	13	臺北市	內湖區	內湖區星雲街88巷與康寧路1段156巷7弄口	25.07870553	121.5930832	0	0	1	2	8	6	5	3	1	1	5	4	5	13	4	4	10	5	5	2	16	1	6	1	6	2	10	1		1	2	11	
113	8	30	13	40	臺北市	北投區	北投區石牌路1段139號	25.1144883	121.5132947	0	0	1	2	8	7	8	14	9	1	5	4	5	13	4	4	5	5	5	2	9	4	12	1	3	9	2	1		2	3	17	
113	8	30	15	0	臺北市	松山區	松山區民權東路3段與民權東路3段175巷口	25.0621437	121.5476119	0	0	1	3	8	6	5	4	1	1	5	4	5	13	2	1	9	4	5	1	12	1	9	1	7	1	2	1		1	3	2	
113	8	30	15	25	臺北市	松山區	松山區光復北路與光復北路11巷口	25.0491284	121.5579086	0	0	1	2	8	7	5	4	1	1	5	4	5	13	2	1	1	4	5	2	12	1	7	1	5	1	11	1		2	2	14	
113	8	30	15	26	臺北市	大安區	大安區大安路1段與東豐街口	25.0359537	121.5459891	0	0	1	2	8	6	5	4	1	1	5	4	5	13	2	1	5	4	4	2	3	1	9	1	7	2	8	1		1	3	5	
113	8	30	15	39	臺北市	中山區	中山區中山北路4段與中山北路4段口圓山涵洞口	25.07684147	121.5251753	0	0	1	2	8	7	5	4	1	1	5	4	5	13	1	1	10	4	5	2	15	4	9	3	3	2	18	1		1	3	5	
113	8	30	15	43	臺北市	中正區	中正區市民大道1段168號	25.04825792	121.5188686	0	0	1	2	7	6	5	22	9	1	5	4	5	13	4	4	1	4	5	2	16	1	11	1	7	2	8	1		1	3	2	
113	8	30	16	0	臺北市	中山區	中山區通北街65巷與通北街口	25.08285975	121.539883	0	0	1	2	7	7	5	3	1	1	5	4	5	13	4	4	4	5	5	1	17	1	5	1	5	1	10	1		1	2	12	
113	8	30	16	9	臺北市	萬華區	萬華區和平西路3段與艋舺大道口	25.0340026	121.5046352	0	0	3	3	8	6	5	4	1	1	5	4	5	13	2	1	1	4	5	2	17	1	15	1	6	1	10	1		2	2	12	
113	8	30	16	15	臺北市	松山區	松山區塔悠路179號	25.05642051	121.5699025	0	0	1	2	8	7	8	3	1	1	5	4	5	13	4	4	10	5	5	2	16	1	6	1	7	1	8	1		1	3	8	
113	8	30	16	34	臺北市	松山區	松山區民權東路4段與光復北路口	25.0617695	121.5545267	0	0	1	2	8	7	5	4	1	1	5	4	5	13	2	1	1	4	4	2	16	1	6	1	7	1	4	1		1	3	5	
113	8	30	17	0	臺北市	大同區	大同區鄭州路40號前迴轉道	25.0501838	121.5084065	0	0	2	3	8	6	5	14	6	1	5	4	5	13	4	4	8	3	5	2	17	1	11	1	6	1	9	1		1	3	12	
113	8	30	17	5	臺北市	中正區	中正區台北車站西側門與北平西路口台北車站西3西門	25.04742832	121.5161046	0	0	1	2	8	7	5	3	1	1	5	4	5	13	4	4	10	4	5	2	2	1	5	1	7	2	4	1		1	3	1	
113	8	30	17	28	臺北市	士林區	士林區中正路與中正路236巷口	25.0952632	121.5255619	0	0	1	2	8	5	5	3	1	1	5	4	5	13	2	1	3	5	5	1	17	1	7	1	7	1	8	1		1	3	8	
113	8	30	17	35	臺北市	內湖區	內湖區東湖路與康樂街口	25.06787841	121.6175603	0	0	2	3	8	6	5	4	1	1	5	4	5	13	2	1	5	4	5	2	17	1	9	1	6	2	10	1		1	2	11	
113	8	30	17	53	臺北市	內湖區	內湖區舊宗路1段與新湖三路口	25.0635963	121.5765801	0	0	1	2	8	7	5	4	2	1	5	4	5	13	1	1	1	4	5	1	17	1	6	1	6	1	10	1		1	3	13	
113	8	30	18	0	臺北市	文山區	文山區木新路2段與木新路2段158巷口口	24.983953	121.5687464	0	0	1	2	8	5	5	4	1	1	5	4	5	13	2	1	10	5	5	2	16	4	5	1	3	1	8	1		2	3	1	
113	8	30	18	1	臺北市	文山區	文山區興隆路3段與興隆路3段206巷口口	24.9977881	121.5592433	0	0	1	2	8	5	5	3	1	1	5	4	5	13	2	1	1	4	5	2	16	1	11	1	7	1	6	1		1	3	4	
113	8	30	18	37	臺北市	中正區	中正區公園路與許昌街口	25.04554122	121.5171208	0	0	1	2	7	5	5	4	1	1	5	4	5	13	1	1	10	4	5	2	3	4	5	1	6	2	10	1		1	3	11	
113	8	30	18	44	臺北市	大安區	大安區復興南路2段與復興南路2段78巷口	25.03131	121.5435177	0	0	1	2	8	5	5	4	1	1	5	4	5	13	2	1	1	4	5	2	12	1	9	1	6	1	10	1		1	2	14	
113	8	30	18	50	臺北市	士林區	士林區後港街98號	25.0855876	121.5213927	0	0	1	2	8	5	5	14	9	1	5	4	5	13	4	4	10	5	5	2	13	1	9	1	7	1	8	1		1	3	3	
113	8	30	18	52	臺北市	大同區	大同區鄭州路與西寧北路口	25.0506524	121.5080182	0	0	1	2	7	5	5	4	1	1	5	4	5	13	2	1	1	4	5	2	15	4	9	3	3	1	18	1		2	3	1	
113	8	30	19	4	臺北市	士林區	士林區故宮路與至善路2段口	25.09813782	121.5466293	0	0	2	2	8	5	5	4	1	1	5	4	5	13	1	1	1	5	5	2	17	1	5	1	6	1	10	1		1	2	14	
113	8	30	19	55	臺北市	北投區	北投區承德路7段與吉利街口	25.1179697	121.5035778	0	0	2	2	8	5	5	4	1	1	5	4	5	13	4	4	10	5	5	2	17	1	6	1	5	2	10	1		1	2	11	
113	8	30	20	15	臺北市	萬華區	萬華區萬大路與莒光路口	25.0312146	121.5004409	0	0	1	2	8	5	5	4	1	1	5	4	5	13	1	1	1	3	5	2	17	1	6	1	7	1	4	1		1	3	5	
113	8	30	20	22	臺北市	松山區	松山區民權東路3段與敦化北路口口	25.0616697	121.5509951	0	0	1	2	8	5	5	4	1	1	5	4	5	13	2	1	3	4	5	2	16	1	9	8	4	2	20	1		2	2	15	
113	8	30	20	33	臺北市	中山區	中山區樂群三路303號	25.08260428	121.5601153	0	0	1	2	7	5	5	14	9	1	5	4	5	13	4	4	9	5	5	2	17	4	13	1	3	1	8	1		1	3	4	
113	8	30	20	58	臺北市	中山區	中山區北安路與大直街口	25.0798444	121.5472006	0	0	1	2	8	5	5	4	1	1	5	4	5	13	2	1	1	4	5	2	17	4	5	1	3	1	8	1		1	3	1	
113	8	30	21	12	臺北市	中正區	中正區仁愛路1段與林森南路口	25.03865045	121.5219067	0	0	1	3	7	5	5	4	2	1	5	4	5	13	1	1	5	4	5	2	17	4	8	1	6	11	10	1		1	2	12	
113	8	30	21	37	臺北市	中正區	中正區林森南路地下道與羅斯福路1段口	25.0331068	121.518316	0	0	1	2	8	5	5	4	1	1	5	4	5	13	1	1	10	4	5	2	17	1	6	1	5	1	10	1		1	3	12	
113	8	30	22	38	臺北市	北投區	北投區大興街與磺港路口	25.1309364	121.5036343	0	0	1	2	8	6	5	4	1	1	5	4	5	13	2	1	5	5	5	2	16	1	5	1	7	2	8	1		1	3	2	
113	8	31	1	20	臺北市	信義區	信義區忠孝東路4段與光復南路口	25.0414532	121.5576832	0	0	1	2	8	5	5	4	1	1	5	4	5	13	1	1	1	4	5	2	15	4	9	1	3	2	10	1		1	2	12	
113	8	31	1	20	臺北市	松山區	松山區八德路4段與吉祥路16巷口	25.04863768	121.561995	0	0	1	2	7	5	5	14	9	1	5	4	5	13	4	4	9	4	5	2	12	1	8	1	7	1	8	1		1	3	2	
113	8	31	3	47	臺北市	內湖區	內湖區文德路212號	25.0785546	121.5843798	0	0	1	2	7	5	5	14	7	1	5	4	5	13	4	4	1	4	4	2	23	1	15	1	5	7	10	1		1	2	14	
113	8	31	4	47	臺北市	中山區	中山區龍江路與五常街口	25.0643212	121.5408751	0	0	1	2	8	5	5	4	1	1	5	4	5	13	2	1	5	2	5	2	17	1	5	1	7	1	8	1		1	3	17	
113	8	31	6	8	臺北市	大安區	大安區復興南路2段與復興南路2段151巷口	25.0284116	121.5435371	0	0	1	2	8	7	5	4	1	1	5	4	5	13	2	1	1	4	4	2	17	1	5	1	7	2	4	1		1	3	6	
113	8	31	7	1	臺北市	信義區	信義區忠孝東路4段560號	25.041084	121.5641262	0	0	2	2	8	5	5	14	9	1	5	4	5	13	1	1	1	4	5	2	13	1	9	3	5	1	18	1		1	2	11	
113	8	31	7	19	臺北市	大同區	大同區延平北路4段與迪化街2段口	25.0741553	121.5115286	0	0	2	3	8	6	5	3	1	1	5	4	5	13	4	4	10	3	5	1	15	4	9	6	3	2	8	1		1	3	1	
113	8	31	7	41	臺北市	士林區	士林區忠誠路2段40巷14弄與忠誠路2段50巷口	25.11081564	121.5296242	0	0	1	2	8	6	5	4	1	1	5	4	5	13	4	4	10	5	5	2	15	1	9	1	7	1	8	1		2	3	4	
113	8	31	7	44	臺北市	內湖區	內湖區潭美街309號前	25.05814815	121.5891523	0	0	2	2	8	5	5	14	9	1	5	4	5	13	4	4	9	5	5	2	3	1	9	1	6	1	10	1		1	2	11	
113	8	31	8	0	臺北市	中山區	中山區民生東路2段與民生東路2段164巷口	25.05782621	121.5336507	0	0	1	2	8	7	5	3	2	1	5	4	5	13	4	4	1	4	5	2	12	1	8	1	6	1	10	1		1	3	12	
113	8	31	8	31	臺北市	中正區	中正區重慶南路2段7巷與南昌路1段口口	25.0343749	121.5149987	0	0	1	3	8	6	5	4	1	1	5	4	5	13	4	4	5	5	5	2	16	1	9	1	5	1	10	1		2	2	12	
113	8	31	8	35	臺北市	萬華區	萬華區忠孝橋往臺北市下橋處	25.04882266	121.5066565	0	0	1	2	8	6	5	8	9	1	5	4	5	13	4	4	1	5	5	2	16	1	7	1	6	1	10	1		1	3	14	
113	8	31	8	44	臺北市	中正區	中正區汀州路2段238號	25.0219135	121.5243346	0	0	2	4	8	6	5	14	9	1	5	4	5	13	4	4	9	4	5	2	17	1	9	8	4	1	20	1		2	3	17	
113	8	31	8	50	臺北市	士林區	士林區美崙街與美崙街152巷口	25.0967904	121.519362	0	0	1	2	8	6	5	3	1	1	5	4	5	13	4	4	5	5	5	2	17	4	5	1	3	1	8	1		1	3	1	
113	8	31	8	56	臺北市	信義區	信義區福德街221巷與福德街口	25.0384161	121.5849297	0	0	1	2	8	6	5	4	2	1	5	4	5	13	4	4	10	5	5	2	12	1	9	1	7	2	8	2		1	3	2	
113	8	31	9	2	臺北市	士林區	士林區文林路418號	25.0941797	121.5248225	0	0	1	2	8	5	8	14	9	1	5	4	5	13	4	4	5	4	5	1	12	1	11	1	7	1	8	1		1	3	8	
113	8	31	9	22	臺北市	大同區	大同區民權西路144巷與民權西路160巷26弄口	25.0616166	121.5159268	0	0	2	2	8	6	5	4	1	1	5	4	5	13	3	1	10	5	5	2	15	1	9	1	6	2	10	1		1	2	14	
113	8	31	9	30	臺北市	信義區	信義區松仁路253巷與松仁路253巷3弄口	25.0256285	121.5695482	0	0	2	2	8	6	5	4	1	1	5	4	5	13	4	4	10	5	5	1	15	1	9	1	5	1	10	1		2	2	12	
113	8	31	9	42	臺北市	大同區	大同區保安街62號	25.0590663	121.5124339	0	0	1	2	8	6	5	14	9	1	5	4	5	13	4	4	8	3	5	1	3	5	16	8	4	10	20	1		1	3	16	
113	8	31	9	51	臺北市	萬華區	萬華區艋舺大道74號	25.0334255	121.5033743	0	0	1	2	8	6	5	14	9	1	5	4	5	13	4	4	8	3	5	1	17	1	15	1	5	1	10	1		1	2	12	
113	8	31	10	2	臺北市	信義區	信義區基隆路2段79巷33弄與基隆路2段79巷口	25.0294122	121.5597258	0	0	1	2	8	6	5	4	1	1	5	4	5	13	4	4	10	5	5	1	15	1	9	1	6	1	10	1		1	2	12	
113	8	31	10	8	臺北市	內湖區	內湖區內湖路1段與文湖街口	25.0847873	121.5591045	0	0	2	3	8	6	5	3	1	1	5	4	5	13	4	4	10	5	5	2	15	1	9	1	7	2	8	1		1	3	1	
113	8	31	10	10	臺北市	內湖區	內湖區麥帥一橋東向西	25.05348963	121.5742986	0	0	2	3	8	6	7	8	11	1	5	4	5	13	4	4	1	4	5	2	12	4	21	7	3	11	19	2		1	4	15	
113	8	31	10	12	臺北市	北投區	北投區中和街與大同街口	25.1413833	121.4993606	0	0	2	2	8	7	5	4	1	1	5	4	5	13	2	1	5	5	5	2	16	1	5	1	6	1	10	1		1	2	14	
113	8	31	10	13	臺北市	大同區	大同區通河西街1段與通河西街堤外便道口(百齡左岸A15)	25.0776599	121.5179718	0	0	1	2	8	6	5	3	1	1	5	4	5	13	4	4	10	5	5	1	12	4	9	1	6	1	10	1		1	2	12	
113	8	31	10	40	臺北市	士林區	士林區通河西街2段與通河西街2段口堤外便道交叉口	25.0940595	121.5025653	0	0	1	2	8	6	5	3	1	5	5	4	5	13	4	4	10	5	5	2	17	4	5	1	3	1	10	1		1	3	12	
113	8	31	11	5	臺北市	萬華區	萬華區莒光路171號附近	25.0312292	121.5028815	0	0	1	2	8	7	5	14	9	1	5	4	5	13	4	4	1	3	5	2	16	1	9	1	5	1	10	1		2	2	12	
113	8	31	11	10	臺北市	中山區	中山區民族東路410巷2弄與民族東路410巷口無名巷	25.0668628	121.537515	0	0	1	2	8	7	5	3	1	1	5	4	5	13	4	4	9	4	5	2	17	1	9	1	5	1	10	1		1	3	13	
113	8	31	11	21	臺北市	內湖區	內湖區新明路與成功路2段口	25.0606113	121.591273	0	0	1	2	8	6	5	4	1	1	5	4	5	13	2	1	5	4	5	2	17	1	5	1	7	1	8	1		1	3	8	
113	8	31	11	28	臺北市	士林區	士林區中山北路7段與中山北路7段81巷口	25.1215719	121.5315133	0	0	2	2	8	6	5	4	1	1	5	4	5	13	2	1	1	4	5	2	17	4	9	1	3	2	10	1		1	2	11	
113	8	31	11	39	臺北市	大安區	大安區和平東路3段與基隆路2段口	25.024482	121.5521941	0	0	1	2	8	6	5	4	1	1	5	4	5	13	2	1	1	4	5	1	12	4	7	1	3	1	10	1		1	2	14	
113	8	31	11	40	臺北市	松山區	松山區三民路180巷與三民路口	25.06225597	121.5631568	0	0	2	3	8	7	5	3	1	1	5	4	5	13	3	1	1	3	5	2	17	1	15	1	7	1	8	1		1	3	17	
113	8	31	11	55	臺北市	中山區	中山區中山北路2段與錦西街口	25.0603629	121.5228341	0	0	1	2	8	7	5	4	1	1	5	4	5	13	2	1	1	4	5	2	16	4	6	1	3	1	8	1		2	3	6	
113	8	31	12	14	臺北市	信義區	信義區松山路與松隆路口	25.0480373	121.5777292	0	0	2	3	8	6	5	4	1	1	5	4	5	13	1	1	1	4	5	2	17	4	5	1	3	2	8	1		2	3	5	
113	8	31	12	36	臺北市	士林區	士林區基河路與福德路口	25.09212288	121.5209171	0	0	3	3	8	5	5	4	2	1	5	4	5	13	2	1	5	4	5	2	16	1	7	1	5	1	10	1		1	2	14	
113	8	31	12	45	臺北市	中山區	中山區復興北路488巷1弄與復興北路488巷口	25.0651212	121.5436838	0	0	1	2	8	7	5	4	1	1	5	4	5	13	4	4	10	5	5	2	17	1	9	1	5	1	10	1		2	3	14	
113	8	31	12	50	臺北市	大安區	大安區忠孝東路3段與新生南路1段口	25.0421652	121.5333621	0	0	1	2	8	6	8	14	9	1	5	4	5	13	4	4	10	5	5	2	13	1	12	1	6	1	10	1		1	2	11	
113	8	31	12	55	臺北市	松山區	松山區光復南路22巷與光復南路32巷16弄口	25.0470265	121.5563858	0	0	1	2	8	5	5	4	1	1	5	4	5	13	4	4	10	5	5	2	15	1	9	1	7	1	8	1		1	3	5	
113	8	31	13	38	臺北市	中山區	中山區市民大道3段與八德路2段口	25.04508898	121.5348515	0	0	2	3	8	7	8	4	1	1	5	4	5	13	1	1	1	4	5	2	16	1	6	1	7	1	8	1		2	3	5	
113	8	31	14	12	臺北市	南港區	南港區同德路87號與同德路口	25.0463148	121.5866461	0	0	2	3	8	6	5	3	1	1	5	4	5	13	4	4	4	5	5	2	11	4	15	1	3	1	8	1		1	3	1	
113	8	31	14	20	臺北市	松山區	松山區民權東路3段111號	25.06218411	121.5453684	0	0	1	2	8	7	5	14	9	1	5	4	5	13	4	4	1	3	1	2	13	1	9	1	5	1	10	1		1	3	11	
113	8	31	14	42	臺北市	大安區	大安區和平東路1段與和平東路1段104巷口	25.0267568	121.5249391	0	0	1	2	8	7	5	3	1	1	5	4	5	13	4	4	10	4	4	2	17	1	6	1	7	1	8	1		1	3	2	
113	8	31	14	51	臺北市	大安區	大安區和平東路3段與和平東路3段1巷口	25.0247742	121.5465849	0	0	1	2	8	5	5	4	1	1	5	4	5	13	2	1	1	4	5	2	17	1	11	1	7	1	5	1		1	3	5	
113	8	31	14	54	臺北市	南港區	南港區忠孝東路6段322巷與忠孝東路6段口	25.049559	121.5906324	0	0	1	2	8	7	5	3	2	1	5	4	5	13	4	4	1	4	5	2	16	4	6	1	3	1	10	1		1	3	12	
113	8	31	15	20	臺北市	士林區	士林區文林路與前街口	25.097309	121.5240159	0	0	1	2	8	5	8	22	22	1	5	4	5	13	2	1	5	5	5	1	17	1	4	1	7	1	8	1		1	3	2	
113	8	31	15	29	臺北市	中山區	中山區南京東路1段35號	25.0522234	121.5272001	0	0	2	3	8	5	5	14	8	1	5	4	5	13	4	4	1	4	4	2	13	4	8	1	3	1	8	1		1	3	6	
113	8	31	15	53	臺北市	大安區	大安區建國南路2段151巷與瑞安街222巷口	25.0287527	121.538459	0	0	1	3	8	6	5	3	1	1	5	4	5	10	4	4	8	5	5	2	17	1	5	1	7	1	8	1		2	3	5	
113	8	31	15	55	臺北市	士林區	士林區延平北路5段與延平北路5段1巷口	25.0790113	121.5112627	0	0	1	2	8	5	5	4	1	1	5	4	5	13	1	1	1	5	5	1	16	1	11	1	7	1	8	1		1	3	4	
113	8	31	16	21	臺北市	北投區	北投區裕民六路與裕民二路33巷口口	25.1166635	121.5173209	0	0	1	2	7	5	5	3	1	1	5	4	5	13	2	1	5	4	5	2	16	1	5	1	7	1	8	1		1	3	4	
113	8	31	17	10	臺北市	內湖區	內湖區內湖路2段179巷246號	25.0842902	121.5843487	0	0	1	2	8	6	5	3	1	1	5	4	5	13	4	4	10	5	5	2	16	1	6	1	7	2	4	1		1	3	8	
113	8	31	17	40	臺北市	大同區	大同區大龍街244號	25.0699924	121.5159217	0	0	2	3	8	6	5	14	9	1	5	4	5	13	4	4	8	3	5	1	3	5	18	8	4	10	20	1		2	2	16	
113	8	31	18	30	臺北市	信義區	信義區松壽路與一號道路口	25.0361072	121.5624549	0	0	1	2	8	5	5	5	1	1	5	4	5	13	1	1	5	2	5	2	17	1	1	1	6	2	10	1		2	2	12	
113	8	31	18	32	臺北市	大同區	大同區市民高架道第439號燈桿	25.0484475	121.5188033	0	0	2	4	8	5	5	10	7	1	5	4	5	13	4	4	1	4	5	2	13	1	9	1	7	1	8	1		1	3	1	
113	8	31	18	37	臺北市	中正區	中正區羅斯福路3段與羅斯福路3段210巷口	25.0192978	121.5295494	0	0	1	3	8	5	5	3	2	1	5	4	5	13	4	4	3	4	5	2	12	1	9	1	7	2	4	1		1	3	2	
113	8	31	19	39	臺北市	松山區	松山區復興北路地下道北往南342號燈座處旁	25.0699208	121.5442276	1	0	1	4	7	5	5	7	9	1	5	4	5	13	4	4	1	1	5	2	29	1	9	1	6	9	10	1		1	1	12	
113	8	31	20	8	臺北市	大同區	大同區通河西街堤外便道堤外便道(百齡左岸261）燈桿	25.0772781	121.5189385	0	0	3	3	7	5	8	22	22	1	5	4	5	13	4	4	10	5	5	2	9	1	9	1	5	1	10	1		2	2	11	
113	8	31	20	39	臺北市	松山區	松山區民權東路3段與敦化北路口	25.0615403	121.5502588	0	0	2	3	8	5	5	4	2	1	5	4	5	13	2	1	1	2	1	2	17	4	9	1	6	1	10	1		2	3	15	
113	8	31	21	38	臺北市	士林區	士林區故宮路34巷與故宮路口	25.0967304	121.547095	0	0	1	2	7	5	5	4	2	1	5	4	5	13	1	1	3	4	5	1	15	4	11	1	3	1	4	1		1	3	6	
113	8	31	22	10	臺北市	中山區	中山區建國北路3段與民族東路口	25.06819405	121.5337665	0	0	2	2	8	5	5	5	2	1	5	4	5	13	1	1	1	4	5	2	13	1	9	1	6	1	10	1		1	2	11	
113	8	31	22	25	臺北市	北投區	北投區大度路東往西	25.122084	121.4867196	0	0	4	4	7	5	5	14	12	1	5	4	5	13	4	4	1	5	1	1	17	1	9	1	5	1	10	1		1	2	11	
113	8	31	22	36	臺北市	中正區	中正區愛國東路與寧波東街口	25.0332373	121.520449	0	0	2	3	8	5	5	3	1	1	5	4	5	13	1	1	1	4	4	2	17	1	5	1	5	1	10	1		1	2	12	
113	8	31	22	38	臺北市	中山區	中山區樂群三路與敬業四路口	25.0815902	121.5585164	0	0	1	3	8	5	5	4	1	1	5	4	5	13	1	1	5	4	5	2	17	4	5	1	3	9	8	2		2	3	17	
113	8	31	22	49	臺北市	大同區	大同區赤峰街與赤峰街47巷口	25.0553147	121.519642	0	0	3	3	8	5	5	4	1	1	5	4	5	13	4	4	10	5	5	2	15	1	9	1	6	1	10	1		1	2	11	
113	8	31	23	38	臺北市	萬華區	萬華區西園路1段與廣州街口	25.03656704	121.4993573	0	0	1	2	8	5	5	4	2	1	5	4	5	13	1	1	1	4	5	2	17	1	11	1	7	1	8	1		1	3	4	
113	9	1	3	50	臺北市	大同區	大同區環河北路1段與民生西路423巷27弄口	25.0578291	121.5085258	0	0	1	2	8	6	5	3	2	1	5	4	5	13	4	4	1	4	5	2	17	1	9	1	6	1	10	1		1	2	11	
113	9	1	6	28	臺北市	士林區	士林區至善路2段與至善路2段332巷口	25.1025413	121.5531263	0	0	1	2	8	7	5	14	9	1	5	4	5	13	4	4	3	5	5	1	17	1	13	1	7	1	8	1		1	3	4	
113	9	1	7	38	臺北市	大同區	大同區延平北路3段與迪化街2段149巷口	25.0667227	121.5111653	0	0	3	3	8	6	5	4	18	1	5	4	5	13	2	1	5	4	5	2	9	4	9	1	5	2	9	1		1	2	11	
113	9	1	8	7	臺北市	文山區	文山區木柵路1段與木柵路1段76巷口	24.9874953	121.5501878	0	0	1	2	8	7	5	4	1	1	5	4	5	13	1	1	10	5	5	2	16	1	5	1	7	2	8	1		1	3	8	
113	9	1	8	20	臺北市	內湖區	內湖區民權東路6段與成功路2段口口	25.0688797	121.5903179	0	0	1	2	7	6	5	3	1	1	5	4	5	13	4	4	3	4	5	2	16	1	6	1	7	1	8	1		2	3	5	
113	9	1	8	26	臺北市	松山區	松山區健康路與南京東路4段口	25.0515057	121.5523657	0	0	1	2	8	7	5	4	2	2	5	4	5	13	2	1	1	4	5	2	15	1	15	1	7	1	8	1		2	3	8	
113	9	1	8	40	臺北市	士林區	士林區天母北路58號	25.12154553	121.5267487	0	0	1	2	8	7	5	12	9	1	5	4	5	13	4	4	9	4	5	1	9	1	9	1	7	9	2	1		1	3	5	
113	9	1	8	50	臺北市	南港區	南港區松河街與重陽路187巷口	25.0582985	121.5984982	0	0	1	2	8	7	5	3	2	1	5	4	5	13	4	4	5	4	5	2	13	1	9	1	5	1	10	1		1	2	11	
113	9	1	9	37	臺北市	大安區	大安區市民大道4段34號	25.044972	121.5470503	0	0	1	2	8	5	5	22	6	1	5	4	5	13	4	4	1	4	5	2	12	1	8	1	7	1	4	1		1	3	15	
113	9	1	9	54	臺北市	信義區	信義區基隆路2段151-7號	25.0259568	121.5544627	0	0	1	2	8	7	5	14	9	1	5	4	5	13	4	4	10	4	5	2	17	1	8	1	7	1	4	1		1	3	2	
113	9	1	10	12	臺北市	信義區	信義區富陽街與富陽街87巷口	25.0212809	121.5565429	0	0	2	3	8	6	5	3	1	1	5	4	5	13	4	4	10	4	5	1	17	4	5	1	3	2	8	1		1	3	8	
113	9	1	10	39	臺北市	中正區	中正區徐州路46號旁	25.0405064	121.5243267	0	0	1	2	8	5	5	14	9	1	5	4	5	13	4	4	9	4	5	1	16	1	11	1	7	1	4	1		2	3	4	
113	9	1	10	43	臺北市	士林區	士林區仰德大道1段110號與仰德大道1段口	25.1082442	121.536642	0	0	1	2	8	6	5	3	1	1	5	4	5	13	2	1	4	5	5	1	13	1	9	8	4	1	20	1		1	2	17	
113	9	1	11	2	臺北市	萬華區	萬華區萬大路與興寧街口	25.0322559	121.5005886	0	0	3	3	8	7	5	4	1	1	5	4	5	13	1	1	8	3	5	2	16	1	9	1	5	2	10	1		1	2	11	
113	9	1	11	11	臺北市	萬華區	萬華區長泰街與長泰街246巷口	25.0216065	121.4948495	0	0	2	2	8	6	6	4	1	1	5	4	5	13	4	4	10	5	5	1	15	4	9	1	3	1	10	1		1	2	11	
113	9	1	12	27	臺北市	信義區	信義區信安街67巷與嘉興街181巷口	25.0260557	121.5575004	0	0	2	2	8	6	5	4	1	1	5	4	5	13	2	1	9	4	5	1	17	4	5	1	3	1	10	1		2	2	12	
113	9	1	12	30	臺北市	士林區	士林區中山北路6段236巷與克強路口	25.1087193	121.5253075	0	0	1	2	7	5	5	4	1	1	5	4	5	13	2	1	1	5	5	1	17	1	5	1	5	1	10	1		1	3	11	
113	9	1	12	55	臺北市	松山區	松山區市民大道6段與松山路口	25.04950959	121.5782399	0	0	1	2	8	7	5	14	9	1	5	4	5	13	4	4	10	3	5	2	17	1	9	1	5	1	10	1		1	2	17	
113	9	1	13	21	臺北市	中正區	中正區重慶南路3段與和平西路1段口	25.027411	121.5156834	0	0	1	2	8	6	5	5	1	1	5	4	5	13	2	1	1	4	5	2	12	1	9	1	7	2	4	1		1	3	2	
113	9	1	13	26	臺北市	萬華區	萬華區成都路與漢中街口	25.0423569	121.5076069	0	0	1	2	8	7	5	14	9	1	5	4	5	13	1	1	8	3	5	2	18	1	9	1	5	2	10	1		1	2	14	
113	9	1	13	51	臺北市	內湖區	內湖區潭美街與新明路460巷口	25.05349712	121.5787511	0	0	4	4	8	6	6	4	1	1	5	4	5	13	2	1	5	5	5	2	16	1	9	6	6	2	10	1		1	2	12	
113	9	1	14	2	臺北市	萬華區	萬華區萬青街與萬大路277巷口	25.0254572	121.5017527	0	0	2	3	8	6	5	4	1	1	5	4	5	13	3	1	10	5	5	1	15	4	9	1	3	2	1	1		1	3	2	
113	9	1	14	58	臺北市	內湖區	內湖區民權東路6段與成功路2段口	25.068863	121.5907516	0	0	1	2	8	6	5	4	2	1	5	4	5	13	2	1	1	4	5	2	17	1	6	1	7	1	8	1		1	3	2	
113	9	1	15	20	臺北市	中山區	中山區大佳河濱公園8號水門自行車道	25.07554121	121.5396092	0	0	2	2	8	7	8	11	23	2	5	4	4	9	4	4	10	5	5	2	17	1	5	8	4	1	20	1		2	2	11	
113	9	1	15	40	臺北市	大安區	大安區師大路39巷8號前	25.0246354	121.5287858	0	0	1	2	8	7	5	14	9	1	5	4	5	13	4	4	10	5	5	1	9	1	9	1	7	1	4	1		1	3	8	
113	9	1	16	6	臺北市	文山區	文山區興隆路3段與興德路口	25.0006104	121.5550534	0	0	2	3	8	6	5	3	2	1	5	4	5	13	2	1	1	4	5	2	12	1	1	1	7	2	8	1		1	3	4	
113	9	1	16	57	臺北市	中山區	中山區龍江路223巷與龍江路口	25.056884	121.5405819	0	0	1	2	8	6	5	4	1	1	5	4	5	13	4	4	10	5	5	2	15	1	9	1	6	1	10	1		1	2	12	