年	月	日	時	分	縣市	行政區	allLocation	GoogleLat	GoogleLng	死	2-30	受傷	當事人數	天候	道路照明設備	道路類別	道路型態	事故位置	路面狀況1	路面狀況2	路面狀況3	道路障礙1	道路障礙2	號誌1	號誌2	車道劃分-分向	車道劃分-分道1	車道劃分-分道2	車道劃分-分道3	事故類型及型態	行動電話	當事者行動狀態	駕駛資格情形	保護裝置	飲酒情形	駕駛執照種類	個人肇逃否	肇因碼-主要	性別	受傷程度	車輛撞擊部位1	車輛撞擊部位2
113	9	1	17	27	臺北市	信義區	信義區信義路5段與基隆路1段口口	25.0331898	121.5598521	0	0	1	2	8	6	5	4	2	1	5	4	5	13	2	1	1	4	5	2	15	1	15	1	7	1	8	1		1	3	1	
113	9	1	18	20	臺北市	萬華區	萬華區堤外便道自行車道3014076燈桿	25.02969435	121.4875314	0	0	1	2	8	6	7	14	23	1	5	4	5	13	4	4	9	5	5	2	17	1	9	8	4	1	20	1		1	3	17	
113	9	1	18	40	臺北市	松山區	松山區民生東路3段與敦化北路口	25.0579001	121.548852	0	0	2	2	8	5	5	5	1	1	5	4	5	13	2	1	1	4	1	2	15	1	9	8	4	1	20	1		2	2	14	
113	9	1	19	41	臺北市	萬華區	萬華區環河南路2段250巷與環河南路2段250巷17弄口	25.0335898	121.4910311	0	0	1	2	7	5	5	3	1	1	5	4	5	13	4	4	9	4	5	2	17	1	5	1	6	1	10	1		1	3	14	12
113	9	1	19	49	臺北市	大同區	大同區太原路187號對面	25.0562903	121.5168522	0	0	1	2	7	5	5	14	9	1	5	4	5	13	4	4	9	4	5	2	17	4	9	1	3	1	10	1		1	2	17	
113	9	1	20	29	臺北市	大安區	大安區復興南路1段與大安路1段116巷口	25.0397002	121.5437862	0	0	2	3	7	5	5	4	1	1	5	4	5	13	2	1	1	3	5	2	16	4	1	1	3	11	8	1		1	3	2	
113	9	1	21	0	臺北市	萬華區	萬華區環河南路2段與雙園街口	25.0323788	121.4917364	0	0	2	3	7	5	5	4	2	1	5	4	5	13	2	1	1	4	5	2	17	1	11	1	6	1	10	1		2	2	12	14
113	9	1	21	24	臺北市	中正區	中正區重慶南路3段與和平西路1段口	25.0275636	121.515973	0	0	1	2	8	5	5	5	1	1	5	4	5	13	1	1	1	4	5	2	17	1	6	1	5	2	10	1		1	2	11	
113	9	1	23	28	臺北市	大安區	大安區四維路228巷與和平東路3段1巷口	25.0255833	121.5467472	0	0	1	2	8	5	5	4	2	1	5	4	5	13	4	4	10	5	5	1	17	1	9	1	5	1	10	1		1	3	17	
113	9	1	23	41	臺北市	士林區	士林區中山北路4段與通河街口口	25.0799475	121.5242266	0	0	1	2	7	5	5	3	2	1	5	4	5	13	2	1	8	3	1	2	12	4	9	1	3	2	10	1		1	2	11	
113	9	1	23	43	臺北市	萬華區	萬華區西寧南路與貴陽街2段口	25.03944795	121.5067831	0	0	2	3	7	5	5	4	2	1	5	4	5	13	2	1	9	4	5	1	17	4	6	1	3	1	10	1		1	3	13	
113	9	2	0	44	臺北市	士林區	士林區德行東路與東山路口口	25.1107445	121.5398856	0	0	1	2	7	5	5	4	1	1	5	4	5	13	4	4	4	5	5	2	17	4	15	1	3	1	8	1		1	3	5	
113	9	2	1	13	臺北市	大安區	大安區光復南路688號前	25.0300431	121.5573572	0	0	1	2	8	5	5	14	9	1	5	4	5	13	2	1	8	3	5	1	13	1	12	1	7	1	8	1		2	3	1	
113	9	2	1	48	臺北市	萬華區	萬華區成都路與康定路口	25.0433678	121.5025428	0	0	1	2	7	5	5	4	2	1	5	4	5	13	2	1	9	4	5	1	17	4	6	1	3	1	8	1		1	3	1	
113	9	2	2	29	臺北市	萬華區	萬華區西園路1段72巷與華西街口	25.0395739	121.4985167	0	0	1	2	8	5	5	4	1	1	5	4	5	13	4	4	10	5	5	1	17	3	9	6	3	9	10	2		1	4	14	
113	9	2	5	45	臺北市	中正區	中正區羅斯福路3段與羅斯福路3段316巷口	25.0160686	121.5327982	0	0	2	2	8	6	6	4	1	1	5	4	5	13	1	1	3	4	5	2	15	1	1	1	5	2	10	1		1	2	11	
113	9	2	6	16	臺北市	北投區	北投區北投路1段與大興街口	25.11589566	121.5233231	0	0	1	2	7	6	5	4	1	1	5	4	5	13	2	1	5	5	4	2	17	1	9	1	6	1	10	1		2	2	11	
113	9	2	6	46	臺北市	南港區	南港區成功路1段與成功路1段36巷口	25.0558105	121.5929204	0	0	1	2	8	6	5	3	1	1	5	4	5	13	2	1	5	5	5	2	13	1	9	1	5	1	10	1		1	2	11	
113	9	2	6	59	臺北市	北投區	北投區大興街與大興街24巷口	25.1299904	121.4985098	0	0	2	3	8	6	5	4	1	1	5	4	5	13	3	1	5	5	5	1	15	1	9	1	7	1	8	1		2	3	5	12
113	9	2	7	2	臺北市	萬華區	萬華區華江橋往北市機車道	25.0354324	121.488545	0	0	1	2	8	7	7	8	11	1	5	4	5	13	4	4	10	5	5	2	18	1	9	1	5	1	10	1		2	2	12	
113	9	2	7	25	臺北市	萬華區	萬華區華江橋往北市機車道	25.035571	121.4879392	0	0	2	3	8	5	7	22	11	1	5	4	5	13	4	4	10	5	5	2	13	4	9	1	3	1	10	1		1	3	11	
113	9	2	7	29	臺北市	大安區	大安區金山南路2段與金華街口	25.0299847	121.5266197	0	0	1	3	8	6	5	4	1	1	5	4	5	13	4	4	9	4	5	1	13	4	9	1	3	1	10	1		1	2	11	
113	9	2	7	40	臺北市	中正區	中正區愛國西路與延平南路口口	25.0365993	121.5079088	0	0	1	2	8	6	5	4	1	1	5	4	5	13	1	1	1	4	4	2	16	1	6	1	6	1	10	1		1	3	12	
113	9	2	7	41	臺北市	文山區	文山區秀明路2段92巷13號	24.99106677	121.5756505	0	0	1	2	8	6	5	14	9	1	5	4	5	13	4	4	10	5	5	2	10	4	9	1	5	1	10	1		1	2	11	
113	9	2	7	50	臺北市	信義區	信義區基隆路2段151-7號	25.0259809	121.5545134	0	0	1	2	8	7	5	14	9	1	5	4	5	13	4	4	10	4	5	2	17	1	15	1	5	1	10	1		1	2	11	
113	9	2	7	57	臺北市	信義區	信義區永吉路30巷與永吉路30巷158弄口	25.0423221	121.5687441	0	0	1	2	8	5	5	4	2	1	5	4	5	13	4	4	5	2	5	2	17	1	9	1	6	1	10	1		1	2	12	
113	9	2	7	58	臺北市	大安區	大安區信義路4段6號	25.0332739	121.5441749	0	0	1	2	8	6	5	14	9	1	5	4	5	13	4	4	10	3	5	2	13	1	9	1	5	1	10	1		1	2	11	
113	9	2	7	59	臺北市	內湖區	內湖區內湖路2段81號前	25.07988863	121.582721	0	0	3	5	8	7	8	14	9	1	5	4	5	13	4	4	9	4	5	2	17	1	11	1	6	2	10	1		2	3	17	
113	9	2	8	13	臺北市	中正區	中正區重慶南路1段與襄陽路口	25.04346084	121.5132159	0	0	1	2	8	7	5	3	1	1	5	4	5	13	1	1	4	4	5	2	12	1	15	1	6	1	10	1		1	3	14	
113	9	2	8	13	臺北市	大安區	大安區羅斯福路4段133號	25.0104225	121.5374012	0	0	2	2	8	5	5	14	9	1	5	4	5	13	4	4	1	4	5	2	12	1	10	1	6	1	10	1		2	2	12	
113	9	2	8	30	臺北市	文山區	文山區老泉街45巷(第42號電燈桿)	24.97534271	121.5728668	0	0	1	2	8	6	5	11	9	1	5	4	5	13	4	4	10	5	5	2	10	4	15	1	3	2	11	1		2	2	14	
113	9	2	8	31	臺北市	文山區	文山區辛亥路7段與寶橋口	24.9799616	121.5540178	0	0	1	2	8	7	5	3	2	1	5	4	5	13	1	1	1	2	5	2	12	1	9	1	7	1	2	1		2	3	6	
113	9	2	8	40	臺北市	大同區	大同區民權西路104號	25.062846	121.5174203	0	0	1	4	8	6	5	14	9	1	5	4	5	13	4	4	9	4	5	2	17	1	4	1	5	1	10	1		2	2	14	
113	9	2	8	43	臺北市	萬華區	萬華區萬大路239號前	25.0263102	121.5005297	0	0	2	2	8	5	8	22	22	4	5	4	5	13	1	1	10	5	5	2	17	4	5	8	4	1	20	1		1	2	13	
113	9	2	8	50	臺北市	內湖區	內湖區星雲街92巷與文德路210巷30弄口	25.07717439	121.5852189	0	0	1	2	8	6	5	4	1	1	5	4	5	9	4	4	5	5	5	2	15	1	9	1	5	1	10	1		1	3	11	
113	9	2	8	54	臺北市	內湖區	內湖區新明路161號	25.0591871	121.5890222	0	0	2	2	8	5	5	14	7	1	5	4	5	13	4	4	5	4	4	1	16	1	11	1	5	2	10	1		1	2	14	
113	9	2	9	0	臺北市	萬華區	萬華區西園路1段80號旁工地前	25.0390535	121.4997774	0	0	1	2	8	7	5	14	9	1	5	4	5	13	4	4	9	5	5	2	9	5	17	8	4	9	20	1		2	3	16	
113	9	2	9	4	臺北市	南港區	南港區環東大道東往西(6010043號燈桿)	25.0584032	121.6009124	0	0	1	2	8	6	5	14	9	1	5	4	5	13	4	4	10	3	5	1	13	4	15	1	3	1	8	1		2	3	1	
113	9	2	9	10	臺北市	內湖區	內湖區康寧路3段與五分街口口	25.0678005	121.611788	0	0	2	2	8	6	5	3	1	1	5	4	5	13	2	1	1	4	5	2	13	1	11	1	5	1	10	1		2	2	13	
113	9	2	9	13	臺北市	士林區	士林區仰德大道1段仰德幹23B6655GA76電桿	25.10346093	121.5386455	0	0	1	2	8	5	5	14	9	1	5	4	5	13	4	4	4	5	5	2	12	4	9	1	3	2	8	1		1	3	2	
113	9	2	9	20	臺北市	大安區	大安區信義路4段與敦化南路1段口	25.0334622	121.549049	0	0	1	3	8	6	5	4	1	1	5	4	5	13	1	1	9	4	5	1	9	4	9	1	3	1	2	1		1	3	17	
113	9	2	9	54	臺北市	文山區	文山區木柵路1段34號	24.9868475	121.5464774	0	0	1	2	8	7	5	14	9	1	5	4	5	13	4	4	5	4	5	2	12	1	11	1	7	1	8	1		1	3	7	
113	9	2	9	59	臺北市	士林區	士林區士東路與士東路25巷口	25.11185975	121.527024	0	0	1	2	8	7	5	3	1	1	5	4	5	13	4	4	4	5	5	2	17	1	11	1	7	1	8	1		1	3	7	
113	9	2	10	0	臺北市	南港區	南港區研究院路2段72號對面中研新村站	25.0456232	121.615345	0	0	1	2	8	6	5	14	7	1	5	4	5	13	4	4	1	4	5	2	9	1	1	1	7	2	2	1		1	3	15	
113	9	2	10	57	臺北市	萬華區	萬華區環河南路1段與內江街口	25.041949	121.5001704	0	0	2	2	8	6	5	3	2	1	5	4	5	13	1	1	5	2	5	1	17	4	11	1	3	1	10	1		1	2	12	
113	9	2	11	0	臺北市	大安區	大安區通化街171巷與通化街171巷22弄口	25.0278351	121.5545812	0	0	1	2	8	7	5	4	1	1	5	4	5	13	4	4	8	3	5	1	12	1	9	1	5	1	10	1		1	2	12	
113	9	2	11	0	臺北市	文山區	文山區新光路1段9號	24.9884379	121.5737125	0	0	1	2	8	6	5	14	9	2	5	4	5	13	4	4	9	5	5	2	17	4	3	1	3	1	8	1		2	3	8	
113	9	2	11	8	臺北市	南港區	南港區南港路1段與研究院路1段附近口	25.055117	121.6167916	0	0	1	2	8	6	5	4	2	1	5	4	5	13	2	1	3	4	5	2	17	1	5	1	5	1	10	1		2	2	14	
113	9	2	11	42	臺北市	萬華區	萬華區光復橋往新北	25.0242995	121.4905135	0	0	1	2	8	6	5	8	9	1	5	4	5	13	4	4	2	2	5	1	12	4	8	7	3	11	19	2		1	4	2	
113	9	2	12	0	臺北市	松山區	松山區敦化北路100號	25.053221	121.5486178	0	0	1	4	8	6	5	14	9	1	5	4	5	13	4	4	1	4	4	2	13	1	9	1	6	1	10	1		2	2	11	
113	9	2	12	21	臺北市	北投區	北投區明德路18巷與文林北路94巷5弄口	25.1065703	121.5179452	0	0	1	2	8	5	5	4	1	1	5	4	5	13	4	4	10	5	5	2	17	1	9	8	4	1	20	1		1	2	11	14
113	9	2	12	23	臺北市	大安區	大安區忠孝東路3段與建國南路1段口	25.0419631	121.5371209	0	0	2	3	8	7	5	5	1	1	5	4	5	13	1	1	1	3	5	1	16	1	6	1	7	1	8	1		1	2	2	
113	9	2	12	53	臺北市	信義區	信義區信義路5段17號對面	25.0327623	121.5681099	0	0	1	2	8	6	5	14	9	1	5	4	5	13	2	1	1	4	5	1	13	4	9	1	3	1	8	1		2	3	5	
113	9	2	13	2	臺北市	中正區	中正區市民大道3段與新生北路1段口口	25.0453399	121.5327697	0	0	1	2	8	5	5	4	1	1	5	4	5	13	2	1	9	4	5	1	16	1	6	1	5	1	10	1		1	3	12	
113	9	2	13	36	臺北市	北投區	北投區中央北路1段與光明路口	25.13323265	121.5014631	0	0	1	2	8	6	5	5	1	1	5	4	5	13	3	1	1	3	1	2	16	1	5	1	7	2	8	1		1	3	1	
113	9	2	14	0	臺北市	大安區	大安區信義路2段與新生南路2段口	25.0336352	121.5328666	0	0	1	2	8	7	5	4	1	1	5	4	5	13	1	1	8	3	5	1	16	1	6	1	7	1	8	1		1	3	5	
113	9	2	14	1	臺北市	內湖區	內湖區陽光街296號前	25.0725638	121.5749112	0	0	1	2	8	5	5	14	9	1	5	4	5	13	4	4	9	5	5	2	12	1	1	1	6	1	10	1		1	2	14	
113	9	2	14	2	臺北市	信義區	信義區吳興街與吳興街260巷口	25.026808	121.5638739	0	0	2	2	8	6	5	4	1	1	5	4	5	13	4	4	9	5	5	1	16	4	5	8	4	1	20	1		2	2	13	
113	9	2	14	2	臺北市	內湖區	內湖區行善路與新湖二路口	25.06474001	121.5855556	0	0	1	2	8	6	5	14	8	1	5	4	5	13	4	4	3	4	4	2	17	1	9	1	6	1	10	1		1	2	12	
113	9	2	14	7	臺北市	中山區	中山區林森北路往北欣欣大眾公司站前	25.05241749	121.5254539	0	0	2	2	8	7	5	14	20	4	5	4	5	13	4	4	10	5	5	2	6	5	18	8	4	10	20	1		2	2	16	
113	9	2	14	18	臺北市	中山區	中山區民生東路1段25號	25.0581121	121.5246064	0	0	1	2	8	6	5	14	9	1	5	4	5	13	4	4	5	4	5	2	12	1	9	1	7	1	8	1		1	3	6	
113	9	2	14	20	臺北市	萬華區	萬華區堤外便道北往南（燈桿3014237）	25.0475219	121.5043138	0	0	1	2	8	5	7	11	11	1	5	4	5	13	4	4	8	3	5	1	12	4	4	1	3	1	10	1		1	3	14	
113	9	2	14	23	臺北市	信義區	信義區基隆路2段與基隆路2段39巷口	25.0313062	121.5586502	0	0	1	2	8	6	5	3	1	1	5	4	5	13	4	4	1	4	5	1	17	4	6	1	3	1	4	1		1	3	2	
113	9	2	14	28	臺北市	萬華區	萬華區西園路2段與東園街口	25.0281696	121.495326	0	0	2	2	8	7	5	3	1	1	5	4	5	13	2	1	3	2	5	2	15	1	9	1	5	1	10	1		1	2	11	
113	9	2	14	46	臺北市	大同區	大同區延平北路2段與民權西路口	25.0631468	121.5111517	0	0	1	2	8	5	5	4	2	1	5	4	5	13	2	1	5	4	5	2	17	4	9	1	3	2	10	1		1	3	11	
113	9	2	14	48	臺北市	信義區	(忠孝東路五段524巷1弄1號)	25.0412363	121.5794058	0	0	1	2	8	5	8	22	22	1	5	4	5	13	4	4	5	5	5	2	17	1	9	1	5	2	10	1		2	2	12	
113	9	2	15	7	臺北市	北投區	北投區榮華三路與榮華三路24巷口	25.11391346	121.5215352	0	0	1	2	8	7	5	3	1	1	5	4	5	13	4	4	9	5	5	2	16	1	5	1	7	1	8	1		1	3	8	
113	9	2	15	30	臺北市	萬華區	萬華區中華路2段336號	25.0296206	121.5043893	0	0	1	2	8	7	5	14	7	1	5	4	5	13	4	4	9	4	4	2	12	1	15	1	7	1	4	1		1	3	8	
113	9	2	15	36	臺北市	信義區	信義區信安街67巷景勤二號公園停車場	25.0259495	121.5586837	0	0	1	4	7	5	5	14	9	1	5	4	5	13	4	4	5	5	4	2	10	1	15	1	5	2	10	1		2	2	11	
113	9	2	15	37	臺北市	中山區	中山區錦州街48號	25.0601834	121.5262409	0	0	2	2	8	5	5	14	9	1	5	4	5	13	4	4	5	4	5	2	12	4	1	1	5	1	10	1		1	2	14	
113	9	2	15	52	臺北市	大安區	大安區忠孝東路4段17巷與復興南路1段135巷口	25.0426729	121.544476	0	0	1	3	8	5	5	4	1	1	5	4	3	13	4	4	10	5	5	2	15	1	9	1	7	1	8	1		2	3	8	
113	9	2	16	15	臺北市	信義區	信義區基隆路2段179號	25.0252611	121.553729	0	0	2	3	8	5	8	22	22	1	5	4	5	13	4	4	1	4	5	2	17	1	6	1	6	1	10	1		2	2	12	
113	9	2	16	15	臺北市	大安區	大安區羅斯福路2段與和平東路1段口	25.0271803	121.5225123	0	0	2	2	8	6	5	4	1	1	5	4	5	13	1	1	9	4	5	1	15	4	9	1	3	1	10	1		1	2	12	
113	9	2	16	26	臺北市	中正區	中正區忠孝西路1段與公園路口	25.04617394	121.5170924	0	0	2	3	8	6	5	3	2	1	5	4	5	13	3	1	1	4	5	2	9	5	20	8	4	10	20	1		2	2	16	
113	9	2	16	47	臺北市	中山區	中山區長安東路2段與遼寧街口	25.04827154	121.5420666	0	0	1	2	8	5	5	4	1	1	5	4	5	13	1	1	5	4	5	2	13	4	9	1	3	1	10	1		2	2	11	
113	9	2	16	57	臺北市	信義區	信義區光復南路與光復南路443巷口	25.0355505	121.5575881	0	0	1	2	8	6	5	5	2	1	5	4	5	13	2	1	1	4	5	2	15	1	9	8	2	1	20	1		1	2	11	
113	9	2	17	0	臺北市	士林區	士林區通河西街2段45號	25.09065716	121.5110602	0	0	1	2	8	7	5	14	9	1	5	4	5	13	4	4	9	4	5	1	38	1	9	1	5	9	10	1		2	2	11	
113	9	2	17	2	臺北市	中正區	中正區延平南路與長沙街附近側附近1段口	25.0399928	121.5089714	0	0	1	2	8	6	5	4	2	1	5	4	5	13	1	1	10	4	5	2	12	1	1	1	7	2	8	1		1	3	8	
113	9	2	17	13	臺北市	大安區	大安區信義路4段與四維路口	25.0334072	121.5479966	0	0	1	2	8	5	5	3	1	1	5	4	5	13	4	4	10	4	5	2	16	1	5	1	7	1	8	1		1	3	8	
113	9	2	17	15	臺北市	信義區	信義區松仁路與信義路5段150巷14弄口	25.0285081	121.5683948	0	0	2	2	8	5	5	4	2	1	5	4	5	13	2	1	4	4	5	2	17	1	5	1	6	9	10	1		1	2	11	
113	9	2	17	20	臺北市	士林區	士林區中正路與福林路口	25.0964508	121.5320632	0	0	1	2	8	6	5	5	2	1	5	4	5	13	1	1	5	4	5	2	17	1	8	1	6	1	10	1		1	2	12	
113	9	2	17	33	臺北市	中山區	中山區大佳河濱公園(九號水門處)	25.07352301	121.5378521	0	0	2	3	8	5	5	3	1	1	5	4	5	13	4	4	5	5	5	2	15	4	5	1	3	1	10	1		2	2	12	
113	9	2	18	5	臺北市	中山區	中山區吉林路與農安街口	25.0647622	121.5303161	0	0	2	2	8	5	5	4	1	1	5	4	5	13	1	1	5	4	5	2	16	1	5	1	5	1	10	1		1	2	12	
113	9	2	18	10	臺北市	內湖區	內湖區新明路與南京東路6段368巷口	25.0581235	121.5873365	0	0	1	2	8	5	5	3	2	1	5	4	5	13	2	1	5	4	5	2	12	1	7	1	5	1	10	1		2	2	14	
113	9	2	18	22	臺北市	萬華區	萬華區桂林路242巷與環河南路2段130巷口	25.0368774	121.4941399	0	0	2	2	7	5	5	4	1	1	5	4	5	13	4	4	10	5	5	1	15	4	9	1	3	1	10	1		1	2	12	
113	9	2	18	37	臺北市	文山區	文山區興隆路2段與辛亥路5段口	25.0009399	121.5546062	0	0	1	2	8	5	5	4	1	1	5	4	5	13	1	1	1	4	5	2	16	1	9	1	6	1	10	1		1	2	11	
113	9	2	18	38	臺北市	文山區	文山區萬美街2段(西往東0708343燈桿旁）	25.0040546	121.5634496	0	0	1	2	8	6	5	14	9	1	5	4	5	13	4	4	5	5	5	2	18	1	9	1	5	1	10	1		1	2	12	
113	9	2	18	45	臺北市	中正區	中正區和平西路2段150號前	25.033009	121.5056902	0	0	1	2	7	5	5	14	11	1	5	4	5	13	4	4	2	4	4	1	17	1	4	1	5	1	10	1		1	2	12	
113	9	2	19	5	臺北市	松山區	松山區健康路與三民路口	25.0542314	121.5639476	0	0	1	2	8	5	5	4	1	1	5	4	5	13	2	1	3	4	5	2	17	4	9	1	3	2	8	1		2	3	2	
113	9	2	19	6	臺北市	大同區	大同區大龍街與重慶北路3段205巷口	25.0700537	121.5158962	0	0	3	7	7	5	5	3	2	1	5	4	5	13	4	4	9	4	5	2	17	4	15	1	3	2	10	1		1	2	12	
113	9	2	19	10	臺北市	信義區	信義區市民大道6段38號	25.049206	121.5704816	0	0	2	2	8	5	5	14	9	1	5	4	5	13	4	4	1	4	5	2	12	4	9	1	6	1	10	1		1	2	14	
113	9	2	19	45	臺北市	北投區	北投區明德路150巷13號	25.1103438	121.5213101	0	0	3	4	8	5	5	14	9	1	5	4	3	10	4	4	5	5	5	2	16	1	1	1	5	2	10	1		2	2	14	
113	9	2	19	45	臺北市	萬華區	萬華區萬大路與萬大路322巷口	25.02422485	121.5001761	0	0	2	3	8	5	5	4	1	1	5	4	5	13	1	1	9	4	5	2	17	4	5	1	7	1	8	1		1	3	1	
113	9	2	20	3	臺北市	萬華區	萬華區環河南路1段與長沙街2段口	25.0415542	121.4996042	0	0	1	2	8	5	5	3	2	1	5	4	5	13	1	1	8	3	5	2	16	1	5	1	5	1	10	1		1	3	13	
113	9	2	20	10	臺北市	大安區	大安區基隆路3段與基隆路3段156巷口口	25.0158599	121.5424866	0	0	1	2	8	5	5	3	1	1	5	4	5	13	1	1	1	3	4	1	29	1	9	1	6	1	10	1		3	2	11	
113	9	2	22	3	臺北市	中山區	中山區民生東路1段與林森北路口	25.058127	121.5257023	0	0	1	2	8	5	5	4	1	1	5	4	5	13	1	1	5	4	5	2	13	1	9	1	5	1	10	1		2	2	11	
113	9	2	22	20	臺北市	中山區	中山區錦州街30巷與錦州街口	25.0602511	121.5247546	0	0	1	2	8	5	5	3	1	1	5	4	5	13	4	4	9	4	5	2	3	1	5	2	7	2	18	1		1	3	4	
113	9	3	2	55	臺北市	中山區	中山區明水路北安國中	25.04847309	121.5183568	0	0	1	2	8	5	5	14	9	1	5	4	5	13	4	4	1	4	5	2	17	1	9	1	5	1	9	1		1	2	11	
113	9	3	6	35	臺北市	內湖區	內湖區南京東路6段與行善路59巷口	25.0561554	121.5788705	0	0	2	2	8	7	5	3	1	1	5	4	5	13	1	1	5	4	5	1	15	1	9	1	6	1	10	1		2	2	11	
113	9	3	7	16	臺北市	文山區	文山區木柵路2段22號前	24.9887371	121.5586855	0	0	1	2	8	6	5	14	9	1	5	4	5	13	2	1	5	4	5	2	13	1	9	1	5	2	10	1		2	2	11	
113	9	3	7	19	臺北市	萬華區	萬華區富民路151號	25.0179895	121.4999101	0	0	1	2	8	6	5	14	9	1	5	4	5	13	4	4	8	3	5	1	17	1	1	3	5	1	18	1		2	2	12	
113	9	3	7	20	臺北市	松山區	松山區八德路3段與八德路3段155巷口	25.0481026	121.5550035	0	0	1	4	8	6	5	4	1	1	5	4	5	13	2	1	5	4	5	2	16	1	5	1	7	1	4	1		1	3	6	
113	9	3	7	22	臺北市	萬華區	萬華區環河南路1段與成都路口	25.04449288	121.5011534	0	0	1	2	8	6	5	3	1	1	5	4	5	13	4	4	5	5	5	2	16	1	6	1	7	1	8	1		2	3	8	
113	9	3	7	30	臺北市	南港區	南港區東明街118號	25.05452885	121.6007185	0	0	1	2	8	7	5	14	9	1	5	4	5	13	4	4	9	5	5	2	13	1	9	1	5	1	10	1		2	2	11	
113	9	3	7	31	臺北市	北投區	北投區立賢路與承德路7段口	25.1162445	121.5050976	0	0	2	2	8	6	5	4	1	1	5	4	5	13	1	1	10	5	5	2	17	1	5	1	5	2	10	1		1	2	11	
113	9	3	7	37	臺北市	大安區	大安區通安街158號	25.0272797	121.5524363	0	0	1	3	8	6	5	14	9	1	5	4	5	13	4	4	10	5	5	1	17	4	5	1	3	1	10	1		1	2	14	
113	9	3	7	41	臺北市	中正區	中正區廈門街與廈門街114巷口	25.0232013	121.5173885	0	0	1	2	8	7	5	3	1	1	5	4	5	13	1	1	5	5	5	2	17	1	5	1	5	1	10	1		1	3	11	
113	9	3	7	45	臺北市	信義區	信義區信義路5段127號	25.0338207	121.5743384	0	0	2	2	8	6	5	14	20	4	5	4	5	13	4	4	10	5	5	2	1	4	9	8	3	1	20	1		1	2	11	
113	9	3	7	50	臺北市	北投區	北投區大度路3段與關渡路口	25.122923	121.4692557	0	0	2	2	7	6	5	3	4	1	5	4	5	13	2	1	1	4	4	2	13	1	9	1	6	1	10	1		1	2	11	
113	9	3	7	52	臺北市	士林區	士林區東山路135號	25.11214	121.5393145	0	0	3	5	8	5	5	14	9	1	5	4	5	13	4	4	5	5	5	2	16	1	4	1	7	2	8	1		1	3	5	
113	9	3	7	54	臺北市	中正區	中正區市民大道3段8號	25.0456121	121.531695	0	0	1	3	8	6	5	14	9	1	5	4	5	13	4	4	1	4	4	1	17	1	1	1	6	11	10	1		1	3	17	
113	9	3	8	18	臺北市	信義區	信義區基隆路1段與東興路口	25.046105	121.5672213	0	0	1	2	8	7	5	4	2	1	5	4	5	13	1	1	1	4	5	2	17	4	6	1	3	1	8	1		1	3	5	
113	9	3	8	27	臺北市	松山區	松山區敦化北路與八德路3段口	25.0481618	121.5491318	0	0	2	3	8	6	5	4	2	1	5	4	5	13	4	4	8	3	4	2	17	4	9	1	6	1	10	1		1	2	12	
113	9	3	8	37	臺北市	文山區	文山區木柵路4段與和平東路4段口	24.9982306	121.5747368	0	0	1	2	8	7	5	3	1	1	5	4	5	13	1	1	10	5	5	2	12	1	15	1	5	1	10	1		1	2	12	
113	9	3	8	41	臺北市	大安區	大安區和平東路3段228巷45號	25.0207	121.5532287	0	0	1	5	8	6	5	14	9	1	5	4	5	13	4	4	9	4	5	1	13	4	9	1	3	1	11	1		2	2	11	
113	9	3	8	55	臺北市	內湖區	內湖區南京東路6段250號	25.05701134	121.5819779	0	0	2	2	8	6	5	14	9	1	5	4	5	13	4	4	10	3	5	1	16	1	5	1	6	1	10	1		2	2	14	
113	9	3	8	56	臺北市	中正區	中正區中山北路1段與北平東路口口	25.0470372	121.5203639	0	0	1	2	8	5	5	4	1	1	5	4	5	13	2	1	9	4	4	1	13	1	9	1	7	1	8	1		1	3	1	
113	9	3	9	0	臺北市	中正區	中正區懷寧街108巷	25.041464	121.5135241	0	0	1	2	8	7	5	11	9	1	5	4	5	13	4	4	10	4	5	1	17	1	5	1	7	2	8	1		1	3	8	
113	9	3	9	36	臺北市	松山區	松山區基隆路1段與八德路4段口	25.049584	121.5698327	0	0	2	3	8	6	5	5	2	1	5	4	5	13	2	1	1	4	4	2	16	1	7	1	6	2	10	1		1	3	13	
113	9	3	10	19	臺北市	中山區	中山區林森北路85巷與長安東路1段53巷口	25.0495586	121.5265567	0	0	1	2	8	5	5	4	1	1	5	4	5	13	4	4	10	5	5	2	17	4	9	1	3	1	10	1		1	2	17	
113	9	3	10	25	臺北市	萬華區	萬華區艋舺大道與和平西路2段口	25.0337822	121.5046856	0	0	1	2	8	6	6	5	1	1	5	4	5	13	1	1	8	3	5	1	17	1	6	1	7	1	8	1		1	3	2	
113	9	3	10	35	臺北市	信義區	信義區市民大道5段與市民大道5段14巷口	25.0457069	121.5594569	0	0	2	2	8	7	5	14	23	1	5	4	5	13	2	1	9	4	5	2	15	1	9	1	5	1	10	1		1	2	11	
113	9	3	11	2	臺北市	萬華區	萬華區青年路46號	25.0254253	121.5043683	0	0	1	2	7	6	5	14	9	1	5	4	5	13	4	4	5	5	5	2	12	1	1	1	7	1	4	1		1	3	8	
113	9	3	11	18	臺北市	中山區	中山區南京東路2段與伊通街口	25.0521375	121.5348247	0	0	1	2	8	6	5	4	1	1	5	4	5	13	2	1	3	4	4	2	16	1	6	1	7	1	8	1		1	3	2	
113	9	3	11	20	臺北市	信義區	信義區吳興街220巷與吳興街220巷59弄口	25.0265675	121.5616067	0	0	1	2	8	6	5	3	1	1	5	4	5	13	2	1	9	4	5	1	17	4	6	1	7	9	4	2		1	3	6	