年	月	日	時	分	縣市	行政區	allLocation	GoogleLat	GoogleLng	死	2-30	受傷	當事人數	天候	道路照明設備	道路類別	道路型態	事故位置	路面狀況1	路面狀況2	路面狀況3	道路障礙1	道路障礙2	號誌1	號誌2	車道劃分-分向	車道劃分-分道1	車道劃分-分道2	車道劃分-分道3	事故類型及型態	行動電話	當事者行動狀態	駕駛資格情形	保護裝置	飲酒情形	駕駛執照種類	個人肇逃否	肇因碼-主要	性別	受傷程度	車輛撞擊部位1	車輛撞擊部位2
113	9	3	11	47	臺北市	大同區	大同區大稻埕堤外便道與五號水門停車場口	25.0564708	121.5079334	0	0	1	2	8	5	5	14	9	1	5	4	5	13	4	4	9	5	5	1	17	4	6	1	3	1	8	1		1	3	5	
113	9	3	13	0	臺北市	中山區	中山區新生北路1段與林森北路133巷口	25.0613138	121.5276414	0	0	1	2	8	7	5	3	1	1	5	4	5	13	4	4	1	5	5	2	17	1	9	1	6	1	10	1		2	2	11	
113	9	3	13	0	臺北市	文山區	文山區興隆路4段與忠順街1段口	24.9845228	121.5617404	0	0	1	2	8	6	5	14	9	2	5	4	5	13	1	1	10	4	5	2	17	4	5	1	3	1	8	1		1	3	5	
113	9	3	13	12	臺北市	信義區	信義區基隆路2段99號	25.0296389	121.5575933	0	0	1	2	8	7	5	14	9	1	5	4	5	13	1	1	9	4	5	2	12	1	9	1	5	1	10	1		2	2	14	
113	9	3	13	14	臺北市	北投區	北投區行義路116號	25.1283773	121.5295049	0	0	1	2	8	5	5	14	9	1	2	4	5	13	4	4	5	4	5	2	17	1	9	1	7	9	8	1		1	3	17	
113	9	3	13	25	臺北市	大同區	大同區重慶北路2段與南京西路口	25.0540796	121.5144654	0	0	2	3	8	6	5	4	1	1	5	4	5	13	2	1	9	4	5	2	16	1	5	1	6	1	10	1		1	3	14	
113	9	3	13	30	臺北市	中山區	中山區中山北路2段與中山北路2段116巷口	25.0609796	121.5228229	0	0	1	2	8	6	5	3	2	1	5	4	5	13	4	4	5	5	1	2	16	1	6	1	7	1	8	1		1	3	2	
113	9	3	13	51	臺北市	大同區	大同區民樂街與永昌街口	25.0555967	121.5108625	0	0	2	3	8	5	5	3	2	1	5	4	5	13	4	4	9	5	5	2	17	4	9	1	3	1	8	1		1	3	1	
113	9	3	13	55	臺北市	士林區	(社子街63巷23號前)	25.0882848	121.5068815	0	0	1	2	8	5	5	3	1	1	5	4	5	13	4	4	10	5	5	1	17	1	5	8	4	2	20	1		2	2	14	
113	9	3	14	17	臺北市	南港區	南港區南深路37號北往南0400117燈桿	25.0289681	121.6222578	0	0	1	2	8	6	5	11	13	1	5	4	5	13	4	4	1	5	4	1	20	1	9	1	5	1	10	1		1	2	12	
113	9	3	14	23	臺北市	中山區	中山區復興北路282號前	25.0587054	121.5439624	0	0	1	3	8	7	5	14	9	1	5	4	5	13	4	4	1	4	5	2	17	4	9	1	3	1	10	1		2	2	11	
113	9	3	14	25	臺北市	中山區	中山區復興北路364號	25.0605967	121.544096	0	0	1	2	8	5	5	14	9	1	5	4	5	13	4	4	1	4	5	2	13	4	8	7	3	9	19	2		1	4	15	
113	9	3	14	28	臺北市	中山區	中山區新生北路1段59號	25.05018026	121.5211154	0	0	1	2	7	5	5	14	9	1	5	4	5	13	4	4	1	3	5	1	9	1	1	1	7	1	2	1		1	3	17	
113	9	3	14	30	臺北市	萬華區	萬華區桂林路244巷與環河南路2段130巷口	25.0371583	121.4937857	0	0	2	2	8	5	5	4	1	1	5	4	5	13	4	4	10	5	5	1	15	4	9	1	3	1	10	1		1	2	12	
113	9	3	15	10	臺北市	南港區	南港區忠孝東路7段371號對面	25.0520647	121.6069751	0	0	1	2	8	6	5	14	9	1	5	4	5	13	4	4	3	4	5	2	13	1	10	1	5	6	10	1		1	2	11	
113	9	3	15	26	臺北市	大安區	大安區仁愛路4段與延吉街口	25.0375228	121.5554603	0	0	1	2	8	7	5	4	1	1	5	4	5	13	2	1	1	4	5	1	12	4	9	1	3	1	8	1		1	3	2	
113	9	3	15	48	臺北市	松山區	松山區南京東路3段261號	25.05190225	121.545233	0	0	1	4	8	6	5	14	7	1	5	4	5	13	4	4	1	4	4	2	13	1	9	1	7	1	8	1		2	3	1	
113	9	3	15	55	臺北市	士林區	士林區中山北路6段與德行西路口	25.1064642	121.5248346	0	0	1	2	8	6	5	4	2	1	5	4	5	13	2	1	1	4	5	1	13	1	9	1	5	1	10	1		1	2	11	
113	9	3	16	0	臺北市	松山區	松山區南京東路5段251巷與南京東路5段291巷20弄口	25.05243919	121.5651065	0	0	2	2	8	6	5	4	1	1	5	4	5	13	4	4	10	5	5	2	15	1	9	1	5	1	10	1		2	2	12	14
113	9	3	16	2	臺北市	中正區	中正區忠孝西路1段與館前路口	25.0466334	121.5150439	0	0	1	2	8	6	5	4	1	1	5	4	5	13	1	1	10	5	5	1	17	1	8	1	7	2	8	1		2	3	2	
113	9	3	16	3	臺北市	信義區	信義區吳興街220巷與吳興街口口	25.0277321	121.5631417	0	0	2	2	8	5	8	4	1	1	5	4	5	13	1	1	5	4	5	2	17	1	5	3	5	2	18	1		2	2	14	
113	9	3	16	4	臺北市	中山區	中山區松江路與南京東路2段口	25.0519399	121.5330518	0	0	1	2	8	7	5	4	1	2	5	4	5	13	1	1	2	4	4	2	17	4	9	1	3	1	10	1		1	3	12	
113	9	3	16	9	臺北市	內湖區	內湖區瑞光路與瑞光路7巷口	25.0696627	121.5843172	0	0	1	2	8	6	5	3	1	1	5	4	5	13	4	4	4	3	5	1	16	1	5	1	7	1	8	1		2	3	5	
113	9	3	16	11	臺北市	信義區	信義區忠孝東路4段559巷與基隆路1段172巷口	25.0432584	121.5636641	0	0	1	2	8	6	5	4	1	1	5	4	5	13	4	4	10	5	5	2	15	4	9	1	3	1	8	1		1	3	4	
113	9	3	16	24	臺北市	中山區	中山區樂群一路往東(未到敬業三路)	25.07717678	121.5540357	0	0	1	2	8	5	5	14	9	1	5	4	5	13	4	4	3	4	5	2	13	1	14	1	7	1	2	1		1	3	3	
113	9	3	16	53	臺北市	中山區	中山區新生北路3段與民族東路口	25.06830336	121.5281765	0	0	2	3	8	5	5	4	1	1	5	4	5	13	1	1	1	4	5	2	13	4	7	1	3	1	8	1		2	3	17	
113	9	3	16	54	臺北市	松山區	松山區市民大道5段與東寧路口	25.0474045	121.56308	0	0	1	2	8	6	5	3	2	1	5	4	5	13	2	1	3	3	5	2	16	1	9	1	6	1	10	1		1	2	11	
113	9	3	16	56	臺北市	士林區	士林區文林路與德行西路口	25.1031733	121.5195898	0	0	2	2	8	7	8	4	2	1	5	4	5	13	2	1	1	4	4	1	15	1	9	1	5	2	10	1		1	2	11	
113	9	3	17	0	臺北市	中正區	中正區中華路1段9巷與中華路1段口	25.0468066	121.5098243	0	0	2	2	8	5	5	4	2	1	5	4	5	13	1	1	1	4	5	1	17	1	9	1	5	2	10	1		1	2	12	
113	9	3	17	4	臺北市	中正區	中正區重慶南路1段與漢口街1段口	25.0452186	121.5132953	0	0	2	2	8	6	5	4	1	1	5	4	5	13	2	1	10	4	5	2	16	1	5	1	6	2	10	1		2	2	14	
113	9	3	17	33	臺北市	士林區	士林區通河東街1段與通河東街1段6巷口	25.08188222	121.5174313	0	0	1	3	8	5	5	3	1	1	5	4	5	13	4	4	10	5	5	1	15	1	9	1	7	2	8	1		2	3	1	
113	9	3	17	40	臺北市	松山區	松山區三民路與三民路68巷口	25.0551421	121.5638187	0	0	3	3	7	6	5	4	1	1	5	4	5	13	4	4	9	4	5	2	17	1	5	1	5	1	10	1		1	2	12	
113	9	3	17	42	臺北市	內湖區	內湖區永保街與安康路106巷口	25.06344469	121.5988408	0	0	1	2	8	5	5	3	2	1	5	4	5	13	4	4	5	5	5	2	17	1	6	1	7	2	8	1		1	3	4	
113	9	3	17	47	臺北市	中山區	中山區民權東路3段35號	25.06246835	121.5422629	0	0	1	2	8	6	5	14	9	1	5	4	5	13	4	4	3	4	5	2	17	1	9	1	6	1	10	1		2	2	11	
113	9	3	17	47	臺北市	南港區	南港區南港路3段與成功路1段口	25.0545444	121.5931827	0	0	1	2	8	6	5	3	1	1	5	4	5	13	2	1	5	4	5	2	16	1	5	1	7	2	8	1		1	3	4	
113	9	3	17	57	臺北市	萬華區	萬華區成都路與昆明街口	25.0433083	121.5048934	0	0	1	2	7	5	5	4	1	1	5	4	5	13	2	1	10	3	5	1	16	4	6	1	3	1	8	1		2	3	2	
113	9	3	18	3	臺北市	松山區	松山區八德路3段12巷57弄與市民大道4段口	25.0446346	121.5519309	0	0	2	3	8	5	5	3	1	1	5	4	5	13	4	4	1	4	5	2	17	1	6	1	7	1	8	1		2	3	4	
113	9	3	18	25	臺北市	中山區	中山區吉林路與德惠街口	25.06662643	121.5303474	0	0	1	2	8	5	5	4	1	1	5	4	5	10	2	1	5	4	5	2	12	4	7	1	6	2	10	1		1	2	15	
113	9	3	19	3	臺北市	大同區	大同區環河北路1段與南京西路口	25.0536683	121.5075355	0	0	2	3	8	5	5	5	1	1	5	4	5	13	1	1	1	5	5	2	16	5	20	8	6	10	20	1		2	2	16	
113	9	3	19	13	臺北市	文山區	文山區萬芳路11號	24.9988593	121.5685131	0	0	1	2	7	5	5	14	9	1	5	4	5	13	4	4	5	4	5	2	16	1	11	1	7	1	8	1		1	3	6	
113	9	3	19	14	臺北市	信義區	信義區松智路與松平路口	25.0304852	121.5653948	0	0	1	2	8	5	5	4	1	1	5	4	5	13	1	1	9	5	5	2	16	4	5	1	6	1	10	1		1	2	12	
113	9	3	19	15	臺北市	萬華區	萬華區西園路2段與西藏路口	25.0286067	121.4957374	0	0	1	2	7	5	5	4	1	1	5	4	5	13	1	1	3	3	5	2	13	4	6	1	5	1	10	1		1	2	11	
113	9	3	19	20	臺北市	松山區	松山區民權東路3段與民權東路3段175巷口	25.06213213	121.5479175	0	0	2	3	8	5	5	4	1	1	5	4	5	13	2	1	3	4	5	2	17	1	15	1	6	1	10	1		2	2	13	
113	9	3	19	35	臺北市	內湖區	內湖區民權大橋(東往西向第7510480號燈稈)	25.064975	121.5727573	0	0	1	2	8	5	5	8	11	1	5	4	5	13	4	4	2	4	5	2	9	5	20	8	4	10	20	1		2	3	16	
113	9	3	19	44	臺北市	大同區	大同區民生西路與五號水門停車場口	25.0564914	121.5079348	0	0	1	2	8	6	5	14	9	1	5	4	5	13	4	4	7	5	5	2	17	4	6	1	7	2	8	1		2	3	5	
113	9	3	20	51	臺北市	中山區	中山區南京東路2段與吉林路口	25.0520477	121.5300641	0	0	2	2	8	5	5	4	1	1	5	4	5	13	1	1	5	4	5	2	16	1	5	1	7	2	3	1		1	2	1	
113	9	3	21	1	臺北市	北投區	北投區中央北路1段與大業路口	25.1361111	121.4972784	0	0	1	2	8	5	5	4	1	1	5	4	5	13	1	1	4	4	5	2	16	1	5	1	5	9	10	1		1	3	12	
113	9	3	21	38	臺北市	大同區	大同區延平北路3段與伊寧街口	25.0647835	121.5110755	0	0	2	3	8	5	5	5	2	1	5	4	5	13	1	1	5	5	5	2	13	1	9	1	7	1	8	1		1	3	1	
113	9	3	22	40	臺北市	士林區	士林區至善路2段與臨溪路口東吳大學	25.0973331	121.5424499	0	0	3	3	8	5	5	3	1	1	5	4	5	13	2	1	3	4	4	1	17	1	9	1	6	1	11	1		2	2	11	
113	9	4	3	44	臺北市	萬華區	萬華區漢口街2段與西寧南路口	25.04560156	121.5067371	0	0	2	2	8	5	5	4	2	1	5	4	5	13	2	1	5	4	5	2	3	1	9	1	6	1	10	1		1	2	11	
113	9	4	4	4	臺北市	萬華區	萬華區堤外便道(華中至大理)華中第213號燈桿處	25.01692957	121.4939794	0	0	1	2	7	5	5	11	9	1	1	4	3	10	4	4	9	5	5	2	17	1	9	1	6	9	10	1		1	2	11	
113	9	4	5	0	臺北市	中正區	中正區林森北路(北往南19號停車格)	25.0470346	121.5238889	0	0	1	2	8	5	6	14	9	1	5	4	5	13	4	4	9	4	5	2	17	1	9	2	5	5	18	1		1	2	11	
113	9	4	6	0	臺北市	中山區	中山區民族東路與建國北路3段113巷口	25.0681026	121.5361474	0	0	1	2	8	7	5	4	1	1	5	4	5	13	2	1	1	4	4	2	13	4	9	1	3	1	8	1		1	3	1	
113	9	4	7	1	臺北市	內湖區	內湖區舊宗路2段121巷與瑞湖街口	25.0690998	121.5764719	0	0	1	2	8	6	5	4	1	1	5	4	5	13	2	1	5	4	5	2	3	4	5	1	3	2	8	1		1	3	1	
113	9	4	7	19	臺北市	北投區	北投區立功街與無名路口	25.125396	121.4735994	0	0	1	2	8	6	6	3	1	1	5	4	5	13	4	4	10	5	5	2	17	1	5	1	5	2	10	1		2	2	11	
113	9	4	7	45	臺北市	文山區	文山區木新路2段79巷12弄16號旁	24.9841621	121.571034	0	0	1	2	8	6	5	3	2	1	5	4	5	13	4	4	10	5	5	2	15	1	9	1	6	2	10	1		1	2	12	
113	9	4	7	50	臺北市	中正區	中正區博愛路與長沙街1段口	25.0400948	121.5113202	0	0	1	2	8	7	5	3	1	1	5	4	5	13	4	4	5	5	5	2	16	1	5	1	5	2	10	1		1	2	11	
113	9	4	7	50	臺北市	內湖區	內湖區環山路1段西向東第45號停車格前	25.0863881	121.5698955	0	0	1	2	8	7	5	14	9	1	5	4	5	13	4	4	4	4	5	2	17	1	1	1	7	1	8	1		1	3	4	
113	9	4	7	54	臺北市	大安區	大安區樂業街與嘉興街口	25.0214453	121.5513549	0	0	3	4	8	6	5	4	1	1	5	4	5	13	4	4	10	5	5	1	15	4	9	1	3	1	10	1		1	3	11	
113	9	4	7	57	臺北市	信義區	信義區忠孝東路5段101號	25.0411848	121.5672266	0	0	1	2	8	6	5	14	9	1	5	4	5	13	4	4	8	5	5	2	13	4	9	1	5	1	10	1		1	2	11	14
113	9	4	8	4	臺北市	松山區	松山區南京東路5段250巷與南京東路5段250巷口	25.0507224	121.5661158	0	0	2	2	8	6	5	4	1	1	5	4	5	13	4	4	8	3	5	1	16	1	9	1	3	1	10	1		1	2	11	
113	9	4	8	20	臺北市	中山區	中山區復興北路與民生東路3段口	25.05785006	121.5440516	0	0	1	2	8	6	5	4	1	1	5	4	5	13	1	1	1	4	5	2	13	4	9	1	5	1	10	1		1	2	11	
113	9	4	8	26	臺北市	大安區	大安區敦化南路2段65號	25.030955	121.5490482	0	0	1	2	8	7	5	14	9	1	2	4	5	13	1	1	1	4	5	2	17	4	21	7	3	11	19	2		1	4	15	
113	9	4	8	38	臺北市	中山區	中山區中山北路3段與民族西路口口	25.0684686	121.5227397	0	0	2	3	8	5	5	4	1	1	5	4	5	13	1	1	5	4	4	2	17	4	9	1	3	1	10	1		2	2	15	
113	9	4	8	49	臺北市	萬華區	萬華區堤外便道(近燈桿015)	25.0403669	121.4977645	0	0	1	3	8	6	5	14	11	1	5	4	5	13	4	4	5	4	5	2	12	4	9	1	3	1	10	1		1	3	11	
113	9	4	9	29	臺北市	中山區	中山區明水路與樂群一路口	25.07725983	121.5511151	0	0	1	3	8	6	5	3	1	1	5	4	5	13	1	1	3	4	5	2	13	1	9	1	7	1	8	1		2	3	1	
113	9	4	10	16	臺北市	中正區	中正區愛國西路與南昌路1段口	25.0348037	121.5146036	0	0	1	2	8	6	5	4	1	1	5	4	5	13	1	1	1	4	5	2	16	1	8	1	7	1	8	1		2	3	6	
113	9	4	10	35	臺北市	文山區	文山區指南路3段34巷電桿編號KB73旁	24.9788787	121.5794558	0	0	2	2	8	6	5	11	9	1	5	4	5	13	4	4	10	5	5	1	11	1	9	1	7	2	4	1		1	2	8	
113	9	4	10	47	臺北市	大同區	大同區民權西路144巷與民權西路160巷26弄口	25.0616126	121.5159233	0	0	1	2	8	5	5	4	2	1	5	4	5	13	3	1	10	5	5	2	17	4	9	1	3	2	1	1		1	3	4	
113	9	4	10	55	臺北市	大同區	大同區鄭州路與塔城街口	25.0502822	121.5104253	0	0	1	2	8	5	5	14	18	1	5	4	5	13	2	1	9	4	5	1	2	4	6	1	3	2	8	1		1	3	1	
113	9	4	10	56	臺北市	信義區	信義區忠孝東路5段505號	25.0414061	121.5787949	0	0	1	3	8	6	5	14	9	1	5	4	5	13	4	4	1	4	5	2	17	1	9	1	7	2	4	1		1	3	5	
113	9	4	11	36	臺北市	大安區	大安區光復南路260巷與光復南路口	25.04024027	121.5575838	0	0	1	2	8	5	5	3	2	1	5	4	5	13	4	4	1	4	5	1	17	1	6	1	7	1	8	1		1	3	2	
113	9	4	12	5	臺北市	松山區	松山區敦化北路與長春路口	25.05437691	121.5489761	0	0	1	2	8	6	5	4	1	1	5	4	5	13	1	1	1	4	1	2	16	1	15	1	7	1	8	1		1	3	5	
113	9	4	12	12	臺北市	中山區	中山區建國北路3段78號	25.0655239	121.5358948	0	0	1	2	8	5	5	14	9	1	5	4	5	13	4	4	1	4	5	2	37	4	9	1	3	2	10	1		3	2	11	
113	9	4	12	13	臺北市	松山區	松山區復興北路與復興北路313巷口	25.05899025	121.5442801	0	0	1	2	8	5	5	3	18	1	5	4	5	13	4	4	9	4	5	2	9	1	6	1	7	1	8	1		1	3	5	
113	9	4	12	26	臺北市	中山區	中山區民權東路2段92巷與松江路362巷口	25.06196663	121.5317326	0	0	1	2	8	6	5	4	1	1	5	4	5	13	4	4	10	5	5	2	15	1	9	1	5	1	10	1		2	2	11	
113	9	4	12	29	臺北市	信義區	信義區忠孝東路5段790巷22弄與忠孝東路5段790巷口	25.0426733	121.582433	0	0	2	2	8	7	5	4	1	1	5	4	5	13	4	4	10	5	5	2	15	1	9	1	5	2	10	1		1	2	11	
113	9	4	12	43	臺北市	中正區	中正區中山南路1段與貴陽街1段口口	25.0380801	121.5172814	0	0	3	3	8	5	5	4	1	1	5	4	5	13	2	1	9	4	5	1	15	1	9	1	6	1	10	1		1	2	12	
113	9	4	12	56	臺北市	信義區	信義區松德路263號	25.0332101	121.574599	0	0	2	2	8	6	5	14	9	1	5	4	5	13	4	4	5	4	4	2	17	1	7	1	6	2	10	1		1	2	14	
113	9	4	13	4	臺北市	大同區	大同區民生西路與寧夏路口	25.0570756	121.5155615	0	0	1	2	8	5	5	4	2	1	5	4	5	13	2	1	5	4	5	2	17	4	5	1	3	2	8	1		1	3	5	
113	9	4	13	49	臺北市	大安區	大安區和平東路3段228巷與樂業街口	25.0203773	121.5526503	0	0	2	2	8	6	5	4	1	1	5	4	5	13	2	1	5	5	4	2	16	1	5	1	6	1	9	1		1	2	12	
113	9	4	13	49	臺北市	松山區	松山區市民大道5段與光復南路口	25.04525306	121.5578406	0	0	2	2	8	5	5	4	2	1	5	4	5	13	2	1	1	4	5	2	16	1	6	1	5	1	10	1		2	2	12	
113	9	4	14	16	臺北市	信義區	信義區忠孝東路4段415號對面	25.0412209	121.5583975	0	0	1	2	8	6	5	14	9	1	5	4	5	13	4	4	1	4	5	2	17	2	9	1	6	2	10	1		1	2	12	
113	9	4	14	19	臺北市	中正區	中正區中山南路7號旁	25.039631	121.5179667	0	0	1	2	8	5	5	14	9	1	5	4	5	13	2	1	9	4	5	1	13	1	9	1	5	1	10	1		1	2	11	
113	9	4	14	22	臺北市	中山區	中山區長春路與建國北路2段口	25.0547495	121.5370927	0	0	1	2	8	5	5	4	1	1	5	4	5	13	4	4	1	4	5	2	17	4	6	1	3	1	8	1		2	3	2	
113	9	4	14	42	臺北市	大同區	大同區承德路2段與民權西路96巷口	25.0621797	121.5183916	0	0	1	2	8	6	5	3	1	1	5	4	5	13	4	4	1	4	5	2	17	4	6	1	3	1	4	1		1	3	5	
113	9	4	15	0	臺北市	萬華區	萬華區環河南路2段與西藏路口	25.0305729	121.4901378	0	0	2	2	8	6	5	4	1	1	5	4	5	13	1	1	8	4	5	1	15	4	9	1	3	1	10	1		2	2	13	
113	9	4	15	15	臺北市	大安區	大安區忠孝東路3段與新生南路1段口	25.0424212	121.5330303	0	0	1	2	8	6	6	4	1	1	5	4	5	13	2	1	10	5	5	2	16	4	6	1	3	1	10	1		1	3	14	
113	9	4	15	19	臺北市	內湖區	內湖區內湖路2段389號	25.08399148	121.5927826	0	0	1	2	8	5	5	14	9	1	5	4	5	13	4	4	5	5	5	2	17	1	1	1	5	1	10	1		2	2	14	
113	9	4	15	33	臺北市	松山區	松山區民權東路4段121號	25.0624331	121.5593784	0	0	1	3	8	7	5	14	9	1	5	4	5	13	2	1	1	4	4	2	13	1	9	1	6	2	10	1		2	2	11	
113	9	4	16	0	臺北市	中山區	中山區南京東路3段65號	25.05208267	121.5382179	0	0	1	3	8	6	5	14	8	1	5	4	5	13	4	4	3	4	4	2	17	1	14	1	7	2	8	1		1	3	4	14
113	9	4	16	1	臺北市	中山區	中山區民權東路1段與雙城街口	25.0630344	121.5240551	0	0	1	2	8	5	5	4	1	1	5	4	5	13	1	1	1	4	5	2	13	4	8	1	3	1	4	1		1	3	6	
113	9	4	16	12	臺北市	文山區	文山區興隆路4段109巷與忠順街2段85巷口	24.9870558	121.5657361	0	0	2	2	8	6	5	5	1	1	5	4	5	13	1	1	10	5	5	2	17	4	5	8	4	2	20	1		1	2	14	
113	9	4	16	20	臺北市	大安區	大安區羅斯福路4段(南往北,捷運公館站旁)	25.0148084	121.5343642	0	0	1	2	8	6	5	14	9	1	5	4	5	13	4	4	1	4	5	2	12	1	7	1	5	1	10	1		1	2	14	
113	9	4	16	50	臺北市	中山區	中山區北安路305號	25.07784288	121.538158	0	0	2	2	8	6	5	14	9	1	5	4	5	13	1	1	1	4	5	2	13	4	9	1	6	1	10	1		1	2	11	
113	9	4	16	54	臺北市	內湖區	內湖區港墘路與堤頂大道2段口	25.0745278	121.5722613	0	0	1	2	8	7	8	3	1	1	5	4	5	13	1	1	3	4	3	2	17	1	9	1	7	1	8	1		1	3	2	
113	9	4	17	15	臺北市	北投區	北投區東陽街437號	25.1125125	121.5184691	0	0	1	2	8	6	5	22	9	1	5	4	5	12	4	4	9	5	5	2	9	1	9	1	7	9	8	1		1	3	2	
113	9	4	17	23	臺北市	大同區	大同區酒泉街與酒泉街103巷口口	25.0720465	121.5149428	0	0	1	2	8	5	5	4	1	1	5	4	5	13	3	1	9	4	5	2	3	1	1	1	7	2	4	1		1	3	1	
113	9	4	17	59	臺北市	信義區	信義區信義路4段與基隆路1段口	25.0332776	121.5595536	0	0	1	2	8	5	5	14	9	1	5	4	5	13	1	1	5	5	5	2	13	1	9	1	5	9	10	1		1	3	11	
113	9	4	18	2	臺北市	信義區	信義區忠孝東路5段與虎林街口	25.0408733	121.5768735	0	0	1	2	8	6	5	4	2	1	5	4	5	13	2	1	1	4	5	2	11	4	11	1	3	2	8	1		1	3	5	
113	9	4	18	2	臺北市	松山區	松山區南京東路5段213號	25.0514776	121.5642535	0	0	1	2	8	7	5	14	9	1	5	4	5	13	2	1	3	4	5	2	13	1	9	1	7	1	8	1		1	3	1	
113	9	4	18	6	臺北市	中山區	中山區民生東路2段與松江路口	25.0580277	121.5330547	0	0	1	2	8	7	5	4	1	1	5	4	5	13	1	1	1	4	5	2	13	4	21	7	3	11	19	2		1	4	15	
113	9	4	18	7	臺北市	文山區	文山區新光路2段與萬福橋口(木柵機廠停車場入口)	25.0013637	121.5842662	0	0	1	2	7	5	5	22	9	1	2	4	5	13	4	4	4	4	5	1	18	4	5	1	3	2	10	1		3	2	14	
113	9	4	19	19	臺北市	萬華區	萬華區桂林路與西園路1段口	25.03848086	121.4996804	0	0	2	2	8	5	5	4	2	1	5	4	5	13	2	2	5	5	4	2	3	1	9	1	6	1	10	1		2	2	15	
113	9	4	20	0	臺北市	信義區	信義區基隆路1段與東興路口	25.0453675	121.5668909	0	0	1	2	8	5	5	4	2	1	5	4	5	13	1	1	1	3	5	2	16	4	9	1	3	1	2	1		1	3	5	
113	9	4	20	38	臺北市	大安區	大安區大安路1段與大安路2段220巷口	25.0342954	121.5459657	0	0	1	2	8	5	5	4	1	1	5	4	5	13	4	4	5	5	5	2	15	1	9	1	6	1	10	1		1	3	14	
113	9	4	21	12	臺北市	大同區	大同區塔城街與塔城街24巷口	25.0506908	121.5105788	0	0	2	4	8	5	5	3	2	1	5	4	5	13	4	4	5	5	5	2	13	1	9	1	6	2	10	1		1	2	11	
113	9	4	21	28	臺北市	中正區	中正區忠孝西路1段與重慶南路1段口	25.0468586	121.5132185	0	0	1	2	8	5	5	5	2	1	5	4	5	13	1	1	9	4	5	2	18	1	9	1	5	1	10	1		1	2	14	
113	9	4	21	45	臺北市	中正區	中正區公園路與信陽街口	25.0446608	121.5169569	0	0	3	3	8	5	5	3	1	1	5	4	5	13	4	4	5	4	5	2	15	1	15	1	5	2	10	1		1	2	14	
113	9	4	22	3	臺北市	大同區	大同區環河北路1段與民生西路口	25.05532118	121.5058511	0	0	2	3	8	5	5	5	1	1	5	4	5	13	4	4	5	5	5	2	13	1	5	1	7	1	8	1		1	3	1	
113	9	4	22	7	臺北市	文山區	文山區秀明路2段與秀明路2段24巷口	24.9917413	121.5744698	0	0	2	2	7	5	5	3	1	1	5	4	5	13	4	4	5	5	5	2	16	1	9	1	6	2	10	1		1	2	12	
113	9	4	23	5	臺北市	中山區	中山區市民大道3段與八德路2段300巷口	25.0448675	121.5429631	0	0	1	2	8	5	5	4	1	1	5	4	5	13	4	4	1	4	5	2	16	4	6	1	3	1	8	1		2	3	2	
113	9	4	23	16	臺北市	北投區	北投區尊賢街243巷與無名巷口	25.1167868	121.5062681	0	0	2	2	8	5	5	3	2	1	5	4	5	13	4	4	10	4	5	1	17	1	5	1	5	1	10	1		1	2	11	
113	9	5	0	40	臺北市	中山區	中山區中山北路2段與中山北路2段65巷口	25.05705697	121.52293	0	0	1	3	8	5	5	3	1	1	5	4	5	13	4	4	1	4	5	2	17	4	14	1	3	9	4	1		1	3	17	
113	9	5	6	44	臺北市	中山區	中山區長安東路2段與松江路口	25.048528	121.5330394	0	0	1	2	8	6	5	4	1	1	5	4	5	13	2	1	8	5	5	1	16	4	5	1	3	1	8	1		1	3	5	
113	9	5	6	44	臺北市	大同區	大同區延平北路2段與延平北路2段36巷口	25.0549745	121.5116742	0	0	1	2	8	6	5	3	1	1	5	4	5	13	4	4	5	5	5	2	16	1	5	7	3	9	19	2		1	4	14	
113	9	5	6	54	臺北市	大安區	大安區浦城街與師大路92巷口	25.0226833	121.5267563	0	0	2	3	8	7	5	5	1	1	5	4	5	13	4	4	10	5	5	2	15	4	9	1	3	1	9	1		2	2	12	
113	9	5	6	55	臺北市	士林區	士林區和豐街39巷與和豐街口	25.0826165	121.5178885	0	0	1	2	8	7	5	4	1	1	5	4	5	13	4	4	10	4	5	1	17	1	5	3	5	2	18	1		2	2	14	
113	9	5	7	11	臺北市	萬華區	萬華區華中橋機車道往台北市下橋處	25.01847519	121.496861	0	0	1	2	8	5	5	8	9	1	5	4	5	13	4	4	1	4	5	2	18	4	9	8	4	1	20	1		2	2	14	
113	9	5	7	13	臺北市	士林區	士林區中山北路5段72號	25.08394998	121.525588	0	0	1	2	8	7	5	14	9	1	5	4	5	13	4	4	1	5	5	2	17	1	9	1	7	1	8	1		1	3	2	
113	9	5	7	28	臺北市	內湖區	內湖區洲子街150號附近	25.0812706	121.567916	0	0	2	2	8	6	5	14	9	1	5	4	5	13	4	4	5	5	5	2	3	5	16	8	4	10	20	1		2	2	16	
113	9	5	7	40	臺北市	信義區	信義區忠孝東路5段236巷27弄18號	25.038486	121.5732561	0	0	1	2	8	6	5	14	9	1	5	4	5	13	4	4	5	5	5	2	17	4	1	1	3	1	8	1		1	3	8	
113	9	5	7	50	臺北市	信義區	信義區吳興街480號	25.0235612	121.5694482	0	0	1	2	8	6	5	14	9	1	5	4	5	13	4	4	10	5	5	2	2	4	21	7	3	11	19	2		2	4	15	
113	9	5	7	50	臺北市	北投區	北投區公館路220號前	25.1269695	121.507756	0	0	1	3	8	6	5	14	9	1	5	4	5	13	4	4	10	5	5	2	17	1	5	1	5	1	10	1		2	2	12	