年	月	日	時	分	縣市	行政區	allLocation	GoogleLat	GoogleLng	死	2-30	受傷	當事人數	天候	道路照明設備	道路類別	道路型態	事故位置	路面狀況1	路面狀況2	路面狀況3	道路障礙1	道路障礙2	號誌1	號誌2	車道劃分-分向	車道劃分-分道1	車道劃分-分道2	車道劃分-分道3	事故類型及型態	行動電話	當事者行動狀態	駕駛資格情形	保護裝置	飲酒情形	駕駛執照種類	個人肇逃否	肇因碼-主要	性別	受傷程度	車輛撞擊部位1	車輛撞擊部位2
113	9	5	7	56	臺北市	大安區	大安區基隆路3段與臥龍街口	25.0204335	121.5482978	0	0	1	2	8	6	5	14	9	1	5	4	5	13	4	4	1	4	5	1	12	4	7	1	3	1	8	1		1	3	3	
113	9	5	7	57	臺北市	中山區	中山區北安路47號	25.07766415	121.5285213	0	0	1	2	8	6	5	3	2	1	5	4	5	13	4	4	1	4	5	2	17	1	11	1	7	1	8	1		1	3	6	
113	9	5	8	0	臺北市	南港區	南港區南深路與南深路19巷口	25.0383221	121.6213975	0	0	1	2	8	6	5	3	1	1	5	4	5	13	4	4	5	5	5	2	16	4	6	1	3	1	8	1		1	3	2	
113	9	5	8	2	臺北市	中正區	中正區中華路1段55號	25.04238	121.5085327	0	0	2	3	8	6	8	22	22	1	5	4	5	13	2	1	3	4	3	2	17	1	15	1	6	2	10	1		2	2	12	
113	9	5	8	2	臺北市	士林區	士林區承德路4段與士商路口	25.0890096	121.5215309	0	0	1	2	8	6	5	5	1	1	5	4	5	13	2	1	1	4	4	2	12	4	9	1	3	1	8	1		1	3	2	
113	9	5	8	2	臺北市	大安區	大安區辛亥路2段185號	25.0216169	121.5415257	0	0	1	2	8	5	5	22	20	1	5	4	5	13	4	4	10	5	5	2	17	4	1	1	3	1	8	1		1	3	8	
113	9	5	8	30	臺北市	內湖區	內湖區舊宗路2段與舊宗路2段口五汐南下匝道口	25.07067169	121.5748305	0	0	1	2	8	7	8	4	2	1	5	4	5	13	2	1	1	4	5	2	17	1	14	1	5	9	10	2		4	2	17	
113	9	5	8	36	臺北市	大安區	大安區新生南路1段與新生南路1段103巷口	25.04064331	121.533003	0	0	2	2	8	7	5	14	9	1	5	4	5	13	4	4	1	4	5	2	17	4	6	1	3	1	8	1		2	2	12	
113	9	5	8	37	臺北市	內湖區	內湖區成功路5段與大湖山莊街口	25.0840148	121.602099	0	0	1	2	8	6	5	3	2	1	5	4	5	13	4	4	1	4	4	2	17	1	6	1	7	2	8	1		2	3	17	
113	9	5	8	40	臺北市	內湖區	內湖區安康路與安美街口	25.06217644	121.5964191	0	0	1	2	8	6	5	4	1	1	5	4	5	13	2	1	5	4	5	2	17	1	5	1	7	1	2	1		1	3	17	
113	9	5	8	42	臺北市	士林區	士林區雙溪街與福華路口	25.099917	121.5237676	0	0	1	2	8	7	5	3	1	1	5	4	5	13	4	4	9	4	5	1	17	1	5	1	7	2	8	1		2	3	1	
113	9	5	8	50	臺北市	北投區	北投區立功街車亭停車場	25.1249582	121.4691234	0	0	1	2	8	5	5	14	9	1	5	4	5	13	4	4	10	5	5	2	16	1	5	1	7	1	8	1		1	3	4	
113	9	5	8	55	臺北市	南港區	南港區三重路與經貿二路88巷口	25.0577529	121.6142207	0	0	1	2	8	6	5	3	1	1	5	4	5	13	2	1	9	2	5	2	3	1	5	1	7	1	8	1		1	3	5	
113	9	5	9	2	臺北市	中山區	中山區民權東路2段160號	25.06236377	121.5350672	0	0	1	2	8	6	5	22	20	1	5	4	5	13	4	4	10	5	5	2	16	4	7	8	3	1	20	1		2	3	14	
113	9	5	9	10	臺北市	大安區	大安區新生南路2段60號對面	25.0284847	121.5345896	0	0	2	2	8	5	5	14	9	1	5	4	5	13	4	4	8	3	5	1	5	5	20	8	4	10	20	1		1	2	16	
113	9	5	9	12	臺北市	大安區	大安區敦化南路2段172巷8弄與臥龍街23巷口	25.0236784	121.5477778	0	0	1	2	8	7	5	3	1	1	5	4	6	13	4	4	10	5	5	1	16	4	5	1	3	1	8	1		2	3	8	
113	9	5	9	15	臺北市	大安區	大安區基隆路2段172-1號	25.0267443	121.5551089	0	0	1	2	8	6	5	14	9	1	5	4	5	13	4	4	9	4	5	1	17	4	8	1	3	1	4	1		1	3	5	
113	9	5	9	26	臺北市	信義區	信義區基隆路2段與嘉興街175巷口	25.0280343	121.5566568	0	0	1	2	8	5	5	3	2	1	5	4	5	13	4	4	1	2	5	2	17	1	6	1	7	1	8	1		2	3	8	
113	9	5	9	26	臺北市	松山區	松山區敦化北路226-1號	25.0589502	121.5492157	0	0	1	2	8	7	5	14	9	1	5	4	5	13	4	4	1	4	5	2	13	1	9	1	6	1	10	1		1	2	11	
113	9	5	9	39	臺北市	大安區	大安區復興南路1段390號前	25.0337983	121.5435327	0	0	1	2	8	7	5	14	9	1	5	4	5	13	4	4	10	4	5	2	17	1	1	1	7	1	8	1		2	3	8	
113	9	5	9	47	臺北市	萬華區	萬華區康定路與桂林路口	25.03829967	121.5018951	0	0	1	2	8	5	5	4	1	1	5	4	5	13	1	1	5	4	5	2	9	4	5	1	7	1	8	1		1	3	1	
113	9	5	10	11	臺北市	信義區	信義區忠孝東路4段512號	25.0411797	121.5626389	0	0	1	2	8	6	5	14	9	1	5	4	5	13	2	1	9	5	5	2	12	4	7	1	3	1	8	1		1	3	4	
113	9	5	10	31	臺北市	大安區	大安區基隆路4段與羅斯福路4段口	25.0115741	121.5375125	0	0	1	3	8	5	5	4	2	1	5	4	5	13	1	1	1	4	1	2	17	1	8	1	5	1	10	1		1	2	12	
113	9	5	10	56	臺北市	松山區	松山區復興南路1段57號	25.0452456	121.5439718	0	0	1	2	8	7	5	14	9	1	5	4	5	13	4	4	1	4	5	2	17	1	8	1	7	1	4	1		1	3	6	
113	9	5	11	35	臺北市	信義區	信義區永吉路278巷與永吉路278巷1弄口	25.0449937	121.5741946	0	0	2	3	8	6	5	4	1	1	5	4	5	13	4	4	10	5	5	2	17	1	5	1	7	1	8	1		1	3	8	
113	9	5	12	0	臺北市	文山區	文山區景中街與景美街口	24.9928915	121.5416672	0	0	1	2	8	6	5	4	1	1	5	4	5	13	4	4	1	4	5	2	9	1	12	1	7	2	2	1		1	3	17	
113	9	5	12	2	臺北市	中山區	中山區合江街與合江街102巷口	25.05874673	121.5391991	0	0	1	4	8	6	5	4	1	1	5	4	5	13	4	4	9	4	5	2	15	1	9	1	7	1	8	1		1	3	8	
113	9	5	12	46	臺北市	大安區	大安區仁愛路3段143巷與忠孝東路3段248巷13弄口	25.0406791	121.5429835	0	0	1	2	8	5	5	3	2	1	5	4	5	13	4	4	5	4	5	1	17	1	5	1	7	1	4	1		1	3	2	
113	9	5	13	3	臺北市	北投區	北投區西安街2段239號	25.1200976	121.5086298	0	0	1	2	8	6	5	14	9	1	5	4	5	13	4	4	10	4	5	1	12	1	7	1	5	1	11	1		2	2	14	
113	9	5	13	45	臺北市	中正區	中正區市民大道1段與承德路1段口北三門	25.0485873	121.5167954	0	0	1	2	8	7	5	14	9	1	5	4	5	13	4	4	10	3	5	2	13	1	9	1	5	2	10	1		1	3	11	
113	9	5	14	0	臺北市	中山區	中山區中山北路2段46號	25.05555745	121.5225839	0	0	1	3	8	7	5	14	9	1	5	4	5	13	4	4	9	4	5	2	17	1	9	1	7	1	8	1		2	3	2	
113	9	5	14	7	臺北市	大同區	大同區延平北路3段與伊寧街口口	25.0646508	121.5110499	0	0	1	2	8	6	5	4	1	1	5	4	5	13	2	1	5	5	5	2	16	4	9	7	3	9	19	2		1	4	15	
113	9	5	14	35	臺北市	內湖區	內湖區內湖路2段103巷第66車格	25.08157167	121.5814299	0	0	1	2	8	7	5	12	9	1	5	4	5	13	4	4	9	5	5	2	16	1	11	1	7	2	8	1		1	3	1	
113	9	5	14	46	臺北市	文山區	文山區興隆路1段與興隆路1段251巷口	24.9994594	121.5440734	0	0	1	2	8	6	5	3	1	1	5	4	5	13	2	1	1	4	5	2	17	1	5	1	7	1	8	1		1	3	17	
113	9	5	15	10	臺北市	南港區	南港區松河街與成美橋口下西往東	25.0527837	121.5828821	0	0	3	3	8	6	5	3	2	1	5	4	5	13	4	4	9	2	5	2	13	1	9	1	5	1	10	1		1	2	11	
113	9	5	15	10	臺北市	萬華區	萬華區環河南路1段與漢口街2段口	25.0465099	121.5037042	0	0	1	2	8	6	5	3	1	1	5	4	5	13	3	1	5	4	5	2	17	1	5	5	7	1	4	1		1	3	8	12
113	9	5	15	12	臺北市	南港區	南港區東新街與東新街170巷口	25.0459294	121.5922238	0	0	1	2	8	6	5	3	2	1	5	4	5	13	2	1	5	4	5	2	16	1	5	1	3	2	6	1		1	3	2	
113	9	5	15	21	臺北市	中山區	中山區中山北路2段77巷	25.0527953	121.5228261	0	0	1	2	8	6	5	14	9	1	5	4	5	13	4	4	8	3	5	1	17	1	2	1	7	1	6	1		1	3	3	
113	9	5	15	33	臺北市	南港區	南港區重陽路與興華路口	25.0579106	121.605292	0	0	1	2	8	7	5	4	1	1	5	4	5	13	1	1	9	4	5	2	15	4	9	1	3	1	8	1		2	3	1	
113	9	5	15	44	臺北市	中正區	中正區重慶南路2段與重慶南路2段6巷口	25.0342759	121.5130157	0	0	2	2	8	6	5	14	9	1	5	4	5	13	3	1	1	4	5	2	13	1	9	1	5	1	10	1		2	2	11	
113	9	5	15	46	臺北市	中山區	中山區民權東路2段與中原街口	25.0627051	121.5290164	0	0	2	2	8	6	5	4	1	1	5	4	5	13	2	1	1	5	5	1	16	4	8	1	3	1	10	1		1	2	12	
113	9	5	15	47	臺北市	大安區	大安區復興南路2段332號	25.03694311	121.5542985	0	0	1	2	8	6	5	14	7	1	5	4	5	13	4	4	1	4	4	2	13	4	9	1	3	1	10	1		2	2	11	
113	9	5	16	40	臺北市	中山區	中山區市民大道3段與八德路2段300巷口	25.0448502	121.542918	0	0	1	2	8	7	5	4	1	1	5	4	5	13	4	4	1	4	5	2	16	4	6	1	6	2	10	1		2	3	14	
113	9	5	16	48	臺北市	中正區	中正區水源路與金門街口口	25.0204568	121.5221591	0	0	1	3	8	6	5	3	1	1	5	4	5	13	4	4	10	4	5	2	12	1	10	1	6	1	10	1		1	2	14	
113	9	5	16	56	臺北市	內湖區	內湖區瑞光路637號	25.08054436	121.5657937	0	0	1	2	8	7	5	14	9	1	5	4	5	13	4	4	5	4	5	2	17	1	15	1	5	1	10	1		1	2	14	
113	9	5	17	11	臺北市	中正區	中正區和平西路2段與莒光路口口	25.0313159	121.5082225	0	0	1	2	8	6	5	3	1	1	5	4	5	13	1	1	1	4	5	1	17	1	1	1	6	2	10	1		1	3	11	
113	9	5	17	20	臺北市	內湖區	內湖區民權東路6段123巷34弄31號	25.0704375	121.5914363	0	0	1	2	8	6	5	14	9	1	5	4	5	13	4	4	5	5	5	2	17	1	9	1	7	9	8	1		1	3	2	
113	9	5	17	22	臺北市	信義區	信義區松高路與松智路口	25.03917	121.5655174	0	0	1	2	8	6	5	4	1	1	5	4	5	13	2	1	5	4	5	2	15	4	9	1	3	2	4	1		1	3	2	
113	9	5	17	24	臺北市	中山區	中山區新生北路2段149巷與新生北路2段口	25.06207205	121.5278704	0	0	1	2	8	6	5	3	1	1	5	4	5	13	4	4	8	5	5	1	16	4	6	1	3	1	8	1		1	3	4	
113	9	5	17	53	臺北市	大安區	大安區延吉街與延吉街62巷口	25.0435439	121.5539731	0	0	1	2	8	7	5	3	1	1	5	4	5	13	4	4	9	5	5	1	16	4	11	1	3	2	8	1		2	3	4	
113	9	5	18	20	臺北市	南港區	南港區重陽路482號	25.0602544	121.6115851	0	0	1	2	8	5	5	14	8	1	5	4	5	13	4	4	5	5	4	2	13	4	9	1	6	2	10	1		1	2	11	
113	9	5	18	25	臺北市	文山區	文山區萬芳路萬芳社區捷運站對面	24.9988589	121.5686389	0	0	1	2	8	6	5	14	9	1	5	4	5	13	4	4	5	4	5	2	17	1	8	1	7	2	8	1		2	3	17	
113	9	5	18	26	臺北市	中正區	中正區林森南路與徐州路口	25.0408841	121.522209	0	0	1	3	8	5	5	4	1	1	5	4	5	13	1	1	10	5	5	2	17	1	11	7	7	11	19	1		2	3	15	
113	9	5	18	40	臺北市	中正區	中正區羅斯福路4段72號	25.0148708	121.5340424	0	0	2	2	8	5	5	14	9	1	5	4	3	13	4	4	1	4	5	2	12	1	9	1	5	1	10	1		1	2	11	
113	9	5	18	48	臺北市	大安區	大安區忠孝東路4段與大安路1段口	25.0415054	121.5459407	0	0	1	2	7	5	5	4	2	1	5	4	5	13	1	1	1	5	5	1	17	1	9	1	5	1	10	1		1	3	17	
113	9	5	19	12	臺北市	士林區	士林區福林路與中山北路5段470巷口	25.0944713	121.5291864	0	0	1	2	8	5	5	3	1	1	5	4	5	13	4	4	4	5	5	1	17	1	5	1	7	1	8	1		1	3	8	
113	9	5	19	18	臺北市	中山區	中山區民權東路3段84號	25.06225112	121.5434518	0	0	1	2	7	5	5	14	9	1	5	4	5	13	4	4	3	4	5	2	12	4	9	1	3	1	10	1		2	2	14	
113	9	5	19	33	臺北市	文山區	文山區木柵路1段與景美溪橋口	24.9867662	121.545573	0	0	1	2	8	6	5	4	1	1	5	4	5	13	1	1	5	4	5	2	12	1	9	1	6	1	10	1		1	3	14	
113	9	5	19	47	臺北市	北投區	北投區新民路31號	25.1397554	121.5087545	0	0	2	3	8	5	5	14	9	1	5	4	5	13	4	4	5	5	5	2	37	1	9	1	6	9	10	1		1	2	12	
113	9	5	19	51	臺北市	大同區	大同區承德路3段277號	25.072779	121.5190711	0	0	1	3	8	5	5	14	9	1	5	4	5	13	4	4	1	4	5	2	17	1	9	1	6	2	10	1		2	3	15	
113	9	5	20	14	臺北市	士林區	士林區百齡橋010號桿	25.09056089	121.5147622	0	0	2	2	8	7	5	8	11	1	5	4	5	13	4	4	3	5	5	1	17	1	9	1	5	1	10	1		2	2	11	
113	9	5	20	55	臺北市	信義區	信義區永吉路328號	25.0454169	121.5757899	0	0	1	2	8	5	5	14	8	1	5	4	5	13	4	4	9	4	4	2	29	1	9	1	6	1	10	1		1	2	14	
113	9	5	21	26	臺北市	大安區	大安區大安路1段與四維路52巷口	25.03512	121.5459925	0	0	1	2	7	5	5	4	1	1	5	4	5	13	4	4	8	3	4	1	12	4	1	1	3	1	4	1		1	3	8	
113	9	5	21	42	臺北市	士林區	士林區中山北路6段316號	25.11047299	121.5255999	0	0	1	3	7	5	6	14	9	1	5	4	5	13	4	4	1	4	5	1	17	1	7	1	6	1	10	1		2	2	11	
113	9	5	21	45	臺北市	內湖區	內湖區金湖路109巷與金湖路口	25.08065061	121.5982042	0	0	1	2	8	5	5	3	1	1	5	4	5	13	2	1	1	4	4	2	17	1	5	1	7	1	8	1		2	3	2	
113	9	5	21	50	臺北市	內湖區	內湖區民權東路6段150號旁	25.0687689	121.5899833	0	0	1	2	8	5	5	3	1	1	5	4	5	13	4	4	1	5	5	2	16	1	6	1	7	2	8	1		1	3	6	
113	9	5	21	57	臺北市	中山區	中山區北安路與明水路口	25.0857848	121.552368	0	0	1	2	8	5	5	4	1	1	5	4	5	13	2	1	9	4	5	2	12	4	6	7	3	9	19	2		1	4	2	
113	9	6	4	47	臺北市	內湖區	內湖區瑞光路76巷與瑞光路112巷口	25.0704131	121.5803671	0	0	1	2	8	5	5	4	1	1	5	4	5	13	3	1	10	5	5	2	15	1	9	5	5	2	10	1		1	2	11	
113	9	6	6	33	臺北市	北投區	北投區承德路6段與文林北路175巷口	25.103419	121.5122239	0	0	1	2	8	7	5	3	1	1	5	4	5	13	4	4	1	4	4	2	16	1	6	1	7	2	8	1		1	3	5	
113	9	6	7	21	臺北市	信義區	信義區忠孝東路5段17號	25.0411953	121.5653423	0	0	1	2	8	7	5	14	9	1	5	4	5	13	4	4	3	4	5	2	18	1	9	1	6	1	10	1		1	2	14	
113	9	6	7	21	臺北市	萬華區	萬華區青年路與青年路168巷口	25.0209554	121.5028124	0	0	1	2	8	7	5	3	2	1	5	4	5	13	4	4	8	3	5	2	16	1	1	8	4	3	20	1		1	3	14	
113	9	6	7	45	臺北市	內湖區	內湖區民權東路6段13-3號	25.066925	121.578994	0	0	2	4	8	6	5	14	9	1	5	4	5	13	4	4	1	4	5	2	13	1	9	1	5	1	10	1		1	3	11	
113	9	6	7	50	臺北市	中山區	中山區北安路420號	25.0794466	121.5430219	0	0	1	2	8	7	5	14	9	1	5	4	5	13	4	4	1	4	5	2	12	1	7	1	7	1	2	1		1	3	8	
113	9	6	7	53	臺北市	內湖區	內湖區港墘路82巷與港墘路口	25.080764	121.5777708	0	0	2	2	8	6	5	4	1	1	5	4	5	13	2	1	1	4	5	2	16	1	5	1	6	1	10	1		2	2	12	
113	9	6	8	5	臺北市	內湖區	內湖區成功路4段與成功路4段324巷口	25.084672	121.5987962	0	0	1	2	8	7	5	4	1	1	5	4	5	13	1	1	1	4	4	1	17	1	9	1	7	1	8	1		1	3	5	
113	9	6	8	6	臺北市	文山區	文山區萬芳路60之20號	24.9983813	121.5702529	0	0	1	2	8	7	5	14	9	1	5	4	5	13	4	4	5	4	5	2	16	1	11	1	7	2	8	1		1	3	8	
113	9	6	8	7	臺北市	中正區	中正區八德路1段與臨沂街口	25.0437947	121.5307038	0	0	2	2	8	6	8	22	22	1	5	4	5	13	2	1	9	4	5	2	16	1	5	1	6	2	10	1		2	2	12	
113	9	6	8	10	臺北市	文山區	文山區指南路2段與新光路1段口	24.9881623	121.5736187	0	0	1	2	8	7	5	3	1	1	5	4	5	13	2	1	5	5	5	2	15	1	11	1	7	2	8	1		1	3	5	
113	9	6	8	18	臺北市	松山區	松山區八德路4段與虎林街口	25.05007208	121.5759971	0	0	2	3	8	5	5	4	1	1	5	4	5	13	2	1	1	4	4	2	13	1	9	1	6	1	10	1		2	2	11	
113	9	6	8	33	臺北市	大安區	大安區羅斯福路3段201號	25.0200743	121.5291252	0	0	2	2	8	7	5	22	20	4	5	4	5	13	4	4	10	5	5	2	9	4	9	8	3	1	20	1		1	2	11	
113	9	6	8	47	臺北市	士林區	士林區劍潭路與基河路口	25.08403824	121.524716	0	0	1	2	8	6	5	4	1	1	5	4	5	13	1	1	1	4	5	1	16	4	6	1	3	1	8	1		1	3	2	
113	9	6	8	55	臺北市	中山區	中山區南京東路2段與伊通街口	25.0519484	121.5346038	0	0	1	3	8	7	5	4	1	1	5	4	5	13	1	1	1	4	4	2	12	1	9	1	7	1	8	2		2	3	15	
113	9	6	9	0	臺北市	中正區	中正區青島西路10號	25.0448264	121.5181293	0	0	1	2	8	7	5	14	7	1	5	4	5	13	1	1	5	5	5	2	13	1	9	1	7	1	8	1		1	3	8	
113	9	6	9	0	臺北市	內湖區	內湖區金龍路222巷與金龍路222巷1弄口	25.0880975	121.586605	0	0	2	3	8	5	5	5	1	1	5	4	3	13	4	4	10	5	5	2	10	1	15	1	5	1	9	1		1	2	11	
113	9	6	9	6	臺北市	中山區	中山區南京東路2段與建國北路2段口	25.0520637	121.5370291	0	0	1	2	8	6	5	4	1	1	5	4	5	13	1	1	1	4	5	2	12	4	8	1	6	1	10	1		2	3	12	
113	9	6	9	9	臺北市	士林區	士林區中山北路6段11號	25.1032253	121.5251314	0	0	1	3	8	6	5	14	9	1	5	4	5	13	4	4	1	4	5	2	13	1	9	1	7	1	8	1		2	3	1	
113	9	6	9	20	臺北市	中山區	中山區民權西路5號	25.06280725	121.5218958	0	0	2	2	8	7	5	14	9	1	5	4	5	13	4	4	3	4	5	2	12	1	15	1	6	1	10	1		1	2	12	
113	9	6	9	35	臺北市	信義區	信義區忠孝東路5段15巷與忠孝東路5段31巷18弄口	25.04097776	121.5655169	0	0	1	2	8	7	5	3	2	1	5	4	5	13	4	4	10	5	5	2	12	4	1	1	3	1	10	1		2	2	11	
113	9	6	9	40	臺北市	萬華區	萬華區康定路與峨眉街口	25.0444104	121.5028169	0	0	1	2	8	7	5	4	1	1	5	4	5	13	2	1	9	4	4	2	9	1	6	1	7	1	8	1		1	3	1	
113	9	6	10	5	臺北市	大安區	大安區羅斯福路2段與羅斯福路2段81巷口	25.025779	121.5234593	0	0	1	3	8	6	5	14	9	1	5	4	5	13	2	1	10	5	5	2	9	5	16	8	4	10	20	1		1	3	17	
113	9	6	11	28	臺北市	大安區	往北(新生南路二段60號對面)	25.0283997	121.5346217	0	0	1	2	8	7	5	14	9	1	5	4	5	13	1	1	10	4	4	2	17	1	8	1	7	1	8	1		1	3	17	
113	9	6	11	36	臺北市	大安區	大安區辛亥路3段與臥龍街188巷口	25.0160474	121.5506276	0	0	1	3	8	7	5	14	9	1	5	4	5	13	4	4	8	3	5	1	12	1	8	1	7	1	8	1		1	3	2	
113	9	6	11	43	臺北市	中山區	中山區民生東路1段70巷與民生東路1段口	25.0578918	121.5262745	0	0	1	3	8	6	5	3	1	1	5	4	5	13	1	1	5	4	1	2	13	4	9	1	5	1	10	1		2	2	11	
113	9	6	11	44	臺北市	中山區	中山區松江路133巷與南京東路2段115巷口	25.0543703	121.5336383	0	0	2	3	8	7	5	4	1	1	5	4	5	13	4	4	7	5	5	2	15	1	9	1	7	2	8	1		1	3	4	
113	9	6	11	49	臺北市	中正區	中正區北平東路12號	25.0462857	121.5243635	0	0	1	2	8	6	5	14	9	1	5	4	5	13	4	4	9	4	4	1	17	1	13	1	7	2	8	1		1	3	4	
113	9	6	12	2	臺北市	信義區	信義區仁愛路4段505號	25.03779387	121.5624191	0	0	1	2	8	6	5	14	20	4	5	4	5	13	4	4	10	5	5	2	18	2	9	8	2	1	20	1		1	2	14	
113	9	6	12	6	臺北市	大安區	大安區辛亥路3段與基隆路3段口	25.0193048	121.5467936	0	0	1	2	8	6	5	4	1	1	5	4	5	13	2	1	1	4	5	2	16	1	5	1	6	1	10	1		1	3	14	
113	9	6	12	36	臺北市	中山區	中山區吉林路與新生北路口側附近2段45巷口	25.055658	121.5301016	0	0	2	2	8	5	5	4	1	1	5	4	5	13	4	4	7	4	4	2	17	4	5	1	3	1	10	1		1	2	11	
113	9	6	12	37	臺北市	士林區	士林區社中街與社中街458巷口	25.0911604	121.5018537	0	0	1	2	8	7	5	3	1	1	5	4	1	13	4	4	5	5	5	1	17	1	9	1	7	1	8	1		1	3	8	
113	9	6	12	42	臺北市	北投區	北投區天母西路與天母西路130巷口	25.1190741	121.5226781	0	0	1	2	8	7	5	14	9	1	5	3	5	13	4	4	5	5	5	2	18	4	9	8	3	1	20	1		2	2	11	
113	9	6	12	47	臺北市	信義區	信義區基隆路2段185號	25.0247436	121.5530927	0	0	2	2	8	6	5	14	9	1	5	4	5	13	4	4	3	4	5	2	13	1	9	1	6	2	10	1		1	2	11	
113	9	6	13	0	臺北市	中山區	中山區遼寧街177號與遼寧街口	25.0524284	121.5419248	0	0	2	2	8	6	5	3	1	1	5	4	5	13	4	4	9	5	5	2	13	4	9	1	3	1	8	1		2	2	8	
113	9	6	13	29	臺北市	萬華區	萬華區萬大路與萬大路423巷口	25.0214125	121.4986625	0	0	2	2	7	6	5	4	1	2	5	4	5	13	1	1	8	3	5	2	13	4	9	1	5	1	10	1		1	2	11	
113	9	6	14	1	臺北市	大同區	大同區重慶北路3段288號	25.0732573	121.513711	0	0	1	3	7	6	5	14	9	1	5	4	5	13	4	4	1	4	5	2	12	4	9	1	3	1	8	1		1	3	2	
113	9	6	14	2	臺北市	中正區	中正區羅斯福路3段316巷4號	25.015949	121.5326488	0	0	1	3	8	6	5	14	9	1	5	4	5	13	4	4	10	5	5	2	12	1	9	1	5	2	10	1		1	3	12	
113	9	6	14	7	臺北市	萬華區	萬華區西園路2段243-3號	25.02649633	121.4933404	0	0	1	2	8	6	5	14	9	1	5	4	5	13	4	4	1	4	5	2	17	1	9	1	6	1	10	2		2	2	14	
113	9	6	14	9	臺北市	信義區	信義區吳興街485號與吳興街口	25.0233993	121.5697698	0	0	1	2	8	6	5	4	1	1	5	4	5	13	3	1	9	4	5	2	15	1	9	1	6	1	10	1		1	2	11	
113	9	6	14	14	臺北市	大安區	大安區安和路2段與安和路2段32巷口	25.0319109	121.5523809	0	0	2	3	8	6	5	14	9	1	5	4	5	13	4	4	1	4	5	2	12	1	1	1	7	1	2	1		1	2	8	
113	9	6	14	28	臺北市	中山區	中山區中山北路1段83巷與中山北路口側附近1段口	25.050484	121.5220981	0	0	2	3	8	7	5	3	1	2	5	4	5	13	4	4	5	4	5	2	17	4	6	1	3	1	4	1		1	3	5	
113	9	6	14	30	臺北市	大安區	大安區羅斯福路2段與羅斯福路2段81巷口	25.025899	121.5239321	0	0	1	3	8	6	5	3	1	1	5	4	5	13	1	1	1	4	5	2	13	1	9	1	5	1	10	1		2	2	11	
113	9	6	14	35	臺北市	文山區	文山區木柵路4段6號	24.9952891	121.5718626	0	0	2	3	8	6	5	14	9	1	5	4	5	13	4	4	5	4	5	1	12	1	8	1	6	2	10	1		2	2	12	
113	9	6	15	10	臺北市	北投區	北投區紗帽路第一展望台	25.1430102	121.5432618	0	0	1	2	8	6	5	11	9	1	5	4	5	13	4	4	4	5	5	1	10	1	9	1	5	1	10	1		1	2	11	
113	9	6	15	32	臺北市	大安區	大安區潮州街73巷與潮州街口	25.0290994	121.5258935	0	0	1	2	8	7	5	3	2	1	5	4	5	13	4	4	10	4	5	2	9	4	6	8	3	5	20	1		1	3	17	
113	9	6	15	45	臺北市	信義區	信義區吳興街284巷22弄78號	25.0234285	121.5614122	0	0	1	2	8	7	8	22	22	1	5	4	5	13	4	4	10	5	5	2	14	4	2	1	3	1	8	1		1	3	3	
113	9	6	15	46	臺北市	大同區	大同區蘭州街與重慶北路2段口	25.0617785	121.5137526	0	0	1	3	8	6	5	3	2	1	5	4	5	13	4	4	5	2	5	2	17	1	15	1	5	1	10	1		2	2	14	
113	9	6	16	4	臺北市	中正區	中正區南海路20號	25.0324868	121.5168301	0	0	1	2	8	6	5	14	9	2	5	4	5	13	4	4	10	4	5	1	17	1	7	1	5	2	10	1		2	2	13	
113	9	6	16	15	臺北市	內湖區	內湖區舊宗路1段188號旁，新湖三路上	25.0632353	121.5760917	0	0	1	2	8	6	5	14	9	1	5	4	5	13	4	4	9	4	5	2	17	1	1	1	7	2	8	1		2	3	5	
113	9	6	16	25	臺北市	松山區	松山區東興路與南京東路5段250巷2弄口	25.05073812	121.5654225	0	0	1	2	8	6	5	3	1	1	5	4	5	13	4	4	8	4	5	2	17	1	6	1	7	1	8	1		1	3	2	
113	9	6	16	40	臺北市	中正區	中正區中華路2段與汀州路1段口口	25.0331919	121.5053499	0	0	1	2	8	6	5	4	1	1	5	4	5	13	1	1	5	4	5	1	12	1	9	6	7	1	8	1		1	3	2	
113	9	6	16	46	臺北市	內湖區	內湖區瑞光路66巷與瑞光路口	25.070792	121.582183	0	0	1	2	8	6	5	3	1	1	5	4	5	13	2	1	5	4	5	2	12	4	8	1	3	1	10	1		2	3	2	
113	9	6	16	59	臺北市	大同區	大同區西寧北路與忠孝西路2段口	25.0491834	121.5077219	0	0	3	4	8	5	5	4	2	1	5	4	5	13	2	1	5	4	5	2	13	1	15	1	6	2	10	1		1	2	11	
113	9	6	17	5	臺北市	大同區	大同區民生西路與西寧北路口	25.0569037	121.5090774	0	0	1	2	7	6	5	4	1	1	5	4	5	13	2	1	4	4	5	2	16	4	5	1	3	1	10	1		1	2	13	
113	9	6	17	9	臺北市	中山區	中山區市民高架道	25.04939175	121.5136246	0	0	1	4	8	7	5	14	9	1	5	4	5	13	4	4	1	4	5	2	13	1	9	1	7	1	8	1		2	3	1	
113	9	6	17	10	臺北市	內湖區	內湖區民權東路6段13號	25.0669155	121.5800529	0	0	1	2	8	6	5	14	9	1	5	4	5	13	4	4	9	4	5	2	12	1	9	1	6	2	10	1		2	2	14	
113	9	6	17	22	臺北市	萬華區	萬華區華江橋（近燈桿001051）	25.0358136	121.4865195	0	0	3	3	8	6	5	8	11	1	5	4	5	13	4	4	1	2	1	2	13	4	9	1	6	1	10	1		2	2	13	
113	9	6	17	25	臺北市	大同區	大同區民權西路與大龍街口	25.0630413	121.5161838	0	0	2	2	8	6	5	4	2	1	5	4	5	13	1	1	1	4	5	2	17	1	9	1	6	2	10	1		1	2	11	