年	月	日	時	分	縣市	行政區	allLocation	GoogleLat	GoogleLng	死	2-30	受傷	當事人數	天候	道路照明設備	道路類別	道路型態	事故位置	路面狀況1	路面狀況2	路面狀況3	道路障礙1	道路障礙2	號誌1	號誌2	車道劃分-分向	車道劃分-分道1	車道劃分-分道2	車道劃分-分道3	事故類型及型態	行動電話	當事者行動狀態	駕駛資格情形	保護裝置	飲酒情形	駕駛執照種類	個人肇逃否	肇因碼-主要	性別	受傷程度	車輛撞擊部位1	車輛撞擊部位2
113	9	6	17	30	臺北市	中正區	中正區金華街30號	25.0312666	121.5214434	0	0	2	2	6	5	5	14	9	1	4	3	5	13	4	4	7	5	5	2	3	1	9	1	6	2	10	1		1	2	11	
113	9	6	17	36	臺北市	士林區	士林區中山北路5段與文林路口	25.0855106	121.5254569	0	0	1	3	8	6	5	14	9	1	5	4	5	13	4	4	1	4	5	2	17	1	9	1	6	1	10	1		1	3	11	
113	9	6	17	38	臺北市	中正區	中正區中華路1段與忠孝西路1段口	25.0480534	121.5100156	0	0	1	2	8	6	5	4	1	1	5	4	5	13	1	1	10	5	5	2	16	1	5	1	2	2	8	1		2	3	5	
113	9	6	17	45	臺北市	中正區	中正區中山南路與貴陽街1段口	25.0381642	121.5172817	0	0	2	4	8	7	5	3	1	1	5	4	5	13	1	1	1	4	5	2	17	1	6	1	7	2	8	1		1	3	7	
113	9	6	17	45	臺北市	松山區	松山區富錦街354號	25.06054116	121.5579049	0	0	1	2	8	7	5	14	9	1	5	4	5	13	4	4	5	5	5	2	17	1	14	1	2	1	8	1		1	3	4	
113	9	6	17	57	臺北市	內湖區	內湖區成功路2段與潭美街口	25.0550564	121.5829463	0	0	1	2	8	5	5	3	1	1	5	4	5	13	1	1	5	5	5	2	16	1	5	1	7	2	8	1		1	3	5	
113	9	6	18	40	臺北市	信義區	信義區光復南路(國父紀念館前)	25.0381515	121.5576451	0	0	1	3	7	5	5	14	7	1	5	4	5	13	4	4	1	4	4	2	13	4	9	1	3	1	10	1		1	3	11	
113	9	6	18	41	臺北市	內湖區	內湖區民權大橋與民權大橋口東向西上坡處(7510474路燈桿)	25.06615538	121.5760754	0	0	1	2	8	5	5	8	11	1	5	4	5	13	4	4	3	2	4	2	13	1	9	1	5	1	10	1		2	2	11	
113	9	6	18	45	臺北市	中山區	中山區林森北路北往南 林森公園旁	25.05250652	121.5253449	0	0	1	2	8	5	5	14	9	1	5	4	5	13	4	4	1	4	5	2	12	4	21	7	3	9	10	1		4	4	15	
113	9	6	18	53	臺北市	大同區	大同區環河北路2段與敦煌路口	25.07676938	121.5094852	0	0	1	2	8	5	5	5	2	1	5	4	5	13	4	4	1	5	5	2	12	1	7	1	6	1	10	1		2	2	14	
113	9	6	19	10	臺北市	內湖區	內湖區瑞湖街161號	25.0689748	121.5764587	0	0	1	2	8	5	5	4	1	1	5	4	5	13	2	1	5	5	5	2	17	1	5	1	7	1	8	1		2	3	8	
113	9	6	19	30	臺北市	北投區	北投區北投路1段與無名巷口奇岩站旁	25.1252613	121.5009091	0	0	1	2	8	5	5	3	1	1	5	4	5	13	1	1	4	4	5	2	16	1	5	1	6	2	10	1		1	2	14	
113	9	6	19	33	臺北市	中正區	中正區忠孝東路2段與臨沂街口	25.0429189	121.5310292	0	0	1	2	8	5	5	4	2	1	5	4	5	13	1	1	1	4	5	2	13	1	9	1	7	2	8	1		1	3	1	
113	9	6	19	35	臺北市	內湖區	內湖區金湖路367巷與金湖路口	25.0732906	121.6034801	0	0	1	2	8	5	5	5	1	1	5	4	5	13	1	1	10	5	5	2	12	1	7	1	6	2	10	1		1	2	14	
113	9	6	19	50	臺北市	中山區	中山區大直橋與北安路口	25.0793705	121.5445367	0	0	2	2	8	5	5	14	9	1	5	4	5	13	2	1	5	2	5	2	13	1	9	3	6	1	18	1		1	2	11	
113	9	6	20	20	臺北市	萬華區	萬華區華江橋往新北市機車道(新北001046燈桿)	25.03580788	121.489327	0	0	2	2	8	5	5	8	11	1	5	4	5	13	4	4	10	5	5	2	13	1	9	1	6	1	10	1		2	2	11	
113	9	6	20	30	臺北市	松山區	松山區濱江街(第0203103號燈桿)	25.07214649	121.5546179	0	0	1	2	8	5	5	14	8	1	5	4	5	13	4	4	9	4	4	2	13	1	9	1	7	1	8	1		1	3	3	
113	9	6	20	35	臺北市	士林區	士林區延平北路6段與延平北路6段116巷口	25.0892401	121.5077899	0	0	1	2	7	5	5	4	2	1	5	4	5	13	4	4	5	5	5	2	17	4	13	1	3	9	8	2		4	2	4	
113	9	6	20	58	臺北市	松山區	(八德路3段160號前)	25.048023	121.5550893	0	0	1	2	8	5	5	14	9	1	5	4	5	13	1	1	9	4	5	2	16	4	5	1	7	1	4	1		1	3	2	
113	9	6	21	6	臺北市	大安區	大安區基隆路3段與辛亥路3段口	25.0186902	121.5462505	0	0	2	2	7	5	5	14	9	1	5	4	5	13	2	1	1	3	5	1	13	1	9	1	5	2	10	1		2	2	11	
113	9	6	21	14	臺北市	士林區	士林區中正路212巷與中正路口	25.0955207	121.5263816	0	0	1	2	7	5	5	4	2	1	5	4	5	13	1	1	3	4	5	2	17	1	6	1	7	1	8	1		1	3	2	
113	9	6	21	35	臺北市	北投區	北投區中和街與中和街502巷口	25.1453455	121.4942785	0	0	1	2	8	6	5	4	1	1	5	4	5	13	4	4	5	5	5	2	17	1	5	1	7	1	8	1		1	3	17	
113	9	6	21	53	臺北市	北投區	北投區大度路3段與知行路口	25.1233703	121.4669639	0	0	1	2	8	5	5	4	1	1	5	4	5	13	2	1	5	5	5	2	16	1	5	1	7	2	1	1		1	3	1	
113	9	6	22	20	臺北市	中山區	中山區林森北路與長安東路1段口	25.0492572	121.5246496	0	0	1	2	7	5	5	4	18	1	5	4	5	13	2	1	5	4	5	2	3	4	5	1	3	1	8	1		1	3	1	
113	9	6	22	27	臺北市	中山區	中山區民生東路2段與新生北路2段口	25.0580637	121.5277081	0	0	1	2	7	5	5	4	2	1	5	4	5	13	2	1	5	4	5	2	10	4	9	1	3	1	4	1		1	3	1	
113	9	6	22	30	臺北市	中正區	中正區公園路30號對面	25.0444307	121.5170277	0	0	1	2	8	5	5	14	9	1	5	4	5	13	1	1	5	4	5	2	13	1	9	1	5	2	10	1		1	2	11	
113	9	6	22	33	臺北市	中正區	中正區羅斯福路3段與辛亥路1段口	25.0198355	121.5289487	0	0	2	4	8	5	5	4	1	1	5	4	5	13	1	1	1	4	5	2	17	1	9	1	7	2	8	1		3	2	1	
113	9	6	23	39	臺北市	士林區	士林區仰德大道1段1106209號電燈桿	25.1085836	121.5360283	0	0	1	5	8	5	5	11	9	1	5	4	5	13	4	4	4	5	5	1	17	1	9	1	6	1	10	1		1	2	12	
113	9	7	1	20	臺北市	信義區	信義區忠孝東路5段71巷與忠孝東路5段口	25.0411822	121.5673361	0	0	1	2	7	5	5	3	1	1	5	4	5	13	4	4	3	3	5	2	16	1	6	1	7	2	8	1		1	3	1	
113	9	7	2	50	臺北市	中山區	中山區中山北路4段圓山飯店旁	25.07593874	121.5255941	0	0	1	2	8	5	5	14	9	1	5	4	5	13	4	4	7	4	5	2	17	1	9	1	7	1	4	1		1	3	17	
113	9	7	3	33	臺北市	中正區	中正區中華路1段與寶慶路口	25.041951	121.5084239	0	0	2	2	8	5	5	4	1	1	5	4	5	13	1	1	1	4	1	1	9	1	9	2	5	2	18	1		2	2	11	
113	9	7	3	39	臺北市	萬華區	萬華區光復橋下堤外便道	25.02442132	121.4903691	0	0	2	3	8	5	8	22	22	1	5	4	5	13	3	1	10	5	5	2	17	4	15	1	6	1	10	1		1	2	14	
113	9	7	5	29	臺北市	萬華區	萬華區桂林路242巷與桂林路228巷9弄口	25.0385346	121.4957324	0	0	2	2	7	7	5	3	2	1	5	4	5	13	4	4	1	4	5	2	16	1	6	1	5	1	10	1		1	2	11	
113	9	7	5	32	臺北市	文山區	文山區木柵路2段86號對面	24.9887603	121.5610116	0	0	2	3	8	7	5	14	9	1	5	4	5	13	4	4	5	4	5	2	17	1	11	1	7	2	4	1		1	3	2	
113	9	7	5	47	臺北市	信義區	信義區永吉路278巷6號	25.0448108	121.5741604	0	0	2	2	7	7	5	14	9	1	5	4	5	13	4	4	10	5	5	2	17	1	5	1	5	1	10	1		2	2	12	
113	9	7	6	31	臺北市	萬華區	萬華區康定路與廣州街口	25.0364463	121.5015064	0	0	1	2	8	7	5	4	2	1	5	4	5	13	1	1	8	3	5	2	9	1	1	1	7	2	2	1		1	3	17	
113	9	7	8	0	臺北市	中山區	中山區民族東路與松江路口	25.0682854	121.5334055	0	0	1	2	8	7	5	5	1	1	5	4	5	13	1	1	1	4	5	2	12	1	8	1	7	2	8	1		2	3	2	
113	9	7	8	21	臺北市	萬華區	萬華區中華路2段與廣州街口	25.0363144	121.506485	0	0	2	3	7	7	5	4	2	1	5	4	5	13	1	1	1	4	5	2	13	1	9	1	5	1	10	1		1	2	11	
113	9	7	8	56	臺北市	文山區	文山區景中街30巷與景後街口	24.9920681	121.5428984	0	0	1	2	8	6	5	4	1	1	5	4	5	13	3	1	10	5	5	2	15	1	9	1	7	1	4	1		1	3	5	
113	9	7	9	9	臺北市	北投區	北投區承德路6段與福國路口	25.1018604	121.5121393	0	0	2	3	8	6	5	4	1	1	5	4	5	13	2	1	1	3	5	2	17	1	9	1	6	1	11	1		2	2	14	
113	9	7	9	30	臺北市	中山區	中山區民權東路2段107號	25.06261277	121.532787	0	0	3	5	8	6	5	14	9	1	5	4	5	13	4	4	1	5	5	1	12	4	9	1	3	1	10	1		1	2	12	
113	9	7	9	55	臺北市	中山區	中山區民生東路3段與復興北路口	25.0579997	121.5440716	0	0	1	3	7	6	5	14	9	1	5	4	5	13	2	1	8	3	5	1	17	1	9	1	5	1	10	1		1	2	11	
113	9	7	9	59	臺北市	士林區	士林區福林路與忠勇街口	25.0979859	121.5343442	0	0	2	2	7	5	5	4	1	1	5	4	5	13	2	1	5	4	5	2	15	1	9	8	4	2	20	1		1	2	11	
113	9	7	10	0	臺北市	士林區	士林區至誠路1段295號	25.10177196	121.5311702	0	0	1	2	8	7	5	11	9	1	5	4	5	13	4	4	9	4	5	1	17	1	2	1	7	2	8	1		1	3	3	
113	9	7	10	4	臺北市	大安區	大安區信義路3段29號	25.0336951	121.5344274	0	0	1	2	8	7	5	14	9	1	5	4	5	13	4	4	1	4	5	2	13	4	5	1	3	1	10	1		2	2	11	
113	9	7	10	28	臺北市	大安區	大安區和平東路1段2號	25.02695905	121.5229611	0	0	1	2	7	6	5	14	9	1	5	4	3	13	4	4	1	4	4	2	12	1	9	1	6	1	10	1		2	2	11	
113	9	7	10	41	臺北市	信義區	信義區松仁路與忠孝東路5段口	25.0409849	121.568669	0	0	1	2	7	6	5	4	1	1	5	4	5	13	2	1	1	4	5	1	29	4	6	1	3	1	10	1		1	2	12	
113	9	7	11	15	臺北市	中正區	中正區南昌路1段與南海路口	25.03242146	121.51641	0	0	1	2	7	7	5	4	2	1	5	4	1	13	1	1	10	4	5	2	13	4	9	5	3	9	4	1		1	3	1	
113	9	7	11	19	臺北市	大安區	大安區忠孝東路4段216巷40弄與忠孝東路4段216巷口	25.0394794	121.552938	0	0	1	2	6	7	5	4	2	1	4	4	5	13	4	4	4	1	5	1	3	1	9	1	7	1	4	1		1	3	1	
113	9	7	11	27	臺北市	信義區	信義區忠孝東路4段560號	25.0411059	121.564366	0	0	1	2	6	6	5	14	9	1	4	4	5	13	4	4	1	4	5	2	29	1	9	1	5	1	10	1		1	2	12	
113	9	7	11	30	臺北市	大安區	大安區忠孝東路3段與建國南路1段口	25.0416178	121.5371078	0	0	1	2	6	7	5	4	1	1	4	4	5	13	1	1	10	4	5	2	17	1	15	1	6	1	10	1		2	2	14	
113	9	7	12	15	臺北市	中山區	中山區民權東路2段與吉林路口	25.06253913	121.530276	0	0	2	3	7	6	5	14	9	1	5	4	5	13	2	1	1	5	5	1	12	4	7	1	3	1	10	1		1	2	14	
113	9	7	12	32	臺北市	大安區	大安區信義路4段60號	25.0332266	121.5456401	0	0	1	2	8	5	5	14	9	1	5	4	5	13	4	4	1	4	1	2	17	1	8	1	7	1	4	1		1	3	3	
113	9	7	12	55	臺北市	中正區	中正區羅斯福路2段與福州街口	25.0297992	121.5202169	0	0	2	2	8	6	5	5	1	1	5	4	5	13	1	1	5	4	5	2	17	1	5	1	5	2	10	1		1	2	11	
113	9	7	12	55	臺北市	北投區	北投區大度路3段1208574燈桿	25.1224724	121.4750459	0	0	1	2	8	5	5	14	12	1	5	4	5	13	4	4	1	5	5	2	18	4	9	1	3	1	10	1		2	2	11	
113	9	7	14	3	臺北市	中正區	中正區徐州路46號	25.0402914	121.5244356	0	0	1	2	8	6	5	14	7	1	5	4	5	13	4	4	9	5	4	2	16	4	11	1	7	1	8	1		2	3	4	
113	9	7	14	39	臺北市	內湖區	內湖區康寧路3段70巷與康寧路3段165巷口	25.07048833	121.6113267	0	0	1	2	8	6	5	4	1	1	5	4	5	13	2	1	1	4	5	2	17	1	5	1	7	2	4	1		1	3	6	
113	9	7	15	0	臺北市	士林區	士林區延平北路5段26號	25.0813452	121.5105517	0	0	1	2	8	6	5	14	9	1	5	4	5	13	4	4	1	4	1	2	17	1	9	1	6	1	10	1		1	2	11	
113	9	7	15	28	臺北市	大安區	大安區建國南路2段與建國南路2段69巷口	25.0312453	121.5380154	0	0	1	2	8	7	5	3	2	1	5	4	5	13	4	4	8	3	5	2	17	4	6	1	3	1	8	1		1	3	4	
113	9	7	15	44	臺北市	南港區	南港區忠孝東路7段124巷與忠孝東路7段口	25.051692	121.6037727	0	0	2	4	8	7	5	4	2	1	5	4	5	13	2	1	9	4	4	2	13	1	9	3	6	1	18	1		1	2	11	
113	9	7	16	0	臺北市	信義區	信義區忠孝東路5段141號	25.0411438	121.5679588	0	0	1	2	7	5	5	14	9	1	5	4	5	13	4	4	1	4	5	1	17	1	1	1	7	1	4	1		1	3	8	
113	9	7	16	0	臺北市	士林區	士林區延平北路8段2巷56弄17號	25.10566	121.4870506	0	0	1	2	8	6	5	14	9	1	4	4	2	13	4	4	5	5	5	2	9	4	9	1	3	1	10	1		2	2	15	
113	9	7	16	10	臺北市	士林區	士林區文林路與文林路775巷口	25.10372508	121.5193093	0	0	1	2	8	6	5	3	2	1	5	4	5	13	4	4	1	4	4	2	17	1	6	1	7	2	8	1		1	3	6	
113	9	7	16	17	臺北市	中山區	中山區復興北路與復興北路402巷口	25.06180013	121.5440966	0	0	2	2	7	7	5	3	1	1	5	4	5	13	4	4	1	4	5	2	13	4	9	1	5	1	10	1		2	2	11	
113	9	7	16	17	臺北市	松山區	松山區民生東路5段與民生東路5段36巷口	25.0583347	121.5568067	0	0	1	2	8	5	5	3	1	1	5	4	5	13	2	1	3	4	5	2	17	4	1	1	3	2	4	1		1	3	4	
113	9	7	16	39	臺北市	北投區	北投區中央北路4段414號120號停車格	25.1291838	121.4706928	0	0	1	2	7	5	5	14	9	1	5	4	5	13	4	4	5	5	5	2	17	4	1	1	3	2	8	1		1	3	4	
113	9	7	17	11	臺北市	內湖區	內湖區成功路5段P0727柱	25.0828759	121.6049383	0	0	1	2	8	6	5	14	8	1	5	4	5	13	4	4	1	4	4	2	17	1	9	1	6	2	10	1		2	2	11	
113	9	7	17	22	臺北市	中山區	中山區中原街與新生北路2段149巷口	25.0620117	121.5289414	0	0	1	2	7	7	5	4	1	1	5	4	5	13	4	4	9	4	5	2	15	1	15	1	7	1	8	1		1	3	1	
113	9	7	18	5	臺北市	內湖區	內湖區康寧路3段75巷137號	25.07554098	121.6102338	0	0	1	2	8	5	5	14	9	1	5	4	5	13	4	4	5	5	5	2	12	1	11	1	7	1	8	1		1	3	8	
113	9	7	18	9	臺北市	士林區	士林區百齡橋往士林	25.08703522	121.5184372	0	0	2	2	7	5	5	14	11	1	5	4	5	13	4	4	1	1	1	1	13	1	9	1	5	1	10	1		2	2	11	
113	9	7	19	20	臺北市	士林區	士林區堤外便道與環河北路3段口	25.07988	121.5077133	0	0	1	2	8	5	5	14	23	1	5	4	5	13	4	4	9	4	5	1	10	1	9	8	2	1	20	1		1	3	11	
113	9	7	19	22	臺北市	大安區	大安區基隆路2段與和平東路3段口	25.0246875	121.5528286	0	0	1	2	6	5	5	5	1	1	4	4	5	13	1	1	3	4	5	2	17	4	15	7	3	11	19	2		1	4	15	
113	9	7	20	10	臺北市	中正區	中正區水源快速道路與師大路口	25.0202677	121.522812	0	0	1	2	6	5	5	5	1	1	4	4	5	13	1	1	1	3	5	2	17	4	5	1	5	2	10	1		1	2	11	
113	9	7	20	25	臺北市	內湖區	內湖區康樂街72巷與康樂街口	25.069477	121.6186684	0	0	1	2	8	5	5	4	1	1	5	3	5	13	1	1	5	5	5	2	18	1	5	1	6	2	10	1		3	2	14	
113	9	7	20	33	臺北市	中正區	中正區南海路與和平西路2段口口	25.0306768	121.5091215	0	0	2	2	6	5	5	4	1	1	4	4	5	13	1	1	1	4	5	2	16	1	11	8	2	1	20	1		1	2	14	
113	9	7	20	55	臺北市	信義區	信義區中坡南路與中坡南路98巷口	25.0422537	121.5843132	0	0	2	3	7	5	5	3	1	1	5	4	5	13	3	1	9	4	4	2	12	1	11	1	7	1	8	1		2	3	4	
113	9	7	21	30	臺北市	信義區	信義區嘉興街127巷與信安街口	25.028688	121.5582539	0	0	2	3	7	5	5	3	1	1	5	4	5	13	2	1	9	4	5	2	17	1	5	1	5	1	10	1		2	2	14	
113	9	7	21	30	臺北市	內湖區	內湖區東湖路160巷與五分街口	25.0683135	121.6154356	0	0	1	2	8	5	5	5	1	1	5	4	5	13	3	1	10	5	5	2	16	1	5	1	7	2	8	1		1	3	5	
113	9	7	21	30	臺北市	萬華區	萬華區環河南路2段與桂林路口	25.0388068	121.4960847	0	0	1	2	6	5	5	4	1	1	4	4	5	13	1	1	1	3	5	2	13	1	11	1	7	1	8	1		1	3	6	
113	9	7	21	48	臺北市	大安區	大安區仁愛路4段與敦化南路1段口	25.0386757	121.5485605	0	0	2	2	7	5	5	5	1	1	5	4	5	13	2	1	1	3	5	1	12	1	4	6	5	1	10	1		1	2	11	
113	9	7	21	50	臺北市	北投區	北投區崇仁路1段與崇仁路1段34巷口	25.1273551	121.5013537	0	0	2	2	8	5	5	3	2	1	5	4	5	13	4	4	9	4	5	1	11	1	5	1	5	1	10	1		2	2	14	
113	9	7	22	2	臺北市	南港區	南港區市民大道8段與南港路2段41巷口	25.0526685	121.6030415	0	0	2	2	7	5	5	4	1	1	4	4	4	13	2	1	3	4	5	2	13	1	9	1	6	1	10	1		1	2	11	
113	9	8	0	3	臺北市	信義區	信義區松山路與松德路口	25.0395814	121.5779138	0	0	1	2	8	5	5	4	1	1	5	4	5	13	1	1	1	3	5	2	16	4	5	1	3	2	8	1		1	3	2	
113	9	8	0	49	臺北市	大安區	大安區和平東路3段與和平東路3段632巷口	25.0130826	121.5632674	0	0	1	2	8	5	5	5	2	1	5	4	5	13	3	1	8	3	5	2	13	4	9	1	3	1	10	1		2	2	14	
113	9	8	3	5	臺北市	信義區	信義區信義路5段111號	25.0333156	121.5739315	0	0	1	3	7	5	5	14	9	1	5	4	5	13	4	4	9	4	5	2	18	1	9	1	7	2	8	1		1	2	8	
113	9	8	4	50	臺北市	中山區	中山區長春路258巷6號	25.0540187	121.5390468	0	0	1	2	8	5	5	14	9	1	5	4	3	13	4	4	10	5	5	2	29	1	9	3	6	7	18	1		1	2	12	
113	9	8	6	42	臺北市	萬華區	萬華區西園路2段320巷36弄與西園路2段320巷口	25.0274353	121.4910159	0	0	1	2	8	6	5	4	1	1	5	4	5	13	4	4	10	5	5	2	17	1	9	1	7	1	8	1		1	3	5	12
113	9	8	7	15	臺北市	信義區	信義區福德街232巷4號	25.0464515	121.5865333	0	0	1	2	8	7	5	14	9	1	5	4	5	13	4	4	10	5	5	2	9	4	1	1	3	2	8	1		1	3	8	
113	9	8	7	42	臺北市	南港區	南港區玉成街166巷22弄與中坡南路31巷口	25.0438277	121.5837834	0	0	2	2	8	7	8	4	1	1	5	4	5	13	4	4	10	5	5	2	15	4	9	6	3	9	18	2		1	2	11	
113	9	8	7	48	臺北市	大同區	大同區鄭州路137號	25.0503318	121.5099444	0	0	2	2	8	5	5	14	9	1	5	4	5	13	4	4	1	4	5	2	17	4	7	1	3	2	10	1		1	2	13	
113	9	8	8	17	臺北市	大同區	大同區重慶北路2段180號	25.06003527	121.5134827	0	0	1	2	7	6	5	14	9	1	5	4	5	13	4	4	1	4	5	2	17	1	15	1	7	2	8	1		1	2	1	
113	9	8	9	38	臺北市	南港區	南港區玉成街243號	25.0428102	121.5859123	0	0	1	2	8	6	5	14	9	1	5	4	5	13	4	4	9	5	5	2	17	1	1	8	4	1	20	1		2	2	11	
113	9	8	10	29	臺北市	中正區	中正區汀州路2段與金門街口	25.0222811	121.5238826	0	0	1	3	8	6	5	4	1	1	5	4	5	13	1	1	5	4	5	2	16	1	5	1	7	2	8	1		1	3	5	
113	9	8	11	0	臺北市	中山區	中山區明水路與樂群一路口	25.07796722	121.5509362	0	0	1	2	7	7	5	3	1	1	5	4	5	13	1	1	1	4	5	2	17	1	5	1	7	2	8	1		1	3	4	
113	9	8	11	9	臺北市	大同區	大同區重慶北路3段與民族西路221巷口	25.0694762	121.513677	0	0	1	2	6	6	5	3	2	1	4	4	5	13	4	4	1	4	5	2	17	1	7	1	7	1	8	1		2	2	8	
113	9	8	11	12	臺北市	中正區	中正區中華路2段165-2號前	25.03073577	121.504178	1	0	0	2	8	6	5	14	9	1	5	4	5	13	4	4	4	5	5	1	3	1	9	1	7	2	8	1		1	3	1	
113	9	8	11	42	臺北市	信義區	信義區虎林街120巷與忠孝東路5段345巷口	25.0421691	121.5740737	0	0	2	2	8	5	5	4	2	1	5	4	5	13	4	4	10	5	5	2	17	1	9	1	5	1	10	1		1	2	11	
113	9	8	11	50	臺北市	中山區	中山區吉林路與德惠街口	25.0664209	121.5304295	0	0	1	3	8	7	5	4	1	1	5	4	5	13	2	1	5	2	5	2	17	1	5	1	5	1	10	1		1	3	14	
113	9	8	12	13	臺北市	信義區	信義區和平東路3段463巷與和平東路3段口口	25.0186046	121.5590927	0	0	1	2	8	6	8	3	2	1	5	4	5	13	3	1	5	4	4	2	18	1	6	1	6	1	10	1		1	2	12	
113	9	8	12	58	臺北市	內湖區	內湖區內湖路2段103巷與文德路101巷口	25.07979395	121.5827741	0	0	1	2	8	6	5	4	1	1	5	4	5	13	2	1	5	4	5	2	17	1	5	1	7	1	8	1		1	3	17	
113	9	8	14	10	臺北市	中山區	中山區長安東路2段與吉林路口	25.0485432	121.5300636	0	0	2	2	8	7	5	4	1	1	5	4	5	13	1	1	9	4	5	2	17	1	5	1	5	2	10	1		2	2	12	
113	9	8	14	39	臺北市	士林區	士林區福國路與德行西路94巷口	25.1018542	121.521731	0	0	1	2	8	5	5	3	4	1	5	4	5	13	2	1	1	2	5	2	12	1	7	1	6	2	10	1		1	2	13	
113	9	8	14	57	臺北市	大同區	大同區寧夏路9號	25.0545513	121.5148665	0	0	1	2	8	6	5	14	9	4	5	4	5	13	4	4	10	5	5	2	17	1	9	8	2	1	20	1		1	3	11	
113	9	8	14	58	臺北市	松山區	松山區塔悠路與撫遠街389巷口	25.0652601	121.5680827	0	0	1	2	8	5	5	4	1	1	5	4	5	13	2	1	3	4	5	2	17	4	5	1	3	2	8	1		1	3	5	
113	9	8	16	10	臺北市	中山區	中山區民權東路2段與吉林路口	25.06251351	121.5300896	0	0	1	2	8	7	5	4	1	1	5	4	3	13	2	1	1	4	5	2	13	4	9	1	5	1	10	1		2	2	11	
113	9	8	16	30	臺北市	信義區	信義區忠孝東路4段508號	25.0411445	121.562401	0	0	1	3	8	7	5	14	9	1	5	4	5	13	4	4	3	4	5	2	12	4	8	1	3	1	8	1		1	3	5	
113	9	8	17	5	臺北市	松山區	松山區北寧路66號	25.0508041	121.5527358	0	0	1	2	7	6	5	14	9	1	5	4	5	13	4	4	5	4	4	2	17	1	9	8	4	11	20	1		1	2	11	
113	9	8	17	8	臺北市	信義區	信義區永吉路與松信路口	25.0455205	121.5721355	0	0	1	2	8	7	5	14	9	1	5	4	5	13	1	1	9	4	5	2	12	4	9	1	3	2	8	1		1	3	2	
113	9	8	17	25	臺北市	中正區	中正區羅斯福路4段與羅斯福路4段196巷口	25.01641203	121.5274417	0	0	1	2	8	6	5	3	1	1	5	4	5	13	4	4	1	4	5	1	12	1	7	1	7	1	8	1		1	3	7	
113	9	8	17	25	臺北市	南港區	南港區南港路2段138號與南港路2段口	25.0534057	121.6011972	0	0	2	6	6	6	5	3	1	1	4	4	5	13	4	4	5	5	4	2	16	1	5	1	5	2	10	1		1	2	12	
113	9	8	17	30	臺北市	中山區	中山區林森北路487號旁無名巷	25.06123889	121.5268028	0	0	2	2	8	7	5	14	9	1	5	4	5	13	4	4	10	5	5	2	10	1	9	1	5	2	10	1		1	2	11	
113	9	8	18	0	臺北市	內湖區	內湖區內湖路2段160號	25.0801286	121.5836584	0	0	2	4	8	5	5	14	9	1	5	4	5	13	4	4	9	5	5	2	17	1	11	1	7	2	8	1		1	3	8	
113	9	8	18	3	臺北市	中山區	中山區林森北路與新生北路2段62巷口	25.0562405	121.5254862	0	0	1	2	8	5	5	4	1	1	5	4	5	13	1	1	5	5	5	2	16	1	11	1	7	1	8	1		1	3	4	
113	9	8	18	17	臺北市	萬華區	萬華區東園街66巷與東園街66巷7弄口	25.0257572	121.4960823	0	0	1	2	8	5	5	3	2	1	5	4	5	13	4	4	10	5	5	2	17	4	9	1	3	1	8	1		2	3	11	
113	9	8	18	24	臺北市	松山區	松山區民權東路3段與民權東路3段153巷口	25.0621623	121.5467205	0	0	1	3	8	5	5	4	1	1	5	4	5	13	2	1	3	4	5	2	17	4	9	1	6	1	10	1		1	3	17	
113	9	8	18	30	臺北市	信義區	信義區福德街與林口街口	25.0363502	121.5789272	0	0	1	2	7	5	5	4	1	1	5	4	5	13	1	1	1	4	5	1	23	1	9	1	6	1	10	1		1	2	11	
113	9	8	18	30	臺北市	內湖區	內湖區內湖路1段298號	25.0795493	121.5775525	0	0	2	2	6	5	5	3	1	1	4	4	5	13	1	1	1	4	4	2	16	1	11	1	6	2	10	1		2	2	12	
113	9	8	19	39	臺北市	內湖區	內湖區金龍路與內湖路3段18巷口	25.0847097	121.5939638	0	0	1	6	8	5	5	3	1	1	5	4	5	13	4	4	8	5	5	1	17	1	11	1	5	2	10	1		1	3	12	
113	9	8	20	0	臺北市	內湖區	內湖區文德路214號旁	25.07923227	121.5834586	0	0	1	3	8	5	5	14	8	1	5	4	5	13	4	4	1	4	4	2	9	1	14	1	7	2	2	1		1	3	17	
113	9	8	21	21	臺北市	士林區	士林區承德路5段與通河東街2段口	25.0963568	121.5137213	0	0	4	4	8	5	5	14	11	1	5	4	5	13	1	1	10	3	4	1	13	1	9	1	5	1	10	1		1	2	11	
113	9	8	21	37	臺北市	中山區	中山區農安街15號	25.0650984	121.5239734	0	0	1	2	7	5	5	14	9	1	5	4	5	13	4	4	9	5	5	2	16	4	11	1	3	1	8	1		1	3	6	
113	9	8	22	30	臺北市	南港區	南港區忠孝東路6段436號	25.0502945	121.5935924	0	0	1	2	8	5	5	14	9	1	5	4	5	13	4	4	1	3	5	2	11	4	10	1	3	1	8	1		1	3	4	
113	9	8	22	37	臺北市	中正區	中正區汀州路3段281號	25.012116	121.5357073	0	0	1	3	7	5	5	14	9	1	5	4	5	13	4	4	9	5	5	2	13	4	9	1	5	1	10	1		1	2	11	
113	9	8	22	57	臺北市	大同區	大同區安西街與涼州街口	25.0605557	121.5099211	0	0	1	2	8	6	5	4	1	1	5	4	5	13	4	4	10	3	5	1	15	1	9	3	6	1	18	1		1	2	12	
113	9	8	23	29	臺北市	信義區	信義區莊敬路與莊敬路391巷口	25.0274965	121.5654839	0	0	1	2	8	7	5	4	1	1	5	4	5	13	1	1	5	5	4	2	16	1	5	1	5	2	10	1		1	3	13	