年	月	日	時	分	縣市	行政區	allLocation	GoogleLat	GoogleLng	死	2-30	受傷	當事人數	天候	道路照明設備	道路類別	道路型態	事故位置	路面狀況1	路面狀況2	路面狀況3	道路障礙1	道路障礙2	號誌1	號誌2	車道劃分-分向	車道劃分-分道1	車道劃分-分道2	車道劃分-分道3	事故類型及型態	行動電話	當事者行動狀態	駕駛資格情形	保護裝置	飲酒情形	駕駛執照種類	個人肇逃否	肇因碼-主要	性別	受傷程度	車輛撞擊部位1	車輛撞擊部位2
113	9	9	0	6	臺北市	文山區	文山區新光路1段與秀明路2段口	24.9916965	121.5737119	0	0	1	2	8	5	5	4	1	1	5	4	5	13	2	1	10	5	5	2	16	1	5	1	7	2	4	1		1	3	2	
113	9	9	1	5	臺北市	內湖區	內湖區民權東路6段296巷68號	25.0702763	121.6088993	0	0	1	2	8	5	5	4	1	1	5	4	5	13	4	4	10	5	5	2	15	1	9	1	7	2	4	1		1	3	2	
113	9	9	5	43	臺北市	士林區	士林區福國路與文林路口	25.10188276	121.5219065	0	0	2	3	8	6	5	5	2	1	5	4	5	13	1	1	10	4	5	1	17	1	5	1	7	2	8	1		1	3	2	
113	9	9	6	33	臺北市	信義區	信義區信義路5段與松仁路口口	25.032698	121.5681625	0	0	1	2	8	5	8	4	1	1	5	4	5	13	1	1	1	4	5	2	18	1	6	1	6	9	10	1		3	2	11	
113	9	9	7	10	臺北市	萬華區	萬華區長順街與長順街107巷口	25.03213489	121.4893522	0	0	2	2	8	5	8	4	1	1	5	4	5	13	4	4	10	5	5	2	17	4	15	8	3	1	20	1		1	2	14	
113	9	9	7	12	臺北市	大同區	大同區承德路3段223號	25.0701166	121.5184627	0	0	1	2	8	6	5	14	9	1	5	4	5	13	4	4	1	2	5	2	17	4	11	1	7	1	8	1		1	3	7	
113	9	9	7	21	臺北市	信義區	信義區市民大道6段288號	25.0488998	121.5781075	0	0	2	2	8	6	5	14	9	1	5	4	5	13	4	4	9	4	5	2	3	5	18	8	4	1	20	1		1	2	16	
113	9	9	7	21	臺北市	內湖區	內湖區康樂街131號	25.0722266	121.6193616	0	0	2	3	8	5	5	14	9	1	5	4	5	12	4	4	9	4	5	1	17	1	1	1	7	1	8	1		1	3	8	
113	9	9	7	40	臺北市	大同區	大同區迪化街2段296巷與迪化街2段口	25.0713177	121.5118528	0	0	1	2	8	6	5	4	1	1	5	4	5	13	4	4	10	5	5	2	15	1	9	1	7	2	8	1		1	3	2	
113	9	9	7	45	臺北市	中正區	中正區和平西路1段90號前	25.0265689	121.5183739	0	0	3	4	8	6	5	14	8	1	5	4	5	13	4	4	2	4	4	1	17	1	8	1	7	1	8	1		1	3	17	
113	9	9	7	52	臺北市	南港區	南港區忠孝東路6段482號	25.0505628	121.5949908	0	0	1	2	8	6	5	14	9	1	5	4	5	13	2	1	3	4	5	2	16	1	1	1	6	1	10	1		1	2	14	
113	9	9	7	54	臺北市	信義區	信義區基隆路汽機車混合地下道往北	25.0354227	121.5610598	0	0	4	5	8	6	8	22	22	1	5	4	5	13	4	4	5	4	5	2	29	1	9	1	6	2	10	1		1	2	11	
113	9	9	8	24	臺北市	信義區	信義區基隆路1段180號	25.0422035	121.5649385	0	0	3	3	8	6	5	14	9	1	5	4	5	13	4	4	1	4	5	2	13	1	9	1	7	1	8	1		1	2	1	
113	9	9	8	27	臺北市	信義區	信義區信義路5段(象山站3號出口)	25.032892	121.5706334	0	0	1	2	7	5	5	14	9	1	5	4	5	13	4	4	5	5	5	2	12	1	8	1	7	2	8	1		1	3	2	
113	9	9	8	29	臺北市	信義區	信義區市民大道5段38號	25.0461036	121.5604148	0	0	1	3	8	6	5	14	9	1	5	4	5	13	4	4	1	4	5	2	12	1	10	1	5	1	10	1		1	3	11	
113	9	9	8	30	臺北市	中山區	中山區長安東路2段與長安東路2段153巷口	25.0483826	121.5390763	0	0	4	4	8	7	5	3	1	1	5	4	5	13	2	1	5	4	5	2	16	4	5	1	3	1	8	1		1	2	6	
113	9	9	8	36	臺北市	士林區	士林區仰德大道2段與仰德大道2段134巷口	25.10960767	121.5472971	0	0	1	2	8	6	5	3	2	1	5	4	5	13	2	1	9	2	5	1	13	1	9	1	5	1	10	1		1	3	11	
113	9	9	8	37	臺北市	信義區	信義區基隆路2段與基隆路2段79巷口口	25.0298752	121.557756	0	0	1	2	8	5	8	22	22	1	5	4	5	13	1	1	1	4	5	2	17	1	6	1	7	1	4	1		1	3	5	
113	9	9	8	42	臺北市	大安區	大安區辛亥路2段145號	25.0217447	121.5386086	0	0	2	3	8	7	5	14	9	1	5	4	5	13	1	1	1	3	5	1	13	1	9	1	7	1	8	1		2	2	1	
113	9	9	8	48	臺北市	大同區	大同區承德路3段與民族西路口	25.0684624	121.5191138	0	0	1	2	8	6	5	4	1	1	5	4	5	13	2	1	1	4	5	2	17	4	8	1	5	1	10	1		1	3	12	
113	9	9	9	12	臺北市	內湖區	內湖區金豐街18號	25.06574423	121.5868521	0	0	1	2	8	6	5	14	9	1	5	4	5	13	4	4	9	5	5	2	17	1	9	1	7	2	8	1		1	3	2	
113	9	9	9	15	臺北市	中正區	中正區杭州南路1段與銅山街口	25.0401744	121.5257828	0	0	1	2	8	7	5	4	1	1	5	4	5	13	1	1	10	4	5	2	17	1	6	1	5	2	10	1		1	3	13	
113	9	9	9	28	臺北市	中山區	中山區中山北路1段與南京東路1段口	25.0522213	121.5226408	0	0	3	3	8	5	5	4	2	1	5	4	5	13	1	1	1	4	1	2	16	1	7	1	6	1	10	1		2	2	14	
113	9	9	9	29	臺北市	士林區	士林區承德路5段與士商路口	25.09605815	121.5142263	0	0	2	3	8	6	5	5	1	1	5	4	5	13	2	1	1	4	5	1	17	1	6	1	7	2	8	1		2	3	2	
113	9	9	9	52	臺北市	大安區	大安區市民大道3段與安東街40巷口	25.0444334	121.540647	0	0	1	2	8	6	5	3	1	1	5	4	5	13	4	4	1	4	5	2	16	1	6	1	7	1	4	1		1	3	5	
113	9	9	9	58	臺北市	內湖區	內湖區民權東路6段11巷與瑞湖街口	25.0675403	121.5768223	0	0	2	2	8	5	5	4	18	1	5	4	5	13	2	1	5	4	5	1	3	1	5	6	5	1	18	1		1	2	11	
113	9	9	9	58	臺北市	文山區	文山區木柵路1段277號	24.9880586	121.5536413	0	0	1	2	8	6	5	14	9	2	5	4	5	13	4	4	5	4	5	2	17	4	1	1	3	2	8	1		1	3	8	
113	9	9	10	55	臺北市	士林區	士林區大東路與福德路口	25.0920578	121.5253923	0	0	2	2	8	5	8	4	1	1	5	4	5	13	2	1	5	5	5	2	16	4	5	1	3	1	10	1		2	2	11	
113	9	9	10	57	臺北市	南港區	南港區三重路與新民街口	25.0562702	121.6140106	0	0	1	2	8	6	5	3	19	1	5	4	5	13	2	1	5	4	5	2	3	1	5	1	7	1	8	1		1	3	8	
113	9	9	10	59	臺北市	中正區	中正區永福橋與水源路口匝道	25.0117311	121.5282702	0	0	1	2	8	7	5	3	2	1	5	4	5	13	4	4	5	5	5	2	17	1	7	3	6	11	18	2		2	3	17	
113	9	9	11	3	臺北市	大安區	大安區市民大道4段68巷與市民大道4段口	25.0449153	121.5472099	0	0	1	2	8	7	5	3	2	1	5	4	5	13	4	4	8	3	5	1	12	1	6	1	5	1	10	1		1	3	12	
113	9	9	11	40	臺北市	中正區	中正區博愛路與開封街1段口	25.0459976	121.5112078	0	0	1	2	8	6	5	4	1	1	5	4	5	13	1	1	10	4	5	2	3	1	5	1	7	2	8	1		1	3	8	
113	9	9	11	40	臺北市	文山區	文山區木柵路4段139號	24.9979535	121.5742368	0	0	1	2	8	6	5	14	9	1	5	4	5	13	4	4	5	4	5	2	9	1	14	1	7	9	2	1		1	3	17	
113	9	9	11	54	臺北市	文山區	文山區木新路2段與木新路2段79巷口	24.9851195	121.5703847	0	0	1	2	8	6	5	3	2	1	5	4	5	13	4	4	5	4	5	2	16	1	5	1	7	1	8	1		1	3	1	
113	9	9	12	30	臺北市	中正區	中正區延平南路與愛國西路口	25.0365989	121.5078954	0	0	1	2	8	6	5	5	1	1	5	4	5	13	2	1	1	3	4	1	16	1	6	1	7	1	8	1		2	3	2	
113	9	9	12	40	臺北市	中山區	中山區北安路與北安路821巷口	25.08469938	121.5565616	0	0	2	2	8	7	5	4	2	1	5	4	5	13	2	1	1	4	5	2	13	4	9	1	6	1	10	1		2	2	11	
113	9	9	12	48	臺北市	萬華區	萬華區內江街98號	25.04152325	121.5038363	0	0	1	3	8	7	5	14	9	1	5	4	5	13	4	4	10	4	5	2	17	1	8	3	6	1	18	1		2	3	17	
113	9	9	12	53	臺北市	士林區	士林區前港街與後港街口	25.08473445	121.522601	0	0	2	2	8	7	5	4	1	1	5	4	5	13	4	4	10	5	5	2	17	1	9	1	5	1	10	1		1	2	11	
113	9	9	12	57	臺北市	大安區	大安區金山南路2段與金華街口	25.0303181	121.5265238	0	0	1	2	8	6	5	4	1	1	5	4	5	13	2	1	10	5	5	2	16	4	1	1	3	1	8	1		2	3	8	
113	9	9	13	40	臺北市	內湖區	內湖區陽光街與瑞湖街口	25.0728526	121.5760565	0	0	1	2	8	5	5	4	1	1	5	4	5	13	1	1	5	5	5	1	16	1	11	1	7	1	4	1		1	3	2	
113	9	9	13	45	臺北市	士林區	士林區中正路與延平北路6段口	25.0869678	121.5095466	0	0	2	3	8	6	5	4	2	1	5	4	5	13	2	1	1	4	5	2	12	1	9	1	7	1	4	1		1	3	2	
113	9	9	13	47	臺北市	萬華區	萬華區萬大路與萬大路329巷口口	25.0244233	121.5001158	0	0	1	2	8	6	5	4	1	1	5	4	5	13	1	1	1	3	5	1	17	4	5	1	3	1	10	1		2	2	13	
113	9	9	13	50	臺北市	大同區	大同區民權西路與民權西路144巷口口	25.0628725	121.5160008	0	0	1	3	8	6	5	4	1	1	5	4	5	13	2	1	1	4	5	2	17	1	8	1	7	9	4	2		1	3	17	
113	9	9	14	17	臺北市	中山區	中山區民族東路70號	25.0683404	121.5262693	0	0	1	2	8	5	5	14	9	1	5	4	5	13	4	4	5	4	5	2	13	4	9	1	3	2	11	1		2	2	11	
113	9	9	14	21	臺北市	內湖區	內湖區民權大橋東向西上橋處	25.0663404	121.5783913	0	0	2	3	8	6	5	8	11	1	5	4	5	13	4	4	9	4	5	2	13	1	9	1	6	1	10	1		1	2	11	
113	9	9	14	29	臺北市	中山區	中山區林森北路與新生北路2段68巷口	25.05669893	121.5255105	0	0	1	2	8	7	5	3	1	1	5	4	5	13	4	4	4	5	5	1	17	1	5	1	7	1	4	1		1	3	5	
113	9	9	14	31	臺北市	大安區	大安區基隆路2段與敦化南路2段口	25.0212181	121.5488786	0	0	1	2	8	7	5	3	2	1	5	4	5	13	2	1	1	4	4	1	17	1	9	1	6	1	10	1		1	2	11	
113	9	9	14	41	臺北市	文山區	文山區羅斯福路5段195號前	25.0025583	121.5388328	0	0	1	2	8	6	5	14	9	1	5	4	3	13	4	4	1	4	5	2	17	1	12	1	6	1	10	1		1	3	13	
113	9	9	14	51	臺北市	文山區	文山區木柵路3段48巷1弄與興隆路4段109巷口	24.98799585	121.5644992	0	0	2	2	7	6	5	3	2	2	5	4	5	13	4	4	10	5	5	2	17	4	5	1	3	1	8	1		2	2	2	
113	9	9	15	8	臺北市	文山區	文山區木新路3段與興隆路4段口	24.9821769	121.5625441	0	0	2	4	8	5	5	3	1	1	5	4	5	13	2	1	10	5	4	2	16	1	5	3	5	2	18	1		2	2	11	
113	9	9	15	17	臺北市	文山區	文山區下崙路與下崙路11巷口	24.9865783	121.5600635	0	0	1	2	8	5	5	3	2	1	5	4	5	13	4	4	10	5	5	1	17	1	5	1	5	1	10	1		1	2	12	
113	9	9	15	40	臺北市	松山區	松山區南京東路4段與北寧路口	25.0514673	121.5527295	0	0	1	2	8	5	5	4	1	1	5	4	5	13	2	1	3	4	5	2	9	5	16	8	4	10	20	1		1	2	16	
113	9	9	15	46	臺北市	南港區	南港區園區街20號	25.0590508	121.6133397	0	0	1	2	8	6	5	14	9	1	5	4	5	13	4	4	9	4	5	2	13	1	9	1	7	1	8	1		1	3	8	
113	9	9	16	31	臺北市	內湖區	內湖區民權東路6段90巷與民權東路6段口	25.06895569	121.5859918	0	0	1	3	8	7	5	3	1	1	5	4	5	13	2	1	1	4	5	2	13	1	9	1	5	2	10	1		1	2	11	
113	9	9	16	34	臺北市	內湖區	內湖區內湖路1段411巷與環山路2段53巷5弄口	25.0847051	121.5726915	0	0	1	2	8	6	5	3	1	1	5	4	5	13	4	4	9	4	5	2	16	1	5	1	7	2	8	1		2	3	1	
113	9	9	17	0	臺北市	北投區	北投區東陽街與東華街1段口	25.1122256	121.5172233	0	0	1	2	8	6	5	14	9	1	5	4	5	13	4	4	5	5	5	2	12	1	9	1	7	1	8	1		1	3	2	
113	9	9	17	41	臺北市	士林區	士林區基河路與劍潭路口	25.08413982	121.5248248	0	0	1	2	8	6	5	4	2	1	5	4	5	13	2	1	1	4	5	1	3	1	5	1	7	11	2	2		1	3	8	
113	9	9	17	45	臺北市	大同區	大同區鄭州路與西寧北路口	25.05058917	121.5082604	0	0	1	2	8	6	5	5	1	1	5	4	5	13	4	4	1	5	5	2	16	1	9	1	7	2	8	1		2	3	2	
113	9	9	17	59	臺北市	內湖區	內湖區東湖路與康樂街口汐湖橋	25.0677818	121.6175998	0	0	1	2	8	6	5	4	2	1	5	4	5	13	1	1	5	5	5	2	13	1	9	1	5	1	10	1		2	2	11	
113	9	9	18	16	臺北市	中山區	中山區建國北路3段77號陽光加油站	25.0652743	121.5367449	0	0	1	2	8	5	5	14	9	1	5	3	5	13	4	4	1	4	5	2	17	1	7	1	6	1	10	1		2	2	14	
113	9	9	18	28	臺北市	中正區	中正區汀州路2段與師大路口	25.0211896	121.5251661	0	0	1	2	8	5	5	4	2	1	5	4	5	13	1	1	1	5	5	2	12	1	7	1	5	2	10	1		2	2	14	
113	9	9	18	36	臺北市	中山區	中山區中山北路4段往北(近北安路)	25.07545088	121.5270636	0	0	2	2	7	5	5	14	11	1	5	4	5	13	4	4	6	4	5	2	13	4	9	1	3	1	10	1		2	2	11	
113	9	9	19	15	臺北市	中山區	中山區敬業三路11號	25.08342522	121.5562156	0	0	1	2	8	5	5	14	20	1	5	4	5	13	4	4	10	5	5	2	17	1	1	7	3	11	19	2		4	3	17	
113	9	9	19	20	臺北市	松山區	松山區塔悠路53號	25.0508917	121.5710628	0	0	2	4	7	5	5	14	9	1	5	4	5	13	4	4	1	4	5	2	12	4	8	1	3	2	8	1		1	3	4	
113	9	9	22	15	臺北市	中正區	中正區同安街58號	25.023567	121.5212586	0	0	1	2	8	5	5	14	9	1	5	4	5	13	4	4	10	5	5	2	17	1	14	1	7	9	8	1		1	3	8	
113	9	9	22	16	臺北市	大同區	大同區重慶北路3段2號	25.06437	121.5135506	0	0	2	3	8	6	5	14	9	1	5	4	5	13	4	4	1	4	5	2	13	4	15	7	3	9	19	2		1	4	17	
113	9	9	22	28	臺北市	信義區	信義區忠孝東路5段293號	25.0410509	121.5721732	0	0	1	2	7	5	5	14	9	1	5	4	5	13	4	4	1	4	5	1	9	1	9	1	7	2	4	1		1	3	10	
113	9	9	22	34	臺北市	中山區	中山區天津街與中山北路1段33巷口	25.0486191	121.5225819	0	0	1	2	7	5	5	4	1	1	5	4	5	13	4	4	9	5	5	2	15	4	9	1	3	1	4	1		1	3	5	
113	9	9	22	40	臺北市	士林區	士林區中山北路5段505巷與中山北路5段口	25.0937867	121.5278982	0	0	1	2	7	5	5	4	1	1	5	4	5	13	1	1	1	4	5	2	17	1	5	1	7	2	8	1		1	3	1	
113	9	10	1	0	臺北市	士林區	士林區重慶北路4段與葫東街口	25.0840099	121.5119331	0	0	1	2	7	5	5	4	1	1	5	4	5	13	1	1	1	4	5	2	17	1	11	1	6	2	10	1		1	2	13	
113	9	10	6	47	臺北市	中山區	中山區民權東路1段70巷與民權東路1段口	25.0625923	121.5249565	0	0	2	2	7	6	5	14	9	1	5	4	5	13	4	4	1	4	5	2	12	1	8	1	6	1	10	1		1	2	12	
113	9	10	7	13	臺北市	大安區	大安區和平東路3段416巷	25.0181706	121.5589059	0	0	1	2	7	5	5	14	9	1	5	4	5	13	4	4	1	4	5	1	17	1	15	1	5	1	10	1		1	2	11	
113	9	10	7	57	臺北市	中正區	中正區青島東路與林森南路口	25.0436022	121.5229622	0	0	1	2	8	5	5	4	2	1	5	4	5	13	1	1	9	4	4	2	13	1	5	1	6	1	10	1		2	3	13	
113	9	10	8	20	臺北市	大安區	大安區和平東路1段183巷與青田街7巷口	25.0281179	121.5330176	0	0	1	2	8	6	5	4	1	1	5	4	5	13	4	4	10	5	5	1	15	1	9	1	6	1	10	1		1	2	12	
113	9	10	8	40	臺北市	北投區	北投區石牌路1段39巷135弄1號	25.1181233	121.5099512	0	0	1	2	7	6	5	14	9	1	4	4	5	13	4	4	10	5	5	2	1	1	9	1	7	9	8	1		1	3	1	
113	9	10	9	10	臺北市	南港區	南港區忠孝東路7段與忠孝東路7段265巷口	25.0518567	121.6040879	0	0	1	2	8	6	5	3	2	1	5	4	5	13	2	1	1	4	5	2	13	4	9	1	3	2	8	1		2	3	1	
113	9	10	9	44	臺北市	內湖區	內湖區文湖街99號	25.08645519	121.5648464	0	0	2	4	8	5	5	14	9	1	5	4	5	13	4	4	9	5	5	1	3	1	9	1	6	1	10	1		2	2	11	
113	9	10	10	5	臺北市	大安區	大安區杭州南路2段7號與杭州南路2段9巷口	25.0344489	121.5238442	0	0	1	3	6	7	5	3	2	1	4	4	3	13	4	4	8	3	5	1	17	1	6	1	5	1	10	1		1	3	14	
113	9	10	10	10	臺北市	士林區	士林區延平北路5段242號	25.0844901	121.5098909	0	0	1	2	8	5	5	14	9	1	5	4	5	13	4	4	9	4	5	1	17	1	7	1	6	1	10	1		2	2	14	
113	9	10	10	11	臺北市	大安區	大安區敦化南路1段161巷與忠孝東路4段205巷口	25.0434831	121.5519378	0	0	1	2	8	5	5	4	1	1	5	4	5	13	4	4	10	4	5	2	15	1	9	1	5	1	10	1		1	2	11	
113	9	10	10	12	臺北市	大安區	大安區建國南路2段與辛亥路2段口	25.022412	121.5382085	0	0	1	2	8	6	5	14	7	1	5	4	5	13	4	4	1	4	4	2	12	1	7	1	6	1	10	1		2	2	13	
113	9	10	10	14	臺北市	內湖區	內湖區新明路與新明路262巷口	25.0565075	121.5833346	0	0	1	2	8	7	5	3	1	1	5	4	5	13	4	4	4	5	5	1	17	1	5	1	7	1	8	1		1	3	5	
113	9	10	10	50	臺北市	北投區	北投區崗山路與崗山路5巷口	25.1402975	121.4867984	0	0	1	2	8	5	5	4	1	1	5	4	5	13	4	4	10	5	5	2	15	1	9	1	7	1	8	1		2	3	8	
113	9	10	11	6	臺北市	中山區	中山區濱江街180巷與濱江街口	25.07241063	121.5385106	0	0	1	2	8	7	5	3	1	1	5	4	5	13	2	1	7	2	5	2	17	1	1	1	7	1	8	1		1	3	17	
113	9	10	11	16	臺北市	松山區	松山區南京東路5段118號	25.0513594	121.5624063	0	0	1	2	8	6	6	14	9	1	5	4	5	13	4	4	1	4	5	1	13	1	9	1	5	1	10	1		1	2	11	
113	9	10	11	34	臺北市	大安區	大安區麗水街與永康街10巷口	25.0321412	121.5289387	0	0	1	2	7	6	5	4	2	1	5	4	5	13	4	4	5	5	5	2	12	4	15	8	3	11	20	2		2	4	15	
113	9	10	11	39	臺北市	大安區	大安區仁愛路3段160號	25.0377937	121.5427662	0	0	1	4	8	6	6	14	9	1	5	4	5	13	4	4	1	4	5	1	13	1	9	1	5	1	10	1		2	2	11	
113	9	10	11	43	臺北市	文山區	文山區景豐街31巷與景豐街37巷7弄口口	25.0000039	121.5454864	0	0	1	2	8	6	5	4	1	1	5	4	5	13	4	4	10	5	5	2	15	1	9	1	7	1	3	1		1	3	4	
113	9	10	11	45	臺北市	士林區	士林區中山北路5段與至誠路2段口	25.10094593	121.5264862	0	0	1	2	8	7	5	4	1	1	5	4	5	13	3	1	5	5	5	2	17	1	5	1	7	1	8	1		1	3	6	
113	9	10	11	48	臺北市	內湖區	內湖區文湖街與環山路1段口	25.0863947	121.5654657	0	0	1	2	8	6	5	3	1	1	5	4	5	13	1	1	5	5	5	2	12	1	6	1	7	1	8	1		2	3	5	
113	9	10	11	53	臺北市	信義區	信義區信安街67巷平面停車場入口	25.025904	121.5593597	0	0	1	2	8	6	5	14	9	1	5	4	5	13	4	4	9	3	4	2	16	4	6	1	3	2	8	1		1	3	2	12
113	9	10	11	55	臺北市	信義區	信義區信義路5段與基隆路2段口	25.0330287	121.5597435	0	0	1	2	8	6	5	4	2	1	5	4	5	13	1	1	1	5	5	2	17	4	7	1	3	1	10	1		1	2	14	
113	9	10	12	45	臺北市	萬華區	萬華區萬大路277巷與萬大路237巷10弄口口	25.0250492	121.5010473	0	0	2	2	8	6	5	4	1	1	5	4	5	13	4	4	10	5	5	1	15	4	9	1	3	1	10	1		2	2	13	
113	9	10	12	46	臺北市	內湖區	內湖區文德路66巷53弄與文德路66巷口	25.0770997	121.5818059	0	0	1	2	8	7	5	4	1	1	5	4	5	13	1	1	4	4	5	1	17	1	5	8	2	1	20	1		2	2	12	
113	9	10	13	14	臺北市	內湖區	內湖區內湖路1段與內湖路1段91巷口	25.08453123	121.5612478	0	0	2	3	8	5	5	4	2	1	5	4	5	13	2	1	1	4	5	2	12	1	12	1	5	2	10	1		1	2	12	
113	9	10	13	15	臺北市	士林區	士林區天母西路與天母西路41巷口	25.11843162	121.5272363	0	0	1	2	8	7	5	4	1	1	5	4	5	13	1	1	5	5	5	2	17	1	11	1	7	1	4	1		1	3	1	
113	9	10	13	17	臺北市	松山區	松山區市民大道4段與敦化南路1段口口	25.0449536	121.5491579	0	0	1	2	8	7	5	4	1	1	5	4	5	13	2	1	1	4	5	2	16	1	6	1	7	1	8	1		1	3	2	
113	9	10	13	25	臺北市	中正區	中正區詔安街與詔安街32巷口口	25.024964	121.5156972	0	0	1	2	8	6	5	3	1	1	5	4	5	13	4	4	10	5	5	1	17	1	6	6	6	1	10	1		1	3	11	
113	9	10	13	43	臺北市	松山區	松山區民生東路5段與三民路口	25.0584301	121.5633969	0	0	1	2	8	5	5	4	2	1	5	4	5	13	2	1	3	4	5	2	17	4	15	1	3	2	4	1		1	3	6	
113	9	10	13	50	臺北市	中正區	中正區貴陽街1段(北一女前)	25.03875281	121.5130488	0	0	1	2	8	6	5	14	9	1	5	4	5	13	4	4	5	4	5	2	13	1	7	1	2	2	8	1		1	3	7	
113	9	10	14	0	臺北市	大安區	大安區師大路108號	25.0223238	121.5283409	0	0	2	2	8	6	5	14	9	1	5	4	5	13	4	4	5	2	5	2	3	5	16	8	4	10	20	1		2	2	16	
113	9	10	14	5	臺北市	大安區	大安區新生南路3段與辛亥路2段口公車站前	25.0213556	121.5342954	0	0	1	2	8	7	5	14	7	1	5	4	5	13	4	4	1	4	4	1	17	1	7	1	6	1	10	1		2	2	14	
113	9	10	14	12	臺北市	中山區	中山區吉林路與吉林路144巷口	25.0560641	121.5301601	0	0	1	2	8	6	5	4	1	1	5	4	5	13	1	1	5	4	4	2	17	1	5	1	5	11	10	1		2	3	17	
113	9	10	14	39	臺北市	大同區	大同區重慶北路3段與重慶北路3段236巷口口	25.0707069	121.513673	0	0	6	6	8	6	5	4	2	1	5	4	5	13	2	1	1	4	5	2	13	1	9	1	7	2	4	1		1	2	1	1
113	9	10	14	46	臺北市	信義區	信義區松山路350號	25.0411533	121.577771	0	0	1	2	8	6	5	14	9	1	5	4	5	13	1	1	3	3	5	2	13	1	9	1	3	1	8	1		1	3	1	
113	9	10	14	50	臺北市	信義區	信義區崇德街與崇德街口	25.0243105	121.5539504	0	0	1	2	8	7	5	4	1	1	5	4	5	13	4	4	9	5	5	2	16	4	5	1	3	1	8	1		2	3	8	
113	9	10	15	0	臺北市	信義區	信義區信義路4段與基隆路2段口	25.0329849	121.5592308	0	0	2	2	8	6	8	4	2	1	5	4	5	13	2	1	3	4	5	2	17	1	9	1	6	1	10	1		2	2	11	
113	9	10	15	29	臺北市	信義區	信義區忠孝東路5段236巷與忠孝東路5段236巷10弄口	25.0399637	121.5718641	0	0	2	2	8	7	5	14	9	1	5	4	5	13	1	1	9	4	5	2	12	4	1	8	4	1	20	1		2	2	11	
113	9	10	16	0	臺北市	士林區	士林區福華路與文林路口	25.10110434	121.5222112	0	0	1	2	8	6	5	4	1	1	5	4	5	13	1	1	5	5	5	2	14	4	2	1	3	2	8	1		1	3	3	
113	9	10	16	6	臺北市	中山區	中山區民權東路3段東往西，榮星花園旁	25.0624375	121.5399998	0	0	2	4	8	6	5	14	9	1	5	4	5	13	4	4	1	4	5	2	13	4	9	1	3	2	8	1		1	2	1	
113	9	10	16	7	臺北市	中山區	中山區大直街70號	25.08355794	121.5462999	0	0	1	2	7	5	5	14	9	1	5	4	5	13	4	4	5	5	5	2	17	4	13	1	3	11	10	2		4	2	12	
113	9	10	16	16	臺北市	信義區	信義區文昌街與嘉興街口	25.032172	121.5583961	0	0	1	2	8	7	5	5	1	1	5	4	5	13	4	4	10	5	5	2	9	1	9	1	7	2	2	1		1	3	1	
113	9	10	16	24	臺北市	萬華區	萬華區環河南路1段與貴陽街2段口	25.04028	121.4978542	0	0	1	2	8	5	8	22	22	1	5	4	5	13	4	4	10	5	5	2	17	4	15	6	3	1	18	1		1	3	11	
113	9	10	16	28	臺北市	士林區	士林區文林路615巷與福國路口	25.1001225	121.5181389	0	0	2	2	8	6	5	3	2	1	5	4	1	13	4	4	10	5	5	1	10	1	1	1	5	1	10	1		1	2	14	
113	9	10	16	29	臺北市	中山區	中山區樂群一路與基湖路口	25.07622619	121.5629683	0	0	1	2	7	7	5	3	2	1	5	4	5	13	1	1	1	3	5	1	17	1	5	1	5	1	10	1		1	2	14	
113	9	10	16	41	臺北市	萬華區	萬華區華江橋機車道往板橋方向(編號0904454燈桿前)	25.0386304	121.4954791	0	0	1	3	8	6	5	14	11	1	5	4	3	10	4	4	10	5	5	1	17	1	15	1	5	1	10	1		1	3	17	
113	9	10	16	45	臺北市	內湖區	內湖區碧山路(往內湖)	25.0910244	121.5893898	0	0	2	3	8	5	5	14	9	1	5	4	5	13	4	4	9	5	5	2	12	1	12	1	6	2	10	1		1	2	11	
113	9	10	16	46	臺北市	大安區	大安區安和路2段與安和路2段71巷口	25.030346	121.5524361	0	0	3	3	8	5	5	3	1	1	5	4	5	13	4	4	1	4	5	2	16	4	9	8	3	1	20	1		2	2	11	
113	9	10	16	48	臺北市	中山區	中山區民生東路2段159巷與建國北路2段116巷口	25.0588123	121.5360363	0	0	1	3	7	5	5	4	2	1	5	4	5	13	4	4	10	5	5	2	15	4	9	1	3	1	8	1		2	3	1	
113	9	10	16	51	臺北市	內湖區	內湖區瑞光路26巷36弄與瑞光路26巷口	25.0689554	121.5828556	0	0	1	2	8	6	5	3	1	1	5	4	5	13	4	4	9	4	5	2	16	1	5	1	7	2	8	1		2	3	1	
113	9	10	17	4	臺北市	中山區	中山區樂群二路與敬業三路162巷口	25.0798669	121.559642	0	0	1	2	8	5	5	3	1	1	5	4	5	13	1	1	1	4	5	2	16	4	5	1	3	1	8	1		1	3	6	
113	9	10	17	9	臺北市	大同區	大同區太原路與南京西路口	25.0536328	121.5161747	0	0	1	2	8	6	5	4	1	1	5	4	5	13	1	1	1	4	4	2	17	1	9	1	6	2	9	1		1	2	12	
113	9	10	18	6	臺北市	中山區	中山區民族西路13號	25.0685349	121.5221922	0	0	1	2	8	5	5	14	9	1	5	4	5	13	4	4	5	4	5	2	17	4	9	1	3	1	8	1		1	3	17	
113	9	10	18	8	臺北市	大安區	大安區仁愛路3段與復興南路1段口	25.0385189	121.5433031	0	0	1	2	7	5	5	4	2	1	5	4	5	13	2	1	1	4	5	2	13	4	10	3	3	1	18	1		1	3	13	