年	月	日	時	分	縣市	行政區	allLocation	GoogleLat	GoogleLng	死	2-30	受傷	當事人數	天候	道路照明設備	道路類別	道路型態	事故位置	路面狀況1	路面狀況2	路面狀況3	道路障礙1	道路障礙2	號誌1	號誌2	車道劃分-分向	車道劃分-分道1	車道劃分-分道2	車道劃分-分道3	事故類型及型態	行動電話	當事者行動狀態	駕駛資格情形	保護裝置	飲酒情形	駕駛執照種類	個人肇逃否	肇因碼-主要	性別	受傷程度	車輛撞擊部位1	車輛撞擊部位2
113	9	14	4	10	臺北市	松山區	松山區市民大道4段與八德路2段366巷口	25.0451858	121.5454567	0	0	1	3	7	5	5	4	2	1	4	4	5	13	2	1	1	5	5	2	13	1	12	1	6	2	10	1		1	2	13	
113	9	14	5	21	臺北市	松山區	松山區市民大道5段191號	25.04844117	121.5660436	0	0	1	2	8	5	5	14	9	1	4	4	5	13	2	1	1	5	5	2	13	4	9	3	3	7	18	1		1	3	1	
113	9	14	6	55	臺北市	文山區	文山區辛亥路4段與萬美街2段口	25.0059611	121.5579286	0	0	1	2	8	6	5	3	2	1	5	4	5	13	2	1	1	4	5	2	13	1	9	1	5	2	10	1		1	2	11	
113	9	14	7	32	臺北市	北投區	北投區公館路228巷與公館路334巷口	25.1246431	121.5047575	0	0	1	2	8	6	5	4	1	1	5	4	5	13	4	4	10	5	5	2	15	1	9	1	7	2	8	1		2	3	1	
113	9	14	7	50	臺北市	中正區	中正區廣州街與廣州街8巷口	25.0356179	121.5082934	0	0	1	2	8	7	5	4	1	1	5	4	5	8	3	1	5	4	5	2	16	1	5	1	7	1	8	1		1	3	4	
113	9	14	9	46	臺北市	松山區	松山區健康路409號	25.0545385	121.5693357	0	0	1	2	6	6	8	22	22	1	4	4	5	13	4	4	1	4	4	2	6	5	18	8	4	10	20	1		1	2	16	
113	9	14	9	51	臺北市	大安區	大安區復興南路2段78巷與復興南路2段口	25.0310895	121.5434849	0	0	1	2	6	7	5	4	2	1	4	4	5	13	2	1	8	3	5	1	17	1	5	1	7	1	8	1		1	3	2	
113	9	14	9	51	臺北市	松山區	松山區敦化北路與南京東路3段口	25.0516671	121.5487334	0	0	1	2	6	6	5	4	1	1	4	4	5	13	2	1	1	3	4	2	15	1	9	1	6	1	10	1		2	3	12	
113	9	14	10	4	臺北市	文山區	文山區辛亥路4段87號對面	25.0071549	121.5585634	0	0	1	2	6	6	5	14	9	1	4	4	5	13	4	4	1	4	5	2	17	1	9	1	6	2	10	1		1	2	14	
113	9	14	10	23	臺北市	文山區	文山區木柵路1段與木柵路1段76巷口	24.9875221	121.5502911	0	0	1	2	6	5	5	3	1	1	4	4	5	13	1	1	5	4	5	2	12	1	8	1	7	1	4	1		2	3	6	
113	9	14	10	24	臺北市	大安區	大安區敦化南路2段63巷21弄與安和路2段32巷口口	25.031751	121.5502252	0	0	1	2	7	7	5	3	2	1	4	4	5	13	4	4	10	5	5	1	17	1	6	1	6	1	10	1		1	2	17	
113	9	14	10	39	臺北市	萬華區	萬華區桂林路244巷與環河南路2段130巷口	25.0367431	121.4941399	0	0	3	3	8	6	5	4	1	1	5	4	5	13	4	4	10	5	5	2	15	1	9	1	6	1	10	1		1	2	11	
113	9	14	10	49	臺北市	中正區	中正區重慶南路1段43號	25.0450493	121.5132901	0	0	2	2	8	5	5	14	9	1	4	4	5	13	1	1	7	4	5	1	17	1	12	1	5	1	10	1		1	2	11	
113	9	14	10	49	臺北市	松山區	松山區市民大道6段東往西0204130燈桿	25.0495253	121.577212	0	0	1	2	6	6	5	14	9	1	4	4	5	13	4	4	10	4	5	2	17	1	15	8	6	2	20	1		2	2	16	
113	9	14	11	40	臺北市	內湖區	內湖區民權東路6段135巷11弄與民權東路6段135巷口	25.06967525	121.5941392	0	0	1	2	6	6	5	4	1	1	4	4	5	13	4	4	10	5	5	2	15	1	9	1	7	2	8	1		1	3	1	
113	9	14	11	58	臺北市	大安區	大安區基隆路2段136號	25.0285817	121.556794	0	0	1	3	6	6	5	14	9	1	4	4	5	13	4	4	8	3	5	2	12	4	15	1	3	1	8	1		1	3	7	
113	9	14	12	30	臺北市	信義區	信義區松信路與松隆路口	25.046942	121.5722612	0	0	1	2	6	6	5	4	2	1	4	4	5	13	2	1	1	4	1	2	3	1	5	1	7	1	8	1		1	3	1	
113	9	14	12	38	臺北市	文山區	文山區政大二街與政大三街口	24.9865783	121.5840733	0	0	1	2	7	6	5	4	1	1	5	4	5	13	4	4	10	5	5	2	15	1	9	1	5	1	10	1		2	2	12	
113	9	14	12	50	臺北市	中正區	中正區牯嶺街與和平西路1段口	25.0264251	121.519157	0	0	1	2	6	7	5	4	2	1	4	4	5	13	1	1	1	4	4	2	17	1	6	1	7	1	8	1		2	3	5	
113	9	14	13	7	臺北市	內湖區	內湖區康寧路3段與康寧路3段75巷口	25.0715708	121.6093455	0	0	1	2	8	6	5	5	1	1	5	4	5	13	1	1	1	3	5	1	11	1	11	1	7	2	8	1		1	3	2	
113	9	14	13	17	臺北市	信義區	信義區忠孝東路4段547號	25.0413358	121.5624489	0	0	1	2	8	7	8	14	9	1	4	4	5	13	4	4	1	4	5	2	17	4	9	1	3	1	10	1		1	2	12	
113	9	14	13	31	臺北市	大同區	大同區鄭州路與承德路1段口	25.0486985	121.5164266	0	0	2	3	7	6	5	5	1	1	4	4	5	13	2	1	8	3	5	1	16	4	11	1	3	1	8	1		1	3	4	
113	9	14	13	40	臺北市	內湖區	內湖區成功路3段61號旁	25.0765444	121.5896716	0	0	1	2	6	6	5	14	9	1	4	4	5	13	4	4	1	5	5	2	12	1	8	1	6	2	10	1		1	3	12	
113	9	14	14	0	臺北市	中正區	中正區仁愛路2段與新生南路1段口	25.0385092	121.5326422	0	0	1	2	7	5	5	4	2	1	4	4	5	13	1	1	1	4	1	1	13	1	9	1	5	2	10	1		1	2	11	
113	9	14	14	21	臺北市	南港區	南港區市民大道7段與玉成街口	25.0489634	121.5811628	0	0	1	2	6	6	5	14	9	1	4	4	5	13	4	4	10	3	5	2	17	4	9	1	3	2	10	1		2	2	12	
113	9	14	14	23	臺北市	士林區	士林區社中街250巷與社中街210巷21弄口	25.0922553	121.507896	0	0	2	3	7	7	5	4	1	1	5	4	5	13	4	4	10	1	5	1	15	1	9	1	5	1	8	1		1	2	14	
113	9	14	14	27	臺北市	大同區	大同區鄭州路與環河北路1段口	25.0508288	121.5069616	0	0	1	2	6	5	5	5	2	1	4	4	5	13	2	1	1	4	5	2	17	4	6	1	3	1	8	1		1	3	5	
113	9	14	14	34	臺北市	中正區	中正區中華路1段與秀山街口	25.0429648	121.5087501	0	0	1	2	6	5	5	3	2	1	4	4	5	13	4	4	1	4	5	2	17	1	6	1	7	2	8	1		1	3	5	
113	9	14	15	8	臺北市	松山區	松山區八德路4段與八德路4段36巷口	25.0483283	121.5591128	0	0	1	2	6	6	5	3	1	1	4	4	5	13	4	4	5	4	5	2	16	4	9	1	3	11	4	1		1	3	1	
113	9	14	15	25	臺北市	中山區	中山區北安路與大直街口	25.07995295	121.547331	0	0	1	2	8	5	5	5	1	1	5	4	5	13	1	1	1	4	5	2	12	1	1	1	6	1	10	1		2	2	14	
113	9	14	15	45	臺北市	內湖區	內湖區康樂街與康樂街72巷口	25.069375	121.6190576	0	0	2	4	7	6	5	4	2	1	4	4	5	13	2	1	9	4	5	2	2	1	6	3	7	2	18	1		2	2	1	
113	9	14	15	46	臺北市	信義區	信義區忠孝東路5段625號	25.0416786	121.5793173	0	0	1	2	6	6	5	14	9	1	4	4	5	13	4	4	9	4	5	2	29	1	9	1	5	1	10	1		1	2	14	
113	9	14	15	50	臺北市	大同區	大同區民生西路423巷與民生西路423巷27弄口口	25.0576465	121.5086772	0	0	1	2	8	6	5	3	1	1	4	4	5	13	4	4	10	5	5	2	17	1	5	1	7	1	10	1		2	3	2	
113	9	14	15	55	臺北市	南港區	南港區舊莊街1段與舊莊街1段3巷口	25.0419123	121.6175898	0	0	1	2	8	7	5	3	1	1	5	4	5	13	4	4	5	4	5	2	16	1	6	1	7	1	8	1		1	3	2	
113	9	14	15	57	臺北市	北投區	北投區大度路3段與關渡路口	25.1227687	121.4695321	0	0	1	2	8	5	5	3	2	1	5	4	5	13	1	1	3	4	5	2	17	1	6	1	7	1	8	2		2	3	15	
113	9	14	16	5	臺北市	萬華區	萬華區長順街131號	25.0331048	121.489203	0	0	1	2	6	7	5	14	9	1	4	4	5	13	4	4	9	5	5	2	12	1	1	1	7	1	8	1		1	3	8	
113	9	14	16	8	臺北市	文山區	文山區試院路與試院路144巷口	24.9899924	121.5472949	0	0	1	2	6	6	5	3	2	1	4	4	5	13	4	4	10	5	5	2	2	4	21	7	3	11	19	2		2	4	15	
113	9	14	16	11	臺北市	大安區	大安區和平東路1段129號	25.0267802	121.529291	0	0	1	2	8	6	5	14	8	1	5	4	5	13	4	4	1	5	4	2	17	4	8	1	3	11	8	1		1	3	17	
113	9	14	16	38	臺北市	士林區	士林區中山北路5段與文林路口	25.085916	121.525648	0	0	1	2	6	6	7	3	2	1	4	4	5	13	1	1	10	4	5	1	17	1	7	1	7	1	8	1		2	3	7	
113	9	14	16	49	臺北市	中山區	中山區吉林路144巷與吉林路口	25.0561267	121.5300457	0	0	1	2	8	6	5	4	1	1	5	4	5	13	1	1	5	4	4	2	17	1	9	1	6	1	10	1		1	2	17	
113	9	14	17	22	臺北市	中正區	中正區重慶南路1段136巷與博愛路口	25.03644963	121.5108603	0	0	1	2	8	6	5	3	1	1	5	4	5	13	4	4	10	5	5	2	16	1	5	6	7	2	18	1		1	3	4	
113	9	14	17	55	臺北市	大同區	大同區延平北路3段與延平北路3段18巷口口	25.0640364	121.5110893	0	0	1	2	6	5	5	3	1	1	4	4	5	13	4	4	5	5	5	2	16	1	5	7	3	11	19	2		1	4	12	
113	9	14	18	0	臺北市	內湖區	內湖區港墘路與港華街口	25.08212676	121.5783959	0	0	1	2	6	5	5	4	2	1	4	4	5	13	1	1	5	5	5	2	17	1	9	1	5	1	10	1		1	2	11	
113	9	14	18	19	臺北市	內湖區	內湖區民權東路6段與民權東路6段56巷口	25.0686994	121.5843856	0	0	1	2	6	5	5	4	1	1	4	4	5	13	1	1	1	5	5	2	16	1	5	1	7	2	8	1		1	3	2	
113	9	14	18	27	臺北市	信義區	信義區松信路38號	25.0481267	121.5721481	0	0	1	2	6	5	5	14	8	1	4	4	5	13	4	4	9	4	4	2	17	1	9	1	5	1	10	1		1	3	17	
113	9	14	18	35	臺北市	文山區	文山區光輝路9-1號	24.98864569	121.5500965	0	0	1	2	7	5	5	14	9	1	4	4	5	13	4	4	9	5	5	1	17	1	11	1	7	1	8	1		2	3	8	
113	9	14	18	45	臺北市	信義區	信義區基隆路1段147號	25.05005218	121.5579109	0	0	2	2	6	5	5	14	9	1	4	4	5	13	4	4	1	4	5	2	17	1	15	1	6	1	10	1		1	2	17	
113	9	14	18	58	臺北市	中山區	中山區民族東路與松江路口	25.06829121	121.5335017	0	0	1	3	6	5	6	4	1	1	4	4	5	13	2	1	9	4	5	2	17	1	9	1	7	1	8	1		1	3	17	
113	9	14	19	0	臺北市	中正區	中正區博愛路131號與重慶南路1段136巷口	25.03676705	121.5108656	0	0	1	2	6	5	5	3	2	1	4	4	5	13	4	4	8	5	5	2	17	1	9	1	7	1	8	1		1	3	1	1
113	9	14	19	3	臺北市	中山區	中山區民權西路26號	25.06271447	121.5215864	0	0	2	2	6	5	5	14	9	1	4	4	5	13	4	4	1	4	5	2	17	4	9	1	6	1	10	1		1	2	11	
113	9	14	19	30	臺北市	大安區	大安區和平東路1段與師大路口	25.0265625	121.5282737	0	0	2	2	6	5	5	3	4	1	4	4	5	13	1	1	1	4	5	1	13	1	9	1	6	1	10	1		1	2	11	
113	9	14	19	33	臺北市	北投區	北投區石牌路2段與石牌路2段343巷口	25.12314167	121.5248838	0	0	2	2	6	5	5	14	9	1	4	4	5	13	4	4	9	4	5	2	9	1	9	1	5	1	10	1		2	2	11	
113	9	14	19	50	臺北市	中山區	中山區中山北路3段161號	25.07341985	121.5243899	0	0	1	2	7	5	5	14	9	1	4	4	5	13	4	4	10	5	5	2	10	1	9	8	4	1	20	1		1	3	17	
113	9	14	19	55	臺北市	士林區	士林區天母西路37號	25.1184602	121.5275956	0	0	1	3	8	5	5	14	9	1	5	4	5	13	4	4	4	5	5	1	17	1	15	1	2	1	8	1		1	3	4	
113	9	14	20	22	臺北市	信義區	信義區松智路與松智路9巷口	25.0379156	121.5655518	0	0	1	2	6	5	5	3	1	1	4	4	5	13	4	4	9	4	5	2	17	4	5	1	3	1	8	1		1	3	7	
113	9	14	20	30	臺北市	北投區	北投區承德路6段與福國路口	25.1017591	121.5121783	0	0	1	3	8	5	5	4	2	1	5	4	5	13	2	1	1	4	5	2	13	1	9	1	7	1	8	1		1	3	1	
113	9	14	20	53	臺北市	內湖區	內湖區康寧路3段與康寧路3段165巷口	25.0704861	121.6113045	0	0	2	2	7	5	5	4	1	1	5	4	5	13	1	1	1	4	5	2	16	1	5	1	6	1	10	1		2	2	12	
113	9	14	20	58	臺北市	北投區	北投區大業路與三合街2段口	25.1257328	121.4986303	0	0	1	2	6	5	5	14	9	1	4	4	5	13	1	1	9	4	4	2	16	1	6	1	7	1	8	1		1	3	2	
113	9	14	21	0	臺北市	內湖區	內湖區瑞光路與瑞光路258巷口口	25.07574912	121.5760251	0	0	1	2	8	5	5	4	1	1	5	4	5	13	3	1	5	4	5	2	16	1	9	1	7	1	8	1		1	3	2	
113	9	14	21	36	臺北市	中山區	中山區復興北路與復興北路36巷口	25.04909442	121.5438804	0	0	1	2	7	5	5	3	1	1	4	4	5	13	4	4	1	4	5	2	16	1	9	8	4	1	20	1		2	2	17	
113	9	14	22	3	臺北市	中正區	中正區信義路2段與金山南路1段口	25.0342682	121.5273521	0	0	1	2	6	6	8	22	22	1	4	4	5	13	2	1	3	4	5	2	9	1	5	1	7	2	8	1		1	3	8	
113	9	14	23	41	臺北市	松山區	松山區八德路3段與八德路3段08巷口	25.0481724	121.5496306	0	0	1	2	7	5	5	3	1	1	5	4	5	13	4	4	5	4	5	2	13	1	9	1	7	1	8	1		2	3	5	
113	9	15	0	58	臺北市	內湖區	內湖區東湖路113巷與東湖路113巷3弄口	25.0690065	121.615321	0	0	2	2	8	5	5	3	1	1	5	4	5	13	4	4	10	5	5	2	17	1	5	1	5	1	10	1		2	2	14	
113	9	15	1	26	臺北市	大同區	大同區錦西街53巷18號	25.0606815	121.5158944	0	0	1	9	7	5	5	14	9	1	5	4	5	13	4	4	10	5	5	2	17	1	9	6	7	2	18	1		1	2	5	
113	9	15	1	45	臺北市	大安區	大安區基隆路2段與和平東路3段口	25.02405179	121.5521417	0	0	1	2	7	5	5	3	1	1	5	4	5	13	1	1	1	3	4	1	13	1	6	1	7	1	8	1		1	3	7	
113	9	15	4	22	臺北市	南港區	南港區松河街與成美橋口下	25.0528203	121.5828134	0	0	1	4	7	5	5	14	9	1	5	4	5	13	4	4	5	5	5	2	11	1	9	1	7	2	8	1		1	2	1	
113	9	15	5	5	臺北市	萬華區	萬華區桂林路與桂林路139巷口	25.0384989	121.4990781	0	0	1	2	7	5	5	4	1	1	5	4	5	13	2	1	5	4	4	2	17	1	9	8	4	2	20	1		1	2	11	
113	9	15	7	14	臺北市	內湖區	內湖區彩虹河濱公園網球場	25.06183741	121.5724246	0	0	1	3	8	5	5	14	9	1	5	4	5	13	4	4	9	4	5	2	11	1	14	1	7	1	4	1		1	3	4	
113	9	15	7	50	臺北市	文山區	文山區指南路3段燈桿指南二幹37B7426BA57	24.97268413	121.5959393	0	0	1	2	8	6	5	11	9	1	4	4	5	13	4	4	10	5	5	2	17	4	5	1	3	2	8	1		1	3	17	
113	9	15	9	47	臺北市	內湖區	內湖區環山路2段53巷1弄與環山路2段53巷口	25.084903	121.5740617	0	0	1	3	8	6	5	4	1	1	5	4	5	13	4	4	10	5	5	2	15	1	9	1	6	2	10	1		1	3	12	
113	9	15	10	7	臺北市	文山區	文山區新光路1段與道南橋口	24.9881094	121.5734848	0	0	1	3	8	7	5	3	1	1	5	4	5	13	1	1	5	5	5	2	13	1	15	1	7	1	4	1		1	3	1	
113	9	15	10	52	臺北市	中正區	中正區延平南路與開封街1段口	25.04600838	121.5107597	0	0	2	2	8	7	5	4	1	1	5	4	5	13	1	1	10	4	5	2	17	1	15	1	6	2	10	1		1	2	14	
113	9	15	11	3	臺北市	中正區	中正區市民大道1段168號	25.04825388	121.5188703	0	0	1	2	8	6	5	22	6	1	5	4	5	13	4	4	1	4	5	2	17	1	11	1	7	2	8	1		2	3	2	
113	9	15	11	12	臺北市	內湖區	內湖區康樂街61巷與康樂街111巷口	25.07067356	121.6198227	0	0	1	2	8	7	5	4	1	1	5	4	5	13	4	4	10	5	5	2	15	4	9	1	3	2	8	1		1	3	8	
113	9	15	11	36	臺北市	萬華區	長順街底水門口堤外便道北向南	25.0324007	121.4887295	0	0	2	3	8	7	5	4	1	1	5	4	5	13	1	1	4	3	5	2	12	1	1	1	6	1	10	1		1	2	14	
113	9	15	12	45	臺北市	中山區	中山區民權西路1號出口	25.0628189	121.5193117	0	0	1	2	8	5	5	14	9	1	5	4	5	13	4	4	1	4	4	2	12	4	9	1	3	9	10	1		1	4	15	
113	9	15	12	55	臺北市	萬華區	萬華區環河南路1段與峨眉街口	25.04490429	121.5014543	0	0	1	2	8	6	5	3	1	1	5	4	5	13	4	4	5	5	5	2	16	1	6	1	7	1	8	1		1	3	2	
113	9	15	13	13	臺北市	萬華區	萬華區艋舺大道與萬大路口	25.0328018	121.5005638	0	0	1	2	8	6	5	4	1	1	5	4	5	13	2	1	8	3	5	1	13	1	15	1	5	1	10	1		1	2	11	
113	9	15	13	29	臺北市	大同區	大同區鄭州路33號	25.0491452	121.5147173	0	0	1	2	8	6	5	14	9	1	5	4	5	13	4	4	1	5	5	2	17	4	9	1	7	1	8	1		1	3	2	
113	9	15	14	18	臺北市	中正區	中正區仁愛路2段38巷與杭州南路1段105巷口	25.037373	121.5272425	0	0	1	2	8	6	5	4	1	1	5	4	5	13	4	4	10	5	5	2	15	1	9	1	5	9	10	1		1	2	14	
113	9	15	14	20	臺北市	中正區	中正區博愛路93號	25.043194	121.511646	0	0	2	3	8	6	5	14	9	1	5	4	5	13	4	4	10	4	5	2	9	1	14	1	2	9	2	1		1	3	15	
113	9	15	14	55	臺北市	士林區	士林區忠義街與忠誠路1段173巷口口	25.1085874	121.5327319	0	0	1	2	8	7	5	4	1	1	5	4	5	13	3	1	5	5	5	2	16	1	5	1	7	1	8	1		1	3	8	
113	9	15	15	11	臺北市	文山區	文山區興隆路4段與興隆路4段213巷口口	24.9827087	121.5624009	0	0	1	2	8	6	5	4	1	1	5	4	5	13	2	1	10	5	5	2	17	1	11	1	7	1	8	1		1	3	2	
113	9	15	15	25	臺北市	萬華區	萬華區華江橋往新北機車道	25.0353375	121.4900216	0	0	2	2	8	7	5	14	12	1	5	4	5	13	4	4	5	3	5	2	12	1	9	1	5	1	10	1		1	2	14	
113	9	15	15	33	臺北市	中正區	中正區汀州路3段與汀州路3段230巷口	25.0115244	121.5359602	0	0	2	3	8	6	5	4	1	1	5	4	5	13	4	4	5	4	5	2	16	1	11	1	5	2	11	1		2	2	14	
113	9	15	15	35	臺北市	大同區	大同區安西街與延平北路2段272巷口	25.0620813	121.5097547	0	0	2	2	8	5	5	4	1	1	5	4	5	13	4	4	10	5	5	1	16	4	9	1	3	1	10	1		1	2	11	
113	9	15	15	37	臺北市	大同區	大同區環河北路2段199號（對面）	25.06906803	121.509131	0	0	1	2	8	6	5	14	9	1	5	4	5	13	4	4	1	4	5	2	17	1	9	1	5	1	9	1		1	2	11	
113	9	15	16	9	臺北市	內湖區	內湖區環山路2段53巷與環山路2段53巷6弄口	25.0848879	121.5735733	0	0	1	2	7	6	5	4	1	1	5	4	5	13	4	4	10	5	5	2	15	1	9	1	5	1	10	1		2	2	11	
113	9	15	16	20	臺北市	士林區	士林區福國路98號	25.10192519	121.5215345	0	0	1	2	8	5	8	22	22	1	5	4	5	13	2	1	1	5	5	1	17	1	5	1	5	1	10	1		2	2	14	
113	9	15	16	27	臺北市	大安區	大安區和平東路3段與臥龍街口	25.02457668	121.5466801	0	0	1	2	8	6	5	4	1	1	5	4	5	13	1	1	2	3	5	2	11	1	15	1	7	1	8	1		2	3	1	
113	9	15	16	28	臺北市	內湖區	內湖區堤外便道(安康幹第81號燈桿)	25.06524985	121.6131172	0	0	1	2	8	5	5	14	9	1	5	4	5	13	4	4	5	2	5	2	12	1	9	1	5	2	9	1		1	2	14	
113	9	15	16	40	臺北市	中正區	中正區懷寧街與貴陽街1段口	25.03874155	121.5137046	0	0	1	2	8	7	5	3	1	1	5	4	5	13	4	4	4	4	5	2	17	1	5	1	7	1	8	1		1	3	8	
113	9	15	16	50	臺北市	大安區	大安區辛亥路3段21巷停車場前	25.0224119	121.5458398	0	0	1	3	8	6	5	22	9	1	5	4	3	10	4	4	10	5	5	2	17	1	5	1	7	1	8	1		2	3	1	
113	9	15	17	19	臺北市	大安區	大安區和平東路2段與新生南路2段口	25.0260646	121.5353301	0	0	1	2	8	6	5	4	2	1	5	4	5	13	2	1	1	4	5	2	17	4	6	1	3	1	10	1		1	3	12	
113	9	15	17	19	臺北市	大安區	大安區和平東路3段636巷第124號燈桿	25.01182542	121.5619704	0	0	1	2	8	6	5	14	9	1	5	4	5	13	4	4	5	2	5	1	18	1	9	8	4	1	20	1		2	2	15	
113	9	15	17	37	臺北市	中正區	中正區貴陽街1段與桃源街口	25.0390467	121.5101544	0	0	2	3	8	5	5	4	1	1	5	4	5	13	1	1	9	4	5	1	17	1	5	1	7	2	4	1		1	3	1	
113	9	15	18	0	臺北市	士林區	士林區福國路與福華路口	25.10197518	121.5229284	0	0	1	3	8	7	5	4	1	1	5	4	5	13	2	1	5	5	5	1	17	1	5	1	5	1	10	1		1	3	11	
113	9	15	18	28	臺北市	中山區	中山區北安路759巷與北安路口	25.08578578	121.5525574	0	0	1	2	7	5	5	4	1	1	5	4	5	13	1	1	1	3	5	1	17	1	6	1	6	1	10	1		1	3	12	
113	9	15	18	33	臺北市	南港區	南港區忠孝東路7段與忠孝東路7段265巷口	25.0517862	121.6037391	0	0	2	3	8	5	6	4	1	1	5	4	5	13	2	1	1	3	4	2	13	4	9	1	3	1	10	1		1	2	11	
113	9	15	18	36	臺北市	松山區	松山區松河街216號	25.0516875	121.5778966	0	0	3	3	7	5	5	14	9	1	5	4	5	13	4	4	9	4	5	2	16	1	11	1	6	1	10	1		1	2	14	
113	9	15	18	50	臺北市	大安區	大安區市民大道4段與忠孝東路4段223巷口	25.044297	121.5531546	0	0	1	2	8	5	5	5	1	1	5	4	5	13	1	1	1	5	5	2	17	1	5	1	6	1	10	1		2	2	13	
113	9	15	19	15	臺北市	信義區	信義區松信路與市民大道6段口	25.0492885	121.5722182	0	0	1	2	7	5	5	4	2	1	5	4	5	13	1	1	9	4	5	2	16	1	7	1	3	2	10	1		2	2	14	
113	9	15	19	24	臺北市	信義區	信義區基隆路1段與基隆路1段101巷口口	25.045391	121.567162	0	0	1	2	8	5	5	3	1	1	5	4	5	13	4	4	1	4	5	2	17	1	6	1	7	1	4	1		1	3	6	
113	9	15	19	39	臺北市	萬華區	萬華區華江橋機車道(第001050號燈桿處)	25.0357935	121.4878987	0	0	2	2	7	5	5	14	11	1	5	4	5	13	4	4	3	4	5	2	17	1	9	1	6	1	10	1		1	2	11	12
113	9	15	19	43	臺北市	大同區	大同區延平北路4段與敦煌路口	25.0765752	121.5119998	0	0	2	2	8	5	5	4	2	1	5	4	5	13	2	1	5	5	5	2	17	4	5	1	3	2	8	1		1	2	2	
113	9	15	20	20	臺北市	士林區	士林區至善路3段與至善路3段370巷口	25.1285942	121.5866678	0	0	1	2	8	5	5	3	2	1	5	4	5	13	4	4	5	5	5	2	9	4	6	1	3	2	4	1		1	3	5	
113	9	15	20	51	臺北市	信義區	信義區和平東路3段與和平東路口圓環	25.024168	121.5529164	0	0	2	3	7	5	5	4	1	1	5	4	5	13	1	1	1	4	5	2	16	4	6	1	3	2	10	1		1	3	12	
113	9	15	20	53	臺北市	大安區	大安區光復南路456巷與光復南路口	25.0354324	121.5573497	0	0	1	2	8	5	5	4	2	1	5	4	5	13	1	1	5	5	5	2	17	1	11	1	5	1	10	1		1	3	11	
113	9	15	21	0	臺北市	中山區	中山區松江路與松江路313巷口	25.0619371	121.533329	0	0	2	3	7	5	5	14	9	1	5	4	5	13	4	4	1	4	5	2	13	4	8	1	7	2	2	1		1	3	5	
113	9	15	21	25	臺北市	萬華區	萬華區東園街與長泰街口	25.02224528	121.4982117	0	0	1	2	8	5	5	4	2	1	5	4	5	13	1	1	5	5	5	2	13	1	9	1	5	1	10	1		1	3	11	
113	9	15	21	44	臺北市	中山區	中山區建國南路1段與市民大道3段口	25.04538035	121.5368583	0	0	1	2	7	5	5	4	2	1	5	4	5	13	2	1	3	4	5	2	17	4	5	1	3	1	10	1		2	2	14	
113	9	15	22	10	臺北市	士林區	士林區中正路與重慶北路4段口	25.08670759	121.5098185	0	0	2	2	8	5	5	4	1	1	5	4	5	13	4	4	10	4	5	2	16	4	15	1	3	2	10	1		2	2	12	
113	9	16	3	48	臺北市	文山區	文山區辛亥路6段21巷與辛亥路6段口	24.9904641	121.5523275	0	0	1	2	7	5	5	11	9	1	5	4	5	13	4	4	1	4	5	1	13	1	9	1	6	2	10	1		1	2	11	
113	9	16	5	3	臺北市	萬華區	萬華區桂林路與西園路1段口	25.03842427	121.4997474	0	0	1	2	8	5	5	4	18	1	5	4	5	13	2	1	5	4	5	2	3	4	5	7	3	11	19	2		1	4	15	
113	9	16	7	5	臺北市	內湖區	內湖區環山路2段53巷1弄與環山路2段53巷口	25.0848872	121.5735716	0	0	1	2	8	6	5	4	1	1	5	4	5	13	4	4	10	5	5	2	17	1	9	1	6	1	10	1		2	2	11	
113	9	16	7	7	臺北市	萬華區	萬華區德昌街185巷12弄與德昌街235巷口	25.03419702	121.5076746	0	0	2	2	8	6	5	3	1	1	5	4	5	13	4	4	10	5	5	1	17	4	5	7	3	1	19	1		1	2	16	
113	9	16	7	35	臺北市	中山區	中山區北安路與大直街口	25.079954	121.5473494	0	0	1	2	8	6	5	14	9	1	5	4	5	13	2	1	8	3	5	1	17	1	9	1	7	1	8	1		1	3	5	
113	9	16	7	35	臺北市	士林區	士林區中山北路6段與中山北路6段405巷口	25.1153303	121.5278407	0	0	1	2	8	5	5	4	1	1	5	4	5	13	1	1	1	4	5	1	17	1	7	6	5	1	18	1		1	2	14	
113	9	16	7	38	臺北市	大安區	大安區信義路4段199巷與安和路1段112巷口	25.0338851	121.5516573	0	0	1	2	8	6	5	4	1	1	5	4	5	13	4	4	5	5	5	2	15	1	9	1	7	1	8	1		1	3	1	
113	9	16	7	40	臺北市	北投區	北投區新興路158巷與中央北路3段40巷20弄口	25.1392095	121.4859293	0	0	1	2	8	5	6	4	1	1	5	4	5	13	4	4	5	5	5	2	17	4	9	1	3	2	10	1		1	2	11	
113	9	16	8	6	臺北市	內湖區	內湖區堤頂大道2段407巷20弄1號	25.0809779	121.563311	0	0	2	3	8	6	5	14	9	1	5	4	5	13	4	4	9	5	5	2	16	1	8	3	5	1	18	1		1	2	12	
113	9	16	8	10	臺北市	大安區	大安區延吉街與延吉街口廢鐵道口	25.0437882	121.5538592	0	0	1	2	8	6	5	5	1	1	5	4	5	13	3	1	10	5	5	2	17	4	5	1	6	1	9	1		2	2	14	
113	9	16	8	36	臺北市	松山區	松山區敦化北路與民生東路3段口	25.0578047	121.5488	0	0	3	3	8	5	5	5	1	1	5	4	5	13	2	1	3	4	4	2	17	4	9	1	6	2	10	1		1	2	13	