年	月	日	時	分	縣市	行政區	allLocation	GoogleLat	GoogleLng	死	2-30	受傷	當事人數	天候	道路照明設備	道路類別	道路型態	事故位置	路面狀況1	路面狀況2	路面狀況3	道路障礙1	道路障礙2	號誌1	號誌2	車道劃分-分向	車道劃分-分道1	車道劃分-分道2	車道劃分-分道3	事故類型及型態	行動電話	當事者行動狀態	駕駛資格情形	保護裝置	飲酒情形	駕駛執照種類	個人肇逃否	肇因碼-主要	性別	受傷程度	車輛撞擊部位1	車輛撞擊部位2
113	9	16	8	41	臺北市	中正區	中正區濟南路2段16號	25.0410419	121.5277424	0	0	2	3	8	6	5	14	9	1	5	4	5	13	4	4	9	4	5	2	16	1	5	1	6	1	10	1		1	2	12	
113	9	16	8	52	臺北市	內湖區	內湖區基湖路3巷13號	25.0806821	121.5663017	0	0	1	3	8	5	5	14	9	1	5	4	5	13	4	4	9	4	5	2	13	1	9	1	5	1	10	1		1	2	11	
113	9	16	8	52	臺北市	南港區	南港區玉成街與玉成街140巷口	25.0451005	121.5832554	0	0	1	2	8	6	5	3	18	1	5	4	5	13	4	4	5	5	5	2	3	4	1	1	3	1	8	1		1	3	1	
113	9	16	9	0	臺北市	大同區	大同區長安西路與鄭州路143巷口口	25.0519907	121.5101097	0	0	1	2	8	6	5	3	1	1	5	4	5	13	4	4	10	5	5	2	16	1	6	3	5	2	18	1		1	2	11	
113	9	16	9	5	臺北市	大安區	大安區復興南路2段與復興南路2段193巷口	25.0265487	121.5435349	0	0	1	2	8	6	5	4	1	1	5	4	5	10	2	1	1	4	5	2	16	1	5	1	7	1	8	1		1	3	6	
113	9	16	9	10	臺北市	中山區	中山區建國北路3段75巷與五常街11巷口口	25.0652171	121.5375407	0	0	1	2	7	6	5	4	1	1	5	4	5	13	4	4	10	5	5	2	15	1	9	1	6	9	10	1		2	2	11	
113	9	16	9	30	臺北市	信義區	信義區福德街與林口街口	25.0365324	121.5791718	0	0	1	2	7	5	5	4	1	1	5	4	5	13	1	1	1	4	5	1	17	1	5	1	7	1	8	1		1	3	2	
113	9	16	9	31	臺北市	大同區	大同區忠孝西路2段與西寧北路口	25.0490409	121.5068348	0	0	1	2	8	6	5	4	1	1	5	4	5	13	2	1	1	4	5	2	17	4	9	1	7	1	4	1		1	3	8	
113	9	16	9	49	臺北市	中山區	中山區北安路47號	25.04847309	121.5183568	0	0	2	3	8	7	5	14	9	1	5	4	5	13	4	4	1	4	5	2	13	1	9	1	5	1	10	1		2	2	11	
113	9	16	10	15	臺北市	士林區	士林區忠誠路2段166巷29弄與天母東路8巷41弄口	25.11589728	121.5326904	0	0	1	2	8	7	5	4	1	1	5	4	5	13	4	4	10	5	5	2	15	1	9	1	7	1	8	1		2	3	1	
113	9	16	10	18	臺北市	大安區	大安區基隆路3段與辛亥路3段口	25.0188583	121.5465927	0	0	1	2	8	6	5	4	1	1	5	4	5	13	2	1	9	4	1	1	17	4	6	1	3	1	8	1		1	3	5	
113	9	16	10	25	臺北市	信義區	信義區林口街24巷25號	25.0378291	121.5805204	0	0	1	3	8	6	5	14	9	1	5	4	5	13	4	4	10	5	5	2	17	1	15	1	3	1	8	1		1	3	4	
113	9	16	10	30	臺北市	內湖區	(康寧路1段160號前)	25.0790905	121.5943741	0	0	1	2	8	6	5	3	1	1	5	4	5	13	4	4	5	5	5	2	17	1	11	1	6	1	10	1		2	2	11	
113	9	16	10	49	臺北市	大安區	大安區市民大道4段210號	25.04463148	121.5559857	0	0	1	2	8	5	5	14	9	1	5	4	5	13	4	4	1	4	5	2	16	4	7	1	3	1	4	1		1	3	4	
113	9	16	11	0	臺北市	中山區	中山區南京東路2段137號旁	25.05215132	121.5354823	0	0	2	3	8	6	5	14	20	1	5	4	5	13	4	4	10	5	5	2	13	4	1	1	3	1	8	1		1	3	5	
113	9	16	11	6	臺北市	中山區	中山區中山北路4段與北安路口	25.07653575	121.526987	0	0	1	2	8	7	5	18	9	1	5	4	5	13	1	1	10	5	5	2	17	1	5	1	5	1	10	1		2	3	13	
113	9	16	11	7	臺北市	士林區	士林區承德路5段與士商路口	25.0961173	121.5141216	0	0	1	2	8	5	5	4	1	1	5	4	5	13	2	1	3	4	3	2	17	1	6	1	7	1	8	1		1	3	17	
113	9	16	11	10	臺北市	松山區	松山區民權東路5段與三民路口	25.0627453	121.5630649	0	0	1	2	8	6	5	3	1	1	5	4	5	13	2	1	1	4	4	2	12	1	9	1	6	2	10	1		1	2	14	
113	9	16	11	42	臺北市	萬華區	萬華區長沙街2段與漢中街口	25.040711	121.5064136	0	0	1	2	8	5	8	22	18	1	5	4	5	13	1	1	10	5	5	2	3	4	5	7	3	11	19	2		1	4	15	
113	9	16	11	45	臺北市	北投區	北投區磺港路78號	25.131205	121.5035734	0	0	1	2	8	6	5	14	9	1	5	4	5	13	4	4	5	5	5	2	3	5	16	8	4	10	20	1		2	2	16	
113	9	16	12	11	臺北市	士林區	士林區社正路46號	25.0889019	121.5100082	0	0	1	2	7	6	5	14	9	1	4	4	5	13	4	4	9	4	5	1	16	4	1	1	3	2	10	1		2	2	12	
113	9	16	12	17	臺北市	文山區	文山區興隆路1段與興隆路2段口	24.9986655	121.5447726	0	0	1	2	8	6	5	4	2	1	5	4	5	13	2	1	1	2	5	2	13	1	9	1	7	1	1	1		1	3	1	
113	9	16	12	21	臺北市	大安區	大安區羅斯福路3段與辛亥路1段口	25.0196963	121.529491	0	0	1	2	8	6	5	4	1	1	5	4	5	13	2	1	9	4	5	1	16	4	6	1	3	11	4	2		1	4	5	
113	9	16	12	24	臺北市	中山區	中山區新生北路3段41號	25.06529288	121.5279812	0	0	2	2	8	7	5	14	9	1	5	4	5	13	4	4	10	4	5	2	13	1	9	1	6	1	10	1		2	2	11	
113	9	16	12	58	臺北市	萬華區	萬華區西寧南路與開封街2段口	25.0466021	121.5069873	0	0	1	2	8	7	5	4	1	1	5	4	5	13	2	1	9	5	5	2	17	1	5	1	7	1	8	1		1	3	2	
113	9	16	13	5	臺北市	北投區	北投區中央南路1段與大興街口	25.1308314	121.5011577	0	0	1	2	8	7	5	5	1	1	5	4	5	13	2	1	5	5	5	1	13	1	9	1	6	1	10	1		2	2	11	
113	9	16	13	14	臺北市	信義區	信義區信義路5段與松仁路口口	25.0327852	121.5681122	0	0	1	2	8	5	8	4	1	1	5	4	5	13	1	1	1	4	5	2	17	1	6	1	6	1	10	1		2	2	12	
113	9	16	13	31	臺北市	萬華區	萬華區中華路1段與南寧路口	25.0374524	121.506375	0	0	1	2	8	6	5	3	2	1	5	4	5	13	2	1	9	4	5	1	17	4	9	1	3	1	10	1		1	2	11	
113	9	16	13	51	臺北市	大安區	大安區仁愛路4段151巷與忠孝東路4段216巷32弄口	25.0399034	121.5517874	0	0	1	2	8	6	5	4	1	1	5	4	5	13	4	4	10	5	5	2	15	1	9	1	6	1	10	1		1	2	12	
113	9	16	14	17	臺北市	文山區	文山區景豐街31巷與景豐街37巷7弄口	25.0000016	121.5454901	0	0	1	2	8	6	5	4	1	1	5	4	5	13	4	4	10	5	5	2	15	1	9	1	5	1	10	1		2	2	12	
113	9	16	14	37	臺北市	萬華區	萬華區康定路與廣州街口	25.0367044	121.5014376	0	0	1	2	7	7	5	4	1	1	5	4	5	13	1	1	9	4	5	2	16	1	5	1	7	1	8	1		2	3	5	
113	9	16	14	42	臺北市	士林區	士林區中山北路5段與中正路口	25.0957042	121.52805	0	0	1	2	8	6	5	4	1	1	5	4	5	13	2	1	5	4	5	2	16	1	6	1	7	1	8	1		1	3	5	
113	9	16	15	0	臺北市	中正區	中正區中華路2段與西藏路口	25.0300758	121.5045148	0	0	1	2	8	7	5	4	2	1	5	4	5	13	1	1	1	4	5	2	2	1	9	1	7	2	8	1		1	3	5	
113	9	16	15	2	臺北市	內湖區	內湖區康寧路1段57號	25.08016768	121.5921703	0	0	1	2	7	6	5	14	9	1	5	4	5	13	4	4	9	5	5	2	16	1	1	1	7	1	8	1		1	3	8	
113	9	16	15	10	臺北市	大安區	大安區復興南路2段與瑞安街23巷口口	25.031002	121.5439446	0	0	1	2	8	6	5	4	1	1	5	4	5	13	2	1	1	4	5	2	16	4	5	1	3	1	8	1		1	3	6	
113	9	16	15	18	臺北市	松山區	松山區八德路3段25號	25.0482336	121.5522207	0	0	1	2	8	7	5	14	9	1	5	4	5	13	4	4	9	4	5	2	17	1	9	1	5	1	10	1		1	2	14	
113	9	16	15	20	臺北市	內湖區	內湖區星雲街15巷與星雲街無名巷口	25.07882742	121.5902485	0	0	1	2	7	7	5	4	1	1	5	4	5	13	4	4	10	5	5	2	15	1	9	3	5	1	18	1		1	2	11	
113	9	16	15	45	臺北市	士林區	士林區承德路5段與通河東街2段口	25.0958908	121.5138	0	0	1	2	7	6	5	4	2	2	5	4	5	13	1	1	1	4	4	2	18	1	9	3	5	2	18	1		1	2	15	
113	9	16	16	35	臺北市	大安區	大安區市民大道4段與敦化南路1段口	25.0447813	121.5489126	0	0	2	3	8	6	5	4	1	1	5	4	5	13	2	1	10	5	5	1	16	4	5	1	3	1	8	1		1	3	4	
113	9	16	16	40	臺北市	中山區	中山區濱江街無名巷	25.04847309	121.5183568	0	0	1	2	8	7	5	14	9	1	5	4	5	13	4	4	1	4	5	2	16	1	6	1	7	1	4	1		1	3	5	
113	9	16	17	1	臺北市	文山區	文山區木柵路4段與萬芳路口（小路）	24.9943305	121.5715924	0	0	2	2	8	6	5	3	1	1	5	4	5	13	4	4	10	5	5	2	17	4	5	1	3	2	10	1		1	2	12	
113	9	16	17	3	臺北市	萬華區	萬華區武昌街2段與漢口街2段90巷口	25.04535405	121.5040892	0	0	1	2	8	5	5	4	1	1	5	4	5	13	4	4	10	5	5	2	17	4	9	1	5	1	10	1		1	3	17	
113	9	16	17	4	臺北市	大安區	大安區市民大道3段與八德路2段口口	25.0450507	121.5337641	0	0	1	2	8	6	5	4	1	1	5	4	5	13	2	1	1	4	5	2	16	4	6	1	3	1	8	1		1	3	6	
113	9	16	17	22	臺北市	中正區	中正區重慶南路3段與汀州路2段口	25.0259986	121.5162415	0	0	3	4	8	7	5	4	1	1	5	4	5	13	2	1	1	4	5	2	13	5	20	8	5	10	20	1		2	4	16	
113	9	16	17	55	臺北市	士林區	士林區文林路與貴富街口	25.0963537	121.5243022	0	0	2	2	7	6	5	14	9	1	5	4	5	13	4	4	5	5	5	2	17	1	15	8	4	2	20	1		1	2	13	
113	9	16	18	24	臺北市	士林區	士林區福志路19號與福志路14巷口	25.0984379	121.5316237	0	0	2	2	7	5	5	3	1	1	5	4	5	13	4	4	9	5	5	1	3	1	9	1	6	2	10	1		2	2	14	
113	9	16	19	50	臺北市	信義區	信義區忠孝東路5段與基隆路1段口	25.0410851	121.5645511	0	0	2	2	8	5	5	4	1	1	5	4	5	13	2	1	3	4	5	2	16	1	5	1	6	2	10	1		1	2	14	
113	9	16	19	50	臺北市	士林區	文林路170號	25.0894573	121.5268953	0	0	1	2	8	5	5	3	2	1	5	4	5	13	4	4	5	5	5	2	13	4	9	1	3	1	8	1		1	3	1	
113	9	16	20	0	臺北市	中山區	中山區民生東路1段與民生東路1段27巷口	25.0580609	121.5250532	0	0	1	2	8	5	5	3	2	1	5	4	5	13	4	4	9	4	5	2	16	4	5	1	7	2	8	1		1	3	5	
113	9	16	20	12	臺北市	北投區	北投區建民路與明德路113巷口	25.1104317	121.5192882	0	0	2	2	8	5	5	4	1	1	5	4	5	13	4	4	10	5	5	2	15	1	9	1	5	1	10	1		2	2	11	
113	9	16	20	28	臺北市	萬華區	萬華區東園街與東園街28巷口	25.0272793	121.4958418	0	0	1	3	7	5	5	3	1	1	5	4	5	13	4	4	5	2	5	2	17	1	5	1	6	1	10	1		2	2	12	
113	9	16	20	48	臺北市	信義區	信義區林口街與松山路615巷口	25.0368642	121.5791905	0	0	2	3	8	5	8	4	1	1	5	4	5	13	4	4	10	4	5	1	15	4	9	1	3	1	4	1		2	3	1	
113	9	16	20	50	臺北市	中山區	中山區市民大道3段與八德路2段88巷口	25.04495483	121.5360409	0	0	1	2	8	5	5	3	2	1	5	4	5	13	4	4	9	4	5	2	17	1	6	1	7	1	8	1		1	3	2	
113	9	16	21	1	臺北市	士林區	士林區劍潭路與基河路口	25.0844951	121.524795	0	0	1	2	8	5	5	4	2	1	5	4	5	13	2	1	3	4	5	2	17	4	6	1	3	1	8	1		1	2	4	
113	9	16	21	10	臺北市	中正區	中正區林森南路55號	25.0402163	121.5220128	0	0	1	2	8	5	5	14	7	1	5	4	5	13	1	1	4	3	5	2	17	1	10	1	5	2	10	1		1	2	12	
113	9	16	21	11	臺北市	中山區	中山區復興北路與南京東路3段口	25.0518678	121.5439878	0	0	1	2	8	5	5	4	1	1	5	4	5	13	2	1	1	4	5	2	17	4	7	1	7	1	2	1		1	3	3	
113	9	16	21	13	臺北市	大安區	大安區和平東路3段228巷8號	25.022037	121.5542972	0	0	2	2	8	5	5	14	9	1	5	4	5	13	4	4	9	4	5	2	13	4	9	1	3	1	10	1		2	2	11	
113	9	16	21	30	臺北市	文山區	文山區木柵路1段191巷與木柵路1段口	24.987711	121.551224	0	0	1	2	7	5	5	3	1	1	4	4	5	13	2	1	10	5	5	1	17	1	5	1	7	1	8	1		1	3	8	
113	9	16	22	5	臺北市	中山區	中山區大佳河濱公園內靠10號水門	25.0755064	121.5338773	0	0	1	2	8	6	5	14	23	1	5	4	5	13	4	4	9	5	5	2	17	1	8	8	4	1	20	1		1	2	14	
113	9	16	22	35	臺北市	大安區	大安區通化街與通化街98巷口交叉口附近	25.0296952	121.5540618	0	0	2	2	7	5	5	4	2	1	5	4	5	13	4	4	4	3	5	1	16	1	5	8	4	1	20	1		2	2	14	
113	9	16	22	45	臺北市	文山區	文山區木柵路5段43巷(南往北第19區告示牌旁）	25.0090229	121.5857994	0	0	1	2	6	5	5	14	9	1	4	4	5	13	4	4	5	5	5	1	18	1	9	1	5	1	10	1		1	2	12	
113	9	17	0	1	臺北市	大同區	大同區環河快速道路與酒泉街口	25.07212591	121.5092313	0	0	1	2	8	5	5	3	2	1	5	4	5	13	1	1	1	4	5	2	17	4	5	1	3	2	8	1		2	3	2	
113	9	17	0	44	臺北市	中正區	中正區重慶南路3段與重慶南路3段132巷口	25.0240187	121.5168904	0	0	1	2	8	5	5	3	1	1	5	4	5	13	1	1	3	4	5	2	23	1	9	1	5	5	10	1		1	2	11	
113	9	17	1	12	臺北市	文山區	文山區木柵路5段43巷電桿28號對面	24.9993362	121.5892497	0	0	1	2	6	5	5	11	9	1	4	4	4	13	4	4	5	5	5	2	18	1	9	1	5	1	10	1		2	2	14	
113	9	17	1	57	臺北市	中山區	中山區錦州街32號	25.0602892	121.5249358	0	0	1	8	7	5	5	14	9	1	5	4	5	13	4	4	9	5	5	2	16	1	5	1	3	1	10	1		1	2	12	
113	9	17	3	11	臺北市	中山區	中山區新生北路2段62巷與新生北路口側附近2段68巷13弄口	25.0561919	121.5264028	0	0	1	2	6	6	5	4	1	1	4	4	5	13	4	4	10	5	5	2	15	1	9	1	7	1	4	1		1	3	2	
113	9	17	3	12	臺北市	中正區	中正區仁愛路1段與林森南路口	25.0389313	121.5215591	0	0	1	2	6	5	5	4	2	1	4	4	5	13	1	1	4	4	5	1	17	1	12	1	5	9	8	1		1	2	17	
113	9	17	6	38	臺北市	士林區	士林區通河西街2段與社中街156巷24弄口	25.0914605	121.5104474	0	0	1	2	8	6	5	3	1	1	5	4	5	13	4	4	8	5	5	1	14	1	2	1	7	2	8	1		1	3	3	
113	9	17	7	28	臺北市	萬華區	萬華區西園路2段261巷與寶興街80巷口	25.0251347	121.4932543	0	0	2	2	8	6	5	4	1	1	5	4	5	13	4	4	10	5	5	2	15	4	9	1	3	1	10	1		2	2	12	
113	9	17	8	32	臺北市	大同區	大同區安西街與迪化街1段307巷口	25.0620743	121.5097695	0	0	1	2	8	5	5	4	1	1	5	4	5	13	4	4	9	5	5	1	17	1	9	8	4	1	20	1		2	2	11	
113	9	17	9	26	臺北市	內湖區	內湖區麥帥一橋與麥帥一橋口西往東機車道與堤頂大道1段口	25.0542516	121.5765782	0	0	4	5	8	6	5	5	2	1	5	4	5	13	2	1	10	5	5	2	13	1	9	1	5	1	10	1		1	3	11	
113	9	17	9	45	臺北市	文山區	文山區木柵路4段20-1號	24.9965029	121.5728161	0	0	1	2	8	7	5	14	20	1	5	4	5	13	4	4	10	5	5	2	9	1	6	6	7	1	8	1		1	3	1	
113	9	17	10	8	臺北市	信義區	信義區信義路6段100號	25.0358602	121.5776265	0	0	1	2	8	6	5	14	9	1	5	4	5	13	4	4	4	3	5	2	12	4	1	1	3	1	8	1		1	3	8	
113	9	17	10	17	臺北市	信義區	信義區吳興街156巷與吳興街156巷7弄口	25.0289858	121.5614563	0	0	1	2	8	7	5	14	9	1	5	4	5	13	4	4	9	5	5	2	16	4	5	1	3	1	4	1		1	3	8	
113	9	17	11	23	臺北市	中正區	中正區羅斯福路1段與金華街口	25.032364	121.5186651	0	0	1	3	8	6	5	3	1	1	5	4	5	13	4	4	3	4	4	2	17	1	8	1	7	2	4	1		1	3	5	
113	9	17	11	52	臺北市	萬華區	萬華區環河南路2段與長順街口	25.0313	121.4906457	0	0	1	2	8	7	5	4	2	1	5	4	5	13	1	1	1	5	5	2	17	1	1	1	5	1	10	1		2	2	11	
113	9	17	12	0	臺北市	中山區	中山區中山北路1段與市民大道2段口	25.04817273	121.5209393	0	0	4	5	8	5	5	4	1	1	5	4	5	13	1	1	1	4	5	2	13	1	9	1	5	1	10	1		1	2	11	
113	9	17	12	5	臺北市	大安區	大安區和平東路2段與瑞安街口	25.0255942	121.5390324	0	0	1	2	8	6	5	14	9	1	5	4	5	13	1	1	1	4	5	2	9	4	1	1	3	2	2	1		1	3	17	
113	9	17	12	51	臺北市	北投區	北投區溫泉路與中山路口	25.1363367	121.5112647	0	0	2	3	8	6	5	3	1	1	5	4	5	13	4	4	10	5	5	2	11	1	9	1	7	1	8	1		1	3	8	
113	9	17	12	57	臺北市	大同區	大同區民權西路與承德路2段口	25.06283	121.5179303	0	0	2	3	8	6	5	4	1	1	5	4	5	13	1	1	1	4	5	2	17	1	9	1	6	2	10	1		2	2	14	
113	9	17	13	8	臺北市	信義區	信義區逸仙路20號	25.0389494	121.5615051	0	0	1	2	8	6	5	14	9	1	5	4	5	13	4	4	5	4	5	2	12	1	11	1	5	2	10	1		2	2	12	
113	9	17	13	22	臺北市	松山區	松山區八德路4段245巷與東興路2巷口	25.05079268	121.564174	0	0	2	3	8	7	5	4	1	1	5	4	5	13	4	4	9	4	5	2	15	1	9	1	7	1	8	1		2	3	8	
113	9	17	13	30	臺北市	內湖區	內湖區內湖路2段301巷7弄與內湖路2段301巷5弄口	25.08292143	121.5905894	0	0	2	4	8	5	5	4	1	1	5	4	5	13	4	4	10	5	5	2	17	1	2	1	7	2	8	1		1	3	3	
113	9	17	13	54	臺北市	士林區	士林區天母北路與天母西路口	25.1184261	121.525997	0	0	2	3	8	5	5	4	1	1	5	4	5	13	2	1	4	5	5	1	17	1	6	1	7	1	8	1		1	3	5	
113	9	17	13	55	臺北市	中山區	中山區南京西路23巷與南京西路口	25.052719	121.5205964	0	0	1	2	8	6	5	4	1	1	5	4	5	13	1	1	1	4	5	2	3	1	9	1	5	2	10	1		2	3	11	
113	9	17	14	2	臺北市	北投區	北投區西安街1段345號前	25.1137163	121.5158084	0	0	2	2	8	6	6	14	9	1	5	4	5	13	3	1	9	4	5	2	13	1	9	1	5	1	10	1		1	2	11	
113	9	17	14	3	臺北市	北投區	北投區西安街2段213號	25.1199569	121.5096445	0	0	1	6	8	7	5	14	9	1	5	4	5	13	4	4	10	4	5	2	17	1	9	1	7	1	4	1		1	2	5	
113	9	17	14	33	臺北市	北投區	北投區光明路200號	25.04847309	121.5183568	0	0	1	2	8	6	5	14	9	1	5	4	5	13	4	4	9	4	5	2	17	1	1	1	5	1	10	1		1	3	17	
113	9	17	14	42	臺北市	中山區	中山區敬業一路與明水路606巷口	25.04847309	121.5183568	0	0	1	2	8	7	5	4	1	1	5	4	5	13	1	1	5	5	5	2	16	1	6	1	7	1	4	1		1	3	5	
113	9	17	16	11	臺北市	內湖區	內湖區環山路2段與環山路2段29巷口	25.0857333	121.5727182	0	0	1	2	8	6	5	3	1	1	5	4	5	13	2	1	5	5	5	2	16	1	11	1	7	1	8	1		1	3	4	
113	9	17	16	45	臺北市	中山區	中山區天祥路與天祥路61巷口	25.06340256	121.5207731	0	0	1	2	7	5	5	3	2	1	5	4	5	13	4	4	5	5	5	2	1	4	5	1	3	2	8	1		2	3	1	
113	9	17	16	53	臺北市	北投區	北投區中央北路2段與新興路口	25.13827332	121.4868396	0	0	1	2	8	6	5	14	9	1	5	4	5	13	1	1	9	4	5	2	17	1	11	1	7	1	8	1		1	3	7	
113	9	17	16	55	臺北市	士林區	士林區克強路與中山北路6段口	25.1085067	121.5252439	0	0	1	3	8	6	5	4	2	1	5	4	5	13	1	1	1	4	5	2	13	1	9	1	7	1	8	1		1	3	8	
113	9	17	16	57	臺北市	北投區	北投區東華街2段與立農街1段187巷口	25.1212455	121.5050816	0	0	2	2	8	5	5	3	4	1	5	4	5	13	1	1	10	5	5	2	13	1	9	1	5	2	10	1		2	2	11	
113	9	17	17	32	臺北市	文山區	文山區和平東路4段與萬美街1段口	25.0023572	121.5719161	0	0	1	2	7	6	5	3	1	1	5	4	5	13	4	4	5	5	5	1	16	1	9	1	7	1	8	1		1	3	5	
113	9	17	17	45	臺北市	文山區	文山區新光路1段與萬壽橋口	24.9916738	121.5736262	0	0	2	3	8	5	5	4	1	1	5	4	5	13	2	1	10	5	5	1	17	1	5	1	7	1	8	1		1	3	2	
113	9	17	17	50	臺北市	中正區	中正區重慶南路1段50號公車牌前	25.0443916	121.5131585	0	0	2	3	8	5	5	14	9	1	5	4	5	13	4	4	9	4	5	1	17	1	9	1	5	1	10	1		2	2	11	
113	9	17	18	5	臺北市	中山區	中山區南京東路2段與建國北路2段口	25.0519458	121.5364095	0	0	1	2	6	5	6	4	1	1	4	4	5	13	2	1	1	4	5	2	15	1	12	1	6	2	10	1		1	3	14	
113	9	17	19	20	臺北市	大安區	大安區和平東路3段與臥龍街口口	25.0246235	121.5467086	0	0	1	2	8	5	5	4	1	1	5	4	5	13	2	1	1	4	5	2	17	1	5	1	7	1	8	1		1	3	5	
113	9	17	20	8	臺北市	大安區	大安區辛亥路1段與新生南路3段口	25.022253	121.5340488	0	0	2	2	8	5	5	4	4	1	5	4	5	13	1	1	1	4	4	2	13	1	9	1	5	1	10	1		1	2	11	
113	9	17	21	30	臺北市	北投區	北投區公館路與公館路340巷口	25.12351691	121.5050312	0	0	1	2	7	5	5	3	1	1	5	4	5	13	4	4	10	5	5	2	16	1	5	1	6	9	10	1		2	2	12	
113	9	17	21	52	臺北市	中山區	中山區吉林路與新生北路2段41巷口口	25.0553303	121.5301361	0	0	1	2	7	6	5	14	9	1	5	4	5	13	4	4	9	4	4	2	12	1	1	1	6	1	10	1		1	2	12	
113	9	17	22	13	臺北市	萬華區	萬華區華中橋機車道往新北	25.01167584	121.4953725	0	0	1	3	8	5	5	8	11	1	5	4	5	13	4	4	3	4	5	2	13	1	9	1	5	1	10	1		1	2	11	
113	9	17	22	24	臺北市	文山區	文山區溪口街85巷與溪口街85巷10弄口口	24.99502039	121.5382388	0	0	2	2	8	5	5	4	1	1	5	4	5	13	4	4	10	5	5	2	15	1	15	1	6	1	10	1		1	2	11	
113	9	17	23	33	臺北市	信義區	信義區忠孝東路5段與虎林街口	25.0407807	121.5767644	0	0	1	2	8	5	5	4	4	1	5	4	5	13	2	1	1	4	5	1	13	4	12	1	3	1	8	1		1	3	1	
113	9	17	23	40	臺北市	南港區	南港區忠孝東路6段436號	25.050257	121.5936824	0	0	1	2	7	5	5	14	9	1	5	4	5	13	4	4	1	4	5	2	17	4	9	1	6	2	10	1		1	2	12	
113	9	18	0	15	臺北市	中正區	中正區忠孝西路1段38號	25.0463953	121.5167084	0	0	1	2	7	5	5	14	9	1	5	4	5	13	4	4	3	4	5	2	16	1	7	1	7	2	4	1		1	3	8	
113	9	18	5	28	臺北市	中山區	中山區民生東路2段與吉林路口	25.0580156	121.5302728	0	0	1	2	6	5	5	4	1	1	4	4	5	13	2	1	5	4	5	2	15	1	9	1	7	2	8	1		1	3	8	
113	9	18	6	26	臺北市	北投區	北投區公館路83號	25.1313401	121.5044895	0	0	1	4	6	6	5	14	9	1	4	4	5	13	4	4	5	5	5	2	17	1	15	1	7	1	8	1		2	2	1	
113	9	18	6	39	臺北市	士林區	士林區通河西街2段與社中街384巷口	25.0934563	121.5035455	0	0	1	2	6	6	5	3	1	1	4	4	5	13	4	4	9	5	5	2	17	1	4	1	7	1	4	1		1	3	8	
113	9	18	6	52	臺北市	大安區	大安區信義路3段與建國南路2段口	25.0336465	121.5381989	0	0	1	2	6	6	5	4	1	1	4	4	5	13	1	1	1	4	5	2	16	1	5	1	5	1	10	1		2	2	14	
113	9	18	7	7	臺北市	內湖區	內湖區內湖路1段256號前	25.0820658	121.5671105	0	0	1	2	6	5	5	14	8	1	4	4	5	13	1	1	1	4	4	2	17	1	1	1	7	9	8	1		1	3	17	
113	9	18	7	9	臺北市	大安區	大安區敦化南路2段與敦化南路2段200巷口	25.02278581	121.5486858	0	0	2	3	7	6	5	4	1	1	5	4	5	13	3	1	1	4	5	1	17	4	9	1	3	1	8	1		2	3	8	
113	9	18	7	26	臺北市	信義區	信義區基隆路2段107號	25.0292838	121.5573781	0	0	1	2	7	5	5	14	9	1	4	4	5	13	4	4	1	4	5	2	13	1	9	1	6	1	10	1		1	2	14	
113	9	18	7	30	臺北市	內湖區	內湖區康寧路3段與東湖路口	25.0686938	121.6123271	0	0	2	3	6	6	5	3	1	1	4	4	5	13	1	1	1	5	5	2	16	1	8	1	6	2	10	1		2	3	12	
113	9	18	7	39	臺北市	北投區	北投區東華街2段與立農街2段202巷口	25.1177449	121.5135397	0	0	1	2	8	6	5	4	1	1	5	4	5	13	1	1	10	4	5	2	16	1	5	1	5	9	10	2		1	3	14	
113	9	18	7	50	臺北市	文山區	文山區新光路2段100號	25.0008093	121.5962985	0	0	1	2	8	7	5	14	9	1	4	4	5	13	4	4	9	5	5	1	18	1	9	1	5	1	9	1		1	2	11	
113	9	18	7	57	臺北市	內湖區	內湖區成功路4段與無名巷口	25.082382	121.5926269	0	0	1	2	7	6	5	3	1	1	5	4	5	13	4	4	1	4	4	2	16	1	6	1	7	1	4	1		2	3	4	
113	9	18	8	0	臺北市	中山區	中山區建國北路1段與長安東路2段口	25.05397433	121.5334317	0	0	1	2	6	7	5	4	1	1	4	4	5	13	2	1	1	4	5	2	12	4	7	1	3	2	6	1		1	3	4	
113	9	18	8	0	臺北市	中正區	中正區詔安街與詔安街26巷口	25.0251091	121.5159496	0	0	1	2	8	6	5	4	1	1	5	4	5	13	4	4	10	5	5	2	15	1	9	1	5	2	10	1		2	2	11	
113	9	18	8	5	臺北市	中山區	中山區南京東路2段180號	25.0519042	121.5352487	0	0	3	3	6	7	5	14	8	1	4	4	5	13	4	4	1	4	1	2	13	1	9	1	5	1	10	1		1	2	11	
113	9	18	8	5	臺北市	南港區	南港區市民大道7段與東新街附近口	25.049579	121.5836663	0	0	1	2	6	7	5	14	9	1	4	4	5	13	4	4	1	4	5	1	17	4	8	1	3	11	8	1		1	3	17	
113	9	18	8	9	臺北市	南港區	南港區舊莊街1段46號	25.04147938	121.6180858	0	0	4	4	6	7	5	14	9	1	4	4	5	13	4	4	9	5	5	2	16	4	11	1	6	1	10	1		1	2	12	
113	9	18	8	20	臺北市	信義區	信義區林口街與松山路465巷口	25.0395533	121.5790899	0	0	1	2	6	6	5	3	2	1	4	4	5	13	1	1	4	3	4	2	17	4	6	1	3	1	8	1		1	3	8	