年	月	日	時	分	縣市	行政區	allLocation	GoogleLat	GoogleLng	死	2-30	受傷	當事人數	天候	道路照明設備	道路類別	道路型態	事故位置	路面狀況1	路面狀況2	路面狀況3	道路障礙1	道路障礙2	號誌1	號誌2	車道劃分-分向	車道劃分-分道1	車道劃分-分道2	車道劃分-分道3	事故類型及型態	行動電話	當事者行動狀態	駕駛資格情形	保護裝置	飲酒情形	駕駛執照種類	個人肇逃否	肇因碼-主要	性別	受傷程度	車輛撞擊部位1	車輛撞擊部位2
113	9	18	8	30	臺北市	士林區	士林區葫蘆街與延平北路5段257巷15弄口	25.08409374	121.509307	0	0	1	3	8	6	5	3	2	1	5	4	3	10	4	4	9	5	5	1	17	1	6	1	5	1	10	1		2	2	14	
113	9	18	8	38	臺北市	中正區	中正區汀州路1段與寧波西街口口	25.0268331	121.5111427	0	0	1	2	6	6	5	4	1	1	4	4	5	13	1	1	5	5	5	1	17	1	9	1	6	1	10	1		1	2	11	
113	9	18	8	50	臺北市	中正區	中正區水源路37號前	25.0188492	121.5238773	0	0	1	2	6	6	5	14	9	1	4	4	5	13	4	4	8	4	5	1	13	1	9	1	7	1	8	1		2	3	7	
113	9	18	8	50	臺北市	內湖區	內湖區成功路5段與康湖路口	25.0820003	121.6062363	0	0	1	2	8	6	5	3	1	1	5	4	5	13	1	1	1	5	5	2	13	1	9	1	6	2	10	1		2	2	11	
113	9	18	8	50	臺北市	大安區	大安區大安路1段與信義路4段口	25.0334441	121.5459546	0	0	1	2	7	6	5	4	1	1	5	4	5	13	2	1	9	4	5	1	16	4	5	1	3	1	8	1		1	3	8	
113	9	18	8	56	臺北市	內湖區	內湖區瑞光路301號	25.0757598	121.5760135	0	0	1	3	8	6	5	4	1	1	4	4	5	13	2	1	5	4	5	2	17	1	5	1	7	1	4	1		1	3	5	
113	9	18	9	0	臺北市	信義區	信義區虎林街與松山路540巷口	25.0373477	121.5772076	0	0	2	3	7	5	5	4	2	1	4	4	5	13	4	4	10	5	5	2	17	1	9	1	5	1	10	1		1	2	12	
113	9	18	9	8	臺北市	萬華區	萬華區德昌街與萬大路口	25.02833556	121.4953156	0	0	2	2	7	6	5	4	2	1	5	4	5	13	2	1	10	4	5	1	17	4	5	1	3	1	10	1		2	2	11	
113	9	18	9	9	臺北市	中山區	中山區民權東路2段與吉林路口	25.06251167	121.5305898	0	0	2	3	7	7	5	4	2	1	4	4	5	13	2	1	1	4	5	2	17	4	9	1	5	1	10	1		1	2	11	
113	9	18	9	12	臺北市	信義區	信義區忠孝東路4段512號	25.0411231	121.5624035	0	0	1	2	7	7	5	14	9	1	4	4	5	13	4	4	10	4	5	2	18	1	15	1	5	9	10	1		2	2	12	
113	9	18	9	20	臺北市	中山區	中山區長安東路2段與伊通街口	25.0484847	121.534751	0	0	1	2	8	7	5	4	1	1	5	4	5	13	2	1	5	2	5	2	17	1	5	1	5	1	10	1		1	3	12	
113	9	18	9	24	臺北市	大同區	大同區市民高架道(西向東）	25.0501458	121.5092936	0	0	1	3	8	6	6	14	9	1	5	4	5	13	4	4	5	4	5	2	17	1	9	6	7	11	8	2		1	3	1	
113	9	18	9	26	臺北市	內湖區	內湖區新明路218號	25.05695377	121.5844421	0	0	1	2	8	5	5	14	9	1	5	4	5	13	2	1	5	4	5	2	16	4	8	1	7	1	8	1		1	3	2	
113	9	18	9	58	臺北市	文山區	文山區汀州路4段與基隆路4段口	25.0108714	121.5364317	0	0	2	2	8	6	5	5	1	1	5	4	5	13	2	1	5	5	5	2	16	1	5	1	5	1	10	1		2	2	12	
113	9	18	10	0	臺北市	中正區	中正區中華路2段與廣州街口口	25.0364039	121.5067743	0	0	2	3	6	6	5	4	1	1	4	4	5	13	1	1	1	4	5	1	17	1	9	6	7	2	3	1		1	3	2	
113	9	18	10	5	臺北市	士林區	士林區仰德大道3段與仰德大道3段250巷口	25.11985321	121.5484988	0	0	1	2	8	6	5	3	2	1	5	4	5	13	2	1	8	5	5	1	17	1	6	1	7	1	8	1		1	3	5	
113	9	18	10	52	臺北市	信義區	信義區光復南路與信義路4段口	25.0328209	121.5579239	0	0	1	2	8	6	5	14	20	4	5	4	5	13	4	4	10	5	5	2	9	1	9	8	4	2	20	1		2	3	11	
113	9	18	11	10	臺北市	中山區	中山區林森北路與雙城街17巷口	25.0644165	121.5256861	0	0	2	2	8	6	5	4	1	1	5	4	5	13	4	4	5	4	5	2	13	1	9	1	5	2	10	1		2	2	12	
113	9	18	11	20	臺北市	中正區	中正區天津街與市民大道2段口口	25.0477957	121.5223234	0	0	2	2	8	5	5	4	1	1	5	4	5	13	2	1	9	4	5	1	16	1	1	1	5	2	10	1		2	2	12	
113	9	18	11	30	臺北市	中正區	中正區羅斯福路3段與羅斯福路3段244巷口	25.04847309	121.5183568	0	0	1	2	8	6	5	3	1	1	5	4	4	13	2	1	1	3	5	1	17	1	9	1	6	9	10	1		1	3	17	
113	9	18	11	43	臺北市	大同區	大同區民生西路與延平北路2段口	25.05843655	121.5225506	0	0	1	2	8	5	5	4	1	1	5	4	5	13	2	1	9	4	5	1	17	1	5	1	5	1	10	1		1	3	11	
113	9	18	11	46	臺北市	北投區	北投區立德路1號	25.1238742	121.4714559	0	0	1	2	8	6	5	14	9	1	5	4	5	13	4	4	5	4	5	2	17	1	15	1	6	1	10	1		1	3	12	
113	9	18	12	12	臺北市	信義區	信義區吳興街156巷16弄21號	25.0292187	121.5606771	0	0	1	2	7	6	5	14	9	1	5	4	5	13	4	4	5	5	5	2	18	4	9	1	5	1	10	1		2	2	17	
113	9	18	13	12	臺北市	信義區	信義區永吉路與松隆路口	25.0456168	121.5704589	0	0	2	2	8	6	5	5	1	1	5	4	5	13	1	1	1	1	5	2	16	1	6	1	5	2	10	1		1	2	12	
113	9	18	13	37	臺北市	萬華區	萬華區西藏路125巷20號	25.02742923	121.5028835	0	0	1	2	8	5	8	22	22	1	5	4	5	13	4	4	10	5	5	2	13	4	9	1	3	1	10	1		2	2	11	
113	9	18	13	50	臺北市	士林區	士林區至誠路2段與至誠路2段51巷口	25.1015089	121.5282147	0	0	2	2	8	7	5	3	1	1	4	4	5	13	4	4	5	5	5	2	17	1	6	3	5	2	18	1		2	2	11	
113	9	18	13	54	臺北市	文山區	文山區景豐街31巷與景豐街37巷7弄口	25.0000014	121.5454875	0	0	1	2	6	6	5	4	1	1	4	4	5	13	4	4	10	5	5	2	15	1	9	1	6	2	10	1		2	2	12	
113	9	18	14	16	臺北市	大安區	大安區辛亥路3段30號	25.0207911	121.5444319	0	0	1	2	7	5	5	14	9	1	4	4	5	13	4	4	1	4	5	1	17	4	9	1	3	2	10	1		2	2	11	
113	9	18	14	44	臺北市	大同區	大同區西寧北路與南京西路口	25.0534543	121.5087339	0	0	1	2	7	6	5	4	2	1	5	4	5	13	4	4	5	2	5	2	17	1	15	1	7	1	8	1		1	3	5	
113	9	18	14	45	臺北市	北投區	北投區公館路198號	25.1279629	121.5074123	0	0	1	2	6	6	5	14	9	1	4	4	5	13	4	4	9	4	5	2	18	1	12	1	5	1	10	1		2	2	14	
113	9	18	15	24	臺北市	信義區	信義區吳興街220巷與吳興街220巷59弄口	25.0265961	121.5615607	0	0	1	2	6	6	5	3	2	1	4	4	5	13	2	1	9	5	5	2	18	1	6	1	5	1	10	1		2	2	12	
113	9	18	15	30	臺北市	內湖區	內湖區民權東路6段與民權東路6段19巷口	25.068122	121.5818311	0	0	1	2	6	6	5	4	2	1	4	4	5	13	2	1	1	4	5	2	13	1	9	1	6	1	10	1		1	2	14	
113	9	18	15	30	臺北市	南港區	南港區松河街與重陽路203巷口	25.0583249	121.6000509	0	0	2	2	6	7	5	14	9	1	4	4	5	13	4	4	5	4	5	2	16	4	11	8	3	1	20	1		2	2	13	
113	9	18	15	50	臺北市	中山區	中山區民生東路2段153號	25.05801645	121.5358453	0	0	1	2	6	7	5	14	9	1	4	4	5	13	4	4	1	4	5	2	16	1	7	1	7	1	4	1		1	3	17	
113	9	18	15	51	臺北市	松山區	松山區南京東路3段303巷與南京東路3段303巷3弄口	25.0524575	121.5467209	0	0	1	2	6	6	5	4	1	1	4	4	5	13	4	4	10	5	5	2	16	4	6	1	3	1	8	1		1	3	2	
113	9	18	16	0	臺北市	中山區	中山區長春路與龍江路口	25.05468097	121.5405875	0	0	1	2	6	7	5	4	1	1	4	4	5	13	2	1	5	4	5	2	16	4	5	1	3	1	8	1		1	3	5	
113	9	18	16	0	臺北市	士林區	士林區志成街與志成街22巷口	25.0968318	121.5301532	0	0	1	2	7	7	5	4	2	1	5	4	5	13	4	4	10	5	5	1	17	1	9	1	6	1	10	1		2	2	11	
113	9	18	16	15	臺北市	中正區	中正區泉州街與詔安街口口	25.0256135	121.5132815	0	0	1	2	6	6	5	4	1	1	4	4	5	13	1	1	5	4	4	1	16	1	5	1	6	2	8	1		2	3	12	
113	9	18	16	15	臺北市	北投區	北投區公館路與光明路口	25.13382714	121.5022736	0	0	1	2	6	6	5	14	9	1	4	4	5	13	3	1	9	4	5	2	13	1	9	1	5	1	10	1		2	2	11	
113	9	18	16	34	臺北市	文山區	文山區羅斯福路6段92巷1號	24.9982373	121.5401815	0	0	1	2	6	6	5	14	24	1	4	4	5	13	4	4	10	5	5	1	2	1	9	1	7	2	8	1		1	3	2	
113	9	18	17	2	臺北市	士林區	士林區至善路2段34號	25.09705654	121.5442899	0	0	2	3	7	5	5	14	9	1	5	4	5	13	1	1	10	4	5	1	17	1	1	8	4	1	20	1		2	3	13	
113	9	18	17	3	臺北市	信義區	信義區崇德街與信安街口	25.0240175	121.5557832	0	0	1	2	6	6	5	4	1	1	4	4	5	13	2	1	9	5	5	2	13	1	5	1	5	1	10	1		2	2	13	14
113	9	18	17	9	臺北市	中山區	中山區德惠街與德惠街3巷口	25.05220246	121.5225632	0	0	1	2	6	7	5	4	1	1	4	4	5	13	4	4	4	5	5	1	15	1	9	1	7	1	8	1		1	3	2	
113	9	18	17	13	臺北市	松山區	松山區八德路4段與八德路4段17巷口	25.04830462	121.5584676	0	0	1	2	6	6	5	4	2	1	4	4	5	13	4	4	5	5	5	2	16	1	9	1	6	2	10	1		1	2	11	
113	9	18	17	25	臺北市	北投區	北投區承德路7段與公館路口	25.11956604	121.5015942	0	0	2	2	8	5	5	4	1	1	5	4	5	13	2	1	1	3	4	2	16	1	6	1	5	1	10	1		2	2	12	
113	9	18	17	30	臺北市	士林區	士林區雨聲街與雨聲街165巷口	25.1023932	121.5335885	0	0	1	2	6	5	5	3	2	1	4	4	5	13	3	1	5	5	5	1	17	1	6	1	7	1	4	1		1	3	6	
113	9	18	17	33	臺北市	大同區	大同區承德路2段與民生西路口	25.05733918	121.518107	0	0	1	2	6	5	5	4	2	1	4	4	5	13	1	1	1	2	5	2	17	1	15	1	6	1	10	1		1	3	12	
113	9	18	17	35	臺北市	內湖區	內湖區內湖路1段405號	25.08167057	121.5707066	0	0	1	2	6	5	5	14	9	1	4	4	5	13	4	4	1	4	5	2	17	1	1	1	7	1	8	1		2	3	15	
113	9	18	17	35	臺北市	松山區	松山區光復北路11巷33號	25.0498057	121.5597666	0	0	1	2	6	5	5	14	9	1	4	4	5	13	4	4	9	4	5	2	17	4	21	7	3	11	19	2		1	4	17	
113	9	18	17	38	臺北市	大同區	大同區民權西路122號	25.06284141	121.516627	0	0	2	3	6	5	5	14	9	1	4	4	5	13	4	4	8	3	5	1	17	1	7	1	6	1	10	1		2	3	13	
113	9	18	17	41	臺北市	內湖區	內湖區文德路216號	25.07102767	121.5942598	0	0	2	3	6	5	5	14	7	1	4	4	5	13	4	4	1	4	4	2	17	1	1	1	7	11	8	2		1	3	17	
113	9	18	18	6	臺北市	內湖區	內湖區瑞光路與瑞光路393巷口	25.0775154	121.5728684	0	0	2	3	6	5	8	4	2	1	4	4	5	13	1	1	5	4	5	2	17	1	15	1	5	1	10	1		1	2	11	
113	9	18	18	30	臺北市	中正區	中正區信義路1段21號	25.0360482	121.5236755	0	0	1	2	7	5	5	14	9	1	4	4	5	13	4	4	1	4	5	2	17	1	5	1	7	2	8	1		1	3	8	
113	9	18	18	35	臺北市	文山區	文山區辛亥路6段與木柵路1段口口	24.9878623	121.5522431	0	0	1	2	6	5	5	4	1	1	4	4	5	13	2	1	10	5	5	2	17	1	6	1	7	1	8	1		2	3	8	
113	9	18	18	46	臺北市	萬華區	萬華區萬大路與萬大路506巷口	25.01912627	121.4970755	0	0	1	2	7	5	5	3	2	1	4	4	5	13	4	4	3	4	5	2	12	1	4	1	6	1	9	1		1	3	14	
113	9	18	18	48	臺北市	大同區	大同區承德路1段與華陰街口	25.0501903	121.5167124	0	0	1	4	6	5	5	5	2	1	4	4	5	13	4	4	1	4	5	2	17	1	9	1	6	1	11	1		1	2	11	
113	9	18	18	51	臺北市	松山區	松山區市民大道6段與虎林街口	25.0494463	121.5762776	0	0	1	2	6	5	5	4	2	1	4	4	5	13	4	4	1	4	5	2	17	1	9	1	6	1	10	1		1	2	14	
113	9	18	18	55	臺北市	士林區	士林區至誠路2段與至誠路2段92巷口	25.1013902	121.5276863	0	0	2	2	6	5	5	3	2	1	4	4	5	13	4	4	5	5	5	2	17	1	5	8	4	2	20	1		2	2	11	
113	9	18	19	4	臺北市	大安區	大安區和平東路3段與和平東路3段512巷口旁	25.0152143	121.561459	0	0	1	2	6	5	6	14	9	1	4	4	5	13	4	4	5	5	5	2	13	1	9	1	7	1	8	1		1	3	1	
113	9	18	19	24	臺北市	大安區	大安區辛亥隧道(內)	25.0123289	121.5547124	0	0	2	2	6	5	5	6	9	1	4	4	5	13	4	4	5	4	5	2	13	1	9	1	5	11	10	1		1	2	11	
113	9	18	19	24	臺北市	萬華區	萬華區西園路2段276號	25.0277268	121.4946025	0	0	1	2	6	5	5	14	9	1	4	4	5	13	4	4	1	5	5	2	17	1	12	1	5	1	10	1		2	2	14	
113	9	18	19	27	臺北市	大同區	大同區延平北路3段與民權西路口	25.0630255	121.5113057	0	0	3	3	6	5	5	4	1	1	4	4	5	13	2	1	4	4	5	2	17	4	9	1	3	1	10	1		2	2	17	
113	9	18	19	30	臺北市	內湖區	內湖區環山路1段與環山路1段60巷口	25.0864169	121.5666292	0	0	3	3	6	5	5	3	1	1	4	4	5	13	1	1	4	4	5	1	17	1	5	1	6	1	10	1		1	2	12	
113	9	18	20	9	臺北市	中山區	中山區中原街與新生北路2段41巷口	25.05563261	121.5288416	0	0	2	6	6	5	5	4	1	1	4	4	5	13	4	4	9	4	5	2	15	4	9	1	3	2	10	1		1	2	11	
113	9	18	20	26	臺北市	萬華區	萬華區寶興街與寶興街222巷口	25.02227506	121.4958567	0	0	2	3	7	5	5	4	1	1	4	4	5	13	2	1	5	4	5	2	17	1	11	1	7	1	4	1		1	3	17	
113	9	18	20	41	臺北市	大安區	大安區建國南路1段177號	25.0390346	121.5382523	0	0	1	2	7	5	5	14	9	1	4	4	5	13	4	4	1	4	4	2	17	1	8	1	7	1	8	1		2	3	17	
113	9	18	20	45	臺北市	內湖區	內湖區瑞光路與港墘路口	25.0764113	121.5749383	0	0	1	2	6	5	5	4	2	1	4	4	5	13	1	1	5	4	5	2	16	1	5	1	7	1	8	1		2	3	5	
113	9	18	20	45	臺北市	大安區	大安區市民大道4段與市民大道口側附近4段68巷口	25.0449113	121.5472598	0	0	1	2	6	5	5	3	1	1	4	4	5	13	4	4	1	4	5	2	17	1	6	1	7	1	8	1		1	3	17	
113	9	18	21	17	臺北市	中山區	中山區市民大道1段與林森北路口	25.04792398	121.5243753	0	0	1	2	6	5	5	4	1	1	4	4	5	13	1	1	1	4	5	2	17	1	9	1	6	1	10	1		1	2	11	
113	9	18	21	45	臺北市	大同區	大同區南京西路與南京西路302巷口	25.0540384	121.5135597	0	0	1	2	6	5	5	5	1	1	4	4	5	13	4	4	5	4	5	2	17	1	5	1	6	1	10	1		1	3	14	
113	9	18	21	56	臺北市	大安區	大安區復興南路2段151巷與復興南路2段151巷30弄口口	25.0283507	121.5451875	0	0	1	2	6	5	5	14	9	1	4	4	5	13	4	4	5	4	5	2	17	1	1	1	7	1	8	1		1	3	8	
113	9	18	22	55	臺北市	士林區	士林區仰德大道1段23號	25.10321486	121.5370675	0	0	2	2	6	5	5	14	18	1	4	4	5	13	4	4	4	5	5	2	3	4	9	1	3	1	10	1		2	2	15	
113	9	19	1	22	臺北市	大同區	大同區民權西路144巷與民權西路102巷4弄口	25.0616278	121.5159211	0	0	1	3	6	5	5	4	1	1	4	4	5	13	3	1	10	5	5	2	10	1	15	1	7	2	8	1		2	3	1	
113	9	19	1	32	臺北市	信義區	信義區基隆路2段與光復南路口	25.029767	121.5576237	0	0	1	3	8	5	5	4	2	1	5	4	5	13	2	1	1	4	4	1	13	4	9	1	3	5	8	1		2	3	8	
113	9	19	3	10	臺北市	士林區	士林區陽金公路燈桿NO.1112188處	25.1813388	121.5696985	0	0	1	2	6	5	5	14	9	1	4	4	5	13	4	4	5	5	5	1	37	1	9	1	6	1	10	1		1	2	11	
113	9	19	6	56	臺北市	大安區	大安區新生南路1段139巷與新生南路1段口	25.0366446	121.5329614	0	0	2	2	8	7	5	5	1	1	5	4	5	13	1	1	8	3	5	2	15	4	9	8	3	1	20	1		2	2	12	
113	9	19	7	4	臺北市	北投區	北投區中央北路2段33號	25.136652	121.495553	0	0	2	3	8	7	5	14	9	1	5	4	5	13	4	4	8	3	5	1	12	1	1	1	5	1	10	1		2	2	14	1
113	9	19	7	8	臺北市	文山區	文山區辛亥路7段與辛亥路7段5巷口	24.987327	121.5524543	0	0	1	2	8	6	5	3	2	1	5	4	5	13	4	4	5	4	5	2	18	4	9	8	2	1	20	1		1	2	11	
113	9	19	7	19	臺北市	中山區	中山區崇實路127號對面	25.0832657	121.5444531	0	0	1	2	8	6	5	14	9	1	5	4	5	13	4	4	1	4	5	2	12	1	7	1	6	2	8	1		2	2	14	
113	9	19	7	19	臺北市	文山區	文山區興隆路4段與興隆路4段105巷口	24.9876342	121.5606337	0	0	1	2	8	7	5	4	1	1	5	4	5	13	1	1	10	5	5	2	16	1	5	1	7	1	8	1		2	3	2	
113	9	19	7	55	臺北市	士林區	士林區中山北路5段與中正路口	25.0956395	121.528072	0	0	4	4	8	6	5	4	1	1	5	4	5	13	1	1	4	3	5	1	12	1	9	1	6	1	10	1		2	2	11	
113	9	19	8	5	臺北市	文山區	文山區新光路2段動物園公務門旁	25.0000632	121.583108	0	0	1	2	8	6	5	18	9	1	5	4	5	13	3	1	10	4	5	2	12	1	9	1	5	2	10	1		1	3	17	
113	9	19	8	14	臺北市	士林區	士林區德行東路109巷與德行東路109巷63弄口	25.1096385	121.5285148	0	0	1	2	8	6	5	4	2	1	5	4	5	13	4	4	9	4	5	1	12	4	9	1	3	9	8	2		1	4	2	
113	9	19	8	20	臺北市	內湖區	內湖區堤頂大道1段與行善路口	25.05583288	121.5744837	0	0	1	2	8	6	5	3	1	1	5	4	5	13	4	4	1	5	5	2	16	1	6	1	6	2	10	1		1	2	12	
113	9	19	8	36	臺北市	士林區	士林區文昌路155巷與文昌路169巷口	25.097533	121.5197787	0	0	1	3	8	6	5	4	1	1	5	4	5	13	4	4	10	5	5	1	15	1	9	1	5	1	10	1		1	2	12	
113	9	19	8	43	臺北市	大安區	大安區和平東路3段與基隆路2段口	25.0240463	121.5523102	0	0	1	2	8	7	5	5	1	1	5	4	5	13	1	1	8	3	5	2	17	4	15	1	3	1	8	1		1	3	5	
113	9	19	8	54	臺北市	內湖區	內湖區瑞光路392號前	25.0780271	121.5712579	0	0	1	2	8	5	5	14	9	1	5	4	5	13	4	4	5	5	5	2	16	1	7	1	6	2	10	1		2	2	13	
113	9	19	9	0	臺北市	中山區	中山區民權東路2段148號	25.0623495	121.5343562	0	0	1	3	8	7	8	14	9	1	5	4	3	10	4	4	1	4	5	2	12	4	7	6	5	1	11	1		1	2	15	
113	9	19	9	14	臺北市	中山區	中山區德惠街3巷與雙城街46巷口	25.0671313	121.5233126	0	0	1	2	8	7	5	3	1	1	5	4	5	13	4	4	10	5	5	2	17	1	6	8	4	1	20	1		2	2	11	
113	9	19	9	32	臺北市	內湖區	內湖區舊宗路1段與民權東路6段口	25.06568678	121.5751144	0	0	1	3	7	6	5	4	1	1	5	4	5	13	1	1	1	4	5	2	13	2	12	1	5	1	10	1		1	3	17	
113	9	19	9	33	臺北市	萬華區	萬華區西寧南路與成都路口	25.0427667	121.5059423	0	0	1	2	8	6	5	4	1	1	5	4	5	13	2	1	10	4	5	2	17	4	5	7	3	11	19	2		4	4	15	
113	9	19	9	36	臺北市	萬華區	萬華區和平西路3段384號	25.0353686	121.4914729	0	0	1	2	8	7	5	14	9	1	5	4	5	13	1	1	10	5	5	2	16	1	6	1	7	1	8	1		1	3	2	
113	9	19	9	42	臺北市	中正區	中正區杭州南路1段與青島東路口	25.04278493	121.526497	0	0	3	3	8	6	5	3	1	1	5	4	5	13	2	1	10	4	5	2	16	1	5	1	5	2	10	1		2	2	13	
113	9	19	9	45	臺北市	中山區	中山區敬業三路與樂群一路口	25.07723937	121.5568249	0	0	1	2	7	7	5	3	1	1	5	4	5	13	1	1	1	3	5	1	16	1	6	1	7	1	8	1		1	3	2	
113	9	19	10	4	臺北市	大同區	大同區民權西路與民權西路225巷口	25.0632281	121.512756	0	0	1	2	8	6	5	4	2	1	5	4	5	13	2	1	10	5	5	2	9	4	9	1	7	1	4	1		1	3	2	
113	9	19	10	16	臺北市	士林區	士林區環河北路3段25號停車格旁	25.0833133	121.5071171	0	0	1	2	8	6	5	14	9	5	5	4	5	13	4	4	10	5	5	1	16	1	6	1	5	1	10	1		2	3	12	
113	9	19	10	58	臺北市	信義區	信義區福德街163號	25.0378537	121.5836295	0	0	1	2	8	7	5	14	9	1	5	4	5	13	4	4	5	4	5	2	9	4	1	1	3	2	2	1		1	3	17	
113	9	19	11	22	臺北市	萬華區	萬華區和平西路3段與南寧路口	25.035132	121.5033736	0	0	1	2	8	5	5	5	1	1	5	4	5	13	1	1	1	2	5	2	17	4	5	1	5	1	10	1		2	2	14	
113	9	19	11	27	臺北市	文山區	文山區木柵路1段165號	24.98760321	121.550663	0	0	1	2	8	6	5	14	9	1	5	4	3	10	4	4	5	4	5	2	17	4	14	1	3	2	8	1		1	3	4	
113	9	19	11	35	臺北市	中山區	中山區長春路與建國北路2段口	25.0546971	121.5365471	0	0	2	2	7	5	5	4	2	1	5	4	5	13	2	1	5	4	5	2	13	4	6	1	3	1	4	1		1	2	1	
113	9	19	11	35	臺北市	士林區	士林區中山北路5段與劍潭路口口	25.0842949	121.5253446	0	0	1	2	8	6	5	4	1	1	5	4	5	13	2	1	5	4	5	1	16	1	6	1	7	1	8	1		1	3	2	
113	9	19	11	50	臺北市	北投區	北投區公館路33號旁	25.1331895	121.5031423	0	0	1	2	8	6	5	14	9	1	5	4	5	13	4	4	10	5	5	2	17	1	1	1	5	1	8	1		2	2	17	
113	9	19	11	52	臺北市	士林區	士林區重慶北路4段與延平北路5段136巷口	25.0824376	121.51229	0	0	1	2	8	6	5	3	2	1	5	4	5	13	4	4	1	4	4	1	17	1	6	1	7	1	8	1		1	3	6	
113	9	19	11	55	臺北市	內湖區	內湖區內湖路2段與內湖路2段29巷口	25.0788359	121.5797495	0	0	1	2	8	5	5	4	1	1	5	4	5	13	4	4	5	5	5	2	16	1	5	1	7	1	8	1		1	3	8	
113	9	19	12	7	臺北市	大安區	大安區基隆路3段與辛亥路3段口	25.0194529	121.5468246	0	0	1	2	8	6	8	4	1	1	5	4	5	13	2	1	1	3	5	2	12	1	9	1	7	1	2	1		1	3	8	
113	9	19	12	16	臺北市	松山區	松山區市民大道6段與虎林街口	25.0494523	121.5763288	0	0	1	2	7	6	5	4	1	1	5	4	5	13	1	1	1	4	5	2	13	1	9	1	6	2	10	1		1	2	11	
113	9	19	12	30	臺北市	萬華區	萬華區西園路2段207號	25.02734	121.4943679	0	0	2	2	7	7	8	14	9	1	5	4	5	13	4	4	1	4	5	2	17	1	6	6	5	1	18	1		1	2	15	
113	9	19	12	50	臺北市	南港區	南港區東新街6-7號	25.0500756	121.5833985	0	0	1	3	8	7	5	14	9	1	5	4	5	13	4	4	5	4	5	2	17	1	9	7	3	9	19	1		1	4	15	
113	9	19	12	50	臺北市	萬華區	萬華區堤外便道往南（燈桿：龍山092）	25.0467107	121.5030594	0	0	2	2	8	5	5	14	11	1	5	4	5	13	4	4	1	4	5	2	13	4	9	1	5	1	10	1		1	2	11	
113	9	19	13	10	臺北市	北投區	北投區實踐街與實踐街49巷口	25.11520523	121.5094486	0	0	3	4	8	5	5	3	1	1	5	3	5	13	4	4	5	4	5	2	16	1	9	1	5	1	10	1		1	2	12	
113	9	19	13	44	臺北市	中正區	中正區杭州南路1段與仁愛路1段口	25.0382061	121.5250742	0	0	1	2	7	6	8	22	22	1	5	4	5	13	2	1	10	4	5	2	17	1	5	1	6	2	10	1		2	2	14	
113	9	19	13	47	臺北市	北投區	北投區尊賢街218巷與尊賢街218巷25弄口	25.1166848	121.5089314	0	0	1	2	8	6	5	4	1	1	5	4	5	13	4	4	10	5	5	1	15	1	9	1	7	1	8	1		2	3	5	14
113	9	19	14	10	臺北市	信義區	信義區松仁路28號	25.0398705	121.5683263	0	0	1	3	7	6	5	14	9	1	5	4	5	13	4	4	1	4	5	2	16	4	6	1	3	2	8	1		2	3	2	
113	9	19	14	15	臺北市	大安區	大安區和平東路2段86號	25.0252532	121.5397265	0	0	1	3	6	7	5	14	8	1	4	4	5	13	4	4	1	4	4	2	17	1	6	1	7	11	8	1		1	3	17	
113	9	19	14	39	臺北市	松山區	松山區南京東路3段342號	25.0516763	121.547768	0	0	1	2	7	6	5	14	9	1	5	4	5	13	1	1	1	3	4	2	13	1	9	1	6	1	10	1		2	2	11	
113	9	19	14	42	臺北市	中山區	中山區松江路與錦州街口	25.0604164	121.5332032	0	0	3	4	7	5	5	4	1	1	5	4	5	13	2	1	1	5	5	2	16	1	5	1	6	1	10	1		1	2	12	
113	9	19	15	0	臺北市	中山區	中山區建國北路1段與南京東路3段口	25.0518637	121.5370765	0	0	1	2	8	7	5	4	1	1	5	4	5	13	2	1	7	2	5	2	17	1	6	1	7	1	8	1		1	3	2	
113	9	19	15	10	臺北市	內湖區	內湖區環山路2段與麗山街170巷口	25.0850186	121.5746129	0	0	2	2	6	6	5	3	1	1	4	4	5	13	4	4	10	5	5	2	16	1	1	1	5	2	10	1		1	2	14	
113	9	19	16	0	臺北市	內湖區	內湖區行忠路與舊宗路1段口	25.0598147	121.5789859	0	0	1	2	6	6	5	3	1	1	4	4	5	13	4	4	1	4	5	2	16	1	6	1	7	2	8	1		1	3	2	
113	9	19	16	25	臺北市	大安區	大安區羅斯福路4段公館捷運站2號出口前	25.0147495	121.5345174	0	0	1	2	6	6	5	14	9	1	4	4	5	13	4	4	1	3	5	2	13	2	9	1	5	1	10	1		1	2	11	
113	9	19	16	45	臺北市	信義區	信義區福德街300巷43弄17號	25.0407233	121.5857159	0	0	1	3	6	7	8	14	9	1	4	4	5	13	4	4	10	5	5	2	13	4	14	1	7	9	4	1		1	3	2	
113	9	19	17	20	臺北市	松山區	松山區延壽街414號	25.05633073	121.556756	0	0	1	3	7	6	5	14	9	1	4	4	3	13	4	4	4	3	5	2	17	1	11	1	6	1	10	1		2	3	17	
113	9	19	17	33	臺北市	萬華區	萬華區堤外便道往北(貴陽疏散門)	25.0414321	121.4990077	0	0	1	2	7	5	5	14	11	1	4	4	5	13	2	1	3	4	5	2	17	1	14	1	6	1	10	1		1	2	13	
113	9	19	17	41	臺北市	中正區	中正區忠孝東路2段7號	25.04388023	121.5274066	0	0	1	2	6	6	5	14	9	1	4	4	5	13	4	4	1	4	5	2	18	1	9	1	5	1	10	1		2	2	14	