年	月	日	時	分	縣市	行政區	allLocation	GoogleLat	GoogleLng	死	2-30	受傷	當事人數	天候	道路照明設備	道路類別	道路型態	事故位置	路面狀況1	路面狀況2	路面狀況3	道路障礙1	道路障礙2	號誌1	號誌2	車道劃分-分向	車道劃分-分道1	車道劃分-分道2	車道劃分-分道3	事故類型及型態	行動電話	當事者行動狀態	駕駛資格情形	保護裝置	飲酒情形	駕駛執照種類	個人肇逃否	肇因碼-主要	性別	受傷程度	車輛撞擊部位1	車輛撞擊部位2
113	9	19	17	44	臺北市	大同區	大同區承德路2段91巷與無名巷口	25.05620304	121.5189305	0	0	2	2	6	5	5	4	1	1	4	4	5	13	4	4	10	5	5	2	17	1	9	1	5	2	10	1		1	2	12	
113	9	19	17	45	臺北市	內湖區	內湖區民權東路6段17號	25.0679164	121.5812903	0	0	1	2	8	7	5	14	9	1	5	4	5	13	1	1	1	3	4	1	13	1	8	1	6	1	10	1		1	2	11	
113	9	19	17	47	臺北市	文山區	文山區興隆路1段13號加油站出入口	25.0043342	121.5395072	0	0	1	2	7	5	5	4	1	1	4	4	5	13	4	4	5	4	5	2	16	1	5	1	7	1	8	1		1	3	2	
113	9	19	17	53	臺北市	士林區	士林區延平北路5段136巷口側附近	25.082153	121.5103828	0	0	1	3	7	5	5	14	8	1	5	4	5	13	1	1	8	3	5	2	17	4	13	1	3	9	10	1		1	3	13	
113	9	19	17	55	臺北市	內湖區	內湖區金湖路南往北(0308434燈桿)	25.07678017	121.6006402	0	0	1	2	8	5	5	14	7	1	5	4	5	13	4	4	3	4	4	2	17	1	9	1	6	2	10	1		1	2	11	
113	9	19	18	12	臺北市	信義區	信義區忠孝東路4段347號對面	25.0411572	121.5614647	0	0	1	2	6	7	5	14	9	1	4	4	5	13	2	1	1	4	5	2	18	1	9	1	6	2	10	1		2	2	14	
113	9	19	18	30	臺北市	北投區	北投區石牌路2段與天母西路130巷口	25.11941365	121.5225608	0	0	1	2	8	5	5	3	1	1	5	4	5	13	4	4	5	4	5	2	15	1	9	1	7	1	8	1		2	3	8	
113	9	19	18	33	臺北市	士林區	士林區基河路與文林路口	25.08604119	121.5248664	0	0	1	2	8	5	5	22	18	1	5	4	5	13	4	4	10	5	5	1	9	5	16	8	4	9	20	2		4	2	16	
113	9	19	18	33	臺北市	大安區	大安區仁愛路4段與仁愛路4段8巷口	25.0377372	121.5443794	0	0	1	2	7	5	5	3	1	1	4	4	5	13	4	4	7	3	5	2	17	1	5	1	7	1	8	1		1	3	17	
113	9	19	18	40	臺北市	中山區	中山區林森北路與林森北路485巷口	25.06122195	121.5256022	0	0	1	2	8	5	5	3	1	1	5	4	5	13	4	4	9	5	5	2	17	1	5	1	7	1	4	1		1	3	1	
113	9	19	18	52	臺北市	信義區	信義區信安街與嘉興街181巷口	25.0260077	121.5573979	0	0	1	2	7	5	5	4	1	1	5	4	5	13	1	1	9	4	5	2	13	1	5	1	7	2	8	1		1	3	1	
113	9	19	18	55	臺北市	信義區	信義區信安街115巷14號	25.02457144	121.5565071	0	0	1	2	7	5	5	11	9	1	5	4	5	13	4	4	10	5	5	2	17	1	6	8	4	1	20	1		2	2	14	
113	9	19	18	59	臺北市	大安區	大安區羅斯福路4段與基隆路4段口	25.0114996	121.5372805	0	0	1	2	7	5	5	4	1	1	4	4	5	13	2	1	10	5	5	1	17	4	9	1	3	1	10	1		1	2	12	
113	9	19	19	10	臺北市	中山區	中山區八德路2段167巷與建國北路1段11巷口	25.0472948	121.5379857	0	0	1	2	7	5	5	5	1	1	4	4	5	13	4	4	10	5	5	2	17	4	9	1	3	1	10	1		1	2	11	
113	9	19	19	14	臺北市	大安區	大安區忠孝東路3段與新生南路1段口	25.042418	121.5329338	0	0	2	2	7	5	5	4	1	1	4	4	5	13	1	1	10	5	5	2	12	1	9	1	5	1	10	1		1	2	12	
113	9	19	19	38	臺北市	文山區	文山區羅斯福路5段204號	25.0033228	121.5385842	0	0	2	2	8	5	5	14	9	1	5	4	5	13	4	4	1	4	5	2	13	1	9	1	6	1	10	1		1	2	11	
113	9	19	19	45	臺北市	中正區	中正區中華路1段與衡陽路口	25.0423878	121.5085392	0	0	1	2	7	5	5	4	2	1	5	4	5	13	1	1	1	4	5	2	12	1	15	1	7	2	8	1		1	3	6	
113	9	19	19	52	臺北市	文山區	文山區萬芳路與萬芳路107巷口口	24.9971796	121.5618931	0	0	2	3	8	5	5	14	9	1	5	4	5	13	4	4	5	4	5	2	9	1	1	1	7	1	2	1		1	3	17	
113	9	19	20	16	臺北市	文山區	文山區景興路23巷6弄與興隆路2段22巷9弄口口	24.99744039	121.5453742	0	0	1	2	8	5	5	3	2	1	5	4	5	13	4	4	10	5	5	2	17	1	5	1	7	1	8	1		1	3	17	
113	9	19	21	20	臺北市	松山區	松山區八德路4段638號	25.0499308	121.5753688	0	0	2	2	7	5	5	14	8	1	5	4	5	13	4	4	1	3	4	2	12	1	9	1	5	1	10	1		1	2	14	
113	9	19	21	41	臺北市	中山區	中山區林森北路50號	25.0482524	121.5242292	0	0	1	3	7	5	5	14	9	1	5	4	5	13	4	4	5	4	5	2	17	4	14	1	3	1	4	1		1	3	6	
113	9	19	21	53	臺北市	大同區	大同區重慶北路3段與昌吉街口	25.0660176	121.5137598	0	0	1	2	7	5	5	4	2	1	5	4	5	13	2	1	1	4	5	2	9	4	5	1	3	1	8	1		1	3	5	
113	9	19	22	4	臺北市	文山區	文山區羅斯福路5段48號前	25.00913763	121.5375669	0	0	1	2	8	5	5	14	9	1	5	4	5	13	4	4	1	4	5	2	13	1	9	1	3	11	10	1		1	3	11	
113	9	19	22	24	臺北市	大同區	大同區鄭州路與延平北路1段口	25.0498386	121.5118298	0	0	1	2	8	5	5	5	1	1	5	4	5	13	2	1	1	4	5	2	17	1	7	1	6	2	10	1		1	2	14	
113	9	19	22	35	臺北市	大同區	大同區西寧北路與南京西路口	25.0533737	121.5086627	0	0	2	2	8	6	5	14	9	1	5	4	5	13	2	1	9	4	5	2	17	4	9	1	6	1	10	1		1	2	11	
113	9	19	22	37	臺北市	萬華區	萬華區華中橋機車道(往新北市方向)	25.0185706	121.4967142	0	0	2	2	7	5	5	14	11	1	5	4	5	13	4	4	3	5	5	2	17	1	9	1	6	2	10	1		1	2	13	12
113	9	20	2	22	臺北市	萬華區	萬華區環河南路1段與漢口街2段口	25.0464284	121.5035479	0	0	1	2	8	5	5	3	1	1	5	4	5	13	3	1	4	3	5	2	3	1	5	1	7	1	8	1		1	3	1	
113	9	20	4	52	臺北市	中正區	中正區古亭河濱公園自行車道	25.0103255	121.5306331	0	0	2	2	7	5	8	22	23	1	5	4	5	13	4	4	5	5	5	2	17	1	5	8	4	2	20	1		1	2	12	
113	9	20	6	19	臺北市	文山區	文山區木新路3段與木新路3段45巷口	24.9825136	121.5641489	0	0	1	2	7	6	6	4	1	1	5	4	5	13	1	1	10	5	5	2	3	1	5	1	7	2	4	1		2	3	5	
113	9	20	6	50	臺北市	中山區	中山區民權東路2段與中原街口	25.0626945	121.5290976	0	0	2	2	8	6	5	4	1	1	5	4	5	13	2	1	1	4	5	2	13	1	9	1	6	2	8	1		2	2	11	
113	9	20	6	50	臺北市	士林區	士林區洲美快速道路214號電燈桿	25.0959287	121.4971371	0	0	2	3	8	6	5	8	9	1	5	4	5	13	4	4	1	3	5	1	17	1	7	1	7	2	2	1		1	2	5	
113	9	20	7	0	臺北市	中山區	中山區長春路與南京東路3段223巷口	25.0545065	121.5435231	0	0	2	2	8	7	5	4	1	1	5	4	5	13	4	4	9	5	5	2	17	1	9	8	4	1	20	1		1	2	17	
113	9	20	7	2	臺北市	中山區	中山區中山北路1段與長安東路1段口	25.0497436	121.5217021	0	0	1	2	8	6	5	4	1	1	5	4	5	13	2	1	1	4	1	2	16	1	6	1	7	1	8	1		1	3	5	
113	9	20	7	18	臺北市	北投區	北投區中央北路4段48號	25.1345934	121.4773704	0	0	1	2	8	7	5	14	9	1	5	4	5	13	2	1	5	4	5	2	16	1	11	1	7	1	8	1		2	3	2	
113	9	20	7	19	臺北市	大安區	大安區復興南路1段253巷與仁愛路4段8巷26弄口口	25.0368022	121.5443574	0	0	1	2	8	7	5	4	1	1	5	4	5	13	4	4	10	5	5	1	17	1	9	1	6	1	10	1		1	2	12	
113	9	20	8	0	臺北市	大同區	大同區大龍街與大龍街187巷口	25.0691972	121.5159485	0	0	1	2	8	6	5	3	1	1	5	4	5	13	4	4	9	4	5	2	16	1	5	1	5	1	10	2		1	3	12	
113	9	20	8	12	臺北市	中山區	中山區北安路與北安路805巷口	25.08541295	121.5542063	0	0	1	2	7	5	5	3	2	1	5	4	5	13	4	4	3	4	5	2	13	4	9	1	3	1	10	1		1	2	11	
113	9	20	8	15	臺北市	萬華區	萬華區萬大路與萬大路493巷口	25.0202019	121.497877	0	0	1	2	8	7	5	3	2	1	5	4	5	13	1	1	3	5	5	2	17	1	9	1	5	1	10	1		2	2	13	
113	9	20	8	20	臺北市	松山區	松山區麥帥二橋東往西健康匝道前30公尺處	25.05564741	121.570888	0	0	1	3	8	6	5	8	9	1	5	4	5	13	4	4	1	4	5	2	13	1	9	1	7	1	8	1		1	3	1	
113	9	20	8	24	臺北市	松山區	松山區麥帥一橋(南京東路下橋處)	25.05136925	121.5676792	0	0	1	2	8	6	5	14	9	1	5	4	5	13	4	4	9	4	5	2	9	1	9	1	7	9	2	1		1	3	17	
113	9	20	8	30	臺北市	中山區	中山區南京西路12號	25.0791602	121.5426126	0	0	1	2	8	6	5	14	9	1	5	4	5	13	4	4	1	4	4	2	16	1	9	1	6	2	10	1		2	2	14	
113	9	20	8	30	臺北市	中正區	中正區天津街5號	25.0473496	121.5222294	0	0	1	2	8	6	8	22	22	1	5	4	5	13	4	4	9	4	5	2	17	1	11	1	7	2	8	1		1	3	8	
113	9	20	8	35	臺北市	萬華區	萬華區西園路2段9號附近	25.0321724	121.4980128	0	0	2	3	8	7	5	14	9	1	5	4	5	13	4	4	8	3	5	2	17	1	5	1	5	1	10	1		2	3	12	
113	9	20	8	40	臺北市	內湖區	內湖區成功路2段452號	25.0720975	121.58959	0	0	2	3	8	6	5	14	9	1	5	4	5	13	1	1	1	4	5	2	13	1	9	1	6	2	10	1		2	2	11	
113	9	20	8	48	臺北市	大同區	大同區承德路1段80號	25.0524221	121.5174101	0	0	1	3	8	6	5	14	9	1	5	4	5	13	4	4	1	4	5	2	17	4	15	1	5	2	10	1		1	2	11	
113	9	20	8	56	臺北市	大安區	大安區仁愛路3段與新生南路1段口	25.0378996	121.5329302	0	0	1	2	7	6	5	4	1	1	5	4	5	13	1	1	1	4	5	2	3	5	16	8	4	10	20	1		2	2	16	
113	9	20	9	31	臺北市	大安區	大安區敦南街與敦化南路2段200巷口口	25.022958	121.5466219	0	0	1	2	8	7	8	3	1	1	5	4	5	13	4	4	10	5	5	1	17	1	5	1	7	1	8	1		1	3	4	
113	9	20	9	46	臺北市	士林區	士林區延平北路5段與中正路口	25.0865425	121.5092689	0	0	1	2	8	6	5	4	1	1	5	4	5	13	2	1	1	4	5	1	12	4	9	1	3	11	1	2		1	4	2	
113	9	20	9	50	臺北市	中正區	中正區中山南路7號	25.039771	121.5180318	0	0	1	3	6	7	6	14	9	1	4	4	5	13	4	4	1	4	5	2	17	1	4	1	5	9	10	1		1	3	13	
113	9	20	10	6	臺北市	士林區	士林區環河北路3段堤外自行車道延平河濱32	25.0824644	121.5068556	0	0	1	2	8	6	8	14	23	1	5	4	5	13	4	4	9	5	5	1	10	1	4	8	4	2	20	1		2	2	11	
113	9	20	10	17	臺北市	大安區	大安區永康街與潮州街口	25.0283817	121.5296113	0	0	1	2	8	7	5	4	1	1	5	4	5	13	4	4	8	3	5	2	15	4	9	1	3	1	8	1		2	3	4	
113	9	20	10	42	臺北市	信義區	信義區松山路287巷14號	25.0428738	121.5790123	0	0	1	2	8	6	5	14	9	1	5	4	5	13	4	4	10	5	5	2	12	1	9	1	7	1	7	1		1	2	5	
113	9	20	11	10	臺北市	大同區	大同區承德路3段與承德路3段129巷口	25.0672164	121.5183256	0	0	1	2	8	6	5	4	2	1	5	4	5	13	2	1	8	3	5	1	3	4	5	1	3	2	8	1		1	3	1	
113	9	20	11	16	臺北市	文山區	文山區辛亥路5段25巷與興隆路3段36巷口	24.9995281	121.5550666	0	0	1	2	8	6	5	3	1	1	5	4	5	13	3	1	9	5	5	2	13	1	9	1	7	2	8	1		1	3	1	
113	9	20	11	24	臺北市	內湖區	內湖區五分街72巷與五分街口	25.0671909	121.6163688	0	0	2	2	8	6	5	4	1	1	5	4	5	13	4	4	10	5	5	2	15	1	9	1	6	2	10	1		2	2	12	
113	9	20	11	44	臺北市	南港區	南港區南港路2段與興南街口	25.0540874	121.5976035	0	0	2	2	7	6	5	3	1	1	5	4	5	13	2	1	5	4	4	2	16	1	5	1	5	1	10	1		1	2	11	
113	9	20	12	3	臺北市	萬華區	萬華區西藏路125巷31號	25.0253612	121.503596	0	0	3	4	7	7	5	14	20	1	5	4	5	13	4	4	10	5	5	2	14	1	2	1	7	1	8	1		1	3	3	
113	9	20	12	44	臺北市	萬華區	萬華區漢中街與內江街口	25.0413577	121.5068149	0	0	2	2	8	7	5	4	2	1	5	4	5	13	1	1	9	5	5	2	17	1	11	1	5	1	10	1		1	2	12	
113	9	20	13	30	臺北市	大安區	大安區辛亥路2段與建國南路2段口	25.0227486	121.5380144	0	0	1	2	8	5	5	5	2	1	5	4	5	13	2	1	1	4	5	1	17	4	1	1	3	1	10	1		1	3	14	
113	9	20	13	39	臺北市	中正區	中正區林森南路與青島東路口	25.043533	121.5230083	0	0	1	2	8	6	5	4	1	1	5	4	5	13	1	1	5	4	5	2	16	1	5	1	6	9	10	1		2	2	14	
113	9	20	14	35	臺北市	內湖區	內湖區瑞光路513巷與瑞光路口	25.0788339	121.5691713	0	0	1	2	8	6	5	4	1	1	5	4	5	13	1	1	10	5	5	2	16	1	5	1	6	2	10	1		2	2	14	
113	9	20	15	36	臺北市	大安區	大安區仁愛路3段22號	25.0376681	121.540207	0	0	1	2	8	7	5	14	9	1	5	4	5	13	4	4	8	3	5	2	12	4	1	1	3	1	8	1		1	3	5	
113	9	20	15	43	臺北市	北投區	北投區振興街與天母西路130巷口	25.11833122	121.5221061	0	0	1	3	8	7	5	3	1	1	5	4	5	13	4	4	5	4	5	2	17	1	6	1	7	9	8	1		1	3	17	
113	9	20	15	51	臺北市	士林區	士林區仰德大道1段101號上方50公尺	25.10355332	121.5386114	0	0	1	2	8	7	5	11	9	1	5	4	5	13	4	4	4	4	5	1	17	1	9	1	5	2	10	1		2	2	14	
113	9	20	16	22	臺北市	信義區	信義區基隆路1段與基隆路1段101巷口口	25.04550376	121.567078	0	0	1	2	8	6	5	3	1	1	5	4	5	13	4	4	1	4	5	2	17	1	9	1	6	2	10	1		1	3	17	
113	9	20	16	23	臺北市	大安區	大安區基隆路4段73巷(臺科大停車場入口處)	25.0123615	121.540196	0	0	1	2	8	5	5	14	9	1	5	4	5	13	4	4	9	4	4	2	16	1	6	1	7	1	8	1		1	3	2	
113	9	20	16	41	臺北市	大安區	大安區青田街7巷與和平東路1段183巷口	25.026598	121.532081	0	0	1	2	8	7	5	4	1	1	5	4	5	13	4	4	10	5	5	2	15	1	9	1	7	1	8	1		1	3	5	
113	9	20	16	45	臺北市	大安區	大安區信義路3段與建國南路1段口	25.0336723	121.5375857	0	0	1	2	8	7	5	5	1	1	5	4	5	13	1	1	8	3	5	2	15	4	9	8	3	1	20	1		1	2	12	
113	9	20	17	4	臺北市	信義區	信義區莊敬路418號與吳興街345巷口	25.0271979	121.5663612	0	0	1	2	8	6	5	4	1	1	5	4	5	13	1	1	9	4	4	2	17	4	5	8	3	9	20	2		1	4	17	
113	9	20	17	8	臺北市	信義區	信義區松仁路與松勤街口	25.0318779	121.5683851	0	0	1	2	8	6	5	4	1	1	5	4	5	13	2	1	9	4	5	2	16	1	6	1	7	1	4	1		1	3	2	
113	9	20	17	11	臺北市	內湖區	內湖區永保街與安康路口	25.0645051	121.6069481	0	0	1	2	8	6	5	3	1	1	5	4	5	13	4	4	5	5	5	2	17	1	6	1	7	2	8	1		1	3	2	
113	9	20	17	12	臺北市	內湖區	內湖區民權東路6段與民權東路6段19巷口	25.0680066	121.5813906	0	0	1	2	8	6	5	4	1	1	5	4	5	13	1	1	1	4	5	2	17	1	8	1	5	1	9	1		1	3	17	
113	9	20	17	20	臺北市	北投區	北投區崇仰一路1210487號燈桿	25.12397235	121.5067417	0	0	1	2	8	7	5	11	9	1	5	4	5	13	4	4	10	5	5	2	10	1	9	1	7	1	8	1		2	3	1	
113	9	20	17	57	臺北市	大安區	大安區忠孝東路4段181巷與敦化南路1段161巷口	25.0435122	121.5507901	0	0	1	2	8	5	5	4	1	1	5	4	5	13	4	4	10	5	5	2	15	1	9	1	6	1	10	1		2	2	11	
113	9	20	18	51	臺北市	中山區	中山區北安路670巷與北安路630巷9弄口	25.08396231	121.5498843	0	0	1	3	8	5	5	3	1	1	5	4	5	13	4	4	5	5	5	2	16	1	6	1	7	1	8	1		2	3	1	
113	9	20	19	0	臺北市	大安區	大安區杭州南路2段與信義路2段口口	25.03535424	121.5242477	0	0	2	3	8	5	5	4	1	1	5	4	5	13	2	1	8	3	5	1	13	1	9	1	7	1	8	1		1	3	1	
113	9	20	19	30	臺北市	北投區	北投區中央北路3段與中央北路3段1巷口	25.1383286	121.4867658	0	0	1	2	8	5	5	4	2	1	5	4	5	13	2	1	5	5	5	2	16	4	5	1	3	1	11	2		2	3	11	
113	9	20	21	12	臺北市	信義區	信義區市民大道5段與東興路口	25.0482326	121.5660132	0	0	1	2	8	5	5	4	1	1	5	4	5	13	1	1	1	4	5	2	17	1	9	1	6	1	10	1		1	3	12	
113	9	20	21	30	臺北市	大安區	大安區和平東路1段187號	25.0263239	121.5331284	0	0	2	3	8	5	5	14	8	1	5	4	5	13	4	4	1	3	4	2	17	1	15	1	7	1	8	1		2	3	8	
113	9	20	21	34	臺北市	大安區	大安區信義路4段148號	25.0331356	121.5500414	0	0	1	2	8	5	5	14	9	1	5	4	5	13	4	4	1	4	5	2	13	1	9	1	5	1	10	1		2	2	14	
113	9	20	22	33	臺北市	大安區	大安區文昌街250巷與通化街19巷口	25.0316533	121.5557191	0	0	2	3	8	5	5	5	1	1	5	4	5	13	4	4	10	5	5	2	15	4	9	1	7	1	4	1		1	3	8	
113	9	20	22	56	臺北市	大同區	大同區承德路2段與民權西路口	25.0627673	121.5182903	0	0	1	2	8	5	5	5	1	1	5	4	5	13	2	1	1	4	5	2	17	1	8	1	6	1	10	1		2	2	12	
113	9	20	23	3	臺北市	大同區	大同區環河北路2段與歸綏街口	25.0580013	121.5085318	0	0	1	2	7	5	5	3	2	1	5	4	5	13	4	4	1	4	5	2	17	4	6	1	3	1	10	1		1	3	13	
113	9	20	23	20	臺北市	中山區	中山區中山北路1段與市民大道2段口	25.04801114	121.5208966	0	0	2	3	8	5	5	4	2	1	5	4	5	13	1	1	1	4	5	2	13	1	9	1	6	1	10	1		1	2	11	
113	9	20	23	50	臺北市	大同區	大同區台北橋機慢車道往三重	25.0634989	121.5087227	0	0	1	2	8	5	5	8	11	1	5	4	5	13	4	4	10	5	5	2	17	1	7	1	5	2	10	1		2	3	17	
113	9	21	0	4	臺北市	中山區	中山區中原街與新生北路口側附近2段119巷口	25.05897742	121.5289133	0	0	2	4	7	5	5	5	1	1	5	4	5	12	4	4	9	4	5	2	17	4	9	1	3	1	4	1		1	3	8	
113	9	21	0	15	臺北市	文山區	文山區興隆路1段與興隆路1段83巷口	25.0032972	121.5412243	0	0	1	5	8	6	5	3	2	1	5	4	5	13	2	1	1	4	5	2	17	1	11	1	7	2	4	1		1	3	17	
113	9	21	0	22	臺北市	中山區	中山區松江路132巷與松江路口口	25.0529277	121.5315334	0	0	1	2	8	6	5	3	1	1	5	4	5	13	4	4	5	5	5	2	15	4	9	1	3	1	4	1		1	3	1	
113	9	21	0	35	臺北市	士林區	士林區中正路與承德路4段口	25.0908259	121.5163729	0	0	1	2	8	5	5	4	1	1	5	4	5	13	2	1	1	2	5	2	12	1	7	1	6	1	10	1		1	2	14	
113	9	21	5	9	臺北市	信義區	信義區松仁路89號	25.0371226	121.5684666	0	0	2	2	8	5	5	14	9	1	5	4	5	13	4	4	1	4	5	2	12	1	8	1	7	2	4	1		1	2	2	
113	9	21	8	15	臺北市	中正區	中正區中山南路5號	25.0422364	121.5187404	0	0	2	3	7	7	5	14	9	1	5	4	5	13	4	4	1	4	5	2	16	1	6	1	5	1	10	1		1	3	12	
113	9	21	8	45	臺北市	萬華區	萬華區中華路1段與忠孝西路2段口	25.0480705	121.5095001	0	0	1	2	6	7	5	4	2	1	4	4	5	13	1	1	1	5	5	2	13	1	12	1	6	1	10	1		1	2	11	
113	9	21	10	0	臺北市	中山區	中山區北安路與北安路759巷口	25.0857428	121.5530542	0	0	1	2	7	5	8	4	2	1	4	4	5	13	1	1	1	4	5	2	13	4	9	1	3	1	10	1		1	2	11	
113	9	21	10	0	臺北市	士林區	士林區重慶北路4段81號	25.0818344	121.5126056	0	0	1	2	6	6	5	14	7	1	4	4	5	13	4	4	1	4	4	2	18	1	9	1	6	1	10	1		2	2	12	
113	9	21	10	2	臺北市	士林區	士林區中山北路6段157巷與中山北路6段口	25.1067844	121.5248635	0	0	1	2	6	6	5	3	2	1	4	4	5	13	4	4	1	4	5	1	17	4	6	7	3	11	19	2		1	3	17	
113	9	21	10	13	臺北市	信義區	信義區基隆路2段41號	25.0312536	121.5585566	0	0	1	2	6	6	5	14	9	1	4	4	5	13	4	4	9	4	5	2	18	1	9	1	6	1	10	1		1	2	15	
113	9	21	10	15	臺北市	大同區	大同區哈密街108號	25.0728835	121.5151999	0	0	1	2	6	6	5	14	9	1	4	4	5	13	4	4	9	5	5	2	17	4	9	1	5	1	10	1		1	2	14	
113	9	21	10	24	臺北市	文山區	文山區和平東路4段018電桿對面	25.0044459	121.5713391	0	0	1	2	6	6	5	11	9	1	4	4	5	13	4	4	5	5	5	2	18	1	9	1	5	9	10	1		1	2	14	
113	9	21	10	36	臺北市	信義區	信義區忠孝東路4段505號	25.043523	121.55799	0	0	1	2	7	7	5	14	20	4	5	4	5	13	4	4	10	5	5	2	18	4	9	8	2	1	20	1		2	2	12	
113	9	21	10	40	臺北市	北投區	北投區大度路3段301號關渡公車站前(西往東)	25.1234303	121.4651031	0	0	2	3	6	5	5	14	9	1	4	4	5	13	4	4	9	4	5	1	12	1	9	1	6	1	10	1		2	2	14	
113	9	21	10	46	臺北市	萬華區	萬華區桂林路244巷與桂林路242巷107弄口	25.0365777	121.4932209	0	0	3	3	6	5	5	4	1	1	4	4	5	13	4	4	10	5	5	2	15	4	9	1	5	1	10	1		2	2	13	
113	9	21	10	55	臺北市	文山區	文山區木柵路2段138巷與興隆路4段109巷口口	24.9867361	121.5627742	0	0	1	2	6	7	5	4	18	1	4	4	5	13	2	1	5	5	5	2	3	1	5	1	7	2	8	1		1	3	1	
113	9	21	11	0	臺北市	中正區	中正區羅斯福路3段316巷與羅斯福路3段286巷口口	25.0158514	121.5325216	0	0	1	2	6	6	5	4	2	1	4	4	5	13	4	4	10	5	5	2	17	1	9	1	6	1	10	1		1	2	12	
113	9	21	11	10	臺北市	北投區	北投區大度路與中央北路2段257巷口	25.1221072	121.4863235	0	0	2	3	6	7	5	5	1	1	4	4	5	13	2	1	1	4	3	1	16	1	6	1	7	1	8	1		1	3	2	
113	9	21	11	27	臺北市	萬華區	萬華區開封街2段53號	25.0470434	121.5054232	0	0	1	3	6	5	8	14	9	1	4	4	5	13	4	4	10	5	5	2	17	4	9	1	3	1	10	1		2	2	11	
113	9	21	11	43	臺北市	南港區	南港區研究院路2段與舊莊街1段口	25.0423731	121.6170439	0	0	1	2	6	5	5	3	1	1	4	4	5	13	2	1	5	4	5	2	17	1	6	1	7	1	6	1		2	3	2	
113	9	21	12	0	臺北市	北投區	北投區致遠一路1段119號10號停車格旁	25.1100087	121.515034	0	0	1	2	6	5	5	14	9	1	4	4	5	13	4	4	9	4	5	1	17	1	14	1	7	1	8	1		1	3	4	
113	9	21	12	8	臺北市	信義區	信義區信義路5段與市府路口	25.0331545	121.5635163	0	0	1	2	6	7	5	4	1	1	4	4	5	13	1	1	3	4	5	2	17	4	6	1	3	2	8	1		1	3	8	
113	9	21	12	20	臺北市	信義區	信義區忠孝東路5段與大道路口	25.043058	121.5809746	0	0	1	2	6	7	5	14	9	1	4	4	5	13	1	1	3	4	5	2	16	4	6	1	3	1	8	1		1	3	1	
113	9	21	12	29	臺北市	信義區	信義區忠孝東路5段789號	25.0439868	121.5816428	0	0	1	2	6	6	5	14	9	1	4	4	5	13	4	4	1	4	1	2	12	1	9	1	7	1	8	1		1	3	2	
113	9	21	12	36	臺北市	中山區	中山區林森北路與中山北路2段77巷口	25.0574957	121.5254686	0	0	1	2	6	5	8	4	2	1	4	4	5	13	4	4	5	5	5	2	15	4	9	1	3	1	4	1		1	3	2	
113	9	21	12	41	臺北市	大安區	大安區大安路1段197號	25.0354955	121.5460571	0	0	1	2	6	6	5	14	8	1	4	4	5	13	4	4	4	3	4	2	16	1	8	1	7	1	4	1		1	3	2	
113	9	21	12	45	臺北市	中正區	中正區市民大道1段168號	25.0482895	121.5187073	0	0	2	2	6	7	5	22	6	1	4	4	5	13	4	4	1	4	5	2	12	1	5	1	6	1	10	1		2	2	14	
113	9	21	13	30	臺北市	內湖區	內湖區南京東路6段368巷與新明路口	25.0580354	121.587126	0	0	1	2	6	6	5	3	1	1	4	4	5	13	1	1	10	5	5	2	16	1	15	1	6	2	9	1		1	2	14	
113	9	21	13	46	臺北市	大安區	大安區市民大道4段與市民大道4段68巷口	25.0449108	121.5472166	0	0	1	2	6	6	5	3	1	1	4	4	5	13	4	4	9	3	5	2	16	1	6	1	7	1	8	1		1	3	15	
113	9	21	13	51	臺北市	中山區	中山區吉林路與民生東路2段口	25.0501057	121.521101	0	0	1	2	6	7	5	4	2	1	4	4	5	13	1	1	4	3	5	1	17	1	5	1	6	1	10	1		2	2	12	
113	9	21	15	16	臺北市	士林區	士林區通河街與通河街179巷口	25.08158285	121.5193652	0	0	1	2	6	5	5	3	1	1	3	4	5	13	4	4	9	4	5	1	15	1	9	1	5	1	10	1		2	3	17	
113	9	21	15	42	臺北市	南港區	南港區忠孝東路7段與忠孝東路7段265巷口	25.0517825	121.6036996	0	0	2	3	6	6	5	3	1	1	4	4	5	13	2	1	1	4	5	2	18	1	9	1	5	1	10	1		1	2	12	
113	9	21	15	56	臺北市	信義區	信義區光復南路451號	25.0346504	121.5575732	0	0	2	3	6	6	5	14	9	1	4	4	5	13	4	4	1	4	5	1	13	4	9	1	3	1	8	1		1	3	1	
113	9	21	16	40	臺北市	中正區	中正區重慶南路1段1號	25.0467786	121.5132621	0	0	1	2	6	7	5	14	9	1	4	4	5	13	4	4	10	4	5	2	16	1	5	1	5	1	10	1		1	3	14	
113	9	21	16	44	臺北市	大安區	大安區市民大道4段與忠孝東路4段223巷口	25.0442883	121.5528485	0	0	1	2	6	6	6	4	2	1	4	4	5	13	1	1	1	4	5	2	16	4	8	1	3	1	10	1		1	2	12	
113	9	21	16	50	臺北市	信義區	信義區忠孝東路4段515號	25.0415528	121.5583781	0	0	1	2	6	6	5	14	23	2	4	4	5	13	4	4	10	5	5	1	18	4	9	8	4	9	20	1		1	2	14	
113	9	21	17	10	臺北市	信義區	信義區忠孝東路4段515號	25.0414979	121.5585726	0	0	1	3	6	6	5	14	9	1	4	4	5	13	4	4	1	4	5	1	17	4	14	1	3	1	8	1		1	3	2	