年	月	日	時	分	縣市	行政區	allLocation	GoogleLat	GoogleLng	死	2-30	受傷	當事人數	天候	道路照明設備	道路類別	道路型態	事故位置	路面狀況1	路面狀況2	路面狀況3	道路障礙1	道路障礙2	號誌1	號誌2	車道劃分-分向	車道劃分-分道1	車道劃分-分道2	車道劃分-分道3	事故類型及型態	行動電話	當事者行動狀態	駕駛資格情形	保護裝置	飲酒情形	駕駛執照種類	個人肇逃否	肇因碼-主要	性別	受傷程度	車輛撞擊部位1	車輛撞擊部位2
113	9	21	17	57	臺北市	大安區	大安區基隆路2段與基隆路2段144巷口口	25.0280939	121.5565433	0	0	1	2	6	5	5	14	9	1	4	4	5	13	4	4	1	3	5	1	17	1	8	1	7	9	8	1		1	2	8	
113	9	21	18	24	臺北市	士林區	士林區文林路與美崙街口	25.09732467	121.5240072	0	0	1	2	6	5	5	4	2	1	4	5	5	13	2	1	5	4	4	2	18	1	5	1	5	1	10	1		1	2	11	
113	9	21	18	36	臺北市	士林區	士林區中山北路6段與中山北路6段290巷口	25.11038661	121.5255542	0	0	1	2	6	5	5	3	2	1	4	4	5	13	2	1	1	4	1	2	17	4	7	7	3	11	19	2		4	4	17	
113	9	21	18	41	臺北市	內湖區	內湖區民權東路6段208號	25.06798731	121.5961711	0	0	1	3	6	5	5	14	9	1	4	3	4	12	4	4	1	4	5	2	24	1	9	1	7	9	2	1		3	3	10	
113	9	21	18	54	臺北市	大同區	大同區鄭州路與西寧北路口	25.05062832	121.5082203	0	0	1	2	6	5	5	5	1	1	4	4	5	13	4	4	1	5	5	2	16	1	9	1	7	2	8	1		1	3	5	
113	9	21	19	30	臺北市	大安區	大安區辛亥隧道(內)往東	24.99940881	121.5579732	0	0	1	2	6	5	5	6	9	1	4	4	5	13	4	4	1	1	5	1	29	1	15	1	5	1	10	1		1	2	15	
113	9	21	19	38	臺北市	信義區	信義區福德街84巷與福德街口	25.0371054	121.581532	0	0	1	2	6	5	5	4	1	4	4	4	5	13	1	1	9	4	5	1	17	1	11	1	7	1	3	1		1	3	8	
113	9	21	20	22	臺北市	大安區	大安區信義路4段與安和路1段口	25.0333734	121.5524979	0	0	1	2	7	5	5	4	1	1	5	4	5	13	2	1	1	3	5	2	16	1	5	1	7	1	8	1		1	3	2	
113	9	21	21	5	臺北市	萬華區	萬華區中華路1段與貴陽街2段口	25.0386455	121.506941	0	0	2	4	6	5	5	4	1	1	4	4	5	13	2	1	1	4	1	2	23	4	9	1	3	2	4	1		1	3	1	
113	9	21	21	20	臺北市	中正區	中正區市民大道1段168號	25.0483655	121.5183112	0	0	3	4	6	5	5	14	9	1	4	4	5	13	4	4	1	4	5	1	12	1	1	1	7	2	8	1		1	3	4	
113	9	21	22	15	臺北市	大同區	大同區長安西路72號	25.0503166	121.5193813	0	0	1	2	6	5	5	14	9	1	4	4	5	13	4	4	5	5	5	2	2	1	15	1	3	1	8	2		4	2	15	
113	9	21	22	51	臺北市	中山區	中山區龍江路415巷與民族東路512巷口	25.06639824	121.5419992	0	0	1	2	6	5	5	4	2	1	4	4	5	13	4	4	10	5	5	2	17	1	5	1	7	1	8	1		1	3	8	14
113	9	22	0	16	臺北市	中山區	中山區建國北路1段與長安東路2段口	25.04838032	121.5364995	0	0	1	2	6	5	5	4	1	1	4	4	5	13	1	1	5	4	5	2	16	4	9	1	6	1	10	1		1	2	14	
113	9	22	1	28	臺北市	松山區	松山區市民大道4段與復興南路1段口	25.0449769	121.543996	0	0	1	2	6	5	5	4	1	1	4	4	5	13	2	1	1	4	5	2	17	4	21	7	3	11	10	2		1	4	15	
113	9	22	7	40	臺北市	南港區	南港區南港路2段與南港路2段41巷口	25.0536753	121.6027886	0	0	1	2	6	7	5	3	2	1	4	4	5	13	1	1	4	3	4	2	12	1	7	6	5	1	10	1		1	3	14	
113	9	22	8	20	臺北市	士林區	士林區承德路5段南向北方向(1101939燈桿)	25.0954938	121.5144427	0	0	1	2	6	6	5	14	8	1	4	4	5	13	4	4	10	4	4	1	17	1	9	3	6	9	18	1		2	2	11	
113	9	22	9	30	臺北市	信義區	信義區松隆路36號	25.0435509	121.5675352	0	0	1	2	8	7	5	14	9	1	5	4	5	13	1	1	9	4	4	2	18	1	9	1	6	1	10	1		2	2	12	
113	9	22	9	55	臺北市	中山區	中山區復興北路與朱崙街口	25.0498638	121.54505	0	0	2	3	7	6	5	3	1	1	5	4	3	10	4	4	1	4	4	2	16	4	6	1	3	1	8	1		1	3	6	
113	9	22	10	57	臺北市	松山區	松山區市民大道4段209號	25.0445416	121.552872	0	0	1	2	6	6	5	14	9	1	4	4	5	13	4	4	1	3	5	2	17	4	6	1	3	1	4	1		1	3	8	
113	9	22	11	0	臺北市	中正區	中正區館前路與開封街1段口	25.0459445	121.5149846	0	0	1	2	6	7	5	3	2	1	4	4	5	13	4	4	5	4	5	2	17	1	5	1	5	2	10	1		2	2	14	
113	9	22	11	7	臺北市	士林區	士林區社中街與社正路口	25.0889026	121.510551	0	0	1	2	6	6	5	4	1	1	4	4	5	13	1	1	5	5	5	2	17	1	4	6	5	2	10	1		1	2	12	
113	9	22	11	16	臺北市	大安區	大安區辛亥路3段157巷與芳蘭路口	25.0168491	121.5490679	0	0	1	2	6	5	5	5	1	1	4	4	5	13	2	1	1	4	5	2	17	4	5	1	3	1	10	1		2	2	13	
113	9	22	11	18	臺北市	文山區	文山區木柵路1段34號	24.9867948	121.5464936	0	0	2	2	6	7	5	14	9	1	4	4	5	13	4	4	10	4	5	2	17	1	6	1	5	1	10	1		1	2	14	
113	9	22	11	29	臺北市	中山區	中山區民族東路與松江路口引道	25.0677345	121.5331684	0	0	1	2	6	6	5	4	1	1	4	4	5	13	2	1	1	4	5	2	16	1	6	1	7	1	8	1		1	3	2	
113	9	22	12	33	臺北市	信義區	信義區嘉興街與嘉興街181巷口	25.0263797	121.5564646	0	0	1	2	6	6	5	3	1	1	4	4	5	13	3	1	5	4	5	2	16	4	5	1	3	2	4	1		1	3	5	
113	9	22	12	55	臺北市	信義區	信義區光復南路與光復南路290巷口對面	25.0394231	121.5577526	0	0	1	2	6	6	5	4	2	1	4	4	5	13	2	1	3	5	5	2	15	4	1	1	3	1	8	1		1	3	1	
113	9	22	13	50	臺北市	大同區	大同區民權西路194號	25.0629007	121.5142795	0	0	1	2	6	6	5	14	9	1	4	4	5	13	4	4	1	4	5	2	13	4	8	1	6	11	10	1		1	2	11	
113	9	22	14	14	臺北市	中正區	中正區水源快速道路與水源快速道路口往師大路往南	25.0208487	121.5242347	0	0	1	3	6	7	8	22	22	1	4	4	5	13	4	4	10	4	5	2	13	4	9	1	7	2	8	1		1	3	1	
113	9	22	15	34	臺北市	萬華區	萬華區雙園街與雙園街40巷口	25.02977993	121.4943304	0	0	1	2	6	7	5	4	2	1	4	4	5	13	4	4	5	4	5	2	17	1	5	1	6	1	10	1		2	2	12	
113	9	22	16	48	臺北市	北投區	北投區中和街與復興一路口	25.1389647	121.5017823	0	0	2	2	6	5	5	3	19	1	4	4	5	13	4	4	10	5	5	2	3	5	16	8	4	10	20	1		2	2	16	
113	9	22	17	27	臺北市	萬華區	萬華區環河南路1段與忠孝西路2段口	25.0488439	121.5060984	0	0	1	2	6	7	5	3	1	1	4	4	5	13	1	1	4	3	5	2	11	1	21	1	7	1	4	1		1	3	1	
113	9	22	18	38	臺北市	南港區	南港區市民大道8段與南港路2段178巷口	25.0520706	121.5995434	0	0	2	2	6	5	5	3	2	1	4	4	5	13	3	1	1	4	5	2	15	4	11	8	4	1	20	1		1	2	11	
113	9	22	19	12	臺北市	中山區	中山區長春路與長春路3巷口	25.0549791	121.5234347	0	0	1	2	6	5	5	3	1	1	4	4	5	13	4	4	9	4	4	2	16	1	11	1	7	1	4	1		1	3	4	
113	9	22	19	53	臺北市	文山區	文山區基隆路4段與汀州路4段口	25.0108202	121.5364196	0	0	1	2	6	5	5	5	1	1	4	4	5	13	2	1	1	4	1	1	16	1	15	1	6	1	10	1		2	2	12	
113	9	22	20	28	臺北市	文山區	文山區木新路3段與木新路3段155巷口	24.9817824	121.5611415	0	0	1	2	6	5	5	3	1	1	4	4	5	13	2	1	5	5	4	2	16	1	11	1	7	2	8	1		1	3	4	
113	9	22	21	27	臺北市	南港區	南港區研究院路2段與研究院路2段61巷口	25.0439043	121.6163553	0	0	1	2	6	5	5	4	1	1	4	4	5	13	2	1	1	3	5	2	1	4	6	1	3	2	8	1		1	3	1	
113	9	22	22	28	臺北市	中山區	中山區明水路526巷無名巷	25.0792502	121.554417	0	0	1	2	6	5	5	3	2	1	4	4	5	13	4	4	5	5	5	2	16	1	5	1	7	1	8	1		2	3	1	
113	9	23	0	33	臺北市	中正區	中正區和平西路1段與廈門街口	25.026609	121.5182342	0	0	1	2	6	5	5	4	1	1	4	4	5	13	1	1	2	4	5	2	17	1	9	1	5	2	10	1		1	2	11	
113	9	23	5	32	臺北市	中山區	中山區民生東路3段與合江街口	25.0579006	121.5390903	0	0	1	2	6	5	5	4	1	1	4	4	5	13	1	1	5	5	5	2	2	1	5	1	7	1	8	1		1	3	8	
113	9	23	6	39	臺北市	信義區	信義區莊敬路與吳興街156巷口	25.0295391	121.5622524	0	0	2	2	6	6	5	4	1	1	4	4	5	13	2	1	9	4	4	1	16	4	5	1	3	1	10	1		1	2	11	
113	9	23	7	20	臺北市	信義區	信義區仁愛路4段與一號道路口	25.0375294	121.5619622	0	0	1	2	8	7	5	3	1	1	5	4	5	13	1	1	9	4	5	2	17	1	5	1	7	1	8	1		1	3	2	
113	9	23	7	25	臺北市	信義區	信義區信義路5段106號	25.0328772	121.5668657	0	0	1	2	7	6	5	14	23	4	4	4	5	13	4	4	10	5	5	2	29	4	6	8	3	9	20	1		1	2	12	
113	9	23	7	30	臺北市	士林區	士林區通河東街1段167巷與通河東街1段口	25.0880768	121.5156807	0	0	2	4	7	6	5	3	2	1	5	4	5	13	4	4	10	5	5	2	17	1	5	1	6	2	10	1		2	2	14	
113	9	23	8	5	臺北市	士林區	士林區至善路1段118號	25.0978041	121.5388852	0	0	2	2	7	5	5	14	8	1	5	4	5	13	4	4	9	4	4	1	17	1	8	1	6	2	10	1		1	2	13	
113	9	23	8	5	臺北市	萬華區	萬華區艋舺大道與西園路1段口	25.0331064	121.4976689	0	0	1	2	7	7	5	4	2	1	4	4	5	13	1	1	9	5	5	2	17	1	9	1	5	1	9	1		1	2	12	
113	9	23	8	23	臺北市	士林區	士林區文林路587巷與文昌路154巷口	25.09802092	121.5211691	0	0	2	2	8	5	8	3	2	1	5	4	5	13	4	4	10	5	5	1	17	1	5	8	4	1	20	1		1	2	15	
113	9	23	8	30	臺北市	中山區	中山區樂群二路128號	25.07987829	121.5557287	0	0	1	2	7	7	5	14	9	1	4	4	5	13	4	4	3	4	5	2	17	1	1	1	7	1	8	1		2	3	8	
113	9	23	8	31	臺北市	北投區	北投區立功街9號	25.1240818	121.4689602	0	0	1	2	8	6	8	14	9	1	5	4	5	13	4	4	10	5	5	2	17	1	5	1	7	1	8	1		1	3	6	11
113	9	23	8	42	臺北市	信義區	信義區和平東路3段與和平東路3段575巷口	25.0150346	121.5617415	0	0	1	2	7	6	5	3	1	1	4	4	5	13	4	4	9	5	5	1	16	4	5	1	3	1	8	1		1	3	6	
113	9	23	8	50	臺北市	士林區	士林區至善路2段中影前	25.0970527	121.5440466	0	0	1	2	7	7	5	14	7	1	5	4	5	13	1	1	1	4	4	2	17	1	9	1	6	1	10	1		1	2	12	
113	9	23	9	0	臺北市	信義區	信義區忠孝東路4段554號	25.041091	121.5640989	0	0	1	2	7	7	5	14	9	1	5	4	5	13	4	4	1	4	5	2	12	1	9	1	5	1	10	1		1	2	11	
113	9	23	9	2	臺北市	中山區	中山區龍江路與龍江路429巷口	25.0668526	121.5409773	0	0	2	3	7	5	5	4	1	1	5	4	5	13	4	4	5	5	5	2	15	4	9	1	3	1	4	1		1	3	1	
113	9	23	9	6	臺北市	大安區	大安區復興南路2段377號	25.0222592	121.5434602	0	0	1	2	7	6	5	14	9	1	4	4	5	13	4	4	1	4	5	2	17	4	8	1	7	11	4	2		1	3	17	
113	9	23	9	18	臺北市	士林區	士林區忠誠路2段與士東路口	25.1122416	121.5311312	0	0	2	2	8	5	5	5	1	1	5	4	5	13	2	1	9	4	5	2	17	1	9	1	6	1	10	1		1	2	11	
113	9	23	9	52	臺北市	中正區	中正區林森南路與青島東路口口	25.0436548	121.5230569	0	0	1	2	8	5	5	4	1	1	5	4	5	13	2	1	9	4	4	1	16	1	11	1	7	2	4	1		1	3	2	
113	9	23	10	5	臺北市	大安區	大安區市民大道3段92號	25.0453188	121.5336547	0	0	1	3	7	7	5	14	9	1	4	4	5	13	4	4	1	4	5	2	13	1	9	1	6	1	10	1		1	2	11	
113	9	23	10	6	臺北市	信義區	信義區松高路與松智路口	25.0390161	121.5654785	0	0	1	2	8	7	5	3	2	1	5	4	5	13	2	1	5	4	5	2	16	1	6	1	7	2	8	1		1	3	8	
113	9	23	10	40	臺北市	中山區	中山區建國北路2段226巷與建國北路2段口	25.0610261	121.5374312	0	0	2	3	7	6	5	3	1	1	5	4	3	10	4	4	1	4	4	2	15	4	3	1	5	1	10	1		2	2	14	
113	9	23	10	50	臺北市	文山區	文山區木柵路1段與試院路口單號	24.9872779	121.5489576	0	0	1	2	8	6	5	4	1	1	4	4	5	13	2	1	5	4	5	2	18	4	9	1	3	2	10	1		2	2	17	
113	9	23	11	2	臺北市	松山區	松山區饒河街221巷與饒河街口	25.0507924	121.576709	0	0	2	2	8	5	6	4	1	1	5	4	5	13	4	4	8	3	4	1	16	1	9	1	3	2	10	1		2	2	14	
113	9	23	11	18	臺北市	北投區	北投區大興街61-1號	25.1305719	121.5006245	0	0	2	2	8	6	5	14	9	1	5	4	5	13	4	4	5	5	5	1	17	1	5	1	5	1	10	1		1	2	14	
113	9	23	11	27	臺北市	士林區	士林區延平北路5段與延平北路5段83巷口	25.0809761	121.5105573	0	0	1	2	7	7	5	4	1	2	5	4	5	13	2	1	3	5	5	1	17	4	9	7	3	11	19	2		4	4	11	
113	9	23	11	33	臺北市	大同區	大同區華陰街45號	25.0493468	121.5194329	0	0	1	2	8	6	5	14	9	1	5	4	5	13	4	4	10	4	5	2	9	4	12	1	3	9	4	1		1	3	17	
113	9	23	12	9	臺北市	中山區	中山區林森北路419號與林森北路口	25.06099085	121.5256202	0	0	1	2	8	7	5	3	1	1	5	4	5	13	4	4	10	5	5	2	16	1	6	1	7	1	8	1		1	3	5	
113	9	23	12	10	臺北市	信義區	信義區莊敬路與莊敬路341巷口	25.0279039	121.5642666	0	0	2	2	8	6	5	3	2	1	5	4	5	13	4	4	8	3	4	2	16	1	5	1	6	1	10	1		2	2	11	
113	9	23	12	36	臺北市	文山區	文山區指南路2段與萬壽路口	24.9876251	121.5761419	0	0	1	2	7	6	5	3	1	1	5	4	5	13	2	1	5	5	5	1	16	4	6	1	7	1	8	1		1	3	2	
113	9	23	12	52	臺北市	中山區	中山區明水路397巷7弄與明水路557巷口	25.0792703	121.5512089	0	0	2	2	8	6	5	4	1	1	5	4	5	13	4	4	10	5	5	2	15	1	9	1	6	1	10	1		1	2	11	
113	9	23	13	0	臺北市	中正區	中正區忠孝東路2段66號	25.0433531	121.5287314	0	0	2	3	7	6	5	14	9	1	4	4	5	13	1	1	1	4	5	2	13	1	9	1	7	2	2	1		1	3	1	
113	9	23	14	0	臺北市	士林區	士林區延平北路8段2巷56弄88號	25.106695	121.493887	0	0	1	3	7	5	5	11	9	1	5	4	5	13	4	4	10	5	5	1	10	4	9	1	3	1	10	1		1	2	11	
113	9	23	14	1	臺北市	大同區	大同區民權西路與重慶北路3段口	25.0631108	121.5131728	0	0	1	2	6	6	5	14	9	1	4	4	5	13	4	4	5	4	5	2	9	5	20	8	4	11	20	2		4	2	16	
113	9	23	14	20	臺北市	中正區	中正區市民大道1段168號	25.04828466	121.518948	0	0	1	2	6	6	5	22	9	1	4	4	5	13	4	4	10	5	5	2	17	4	5	1	7	1	8	1		2	3	5	11
113	9	23	14	27	臺北市	中正區	中正區市民大道3段與新生南路1段口	25.04530026	121.5327824	0	0	1	2	6	5	5	4	2	1	4	4	5	13	1	1	1	5	5	2	17	1	6	1	7	1	8	1		1	3	2	2
113	9	23	14	55	臺北市	大同區	大同區承德路3段與民權西路口	25.0632793	121.518107	0	0	2	3	7	6	5	4	1	1	4	4	5	13	2	1	1	4	5	2	17	4	6	7	3	11	19	2		1	4	17	
113	9	23	15	4	臺北市	信義區	信義區光復南路439號	25.0357686	121.55767	0	0	1	2	6	6	5	14	20	1	4	4	5	13	4	4	10	5	5	2	9	4	21	8	3	11	20	2		4	4	15	
113	9	23	16	4	臺北市	中山區	中山區松江路133巷與南京東路2段115巷口	25.05436162	121.5336353	0	0	1	2	7	6	5	4	1	1	4	4	5	13	4	4	8	5	5	1	15	4	9	1	3	1	10	1		1	2	14	
113	9	23	16	6	臺北市	北投區	北投區東華街1段與明德路口	25.1093465	121.5193738	0	0	1	2	6	6	5	4	1	1	4	4	5	13	1	1	5	5	5	2	17	1	5	1	7	9	8	1		2	3	17	
113	9	23	16	44	臺北市	南港區	南港區玉成街142號與玉成街140巷口對面	25.045134	121.5833509	0	0	1	3	8	7	6	3	1	1	5	4	3	13	4	4	5	5	5	1	16	4	7	1	5	9	10	2		2	2	14	
113	9	23	17	2	臺北市	中正區	中正區重慶北路1段機場捷運A1站5號出口對面	25.0489672	121.5134062	0	0	2	2	6	5	5	14	9	1	4	4	5	13	4	4	9	4	5	1	16	1	7	6	5	1	10	1		1	2	14	
113	9	23	17	8	臺北市	萬華區	萬華區寶興街與寶興街38巷口	25.027372	121.49347	0	0	1	2	6	5	5	4	1	1	4	4	5	13	4	4	10	3	5	2	3	1	9	1	6	1	10	1		1	3	14	
113	9	23	17	13	臺北市	中山區	中山區民族東路2號	25.0685555	121.5233411	0	0	1	2	6	5	5	14	9	1	4	4	5	13	4	4	1	4	5	2	17	4	7	1	3	1	8	1		2	3	15	
113	9	23	17	15	臺北市	文山區	文山區木柵路1段與辛亥路7段口	24.9877189	121.5523603	0	0	1	2	8	6	5	4	1	1	5	4	5	13	2	1	5	4	5	2	13	4	5	1	3	2	8	1		2	3	5	
113	9	23	17	20	臺北市	中山區	中山區北安路571號	25.0812282	121.5485255	0	0	1	2	6	5	5	14	9	1	4	4	5	13	2	1	8	3	5	1	17	1	5	1	7	1	8	1		1	3	2	
113	9	23	17	29	臺北市	中正區	中正區博愛路與廣州街口	25.0347463	121.5107212	0	0	1	2	6	5	5	4	2	1	4	4	5	13	1	1	1	4	4	2	17	1	5	1	7	1	4	1		1	3	4	
113	9	23	17	35	臺北市	信義區	信義區林口街與松山路615巷口	25.0368781	121.5792236	0	0	2	2	7	5	5	4	1	1	5	4	5	13	4	4	9	4	4	2	15	1	9	8	4	2	20	1		1	2	12	
113	9	23	18	8	臺北市	南港區	南港區富康街23號	25.0539816	121.6178957	0	0	1	2	6	5	5	14	9	1	4	4	5	13	4	4	9	5	5	2	3	5	16	8	4	1	20	1		1	2	16	
113	9	23	18	41	臺北市	北投區	北投區北投路1段與大興街口	25.1302223	121.4997089	0	0	1	2	6	5	5	4	2	1	4	4	5	13	2	1	5	2	5	2	12	4	9	1	3	9	2	2		1	3	5	
113	9	23	18	45	臺北市	中正區	中正區思源街1號與思源街無名巷口	25.0133626	121.5300369	0	0	1	2	6	5	5	3	2	1	4	4	5	13	1	1	5	4	5	2	17	1	7	1	6	2	10	1		1	3	17	
113	9	23	18	51	臺北市	中正區	中正區市民大道2段與天津街口	25.0478339	121.5222536	0	0	1	2	6	5	8	4	2	1	4	4	5	13	1	1	1	4	5	1	17	1	15	1	7	1	8	1		1	3	6	
113	9	23	19	23	臺北市	信義區	信義區忠孝東路5段236巷15號	25.0401333	121.5719558	0	0	2	3	6	5	8	14	9	1	4	4	5	13	4	4	8	3	5	2	9	4	15	1	3	1	10	1		1	2	11	
113	9	23	19	41	臺北市	士林區	士林區忠誠路2段與忠誠路2段50巷口	25.11065325	121.530639	0	0	1	2	6	5	5	3	1	1	4	4	5	13	2	1	1	4	5	2	16	1	5	1	7	2	8	1		1	2	1	
113	9	23	20	1	臺北市	大同區	大同區鄭州路與環河北路1段口	25.0507696	121.5069777	0	0	1	2	6	5	5	5	2	1	4	4	5	13	1	1	1	4	5	2	17	1	21	7	6	11	19	2		4	2	15	
113	9	23	20	5	臺北市	松山區	松山區光復南路與八德路4段口	25.0479388	121.5578956	0	0	1	2	6	5	5	4	2	1	4	4	5	13	2	1	1	4	5	2	17	1	12	1	5	1	10	1		1	2	12	
113	9	23	20	46	臺北市	中山區	中山區市民大道3段與八德路2段210巷口	25.04493383	121.5395355	0	0	1	2	6	5	5	3	1	1	4	4	5	13	1	1	1	4	5	2	16	1	6	1	7	1	8	1		2	3	2	
113	9	23	20	46	臺北市	士林區	士林區中山北路6段與中山北路6段290巷口	25.1103519	121.5255771	0	0	1	3	6	5	5	3	1	1	4	4	5	13	1	1	1	4	5	2	17	1	9	1	6	1	10	1		2	2	14	
113	9	23	21	7	臺北市	松山區	松山區八德路4段與基隆路1段口	25.04943939	121.5692655	0	0	2	3	6	5	5	4	1	1	4	4	5	13	2	1	1	4	1	2	17	1	5	3	6	1	18	1		2	2	13	
113	9	23	21	10	臺北市	中山區	中山區北安路514號	25.0797769	121.5453704	0	0	3	3	7	5	5	14	9	1	4	4	5	13	4	4	1	4	5	2	17	1	9	1	5	2	10	1		2	2	15	
113	9	23	21	25	臺北市	信義區	信義區松勤街100號	25.0319215	121.5665079	0	0	1	2	6	5	5	14	9	1	4	4	5	13	4	4	8	5	5	2	13	4	9	1	5	1	10	1		2	2	11	12
113	9	23	21	46	臺北市	大安區	大安區和平東路2段134號與和平東路2段口迴轉道	25.0248254	121.5448329	0	0	1	2	6	5	5	4	1	1	4	4	5	13	4	4	1	4	1	2	12	1	1	1	7	1	4	1		1	3	8	
113	9	23	23	53	臺北市	內湖區	內湖區南京東路6段與環東大道口	25.07083537	121.5946953	0	0	1	3	7	5	5	3	2	1	4	4	5	13	1	1	1	4	5	2	17	4	9	1	3	9	4	1		1	4	17	
113	9	24	1	9	臺北市	文山區	文山區景文街與景美街口	24.9915606	121.5414362	0	0	1	2	7	5	5	4	18	1	4	4	5	13	4	4	5	5	4	2	3	1	5	1	7	2	8	1		1	3	8	
113	9	24	3	30	臺北市	萬華區	萬華區環河南路2段與和平西路3段口	25.0350971	121.4940473	0	0	1	2	7	5	5	4	18	1	4	4	5	13	1	1	9	4	5	2	3	4	9	1	7	1	8	1		1	3	1	
113	9	24	5	40	臺北市	士林區	士林區通河西街2段與社正路口口堤外引道	25.0902399	121.5115665	0	0	3	3	7	7	5	14	9	1	5	4	5	13	4	4	5	3	5	1	11	4	9	1	3	2	8	1		1	2	1	
113	9	24	7	30	臺北市	信義區	信義區基隆路1段與基隆路1段83巷口	25.0467704	121.5680096	0	0	2	2	7	6	5	3	1	1	5	4	5	13	4	4	1	4	5	1	16	4	6	1	3	1	10	1		2	2	12	
113	9	24	7	35	臺北市	信義區	信義區忠孝東路5段474號	25.0407731	121.5770737	0	0	1	2	7	5	5	14	9	1	5	4	5	13	1	1	1	4	4	2	13	1	9	1	5	1	10	1		1	2	11	
113	9	24	7	48	臺北市	大安區	大安區建國南路1段273號	25.037537	121.5381139	0	0	1	2	8	6	5	14	9	1	5	4	5	13	4	4	1	4	5	2	16	1	6	1	7	1	8	1		1	3	8	
113	9	24	8	5	臺北市	士林區	士林區中山北路6段與忠誠路1段口	25.1040344	121.5247703	0	0	1	3	7	6	5	5	1	1	5	4	5	13	1	1	1	4	5	2	17	1	9	1	7	2	4	1		1	3	5	
113	9	24	8	15	臺北市	南港區	南港區成功橋南向北	25.0522314	121.5829808	0	0	1	2	8	7	5	8	9	1	5	4	4	13	4	4	5	4	5	2	13	4	8	1	3	1	8	1		2	3	7	
113	9	24	8	20	臺北市	大安區	大安區延吉街與無名巷口	25.0439067	121.5538829	0	0	1	2	8	7	5	4	1	1	5	4	5	13	3	1	5	4	5	2	17	1	5	1	7	1	4	1		1	3	7	
113	9	24	8	25	臺北市	信義區	信義區松平路與松智路口	25.0305553	121.5653748	0	0	1	2	8	6	5	4	18	1	5	4	5	13	2	1	8	5	5	2	3	1	5	1	7	11	8	1		1	3	1	
113	9	24	8	29	臺北市	松山區	松山區撫遠街與塔悠路口	25.0682675	121.5681577	0	0	1	2	7	6	5	3	1	1	5	4	5	13	1	1	1	4	4	2	16	1	6	1	7	1	8	1		2	3	6	
113	9	24	8	50	臺北市	信義區	信義區基隆路1段與基隆路1段101巷口	25.0455356	121.5672118	0	0	1	2	7	6	5	4	2	1	5	4	5	13	2	1	1	4	5	2	13	1	9	1	7	1	8	1		2	3	1	
113	9	24	8	51	臺北市	內湖區	內湖區堤頂大道1段與民權東路6段口	25.06469325	121.5724319	0	0	1	2	8	6	5	14	9	1	5	4	5	13	2	1	1	4	5	2	13	1	9	1	7	1	8	1		1	3	1	
113	9	24	8	53	臺北市	北投區	北投區公館路與西安街2段口	25.12152849	121.502764	0	0	1	2	7	7	5	4	1	1	5	4	5	13	1	1	5	4	5	2	16	1	5	1	5	2	10	1		1	3	11	
113	9	24	8	54	臺北市	信義區	信義區基隆路2段127號	25.028313	121.5568514	0	0	1	3	7	7	5	14	9	1	5	4	5	13	4	4	3	4	5	2	7	5	19	8	4	10	20	1		2	3	16	
113	9	24	9	0	臺北市	信義區	信義區市民大道5段與東興路口	25.0482442	121.5659485	0	0	1	2	8	6	5	4	1	1	5	4	5	13	2	1	3	4	5	2	17	1	5	1	7	1	4	1		1	3	8	
113	9	24	9	4	臺北市	大安區	大安區基隆路3段155巷與基隆路3段口	25.0157873	121.5424622	0	0	1	2	8	7	5	4	1	1	5	4	5	13	2	1	1	4	4	2	12	1	15	1	7	1	8	1		1	3	2	
113	9	24	9	45	臺北市	北投區	北投區行義路與行義路186巷口	25.1327942	121.5285264	0	0	1	2	7	6	5	3	1	1	5	4	5	13	3	1	4	5	5	1	16	1	9	1	5	1	10	1		1	2	12	
113	9	24	10	0	臺北市	中正區	中正區杭州南路1段117號對面	25.0368626	121.5247451	0	0	1	2	8	6	5	14	9	1	5	4	5	13	4	4	10	4	5	2	16	1	5	1	7	2	8	1		1	3	5	
113	9	24	10	0	臺北市	萬華區	萬華區環河快速道路往南燈桿0905535	25.018333	121.4935909	0	0	2	2	8	7	5	10	7	1	5	4	5	13	4	4	1	4	1	2	13	1	9	1	7	1	8	1		1	2	1	
113	9	24	10	11	臺北市	大安區	大安區和平東路2段134號	25.0247476	121.5446272	0	0	1	3	8	6	5	14	9	1	5	4	5	13	1	1	1	4	5	2	12	4	9	3	7	1	18	1		1	3	2	
113	9	24	10	17	臺北市	內湖區	內湖區南湖大橋與安康路口	25.06492757	121.6110019	0	0	1	2	8	6	5	4	1	1	5	4	5	13	2	1	2	2	5	1	17	1	11	1	7	2	8	1		1	3	2	
113	9	24	10	25	臺北市	士林區	士林區中山北路6段405巷與中山北路6段441巷口	25.1166761	121.5262992	0	0	1	2	8	6	5	4	2	1	5	4	5	13	1	1	5	5	5	2	13	1	9	1	7	1	8	1		1	4	1	
113	9	24	11	20	臺北市	中山區	中山區林森北路與民權東路1段口	25.06237908	121.5256167	0	0	1	2	8	7	5	4	2	1	5	4	1	13	1	1	9	2	5	2	17	1	5	1	7	1	8	1		2	3	8	
113	9	24	12	12	臺北市	中山區	中山區吉林路199巷2號	25.0599267	121.5305161	0	0	1	2	8	6	5	14	9	1	5	4	5	13	4	4	10	5	5	2	12	4	9	1	6	1	9	1		1	3	12	