年	月	日	時	分	縣市	行政區	allLocation	GoogleLat	GoogleLng	死	2-30	受傷	當事人數	天候	道路照明設備	道路類別	道路型態	事故位置	路面狀況1	路面狀況2	路面狀況3	道路障礙1	道路障礙2	號誌1	號誌2	車道劃分-分向	車道劃分-分道1	車道劃分-分道2	車道劃分-分道3	事故類型及型態	行動電話	當事者行動狀態	駕駛資格情形	保護裝置	飲酒情形	駕駛執照種類	個人肇逃否	肇因碼-主要	性別	受傷程度	車輛撞擊部位1	車輛撞擊部位2
113	9	24	12	21	臺北市	大安區	大安區市民大道4段與光復南路口	25.0449317	121.5575705	0	0	1	3	7	6	5	4	1	1	5	4	5	13	1	1	1	4	5	2	16	4	21	7	3	11	19	2		2	4	15	
113	9	24	12	21	臺北市	文山區	文山區興隆路4段145巷83弄與興隆路4段109巷32弄口	24.9862941	121.5635822	0	0	1	3	7	6	5	4	1	1	5	4	3	12	4	4	9	4	4	2	15	4	9	1	3	1	8	1		1	3	8	
113	9	24	12	27	臺北市	中正區	中正區重慶南路1段與愛國西路口	25.0353379	121.5125741	0	0	1	2	8	5	5	5	1	1	5	4	5	13	1	1	1	4	1	2	13	1	9	1	6	1	10	1		1	2	11	
113	9	24	12	30	臺北市	信義區	信義區永吉路225巷22號	25.0467572	121.5742437	0	0	1	2	8	7	8	22	22	1	5	4	5	13	4	4	10	5	5	2	17	1	5	8	4	1	20	1		2	2	14	
113	9	24	12	43	臺北市	中正區	中正區汀州路2段與同安街口口	25.0241459	121.5217138	0	0	1	2	8	6	5	4	1	1	5	4	5	13	1	1	5	5	5	2	16	1	5	1	5	2	10	1		1	2	12	
113	9	24	13	10	臺北市	中山區	中山區中山北路1段33巷與中山北路1段口	25.04875834	121.521506	0	0	1	2	8	6	5	3	1	1	5	4	5	13	4	4	1	4	5	2	16	4	6	1	3	1	8	1		1	3	3	
113	9	24	13	33	臺北市	松山區	松山區民生東路5段203號	25.05913923	121.5663407	0	0	1	2	7	7	5	14	9	1	5	4	5	13	4	4	9	4	5	2	9	1	15	1	7	2	2	1		1	3	17	
113	9	24	13	40	臺北市	信義區	信義區基隆路2段33號	25.0316974	121.5588304	0	0	1	2	8	7	5	14	9	1	5	4	5	13	1	1	9	4	5	2	13	1	9	1	7	2	8	1		1	3	1	
113	9	24	13	45	臺北市	中山區	中山區市民大道2段與長安東路1段52巷口	25.0469129	121.5282119	0	0	1	2	8	6	6	3	2	1	5	4	5	13	1	1	1	4	5	1	13	4	9	1	5	1	10	1		1	2	11	
113	9	24	13	45	臺北市	萬華區	萬華區萬大路486巷與萬大路486巷68弄口	25.0208006	121.495311	0	0	2	2	8	6	5	5	1	1	5	4	5	13	4	4	10	5	5	2	17	1	9	1	6	1	10	1		2	2	12	12
113	9	24	14	0	臺北市	中正區	中正區中山南路與貴陽街1段口	25.03811197	121.5171719	0	0	1	2	8	6	5	3	2	1	5	4	5	13	1	1	9	5	5	1	12	1	9	1	6	1	10	1		2	2	14	
113	9	24	14	25	臺北市	大同區	大同區承德路3段與民族西路口	25.0679573	121.5184616	0	0	2	3	8	5	5	4	2	1	5	4	5	13	4	4	9	4	5	2	13	1	7	1	7	2	8	1		2	3	3	
113	9	24	15	20	臺北市	內湖區	內湖區康寧路3段105號前	25.0707321	121.6109254	0	0	1	2	7	6	5	14	9	1	5	4	5	13	4	4	1	4	5	2	12	4	1	1	3	2	8	2		2	4	8	
113	9	24	15	23	臺北市	中正區	中正區南昌路1段54巷與南昌路1段54巷5弄口	25.03110133	121.5164271	0	0	2	2	8	6	5	4	1	1	5	4	5	13	4	4	10	5	5	2	15	1	9	3	5	2	18	1		2	2	11	
113	9	24	15	45	臺北市	中山區	中山區天津街與中山北路1段83巷口	25.05021872	121.5230416	0	0	1	2	7	7	5	4	1	1	5	4	5	13	4	4	9	5	5	2	3	1	9	1	6	9	10	1		1	3	11	
113	9	24	15	45	臺北市	中山區	中山區復興北路514巷63號	25.06599741	121.541494	0	0	1	5	8	6	5	14	9	1	5	4	5	13	4	4	5	5	5	2	17	1	9	3	5	1	18	1		1	2	11	
113	9	24	15	56	臺北市	士林區	士林區延平北路6段197號	25.08955516	121.5060503	0	0	3	4	8	6	5	14	9	1	5	4	5	13	4	4	5	5	5	2	12	1	15	1	7	1	8	1		1	3	8	
113	9	24	16	10	臺北市	士林區	士林區德行西路與磺溪街口	25.10545913	121.5229994	0	0	2	2	8	6	5	3	2	1	5	4	5	13	2	1	5	4	5	2	17	1	11	1	5	1	10	1		2	2	11	
113	9	24	16	30	臺北市	中正區	中正區延平南路18號與中華路1段9巷口	25.046986	121.5110098	0	0	1	3	8	7	5	4	1	1	5	4	3	10	4	4	10	5	5	2	17	1	6	1	5	1	10	1		2	2	12	
113	9	24	16	30	臺北市	北投區	北投區中央南路2段68號	25.12287267	121.5001137	0	0	2	3	8	7	5	14	9	1	5	4	5	13	4	4	5	5	5	2	27	1	9	1	5	1	10	1		1	2	11	
113	9	24	16	40	臺北市	中正區	中正區鄭州路與重慶北路1段口	25.0493422	121.5132183	0	0	1	2	7	6	5	4	1	1	5	4	5	13	1	1	10	5	5	2	16	1	6	1	2	2	8	1		1	3	6	
113	9	24	17	3	臺北市	中山區	中山區中山北路2段59巷與中山北路2段口	25.05607091	121.5227102	0	0	1	2	8	7	5	3	2	1	5	4	5	13	4	4	9	4	5	2	17	1	6	1	5	1	10	1		1	2	12	
113	9	24	17	10	臺北市	內湖區	內湖區內湖路1段91巷102弄10號	25.08743989	121.5632796	0	0	1	2	7	5	5	14	9	1	5	4	5	13	4	4	10	5	5	2	17	1	13	1	7	1	8	1		1	3	4	
113	9	24	17	11	臺北市	信義區	信義區吳興街220巷與吳興街220巷37弄口	25.0269748	121.5623225	0	0	1	2	8	5	5	14	9	1	5	4	5	13	1	1	9	5	5	2	3	1	5	1	7	9	4	1		2	3	15	
113	9	24	17	12	臺北市	北投區	北投區中央北路2段12號	25.136488	121.4961284	0	0	3	3	8	6	5	14	9	1	5	4	5	13	1	1	9	2	5	2	17	1	11	1	5	1	10	1		1	2	12	
113	9	24	17	45	臺北市	大安區	大安區新生南路3段與辛亥路2段口	25.02224	121.5346299	0	0	1	2	8	6	5	4	2	1	5	4	5	13	2	1	1	4	5	2	16	1	6	1	7	1	8	1		2	3	5	
113	9	24	17	47	臺北市	北投區	北投區實踐街67號	25.1152285	121.5096188	0	0	1	2	8	6	5	14	9	1	5	4	5	13	4	4	9	2	5	2	2	1	9	1	7	9	8	2		1	3	2	
113	9	24	18	24	臺北市	中正區	中正區延平南路164號	25.0374594	121.50823	0	0	1	2	8	5	5	14	9	1	5	4	5	13	4	4	9	5	5	1	17	1	1	1	7	2	8	1		1	3	1	
113	9	24	18	24	臺北市	士林區	士林區中正路276號	25.0949514	121.5239571	0	0	4	4	8	5	5	14	9	1	5	4	5	13	1	1	1	4	5	2	12	1	7	1	6	2	11	1		2	2	14	
113	9	24	20	0	臺北市	文山區	文山區一壽街一壽橋	24.97685985	121.555981	0	0	2	2	7	5	8	22	22	1	5	4	5	13	4	4	10	5	5	2	2	1	9	8	4	1	20	1		1	2	11	
113	9	24	20	17	臺北市	中山區	中山區市民大道2段與長安東路1段52巷口	25.0470594	121.5278209	0	0	2	2	8	5	5	3	2	1	5	4	5	13	1	1	1	4	5	2	13	1	9	1	6	1	10	1		2	2	11	
113	9	24	20	30	臺北市	內湖區	內湖區康寧路3段75巷50號	25.0739922	121.6091859	0	0	3	3	7	5	5	14	9	1	5	4	5	13	4	4	5	5	5	2	16	1	5	1	7	1	8	1		2	2	1	
113	9	24	21	7	臺北市	萬華區	萬華區桂林路20號	25.0375621	121.5056081	0	0	1	2	8	6	5	14	9	1	5	4	5	13	4	4	5	4	5	2	17	1	6	1	7	1	8	1		1	3	5	
113	9	24	21	8	臺北市	中山區	中山區中山北路1段與中山北路1段126巷口	25.05104712	121.5220899	0	0	1	2	8	5	5	3	1	1	5	4	5	13	4	4	1	4	5	2	13	4	15	1	6	2	10	1		2	2	11	
113	9	24	21	55	臺北市	信義區	信義區永吉路30巷157弄與永吉路30巷口	25.0423483	121.5687516	0	0	2	2	7	5	5	4	1	1	5	4	5	13	4	4	10	5	5	2	15	1	9	1	5	1	10	1		2	2	11	
113	9	24	23	7	臺北市	信義區	信義區吳興街365巷與吳興街口	25.0254635	121.5667053	0	0	1	2	6	5	5	4	1	1	4	4	5	13	4	4	9	5	5	2	15	1	9	1	6	2	10	1		2	3	17	
113	9	24	23	10	臺北市	大同區	大同區延平北路3段與延平北路3段17巷口	25.0638011	121.5111458	0	0	2	2	6	5	5	3	1	1	4	4	5	13	4	4	5	4	5	2	17	1	5	1	6	1	10	1		1	2	14	
113	9	25	0	2	臺北市	中山區	中山區龍江路與長安東路2段口	25.04849958	121.5403901	0	0	1	2	6	5	5	4	1	1	4	4	5	13	2	1	5	3	5	2	18	4	9	6	5	7	10	1		1	2	17	
113	9	25	0	30	臺北市	中正區	中正區中山北路1段與忠孝東路1段口	25.0458007	121.5197072	0	0	1	3	6	5	5	4	1	1	4	4	5	13	1	1	1	4	1	1	16	1	5	1	7	2	4	2		1	3	1	
113	9	25	1	11	臺北市	中山區	中山區長安東路1段與長安東路1段56巷口	25.04811158	121.5290936	0	0	2	2	6	5	5	4	1	1	4	4	5	13	4	4	5	4	5	2	16	1	5	1	6	1	10	1		1	2	13	
113	9	25	3	0	臺北市	文山區	文山區指南路1段55號	24.9877341	121.5708554	0	0	1	2	7	5	5	14	9	1	4	4	5	13	1	1	5	5	5	2	18	1	9	1	5	9	10	1		1	2	12	
113	9	25	7	15	臺北市	信義區	信義區永吉路326巷與永吉路口	25.0454206	121.5754464	0	0	1	2	8	6	5	4	2	1	5	4	5	13	1	1	1	4	4	2	16	1	5	1	7	1	8	1		1	3	6	
113	9	25	7	16	臺北市	萬華區	萬華區青年路28號	25.0256146	121.5050915	0	0	1	2	8	7	5	14	9	1	5	4	5	13	1	1	9	5	5	2	3	5	16	8	4	10	20	1		1	2	16	
113	9	25	7	32	臺北市	萬華區	萬華區桂林路與梧州街口	25.03849905	121.4977117	0	0	1	2	8	5	5	3	2	1	5	4	5	13	4	4	10	5	5	2	17	4	5	3	3	1	18	1		1	3	5	
113	9	25	7	35	臺北市	士林區	士林區重陽橋機慢車道西向東下橋處	25.086089	121.507512	0	0	1	2	8	6	5	8	11	1	5	4	5	13	4	4	1	4	1	1	13	4	9	1	3	1	10	1		1	3	11	
113	9	25	7	39	臺北市	中山區	中山區北安路301號對面	25.07776837	121.5368214	0	0	2	2	8	6	5	14	9	1	5	4	5	13	4	4	1	5	5	1	12	4	8	1	3	1	10	1		1	2	12	
113	9	25	7	48	臺北市	北投區	北投區承德路7段384號前	25.1189674	121.5023334	0	0	2	3	8	6	5	14	9	1	5	4	5	13	4	4	1	4	5	2	17	1	6	1	7	2	8	1		2	3	2	
113	9	25	7	52	臺北市	文山區	文山區羅斯福路5段與興隆路1段口	25.0045091	121.5389257	0	0	1	2	8	6	5	4	1	1	5	4	5	13	2	1	1	4	5	2	12	1	9	1	6	9	10	1		1	3	14	
113	9	25	8	6	臺北市	中正區	中正區信義路2段與信義路2段17巷口	25.0340226	121.5287909	0	0	1	2	8	5	6	3	1	1	5	4	5	13	4	4	1	4	5	2	17	1	5	1	7	2	8	1		1	3	1	
113	9	25	8	29	臺北市	文山區	文山區景興路與景興路46巷口	24.9961773	121.5447359	0	0	3	3	7	6	5	14	9	1	5	4	5	13	3	1	1	4	5	1	16	1	5	8	4	2	20	1		2	2	14	
113	9	25	9	55	臺北市	萬華區	萬華區桂林路與西昌街口	25.038413	121.5005602	0	0	1	2	7	7	5	4	2	1	5	4	5	13	1	1	9	4	5	2	13	1	9	1	5	1	10	1		1	2	11	
113	9	25	10	14	臺北市	士林區	士林區芝玉路1段5號	25.10151722	121.5372977	0	0	1	2	8	6	5	14	9	1	5	4	5	13	4	4	10	5	5	2	10	1	9	1	6	9	10	1		1	2	11	
113	9	25	10	28	臺北市	松山區	松山區民權東路5段與撫遠街口	25.0631546	121.5661159	0	0	1	2	7	6	5	4	1	1	5	4	5	13	2	1	1	3	5	2	16	1	6	1	7	1	4	1		1	3	2	
113	9	25	10	31	臺北市	中山區	中山區民權東路2段63號	25.0626165	121.5320721	0	0	1	2	7	6	5	14	9	1	5	4	5	13	2	1	8	3	5	1	17	1	9	1	5	1	10	1		1	2	11	
113	9	25	10	40	臺北市	中正區	中正區市民大道2段往東華山公園旁	25.046169	121.5298659	0	0	1	3	7	6	5	14	9	1	5	4	5	13	4	4	1	4	5	2	13	1	8	1	6	2	10	1		1	2	11	
113	9	25	10	52	臺北市	大安區	大安區建國南路1段與新生南路1段157巷口	25.0346608	121.5375945	0	0	1	3	7	6	5	14	9	1	5	4	5	13	4	4	1	4	5	2	12	4	7	1	7	1	4	1		1	3	2	
113	9	25	10	55	臺北市	大安區	大安區辛亥路1段與溫州街46巷口	25.0219216	121.5323532	0	0	1	2	8	6	5	3	1	1	5	4	5	13	4	4	1	4	4	2	16	4	6	1	3	1	8	1		1	3	2	
113	9	25	11	38	臺北市	中山區	中山區長春路306號	25.05467851	121.5398298	0	0	1	2	8	6	5	14	9	1	5	4	5	13	4	4	9	4	5	2	17	4	11	1	3	1	8	1		1	3	4	
113	9	25	11	45	臺北市	中正區	中正區中華路1段與貴陽街1段口	25.0390284	121.5075977	0	0	2	2	7	6	5	4	1	1	5	4	5	13	1	1	10	5	5	2	12	1	9	1	5	2	10	1		2	2	14	
113	9	25	12	7	臺北市	內湖區	內湖區內湖路1段與內湖路1段47巷口	25.0850712	121.5592297	0	0	1	2	7	6	5	3	2	1	5	4	1	13	4	4	1	4	4	2	12	1	9	1	7	9	6	1		1	3	2	
113	9	25	12	56	臺北市	大安區	大安區和平東路3段228巷8號	25.0220795	121.5543577	0	0	1	2	8	6	5	14	9	1	5	4	5	13	4	4	8	3	5	2	13	4	9	1	3	1	10	1		2	3	13	
113	9	25	13	13	臺北市	士林區	士林區文昌路154巷與文昌路口	25.0977339	121.5204225	0	0	1	2	7	7	5	4	1	1	5	4	5	13	4	4	5	5	5	1	17	1	9	1	6	1	10	1		2	2	12	
113	9	25	13	20	臺北市	內湖區	內湖區民權東路6段423巷與民權東路6段423巷9弄口口	25.0714082	121.6037323	0	0	1	2	7	6	5	4	1	1	5	4	5	13	4	4	10	5	5	2	16	1	9	1	7	1	10	1		1	3	6	
113	9	25	13	20	臺北市	士林區	士林區延平北路6段與倫等街口	25.0912497	121.5004549	0	0	1	2	8	6	5	3	2	1	5	4	5	13	2	1	1	3	5	2	13	1	7	1	7	1	7	1		1	3	1	
113	9	25	13	35	臺北市	北投區	北投區北投路2段與大業路516巷口	25.1326281	121.4975123	0	0	1	2	8	5	5	3	1	1	5	4	5	13	2	1	5	4	4	2	16	1	6	1	7	2	8	1		1	3	2	
113	9	25	14	2	臺北市	北投區	北投區知行路235巷與知行路225巷口	25.12010539	121.4665052	0	0	1	2	8	7	5	4	1	1	5	4	5	13	4	4	10	5	5	2	16	1	9	1	5	1	10	1		2	2	14	
113	9	25	14	30	臺北市	士林區	士林區延平北路5段285巷與延平北路5段口	25.08571582	121.5095493	0	0	2	2	8	5	5	4	2	1	5	4	5	13	1	1	3	4	5	2	16	1	5	1	5	2	10	1		1	2	12	
113	9	25	15	28	臺北市	士林區	士林區中正路與志成街口	25.0962249	121.5302713	0	0	1	2	8	5	5	3	1	1	5	4	5	13	3	1	1	4	4	2	16	1	5	1	7	2	8	1		1	3	2	
113	9	25	15	31	臺北市	文山區	文山區溪洲街107巷與無名巷	25.0034217	121.5362078	0	0	1	2	8	6	5	4	1	1	5	4	5	13	4	4	10	5	5	2	18	1	9	1	6	2	10	1		2	2	14	
113	9	25	15	37	臺北市	大同區	大同區赤峰街12巷1號與赤峰街41巷口	25.0548956	121.5196207	0	0	2	2	8	6	5	4	1	1	5	4	5	13	4	4	10	5	5	2	15	4	9	1	6	2	10	1		2	2	11	
113	9	25	16	20	臺北市	中山區	中山區敬業三路與樂群二路口	25.08051078	121.556364	0	0	2	3	8	7	5	14	7	1	5	4	5	13	4	4	1	4	4	2	13	4	9	1	6	1	10	1		2	2	11	
113	9	25	16	54	臺北市	信義區	信義區松高路與逸仙路口	25.0390534	121.561544	0	0	1	2	8	5	5	3	1	2	5	4	5	13	1	1	9	4	5	2	12	1	9	1	7	2	8	1		1	3	5	
113	9	25	17	0	臺北市	大同區	大同區台北橋機慢車道	25.0629729	121.5104088	0	0	2	2	8	6	5	14	11	2	5	4	5	13	4	4	9	4	5	2	12	4	9	1	6	2	10	1		1	2	12	
113	9	25	17	2	臺北市	中山區	中山區復興北路154號	25.05314481	121.5439778	0	0	1	2	8	5	5	14	9	1	5	4	5	13	4	4	1	4	5	2	16	1	9	1	6	1	10	1		2	2	12	
113	9	25	17	4	臺北市	士林區	士林區士東路266巷與士東路266巷12弄口	25.1118438	121.5366404	0	0	1	2	8	6	5	4	1	1	5	4	5	13	4	4	10	5	5	2	15	1	9	1	6	1	10	1		2	2	11	
113	9	25	17	5	臺北市	信義區	信義區松壽路與市府路口	25.0359708	121.5636461	0	0	1	2	8	6	5	4	1	1	5	4	5	13	2	1	9	4	5	2	17	1	6	1	7	1	8	1		1	3	2	
113	9	25	17	55	臺北市	南港區	南港區研究院路1段與忠孝東路7段口	25.0532886	121.6162587	0	0	1	2	8	5	5	3	1	1	5	4	5	13	1	1	3	2	5	2	16	1	6	1	5	1	10	1		1	2	13	
113	9	25	18	3	臺北市	中山區	中山區德惠街7-1號	25.06674264	121.5233082	0	0	1	2	8	5	5	14	9	1	5	4	5	13	4	4	9	5	5	2	12	1	7	1	7	1	8	1		1	3	4	
113	9	25	18	5	臺北市	信義區	信義區基隆路1段與東興路口	25.0465933	121.5668819	0	0	1	2	8	5	5	4	1	1	5	4	5	13	1	1	9	4	5	2	18	1	21	1	5	1	10	1		1	2	14	
113	9	25	18	30	臺北市	萬華區	萬華區環河南路2段149巷與大理街170巷口	25.0335169	121.4935509	0	0	1	2	7	5	5	4	1	1	5	4	5	13	4	4	10	5	5	2	17	1	9	1	7	1	8	1		1	3	1	12
113	9	25	18	48	臺北市	大同區	大同區環河北路1段與民生西路口	25.0575217	121.5086073	0	0	2	2	7	5	5	4	2	1	5	4	5	13	2	1	1	4	5	2	9	4	6	1	5	1	10	1		1	2	12	
113	9	25	18	52	臺北市	中正區	中正區林森南路61巷與林森南路口側附近口旁	25.03975	121.5218051	0	0	1	2	8	5	5	3	2	1	5	4	5	13	2	1	9	4	5	1	29	1	9	1	5	1	10	1		1	2	14	
113	9	25	19	7	臺北市	大同區	大同區承德路2段與民生西路口	25.0574752	121.5181234	0	0	2	2	7	5	5	4	1	1	5	4	5	13	1	1	1	4	5	2	17	1	9	1	5	2	10	1		1	2	11	
113	9	25	19	11	臺北市	大安區	大安區市民大道4段與市民大道4段68巷口	25.044906	121.5472738	0	0	1	2	7	5	5	3	1	1	5	4	5	13	4	4	1	4	5	2	16	4	6	1	7	1	8	1		2	3	5	
113	9	25	19	20	臺北市	南港區	南港區研究院路2段33號與研究院路2段口	25.0460971	121.6152181	0	0	1	2	8	5	5	14	9	1	5	4	5	13	4	4	5	4	5	2	17	1	6	1	5	1	10	1		1	3	12	
113	9	25	20	25	臺北市	萬華區	萬華區西園路1段與廣州街口	25.03669549	121.4993304	0	0	1	2	8	5	5	4	1	1	5	4	5	13	2	1	2	5	5	2	16	1	5	1	7	1	8	1		1	3	5	
113	9	25	20	40	臺北市	中山區	中山區濱江街195號	25.0725301	121.5402783	0	0	1	2	8	5	5	14	9	1	5	4	5	13	4	4	10	4	5	2	13	1	9	1	6	1	9	1		1	2	11	
113	9	25	21	2	臺北市	大安區	大安區四維路與四維路44巷口	25.0355248	121.5481034	0	0	1	2	8	5	5	4	1	1	5	4	5	13	4	4	10	5	5	2	15	4	9	1	3	1	7	1		1	3	2	
113	9	25	21	19	臺北市	文山區	文山區木柵路1段與木柵路1段79巷口	24.9868183	121.5464869	0	0	1	2	8	5	5	14	9	1	5	4	5	13	4	4	5	4	5	2	13	4	9	8	4	1	20	1		1	2	11	
113	9	25	22	3	臺北市	萬華區	萬華區西寧南路14-2號	25.04678088	121.5070372	0	0	1	2	8	5	5	14	9	1	5	4	5	13	4	4	5	5	5	2	10	1	9	8	4	1	20	1		2	2	11	
113	9	25	22	12	臺北市	松山區	松山區東興路與八德路4段295巷18弄口	25.04930511	121.5654912	0	0	2	2	8	6	5	5	1	1	5	4	5	13	4	4	8	3	5	2	17	1	5	3	6	11	18	1		2	2	12	
113	9	26	6	15	臺北市	北投區	北投區承德路6段與文承路口	25.1052931	121.5118054	0	0	1	2	8	6	5	14	9	1	5	4	5	13	1	1	9	4	4	2	18	1	9	1	5	1	10	1		1	2	14	
113	9	26	7	48	臺北市	萬華區	萬華區環河南路2段與廣州街口	25.0367818	121.4954825	0	0	2	2	8	7	5	4	2	1	5	4	5	13	1	1	8	3	1	2	16	1	11	6	5	1	18	1		1	2	12	
113	9	26	7	53	臺北市	信義區	信義區信義快速道路往北象山隧道	25.03321063	121.5671865	0	0	1	2	8	5	9	6	9	1	5	4	5	13	4	4	10	2	5	1	13	1	9	6	7	2	8	1		1	3	1	
113	9	26	7	58	臺北市	信義區	信義區基隆路1段333號	25.035569	121.5612674	0	0	1	2	8	6	5	14	9	1	5	4	5	13	4	4	1	4	5	2	17	4	21	7	3	11	19	2		1	4	15	
113	9	26	8	10	臺北市	內湖區	內湖區民權東路6段與民權東路6段153巷口	25.0688165	121.5948815	0	0	1	2	8	6	5	3	1	1	5	4	5	13	4	4	1	4	5	2	17	1	6	1	7	1	8	1		2	3	5	
113	9	26	8	11	臺北市	中山區	中山區民生東路1段與新生北路2段口	25.0579844	121.5276235	0	0	1	2	8	7	5	5	2	1	5	4	5	13	1	1	9	4	5	2	13	1	9	1	5	1	10	1		1	3	11	
113	9	26	8	47	臺北市	中山區	中山區南京東路2段與吉林路口	25.0521846	121.529874	0	0	1	3	7	7	5	14	8	1	5	4	5	13	1	1	1	4	4	2	13	1	9	1	5	1	10	1		1	2	11	
113	9	26	8	50	臺北市	中正區	中正區重慶南路3段5號	25.02916499	121.5155494	0	0	1	2	8	6	5	14	9	1	5	4	5	13	4	4	1	4	5	2	17	1	9	1	5	1	10	1		1	2	11	
113	9	26	8	50	臺北市	中正區	中正區重慶南路3段與寧波西街口口	25.0301018	121.5153577	0	0	1	2	8	6	5	4	1	1	5	4	5	13	1	1	1	4	5	1	17	1	9	1	7	1	4	1		1	3	4	
113	9	26	8	50	臺北市	內湖區	內湖區大湖街與八連路二段329巷口	25.10547342	121.609085	0	0	1	2	7	5	6	12	9	1	5	4	5	12	4	4	10	5	5	1	17	1	5	1	7	2	8	1		1	3	17	
113	9	26	8	55	臺北市	內湖區	內湖區舊宗路2段175號前	25.0713738	121.5746653	0	0	2	3	8	5	5	14	9	1	5	4	5	13	4	4	1	4	5	2	13	1	9	1	6	1	10	1		1	2	11	
113	9	26	8	58	臺北市	內湖區	內湖區民權東路6段136巷與民權東路6段136巷46弄口	25.06661907	121.5877177	0	0	1	3	8	6	5	14	9	1	5	4	5	13	4	4	9	5	5	2	17	1	9	1	7	2	8	1		2	3	2	
113	9	26	9	2	臺北市	文山區	文山區景豐街31巷與景豐街37巷7弄口口	25.0000063	121.5454801	0	0	2	2	8	6	5	4	1	1	5	4	5	13	4	4	10	5	5	2	15	1	9	1	6	1	10	1		2	2	12	
113	9	26	9	12	臺北市	中山區	中山區民生西路24號	25.0576578	121.5213205	0	0	1	2	7	6	5	14	9	1	5	4	5	13	4	4	8	3	5	1	17	1	8	1	7	1	4	1		1	3	2	
113	9	26	9	25	臺北市	內湖區	內湖區民權東路6段191巷與民權東路6段口口	25.0676424	121.597514	0	0	1	2	7	6	5	4	18	1	5	4	5	13	2	1	5	4	4	2	3	1	6	1	7	2	1	1		1	3	1	
113	9	26	9	38	臺北市	松山區	松山區松河街與饒河街221巷口口	25.05139806	121.5766219	0	0	1	2	7	6	5	3	1	1	5	4	5	13	2	1	9	4	5	2	17	1	5	1	6	1	10	1		2	3	14	
113	9	26	9	43	臺北市	松山區	松山區敦化北路北往南0205489號燈桿(文華東方酒店前)	25.05555119	121.5487538	0	0	1	2	7	7	5	14	7	1	5	4	5	13	4	4	9	4	4	2	17	1	7	1	7	2	8	1		1	3	8	
113	9	26	9	44	臺北市	文山區	文山區景興路與景華街口	24.9950913	121.5446634	0	0	3	3	8	6	5	4	1	1	5	4	1	13	2	1	1	4	5	2	16	1	5	1	6	2	10	1		1	2	12	
113	9	26	9	55	臺北市	文山區	文山區木柵路2段101號	24.98880052	121.5615131	0	0	1	5	7	5	5	14	9	1	5	4	5	13	4	4	5	4	5	1	13	1	9	1	5	9	10	1		1	2	12	
113	9	26	10	31	臺北市	士林區	士林區仰德大道1段與仰德大道1段42巷口	25.103063	121.5371377	0	0	1	2	8	6	7	14	9	1	5	4	5	13	4	4	9	2	5	1	13	1	9	1	5	1	10	1		2	2	11	
113	9	26	10	31	臺北市	文山區	文山區萬和街1號	25.0014299	121.5676592	0	0	1	2	6	6	8	22	22	1	4	4	5	13	3	1	10	5	5	2	17	4	11	1	3	9	4	1		1	3	5	
113	9	26	10	33	臺北市	內湖區	內湖區潭美街與安康路228巷口	25.0612026	121.6036064	0	0	1	2	7	5	5	3	1	1	5	4	5	13	1	1	5	5	5	2	16	1	6	1	7	11	8	2		1	3	2	
113	9	26	10	45	臺北市	北投區	北投區尊賢街243巷21號	25.11677094	121.5062621	0	0	3	3	7	6	5	14	9	1	5	4	5	13	4	4	9	5	5	2	16	1	5	1	5	1	10	1		2	2	11	
113	9	26	11	2	臺北市	大同區	大同區西寧北路與南京西路239巷口	25.0538488	121.5087761	0	0	2	3	8	6	5	3	1	1	5	4	5	13	4	4	5	5	5	2	17	1	9	1	6	1	10	1		1	2	14	
113	9	26	11	26	臺北市	信義區	信義區松仁路與莊敬路口	25.0268874	121.56842	0	0	2	2	7	7	5	4	2	1	5	4	5	13	1	1	5	5	4	2	17	4	6	1	3	1	10	1		1	2	14	
113	9	26	11	33	臺北市	士林區	士林區天母北路與天母北路44巷口	25.120651	121.5265752	0	0	1	2	8	6	5	4	1	1	5	4	5	13	4	4	9	2	5	1	16	1	11	1	7	1	8	1		1	3	4	
113	9	26	11	59	臺北市	南港區	南港區南港路3段67巷與南港路3段67巷口	25.0519787	121.5886345	0	0	2	3	7	6	5	3	2	1	5	4	5	13	4	4	5	2	5	2	16	1	5	1	6	1	10	1		1	2	14	
113	9	26	12	6	臺北市	松山區	松山區八德路4段245巷與東興路2巷口	25.0507711	121.5642249	0	0	1	2	7	6	5	4	2	1	5	4	5	13	4	4	8	5	5	2	3	4	9	1	3	11	8	1		1	3	5	
113	9	26	12	7	臺北市	大安區	大安區新生南路1段與新生南路1段137巷口	25.0370153	121.5329355	0	0	2	2	7	5	5	3	1	1	5	4	5	13	4	4	1	3	1	2	16	1	6	8	4	1	20	1		1	2	13	
113	9	26	12	35	臺北市	士林區	士林區天母東路22巷21-7號	25.11748	121.5331158	0	0	1	2	8	6	5	14	9	1	5	4	3	13	4	4	5	5	5	2	17	4	14	1	3	1	4	1		1	3	17	
113	9	26	12	54	臺北市	大安區	大安區師大路92巷與浦城街口	25.0226735	121.5267529	0	0	1	2	6	7	5	5	1	1	4	4	5	13	4	4	5	2	5	2	16	1	5	1	5	1	10	1		2	2	12	
113	9	26	13	8	臺北市	信義區	信義區永吉路180巷16弄與永吉路150巷口口	25.0449882	121.5709023	0	0	2	2	6	6	6	4	1	1	4	4	5	13	4	4	10	5	5	2	17	1	9	1	6	11	10	1		2	2	11	
113	9	26	13	21	臺北市	士林區	士林區士商路139號	25.0937092	121.5175804	0	0	1	2	8	6	5	14	9	1	5	4	5	13	4	4	5	5	5	2	16	1	11	1	7	1	8	1		1	3	4	