年	月	日	時	分	縣市	行政區	allLocation	GoogleLat	GoogleLng	死	2-30	受傷	當事人數	天候	道路照明設備	道路類別	道路型態	事故位置	路面狀況1	路面狀況2	路面狀況3	道路障礙1	道路障礙2	號誌1	號誌2	車道劃分-分向	車道劃分-分道1	車道劃分-分道2	車道劃分-分道3	事故類型及型態	行動電話	當事者行動狀態	駕駛資格情形	保護裝置	飲酒情形	駕駛執照種類	個人肇逃否	肇因碼-主要	性別	受傷程度	車輛撞擊部位1	車輛撞擊部位2
113	9	26	13	36	臺北市	大安區	大安區仁愛路4段300巷(國泰醫院前)	25.0370495	121.553612	0	0	1	2	7	5	5	14	9	1	4	4	5	13	4	4	10	5	5	2	14	1	2	1	6	1	10	1		1	2	13	
113	9	26	13	40	臺北市	士林區	士林區小西街與大南路口	25.0897874	121.5233647	0	0	1	2	8	6	6	4	1	1	5	4	5	8	4	4	10	5	5	2	15	4	9	1	3	1	9	1		1	3	14	
113	9	26	14	46	臺北市	北投區	北投區石牌路2段39號	25.11614318	121.5158958	0	0	1	2	7	6	5	14	9	1	5	4	5	13	4	4	1	4	5	1	11	1	11	1	5	1	10	1		2	2	12	
113	9	26	15	16	臺北市	大安區	大安區基隆路3段與長興街口	25.0172032	121.5442815	0	0	1	2	8	7	5	4	1	1	5	4	5	13	2	1	1	5	5	1	11	4	9	8	3	11	20	1		1	2	14	
113	9	26	15	42	臺北市	萬華區	萬華區雙園街67巷22號	25.0309047	121.4948665	0	0	1	2	8	6	5	14	9	1	5	4	5	13	4	4	10	5	5	2	16	1	11	6	5	1	18	1		1	3	11	
113	9	26	16	47	臺北市	松山區	松山區民生東路4段與民生東路4段131巷口	25.0582487	121.5542375	0	0	1	2	8	5	5	4	1	1	5	4	5	13	2	1	1	4	5	2	16	1	5	1	7	1	8	1		2	3	1	
113	9	26	16	50	臺北市	文山區	文山區木新路3段243巷3弄1號	24.9805897	121.5591003	0	0	1	2	8	7	5	14	9	1	5	4	5	13	4	4	10	5	5	2	16	1	11	1	7	1	8	1		1	3	4	
113	9	26	16	55	臺北市	中正區	中正區重慶南路2段與泉州街9巷口	25.0305955	121.5148594	0	0	1	2	8	6	5	3	1	1	4	4	5	13	4	4	1	4	5	2	17	1	6	1	7	2	8	1		2	3	2	
113	9	26	17	6	臺北市	萬華區	萬華區漢中街131號	25.0420348	121.5074255	0	0	1	2	6	6	5	11	9	1	4	4	5	13	4	4	9	5	5	2	9	4	1	1	3	1	1	1		1	3	17	
113	9	26	17	13	臺北市	大安區	大安區辛亥路2段與復興南路2段口	25.0209639	121.5432075	0	0	2	2	8	6	5	4	1	1	5	4	5	13	2	1	1	3	4	2	11	1	9	8	4	2	20	1		1	2	11	
113	9	26	17	21	臺北市	北投區	北投區文林北路22號	25.1047661	121.5187552	0	0	1	2	7	5	5	14	9	1	5	4	5	13	4	4	9	4	5	2	12	1	7	1	5	1	10	1		1	2	14	
113	9	26	18	7	臺北市	文山區	文山區光輝路134巷與光輝路134巷3弄口	24.9849721	121.5584062	0	0	2	3	8	5	5	14	9	1	5	4	5	13	4	4	9	5	5	2	3	4	9	1	5	2	10	1		1	3	11	
113	9	26	18	12	臺北市	北投區	北投區大度路152號燈桿	25.1216022	121.4894433	0	0	2	2	8	5	5	14	12	1	5	4	5	13	4	4	1	4	5	2	13	1	9	1	5	1	10	1		1	2	11	
113	9	26	18	18	臺北市	中山區	中山區建國北路3段與五常街東側附近南口	25.063716	121.5372464	0	0	1	2	7	5	5	3	2	1	5	4	5	13	2	1	5	4	5	2	2	4	5	1	3	2	8	1		1	3	1	
113	9	26	18	24	臺北市	大安區	大安區辛亥路3段與辛亥路3段157巷口	25.017083	121.5492067	0	0	2	2	8	5	5	4	1	1	5	4	5	13	2	1	1	4	5	1	13	4	9	1	3	1	10	1		2	2	11	
113	9	26	18	42	臺北市	內湖區	內湖區舊宗路1段2號	25.05767541	121.5809471	0	0	2	2	8	5	5	14	9	1	5	4	5	13	4	4	3	4	5	2	17	1	9	1	7	1	8	1		1	2	2	
113	9	26	18	45	臺北市	信義區	信義區莊敬路與松仁路口口	25.0266473	121.5684351	0	0	1	2	7	5	5	4	1	1	5	4	5	13	2	1	5	5	5	2	16	1	5	1	6	2	10	1		2	2	14	
113	9	26	18	50	臺北市	中山區	中山區天津街與中山北路1段53巷口	25.04907715	121.5227163	0	0	2	2	8	5	5	4	1	1	5	4	1	13	3	1	10	5	5	2	16	1	5	1	6	1	10	1		2	2	11	
113	9	26	19	20	臺北市	南港區	南港區向陽路與重陽路口	25.0549673	121.5945707	0	0	1	2	8	5	5	3	1	1	5	4	5	13	1	1	1	3	5	2	11	4	11	1	3	1	8	1		2	3	1	
113	9	26	19	30	臺北市	南港區	南港區舊莊街1段29號	25.0413621	121.6183374	0	0	1	2	8	5	5	14	9	1	5	4	5	13	4	4	9	4	5	2	3	5	18	8	4	10	20	1		1	2	16	
113	9	26	19	42	臺北市	士林區	士林區文林路510號	25.0968661	121.5242034	0	0	1	3	8	5	5	14	9	1	5	4	5	13	4	4	5	5	5	2	14	1	2	1	7	2	8	1		1	3	8	
113	9	26	20	44	臺北市	中正區	中正區延平南路164號	25.0374393	121.5082655	0	0	1	2	8	5	5	14	9	1	5	4	5	13	4	4	9	5	5	1	14	1	2	1	6	2	10	1		2	2	13	
113	9	26	20	48	臺北市	士林區	士林區天母北路87巷與中山北路7段81巷28弄口	25.1231432	121.5295399	0	0	2	3	8	5	5	18	9	1	5	4	5	13	4	4	10	5	5	1	17	1	15	1	7	1	8	1		1	3	1	
113	9	26	20	50	臺北市	中正區	中正區廈門街與廈門街114巷口	25.0232122	121.5173623	0	0	1	2	8	5	5	3	1	1	5	4	5	13	2	1	9	5	5	2	16	4	5	7	3	11	19	2		1	4	15	
113	9	26	21	0	臺北市	中山區	中山區中山北路2段與民權西路口	25.0626633	121.5225657	0	0	1	2	8	5	5	4	1	1	5	4	5	13	2	2	5	4	1	2	15	1	9	1	7	2	8	1		1	3	5	
113	9	26	21	31	臺北市	北投區	北投區北投路2段與大興街23巷口	25.1308889	121.4990781	0	0	1	2	8	5	5	3	1	1	5	4	5	13	1	1	4	4	4	2	13	1	9	1	6	2	10	1		2	3	11	
113	9	26	22	1	臺北市	南港區	南港區市民大道8段與南港路2段41巷口	25.0527023	121.603296	0	0	2	2	8	5	5	4	1	1	5	4	5	13	2	1	1	4	5	2	16	1	5	1	5	1	10	1		1	2	12	
113	9	26	22	42	臺北市	大同區	大同區延平北路4段與延平北路4段294巷口	25.0772334	121.5120581	0	0	1	2	7	5	5	3	2	1	5	4	5	13	1	1	1	4	5	2	17	1	15	1	6	1	10	1		1	2	12	
113	9	26	22	44	臺北市	士林區	士林區文林路173號	25.0897021	121.5269899	0	0	3	3	7	5	5	14	9	1	5	4	5	13	4	4	5	5	5	1	16	1	5	1	5	1	10	1		1	2	14	
113	9	27	0	2	臺北市	文山區	文山區木柵路1段與木柵路1段59巷口	24.9867802	121.5459817	0	0	2	2	7	6	5	4	1	1	5	4	5	12	2	1	10	5	5	2	16	1	5	8	4	2	20	1		2	2	12	
113	9	27	6	0	臺北市	信義區	信義區基隆路2段109號	25.0289312	121.5572586	0	0	2	2	8	7	5	22	20	4	5	4	5	13	4	4	10	5	5	2	10	1	15	8	4	1	20	1		1	2	11	
113	9	27	6	26	臺北市	北投區	北投區中央北路4段與大度路3段口	25.12383	121.4647006	0	0	3	3	8	6	5	4	1	1	5	4	5	13	2	1	1	4	5	2	17	1	9	1	6	1	10	1		1	2	11	
113	9	27	6	58	臺北市	士林區	士林區福國路與中山北路6段35巷口	25.1022289	121.5247769	0	0	1	2	8	5	5	5	1	1	5	4	5	13	2	1	1	4	5	2	15	4	9	1	3	1	8	1		1	3	4	
113	9	27	7	20	臺北市	士林區	士林區基河路與小西街口	25.0891635	121.5232239	0	0	1	2	8	6	5	3	1	1	5	4	5	13	4	4	5	4	5	2	13	4	9	1	3	1	9	1		1	2	11	
113	9	27	7	33	臺北市	文山區	文山區興隆路4段38號前	24.9881985	121.5603347	0	0	1	2	8	6	5	14	9	1	5	4	5	13	4	4	1	4	5	2	12	1	7	1	5	1	10	1		2	2	14	
113	9	27	7	35	臺北市	內湖區	內湖區康寧路3段與康寧路3段190巷口	25.06822181	121.6119198	0	0	1	3	8	7	5	14	9	1	5	4	5	13	4	4	1	4	5	2	13	1	7	1	6	1	10	1		1	3	14	
113	9	27	7	43	臺北市	士林區	士林區忠誠路2段與忠誠路2段50巷口	25.11071689	121.5305571	0	0	1	2	8	5	5	3	2	1	5	4	5	13	2	1	1	4	1	2	16	1	5	1	2	1	8	1		1	3	1	
113	9	27	8	4	臺北市	北投區	北投區中央北路2段與中央北路2段131巷口	25.13740206	121.4942149	0	0	1	2	8	6	5	14	9	1	5	4	5	13	4	4	9	4	5	2	16	1	5	1	7	1	8	1		2	3	4	
113	9	27	8	5	臺北市	文山區	文山區和平東路4段381巷與和平東路4段口	24.9993643	121.5740342	0	0	2	2	8	5	5	3	1	1	5	4	5	13	4	4	10	5	5	1	17	1	5	1	6	1	10	1		1	2	12	
113	9	27	8	14	臺北市	士林區	士林區百齡橋東向西下橋處	25.0872906	121.5105698	0	0	1	2	8	6	5	8	9	1	5	4	5	13	4	4	1	4	5	1	12	4	9	1	3	1	10	1		1	5	14	
113	9	27	8	18	臺北市	大安區	大安區和平東路1段129號	25.0265902	121.5289278	0	0	1	2	8	5	5	14	9	1	5	4	5	13	2	1	1	4	5	2	17	4	7	1	3	1	4	1		1	3	7	
113	9	27	8	23	臺北市	中山區	中山區長安東路1段64號	25.0479415	121.5294255	0	0	1	2	8	6	5	22	20	4	5	4	5	13	4	4	10	5	5	2	14	4	2	1	3	1	4	1		1	3	3	
113	9	27	8	25	臺北市	中山區	中山區北安路往東、七海園區前	25.07779875	121.5365628	0	0	1	2	8	7	5	14	9	1	5	4	5	13	4	4	1	4	5	2	13	4	9	1	6	1	10	1		2	2	11	
113	9	27	8	45	臺北市	內湖區	內湖區民權東路6段與民權東路6段191巷口	25.0675975	121.5975353	0	0	1	2	8	7	5	4	2	1	5	4	5	13	2	1	1	4	4	2	16	4	5	1	3	2	8	1		1	3	5	
113	9	27	8	53	臺北市	內湖區	內湖區洲子街與瑞光路513巷口	25.0803213	121.5703043	0	0	1	2	8	5	5	4	1	1	5	4	5	13	1	1	5	5	5	2	13	1	5	1	7	1	8	1		2	3	8	
113	9	27	8	55	臺北市	松山區	松山區塔悠路215號	25.058855	121.569206	0	0	1	3	8	7	5	14	9	1	5	4	5	13	4	4	9	4	5	2	17	1	6	1	6	2	10	1		1	3	12	
113	9	27	9	6	臺北市	大安區	大安區忠孝東路3段與建國南路1段口	25.0417905	121.5373131	0	0	1	2	8	6	5	4	1	1	5	4	5	13	2	1	4	3	5	2	12	1	9	3	5	1	18	1		2	2	12	
113	9	27	9	24	臺北市	南港區	南港區松河街與中坡北路口	25.0521514	121.5801556	0	0	1	2	8	6	5	4	2	1	5	4	5	13	4	4	1	5	5	2	16	1	8	1	7	1	8	1		1	3	2	
113	9	27	10	5	臺北市	中山區	中山區民權東路2段與松江路口	25.0625846	121.5334026	0	0	1	2	8	7	5	4	1	1	5	4	5	13	1	1	1	4	5	2	3	1	9	1	5	1	10	1		1	3	11	
113	9	27	10	14	臺北市	中山區	中山區長安東路2段199號	25.0482825	121.5434606	0	0	1	2	8	6	5	14	9	1	5	4	5	13	4	4	8	3	5	1	17	1	9	6	5	1	10	1		1	3	11	
113	9	27	10	27	臺北市	北投區	北投區學園路1號	25.12969636	121.4660926	0	0	1	2	8	6	5	14	18	1	5	4	5	13	2	1	9	4	5	2	9	1	9	1	5	1	10	1		1	2	12	
113	9	27	10	58	臺北市	大安區	大安區忠孝東路3段與安東街口	25.0417499	121.5430298	0	0	1	2	7	6	5	3	1	1	5	4	5	13	4	4	3	4	5	2	16	4	6	1	7	1	8	1		1	3	5	
113	9	27	11	2	臺北市	內湖區	內湖區民權東路6段138號前	25.0689641	121.5887807	0	0	1	2	7	6	5	14	9	1	5	4	5	13	4	4	1	4	5	2	13	1	6	1	5	1	11	1		2	2	13	
113	9	27	11	2	臺北市	北投區	北投區知行路38號	25.1181731	121.46715	0	0	1	2	8	6	5	14	9	1	5	4	5	13	4	4	10	5	5	2	2	1	9	1	7	9	8	2		1	3	2	
113	9	27	11	38	臺北市	文山區	文山區木柵路2段與木柵路2段54巷口口	24.9887099	121.5585951	0	0	2	4	7	6	5	4	2	1	5	4	5	13	1	1	5	4	5	2	13	1	9	1	7	2	7	1		1	3	1	
113	9	27	11	42	臺北市	文山區	文山區木柵路4段與木柵路4段159巷口	24.9997509	121.5756012	0	0	1	2	6	7	5	3	1	1	4	4	5	13	2	1	10	5	5	2	17	1	9	1	5	1	10	1		1	2	14	
113	9	27	11	55	臺北市	大同區	大同區承德路1段與長安西路口	25.0516904	121.5170294	0	0	2	3	6	6	5	4	2	1	4	4	5	13	1	1	1	2	5	2	13	4	9	1	7	9	4	1		1	3	8	
113	9	27	12	12	臺北市	大安區	大安區和平東路1段與師大路口	25.0262239	121.5289267	0	0	1	2	7	6	5	3	2	1	4	4	5	13	2	1	5	4	5	2	17	4	9	1	6	11	10	1		4	2	15	
113	9	27	12	27	臺北市	信義區	信義區忠孝東路5段721號	25.0427602	121.5805379	0	0	1	2	6	7	5	14	25	1	4	4	5	13	4	4	10	5	5	2	9	4	9	1	3	1	10	1		2	3	14	
113	9	27	12	37	臺北市	大同區	大同區延平北路4段與迪化街2段268巷口	25.07058	121.5109056	0	0	1	3	8	7	5	3	2	1	5	4	5	13	4	4	5	4	5	2	17	4	9	1	3	1	10	1		2	2	14	
113	9	27	12	45	臺北市	中正區	中正區重慶南路3段與福州街口	25.0271371	121.5161376	0	0	1	2	7	6	5	5	2	1	5	4	5	13	2	1	1	4	5	1	16	1	6	1	7	1	8	1		1	3	2	
113	9	27	13	32	臺北市	大安區	大安區泰順街與溫州街18巷口	25.0248944	121.531439	0	0	2	2	7	6	5	3	1	1	5	4	5	13	4	4	9	5	5	2	16	4	5	1	6	1	10	1		1	2	14	
113	9	27	14	30	臺北市	中山區	中山區敬業二路與樂群三路口	25.0826258	121.5544338	0	0	1	2	6	7	5	4	1	1	4	4	5	13	1	1	9	4	5	2	12	1	15	1	7	2	4	1		1	3	2	
113	9	27	15	0	臺北市	松山區	松山區市民大道4段129號	25.04484617	121.5500376	0	0	2	3	7	7	5	14	9	1	5	4	5	13	4	4	1	4	5	2	13	1	9	1	5	1	9	1		1	2	11	
113	9	27	15	10	臺北市	大同區	大同區承德路3段198巷與承德路3段208巷口	25.07072089	121.5185043	0	0	1	3	7	6	5	3	1	1	5	4	5	13	4	4	10	5	5	2	16	1	5	1	7	2	8	1		1	3	8	
113	9	27	15	19	臺北市	中山區	中山區北安路與大直橋口	25.0796199	121.5444058	0	0	1	2	7	7	5	4	1	1	5	4	5	13	1	1	1	4	5	2	16	1	11	1	7	2	8	1		1	3	4	
113	9	27	15	20	臺北市	士林區	士林區承德路4段10巷與通河街76巷口	25.0801123	121.5201467	0	0	1	2	8	6	5	4	1	1	5	4	5	13	4	4	5	5	5	1	16	1	9	1	6	1	10	1		1	2	11	
113	9	27	16	0	臺北市	中山區	中山區濱江街150巷與濱江街口	25.05808099	121.5222433	0	0	2	2	7	7	5	3	1	1	4	4	5	13	3	1	1	4	5	2	3	1	9	1	5	1	10	1		1	2	11	
113	9	27	16	12	臺北市	信義區	信義區信義路5段91巷6號	25.0329823	121.5716032	0	0	1	2	6	7	5	14	20	4	4	4	5	13	4	4	10	5	5	2	17	1	5	8	2	1	20	1		2	2	15	
113	9	27	17	32	臺北市	大同區	大同區重慶北路2段與南京西路口	25.0542093	121.5147005	0	0	1	2	6	5	5	5	1	1	4	4	5	13	2	1	1	4	5	2	12	4	15	1	3	1	8	1		1	3	8	
113	9	27	17	45	臺北市	中山區	中山區樂群二路與敬業四路口	25.09139	121.5291309	0	0	1	2	6	5	5	3	1	1	4	4	5	13	2	1	1	4	5	2	16	4	11	1	6	1	10	1		2	2	13	
113	9	27	17	47	臺北市	中正區	中正區汀州路3段178號	25.0131463	121.5348198	0	0	1	2	6	5	5	14	9	1	4	4	5	13	4	4	5	5	5	2	13	1	9	1	5	1	10	1		2	2	11	
113	9	27	17	57	臺北市	松山區	松山區敦化北路與民生東路4段口	25.0576821	121.5492704	0	0	1	2	6	5	5	4	1	1	4	4	5	13	2	1	9	4	4	2	17	1	9	1	6	1	10	1		2	2	12	
113	9	27	18	15	臺北市	松山區	松山區民權東路4段與三民路口	25.0627287	121.5628655	0	0	1	2	6	5	5	3	1	1	4	4	5	13	2	1	1	4	4	2	12	1	9	1	7	1	8	1		1	3	2	
113	9	27	18	17	臺北市	中山區	中山區南京東路3段210號	25.0517874	121.5433109	0	0	1	2	6	5	5	14	9	1	4	4	5	13	4	4	1	4	4	2	12	1	9	1	7	1	8	1		2	3	5	
113	9	27	18	20	臺北市	中山區	中山區敬業一路128巷9號	25.08337646	121.5531364	0	0	2	3	6	5	5	14	9	1	4	4	5	13	4	4	9	4	5	2	16	1	11	1	7	1	8	1		1	3	4	
113	9	27	18	24	臺北市	大同區	大同區市民高架道往西（6510996燈桿）	25.04970924	121.5125644	0	0	1	3	6	5	5	10	16	1	4	4	5	13	4	4	9	4	5	2	17	1	9	1	7	2	8	1		2	3	1	
113	9	27	18	27	臺北市	文山區	文山區新光路1段與新光路1段65巷口口	24.9902182	121.573733	0	0	1	5	7	5	5	3	1	1	4	4	5	13	4	4	9	5	5	1	16	4	6	1	7	2	8	1		1	3	8	
113	9	27	18	36	臺北市	松山區	松山區撫遠街與民權東路5段口	25.0632506	121.5660108	0	0	1	2	7	5	5	4	1	1	4	4	5	13	2	1	1	3	5	2	16	1	6	1	6	1	10	1		2	2	12	
113	9	27	18	50	臺北市	信義區	信義區信義路4段與光復南路口	25.0332024	121.5575352	0	0	1	2	6	6	5	5	2	1	4	4	5	13	2	1	1	4	5	2	16	1	5	1	7	1	8	1		2	3	8	
113	9	27	19	0	臺北市	南港區	南港區市民大道8段與忠孝東路7段325巷口	25.0529987	121.605197	0	0	1	2	6	5	5	3	1	1	4	4	5	13	1	1	1	3	5	2	15	4	11	1	3	1	8	1		1	3	2	
113	9	27	19	39	臺北市	萬華區	萬華區西園路1段72巷與西園路1段口	25.0393741	121.4998292	0	0	1	2	6	5	5	4	1	1	4	4	5	13	3	1	8	3	5	1	17	1	5	1	5	1	10	1		1	3	11	
113	9	27	19	44	臺北市	信義區	信義區吳興街220巷與吳興街220巷37弄口	25.0269806	121.5621601	0	0	1	2	6	5	5	5	2	1	4	4	5	13	2	1	5	4	5	2	3	1	9	1	7	1	8	1		1	3	1	
113	9	27	19	57	臺北市	中正區	中正區凱達格蘭大道與中山南路口	25.0386985	121.5174436	0	0	1	2	7	5	5	4	1	1	5	4	5	13	1	1	1	4	1	2	12	1	9	1	6	1	10	1		2	2	11	
113	9	27	20	18	臺北市	內湖區	內湖區民權東路6段50號	25.0684006	121.5832868	0	0	1	2	6	5	5	14	8	1	4	4	5	13	4	4	9	4	4	2	12	4	7	7	3	11	19	2		2	4	15	
113	9	27	21	28	臺北市	信義區	信義區忠孝東路5段與忠孝東路5段236巷口	25.0408101	121.5719909	0	0	1	2	7	5	5	4	1	1	4	4	5	13	2	1	3	4	5	2	3	1	6	1	6	1	10	1		2	2	17	12
113	9	27	21	36	臺北市	中山區	中山區長安東路1段18號	25.04935682	121.5236334	0	0	1	2	6	5	5	14	9	1	4	4	5	13	4	4	9	4	5	2	17	1	8	1	6	1	10	1		1	3	17	
113	9	27	21	55	臺北市	大同區	大同區環河北路2段與民族西路口	25.0691424	121.5094861	0	0	1	3	7	6	5	4	2	1	4	4	5	13	2	1	1	2	5	2	13	4	9	1	7	1	8	1		1	3	1	
113	9	27	22	0	臺北市	松山區	松山區民權東路3段與民權東路3段184巷口	25.06159638	121.5498841	0	0	1	2	6	5	5	3	1	1	4	4	5	13	4	4	1	4	4	2	17	1	6	1	7	1	4	1		1	3	4	
113	9	27	22	4	臺北市	中山區	中山區民權東路2段69號	25.0626229	121.5313769	0	0	1	3	6	5	5	14	9	1	4	4	5	13	4	4	1	4	5	2	13	1	9	1	6	1	10	1		2	2	11	
113	9	27	22	10	臺北市	大安區	大安區忠孝東路4段與敦化南路1段口	25.04163	121.5493807	0	0	1	2	7	5	5	5	2	1	5	4	5	13	4	4	9	4	5	2	13	4	9	1	3	9	8	1		1	4	15	
113	9	27	23	0	臺北市	文山區	文山區水源快速道路南向北近景福匝道	25.00076222	121.535281	0	0	1	4	7	5	5	10	7	1	4	4	1	13	4	4	10	2	5	2	13	1	9	1	7	1	8	1		1	3	1	3
113	9	27	23	11	臺北市	信義區	信義區信義路5段11號	25.0329803	121.5664328	0	0	2	4	7	5	5	14	9	1	5	4	5	13	4	4	1	4	5	2	17	1	6	1	7	1	8	1		2	3	5	
113	9	28	0	15	臺北市	中山區	中山區民權西路與民權西路77巷口	25.06296595	121.5197614	0	0	1	2	8	5	5	3	1	1	5	4	5	13	4	4	3	5	5	2	16	1	6	1	7	1	4	1		1	3	2	
113	9	28	2	1	臺北市	中山區	中山區松江路133巷與南京東路2段115巷口	25.0543609	121.5336415	0	0	1	2	6	5	5	4	1	1	4	4	5	13	4	4	10	5	5	2	15	1	9	1	7	1	4	1		1	2	8	
113	9	28	3	20	臺北市	松山區	松山區市民大道6段附近0607211號電燈桿	25.0494867	121.5732221	0	0	1	2	6	5	5	14	9	1	4	4	5	13	4	4	1	4	5	2	13	1	9	1	7	1	4	1		1	3	1	
113	9	28	5	35	臺北市	中山區	中山區民權東路3段與龍江路口	25.0623035	121.5409949	0	0	2	2	6	5	5	4	1	1	4	4	5	13	2	1	3	4	5	2	3	1	9	1	6	2	10	1		1	2	11	
113	9	28	7	30	臺北市	中正區	中正區羅斯福路2段與和平西路1段口	25.0269999	121.5222678	0	0	1	3	7	6	5	4	1	1	5	4	5	13	1	1	3	4	5	2	12	1	9	1	7	1	8	1		2	3	2	
113	9	28	7	35	臺北市	大安區	大安區忠孝東路3段251巷與忠孝東路3段251巷8弄口	25.0429819	121.5416506	0	0	1	2	7	5	5	4	1	1	4	4	5	13	4	4	10	5	5	1	15	1	9	1	5	1	10	1		2	2	11	
113	9	28	7	46	臺北市	信義區	信義區莊敬路256號	25.02940291	121.5623911	0	0	1	2	7	6	5	14	7	1	4	4	5	13	4	4	5	5	4	2	17	1	11	1	7	1	8	1		1	3	17	
113	9	28	7	55	臺北市	大安區	大安區基隆路2段207號	25.023703	121.5519368	0	0	1	3	8	6	5	14	9	1	5	4	5	13	4	4	1	4	5	1	17	4	14	1	3	11	4	1		1	4	2	
113	9	28	8	33	臺北市	文山區	文山區新光路2段(東往西013燈桿旁）	25.0023112	121.5997759	0	0	1	3	6	6	5	14	9	1	4	4	5	13	4	4	5	5	5	1	20	1	9	3	5	1	18	1		1	2	12	
113	9	28	8	47	臺北市	中正區	中正區市民大道1段與中山北路1段口	25.04795965	121.5205439	0	0	1	3	8	6	5	4	2	1	5	4	5	13	2	1	5	4	5	2	17	1	1	1	5	2	10	1		1	3	14	
113	9	28	9	0	臺北市	內湖區	內湖區安康路與康寧路3段245巷口	25.0661653	121.6137941	0	0	1	2	7	5	5	4	2	1	5	4	5	13	1	1	5	5	5	2	17	1	5	1	7	1	8	1		1	3	8	
113	9	28	9	12	臺北市	大安區	大安區忠孝東路3段與忠孝東路3段251巷口	25.0416348	121.5416346	0	0	1	2	8	6	5	3	1	1	5	4	5	13	2	1	1	4	5	2	17	4	11	1	3	1	4	1		1	3	4	
113	9	28	9	17	臺北市	松山區	松山區塔悠路與民生東路5段口	25.0593222	121.5690865	0	0	1	2	7	6	5	3	1	1	5	4	5	13	1	1	1	3	5	2	17	1	15	1	6	1	10	1		2	3	11	
113	9	28	9	22	臺北市	大安區	大安區基隆路3段與基隆路3段155巷口	25.0156571	121.5425968	0	0	1	2	7	7	5	4	1	1	4	4	5	13	2	1	1	3	4	1	15	4	9	1	3	2	8	1		2	3	1	
113	9	28	9	37	臺北市	萬華區	萬華區貴陽街2段與昆明街口	25.0398127	121.5041837	0	0	2	2	7	5	5	4	1	1	5	4	5	13	2	1	5	4	5	2	3	5	16	8	4	10	20	1		2	2	16	
113	9	28	9	40	臺北市	南港區	南港區研究院路2段與研究院路2段34巷口	25.0467565	121.6153111	0	0	1	2	6	6	5	3	1	1	4	4	5	13	2	1	1	3	5	2	17	4	9	1	3	1	10	1		1	3	15	
113	9	28	10	6	臺北市	松山區	松山區饒河街77號	25.05018372	121.5727852	0	0	1	2	8	6	5	14	9	1	4	4	5	13	4	4	10	5	5	2	11	4	13	1	3	2	8	1		1	3	4	
113	9	28	10	10	臺北市	南港區	南港區忠孝東路6段與忠孝東路6段278巷口	25.0492426	121.5891473	0	0	1	2	7	7	5	3	2	1	5	4	5	13	1	1	1	4	4	2	11	1	11	1	7	1	8	1		2	3	5	
113	9	28	10	23	臺北市	中山區	中山區錦西街4號	25.060282	121.5220322	0	0	1	2	7	7	5	14	9	1	5	4	5	13	4	4	5	4	5	2	17	4	15	1	3	1	8	1		1	3	8	
113	9	28	10	39	臺北市	北投區	北投區復興一路與珠海路口	25.14053114	121.5044523	0	0	1	2	6	7	5	3	2	1	4	4	5	13	4	4	9	5	5	2	18	1	9	8	4	1	20	1		1	2	12	
113	9	28	11	5	臺北市	內湖區	內湖區民權東路6段206巷與民權東路6段口國防醫學院前	25.0684882	121.5955602	0	0	1	3	7	7	5	4	1	1	5	4	5	13	2	1	1	5	4	2	13	1	9	1	7	1	8	1		2	3	1	1
113	9	28	11	23	臺北市	萬華區	萬華區寶興街222巷與德昌街185巷57弄口口	25.0218556	121.4936719	0	0	3	3	7	6	5	4	1	1	5	4	5	13	4	4	10	5	5	1	15	4	9	1	3	1	10	1		2	2	14	
113	9	28	11	30	臺北市	大同區	大同區市民高架道(重慶匝道旁)	25.0486194	121.5178156	0	0	1	3	8	6	5	10	7	1	5	4	5	13	4	4	10	5	5	2	13	1	9	1	7	1	4	1		1	3	1	
113	9	28	11	35	臺北市	中正區	中正區林森南路與徐州路口	25.0410349	121.5222186	0	0	1	2	7	6	5	4	1	1	5	4	5	13	1	1	5	4	5	2	16	1	5	1	7	1	8	1		1	3	5	
113	9	28	11	39	臺北市	中山區	中山區南京東路1段與吉林路口	25.05209396	121.5296234	0	0	1	2	7	5	8	14	10	1	5	4	5	13	4	4	3	4	5	2	9	5	17	8	4	1	20	2		4	2	16	
113	9	28	11	52	臺北市	內湖區	內湖區新明路242號前	25.056681	121.5838348	0	0	1	2	8	7	8	14	7	1	5	4	5	13	2	1	9	4	4	2	12	1	7	1	6	2	10	1		2	2	14	
113	9	28	12	32	臺北市	松山區	松山區饒河街與饒河街221巷口	25.0507917	121.5767687	0	0	2	3	8	7	5	3	1	1	5	4	5	13	4	4	10	5	5	2	15	1	9	1	7	1	8	1		1	3	4	
113	9	28	12	38	臺北市	中正區	中正區南昌路1段與重慶南路2段7巷口	25.0343165	121.5149194	0	0	1	3	8	6	5	4	1	1	5	4	5	13	4	4	5	4	5	2	15	1	9	1	5	2	10	1		2	2	17	
113	9	28	12	40	臺北市	信義區	信義區忠孝東路5段與中坡南路口	25.044108	121.5817596	0	0	1	3	8	7	5	4	2	1	5	4	5	13	1	1	9	4	5	2	17	1	15	8	4	1	20	1		2	3	15	
113	9	28	12	44	臺北市	萬華區	萬華區西寧南路167號	25.0432589	121.5062394	0	0	1	2	8	7	5	14	7	1	5	4	5	13	4	4	9	3	5	2	8	1	9	1	7	11	4	2		1	3	1	