年	月	日	時	分	縣市	行政區	allLocation	GoogleLat	GoogleLng	死	2-30	受傷	當事人數	天候	道路照明設備	道路類別	道路型態	事故位置	路面狀況1	路面狀況2	路面狀況3	道路障礙1	道路障礙2	號誌1	號誌2	車道劃分-分向	車道劃分-分道1	車道劃分-分道2	車道劃分-分道3	事故類型及型態	行動電話	當事者行動狀態	駕駛資格情形	保護裝置	飲酒情形	駕駛執照種類	個人肇逃否	肇因碼-主要	性別	受傷程度	車輛撞擊部位1	車輛撞擊部位2
113	9	28	12	46	臺北市	文山區	文山區興隆路4段66號前	24.9847175	121.5615906	0	0	1	4	7	6	5	14	9	1	4	4	5	13	2	1	3	4	5	2	18	1	7	1	5	1	10	1		1	2	14	
113	9	28	13	0	臺北市	內湖區	內湖區環山路3段24號	25.0846745	121.5798658	0	0	1	2	8	6	5	11	8	1	5	4	3	12	4	4	5	4	5	1	17	1	9	1	6	1	10	1		1	2	11	
113	9	28	13	40	臺北市	信義區	信義區大道路與忠孝東路5段790巷70弄口	25.04005702	121.5828513	0	0	1	2	8	7	5	3	1	1	5	4	5	13	4	4	9	4	5	2	17	1	11	1	7	1	4	1		1	3	4	
113	9	28	14	5	臺北市	北投區	北投區承德路6段燈120020	25.1001483	121.5126394	0	0	1	2	8	5	5	14	9	1	5	4	5	13	4	4	1	4	5	2	13	1	9	1	7	2	7	1		1	3	5	
113	9	28	14	11	臺北市	中正區	中正區仁愛路1段與中山南路口	25.0393006	121.5183958	0	0	1	2	8	6	5	5	2	1	5	4	5	13	1	1	1	4	5	2	17	1	15	1	7	2	4	1		1	3	7	
113	9	28	14	20	臺北市	松山區	(塔悠路193號前)	25.0572703	121.5694127	0	0	1	2	8	5	6	14	9	1	5	4	5	13	1	1	8	3	4	1	16	1	5	7	3	1	19	1		1	2	16	
113	9	28	14	25	臺北市	士林區	士林區福港街與承德路4段口	25.0896855	121.5183892	0	0	1	3	6	6	5	4	2	1	4	4	5	13	1	1	5	4	5	2	17	1	9	1	6	1	10	1		1	3	14	
113	9	28	14	39	臺北市	萬華區	萬華區康定路與康定路101巷口	25.03518828	121.5070954	0	0	1	2	7	6	6	4	1	1	5	4	5	13	4	4	8	3	5	2	16	4	9	1	5	1	10	1		1	2	12	
113	9	28	14	42	臺北市	中正區	中正區愛國東路戲劇院前	25.03435771	121.5182986	0	0	1	2	8	5	5	14	9	1	5	4	5	13	1	1	1	4	5	1	17	1	11	1	7	2	8	1		1	3	2	
113	9	28	14	45	臺北市	內湖區	內湖區彩虹河濱公園內第744號燈桿前	25.059919	121.572304	0	0	2	2	8	7	5	14	23	1	5	4	5	13	4	4	10	5	5	2	17	4	9	8	4	2	20	1		1	2	12	
113	9	28	14	55	臺北市	信義區	信義區信義路5段與松智路口	25.0327504	121.5653617	0	0	1	2	8	7	5	4	2	1	5	4	5	13	2	1	10	5	5	2	17	1	9	1	7	1	2	1		1	3	6	
113	9	28	14	58	臺北市	文山區	文山區和平東路4段(232燈桿)前	25.0042234	121.5716241	0	0	2	3	7	6	5	10	7	1	5	4	5	13	4	4	5	5	5	1	18	4	9	1	3	2	10	1		1	2	17	
113	9	28	15	0	臺北市	松山區	松山區民生東路3段117號對面	25.0576828	121.5465886	1	0	0	2	8	6	5	14	9	1	5	4	5	13	4	4	9	4	5	1	3	5	20	8	4	10	20	1		2	1	16	
113	9	28	15	5	臺北市	大同區	大同區民族西路38號	25.068457	121.5193032	0	0	1	2	8	6	5	14	9	1	5	4	5	13	4	4	5	4	5	2	17	1	8	1	6	1	10	1		2	2	12	
113	9	28	15	17	臺北市	萬華區	萬華區大理街與大理街175巷口	25.0338583	121.4952525	0	0	1	2	8	6	5	3	1	1	5	4	5	13	4	4	10	5	5	2	15	1	9	8	2	9	20	1		2	2	14	
113	9	28	15	18	臺北市	中山區	中山區龍江路223巷與龍江路口	25.0566388	121.5405708	0	0	1	2	8	6	5	4	2	1	5	4	5	13	4	4	10	5	5	2	17	1	14	1	7	9	8	1		1	3	17	
113	9	28	15	42	臺北市	文山區	文山區興隆路4段8巷與興隆路4段8巷7弄口	24.9892394	121.5595081	0	0	1	2	7	7	5	3	1	1	4	4	5	13	4	4	10	5	5	2	17	1	1	1	7	1	8	1		1	3	5	
113	9	28	15	50	臺北市	南港區	南港區南港路1段與南港路1段277巷口	25.0547279	121.6087225	0	0	1	2	8	6	5	3	1	1	5	4	5	13	2	1	4	3	5	2	13	4	9	1	3	2	10	1		1	2	11	
113	9	28	15	50	臺北市	松山區	松山區光復北路與健康路口	25.0536202	121.5566819	1	0	0	2	8	7	5	4	1	1	5	4	5	13	2	1	5	4	5	2	16	1	5	1	7	2	8	1		1	3	5	
113	9	28	15	57	臺北市	萬華區	萬華區中華路2段與廣州街口	25.03612255	121.5064313	0	0	1	2	8	5	8	22	22	1	5	4	5	13	1	1	10	5	5	2	17	4	6	1	3	1	8	1		2	3	5	
113	9	28	16	40	臺北市	士林區	士林區基河路251巷與福德路口口	25.09225634	121.5226018	0	0	1	2	7	7	5	4	1	1	4	4	5	13	4	4	10	4	5	1	17	1	9	1	5	2	10	1		1	2	11	
113	9	28	16	53	臺北市	信義區	信義區仁愛路4段東向西未過光復南	25.0377634	121.5591925	0	0	1	2	7	6	5	14	9	1	4	4	5	13	4	4	8	3	5	2	29	4	15	1	3	1	10	1		2	2	14	
113	9	28	17	0	臺北市	中正區	中正區永福橋與水源路口匝道	25.0117572	121.528296	0	0	1	2	6	7	5	3	1	1	4	4	5	13	4	4	5	1	5	2	16	1	7	1	7	2	8	1		1	3	4	
113	9	28	17	30	臺北市	中山區	中山區樂群三路與敬業四路口	25.0828766	121.5585522	0	0	4	4	7	7	5	14	9	1	5	4	5	13	4	4	9	4	5	2	12	1	9	1	5	1	10	1		1	2	12	
113	9	28	17	41	臺北市	中山區	中山區民生東路2段116號	25.05795422	121.5314123	0	0	1	2	8	7	5	14	9	2	5	4	5	13	4	4	9	4	5	2	12	1	7	1	7	2	4	1		1	3	4	
113	9	28	17	50	臺北市	中山區	中山區中山橋往南下坡處	25.07308905	121.5240358	0	0	1	2	7	5	5	8	9	1	4	4	5	13	4	4	1	4	5	2	17	4	21	1	3	2	10	1		1	3	17	
113	9	28	18	5	臺北市	士林區	士林區中正路與環河北路3段口	25.0858123	121.505731	0	0	1	2	7	5	5	4	2	1	5	4	5	13	1	1	1	4	5	1	16	4	6	1	3	2	11	1		1	2	12	
113	9	28	18	6	臺北市	北投區	北投區大同街與育仁路口	25.1337686	121.4983513	0	0	1	2	6	5	5	5	2	1	4	4	5	13	3	1	9	5	5	1	16	1	5	1	5	1	10	1		2	2	12	
113	9	28	18	32	臺北市	中正區	中正區羅斯福路1段與福州街口	25.0297143	121.5203243	0	0	1	2	6	5	5	4	1	1	4	4	5	13	1	1	1	4	5	2	12	1	8	1	5	1	10	1		2	2	12	
113	9	28	19	12	臺北市	信義區	信義區忠孝東路4段550號	25.041071	121.5634406	0	0	1	4	7	5	8	22	22	1	4	4	5	13	4	4	1	4	5	2	17	1	8	1	6	1	10	1		2	2	14	
113	9	28	19	16	臺北市	北投區	北投區承德路7段280巷與無名巷口	25.1165178	121.5064933	0	0	1	3	6	5	5	4	1	1	4	4	5	13	4	4	10	5	5	2	15	1	9	1	6	2	9	1		1	2	11	
113	9	28	19	20	臺北市	大安區	大安區金華街與新生南路2段口	25.030676	121.5337746	0	0	1	2	6	5	5	14	9	1	4	4	5	13	2	1	10	5	5	2	12	1	9	1	6	1	10	1		1	2	11	
113	9	28	19	24	臺北市	文山區	文山區木柵路1段與景美溪橋口口	24.9867568	121.5454267	0	0	1	2	6	5	5	3	1	1	4	4	5	13	1	1	10	5	5	2	16	1	9	1	7	1	8	1		1	3	5	
113	9	28	19	50	臺北市	中山區	中山區植福路200號	25.0831436	121.5602805	0	0	2	3	6	5	5	11	9	1	4	4	5	13	4	4	9	5	5	2	16	1	5	1	7	1	10	1		1	3	5	
113	9	28	20	30	臺北市	大同區	大同區環河北路1段與民生西路423巷口	25.0577991	121.508528	0	0	1	2	7	5	5	3	2	1	5	4	5	13	4	4	3	5	5	2	17	1	15	1	7	2	8	1		1	3	2	
113	9	28	21	3	臺北市	大安區	大安區基隆路3段與長興街口	25.0174239	121.5443731	0	0	3	3	7	5	5	4	2	1	4	4	5	13	2	1	1	4	5	2	13	4	9	1	3	1	10	1		2	2	11	
113	9	28	22	0	臺北市	北投區	北投區承德路7段與公館路口	25.1194319	121.5017299	0	0	1	2	6	5	5	4	1	1	4	4	5	13	1	1	1	4	4	2	13	1	9	1	6	1	10	1		2	2	12	
113	9	28	22	2	臺北市	大安區	大安區敦化南路2段128號	25.0261423	121.5484551	0	0	2	4	6	5	5	14	9	1	4	4	5	13	4	4	1	4	5	1	17	4	9	1	3	1	10	1		2	2	12	
113	9	28	22	20	臺北市	大安區	大安區愛國東路210巷與愛國東路21巷口	25.032056	121.5240775	0	0	1	2	8	5	5	4	1	1	4	4	5	13	3	1	1	4	4	2	17	1	9	1	5	1	10	1		2	2	11	
113	9	28	22	24	臺北市	中山區	中山區長安東路1段與長安東路1段77巷口	25.04836625	121.52818	0	0	2	3	7	5	5	4	1	1	5	4	5	13	1	1	5	4	5	2	16	4	5	1	3	1	4	1		1	3	5	
113	9	29	1	54	臺北市	大安區	大安區市民大道3段與復興南路1段口口	25.044759	121.5437534	0	0	2	3	7	5	5	5	1	1	5	4	5	13	2	1	1	4	5	2	15	1	9	1	7	2	8	1		3	2	5	
113	9	29	3	47	臺北市	信義區	信義區信安街與嘉興街181巷口	25.0260837	121.5574573	0	0	1	2	8	5	5	5	1	1	5	4	5	13	2	1	5	5	4	2	15	1	9	1	5	1	10	1		2	2	12	
113	9	29	5	4	臺北市	中山區	中山區錦州街與錦州街30巷口	25.0603377	121.5245287	0	0	2	2	7	5	5	14	9	1	5	4	5	13	4	4	5	5	5	2	16	4	11	1	3	1	10	1		1	2	14	
113	9	29	6	19	臺北市	信義區	信義區信義路5段150巷2號	25.0285308	121.5702733	0	0	1	2	7	5	5	14	9	1	4	4	5	13	4	4	10	5	5	2	18	1	9	8	4	9	20	1		2	2	15	
113	9	29	7	24	臺北市	士林區	士林區華齡街與和豐街口	25.0827675	121.5194554	0	0	1	3	8	5	5	3	1	1	5	4	5	13	4	4	5	4	5	2	17	4	5	1	3	1	10	1		1	3	12	
113	9	29	7	51	臺北市	文山區	文山區木新路3段50巷與木新路3段50巷7弄口	24.9830236	121.5640654	0	0	1	2	6	6	5	4	1	1	4	4	5	13	4	4	10	5	5	2	15	1	9	1	7	1	8	1		2	3	8	
113	9	29	8	0	臺北市	內湖區	內湖區內湖路2段與成功路3段174巷附近口	25.0819483	121.5902961	0	0	1	2	8	6	5	4	1	1	5	4	5	13	2	1	5	5	5	2	17	1	6	1	7	2	8	1		1	3	8	
113	9	29	8	34	臺北市	信義區	信義區基隆路1段與基隆路1段102巷口	25.0453388	121.5668096	0	0	1	2	6	6	5	3	1	1	4	4	5	13	4	4	1	4	5	1	17	4	6	1	3	1	8	1		2	3	2	
113	9	29	8	39	臺北市	文山區	文山區木柵路4段96號	24.9984283	121.5748973	0	0	1	3	7	6	5	14	9	1	4	4	5	13	4	4	5	4	5	2	17	1	9	1	6	1	10	1		2	2	11	
113	9	29	8	40	臺北市	萬華區	萬華區萬大路424巷與寶興街口	25.0213734	121.4960496	0	0	1	2	6	6	5	4	2	1	4	4	5	13	2	1	9	5	5	2	17	1	9	8	4	1	20	1		2	3	11	11
113	9	29	8	51	臺北市	中正區	中正區中山南路與青島東路口	25.04449642	121.5193792	0	0	2	2	6	6	5	4	1	1	4	4	5	13	2	1	5	4	5	2	17	1	6	1	5	2	10	1		2	2	12	
113	9	29	9	15	臺北市	信義區	信義區吳興街284巷22弄與吳興街284巷20弄口	25.023616	121.5612186	0	0	1	2	6	6	5	3	2	1	4	4	5	13	4	4	10	5	5	2	18	4	9	1	3	1	10	1		2	2	14	
113	9	29	10	0	臺北市	中山區	中山區南京西路與長安西路19巷2弄口	25.0525455	121.5206035	0	0	1	2	6	6	5	4	1	1	4	4	5	13	2	1	1	5	4	2	3	1	6	1	7	2	8	1		1	3	5	
113	9	29	10	4	臺北市	大同區	大同區延平北路4段與酒泉街口	25.0721593	121.5111857	0	0	1	2	6	6	5	4	1	1	4	4	5	13	2	1	5	4	5	2	2	4	5	1	3	2	7	1		1	3	1	
113	9	29	10	7	臺北市	中山區	中山區建國北路2段與興安街口	25.05619658	121.5366512	0	0	1	2	6	7	5	3	1	1	4	4	5	13	2	1	7	2	5	2	17	1	9	1	7	1	8	1		1	3	1	
113	9	29	10	9	臺北市	北投區	北投區崗山路與崗山路8巷口	25.14029312	121.4879532	0	0	1	2	6	7	5	4	1	1	4	4	5	13	4	4	10	5	5	2	16	1	9	1	5	1	10	1		1	2	11	
113	9	29	10	10	臺北市	信義區	信義區和平東路3段599號	25.0141949	121.5623778	0	0	1	2	6	6	5	14	9	1	4	4	5	13	2	1	9	4	5	1	17	4	5	1	3	2	8	1		1	3	6	
113	9	29	10	26	臺北市	大安區	大安區忠孝東路4段與忠孝東路4段216巷口	25.0414684	121.5531792	0	0	3	5	6	7	5	4	1	1	4	4	5	13	2	1	1	3	5	1	17	4	14	1	3	1	4	1		1	2	3	
113	9	29	10	46	臺北市	萬華區	萬華區環河南路1段348巷	25.03955748	121.4968671	0	0	2	3	6	7	5	14	9	1	4	4	5	13	4	4	1	4	5	2	17	1	5	1	7	9	8	2		1	3	17	
113	9	29	11	16	臺北市	大安區	大安區信義路3段134巷與建國南路2段11巷口	25.032655	121.5394615	0	0	1	2	6	6	5	3	1	1	4	4	5	13	4	4	10	5	5	2	15	4	9	1	5	1	10	1		1	2	14	
113	9	29	11	29	臺北市	萬華區	萬華區中華路1段與漢口街2段口	25.0452837	121.5090752	0	0	1	2	8	5	5	4	1	1	5	4	5	13	1	1	3	3	5	2	9	5	20	8	4	10	20	1		2	2	16	
113	9	29	11	55	臺北市	中正區	中正區重慶北路1段與鄭州路口	25.0491826	121.5138886	0	0	1	2	6	6	5	14	9	1	4	4	5	13	4	4	1	4	5	2	17	1	7	1	7	2	8	1		1	3	17	
113	9	29	11	59	臺北市	信義區	信義區吳興街284巷24弄與吳興街284巷30弄口	25.0230833	121.5616696	0	0	1	2	7	7	5	4	1	1	5	4	5	13	4	4	10	5	5	2	15	1	9	1	5	1	10	1		1	2	11	
113	9	29	12	30	臺北市	中山區	中山區建國高架道與建國高架道口往南、長安東路上方	25.0478013	121.5366197	0	0	1	5	7	7	5	14	9	1	4	4	5	13	4	4	1	4	5	2	13	4	9	1	3	2	8	1		1	3	1	
113	9	29	12	30	臺北市	松山區	松山區南京東路5段250巷18弄與南京東路5段286巷口	25.0502164	121.5672484	0	0	2	3	7	7	5	4	1	1	4	4	5	13	4	4	10	5	5	2	15	1	9	1	5	1	10	1		1	2	11	
113	9	29	12	47	臺北市	大安區	大安區市民大道4段34號	25.044953	121.5456918	0	0	1	2	6	5	5	14	6	1	4	4	5	13	4	4	1	4	5	2	16	1	5	1	6	1	10	1		1	3	12	
113	9	29	12	50	臺北市	松山區	松山區民生東路3段與民生東路3段113巷口	25.0578244	121.5464021	0	0	2	3	8	7	5	4	1	1	4	4	5	13	2	1	1	4	5	2	17	1	9	1	5	9	10	1		1	2	11	13
113	9	29	12	55	臺北市	南港區	南港區八德路4段與玉成街口	25.0511999	121.5815486	0	0	2	3	8	7	5	4	2	1	5	4	5	13	1	1	9	4	5	2	15	1	9	1	7	2	8	1		2	3	2	
113	9	29	13	3	臺北市	大同區	大同區忠孝西路1段與塔城街口	25.04824299	121.5101983	0	0	3	3	6	6	5	5	1	1	4	4	5	13	4	4	1	5	5	2	12	1	9	1	6	2	10	1		1	2	12	
113	9	29	13	18	臺北市	萬華區	萬華區青年路與水源路口	25.01991047	121.5042589	0	0	1	2	8	7	5	4	1	1	5	4	5	13	2	1	1	2	5	2	17	1	7	6	7	1	18	1		1	3	2	
113	9	29	13	53	臺北市	信義區	信義區基隆路1段與松壽路口	25.0359134	121.5615961	0	0	1	2	6	5	5	4	1	1	4	4	5	13	2	1	1	4	5	2	16	1	6	1	5	2	10	1		1	2	13	
113	9	29	14	16	臺北市	中正區	中正區新生南路1段與濟南路2段口	25.04018186	121.5327525	0	0	1	2	6	6	5	4	1	1	4	4	5	8	2	1	3	4	5	2	16	1	6	1	7	2	8	1		2	3	2	
113	9	29	14	20	臺北市	內湖區	內湖區民權東路6段56巷1弄與民權東路6段56巷口	25.0683112	121.5847083	0	0	1	2	7	6	5	3	1	1	4	4	5	13	4	4	5	5	5	2	16	1	5	1	7	1	4	1		1	3	4	
113	9	29	14	25	臺北市	中山區	中山區樂群二路與敬業二路口	25.07998696	121.5544196	0	0	1	3	6	7	5	4	1	1	4	4	5	13	1	1	5	5	5	2	16	5	21	8	7	10	20	1		2	2	16	
113	9	29	14	50	臺北市	松山區	松山區八德路2段447號對面	25.04815	121.5470782	0	0	1	2	7	6	5	14	9	1	4	4	5	13	4	4	9	4	5	2	17	1	9	1	6	1	10	1		1	2	17	
113	9	29	15	18	臺北市	士林區	士林區中山北路5段46號	25.08335502	121.5256254	0	0	1	2	7	7	5	14	9	1	4	4	5	13	4	4	10	5	5	1	17	1	6	1	7	2	8	1		1	3	6	
113	9	29	15	30	臺北市	松山區	松山區南京東路5段50號	25.0513979	121.5603907	0	0	2	3	7	7	5	14	7	1	4	4	5	13	4	4	1	4	4	2	17	1	7	1	7	1	4	1		1	3	17	
113	9	29	15	34	臺北市	中山區	中山區中山北路2段與中山北路2段44巷口	25.0550208	121.5225732	0	0	1	3	7	5	5	4	2	1	4	4	5	13	2	1	5	4	5	2	29	4	12	1	3	1	10	1		1	2	14	
113	9	29	16	5	臺北市	中正區	中正區中山南路與凱達格蘭大道口	25.0393406	121.5173832	0	0	2	3	8	6	5	18	9	1	5	4	5	13	1	1	1	4	5	2	13	2	9	1	7	1	8	1		1	3	1	
113	9	29	16	18	臺北市	士林區	士林區延平北路5段與葫蘆街口	25.0799364	121.5108936	0	0	1	2	8	6	5	3	2	1	5	4	5	13	2	1	1	4	5	1	8	1	2	1	7	2	8	1		1	3	3	
113	9	29	17	18	臺北市	內湖區	內湖區內湖路2段263巷與成功路3段174巷口	25.0819573	121.5903113	0	0	2	2	8	6	5	4	1	1	5	4	5	13	2	1	5	5	5	2	17	1	5	1	5	1	10	1		1	2	12	
113	9	29	17	54	臺北市	內湖區	內湖區環山路1段與環山路1段9巷口	25.0830732	121.565585	0	0	1	3	7	6	5	3	1	1	5	4	5	13	4	4	5	5	4	2	11	1	11	1	7	1	8	1		2	3	1	
113	9	29	18	28	臺北市	中山區	中山區樂群一路西往東，美堤河濱公園旁	25.0791813	121.5425999	0	0	1	2	7	5	5	14	9	1	5	4	5	13	4	4	1	4	5	2	13	4	9	1	6	2	10	1		2	2	11	
113	9	29	18	35	臺北市	中山區	中山區中山北路1段與市民大道1段口	25.04828778	121.5205082	0	0	2	3	8	5	5	14	9	1	5	4	5	13	4	4	9	4	5	2	17	1	8	1	5	1	10	1		2	2	12	
113	9	29	19	20	臺北市	內湖區	內湖區民權東路6段13-15號	25.0669444	121.5790216	0	0	1	2	6	5	5	14	9	1	4	4	5	13	4	4	1	4	5	2	17	1	8	1	7	1	4	1		1	3	17	
113	9	29	19	54	臺北市	中山區	中山區中山北路2段84號	25.05740035	121.5227035	0	0	1	2	7	5	5	14	9	1	4	4	5	13	4	4	5	4	5	2	13	4	9	1	3	1	10	1		1	2	14	
113	9	29	19	58	臺北市	文山區	文山區木柵路1段與木柵路1段260巷口口	24.98807435	121.5544232	0	0	2	3	7	5	5	3	1	1	5	4	5	13	4	4	5	4	5	1	16	4	5	1	3	1	8	1		1	3	2	
113	9	29	20	5	臺北市	中山區	中山區農安街與農安街227巷口	25.0646878	121.5339956	0	0	1	2	7	5	5	4	2	1	5	4	5	13	4	4	10	5	5	2	16	1	5	6	6	8	18	1		1	2	12	
113	9	29	20	8	臺北市	中正區	中正區和平西路1段73號	25.0266821	121.5184852	0	0	1	3	7	5	5	14	9	1	5	4	5	13	4	4	1	4	5	2	17	1	9	1	5	2	10	1		1	2	12	
113	9	29	20	55	臺北市	信義區	信義區莊敬路477號	25.0267272	121.5682024	0	0	1	2	7	5	8	22	22	1	4	4	5	13	1	1	5	4	5	2	17	1	7	1	5	9	10	2		1	4	15	
113	9	29	21	10	臺北市	內湖區	內湖區南京東路6段與堤頂大道1段口	25.0547153	121.5761197	0	0	2	3	6	5	5	4	1	1	4	4	5	13	2	1	1	4	5	2	17	1	5	1	6	2	10	1		1	2	12	
113	9	29	21	30	臺北市	中正區	中正區長沙街1段與桃源街口	25.04015632	121.5102076	0	0	1	2	7	5	5	4	1	1	5	4	5	13	1	1	10	5	5	2	16	4	6	1	7	2	8	1		1	3	5	
113	9	29	22	21	臺北市	大安區	大安區和平東路1段與師大路口	25.0266603	121.5286135	0	0	1	2	6	5	5	3	2	1	4	4	5	13	1	1	3	3	5	2	17	1	9	1	5	1	10	1		1	2	17	
113	9	29	23	10	臺北市	信義區	信義區松山路411號	25.0412737	121.5778869	0	0	1	3	7	5	5	14	9	1	4	4	5	13	4	4	8	3	5	2	17	4	9	1	3	1	10	1		1	2	11	
113	9	29	23	21	臺北市	內湖區	內湖區文德路22巷27弄與文湖街22巷口	25.07677011	121.5800969	0	0	1	2	6	5	5	4	1	1	4	4	5	13	3	1	10	5	5	2	17	1	9	1	6	2	10	1		2	2	12	
113	9	29	23	28	臺北市	中正區	中正區南海路與汀州路1段口	25.0290629	121.5086123	0	0	1	2	6	5	5	4	1	1	4	4	5	13	1	1	5	4	5	2	17	1	5	1	5	2	10	1		1	3	17	
113	9	30	0	27	臺北市	中正區	中正區忠孝東路1段與林森北路口	25.0448548	121.5235685	0	0	1	4	6	5	5	4	2	1	4	4	5	13	1	1	1	3	5	1	17	1	9	1	5	2	10	1		1	2	17	
113	9	30	6	35	臺北市	萬華區	萬華區西園路1段與和平西路3段口	25.0352085	121.4992242	1	0	0	2	7	6	5	4	1	1	5	4	5	13	2	1	1	4	4	2	15	1	9	1	6	9	10	1		1	1	11	
113	9	30	7	28	臺北市	萬華區	萬華區堤外便道南往北(DSR-259牌面前)	25.0357053	121.4908317	0	0	2	2	7	6	5	14	9	1	5	4	5	13	4	4	10	5	5	1	10	1	9	6	5	2	18	1		1	2	11	
113	9	30	7	39	臺北市	中正區	中正區同安街28巷7弄與同安街28巷口	25.0248195	121.5211144	0	0	2	3	6	7	5	4	1	1	4	4	5	13	4	4	10	5	5	2	15	1	9	1	5	9	11	1		2	2	12	
113	9	30	7	40	臺北市	南港區	南港區市民大道7段與東新街口口	25.0496288	121.5837195	0	0	1	2	6	6	5	4	2	1	4	4	5	13	1	1	5	5	5	2	17	1	9	1	5	1	10	1		1	3	12	
113	9	30	7	46	臺北市	南港區	南港區松河街364號附近東往西	25.0540554	121.5869249	0	0	1	2	6	6	5	14	9	1	4	4	5	13	4	4	9	4	5	2	16	1	7	1	5	9	10	1		1	2	13	
113	9	30	8	8	臺北市	中正區	中正區重慶南路3段與重慶南路3段132巷口口	25.0243002	121.5166873	0	0	4	4	8	6	5	3	1	1	5	4	5	13	1	1	1	4	4	2	12	1	15	1	5	2	10	1		2	2	14	
113	9	30	8	24	臺北市	中山區	中山區天津街與中山北路1段83巷口	25.0502371	121.5230588	0	0	2	3	7	5	8	4	2	1	5	4	5	13	4	4	10	5	5	2	15	4	9	1	3	9	10	1		2	2	14	
113	9	30	8	25	臺北市	信義區	信義區和平東路3段463巷17號	25.0191588	121.5597534	0	0	1	2	7	6	5	11	9	1	4	4	5	13	4	4	10	5	5	2	17	1	6	3	6	2	18	1		2	2	12	
113	9	30	8	25	臺北市	士林區	士林區重陽橋機車道往士林下橋	25.08608747	121.5073676	0	0	2	4	6	6	5	14	11	1	4	4	5	13	4	4	10	4	5	2	13	4	9	1	3	1	10	1		2	2	15	
113	9	30	8	26	臺北市	文山區	文山區辛亥路5段25巷與興隆路3段36巷口口	24.9996094	121.5549623	0	0	1	2	8	6	5	3	1	1	5	4	5	13	2	1	9	5	5	2	9	1	2	3	7	1	18	1		1	3	3	
113	9	30	8	29	臺北市	內湖區	內湖區瑞光路與洲子街口	25.07608832	121.5754616	0	0	1	2	6	6	5	3	2	1	4	4	5	13	2	1	5	5	5	2	17	1	9	1	6	1	10	1		1	2	12	
113	9	30	8	30	臺北市	南港區	南港區南港路2段178巷停車場出入口	25.0526754	121.5995977	0	0	1	2	6	7	5	14	9	1	4	4	5	13	4	4	9	5	5	2	16	4	6	1	3	1	8	1		2	3	6	
113	9	30	8	49	臺北市	松山區	松山區南京東路5段145號	25.05153638	121.5618097	0	0	1	2	7	7	5	14	7	1	4	4	5	13	4	4	9	4	4	2	13	1	9	1	6	1	10	1		1	2	11	
113	9	30	9	10	臺北市	士林區	士林區承德路4段與劍潭路口	25.0841894	121.5232104	0	0	1	2	7	5	5	4	1	1	4	4	5	13	2	1	1	4	5	2	12	4	9	1	3	1	8	1		2	3	4	
113	9	30	9	30	臺北市	大同區	大同區台北橋機慢車道701744燈桿	25.0628758	121.5113923	0	0	3	3	8	5	5	10	11	1	5	4	5	13	4	4	9	4	5	2	13	1	15	1	5	1	10	1		1	2	11	
113	9	30	9	35	臺北市	信義區	信義區信義路6段與信義路6段15巷口	25.0340777	121.5752127	0	0	1	2	8	7	5	4	2	1	5	4	5	13	1	1	9	4	5	2	16	4	11	1	7	1	8	1		1	3	6	
113	9	30	9	40	臺北市	中山區	中山區松江路133巷與南京東路2段115巷口	25.0543609	121.533639	0	0	1	2	8	7	5	4	1	1	5	4	5	13	4	4	10	4	5	2	15	1	9	1	6	1	10	1		1	2	11	
113	9	30	10	1	臺北市	中正區	中正區金山南路1段與濟南路2段口	25.04086267	121.5291315	0	0	1	2	8	6	5	4	1	1	5	4	5	13	2	1	3	4	5	2	16	1	6	1	7	2	8	1		1	3	5	
113	9	30	10	32	臺北市	士林區	士林區承德路4段與前港街口	25.08488736	121.5233519	0	0	1	2	8	5	5	3	2	1	5	4	5	13	4	4	1	4	1	2	16	4	6	1	3	11	10	2		2	4	12	
113	9	30	10	50	臺北市	萬華區	萬華區東園街與長泰街口	25.0222724	121.4981858	0	0	2	2	7	6	5	4	1	1	4	4	5	13	1	1	4	3	5	1	16	4	5	3	3	1	18	1		2	2	11	
113	9	30	11	51	臺北市	萬華區	萬華區桂林路與西園路1段口	25.0384483	121.4997499	0	0	2	2	8	5	8	22	22	1	5	4	5	13	1	1	10	5	5	2	17	4	5	1	3	1	10	1		2	2	12	
113	9	30	12	12	臺北市	中山區	中山區復興北路與遼寧街185巷口	25.0532283	121.544	0	0	1	2	8	7	5	4	1	1	5	4	5	13	2	1	5	2	5	2	9	1	5	1	7	1	8	1		1	3	1	
113	9	30	12	22	臺北市	大安區	大安區和平東路1段與麗水街口	25.026759	121.528029	0	0	1	2	7	6	5	3	2	1	4	4	5	13	4	4	1	4	4	2	16	4	6	1	6	1	10	1		1	3	12	
113	9	30	12	36	臺北市	信義區	信義區吳興街600巷76弄99號	25.0180834	121.5698612	0	0	1	2	6	6	5	14	9	1	4	4	5	13	4	4	10	5	5	2	18	1	9	1	6	1	10	1		2	2	12	
113	9	30	12	48	臺北市	松山區	松山區撫遠街435號	25.0689681	121.5685057	0	0	2	3	7	7	5	14	8	1	4	4	5	13	4	4	1	3	4	2	8	1	13	1	7	1	8	1		1	3	17	
113	9	30	12	51	臺北市	內湖區	內湖區成功路3段與陽光街口	25.07734615	121.5899133	0	0	1	2	8	6	5	4	2	1	3	4	5	13	2	1	1	4	5	2	17	1	9	1	7	9	3	1		1	3	17	