年	月	日	時	分	縣市	行政區	allLocation	GoogleLat	GoogleLng	死	2-30	受傷	當事人數	天候	道路照明設備	道路類別	道路型態	事故位置	路面狀況1	路面狀況2	路面狀況3	道路障礙1	道路障礙2	號誌1	號誌2	車道劃分-分向	車道劃分-分道1	車道劃分-分道2	車道劃分-分道3	事故類型及型態	行動電話	當事者行動狀態	駕駛資格情形	保護裝置	飲酒情形	駕駛執照種類	個人肇逃否	肇因碼-主要	性別	受傷程度	車輛撞擊部位1	車輛撞擊部位2
113	9	30	13	5	臺北市	中山區	中山區林森北路與民權東路1段口	25.06283231	121.52561	0	0	2	2	7	6	5	4	1	1	5	4	5	13	1	1	5	4	5	2	17	1	5	1	6	1	10	1		2	2	14	
113	9	30	13	15	臺北市	信義區	信義區松仁路與莊敬路口	25.0267119	121.568375	0	0	1	2	6	5	5	4	1	1	4	4	5	13	2	1	9	4	5	2	18	1	9	1	5	1	10	1		2	2	14	
113	9	30	13	15	臺北市	內湖區	內湖區民權東路6段與民權東路6段296巷口	25.0724701	121.6050411	0	0	1	2	7	5	5	3	2	1	5	4	5	13	1	1	1	5	5	2	17	1	9	1	5	2	10	1		1	2	14	
113	9	30	13	17	臺北市	內湖區	內湖區民權東路6段與民權東路6段47巷口	25.0691142	121.5870163	0	0	1	2	6	6	5	3	1	1	4	4	5	13	4	4	1	4	4	2	16	1	9	1	5	1	10	1		1	2	14	
113	9	30	13	36	臺北市	中山區	中山區吉林路與錦州街口	25.06053001	121.530268	0	0	2	2	7	7	5	4	2	1	5	4	5	13	1	1	4	3	5	2	17	1	5	1	5	1	10	1		2	2	12	
113	9	30	13	46	臺北市	士林區	士林區福林路與中正路口	25.0967776	121.5325702	0	0	2	3	6	6	5	5	2	1	4	4	5	13	1	1	5	4	5	2	17	1	9	1	7	1	7	1		1	3	1	
113	9	30	13	58	臺北市	中正區	中正區中華路1段與長沙街1段口	25.0406358	121.508033	0	0	1	2	7	6	5	4	2	1	5	4	5	13	1	1	2	1	1	2	16	1	9	8	4	1	20	1		1	2	12	
113	9	30	14	25	臺北市	士林區	士林區延平北路5段163巷與延平北路5段口	25.0827101	121.5101763	0	0	1	3	6	5	5	4	1	1	4	4	5	13	1	1	3	4	5	1	11	1	8	1	7	1	8	1		1	3	2	
113	9	30	14	25	臺北市	士林區	士林區文林路414號	25.09434687	121.5248312	0	0	1	3	8	5	5	14	9	1	5	4	5	13	4	4	5	5	5	1	17	1	9	1	5	1	10	1		2	3	11	
113	9	30	14	25	臺北市	松山區	松山區民權東路4段121號	25.06239443	121.5591432	0	0	2	2	7	6	5	14	8	1	5	4	5	13	2	1	1	4	4	2	13	1	9	1	6	1	10	1		2	2	11	
113	9	30	14	28	臺北市	信義區	信義區崇德街公墓	25.0142443	121.568586	0	0	1	2	6	6	5	12	9	1	4	4	5	13	4	4	10	5	5	2	10	1	9	1	5	1	11	1		2	2	11	14
113	9	30	15	5	臺北市	大安區	大安區和平東路1段141巷1號	25.02686589	121.5303799	0	0	1	2	8	6	5	14	9	1	4	4	3	10	4	4	10	5	5	2	17	1	1	1	7	1	8	1		1	3	1	
113	9	30	15	35	臺北市	內湖區	內湖區港墘路221巷與舊宗路2段213巷口	25.0740143	121.5743796	0	0	1	2	7	6	6	3	2	1	4	4	5	13	4	4	5	5	5	2	12	1	7	1	6	1	10	1		1	2	15	
113	9	30	16	17	臺北市	內湖區	內湖區安康路與安康路25巷口	25.06261451	121.5938049	0	0	1	2	6	6	5	4	1	1	4	4	5	13	2	1	5	5	5	2	17	1	9	1	6	2	9	1		1	2	12	
113	9	30	16	18	臺北市	萬華區	萬華區華中橋與萬大路口	25.0186714	121.4969453	0	0	1	2	6	7	5	14	9	1	4	4	5	13	4	4	1	5	5	2	17	1	7	1	7	1	8	1		1	3	17	
113	9	30	16	20	臺北市	士林區	士林區仰德大道2段162號燈桿	25.11049761	121.5485699	0	0	2	2	6	5	5	14	9	1	4	4	5	13	4	4	4	5	5	1	13	1	9	1	5	1	10	1		2	2	11	
113	9	30	16	24	臺北市	大安區	大安區仁愛路4段與忠孝東路4段216巷口	25.0379548	121.5529339	0	0	1	2	6	6	5	4	1	1	4	4	5	13	1	1	10	5	5	2	18	1	12	1	5	1	10	1		2	2	12	
113	9	30	16	46	臺北市	信義區	信義區崇德街38巷15號	25.02357392	121.5537898	0	0	1	2	6	5	5	14	9	1	4	4	5	13	4	4	10	5	5	2	17	1	15	1	7	1	8	1		1	3	4	
113	9	30	16	50	臺北市	文山區	文山區秀明路1段126號	24.99117344	121.5676233	0	0	1	2	6	5	5	14	8	1	4	4	5	13	4	4	10	5	4	1	12	1	9	1	6	1	10	1		2	2	14	
113	9	30	17	0	臺北市	北投區	北投區大度路3段往淡水機慢車道	25.1225165	121.4797442	0	0	2	3	6	5	5	14	12	1	4	4	5	13	4	4	3	4	4	2	13	4	9	2	3	1	18	1		1	2	11	
113	9	30	17	5	臺北市	文山區	文山區木柵路1段325號	24.98843509	121.5562167	0	0	1	2	6	6	5	14	9	1	4	4	5	13	2	1	5	4	5	2	12	4	1	1	3	1	4	1		1	3	8	
113	9	30	17	10	臺北市	萬華區	萬華區環河南路2段245號(環南市場前)	25.02852878	121.489075	0	0	1	4	8	6	5	14	9	1	5	4	5	13	1	1	1	5	5	2	12	1	9	1	7	1	8	1		1	3	6	
113	9	30	17	15	臺北市	信義區	信義區信安街與崇德街口	25.024092	121.5558292	0	0	2	2	6	6	5	4	1	1	4	4	5	13	2	1	9	5	5	2	16	4	5	1	5	2	10	1		1	2	11	14
113	9	30	17	16	臺北市	萬華區	萬華區西園路1段與大理街口	25.03445132	121.4987856	0	0	1	2	7	5	8	22	22	1	4	4	5	13	1	1	10	5	5	2	17	4	11	1	3	1	8	1		1	3	2	
113	9	30	17	24	臺北市	中山區	中山區民生東路1段70巷與民生東路1段口	25.05799742	121.5264387	0	0	1	2	7	5	5	4	2	1	5	4	5	13	4	4	5	4	5	2	16	4	5	1	3	1	8	1		1	3	2	
113	9	30	17	25	臺北市	北投區	北投區承德路6段126號與承信路口後方	25.10584089	121.512712	0	0	3	4	7	5	5	3	1	1	4	4	5	13	4	4	5	4	4	2	16	1	5	1	7	1	8	1		1	3	6	
113	9	30	17	30	臺北市	大安區	大安區基隆路2段258號	25.0222347	121.5500367	0	0	1	2	6	6	5	14	9	1	4	4	5	13	4	4	1	4	5	2	17	1	12	1	5	1	10	1		1	2	12	
113	9	30	17	46	臺北市	文山區	文山區興隆路4段與興隆路4段46巷口口	24.9876787	121.5604568	0	0	1	2	6	5	5	4	1	1	4	4	5	13	2	1	10	5	5	1	16	4	5	1	3	1	8	1		1	3	17	
113	9	30	18	0	臺北市	信義區	信義區忠孝東路4段500-2號	25.0410623	121.5598163	0	0	1	3	6	5	5	14	9	1	4	4	5	13	4	4	1	4	5	2	12	4	8	1	3	9	8	1		1	3	17	
113	9	30	18	9	臺北市	萬華區	萬華區環河南路1段與內江街口	25.0421439	121.5001848	0	0	2	2	6	5	5	14	9	1	4	4	5	13	1	1	8	4	5	2	12	1	8	1	5	1	10	1		1	2	12	
113	9	30	18	20	臺北市	士林區	士林區重陽橋往西	25.08573373	121.505343	0	0	1	2	7	5	5	14	9	1	5	4	5	13	4	4	4	4	5	1	12	4	7	1	3	2	8	1		2	3	4	
113	9	30	18	37	臺北市	中正區	中正區汀州路3段與羅斯福路4段90巷口	25.0135514	121.5344291	0	0	1	2	7	5	5	3	1	1	5	4	5	13	1	1	5	5	5	2	17	1	9	1	5	1	9	1		1	2	14	
113	9	30	18	49	臺北市	北投區	北投區承德路7段與無名巷口	25.1146464	121.5066125	0	0	1	2	7	5	5	3	2	1	4	4	5	13	4	4	1	4	4	2	16	1	6	1	7	1	8	1		1	3	5	
113	9	30	19	13	臺北市	大同區	大同區承德路2段與承德路2段129巷口	25.05707222	121.5182387	0	0	1	2	7	5	5	3	2	1	5	4	5	13	4	4	1	4	5	2	17	1	6	1	7	1	8	1		1	3	4	
113	9	30	19	15	臺北市	內湖區	內湖區環山路1段與文湖街口	25.0862043	121.5661231	0	0	1	2	6	5	5	3	1	1	4	4	5	13	1	1	10	5	5	2	16	1	5	1	7	2	4	1		1	3	8	
113	9	30	19	30	臺北市	中山區	中山區長春路與南京東路2段115巷口口	25.05479749	121.533576	0	0	1	2	6	5	5	4	2	1	4	4	5	13	1	1	5	4	5	2	12	4	7	1	3	1	8	1		1	3	4	
113	9	30	19	40	臺北市	中正區	中正區仁愛路1段與林森南路口	25.0386657	121.5215374	0	0	1	2	7	5	5	4	1	1	5	4	5	13	1	1	1	4	5	2	16	1	5	1	5	1	10	1		1	2	14	
113	9	30	19	57	臺北市	信義區	信義區吳興街與吳興街450巷口	25.0239871	121.5685914	0	0	2	3	6	5	5	4	1	1	4	4	5	13	4	4	9	5	5	2	15	1	9	1	6	1	9	1		1	2	12	
113	9	30	20	50	臺北市	士林區	士林區德行東路與忠義街口	25.109253	121.532718	0	0	1	2	6	5	5	3	2	1	4	4	5	13	2	1	9	5	5	1	13	1	9	1	7	1	8	1		1	3	8	
113	9	30	20	51	臺北市	大同區	大同區鄭州路109號	25.05010503	121.5114223	0	0	2	2	6	5	8	22	22	1	4	4	5	13	4	4	1	4	5	2	17	1	6	1	5	2	10	1		1	2	14	
113	9	30	21	5	臺北市	中山區	中山區大直橋往南第06支燈桿	25.07698679	121.5442725	0	0	1	2	6	5	5	14	9	1	4	4	5	13	4	4	2	4	5	2	12	1	4	1	7	1	8	1		1	3	2	12
113	9	30	21	6	臺北市	中山區	中山區新生北路1段62巷與長安東路口側附近1段56巷1弄口	25.0464558	121.5307312	0	0	1	2	6	5	5	3	1	1	4	4	5	13	4	4	1	4	5	2	17	4	6	1	3	1	8	1		1	3	2	
113	9	30	21	32	臺北市	信義區	信義區中坡南路與福德街268巷口	25.0407782	121.585065	0	0	1	2	7	5	5	5	1	1	4	4	5	13	1	1	5	5	5	2	15	1	9	1	7	2	4	1		1	3	1	
113	9	30	21	55	臺北市	中正區	中正區濟南路2段與金山南路1段口	25.0407108	121.5291018	0	0	1	2	6	5	5	4	2	1	4	4	5	13	1	1	5	5	5	2	17	1	5	1	5	1	10	1		2	2	12	
113	9	30	22	35	臺北市	中正區	中正區思源街1號自來水園區停車場出入口前	25.014059	121.5310555	0	0	2	2	6	5	8	11	9	1	4	4	5	13	4	4	1	4	5	2	9	1	9	1	5	2	10	1		1	2	11	
113	9	30	22	58	臺北市	文山區	文山區羅斯福路6段與景福街口	24.9996502	121.5398449	0	0	1	2	6	5	5	4	1	1	4	4	5	13	2	1	1	4	5	2	16	1	5	1	7	2	4	1		1	3	6	
113	10	1	7	25	臺北市	南港區	南港區舊莊街1段與舊莊街1段91巷口	25.0407546	121.6191655	0	0	2	2	7	7	5	3	2	1	5	4	5	13	2	1	9	5	5	2	16	4	5	1	6	1	10	1		1	2	12	
113	10	1	7	27	臺北市	萬華區	萬華區和平西路3段與環河南路2段口	25.03549945	121.494003	0	0	1	2	7	6	5	4	1	1	5	4	5	13	1	1	3	3	5	2	17	4	5	1	3	1	8	1		1	3	1	
113	10	1	8	0	臺北市	信義區	信義區松仁路與松平路口	25.0304025	121.568444	0	0	1	2	7	7	5	4	1	1	5	4	5	13	1	1	9	5	5	2	15	4	15	1	7	1	8	1		1	3	1	
113	10	1	8	5	臺北市	萬華區	萬華區昆明街與廣州街口	25.0365324	121.5036058	0	0	2	2	8	6	5	4	2	1	5	4	5	13	2	1	5	4	5	2	9	5	16	8	4	10	20	1		2	2	16	
113	10	1	8	14	臺北市	大同區	大同區重慶北路3段與酒泉街口	25.0719654	121.5141914	0	0	1	2	8	6	5	14	9	1	5	4	5	13	4	4	5	4	5	2	29	1	9	6	5	9	18	1		1	2	12	
113	10	1	8	29	臺北市	信義區	信義區忠孝東路5段453號	25.0409347	121.5767027	0	0	1	2	7	7	5	14	9	1	5	4	5	13	1	1	9	4	5	2	12	1	8	1	5	1	10	1		2	2	12	
113	10	1	8	43	臺北市	文山區	文山區興隆路2段130巷與興隆路2段口	25.00121064	121.5505073	0	0	1	2	7	6	5	3	1	1	5	4	5	13	4	4	10	5	5	2	17	1	6	1	5	1	9	1		1	3	17	
113	10	1	8	51	臺北市	文山區	文山區興隆路3段與萬芳路口	24.9966099	121.5599363	0	0	1	2	8	6	5	4	2	1	5	4	5	13	2	1	1	4	5	2	17	1	5	1	5	2	10	1		2	2	13	
113	10	1	8	54	臺北市	內湖區	內湖區行善路與舊宗路1段口	25.05882239	121.5804733	0	0	1	2	8	6	5	4	2	1	5	4	5	13	2	1	2	4	5	2	17	1	15	1	6	2	10	1		1	3	12	
113	10	1	8	57	臺北市	中正區	中正區市民大道1段與中山北路1段口	25.04797205	121.520544	0	0	1	2	8	6	5	4	1	1	5	4	5	13	2	1	1	4	5	2	13	1	9	1	5	1	10	1		1	2	11	
113	10	1	9	20	臺北市	信義區	信義區松仁路與松勤街口	25.031897	121.5683868	0	0	1	2	7	6	5	4	1	1	5	4	5	13	2	1	9	4	5	2	17	1	5	1	7	2	7	1		1	3	1	
113	10	1	9	21	臺北市	松山區	松山區健康路與南京東路4段53巷10弄口	25.0533609	121.5526527	0	0	1	2	7	6	6	5	1	1	5	4	5	13	2	1	5	4	5	2	16	1	9	1	5	9	10	1		1	2	11	
113	10	1	9	22	臺北市	萬華區	萬華區桂林路242巷與桂林路228巷13弄口	25.0381464	121.4952445	0	0	1	2	7	6	5	4	1	1	5	4	5	13	4	4	8	5	5	2	16	4	6	1	5	1	10	1		2	2	11	
113	10	1	9	40	臺北市	中正區	中正區金山南路1段79巷與臨沂街口口	25.03664087	121.5287243	0	0	2	2	8	5	5	4	1	1	5	4	5	13	4	4	10	5	5	1	15	1	9	8	4	1	20	1		2	2	12	
113	10	1	9	52	臺北市	中正區	中正區汀州路2段與金門街12巷23弄口口	25.0230251	121.523035	0	0	1	2	8	6	5	4	1	1	5	4	3	13	4	4	5	5	5	2	17	1	9	1	5	9	10	1		1	2	17	
113	10	1	10	4	臺北市	南港區	南港區舊莊路1段與舊莊街1段91巷口	25.040739	121.6191644	0	0	2	2	8	6	5	3	1	1	5	4	5	13	3	1	9	4	5	2	16	1	5	1	5	1	10	1		2	2	11	
113	10	1	10	12	臺北市	文山區	文山區木柵路2段135號	24.98893	121.5625808	0	0	1	2	7	6	5	14	9	1	5	4	5	13	4	4	5	4	5	2	10	1	12	3	5	2	18	1		1	2	15	
113	10	1	10	17	臺北市	文山區	文山區試院路82號	24.98976452	121.5488163	0	0	1	2	8	6	5	11	9	1	5	4	5	13	4	4	9	5	5	2	17	4	11	1	3	2	8	1		1	3	4	
113	10	1	10	40	臺北市	松山區	松山區南京東路3段與南京東路3段335巷口	25.05184619	121.5475328	0	0	1	2	7	7	5	14	8	1	5	4	5	13	4	4	1	4	4	2	17	1	14	1	2	9	8	1		2	3	4	
113	10	1	11	1	臺北市	內湖區	內湖區港墘路127巷與港墘路155巷口	25.0769801	121.5759186	0	0	1	2	7	6	6	4	1	1	5	4	5	13	4	4	10	5	5	2	15	4	9	1	3	2	8	1		1	3	2	
113	10	1	11	5	臺北市	內湖區	內湖區港華街與港墘路82巷7弄口	25.08229698	121.5778405	0	0	2	2	7	6	5	3	1	1	5	4	5	13	4	4	9	5	5	2	16	1	5	1	5	1	10	1		1	2	11	
113	10	1	11	45	臺北市	中山區	中山區中山北路1段與市民大道2段口	25.0481513	121.5209638	0	0	1	2	7	7	5	4	1	1	5	4	5	13	2	1	9	4	5	2	17	1	6	1	7	1	8	1		1	3	2	
113	10	1	11	58	臺北市	內湖區	內湖區民權東路6段280巷與民權東路6段296巷31弄口	25.0715482	121.6058833	0	0	1	3	8	6	5	4	1	1	5	4	5	13	4	4	10	5	5	2	17	1	9	1	5	1	10	1		1	2	11	
113	10	1	12	4	臺北市	大安區	大安區忠孝東路3段248巷13弄與仁愛路3段143巷口	25.0406393	121.5430275	0	0	1	2	7	5	5	3	2	1	5	4	5	13	4	4	4	4	5	2	17	1	5	1	7	1	8	1		1	3	4	
113	10	1	12	20	臺北市	士林區	士林區重慶北路4段與通河西街1段口	25.0877189	121.5119057	0	0	1	2	7	6	5	3	1	1	5	4	5	12	2	1	5	5	5	2	17	4	5	1	3	1	8	1		2	3	1	
113	10	1	12	45	臺北市	內湖區	內湖區新明路305號	25.0568832	121.5849157	0	0	1	2	8	5	5	14	8	1	5	4	5	13	4	4	4	3	4	1	16	4	15	1	3	1	8	1		1	3	1	
113	10	1	13	34	臺北市	中正區	中正區汀州路2段204號	25.0226569	121.5235312	0	0	2	2	8	7	5	14	9	1	5	4	5	13	4	4	9	4	5	2	16	1	5	1	5	1	10	1		1	2	11	
113	10	1	14	36	臺北市	士林區	士林區社正路與通河西街2段口	25.0890439	121.511692	0	0	1	2	8	5	5	4	2	1	5	4	5	13	2	1	5	5	5	2	16	1	5	1	2	1	8	1		1	3	8	
113	10	1	14	42	臺北市	中山區	中山區中原街與新生北路3段11巷口	25.0635841	121.5289809	0	0	1	2	8	6	5	4	1	1	5	4	5	13	4	4	9	5	5	2	15	1	9	1	7	1	8	1		1	3	5	
113	10	1	14	49	臺北市	文山區	文山區忠順街1段26巷與木新路3段232巷6弄口	24.9820532	121.5597722	0	0	2	2	7	6	5	4	1	1	5	4	5	13	4	4	10	5	5	2	15	4	9	1	3	2	10	1		2	2	11	
113	10	1	14	51	臺北市	文山區	文山區新光路1段與新光路1段95巷口	24.9909019	121.5737136	0	0	1	2	8	7	5	3	1	1	5	4	5	13	4	4	9	5	5	2	12	1	9	1	5	2	10	1		1	3	11	
113	10	1	15	1	臺北市	士林區	士林區中山北路6段701號	25.114854	121.5275944	0	0	3	3	8	6	5	14	9	1	5	4	5	13	4	4	1	4	5	2	17	1	9	1	6	1	10	1		1	2	11	
113	10	1	15	29	臺北市	士林區	士林區文林路87號	25.08764287	121.5259868	0	0	1	2	8	6	5	14	9	1	5	4	5	13	4	4	9	4	5	1	16	4	11	1	3	2	4	1		1	3	5	
113	10	1	15	38	臺北市	中山區	中山區市民大道3段與八德路2段210巷口	25.044771	121.5395232	0	0	1	3	8	7	5	3	1	1	5	4	5	13	1	1	1	4	5	2	16	1	6	1	7	1	8	1		1	3	5	
113	10	1	15	50	臺北市	大同區	大同區南京西路18巷4弄	25.0521866	121.5206369	0	0	1	3	7	6	5	14	9	1	5	4	5	13	4	4	10	5	5	2	14	4	2	1	7	1	4	1		1	3	3	
113	10	1	15	51	臺北市	信義區	信義區東寧路與市民大道5段口	25.0472895	121.5631904	0	0	1	2	8	6	5	3	2	1	5	4	5	13	1	1	4	3	5	2	17	1	5	1	6	1	10	1		2	2	12	
113	10	1	15	54	臺北市	中山區	中山區長春路與長春路163巷口	25.05481671	121.5336481	0	0	1	2	8	7	5	4	1	1	5	4	5	13	1	1	9	4	5	2	16	1	5	1	7	1	8	1		1	3	5	
113	10	1	16	4	臺北市	北投區	北投區懷德街56巷與榮華三路41巷口	25.112753	121.5204289	0	0	1	2	8	5	5	4	1	1	5	4	5	13	4	4	10	5	5	2	15	1	9	1	5	1	10	1		2	2	12	
113	10	1	16	20	臺北市	中山區	中山區中山北路2段46號人行道	25.05549977	121.5225577	0	0	1	2	7	7	5	14	20	5	5	4	5	13	4	4	10	5	5	2	1	4	21	8	3	11	20	2		4	4	15	
113	10	1	17	8	臺北市	內湖區	內湖區康寧路3段75巷40號對面	25.07453698	121.6094368	0	0	2	3	7	6	5	12	9	1	5	4	5	13	4	4	5	4	5	2	6	5	18	8	4	10	20	1		1	2	16	
113	10	1	17	11	臺北市	內湖區	內湖區安康路268號	25.06386816	121.6050844	0	0	1	2	7	6	5	14	9	1	5	4	5	13	4	4	9	5	5	2	12	1	4	1	5	2	10	1		1	2	11	
113	10	1	17	30	臺北市	內湖區	內湖區內湖路1段594號	25.0792558	121.5770788	0	0	1	2	8	5	5	14	9	1	5	4	5	13	4	4	1	4	5	2	17	1	9	1	7	1	2	1		1	3	5	
113	10	1	17	41	臺北市	士林區	士林區延平北路8段2巷56弄與延平北路8段2巷200弄口	25.107276	121.4935667	0	0	2	3	8	5	5	3	1	1	5	4	5	13	4	4	10	5	5	1	17	1	9	1	6	1	10	1		1	2	14	
113	10	1	17	57	臺北市	中山區	中山區長安東路2段153巷與龍江路46巷口	25.0492246	121.5391173	0	0	2	2	8	5	5	3	1	1	5	4	5	13	4	4	10	5	5	2	17	1	5	1	6	1	10	1		1	2	11	
113	10	1	17	58	臺北市	松山區	松山區敦化北路與長春路口	25.0542276	121.5487509	0	0	1	3	7	5	5	14	9	1	5	4	5	13	2	1	5	4	4	2	17	1	9	1	7	2	4	1		1	3	4	
113	10	1	18	0	臺北市	中正區	中正區羅斯福路1段與寧波西街口	25.0315383	121.5192612	0	0	1	2	8	5	5	4	2	1	5	4	5	13	1	1	1	4	5	2	17	4	6	1	7	1	4	1		1	3	8	
113	10	1	18	25	臺北市	內湖區	內湖區舊宗路2段與舊宗路2段口五汐高架南下出口	25.0707192	121.5748371	0	0	1	2	7	5	5	4	1	1	5	4	5	13	2	1	3	4	5	2	12	1	9	1	5	9	10	1		1	2	15	
113	10	1	19	21	臺北市	內湖區	內湖區成功路4段99號	25.08249397	121.5930001	0	0	1	3	8	5	5	14	7	1	5	4	5	13	4	4	1	4	4	2	12	1	8	1	7	2	8	1		1	3	5	
113	10	1	19	35	臺北市	大安區	大安區和平東路3段與和平東路3段308巷口	25.0205437	121.5564682	0	0	1	2	8	5	5	5	1	1	5	4	5	13	2	1	1	4	5	2	16	1	6	1	6	1	10	1		2	2	13	
113	10	1	19	40	臺北市	中正區	中正區重慶南路1段與開封街1段口	25.0459493	121.5132571	0	0	1	3	7	5	5	4	1	1	5	4	5	13	1	1	10	4	5	2	13	1	7	1	6	2	10	1		1	3	17	
113	10	1	21	31	臺北市	信義區	信義區基隆路2段169號	25.0253813	121.5538266	0	0	1	2	7	5	5	14	9	1	5	4	5	13	4	4	3	4	5	2	13	1	9	3	5	2	18	1		2	2	11	
113	10	1	21	58	臺北市	內湖區	內湖區成功交流道東北角	25.0652831	121.592189	0	0	1	2	8	5	5	5	1	1	5	4	5	13	4	4	1	1	5	1	16	1	8	1	7	2	8	1		1	3	5	
113	10	1	22	45	臺北市	士林區	士林區通河西街1段與重慶北路4段口	25.08775718	121.5119427	0	0	2	2	8	6	5	3	2	1	5	4	5	13	2	1	1	5	5	1	17	1	9	1	5	2	10	1		1	2	11	
113	10	1	22	58	臺北市	內湖區	內湖區成功路5段450巷23弄與成功路5段450巷21弄口	25.07313	121.6084528	0	0	1	2	7	5	5	3	1	1	5	4	5	12	4	4	5	5	5	2	3	1	5	1	7	2	8	1		1	3	1	
113	10	1	23	26	臺北市	大安區	大安區市民大道4段與延吉街口	25.0443053	121.5537588	0	0	1	2	7	5	5	4	1	1	5	4	5	13	2	1	10	5	1	2	15	4	9	1	3	1	8	1		2	3	1	
113	10	2	5	7	臺北市	中正區	中正區羅斯福路1段與寧波東街口	25.0317647	121.5190786	0	0	1	2	6	5	5	4	1	1	4	4	5	13	1	1	5	4	5	2	3	1	5	1	7	2	4	1		1	3	1	
113	10	2	7	50	臺北市	士林區	士林區大東路21號	25.08836362	121.5250456	0	0	1	2	8	6	5	14	9	1	5	4	5	13	4	4	10	5	5	2	17	4	2	1	3	1	10	1		2	3	13	
113	10	2	8	40	臺北市	信義區	信義區忠孝東路5段與忠孝東路5段423巷口	25.0408937	121.5755472	0	0	2	3	8	5	5	4	1	1	5	4	5	13	2	1	3	4	5	2	17	1	5	1	5	1	10	1		1	2	14	
113	10	2	9	18	臺北市	中山區	中山區建國北路3段與農安街口	25.0648201	121.5364157	0	0	1	2	8	6	5	4	1	1	5	4	5	13	2	1	1	4	5	2	16	1	6	1	7	1	8	1		1	3	2	
113	10	2	9	28	臺北市	中山區	中山區建國北路3段與農安街口	25.0647994	121.5366079	0	0	1	2	8	6	5	4	1	1	5	4	5	13	2	1	1	4	5	2	12	1	8	1	7	1	4	1		1	3	17	
113	10	2	10	23	臺北市	萬華區	萬華區中興橋機車道往新北（5K+900）	25.0501223	121.5069831	0	0	2	2	8	6	5	8	11	1	5	4	5	13	4	4	10	5	5	1	12	4	15	1	3	1	10	1		2	2	14	
113	10	2	11	45	臺北市	文山區	文山區保儀路13巷燈桿0702097旁	24.988455	121.5696033	0	0	1	2	7	6	5	14	9	1	5	4	5	13	4	4	10	5	5	2	3	1	9	1	7	1	8	1		1	3	4	
113	10	2	12	55	臺北市	中正區	中正區汀州路2段178巷與同安街73巷口口	25.0230779	121.5216339	0	0	1	2	7	6	5	3	1	1	5	4	5	13	4	4	10	5	5	2	17	1	5	8	4	1	20	1		1	2	11	
113	10	2	13	21	臺北市	內湖區	內湖區新湖二路與新湖二路259巷口	25.0640087	121.5818517	0	0	2	3	6	6	5	4	1	1	4	4	5	13	4	4	5	4	5	2	15	1	9	1	5	1	10	1		1	2	12	
113	10	2	13	23	臺北市	大安區	大安區安和路2段與樂利路口	25.0289246	121.5507554	0	0	1	2	8	6	5	4	1	1	5	4	5	13	1	1	1	4	5	2	17	1	5	1	5	1	10	1		1	2	14	
113	10	2	13	50	臺北市	士林區	士林區延平北路5段87號	25.08123849	121.5105112	0	0	1	2	7	5	6	14	9	1	5	4	5	13	4	4	1	4	5	1	13	1	9	6	7	2	18	1		1	3	1	
113	10	2	14	8	臺北市	內湖區	內湖區新明路與南京東路6段368巷口	25.05826767	121.5872126	0	0	2	3	6	6	5	3	1	1	4	4	5	13	2	1	5	4	5	2	17	1	5	1	7	1	8	1		1	3	8	
113	10	2	14	30	臺北市	士林區	士林區延平北路7段防浚道路延平河濱316號電線杆	25.09448341	121.4985397	0	0	1	2	7	7	5	11	9	1	5	4	5	13	4	4	10	4	5	1	17	1	9	1	5	2	10	1		1	2	11	
113	10	2	14	39	臺北市	中正區	中正區羅斯福路3段與辛亥路1段口口	25.0195243	121.5291387	0	0	1	2	6	6	5	4	1	1	4	4	5	13	1	1	1	4	5	1	17	1	6	1	7	2	8	1		1	3	2	
113	10	2	14	57	臺北市	萬華區	萬華區萬大路與西藏路口	25.03517942	121.5071822	0	0	1	2	6	7	5	4	2	1	4	4	5	13	2	1	3	2	4	2	13	1	9	1	6	1	10	1		2	2	11	
113	10	2	15	30	臺北市	中山區	中山區建國北路2段與長春路口	25.0547495	121.5370927	0	0	1	2	6	6	5	4	1	1	4	4	5	13	1	1	5	4	4	2	17	4	5	1	3	1	8	1		2	3	17	
113	10	2	17	18	臺北市	北投區	北投區承德路7段與承德路7段393巷口北往南	25.1196168	121.5011939	0	0	1	2	8	5	5	4	2	1	4	1	5	13	1	1	9	4	5	1	17	1	8	1	7	1	4	1		2	3	17	
113	10	2	19	25	臺北市	信義區	信義區忠孝東路4段560號	25.0410836	121.5641447	0	0	1	2	6	5	5	14	9	1	4	4	5	13	4	4	1	3	5	2	17	4	7	1	3	9	4	2		1	3	17	
113	10	2	19	47	臺北市	中正區	中正區汀州路3段與羅斯福路3段316巷口	25.0153261	121.5320307	0	0	1	2	6	5	5	3	18	1	4	4	5	13	4	4	5	5	5	2	3	1	5	1	7	2	8	1		2	3	5	
113	10	2	19	48	臺北市	大同區	大同區酒泉街與酒泉街103巷口	25.0720552	121.5149494	0	0	4	4	6	5	5	3	2	1	4	4	5	13	4	4	5	5	5	2	3	4	9	1	3	2	10	1		2	2	11	
113	10	2	21	5	臺北市	中山區	中山區吉林路與吉林路218巷口	25.058949	121.5302122	0	0	1	2	6	5	5	4	1	1	4	4	5	13	1	1	5	4	4	2	16	1	5	1	7	2	8	1		1	3	4	
113	10	2	22	50	臺北市	北投區	北投區承德路7段與公館路口	25.1194568	121.5017018	0	0	2	2	6	5	5	4	1	1	4	4	5	13	1	1	10	5	5	2	13	1	9	1	5	1	10	1		1	2	11	