年	月	日	時	分	縣市	行政區	allLocation	GoogleLat	GoogleLng	死	2-30	受傷	當事人數	天候	道路照明設備	道路類別	道路型態	事故位置	路面狀況1	路面狀況2	路面狀況3	道路障礙1	道路障礙2	號誌1	號誌2	車道劃分-分向	車道劃分-分道1	車道劃分-分道2	車道劃分-分道3	事故類型及型態	行動電話	當事者行動狀態	駕駛資格情形	保護裝置	飲酒情形	駕駛執照種類	個人肇逃否	肇因碼-主要	性別	受傷程度	車輛撞擊部位1	車輛撞擊部位2
113	10	3	3	38	臺北市	文山區	文山區水源快速道路南往北(基隆路高架匝道口)	25.00642527	121.5340879	0	0	1	4	6	5	5	10	9	1	4	4	5	13	4	4	10	3	5	2	35	4	15	1	3	2	8	1		1	2	4	
113	10	3	4	49	臺北市	大安區	大安區敦化南路2段與和平東路3段口	25.0247102	121.5489733	0	0	1	2	6	5	5	4	1	1	4	4	5	13	2	1	2	4	5	2	3	1	5	1	7	1	8	1		1	3	5	
113	10	3	11	18	臺北市	萬華區	萬華區康定路與峨眉街口	25.0445053	121.5028616	0	0	2	2	6	6	5	4	1	1	4	4	5	13	2	1	5	5	5	2	17	1	9	6	5	1	18	1		1	2	14	
113	10	3	13	39	臺北市	中正區	中正區重慶南路2段7巷與公園路口	25.0342905	121.5149434	0	0	1	5	6	7	5	4	1	1	4	4	5	13	4	4	9	4	5	2	15	4	9	1	7	2	8	1		1	2	8	
113	10	3	15	15	臺北市	南港區	南港區重陽路與重陽路235巷口	25.0576353	121.6023742	0	0	1	2	6	6	5	4	1	1	4	4	5	13	1	1	5	3	5	2	16	1	5	1	3	1	8	1		1	3	4	
113	10	3	15	26	臺北市	文山區	文山區永安街與永安街22巷口	24.9866394	121.5702363	0	0	2	4	6	6	5	4	1	1	4	4	5	13	4	4	10	5	5	2	15	1	9	1	7	1	8	1		1	3	7	
113	10	3	16	51	臺北市	中正區	中正區南昌路2段與同安街口口	25.0254359	121.5225865	0	0	1	3	6	6	5	4	1	1	4	4	5	13	3	1	5	5	5	1	17	4	21	7	3	11	19	2		1	4	15	
113	10	3	17	24	臺北市	大同區	大同區錦西街38巷與錦西街口	25.0603334	121.5202704	0	0	2	2	6	5	5	5	1	1	4	4	5	13	4	4	10	5	5	2	16	1	5	1	6	2	10	1		2	2	14	
113	10	3	18	9	臺北市	大安區	大安區辛亥路1段與泰順街口	25.0216829	121.5319339	0	0	1	2	8	5	5	4	1	1	4	4	5	13	1	1	4	3	5	2	2	1	5	1	7	1	8	1		1	3	8	
113	10	4	0	24	臺北市	中山區	中山區市民大道1段與中山北路1段口	25.0482462	121.5207009	0	0	1	2	6	5	5	5	1	1	4	4	5	13	1	1	1	4	1	2	17	1	6	1	7	2	8	1		1	3	6	
113	10	4	6	40	臺北市	松山區	松山區饒河街與塔悠路口	25.0500599	121.572372	0	0	1	2	7	5	5	5	1	1	4	4	5	13	2	1	1	4	5	2	6	1	9	6	5	2	10	1		1	3	11	
113	10	4	7	0	臺北市	信義區	信義區基隆路1段與松壽路口	25.0356678	121.5613178	0	0	2	2	7	7	5	4	1	1	5	4	5	13	2	1	10	5	5	2	17	1	15	1	5	1	10	1		2	2	12	
113	10	4	7	26	臺北市	信義區	信義區中坡南路38號	25.0428427	121.5834956	0	0	1	2	7	7	8	14	18	1	4	4	5	13	2	1	10	5	5	2	3	4	11	7	3	11	19	2		1	4	1	
113	10	4	7	28	臺北市	大安區	大安區和平東路2段134號	25.0248042	121.5444499	0	0	1	2	7	6	5	14	9	1	4	4	5	13	4	4	1	4	5	2	17	4	1	1	3	1	8	2		2	3	3	
113	10	4	7	35	臺北市	信義區	信義區吳興街118巷與吳興街118巷15弄口	25.0298098	121.5607978	0	0	1	2	7	6	5	4	1	1	4	4	5	13	4	4	8	3	5	2	17	4	9	1	3	1	10	1		1	2	12	
113	10	4	7	37	臺北市	南港區	南港區昆陽街與昆陽街152巷口	25.0488759	121.5941741	0	0	1	2	6	6	6	3	2	1	4	4	5	13	4	4	4	3	5	2	12	4	9	1	3	1	10	1		1	2	14	
113	10	4	7	37	臺北市	文山區	文山區興隆路2段與興隆路2段203巷口口	25.0007915	121.5496973	0	0	1	2	7	6	5	4	1	1	4	4	5	13	1	1	1	4	5	2	16	1	11	1	7	1	8	1		2	3	1	
113	10	4	7	43	臺北市	南港區	南港區忠孝東路7段與忠孝東路7段265巷口	25.0517523	121.6033763	0	0	3	3	8	6	5	14	7	1	5	4	5	13	4	4	1	4	4	2	13	1	9	1	5	2	10	1		2	2	14	
113	10	4	7	45	臺北市	中山區	中山區松江路與農安街口	25.0647556	121.5331579	0	0	1	2	7	7	5	4	1	1	4	4	5	13	1	1	9	4	5	2	16	1	5	1	7	1	8	1		1	3	2	
113	10	4	7	56	臺北市	大安區	大安區通化街與通化街19巷口	25.0317333	121.5542395	0	0	2	2	7	6	5	4	18	1	5	4	5	13	4	4	9	5	5	2	3	4	9	1	5	1	10	1		1	2	11	
113	10	4	8	11	臺北市	文山區	文山區忠順街1段與忠順街1段9巷口	24.9836164	121.5570642	0	0	1	2	6	6	5	3	1	1	4	4	5	10	2	1	10	5	5	2	16	1	5	1	7	1	8	1		1	3	1	
113	10	4	8	23	臺北市	大安區	大安區羅斯福路2段與羅斯福路2段117巷口	25.0242349	121.5249457	0	0	1	2	7	6	5	3	2	1	4	4	5	13	2	1	1	4	5	2	16	4	6	1	3	1	8	1		2	3	2	
113	10	4	8	32	臺北市	文山區	文山區忠順街2段與木新路3段74巷口	24.9846776	121.5628253	0	0	1	2	6	6	8	4	1	1	4	4	5	13	4	4	10	5	5	2	17	4	5	1	5	1	10	1		1	3	14	
113	10	4	8	33	臺北市	松山區	松山區敦化南路1段100巷與敦化南路1段100巷3弄口	25.04620683	121.5481371	0	0	1	2	8	7	5	4	1	1	5	4	5	13	4	4	9	4	5	2	16	1	9	1	5	1	10	1		2	2	11	
113	10	4	8	35	臺北市	信義區	信義區忠孝東路4段559巷與忠孝東路4段口	25.04127	121.5636718	0	0	1	2	7	7	5	3	1	1	4	4	5	13	4	4	10	4	5	2	17	1	15	1	7	1	8	1		2	3	3	
113	10	4	8	39	臺北市	信義區	信義區忠孝東路4段557號	25.0412826	121.5634604	0	0	1	2	7	5	5	14	9	1	5	4	5	13	4	4	1	4	5	2	13	1	9	1	6	1	10	1		1	3	12	
113	10	4	8	51	臺北市	南港區	南港區興南街與東明街口	25.0551865	121.5992771	0	0	1	2	6	6	5	3	1	1	4	4	5	13	2	1	1	3	5	2	16	4	5	1	3	1	10	1		1	2	14	
113	10	4	8	58	臺北市	內湖區	內湖區洲子街118號	25.080865	121.5689456	0	0	1	2	7	7	5	14	9	1	4	4	5	13	4	4	9	5	5	2	17	1	6	1	7	1	8	1		1	3	17	
113	10	4	8	59	臺北市	大安區	大安區忠孝東路3段與新生南路1段口	25.0420759	121.532969	0	0	1	2	7	5	5	4	2	1	5	4	5	13	2	1	1	4	5	1	12	1	7	1	7	1	8	1		1	3	4	
113	10	4	9	5	臺北市	大安區	大安區辛亥路3段157巷與辛亥路3段157巷24弄口	25.0180799	121.5503784	0	0	1	2	7	6	5	3	1	1	4	4	5	13	4	4	5	5	5	2	16	4	6	1	3	1	8	1		1	3	5	
113	10	4	9	10	臺北市	中山區	中山區新生北路2段96號	25.05915039	121.5274541	0	0	2	2	7	5	5	14	9	1	5	4	5	13	4	4	1	4	5	2	17	4	9	1	3	1	10	1		1	2	13	
113	10	4	9	17	臺北市	中正區	中正區和平西路1段與牯嶺街口口	25.0262924	121.5192811	0	0	1	2	7	6	5	4	1	1	4	4	5	13	1	1	1	4	5	1	17	1	9	1	7	2	2	1		1	3	7	
113	10	4	9	55	臺北市	中山區	中山區建國北路1段與朱崙街口迴轉道	25.04953599	121.5369641	0	0	2	3	7	6	5	3	1	1	5	4	5	13	1	1	1	4	5	2	12	1	7	1	6	1	10	1		1	2	14	
113	10	4	10	0	臺北市	大安區	大安區忠孝東路3段193巷與忠孝東路3段217巷7弄口口	25.043797	121.538332	0	0	1	2	7	6	5	3	1	1	5	4	5	13	4	4	10	5	5	2	17	1	5	1	7	1	7	1		1	3	8	
113	10	4	11	0	臺北市	北投區	北投區立農街2段與義理街口	25.1185881	121.5162867	0	0	1	2	7	7	6	4	1	1	5	4	5	13	4	4	5	5	5	2	16	4	5	1	3	2	10	1		1	3	11	
113	10	4	11	5	臺北市	松山區	松山區延壽街與延壽街72巷口口	25.0570286	121.5655766	0	0	1	2	6	7	5	3	2	1	4	4	5	13	4	4	5	5	5	2	17	1	6	8	4	1	20	1		1	2	14	
113	10	4	11	27	臺北市	北投區	北投區西安街2段與公館路口北往南	25.1213907	121.5028945	0	0	1	2	8	5	5	4	2	1	5	4	5	13	1	1	9	4	5	1	12	1	9	1	7	1	8	1		1	3	5	
113	10	4	11	35	臺北市	大安區	大安區和平東路2段與復興南路2段口口	25.024976	121.5433102	0	0	1	2	6	6	5	4	1	1	4	4	5	13	2	1	1	4	5	2	17	1	8	1	5	1	9	1		1	3	13	
113	10	4	11	59	臺北市	大同區	大同區民族西路與重慶北路3段口	25.0686469	121.5136147	0	0	1	2	6	6	5	5	1	1	4	4	5	13	1	1	5	5	5	2	15	1	9	1	6	2	10	1		1	3	11	
113	10	4	12	0	臺北市	內湖區	內湖區內湖路3段與金龍路口	25.0846742	121.5932436	0	0	1	2	6	5	5	4	1	1	4	4	5	13	2	1	5	4	5	2	16	1	5	1	7	1	8	1		1	3	4	
113	10	4	12	24	臺北市	大安區	大安區忠孝東路3段與建國南路1段口口	25.041464	121.5369382	0	0	1	2	7	6	5	4	2	1	5	4	5	13	2	1	1	4	4	2	6	1	6	1	7	1	8	1		1	3	5	
113	10	4	12	38	臺北市	內湖區	內湖區舊宗路2段與民權東路6段11巷口	25.0673141	121.5753956	0	0	1	2	6	5	5	3	1	1	4	4	5	13	1	1	1	4	5	2	16	1	6	1	7	1	8	1		2	3	2	
113	10	4	12	41	臺北市	萬華區	萬華區萬大路與萬大路186巷口	25.0278376	121.5004403	0	0	1	2	7	6	5	4	1	1	4	4	5	13	2	1	1	4	5	1	17	4	5	1	3	1	10	1		2	2	12	
113	10	4	13	15	臺北市	大安區	大安區敦化南路2段206號	25.0231782	121.5484048	0	0	1	2	6	5	5	22	20	4	4	4	5	13	4	4	10	5	5	2	7	1	2	1	7	1	8	1		2	3	3	
113	10	4	13	42	臺北市	萬華區	萬華區環河南路1段187號	25.0404939	121.498307	0	0	1	2	6	7	5	11	9	1	4	4	3	13	4	4	9	5	5	2	12	1	1	1	5	1	10	1		1	3	11	
113	10	4	13	51	臺北市	士林區	士林區格致路235號	25.14385046	121.5489004	0	0	1	2	6	7	5	11	9	1	4	4	5	13	4	4	4	5	5	2	18	1	9	1	6	1	10	1		1	2	12	
113	10	4	14	31	臺北市	士林區	士林區中山北路4段與通河街口	25.0798482	121.5243199	0	0	1	2	7	6	5	3	2	1	4	4	5	13	2	1	2	4	5	1	17	1	6	1	7	1	4	1		1	3	8	
113	10	4	14	58	臺北市	信義區	信義區松壽路北側附近	25.0359472	121.5650191	0	0	1	2	6	6	5	14	9	1	4	4	5	13	4	4	5	4	5	2	11	1	5	1	7	1	3	1		1	3	5	
113	10	4	15	25	臺北市	中山區	中山區民權東路2段69號前	25.0626194	121.5314582	0	0	1	2	6	5	5	14	9	1	4	4	5	13	4	4	1	4	5	2	13	4	9	1	3	1	10	1		1	2	11	
113	10	4	15	36	臺北市	中山區	中山區北安路608巷4弄與北安路608巷14弄口	25.0815544	121.5503305	0	0	1	2	6	7	5	3	1	1	4	4	5	13	4	4	5	5	5	2	17	1	1	1	7	1	8	1		1	3	17	
113	10	4	15	42	臺北市	大同區	大同區迪化街2段268巷與迪化街2段口	25.0705556	121.511649	0	0	2	2	6	6	5	4	2	1	4	4	5	13	4	4	5	5	5	2	15	1	9	1	5	2	10	1		1	2	11	
113	10	4	15	55	臺北市	士林區	士林區福林路與至善路1段口	25.09800014	121.5376978	0	0	1	2	6	5	5	11	9	1	4	4	5	13	4	4	1	4	5	2	17	4	9	1	3	1	4	1		1	3	4	
113	10	4	17	0	臺北市	南港區	南港區大坑街與舊莊街1段145巷口口	25.0411286	121.6207803	0	0	1	2	6	6	5	4	1	1	4	4	5	13	1	1	5	4	5	2	16	1	5	1	7	1	8	1		1	3	5	
113	10	4	17	35	臺北市	中山區	中山區民生東路1段與民生東路1段61巷口	25.0581253	121.5265214	0	0	1	2	6	5	5	4	2	1	4	4	5	13	4	4	5	4	5	2	16	1	8	1	7	1	8	1		2	3	5	
113	10	4	17	50	臺北市	中山區	中山區市民大道2段與林森北路口	25.0478508	121.5245533	0	0	2	2	6	5	5	4	2	1	4	4	5	13	1	1	1	4	5	2	12	1	7	1	5	2	10	1		2	2	12	
113	10	4	17	54	臺北市	大同區	大同區承德路3段與民族西路口	25.068408	121.5183364	0	0	1	2	6	5	5	4	18	1	4	4	5	13	1	1	5	4	5	2	2	1	5	1	7	2	8	1		1	3	1	
113	10	4	17	58	臺北市	信義區	信義區忠孝東路5段215巷與忠孝東路5段165巷3弄口	25.041591	121.5701576	0	0	1	3	6	5	5	4	2	1	4	4	5	13	4	4	9	5	4	2	17	4	8	1	3	9	10	1		1	2	17	
113	10	4	18	27	臺北市	信義區	信義區東興路65號對面	25.047712	121.5658062	0	0	1	2	6	5	8	22	22	1	4	4	5	13	4	4	1	4	5	2	17	1	9	1	7	1	2	1		1	3	17	
113	10	4	18	30	臺北市	松山區	松山區民權東路4段與光復北路口	25.0620416	121.5546248	0	0	1	2	6	5	5	4	1	1	4	4	5	13	1	1	1	4	4	1	17	1	6	1	7	1	8	1		1	3	17	
113	10	4	18	37	臺北市	士林區	士林區中山北路6段與福林橋口	25.1024726	121.5254429	0	0	1	2	6	5	5	3	2	1	4	4	5	13	1	1	3	4	5	2	17	1	15	1	7	2	8	1		2	3	2	
113	10	4	18	38	臺北市	士林區	士林區至誠路2段與至誠路2段92巷口	25.1014212	121.527777	0	0	2	2	6	5	5	3	18	1	4	4	5	13	4	4	5	5	5	2	3	1	9	1	6	1	10	1		1	2	14	
113	10	4	18	52	臺北市	大安區	大安區和平東路3段51號	25.0246842	121.547937	0	0	1	2	6	5	5	14	9	1	4	4	5	13	4	4	1	4	5	2	13	1	10	1	5	1	10	1		1	2	11	
113	10	4	19	2	臺北市	萬華區	萬華區中華路1段與貴陽街2段口	25.03930996	121.5073202	0	0	1	2	6	5	5	4	1	1	4	4	5	13	2	1	3	4	1	2	17	1	9	1	6	1	10	1		1	2	17	
113	10	4	19	5	臺北市	南港區	南港區忠孝東路7段與中南街口	25.0529969	121.6151528	0	0	1	2	6	5	5	4	1	1	4	4	5	13	1	1	1	4	5	2	11	4	9	1	3	2	8	1		1	3	2	
113	10	4	19	8	臺北市	信義區	信義區信義路6段115號	25.0362836	121.5784636	0	0	1	2	8	5	5	14	9	1	4	4	5	13	1	1	9	4	5	2	11	4	9	1	3	2	2	1		1	3	2	
113	10	4	19	15	臺北市	文山區	文山區木柵路4段與木柵路4段111巷口口	24.9978689	121.5741449	0	0	1	2	6	5	5	3	4	1	4	4	5	13	2	1	5	4	5	2	13	2	9	1	7	2	8	1		1	3	1	
113	10	4	19	16	臺北市	松山區	松山區南京東路4段東向西(燈桿0201772)	25.05176135	121.5521381	0	0	1	2	6	5	5	14	9	1	4	4	5	13	4	4	1	4	4	2	13	4	8	1	6	1	10	1		1	2	11	
113	10	4	19	28	臺北市	萬華區	萬華區開封街2段與漢口街2段109巷口	25.0471454	121.5045729	0	0	1	2	7	5	5	3	1	1	4	4	5	13	4	4	10	5	5	2	16	4	5	1	3	1	8	1		2	3	2	
113	10	4	19	47	臺北市	文山區	文山區萬壽路與秀明路2段口	24.9887306	121.5772458	0	0	1	2	6	5	6	3	2	1	4	4	5	13	1	1	5	5	5	2	13	1	9	1	7	1	8	1		1	3	1	
113	10	4	19	57	臺北市	中正區	中正區重慶南路1段與寶慶路口	25.0411832	121.5130818	0	0	1	2	6	5	5	4	1	1	4	4	5	13	1	1	5	4	5	2	2	1	5	6	7	2	4	1		1	3	1	
113	10	4	22	53	臺北市	信義區	信義區基隆路2段149-17號	25.0266044	121.5551515	0	0	1	2	6	5	5	14	9	1	4	4	5	13	4	4	1	4	5	2	13	4	9	1	3	2	10	1		1	2	11	
113	10	4	23	30	臺北市	內湖區	內湖區民權東路6段56巷與民權東路6段56巷1弄口	25.0689249	121.5841383	0	0	1	2	7	5	5	4	1	1	4	4	5	13	4	4	4	3	5	1	17	1	11	1	7	2	8	1		1	3	17	
113	10	5	0	1	臺北市	中正區	中正區羅斯福路4段與羅斯福路4段196巷口	25.0119101	121.5365845	0	0	1	2	7	5	5	3	1	1	4	4	5	13	4	4	1	4	5	2	16	1	6	1	7	1	4	1		1	3	17	
113	10	5	8	5	臺北市	內湖區	內湖區民權東路6段131號	25.06893079	121.5935708	0	0	1	2	6	6	5	14	9	1	4	4	5	13	4	4	1	4	5	2	11	1	10	1	5	1	10	1		2	2	15	
113	10	5	8	11	臺北市	松山區	松山區復興北路與復興北路口31號加油站出入口	25.04952414	121.5440736	0	0	3	3	7	5	6	3	1	1	5	4	5	13	4	4	9	4	5	2	17	1	6	1	6	1	10	1		1	2	12	
113	10	5	8	33	臺北市	大安區	大安區信義路4段186巷與安和路2段32巷口	25.0317567	121.5515863	0	0	1	2	7	5	5	4	2	1	4	4	5	13	4	4	4	3	5	2	17	1	9	1	7	1	4	1		1	3	17	
113	10	5	8	58	臺北市	大同區	大同區長安西路211號	25.0520364	121.512624	0	0	1	4	7	6	5	14	9	1	4	4	5	13	4	4	5	5	5	2	17	1	9	3	5	2	18	1		1	2	11	
113	10	5	9	10	臺北市	中正區	中正區古亭河濱公園自行車道	25.00960709	121.5319161	0	0	1	2	8	7	8	22	22	1	5	4	5	13	4	4	9	5	5	2	17	4	21	7	3	9	19	2		1	4	15	
113	10	5	10	1	臺北市	松山區	松山區慶城街與無名巷口	25.056664	121.5478698	0	0	1	2	7	6	5	4	1	1	4	4	5	13	4	4	1	5	5	2	17	1	5	1	7	9	4	1		1	3	17	
113	10	5	10	15	臺北市	信義區	信義區忠孝東路5段與松仁路口	25.0409599	121.5684149	0	0	2	2	8	6	5	4	1	1	5	4	5	13	2	1	8	3	5	2	17	4	5	1	3	1	10	1		1	2	12	
113	10	5	10	21	臺北市	北投區	北投區中央南路2段113-1號	25.1220319	121.5001261	0	0	1	3	7	6	5	14	9	1	5	4	5	13	4	4	9	4	5	2	16	1	1	1	5	1	10	1		1	2	12	
113	10	5	10	56	臺北市	士林區	士林區士東路299巷北市大詩欣館旁	25.1143845	121.53759	0	0	2	3	7	6	5	14	9	1	5	4	5	13	4	4	10	5	5	2	12	1	4	1	6	1	10	1		1	2	14	
113	10	5	11	18	臺北市	大同區	大同區民族西路與民族西路76巷口	25.06853387	121.5178723	0	0	1	2	8	6	5	3	1	1	5	4	5	13	4	4	5	4	5	2	17	1	9	1	6	1	9	2		4	2	12	
113	10	5	11	25	臺北市	松山區	松山區南京東路5段與塔悠路口	25.0511075	121.5705819	0	0	1	2	8	6	5	5	1	1	5	4	5	13	2	1	1	4	5	1	15	1	15	1	7	1	8	1		2	3	6	
113	10	5	11	30	臺北市	松山區	松山區民權東路3段與復興北路口	25.06233	121.5442903	0	0	1	2	7	7	5	4	1	1	5	4	5	13	2	1	1	4	5	2	12	1	9	1	7	1	4	1		1	3	6	
113	10	5	11	44	臺北市	信義區	信義區松信路5號	25.0489574	121.5722465	0	0	1	3	7	6	5	14	7	1	5	4	5	13	2	1	5	4	4	2	13	1	9	1	7	1	8	1		1	3	1	
113	10	5	12	32	臺北市	中正區	中正區中山南路與信義路1段口	25.0387349	121.5179666	0	0	1	2	8	6	8	22	22	1	5	4	5	13	2	1	3	4	3	2	16	1	15	1	6	2	10	1		1	2	14	
113	10	5	12	45	臺北市	大安區	大安區忠孝東路4段223巷與忠孝東路4段205巷7弄附近口	25.0422811	121.5530117	0	0	1	2	8	6	5	4	2	1	5	4	5	13	4	4	5	4	5	2	17	1	8	1	5	1	10	1		2	2	12	
113	10	5	12	47	臺北市	中正區	中正區汀州路2段245巷與汀州路2段口	25.0229831	121.5231043	0	0	2	2	8	5	5	4	2	1	5	4	5	13	4	4	9	4	5	2	16	1	11	1	5	1	10	1		1	2	12	
113	10	5	13	7	臺北市	大安區	大安區和平東路2段18號對面	25.0259804	121.5360741	0	0	1	2	8	6	6	14	8	1	5	4	5	13	4	4	10	4	4	2	17	1	8	1	2	1	8	1		1	3	2	
113	10	5	13	8	臺北市	文山區	文山區羅斯福路6段159巷與羅斯福路6段159巷5弄口口	24.9974622	121.5415581	0	0	2	3	8	6	5	4	1	1	5	4	5	13	4	4	10	5	5	2	16	1	6	1	7	1	8	1		1	3	1	
113	10	5	13	20	臺北市	士林區	士林區中山北路6段374號	25.112527	121.5264685	0	0	2	3	8	6	5	14	9	1	5	4	5	13	4	4	1	4	5	2	17	4	13	1	3	1	8	1		1	3	4	
113	10	5	13	27	臺北市	中正區	中正區寧波東街與羅斯福路1段口口	25.0319511	121.5194034	0	0	1	2	8	6	5	4	1	1	5	4	5	13	1	1	10	4	5	1	17	1	15	1	6	2	10	1		2	2	12	
113	10	5	13	35	臺北市	信義區	信義區基隆路2段151號	25.0259641	121.5544429	0	0	1	2	8	6	5	14	9	1	5	4	5	13	4	4	1	4	5	2	13	1	10	1	3	1	10	1		1	2	11	
113	10	5	13	47	臺北市	內湖區	內湖區南湖大橋與康寧路3段口	25.0649246	121.6109886	0	0	1	2	8	7	5	3	1	1	5	4	5	13	1	1	1	4	5	2	12	1	11	1	7	2	8	1		1	3	2	
113	10	5	14	35	臺北市	文山區	文山區和平東路4段119號對面	25.0048382	121.5687579	0	0	1	2	6	6	5	14	9	1	4	4	5	13	4	4	5	2	5	2	17	4	9	1	5	2	10	1		1	2	14	
113	10	5	15	6	臺北市	中正區	中正區貴陽街1段與懷寧街口	25.03870673	121.513733	0	0	1	2	7	6	5	3	1	1	5	4	5	13	4	4	5	5	5	2	13	4	9	1	7	1	4	1		1	3	8	
113	10	5	15	16	臺北市	文山區	(興隆路2段220巷31弄5號)	25.0003514	121.5527799	0	0	1	2	7	6	5	3	2	1	5	4	5	13	4	4	9	5	5	2	16	1	11	1	6	1	10	1		1	3	14	
113	10	5	15	40	臺北市	中正區	中正區衡陽路44號前	25.04231321	121.5122391	0	0	1	2	8	7	5	14	9	1	5	4	5	13	4	4	10	4	5	2	17	1	8	8	2	2	20	1		1	2	12	
113	10	5	15	50	臺北市	松山區	松山區延壽街356巷與延壽街356巷4弄口	25.0557601	121.5589897	0	0	1	3	8	6	5	4	1	1	5	4	5	13	4	4	10	5	5	2	15	1	9	1	7	1	8	1		2	3	2	
113	10	5	16	0	臺北市	松山區	松山區光復南路58巷與光復南路32巷16弄口	25.0456043	121.5566003	0	0	1	2	7	6	5	4	1	1	5	4	5	13	4	4	10	5	5	2	15	4	9	1	6	1	10	1		1	2	14	
113	10	5	16	12	臺北市	士林區	士林區中正路288號前	25.0948279	121.5234713	0	0	1	2	8	6	5	14	9	1	5	4	5	13	4	4	1	4	5	1	12	1	1	1	5	2	10	1		2	2	14	
113	10	5	16	32	臺北市	中正區	中正區中華路1段29號	25.04565325	121.5094756	0	0	2	4	8	6	5	14	9	1	5	4	5	13	4	4	2	4	5	2	13	1	9	1	5	2	10	1		2	2	11	
113	10	5	16	50	臺北市	北投區	北投區承德路7段與承德路7段344巷口	25.11730741	121.5036887	0	0	2	2	8	5	5	3	1	1	5	4	5	13	2	1	1	4	4	2	13	1	9	1	5	1	10	1		1	2	11	
113	10	5	17	0	臺北市	中正區	中正區博愛路與貴陽街1段口	25.03894935	121.5112016	0	0	1	2	7	6	5	4	1	1	5	4	5	13	1	1	10	4	5	2	16	4	5	1	7	2	8	1		1	3	1	
113	10	5	17	25	臺北市	中山區	中山區中山北路2段與民生東路1段口	25.0579298	121.5227609	0	0	1	2	8	5	5	4	1	1	5	4	5	13	1	1	1	4	5	2	12	4	8	1	3	1	8	1		1	3	2	
113	10	5	17	37	臺北市	中正區	中正區中山北路1段與北平西路口	25.04714685	121.5201698	0	0	1	2	8	7	5	5	1	1	5	4	5	13	1	1	1	3	1	2	13	1	15	1	7	1	4	1		1	3	1	
113	10	5	17	40	臺北市	萬華區	萬華區昆明街與昆明街96巷口	25.04469743	121.5052584	0	0	1	3	8	5	5	3	1	1	5	4	5	13	4	4	10	5	5	2	17	1	1	1	7	1	4	1		1	3	5	
113	10	5	17	44	臺北市	信義區	信義區吳興街28號	25.0314886	121.5597228	0	0	1	2	7	5	5	14	9	1	5	4	5	13	4	4	10	5	5	2	3	5	16	8	4	1	20	1		2	2	16	
113	10	5	17	59	臺北市	信義區	信義區林口街與林口街24巷口	25.0375576	121.5793247	0	0	2	2	8	5	5	4	2	1	5	4	5	13	4	4	5	5	5	2	17	1	5	1	5	1	10	1		1	2	11	
113	10	5	18	22	臺北市	中正區	中正區汀州路3段144號	25.01359899	121.5343758	0	0	2	2	8	5	5	14	9	1	5	4	5	13	4	4	9	4	5	2	16	1	11	1	5	1	10	1		1	2	14	
113	10	5	18	57	臺北市	中山區	中山區長安東路1段99號	25.048389	121.5279642	0	0	1	2	8	5	5	14	9	1	5	4	5	13	4	4	9	4	5	2	16	1	11	1	7	2	4	1		1	3	8	
113	10	5	19	27	臺北市	士林區	士林區忠義街與雨聲街口	25.1055528	121.5311471	0	0	1	2	8	5	5	3	1	1	5	4	5	13	1	1	5	5	5	1	16	1	6	1	7	1	8	1		1	3	8	
113	10	5	19	46	臺北市	士林區	士林區中正路與福港街口	25.0917319	121.5176399	0	0	1	2	8	5	5	3	1	1	5	4	5	13	2	1	3	4	5	2	12	1	9	1	7	9	8	2		4	2	2	
113	10	5	20	23	臺北市	大安區	大安區基隆路2段與和平東路3段口	25.0245413	121.5526098	0	0	2	3	8	6	5	4	1	1	5	4	5	13	2	1	3	4	5	2	13	4	9	1	6	1	10	1		2	2	11	
113	10	5	20	45	臺北市	內湖區	內湖區環山路1段4號前	25.0829081	121.56554	0	0	1	2	8	5	5	14	9	1	5	4	5	13	2	1	5	4	5	2	13	1	9	1	5	1	10	1		1	2	11	
113	10	5	20	54	臺北市	內湖區	內湖區文德路98號	25.0779768	121.582926	0	0	1	3	8	5	5	14	8	1	5	4	5	13	4	4	1	4	4	2	12	1	8	1	7	1	8	1		1	3	17	
113	10	5	21	2	臺北市	文山區	文山區萬壽路45號	24.98898906	121.5784711	0	0	1	3	7	5	5	14	9	1	5	4	5	13	4	4	9	5	5	2	13	1	9	1	5	1	10	1		1	2	11	
113	10	5	21	58	臺北市	信義區	信義區忠孝東路5段與忠孝東路5段423巷口	25.0409108	121.5753885	0	0	2	3	7	5	5	4	2	1	5	4	5	13	1	1	3	4	5	2	16	4	5	1	3	1	8	1		2	3	2	
113	10	5	21	59	臺北市	中山區	中山區市民大道3段與松江路口	25.0455257	121.5330786	0	0	2	3	8	5	5	4	1	1	5	4	5	13	2	1	9	4	5	2	17	1	6	1	7	1	8	1		2	3	2	
113	10	5	22	0	臺北市	中正區	中正區中正橋往永和	25.0217387	121.5159913	0	0	2	2	8	5	5	14	9	1	5	4	5	13	4	4	3	4	5	2	12	1	15	1	5	1	10	1		1	2	12	
113	10	5	22	4	臺北市	中山區	中山區市民大道3段與松江路口	25.0455306	121.5330618	0	0	1	2	8	5	5	4	1	1	5	4	5	13	2	1	9	4	5	2	17	1	6	1	7	2	4	1		1	3	2	
113	10	5	22	28	臺北市	中正區	中正區汀州路3段與羅斯福路4段90巷口	25.0134994	121.5344688	0	0	2	2	7	5	5	4	1	1	5	4	5	13	1	1	5	5	5	2	16	1	15	1	6	1	10	1		1	2	14	
113	10	5	23	14	臺北市	大安區	大安區基隆路3段與辛亥路3段口	25.0195124	121.5469711	0	0	2	3	8	5	5	4	1	1	5	4	1	12	1	1	9	4	5	1	17	4	9	1	3	1	10	1		1	3	13	