年	月	日	時	分	縣市	行政區	allLocation	GoogleLat	GoogleLng	死	2-30	受傷	當事人數	天候	道路照明設備	道路類別	道路型態	事故位置	路面狀況1	路面狀況2	路面狀況3	道路障礙1	道路障礙2	號誌1	號誌2	車道劃分-分向	車道劃分-分道1	車道劃分-分道2	車道劃分-分道3	事故類型及型態	行動電話	當事者行動狀態	駕駛資格情形	保護裝置	飲酒情形	駕駛執照種類	個人肇逃否	肇因碼-主要	性別	受傷程度	車輛撞擊部位1	車輛撞擊部位2
113	10	6	0	16	臺北市	大安區	大安區市民大道4段74號	25.0448893	121.5476889	0	0	1	2	8	5	5	14	9	1	5	4	5	13	4	4	1	5	5	2	13	1	9	1	7	1	8	1		1	3	5	
113	10	6	0	16	臺北市	萬華區	萬華區桂林路與堤外便道口(桂林水門口)	25.03885112	121.4958895	0	0	1	2	8	5	5	4	1	1	5	4	5	13	1	1	1	5	5	2	13	4	12	1	5	1	10	1		2	3	13	
113	10	6	1	15	臺北市	內湖區	內湖區潭美街與安美街口	25.0603338	121.597151	0	0	2	2	8	5	5	5	1	1	5	4	5	13	2	1	9	4	5	2	16	1	5	1	6	2	10	1		2	2	14	
113	10	6	6	2	臺北市	士林區	士林區至善路2段與力行街口	25.0985438	121.5474645	0	0	2	2	8	6	5	3	1	1	5	4	5	13	2	1	1	4	4	2	17	1	1	1	6	1	10	1		1	2	14	
113	10	6	6	47	臺北市	中山區	中山區長安東路2段與建國北路1段口	25.0483121	121.5365281	0	0	1	2	8	6	5	5	2	1	5	4	5	13	2	1	8	3	5	1	17	1	9	1	5	1	10	1		1	2	11	
113	10	6	6	48	臺北市	中山區	中山區林森北路與民權東路1段口	25.0625072	121.5256142	0	0	1	2	7	7	8	4	1	1	5	4	5	13	1	1	5	4	5	2	16	1	5	1	5	1	10	1		1	2	12	
113	10	6	8	55	臺北市	中正區	中正區羅斯福路3段272號	25.0169065	121.5318691	0	0	2	2	8	7	5	14	9	1	5	4	5	13	4	4	1	4	5	2	12	4	9	1	5	2	10	1		1	2	11	
113	10	6	8	57	臺北市	中山區	中山區民權東路3段49號	25.06244936	121.5428233	0	0	1	2	8	6	5	22	20	4	5	4	5	13	4	4	10	5	5	2	12	4	9	8	2	1	20	2		4	2	14	
113	10	6	9	30	臺北市	北投區	北投區承德路7段342-1號	25.1173868	121.5043114	0	0	1	3	8	7	5	14	20	4	5	4	5	13	4	4	10	5	5	2	29	1	9	1	5	9	10	1		1	3	12	
113	10	6	10	16	臺北市	士林區	士林區中山北路7段38巷與中山北路7段口	25.1203408	121.5317027	0	0	1	2	7	5	5	4	1	1	5	4	5	13	3	1	1	4	5	2	15	4	9	1	3	2	10	1		1	2	12	
113	10	6	10	54	臺北市	大同區	大同區民權西路與延平北路2段口	25.0628667	121.5110274	0	0	3	3	8	6	5	4	2	1	5	4	5	13	2	1	5	4	5	2	17	1	5	1	5	2	10	1		2	2	14	
113	10	6	11	19	臺北市	大安區	大安區市民大道4段與忠孝東路4段223巷口前迴轉道	25.0443042	121.5533312	0	0	1	2	8	5	5	22	6	1	5	4	5	13	4	4	10	5	5	2	17	4	11	1	3	2	10	1		1	2	13	
113	10	6	11	55	臺北市	大安區	大安區大安路1段與四維路52巷口	25.0351287	121.5460107	0	0	1	2	8	5	5	4	1	1	5	4	5	13	4	4	10	5	5	2	15	1	9	1	7	1	8	1		1	3	1	
113	10	6	11	56	臺北市	大安區	大安區基隆路3段與長興街附近口	25.0170665	121.5439623	0	0	1	3	8	6	5	14	9	1	5	4	5	13	4	4	1	4	4	2	17	1	12	1	5	1	10	1		2	3	13	
113	10	6	12	16	臺北市	文山區	文山區興隆路4段與興隆路4段109巷口	24.9865273	121.5609058	0	0	1	2	8	6	5	4	2	1	5	4	5	13	2	1	1	4	5	2	9	4	5	1	3	2	8	1		2	3	8	
113	10	6	13	15	臺北市	萬華區	萬華區西藏路125巷與西藏路口	25.0297861	121.5021933	0	0	2	4	8	6	5	3	1	1	5	4	5	13	1	1	8	3	5	1	17	1	12	1	7	1	2	1		1	3	17	
113	10	6	13	19	臺北市	南港區	南港區成福路165號與成福路171巷口	25.0410773	121.5882267	0	0	1	2	8	7	5	4	1	1	5	4	5	13	3	1	4	5	5	2	11	1	9	1	6	1	10	1		2	2	12	
113	10	6	13	49	臺北市	中正區	中正區愛國西路與博愛路口往西	25.03624429	121.5100757	0	0	2	3	8	6	5	14	9	1	5	4	5	13	4	4	1	4	5	2	17	4	15	1	6	1	10	1		1	2	14	13
113	10	6	14	30	臺北市	內湖區	內湖區康寧路3段與康寧路3段16巷口	25.0728376	121.6073668	0	0	1	3	8	6	5	3	1	1	5	4	5	13	1	1	1	5	5	2	16	1	11	1	6	2	10	1		1	3	12	
113	10	6	15	2	臺北市	中正區	中正區中華路1段與長沙街1段口	25.0406042	121.508034	0	0	2	2	8	6	5	4	2	1	5	4	5	13	1	1	1	4	5	1	12	1	7	1	6	2	10	1		2	2	11	
113	10	6	15	33	臺北市	內湖區	內湖區安康路與安康路315巷口	25.0667099	121.6146409	0	0	2	2	8	6	5	4	1	1	5	4	5	13	4	4	10	5	5	2	15	1	9	1	5	2	10	1		1	2	11	
113	10	6	15	33	臺北市	內湖區	內湖區環山路2段68巷與環山路2段口	25.08500551	121.574648	0	0	1	2	8	6	5	4	2	1	5	4	5	13	2	1	5	4	5	2	17	1	1	1	7	1	8	1		1	3	17	
113	10	6	15	50	臺北市	中正區	中正區濟南路2段與濟南路2段48巷口	25.0403303	121.5311884	0	0	2	3	8	6	5	3	1	1	5	4	5	13	2	1	10	5	5	2	17	4	1	1	7	2	8	1		1	3	17	13
113	10	6	15	53	臺北市	士林區	士林區中山北路4段與通河街口	25.07981461	121.5244756	0	0	1	3	8	7	5	14	9	1	5	4	5	13	2	1	2	4	5	1	17	1	7	1	5	2	10	1		2	2	14	
113	10	6	15	57	臺北市	南港區	南港區永吉路與忠孝東路6段口	25.0451073	121.5824654	0	0	2	2	8	7	5	4	2	1	5	4	5	13	2	1	1	4	5	2	16	4	5	2	6	1	18	1		1	2	11	
113	10	6	16	19	臺北市	大同區	大同區西寧北路68號	25.053725	121.5087148	0	0	1	2	8	6	5	14	9	1	5	4	5	13	4	4	5	2	5	2	17	1	15	1	7	1	4	1		1	3	1	
113	10	6	17	0	臺北市	文山區	文山區木柵路1段25號	24.98812208	121.5447243	0	0	2	2	8	5	5	22	20	1	5	4	5	13	4	4	10	5	5	2	9	1	9	3	5	1	18	1		1	2	11	
113	10	6	17	39	臺北市	信義區	信義區松仁路與莊敬路口口	25.026769	121.5683791	0	0	1	3	7	5	8	4	1	1	5	4	5	13	1	1	5	4	5	2	17	1	9	1	7	2	8	1		1	3	2	
113	10	6	18	16	臺北市	信義區	信義區莊敬路325巷與莊敬路289巷8弄口	25.0287674	121.5644574	0	0	2	2	7	5	5	4	2	1	5	4	5	13	4	4	5	5	5	2	15	1	9	8	4	1	20	1		1	2	14	
113	10	6	19	0	臺北市	士林區	士林區通河西街1段與重慶北路4段口口	25.08746069	121.5119707	0	0	2	2	8	5	5	3	1	1	5	4	5	13	2	1	5	5	5	2	16	1	9	1	6	1	10	1		2	2	11	
113	10	6	20	3	臺北市	大安區	大安區建國南路1段212巷與建國南路1段口	25.0396464	121.5374991	0	0	1	2	8	5	5	3	2	1	5	4	5	13	4	4	8	3	5	1	12	1	10	1	5	1	10	1		1	2	12	
113	10	6	20	10	臺北市	信義區	信義區基隆路1段與忠孝東路4段口	25.0412063	121.5647668	0	0	1	3	7	5	5	4	1	1	5	4	5	13	1	1	1	4	5	1	17	1	9	1	6	1	10	1		1	2	14	
113	10	6	20	30	臺北市	北投區	北投區中湖戰備道路與竹子湖路口	25.1776155	121.5572198	0	0	2	3	6	5	5	14	9	1	4	4	5	13	4	4	9	4	5	2	17	1	9	3	5	1	18	1		1	2	12	
113	10	6	20	46	臺北市	大同區	大同區塔城街與長安西路口	25.0520475	121.5103122	0	0	1	2	8	5	5	4	1	1	5	4	5	13	2	1	5	4	5	2	9	1	5	1	7	2	8	1		1	3	1	
113	10	6	21	33	臺北市	松山區	松山區民生東路3段113巷7弄與民生東路3段127巷口	25.0584484	121.5474578	0	0	1	2	8	5	5	4	1	1	5	4	5	13	4	4	10	5	5	2	15	1	9	1	7	1	8	1		1	3	8	
113	10	6	22	2	臺北市	北投區	北投區福國路與承德路6段口	25.1014569	121.5122038	0	0	1	2	8	5	5	4	1	1	5	4	5	13	1	1	1	4	5	2	13	1	5	1	7	1	8	1		1	3	8	
113	10	6	22	22	臺北市	信義區	信義區吳興街364巷與吳興街口	25.0254441	121.5666814	0	0	1	2	8	5	5	4	2	1	5	4	5	13	4	4	10	5	5	2	15	4	9	1	3	1	8	1		2	3	8	
113	10	6	23	26	臺北市	萬華區	萬華區環河南路1段348巷35停車格	25.0391713	121.4963342	0	0	1	2	7	7	6	14	9	1	5	4	5	13	4	4	10	5	5	2	17	1	13	1	3	1	8	1		1	3	4	
113	10	7	1	25	臺北市	大安區	大安區羅斯福路4段與基隆路4段口	25.0113677	121.5371343	0	0	2	2	8	5	5	4	1	1	5	4	5	13	2	1	9	4	5	1	16	1	9	1	5	1	10	1		1	2	12	
113	10	7	6	7	臺北市	中山區	中山區龍江路387巷與民權東路3段39巷口	25.06514026	121.5425717	0	0	1	5	8	7	5	4	1	1	5	4	5	13	4	4	9	4	5	2	15	4	9	1	5	1	10	1		1	2	12	
113	10	7	6	50	臺北市	萬華區	萬華區和平西路3段302巷3弄與和平西路3段302巷口	25.0349479	121.4930939	0	0	3	3	8	5	5	3	1	1	5	4	5	13	4	4	10	5	5	2	17	4	5	1	6	1	10	1		1	2	14	
113	10	7	7	19	臺北市	萬華區	萬華區中興橋往台北市機車道下橋彎道處	25.04397438	121.5003208	0	0	1	2	8	6	5	8	11	1	5	4	5	13	4	4	10	5	5	2	17	1	9	1	6	1	10	1		2	2	14	
113	10	7	7	55	臺北市	中山區	中山區樂群一路往東	25.07757475	121.5516179	0	0	1	2	7	7	5	14	9	1	5	4	5	13	4	4	1	4	5	2	13	1	9	1	5	1	10	1		1	2	11	
113	10	7	8	0	臺北市	內湖區	內湖區環山路2段與環山路2段109巷口	25.0842557	121.5760256	0	0	1	2	9	5	5	3	2	1	5	4	5	13	1	1	4	3	5	1	13	4	7	1	3	1	10	1		1	2	11	
113	10	7	8	47	臺北市	大同區	大同區民生西路289號	25.0572194	121.512734	0	0	1	2	7	6	5	14	9	1	5	4	5	13	4	4	5	2	5	2	10	4	9	1	5	2	10	1		1	2	11	
113	10	7	8	50	臺北市	信義區	信義區莊敬路與吳興街361巷口	25.0268165	121.5678804	0	0	1	2	8	6	6	3	2	1	5	4	5	13	4	4	9	5	4	2	9	4	11	1	3	2	4	1		1	3	17	
113	10	7	8	53	臺北市	士林區	士林區福華路與福華路157巷口	25.10392149	121.5221629	0	0	1	2	8	6	5	14	9	1	5	4	5	13	4	4	1	4	5	1	13	4	12	1	3	1	4	1		1	3	6	
113	10	7	9	0	臺北市	中正區	中正區重慶南路1段與重慶南路1段136巷口	25.03627967	121.5124694	0	0	1	2	8	6	5	3	1	1	5	4	5	13	4	4	10	4	5	2	16	4	5	1	7	2	8	1		1	3	1	
113	10	7	9	0	臺北市	文山區	文山區萬美街1段與萬和街口	25.0021945	121.5671138	0	0	1	3	8	7	5	3	1	1	5	4	3	10	4	4	1	5	5	2	16	1	6	1	6	1	10	1		2	2	14	
113	10	7	9	5	臺北市	萬華區	萬華區艋舺大道與西藏路口	25.0288485	121.4915818	0	0	1	2	8	6	5	4	1	1	5	4	5	13	2	1	1	4	4	2	16	1	8	1	6	1	10	1		2	2	13	
113	10	7	9	24	臺北市	大安區	大安區辛亥路3段與臥龍街188巷口	25.01616235	121.5504928	0	0	2	3	8	6	5	3	1	1	5	4	5	13	4	4	1	4	5	2	17	1	6	1	6	1	10	1		2	2	12	
113	10	7	9	59	臺北市	中山區	中山區敬業三路與樂群二路口	25.0799952	121.5563309	0	0	1	2	8	7	5	4	1	1	5	4	5	13	1	1	1	4	5	2	17	1	5	1	7	1	8	1		2	3	17	
113	10	7	10	0	臺北市	松山區	松山區市民大道4段與復興南路1段口	25.0449343	121.543953	0	0	1	2	8	7	5	4	1	1	5	4	5	13	2	1	1	4	5	2	12	1	7	1	6	1	10	1		2	2	14	
113	10	7	10	18	臺北市	大安區	大安區基隆路4段(北往南,古亭消防分隊旁)	25.0118901	121.5378067	0	0	1	2	8	5	5	14	9	1	5	4	5	13	4	4	1	4	5	2	12	1	8	6	7	1	8	1		1	3	2	
113	10	7	10	33	臺北市	中正區	中正區汀州路2段15號	25.0260551	121.514838	0	0	1	2	8	6	5	14	9	1	5	4	5	13	4	4	9	4	5	2	17	1	11	1	7	2	4	1		1	3	4	
113	10	7	10	43	臺北市	南港區	南港區大坑街與福山橋口	25.0460425	121.6175302	0	0	2	2	7	7	5	4	1	1	5	4	5	13	4	4	10	4	5	2	15	4	9	1	3	1	10	1		1	2	14	
113	10	7	10	45	臺北市	松山區	松山區復興南路1段31號	25.0453149	121.5439519	0	0	1	2	7	6	5	14	9	1	5	4	5	13	4	4	1	4	5	2	17	4	7	1	5	9	10	1		1	2	14	
113	10	7	10	57	臺北市	北投區	北投區北投路2段與無名巷口	25.1328129	121.4974945	0	0	1	2	7	6	5	4	1	1	5	4	5	13	2	1	5	5	5	2	17	1	11	1	7	2	8	1		1	3	17	
113	10	7	11	19	臺北市	大安區	大安區忠孝東路4段與忠孝東路4段77巷附近口	25.0416528	121.5470348	0	0	1	2	8	6	5	14	9	1	5	4	5	13	4	4	1	4	5	2	17	4	8	1	3	11	4	2		1	4	17	
113	10	7	11	39	臺北市	松山區	松山區延壽街與光復北路口	25.056348	121.5555717	0	0	1	2	7	6	5	4	2	1	5	4	5	13	1	1	8	3	5	2	17	1	11	1	7	1	8	1		2	3	17	
113	10	7	12	0	臺北市	士林區	士林區中正路與中正路365巷口	25.09437053	121.5219793	0	0	1	2	7	7	5	4	1	1	5	4	5	13	2	1	1	4	5	1	17	1	9	1	7	2	8	1		2	3	2	
113	10	7	12	13	臺北市	北投區	北投區福美路與福善路口	25.1004833	121.5070908	0	0	1	3	7	6	5	4	1	1	5	4	5	13	4	4	5	2	5	2	15	1	9	1	7	1	8	1		1	3	2	
113	10	7	12	20	臺北市	士林區	士林區福林路與福林路254巷口	25.09798077	121.5344625	0	0	1	2	7	5	5	4	2	1	5	4	5	13	1	1	5	4	5	2	12	4	15	1	3	1	10	1		1	2	14	
113	10	7	12	33	臺北市	文山區	文山區新光路2段污水處理廠往西36公尺處	24.9951499	121.5740614	0	0	2	3	7	6	5	11	7	1	5	4	5	13	4	4	1	4	4	2	18	1	9	1	5	1	8	1		1	2	17	
113	10	7	12	40	臺北市	文山區	文山區忠順街2段與保儀路口口	24.9847337	121.566738	0	0	1	2	8	7	5	4	1	1	5	4	5	13	1	1	10	5	5	2	16	1	5	1	7	2	8	1		2	3	2	
113	10	7	12	53	臺北市	士林區	士林區中山北路5段與小北街口	25.09026367	121.5273553	0	0	1	5	7	7	5	4	1	1	5	4	5	13	2	1	1	4	1	1	17	1	9	1	5	2	10	1		2	2	11	
113	10	7	13	15	臺北市	中正區	中正區林森南路3巷1號與忠孝東路1段70巷口	25.04419879	121.5236951	0	0	1	2	7	7	5	3	2	1	5	4	5	13	4	4	9	5	5	2	3	5	16	8	4	10	20	1		2	2	16	
113	10	7	13	45	臺北市	中山區	中山區南京東路1段與天津街口	25.0520915	121.5234917	0	0	1	2	6	7	5	3	1	1	4	4	5	13	4	4	1	4	4	2	17	1	9	1	5	1	10	1		2	2	14	
113	10	7	13	45	臺北市	萬華區	萬華區武成街125巷與武成街101巷6弄口	25.0195335	121.4938096	0	0	2	2	8	5	8	4	1	1	5	4	5	13	4	4	10	5	5	2	15	4	9	1	3	1	10	1		2	2	11	
113	10	7	13	49	臺北市	文山區	文山區興隆路4段與忠順街1段口口	24.9845058	121.561655	0	0	1	2	8	6	5	4	1	1	5	4	5	13	2	1	10	5	5	2	16	1	5	1	7	1	8	1		2	3	2	
113	10	7	13	54	臺北市	中山區	中山區長安東路2段246號	25.0482662	121.5427197	0	0	1	2	7	6	5	14	9	1	4	4	5	13	4	4	9	4	5	2	16	4	8	1	3	9	10	2		1	4	15	
113	10	7	14	0	臺北市	中山區	中山區中山北路4段圓山下坡口	25.0735566	121.5247826	0	0	1	2	8	6	5	14	9	1	5	4	5	13	1	1	1	4	5	2	12	1	15	1	5	1	10	1		2	2	14	
113	10	7	14	21	臺北市	中正區	中正區羅斯福路4段24巷與羅斯福路4段24巷12弄口	25.0150563	121.5328008	0	0	2	2	8	7	5	4	2	1	5	4	5	13	4	4	5	5	5	2	17	1	6	1	5	1	10	1		2	2	11	
113	10	7	15	2	臺北市	文山區	文山區景興路與景華街口口	24.995124	121.5447856	0	0	2	2	8	6	5	4	1	1	5	4	5	13	2	1	10	5	5	2	16	1	5	1	5	1	10	1		1	2	12	
113	10	7	15	5	臺北市	萬華區	萬華區長泰街20巷與萬大路329巷口	25.0236479	121.5011156	0	0	1	3	7	7	5	4	1	1	5	4	5	13	4	4	10	5	5	2	16	1	5	6	5	1	10	1		1	3	14	
113	10	7	15	27	臺北市	中正區	中正區晉江街與晉江街46巷口	25.0244259	121.5230132	0	0	1	2	7	7	5	3	1	1	4	4	5	13	4	4	10	5	5	2	17	1	5	1	5	1	10	1		1	2	12	
113	10	7	15	28	臺北市	大同區	大同區民權西路與民權西路225巷口	25.063112	121.5131172	0	0	3	3	7	6	5	4	1	1	4	4	5	13	2	1	1	4	5	2	17	4	5	1	5	1	10	1		1	2	13	
113	10	7	16	10	臺北市	中山區	中山區龍江路與龍江路443巷口	25.06722836	121.5410082	0	0	1	2	7	7	5	4	1	1	4	4	5	13	4	4	7	4	5	2	17	4	5	1	5	1	10	1		1	3	17	
113	10	7	16	18	臺北市	南港區	南港區興中路86巷	25.0577705	121.6063871	0	0	1	2	6	7	5	14	9	1	4	4	5	13	4	4	10	5	5	2	14	4	2	1	3	1	8	1		1	3	7	
113	10	7	16	53	臺北市	松山區	松山區敦化北路4巷與南京東路3段256巷口	25.0502052	121.5446973	0	0	1	2	7	6	5	4	1	1	5	4	5	13	4	4	10	4	5	2	15	1	9	1	6	1	10	1		1	3	11	
113	10	7	17	8	臺北市	中山區	中山區新生高架道與新生高架道口往北、民族東路匝道旁	25.07037739	121.5279492	0	0	1	3	7	7	5	14	9	1	5	4	5	13	4	4	1	3	5	2	13	4	9	1	3	1	8	1		1	3	1	
113	10	7	17	10	臺北市	北投區	北投區溫泉路與溫泉路68巷口	25.135168	121.5047815	0	0	1	2	8	5	5	3	2	1	5	4	5	13	4	4	10	5	5	2	16	1	6	1	7	1	8	1		1	3	8	
113	10	7	17	12	臺北市	松山區	松山區民生東路5段與新中街口	25.0586952	121.5605436	0	0	1	2	6	5	5	4	1	1	4	4	5	13	2	1	1	3	5	2	15	1	9	1	3	1	8	1		1	3	8	
113	10	7	17	15	臺北市	萬華區	萬華區漢口街2段與昆明街口	25.0459603	121.5056279	0	0	2	2	8	7	5	4	1	1	5	4	5	13	1	1	10	3	5	2	16	1	5	1	5	1	10	1		2	2	14	
113	10	7	17	30	臺北市	北投區	北投區石牌路2段305號	25.121437	121.5230088	0	0	1	2	7	7	5	11	9	1	5	4	5	13	4	4	5	5	5	2	16	1	11	1	7	1	8	1		2	3	4	
113	10	7	17	32	臺北市	中山區	中山區復興北路56號	25.0500706	121.5438886	0	0	1	3	6	5	5	14	9	1	4	4	5	13	4	4	1	4	5	2	17	1	9	1	6	9	10	1		1	2	14	
113	10	7	17	33	臺北市	大同區	大同區寧夏路72號	25.0587424	121.51518	0	0	1	2	6	5	5	14	9	1	4	4	5	13	3	1	5	2	5	2	18	4	9	8	4	5	20	1		1	2	14	
113	10	7	17	59	臺北市	中山區	中山區中山北路2段65巷與林森北路口	25.05703705	121.5255044	0	0	2	3	7	5	5	4	2	1	3	4	5	13	4	4	5	5	5	2	17	4	5	1	3	2	8	1		1	3	8	
113	10	7	18	0	臺北市	中山區	中山區中山北路2段59巷與中山北路2段口	25.05580899	121.5228599	0	0	1	2	6	5	5	14	8	1	4	4	5	13	4	4	1	4	1	2	12	1	7	1	7	1	8	1		1	3	8	
113	10	7	18	0	臺北市	文山區	文山區和平東路4段公車亭萬芳社區站	25.0028503	121.5719668	0	0	2	3	6	5	5	14	9	1	4	5	4	12	4	4	10	5	5	2	18	1	9	1	5	9	10	1		1	2	12	
113	10	7	18	10	臺北市	南港區	南港區富康街13號	25.0539892	121.6173271	0	0	1	2	6	5	5	14	9	1	4	4	5	12	4	4	9	5	5	1	7	4	9	1	5	1	10	1		1	3	11	
113	10	7	18	15	臺北市	中正區	中正區中華路2段與愛國西路口	25.0368723	121.5068658	0	0	1	3	6	5	5	4	1	1	4	4	5	13	1	1	1	4	5	2	17	1	9	1	7	2	1	1		1	3	4	
113	10	7	18	20	臺北市	士林區	士林區中正路與百齡橋口往社子011路燈桿前	25.08900383	121.513142	0	0	2	2	6	5	5	14	7	1	4	4	5	13	4	4	10	4	4	2	13	1	9	1	6	1	10	1		2	2	11	
113	10	7	18	20	臺北市	大安區	大安區羅斯福路3段333巷與羅斯福路3段口	25.0169204	121.5323623	0	0	1	2	6	5	5	3	1	1	4	4	5	13	4	4	1	4	5	1	2	1	6	1	7	1	8	1		1	3	5	
113	10	7	18	45	臺北市	南港區	南港區松河街與南港路3段314巷口	25.0524099	121.5811489	0	0	1	2	6	5	5	3	18	1	4	4	5	13	2	1	5	4	5	2	3	1	1	1	5	1	9	1		1	3	11	
113	10	7	18	45	臺北市	士林區	士林區通河西街2段與堤外便道口	25.0917405	121.5106969	0	0	1	2	6	5	5	14	9	1	4	4	5	13	4	4	10	5	5	1	18	1	9	1	5	2	10	1		2	2	17	
113	10	7	18	50	臺北市	內湖區	內湖區成功路2段與成功路2段323巷口	25.0698558	121.5911065	0	0	1	2	6	5	5	14	9	1	4	4	5	13	1	1	1	5	5	2	12	1	7	1	7	2	8	1		1	3	8	
113	10	7	19	26	臺北市	中山區	中山區松江路259巷與錦州街242巷口	25.0595791	121.5337483	0	0	1	2	6	5	5	4	1	1	4	4	5	13	4	4	10	4	4	2	15	1	9	1	6	1	10	1		1	3	12	
113	10	7	19	43	臺北市	中山區	中山區林森北路南往北林森公園旁	25.05253315	121.5254646	0	0	1	2	6	5	5	14	9	1	4	4	5	13	4	4	1	4	5	2	18	1	9	1	6	1	10	1		1	2	17	
113	10	7	20	0	臺北市	大同區	大同區涼州街與寧夏路口	25.0609057	121.5143195	0	0	1	2	6	5	5	4	19	1	4	4	5	13	2	1	5	4	5	2	9	4	5	1	3	2	4	1		1	3	8	
113	10	7	20	0	臺北市	萬華區	萬華區和平西路3段28號	25.0342257	121.5041083	0	0	1	3	6	5	5	14	7	1	4	4	5	13	4	4	1	3	5	2	17	1	9	1	5	1	10	1		2	2	12	
113	10	7	20	17	臺北市	北投區	北投區榮華三路與天母西路100巷口	25.1137197	121.5252046	0	0	1	2	6	5	5	4	1	1	4	4	5	13	2	1	10	5	5	2	2	1	5	1	7	1	8	1		2	3	4	
113	10	7	21	41	臺北市	大安區	大安區信義路4段30巷與信義路4段30巷27弄口	25.0321031	121.5446187	0	0	1	2	6	5	5	4	1	1	4	4	3	10	4	4	10	5	5	2	15	1	9	1	5	1	10	1		1	2	11	
113	10	7	21	58	臺北市	松山區	松山區民權東路4段與光復北路口	25.0618371	121.554506	0	0	1	2	6	5	5	4	1	1	4	4	5	13	1	1	1	4	4	2	16	1	5	1	7	2	8	1		1	3	1	
113	10	7	22	10	臺北市	內湖區	內湖區金湖路與民權東路6段口	25.07342196	121.6051373	0	0	2	2	6	5	5	4	18	1	4	4	5	13	4	4	1	4	5	1	3	1	9	6	5	1	18	1		2	2	11	
113	10	7	22	21	臺北市	士林區	士林區忠誠路2段與德行東路口	25.1083499	121.5301651	0	0	1	2	6	5	5	4	1	1	4	4	5	13	2	1	1	2	5	2	16	1	9	1	6	1	10	1		2	2	14	
113	10	7	23	28	臺北市	中山區	中山區中山北路2段11巷與南京東路1段13巷口	25.0527567	121.5236427	0	0	2	2	6	5	5	4	1	1	4	4	5	13	4	4	10	5	5	2	15	1	9	1	6	1	10	1		1	2	14	
113	10	8	0	10	臺北市	北投區	北投區大度路1段與大業路口口	25.1216281	121.499484	0	0	1	2	7	5	5	5	2	1	4	4	5	13	2	1	1	4	5	2	17	1	15	1	6	2	10	1		2	2	11	
113	10	8	0	18	臺北市	大安區	大安區基隆路2段與光復南路口	25.0293107	121.5572926	0	0	1	2	6	5	5	4	2	1	4	4	5	13	2	1	2	4	5	1	16	4	6	1	3	2	4	1		1	3	4	
113	10	8	0	20	臺北市	內湖區	內湖區南京東路6段82號	25.05434219	121.5770114	0	0	2	2	6	5	5	14	9	1	4	4	5	13	1	1	1	5	5	1	9	1	9	1	5	2	10	1		2	2	11	
113	10	8	0	32	臺北市	萬華區	萬華區環河快速道路南向北（燈桿：0905276）	25.01946414	121.4929217	1	0	0	2	6	5	5	14	7	1	4	4	5	13	4	4	1	4	5	2	10	4	9	1	7	2	8	1		1	3	1	
113	10	8	0	35	臺北市	信義區	信義區基隆路1段與忠孝東路5段口	25.0408646	121.5644056	0	0	1	2	7	5	5	14	9	1	4	4	5	13	1	1	5	5	5	2	13	1	9	3	7	2	18	1		1	3	1	
113	10	8	7	39	臺北市	文山區	文山區忠順街1段與木新路3段310巷口口	24.9832335	121.5560234	0	0	1	2	6	6	5	3	2	1	4	4	5	13	2	1	10	5	5	1	17	4	14	1	3	1	8	1		2	3	2	
113	10	8	7	40	臺北市	北投區	北投區新民路60號	25.1399121	121.5096664	0	0	2	2	6	5	5	14	9	1	4	4	5	12	3	1	5	4	5	2	17	4	5	1	3	2	10	1		2	2	14	
113	10	8	7	43	臺北市	內湖區	內湖區環山路1段9巷與內湖路1段285巷口	25.0830381	121.5669406	0	0	1	2	6	6	5	3	1	1	4	4	4	8	4	4	10	5	5	1	17	1	9	1	5	1	10	1		2	2	14	
113	10	8	7	55	臺北市	中正區	中正區羅斯福路3段62號	25.0224891	121.5259708	0	0	1	2	6	7	5	14	9	1	4	4	5	13	1	1	2	4	5	2	13	1	9	1	6	1	10	1		1	3	11	
113	10	8	8	4	臺北市	松山區	松山區民權大橋東往西7510489燈桿	25.06338547	121.5669169	0	0	1	2	6	6	5	8	9	1	4	4	5	13	4	4	1	5	5	2	12	4	8	1	3	2	8	1		1	3	6	
113	10	8	8	10	臺北市	中正區	中正區廣州街與愛國西路42巷口口	25.0352927	121.5088844	0	0	1	2	6	6	5	3	1	1	4	4	5	13	4	4	5	5	5	1	17	1	5	1	7	1	8	1		2	3	8	
113	10	8	8	11	臺北市	中山區	中山區長春路306號	25.05480304	121.5396546	0	0	1	2	6	7	5	14	9	1	4	4	5	13	4	4	9	4	5	2	13	1	9	1	5	1	10	1		1	2	11	
113	10	8	8	17	臺北市	中正區	中正區忠孝東路2段與金山北路口	25.043158	121.5302299	0	0	1	2	6	5	5	5	2	1	4	4	5	13	1	1	1	4	5	2	17	1	9	1	6	2	10	1		1	2	14	
113	10	8	8	18	臺北市	文山區	文山區新光路2段與新光路2段74巷口口	24.9962459	121.5940922	0	0	1	2	6	7	5	3	2	1	4	4	5	13	4	4	5	5	5	2	16	1	6	1	7	1	8	1		2	3	2	
113	10	8	8	25	臺北市	北投區	北投區大度路機慢車道第048號燈桿前	25.1221902	121.4849069	0	0	2	2	6	6	7	14	12	1	4	4	5	13	4	4	1	4	1	1	13	1	9	1	5	1	10	1		1	2	11	