年	月	日	時	分	縣市	行政區	allLocation	GoogleLat	GoogleLng	死	2-30	受傷	當事人數	天候	道路照明設備	道路類別	道路型態	事故位置	路面狀況1	路面狀況2	路面狀況3	道路障礙1	道路障礙2	號誌1	號誌2	車道劃分-分向	車道劃分-分道1	車道劃分-分道2	車道劃分-分道3	事故類型及型態	行動電話	當事者行動狀態	駕駛資格情形	保護裝置	飲酒情形	駕駛執照種類	個人肇逃否	肇因碼-主要	性別	受傷程度	車輛撞擊部位1	車輛撞擊部位2
113	10	8	8	30	臺北市	萬華區	萬華區西園路2段與西園路2段225巷口	25.02833723	121.4953162	0	0	1	2	6	6	5	3	1	1	4	4	5	13	2	1	1	4	5	1	17	4	6	6	3	1	18	1		2	3	14	
113	10	8	8	47	臺北市	內湖區	內湖區堤頂大道2段與瑞光路316巷口	25.0752331	121.5720759	0	0	1	2	6	6	5	3	2	1	4	4	5	13	4	4	1	4	3	2	12	1	8	1	5	1	10	1		2	2	12	
113	10	8	8	52	臺北市	信義區	信義區基隆路1段與忠孝東路5段口口	25.0409009	121.5644609	0	0	2	3	6	7	5	4	1	1	4	4	5	13	2	1	3	4	3	2	13	1	9	1	6	1	10	1		2	2	14	
113	10	8	9	22	臺北市	中山區	中山區長安東路2段與吉林路口	25.0485603	121.5299908	0	0	1	2	6	7	5	4	1	1	4	4	5	13	1	1	5	4	5	2	16	1	5	1	5	1	10	1		2	2	14	
113	10	8	9	43	臺北市	士林區	士林區東山路25巷81弄(路燈072)	25.12178315	121.541409	0	0	1	2	6	6	5	14	9	1	4	4	5	13	4	4	10	5	5	1	12	1	9	1	5	1	10	1		1	2	13	
113	10	8	10	0	臺北市	中山區	中山區復興北路與復興北路190巷口	25.05535878	121.5440092	0	0	1	2	6	7	5	3	1	1	4	4	5	13	4	4	1	4	5	2	13	4	9	1	6	2	10	1		2	3	13	
113	10	8	10	0	臺北市	中山區	中山區新生北路3段56巷與林森北路口	25.0653554	121.5257356	0	0	1	3	6	7	5	4	1	1	4	4	5	13	4	4	9	4	5	2	17	1	9	1	5	1	10	1		1	2	14	
113	10	8	10	10	臺北市	大安區	大安區和平東路3段308巷15弄與臥龍街口	25.0185725	121.5563467	0	0	1	2	6	6	6	3	1	1	4	4	5	13	4	4	10	5	4	2	17	1	5	1	7	1	8	1		2	3	4	
113	10	8	10	10	臺北市	松山區	松山區基隆路1段與塔悠路口	25.0510638	121.5705078	0	0	1	2	6	7	5	4	1	1	4	4	5	13	2	1	1	4	5	2	16	1	6	1	7	11	8	1		1	3	2	
113	10	8	10	33	臺北市	大安區	大安區光復南路420巷與光復南路420巷1弄口	25.036463	121.5568996	0	0	1	2	7	5	5	5	2	1	4	4	5	13	4	4	8	3	5	1	15	1	9	1	6	1	10	1		1	2	11	
113	10	8	10	53	臺北市	中山區	中山區八德路2段與遼寧街口	25.04721933	121.5422852	0	0	1	2	6	6	5	4	1	1	4	4	5	13	2	1	4	5	5	1	17	4	6	1	3	1	8	1		2	3	6	
113	10	8	11	0	臺北市	中山區	中山區市民大道2段與中山北路1段口	25.0482248	121.5209602	0	0	1	2	6	7	5	14	9	1	4	4	5	13	4	4	1	4	5	2	12	1	7	1	7	1	8	1		1	3	7	
113	10	8	11	54	臺北市	中正區	中正區重慶南路1段86號	25.04321753	121.5131947	0	0	1	2	6	6	5	14	9	1	4	4	5	13	4	4	5	4	5	2	17	4	7	1	7	1	4	1		1	3	4	11
113	10	8	12	6	臺北市	北投區	北投區東華街2段252號	25.120614	121.5086735	0	0	1	2	6	6	5	14	9	1	4	4	5	13	4	4	1	4	5	1	16	1	6	1	5	1	10	1		2	3	12	
113	10	8	12	18	臺北市	萬華區	萬華區廣州街與西昌街口	25.0366632	121.5005592	0	0	1	2	6	6	5	4	1	1	4	4	5	13	4	4	9	4	5	1	3	1	5	1	7	1	4	1		1	3	8	
113	10	8	12	23	臺北市	文山區	文山區木新路2段211巷與木新路2段211巷6弄口口	24.9831802	121.5679905	0	0	2	2	7	6	5	4	1	1	4	4	5	13	4	4	10	5	5	1	15	1	9	1	6	2	10	1		2	2	11	
113	10	8	12	27	臺北市	中正區	中正區愛國西路與博愛路口	25.0354566	121.510747	0	0	1	2	6	7	5	4	1	1	4	4	5	13	1	1	5	4	1	2	15	1	9	1	7	1	8	1		2	3	2	
113	10	8	12	30	臺北市	北投區	北投區清江路與清江路25巷口	25.1314355	121.5019679	0	0	1	2	7	6	5	3	2	1	5	4	5	13	4	4	10	5	5	2	2	1	9	1	7	1	8	1		2	3	1	
113	10	8	12	41	臺北市	大同區	大同區民權西路與迪化街2段口	25.0633913	121.5093989	0	0	1	2	6	6	5	4	1	1	4	4	5	13	4	4	10	5	5	2	17	1	9	6	6	1	18	1		1	2	14	
113	10	8	12	41	臺北市	文山區	文山區保儀路與忠順街2段口口	24.9847609	121.5667476	0	0	1	2	6	6	5	4	1	1	4	4	5	13	2	1	5	5	5	2	16	1	5	1	7	1	8	1		1	3	5	
113	10	8	12	56	臺北市	萬華區	萬華區中華路1段與峨眉街口	25.0432504	121.5083888	0	0	1	3	6	7	5	3	1	1	4	4	5	13	4	4	1	5	5	2	17	1	15	1	7	1	8	1		1	3	15	
113	10	8	13	29	臺北市	信義區	信義區信義路5段7號	25.033057	121.5640573	0	0	1	2	6	6	5	14	9	1	4	4	5	13	4	4	1	4	5	1	17	1	1	1	5	2	10	1		1	3	13	
113	10	8	14	16	臺北市	信義區	信義區松仁路8號對面	25.039507	121.5688892	0	0	1	2	8	6	5	14	9	1	4	4	5	13	4	4	1	4	5	2	12	4	8	1	3	2	8	1		1	3	2	
113	10	8	14	28	臺北市	士林區	士林區德行西路135號	25.1035122	121.5199235	0	0	1	2	6	6	5	14	9	1	4	4	5	13	4	4	5	5	5	2	9	1	9	1	5	1	10	1		1	3	11	
113	10	8	14	58	臺北市	萬華區	萬華區康定路22號	25.04522195	121.5030515	0	0	1	2	6	6	5	14	9	1	4	4	5	13	4	4	5	2	5	2	17	1	5	1	7	1	4	1		1	3	4	
113	10	8	15	0	臺北市	北投區	北投區大度路往淡水No.1208634燈桿	25.1226536	121.4773463	0	0	2	3	7	7	5	14	12	1	5	4	5	13	4	4	1	4	3	1	17	1	9	1	6	1	10	1		2	2	11	
113	10	8	15	15	臺北市	信義區	信義區松高路與松仁路口	25.0390801	121.5684735	0	0	1	2	6	6	5	4	1	1	4	4	5	13	2	1	9	5	5	2	16	4	5	1	5	1	10	1		2	2	14	11
113	10	8	15	24	臺北市	松山區	松山區民生東路5段119號	25.0588539	121.5605277	0	0	1	2	6	7	5	14	9	1	4	4	5	13	4	4	5	4	5	2	17	4	6	3	5	1	18	1		1	3	17	
113	10	8	15	40	臺北市	松山區	松山區延壽街與延壽街72巷口	25.05701	121.5653774	0	0	1	2	6	5	5	3	1	1	4	4	5	13	4	4	8	3	5	2	16	4	5	1	3	1	8	1		1	3	4	
113	10	8	16	28	臺北市	中正區	中正區忠孝東路1段39號前	25.0443892	121.5254458	0	0	1	2	6	5	5	14	9	1	4	4	5	13	2	1	9	4	4	1	17	1	7	1	7	9	8	1		1	3	17	
113	10	8	16	40	臺北市	內湖區	內湖區潭美街與安美街口	25.0610484	121.6028144	0	0	1	2	6	6	5	3	1	1	4	4	5	13	3	1	5	5	5	2	16	1	6	1	7	1	8	1		1	3	8	
113	10	8	16	43	臺北市	大安區	大安區忠孝東路4段與忠孝東路口側附近4段216巷口	25.0414108	121.5529575	0	0	1	2	8	6	5	4	1	1	5	4	5	13	1	1	10	5	5	2	17	1	5	1	6	1	10	1		2	2	14	
113	10	8	17	0	臺北市	信義區	信義區林口街與林口街114巷口	25.0400214	121.5802688	0	0	1	2	6	6	5	4	1	1	4	4	5	13	1	1	5	4	4	2	17	4	5	1	3	2	8	1		1	3	4	
113	10	8	17	4	臺北市	南港區	南港區市民大道7段與中坡北路口	25.0495432	121.5802493	0	0	1	2	6	5	5	4	1	1	4	4	5	13	1	1	8	3	5	2	16	4	6	1	3	1	8	2		1	3	2	
113	10	8	17	15	臺北市	中山區	大同區承德路2段與民權西路口	25.0629751	121.5180313	0	0	1	3	8	7	5	4	2	1	5	4	5	13	1	1	1	4	5	2	9	4	21	7	3	1	19	2		1	4	15	
113	10	8	17	26	臺北市	南港區	南港區南港路1段263號	25.0547719	121.6091801	0	0	1	3	6	6	5	14	9	1	4	4	5	13	4	4	4	3	5	2	12	4	9	1	3	2	2	1		1	3	2	
113	10	8	17	39	臺北市	內湖區	內湖區行善路與新湖一路339巷口	25.06271996	121.584661	0	0	1	2	6	5	5	4	2	1	4	4	5	13	2	1	1	4	5	2	17	1	5	3	2	1	18	1		2	3	6	
113	10	8	17	46	臺北市	萬華區	萬華區環河南路2段149巷7號	25.0337101	121.4932445	0	0	1	2	7	5	5	14	9	1	4	4	5	13	4	4	10	5	5	2	17	4	9	8	4	9	20	1		1	2	12	
113	10	8	18	20	臺北市	南港區	南港區松河街與重陽路203巷口	25.0583325	121.6001965	0	0	1	3	6	5	5	4	1	1	4	4	5	13	4	4	5	4	5	2	16	4	5	1	3	1	4	1		1	3	2	
113	10	8	18	23	臺北市	大安區	大安區仁愛路3段與建國南路1段口口	25.0379072	121.5372898	0	0	1	2	6	5	5	4	2	1	4	4	5	13	2	1	1	4	5	2	12	4	9	1	3	1	8	1		1	3	4	
113	10	8	18	40	臺北市	中正區	中正區林森南路與濟南路1段口	25.04253302	121.5226472	0	0	1	2	8	5	5	4	2	1	5	4	5	13	2	1	5	4	5	2	12	1	9	1	5	2	10	1		2	3	12	
113	10	8	19	3	臺北市	信義區	信義區富陽街41號	25.0226505	121.5563593	0	0	1	2	6	5	5	14	9	1	4	4	5	13	4	4	9	4	5	2	29	1	15	1	5	1	10	1		1	3	17	
113	10	8	19	11	臺北市	大同區	大同區歸綏街181號	25.0582004	121.513227	0	0	2	2	6	5	5	14	9	1	4	4	5	13	4	4	5	5	5	2	16	1	5	1	6	2	10	1		1	2	14	
113	10	8	19	27	臺北市	北投區	北投區大業路527巷151號與大業路527巷口高架便道	25.1327689	121.4759783	0	0	1	2	8	5	5	3	1	1	4	4	5	13	4	4	5	5	5	2	18	1	6	1	5	9	10	1		1	2	12	
113	10	8	19	44	臺北市	信義區	信義區市民大道6段與松信路口	25.0493453	121.5722159	0	0	1	2	6	5	5	4	1	1	4	4	5	13	2	1	9	4	5	2	17	1	9	1	7	1	4	1		1	3	2	
113	10	8	20	26	臺北市	松山區	松山區市民大道4段與敦化南路1段口	25.0449464	121.5491773	0	0	1	2	7	5	5	4	1	1	5	4	5	13	2	1	1	4	5	2	16	1	6	1	7	2	4	1		1	3	6	
113	10	8	20	34	臺北市	內湖區	內湖區南京東路6段(西向東往新明路298巷)	25.0558276	121.5793243	0	0	1	2	6	5	5	14	9	1	4	4	5	13	4	4	1	4	5	2	12	1	14	1	7	11	8	2		1	4	2	
113	10	8	21	0	臺北市	士林區	士林區中正路與基河路口	25.0933587	121.5198627	0	0	2	2	6	5	5	4	2	1	4	4	5	13	1	1	10	4	5	1	17	1	9	1	6	1	10	1		1	2	11	
113	10	8	21	23	臺北市	文山區	文山區忠順街2段與忠順街2段90巷口	24.98502112	121.5658304	0	0	1	2	7	5	5	3	1	1	4	4	5	13	4	4	10	5	5	2	17	4	5	1	3	2	4	1		1	3	8	
113	10	8	21	50	臺北市	中山區	中山區南京東路2段115巷與松江路133巷口	25.0543294	121.5336349	0	0	2	2	7	5	5	4	1	1	4	4	5	13	4	4	10	5	5	2	15	1	9	1	6	1	10	1		1	2	11	
113	10	8	22	18	臺北市	中山區	中山區市民大道3段與八德路2段210巷口	25.0448282	121.5395084	0	0	1	2	7	5	5	3	1	1	4	4	5	13	1	1	1	4	5	2	16	4	6	1	3	1	8	1		1	3	6	
113	10	8	23	5	臺北市	士林區	士林區天母東路8巷與忠誠路2段140巷口	25.1155656	121.5309881	0	0	2	2	6	6	5	3	2	1	4	4	5	13	4	4	10	5	5	1	3	1	9	1	5	2	10	1		1	2	11	
113	10	9	5	39	臺北市	松山區	松山區塔悠路81號	25.051623	121.5704309	0	0	2	3	6	5	5	22	9	1	4	4	5	13	2	1	1	4	5	2	23	1	9	1	6	2	10	1		1	2	11	
113	10	9	6	30	臺北市	中正區	中正區青島東路與鎮江街口	25.04416722	121.5208732	0	0	1	2	7	5	5	4	2	1	4	4	3	10	2	1	5	2	4	2	17	1	1	1	7	2	2	1		1	3	8	
113	10	9	6	59	臺北市	信義區	信義區光復南路與光復南路415巷口口	25.0372482	121.5576917	0	0	1	2	7	7	5	3	2	1	4	4	5	13	4	4	10	5	5	2	16	1	6	8	4	1	20	1		1	3	11	
113	10	9	7	7	臺北市	內湖區	內湖區港墘路與港華街口	25.0826667	121.5784405	0	0	1	2	6	5	5	4	1	1	4	4	5	13	2	1	1	4	5	2	16	1	5	1	7	2	8	1		1	3	15	
113	10	9	7	10	臺北市	文山區	文山區辛亥路7段與寶橋口	24.9803495	121.5541199	0	0	1	2	7	6	5	11	9	1	4	4	5	13	1	1	1	5	5	2	18	1	5	1	5	1	10	1		1	2	12	
113	10	9	7	19	臺北市	士林區	士林區天母東路105巷35號對面	25.11972093	121.5357961	0	0	1	2	6	6	5	11	9	1	4	4	5	13	4	4	10	5	5	1	9	1	9	1	7	11	8	2		1	3	2	
113	10	9	7	45	臺北市	大安區	大安區基隆路4段43號	25.013742	121.5403634	0	0	1	2	6	6	5	14	9	1	4	4	5	13	2	1	1	4	4	2	13	1	1	1	5	1	10	1		2	3	11	
113	10	9	7	53	臺北市	文山區	文山區羅斯福路6段與羅斯福路6段455巷口口	24.990125	121.539799	0	0	1	2	7	6	5	4	1	1	4	4	5	13	2	1	1	4	5	2	13	1	9	1	6	1	10	1		2	2	11	
113	10	9	7	57	臺北市	萬華區	萬華區柳州街與桂林路口	25.03847813	121.4985872	0	0	2	2	7	6	5	4	1	1	4	4	5	13	2	1	5	4	5	1	17	4	9	1	3	6	10	1		1	2	12	
113	10	9	8	2	臺北市	士林區	士林區忠誠路2段與忠誠路2段50巷口	25.1107095	121.5305626	0	0	1	2	7	7	5	3	1	1	5	4	5	13	2	1	1	4	4	1	17	1	5	1	7	2	8	1		1	3	5	
113	10	9	8	4	臺北市	萬華區	萬華區桂林路228巷11弄13號	25.0384532	121.4954916	0	0	1	2	7	6	8	22	22	1	4	4	5	13	1	1	1	4	5	1	17	4	11	1	3	1	8	1		1	3	4	
113	10	9	8	15	臺北市	大同區	大同區承德路1段67號	25.0518327	121.5173961	0	0	1	2	7	5	5	14	9	1	5	4	5	13	1	1	9	4	5	1	16	4	7	1	3	1	10	1		1	2	14	
113	10	9	8	18	臺北市	大同區	大同區延平北路3段18巷與延平北路3段口	25.064679	121.5112073	0	0	1	2	7	6	5	4	1	1	5	4	5	13	4	4	5	2	5	2	17	4	9	1	5	1	10	1		1	2	12	
113	10	9	8	35	臺北市	北投區	北投區立農街1段與公館路423巷口	25.1200485	121.5037445	0	0	1	2	7	6	5	4	1	1	5	4	5	13	3	1	10	5	5	1	3	1	9	1	6	1	10	1		2	3	11	
113	10	9	8	37	臺北市	松山區	松山區南京東路5段88號	25.0514128	121.5612898	0	0	2	3	7	6	5	14	7	1	4	4	5	13	4	4	8	3	4	2	17	1	9	1	5	1	10	1		1	2	14	
113	10	9	9	48	臺北市	中山區	中山區興安街與興安街80巷口	25.0560997	121.5414679	0	0	2	2	7	7	5	3	1	1	5	4	5	13	4	4	10	5	5	2	16	1	5	1	6	1	10	1		2	2	11	
113	10	9	9	52	臺北市	中正區	中正區南海路與泉州街口口	25.0316816	121.5141109	0	0	1	2	7	6	5	3	1	1	4	4	5	13	3	1	10	4	5	1	17	1	1	1	7	2	8	1		1	3	8	
113	10	9	10	8	臺北市	中山區	中山區民權東路1段與林森北路口	25.06306281	121.5255848	0	0	1	2	7	7	5	4	2	1	5	4	5	13	4	4	1	4	5	2	13	1	9	1	5	9	10	1		1	2	11	
113	10	9	10	13	臺北市	大安區	大安區和平東路2段94號	25.02509935	121.5406006	0	0	1	2	7	6	5	14	8	1	4	4	5	13	4	4	1	4	4	2	17	1	9	1	6	2	10	1		2	2	12	
113	10	9	10	18	臺北市	大同區	大同區南京西路25巷32號	25.0573725	121.5205426	0	0	1	2	7	6	5	14	9	1	5	4	5	13	4	4	10	5	5	2	9	4	9	1	5	1	10	1		2	3	14	
113	10	9	10	22	臺北市	北投區	北投區石牌路2段133巷與立農街2段口	25.11799023	121.5169304	0	0	1	2	7	6	5	4	2	1	5	4	5	13	1	1	5	4	5	1	17	1	7	1	5	1	10	1		1	3	11	
113	10	9	10	31	臺北市	大安區	大安區和平東路2段265巷與復興南路2段171巷口口	25.0277184	121.5440812	0	0	1	2	7	6	5	4	1	1	5	4	5	13	4	4	10	5	5	2	15	1	9	1	5	1	10	1		1	2	12	
113	10	9	11	40	臺北市	士林區	士林區至誠路1段與雨聲街口	25.1012963	121.5333446	0	0	1	2	7	7	5	4	1	1	5	4	5	13	3	1	5	5	5	2	17	1	9	1	6	1	10	1		2	2	11	
113	10	9	11	42	臺北市	中山區	中山區民族東路與松江路口	25.0681824	121.5326352	0	0	1	2	7	7	5	3	1	1	5	4	5	13	4	4	1	4	5	2	16	1	6	1	7	1	8	1		1	3	5	
113	10	9	12	21	臺北市	內湖區	內湖區文湖街與文湖街81巷口	25.08653066	121.5640773	0	0	1	2	8	6	5	4	2	1	5	4	5	13	2	1	5	5	5	2	17	1	9	1	6	1	10	1		2	2	11	
113	10	9	12	35	臺北市	大同區	大同區永昌街21號	25.0554959	121.5101748	0	0	1	4	8	6	5	14	9	1	5	4	5	13	4	4	9	4	5	2	17	1	9	1	7	2	8	1		2	3	1	
113	10	9	12	38	臺北市	大安區	大安區復興南路1段與大安路1段116巷口	25.0396343	121.5437992	0	0	1	2	7	7	5	4	2	1	5	4	5	13	2	1	8	3	5	1	12	1	12	1	5	1	10	1		1	2	11	
113	10	9	12	49	臺北市	大安區	大安區忠孝東路4段46號	25.0415018	121.5444783	0	0	1	2	8	5	5	14	9	1	5	4	5	13	4	4	3	3	5	2	13	1	9	1	7	1	4	1		1	3	7	
113	10	9	12	58	臺北市	中正區	中正區羅斯福路3段316巷與汀州路3段口	25.0155249	121.5321965	0	0	2	2	8	7	5	5	1	1	5	4	5	13	4	4	10	5	5	2	3	1	9	1	5	1	10	1		2	2	11	
113	10	9	12	58	臺北市	中正區	中正區重慶南路2段與愛國西路口	25.0349959	121.5124344	0	0	1	2	7	7	5	4	1	1	5	4	5	13	1	1	1	4	5	2	13	1	6	1	6	2	10	1		2	2	12	
113	10	9	13	22	臺北市	松山區	松山區健康路50號	25.053381	121.5531562	0	0	1	2	7	5	5	14	9	1	5	4	5	13	2	1	5	4	5	2	17	4	9	1	3	2	8	1		1	3	1	
113	10	9	13	26	臺北市	松山區	松山區市民大道6段與松山路口口	25.0495363	121.5778772	0	0	2	2	7	7	5	4	1	1	5	4	5	13	2	1	1	4	5	2	16	1	6	1	6	2	10	1		1	2	12	
113	10	9	13	40	臺北市	士林區	士林區福華路與福華路157巷口	25.10406461	121.5223307	0	0	2	2	7	7	5	14	9	1	5	4	5	13	4	4	10	5	5	1	3	1	9	1	5	1	10	1		1	2	11	
113	10	9	14	59	臺北市	中山區	中山區中山北路2段77巷20號與民生東路1段52巷口	25.057375	121.5240231	0	0	2	2	8	6	5	3	2	1	5	4	5	13	4	4	10	5	5	2	10	4	4	1	5	1	10	1		1	2	11	
113	10	9	15	24	臺北市	文山區	文山區木柵路1段111號	24.98713777	121.5480958	0	0	1	2	6	6	5	14	9	1	4	4	5	13	4	4	5	4	5	2	17	4	1	1	5	2	10	1		2	3	17	
113	10	9	15	45	臺北市	中山區	中山區明水路與樂群二路口	25.0799474	121.5521478	0	0	1	2	8	6	5	4	1	1	5	4	5	13	1	1	1	4	1	2	16	1	5	1	7	2	4	1		1	3	6	
113	10	9	16	0	臺北市	大安區	大安區羅斯福路3段與浦城街口	25.0223061	121.5265015	0	0	1	2	7	6	5	14	9	1	4	4	5	13	2	1	10	5	5	2	13	1	9	8	4	1	20	1		1	3	11	
113	10	9	16	15	臺北市	士林區	士林區中正路與基河路口	25.0932732	121.5197649	0	0	2	3	7	5	5	4	2	1	5	4	5	13	2	1	1	4	4	2	17	1	5	1	6	1	10	1		1	2	12	
113	10	9	16	31	臺北市	中山區	中山區中山北路1段與民生東路2段口	25.0579501	121.52274	0	0	1	3	7	6	5	4	2	1	5	4	5	13	2	1	9	4	5	2	12	1	9	1	7	1	8	1		1	3	6	
113	10	9	16	49	臺北市	北投區	北投區大業路與大同街口	25.1369556	121.4990814	0	0	2	2	7	6	5	14	9	1	5	4	5	13	1	1	9	4	5	2	16	1	5	8	4	1	20	1		2	2	14	
113	10	9	16	50	臺北市	北投區	北投區承德路7段與承德路7段393巷口	25.1194355	121.5013929	0	0	2	3	8	6	5	4	1	1	5	4	5	13	1	1	10	5	5	2	17	1	5	1	7	2	8	1		2	3	2	
113	10	9	16	57	臺北市	內湖區	內湖區民權東路6段56巷加油站出口	25.0684794	121.5846605	0	0	1	2	7	6	5	14	9	1	5	4	5	13	4	4	10	5	5	2	17	1	1	1	5	1	10	1		2	2	12	
113	10	9	17	20	臺北市	大同區	大同區長安西路與西寧北路口	25.0518883	121.5084244	0	0	1	2	7	6	5	4	1	1	5	4	5	13	2	1	5	4	5	2	17	4	5	1	3	1	8	1		1	3	1	
113	10	9	17	44	臺北市	中山區	中山區中山北路1段33巷6號	25.04875568	121.5217779	0	0	3	3	8	5	5	14	9	1	5	4	5	13	4	4	10	5	5	2	3	5	18	8	4	10	20	1		1	2	16	
113	10	9	17	45	臺北市	大同區	大同區承德路3段297號與敦煌路口	25.0747766	121.5201365	0	0	2	2	8	6	5	14	9	1	5	4	5	13	4	4	9	4	5	1	13	4	9	1	3	1	10	1		1	2	11	
113	10	9	18	20	臺北市	士林區	士林區德行東路109巷與士東路120巷20弄口	25.1115856	121.5288588	0	0	2	2	8	5	5	4	1	1	5	4	5	13	4	4	4	5	5	1	9	1	9	1	5	1	10	1		1	2	11	
113	10	9	18	34	臺北市	大同區	大同區民族西路65號	25.0685739	121.5187007	0	0	1	2	7	5	5	14	9	1	5	4	5	13	4	4	5	4	5	2	12	4	9	1	3	1	10	1		2	2	14	
113	10	9	18	48	臺北市	北投區	北投區承德路7段與吉利街口	25.11801039	121.5032874	0	0	2	2	8	5	5	14	9	1	5	4	5	13	4	4	9	4	4	2	13	1	6	1	5	1	10	1		1	2	13	
113	10	9	19	32	臺北市	松山區	松山區八德路4段245巷32弄84號	25.04875659	121.5628178	0	0	1	2	7	5	5	14	9	1	5	4	5	13	4	4	5	5	5	2	16	4	1	1	3	1	8	1		1	3	8	
113	10	9	19	40	臺北市	中正區	中正區汀州路2段與廈門街口	25.0254082	121.517341	0	0	1	3	7	5	5	4	2	1	5	4	5	13	1	1	5	4	5	2	17	1	9	1	5	1	10	1		1	2	14	
113	10	9	20	20	臺北市	中正區	中正區泉州街與詔安街口	25.0252848	121.5132228	0	0	1	2	8	5	5	4	1	1	5	4	5	13	1	1	5	4	4	2	17	1	15	1	5	2	10	1		1	2	12	
113	10	9	20	37	臺北市	大同區	大同區長安西路與塔城街口	25.0519417	121.5103975	0	0	1	2	8	5	5	5	18	1	5	4	5	13	1	1	5	5	5	2	3	1	5	1	7	2	8	1		1	3	8	
113	10	9	21	6	臺北市	大同區	大同區大稻埕堤外便道與五號水門停車場口口	25.0564851	121.507937	0	0	1	2	8	5	5	3	1	1	5	4	5	13	4	4	10	5	5	2	16	1	6	1	7	2	8	1		1	3	5	
113	10	9	21	7	臺北市	信義區	信義區仁愛路4段與逸仙路口	25.0376949	121.5615625	0	0	1	2	8	5	5	4	1	1	5	4	5	13	2	1	9	4	5	2	17	1	6	1	7	1	4	1		1	3	2	
113	10	9	21	13	臺北市	大同區	大同區民生西路245號	25.0570636	121.5149465	0	0	1	2	8	5	5	14	9	1	5	4	5	13	4	4	5	5	5	2	13	1	9	1	6	2	10	1		2	2	11	
113	10	9	21	40	臺北市	北投區	北投區吉利街343號	25.11783825	121.5119893	0	0	1	2	8	5	5	14	9	1	5	4	5	13	4	4	10	5	5	2	11	1	9	1	5	1	10	1		1	3	11	
113	10	9	21	47	臺北市	松山區	松山區復興北路地下道南往北(機車慢行標牌前)	25.06922642	121.5443652	0	0	1	2	7	5	5	7	9	1	5	4	5	13	4	4	1	2	5	2	13	4	9	1	6	2	10	1		2	2	11	
113	10	9	22	25	臺北市	中正區	中正區延平南路與中華路1段95巷口	25.0375103	121.5082168	0	0	1	2	8	5	5	3	1	1	5	4	5	13	4	4	9	5	5	1	16	1	5	1	6	2	8	1		2	2	11	
113	10	9	23	21	臺北市	中山區	中山區市民大道2段與長安東路1段30巷口	25.0476987	121.5241945	0	0	1	2	7	5	5	3	1	1	5	4	5	13	1	1	1	4	5	2	13	4	9	1	3	2	10	1		2	2	11	
113	10	10	0	10	臺北市	內湖區	內湖區康寧路3段與康寧路3段165巷口口	25.07063998	121.611317	0	0	2	2	7	5	5	4	1	1	5	4	5	13	2	1	1	4	5	2	16	1	5	1	5	1	10	1		1	2	12	
113	10	10	2	34	臺北市	松山區	松山區民權東路5段與撫遠街口	25.0633045	121.5661002	0	0	1	2	7	5	5	4	1	1	5	4	5	13	1	1	9	4	4	2	3	1	9	1	7	2	8	1		1	3	8	
113	10	10	4	30	臺北市	文山區	文山區秀明路1段201號對面	24.9916322	121.5697424	0	0	1	2	7	5	5	14	9	1	5	4	5	13	1	1	1	4	5	2	18	1	9	8	4	7	20	1		1	2	17	
113	10	10	6	34	臺北市	萬華區	萬華區青年路與西藏路125巷口	25.02521009	121.5037809	0	0	2	2	8	5	8	3	1	1	5	4	5	13	1	1	10	5	5	2	17	4	9	1	3	1	10	1		1	2	11	
113	10	10	7	5	臺北市	中山區	中山區中山北路3段與農安街口	25.064909	121.5223733	0	0	4	5	8	7	5	4	2	1	5	4	5	13	2	1	1	4	5	2	13	1	9	1	6	1	10	1		2	2	11	
113	10	10	8	51	臺北市	文山區	文山區老泉街45巷(0701881燈桿)	24.97181281	121.5738528	0	0	1	2	8	6	5	14	9	2	5	4	5	13	4	4	10	5	5	2	18	4	9	8	4	9	20	1		1	2	11	
113	10	10	9	19	臺北市	萬華區	萬華區艋舺大道43號前	25.0338537	121.50429	0	0	1	2	8	5	8	22	22	1	5	4	5	13	1	1	10	5	5	2	17	4	9	1	3	1	10	1		1	2	11	
113	10	10	9	22	臺北市	南港區	南港區重陽路316號	25.0579081	121.6056855	0	0	1	2	7	6	5	14	7	1	5	4	5	13	4	4	5	4	4	2	12	1	15	1	7	2	8	1		1	3	4	
113	10	10	10	2	臺北市	大同區	大同區重慶北路2段與南京西路口	25.0540441	121.5143893	0	0	1	2	8	6	5	4	1	1	5	4	5	13	2	1	9	4	5	2	16	1	5	1	5	1	10	1		1	2	14	
113	10	10	10	31	臺北市	士林區	士林區忠誠路2段與德行東路口	25.1084722	121.5304689	0	0	1	2	7	6	5	4	1	1	5	4	1	13	1	1	5	5	5	2	17	1	5	1	6	2	10	1		1	3	12	
113	10	10	10	34	臺北市	信義區	信義區松壽路2號	25.0358874	121.5627425	0	0	1	2	7	6	5	14	9	1	5	4	5	13	4	4	8	3	5	2	13	4	9	1	3	2	8	1		1	3	1	
113	10	10	11	24	臺北市	大同區	大同區延平北路4段與延平北路4段282巷口	25.0768866	121.5121308	0	0	1	2	8	5	5	5	2	1	5	4	5	13	2	1	5	4	5	2	17	4	11	1	3	2	4	1		1	3	4	
113	10	10	11	28	臺北市	南港區	南港區忠孝東路6段412號	25.0500334	121.593104	0	0	1	2	7	7	5	22	25	4	5	4	5	13	4	4	10	5	5	2	9	1	9	6	5	2	18	1		1	3	11	