年	月	日	時	分	縣市	行政區	allLocation	GoogleLat	GoogleLng	死	2-30	受傷	當事人數	天候	道路照明設備	道路類別	道路型態	事故位置	路面狀況1	路面狀況2	路面狀況3	道路障礙1	道路障礙2	號誌1	號誌2	車道劃分-分向	車道劃分-分道1	車道劃分-分道2	車道劃分-分道3	事故類型及型態	行動電話	當事者行動狀態	駕駛資格情形	保護裝置	飲酒情形	駕駛執照種類	個人肇逃否	肇因碼-主要	性別	受傷程度	車輛撞擊部位1	車輛撞擊部位2
113	10	10	11	42	臺北市	士林區	士林區承德路5段與基河路口口	25.09828482	121.514931	0	0	1	2	7	6	5	4	1	1	5	4	5	13	2	1	1	4	5	2	16	1	6	1	7	1	8	1		1	3	2	
113	10	10	11	51	臺北市	信義區	信義區基隆路2段與信義路5段口	25.0329876	121.5596533	0	0	1	2	7	6	5	4	1	1	5	4	5	13	2	1	8	3	5	2	17	4	6	1	3	1	8	1		1	3	2	
113	10	10	13	5	臺北市	萬華區	萬華區西寧南路與開封街2段口	25.0465657	121.5070389	0	0	1	2	8	5	8	22	22	1	5	4	5	13	1	1	10	5	5	2	17	4	15	1	3	2	4	1		1	3	2	
113	10	10	13	17	臺北市	萬華區	萬華區西昌街與貴陽街2段口	25.0401426	121.5007186	0	0	1	2	7	7	5	4	1	1	5	4	5	13	1	1	9	4	5	2	16	1	5	1	7	1	4	1		1	3	1	
113	10	10	13	52	臺北市	南港區	南港區中坡北路50巷19號與永吉路553巷口(0402459燈桿)	25.0465271	121.5816215	0	0	1	2	7	6	5	3	2	1	5	4	5	13	4	4	10	5	5	2	15	1	9	1	7	2	8	1		1	3	8	
113	10	10	14	5	臺北市	士林區	士林區中正路與延平北路6段口	25.08718219	121.5091243	0	0	1	2	7	6	5	4	1	1	5	4	5	13	2	1	5	4	5	2	3	1	6	1	7	1	8	1		1	3	5	
113	10	10	15	12	臺北市	萬華區	萬華區峨眉街與環河南路1段口	25.0447644	121.5015228	0	0	2	2	8	6	5	3	1	1	5	4	5	13	4	4	5	4	5	2	17	1	6	1	7	1	8	1		1	2	2	
113	10	10	15	21	臺北市	中正區	中正區思源街16號對面	25.0137001	121.5299532	0	0	1	3	8	6	8	22	22	1	5	4	5	13	1	1	3	5	5	2	13	4	9	1	3	2	4	1		1	3	1	
113	10	10	16	5	臺北市	中正區	中正區重慶南路1段與漢口街1段口	25.0451783	121.5132463	0	0	1	3	7	6	5	4	2	1	5	4	5	13	1	1	10	5	5	2	16	1	5	1	5	1	10	1		1	3	14	
113	10	10	16	15	臺北市	松山區	松山區南京東路5段225號	25.0515531	121.5644675	0	0	1	2	7	6	5	14	20	4	5	4	5	13	4	4	10	5	5	2	18	1	9	8	4	1	20	1		1	2	12	
113	10	10	16	20	臺北市	大同區	大同區台北橋機慢車道282525燈桿	25.0634967	121.5086657	0	0	2	3	7	6	5	14	9	1	5	4	5	13	4	4	5	4	5	2	17	1	9	1	6	1	10	1		2	2	12	
113	10	10	17	7	臺北市	大同區	大同區錦西街與民權西路102巷口	25.0602228	121.517615	0	0	1	2	8	5	5	3	1	1	5	4	5	13	4	4	9	4	5	2	8	1	5	1	7	2	7	1		1	3	8	
113	10	10	17	9	臺北市	萬華區	萬華區大理街160巷23弄與雙園街89巷口	25.0323501	121.4928907	0	0	2	3	7	6	5	3	1	1	5	4	3	13	4	4	5	4	5	2	17	1	5	1	6	2	10	1		1	2	11	14
113	10	10	17	30	臺北市	南港區	河濱自行車道(南湖大橋下)	25.0629226	121.612707	0	0	1	2	8	5	8	22	22	1	5	4	5	13	4	4	10	5	5	2	17	1	11	8	4	1	20	1		1	3	17	
113	10	10	17	35	臺北市	中正區	中正區濟南路1段321號130號停車格	25.0416501	121.5256863	0	0	2	4	8	7	5	14	8	1	5	4	5	13	4	4	8	3	4	2	16	1	6	1	7	2	8	1		1	3	5	
113	10	10	17	40	臺北市	中山區	中山區中山北路2段41號與中山北路2段口	25.05425452	121.5233396	0	0	1	2	8	5	8	22	22	4	5	4	5	13	4	4	10	5	5	2	17	1	9	1	7	1	4	1		1	3	1	
113	10	10	18	17	臺北市	中山區	中山區民生西路66巷與民生西路口	25.0590577	121.520895	0	0	1	2	8	6	5	4	1	1	5	4	5	13	1	1	5	4	5	2	14	4	2	1	3	1	8	1		1	3	3	
113	10	10	18	30	臺北市	中山區	中山區林森北路與民權東路1段口	25.06280509	121.5257013	0	0	3	3	8	5	5	4	1	1	5	4	5	13	1	1	3	4	5	2	12	1	9	1	6	1	10	1		1	2	14	
113	10	10	18	32	臺北市	信義區	信義區永吉路120巷與松隆路口	25.0453142	121.5703336	0	0	1	2	8	5	5	5	1	1	5	4	5	13	1	1	5	5	5	2	17	4	6	1	3	1	10	1		1	2	11	
113	10	10	18	34	臺北市	信義區	信義區和平東路3段341巷與和平東路3段口	25.020657	121.5566143	0	0	2	2	7	5	5	5	1	1	5	4	5	13	1	1	9	4	5	2	10	1	9	1	5	1	11	1		1	2	11	
113	10	10	18	54	臺北市	士林區	士林區延平北路7段106巷與延平北路7段口	25.09655134	121.4975109	0	0	2	2	8	5	5	3	2	1	5	4	5	13	4	4	9	5	5	1	15	1	9	1	5	1	10	1		1	2	11	
113	10	10	19	1	臺北市	大同區	大同區重慶北路3段279號	25.07359913	121.5137086	0	0	3	3	8	5	5	14	9	1	5	4	5	13	4	4	1	4	5	2	13	1	9	1	7	2	4	1		1	2	1	
113	10	10	21	14	臺北市	中正區	中正區和平西路2段與中華路2段口	25.0334112	121.5053738	0	0	1	3	8	5	5	4	1	1	5	4	5	13	1	1	1	4	5	2	15	1	9	1	5	2	10	1		1	2	11	
113	10	10	21	35	臺北市	大同區	大同區環河北路1段與忠孝西路2段口	25.04903383	121.5061383	0	0	2	3	8	5	5	5	1	1	5	4	5	13	1	1	5	5	5	2	13	1	9	1	6	2	10	1		2	2	11	
113	10	10	22	6	臺北市	文山區	文山區興隆路3段與興隆路3段304巷口	24.9926644	121.5587377	0	0	1	2	8	5	5	4	1	1	5	4	5	13	2	1	1	4	5	2	16	1	11	1	7	2	3	1		1	3	2	
113	10	10	22	15	臺北市	南港區	南港區南港路1段與東南街口	25.0553029	121.6124815	0	0	2	2	7	5	5	4	2	1	5	4	5	13	1	1	5	4	5	2	15	1	9	1	6	1	9	1		1	2	11	
113	10	11	0	6	臺北市	萬華區	萬華區萬大路與艋舺大道口	25.03526702	121.5074617	0	0	2	2	7	5	5	4	1	1	5	4	5	13	1	1	3	3	5	2	15	4	9	8	4	1	20	1		1	2	12	
113	10	11	1	16	臺北市	松山區	松山區民生東路3段119號	25.0578049	121.5469163	0	0	1	2	8	5	5	14	9	1	5	4	5	13	4	4	1	4	5	2	13	1	9	1	6	1	10	1		1	2	11	
113	10	11	5	10	臺北市	中正區	中正區羅斯福路3段126號	25.0206201	121.528057	0	0	1	2	8	5	5	14	20	4	5	4	5	13	4	4	10	5	5	2	18	1	9	8	4	1	20	1		2	2	15	
113	10	11	6	13	臺北市	內湖區	內湖區環山路2段10巷與環山路2段口	25.0863214	121.5709666	0	0	1	2	7	6	5	3	2	1	5	4	5	13	2	1	5	4	5	2	13	1	9	1	6	2	10	1		1	2	11	
113	10	11	6	43	臺北市	中山區	中山區民權東路1段與林森北路口	25.0625146	121.5253098	0	0	1	2	8	7	5	14	9	1	5	4	5	13	4	4	1	4	5	2	17	1	3	1	5	1	10	1		1	2	11	
113	10	11	6	55	臺北市	大同區	大同區延平北路4段與環河北路2段235巷口	25.07015673	121.5108374	0	0	1	2	8	6	5	4	1	1	5	4	5	13	2	1	9	3	4	2	16	1	6	3	7	1	18	1		1	3	5	
113	10	11	7	30	臺北市	中正區	中正區中華路1段21巷口	25.0465383	121.5097254	0	0	1	2	8	5	5	14	9	1	5	4	5	13	4	4	1	4	5	1	17	1	8	1	7	2	8	1		1	3	6	
113	10	11	7	38	臺北市	中山區	中山區北安路與劍南路口	25.08522208	121.5540313	0	0	2	3	7	5	5	3	2	1	5	4	5	13	2	1	1	4	5	2	12	4	8	1	3	2	8	1		1	3	2	
113	10	11	7	42	臺北市	大安區	大安區新生南路3段11-1號	25.0252099	121.5348977	0	0	1	3	8	6	5	14	9	1	5	4	5	13	4	4	1	4	5	2	17	1	14	1	7	9	2	2		1	3	17	
113	10	11	7	44	臺北市	大安區	大安區信義路2段與金山南路2段口	25.0339766	121.5274247	0	0	1	4	8	6	5	4	2	1	5	4	5	13	1	1	10	5	5	2	17	1	9	1	6	1	10	1		1	2	11	
113	10	11	7	48	臺北市	內湖區	內湖區東湖路119巷與東湖路119巷50弄口	25.0698013	121.6170835	0	0	1	2	7	6	5	3	1	1	5	4	5	13	2	1	5	4	5	2	16	1	9	1	5	2	10	2		1	3	12	
113	10	11	7	55	臺北市	松山區	松山區八德路4段709巷	25.0503735	121.5768114	0	0	2	2	8	6	6	22	13	1	5	4	5	13	4	4	10	5	5	2	9	1	9	8	4	1	20	1		1	2	11	
113	10	11	8	4	臺北市	北投區	北投區三合街2段與清江路口	25.1264431	121.5016728	0	0	1	2	8	6	5	4	1	1	5	4	5	13	4	4	10	5	5	2	16	1	6	1	6	1	10	1		1	2	14	
113	10	11	8	7	臺北市	文山區	文山區木柵路2段215號	24.9886753	121.5641808	0	0	1	2	8	6	5	14	9	2	5	4	5	13	4	4	10	5	5	2	17	4	5	1	5	1	10	1		1	2	12	
113	10	11	8	10	臺北市	文山區	文山區木新路3段19號	24.98359415	121.567696	0	0	1	3	7	6	5	14	8	1	5	4	5	13	4	4	5	5	4	2	13	1	9	1	6	1	10	1		1	2	11	
113	10	11	8	30	臺北市	內湖區	內湖區內湖路1段47巷6弄2號	25.0867914	121.5590811	0	0	2	3	7	6	5	3	1	1	5	4	5	13	4	4	9	5	5	2	17	1	5	1	7	1	8	1		2	3	5	
113	10	11	8	30	臺北市	大同區	大同區民族西路124號	25.06854888	121.5164288	0	0	1	3	8	6	5	14	9	1	5	4	5	13	2	1	8	3	5	2	12	1	7	1	6	11	10	1		1	3	14	
113	10	11	8	34	臺北市	士林區	士林區承德路5段與通河東街2段口	25.09518918	121.5138656	0	0	3	3	7	7	5	14	9	1	5	4	5	13	1	1	1	5	1	1	13	1	9	1	5	1	10	1		2	2	11	
113	10	11	8	40	臺北市	士林區	(天母東路69巷27號旁）	25.1205312	121.5328922	0	0	1	2	8	6	5	3	1	1	5	4	5	13	4	4	10	5	5	2	17	4	5	7	3	11	19	2		4	4	15	
113	10	11	8	40	臺北市	士林區	士林區延平北路8段2巷250弄	25.11067016	121.4924135	0	0	1	2	8	7	5	11	9	1	5	4	5	13	4	4	10	5	5	2	11	1	9	1	6	1	10	1		1	2	14	
113	10	11	8	52	臺北市	中正區	中正區汀州路2段與重慶南路3段83巷口口	25.0253887	121.5173897	0	0	1	2	8	6	5	3	1	1	5	4	5	13	4	4	10	5	5	1	17	1	5	1	6	2	10	1		1	2	14	
113	10	11	8	55	臺北市	松山區	松山區民生東路3段與復興北路口	25.0579065	121.5443651	0	0	1	2	7	7	5	4	1	1	5	4	5	13	2	1	1	4	5	2	16	1	6	1	7	1	8	1		1	3	5	
113	10	11	9	10	臺北市	文山區	文山區木柵路3段189號	24.9899802	121.570021	0	0	1	2	8	5	5	14	9	1	5	4	5	13	4	4	9	5	5	1	12	1	8	1	7	1	8	1		1	3	2	
113	10	11	9	13	臺北市	松山區	松山區民生東路4段131巷與富錦街口	25.0599539	121.5532037	0	0	1	2	8	7	5	3	1	1	5	4	5	13	4	4	5	5	5	2	17	1	11	1	7	1	8	1		1	3	8	
113	10	11	9	27	臺北市	大安區	大安區羅斯福路4段21號附近	25.0137245	121.5355619	0	0	1	2	8	6	5	14	18	1	5	4	5	13	2	1	1	4	5	2	3	5	16	8	4	10	20	1		1	4	16	
113	10	11	9	42	臺北市	萬華區	萬華區昆明街與昆明街187巷口	25.03934424	121.5041245	0	0	1	2	8	6	5	4	2	1	5	4	5	13	4	4	10	5	5	2	16	1	15	1	5	1	10	1		2	2	14	
113	10	11	9	55	臺北市	北投區	北投區大業路與北投路2段口	25.1337202	121.4959827	0	0	2	2	8	6	5	14	9	1	5	4	5	13	4	4	1	4	5	2	17	1	21	1	6	1	10	1		2	2	15	
113	10	11	10	31	臺北市	士林區	士林區忠誠路2段與德行東路口	25.1084304	121.5304173	0	0	3	3	8	6	5	4	1	1	5	4	5	13	1	1	1	4	5	1	16	4	9	1	3	1	8	1		1	2	1	
113	10	11	10	47	臺北市	北投區	北投區石牌路1段與致遠一路2段口	25.114059	121.5121728	0	0	1	3	8	6	5	4	1	1	5	4	5	13	1	1	5	4	5	2	17	1	12	1	7	1	2	1		1	3	17	
113	10	11	10	47	臺北市	松山區	松山區敦化北路102號	25.0534225	121.5487099	0	0	2	2	8	6	5	14	8	1	5	4	5	13	4	4	1	3	4	2	12	1	6	1	6	1	10	1		2	2	13	
113	10	11	11	24	臺北市	士林區	士林區德行西路128號	25.103524	121.5200516	0	0	1	3	8	6	5	14	9	1	5	4	5	13	4	4	5	5	5	2	17	1	1	1	6	1	10	1		1	3	12	
113	10	11	11	28	臺北市	南港區	南港區南港路1段155號	25.0551126	121.6137593	0	0	1	2	8	7	5	14	9	1	5	4	5	13	4	4	1	4	5	2	17	1	13	1	7	2	8	1		1	3	7	
113	10	11	11	35	臺北市	大同區	大同區市民高架道與環河北路1段口	25.0506477	121.5071303	0	0	1	2	8	6	5	5	2	1	5	4	5	13	2	1	5	5	5	2	13	1	9	1	7	1	4	1		1	3	1	
113	10	11	11	47	臺北市	內湖區	內湖區潭美街與新明路219巷口	25.05750811	121.5881184	0	0	1	2	8	5	5	3	2	1	5	4	5	13	1	1	5	5	5	2	12	4	21	7	3	11	19	2		1	4	15	
113	10	11	11	57	臺北市	內湖區	內湖區內湖路2段179巷與金龍隧道口	25.08433871	121.585179	0	0	2	3	8	7	5	3	1	1	5	4	5	13	2	1	5	2	5	2	18	1	5	1	5	1	10	1		2	2	12	
113	10	11	12	5	臺北市	中正區	中正區寧波東街9巷10號	25.0327877	121.5193617	0	0	1	2	8	6	5	14	24	1	5	4	5	13	4	4	10	5	5	2	1	5	16	8	4	10	20	1		1	2	16	
113	10	11	12	6	臺北市	中山區	中山區北安路圓環往士林	25.0850962	121.5499857	0	0	1	2	7	6	5	18	9	1	5	4	5	13	1	1	1	4	5	2	13	4	9	1	7	2	4	1		1	3	8	
113	10	11	12	30	臺北市	北投區	北投區大度路與中央北路2段257巷口東往西方向	25.1221025	121.4865471	0	0	2	2	8	5	5	4	2	1	5	4	5	13	1	1	9	4	4	1	12	1	9	1	5	1	10	1		2	2	14	
113	10	11	12	34	臺北市	大同區	大同區西寧北路與長安西路口	25.0519491	121.5088358	0	0	1	2	8	5	5	5	2	1	5	4	5	13	4	4	5	2	5	2	13	1	9	1	6	2	10	1		1	2	11	
113	10	11	12	49	臺北市	萬華區	萬華區萬大路與莒光路口	25.0312045	121.5005339	0	0	1	2	7	7	5	4	1	1	5	4	5	13	1	1	9	4	5	2	12	1	9	1	7	1	10	1		1	3	2	
113	10	11	13	0	臺北市	中正區	中正區和平西路1段與南昌路2段附近口	25.0271434	121.5217355	0	0	1	2	8	6	5	5	2	1	5	4	5	13	1	1	1	4	5	1	17	2	9	1	6	1	10	1		2	2	11	
113	10	11	13	5	臺北市	北投區	北投區公館路與崇仰一路口	25.12364766	121.5052295	0	0	1	2	8	6	5	3	1	1	5	4	5	13	3	1	5	4	5	2	16	1	5	1	7	1	8	1		1	3	5	
113	10	11	13	25	臺北市	中山區	中山區長安東路2段246號	25.0482552	121.5431455	0	0	1	2	8	6	5	14	9	1	5	4	5	13	4	4	5	4	5	2	12	4	11	1	3	1	8	1		2	3	8	
113	10	11	13	25	臺北市	大安區	大安區四維路與四維路160巷口	25.0287668	121.5479687	0	0	2	2	7	5	5	5	2	1	5	4	5	13	4	4	8	3	5	1	16	1	9	1	6	2	10	1		1	2	11	
113	10	11	13	36	臺北市	中山區	中山區民族東路與濱江街180巷口	25.0682601	121.5378121	0	0	1	2	7	6	5	4	1	1	5	4	5	13	2	1	1	4	5	2	3	1	5	1	6	1	10	1		2	2	14	
113	10	11	13	43	臺北市	士林區	士林區天母北路59號	25.1213986	121.5267351	0	0	2	3	7	6	5	14	9	1	5	4	5	13	4	4	9	5	5	2	12	4	11	1	3	1	8	1		1	3	4	
113	10	11	14	43	臺北市	松山區	松山區塔悠路與民生東路5段口	25.0593826	121.5688535	0	0	1	2	7	6	5	4	1	1	5	4	5	13	2	1	1	3	5	2	16	1	6	1	7	1	8	1		1	3	2	
113	10	11	15	24	臺北市	中山區	中山區長春路與林森北路口	25.0549269	121.5254005	0	0	3	4	8	6	5	4	1	1	5	4	5	13	1	1	5	5	5	2	16	1	5	1	5	2	10	1		1	2	11	
113	10	11	15	36	臺北市	中山區	中山區建國高架道往南錦州上方	25.0420724	121.5353226	0	0	1	4	7	6	5	14	9	1	5	4	5	13	4	4	1	3	5	2	13	4	9	1	7	2	3	1		1	3	1	
113	10	11	15	55	臺北市	松山區	(塔悠路179號旁)	25.0563907	121.569597	0	0	1	2	7	6	5	3	1	1	5	4	5	13	1	1	1	4	4	2	15	1	9	1	7	2	4	1		1	3	1	
113	10	11	16	2	臺北市	萬華區	萬華區桂林路53號與桂林路口加油站入口	25.0381531	121.503336	0	0	1	2	7	7	8	3	1	1	5	4	5	13	4	4	5	4	5	1	17	1	5	1	5	1	10	1		1	3	17	
113	10	11	16	12	臺北市	士林區	士林區至誠路1段與芝玉路1段口	25.1009193	121.5374382	0	0	1	2	6	5	5	5	1	1	4	4	5	13	2	1	10	5	5	1	17	1	5	1	6	1	10	1		2	2	12	
113	10	11	16	30	臺北市	士林區	士林區基河路240巷與士商路口	25.0905844	121.5202523	0	0	1	2	8	6	5	4	1	1	5	4	5	13	1	1	4	5	5	1	16	1	5	1	7	2	8	1		1	3	6	
113	10	11	16	34	臺北市	中正區	中正區中正橋往永和	25.0222482	121.5165144	0	0	1	2	8	6	5	8	9	1	5	4	5	13	4	4	1	4	5	2	12	4	9	1	3	2	8	1		1	3	2	
113	10	11	16	59	臺北市	信義區	信義區吳興街220巷與吳興街220巷37弄口	25.0269881	121.5622692	0	0	1	2	8	7	5	4	1	1	5	4	5	13	1	1	5	5	5	2	12	4	8	1	3	2	4	1		1	3	2	
113	10	11	16	59	臺北市	大同區	大同區南京西路與民樂街口	25.0538375	121.5109451	0	0	3	3	7	6	5	3	1	1	5	4	5	13	3	1	4	4	5	2	3	4	9	1	3	1	10	1		2	2	11	
113	10	11	17	21	臺北市	萬華區	萬華區堤外便道	25.0441189	121.5005268	0	0	2	2	7	6	8	14	11	1	5	4	5	13	4	4	1	4	5	2	17	1	15	1	6	1	10	1		1	2	15	
113	10	11	17	39	臺北市	松山區	松山區光復北路與南京東路5段口	25.0517009	121.5575264	0	0	1	2	7	5	5	4	1	1	5	4	5	13	2	1	1	3	5	2	15	1	9	1	7	1	8	1		2	3	1	
113	10	11	17	44	臺北市	北投區	北投區致遠一路2段119號	25.11374186	121.5124045	0	0	1	2	8	5	5	14	9	1	5	4	5	13	4	4	5	4	5	2	12	1	9	1	5	1	10	1		2	2	12	
113	10	11	17	45	臺北市	內湖區	內湖區舊宗路2段與舊宗路2段181巷口	25.0715692	121.5745679	0	0	2	3	8	5	5	3	1	1	5	4	5	13	3	1	1	4	5	1	13	1	9	1	6	1	9	1		1	2	11	
113	10	11	17	45	臺北市	士林區	士林區中正路與延平北路6段口	25.0868807	121.5092994	0	0	1	2	7	5	5	4	1	1	5	4	5	13	2	1	4	5	5	1	17	1	7	1	5	1	10	1		2	2	13	
113	10	11	17	50	臺北市	內湖區	內湖區安康路與成功路2段口	25.06076395	121.591577	0	0	1	2	7	5	5	4	2	1	5	4	5	13	1	1	5	5	5	2	17	1	5	1	7	2	6	1		1	3	5	
113	10	11	17	51	臺北市	士林區	士林區文林路與大南路口	25.0888982	121.5265774	0	0	2	3	8	5	5	4	1	1	5	4	5	13	4	4	5	5	5	2	12	1	9	1	7	1	6	1		1	3	2	
113	10	11	17	57	臺北市	萬華區	萬華區成都路14號	25.04245493	121.5071149	0	0	1	3	8	5	5	14	9	1	5	4	5	13	4	4	10	4	5	2	17	1	15	1	7	1	8	1		1	3	4	
113	10	11	18	0	臺北市	信義區	信義區忠孝東路4段559巷	25.0440277	121.5636943	0	0	1	2	7	5	5	14	9	1	5	4	5	13	4	4	10	5	5	2	3	4	9	1	3	1	8	1		1	3	1	
113	10	11	18	9	臺北市	大安區	大安區忠孝東路3段190號	25.0416074	121.5389775	0	0	2	2	8	5	5	14	9	1	5	4	5	13	4	4	1	4	5	2	17	1	12	1	5	1	10	1		1	2	13	
113	10	11	18	15	臺北市	文山區	文山區秀明路1段51號	24.9899034	121.5651422	0	0	1	2	7	5	5	14	9	1	5	4	5	13	4	4	1	5	5	2	13	1	9	1	5	1	10	1		2	3	11	
113	10	11	18	19	臺北市	信義區	信義區信義路5段與松勇路口口	25.0329409	121.569589	0	0	1	2	7	5	5	3	1	1	5	4	5	13	4	4	5	5	5	2	17	1	6	1	6	9	10	1		2	2	14	
113	10	11	18	25	臺北市	中山區	中山區北安路47號	25.07753741	121.5282956	0	0	2	2	8	5	5	14	9	1	5	4	5	13	4	4	1	4	5	2	12	1	9	1	5	1	10	1		1	2	14	12
113	10	11	18	28	臺北市	松山區	松山區塔悠路與基隆路1段口	25.0511431	121.5706947	0	0	1	2	7	5	5	5	2	1	5	4	5	13	1	1	5	4	5	2	13	1	9	1	7	1	8	1		1	3	8	
113	10	11	18	36	臺北市	松山區	松山區八德路3段74巷與市民大道4段口	25.0446203	121.5524355	0	0	1	2	8	5	5	3	1	1	5	4	5	13	4	4	10	4	5	2	15	1	9	1	7	9	8	2		1	3	1	
113	10	11	18	50	臺北市	大安區	大安區忠孝東路3段與建國南路1段口	25.0424121	121.5366585	0	0	1	2	7	5	5	4	2	1	5	4	5	13	1	1	1	4	5	2	9	1	8	1	7	1	4	1		1	3	17	
113	10	11	19	12	臺北市	中正區	中正區和平西路2段與和平西路2段75巷口	25.031652	121.507543	0	0	1	2	8	5	5	3	1	1	5	4	5	13	4	4	1	4	4	2	17	1	6	1	7	2	8	1		1	3	8	
113	10	11	19	22	臺北市	中正區	中正區忠孝東路1段與杭州北路口	25.044032	121.526682	0	0	1	3	8	5	5	4	1	1	5	4	5	13	1	1	3	4	5	1	13	1	15	1	7	2	4	1		1	3	3	
113	10	11	19	22	臺北市	北投區	北投區承德路7段139號	25.1126386	121.5088781	0	0	1	2	7	5	5	14	7	1	5	4	5	13	4	4	1	4	5	2	18	1	8	1	5	1	10	1		1	2	12	
113	10	11	19	30	臺北市	大同區	大同區民權西路與蘭州街口	25.0628961	121.5148841	0	0	1	2	8	5	5	4	1	1	5	4	5	13	1	1	1	2	5	2	17	1	5	1	7	2	4	1		1	3	5	
113	10	11	20	12	臺北市	中山區	中山區民生東路2段與新生北路2段口	25.0581041	121.5278491	0	0	1	2	7	5	5	3	2	1	5	4	5	13	2	1	8	3	5	1	17	1	9	1	5	1	10	1		2	2	11	
113	10	11	21	5	臺北市	松山區	松山區民權東路4段與光復北路口	25.0619186	121.5544814	0	0	1	2	8	5	5	4	1	1	5	4	5	13	2	1	1	4	4	2	2	1	5	1	7	2	8	1		1	3	1	
113	10	11	21	10	臺北市	大安區	大安區信義路3段與信義路3段111巷口	25.033558	121.5394956	0	0	2	3	7	5	5	4	1	1	5	4	5	13	1	1	9	4	5	1	16	4	5	1	3	2	8	1		1	3	4	
113	10	11	21	10	臺北市	文山區	文山區忠順街2段與興隆路4段145巷22弄口	24.9847302	121.5630421	0	0	3	4	8	5	5	14	9	1	5	4	5	13	4	4	5	2	5	2	17	4	5	1	5	2	10	1		1	2	11	
113	10	11	22	38	臺北市	信義區	信義區信義路5段6號	25.0329364	121.5598826	0	0	1	2	8	7	5	22	20	4	5	4	5	13	4	4	10	5	5	2	18	1	9	8	4	2	20	1		1	2	15	
113	10	11	22	52	臺北市	信義區	信義區松仁路153巷14弄16號	25.0284338	121.5702736	0	0	1	2	8	5	5	12	9	1	5	4	5	13	4	4	9	5	5	2	18	1	9	8	4	1	20	1		2	2	15	
113	10	11	22	56	臺北市	萬華區	萬華區西園路2段與東園街口	25.0281839	121.4951488	0	0	2	2	7	5	5	3	1	1	5	4	5	13	2	1	1	4	5	2	13	1	9	1	6	1	10	1		1	2	11	
113	10	11	23	32	臺北市	士林區	士林區重陽橋西向東	25.08597239	121.5070004	0	0	1	2	8	5	5	8	11	1	5	4	5	13	4	4	10	4	5	1	17	1	9	6	6	2	18	1		1	3	15	
113	10	11	23	44	臺北市	萬華區	萬華區桂林路與環河南路1段348巷口	25.0389279	121.4959571	0	0	2	2	7	5	8	22	22	1	5	4	5	13	2	1	1	5	5	2	17	1	6	1	7	1	8	1		1	2	2	
113	10	12	1	21	臺北市	中山區	中山區四平街與南京東路2段115巷口	25.0535621	121.5336781	0	0	1	2	8	5	5	4	1	1	5	4	5	13	4	4	10	5	5	2	15	1	9	1	5	1	10	1		1	2	12	
113	10	12	3	12	臺北市	信義區	信義區松仁路88號	25.0355432	121.5683055	0	0	1	2	8	5	5	14	9	1	5	4	5	13	4	4	1	4	5	2	12	4	15	1	3	1	8	1		1	3	4	
113	10	12	5	47	臺北市	中山區	中山區中山北路2段與民生西路口	25.0579239	121.5227554	0	0	1	2	7	6	5	4	1	1	5	4	5	13	2	1	1	4	5	2	17	1	5	1	7	9	4	1		1	3	17	
113	10	12	6	38	臺北市	萬華區	萬華區中華路2段與水源路口	25.024096	121.5122303	1	0	0	2	8	5	5	5	1	1	5	4	5	13	1	1	5	5	5	2	16	4	9	1	3	2	2	1		1	3	8	
113	10	12	6	44	臺北市	萬華區	萬華區西園路1段與桂林路口	25.0385137	121.4997972	0	0	1	2	8	6	5	4	1	1	5	4	5	13	1	1	8	3	4	1	17	1	9	1	5	9	10	2		4	2	14	
113	10	12	7	19	臺北市	萬華區	萬華區貴陽街2段與長沙街2段口	25.0402394	121.5017638	0	0	1	2	8	7	5	11	9	4	5	4	5	13	4	4	10	5	5	2	13	1	9	1	7	1	8	1		1	3	8	
113	10	12	7	29	臺北市	北投區	北投區永興路2段與復興一路口	25.1402656	121.502597	0	0	1	3	8	7	5	4	2	1	5	4	5	13	4	4	5	5	5	2	29	1	9	1	6	1	10	1		2	2	12	
113	10	12	7	40	臺北市	信義區	信義區松山路與松山路149巷口口	25.0466795	121.577731	0	0	2	2	8	6	8	4	2	1	5	4	5	13	1	1	1	4	5	2	9	1	9	1	6	2	10	1		1	2	11	
113	10	12	7	43	臺北市	北投區	北投區大度路3段301巷80弄	25.1211427	121.4656679	0	0	1	2	8	7	5	11	9	1	5	4	5	13	4	4	5	5	5	2	1	1	9	1	7	9	8	1		1	3	2	
113	10	12	8	31	臺北市	大安區	大安區辛亥路3段與辛亥路3段21巷口	25.02138523	121.5443169	0	0	1	2	7	6	5	3	1	1	5	4	5	13	4	4	10	5	5	2	17	1	6	1	7	1	4	1		1	3	17	
113	10	12	9	10	臺北市	大安區	大安區敦化南路2段11巷與無名巷口口	25.032607	121.5495224	0	0	1	2	7	6	5	4	1	1	5	4	5	13	4	4	10	5	5	2	15	1	9	1	7	1	8	1		1	3	1	
113	10	12	9	31	臺北市	文山區	文山區木柵路3段與木柵路3段48巷口口	24.9883774	121.5653916	0	0	1	2	8	6	5	4	1	1	5	4	5	13	2	1	10	5	5	2	3	1	6	1	7	2	8	1		1	3	5	