年	月	日	時	分	縣市	行政區	allLocation	GoogleLat	GoogleLng	死	2-30	受傷	當事人數	天候	道路照明設備	道路類別	道路型態	事故位置	路面狀況1	路面狀況2	路面狀況3	道路障礙1	道路障礙2	號誌1	號誌2	車道劃分-分向	車道劃分-分道1	車道劃分-分道2	車道劃分-分道3	事故類型及型態	行動電話	當事者行動狀態	駕駛資格情形	保護裝置	飲酒情形	駕駛執照種類	個人肇逃否	肇因碼-主要	性別	受傷程度	車輛撞擊部位1	車輛撞擊部位2
113	10	12	10	2	臺北市	內湖區	內湖區東湖路與康樂街口	25.0679377	121.6174938	0	0	1	2	8	5	5	4	1	1	5	4	5	13	1	1	5	4	5	2	16	1	11	1	7	1	2	1		1	3	8	
113	10	12	10	10	臺北市	信義區	信義區忠孝東路4段559巷與忠孝東路4段553巷22弄口口	25.043695	121.563691	0	0	2	2	8	6	7	3	1	1	5	4	5	13	4	4	10	5	5	2	17	1	5	1	6	2	10	1		1	2	14	
113	10	12	10	22	臺北市	萬華區	萬華區忠孝西路2段與忠孝西路2段16巷口	25.0482607	121.5085506	0	0	1	2	7	7	5	3	1	1	5	4	5	13	4	4	1	4	5	2	16	1	6	1	5	1	10	1		1	3	12	
113	10	12	10	30	臺北市	文山區	文山區興隆路4段195巷與興隆路4段口	24.9831424	121.5622378	0	0	1	2	8	5	5	3	18	1	5	4	5	13	4	4	10	5	5	1	3	1	9	1	5	1	9	1		1	3	11	
113	10	12	10	35	臺北市	士林區	士林區文林路與文林路404巷口	25.09391216	121.524925	0	0	1	2	8	7	5	3	2	1	5	4	5	13	4	4	9	4	5	1	17	1	8	1	7	2	8	1		1	3	3	
113	10	12	10	42	臺北市	文山區	文山區羅斯福路6段280號	24.9908604	121.5399338	0	0	1	2	8	6	5	14	9	1	5	4	5	13	4	4	1	4	5	2	17	1	1	1	7	11	2	1		1	3	17	
113	10	12	10	43	臺北市	士林區	士林區通河西街1段與重慶北路4段口口	25.08774479	121.5119447	0	0	1	2	8	6	5	3	1	1	5	4	5	13	2	1	10	5	5	2	16	1	9	1	6	1	10	1		2	2	11	
113	10	12	11	3	臺北市	大安區	大安區市民大道3段與建國南路1段口	25.0446619	121.5364981	0	0	1	2	7	6	5	4	1	1	5	4	5	13	2	1	9	4	5	1	13	4	9	1	3	1	10	1		1	2	11	
113	10	12	11	32	臺北市	士林區	士林區延平北路5段與中正路口	25.0864539	121.5094107	0	0	1	2	8	6	5	4	1	1	5	4	5	13	1	1	1	4	5	2	17	1	6	1	6	1	10	1		1	3	13	
113	10	12	11	52	臺北市	松山區	松山區南京東路5段與塔悠路口	25.0511485	121.5701297	0	0	2	2	7	7	5	5	2	1	5	4	5	13	1	1	9	4	5	2	3	1	9	1	5	2	10	1		2	2	11	
113	10	12	12	25	臺北市	中正區	中正區廈門街114巷與重慶南路3段口口	25.0232413	121.5175071	0	0	1	2	8	6	5	4	2	1	5	4	5	13	1	1	5	4	5	1	17	4	21	7	3	9	19	2		2	4	15	
113	10	12	12	38	臺北市	信義區	信義區忠孝東路5段與忠孝東路5段215巷口	25.0409136	121.5700725	0	0	2	2	8	6	5	3	1	1	5	4	5	13	2	1	9	5	5	2	3	4	9	8	4	2	20	1		1	2	11	14
113	10	12	12	40	臺北市	中正區	中正區中華路1段與中華路1段81巷口	25.03867014	121.5074742	0	0	5	7	8	7	6	3	2	1	5	4	5	13	4	4	1	4	5	2	17	5	20	8	4	10	20	1		2	2	16	
113	10	12	13	35	臺北市	中正區	中正區南昌路2段與南昌路2段1巷口口	25.0286713	121.519117	0	0	1	2	8	6	5	3	1	1	5	4	5	13	4	4	9	5	5	2	16	1	11	1	3	1	8	1		2	3	8	
113	10	12	13	50	臺北市	中山區	中山區民權東路3段75巷與復興北路430巷口	25.0633581	121.54366	0	0	2	3	8	6	5	4	1	1	5	4	5	13	3	1	9	4	5	2	16	1	9	1	5	1	10	1		1	2	11	
113	10	12	14	16	臺北市	大安區	大安區辛亥路3段與芳蘭路口	25.0168659	121.5488388	0	0	1	2	8	6	5	4	1	1	5	4	5	13	2	1	9	4	5	1	16	4	6	1	3	1	8	1		2	3	2	
113	10	12	14	22	臺北市	松山區	松山區三民路與三民路3巷口	25.0520294	121.5638442	0	0	2	2	8	6	5	4	1	1	5	4	5	13	3	1	9	4	5	2	17	1	5	1	6	1	10	1		1	2	12	
113	10	12	14	30	臺北市	中山區	中山區林森北路426號	25.05977427	121.5255408	0	0	1	2	7	5	5	14	9	1	5	4	5	13	4	4	9	5	5	2	16	4	11	1	3	2	8	1		1	3	4	
113	10	12	14	35	臺北市	文山區	文山區木柵路1段78號	24.9874845	121.5502894	0	0	2	2	8	5	5	14	9	2	5	4	5	13	2	1	5	4	5	2	17	4	8	1	5	1	10	1		1	2	12	
113	10	12	15	17	臺北市	士林區	士林區雙溪街與雨農路口	25.101245	121.5328312	0	0	1	2	8	6	5	3	1	1	5	4	5	13	4	4	3	5	5	1	17	1	6	1	6	1	10	1		1	2	13	
113	10	12	15	24	臺北市	士林區	士林區中正路與延平北路5段口	25.08686177	121.5092362	0	0	2	3	8	6	5	4	1	1	5	4	5	13	1	1	1	4	5	1	16	4	5	1	3	1	10	1		1	3	13	
113	10	12	15	30	臺北市	士林區	士林區中山北路5段380號	25.0907383	121.5275958	0	0	3	4	7	6	5	14	9	1	5	4	5	13	4	4	1	4	5	1	16	4	9	1	3	2	10	1		2	2	15	
113	10	12	16	5	臺北市	內湖區	內湖區內湖路1段與江南街口	25.0787129	121.5788975	0	0	1	2	7	5	5	3	1	1	5	4	5	13	2	1	1	4	5	2	12	4	9	7	3	11	19	2		1	4	2	
113	10	12	16	40	臺北市	北投區	北投區承德路7段與石牌路1段口	25.11318969	121.5087051	0	0	1	2	7	7	5	3	1	1	5	4	5	13	1	1	1	4	5	2	16	1	9	1	7	1	8	1		1	3	2	
113	10	12	16	51	臺北市	大安區	大安區和平東路1段129號	25.0266205	121.5296139	0	0	1	2	8	5	5	14	9	1	5	4	5	13	4	4	10	5	5	2	17	4	6	1	3	1	8	1		1	3	2	
113	10	12	17	42	臺北市	士林區	士林區德行東路296號	25.1101818	121.5366181	0	0	1	2	8	5	5	14	9	1	5	4	5	13	4	4	4	5	5	1	17	1	9	1	7	1	2	1		1	3	2	
113	10	12	17	49	臺北市	大安區	大安區忠孝東路3段與新生南路1段口	25.0423756	121.5331763	0	0	2	3	8	5	5	4	3	1	5	4	5	13	1	1	10	5	5	2	13	1	9	1	7	1	8	1		1	3	1	
113	10	12	18	38	臺北市	信義區	信義區松仁路228巷與吳興街口	25.0248169	121.5675879	0	0	2	2	8	5	5	4	1	1	5	4	5	13	2	1	10	5	5	1	16	4	5	1	3	1	10	1		1	2	11	
113	10	12	18	50	臺北市	中山區	中山區中山北路1段與市民大道2段口	25.0481442	121.5209283	0	0	2	2	8	5	5	4	1	1	5	4	5	13	1	1	1	4	5	2	12	1	9	1	5	1	10	1		1	2	14	
113	10	12	19	8	臺北市	文山區	文山區木新路3段與興隆路4段口口	24.9820478	121.5623068	0	0	1	2	8	5	5	3	1	1	5	4	5	13	2	1	5	4	5	1	9	1	14	1	7	9	2	1		1	3	17	
113	10	12	19	30	臺北市	萬華區	萬華區萬大路277巷與萬大路口	25.02544	121.5005962	0	0	1	2	8	5	5	4	1	1	5	4	5	13	2	1	1	4	5	2	17	1	9	1	6	5	10	1		2	2	11	
113	10	12	19	46	臺北市	中正區	中正區中正橋上橋處(往新北市方向)	25.0226749	121.5167614	0	0	1	3	8	5	6	14	9	1	5	4	5	13	4	4	3	4	5	2	12	1	8	1	7	1	8	1		1	3	6	
113	10	12	21	0	臺北市	文山區	文山區景文街9號	24.99326908	121.5416658	0	0	1	2	8	5	5	14	20	4	5	4	5	13	4	4	10	5	5	2	9	1	3	8	5	1	20	1		2	3	11	
113	10	12	21	33	臺北市	中山區	中山區龍江路370巷與民族東路410巷口	25.06642492	121.5383349	0	0	1	3	7	5	5	4	1	1	5	4	5	13	4	4	8	5	5	1	15	4	9	1	3	1	10	1		2	2	11	
113	10	12	21	59	臺北市	松山區	松山區民權東路4段與光復北路口	25.0617866	121.5545475	0	0	1	2	8	5	5	4	1	1	5	4	5	13	2	1	9	4	4	2	17	1	6	1	6	1	10	1		2	3	13	
113	10	13	1	36	臺北市	中正區	中正區和平西路2段與南海路口	25.030384	121.5096312	0	0	1	2	8	5	5	4	2	1	5	4	5	13	1	1	1	4	5	2	13	1	14	1	5	2	10	1		1	2	11	
113	10	13	5	54	臺北市	北投區	北投區大度路3段往淡水(東往西)方向	25.1224406	121.4798333	0	0	1	2	8	5	5	14	7	1	5	4	5	13	4	4	1	3	3	1	13	2	9	6	7	9	8	2		1	3	1	
113	10	13	7	24	臺北市	大同區	大同區環河堤外便道	25.0780072	121.5078718	0	0	1	2	8	6	5	14	23	1	5	4	5	13	4	4	9	4	5	2	9	4	9	8	4	1	20	1		1	3	11	
113	10	13	8	11	臺北市	南港區	南港區市民大道7段與忠孝東路6段269巷4弄口13號對面	25.0505173	121.589105	0	0	2	3	8	6	5	14	9	1	5	4	5	13	4	4	3	4	5	2	13	1	14	1	5	1	10	1		1	2	13	
113	10	13	8	30	臺北市	中山區	中山區市民大道2段與林森北路口側附近口	25.0478693	121.5242673	0	0	2	2	8	5	5	4	1	1	5	4	5	13	1	1	1	4	5	2	17	4	9	1	3	1	8	1		1	2	1	
113	10	13	8	45	臺北市	松山區	松山區東興路與市民大道5段口	25.0483852	121.565846	0	0	1	2	8	6	5	4	1	1	5	4	5	13	2	1	1	1	5	2	15	4	9	1	5	2	10	1		2	2	12	
113	10	13	8	47	臺北市	中山區	中山區中山北路2段與長安東路1段口	25.04986735	121.5216486	0	0	1	2	8	6	5	4	1	1	5	4	5	13	1	1	5	4	5	2	17	1	5	1	7	2	4	1		2	3	5	12
113	10	13	8	50	臺北市	中山區	中山區北安路305號	25.0778117	121.5385221	0	0	1	2	8	6	5	14	9	1	5	4	1	13	4	4	3	5	5	2	28	1	9	1	6	1	10	1		2	2	11	
113	10	13	9	0	臺北市	中山區	中山區南京東路2段124號與松江路口	25.0519259	121.5332034	0	0	3	3	8	6	5	4	18	1	5	4	5	13	2	1	3	4	4	2	3	4	9	1	5	1	10	1		1	2	11	
113	10	13	9	45	臺北市	內湖區	內湖區大湖街131巷18弄61號對面	25.0862897	121.5991696	0	0	2	3	8	5	5	14	9	1	5	4	5	13	4	4	10	5	5	2	16	1	14	1	7	1	8	1		1	3	8	
113	10	13	10	28	臺北市	大同區	大同區鄭州路與塔城街口	25.0496538	121.5101706	0	0	1	2	8	6	5	4	1	1	5	4	5	13	2	1	1	2	5	2	17	4	9	1	5	2	10	1		1	2	11	
113	10	13	10	53	臺北市	北投區	北投區西安街1段231號	25.1110972	121.5175751	0	0	1	2	8	7	8	14	9	1	5	4	5	13	4	4	5	4	5	2	16	1	7	1	5	1	10	1		1	2	14	
113	10	13	11	36	臺北市	北投區	北投區光明路217號	25.13626186	121.5040682	0	0	3	4	8	6	5	14	9	1	5	4	5	13	4	4	8	3	5	2	17	1	9	1	6	1	10	1		1	2	11	
113	10	13	12	27	臺北市	信義區	信義區市民大道5段與基隆路1段口	25.0490556	121.5690197	0	0	1	2	8	6	5	4	1	1	5	4	5	13	2	1	9	5	5	2	16	4	5	1	3	1	4	1		1	3	5	1
113	10	13	13	47	臺北市	中山區	中山區南京東路2段與新生北路2段口	25.0521795	121.527681	0	0	1	2	8	7	5	4	2	1	5	4	5	13	1	1	9	4	4	2	12	1	9	1	6	1	10	1		1	2	14	
113	10	13	14	22	臺北市	信義區	信義區中坡南路209號	25.041405	121.5854212	0	0	1	2	8	6	8	22	22	1	5	4	5	13	2	1	5	5	5	2	9	1	1	1	7	1	2	1		1	3	17	
113	10	13	14	22	臺北市	文山區	文山區指南路3段燈桿指南二幹39旁	24.96945802	121.5935992	0	0	1	2	8	6	6	11	9	1	5	4	5	13	4	4	10	5	5	1	13	1	9	1	5	1	10	1		2	3	11	
113	10	13	14	29	臺北市	大安區	大安區信義路4段265巷與信義路4段265巷20弄口	25.03455754	121.5548514	0	0	2	2	8	6	5	4	1	1	5	4	5	13	4	4	5	5	5	2	16	1	7	1	6	1	10	1		1	2	12	
113	10	13	14	40	臺北市	內湖區	內湖區內湖路3段金龍幹54號	25.09101959	121.5825057	0	0	1	2	7	6	5	11	9	1	5	4	5	13	4	4	10	5	5	2	10	1	4	1	5	1	10	1		1	2	11	
113	10	13	15	51	臺北市	大安區	大安區市民大道3段與八德路2段口	25.0448056	121.5342805	0	0	1	2	8	6	5	4	2	1	5	4	5	13	2	1	5	4	5	2	17	1	12	1	5	1	10	2		4	2	11	
113	10	13	15	52	臺北市	文山區	文山區景美堤外便道自行車道(福和41燈桿)	25.00830096	121.5329571	0	0	2	2	8	6	7	14	23	1	5	4	5	13	4	4	5	5	5	2	16	1	5	8	2	2	20	1		1	2	12	
113	10	13	18	23	臺北市	信義區	信義區松智路與松智路15巷口	25.03703	121.5655732	0	0	2	4	8	5	5	3	1	1	5	4	5	13	4	4	9	4	5	1	16	4	5	1	3	1	8	1		1	3	2	
113	10	13	18	40	臺北市	中山區	中山區中山北路2段77巷14號	25.0574623	121.524306	0	0	2	2	8	5	6	14	9	1	5	4	5	13	4	4	10	5	5	2	1	4	7	1	5	2	10	1		1	2	11	
113	10	13	19	51	臺北市	內湖區	內湖區民權東路6段與成功路2段口	25.06895164	121.5916472	0	0	2	3	8	5	5	4	2	1	5	4	5	13	2	1	1	4	5	2	12	1	7	1	6	2	10	1		1	2	14	
113	10	13	20	57	臺北市	大同區	大同區民樂街與歸綏街口	25.058203	121.5107444	0	0	1	2	7	5	5	5	2	1	5	3	5	13	4	4	7	4	5	2	29	4	9	8	3	11	20	1		1	2	14	
113	10	13	22	15	臺北市	萬華區	萬華區中華路1段與成都路口	25.042615	121.5082565	0	0	2	2	7	5	6	4	2	1	5	4	5	13	2	1	1	4	1	2	17	1	9	1	6	1	10	1		2	2	11	12
113	10	13	23	4	臺北市	中山區	中山區北安路554巷與北安路578巷8弄口	25.08013821	121.5488405	0	0	2	2	8	5	5	4	1	1	5	4	5	13	3	1	5	5	5	2	15	1	9	1	5	1	10	1		1	2	11	
113	10	13	23	13	臺北市	中正區	中正區重慶北路1段與忠孝西路1段口	25.0477191	121.5132512	0	0	1	2	8	5	8	22	22	1	5	4	1	13	1	1	10	4	5	2	24	1	9	1	6	1	10	1		2	2	11	
113	10	13	23	23	臺北市	大同區	大同區重慶北路3段223巷29號	25.07052523	121.5151657	0	0	1	2	7	5	5	14	9	1	5	4	5	13	4	4	10	5	5	2	2	5	17	8	4	10	20	1		1	2	16	
113	10	14	6	2	臺北市	北投區	北投區天母西路與天母西路117巷口	25.1189019	121.5231793	0	0	2	2	8	6	5	14	9	1	5	4	5	13	1	1	9	4	5	2	16	1	5	1	5	9	10	1		1	2	12	
113	10	14	7	20	臺北市	內湖區	內湖區港墘路26巷14號	25.0828088	121.5776576	0	0	1	2	8	6	5	14	9	1	5	4	5	13	4	4	10	5	5	2	17	1	1	1	7	1	8	1		1	3	2	
113	10	14	7	26	臺北市	中正區	中正區晉江街110號	25.0225946	121.524972	0	0	1	2	8	6	5	14	24	1	5	4	5	13	4	4	10	5	5	2	2	4	9	1	3	2	8	1		2	3	2	
113	10	14	7	32	臺北市	大安區	大安區大安路1段與復興南路1段279巷口	25.0355835	121.5459923	0	0	2	2	8	6	5	4	1	1	5	4	5	13	4	4	8	3	4	2	15	1	9	1	6	1	10	1		1	2	11	
113	10	14	7	36	臺北市	士林區	士林區重慶北路4段159號	25.0835571	121.5118476	0	0	2	4	8	5	5	14	9	1	5	4	5	13	4	4	1	4	4	2	12	1	1	1	7	11	8	1		1	3	17	
113	10	14	7	51	臺北市	大安區	大安區忠孝東路3段與復興南路1段口	25.0420954	121.5436961	0	0	1	2	8	5	5	14	9	1	5	4	5	13	2	1	10	5	5	2	13	4	9	3	3	3	18	1		1	2	11	
113	10	14	7	52	臺北市	中正區	中正區中華路2段與愛國西路口	25.0368488	121.5068345	0	0	1	2	8	6	5	5	1	1	5	4	5	13	1	1	3	4	5	2	16	1	9	1	5	2	10	1		2	2	14	
113	10	14	7	57	臺北市	士林區	士林區天母西路與天母西路13巷口	25.1184479	121.5284245	0	0	2	2	8	6	5	3	1	1	5	4	5	13	1	1	5	5	5	2	17	1	5	1	6	1	10	1		2	2	12	
113	10	14	8	9	臺北市	信義區	信義區松仁路158號	25.0302373	121.5682797	0	0	2	2	7	6	5	14	9	1	5	4	5	13	4	4	5	5	5	2	13	4	9	1	3	2	10	1		2	2	11	
113	10	14	8	13	臺北市	中山區	中山區大佳河濱公園(九號水門處)	25.07349215	121.5378292	0	0	2	2	8	5	5	3	1	1	5	4	5	13	4	4	7	5	5	2	10	4	15	1	3	1	10	1		2	2	11	
113	10	14	8	25	臺北市	士林區	士林區承德路4段250號	25.0893502	121.5203945	0	0	2	2	8	5	5	14	8	1	5	4	5	13	4	4	1	4	4	2	12	1	9	1	6	1	10	1		2	2	11	
113	10	14	8	30	臺北市	內湖區	內湖區民權東路6段與民權東路6段21巷口	25.0683522	121.5824524	0	0	2	3	8	6	5	3	1	1	5	4	5	13	4	4	1	4	5	2	16	1	6	1	7	2	8	1		1	3	8	
113	10	14	8	47	臺北市	大安區	大安區忠孝東路4段與敦化南路1段口	25.0414133	121.5484047	0	0	1	2	8	6	5	4	1	1	5	4	5	13	1	1	1	3	5	2	17	1	6	1	7	1	8	1		1	3	15	
113	10	14	8	47	臺北市	文山區	文山區辛亥隧道(外)與辛亥路4段口南往北0703819號燈桿	25.0100304	121.5574826	0	0	1	2	8	6	5	22	20	4	5	4	5	13	4	4	10	5	5	2	17	1	9	8	4	1	20	1		1	3	15	
113	10	14	8	52	臺北市	信義區	信義區松山路與松山路292巷口	25.0433003	121.5777816	0	0	2	2	8	7	5	3	1	1	5	4	5	13	2	1	3	4	5	1	16	1	5	1	5	1	10	1		1	2	11	
113	10	14	8	58	臺北市	南港區	南港區八德路4段與八德路4段768巷口	25.0503721	121.5796799	0	0	1	2	8	6	5	4	1	1	5	4	5	13	1	1	5	4	5	2	13	1	9	1	5	1	9	1		1	2	11	
113	10	14	9	2	臺北市	文山區	文山區木柵路1段70巷0701753號燈桿	24.9864705	121.5483512	0	0	1	2	8	6	5	14	9	1	5	4	5	13	4	4	10	5	5	2	10	1	9	1	7	2	8	1		1	3	8	
113	10	14	9	5	臺北市	大安區	大安區辛亥路3段(東往西,青峰公園旁)	25.0154075	121.551552	0	0	3	3	8	6	5	14	9	1	5	4	5	13	1	1	1	4	5	2	13	1	9	1	5	1	10	1		1	2	12	
113	10	14	9	7	臺北市	信義區	信義區基隆路2段與嘉興街口	25.0325624	121.5591752	0	0	1	2	7	5	5	3	2	1	5	4	5	13	4	4	5	5	5	2	17	1	6	1	7	1	8	1		2	3	2	
113	10	14	9	20	臺北市	北投區	北投區承德路7段與石牌路1段口	25.1126495	121.5089114	0	0	2	2	8	7	5	3	2	1	5	4	5	13	2	1	1	4	4	2	16	1	7	1	6	1	10	1		1	2	14	
113	10	14	10	1	臺北市	松山區	松山區南京東路4段與敦化北路口	25.0518013	121.5490536	0	0	1	3	8	6	5	4	2	1	5	4	5	13	2	1	1	2	1	2	12	4	7	1	7	1	8	1		1	3	4	
113	10	14	10	23	臺北市	文山區	文山區木柵路1段與辛亥路7段口口	24.9877745	121.5522363	0	0	1	2	8	6	5	4	1	1	5	4	5	13	2	1	5	4	5	2	16	1	5	1	5	1	10	1		1	3	13	
113	10	14	10	47	臺北市	松山區	松山區市民高架道東往西第6510764號燈桿	25.0449799	121.5570172	0	0	1	3	7	6	5	10	7	1	5	4	5	13	4	4	1	3	5	2	13	1	9	1	7	1	8	1		1	3	1	
113	10	14	11	5	臺北市	南港區	南港區成美橋上橋處南往北	25.0521061	121.5829688	0	0	2	3	8	6	5	14	9	1	5	4	5	13	4	4	5	4	5	1	12	1	9	1	7	2	2	1		1	3	2	
113	10	14	11	25	臺北市	大同區	大同區重慶北路3段335巷與哈密街59巷口	25.0745526	121.5157376	0	0	2	2	8	6	5	4	1	1	5	4	5	13	4	4	9	5	5	2	15	1	9	1	6	1	10	1		1	2	11	
113	10	14	11	51	臺北市	中山區	中山區明水路447號	25.0773909	121.5501294	0	0	1	2	8	5	5	14	9	1	5	4	5	13	4	4	1	4	5	2	16	4	7	1	3	1	10	1		1	2	14	
113	10	14	11	53	臺北市	內湖區	內湖區港墘路201號	25.07523909	121.5739738	0	0	1	2	8	6	5	14	9	1	5	4	5	13	4	4	1	4	5	2	16	1	6	1	7	1	8	1		1	3	2	
113	10	14	12	0	臺北市	松山區	松山區三民路與健康路口	25.0542998	121.5638065	0	0	1	2	8	5	5	4	1	1	5	4	5	13	2	1	5	4	5	2	17	4	6	1	6	1	10	1		1	3	13	
113	10	14	12	13	臺北市	文山區	文山區興隆路4段109巷與木柵路3段48巷口口	24.9870354	121.5659485	0	0	1	2	8	6	5	4	1	1	5	4	5	13	2	1	10	5	5	2	16	1	5	1	7	2	4	1		1	3	4	
113	10	14	12	20	臺北市	士林區	士林區後港街與後港街134巷口	25.08678098	121.5213463	0	0	1	2	8	7	5	3	1	1	5	4	5	13	4	4	10	4	5	1	17	1	5	1	5	2	10	1		1	3	14	
113	10	14	12	34	臺北市	文山區	文山區新光路1段與秀明路2段口	24.9916736	121.5736525	0	0	1	2	8	7	5	4	1	1	5	4	5	13	1	1	10	5	5	2	16	1	5	1	7	1	8	1		2	3	5	
113	10	14	12	50	臺北市	中正區	中正區紹興北街與紹興北街31巷口	25.0452563	121.5254458	0	0	1	3	7	6	5	3	1	1	5	4	5	13	4	4	10	4	5	2	3	1	5	1	7	2	4	1		1	3	8	
113	10	14	12	58	臺北市	大安區	大安區和平東路3段與和平東路3段228巷口	25.0223027	121.554529	0	0	1	3	8	6	5	4	1	1	5	4	5	13	1	1	9	4	5	1	9	4	9	1	3	9	2	1		1	3	17	
113	10	14	13	5	臺北市	大安區	大安區基隆路2段與樂業街口	25.0224526	121.550238	0	0	2	2	8	6	5	4	1	1	5	4	5	13	2	1	1	4	5	1	12	4	15	1	3	1	9	1		1	2	12	
113	10	14	13	15	臺北市	信義區	信義區基隆路2段65號	25.0310802	121.5584803	0	0	2	3	8	6	5	14	9	1	5	4	5	13	4	4	1	4	5	2	17	4	1	1	3	1	4	1		1	3	8	
113	10	14	13	17	臺北市	松山區	松山區民權東路4段第0205125號燈桿	25.0617613	121.5540893	0	0	2	2	8	6	5	14	7	1	5	4	5	13	4	4	1	3	4	2	12	1	9	1	6	1	10	1		1	2	11	
113	10	14	14	7	臺北市	內湖區	內湖區南湖大橋與南湖大橋口下往潭美街	25.0646427	121.611178	0	0	1	3	8	6	5	14	9	1	5	4	5	13	3	1	10	4	5	2	24	1	9	1	5	2	10	1		2	2	11	
113	10	14	14	21	臺北市	信義區	信義區基隆路2段48號	25.0314282	121.5585167	0	0	1	2	8	6	5	14	9	1	5	4	5	13	4	4	10	3	5	2	17	4	8	1	3	1	8	1		1	3	17	11
113	10	14	14	53	臺北市	文山區	文山區木新路3段與木新路3段310巷口	24.980862	121.5571822	0	0	1	2	8	6	5	3	1	1	5	4	5	13	1	1	5	4	5	2	16	1	5	1	7	2	8	1		1	3	2	
113	10	14	15	10	臺北市	士林區	士林區文林路與大東路口口	25.0866295	121.5254798	0	0	2	3	7	7	5	3	1	1	5	4	5	13	4	4	8	3	5	1	16	4	14	1	3	1	7	1		1	3	17	
113	10	14	15	15	臺北市	大安區	大安區基隆路2段與敦南街口	25.0205486	121.5480914	0	0	3	3	8	7	5	3	1	1	5	4	5	13	4	4	10	3	5	2	17	1	6	1	6	1	10	1		2	2	13	
113	10	14	15	19	臺北市	大安區	大安區仁愛路4段71巷與敦化南路1段270巷口	25.0389819	121.5471247	0	0	1	2	8	5	5	4	1	1	5	4	5	13	4	4	10	5	5	2	15	4	9	1	3	1	8	1		1	3	8	
113	10	14	15	32	臺北市	信義區	信義區松德路118巷與虎林街164巷口	25.037832	121.5745044	0	0	1	2	8	6	5	4	1	1	5	4	5	13	4	4	10	5	5	2	15	4	9	1	3	1	4	1		1	3	1	
113	10	14	15	36	臺北市	內湖區	內湖區環山路1段與環山路1段28巷口	25.0855427	121.565547	0	0	1	2	8	6	5	3	2	1	5	4	5	13	1	1	5	5	5	2	1	1	5	1	7	2	4	1		1	3	1	
113	10	14	15	45	臺北市	北投區	北投區大度路與承德路7段口西往南方向	25.1208715	121.4996432	0	0	1	2	8	5	5	4	2	1	5	4	5	13	1	1	9	4	5	1	12	1	9	1	7	2	8	1		1	3	2	
113	10	14	15	45	臺北市	松山區	松山區八德路4段653號	25.0500751	121.57581	0	0	1	2	8	6	5	14	9	1	5	4	5	13	4	4	1	4	4	2	18	1	9	1	5	9	10	1		2	2	12	
113	10	14	15	55	臺北市	松山區	松山區民權東路3段162號	25.0617776	121.5484476	0	0	1	2	8	7	5	14	9	1	5	4	5	13	4	4	1	4	5	2	17	1	1	1	7	1	8	1		1	3	6	
113	10	14	16	6	臺北市	信義區	信義區忠孝東路5段與基隆路1段口	25.0412154	121.5649901	0	0	1	3	8	7	5	4	2	1	5	4	5	13	1	1	9	4	5	2	17	1	15	6	5	2	18	1		1	2	12	
113	10	14	16	6	臺北市	內湖區	內湖區環山路3段與內湖路2段103巷口	25.0846398	121.5809147	0	0	1	2	8	7	5	3	1	1	5	4	5	13	2	1	9	4	5	2	16	4	5	1	3	2	8	1		1	3	1	
113	10	14	16	40	臺北市	大同區	大同區市民高架道第459號燈桿	25.04953446	121.5130778	0	0	2	4	8	6	5	10	7	1	5	4	5	13	4	4	1	4	5	1	13	1	9	1	7	1	8	1		2	3	1	
113	10	14	16	47	臺北市	中山區	中山區遼寧街177巷與南京東路3段223巷口	25.05326766	121.5429996	0	0	1	2	7	5	5	3	1	1	5	4	5	13	4	4	10	5	5	2	17	1	9	1	5	1	10	1		1	3	12	
113	10	14	17	0	臺北市	士林區	士林區三腳渡堤外停車場堤外自行車道68桿	25.08137144	121.5163283	0	0	1	2	8	5	8	22	22	1	5	4	5	13	4	4	10	5	5	1	9	1	9	8	4	9	20	1		1	2	11	
113	10	14	17	5	臺北市	中正區	中正區忠孝東路2段19號	25.0437232	121.5278664	0	0	1	3	8	6	5	14	9	1	5	4	5	13	4	4	1	4	5	2	16	1	7	1	6	2	10	1		1	2	14	
113	10	14	17	14	臺北市	北投區	北投區大業路與大同街口	25.1369477	121.4990833	0	0	1	2	8	6	5	4	1	1	5	4	5	13	2	1	10	5	5	2	13	1	9	1	5	1	10	1		1	3	11	
113	10	14	17	15	臺北市	中山區	中山區崇實路(國防部2號門口)	25.0816602	121.5443944	0	0	1	2	8	5	5	14	9	1	5	4	5	13	4	4	1	4	5	2	17	4	5	1	3	1	8	1		1	3	5	
113	10	14	17	20	臺北市	大安區	大安區辛亥路2段與建國南路2段口口	25.0216709	121.538165	0	0	1	2	8	5	8	22	22	1	5	4	5	13	4	4	10	5	5	2	17	1	9	6	5	11	18	2		1	3	11	
113	10	14	17	22	臺北市	萬華區	萬華區南寧路與三水街口	25.035536	121.5039009	0	0	1	3	7	6	5	4	2	1	5	4	5	13	1	1	1	3	5	1	17	4	15	1	3	1	10	1		1	2	15	
113	10	14	17	48	臺北市	士林區	士林區中山北路4段16號對面	25.0789744	121.5247349	0	0	1	2	8	5	5	14	9	1	5	4	5	13	4	4	9	4	5	1	17	1	9	1	7	1	8	1		1	3	1	