年	月	日	時	分	縣市	行政區	allLocation	GoogleLat	GoogleLng	死	2-30	受傷	當事人數	天候	道路照明設備	道路類別	道路型態	事故位置	路面狀況1	路面狀況2	路面狀況3	道路障礙1	道路障礙2	號誌1	號誌2	車道劃分-分向	車道劃分-分道1	車道劃分-分道2	車道劃分-分道3	事故類型及型態	行動電話	當事者行動狀態	駕駛資格情形	保護裝置	飲酒情形	駕駛執照種類	個人肇逃否	肇因碼-主要	性別	受傷程度	車輛撞擊部位1	車輛撞擊部位2
113	10	14	17	52	臺北市	中山區	中山區民生西路66巷與民生西路口	25.0575273	121.5208219	0	0	1	2	8	5	5	4	1	1	5	4	5	13	2	1	10	5	5	2	17	1	5	8	4	10	20	1		1	3	14	
113	10	14	18	0	臺北市	大同區	大同區延平北路2段272巷與迪化街1段307巷口	25.0620827	121.5097587	0	0	2	2	8	5	5	4	1	1	5	4	5	13	4	4	10	5	5	1	15	4	9	1	6	1	10	1		1	2	11	
113	10	14	18	10	臺北市	南港區	南港區南港路1段與經貿二路口	25.0551916	121.6167491	0	0	2	2	8	5	5	4	1	1	5	4	5	13	1	1	1	4	5	2	12	4	9	1	3	1	10	1		1	5	11	
113	10	14	18	20	臺北市	士林區	士林區文林路與美崙街口	25.0971464	121.5240404	0	0	1	2	8	5	5	4	2	1	5	4	5	13	4	4	5	5	5	2	17	4	11	1	3	2	10	1		2	2	12	
113	10	14	18	51	臺北市	士林區	士林區格致路與建業路口	25.13569112	121.5460957	0	0	1	2	8	5	5	3	2	1	5	4	5	13	1	1	10	4	5	1	17	1	9	1	6	1	10	2		1	3	11	
113	10	14	19	25	臺北市	大同區	大同區承德路2段91巷與赤峰街口	25.0561694	121.5196864	0	0	2	2	8	5	5	4	1	1	5	4	5	13	4	4	9	4	5	2	15	1	9	1	5	1	10	1		2	2	11	
113	10	14	20	8	臺北市	南港區	南港區興華路與市民大道8段口	25.0531235	121.6063239	0	0	2	3	7	5	5	3	2	1	5	4	5	13	2	1	1	4	5	2	16	4	11	1	3	1	4	1		1	3	7	
113	10	14	20	55	臺北市	中山區	中山區市民大道2段與林森北路口	25.0479418	121.5244478	0	0	1	3	8	5	5	4	1	1	5	4	5	13	2	1	1	4	5	2	12	4	9	1	6	1	10	1		2	3	14	
113	10	14	21	41	臺北市	大同區	大同區台北橋機慢車道往三重(燈桿282526號)	25.0635173	121.508688	0	0	1	2	8	5	7	14	11	1	5	4	5	13	4	4	9	4	5	2	17	1	7	1	5	2	10	1		1	3	13	
113	10	14	22	0	臺北市	中山區	中山區中山北路2段與南京東路1段口	25.0528662	121.5227481	0	0	2	3	8	5	5	4	1	1	5	4	5	13	2	1	5	2	5	2	17	1	8	1	7	1	4	1		1	3	2	
113	10	14	22	3	臺北市	中山區	中山區南京東路3段與南京東路3段48巷口	25.0517938	121.5383978	0	0	1	2	8	5	5	3	1	1	5	4	5	13	4	4	1	4	4	2	13	4	9	1	6	2	10	1		1	2	11	
113	10	14	22	10	臺北市	大同區	大同區重慶北路3段與民權西路口	25.0631259	121.513604	0	0	2	3	8	5	6	4	1	1	5	4	5	13	2	1	9	4	5	2	13	1	15	1	5	2	10	1		1	3	13	
113	10	15	0	8	臺北市	大安區	大安區忠孝東路4段209號	25.04147669	121.5522235	0	0	2	3	8	5	5	14	9	1	5	4	5	13	4	4	1	4	5	2	13	1	9	1	6	1	10	1		1	2	11	
113	10	15	5	21	臺北市	松山區	松山區民生東路5段與新東街口	25.0590997	121.565953	0	0	1	2	7	5	5	4	1	1	5	4	5	13	1	1	8	3	5	1	16	1	9	1	6	2	10	1		1	2	11	
113	10	15	6	50	臺北市	文山區	文山區新光路2段21號	25.0004896	121.5834225	0	0	1	3	8	6	5	18	17	1	5	4	5	13	1	1	1	4	5	2	16	1	15	1	7	1	8	1		2	3	4	
113	10	15	7	3	臺北市	文山區	文山區木柵路3段與萬壽橋口	24.9916272	121.5711663	0	0	1	2	8	6	5	4	1	1	5	4	5	13	1	1	5	4	5	2	16	1	6	1	7	2	8	1		2	3	6	
113	10	15	7	16	臺北市	大安區	大安區敦化南路1段187巷與忠孝東路4段181巷口	25.0425729	121.5506996	0	0	1	2	8	5	5	4	2	1	5	4	5	13	4	4	10	5	5	2	3	1	5	1	7	1	8	1		1	3	8	
113	10	15	7	28	臺北市	南港區	南港區南港路3段47巷與市民大道7段口	25.0510654	121.5909162	0	0	1	2	8	6	6	14	9	1	5	4	5	13	4	4	5	4	5	2	16	1	6	6	7	1	2	1		1	3	2	
113	10	15	7	48	臺北市	士林區	士林區福林路與雨農路口	25.09673215	121.5324943	0	0	1	2	8	6	5	5	2	1	5	4	5	13	2	1	1	4	5	1	12	1	9	1	5	1	10	1		2	2	12	
113	10	15	7	50	臺北市	士林區	士林區德行東路132巷與德行東路132巷3弄口	25.1071782	121.52928	0	0	2	4	8	6	5	4	1	1	5	4	5	13	4	4	10	5	5	2	17	1	9	1	7	2	8	1		2	3	1	
113	10	15	7	53	臺北市	萬華區	萬華區堤外便道3013650桿	25.0356656	121.5073615	0	0	2	2	8	7	5	14	9	1	1	4	5	13	4	4	10	5	5	2	12	1	11	1	5	1	10	1		1	2	14	
113	10	15	7	55	臺北市	萬華區	萬華區環河南路1段1-18號	25.0474696	121.5047435	0	0	1	2	7	7	5	14	9	1	5	4	5	13	4	4	9	4	5	2	12	1	7	1	7	1	8	1		2	3	4	
113	10	15	8	1	臺北市	松山區	松山區民生東路3段與民生東路3段113巷口	25.0578727	121.5462514	0	0	1	2	8	5	5	4	1	1	5	4	5	13	2	1	3	4	5	2	17	4	9	1	3	1	8	1		1	3	1	
113	10	15	8	13	臺北市	內湖區	內湖區潭美街外河濱公園	25.06346938	121.6112898	0	0	2	2	8	7	8	14	23	1	5	4	5	13	4	4	10	4	5	2	9	1	21	8	4	1	20	1		1	2	15	
113	10	15	8	19	臺北市	南港區	南港區玉成街66之6號	25.047008	121.581902	0	0	1	2	8	6	5	14	9	1	5	4	5	13	4	4	5	5	5	2	16	1	6	1	7	1	8	1		1	3	2	
113	10	15	8	28	臺北市	大安區	大安區建國南路2段151巷與建國南路口側附近2段口	25.0286254	121.537982	0	0	2	2	8	6	5	4	1	1	5	4	5	13	1	1	1	3	5	2	13	1	9	1	6	1	10	1		1	2	11	
113	10	15	8	32	臺北市	大安區	大安區忠孝東路4段216巷與仁愛路4段口	25.0378151	121.553033	0	0	1	2	8	5	5	4	18	1	5	4	5	13	2	1	1	5	5	2	3	1	9	1	7	1	8	1		1	3	1	
113	10	15	8	35	臺北市	北投區	北投區三合街2段與清江路245巷口	25.12639493	121.5017055	0	0	1	2	8	6	5	4	2	1	5	4	5	13	4	4	8	3	5	2	15	1	9	1	6	1	10	1		1	2	11	
113	10	15	8	38	臺北市	中山區	中山區堤頂大道2段往南0.8K處	25.0784036	121.5654932	0	0	2	2	8	6	5	14	9	1	5	4	5	13	4	4	5	1	5	2	13	1	9	1	5	1	10	1		2	2	11	
113	10	15	8	42	臺北市	文山區	文山區興隆路2段與興隆路2段95巷口	24.9992853	121.5470822	0	0	1	3	8	6	5	4	1	1	5	4	5	13	2	1	1	4	5	2	16	1	11	3	6	2	18	1		2	2	12	
113	10	15	8	45	臺北市	中山區	中山區新生北路3段與德惠街口	25.06671955	121.5272522	0	0	3	3	8	7	5	4	1	1	5	4	5	13	4	4	10	5	5	2	17	1	9	1	6	1	10	1		1	2	11	
113	10	15	8	50	臺北市	中正區	中正區愛國西路小南門站二號出口前	25.0358777	121.5097351	0	0	1	5	8	7	5	14	9	1	5	4	5	13	4	4	1	4	5	2	13	1	9	1	5	1	10	1		1	3	12	
113	10	15	9	22	臺北市	中山區	中山區北安路47號	25.0778436	121.5289804	0	0	1	2	8	6	5	22	9	1	5	4	5	13	4	4	1	5	5	1	16	4	5	1	3	1	8	1		1	3	7	
113	10	15	9	22	臺北市	內湖區	內湖區內湖路3段329巷與內湖路3段343巷4弄口	25.0883268	121.5849549	0	0	1	2	8	5	5	3	1	1	5	4	5	13	4	4	10	5	5	2	16	1	5	1	6	2	10	1		1	2	13	
113	10	15	9	22	臺北市	松山區	松山區寶清街34號	25.05281674	121.5678158	0	0	3	3	8	5	5	14	9	1	5	4	5	13	4	4	7	5	5	2	17	4	6	3	5	1	18	1		1	2	14	
113	10	15	9	25	臺北市	松山區	松山區南京東路3段344號	25.0516726	121.5478276	0	0	1	2	8	6	5	14	9	1	5	4	5	13	1	1	1	4	5	2	13	1	9	1	7	1	4	2		1	3	1	
113	10	15	9	50	臺北市	士林區	士林區文林路與大東路口口	25.0865189	121.5254896	0	0	1	2	7	7	5	14	9	1	5	4	5	13	4	4	8	3	5	2	12	4	9	1	3	2	4	1		1	3	6	
113	10	15	10	5	臺北市	士林區	士林區基河路12號	25.08145875	121.5240725	0	0	1	2	8	6	5	14	9	1	5	4	5	13	4	4	10	4	5	2	12	1	8	1	7	1	8	1		1	3	7	
113	10	15	10	23	臺北市	中山區	中山區新生北路1段與吉林路22巷口	25.0510515	121.5289595	0	0	2	2	8	5	5	14	9	1	5	4	5	13	4	4	1	5	5	2	16	1	6	1	6	1	10	1		1	2	13	
113	10	15	10	25	臺北市	大同區	大同區延平北路2段與涼州街口	25.0606718	121.5113679	0	0	1	2	8	6	5	4	1	1	5	4	5	13	2	1	5	4	5	2	17	4	5	1	3	1	8	1		1	3	8	
113	10	15	10	45	臺北市	士林區	士林區百齡橋與通河東街1段200巷口	25.0905517	121.5164344	0	0	1	2	8	6	5	5	2	1	5	4	5	13	2	1	10	4	5	1	17	1	9	1	7	2	4	1		1	3	8	
113	10	15	10	53	臺北市	中山區	中山區復興北路94號	25.0515169	121.5439903	0	0	1	2	8	6	5	14	9	1	5	4	5	13	4	4	1	4	5	2	12	4	9	1	3	1	8	1		1	3	2	
113	10	15	10	55	臺北市	中正區	中正區和平西路1段與晉江街口	25.0267172	121.5208215	0	0	1	2	8	7	5	4	2	1	5	4	5	13	1	1	1	4	5	2	13	1	9	1	5	1	10	1		1	2	14	
113	10	15	11	38	臺北市	北投區	北投區竹子湖路1207712燈桿	25.15297998	121.5454957	0	0	1	2	8	6	5	14	9	1	5	4	5	13	4	4	4	1	5	1	29	1	9	1	6	2	10	1		1	5	11	
113	10	15	11	39	臺北市	中山區	中山區樂群一路近16號水門	25.0775707	121.5558528	0	0	1	3	8	6	5	14	9	1	5	4	5	13	4	4	1	4	5	2	13	4	9	1	3	1	8	1		1	3	1	
113	10	15	11	43	臺北市	萬華區	萬華區西寧南路102巷與內江街55巷口	25.0418521	121.5051747	0	0	1	2	7	6	5	4	1	1	5	4	5	13	4	4	10	5	5	2	15	4	9	1	5	1	10	1		1	2	12	
113	10	15	11	57	臺北市	萬華區	萬華區萬大路與雙和街口	25.0278724	121.5005533	0	0	1	2	7	5	5	4	1	4	5	4	5	11	2	1	1	4	5	2	17	1	5	1	7	1	8	1		1	3	2	
113	10	15	12	30	臺北市	中山區	中山區中山北路3段40號	25.0550217	121.5352723	0	0	1	3	8	5	5	14	9	1	5	4	5	13	4	4	1	4	5	2	12	4	9	1	5	1	10	1		1	2	12	
113	10	15	12	32	臺北市	內湖區	內湖區江南街117巷8弄與江南街89巷口	25.0765177	121.5773752	0	0	2	3	8	6	5	4	1	1	5	4	5	13	4	4	10	5	5	2	15	1	9	1	5	1	10	1		2	2	11	
113	10	15	12	37	臺北市	大安區	大安區辛亥路2段與建國南路2段口	25.0228335	121.537498	0	0	1	2	8	6	5	4	1	1	5	4	5	13	1	1	1	4	5	1	16	4	6	1	3	1	8	1		2	3	6	
113	10	15	12	40	臺北市	內湖區	內湖區瑞光路與陽光街口口	25.0738092	121.5793813	0	0	1	2	7	6	5	4	2	1	5	4	5	13	2	1	5	4	5	2	16	1	6	1	5	1	10	1		2	2	14	
113	10	15	12	40	臺北市	萬華區	萬華區堤外便道往北近貴陽疏散門	25.0414514	121.4990304	0	0	2	2	7	6	5	14	11	1	5	4	5	13	3	1	3	4	5	2	13	4	9	1	3	1	10	1		2	2	11	
113	10	15	13	10	臺北市	松山區	松山區市民大道5段與光復南路口	25.0452365	121.5578751	0	0	2	2	8	5	5	4	1	1	5	4	5	13	1	1	1	3	5	2	15	1	9	1	5	1	10	1		1	2	12	
113	10	15	13	17	臺北市	萬華區	萬華區西藏路340號	25.029432	121.499692	0	0	2	2	8	7	5	14	9	1	5	4	5	13	4	4	1	4	5	2	12	1	9	1	6	1	10	1		1	2	12	
113	10	15	13	27	臺北市	中山區	中山區長安東路2段25號	25.04854566	121.5309022	0	0	1	2	7	6	5	14	9	1	5	4	5	13	4	4	8	3	5	1	17	1	9	1	5	1	10	1		2	2	11	14
113	10	15	13	29	臺北市	中山區	中山區中山北路4段(圓山涵洞)	25.0769595	121.5256057	0	0	1	2	8	5	5	14	9	1	5	4	5	13	4	4	7	4	5	2	16	4	7	1	3	1	10	1		2	2	11	
113	10	15	13	38	臺北市	內湖區	內湖區康寧路3段與成功路5段450巷23弄口	25.0723424	121.6081404	0	0	1	2	8	7	5	3	1	1	5	4	5	13	1	1	1	4	4	2	13	1	9	1	6	2	10	1		2	2	11	
113	10	15	13	59	臺北市	北投區	北投區大業路527巷與大業路527巷16弄口	25.1318957	121.4754234	0	0	1	2	8	6	5	3	2	1	5	4	5	13	4	4	5	5	5	2	17	1	6	1	6	1	10	1		1	2	13	
113	10	15	14	5	臺北市	士林區	士林區延平北路7段106巷與延平北路8段2巷153弄口	25.1121518	121.4842695	0	0	1	2	8	6	5	3	1	1	5	4	5	13	4	4	10	5	5	1	16	1	5	1	7	1	8	1		1	3	5	
113	10	15	14	41	臺北市	士林區	士林區格致路與凱旋路口	25.13745685	121.5464951	0	0	1	2	7	7	8	4	1	1	5	4	5	13	3	1	5	1	5	1	3	5	18	8	4	10	20	2		4	2	16	
113	10	15	15	17	臺北市	士林區	士林區天母西路38巷Times停車場出入口	25.117884	121.5260961	0	0	1	2	7	5	5	22	9	1	5	4	5	13	4	4	9	5	5	2	16	1	1	1	7	1	8	1		1	3	1	
113	10	15	15	35	臺北市	士林區	士林區文林路476號	25.0963704	121.5243162	0	0	1	3	7	6	5	14	9	1	5	4	5	13	4	4	5	5	5	2	17	1	15	1	7	2	3	1		1	3	2	
113	10	15	15	47	臺北市	中山區	中山區民權東路2段152巷3號	25.06182307	121.5348319	0	0	1	2	7	6	5	14	9	1	5	4	5	13	4	4	4	1	5	2	16	4	7	1	3	1	8	1		2	3	8	
113	10	15	15	55	臺北市	中山區	中山區松江路與松江路235巷口	25.05885911	121.5333288	0	0	1	2	7	7	5	3	1	1	5	4	5	13	4	4	3	4	5	2	16	1	6	1	7	1	8	1		2	3	5	
113	10	15	16	11	臺北市	士林區	士林區仰德大道3段與仰德大道3段125巷口	25.1227313	121.551613	0	0	3	5	8	6	5	3	1	1	5	4	5	13	2	1	4	5	5	1	17	1	6	1	7	1	8	1		2	3	2	
113	10	15	17	27	臺北市	萬華區	萬華區和平西路3段與環河南路2段口	25.0357921	121.4946302	0	0	3	3	7	5	6	4	2	1	4	4	5	13	2	1	1	4	5	2	17	1	9	3	5	1	18	1		1	2	11	12
113	10	15	17	34	臺北市	文山區	文山區木新路3段316號	24.98045186	121.555706	0	0	1	2	7	5	5	14	9	2	5	4	5	13	4	4	5	4	5	2	9	1	14	1	7	1	1	1		1	3	17	
113	10	15	17	56	臺北市	中正區	中正區林森南路與徐州路口	25.0409746	121.5221904	0	0	1	2	7	5	5	4	2	1	5	4	5	13	1	1	10	5	5	2	12	1	9	1	2	2	8	1		1	3	2	
113	10	15	18	9	臺北市	中山區	中山區民權東路2段200號	25.0623287	121.5362504	0	0	1	2	8	5	5	14	9	1	5	4	5	13	4	4	1	4	5	2	12	4	7	1	3	1	8	1		2	3	4	
113	10	15	18	10	臺北市	文山區	文山區羅斯福路5段與羅斯福路5段92巷口	25.0074421	121.5384525	0	0	2	2	8	5	5	3	2	1	5	4	5	13	4	4	1	4	5	2	13	1	9	1	6	1	10	1		2	2	11	
113	10	15	18	16	臺北市	萬華區	萬華區萬大路486巷與萬大路486巷46弄口	25.020498	121.4958441	0	0	1	2	7	5	5	4	1	1	5	4	5	13	4	4	10	5	5	1	15	4	9	1	3	1	10	1		1	2	11	
113	10	15	18	23	臺北市	北投區	北投區育仁路與大同街口	25.1338259	121.4984197	0	0	2	3	8	5	5	5	1	1	5	4	5	13	3	1	10	5	5	1	16	1	5	1	7	1	8	1		1	3	8	
113	10	15	18	23	臺北市	大同區	大同區重慶北路3段捷運大橋頭站3號出口	25.0638628	121.5135246	0	0	1	2	7	5	5	14	9	1	5	4	5	13	4	4	1	5	5	2	12	1	7	1	6	1	10	1		1	2	14	
113	10	15	18	30	臺北市	內湖區	內湖區內湖路2段與內湖路2段103巷口	25.07979046	121.5827973	0	0	2	2	8	5	5	4	1	1	5	4	5	13	1	1	5	5	5	1	16	1	5	1	6	2	10	1		1	2	12	
113	10	15	18	38	臺北市	中山區	中山區市民大道2段與長安東路1段52巷口	25.04706757	121.527822	0	0	1	2	7	5	5	3	2	1	5	4	5	13	2	1	1	4	5	2	13	4	9	1	3	11	10	2		1	4	11	
113	10	15	18	42	臺北市	大同區	大同區安西街與延平北路2段272巷口	25.0620811	121.5097516	0	0	1	2	7	5	5	5	1	1	5	4	5	13	4	4	10	5	5	1	16	4	9	1	3	1	8	1		1	3	5	
113	10	15	18	45	臺北市	萬華區	萬華區柳州街與昆明街201巷口	25.0388563	121.5053885	0	0	1	2	7	5	5	3	1	1	5	4	5	13	4	4	9	5	5	2	17	1	5	1	7	1	8	1		2	3	4	
113	10	15	18	48	臺北市	中山區	中山區龍江路271巷與龍江路口	25.0594035	121.5406894	0	0	1	2	8	5	5	4	1	2	5	4	5	13	4	4	9	4	5	2	17	1	5	1	7	1	8	1		1	3	1	
113	10	15	18	53	臺北市	士林區	士林區通河西街1段與堤外便道口	25.0827261	121.5134059	0	0	2	2	8	5	5	14	9	1	5	4	5	13	4	4	10	4	5	1	9	1	9	1	6	1	10	1		1	2	11	
113	10	15	19	15	臺北市	中正區	中正區羅斯福路1段與南海路口	25.032991	121.5181499	0	0	1	2	8	5	5	5	1	1	5	4	5	13	2	1	3	4	1	2	12	1	8	1	7	9	8	2		1	3	5	
113	10	15	20	0	臺北市	中山區	中山區民權東路2段與新生北路3段口	25.0628022	121.5278958	0	0	1	2	8	5	7	4	1	1	5	4	5	13	2	1	7	2	5	2	9	1	6	1	7	1	8	1		2	3	1	
113	10	15	20	59	臺北市	松山區	松山區光復北路與光復北路11巷口	25.0491741	121.5579033	0	0	1	2	7	5	5	4	1	1	5	4	5	13	1	1	1	3	5	2	17	1	5	1	6	2	10	1		1	2	12	
113	10	15	21	21	臺北市	信義區	信義區信義路5段15號	25.03296518	121.5672354	0	0	1	2	8	5	5	14	9	1	5	4	5	13	4	4	1	4	5	2	13	1	9	1	7	1	8	1		1	3	1	
113	10	15	22	14	臺北市	信義區	信義區吳興街與吳興街512巷口	25.02245	121.5692063	0	0	1	2	8	5	5	14	9	1	5	4	5	13	4	4	9	5	5	2	13	1	9	1	5	1	10	1		1	2	11	
113	10	15	22	43	臺北市	中正區	中正區和平西路1段與牯嶺街口	25.0265061	121.518962	0	0	1	2	7	5	5	4	1	1	5	4	5	13	1	1	1	4	5	2	17	1	6	1	6	1	10	1		2	2	14	
113	10	15	22	47	臺北市	大安區	大安區敦化南路1段159號前	25.0433888	121.5491372	0	0	2	3	8	5	5	14	9	1	5	4	5	13	1	1	1	4	5	2	17	1	1	1	7	1	8	1		2	3	8	
113	10	16	6	13	臺北市	信義區	信義區光復南路與文昌街口	25.0321817	121.5575504	0	0	1	2	8	6	5	4	1	1	5	4	5	13	1	1	1	4	4	2	17	1	6	1	6	1	10	1		1	2	11	
113	10	16	6	30	臺北市	信義區	信義區市民大道6段108號	25.0492885	121.5730603	0	0	1	2	7	6	8	22	22	1	5	4	5	13	4	4	1	4	5	2	29	1	15	1	5	1	10	1		2	2	14	
113	10	16	6	31	臺北市	士林區	士林區中山北路5段與文林路口	25.0859059	121.5258	0	0	1	3	7	6	5	3	2	1	5	4	5	13	1	1	1	4	1	1	16	4	6	1	3	1	10	1		1	2	11	
113	10	16	6	56	臺北市	北投區	北投區承德路7段141號	25.1127603	121.508752	0	0	2	3	8	6	5	14	9	1	5	4	5	13	4	4	1	4	5	2	12	1	10	1	5	1	8	1		1	2	14	
113	10	16	6	57	臺北市	士林區	士林區永公路99號	25.1169572	121.5548559	0	0	1	2	8	6	5	12	9	1	5	4	5	13	4	4	10	5	5	1	11	1	9	1	5	2	10	1		1	2	11	
113	10	16	7	4	臺北市	萬華區	萬華區中華路2段與中華路2段606巷口	25.0246605	121.5100689	0	0	2	3	8	7	5	4	1	1	5	4	5	13	1	1	5	4	4	1	17	1	5	5	5	1	18	1		1	3	13	
113	10	16	7	11	臺北市	大安區	大安區建國南路1段222號	25.0395612	121.5374807	0	0	1	2	8	6	5	14	9	1	5	4	5	13	4	4	9	4	5	1	13	4	9	1	3	1	10	1		1	3	11	
113	10	16	7	15	臺北市	中山區	中山區中山橋往北	25.0580266	121.522354	0	0	5	6	6	7	5	8	9	1	4	4	5	13	4	4	1	4	5	2	13	4	8	7	3	11	19	2		1	4	15	
113	10	16	7	15	臺北市	內湖區	內湖區文德路101巷與文德路口	25.0786198	121.5835685	0	0	1	2	7	6	5	4	1	1	4	4	5	13	2	1	1	3	5	2	17	1	9	1	7	1	8	1		2	3	5	
113	10	16	7	18	臺北市	松山區	松山區饒河街221巷與饒河街口	25.0507951	121.5767387	0	0	1	2	6	5	5	4	1	1	4	4	5	13	4	4	10	3	5	2	15	4	9	1	3	1	8	1		2	3	8	
113	10	16	7	30	臺北市	萬華區	萬華區桂林路與柳州街口	25.0377428	121.5050589	0	0	2	3	7	7	5	4	1	1	5	4	5	13	1	1	9	4	5	1	13	1	6	1	7	1	8	1		2	3	6	
113	10	16	7	33	臺北市	萬華區	萬華區萬大路137巷與萬大路187巷1弄口	25.02895508	121.5009773	0	0	1	2	8	5	5	3	1	1	5	4	5	13	4	4	10	5	5	2	17	4	6	1	5	1	10	1		2	2	11	
113	10	16	7	42	臺北市	大安區	大安區光復南路與光復南路290巷口	25.0394116	121.5575545	0	0	2	2	7	6	5	3	1	1	5	4	5	13	2	1	1	3	5	2	12	1	9	1	6	1	10	1		1	2	14	
113	10	16	7	46	臺北市	大同區	大同區民生西路與太原路口	25.0572316	121.5169708	0	0	1	3	7	5	5	5	1	1	5	4	5	13	1	1	5	4	5	2	15	1	10	1	5	2	10	1		1	3	12	
113	10	16	7	49	臺北市	士林區	士林區通河西街1段與堤外便道口百齡槌球停車場旁	25.0858759	121.5126478	0	0	2	2	7	6	5	3	2	1	4	4	5	13	4	4	10	5	5	1	16	4	11	1	3	2	10	1		2	2	14	
113	10	16	7	55	臺北市	中山區	中山區長安東路2段與建國北路1段口	25.04832322	121.536601	0	0	1	2	7	7	5	4	1	1	5	4	5	13	1	1	9	4	5	2	17	1	9	1	5	1	10	1		1	2	12	
113	10	16	7	56	臺北市	大同區	大同區南京西路與塔城街口	25.0532741	121.5102816	0	0	2	2	8	5	5	4	2	1	5	4	5	13	2	1	5	5	5	2	17	4	5	1	3	2	10	1		1	2	12	
113	10	16	8	4	臺北市	南港區	南港區忠孝東路6段與玉成街口	25.0461405	121.5832121	0	0	1	2	7	6	5	3	2	1	5	4	5	13	1	1	1	4	5	2	13	1	9	1	5	1	10	1		1	2	11	
113	10	16	8	20	臺北市	文山區	文山區木柵路4段23號	24.9935506	121.5715558	0	0	2	2	8	6	5	14	9	1	5	4	5	13	4	4	5	4	5	2	16	1	10	1	6	1	10	1		1	2	12	
113	10	16	8	24	臺北市	中正區	中正區中華路1段與中華路1段91巷口口	25.03796474	121.5073255	0	0	1	2	8	7	5	3	1	1	5	4	5	13	4	4	1	3	1	2	16	1	6	1	7	1	8	1		1	3	5	
113	10	16	8	26	臺北市	松山區	松山區撫遠街與富錦街581巷口	25.0625955	121.5661717	0	0	1	2	7	6	5	14	9	1	4	4	5	13	4	4	1	4	4	2	17	1	7	1	7	2	8	1		1	3	17	
113	10	16	8	28	臺北市	北投區	北投區西安街1段313巷16弄與石牌路1段166巷43弄口	25.1137011	121.5147801	0	0	1	2	8	6	5	4	1	1	5	4	5	13	4	4	10	5	5	2	15	1	9	1	5	2	10	1		1	3	11	
113	10	16	8	46	臺北市	信義區	信義區市民大道6段與松隆路123巷口	25.0491948	121.5715163	0	0	1	2	8	7	5	3	1	1	5	4	5	13	4	4	3	4	5	2	18	1	9	1	5	1	10	1		1	2	15	
113	10	16	8	47	臺北市	大安區	大安區基隆路3段與臥龍街口	25.0204417	121.5483689	0	0	1	2	8	6	5	3	1	1	5	3	5	13	4	4	7	3	5	2	16	4	15	7	3	11	19	2		1	4	15	
113	10	16	8	51	臺北市	大同區	大同區南京西路與承德路1段口	25.053273	121.5174586	0	0	1	2	6	5	5	5	1	1	4	4	5	13	2	1	5	2	1	2	13	1	12	1	6	2	10	1		2	3	13	
113	10	16	8	58	臺北市	大同區	大同區環河北路1段431號與環河北路1段口	25.0622596	121.5087025	0	0	1	2	6	5	5	3	2	1	4	4	5	13	4	4	1	4	5	2	17	4	1	1	3	2	10	1		2	3	17	
113	10	16	8	59	臺北市	大安區	大安區基隆路2段與基隆路2段209巷口	25.0232643	121.5514424	0	0	1	2	8	5	5	5	2	1	5	4	5	13	4	4	8	3	5	1	16	1	6	1	7	1	14	1		1	3	5	
113	10	16	9	0	臺北市	內湖區	內湖區瑞光路66巷與瑞光路口	25.0707751	121.5823547	0	0	1	2	6	6	5	4	1	1	4	4	5	13	2	1	5	4	5	2	17	1	5	1	7	1	8	1		1	3	1	
113	10	16	9	3	臺北市	中正區	中正區中華路2段與愛國西路口	25.0369401	121.5068831	0	0	1	2	8	6	5	5	1	1	5	4	5	13	1	1	1	4	5	2	17	1	9	1	5	2	10	1		2	2	14	
113	10	16	9	3	臺北市	大安區	大安區復興南路1段127號	25.0435196	121.543901	0	0	1	3	7	5	5	14	9	1	5	4	5	13	4	4	1	5	5	2	12	1	15	1	6	1	10	1		2	2	14	
113	10	16	9	8	臺北市	中山區	中山區濱江街136號	25.0717693	121.5355516	0	0	1	2	8	6	5	14	9	1	5	4	5	13	4	4	5	5	5	2	12	4	8	1	3	1	8	1		1	3	2	
113	10	16	9	17	臺北市	中山區	中山區林森北路119巷與南京東路1段132巷口	25.0501335	121.5266382	0	0	1	2	7	7	5	4	2	1	5	4	5	13	4	4	10	5	5	2	17	1	9	1	5	1	10	1		1	2	17	
113	10	16	9	34	臺北市	中山區	中山區中山北路1段與長安東路1段口	25.0497759	121.5217113	0	0	1	3	8	7	5	4	1	1	5	4	5	13	1	1	1	4	1	2	17	1	6	1	7	1	8	1		1	3	2	
113	10	16	9	40	臺北市	中山區	中山區堤頂大道2段99號對面	25.07615999	121.5710337	0	0	1	2	6	7	5	14	11	1	4	4	4	13	1	1	1	2	1	2	17	1	9	1	6	9	10	1		2	2	14	
113	10	16	9	50	臺北市	信義區	信義區和平東路3段與富陽街口	25.0204261	121.556851	0	0	2	2	8	7	5	5	1	1	5	4	5	13	1	1	3	4	5	2	13	1	9	1	5	2	10	1		2	2	11	
113	10	16	9	54	臺北市	內湖區	內湖區洲子街75號	25.0798776	121.5715866	0	0	2	2	6	6	5	14	9	1	4	4	5	13	4	4	9	5	5	2	10	1	10	1	5	1	10	1		2	2	12	
113	10	16	9	58	臺北市	文山區	文山區景隆街與興隆路1段202巷口	24.9992186	121.5427215	0	0	2	2	8	6	5	3	2	1	5	4	5	13	4	4	9	5	5	2	16	1	5	1	6	1	10	1		2	2	14	