年	月	日	時	分	縣市	行政區	allLocation	GoogleLat	GoogleLng	死	2-30	受傷	當事人數	天候	道路照明設備	道路類別	道路型態	事故位置	路面狀況1	路面狀況2	路面狀況3	道路障礙1	道路障礙2	號誌1	號誌2	車道劃分-分向	車道劃分-分道1	車道劃分-分道2	車道劃分-分道3	事故類型及型態	行動電話	當事者行動狀態	駕駛資格情形	保護裝置	飲酒情形	駕駛執照種類	個人肇逃否	肇因碼-主要	性別	受傷程度	車輛撞擊部位1	車輛撞擊部位2
113	10	16	10	5	臺北市	中山區	中山區明水路與樂群一路口	25.0772569	121.5508882	0	0	1	2	7	7	5	3	1	1	5	4	5	13	1	1	1	4	5	2	12	1	5	1	5	1	10	1		2	2	14	
113	10	16	10	25	臺北市	南港區	南港區忠孝東路6段與忠孝東路6段278巷口	25.0493114	121.589009	0	0	1	2	7	6	5	3	1	1	5	4	5	13	2	1	1	3	4	2	17	4	11	1	3	1	8	1		1	3	5	
113	10	16	10	30	臺北市	內湖區	內湖區康樂街與東湖路口	25.0679831	121.6176484	0	0	1	2	6	7	5	4	2	1	4	4	5	13	1	1	4	5	5	1	17	1	5	1	7	1	8	1		2	3	4	
113	10	16	10	40	臺北市	文山區	文山區木柵路1段155號	24.98747641	121.5502284	0	0	2	2	8	5	5	14	9	1	5	4	5	13	2	1	5	4	5	2	13	1	8	1	6	1	10	1		1	2	11	
113	10	16	10	52	臺北市	北投區	北投區福真路與無名路口	25.09817166	121.5059754	0	0	1	2	8	6	5	4	1	1	4	4	5	13	3	1	5	4	5	2	15	1	9	1	5	1	10	1		1	2	12	
113	10	16	11	5	臺北市	信義區	信義區市民高架道	25.044829	121.5641235	0	0	3	6	8	7	5	10	7	1	5	4	5	13	4	4	10	4	5	2	13	4	9	1	3	1	4	1		1	2	1	
113	10	16	11	46	臺北市	內湖區	內湖區石潭路88號	25.0629947	121.5889347	0	0	1	2	6	6	5	14	9	1	4	4	5	13	4	4	8	3	5	1	16	1	1	1	7	2	8	1		1	3	4	
113	10	16	11	50	臺北市	文山區	文山區木新路2段與恆光街口	24.9833857	121.5666787	0	0	1	2	8	5	5	4	2	1	5	4	5	13	2	1	5	5	5	1	17	1	1	1	7	2	8	1		1	3	8	
113	10	16	12	7	臺北市	信義區	信義區基隆路1段126號	25.0453373	121.566804	0	0	1	2	6	7	5	14	9	1	4	4	5	13	4	4	1	2	5	2	16	1	6	1	7	1	8	1		2	3	2	
113	10	16	12	8	臺北市	中山區	中山區中山北路3段161號對面	25.0713753	121.5235575	0	0	2	3	6	7	5	14	9	1	4	4	5	13	4	4	1	4	5	2	17	1	9	1	5	2	10	1		1	2	11	
113	10	16	12	9	臺北市	松山區	松山區南京東路5段161號	25.0515833	121.5621496	0	0	1	2	6	7	5	14	9	1	4	4	5	13	4	4	1	4	4	2	17	4	8	1	7	1	8	1		1	3	17	
113	10	16	12	18	臺北市	內湖區	內湖區民權東路6段296巷與民權東路6段296巷31弄口	25.0720358	121.6063904	0	0	1	2	6	5	5	4	1	1	4	4	5	13	4	4	5	5	5	1	15	1	9	1	7	2	3	1		1	3	8	
113	10	16	12	30	臺北市	文山區	文山區辛亥路4段166巷與辛亥路4段166巷19弄口	25.0042101	121.5559406	0	0	1	2	7	6	5	3	1	1	5	4	5	13	4	4	10	5	5	2	16	1	6	1	6	1	10	1		2	2	11	
113	10	16	12	32	臺北市	萬華區	萬華區環河南路3段與興義街口	25.0257033	121.490348	0	0	1	2	7	6	5	3	2	1	5	4	5	13	4	4	1	4	5	1	17	4	2	1	3	1	8	1		1	3	7	
113	10	16	12	52	臺北市	大同區	大同區民權西路與延平北路2段口口	25.0628532	121.5110036	0	0	1	2	6	6	5	4	1	1	4	4	5	13	2	1	10	5	5	2	12	1	9	1	6	2	10	1		2	2	12	
113	10	16	13	11	臺北市	大安區	大安區辛亥路3段與芳蘭路口	25.0166466	121.5492926	0	0	1	2	7	7	5	14	9	1	5	4	5	13	4	4	2	4	5	2	12	4	7	1	3	1	8	1		1	3	4	
113	10	16	13	17	臺北市	中正區	中正區中山南路與徐州路口	25.04184754	121.5186396	0	0	2	3	6	7	5	3	2	1	4	4	5	13	1	1	1	3	1	2	12	1	9	1	7	2	8	1		1	3	2	
113	10	16	13	25	臺北市	士林區	士林區中山北路6段與福國路口	25.1025707	121.5255552	0	0	1	2	7	5	5	3	1	1	4	4	5	13	2	1	2	5	5	1	17	1	5	1	5	1	10	1		1	2	14	
113	10	16	13	38	臺北市	文山區	文山區羅斯福路5段163號	25.0034112	121.5387304	0	0	1	2	7	6	5	14	9	1	5	4	5	13	4	4	1	4	5	2	17	1	8	1	7	2	8	1		2	3	17	
113	10	16	13	40	臺北市	士林區	士林區仰德大道1段上山方向	25.1065847	121.5345978	0	0	3	3	7	7	8	14	9	1	5	4	5	13	4	4	5	1	5	2	13	1	9	1	5	1	10	1		1	2	17	
113	10	16	13	48	臺北市	士林區	士林區承德路4段與中正路口	25.09133108	121.5167112	0	0	1	2	6	6	5	4	2	1	4	4	5	13	2	1	1	4	5	2	13	1	9	1	6	1	10	1		1	2	11	
113	10	16	14	35	臺北市	萬華區	萬華區環河南路1段與內江街口	25.04199939	121.5001356	0	0	1	2	6	6	5	5	1	1	4	4	5	13	2	1	5	5	5	2	13	1	5	1	6	1	10	1		2	2	11	
113	10	16	14	39	臺北市	信義區	(忠孝東路五段68號旁)	25.0403712	121.5661828	0	0	1	4	6	6	5	14	9	1	4	4	5	13	4	4	9	4	5	2	17	1	14	1	7	1	4	1		1	3	2	
113	10	16	14	55	臺北市	士林區	士林區中山北路6段與克強路口	25.1087193	121.5253075	0	0	1	2	8	5	8	5	1	1	5	4	5	13	2	1	1	5	5	1	17	1	5	1	7	1	8	1		1	3	5	
113	10	16	14	59	臺北市	內湖區	內湖區文德路與內湖路2段76巷口	25.078598	121.5809767	0	0	1	2	6	7	5	5	1	1	4	4	5	13	2	1	1	4	4	2	17	1	5	1	6	2	10	1		2	2	11	
113	10	16	15	7	臺北市	中正區	中正區南海路與惠安街口口	25.0286327	121.5081994	0	0	1	2	6	6	5	3	1	1	4	4	5	13	1	1	5	4	5	1	17	1	11	1	7	2	8	1		1	3	8	
113	10	16	15	33	臺北市	大安區	大安區敦化南路1段270巷與仁愛路4段71巷口	25.0389727	121.5471365	0	0	1	2	6	7	5	4	2	1	4	4	5	13	4	4	10	5	5	1	15	1	9	1	7	1	8	1		1	3	8	
113	10	16	15	41	臺北市	萬華區	萬華區萬大路與萬大路90巷口	25.0301812	121.5004891	0	0	2	5	6	6	5	4	2	1	4	4	5	13	2	1	1	4	5	1	17	4	1	1	3	9	4	1		1	3	17	
113	10	16	15	53	臺北市	中山區	中山區北安路670巷與北安路口	25.0841888	121.5494005	0	0	1	2	7	7	5	4	1	1	5	4	5	13	1	1	1	4	5	2	17	1	6	1	7	1	8	1		1	3	5	
113	10	16	16	16	臺北市	松山區	松山區松河街150號	25.0512579	121.5760368	0	0	2	2	7	7	5	14	9	1	4	4	5	13	4	4	9	4	5	2	13	1	9	1	6	1	10	1		1	2	11	
113	10	16	16	23	臺北市	中山區	中山區南京東路2段132號	25.05190371	121.5335934	0	0	1	3	8	7	8	22	22	1	5	4	5	13	4	4	10	3	5	2	17	1	1	1	5	1	10	1		1	3	17	
113	10	16	16	31	臺北市	中正區	中正區羅斯福路2段100號	25.02666	121.5225672	0	0	1	2	6	6	5	14	9	1	4	4	3	13	1	1	3	4	5	1	17	1	9	1	6	1	11	1		2	2	11	
113	10	16	16	40	臺北市	大安區	大安區忠孝東路4段與敦化南路1段口	25.041485	121.5485936	0	0	1	2	8	6	5	4	1	1	5	4	5	13	1	1	9	4	5	1	17	4	8	7	3	11	19	2		1	4	15	
113	10	16	16	42	臺北市	中山區	中山區建國北路2段與長春路口	25.05476991	121.5361199	0	0	1	2	6	7	5	14	9	1	4	4	5	13	4	4	1	4	5	2	17	1	10	1	5	1	10	1		1	2	15	
113	10	16	16	51	臺北市	大安區	大安區仁愛路3段與建國南路1段口	25.0382526	121.5380592	0	0	1	2	7	5	5	4	1	1	5	4	5	13	2	1	1	4	5	2	16	1	6	1	7	9	8	1		1	3	2	
113	10	16	16	54	臺北市	內湖區	內湖區瑞光路與江南街口	25.0760686	121.5755416	0	0	1	2	7	7	5	3	1	1	4	4	5	13	1	1	4	3	5	1	17	1	5	1	7	1	8	1		1	3	2	
113	10	16	17	5	臺北市	士林區	士林區仰德大道3段與仰德大道3段105巷口	25.1211004	121.5527243	0	0	2	2	8	5	5	4	2	1	5	4	5	13	4	4	5	2	5	1	17	1	9	1	6	2	10	1		1	2	14	
113	10	16	17	21	臺北市	信義區	信義區忠孝東路5段與松山路口	25.0409457	121.577739	0	0	1	2	7	5	5	4	1	1	4	4	5	13	1	1	1	5	5	2	17	1	9	1	6	1	10	1		1	2	11	
113	10	16	17	45	臺北市	信義區	信義區基隆路1段47號	25.0466675	121.5679438	0	0	1	2	8	5	5	14	9	1	5	4	5	13	4	4	9	4	5	2	17	1	9	1	5	1	10	2		4	2	12	
113	10	16	18	2	臺北市	信義區	信義區環東大道與市民高架道口口	25.050454	121.5687202	0	0	1	3	8	5	5	10	16	1	5	4	5	13	4	4	10	4	5	2	13	1	9	1	7	2	8	1		1	3	1	
113	10	16	18	9	臺北市	中正區	中正區忠孝東路2段29號	25.0438317	121.5278391	0	0	1	3	6	5	5	14	9	1	4	4	3	13	4	4	1	4	5	1	17	1	15	1	6	2	10	1		2	3	11	
113	10	16	18	9	臺北市	大安區	大安區和平東路3段與臥龍街口	25.0247073	121.546772	0	0	1	2	7	5	5	4	2	1	5	4	5	13	2	1	1	4	5	2	3	1	11	1	7	1	8	1		1	3	8	
113	10	16	18	17	臺北市	中山區	中山區市民大道3段179號	25.0448334	121.5420296	0	0	1	3	8	5	5	14	9	1	5	4	5	13	4	4	1	4	5	2	20	1	9	1	6	1	10	1		1	2	12	
113	10	16	18	20	臺北市	中正區	中正區八德路1段與臨沂街口	25.0438089	121.5307432	0	0	1	2	7	5	5	3	1	1	4	4	5	13	1	1	5	4	5	2	16	1	9	1	6	9	10	1		1	2	12	
113	10	16	18	30	臺北市	萬華區	萬華區萬大路424巷112號對面	25.0210958	121.4952781	0	0	1	2	7	5	5	14	9	1	5	4	5	13	4	4	9	5	5	2	9	1	1	1	7	1	2	1		1	3	17	
113	10	16	19	0	臺北市	大安區	大安區信義路4段74巷6弄2號	25.0322758	121.5470591	0	0	1	2	8	5	5	14	9	5	5	4	5	13	4	4	10	5	5	2	3	1	5	1	7	1	8	1		1	3	8	
113	10	16	19	0	臺北市	松山區	松山區敦化北路與民生東路3段口	25.0576676	121.5487379	0	0	1	2	7	5	5	5	1	1	5	4	5	13	1	1	1	3	4	2	16	1	6	1	7	1	8	1		1	3	6	
113	10	16	19	2	臺北市	信義區	信義區忠孝東路5段與松仁路口	25.041057	121.5686266	0	0	1	2	7	5	5	14	9	1	5	4	5	13	1	1	3	4	5	2	12	1	9	1	7	1	4	1		1	3	2	
113	10	16	19	8	臺北市	文山區	文山區羅斯福路6段與景隆街口口	24.999689	121.5398996	0	0	1	2	7	5	5	4	1	1	4	4	5	13	2	1	5	5	5	2	16	1	5	1	6	1	10	1		2	2	13	
113	10	16	19	28	臺北市	內湖區	內湖區內湖路3段47號	25.08585482	121.5923515	0	0	1	2	8	5	5	14	9	1	5	4	5	13	4	4	10	5	5	2	17	1	11	1	6	2	10	1		1	3	17	
113	10	16	20	55	臺北市	中正區	中正區汀州路3段40號急診室停車場車道口	25.0162077	121.5305794	0	0	2	2	7	5	8	22	22	1	5	4	5	13	4	4	5	5	5	2	17	4	11	1	5	1	11	1		2	2	11	
113	10	16	20	59	臺北市	中山區	中山區建國北路2段11巷與建國北路2段口	25.0535761	121.537058	0	0	1	2	8	5	6	3	2	1	5	4	5	13	4	4	1	4	5	2	13	4	9	1	3	1	10	1		1	2	11	
113	10	16	21	35	臺北市	大同區	大同區鄭州路137號	25.0503296	121.5102632	0	0	2	2	7	5	5	14	9	1	5	4	5	13	4	4	9	4	5	1	17	4	9	1	3	1	10	1		1	2	15	
113	10	16	21	45	臺北市	中山區	中山區長春路258巷2弄	25.0545436	121.5384501	0	0	2	2	7	5	5	14	9	1	5	4	5	13	4	4	10	5	5	2	9	1	9	8	4	1	20	1		1	2	17	
113	10	16	22	6	臺北市	信義區	信義區松高路與松智路口口	25.0390121	121.5654845	0	0	1	2	6	5	5	3	1	1	4	4	5	13	2	1	5	4	5	2	2	1	5	1	7	2	4	1		1	3	8	
113	10	17	5	39	臺北市	萬華區	萬華區中華路2段與中華路2段467巷口	25.0243904	121.5110754	0	0	1	2	7	5	5	4	1	1	5	4	5	13	1	1	9	4	5	2	11	1	7	8	4	1	20	1		2	2	14	
113	10	17	5	42	臺北市	萬華區	萬華區興義街與西園路2段320巷口	25.0266984	121.4917731	0	0	1	2	7	5	5	4	1	1	5	4	5	13	4	4	10	5	5	2	15	1	9	1	5	1	10	1		1	2	11	
113	10	17	6	51	臺北市	士林區	士林區中正路與承德路4段口	25.0910377	121.5166392	0	0	1	2	8	5	5	5	1	1	5	4	5	13	2	1	1	5	5	1	15	1	9	1	7	1	8	1		2	3	2	
113	10	17	6	52	臺北市	北投區	北投區承德路6段往北投方向	25.1091593	121.5116853	0	0	2	2	8	6	5	14	9	1	5	4	5	13	4	4	1	4	5	2	13	1	9	1	5	2	10	1		1	2	11	
113	10	17	7	0	臺北市	士林區	士林區百齡橋往士林	25.09067918	121.5167432	0	0	2	3	8	7	8	14	9	1	5	4	5	13	4	4	1	1	5	1	16	1	8	1	7	1	8	1		1	3	4	
113	10	17	7	5	臺北市	萬華區	萬華區和平西路3段與桂林路246巷口	25.0358311	121.4910638	0	0	1	2	8	7	5	5	2	1	5	4	5	13	3	1	10	5	5	2	16	1	6	1	7	1	4	1		1	3	4	
113	10	17	7	15	臺北市	大安區	大安區信義路3段147巷與仁愛路3段口	25.0378003	121.5419669	0	0	1	2	8	6	5	3	1	1	5	4	5	13	4	4	9	4	5	1	16	4	5	1	3	1	8	1		2	3	5	
113	10	17	7	35	臺北市	大安區	大安區基隆路4段與基隆路4段73巷口	25.0130048	121.5396095	0	0	2	2	8	6	5	4	1	1	5	4	5	13	1	1	9	4	5	1	17	4	15	1	3	1	10	1		1	2	11	
113	10	17	7	39	臺北市	大安區	大安區新生南路3段72號對面停車場出入口	25.0190909	121.5338861	0	0	1	2	8	5	5	14	9	1	5	4	5	13	4	4	1	5	5	2	13	1	9	1	6	1	10	1		1	2	11	
113	10	17	7	43	臺北市	北投區	北投區承德路7段與承德路7段413巷口	25.1207137	121.499937	0	0	1	2	8	6	5	3	1	1	5	4	5	13	4	4	1	4	5	2	17	1	6	1	5	2	10	1		2	3	12	
113	10	17	7	47	臺北市	中正區	中正區西藏路與惠安街口	25.0303781	121.5060171	0	0	2	2	8	6	5	4	1	1	5	4	5	13	1	1	3	4	5	1	17	1	6	1	5	2	10	1		2	2	12	
113	10	17	7	52	臺北市	大安區	大安區基隆路2段與通化街171巷口	25.0275011	121.555948	0	0	1	2	8	6	5	4	1	1	5	4	5	13	1	1	9	4	5	1	17	4	6	1	3	9	8	1		1	3	8	
113	10	17	8	10	臺北市	中山區	中山區中山北路1段與市民大道2段口	25.04817486	121.5208615	0	0	3	3	8	7	5	4	1	1	5	4	5	13	2	1	5	4	5	2	13	4	15	1	6	1	10	1		1	2	11	
113	10	17	8	10	臺北市	內湖區	內湖區環山路1段59巷1弄與環山路1段59巷口	25.0861853	121.5680658	0	0	1	3	8	6	5	4	1	1	5	4	5	13	4	4	10	5	5	2	17	1	9	1	6	1	10	1		1	2	12	
113	10	17	8	16	臺北市	大安區	大安區信義路4段與大安路2段口	25.033238	121.5458886	0	0	3	3	8	6	5	4	1	1	5	4	5	13	2	1	8	4	5	1	16	1	9	1	5	1	9	1		1	2	11	
113	10	17	8	39	臺北市	大同區	大同區鄭州路與延平北路1段口	25.0499392	121.5121566	0	0	2	4	8	5	5	5	2	1	5	4	5	13	2	1	1	4	4	2	13	4	15	7	3	11	19	2		2	4	11	
113	10	17	8	48	臺北市	大安區	大安區和平東路3段與樂業街口	25.0244587	121.5498671	0	0	1	2	8	5	5	14	9	1	5	4	5	13	4	4	1	4	5	2	12	1	7	1	6	1	10	1		1	2	13	
113	10	17	8	50	臺北市	信義區	信義區基隆路2段161號	25.0254666	121.5539339	0	0	2	2	8	7	5	14	9	1	5	4	5	13	4	4	10	4	5	2	17	1	15	1	5	1	10	1		1	2	13	
113	10	17	8	55	臺北市	內湖區	內湖區麥帥一橋附近側附近松山往內湖機車道	25.0523576	121.5724135	0	0	2	3	8	6	5	8	11	1	5	4	5	13	4	4	9	4	5	1	12	1	7	6	5	1	18	1		1	2	14	
113	10	17	8	55	臺北市	大安區	大安區嘉興街與嘉興街363巷口	25.0219974	121.5520229	0	0	2	2	8	6	5	4	1	1	5	4	5	13	4	4	10	5	5	1	17	1	5	8	4	1	20	1		1	2	11	
113	10	17	9	14	臺北市	中山區	中山區中山北路2段與民權西路口	25.06267691	121.5225041	0	0	1	2	8	6	5	3	2	1	5	4	5	13	2	1	8	3	5	1	17	1	6	1	5	1	10	1		2	2	13	
113	10	17	9	17	臺北市	中正區	中正區重慶南路1段與愛國西路口	25.0355886	121.5125795	0	0	2	3	8	6	5	4	1	1	5	4	5	13	1	1	9	4	5	1	13	1	6	1	6	2	10	1		1	2	12	
113	10	17	9	25	臺北市	內湖區	內湖區舊宗路2段191號旁	25.0723261	121.5740554	0	0	1	2	8	6	5	14	9	1	5	4	5	13	4	4	1	5	5	2	13	1	9	1	6	2	10	1		1	3	11	
113	10	17	9	39	臺北市	士林區	士林區百齡橋西往東7510214桿	25.0888742	121.5134423	0	0	1	3	8	5	5	8	9	1	5	4	5	13	4	4	1	5	5	1	17	1	9	1	5	1	10	1		2	2	11	
113	10	17	9	40	臺北市	內湖區	內湖區民權東路6段與瑞光路口	25.0688676	121.5841562	0	0	2	2	8	6	5	4	1	1	5	4	5	13	2	1	1	4	5	2	17	1	8	1	6	1	10	1		1	2	12	
113	10	17	9	52	臺北市	中正區	中正區和平西路1段48號	25.0264785	121.5196002	0	0	1	2	8	6	5	14	7	1	5	4	5	13	4	4	1	4	4	2	12	1	9	1	7	2	8	1		1	3	2	
113	10	17	9	54	臺北市	松山區	松山區塔悠路與南京東路5段389巷11弄口	25.05229746	121.5700631	0	0	2	3	8	5	5	3	2	1	5	4	5	13	4	4	1	3	5	2	12	4	8	1	3	1	8	1		2	3	2	
113	10	17	10	0	臺北市	內湖區	內湖區金龍隧道內	25.08512619	121.5863589	0	0	1	2	8	6	5	6	9	1	5	4	5	13	4	4	1	4	5	2	2	1	9	8	4	11	20	2		1	3	11	
113	10	17	10	5	臺北市	內湖區	內湖區成功路4段與金龍路口	25.0840236	121.5952582	0	0	1	2	8	6	5	4	1	1	5	4	5	13	2	1	1	4	5	2	12	1	9	1	6	1	10	1		2	2	12	
113	10	17	10	13	臺北市	文山區	文山區辛亥路5段與興隆路2段244巷口	25.0001604	121.5542073	0	0	1	2	8	6	5	4	2	1	5	4	5	13	1	1	1	4	5	2	12	1	7	1	7	2	8	1		1	3	8	
113	10	17	10	20	臺北市	松山區	松山區南京東路5段23巷7弄與光復北路口	25.0521796	121.5571661	0	0	1	3	8	7	5	4	1	1	5	4	5	13	4	4	5	1	5	2	15	4	9	1	6	1	10	1		1	2	12	
113	10	17	10	40	臺北市	北投區	北投區大度路3段與承德路7段413巷620弄口	25.1218402	121.4856227	0	0	1	2	8	6	5	14	9	1	5	4	5	13	1	1	1	3	5	1	12	1	1	1	5	2	10	1		1	3	12	
113	10	17	11	0	臺北市	大安區	大安區市民大道3段206號	25.0445063	121.5397806	0	0	1	2	8	7	5	14	9	1	5	4	5	13	4	4	8	3	5	1	13	4	21	7	3	11	19	2		1	4	15	
113	10	17	11	33	臺北市	南港區	南港區市民大道8段與南港路2段178巷口	25.0521553	121.599617	0	0	1	2	8	6	5	3	1	1	4	4	5	13	3	1	1	3	5	2	16	4	9	1	3	2	10	1		2	2	11	
113	10	17	11	36	臺北市	萬華區	萬華區西園路2段與東園街口	25.0282005	121.49519	0	0	3	3	8	6	5	4	1	1	5	4	5	13	1	1	1	3	5	1	17	4	9	1	3	2	10	1		2	2	12	
113	10	17	12	6	臺北市	大同區	大同區保安街與重慶北路2段口	25.0592437	121.5133871	0	0	2	2	8	6	5	5	2	1	5	4	5	13	4	4	5	5	5	2	9	1	9	1	5	2	10	1		1	2	12	
113	10	17	12	14	臺北市	文山區	文山區忠順街1段26巷與忠順街1段26巷12弄口	24.9835196	121.5593678	0	0	1	2	8	5	5	4	1	1	5	4	5	13	4	4	10	5	5	2	15	1	9	1	6	2	10	1		1	2	11	
113	10	17	12	24	臺北市	大同區	大同區市民大道1段1006364燈桿	25.0485456	121.5185973	0	0	1	3	8	5	5	14	9	1	5	4	5	13	4	4	1	4	1	2	17	1	1	1	5	1	10	1		2	2	14	
113	10	17	12	30	臺北市	北投區	北投區承德路6段328號與無名路口	25.1060191	121.5120429	0	0	1	2	8	5	5	3	1	1	5	4	5	13	4	4	3	4	4	2	16	1	6	1	7	2	8	1		1	3	5	
113	10	17	12	40	臺北市	大安區	大安區安和路2段與安和路2段32巷口	25.031705	121.5525635	0	0	1	2	8	7	5	4	2	1	5	4	5	13	1	1	9	5	5	1	17	1	9	1	5	1	10	2		4	2	17	
113	10	17	12	42	臺北市	大同區	大同區甘州街與涼州街口	25.0607636	121.5127308	0	0	1	2	8	6	5	3	1	1	5	4	5	13	4	4	5	5	5	2	17	1	11	1	7	1	4	1		1	3	1	
113	10	17	13	2	臺北市	文山區	文山區北新橋北往南(0708833燈桿)	24.9897997	121.5395307	0	0	2	2	8	6	5	14	9	1	5	4	5	13	4	4	1	4	5	2	13	1	9	1	6	2	10	1		2	2	11	
113	10	17	13	12	臺北市	大同區	大同區延平北路2段與延平北路2段60巷口	25.0553612	121.5116344	0	0	1	2	8	5	5	4	1	1	5	4	5	13	2	1	5	4	5	2	12	1	1	1	5	1	10	1		1	2	12	
113	10	17	13	23	臺北市	松山區	松山區光復南路1號	25.047888	121.5578907	0	0	1	4	8	7	5	14	9	1	5	4	5	13	4	4	1	4	5	2	17	1	7	1	5	1	10	1		1	3	14	
113	10	17	13	43	臺北市	內湖區	內湖區潭美街27號與無名巷口	25.0529443	121.5760493	0	0	1	2	7	6	6	3	1	1	5	4	5	13	4	4	5	5	5	2	16	4	6	1	3	2	10	1		1	3	4	
113	10	17	14	2	臺北市	大同區	大同區西寧北路與長安西路口	25.0520094	121.5085063	0	0	1	2	8	6	5	5	1	1	5	4	5	13	4	4	5	5	5	2	16	1	5	1	7	1	8	1		1	3	8	
113	10	17	14	10	臺北市	信義區	信義區忠孝東路4段與逸仙路口	25.0413137	121.5618921	0	0	1	2	8	6	5	4	2	1	5	4	5	13	2	1	8	3	5	2	17	4	15	1	3	1	10	1		1	2	11	
113	10	17	14	28	臺北市	萬華區	(民和街74號前)	25.0256605	121.4980277	0	0	2	2	8	7	5	4	1	1	5	4	5	13	4	4	8	3	5	2	15	1	9	1	6	1	10	1		2	2	14	
113	10	17	14	54	臺北市	大同區	大同區民權西路與延平北路3段口	25.0630214	121.5110669	0	0	1	2	8	5	5	4	2	1	5	4	5	13	1	1	10	4	5	2	13	1	9	1	5	1	10	1		2	2	11	
113	10	17	14	58	臺北市	信義區	信義區松信路與永吉路200巷24弄口	25.044677	121.5720532	0	0	2	3	8	7	5	4	1	1	5	4	5	13	2	1	9	4	5	2	17	1	9	1	7	2	8	1		1	3	1	
113	10	17	15	9	臺北市	信義區	信義區永吉路30巷與松隆路口口	25.0445305	121.56879	0	0	3	3	8	7	5	4	1	1	5	4	5	13	1	1	1	4	5	2	17	4	5	1	3	2	4	1		1	2	1	
113	10	17	17	8	臺北市	南港區	南港區研究院路2段與大坑街口	25.048842	121.6159753	0	0	1	2	8	6	5	4	1	1	5	4	5	13	2	1	1	4	5	2	16	4	6	1	3	2	6	1		1	3	1	
113	10	17	17	16	臺北市	中正區	中正區襄陽路與南陽街口	25.0434473	121.5160593	0	0	1	2	8	6	5	3	1	1	5	4	5	13	4	4	5	4	5	2	16	1	6	1	7	2	8	1		2	3	5	
113	10	17	17	42	臺北市	內湖區	內湖區民權東路6段與成功路2段口	25.07106827	121.5942315	0	0	1	2	7	5	5	4	1	1	5	4	5	13	1	1	1	4	5	2	12	1	9	8	2	1	20	1		1	2	14	
113	10	17	17	43	臺北市	中山區	中山區林森北路與雙城街49巷口	25.0678911	121.5257385	0	0	1	2	8	7	8	4	2	1	5	4	5	13	4	4	5	5	5	2	17	4	9	1	3	1	10	1		2	2	12	
113	10	17	17	50	臺北市	內湖區	內湖區新明路與新明路219巷口	25.0580471	121.5882479	0	0	1	2	8	5	5	3	1	1	5	4	5	13	1	1	10	5	5	2	16	1	5	3	7	2	18	1		1	3	1	
113	10	17	17	52	臺北市	大安區	大安區復興南路1段204號前	25.039395	121.5436811	0	0	2	3	8	5	5	14	9	1	5	4	5	13	4	4	8	3	5	1	12	1	10	1	5	1	10	1		2	2	14	
113	10	17	18	4	臺北市	士林區	士林區中山北路4段與通河街口	25.0797639	121.5245073	0	0	1	2	8	5	5	3	1	1	5	4	5	13	1	1	1	4	5	2	17	4	4	1	6	1	10	1		1	2	11	
113	10	17	18	5	臺北市	大同區	大同區承德路3段與酒泉街口	25.0703984	121.5185136	0	0	1	2	8	5	5	4	1	1	5	4	5	13	2	1	1	4	5	2	12	4	9	1	3	1	8	1		2	3	2	
113	10	17	18	8	臺北市	內湖區	內湖區安康路476號	25.0678248	121.6157172	3	0	2	7	7	5	5	14	9	1	5	4	5	13	4	4	4	5	5	1	17	1	15	2	7	2	18	1		1	3	4	
113	10	17	18	20	臺北市	大安區	大安區敦南街與辛亥路3段21巷口	25.0224186	121.5466315	0	0	2	3	8	5	5	4	1	1	5	4	5	13	4	4	5	3	5	2	16	1	6	1	6	1	10	1		1	2	12	
113	10	17	18	22	臺北市	大安區	大安區安居街與安居街9巷口口	25.02114857	121.5551196	0	0	1	2	8	6	5	4	1	1	5	4	5	13	4	4	10	5	5	2	15	1	9	8	4	1	20	1		1	3	14	
113	10	17	18	22	臺北市	文山區	文山區木柵路5段43巷（0706836）燈桿前	25.00137326	121.5694545	0	0	1	2	8	5	5	11	9	1	5	3	5	13	4	4	5	5	5	1	18	4	9	1	3	2	10	1		1	2	17	
113	10	17	18	26	臺北市	萬華區	萬華區西園路1段33號	25.0408687	121.4999531	0	0	1	2	8	5	5	14	9	1	5	4	5	13	4	4	9	5	5	2	17	4	5	8	4	1	20	1		2	2	11	
113	10	17	18	37	臺北市	大安區	大安區富陽街與臥龍街口	25.018539	121.5567622	0	0	1	2	7	5	5	4	19	1	5	4	5	13	1	1	4	3	5	1	1	1	9	1	7	1	4	1		1	3	1	
113	10	17	18	40	臺北市	中山區	中山區北安路與敬業三路口	25.08447644	121.5562759	0	0	1	2	8	5	5	4	1	1	5	4	5	13	2	1	10	5	5	2	16	1	6	1	7	1	8	1		2	3	5	
113	10	17	18	58	臺北市	中正區	中正區新生南路1段132巷7號	25.03702215	121.531955	0	0	1	4	7	5	5	14	9	2	5	4	5	10	4	4	10	5	5	2	9	5	16	8	4	10	20	1		2	2	16	
113	10	17	19	15	臺北市	中山區	中山區八德路2段與市民大道3段口	25.0450753	121.5346984	0	0	1	2	8	5	5	4	1	1	5	4	5	13	2	1	5	4	5	2	16	1	6	1	7	1	8	1		1	3	2	