年	月	日	時	分	縣市	行政區	allLocation	GoogleLat	GoogleLng	死	2-30	受傷	當事人數	天候	道路照明設備	道路類別	道路型態	事故位置	路面狀況1	路面狀況2	路面狀況3	道路障礙1	道路障礙2	號誌1	號誌2	車道劃分-分向	車道劃分-分道1	車道劃分-分道2	車道劃分-分道3	事故類型及型態	行動電話	當事者行動狀態	駕駛資格情形	保護裝置	飲酒情形	駕駛執照種類	個人肇逃否	肇因碼-主要	性別	受傷程度	車輛撞擊部位1	車輛撞擊部位2
113	10	17	19	15	臺北市	信義區	信義區永吉路16號	25.0456124	121.5685409	0	0	3	3	7	5	5	14	9	1	5	4	5	13	4	4	1	4	5	2	13	4	9	1	3	1	10	1		1	2	11	
113	10	17	19	42	臺北市	中山區	中山區市民大道3段與新生北路1段口	25.0460588	121.531078	0	0	1	2	8	5	5	14	9	1	5	4	5	13	2	1	1	4	5	2	13	1	9	1	6	1	10	1		1	3	11	
113	10	17	20	0	臺北市	中山區	中山區南京西路3-2號	25.0526235	121.5216142	0	0	1	2	8	5	5	14	9	1	5	4	5	13	4	4	3	4	4	2	17	4	10	1	5	1	9	1		1	2	11	
113	10	17	20	39	臺北市	南港區	南港區忠孝東路7段(流行音樂中心對面)	25.0509471	121.5975724	0	0	2	3	8	5	5	14	8	1	5	4	5	13	4	4	1	4	4	2	12	1	8	1	7	2	8	1		2	3	2	
113	10	17	21	30	臺北市	內湖區	內湖區內湖路1段629巷40弄與內湖路1段629巷口	25.08166128	121.574971	0	0	1	2	8	5	5	3	1	1	5	4	5	13	4	4	5	5	5	2	17	1	5	1	5	2	10	1		1	3	11	
113	10	17	23	0	臺北市	萬華區	萬華區西園路1段196號	25.03613476	121.4993314	0	0	1	2	8	7	5	14	9	1	5	4	5	13	1	1	9	4	5	2	17	4	1	1	7	1	4	1		1	3	8	
113	10	17	23	31	臺北市	中正區	中正區基隆路4段與羅斯福路4段口口	25.0113421	121.5370603	0	0	1	2	7	5	5	5	1	1	5	4	4	13	1	1	1	4	5	2	12	4	8	1	3	1	8	1		1	3	2	
113	10	18	4	21	臺北市	中正區	中正區羅斯福路4段與基隆路4段口	25.0114223	121.5370155	0	0	2	3	8	5	5	5	1	1	5	4	5	13	1	1	1	4	5	2	12	4	9	1	5	1	10	1		2	2	14	
113	10	18	7	20	臺北市	大同區	大同區台北橋西往東往台北	25.0632132	121.5093159	0	0	1	3	8	6	5	14	7	1	5	4	5	13	4	4	4	4	5	2	17	1	14	1	7	1	8	1		1	3	8	
113	10	18	7	30	臺北市	中正區	中正區和平西路2段與寧波西街口	25.0290054	121.5120047	0	0	1	2	8	7	5	4	1	1	5	4	5	13	1	1	5	5	5	2	16	1	11	3	5	2	18	1		2	2	14	
113	10	18	7	44	臺北市	大同區	大同區台北橋機慢車道	25.062755	121.5116051	0	0	2	2	8	5	5	10	11	1	5	4	5	13	4	4	5	4	4	2	12	1	15	1	5	2	10	1		1	2	14	
113	10	18	7	46	臺北市	士林區	士林區至善路2段與故宮路口	25.0980173	121.5465656	0	0	1	2	8	5	5	4	1	1	5	4	5	13	2	1	1	5	5	1	17	1	9	1	5	1	10	1		1	2	11	
113	10	18	7	47	臺北市	士林區	士林區仰德大道2段與仰德大道2段131巷口	25.1089427	121.5467015	0	0	2	2	8	6	5	3	2	1	5	4	5	13	4	4	5	5	5	1	16	1	5	1	5	2	10	1		1	2	14	
113	10	18	7	48	臺北市	中正區	中正區中華路2段與中華路2段309巷口口	25.0288037	121.5052152	0	0	1	2	7	6	5	3	2	1	4	4	5	13	4	4	5	5	4	1	17	1	7	1	6	2	11	1		2	2	13	
113	10	18	7	54	臺北市	內湖區	內湖區康寧路3段與民權東路6段口	25.0733107	121.6057219	0	0	1	2	8	6	5	4	1	1	5	4	5	13	2	1	1	4	4	2	17	1	5	1	5	2	8	1		1	2	14	
113	10	18	8	22	臺北市	萬華區	萬華區和平西路3段235號	25.0354682	121.4960068	0	0	1	3	7	6	5	14	9	1	5	4	5	13	4	4	1	4	5	2	17	1	14	3	7	1	18	1		1	3	2	
113	10	18	8	31	臺北市	信義區	信義區忠孝東路5段275巷與虎林街120巷口	25.0422492	121.5713783	0	0	2	2	8	7	5	4	1	1	5	4	5	13	4	4	10	5	5	2	15	4	9	1	6	1	10	1		1	2	12	
113	10	18	8	40	臺北市	中山區	中山區中山北路4段西往東、圓山飯店下	25.07491475	121.5263016	0	0	1	2	8	7	5	14	9	1	5	4	5	13	1	1	1	4	5	2	13	4	9	1	6	1	10	1		2	3	11	
113	10	18	8	48	臺北市	大同區	大同區鄭州路與塔城街口	25.0502418	121.5107153	0	0	1	3	8	6	5	5	1	1	5	4	5	13	2	1	1	4	5	2	17	1	9	1	6	1	10	1		2	2	11	
113	10	18	8	52	臺北市	大安區	大安區安居街與安居街46巷口	25.0201982	121.5543749	0	0	1	2	8	6	5	4	1	1	5	4	5	13	4	4	9	5	5	1	16	4	5	1	3	1	8	1		1	3	8	
113	10	18	9	4	臺北市	北投區	北投區立功街與立德路口	25.1254135	121.4716009	0	0	2	2	8	6	6	4	1	1	5	4	5	13	1	1	10	5	5	2	17	1	5	1	5	1	10	1		1	2	11	
113	10	18	9	8	臺北市	士林區	士林區天母北路與天母西路口	25.1184408	121.5260474	0	0	1	2	7	6	5	4	2	1	5	4	5	13	1	1	9	4	5	1	13	4	9	1	3	2	8	1		2	3	1	
113	10	18	9	9	臺北市	大安區	大安區敦化南路1段與仁愛路4段112巷13弄口	25.0363243	121.549108	0	0	2	3	8	6	5	3	2	1	5	4	5	13	4	4	1	4	5	2	17	1	6	1	7	1	8	1		2	3	5	
113	10	18	9	25	臺北市	中山區	中山區民權東路2段128號	25.0624172	121.532789	0	0	1	2	8	7	5	14	9	1	5	4	5	13	4	4	1	4	5	2	16	1	7	1	5	1	10	1		2	2	14	
113	10	18	9	25	臺北市	文山區	文山區辛亥路7段與光輝路50巷口	24.9848703	121.5542252	0	0	1	2	8	7	5	3	1	1	5	4	5	13	2	1	5	5	4	2	17	1	5	1	7	1	8	1		1	3	17	
113	10	18	9	53	臺北市	北投區	北投區立德路157號前	25.1284689	121.4727957	0	0	1	2	8	6	5	14	9	1	5	4	5	13	4	4	5	4	5	2	17	1	11	1	7	1	4	1		1	3	4	
113	10	18	10	32	臺北市	中正區	中正區愛國東路與寧波東街口	25.0332693	121.5203625	0	0	1	2	8	6	5	3	1	1	5	4	5	13	1	1	1	4	4	2	12	1	9	1	7	2	8	1		1	3	2	
113	10	18	10	59	臺北市	中正區	(開封街1段108號前)	25.04594155	121.5100274	0	0	1	2	8	5	5	3	1	1	5	4	5	13	4	4	10	5	5	2	1	1	5	1	5	2	9	1		1	3	11	
113	10	18	11	15	臺北市	士林區	士林區承德路5段與士商路口	25.09609041	121.5141117	0	0	1	2	8	5	5	4	1	1	5	4	5	13	2	1	1	4	1	2	17	1	6	1	7	1	8	1		1	3	2	
113	10	18	11	20	臺北市	松山區	松山區塔悠路與南京東路5段口	25.0515518	121.5702824	0	0	1	2	7	6	5	3	2	1	5	4	5	13	2	1	1	3	5	2	17	1	9	1	6	2	10	1		1	2	12	
113	10	18	11	43	臺北市	萬華區	萬華區康定路與內江街口	25.0416645	121.5022189	0	0	1	2	8	6	5	4	1	1	5	4	5	13	2	1	5	4	5	2	17	1	6	1	6	9	10	1		1	3	12	
113	10	18	11	46	臺北市	士林區	士林區至善路2段1-1號	25.09733192	121.5429738	0	0	1	2	8	6	5	14	9	1	5	4	5	13	4	4	1	4	4	2	12	1	7	1	6	1	10	1		1	2	14	
113	10	18	12	3	臺北市	內湖區	內湖區環山路1段與環山路1段9巷口	25.0830105	121.5655321	0	0	1	2	8	7	5	3	1	1	5	4	5	13	4	4	5	4	5	2	16	1	5	1	7	2	8	1		1	3	7	
113	10	18	12	16	臺北市	中正區	中正區和平西路2段與南海路口	25.0305907	121.5093047	0	0	1	2	8	6	5	4	1	1	5	4	5	13	1	1	10	4	5	2	16	1	6	1	5	1	10	1		1	3	12	
113	10	18	12	20	臺北市	北投區	北投區復興二路與開明街口	25.1413782	121.5021525	0	0	1	2	8	6	5	4	1	1	5	4	5	13	4	4	9	5	5	2	15	1	9	1	5	1	10	1		1	2	11	
113	10	18	12	43	臺北市	萬華區	萬華區昆明街與永福街口	25.0383482	121.5038929	0	0	2	2	8	6	5	14	9	1	5	4	5	13	4	4	1	4	5	2	17	1	15	1	6	1	10	1		1	2	14	
113	10	18	13	20	臺北市	士林區	士林區忠義街與忠義街78巷口	25.1059841	121.5316684	0	0	2	2	8	6	5	4	1	1	5	4	5	13	4	4	5	5	5	1	17	4	5	8	4	1	20	1		1	2	14	
113	10	18	13	23	臺北市	信義區	信義區忠孝東路5段275巷與虎林街120巷口	25.042271	121.5713871	0	0	1	2	8	5	5	4	2	1	5	4	5	13	4	4	10	5	5	2	17	1	9	1	5	1	10	1		1	2	11	
113	10	18	13	36	臺北市	松山區	松山區光復北路與民權東路4段口	25.0618156	121.5545145	0	0	3	3	8	6	5	4	1	1	5	4	5	13	1	1	1	4	4	2	13	1	9	1	6	1	10	1		1	2	11	
113	10	18	14	8	臺北市	南港區	南港區惠民街67號	25.0573496	121.6100654	0	0	1	2	8	6	5	14	9	1	5	4	4	13	4	4	5	5	5	2	16	4	7	1	3	1	4	1		1	3	8	
113	10	18	15	4	臺北市	大同區	大同區環河北路2段127號	25.066969	121.5089836	0	0	1	2	7	6	5	14	9	1	5	4	5	13	4	4	8	3	5	1	17	4	9	1	3	2	8	1		1	3	17	
113	10	18	15	39	臺北市	中正區	中正區師大路與水源路口	25.0204749	121.5227155	0	0	1	2	8	6	5	5	2	1	5	4	5	13	1	1	1	4	5	2	12	1	9	1	7	1	8	1		1	3	4	
113	10	18	15	58	臺北市	大同區	大同區重慶北路3段與民權西路口	25.0630782	121.5138509	0	0	1	2	8	6	5	5	1	1	5	4	5	13	2	1	1	4	5	2	13	1	9	1	7	1	8	1		1	3	1	
113	10	18	16	5	臺北市	南港區	南港區中坡北路與玉成街52巷口口	25.0476585	121.5805242	0	0	1	4	8	6	5	4	1	1	5	4	5	13	2	1	3	5	5	2	16	1	5	1	6	1	10	1		2	2	14	
113	10	18	16	54	臺北市	士林區	士林區中正路士林捷運站西往東	25.09522076	121.5257637	0	0	1	2	8	6	5	14	9	1	5	4	5	13	4	4	3	4	5	2	9	1	3	1	7	9	2	1		2	3	15	
113	10	18	17	5	臺北市	中山區	中山區濱江街357號與濱江街口	25.07235971	121.5509399	0	0	1	2	8	7	5	4	2	1	5	4	5	13	2	1	1	4	4	2	17	4	6	1	3	2	2	1		1	3	8	
113	10	18	17	13	臺北市	信義區	信義區崇德街與富陽街口	25.0238186	121.5562337	0	0	1	2	8	5	5	4	1	1	5	4	5	13	4	4	9	5	5	1	15	4	9	1	3	1	3	1		1	3	1	
113	10	18	17	16	臺北市	文山區	文山區興隆路2段244巷與興隆路2段口	25.0011899	121.5537509	0	0	1	2	8	6	5	3	2	1	5	4	5	13	4	4	5	5	5	2	16	1	5	1	5	1	10	1		2	2	12	
113	10	18	17	26	臺北市	士林區	士林區大北路與大西路口	25.09034004	121.5243276	0	0	3	3	8	5	5	4	2	1	5	4	5	13	4	4	10	5	5	2	16	1	9	1	5	1	10	1		1	2	12	
113	10	18	17	42	臺北市	大安區	大安區辛亥路2段與復興南路2段口前	25.0209451	121.5432071	0	0	1	2	8	5	5	4	2	2	5	4	5	13	1	1	10	5	5	2	9	1	9	8	4	9	20	1		2	3	11	
113	10	18	17	45	臺北市	信義區	信義區市民大道6段西往東未過松山路	25.0489041	121.5774374	0	0	1	2	7	5	5	14	9	1	5	4	5	13	4	4	9	3	5	2	13	4	9	1	3	1	4	1		1	3	1	
113	10	18	17	49	臺北市	中山區	中山區建國北路3段93巷5弄5號停車格	25.06640431	121.5366378	0	0	1	2	8	5	5	14	9	1	5	4	5	13	4	4	9	4	5	2	12	1	14	1	3	1	8	1		1	2	4	
113	10	18	18	16	臺北市	文山區	文山區木柵路1段與辛亥路6段口口	24.9878929	121.5524428	0	0	1	2	8	5	5	4	1	1	5	4	5	13	2	1	5	4	5	2	16	1	6	1	7	1	8	1		2	3	2	
113	10	18	18	21	臺北市	士林區	士林區福國路15巷與雙溪街口	25.1005172	121.5247657	0	0	1	2	8	5	5	3	2	1	5	4	5	13	4	4	10	4	5	1	17	1	9	1	7	2	8	1		1	3	4	
113	10	18	18	35	臺北市	中正區	中正區八德路1段1號(華山1914停車場出入口)	25.04348355	121.5289613	0	0	1	2	7	5	8	22	23	1	5	4	5	8	4	4	10	5	5	2	15	1	1	1	2	9	8	1		1	3	1	
113	10	18	18	36	臺北市	中山區	中山區大直街與北安路458巷41弄口	25.07986244	121.5470622	0	0	1	2	7	5	5	4	1	1	5	4	5	13	1	1	5	4	5	2	17	1	5	1	7	2	8	1		1	3	8	
113	10	18	18	38	臺北市	南港區	南港區忠孝東路7段99號	25.051302	121.5997905	0	0	1	2	8	5	5	14	7	1	5	4	5	13	4	4	3	4	4	2	13	1	9	6	6	1	9	1		1	2	11	
113	10	18	18	45	臺北市	大安區	大安區和平東路2段與新生南路3段口口	25.02590493	121.5350171	0	0	2	2	8	5	5	4	1	1	5	4	5	13	1	1	1	1	4	1	15	1	6	1	6	1	10	1		1	2	11	
113	10	18	19	0	臺北市	中山區	中山區中山橋往北	25.0739761	121.5244111	0	0	1	4	8	5	5	8	11	1	5	4	5	13	4	4	2	4	4	2	13	1	9	1	6	1	10	1		2	2	11	
113	10	18	19	15	臺北市	松山區	松山區市民大道4段第0201360號燈桿	25.04499261	121.5565543	0	0	3	4	7	5	5	14	9	1	5	4	5	13	4	4	9	4	5	2	13	1	9	1	6	1	10	1		1	2	11	
113	10	18	19	36	臺北市	大安區	大安區復興南路2段116號	25.0293577	121.5434213	0	0	2	2	7	6	5	14	9	1	5	4	5	13	2	1	1	3	5	2	13	1	9	1	6	1	10	1		2	2	12	
113	10	18	20	4	臺北市	中山區	中山區樂群一路與敬業三路口	25.07717814	121.5563173	0	0	1	2	7	5	5	4	1	1	5	4	5	13	1	1	3	4	5	2	17	1	5	1	7	1	1	1		1	3	5	
113	10	18	20	22	臺北市	大安區	大安區基隆路4段43號	25.013914	121.5403303	0	0	3	5	7	5	5	14	7	1	5	4	5	13	2	1	1	3	4	2	16	5	20	8	4	10	20	1		3	2	16	
113	10	18	20	28	臺北市	北投區	北投區學園路與中央北路4段口	25.1268523	121.4658208	0	0	1	2	8	5	5	14	9	1	5	4	5	13	4	4	5	5	5	2	16	1	11	1	7	1	2	1		1	3	4	
113	10	18	20	40	臺北市	大同區	大同區鄭州路與西寧北路口	25.05060306	121.5082009	0	0	1	2	7	5	5	4	2	1	5	4	5	13	1	1	1	4	5	2	17	1	9	1	7	1	8	1		1	3	5	
113	10	18	20	45	臺北市	文山區	文山區興隆路4段205號	24.982901	121.5623117	0	0	1	2	8	5	5	14	9	1	5	4	5	13	4	4	3	4	5	1	13	1	9	1	6	1	10	1		1	2	11	
113	10	18	21	5	臺北市	中山區	中山區植福路200號	25.08070269	121.5616115	0	0	1	2	8	5	5	14	9	1	5	4	5	13	4	4	9	4	5	2	18	1	9	1	6	9	10	1		2	2	14	
113	10	18	21	25	臺北市	中山區	中山區植福路8號	25.0837339	121.5550552	0	0	2	2	7	5	5	14	9	1	5	4	5	13	4	4	9	5	5	2	6	5	18	8	4	10	20	1		1	2	16	
113	10	18	22	15	臺北市	文山區	文山區木新路3段127巷與木新路3段127巷2弄口	24.9815246	121.5620931	0	0	2	2	8	5	5	4	1	1	5	4	5	13	4	4	10	5	5	1	15	1	9	1	5	1	10	1		2	2	11	
113	10	18	23	0	臺北市	信義區	信義區松仁路147號	25.0299899	121.5684727	0	0	2	2	8	5	5	14	20	4	5	4	5	13	4	4	10	5	5	2	3	4	9	8	3	1	20	1		1	2	11	
113	10	18	23	57	臺北市	松山區	松山區光復南路32巷與光復南路32巷16弄口	25.0465072	121.5564749	0	0	1	2	7	6	5	4	1	1	5	4	5	13	3	1	8	5	5	2	15	1	9	8	4	1	20	1		1	2	11	
113	10	19	1	54	臺北市	信義區	信義區松高路12號	25.0390192	121.5656625	0	0	1	2	7	5	5	14	20	1	5	4	5	13	4	4	10	5	5	2	18	4	15	8	3	11	20	1		2	2	11	
113	10	19	2	39	臺北市	中正區	中正區南海路與重慶南路2段口	25.0319459	121.5147292	0	0	2	2	8	5	5	4	2	1	5	4	5	13	1	1	10	4	5	2	13	1	9	1	5	2	10	1		1	2	11	
113	10	19	7	8	臺北市	萬華區	萬華區環河南路1段與內江街口	25.04192638	121.5000806	0	0	1	3	8	7	5	3	2	1	5	4	4	13	1	1	5	4	5	2	17	1	6	1	7	1	8	1		1	3	2	
113	10	19	7	10	臺北市	松山區	松山區光復北路0202228燈桿	25.06067629	121.5548062	0	0	1	2	8	6	5	14	7	1	5	4	5	13	4	4	5	4	4	2	16	1	11	1	7	1	8	1		1	3	5	
113	10	19	7	25	臺北市	內湖區	內湖區成功路2段328號	25.06832914	121.5907206	0	0	1	2	8	5	5	14	9	1	5	4	5	13	4	4	1	4	5	1	17	1	9	1	7	2	8	1		2	3	17	
113	10	19	7	41	臺北市	萬華區	萬華區環河南路1段與內江街口	25.0419423	121.5001183	0	0	1	2	7	6	5	3	1	1	5	4	5	13	2	1	2	4	5	2	17	1	9	8	4	1	20	1		1	2	15	
113	10	19	7	45	臺北市	文山區	文山區木柵路5段43巷第5-1區公墓	25.01183363	121.5829667	0	0	1	2	8	7	5	11	9	1	5	4	5	13	4	4	5	5	5	1	10	1	15	1	7	1	8	1		2	3	8	
113	10	19	7	50	臺北市	大同區	大同區環河北路1段241號對面	25.0578369	121.5083487	0	0	1	2	8	7	5	14	7	1	5	4	5	13	4	4	1	4	5	2	17	4	9	1	3	2	4	1		2	3	7	
113	10	19	8	44	臺北市	文山區	文山區新光路2段燈桿0707676號	24.99782144	121.5952499	0	0	2	2	8	6	5	11	9	1	5	4	5	13	4	4	9	5	5	1	17	4	15	1	3	1	10	1		1	2	13	
113	10	19	8	53	臺北市	萬華區	萬華區萬青街與青年路68巷口	25.02351364	121.5015953	0	0	1	2	8	7	5	4	2	1	5	4	5	13	3	1	5	5	5	2	17	1	6	1	5	1	10	1		1	3	12	
113	10	19	9	1	臺北市	內湖區	內湖區內湖路3段143巷3號	25.08195735	121.5900439	0	0	1	2	8	5	5	14	9	1	5	4	5	13	4	4	10	5	5	1	2	4	9	7	3	11	19	2		2	4	2	
113	10	19	9	5	臺北市	大安區	大安區通化街與通化街171巷口	25.0280684	121.5535977	0	0	3	4	8	6	5	4	1	1	5	4	5	13	2	1	5	5	5	1	16	4	5	1	3	1	10	1		1	2	14	
113	10	19	9	16	臺北市	中山區	中山區合江街70巷	25.0569088	121.5386332	0	0	1	2	8	6	5	14	9	1	5	4	5	13	4	4	10	5	5	2	16	1	1	1	7	2	8	1		1	3	8	
113	10	19	9	18	臺北市	信義區	信義區大道路75號	25.0405921	121.5830659	0	0	1	2	8	7	5	14	9	1	5	4	5	13	1	1	9	5	5	2	12	4	9	1	3	1	4	1		1	3	6	
113	10	19	9	27	臺北市	中山區	中山區建國北路3段與民族東路口	25.06809744	121.5336795	0	0	1	2	7	5	5	5	2	1	5	4	5	13	2	1	5	4	5	2	17	4	6	1	3	1	8	1		2	3	2	
113	10	19	9	54	臺北市	中正區	中正區思源街1號(自來水園區前)	25.0134383	121.5303664	0	0	2	2	8	6	7	14	23	1	5	4	5	13	4	4	10	5	5	1	9	1	9	8	4	1	20	1		1	2	11	
113	10	19	10	0	臺北市	松山區	松山區民生東路5段與三民路口	25.05872895	121.5637811	0	0	1	2	8	6	5	4	1	1	5	4	5	13	2	1	1	4	5	2	15	1	15	1	6	2	10	1		1	2	14	
113	10	19	10	13	臺北市	內湖區	內湖區康寧路3段245巷與康寧路3段265巷口	25.0666756	121.6127894	0	0	2	3	8	5	5	3	1	1	5	4	5	13	4	4	5	5	5	2	16	1	11	1	7	2	8	1		1	3	1	
113	10	19	10	23	臺北市	士林區	士林區中正路315號	25.0946723	121.523231	0	0	1	3	8	6	5	14	9	1	5	4	5	13	4	4	10	5	5	1	16	1	7	1	5	2	10	1		2	2	14	
113	10	19	10	26	臺北市	大安區	大安區新生南路3段與新生南路3段54巷口	25.0208557	121.5340053	0	0	1	2	8	5	5	3	2	1	5	4	5	13	4	4	1	4	5	2	16	1	6	1	7	1	6	1		1	3	6	
113	10	19	10	47	臺北市	士林區	士林區承德路4段與大南路口口	25.08877248	121.5216782	0	0	1	3	8	6	5	14	9	1	5	4	5	13	2	1	1	4	5	2	13	1	12	1	6	1	10	1		2	3	17	
113	10	19	10	53	臺北市	士林區	士林區忠誠路1段173巷與德行東路190巷口	25.10804429	121.5313479	0	0	1	2	8	6	5	4	1	1	5	4	5	13	4	4	10	5	5	1	15	1	9	1	7	1	8	1		2	3	8	
113	10	19	10	58	臺北市	中山區	中山區八德路2段205號	25.04664609	121.5400261	0	0	2	3	8	7	5	14	9	1	5	4	5	13	4	4	5	4	5	2	17	4	5	1	3	1	8	1		1	3	2	
113	10	19	11	2	臺北市	松山區	松山區民權大橋東往西(下橋處)	25.06372555	121.567936	0	0	1	2	8	6	5	8	9	1	5	4	1	13	4	4	1	4	5	2	17	4	8	1	3	2	8	1		2	3	17	
113	10	19	11	16	臺北市	士林區	士林區中山北路6段728巷與中山北路6段728巷9弄口	25.11443352	121.5284493	0	0	1	3	8	6	5	3	2	1	5	4	5	13	4	4	10	5	5	1	11	1	8	1	7	1	8	1		2	3	8	
113	10	19	11	38	臺北市	北投區	北投區大度路1段(014燈桿)往北投	25.12104023	121.4985073	0	0	1	2	8	6	5	14	9	1	5	4	5	13	4	4	9	4	4	1	18	1	9	1	5	1	10	1		2	2	14	
113	10	19	12	17	臺北市	文山區	文山區興隆路2段275巷1弄與福興路4巷口口	25.003353	121.5518484	0	0	2	3	8	6	6	4	1	1	5	4	5	13	4	4	10	5	5	2	15	1	9	1	6	1	10	1		1	2	12	
113	10	19	12	20	臺北市	內湖區	內湖區康寧路3段與康寧路3段189巷口	25.0698424	121.6119235	0	0	1	2	8	6	5	3	1	1	5	4	5	13	4	4	1	5	5	2	3	1	9	8	4	2	20	1		1	3	11	
113	10	19	12	24	臺北市	內湖區	內湖區永保街與安康路口	25.06450157	121.6070421	0	0	1	2	8	6	5	3	2	1	5	4	5	13	4	4	5	5	5	2	17	1	5	1	6	2	10	1		1	3	11	
113	10	19	13	2	臺北市	萬華區	萬華區環河南路1段與貴陽街2段口	25.0401243	121.4978458	0	0	1	2	8	5	5	4	1	1	5	4	5	13	2	1	1	3	5	1	16	4	5	1	3	1	3	1		1	3	4	
113	10	19	13	56	臺北市	大同區	大同區環河北路1段與環河北路口(南向北，玉泉公園旁）	25.05051945	121.5069407	0	0	1	2	7	6	5	3	1	1	5	4	5	13	4	4	8	3	5	1	16	4	6	1	3	1	8	1		1	3	2	
113	10	19	14	9	臺北市	北投區	北投區大業路302號對面	25.1293104	121.4968568	0	0	1	2	8	5	8	22	22	1	5	4	5	13	4	4	10	5	5	2	17	1	14	1	3	2	8	1		1	3	4	
113	10	19	14	13	臺北市	大同區	大同區延平北路3段與民權西路口	25.0629983	121.511158	0	0	4	4	8	6	5	5	1	1	5	4	5	13	2	1	1	4	5	2	17	1	5	1	6	1	9	1		1	2	14	
113	10	19	14	45	臺北市	內湖區	內湖區堤外便道(五分疏散門)	25.0654069	121.6138313	0	0	2	2	8	5	5	14	9	1	5	4	5	13	3	1	5	5	5	1	16	1	9	1	7	2	8	1		1	2	8	
113	10	19	14	50	臺北市	大安區	大安區新生南路1段119巷與仁愛路3段5巷口	25.0392424	121.5334333	0	0	1	2	8	6	5	4	1	1	5	4	5	13	4	4	10	5	5	2	15	4	9	1	6	1	10	1		2	2	11	
113	10	19	14	56	臺北市	北投區	北投區溫泉路119號	25.1365205	121.5124421	0	0	1	2	8	7	5	11	9	1	5	4	5	13	4	4	10	5	5	2	11	4	9	1	3	1	8	1		1	3	8	
113	10	19	15	0	臺北市	萬華區	萬華區西寧南路與西寧南路50巷口	25.0442042	121.5063574	0	0	1	3	8	5	5	4	18	1	5	4	5	13	4	4	7	4	5	2	9	4	9	1	6	2	10	1		1	3	11	
113	10	19	15	13	臺北市	內湖區	內湖區新明路278號前	25.0561026	121.5827032	0	0	1	2	8	5	5	14	9	1	5	4	5	13	4	4	5	4	5	2	16	1	7	1	7	2	8	1		1	3	8	
113	10	19	15	33	臺北市	大同區	大同區民權西路與承德路2段口	25.0625089	121.5186077	0	0	1	2	8	6	5	4	4	1	5	4	5	13	2	1	1	4	5	2	13	4	9	1	5	1	10	1		1	2	11	
113	10	19	15	55	臺北市	大同區	大同區蘭州街12號	25.0619373	121.5142435	0	0	1	3	8	7	5	14	9	1	5	4	5	13	4	4	10	5	5	2	17	4	9	1	3	1	8	1		1	3	4	
113	10	19	16	42	臺北市	士林區	士林區仰德大道2段與仰德大道2段11巷口	25.1034336	121.5417164	0	0	2	3	6	6	5	3	3	1	4	4	5	13	4	4	5	2	5	1	17	1	5	1	7	2	8	1		1	3	1	
113	10	19	17	21	臺北市	萬華區	萬華區寶興街與寶興街65巷口	25.0264396	121.4941481	0	0	1	2	7	7	8	4	1	1	5	4	5	13	4	4	9	5	5	2	11	1	9	6	5	7	10	1		1	2	14	
113	10	19	17	25	臺北市	大安區	大安區仁愛路3段24巷與建國南路1段304巷口	25.0357036	121.5359363	0	0	1	3	6	5	5	4	1	1	4	4	5	10	4	4	10	5	5	1	3	4	5	1	3	2	8	1		2	3	8	
113	10	19	17	29	臺北市	信義區	信義區忠孝東路5段10號	25.0408205	121.5660815	0	0	1	2	7	5	5	14	9	1	5	4	5	13	4	4	9	4	5	2	17	1	5	1	7	1	4	1		1	3	5	
113	10	19	17	30	臺北市	內湖區	內湖區康寧路3段16巷與康寧路3段口	25.0712397	121.6100956	0	0	1	2	6	5	5	4	1	1	4	4	5	13	2	1	1	4	5	2	17	1	5	1	7	1	4	1		1	3	17	
113	10	19	17	30	臺北市	南港區	南港區興中路與興中路68巷口	25.0568805	121.6069809	0	0	1	2	6	5	5	3	2	1	4	4	5	13	4	4	9	5	5	2	13	4	9	1	6	1	10	1		1	3	11	
113	10	19	17	40	臺北市	大同區	大同區長安西路與長安西路138巷口	25.0506907	121.5177096	0	0	1	3	6	5	5	3	2	1	4	4	5	13	4	4	5	4	5	2	17	4	6	1	3	1	8	1		1	3	5	
113	10	19	18	5	臺北市	松山區	松山區市民高架道往西341號燈桿	25.04507877	121.5481584	0	0	2	2	7	6	8	14	9	1	4	4	5	13	4	4	1	3	5	2	13	4	9	1	3	1	8	1		1	2	1	
113	10	19	18	6	臺北市	中山區	中山區民生東路2段86號	25.0578971	121.5306208	0	0	1	3	6	5	5	14	9	1	4	4	5	13	4	4	5	4	5	2	12	1	14	1	7	2	4	1		1	3	6	
113	10	19	18	11	臺北市	大同區	大同區西寧北路57號	25.05444851	121.5088531	0	0	3	3	6	5	5	22	18	1	4	4	5	13	4	4	8	3	5	1	3	4	9	1	6	2	10	1		1	2	11	
113	10	19	18	19	臺北市	大安區	大安區延吉街70巷口側附近	25.0426383	121.5541346	0	0	1	2	6	5	5	14	9	1	4	4	5	13	2	1	9	4	5	2	17	4	6	1	3	1	10	1		2	2	13	
113	10	19	19	10	臺北市	松山區	松山區八德路4段與松信路口	25.0498372	121.5721896	0	0	1	3	7	5	5	4	1	1	4	4	5	13	2	1	9	4	5	2	17	4	5	1	7	1	8	1		1	3	1	