年	月	日	時	分	縣市	行政區	allLocation	GoogleLat	GoogleLng	死	2-30	受傷	當事人數	天候	道路照明設備	道路類別	道路型態	事故位置	路面狀況1	路面狀況2	路面狀況3	道路障礙1	道路障礙2	號誌1	號誌2	車道劃分-分向	車道劃分-分道1	車道劃分-分道2	車道劃分-分道3	事故類型及型態	行動電話	當事者行動狀態	駕駛資格情形	保護裝置	飲酒情形	駕駛執照種類	個人肇逃否	肇因碼-主要	性別	受傷程度	車輛撞擊部位1	車輛撞擊部位2
113	10	19	19	42	臺北市	中正區	中正區羅斯福路2段與羅斯福路2段48巷口	25.0279517	121.5216039	0	0	1	3	6	5	5	4	2	1	4	4	5	13	1	1	1	4	5	1	17	1	6	1	7	2	4	1		1	3	17	
113	10	19	19	42	臺北市	北投區	北投區光明路178號	25.135694	121.5032234	0	0	2	2	6	5	5	14	18	1	4	4	5	13	3	1	7	4	5	1	3	1	9	1	5	1	10	1		2	2	11	
113	10	19	19	42	臺北市	大安區	大安區羅斯福路4段公館站2號出口	25.0143835	121.5348709	0	0	1	2	6	5	5	14	9	1	4	4	5	13	4	4	1	4	5	2	17	4	9	3	3	11	18	1		1	4	12	
113	10	19	19	45	臺北市	士林區	士林區延平北路7段106巷與延平北路8段2巷200弄口	25.11288974	121.4905395	0	0	3	4	6	5	5	3	1	1	4	4	5	13	3	1	10	5	5	2	10	1	15	1	6	1	10	1		1	2	11	
113	10	19	20	45	臺北市	中正區	中正區汀州路2段80號	25.0250855	121.5188231	0	0	2	4	6	5	5	14	9	1	4	4	5	13	2	1	5	5	5	2	3	1	12	1	7	1	8	1		1	3	6	
113	10	19	20	57	臺北市	萬華區	萬華區長沙街2段與西昌街口	25.0409056	121.5006883	0	0	1	2	8	5	5	4	1	1	5	4	5	13	1	1	9	5	5	2	9	1	5	1	7	9	8	1		2	3	8	
113	10	19	21	10	臺北市	南港區	南港區市民大道7段與向陽路口	25.0514864	121.5953694	0	0	1	2	6	5	5	4	1	1	4	4	5	12	2	1	1	4	5	2	13	4	5	1	3	1	14	1		1	3	1	
113	10	19	21	30	臺北市	北投區	北投區大度路112號機車優先道(東往西)	25.1217231	121.4962607	0	0	4	4	8	5	5	14	12	1	5	4	5	13	4	4	9	4	4	1	12	1	9	1	5	1	10	1		1	2	11	
113	10	19	21	32	臺北市	大安區	大安區和平東路2段與復興南路2段口	25.024739	121.5433442	0	0	1	2	6	5	5	4	2	1	4	4	5	13	2	1	1	4	5	2	17	4	6	1	3	1	8	1		2	3	1	
113	10	19	22	11	臺北市	北投區	北投區北投路1段67號	25.1270527	121.50053	0	0	1	3	7	5	5	14	8	1	5	4	5	13	4	4	5	4	4	2	12	1	7	8	4	9	20	1		2	2	14	
113	10	19	22	12	臺北市	萬華區	萬華區艋舺大道275巷與艋舺大道口口	25.033211	121.497693	0	0	1	2	6	5	5	3	1	1	4	4	5	13	4	4	1	3	5	2	20	1	9	5	5	4	10	1		1	2	11	
113	10	19	22	13	臺北市	大同區	大同區鄭州路與西寧北路口	25.05060265	121.5082018	0	0	1	2	6	5	5	4	2	1	4	4	5	13	1	1	1	4	5	2	17	1	15	1	7	1	8	1		1	3	5	
113	10	19	22	22	臺北市	中正區	中正區重慶南路3段98號	25.0254009	121.5163617	0	0	1	2	6	5	5	14	9	1	4	4	5	13	4	4	3	4	5	2	17	1	9	1	5	1	10	1		2	2	17	
113	10	20	0	5	臺北市	士林區	士林區士商路與承德路5段口	25.0960592	121.5139267	0	0	2	2	7	5	5	4	1	1	5	4	5	13	1	1	5	3	5	2	15	4	15	1	3	2	10	1		2	2	11	
113	10	20	0	13	臺北市	文山區	文山區興隆路2段與福興路口	25.0017772	121.5518403	0	0	1	2	6	5	5	3	19	1	4	4	5	13	2	1	5	5	5	2	3	1	5	1	7	2	4	1		1	3	4	
113	10	20	0	39	臺北市	文山區	文山區木柵路4段與萬芳路口	24.9949244	121.5717053	0	0	1	2	6	5	5	3	1	1	4	4	5	13	1	1	10	5	5	2	16	1	5	1	7	2	8	1		1	3	5	
113	10	20	1	0	臺北市	信義區	信義區松壽路20號	25.035848	121.5671221	0	0	1	2	6	6	5	14	9	1	4	4	5	13	2	1	5	4	5	2	17	1	7	1	6	11	10	1		2	2	15	
113	10	20	4	12	臺北市	北投區	北投區承德路6段與福國路口	25.1018399	121.5121744	0	0	1	2	7	5	5	4	2	1	5	4	5	13	1	1	1	4	5	2	13	1	9	1	7	1	8	1		1	3	5	
113	10	20	4	40	臺北市	北投區	北投區承德路6段427號	25.1079912	121.5111616	0	0	1	5	8	5	5	14	9	1	5	4	5	13	4	4	1	3	1	1	17	1	9	1	3	4	8	1		1	3	1	1
113	10	20	5	0	臺北市	松山區	松山區松河街28號	25.05076848	121.5729038	0	0	1	2	7	5	5	14	9	1	4	4	5	13	4	4	9	4	5	2	3	4	9	1	5	1	10	1		1	3	12	
113	10	20	6	10	臺北市	內湖區	內湖區東湖路與安康路口	25.0682312	121.6160606	0	0	1	2	6	5	5	4	1	1	4	4	5	13	1	1	5	4	5	2	15	1	9	8	2	1	20	1		2	3	12	
113	10	20	6	40	臺北市	文山區	文山區木柵路1段87號	24.9869854	121.5470545	0	0	1	2	6	7	5	14	9	1	4	4	5	13	4	4	5	4	5	2	17	1	9	1	5	1	10	1		1	2	11	
113	10	20	7	7	臺北市	內湖區	內湖區東湖路160巷與堤外便道口	25.0658401	121.6180015	0	0	2	2	6	7	5	14	9	1	4	4	5	13	2	1	9	5	5	2	13	1	14	1	6	2	10	1		1	2	13	
113	10	20	8	5	臺北市	南港區	南港區重陽路與興華路口	25.0578016	121.6057607	0	0	1	2	6	6	5	4	1	1	4	4	5	13	2	1	5	4	4	2	16	4	5	1	3	2	8	1		2	3	8	
113	10	20	8	11	臺北市	中正區	中正區中華路2段333號	25.0272831	121.506592	0	0	2	2	6	6	5	14	7	1	4	4	5	13	4	4	9	4	4	2	17	1	9	6	5	11	10	1		1	2	11	
113	10	20	9	0	臺北市	中正區	中正區愛國西路與博愛路口	25.03592421	121.5109413	0	0	1	2	8	6	5	4	1	1	5	4	5	13	2	1	10	4	5	2	16	4	6	1	7	2	8	1		2	3	2	
113	10	20	9	2	臺北市	大同區	大同區敦煌路與哈密街59巷口	25.0762707	121.5157125	0	0	2	3	7	6	5	4	1	1	5	4	5	13	4	4	10	5	5	2	17	1	6	1	7	1	8	1		1	3	2	
113	10	20	9	19	臺北市	大安區	大安區市民大道3段第069號燈桿處	25.04454198	121.5386029	0	0	2	2	6	6	5	14	9	1	4	4	5	13	4	4	1	4	5	1	12	4	15	1	3	1	10	1		1	2	12	
113	10	20	9	47	臺北市	內湖區	內湖區金龍路與金龍隧道口口	25.07101375	121.5944089	0	0	1	2	6	6	5	3	18	1	4	4	5	13	2	1	5	4	5	2	3	1	5	1	7	1	8	1		1	3	8	
113	10	20	9	50	臺北市	北投區	北投區大度路3段與立德路口口	25.1229566	121.4714586	0	0	1	3	8	6	5	3	1	1	5	4	5	13	2	1	1	4	4	2	17	1	5	1	7	2	8	1		1	3	2	
113	10	20	9	58	臺北市	大安區	大安區信義路3段與信義路3段134巷口	25.0333223	121.5394931	0	0	1	2	6	6	5	4	1	1	4	4	5	11	2	1	1	4	5	1	15	4	9	8	4	1	20	1		2	3	11	
113	10	20	10	10	臺北市	中正區	中正區懷寧街與開封街1段口	25.04603387	121.5141618	0	0	1	2	7	6	5	4	1	1	4	4	5	13	3	1	5	5	5	2	15	1	9	1	7	2	4	1		1	3	8	
113	10	20	10	29	臺北市	中山區	中山區林森北路383巷與民生東路1段61巷口	25.05891529	121.5261822	0	0	1	2	7	7	5	3	2	1	5	4	5	13	4	4	10	5	5	1	17	1	5	1	7	1	4	1		1	3	8	
113	10	20	10	49	臺北市	信義區	信義區忠孝東路4段516號	25.0411004	121.5628634	0	0	1	2	6	6	5	14	9	1	4	4	5	13	4	4	5	5	5	2	17	4	9	1	5	2	10	1		2	2	14	
113	10	20	11	4	臺北市	大安區	大安區辛亥路3段往西(青峰活動中心站牌前)	25.0159364	121.5507701	0	0	2	3	6	7	5	14	9	1	4	4	5	13	4	4	10	4	5	2	13	1	9	1	6	1	10	1		1	2	11	
113	10	20	11	5	臺北市	內湖區	內湖區環山路2段59號停車格	25.0864393	121.5705351	0	0	2	3	6	6	5	14	9	1	4	4	5	13	4	4	5	4	5	2	17	1	11	1	7	2	8	1		1	3	8	
113	10	20	11	28	臺北市	萬華區	萬華區富民路155巷與富民路145巷36弄口	25.01871942	121.5014969	0	0	1	2	6	7	5	3	2	1	4	4	1	13	4	4	10	5	5	2	17	1	5	1	6	1	10	1		1	2	12	
113	10	20	11	40	臺北市	中山區	中山區長春路208號與長春路口無名巷	25.05474475	121.5373413	0	0	1	2	8	7	5	3	1	1	5	4	5	13	4	4	5	2	5	2	17	1	9	1	5	1	10	1		1	3	11	
113	10	20	11	46	臺北市	中山區	中山區吉林路與新生北路3段3巷口	25.0631369	121.5303549	1	0	0	2	8	7	5	4	1	1	5	4	5	13	4	4	10	5	5	2	15	1	9	1	7	2	8	1		2	3	2	
113	10	20	12	10	臺北市	北投區	北投區石牌路2段201號	25.11865235	121.5198967	0	0	1	2	7	6	5	14	9	1	5	4	5	13	1	1	9	4	5	2	13	1	9	1	5	1	10	1		1	2	11	
113	10	20	12	33	臺北市	南港區	南港區市民大道8段與中南街口	25.054377	121.6151239	0	0	1	2	6	6	5	5	1	1	4	4	5	13	1	1	1	4	5	2	16	1	11	1	7	1	8	1		1	3	5	
113	10	20	12	56	臺北市	萬華區	萬華區民和街與萬大路口	25.02632957	121.5005073	0	0	1	2	7	7	5	4	1	4	5	4	5	13	1	1	5	5	5	2	17	1	5	1	5	1	10	1		2	2	14	
113	10	20	13	22	臺北市	大同區	大同區南京西路與承德路1段口	25.05325321	121.517569	0	0	2	4	7	6	5	14	9	1	5	4	5	13	4	4	8	3	4	1	16	4	8	1	3	1	8	1		1	3	5	
113	10	20	13	46	臺北市	信義區	信義區吳興街與吳興街350巷口	25.0257869	121.5664366	0	0	1	2	6	7	5	3	1	1	4	4	5	13	4	4	10	5	5	2	16	1	9	1	7	1	8	1		1	3	8	
113	10	20	14	42	臺北市	大安區	大安區復興南路2段280號	25.0243349	121.5432864	0	0	1	2	7	7	5	22	20	5	4	4	5	13	4	4	10	5	5	2	17	4	1	1	3	1	8	1		2	3	1	
113	10	20	14	49	臺北市	南港區	南港區昆陽街與東新街口	25.0486705	121.5940559	0	0	1	2	6	6	5	5	1	1	4	4	5	13	1	1	5	4	5	2	16	1	6	1	7	1	8	1		1	3	2	
113	10	20	16	15	臺北市	士林區	士林區中山北路6段與天母東路口口	25.1183424	121.5301806	0	0	2	3	7	7	5	14	8	1	5	4	5	13	2	1	1	3	4	2	12	1	21	1	5	2	10	1		1	2	11	
113	10	20	16	38	臺北市	士林區	士林區承德橋南往北	25.07972948	121.5219356	0	0	1	2	7	6	5	8	9	1	5	4	5	13	4	4	4	4	5	1	18	1	9	3	6	1	18	1		1	2	14	
113	10	20	17	25	臺北市	萬華區	萬華區西園路2段96巷與西園路2段140巷口	25.0312859	121.4952681	0	0	1	2	7	5	5	5	1	1	5	4	5	12	4	4	9	5	5	2	17	1	5	1	5	1	10	1		2	2	15	
113	10	20	17	37	臺北市	大安區	(和平東路3段228巷16號前)	25.0219634	121.5546583	0	0	1	2	6	5	5	14	9	1	4	4	5	13	4	4	9	5	5	2	12	4	7	1	3	1	10	1		1	3	14	
113	10	20	17	56	臺北市	信義區	信義區中坡南路與忠孝東路5段790巷23弄口	25.0430638	121.5832456	0	0	1	2	6	5	5	4	1	1	4	4	5	13	4	4	5	4	4	2	3	1	9	1	6	2	9	1		1	3	11	
113	10	20	18	31	臺北市	大安區	大安區市民大道4段122號	25.0445307	121.5506322	0	0	2	3	6	5	5	14	9	1	4	4	3	10	4	4	1	3	5	1	17	1	15	1	5	1	10	1		2	2	11	
113	10	20	19	15	臺北市	信義區	信義區吳興街260巷與吳興街口側附近口	25.0268465	121.5639149	0	0	1	2	6	5	5	4	18	1	4	4	5	13	4	4	5	5	5	2	3	1	9	1	6	9	10	1		2	3	11	
113	10	20	19	23	臺北市	南港區	南港區重陽路72號對面	25.0560778	121.5977609	0	0	1	3	6	5	5	14	8	1	4	4	5	13	4	4	5	4	4	2	12	4	7	1	3	2	8	1		2	3	8	
113	10	20	19	31	臺北市	信義區	信義區和平東路3段與富陽街口	25.0208354	121.5565858	0	0	1	2	6	5	5	4	2	1	4	4	5	13	2	1	10	4	5	2	9	1	6	1	6	9	10	1		1	3	12	
113	10	20	20	0	臺北市	中山區	中山區中山北路1段27號	25.04867463	121.5210423	0	0	1	2	7	5	5	14	9	1	5	4	5	13	4	4	9	4	5	2	12	1	9	1	6	1	10	1		1	3	12	
113	10	20	20	7	臺北市	中正區	中正區愛國西路30號	25.0358774	121.5097298	0	0	1	2	7	5	5	14	9	1	5	4	5	13	4	4	1	4	5	2	13	1	9	1	5	1	10	1		2	2	11	
113	10	20	20	7	臺北市	信義區	信義區光復南路271號	25.0406636	121.557748	0	0	1	2	6	5	5	14	9	1	4	4	5	13	4	4	1	4	5	2	17	1	9	1	6	1	10	1		1	2	17	
113	10	20	20	16	臺北市	大同區	大同區延平北路3段4號	25.0634247	121.5111967	0	0	2	2	8	6	5	14	9	1	5	4	5	13	4	4	5	4	5	2	17	4	11	1	3	2	10	1		1	2	12	
113	10	20	20	32	臺北市	南港區	南港區南港路1段與南港路1段277巷口口	25.054673	121.6086063	0	0	1	2	6	5	6	3	1	1	4	4	5	13	2	1	4	4	5	1	16	4	5	1	3	1	8	1		2	3	1	
113	10	20	20	59	臺北市	信義區	信義區忠孝東路5段372巷27弄82-1號	25.0395322	121.5759875	0	0	1	2	7	5	5	11	9	1	5	4	5	13	4	4	10	4	5	2	1	4	5	1	7	9	8	1		1	3	8	
113	10	20	21	50	臺北市	松山區	松山區南京東路5段與南京東路5段250巷口	25.0512342	121.5661566	0	0	1	2	6	5	5	4	1	1	4	4	5	13	1	1	1	4	5	2	17	1	6	1	7	1	8	1		1	3	6	
113	10	20	22	26	臺北市	士林區	士林區復興橋與仰德大道1段口	25.10058	121.5374757	0	0	1	2	7	6	5	5	2	1	5	4	5	13	1	1	6	4	5	2	12	4	8	1	3	2	8	1		1	3	2	
113	10	20	22	52	臺北市	信義區	信義區信義路5段與松智路口	25.0329812	121.5652654	0	0	1	2	6	5	5	4	18	1	4	4	5	13	2	1	9	4	5	1	3	4	5	1	3	1	8	1		1	3	1	
113	10	21	6	26	臺北市	北投區	北投區榮華三路42巷與懷德街98巷口	25.11238177	121.5213991	0	0	2	2	8	7	5	4	1	1	5	4	5	13	4	4	10	5	5	2	15	1	9	1	5	2	10	1		2	2	11	
113	10	21	6	57	臺北市	信義區	信義區基隆路1段與東興路口	25.0460063	121.5670061	0	0	1	2	8	7	5	5	2	1	5	4	5	13	1	1	1	4	5	2	17	4	9	8	4	9	20	2		4	2	12	
113	10	21	7	10	臺北市	信義區	信義區市民大道6段316號旁	25.04886981	121.5797601	0	0	1	2	8	6	8	22	22	4	5	4	5	13	4	4	10	5	5	2	17	4	1	1	3	1	8	1		2	3	1	
113	10	21	7	24	臺北市	信義區	信義區福德街與福德街300巷口	25.0393063	121.5875301	0	0	2	4	8	7	5	3	1	1	5	4	5	13	4	4	9	4	5	2	13	1	9	1	5	9	10	1		1	2	11	
113	10	21	7	38	臺北市	中正區	中正區重慶南路1段與漢口街1段口	25.0452443	121.5132736	0	0	1	2	7	5	5	4	2	1	5	4	5	13	2	1	10	2	5	2	16	1	5	1	5	1	10	1		1	2	14	
113	10	21	7	40	臺北市	文山區	文山區興隆路4段46巷與木柵路2段54巷口	24.9877639	121.559188	0	0	1	3	7	6	5	3	1	1	5	4	5	13	4	4	9	5	5	2	16	1	1	1	7	1	8	1		1	3	1	
113	10	21	7	43	臺北市	文山區	文山區辛亥路4段與興隆路3段口口	25.0008749	121.5546445	0	0	1	2	8	6	5	4	1	1	5	4	5	13	2	1	1	4	5	2	13	1	5	1	6	1	11	1		2	2	11	
113	10	21	7	48	臺北市	萬華區	萬華區艋舺大道56號	25.03357488	121.5039242	0	0	1	2	8	7	5	14	9	1	5	4	5	13	4	4	1	4	4	2	17	1	8	3	7	1	18	1		1	3	7	
113	10	21	8	1	臺北市	士林區	士林區士東路91巷與中山北路6段776巷口	25.1141491	121.530079	0	0	1	2	8	6	5	3	2	1	5	4	5	13	3	1	10	5	5	1	16	1	6	1	7	2	8	1		1	3	8	
113	10	21	8	26	臺北市	中正區	中正區濟南路2段與泰安街口	25.04102547	121.5284067	0	0	1	2	7	6	5	3	1	1	5	4	5	12	4	4	10	5	5	2	16	4	5	8	2	2	20	1		2	2	12	
113	10	21	8	43	臺北市	大安區	大安區基隆路3段75號	25.01960797	121.5473026	0	0	1	2	7	7	5	14	9	1	5	4	5	13	4	4	1	4	5	2	13	4	9	1	5	11	10	1		2	3	11	
113	10	21	9	0	臺北市	士林區	士林區社中街37號	25.0879211	121.510473	0	0	1	2	8	6	5	14	9	1	5	4	5	13	4	4	9	5	5	2	17	1	11	1	7	1	8	1		1	3	8	
113	10	21	9	36	臺北市	大安區	大安區龍泉街93巷11號	25.02192561	121.5292744	0	0	1	2	7	7	5	22	9	1	5	4	4	13	4	4	10	5	5	2	17	4	9	1	3	1	21	1		2	2	12	
113	10	21	9	37	臺北市	北投區	北投區文林北路與文承路口	25.1060609	121.5165377	0	0	1	2	8	7	5	4	1	1	5	4	5	13	1	1	1	4	4	2	16	1	5	1	7	2	8	1		1	3	2	
113	10	21	10	20	臺北市	北投區	北投區中和街20巷56號	25.13890562	121.5047982	0	0	1	2	8	6	5	14	9	1	5	4	5	13	4	4	9	5	5	2	16	1	5	1	7	1	8	1		1	3	5	
113	10	21	10	47	臺北市	松山區	松山區市民大道4段與敦化南路1段口	25.0450042	121.5484398	0	0	1	2	8	7	5	4	1	1	5	4	5	13	1	1	1	4	5	2	17	1	7	1	7	2	8	1		1	3	7	
113	10	21	11	19	臺北市	大同區	大同區承德路3段與承德路3段254巷口	25.0731642	121.5190637	0	0	1	2	8	7	5	4	2	1	5	4	5	13	2	1	1	4	5	2	17	1	9	1	5	2	10	1		1	2	17	
113	10	21	11	33	臺北市	萬華區	萬華區昆明街與開封街2段口	25.0468392	121.5059156	0	0	2	3	8	6	5	4	1	1	5	4	5	13	2	1	10	4	5	2	17	1	5	1	6	1	10	1		2	2	14	
113	10	21	11	45	臺北市	北投區	北投區明德路29號	25.1072799	121.5177474	0	0	1	2	8	6	5	14	9	1	5	4	5	13	4	4	9	4	5	2	16	1	8	1	7	1	8	1		1	3	2	
113	10	21	12	37	臺北市	南港區	南港區忠孝東路6段與忠孝東路6段81巷口	25.0479056	121.5844649	0	0	1	2	7	6	5	4	2	1	5	4	5	13	4	4	10	5	5	2	15	1	9	1	6	9	10	1		2	2	11	
113	10	21	12	41	臺北市	內湖區	內湖區舊宗路2段207號與舊宗路2段口	25.0726878	121.5737643	0	0	1	2	7	6	5	3	1	1	5	4	5	13	4	4	1	4	5	2	16	1	8	1	5	1	10	1		1	2	12	
113	10	21	13	7	臺北市	士林區	士林區中山北路6段與德行東路口	25.10660027	121.5249328	0	0	1	2	8	6	5	4	2	1	5	4	5	13	2	1	1	4	5	1	17	1	5	1	5	2	10	1		1	3	11	
113	10	21	13	38	臺北市	士林區	士林區中山北路5段與文林路口	25.08649943	121.5254501	0	0	1	2	8	6	5	3	1	1	5	4	5	13	2	1	5	4	5	2	16	1	6	1	7	1	8	1		1	3	5	
113	10	21	15	5	臺北市	文山區	文山區景美街與景興路口口	24.9882782	121.542173	0	0	2	2	8	6	5	3	1	1	5	4	5	13	1	1	5	5	5	2	16	1	9	1	6	2	10	1		2	2	11	
113	10	21	15	18	臺北市	中山區	中山區中山北路1段130號前	25.0509285	121.5219354	0	0	1	2	8	5	5	22	20	1	5	4	5	13	4	4	10	5	5	2	9	1	9	8	4	11	20	2		1	3	11	
113	10	21	15	45	臺北市	中山區	中山區新生北路3段與民族東路口	25.0682389	121.5277004	0	0	1	2	8	6	5	4	1	1	5	4	5	13	2	1	1	4	5	2	16	1	5	1	6	1	10	1		2	2	14	
113	10	21	16	6	臺北市	南港區	南港區忠孝東路6段無名巷口	25.0498703	121.5912284	0	0	1	3	8	6	5	4	1	1	5	4	5	13	2	1	1	4	5	2	16	4	6	1	3	1	8	1		1	3	2	
113	10	21	16	30	臺北市	信義區	信義區基隆路2段與光復南路口	25.0297609	121.5577166	0	0	1	2	7	6	5	4	2	1	5	4	5	13	2	1	1	4	5	2	16	1	6	1	5	2	10	1		2	2	12	
113	10	21	16	35	臺北市	大安區	大安區青田街與青田街6巷口	25.0281	121.53196	0	0	1	2	7	5	5	4	1	1	5	4	5	13	4	4	10	5	5	2	15	1	9	1	7	1	8	1		1	3	8	
113	10	21	17	15	臺北市	南港區	南港區興南街60巷11號	25.05620272	121.6034149	0	0	1	2	8	6	5	14	9	1	5	4	5	13	4	4	9	3	5	2	12	4	4	1	3	1	8	1		2	3	2	
113	10	21	17	24	臺北市	中山區	中山區北安路與大直街口	25.079902	121.5473184	0	0	1	2	7	5	5	5	2	1	5	4	5	13	2	1	3	4	5	2	16	4	5	1	3	1	10	1		2	2	14	
113	10	21	17	44	臺北市	中山區	中山區復興北路與八德路口側附近2段口	25.0475672	121.5437345	0	0	1	2	7	5	5	4	1	1	5	4	5	13	1	1	1	4	5	2	17	4	6	1	3	1	8	1		1	3	5	
113	10	21	17	50	臺北市	內湖區	內湖區江南街71巷65弄與江南街71巷口	25.0758235	121.5783191	0	0	2	2	7	5	5	3	1	1	5	4	5	13	4	4	5	4	5	1	13	1	9	1	5	1	10	1		1	2	11	
113	10	21	18	17	臺北市	內湖區	內湖區內湖路1段與內湖路1段217巷口	25.0832883	121.56388	0	0	1	3	8	5	5	14	8	1	5	4	5	13	4	4	1	4	4	2	12	1	9	1	5	1	10	1		2	3	15	
113	10	21	18	23	臺北市	南港區	南港區南港路3段268-1號成美橋	25.0519498	121.5833507	0	0	2	2	8	5	5	14	9	1	5	4	5	13	2	1	4	1	5	1	16	4	15	1	3	2	10	1		1	2	12	
113	10	21	18	41	臺北市	大安區	大安區建國南路1段165號與建國南路1段口迴轉道	25.0409082	121.5376635	0	0	1	2	7	5	5	4	18	1	5	4	5	13	2	1	8	3	5	1	3	4	5	7	3	9	19	2		1	4	8	
113	10	21	19	5	臺北市	文山區	文山區興隆路4段3號	24.9909714	121.5590413	0	0	1	2	8	5	5	14	9	1	5	4	5	13	1	1	1	4	5	2	13	1	9	1	7	2	10	1		2	3	1	
113	10	21	19	48	臺北市	信義區	信義區莊敬路423巷8弄14號	25.0285198	121.5675449	0	0	1	2	7	5	5	14	9	1	4	4	5	13	4	4	5	2	5	2	17	1	15	1	5	11	10	2		2	3	17	
113	10	21	20	21	臺北市	萬華區	萬華區成都路29號	25.0425489	121.5068558	0	0	1	2	7	5	5	14	9	1	5	4	5	13	4	4	10	3	5	2	3	1	7	1	7	2	4	1		1	3	1	
113	10	21	20	41	臺北市	中正區	中正區重慶南路2段與愛國西路口	25.0348586	121.5125129	0	0	2	2	8	5	5	4	2	1	5	4	5	13	2	1	1	4	5	2	15	1	9	8	4	2	20	1		2	2	12	
113	10	21	21	30	臺北市	南港區	南港區南港路3段與昆陽街口	25.0542433	121.5923951	0	0	1	2	7	5	5	14	9	1	5	4	5	13	4	4	5	4	5	2	17	4	7	1	5	2	10	1		2	3	17	
113	10	21	21	30	臺北市	南港區	南港區忠孝東路6段297號	25.0500357	121.5909276	0	0	1	2	6	5	5	14	9	1	4	4	5	13	4	4	10	5	5	2	10	1	9	8	4	7	20	1		1	2	11	
113	10	21	22	50	臺北市	松山區	松山區八德路4段與虎林街口	25.0499507	121.5759803	0	0	2	3	6	5	5	3	1	1	4	4	5	13	1	1	1	3	4	2	16	1	5	1	7	2	8	1		2	3	1	
113	10	21	22	52	臺北市	大同區	大同區民權西路與民權西路144巷口	25.0628306	121.5159095	0	0	1	2	8	5	5	3	2	1	5	4	5	13	2	1	1	4	5	2	17	4	6	1	3	2	4	1		1	3	2	
113	10	21	22	59	臺北市	內湖區	內湖區潭美街第086號燈桿	25.06262233	121.6074312	0	0	1	3	6	5	5	14	9	1	4	4	5	13	4	4	5	4	5	2	11	1	9	1	5	2	10	1		1	2	15	
113	10	21	22	59	臺北市	文山區	文山區木柵路1段0701704號燈桿	24.98865207	121.5431657	0	0	1	2	8	6	5	14	9	1	5	4	5	13	4	4	5	5	5	2	18	1	9	1	5	7	10	1		1	2	12	
113	10	21	23	0	臺北市	松山區	松山區健康路與健康路8巷口	25.05226741	121.5526059	0	0	1	2	6	5	5	3	1	1	4	4	5	13	4	4	5	4	5	2	17	1	11	1	7	1	4	1		1	3	17	
113	10	21	23	13	臺北市	中山區	中山區市民大道3段與八德路2段210巷口	25.0447435	121.5395164	0	0	2	2	8	5	5	3	2	1	5	4	5	13	1	1	1	4	5	2	13	1	9	1	6	1	10	1		1	2	11	
113	10	21	23	27	臺北市	中正區	中正區羅斯福路1段與愛國東路口	25.0345208	121.5170927	0	0	1	3	8	5	5	4	1	1	5	4	5	13	1	1	3	4	5	2	16	4	6	7	3	11	19	2		1	4	15	
113	10	22	0	40	臺北市	文山區	文山區興隆路3段111號(萬芳醫院站)	24.9992791	121.5576503	0	0	1	2	8	5	5	14	9	1	5	4	5	13	4	4	1	4	5	2	9	1	14	1	7	11	2	1		1	3	17	
113	10	22	1	34	臺北市	內湖區	內湖區陽光街與瑞光路口	25.0737433	121.5798211	0	0	1	2	7	5	5	4	1	1	5	4	5	13	2	1	9	4	5	2	15	1	9	1	7	2	8	1		1	3	8	
113	10	22	1	40	臺北市	內湖區	內湖區瑞光路與瑞光路393巷口	25.0775408	121.5731626	0	0	2	2	7	5	5	4	2	1	4	4	5	13	1	1	4	3	5	1	16	4	5	1	3	1	10	1		1	2	14	
113	10	22	7	2	臺北市	北投區	北投區承德路7段153號	25.1134375	121.5079358	0	0	2	3	8	6	5	14	8	1	5	4	5	13	4	4	1	4	4	2	17	1	8	1	6	2	10	1		1	2	13	
113	10	22	7	27	臺北市	中山區	中山區北安路456號	25.0794716	121.5441142	0	0	1	2	8	5	5	14	9	1	5	4	5	13	4	4	1	4	5	2	13	4	9	1	3	2	10	1		1	2	13	
113	10	22	7	41	臺北市	南港區	南港區舊莊街1段145巷與舊莊街1段145巷6弄口	25.0403083	121.6205126	0	0	3	4	6	6	5	3	1	1	4	4	5	13	4	4	10	5	5	2	16	4	5	1	3	2	8	1		2	2	12	
113	10	22	7	54	臺北市	北投區	北投區大興街與北投路2段口	25.1301777	121.4996567	0	0	1	2	8	5	5	4	18	1	5	4	5	13	1	1	9	4	5	2	3	1	5	1	7	9	8	2		2	3	1	
113	10	22	7	55	臺北市	中山區	中山區民族西路2-3號	25.06841375	121.5224412	0	0	1	2	8	7	5	14	9	1	5	4	5	13	4	4	9	4	5	2	12	1	7	1	6	1	10	1		1	2	11	
113	10	22	7	58	臺北市	南港區	南港區向陽路與重陽路口	25.0550817	121.5945446	0	0	3	3	6	5	6	4	2	1	4	4	5	13	1	1	1	4	5	2	12	1	8	1	6	1	10	1		1	2	12	
113	10	22	8	14	臺北市	北投區	北投區義理街89號	25.11844133	121.5162701	0	0	2	2	8	7	5	14	9	1	5	4	5	13	4	4	9	5	5	2	16	1	11	1	5	2	10	1		2	2	11	