年	月	日	時	分	縣市	行政區	allLocation	GoogleLat	GoogleLng	死	2-30	受傷	當事人數	天候	道路照明設備	道路類別	道路型態	事故位置	路面狀況1	路面狀況2	路面狀況3	道路障礙1	道路障礙2	號誌1	號誌2	車道劃分-分向	車道劃分-分道1	車道劃分-分道2	車道劃分-分道3	事故類型及型態	行動電話	當事者行動狀態	駕駛資格情形	保護裝置	飲酒情形	駕駛執照種類	個人肇逃否	肇因碼-主要	性別	受傷程度	車輛撞擊部位1	車輛撞擊部位2
113	10	22	8	56	臺北市	大安區	大安區基隆路2段與臥龍街口	25.0205678	121.5483872	0	0	1	2	8	6	5	3	2	1	5	4	5	13	4	4	1	4	5	1	17	4	7	1	3	1	10	1		2	2	14	
113	10	22	9	0	臺北市	中山區	中山區新生北路2段62巷與新生北路2段68巷15弄口	25.0562251	121.5259965	0	0	2	2	8	6	5	3	2	1	5	4	5	13	4	4	10	5	5	2	16	1	1	1	6	1	10	1		2	2	14	
113	10	22	9	53	臺北市	松山區	松山區南京東路4段133巷與南京東路4段133巷4弄口	25.0522233	121.5551315	0	0	2	2	8	7	5	4	1	1	5	4	5	13	4	4	5	4	5	2	15	1	9	1	5	1	10	1		1	2	11	
113	10	22	9	56	臺北市	內湖區	內湖區民權大橋東向西	25.06655539	121.5777417	0	0	1	2	7	6	5	8	11	1	5	4	5	13	4	4	1	4	4	1	12	4	8	1	3	2	8	1		2	3	2	
113	10	22	9	58	臺北市	大安區	大安區辛亥路2段台大宇宙館旁	25.0221365	121.5375507	0	0	2	2	6	7	5	11	23	1	5	4	5	13	3	1	8	3	4	2	17	1	9	8	4	1	20	1		1	2	14	
113	10	22	10	18	臺北市	信義區	信義區松山路580號	25.0370941	121.5782774	0	0	1	2	7	6	8	14	9	1	5	4	5	13	4	4	5	5	5	2	9	4	9	1	3	1	2	1		1	3	17	
113	10	22	10	28	臺北市	士林區	士林區延平北路5段與中正路口	25.086579	121.5092888	0	0	1	2	8	6	5	4	2	1	5	4	5	13	2	1	10	4	5	2	17	1	9	1	7	1	1	1		1	3	8	
113	10	22	10	50	臺北市	中正區	中正區中華路1段77號	25.0387762	121.5075482	0	0	1	2	7	5	5	14	9	1	5	4	5	13	4	4	1	4	1	1	13	1	9	1	5	2	10	1		1	2	11	
113	10	22	10	55	臺北市	中正區	中正區中山南路8號	25.0437894	121.5189112	0	0	1	2	8	5	5	3	1	1	5	4	5	13	4	4	1	4	5	2	16	1	6	1	7	2	4	1		1	3	4	
113	10	22	10	55	臺北市	士林區	士林區福志路與福志路80巷口	25.09864537	121.5291733	0	0	1	2	8	6	5	3	2	1	5	4	5	13	4	4	9	5	5	1	17	1	11	1	7	2	4	1		1	3	8	
113	10	22	10	55	臺北市	大同區	大同區長安西路322號	25.0520157	121.5114575	0	0	1	2	8	7	5	14	9	1	5	4	5	13	4	4	9	4	5	2	16	1	11	1	7	1	8	1		1	3	5	
113	10	22	11	0	臺北市	松山區	松山區八德路3段20號	25.04818396	121.5508727	0	0	2	3	7	6	5	14	9	1	5	4	5	13	2	1	9	4	5	2	13	1	9	1	7	1	8	1		1	3	8	
113	10	22	12	10	臺北市	中正區	中正區中山南路與凱達格蘭大道口	25.03955524	121.5176914	0	0	2	3	8	6	5	5	2	1	5	4	5	13	1	1	5	4	5	2	17	4	9	1	6	2	10	1		1	2	11	14
113	10	22	12	10	臺北市	信義區	信義區林口街與松山路615巷口	25.0368674	121.5792181	0	0	1	2	8	6	5	4	1	1	5	4	5	13	4	4	9	5	4	2	15	1	9	1	5	2	10	1		1	2	11	
113	10	22	12	31	臺北市	北投區	北投區大度路3段與立功街口	25.1232567	121.4690703	0	0	1	2	7	5	5	3	1	1	5	4	5	12	1	1	3	4	3	2	17	4	6	1	3	1	8	1		2	3	6	
113	10	22	12	34	臺北市	士林區	士林區福國路35號	25.12050532	121.5209581	0	0	1	2	8	5	5	14	9	1	5	4	5	13	4	4	1	4	5	1	12	1	7	1	7	1	4	1		1	3	4	
113	10	22	13	15	臺北市	士林區	士林區福林路與中正路口	25.0966046	121.5322727	0	0	1	2	8	6	5	5	1	1	5	4	5	13	2	1	5	4	5	2	17	4	5	1	3	9	10	1		1	2	14	
113	10	22	13	30	臺北市	大同區	大同區塔城街北門捷運站2號出口	25.0485092	121.5102023	0	0	1	2	8	5	5	14	9	1	5	4	5	13	4	4	9	4	5	1	13	4	9	1	3	1	10	1		1	3	11	
113	10	22	13	30	臺北市	萬華區	萬華區漢中街131號	25.0420614	121.5074274	0	0	2	3	8	5	5	14	9	1	5	4	5	13	1	1	9	4	5	2	17	4	7	1	7	1	4	1		1	3	8	
113	10	22	13	49	臺北市	大同區	大同區重慶北路3段257巷與重慶北路3段257巷口23號旁通道	25.07160285	121.5148552	0	0	1	2	8	6	5	5	1	1	5	4	5	13	4	4	10	5	5	2	15	1	9	1	6	1	10	1		1	2	11	
113	10	22	13	50	臺北市	士林區	士林區承德路4段與承德路4段3巷口	25.0789761	121.5216286	0	0	1	2	7	5	5	4	1	1	5	4	5	13	4	4	10	5	5	2	15	1	9	1	6	1	10	1		2	2	14	
113	10	22	13	55	臺北市	士林區	士林區中山北路6段與克強路口	25.1087732	121.5252793	0	0	2	3	7	5	5	3	1	1	5	4	5	13	2	1	1	5	5	1	17	1	9	1	7	1	8	1		1	3	1	
113	10	22	14	17	臺北市	大安區	大安區四維路與四維路154巷口	25.0310014	121.5479958	0	0	2	3	8	7	5	4	1	1	5	4	5	13	3	1	8	3	5	2	15	4	9	1	3	2	10	1		2	2	11	
113	10	22	15	26	臺北市	大同區	大同區西寧北路與鄭州路口	25.0503791	121.5081195	0	0	1	2	7	7	5	4	1	1	5	4	5	13	1	1	9	4	5	2	13	1	7	1	6	1	10	1		1	2	13	
113	10	22	16	15	臺北市	中正區	中正區辛亥路1段與辛亥路1段口12號旁無名巷	25.0185582	121.5283755	0	0	1	2	8	7	5	3	1	1	5	4	5	8	4	4	10	5	5	2	15	1	1	8	4	1	20	1		2	2	17	
113	10	22	16	15	臺北市	萬華區	萬華區桂林路與華西街29巷1弄口	25.03851221	121.4991747	0	0	1	2	7	6	5	4	1	1	5	4	5	13	2	1	5	4	4	2	16	1	5	1	6	1	10	1		1	3	14	
113	10	22	16	48	臺北市	士林區	士林區忠誠路1段173巷與忠誠路1段173巷28弄口口	25.1083301	121.5320091	0	0	1	2	8	6	5	4	1	1	5	4	5	13	4	4	10	5	5	2	16	1	5	1	7	1	8	1		1	3	5	
113	10	22	17	13	臺北市	信義區	信義區福德街與福德街300巷口	25.039209	121.5877377	0	0	1	2	6	6	5	3	1	1	4	4	5	13	4	4	9	5	5	2	17	1	5	1	5	9	10	2		1	3	17	
113	10	22	17	23	臺北市	內湖區	內湖區民權東路6段與民權東路6段191巷口	25.0675889	121.597557	0	0	2	3	6	5	5	4	1	1	4	4	5	13	1	1	3	4	4	2	16	1	5	1	7	1	8	1		1	3	2	
113	10	22	17	30	臺北市	士林區	士林區延平北路8段2巷200弄59-1號	25.1114306	121.4932611	0	0	1	2	8	5	5	14	9	1	5	4	5	13	4	4	10	5	5	2	17	4	5	1	3	1	10	1		1	3	2	
113	10	22	17	31	臺北市	中山區	中山區建國高架道往北長安匝道前	25.045965	121.5367986	0	0	9	10	8	5	5	14	9	1	5	4	5	13	4	4	1	4	3	2	13	1	9	1	7	2	8	1		1	2	1	
113	10	22	17	45	臺北市	中正區	中正區中山南路與凱達格蘭大道口	25.0393304	121.51707	0	0	1	2	7	5	5	5	2	1	5	4	5	13	1	1	5	4	5	2	12	1	8	1	7	1	3	1		1	3	5	
113	10	22	17	46	臺北市	信義區	信義區忠孝東路5段781號	25.0437394	121.5814953	0	0	1	2	6	5	5	14	9	1	4	4	5	13	1	1	3	4	5	2	18	1	9	1	6	1	10	1		2	2	14	
113	10	22	17	46	臺北市	內湖區	內湖區金豐街70號	25.06584224	121.5869823	0	0	1	2	6	5	5	14	9	1	4	4	5	13	4	4	5	5	5	2	16	1	6	1	7	1	8	1		2	3	6	
113	10	22	17	50	臺北市	萬華區	萬華區堤外便道堤外腳踏車道、堤外腳踏車支道華江橋旁	25.0390474	121.4958233	0	0	1	2	7	6	8	3	2	1	5	4	5	13	4	4	10	5	5	2	17	4	6	8	3	1	20	1		1	2	11	
113	10	22	17	53	臺北市	信義區	信義區松高路與松仁路口口	25.0390867	121.5686086	0	0	1	2	6	5	5	4	2	1	4	4	5	13	2	1	5	4	5	2	16	1	5	1	7	1	5	2		1	3	4	
113	10	22	17	54	臺北市	南港區	南港區松河街與南港路3段314巷口	25.0523836	121.5812077	0	0	2	2	6	6	5	3	1	1	4	4	5	13	2	1	1	3	5	1	16	4	5	1	3	1	10	1		2	2	11	
113	10	22	18	10	臺北市	大安區	大安區仁愛路3段53號	25.0383639	121.5366691	0	0	1	3	7	5	5	14	9	1	5	4	5	13	4	4	4	4	5	2	12	4	1	1	3	1	8	1		1	3	8	
113	10	22	18	16	臺北市	南港區	南港區南港路1段與經貿一路口	25.0546857	121.6196093	0	0	1	2	6	5	5	3	2	1	4	4	5	13	4	4	5	4	5	2	17	1	7	1	6	1	10	1		1	3	17	
113	10	22	18	30	臺北市	內湖區	內湖區堤外便道內二疏散門旁	25.0657836	121.6177755	0	0	1	2	6	5	5	3	1	1	4	4	5	13	2	1	5	5	5	2	17	1	9	1	7	1	8	1		1	3	1	
113	10	22	18	33	臺北市	中正區	中正區羅斯福路4段24巷與羅斯福路3段316巷8弄口	25.0151365	121.5328207	0	0	1	2	7	5	5	4	1	1	5	4	5	13	4	4	5	5	5	2	16	1	5	1	6	2	10	1		1	2	11	
113	10	22	18	42	臺北市	內湖區	內湖區內湖路1段411巷74弄15號	25.08410815	121.5714285	0	0	1	2	6	5	5	14	9	1	4	4	5	13	4	4	9	5	5	2	13	1	13	1	3	2	8	1		1	3	3	
113	10	22	18	45	臺北市	信義區	信義區中坡南路51號對面	25.0423776	121.5840691	0	0	2	2	6	5	5	14	8	1	4	4	5	13	4	4	9	4	4	2	17	1	9	1	6	2	10	1		1	2	11	
113	10	22	18	45	臺北市	內湖區	內湖區瑞光路與瑞光路513巷口	25.0788211	121.5696237	0	0	1	2	8	5	5	4	2	1	5	4	5	13	1	1	4	3	5	1	9	4	12	1	3	1	2	1		1	3	17	
113	10	22	19	6	臺北市	信義區	信義區吳興街與吳興街350巷口	25.0257773	121.5664547	0	0	1	2	6	5	5	4	1	1	4	4	5	13	4	4	10	4	5	1	17	4	9	1	3	9	10	1		1	2	14	
113	10	22	20	39	臺北市	松山區	松山區八德路4段245巷32弄與八德路4段207巷口	25.0498996	121.5637993	0	0	2	2	7	5	5	4	1	1	5	4	5	13	4	4	9	4	5	2	15	1	9	1	6	1	10	1		2	2	11	
113	10	22	21	11	臺北市	大安區	大安區和平東路2段與復興南路2段口	25.0247493	121.5431341	0	0	2	2	6	5	5	4	1	1	4	4	5	13	1	1	1	4	5	2	17	4	9	1	5	1	10	1		1	2	14	
113	10	22	21	39	臺北市	信義區	信義區莊敬路與吳興街225巷口	25.0281312	121.563439	0	0	1	2	6	5	5	4	2	1	4	4	5	13	4	4	9	5	5	2	18	1	9	1	6	1	10	1		2	2	14	
113	10	22	21	59	臺北市	中正區	中正區中山北路1段與北平西路口	25.0473636	121.5202623	0	0	1	2	6	5	5	4	1	1	4	4	5	13	1	1	10	4	5	2	17	4	6	7	3	11	19	1		1	4	17	
113	10	22	22	11	臺北市	信義區	信義區忠孝東路4段551號	25.0413308	121.562491	0	0	1	2	6	5	5	14	9	1	4	4	5	13	1	1	9	4	5	2	13	1	8	1	5	1	10	1		1	2	11	
113	10	22	22	12	臺北市	中正區	中正區永福橋(往新北市方向)	25.0116529	121.5282035	0	0	1	3	6	5	5	8	17	1	4	4	5	13	4	4	5	2	5	1	17	1	8	1	7	2	4	1		1	3	8	
113	10	22	22	14	臺北市	信義區	信義區松山路315-5號	25.0423069	121.5778681	0	0	1	2	6	5	5	14	9	1	4	4	5	13	4	4	1	4	5	2	9	4	12	1	3	9	2	1		1	3	17	
113	10	22	23	22	臺北市	大同區	大同區承德路1段與承德路1段77巷口	25.052149	121.5175545	0	0	2	3	6	5	5	3	2	1	4	4	5	13	4	4	1	4	4	2	17	4	15	1	6	2	10	1		1	2	11	
113	10	22	23	58	臺北市	萬華區	萬華區光復橋往臺北市下橋處(新北市003018號燈桿)	25.02542283	121.4920303	0	0	2	2	6	5	5	8	9	1	4	4	5	13	4	4	1	5	5	2	17	1	15	6	5	1	10	1		1	2	11	
113	10	23	0	1	臺北市	中正區	中正區中山南路與信義路1段口	25.03866776	121.5179013	0	0	1	2	6	5	5	5	1	1	4	4	5	13	2	1	5	4	5	2	15	1	9	1	7	2	8	1		1	3	5	
113	10	23	2	33	臺北市	中正區	中正區重慶南路2段6巷與博愛路口	25.034133	121.5123989	0	0	2	3	6	5	5	3	1	1	4	4	5	13	4	4	10	5	5	1	13	1	9	1	5	1	10	1		2	2	11	
113	10	23	5	54	臺北市	士林區	士林區基河路190號	25.0907604	121.5219155	0	0	1	2	6	5	5	14	9	1	4	4	5	13	4	4	5	4	5	2	17	1	9	1	6	1	10	1		2	2	15	
113	10	23	6	28	臺北市	中正區	中正區市民大道2段與天津街口往東	25.04779956	121.5228549	0	0	2	3	6	5	5	14	9	1	4	4	5	13	4	4	1	4	5	2	27	1	9	6	5	9	10	1		1	2	11	
113	10	23	7	26	臺北市	北投區	北投區中和街453-2號	25.14365267	121.4984065	0	0	1	2	6	7	5	14	9	1	4	4	5	13	4	4	9	5	5	2	10	1	9	1	7	2	8	1		1	3	1	
113	10	23	7	47	臺北市	中山區	中山區明水路往東(軍事博物館對面)	25.0776541	121.5396984	0	0	1	2	6	7	5	14	9	1	4	4	5	13	4	4	1	4	1	2	17	4	7	1	3	1	8	1		1	3	7	
113	10	23	7	50	臺北市	松山區	松山區敦化北路155巷與敦化北路199巷2弄口	25.0542651	121.5499594	0	0	2	2	6	6	5	4	1	1	4	4	5	13	4	4	10	5	5	2	15	1	9	1	6	1	10	1		2	2	11	
113	10	23	7	52	臺北市	中山區	中山區林森北路401號	25.05936419	121.5255847	0	0	1	2	6	5	5	14	9	1	4	4	5	13	4	4	5	5	5	2	29	4	9	1	3	1	10	1		1	2	17	
113	10	23	7	53	臺北市	信義區	信義區嘉興街與嘉興街127巷口	25.0289825	121.5577445	0	0	3	3	6	6	5	4	1	1	4	4	5	13	4	4	9	4	5	2	17	1	5	1	6	1	10	1		2	2	11	
113	10	23	7	56	臺北市	大同區	大同區迪化街2段243巷與重慶北路3段236巷45弄口	25.0713154	121.5122966	0	0	2	2	6	6	5	5	1	1	4	4	5	13	4	4	10	5	5	2	15	1	9	1	6	1	10	1		1	2	14	
113	10	23	8	5	臺北市	北投區	北投區中央北路1段131號	25.1351234	121.4989962	0	0	1	2	6	6	5	14	9	1	4	4	5	13	4	4	5	4	5	2	16	1	6	1	7	1	8	1		2	3	5	
113	10	23	8	12	臺北市	中正區	中正區沅陵街與重慶南路1段口	25.04283337	121.5131601	0	0	2	2	6	7	5	3	1	1	4	4	5	13	4	4	5	4	5	2	17	1	5	1	5	2	10	1		1	2	14	
113	10	23	8	12	臺北市	內湖區	內湖區成功路2段國道北上入口匝道	25.06423916	121.590884	0	0	1	2	6	7	5	4	2	1	4	4	5	13	1	1	1	4	5	2	16	1	6	1	7	1	8	1		1	3	2	
113	10	23	8	15	臺北市	文山區	文山區木柵路5段43巷0706867電桿	25.00544118	121.5847509	0	0	1	2	6	5	5	14	9	1	4	4	2	13	4	4	5	5	5	1	17	1	9	1	7	1	1	1		1	3	17	
113	10	23	8	40	臺北市	南港區	南港區松河街與重陽路口(高過岸車道出入口)	25.0604446	121.6112937	0	0	1	2	6	7	5	14	20	2	4	4	5	13	4	4	10	5	5	2	9	1	1	1	7	2	8	1		1	3	2	
113	10	23	8	40	臺北市	大同區	大同區長安西路256號	25.0516942	121.5133928	0	0	1	3	6	6	5	14	9	1	4	4	5	13	4	4	5	5	5	2	17	4	1	1	3	9	10	2		1	3	17	
113	10	23	8	59	臺北市	中正區	中正區羅斯福路1段與南海路口	25.0327371	121.5182048	0	0	1	2	6	7	5	4	2	1	4	4	5	13	4	4	1	4	4	2	13	1	9	1	5	1	10	1		1	2	11	
113	10	23	9	4	臺北市	信義區	信義區松仁路與信義路5段口	25.0327163	121.5683901	0	0	1	2	6	6	5	4	1	1	4	4	5	13	4	4	9	4	5	2	13	1	9	1	7	1	8	1		1	3	1	
113	10	23	9	4	臺北市	大同區	大同區鄭州路與西寧北路口口	25.0505955	121.5082801	0	0	1	2	7	5	5	4	1	1	5	4	5	13	1	1	1	4	1	2	17	4	1	1	3	11	10	2		1	4	17	
113	10	23	9	9	臺北市	文山區	文山區汀州路4段與溪洲街107巷口	25.0034276	121.5354942	0	0	2	3	6	6	5	3	2	1	4	4	5	13	4	4	5	5	5	2	17	1	9	1	6	11	10	1		1	2	12	
113	10	23	9	17	臺北市	大同區	大同區重慶北路1段與長安西路口	25.0516113	121.5138832	0	0	2	2	6	6	5	5	1	1	4	4	5	13	4	4	1	5	5	2	16	1	5	1	6	1	9	1		1	2	12	
113	10	23	9	19	臺北市	內湖區	內湖區新明路155號號	25.0591336	121.5890034	0	0	1	2	6	5	5	14	9	1	4	4	5	13	4	4	5	5	5	2	17	1	5	1	7	2	8	1		1	3	6	
113	10	23	9	20	臺北市	松山區	松山區復興北路193號	25.05525556	121.5442119	0	0	1	2	6	6	5	14	9	1	4	4	5	13	4	4	1	4	5	2	17	1	7	1	7	2	8	1		1	3	17	
113	10	23	9	25	臺北市	大安區	大安區市民大道4段與延吉街口	25.0442707	121.5537143	0	0	1	2	6	6	5	4	2	1	4	4	5	13	1	1	1	4	5	2	17	1	6	7	3	11	19	2		1	3	17	
113	10	23	10	35	臺北市	文山區	文山區木柵路3段48巷1弄與興隆路4段109巷口	24.9869893	121.5647913	0	0	1	2	7	7	5	14	9	1	4	4	5	13	3	1	5	5	5	2	17	1	9	1	5	1	10	1		2	2	12	
113	10	23	11	34	臺北市	信義區	信義區忠孝東路5段22巷(新光三越A4停車場出入口)	25.0400514	121.5661649	0	0	1	3	6	7	5	14	18	1	4	4	5	13	4	4	5	4	5	2	9	4	9	1	3	2	8	1		1	3	1	
113	10	23	11	52	臺北市	內湖區	內湖區文德路208巷與文德路208巷6弄口	25.07794454	121.5833461	0	0	1	2	6	5	5	14	9	1	4	4	5	13	4	4	10	5	5	2	9	1	9	1	7	2	8	1		1	3	2	
113	10	23	12	6	臺北市	北投區	北投區大度路3段與立功街口	25.1230653	121.4686398	0	0	1	2	6	7	5	3	1	1	4	4	5	13	3	1	1	4	1	2	16	4	6	1	3	1	2	1		1	3	6	
113	10	23	12	8	臺北市	南港區	南港區忠孝東路7段與忠孝東路7段265巷口	25.0517658	121.6035493	0	0	1	2	6	6	5	4	1	1	4	4	5	13	2	1	3	4	5	2	16	1	5	1	7	1	8	1		1	3	6	
113	10	23	12	12	臺北市	信義區	信義區松平路87號	25.0304382	121.5672267	0	0	1	2	6	6	5	14	9	1	4	4	5	13	4	4	9	4	5	2	16	1	4	1	6	2	10	1		1	2	11	
113	10	23	12	27	臺北市	士林區	士林區忠誠路1段與忠誠路1段16巷口	25.10418467	121.5255861	0	0	1	2	7	6	5	3	1	1	5	4	5	13	4	4	10	4	4	1	17	1	6	1	7	2	8	1		1	3	2	
113	10	23	12	35	臺北市	中正區	中正區福州街14號	25.0286368	121.5183047	0	0	1	2	6	7	5	14	9	1	4	4	5	13	4	4	4	4	5	2	12	4	4	1	5	2	10	1		1	2	12	
113	10	23	13	0	臺北市	大安區	大安區建國南路1段65巷(?公圳公園旁)	25.0437862	121.5377241	0	0	2	2	6	5	5	3	2	1	4	4	5	13	4	4	9	4	5	2	16	1	5	1	6	1	10	1		1	2	14	
113	10	23	13	51	臺北市	大安區	大安區忠孝東路4段297號	25.041512	121.5552471	0	0	2	3	6	5	5	14	9	1	4	4	5	13	4	4	1	4	5	1	17	1	15	1	7	1	8	1		1	3	8	
113	10	23	14	10	臺北市	內湖區	內湖區洲子街75號	25.07993684	121.571321	0	0	1	2	6	5	5	14	9	1	4	4	5	13	4	4	9	4	5	2	16	1	1	1	7	1	8	1		1	3	4	
113	10	23	14	12	臺北市	士林區	士林區承德路4段與承德路4段80巷口	25.0823416	121.5230341	0	0	2	2	8	6	5	5	2	1	5	4	5	13	1	1	10	4	4	1	17	1	15	1	6	1	10	1		1	2	12	
113	10	23	14	40	臺北市	大安區	大安區市民大道4段與復興南路1段口	25.04465173	121.5439389	0	0	1	2	6	6	5	4	1	1	4	4	5	13	2	1	1	3	1	2	16	1	5	1	7	1	8	1		1	3	1	
113	10	23	15	20	臺北市	松山區	松山區南京東路3段289號	25.0518756	121.5465096	0	0	1	2	6	6	5	6	9	1	4	4	5	13	4	4	1	4	4	2	17	1	12	1	5	2	10	1		1	2	17	
113	10	23	15	25	臺北市	大安區	大安區復興南路2段356號	25.0219546	121.5437561	0	0	1	2	6	6	5	14	9	1	4	4	5	13	4	4	1	4	5	2	17	1	12	1	6	1	10	1		1	2	12	
113	10	23	15	37	臺北市	士林區	士林區中正路與基河路口	25.0936478	121.5203884	0	0	1	2	6	5	5	14	9	1	4	4	5	13	2	1	3	4	5	1	12	1	7	1	6	1	10	1		2	2	13	
113	10	23	15	40	臺北市	信義區	信義區松勇路與松高路口	25.0390618	121.569739	0	0	1	2	6	6	5	4	18	1	4	4	5	13	1	1	9	5	5	2	3	4	5	1	3	1	8	1		2	3	8	
113	10	23	15	40	臺北市	松山區	松山區光復南路57巷2-1號	25.0458084	121.5582819	0	0	1	2	6	7	5	14	9	1	4	4	5	13	4	4	10	5	5	2	16	1	1	1	7	1	8	1		1	3	2	
113	10	23	16	49	臺北市	大安區	大安區信義路3段147巷與仁愛路3段口	25.0377989	121.5419749	0	0	1	2	6	7	5	3	1	1	4	4	5	13	4	4	8	3	5	2	15	4	15	1	3	1	8	1		1	3	2	
113	10	23	17	0	臺北市	信義區	信義區忠孝東路4段與忠孝東路4段553巷口	25.0412664	121.5635986	0	0	1	2	6	6	5	3	2	1	4	4	5	13	4	4	1	4	5	2	17	1	6	1	7	11	8	1		2	3	17	
113	10	23	17	5	臺北市	文山區	文山區萬美街1段52號	25.0020379	121.5666065	0	0	1	2	6	5	5	14	9	2	4	4	5	13	2	1	5	5	5	1	13	1	9	1	7	1	8	1		2	3	1	
113	10	23	17	10	臺北市	南港區	南港區東勢街與大坑街口口	25.0388398	121.6238069	0	0	1	3	6	6	5	3	1	1	4	4	5	13	4	4	10	5	5	2	16	1	5	1	7	1	8	1		2	3	4	
113	10	23	17	17	臺北市	南港區	南港區東新街與東新街108巷口	25.0465165	121.5876461	0	0	1	2	6	5	5	4	1	1	4	4	5	13	2	1	4	3	5	2	17	4	1	1	3	1	8	1		1	3	17	
113	10	23	17	25	臺北市	大同區	大同區環河北路1段與南京西路口	25.05391315	121.5075378	0	0	2	3	7	6	5	3	2	1	5	4	5	13	2	1	8	3	5	2	17	1	13	1	7	1	8	1		1	3	7	
113	10	23	17	34	臺北市	大安區	大安區仁愛路4段與敦化南路1段口	25.038732	121.5485969	0	0	1	2	6	5	5	18	23	1	4	4	5	13	1	1	9	3	5	2	10	4	9	8	3	1	20	1		2	2	11	
113	10	23	17	40	臺北市	松山區	松山區南京東路5段與東興路口	25.0514706	121.565669	0	0	1	2	6	5	5	14	9	1	4	4	5	13	1	1	1	3	4	2	18	1	9	1	6	1	10	1		2	2	11	
113	10	23	18	50	臺北市	中山區	中山區新生北路1段65號	25.049256	121.5290634	0	0	1	2	8	5	5	14	9	1	5	4	5	13	4	4	10	5	5	2	17	1	9	1	5	1	10	1		1	3	17	
113	10	23	19	2	臺北市	信義區	信義區松智路與信義路5段口	25.0327568	121.5654401	0	0	1	2	6	5	8	4	2	1	4	4	5	13	4	4	9	4	5	2	17	1	9	1	7	1	8	1		1	3	4	
113	10	23	19	45	臺北市	北投區	北投區明德路與明德路118巷口	25.10997474	121.520235	0	0	1	2	6	5	5	4	1	1	4	4	5	13	2	1	5	5	5	2	3	1	9	1	6	2	10	1		2	3	11	
113	10	23	20	15	臺北市	中山區	中山區北安路與北安路630巷口	25.0829562	121.5492632	0	0	1	2	6	5	5	4	1	1	4	4	5	13	2	1	1	4	5	2	17	4	11	1	6	1	10	1		1	3	17	
113	10	23	20	23	臺北市	大安區	大安區和平東路1段與溫州街口	25.0261264	121.5336453	0	0	1	2	6	5	5	3	1	1	4	4	5	13	2	1	1	4	5	2	17	4	11	1	3	1	4	1		1	3	17	
113	10	23	21	40	臺北市	萬華區	萬華區忠孝橋與忠孝西路2段口	25.04847431	121.5075323	0	0	1	2	6	5	5	4	2	1	4	4	5	13	1	1	1	4	5	2	17	1	6	1	5	1	10	1		1	2	12	
113	10	23	23	10	臺北市	內湖區	內湖區民權東路6段與瑞光路口	25.0686736	121.5851588	0	0	2	3	6	6	5	4	1	1	4	4	5	13	2	1	9	4	5	2	16	5	21	8	6	10	20	1		2	2	17	
113	10	23	23	50	臺北市	士林區	士林區格致路與凱旋路口	25.1370072	121.5464182	0	0	1	2	6	5	5	5	1	1	4	4	5	13	3	1	5	5	5	2	17	1	1	1	6	2	10	1		1	2	14	
113	10	24	0	7	臺北市	大同區	大同區環河北路1段173號	25.055507	121.5079791	0	0	1	2	7	5	5	14	9	1	4	4	5	13	4	4	10	4	5	2	17	4	15	6	6	2	10	1		1	2	11	
113	10	24	0	21	臺北市	內湖區	內湖區南京東路6段與南京東路6段368巷口	25.059634	121.5863054	0	0	1	3	6	6	5	4	1	1	4	4	5	13	2	1	9	4	5	2	15	1	9	1	7	2	8	1		1	3	1	
113	10	24	5	20	臺北市	內湖區	內湖區新明路426巷與南京東路6段口	25.0555243	121.5792007	0	0	1	2	6	5	5	4	1	1	4	4	5	13	1	1	1	5	5	2	15	1	9	1	7	2	7	1		1	3	8	
113	10	24	7	11	臺北市	信義區	信義區中坡南路與中坡南路98巷口	25.0422677	121.5843593	0	0	1	2	6	5	5	3	2	1	4	4	5	13	1	1	5	5	5	2	13	1	9	1	7	9	4	1		1	3	1	
113	10	24	7	35	臺北市	文山區	文山區木新路3段與木新路3段74巷口口	24.9823934	121.5635147	0	0	2	2	6	6	5	3	1	1	4	4	5	13	4	4	10	5	4	1	16	1	5	1	6	1	10	1		2	2	12	
113	10	24	7	37	臺北市	北投區	北投區大興街24巷與大興街24巷6弄口	25.12911768	121.4988223	0	0	1	3	6	7	5	4	1	1	4	4	5	13	4	4	7	5	5	2	17	4	7	1	3	1	10	1		1	3	15	
113	10	24	7	40	臺北市	士林區	士林區中山北路6段與克強路口	25.1087445	121.5252669	0	0	1	2	8	6	5	4	2	1	5	4	5	13	2	1	1	4	1	2	17	1	9	1	5	1	10	1		1	2	11	
113	10	24	7	46	臺北市	中山區	中山區自強隧道(內)往北	25.0911196	121.5487584	0	0	1	2	6	6	5	6	9	1	4	4	5	13	4	4	5	1	5	2	12	1	9	1	5	1	10	2		4	2	11	
113	10	24	7	48	臺北市	中山區	中山區建國北路3段與農安街口	25.06489421	121.5365327	0	0	1	2	6	6	5	4	1	1	4	4	5	13	1	1	10	2	5	2	17	4	21	7	3	11	10	2		4	4	12	
113	10	24	7	56	臺北市	中山區	中山區吉林路132號	25.05534675	121.5301648	0	0	1	2	6	7	5	14	8	1	4	4	5	13	4	4	9	4	4	2	16	1	5	1	6	9	10	2		1	3	12	