年	月	日	時	分	縣市	行政區	allLocation	GoogleLat	GoogleLng	死	2-30	受傷	當事人數	天候	道路照明設備	道路類別	道路型態	事故位置	路面狀況1	路面狀況2	路面狀況3	道路障礙1	道路障礙2	號誌1	號誌2	車道劃分-分向	車道劃分-分道1	車道劃分-分道2	車道劃分-分道3	事故類型及型態	行動電話	當事者行動狀態	駕駛資格情形	保護裝置	飲酒情形	駕駛執照種類	個人肇逃否	肇因碼-主要	性別	受傷程度	車輛撞擊部位1	車輛撞擊部位2
113	10	24	8	12	臺北市	信義區	信義區忠孝東路4段國父紀念館	25.0410112	121.5587253	0	0	1	2	6	6	5	14	9	1	4	4	5	13	4	4	9	4	5	2	17	1	15	1	6	1	10	1		1	3	17	
113	10	24	8	20	臺北市	南港區	南港區忠孝東路7段594號與忠孝東路7段596巷口	25.0528606	121.6151654	0	0	1	3	6	7	5	4	4	1	4	4	5	13	2	1	1	3	4	2	13	1	9	1	6	1	10	1		1	3	11	
113	10	24	8	45	臺北市	中正區	中正區永福橋往台北	25.0114301	121.5280209	0	0	1	2	6	6	8	8	9	1	4	4	5	13	4	4	5	5	5	2	17	1	9	1	6	2	10	1		2	2	17	
113	10	24	8	47	臺北市	南港區	南港區研究院路1段與富康街口	25.0542954	121.6165665	0	0	1	2	6	6	5	4	1	1	4	4	5	13	2	1	3	4	5	2	16	4	5	1	3	1	8	1		2	3	2	
113	10	24	8	50	臺北市	中山區	中山區新生北路3段與農安街口(迴轉道)	25.0658976	121.5281847	0	0	1	2	6	5	5	3	1	1	4	4	5	13	4	4	1	4	5	2	16	4	5	1	3	1	8	1		1	3	5	
113	10	24	8	51	臺北市	中山區	中山區樂群一路與樂群一路口 往東近敬業三路	25.0771044	121.5557661	0	0	2	3	6	6	5	14	9	1	4	4	5	13	4	4	3	4	5	2	13	1	10	1	6	1	10	1		1	2	13	
113	10	24	8	52	臺北市	松山區	松山區南京東路4段與南京東路4段53巷口	25.05178629	121.5511275	0	0	1	2	6	6	5	3	1	1	4	4	5	13	4	4	1	3	4	2	17	1	6	1	7	1	8	1		2	3	17	
113	10	24	8	53	臺北市	萬華區	萬華區永福街與貴陽街2段96巷口	25.03860231	121.5030271	0	0	2	2	6	6	5	4	2	1	4	4	5	13	4	4	10	5	5	2	15	1	9	1	6	1	10	1		2	2	14	
113	10	24	9	0	臺北市	文山區	文山區木柵路1段與辛亥路6段口	24.9878491	121.5523235	0	0	1	2	6	7	5	4	1	1	4	4	5	13	2	1	10	5	5	2	16	1	5	1	7	2	8	1		1	3	2	
113	10	24	9	7	臺北市	中正區	中正區重慶南路1段136巷與重慶南路1段口	25.036275	121.5124859	0	0	1	2	6	5	5	3	2	1	4	4	5	12	4	4	5	4	5	2	16	1	5	1	7	1	8	1		1	3	6	
113	10	24	9	12	臺北市	大同區	大同區延平北路2段88號	25.0561456	121.5116194	0	0	1	2	7	6	5	14	5	1	5	4	5	13	4	4	8	3	5	1	16	4	11	1	3	2	8	1		1	3	4	
113	10	24	9	30	臺北市	內湖區	內湖區民權東路6段19巷與瑞光路76巷口	25.0689183	121.5790844	0	0	1	2	8	6	5	4	1	1	4	4	5	13	2	1	10	5	5	2	17	1	4	1	5	1	10	1		1	2	14	
113	10	24	9	40	臺北市	大同區	大同區延平北路2段與延平北路2段61巷口	25.0554626	121.5116528	0	0	1	2	6	6	5	4	1	1	4	4	5	13	1	1	5	4	5	2	17	1	9	1	6	2	10	1		1	2	12	
113	10	24	10	8	臺北市	內湖區	內湖區康寧路3段75巷與康寧路3段75巷24弄口	25.07287923	121.6091351	0	0	1	2	6	5	5	3	1	1	4	4	5	13	4	4	5	5	5	2	9	1	9	1	7	2	8	1		1	3	4	
113	10	24	10	50	臺北市	松山區	松山區南京東路3段287號	25.0519042	121.5446853	0	0	1	2	6	6	5	14	7	1	3	4	5	13	4	4	1	3	4	2	13	2	15	1	5	1	10	1		1	2	11	
113	10	24	11	12	臺北市	信義區	信義區基隆路1段(忠孝東路五段1之7號)	25.0417576	121.5648278	0	0	2	3	6	5	8	22	22	1	4	4	5	13	4	4	1	4	5	2	17	1	9	1	6	1	9	1		1	2	11	
113	10	24	11	30	臺北市	信義區	信義區基隆路2段169號	25.0253748	121.5538179	0	0	2	2	7	5	5	14	9	1	4	4	5	13	4	4	1	4	5	2	17	1	9	1	6	1	10	1		2	2	12	
113	10	24	12	0	臺北市	內湖區	內湖區民權東路6段136巷與民權東路6段口	25.0690378	121.5878199	0	0	1	2	6	7	8	4	1	1	4	4	5	13	2	1	1	4	5	2	16	1	5	1	7	1	4	1		1	3	5	
113	10	24	12	1	臺北市	松山區	松山區塔悠路101號	25.05394056	121.5700499	0	0	1	2	6	7	5	14	9	1	4	4	5	13	4	4	9	4	5	2	17	1	6	1	7	1	8	1		1	3	7	
113	10	24	13	6	臺北市	南港區	南港區重陽路與興華路口	25.0578512	121.6053121	0	0	1	2	6	6	5	4	1	1	4	4	5	13	2	1	5	5	5	2	16	4	5	1	3	2	8	1		1	3	8	
113	10	24	13	8	臺北市	中山區	中山區民權東路2段1號	25.0626906	121.5283149	0	0	2	2	6	6	5	14	9	1	4	4	5	13	2	1	3	4	5	2	13	1	9	1	6	1	10	1		1	2	11	
113	10	24	13	42	臺北市	大安區	大安區金華街147號	25.0303918	121.5253203	0	0	1	2	6	6	5	14	9	1	4	4	3	10	4	4	9	5	5	2	12	1	1	1	7	1	8	1		2	3	8	
113	10	24	13	55	臺北市	文山區	文山區辛亥路7段與辛亥路7段84巷口口	24.9816807	121.5536876	0	0	1	2	6	6	5	3	1	1	4	4	5	13	4	4	5	4	4	1	17	1	6	1	6	1	10	1		2	3	17	
113	10	24	14	9	臺北市	中山區	中山區民權東路1段與林森北路口	25.06274362	121.5255669	0	0	2	2	8	6	5	4	1	1	5	4	5	13	1	1	5	2	5	2	16	1	5	1	5	1	8	1		1	2	12	
113	10	24	14	18	臺北市	中正區	中正區重慶南路3段與重慶南路3段54巷口口	25.027801	121.5157164	0	0	1	2	6	6	5	3	2	1	4	4	5	13	4	4	1	4	5	2	13	4	8	1	3	2	4	1		1	3	5	
113	10	24	14	55	臺北市	中山區	中山區市民大道2段51號前迴轉道	25.0467302	121.5285101	0	0	2	2	6	7	5	14	9	1	4	4	5	13	4	4	1	4	5	2	17	4	5	1	3	2	10	1		1	2	14	
113	10	24	15	5	臺北市	大同區	大同區延平北路4段20號	25.06917495	121.51086	0	0	1	3	7	6	5	14	9	1	5	4	5	13	4	4	5	2	5	2	17	1	15	1	7	1	8	1		1	3	4	
113	10	24	15	5	臺北市	文山區	文山區試院路36號	24.98924611	121.5492636	0	0	1	4	6	7	5	14	9	1	4	4	5	13	4	4	9	5	5	2	13	1	9	1	5	1	9	1		1	2	11	
113	10	24	15	14	臺北市	內湖區	內湖區康寧路3段75巷與康寧路3段75巷24弄口	25.07287838	121.6091211	0	0	1	2	6	5	5	3	2	1	4	4	5	13	4	4	5	5	5	2	17	4	6	1	7	9	8	2		5	3	15	
113	10	24	15	20	臺北市	內湖區	內湖區民權東路6段15巷與民權東路6段19巷口	25.0688194	121.5770172	0	0	1	2	6	6	5	3	1	1	4	4	5	13	4	4	9	5	5	2	17	1	5	1	7	2	8	1		1	3	8	
113	10	24	16	40	臺北市	內湖區	內湖區金湖路364號	25.0735322	121.6044939	0	0	2	3	6	6	5	14	8	1	4	4	5	13	4	4	1	5	4	2	17	1	13	1	2	1	8	1		2	3	4	
113	10	24	17	1	臺北市	萬華區	萬華區中華路1段130號	25.0436607	121.5086819	0	0	1	2	7	5	5	14	7	1	4	4	5	13	4	4	1	3	1	2	12	1	7	1	7	1	8	1		1	3	4	
113	10	24	17	16	臺北市	內湖區	內湖區瑞光路408號旁停車場出入口	25.07824184	121.5707764	0	0	1	2	6	5	5	14	9	1	4	4	5	13	4	4	9	4	5	2	16	1	1	1	7	2	8	1		1	3	8	
113	10	24	17	45	臺北市	信義區	信義區永吉路與永吉路326巷口	25.0454234	121.575472	0	0	1	2	6	5	5	4	1	1	4	4	5	13	2	1	1	4	5	1	17	4	5	1	3	1	8	1		1	3	5	
113	10	24	17	50	臺北市	信義區	信義區福德街84巷與林口街10巷口口	25.0376602	121.581229	0	0	2	3	6	7	5	3	1	1	4	4	5	13	4	4	5	5	5	2	9	1	9	1	6	1	10	1		1	2	11	
113	10	24	18	0	臺北市	萬華區	萬華區西寧南路與漢口街2段口	25.05157358	121.5087487	0	0	2	2	6	5	5	4	1	1	4	4	5	13	2	1	5	4	5	2	17	1	5	1	6	1	10	1		2	2	14	
113	10	24	18	10	臺北市	信義區	信義區和平東路3段697號	25.0098802	121.5653623	0	0	1	2	6	5	5	12	9	1	4	4	5	13	4	4	8	3	5	2	18	4	15	1	3	1	10	1		1	2	11	
113	10	24	18	14	臺北市	內湖區	內湖區舊宗路2段與港墘路口附近	25.074282	121.5726421	0	0	1	2	6	5	5	4	2	1	4	4	5	13	2	1	7	4	5	2	13	1	9	1	7	2	4	1		1	2	8	
113	10	24	18	16	臺北市	萬華區	萬華區西園路2段42號	25.0327342	121.4976515	0	0	1	2	6	5	5	14	9	1	4	4	5	13	4	4	1	4	5	2	12	1	7	8	4	9	20	1		1	2	14	
113	10	24	18	17	臺北市	中正區	中正區南昌路1段1-1號	25.0332435	121.5157354	0	0	2	2	6	5	6	14	9	1	4	4	5	13	4	4	5	5	5	2	3	1	9	1	5	2	10	1		1	2	11	
113	10	24	18	26	臺北市	北投區	北投區大度路2號	25.1213458	121.4987126	0	0	1	4	6	6	5	14	9	1	4	4	5	13	4	4	1	4	5	1	17	1	1	1	6	9	9	2		1	3	17	
113	10	24	18	28	臺北市	信義區	信義區松德路168巷15號	25.0365317	121.572772	0	0	2	2	7	5	5	14	9	1	4	4	5	13	4	4	5	5	5	2	3	1	9	1	5	2	10	1		1	2	11	
113	10	24	18	30	臺北市	中山區	中山區中山北路3段與中山橋口	25.07504672	121.5258096	0	0	1	2	6	5	5	3	1	1	4	4	5	13	1	1	9	4	5	2	17	1	7	1	5	1	10	1		1	2	14	
113	10	24	18	30	臺北市	大安區	大安區四維路154巷與敦化南路2段口	25.0309887	121.5491367	0	0	1	2	6	5	6	4	1	1	4	4	5	13	1	1	1	2	5	2	17	4	5	1	7	1	8	1		1	3	8	
113	10	24	18	33	臺北市	萬華區	萬華區西藏路與萬大路口	25.0292283	121.5006124	0	0	2	3	6	5	5	4	4	1	4	4	5	13	2	1	1	4	5	2	13	1	1	1	7	2	8	1		1	3	1	
113	10	24	18	44	臺北市	大安區	大安區杭州南路2段63號	25.0300707	121.5221081	0	0	1	2	6	5	5	14	9	1	4	4	5	13	4	4	5	4	5	2	3	5	16	8	4	10	20	1		2	3	16	
113	10	24	18	47	臺北市	南港區	南港區成福路107巷2號	25.0423715	121.5875286	0	0	1	2	6	5	5	14	9	1	4	4	5	13	4	4	10	5	5	2	2	1	9	8	4	2	20	1		1	3	11	
113	10	24	18	50	臺北市	松山區	松山區復興北路375號	25.06277005	121.5443171	0	0	1	2	6	5	5	14	9	1	4	4	5	13	4	4	1	4	5	2	12	1	9	1	5	1	10	1		2	2	14	
113	10	24	18	57	臺北市	信義區	信義區基隆路1段178號	25.04237053	121.5650234	0	0	2	3	6	5	7	14	9	1	4	4	5	13	4	4	1	4	5	2	12	1	8	1	6	1	10	1		1	2	15	
113	10	24	19	0	臺北市	中正區	中正區三元街與寧波西街口	25.0280279	121.5114767	0	0	2	2	6	5	5	4	1	1	4	4	5	12	2	1	3	4	5	2	17	1	9	1	5	2	10	1		1	2	11	
113	10	24	19	0	臺北市	內湖區	內湖區瑞光路104號	25.0717234	121.5808782	0	0	2	3	6	5	5	14	9	1	4	4	5	13	1	1	5	5	5	2	13	1	9	1	6	2	10	1		1	2	11	
113	10	24	19	4	臺北市	大同區	大同區台北橋機慢車道往三重	25.0631015	121.5105846	0	0	1	2	6	5	5	14	9	1	4	4	5	13	4	4	1	4	5	2	17	1	9	1	6	1	10	1		2	2	14	
113	10	24	19	10	臺北市	南港區	南港區成功路1段36巷與成功路1段口	25.0556802	121.5928232	0	0	2	2	8	5	5	3	2	1	4	4	5	13	3	1	4	1	5	2	3	1	5	6	5	2	10	1		1	2	11	
113	10	24	19	13	臺北市	士林區	士林區中山北路6段榕樹SL0234631009	25.11691055	121.5306	0	0	4	5	6	5	5	14	9	1	4	4	5	13	4	4	1	4	5	2	12	1	9	1	5	1	10	1		1	2	12	
113	10	24	19	15	臺北市	萬華區	萬華區中華路2段416巷與中華路2段416巷66弄口	25.0271204	121.5040965	1	0	0	2	6	5	5	3	1	1	4	4	5	13	4	4	5	5	5	2	3	1	9	1	7	2	8	1		2	3	5	
113	10	24	19	50	臺北市	松山區	松山區環東大道6511057號燈桿	25.0507405	121.5702631	0	0	1	2	6	5	5	10	7	1	4	4	5	13	4	4	1	2	5	2	12	1	8	1	7	1	2	1		1	3	5	
113	10	24	20	30	臺北市	信義區	信義區仁愛路4段與一號道路口	25.0373686	121.5619693	0	0	1	2	6	5	5	14	9	4	4	4	5	13	1	1	10	4	5	2	18	1	9	1	5	1	10	1		2	2	14	
113	10	24	20	39	臺北市	信義區	信義區松信路123號	25.0449379	121.5720657	0	0	2	2	6	5	5	14	9	1	4	4	5	13	4	4	8	1	4	2	17	4	15	1	3	1	10	1		1	2	11	
113	10	24	20	49	臺北市	大同區	大同區忠孝橋機慢車道往西	25.0487636	121.5074151	0	0	1	2	6	5	7	14	11	1	4	4	5	13	4	4	1	4	5	2	17	1	9	1	6	11	10	1		2	3	17	
113	10	24	20	51	臺北市	中正區	中正區中華路1段與中華路1段9巷口	25.04707288	121.5095975	0	0	2	2	6	5	5	4	1	1	4	4	5	13	2	1	1	4	5	2	12	1	7	1	5	2	10	1		1	2	14	
113	10	24	20	55	臺北市	萬華區	萬華區萬大路與艋舺大道口	25.03109336	121.5028742	0	0	1	2	6	6	5	4	2	1	4	4	5	13	2	1	1	4	5	2	17	1	9	1	7	1	4	1		1	3	4	
113	10	24	21	18	臺北市	士林區	士林區延平北路6段489號	25.0934237	121.4981065	0	0	1	3	6	5	5	14	12	1	4	4	5	13	4	4	1	4	4	2	12	1	1	1	7	1	8	1		1	3	8	
113	10	24	21	23	臺北市	中山區	中山區龍江路249巷與龍江路口	25.0587143	121.5407342	0	0	1	2	6	5	5	4	1	1	4	4	5	13	4	4	5	2	5	2	9	1	9	1	5	1	10	1		2	3	11	
113	10	24	21	25	臺北市	北投區	北投區石牌路2段與天母西路口	25.1192333	121.5219355	0	0	1	2	6	5	5	3	2	1	4	4	5	13	3	1	9	4	5	1	15	1	1	1	7	1	8	1		2	3	2	
113	10	24	21	40	臺北市	大同區	大同區延平北路3段與民權西路口	25.0630269	121.5114682	0	0	2	2	6	5	5	4	2	1	4	4	5	13	2	1	1	4	5	2	12	4	9	1	3	1	10	1		1	2	14	
113	10	24	22	15	臺北市	中正區	中正區林森北路7號	25.04570142	121.5236092	0	0	1	2	6	5	5	14	9	1	4	4	5	13	4	4	5	4	5	2	2	1	9	1	5	1	10	1		1	3	12	
113	10	24	22	26	臺北市	文山區	文山區景文街與景美街口	24.9883304	121.5410035	0	0	2	2	6	5	5	4	1	1	4	4	5	13	1	1	5	5	5	2	16	1	5	8	4	1	20	1		2	2	11	
113	10	24	23	10	臺北市	中正區	中正區中山南路與青島東路口	25.0444638	121.5191132	0	0	1	2	6	5	6	4	18	1	4	4	5	13	1	1	1	4	1	2	9	1	5	1	7	9	8	1		1	3	1	
113	10	24	23	50	臺北市	中山區	中山區中山北路1段57號	25.0495181	121.5216192	0	0	1	2	6	5	5	14	8	1	4	4	5	13	1	1	1	5	1	1	13	1	9	1	5	1	10	1		2	2	11	
113	10	25	1	8	臺北市	萬華區	萬華區中華路2段與西藏路口	25.03007635	121.5040008	0	0	1	2	6	5	5	4	18	1	4	4	5	13	1	1	1	4	5	2	3	4	5	1	7	1	8	1		1	3	8	
113	10	25	7	13	臺北市	中山區	中山區吉林路與農安街口	25.0648196	121.5303602	0	0	1	2	6	6	5	4	1	1	4	4	5	13	1	1	5	4	5	2	13	1	9	1	5	1	10	1		2	2	11	
113	10	25	8	1	臺北市	文山區	文山區福和橋與無名巷口機慢車道(西向東近汀州路四段)	25.0107385	121.5360328	0	0	2	3	6	6	5	14	11	1	4	4	5	13	4	4	1	4	1	1	12	1	7	1	6	2	10	1		1	3	13	
113	10	25	8	3	臺北市	北投區	北投區大度路與中央北路2段257巷口	25.1217544	121.4858802	0	0	2	3	6	7	5	5	1	1	4	4	5	13	2	1	1	4	3	1	16	4	6	1	3	1	10	1		1	3	13	
113	10	25	8	4	臺北市	大同區	大同區敦煌路130號	25.0761213	121.5164666	0	0	1	2	7	6	5	22	9	1	4	4	5	13	4	4	10	5	5	2	17	4	5	1	7	1	8	1		1	3	5	
113	10	25	8	10	臺北市	信義區	信義區莊敬路與吳興街99巷口	25.0306072	121.5613491	0	0	1	2	6	6	5	14	9	1	4	4	5	13	1	1	9	4	4	2	18	1	9	1	5	9	10	1		1	2	14	
113	10	25	8	14	臺北市	大同區	大同區鄭州路與環河北路1段口	25.0510552	121.5069555	0	0	1	2	7	5	5	4	1	1	4	4	5	13	1	1	9	4	5	2	12	1	9	1	5	1	10	1		1	2	14	
113	10	25	8	16	臺北市	大安區	大安區建國高架道向南164號燈桿	25.0299038	121.5377191	0	0	1	2	6	6	5	14	9	1	4	4	5	13	4	4	1	4	5	1	13	1	9	1	6	1	9	1		1	2	11	
113	10	25	8	20	臺北市	大安區	大安區復興南路2段與瑞安街口	25.0296678	121.5436549	0	0	1	2	6	7	5	14	8	1	4	4	5	13	1	1	8	3	4	1	11	1	8	1	5	1	10	1		1	3	17	
113	10	25	8	25	臺北市	內湖區	內湖區內湖路1段285巷31號	25.08391011	121.5671263	0	0	1	2	6	6	5	14	9	1	4	4	5	13	4	4	10	5	5	2	3	5	16	8	4	10	20	1		2	3	17	
113	10	25	8	25	臺北市	文山區	文山區景福街155號	24.99532324	121.5366672	0	0	1	2	6	6	5	14	19	1	4	4	5	13	4	4	9	5	5	2	3	1	9	1	5	1	10	1		1	2	14	
113	10	25	8	28	臺北市	信義區	信義區永吉路180巷66弄與永吉路180巷口	25.0434638	121.5714278	0	0	1	2	6	7	5	4	1	1	4	4	5	13	4	4	5	5	5	2	15	4	9	1	3	1	10	1		2	3	12	
113	10	25	8	37	臺北市	北投區	北投區承德路6段燈2121277	25.1009724	121.5122025	0	0	1	2	6	6	5	14	8	1	4	4	5	13	4	4	9	4	4	2	12	1	8	1	7	2	8	1		1	3	2	
113	10	25	8	42	臺北市	中山區	中山區林森北路119巷與林森北路口	25.0507717	121.5252144	0	0	1	2	6	6	5	3	1	1	4	4	5	13	4	4	5	4	5	2	12	4	8	1	3	1	4	1		1	3	6	
113	10	25	8	57	臺北市	中山區	中山區復興北路348號	25.06001622	121.544055	0	0	1	2	6	6	5	14	9	1	4	4	5	13	4	4	1	4	5	2	12	1	8	1	5	1	10	1		1	2	12	
113	10	25	8	57	臺北市	萬華區	萬華區環河南路2段與長順街口	25.0314042	121.4907261	0	0	1	2	6	7	5	4	1	1	4	4	5	13	1	1	1	4	5	2	16	1	5	1	7	1	8	1		1	3	1	
113	10	25	9	0	臺北市	中山區	中山區民族東路與建國北路3段口	25.06773424	121.5332025	0	0	1	2	6	6	5	14	9	1	4	4	5	13	2	1	1	5	5	1	17	4	8	1	3	1	8	1		1	3	17	
113	10	25	9	4	臺北市	內湖區	內湖區成功路5段與成功路5段152巷口	25.0831006	121.6042744	0	0	1	2	6	6	5	3	1	1	4	4	4	8	1	1	1	4	4	1	17	1	9	1	6	1	10	1		1	2	14	
113	10	25	9	23	臺北市	松山區	松山區麥帥一橋機車道(東往西)燈桿7510328號處	25.05148916	121.5705544	0	0	1	2	6	7	5	14	11	1	4	4	5	13	4	4	9	4	5	2	17	1	7	1	6	2	10	1		1	3	17	
113	10	25	9	35	臺北市	士林區	士林區延平北路6段116巷10號	25.08922295	121.5078844	0	0	1	2	6	6	5	14	9	1	4	4	5	13	4	4	10	5	5	1	17	1	9	1	6	1	10	1		1	3	11	
113	10	25	9	38	臺北市	士林區	士林區中正路與士商路口	25.09237919	121.5187136	0	0	1	2	7	5	5	3	2	1	5	4	5	13	2	1	5	5	5	2	16	1	5	1	5	1	10	1		1	2	14	
113	10	25	9	40	臺北市	大安區	大安區新生南路1段103巷與新生南路1段103巷33弄口	25.0406687	121.5356983	0	0	1	2	6	6	5	4	1	1	4	4	5	13	4	4	10	5	5	2	15	1	9	1	7	1	8	1		2	3	1	
113	10	25	9	42	臺北市	中正區	中正區市民大道2段迴轉道往東	25.04740005	121.5260622	0	0	2	2	6	7	5	22	6	1	4	4	5	13	4	4	1	4	5	2	17	1	11	1	6	1	10	1		1	2	12	
113	10	25	9	45	臺北市	士林區	士林區承德路4段329號與福港街18巷口	25.0905524	121.5173244	0	0	1	2	7	6	5	4	2	1	5	4	5	13	4	4	1	4	4	1	16	4	9	1	3	1	10	2		4	2	14	
113	10	25	10	10	臺北市	中山區	中山區民權東路2段178號	25.0624342	121.5279803	0	0	1	3	6	6	5	14	9	1	4	4	5	13	4	4	1	4	5	2	12	4	7	1	3	1	8	1		1	3	7	
113	10	25	10	13	臺北市	文山區	文山區秀明路1段與秀明路1段129巷口口	24.9910347	121.567058	0	0	1	2	6	6	5	3	1	1	4	4	5	13	4	4	1	5	4	2	13	1	9	1	7	2	8	1		1	3	6	
113	10	25	10	20	臺北市	松山區	松山區南京東路5段16號	25.0514172	121.5586826	0	0	1	3	6	6	5	14	8	1	4	4	5	13	4	4	1	4	4	2	12	4	21	1	6	1	10	1		2	2	15	
113	10	25	10	50	臺北市	士林區	士林區承德路5段與士商路口	25.09612264	121.5141322	0	0	2	3	8	5	5	4	1	1	5	4	5	13	2	1	1	4	5	1	13	1	9	1	5	1	10	1		1	2	11	
113	10	25	10	57	臺北市	士林區	士林區天母西路62巷與天母西路50巷口	25.1181183	121.5240223	0	0	1	2	6	6	5	3	1	1	4	4	5	13	4	4	10	5	5	2	16	1	6	1	7	1	8	1		1	3	2	
113	10	25	11	5	臺北市	中山區	中山區新生北路2段與長春路口	25.0549305	121.5273639	0	0	1	2	6	6	5	4	1	1	4	4	5	13	1	1	10	2	5	2	17	1	6	1	7	1	8	1		1	3	6	
113	10	25	11	14	臺北市	中山區	中山區南京東路3段與建國北路口側附近2段口	25.0519164	121.5368386	0	0	1	2	6	7	5	4	1	1	4	4	5	13	1	1	2	4	5	2	13	4	9	1	3	1	10	1		2	2	11	
113	10	25	11	38	臺北市	萬華區	萬華區東園街與東園街154巷口	25.02301594	121.4977967	0	0	1	2	6	6	5	3	1	1	4	4	5	13	3	1	5	5	5	2	14	1	2	1	7	1	8	1		1	3	3	
113	10	25	12	0	臺北市	士林區	士林區中山北路6段與中山北路6段419巷口	25.1135729	121.5268489	0	0	2	2	8	5	5	3	1	1	5	4	5	13	4	4	1	4	5	2	12	1	8	1	6	1	10	1		2	2	12	
113	10	25	12	32	臺北市	中正區	中正區市民大道1段與中山北路1段口	25.0480241	121.5205873	0	0	1	2	8	6	8	22	22	1	5	4	5	13	2	1	1	4	5	2	17	1	12	1	6	2	10	1		2	2	14	
113	10	25	12	39	臺北市	中正區	中正區重慶南路3段63號	25.0265128	121.5162197	0	0	1	3	8	7	5	14	9	1	5	4	5	13	4	4	1	4	5	2	12	1	7	1	5	1	10	1		1	2	14	
113	10	25	12	45	臺北市	中正區	中正區詔安街與詔安街26巷口	25.0251091	121.5159496	0	0	1	2	8	6	5	3	1	1	5	4	5	13	4	4	10	5	5	2	15	1	9	1	7	2	4	1		1	3	8	
113	10	25	12	45	臺北市	信義區	信義區忠孝東路4段560號	25.0411029	121.5636561	0	0	1	3	7	7	5	14	9	1	5	4	5	13	4	4	3	4	5	2	17	4	9	1	6	1	10	1		1	2	14	
113	10	25	13	6	臺北市	大同區	大同區民生西路76號	25.0575482	121.5203774	0	0	1	2	7	6	5	14	9	1	5	4	5	13	4	4	8	3	5	1	16	4	6	1	6	1	10	1		1	2	12	
113	10	25	13	30	臺北市	內湖區	內湖區民權東路6段與民權東路6段11巷口	25.06679766	121.5787557	0	0	1	2	8	5	5	4	2	1	5	4	5	13	1	1	1	5	5	2	17	4	21	7	3	11	19	2		1	4	15	
113	10	25	13	59	臺北市	大同區	大同區哈密街與哈密街83巷口	25.07296254	121.5148896	0	0	1	2	8	6	5	4	1	1	5	4	5	13	4	4	9	4	5	2	17	1	9	1	6	2	10	1		2	2	12	
113	10	25	14	11	臺北市	中山區	中山區市民大道2段與林森北路口	25.04791978	121.524237	0	0	2	2	8	6	5	4	1	1	5	4	5	13	1	1	10	4	5	2	13	1	5	1	5	1	10	1		2	2	13	12
113	10	25	14	20	臺北市	內湖區	內湖區文德路與文德路101巷口	25.07868549	121.5834027	0	0	1	2	8	5	5	4	1	1	4	4	5	13	1	1	1	3	4	1	16	4	5	1	3	1	10	1		1	2	13	
113	10	25	14	25	臺北市	大安區	大安區仁愛路4段與安和路1段口	25.0378489	121.5513538	0	0	1	2	7	7	5	4	1	1	5	4	5	13	2	1	1	3	1	1	17	1	9	1	7	1	8	1		1	3	1	
113	10	25	14	29	臺北市	北投區	北投區中和街與中和街292巷口	25.1405909	121.5001797	0	0	1	2	8	6	5	3	1	1	5	4	5	13	4	4	5	5	5	2	3	1	9	1	7	2	8	1		1	3	2	
113	10	25	14	38	臺北市	內湖區	內湖區成功路2段與成功路2段口國道1號南下引道口附近	25.0649477	121.5902042	0	0	1	2	7	5	5	18	17	1	4	4	5	13	4	4	9	4	5	2	16	1	1	1	7	1	8	1		1	3	5	
113	10	25	14	41	臺北市	中正區	中正區延平南路與中華路1段81巷口	25.0381895	121.508429	0	0	1	3	8	5	6	3	2	2	5	4	5	13	4	4	9	4	5	2	17	1	5	1	7	2	4	1		1	3	5	
113	10	25	15	0	臺北市	內湖區	內湖區成功路2段與成功路2段486巷口口	25.0728179	121.5898595	0	0	1	2	7	6	5	3	2	1	5	4	5	13	2	1	1	2	5	2	12	1	8	1	7	1	8	1		1	3	6	
113	10	25	15	18	臺北市	大安區	大安區和平東路3段與和平東路3段406巷口	24.99944103	121.5579236	0	0	1	2	7	7	5	3	2	1	5	4	5	13	1	1	4	2	5	2	17	1	9	1	5	2	10	1		1	2	14	
113	10	25	15	30	臺北市	中山區	中山區林森北路285號	25.05547353	121.5254735	0	0	1	2	8	6	5	14	9	1	5	4	5	13	4	4	4	5	5	1	12	4	8	1	3	2	8	1		1	3	5	
113	10	25	15	30	臺北市	士林區	士林區社正路與社正路33巷口	25.0889075	121.5096331	0	0	1	2	8	6	5	5	2	1	5	4	5	13	4	4	9	4	5	1	17	1	5	6	5	1	10	1		1	2	12	
113	10	25	15	33	臺北市	文山區	文山區景文街146巷22號	24.99233186	121.5324249	0	0	1	2	8	6	5	11	9	1	5	4	5	13	4	4	10	5	5	2	10	1	9	1	7	2	2	1		1	3	8	
113	10	25	15	38	臺北市	中正區	中正區青島東路7號	25.0437854	121.5224099	0	0	1	3	8	6	5	14	9	1	5	4	5	13	4	4	9	4	5	2	13	1	9	1	5	2	10	1		1	2	11	
113	10	25	16	42	臺北市	中山區	中山區濱江街與大直橋口往北	25.0760885	121.5444498	0	0	1	2	8	6	5	8	9	1	5	4	5	13	4	4	1	4	5	2	13	4	9	1	3	1	8	1		1	3	1	
113	10	25	16	45	臺北市	大安區	大安區基隆路2段與和平東路3段口	25.0247776	121.5529074	0	0	1	2	7	5	5	4	2	1	5	4	5	13	1	1	1	4	5	2	13	4	9	1	3	1	10	1		2	2	11	