年	月	日	時	分	縣市	行政區	allLocation	GoogleLat	GoogleLng	死	2-30	受傷	當事人數	天候	道路照明設備	道路類別	道路型態	事故位置	路面狀況1	路面狀況2	路面狀況3	道路障礙1	道路障礙2	號誌1	號誌2	車道劃分-分向	車道劃分-分道1	車道劃分-分道2	車道劃分-分道3	事故類型及型態	行動電話	當事者行動狀態	駕駛資格情形	保護裝置	飲酒情形	駕駛執照種類	個人肇逃否	肇因碼-主要	性別	受傷程度	車輛撞擊部位1	車輛撞擊部位2
113	10	25	16	53	臺北市	松山區	松山區市民高架道東往西6510784燈桿	25.04491008	121.5489417	0	0	2	3	8	6	5	10	9	1	5	4	5	13	4	4	1	4	5	1	13	1	9	1	7	1	2	1		1	3	1	
113	10	25	16	58	臺北市	松山區	松山區八德路2段與敦化南路1段口	25.0481149	121.5488794	0	0	1	2	7	5	5	4	1	1	5	4	5	13	1	1	5	4	5	2	17	1	9	6	6	2	10	1		1	2	14	
113	10	25	17	14	臺北市	文山區	文山區木柵路3段與萬壽橋口口旁	24.9912307	121.5710836	0	0	1	2	8	5	5	14	9	1	5	4	5	13	4	4	5	4	5	2	13	1	9	1	7	1	1	1		1	3	5	
113	10	25	17	32	臺北市	中山區	中山區民權東路1段與林森北路口	25.06273051	121.5259313	0	0	1	2	7	7	5	4	1	1	5	4	5	13	2	1	1	4	5	2	13	4	9	1	6	1	10	1		2	2	11	
113	10	25	17	47	臺北市	中山區	中山區農安街38巷與林森北路557巷口	25.0644537	121.5271479	0	0	1	2	8	6	5	4	1	1	5	4	5	13	4	4	5	5	5	2	15	4	9	1	6	1	10	1		2	2	11	
113	10	25	17	57	臺北市	南港區	南港區中坡北路與市民大道7段口	25.04942884	121.5801407	0	0	1	2	7	5	5	4	2	1	5	4	5	13	2	1	1	4	5	2	15	4	9	8	4	1	20	1		1	2	12	
113	10	25	18	8	臺北市	大安區	大安區敦化南路2段63巷與敦化南路2段口口	25.0309588	121.5490502	0	0	2	2	8	5	5	4	1	1	5	4	5	13	2	1	1	4	1	1	17	1	9	1	5	1	10	1		1	2	11	
113	10	25	18	20	臺北市	中山區	中山區德惠街與雙城街口	25.0667237	121.5245081	0	0	1	2	8	5	5	4	4	2	5	4	5	13	1	1	8	3	5	2	12	1	9	1	7	1	4	1		1	3	17	
113	10	25	18	35	臺北市	士林區	士林區通河西街1段堤外南往北	25.08825093	121.5122173	0	0	2	2	8	5	5	14	9	1	5	4	5	13	4	4	9	5	5	2	17	1	11	1	6	1	10	1		1	2	11	
113	10	25	18	35	臺北市	大安區	大安區復興南路2段與瑞安街口	25.0299102	121.5436071	0	0	3	3	7	5	5	3	1	1	5	4	5	13	2	1	1	4	4	2	13	4	9	1	3	1	9	1		1	2	11	
113	10	25	19	3	臺北市	北投區	北投區文林北路與自強街口	25.10956474	121.5123381	0	0	2	3	8	5	5	14	9	1	5	4	5	13	4	4	9	4	5	2	13	1	14	1	7	9	2	1		1	3	7	
113	10	25	19	14	臺北市	內湖區	內湖區民權東路6段138號	25.0689442	121.588781	0	0	1	2	8	7	5	14	9	1	5	4	5	13	4	4	1	4	5	2	11	1	8	1	7	9	8	1		1	3	6	
113	10	25	19	18	臺北市	大安區	大安區大安路1段116巷19號	25.0398448	121.5446788	0	0	1	2	8	5	5	14	9	1	5	4	5	13	4	4	10	4	5	2	3	5	18	8	4	10	20	1		1	2	16	
113	10	25	19	36	臺北市	北投區	北投區石牌路1段與西安街1段口	25.1152581	121.5151829	0	0	2	3	8	5	5	4	2	1	5	4	5	13	2	1	5	4	5	2	16	1	9	1	6	1	10	1		1	2	12	
113	10	25	19	50	臺北市	松山區	松山區南京東路5段97號	25.0516479	121.5602813	0	0	1	2	7	5	8	14	23	4	5	4	5	13	4	4	10	5	5	2	1	1	9	8	4	1	20	1		1	3	11	
113	10	25	20	43	臺北市	內湖區	內湖區金湖路與康寧路1段口口	25.0790076	121.599632	0	0	1	2	6	5	5	3	1	1	4	4	5	13	1	1	1	4	5	2	13	1	9	1	7	1	8	1		1	3	8	
113	10	25	20	55	臺北市	文山區	文山區政大二街83號	24.9874222	121.5837659	0	0	1	2	8	5	5	14	9	1	5	4	5	13	4	4	9	5	5	2	17	4	15	1	3	1	8	1		2	3	1	
113	10	25	20	56	臺北市	信義區	信義區虎林街120巷167弄3號	25.0423911	121.5740695	0	0	1	2	8	5	5	14	9	1	5	4	5	13	4	4	10	5	5	2	9	1	9	1	7	9	8	2		1	3	2	
113	10	25	20	59	臺北市	文山區	文山區木柵路2段與興隆路4段口	24.9887635	121.560221	0	0	1	2	7	5	5	4	1	1	5	4	5	13	1	1	10	5	5	2	15	4	9	1	3	1	8	1		1	3	7	
113	10	25	21	39	臺北市	萬華區	萬華區中華路1段與成都路口	25.0423866	121.5081385	0	0	1	3	7	5	5	4	2	1	5	4	5	13	2	1	1	4	1	2	17	4	21	7	3	11	19	2		1	4	15	
113	10	25	21	42	臺北市	大安區	大安區忠孝東路4段與忠孝東路4段223巷口	25.0416443	121.5531483	0	0	1	2	8	5	5	4	4	1	5	4	5	13	2	1	5	2	5	2	13	4	9	1	3	1	8	1		1	3	1	
113	10	25	21	50	臺北市	中正區	中正區愛國東路36號	25.0346907	121.5182318	0	0	1	2	7	5	5	14	7	1	5	4	5	13	2	1	1	4	4	2	16	1	11	1	7	1	8	1		2	3	5	
113	10	25	22	20	臺北市	中山區	中山區龍江路412巷與五常街53巷口	25.06760176	121.5396708	0	0	1	2	7	5	5	4	2	1	5	4	5	13	4	4	9	5	5	2	15	4	9	1	3	1	8	1		2	3	1	
113	10	25	22	40	臺北市	中山區	中山區農安街與吉林路口	25.05173857	121.5225568	0	0	1	2	7	5	5	4	2	1	5	4	5	13	1	1	4	3	5	1	17	1	9	1	6	1	10	1		2	2	17	
113	10	26	4	49	臺北市	南港區	南港區東新街170巷23號	25.0441786	121.5929585	0	0	1	2	8	5	5	11	9	1	5	4	5	13	4	4	5	4	5	2	27	1	9	1	5	2	10	1		3	2	11	
113	10	26	7	40	臺北市	士林區	士林區至善路2段與至善路2段342巷口旁	25.1033605	121.5544481	0	0	1	2	8	6	5	3	2	1	5	4	5	13	4	4	3	4	5	2	17	4	7	1	3	1	9	1		1	2	14	
113	10	26	8	7	臺北市	萬華區	萬華區富民路145巷36弄(近燈桿0905048)	25.0188577	121.5014136	0	0	1	2	8	6	5	14	9	1	5	4	5	13	4	4	10	5	5	2	14	4	2	1	3	11	8	1		1	4	1	
113	10	26	9	14	臺北市	萬華區	萬華區堤外便道桂林提外停車場前的腳踏車道	25.03506373	121.5070721	0	0	2	2	7	6	7	14	23	1	5	4	5	13	4	4	9	5	5	1	17	4	9	8	3	1	20	1		1	2	13	
113	10	26	9	50	臺北市	大同區	大同區民權西路與延平北路3段口(西北角）	25.063074	121.5109883	0	0	1	2	8	6	5	14	11	1	5	4	5	13	4	4	8	3	5	1	13	4	9	1	6	1	10	1		2	2	11	
113	10	26	10	10	臺北市	北投區	北投區榮華三路與磺溪便道口（天母橋）	25.1137176	121.52527	0	0	1	2	8	7	5	3	1	1	5	4	5	13	4	4	9	5	5	2	3	4	5	1	3	2	8	1		2	3	1	
113	10	26	10	20	臺北市	大同區	大同區民權西路與延平北路3段口(西南角）	25.0628592	121.5111644	0	0	4	4	7	6	5	4	2	1	5	4	5	13	4	4	8	3	5	1	16	4	5	1	6	2	10	1		1	2	14	
113	10	26	10	40	臺北市	中山區	中山區龍江路412巷與五常街53巷口口	25.0676017	121.5396995	0	0	1	2	8	5	5	4	2	1	5	4	5	13	4	4	8	5	5	1	15	1	9	1	5	1	10	1		1	2	11	
113	10	26	10	50	臺北市	南港區	南港區忠孝東路7段與興中路口	25.052303	121.6079386	0	0	1	2	7	7	5	3	2	1	5	4	5	13	2	1	1	4	5	2	16	4	6	1	3	1	8	1		1	3	17	
113	10	26	11	0	臺北市	士林區	士林區格致路與凱旋路口	25.1369467	121.5463591	0	0	1	2	7	6	5	3	1	1	5	4	5	13	4	4	4	5	5	1	16	1	5	1	7	1	4	1		1	3	2	
113	10	26	11	3	臺北市	大同區	大同區民權西路226號	25.06290086	121.5132942	0	0	2	2	8	6	5	14	9	1	5	4	5	13	1	1	1	4	5	2	17	1	9	1	6	6	10	1		1	2	11	
113	10	26	11	8	臺北市	大同區	大同區萬全街4號	25.0582349	121.5205728	0	0	1	2	8	6	5	14	9	4	5	4	5	13	4	4	10	5	5	2	9	4	9	1	5	1	10	1		2	3	12	
113	10	26	11	12	臺北市	中正區	中正區中山南路與徐州路口	25.0417352	121.5185991	0	0	1	3	8	6	5	3	1	1	5	4	5	13	1	1	5	4	5	2	17	4	9	1	6	1	10	1		2	2	11	
113	10	26	11	54	臺北市	大同區	大同區承德路2段與民生西路口	25.0571284	121.5179085	0	0	1	2	8	6	5	4	2	1	5	4	5	13	2	1	1	2	5	2	17	4	7	1	5	1	10	1		1	2	13	
113	10	26	12	18	臺北市	中正區	中正區汀州路3段25號	25.019933	121.5263626	0	0	1	2	8	6	5	14	9	1	5	4	5	13	4	4	1	4	5	1	17	1	9	1	5	2	10	1		1	2	11	
113	10	26	12	22	臺北市	文山區	文山區指南路3段34巷（指南幹8 1 B7227BB00)前	25.04847309	121.5183568	0	0	1	2	7	6	5	11	9	1	5	4	5	13	4	4	10	5	5	1	11	4	9	1	3	2	8	1		1	3	4	
113	10	26	12	52	臺北市	士林區	士林區通河西街2段與社正路口	25.08928308	121.51169	0	0	1	2	7	7	5	3	2	1	5	4	5	13	2	1	10	5	5	1	13	1	9	1	5	2	10	1		2	2	11	
113	10	26	12	56	臺北市	內湖區	內湖區內湖路3段256巷（0302759號燈桿）	25.0919598	121.5852227	0	0	1	3	8	6	5	11	9	1	5	4	5	13	4	4	10	5	5	2	10	1	15	1	5	1	10	1		1	3	14	
113	10	26	13	17	臺北市	中正區	中正區重慶南路1段與貴陽街1段口	25.0387846	121.5128006	0	0	3	3	8	5	5	4	1	1	5	4	5	13	1	1	9	4	5	2	17	1	9	1	6	2	10	1		1	2	11	
113	10	26	13	40	臺北市	大同區	大同區承德路1段與市民大道1段口	25.04891141	121.5166114	0	0	1	2	7	6	5	4	2	1	5	4	5	13	1	1	1	4	5	2	17	1	6	1	7	2	8	1		1	3	2	
113	10	26	13	45	臺北市	北投區	北投區永興路1段32巷與大同街204巷口	25.1380578	121.5001257	0	0	1	2	8	5	5	4	1	1	5	4	5	13	4	4	7	5	5	2	17	4	9	1	3	1	10	1		1	2	11	
113	10	26	13	50	臺北市	中正區	中正區重慶南路3段與廈門街114巷口	25.0231158	121.5168782	0	0	2	2	8	6	5	3	1	1	5	4	5	13	1	1	5	4	5	2	17	1	9	1	5	2	10	1		2	2	14	
113	10	26	14	45	臺北市	內湖區	內湖區文德路與文德路220巷口口	25.0787695	121.5880633	0	0	3	4	7	6	5	4	4	1	5	4	5	13	2	1	1	4	4	2	13	5	20	8	5	10	20	1		2	2	16	
113	10	26	14	54	臺北市	大安區	大安區樂業街與敦化南路2段331巷口	25.0227026	121.5498146	0	0	1	2	7	6	8	5	1	1	5	4	5	13	4	4	9	4	5	2	16	4	5	8	3	1	20	1		1	2	11	
113	10	26	14	55	臺北市	大安區	大安區光復南路260巷與光復南路口	25.0402465	121.5575416	0	0	2	3	7	7	5	3	2	1	5	4	5	13	4	4	1	4	5	2	12	1	8	1	7	1	3	1		1	3	5	
113	10	26	15	55	臺北市	內湖區	內湖區成功路2段與成功交流道口東南角	25.06418661	121.5909597	0	0	2	3	8	6	5	4	2	1	5	4	5	13	2	1	1	4	5	2	17	1	6	1	7	2	8	1		1	3	6	
113	10	26	16	2	臺北市	中山區	中山區中山北路2段10號	25.05308569	121.522595	0	0	1	2	8	7	5	14	8	1	5	4	5	13	4	4	9	4	1	2	12	1	7	1	5	2	10	1		1	2	11	
113	10	26	16	5	臺北市	大安區	大安區敦化南路1段與敦化南路1段252巷口口	25.0398012	121.5488298	0	0	1	2	7	6	5	14	9	1	5	4	5	13	4	4	1	4	5	2	17	4	9	1	3	1	10	1		4	2	17	
113	10	26	16	13	臺北市	信義區	信義區松信路與虎林街120巷口	25.0423839	121.5719761	0	0	3	5	7	6	5	4	1	2	5	4	5	13	2	1	9	4	5	1	13	4	9	1	3	1	8	1		2	3	1	
113	10	26	16	29	臺北市	松山區	松山區北寧路與八德路3段口	25.0482842	121.552543	0	0	1	2	7	6	5	3	2	1	5	4	5	13	2	1	4	3	5	2	13	1	6	1	6	1	10	1		2	2	11	
113	10	26	16	31	臺北市	中正區	中正區古亭河濱公園自行車道(永福橋下)	25.0162262	121.5254167	0	0	1	3	8	6	5	14	23	1	5	4	5	13	4	4	9	4	5	1	17	1	9	8	4	1	20	1		1	2	12	
113	10	26	17	12	臺北市	信義區	信義區松仁路3號	25.0403285	121.5685481	0	0	1	2	8	6	5	14	9	1	5	4	5	13	4	4	1	4	5	2	12	1	8	1	6	2	10	1		1	3	12	
113	10	26	17	28	臺北市	松山區	松山區塔悠路與撫遠街389巷口	25.0652638	121.5680524	0	0	1	2	7	5	5	4	1	1	5	4	5	13	2	1	1	4	5	2	16	1	5	1	7	2	8	1		2	3	5	
113	10	26	17	43	臺北市	文山區	文山區三福街3巷與三福街5巷口	24.9959622	121.5414861	0	0	1	2	8	5	5	5	1	1	5	4	5	13	4	4	10	5	5	2	16	1	5	1	5	1	10	1		1	2	12	
113	10	26	18	11	臺北市	信義區	信義區松平路30巷3號	25.029959	121.5635488	0	0	2	2	7	5	8	14	9	1	5	4	5	13	4	4	10	5	5	2	15	4	9	1	3	1	10	1		1	2	11	
113	10	26	18	35	臺北市	內湖區	內湖區內湖路2段300號	25.0811546	121.5867016	0	0	1	2	8	6	5	14	9	1	5	4	5	13	4	4	5	5	5	2	17	1	11	1	7	1	8	1		1	3	8	
113	10	26	18	40	臺北市	士林區	士林區至誠路1段136巷與至誠路1段口	25.1014779	121.5349592	0	0	2	2	7	6	8	3	2	1	5	4	5	13	4	4	9	4	5	1	15	4	21	1	3	1	10	1		1	2	15	
113	10	26	19	3	臺北市	文山區	文山區興隆路2段與興隆路2段220巷口口	25.0015543	121.5526633	0	0	1	2	8	5	5	4	1	1	5	4	5	13	2	1	1	4	5	2	16	1	5	1	6	1	10	1		2	2	14	
113	10	26	19	27	臺北市	萬華區	萬華區環河南路1段與成都路口	25.04457556	121.5011844	0	0	2	3	7	5	5	3	1	1	5	4	5	13	4	4	8	3	5	2	16	4	6	1	3	1	8	1		1	3	2	
113	10	26	19	47	臺北市	中山區	中山區龍江路384巷與龍江路口	25.0668087	121.5409839	0	0	1	2	8	5	5	4	2	1	5	4	5	13	4	4	9	4	5	2	17	1	15	1	6	1	10	1		1	3	13	
113	10	26	20	26	臺北市	北投區	北投區三合街1段與三合街1段118巷口	25.12693525	121.504101	0	0	1	3	7	5	5	14	9	1	5	4	5	13	3	1	9	4	5	2	16	1	5	1	7	1	8	1		1	3	8	
113	10	26	21	2	臺北市	士林區	士林區中山北路6段405巷與磺溪便道口	25.1136662	121.5257249	0	0	1	2	7	5	5	4	1	1	5	4	5	13	4	4	1	5	5	2	17	4	9	1	3	2	2	1		1	3	8	
113	10	26	21	23	臺北市	文山區	文山區木柵路4段與木柵路4段149巷口	24.9987754	121.5750808	0	0	1	2	8	5	5	3	1	1	5	4	5	13	1	1	10	5	5	2	17	1	11	1	7	1	8	1		2	3	4	
113	10	26	22	36	臺北市	內湖區	內湖區金莊路91巷內	25.0636593	121.5884848	0	0	1	2	8	5	5	14	9	1	5	4	5	13	4	4	9	5	5	2	18	1	9	8	4	2	20	1		1	2	11	
113	10	26	22	37	臺北市	中山區	中山區市民大道3段137號	25.0448275	121.5375221	0	0	1	2	8	5	5	14	9	1	5	4	5	13	4	4	10	4	5	2	16	1	6	1	7	1	4	1		1	3	6	
113	10	26	23	20	臺北市	大安區	大安區敦化南路1段270巷與仁愛路4段71巷口	25.0389733	121.5471403	0	0	3	3	8	5	5	4	1	1	5	4	5	13	4	4	10	5	5	2	15	1	9	1	7	1	4	1		1	2	1	
113	10	26	23	50	臺北市	內湖區	內湖區民權東路6段20號前	25.06629594	121.5786598	0	0	1	2	8	5	5	14	9	1	5	4	5	13	4	4	10	5	5	2	16	4	5	1	3	11	8	1		1	4	2	
113	10	27	3	14	臺北市	中山區	中山區雙城街與民權東路1段口	25.0628444	121.5243972	0	0	2	3	8	5	5	3	1	1	5	4	5	13	3	1	1	4	5	2	13	1	6	1	7	1	3	1		1	3	6	
113	10	27	4	0	臺北市	信義區	(松壽路18號旁)	25.0355792	121.5664341	0	0	1	2	8	5	5	14	9	1	5	4	5	13	4	4	9	4	5	2	9	1	9	1	7	2	8	1		1	3	2	
113	10	27	4	48	臺北市	文山區	文山區木柵路4段15號	24.9927718	121.5713582	0	0	1	2	7	5	5	14	9	1	5	4	5	13	1	1	5	4	5	2	13	4	9	1	3	2	8	1		1	3	3	
113	10	27	6	25	臺北市	大同區	大同區重慶北路3段與民族西路口口	25.0687401	121.5136286	0	0	1	2	8	6	5	4	1	1	5	4	5	13	2	1	1	2	5	2	16	4	6	7	3	11	19	2		1	4	5	
113	10	27	9	9	臺北市	士林區	士林區中山北路6段800號美國學校	25.117588	121.5295718	0	0	2	2	8	5	5	14	9	1	5	4	5	13	4	4	3	4	5	2	16	1	7	1	5	1	10	1		1	2	11	
113	10	27	9	41	臺北市	北投區	北投區磺港路與公館路口	25.122696	121.5029874	0	0	1	2	8	7	5	4	2	1	5	4	5	13	1	1	5	5	5	2	3	1	5	1	7	9	8	1		1	3	1	
113	10	27	9	44	臺北市	松山區	松山區民權東路3段191巷31弄與民權東路3段103巷5弄口	25.06283175	121.5467741	0	0	1	2	7	6	8	4	1	1	5	4	5	13	4	4	4	5	5	2	17	1	1	1	7	1	8	1		1	3	1	
113	10	27	10	15	臺北市	大安區	大安區建國南路1段延平中學	25.0367066	121.5382602	0	0	3	3	7	5	5	22	9	1	5	4	5	13	4	4	1	4	5	2	17	1	9	1	5	1	10	1		1	2	12	
113	10	27	10	17	臺北市	大同區	大同區堤外自行車專用道(台北橋下)	25.06355612	121.5085608	0	0	2	2	8	7	7	14	23	1	5	4	5	13	4	4	9	5	5	2	16	4	5	8	4	1	20	1		1	2	11	
113	10	27	10	22	臺北市	南港區	南港區大坑街與弘道橋口	25.0487481	121.6163599	0	0	1	3	8	7	5	3	2	1	5	4	5	13	4	4	5	4	5	2	16	4	5	8	3	1	20	1		2	2	14	
113	10	27	10	50	臺北市	大安區	大安區和平東路1段與羅斯福路2段口	25.0270041	121.5226294	0	0	2	2	8	6	5	5	1	1	5	4	5	13	1	1	8	3	5	2	12	4	9	1	3	1	10	1		2	2	14	
113	10	27	11	0	臺北市	中正區	中正區重慶南路1段130號	25.0369954	121.5125729	0	0	2	2	8	7	5	14	9	1	5	4	5	13	4	4	5	4	5	2	3	5	16	8	4	10	20	1		1	2	16	
113	10	27	11	15	臺北市	文山區	文山區興隆路2段233巷5弄與興隆路2段217巷6弄口	25.00228	121.5504228	0	0	1	2	8	6	5	3	1	1	5	4	5	13	4	4	10	5	5	2	16	1	6	1	6	1	10	1		1	2	14	
113	10	27	11	42	臺北市	中山區	中山區復興北路與長安東路2段口	25.048413	121.5438903	0	0	1	2	8	6	5	4	2	1	5	4	5	13	1	1	1	4	4	2	11	1	9	1	7	2	4	1		1	3	5	
113	10	27	12	46	臺北市	中山區	中山區市民大道3段與八德路2段口	25.04514902	121.5345677	0	0	1	2	8	6	5	14	8	1	5	4	5	13	4	4	1	5	5	1	12	4	9	1	3	2	8	1		2	3	6	
113	10	27	12	47	臺北市	中正區	中正區中山南路與愛國西路口	25.0351394	121.5164625	0	0	1	2	8	6	5	4	1	1	5	4	5	13	1	1	1	4	5	2	17	1	9	1	6	2	9	1		1	2	11	
113	10	27	13	36	臺北市	中山區	中山區林森北路與新生北路2段62巷口	25.05625715	121.5254934	0	0	1	2	8	6	5	5	2	1	5	4	5	13	2	1	8	3	5	1	1	1	5	1	7	1	8	1		2	3	8	
113	10	27	14	52	臺北市	中正區	中正區羅斯福路1段4號	25.0333677	121.5176435	0	0	1	2	7	7	5	14	9	1	5	4	5	13	4	4	1	4	5	2	9	1	14	1	7	2	1	1		1	3	17	
113	10	27	15	5	臺北市	中山區	中山區建國北路2段7號	25.0536139	121.5370988	0	0	1	2	8	7	5	14	9	1	5	4	5	13	4	4	1	4	5	2	12	1	9	1	7	2	8	1		1	3	1	
113	10	27	16	10	臺北市	中正區	中正區中華路1段與長沙街1段口	25.04062735	121.5080527	0	0	1	2	8	6	5	4	1	1	5	4	5	13	1	1	10	5	5	2	16	4	5	1	6	2	10	1		1	3	11	
113	10	27	16	10	臺北市	信義區	信義區大道路與忠孝東路5段790巷24弄口	25.0419379	121.5819164	0	0	2	2	8	6	5	4	1	1	5	4	5	13	4	4	9	4	5	2	15	1	9	1	6	2	10	1		1	2	11	
113	10	27	17	47	臺北市	士林區	士林區格致路與凱旋路口	25.1369653	121.5463647	0	0	1	2	6	5	5	3	1	1	4	4	5	13	4	4	5	5	5	2	17	4	5	1	3	1	8	1		1	3	1	
113	10	27	17	53	臺北市	內湖區	內湖區民權東路6段326號前	25.0724108	121.6058339	0	0	1	2	7	5	5	3	2	1	5	4	5	13	4	4	10	5	5	2	18	1	15	1	6	1	10	1		1	2	14	
113	10	27	18	5	臺北市	中正區	中正區中山南路與凱達格蘭大道口	25.0393866	121.5174848	0	0	1	2	7	5	5	5	1	1	5	4	5	13	1	1	1	4	5	2	17	1	9	1	5	2	9	1		1	2	14	
113	10	27	19	4	臺北市	大安區	大安區辛亥路2段與建國南路2段口	25.0230227	121.5377752	0	0	1	2	7	5	5	3	1	1	5	4	5	13	2	1	1	4	4	2	12	4	9	1	3	1	8	1		2	3	8	
113	10	27	19	20	臺北市	中山區	中山區北安路圓環往自強隧道	25.0861914	121.5504011	0	0	1	2	7	5	5	18	9	1	5	4	5	13	1	1	1	4	5	2	17	1	9	1	7	1	8	1		1	3	4	
113	10	27	19	50	臺北市	內湖區	內湖區康樂街91號	25.0699142	121.6188776	0	0	1	2	6	5	5	14	9	1	4	4	5	13	4	4	9	5	5	2	17	1	11	1	5	1	10	1		1	3	17	
113	10	27	20	0	臺北市	大同區	大同區鄭州路與西寧北路口	25.0505826	121.508172	0	0	1	2	7	5	5	4	2	1	5	4	5	13	2	1	1	4	5	2	17	4	9	1	3	1	8	1		1	3	5	
113	10	27	21	1	臺北市	文山區	文山區辛亥路7段與光輝路21巷口口	24.9855388	121.5538598	0	0	1	2	7	5	5	3	1	1	5	4	5	13	1	1	10	5	4	2	16	4	5	1	3	2	8	1		1	3	2	
113	10	27	21	10	臺北市	大安區	大安區市民大道4段與敦化南路1段口	25.0447713	121.5486074	0	0	1	2	7	5	5	4	1	1	4	4	5	13	2	1	1	4	5	2	16	4	6	1	3	1	8	1		1	3	5	
113	10	27	21	57	臺北市	北投區	北投區尊賢街302巷與吉利街142巷口	25.1181306	121.5078313	0	0	1	2	6	5	8	4	1	1	4	4	5	13	4	4	10	5	5	2	17	1	9	1	6	2	10	1		1	2	11	
113	10	27	22	30	臺北市	松山區	松山區撫遠街與塔悠路口	25.0683334	121.5681459	0	0	1	2	6	6	5	3	1	1	4	4	5	13	1	1	1	4	5	1	17	1	6	1	7	1	8	1		1	3	2	
113	10	27	22	37	臺北市	中山區	中山區中山北路3段與民族西路口	25.0687643	121.5228556	0	0	1	3	7	5	5	4	2	1	5	4	5	13	2	1	5	4	1	2	13	1	9	3	7	7	18	1		2	3	1	
113	10	28	0	21	臺北市	內湖區	內湖區成功路2段與民權東路6段口	25.0689625	121.5911372	0	0	1	2	6	5	5	4	2	1	4	4	5	13	1	1	3	4	5	2	13	4	21	1	3	9	8	2		2	4	15	
113	10	28	6	55	臺北市	中正區	中正區汀州路3段131號前	25.0161467	121.5307455	0	0	1	2	6	7	5	3	18	1	4	4	5	13	4	4	5	5	5	2	3	1	9	1	3	11	10	2		1	4	11	
113	10	28	7	0	臺北市	中山區	中山區民族東路516號	25.06775944	121.5423885	0	0	1	2	8	7	5	14	9	1	5	4	5	13	4	4	9	5	5	2	17	1	9	1	7	1	8	1		1	3	2	
113	10	28	7	35	臺北市	內湖區	內湖區康湖路東向西	25.0780099	121.6140294	0	0	1	2	7	6	5	14	9	1	4	4	5	13	4	4	5	4	5	2	12	4	8	1	3	2	8	1		1	3	17	
113	10	28	7	36	臺北市	文山區	文山區景華街與景華街3巷口	24.9949415	121.5415887	0	0	2	2	6	6	5	4	1	1	4	4	5	13	3	1	10	5	5	2	17	1	9	1	6	1	10	1		1	2	14	
113	10	28	8	9	臺北市	大安區	大安區八德路2段與新生南路1段口	25.0444104	121.5332371	0	0	1	2	7	7	5	14	9	1	4	4	5	13	4	4	8	3	5	1	12	1	9	1	5	1	10	1		1	2	11	
113	10	28	8	13	臺北市	內湖區	內湖區康寧路3段56巷與民權東路6段296巷口	25.0697835	121.6094248	0	0	1	2	6	6	5	3	1	1	4	4	5	13	4	4	10	5	5	2	16	1	5	1	7	1	8	1		2	3	1	
113	10	28	8	20	臺北市	文山區	文山區萬壽路36號與指南路2段197巷口	24.98805478	121.5777475	0	0	2	2	7	5	5	3	1	1	4	4	5	13	4	4	10	5	5	1	17	1	5	1	6	1	10	1		1	2	12	
113	10	28	8	40	臺北市	北投區	北投區泉源路與中和街口	25.1373706	121.5039244	0	0	1	2	7	7	5	4	2	1	5	4	5	13	2	1	4	3	5	2	18	1	9	1	5	9	10	1		1	2	12	
113	10	28	8	48	臺北市	內湖區	內湖區瑞光路76巷與瑞光路112巷口	25.0704213	121.5803939	0	0	1	3	7	6	6	4	1	1	4	4	5	13	2	1	5	5	5	2	12	4	11	1	3	1	8	1		1	3	8	
113	10	28	8	54	臺北市	萬華區	萬華區艋舺大道120巷38弄與艋舺大道120巷口	25.03187949	121.5022324	0	0	2	3	7	6	5	4	2	1	4	4	5	13	4	4	10	5	5	2	17	1	6	1	6	1	10	1		1	3	14	
113	10	28	9	0	臺北市	士林區	士林區中正路與福林路口	25.0965632	121.5323161	0	0	1	2	7	6	5	5	1	1	5	4	5	13	2	1	3	4	5	2	17	4	7	1	3	1	10	1		1	2	14	
113	10	28	9	15	臺北市	內湖區	內湖區成功路3段174巷15號	25.0811812	121.5906421	0	0	1	2	7	7	5	14	9	1	4	4	5	13	4	4	4	5	5	1	17	1	6	1	7	1	8	1		1	3	2	
113	10	28	9	29	臺北市	南港區	南港區研究院路2段39號	25.0449088	121.6156683	0	0	1	3	6	7	5	14	9	1	4	4	5	13	4	4	1	4	5	2	17	1	9	1	5	1	10	1		2	2	11	
113	10	28	10	3	臺北市	大安區	大安區延吉街與延吉街137巷口	25.0420406	121.5543263	0	0	2	2	7	6	5	3	1	1	5	4	5	13	4	4	5	5	5	2	16	1	9	1	6	1	10	1		2	2	11	
113	10	28	10	24	臺北市	萬華區	萬華區環河南路2段與廣州街口	25.03611413	121.5063435	0	0	1	2	7	6	5	4	1	1	5	4	5	13	2	1	1	4	5	1	17	4	11	8	3	1	20	1		2	2	14	
113	10	28	11	5	臺北市	文山區	文山區和平東路4段與和平東路4段88巷口	25.005095	121.567785	0	0	1	3	7	5	5	4	1	1	4	4	5	13	2	1	10	5	5	1	17	1	1	1	7	1	8	1		1	3	7	
113	10	28	11	20	臺北市	中正區	中正區金山南路1段迴轉道	25.04258	121.5298082	0	0	1	2	7	6	5	14	6	1	5	4	5	13	4	4	1	5	5	2	16	1	5	1	7	1	8	1		1	3	8	