年	月	日	時	分	縣市	行政區	allLocation	GoogleLat	GoogleLng	死	2-30	受傷	當事人數	天候	道路照明設備	道路類別	道路型態	事故位置	路面狀況1	路面狀況2	路面狀況3	道路障礙1	道路障礙2	號誌1	號誌2	車道劃分-分向	車道劃分-分道1	車道劃分-分道2	車道劃分-分道3	事故類型及型態	行動電話	當事者行動狀態	駕駛資格情形	保護裝置	飲酒情形	駕駛執照種類	個人肇逃否	肇因碼-主要	性別	受傷程度	車輛撞擊部位1	車輛撞擊部位2
113	10	28	11	47	臺北市	中正區	中正區信義路1段張榮發基金會旁	25.0382571	121.5189198	0	0	1	2	7	5	5	14	9	1	5	4	5	13	4	4	10	4	1	1	17	1	1	1	5	1	10	1		1	2	11	
113	10	28	11	55	臺北市	士林區	士林區中山北路6段754巷與中山北路6段728巷9弄口	25.1146629	121.5291267	0	0	2	2	7	6	5	3	1	1	5	4	5	13	4	4	10	5	5	2	17	1	5	8	4	1	20	1		1	2	14	
113	10	28	13	10	臺北市	大安區	大安區樂利路18號	25.0277733	121.5517269	0	0	1	9	7	6	5	14	9	1	5	4	5	13	4	4	5	4	5	2	16	4	5	1	3	1	10	1		1	2	12	
113	10	28	13	46	臺北市	信義區	信義區基隆路車行地下道	25.0431806	121.5657036	0	0	1	2	8	7	5	14	9	1	5	4	5	13	1	1	9	4	5	2	13	1	9	1	5	1	9	1		1	2	11	
113	10	28	14	16	臺北市	信義區	信義區松壽路市政府對面	25.0358195	121.564392	0	0	1	2	7	6	5	14	9	1	5	4	5	13	4	4	9	4	5	2	9	1	12	1	7	1	2	1		1	3	17	
113	10	28	15	9	臺北市	大同區	大同區忠孝橋機慢車道	25.0490914	121.5061727	0	0	1	2	8	5	5	10	11	1	5	4	5	13	4	4	1	4	1	2	23	1	1	3	6	2	18	1		1	2	11	
113	10	28	15	16	臺北市	大同區	大同區延平北路3段與延平北路3段18巷口	25.0639229	121.5110948	0	0	1	2	7	6	5	4	2	1	5	4	5	13	4	4	5	4	5	2	8	4	2	1	3	2	3	1		1	3	3	
113	10	28	15	20	臺北市	大同區	大同區重慶北路1段與長安西路口	25.0515945	121.5139079	0	0	1	2	8	7	5	4	1	1	5	4	5	13	1	1	1	4	5	2	16	1	5	1	7	1	8	1		1	3	8	
113	10	28	16	22	臺北市	中山區	中山區林森北路與雙城街49巷口	25.067937	121.525766	0	0	1	2	8	6	5	4	1	1	5	4	5	13	4	4	5	5	5	2	13	1	5	1	5	2	10	1		2	2	13	
113	10	28	16	45	臺北市	中正區	中正區重慶南路1段與貴陽街1段口	25.0388309	121.5127695	0	0	1	2	7	6	5	4	1	1	4	4	5	13	1	1	5	4	5	2	16	1	5	1	6	2	10	1		1	2	12	
113	10	28	17	10	臺北市	信義區	信義區虎林街82巷46號	25.04336333	121.5765009	0	0	1	2	6	6	5	14	9	1	4	4	5	13	4	4	10	5	5	2	17	1	1	1	5	2	10	1		1	3	11	
113	10	28	17	40	臺北市	南港區	南港區大坑街與舊莊街1段215巷口	25.0397824	121.622537	0	0	2	2	6	5	5	14	9	1	4	4	5	13	4	4	9	4	5	2	3	5	18	8	4	10	20	1		1	2	16	
113	10	28	18	1	臺北市	萬華區	萬華區萬大路465號	25.0206724	121.4981951	0	0	1	2	7	5	5	14	9	1	4	4	5	13	4	4	10	3	5	2	12	4	9	1	5	1	10	1		2	2	14	
113	10	28	18	9	臺北市	南港區	南港區園區街與園區街58巷口	25.0591397	121.611699	0	0	1	2	6	5	5	3	1	1	4	4	5	13	2	1	4	3	5	2	2	1	5	1	3	2	8	1		1	3	1	
113	10	28	18	31	臺北市	中正區	中正區林森南路與青島東路口	25.04364311	121.522948	0	0	1	2	8	5	5	4	1	1	5	4	5	13	2	1	5	4	5	2	12	1	8	1	5	1	10	1		2	3	13	
113	10	28	18	39	臺北市	士林區	士林區基河路與大南路口	25.08996582	121.5225525	0	0	1	2	7	5	5	4	2	1	5	4	5	13	1	1	5	4	5	2	16	4	6	1	3	1	8	1		2	3	2	
113	10	28	18	50	臺北市	大安區	大安區基隆路4段與羅斯福路4段口	25.011511	121.5373687	0	0	2	2	7	5	5	5	2	1	4	4	5	13	1	1	1	4	5	2	12	4	9	1	5	1	10	1		2	2	14	
113	10	28	19	2	臺北市	大安區	大安區復興南路2段151巷	25.0284234	121.5435354	0	0	2	3	7	5	7	14	9	1	5	4	5	13	2	1	1	3	5	2	16	1	9	1	7	1	8	1		1	3	4	
113	10	28	19	15	臺北市	大安區	大安區臥龍街188巷2號	25.0180471	121.5509876	0	0	2	4	7	5	5	14	9	1	4	4	5	13	2	1	4	3	5	2	17	1	14	1	7	1	4	1		1	3	6	
113	10	28	19	28	臺北市	南港區	南港區松河街與南港路3段130巷口	25.0545691	121.5878634	0	0	4	6	6	5	5	3	1	1	4	4	5	13	4	4	10	5	5	2	13	1	9	1	5	1	10	1		1	2	11	
113	10	28	19	37	臺北市	大同區	大同區鄭州路與西寧北路口口	25.0505847	121.5081839	0	0	1	2	8	5	5	4	1	1	5	4	5	13	2	1	1	5	5	2	16	1	5	1	6	1	10	1		1	2	13	
113	10	28	19	46	臺北市	大安區	大安區和平東路3段228巷與和平東路3段口	25.0222649	121.554586	0	0	1	2	6	5	5	4	2	1	4	4	5	13	2	1	8	3	5	1	12	1	9	1	5	1	10	1		2	2	14	
113	10	28	20	16	臺北市	中山區	中山區新生高架道往南(上民族匝道)	25.0656558	121.5272238	0	0	1	2	7	5	5	10	16	1	5	4	5	13	4	4	1	4	5	2	2	4	9	1	3	2	8	1		1	3	2	
113	10	28	20	29	臺北市	中正區	中正區中山南路與忠孝西路1段口	25.045745	121.5195033	0	0	1	2	8	5	5	4	1	1	5	4	5	13	1	1	10	5	5	2	16	1	5	1	7	2	10	1		2	3	1	
113	10	28	21	15	臺北市	中山區	中山區民生東路2段與建國北路2段口	25.05783765	121.536664	0	0	1	2	7	5	5	4	1	1	5	4	5	13	1	1	3	4	5	2	17	1	5	1	7	1	8	1		2	3	5	
113	10	28	21	16	臺北市	文山區	文山區木柵路4段31-6號	24.9938572	121.5715782	0	0	1	2	6	5	5	14	9	1	4	4	5	13	1	1	5	4	5	2	13	1	9	1	5	2	10	1		1	2	11	
113	10	28	21	20	臺北市	信義區	信義區虎林街103號	25.0427653	121.5769984	0	0	2	2	6	5	5	14	9	1	4	4	5	13	4	4	10	5	5	1	3	4	9	8	3	9	20	1		2	2	12	
113	10	28	21	21	臺北市	萬華區	萬華區康定路與永福街口	25.03903112	121.5018729	0	0	2	2	7	5	5	4	1	1	5	4	5	13	2	1	8	3	5	1	16	4	5	1	3	2	10	1		1	2	12	
113	10	28	21	22	臺北市	中正區	中正區羅斯福路4段與羅斯福路4段196巷口	25.0117333	121.5366889	0	0	1	2	6	5	5	3	2	1	4	4	5	13	4	4	1	4	5	2	17	1	12	1	5	1	10	1		2	2	12	
113	10	28	21	26	臺北市	北投區	北投區中和街399-4號	25.1429042	121.4983591	0	0	1	2	8	5	5	14	9	1	5	4	5	13	4	4	9	4	5	2	16	1	5	1	5	1	10	1		2	3	12	
113	10	28	21	30	臺北市	大同區	大同區延平北路4段與酒泉街口	25.0720737	121.510971	0	0	1	2	8	5	5	4	1	1	5	4	5	13	1	1	5	4	4	2	17	1	6	1	7	1	8	1		1	3	5	
113	10	28	21	31	臺北市	內湖區	內湖區康寧路3段與康寧路3段165巷口	25.07046348	121.6113053	0	0	1	2	6	6	5	4	1	1	4	4	5	13	2	1	9	4	5	2	16	1	5	1	6	1	10	1		2	2	12	
113	10	28	22	40	臺北市	松山區	松山區塔悠路97號	25.0527387	121.57057	0	0	1	2	6	5	5	3	1	1	4	4	5	13	4	4	10	5	5	2	15	1	15	1	7	1	8	1		1	3	4	
113	10	28	22	44	臺北市	萬華區	萬華區堤外便道(華翠橋旁)	25.0272844	121.4889082	1	0	0	2	8	5	5	14	9	1	5	4	5	13	4	4	1	5	5	2	19	1	9	1	5	9	10	1		1	1	11	
113	10	28	23	7	臺北市	大同區	大同區民生西路144號	25.0573564	121.5187772	0	0	1	2	8	5	5	14	9	1	5	4	5	13	4	4	5	5	5	2	17	1	9	1	7	2	4	1		1	3	15	
113	10	28	23	15	臺北市	中正區	中正區羅斯福路3段與羅斯福路3段240巷口	25.0181828	121.530644	0	0	3	4	7	5	5	3	1	1	4	4	5	13	4	4	1	4	5	2	16	1	6	1	7	2	8	1		1	3	3	
113	10	29	3	37	臺北市	大安區	大安區基隆路4段與基隆路4段73巷口	25.0131412	121.5394365	0	0	1	3	7	5	5	5	1	1	4	4	5	13	2	1	1	3	5	2	15	1	9	1	5	1	10	1		1	2	14	
113	10	29	6	31	臺北市	信義區	信義區忠孝東路5段68號	25.0409247	121.5669336	0	0	1	2	6	5	8	22	20	2	4	4	5	13	4	4	10	5	5	2	18	1	9	8	4	9	20	1		2	2	15	
113	10	29	6	48	臺北市	萬華區	萬華區貴陽街2段142號	25.0402029	121.5017929	0	0	1	2	7	6	5	3	1	1	5	4	5	13	4	4	10	5	5	2	17	1	5	1	6	1	10	1		2	2	12	
113	10	29	7	22	臺北市	士林區	士林區堤外便道與通河西街1段口	25.0858778	121.5126059	0	0	1	2	7	6	5	4	1	1	5	4	5	13	4	4	5	5	5	1	13	1	9	1	6	1	10	1		1	2	11	
113	10	29	7	26	臺北市	松山區	松山區光復北路與光復北路165巷口	25.0572461	121.5554498	0	0	1	2	6	7	5	4	1	1	4	4	5	13	2	1	5	4	5	2	17	1	5	1	7	1	8	1		1	3	5	
113	10	29	7	42	臺北市	中山區	中山區松江路235巷19號	25.0588441	121.5343593	0	0	2	3	7	6	5	12	9	1	5	4	5	13	4	4	10	5	5	2	16	1	5	1	6	1	10	1		1	2	14	
113	10	29	8	16	臺北市	大安區	大安區信義路4段136號前	25.0331506	121.5499235	0	0	1	2	6	7	5	14	9	1	4	4	5	13	4	4	8	3	5	1	12	1	9	1	5	1	10	1		1	3	11	
113	10	29	8	29	臺北市	中正區	中正區水源路與師大路口	25.0202742	121.5228199	0	0	1	2	8	6	5	3	1	1	5	4	5	13	1	1	3	4	5	2	17	4	6	7	3	11	19	2		1	4	15	
113	10	29	8	30	臺北市	中山區	中山區德惠街79巷與吉林路456巷口	25.0669737	121.5285496	0	0	3	3	8	7	5	3	1	1	5	4	5	13	4	4	10	5	5	2	16	4	9	1	5	2	9	1		1	2	12	
113	10	29	8	35	臺北市	士林區	士林區劍潭路與承德路4段口	25.0840068	121.5234935	0	0	1	2	7	6	5	4	2	1	5	4	5	13	2	1	3	3	5	2	17	1	1	1	6	11	8	1		2	3	12	
113	10	29	8	46	臺北市	大安區	大安區基隆路2段與和平東路3段口	25.0241373	121.5523628	0	0	2	3	7	6	5	14	9	1	4	4	5	13	2	1	1	4	5	2	13	1	9	1	6	1	8	1		1	2	11	
113	10	29	9	44	臺北市	文山區	文山區木柵路1段與無名巷口口	24.9867727	121.5464669	0	0	1	2	6	6	5	3	1	1	4	4	5	13	4	4	10	5	5	2	16	1	5	1	5	1	10	1		1	3	11	
113	10	29	10	20	臺北市	大安區	大安區敦化南路2段128號前	25.0262833	121.5485212	0	0	1	2	7	7	5	14	9	1	5	4	5	13	4	4	8	3	5	1	12	1	9	1	5	9	10	1		1	2	14	
113	10	29	10	30	臺北市	南港區	南港區忠孝東路6段81巷與東新街口	25.048389	121.5847041	0	0	1	2	8	7	5	14	9	1	5	4	5	13	4	4	1	4	5	2	17	1	1	1	5	1	10	1		1	2	13	
113	10	29	10	50	臺北市	大安區	大安區和平東路3段與和平東路3段464巷口口	25.0170671	121.5601034	0	0	1	2	7	7	5	4	1	1	4	4	5	13	2	1	1	4	5	1	17	4	5	7	3	11	19	2		1	4	15	
113	10	29	10	54	臺北市	中山區	中山區長安東路1段53巷與林森北路85巷口	25.0494296	121.5265686	0	0	3	3	7	5	5	4	2	1	5	4	5	13	4	4	10	5	5	2	15	4	9	1	3	1	10	1		2	2	11	
113	10	29	11	17	臺北市	中山區	中山區中山北路1段112巷與長安西路5巷口	25.0505408	121.520997	0	0	2	3	8	6	5	4	1	1	5	4	5	13	4	4	10	5	5	2	2	1	5	1	7	2	8	1		1	3	8	
113	10	29	12	13	臺北市	中山區	中山區農安街與雙城街口	25.0649657	121.524333	0	0	1	2	8	7	5	4	1	1	5	4	5	13	2	1	9	4	5	2	15	1	9	8	4	7	20	1		1	2	11	
113	10	29	12	18	臺北市	中正區	中正區杭州南路2段與愛國東路口	25.0323132	121.522359	0	0	1	2	7	7	5	4	1	1	5	4	5	13	1	1	2	4	5	2	12	1	9	1	7	1	1	1		1	3	4	
113	10	29	12	27	臺北市	中正區	中正區重慶南路3段與和平西路1段口	25.0273816	121.5157693	0	0	2	2	6	6	8	5	1	1	4	4	5	13	1	1	3	4	5	2	15	1	9	1	5	2	10	1		2	2	11	
113	10	29	12	29	臺北市	松山區	松山區光復北路與光復北路11巷口	25.0490941	121.5579086	0	0	1	2	6	6	5	4	1	1	4	4	5	13	2	1	3	4	5	2	16	1	6	1	6	2	10	1		1	3	12	
113	10	29	13	8	臺北市	大同區	大同區南京西路18巷16號	25.05149562	121.5202088	0	0	1	2	7	6	5	14	9	1	5	4	5	13	4	4	10	5	5	2	2	4	9	7	3	11	19	2		1	4	5	
113	10	29	13	30	臺北市	松山區	松山區八德路4段與南京東路5段66巷22弄口	25.0482941	121.5592724	0	0	1	2	7	7	5	3	2	1	5	4	5	13	4	4	5	4	5	2	13	1	9	1	5	1	10	1		2	2	11	
113	10	29	13	40	臺北市	內湖區	內湖區金湖路369號	25.0735151	121.603113	0	0	1	2	6	6	5	4	1	1	4	4	5	13	2	1	1	4	5	2	17	1	11	1	7	1	8	1		2	3	7	
113	10	29	14	56	臺北市	萬華區	萬華區萬大路423巷與青年路口	25.02691699	121.4936172	0	0	2	3	7	6	5	3	1	1	5	4	5	13	2	1	5	5	5	2	17	1	11	1	7	1	8	1		1	3	7	
113	10	29	16	5	臺北市	中山區	中山區市民大道3段123號	25.0448045	121.5382132	0	0	2	2	8	5	5	14	8	1	5	4	5	13	4	4	1	4	1	2	13	1	9	1	6	1	10	1		1	2	11	
113	10	29	16	10	臺北市	北投區	北投區中央北路4段與中央北路4段583巷口	25.12603875	121.4655081	0	0	1	2	7	6	5	4	1	1	5	4	5	13	1	1	4	4	5	2	12	1	5	1	6	2	10	1		2	2	14	
113	10	29	16	16	臺北市	信義區	信義區忠孝東路5段480號	25.0408011	121.5776741	0	0	1	2	6	7	5	14	9	1	4	4	5	13	1	1	9	4	5	2	16	1	11	1	5	2	10	1		1	2	14	
113	10	29	16	16	臺北市	大安區	大安區師大路與雲和街口	25.0236447	121.5285138	0	0	1	2	8	6	5	4	1	1	5	4	5	13	4	4	8	3	5	2	17	1	9	1	6	1	10	2		4	2	17	
113	10	29	16	25	臺北市	大安區	大安區辛亥路3段157巷與臥龍街口	25.0181911	121.5508585	0	0	1	2	6	6	5	5	1	1	4	4	5	13	2	1	10	5	5	2	17	4	9	3	6	1	18	1		2	2	13	
113	10	29	16	26	臺北市	萬華區	萬華區西藏路與艋舺大道口	25.0290925	121.4915209	0	0	1	3	8	6	5	4	1	1	5	4	5	13	2	1	1	4	3	2	17	1	9	1	5	1	10	1		1	2	14	12
113	10	29	16	40	臺北市	萬華區	萬華區華江橋機車道往新北市燈桿0904454	25.0380384	121.4942701	0	0	1	2	7	6	7	14	11	1	5	4	5	13	4	4	10	5	5	2	17	1	9	1	5	1	8	1		1	3	15	
113	10	29	17	10	臺北市	文山區	文山區木柵路2段138巷與興隆路4段105巷口口	24.9877317	121.562219	0	0	1	2	6	5	5	4	1	1	4	4	5	13	2	1	10	5	5	1	16	1	5	3	6	1	18	1		1	3	12	
113	10	29	17	10	臺北市	萬華區	萬華區華中橋機車道(7010477燈桿)	25.0130603	121.4953934	0	0	1	3	8	5	5	8	11	1	5	4	5	13	4	4	1	4	5	2	13	1	9	1	5	1	10	1		1	2	11	
113	10	29	17	12	臺北市	文山區	文山區試院路4巷與試院路口	24.9880675	121.5497396	0	0	1	2	6	5	5	14	9	1	4	4	5	13	4	4	5	4	5	1	27	1	9	1	5	1	10	1		3	2	11	
113	10	29	17	22	臺北市	松山區	松山區民權東路5段與撫遠街口	25.0631086	121.565959	0	0	1	2	6	5	5	4	4	1	4	4	5	13	2	1	8	3	5	2	12	1	9	1	5	1	10	1		1	3	13	
113	10	29	17	37	臺北市	北投區	北投區東華街1段與文林北路94巷口	25.1079075	121.5203742	0	0	3	4	8	5	5	3	1	1	5	4	5	13	1	1	9	4	5	1	12	4	4	1	3	9	8	2		1	3	2	
113	10	29	17	41	臺北市	中山區	中山區市民大道3段與八德路2段300巷口	25.0449171	121.543414	0	0	1	3	7	5	5	3	2	1	4	4	5	13	4	4	1	4	5	2	13	4	7	1	3	1	10	1		1	3	11	
113	10	29	17	44	臺北市	松山區	松山區三民路與延壽街口	25.0568818	121.5636367	0	0	1	2	7	5	5	4	1	1	4	4	5	13	2	1	9	4	5	2	17	1	6	1	7	1	8	1		1	3	7	
113	10	29	17	48	臺北市	大安區	大安區和平東路2段134號	25.0247035	121.5449814	0	0	1	2	6	5	5	14	9	1	4	4	5	13	1	2	1	3	5	2	12	1	9	1	6	1	10	1		1	3	11	
113	10	29	17	50	臺北市	文山區	文山區木新路2段299巷5號旁	24.9822536	121.565486	0	0	2	3	6	6	5	14	9	1	4	4	5	13	4	4	10	5	5	2	12	1	15	1	6	1	10	1		2	3	12	
113	10	29	17	58	臺北市	文山區	文山區指南路2段205號	24.9869761	121.5784561	0	0	2	2	7	5	5	14	9	1	4	4	5	13	4	4	5	5	5	2	3	1	9	1	6	2	9	1		1	2	11	
113	10	29	18	0	臺北市	信義區	信義區中坡南路30號	25.0431299	121.5831032	0	0	1	2	6	5	5	14	8	1	4	4	5	13	4	4	9	4	4	2	13	1	11	1	7	1	8	1		1	3	6	
113	10	29	18	3	臺北市	南港區	南港區市民大道8段與中南街口	25.0544111	121.6151999	0	0	1	2	6	5	5	4	1	1	4	4	5	13	2	1	1	4	5	2	17	1	9	1	5	1	10	1		1	2	14	
113	10	29	18	10	臺北市	內湖區	內湖區康樂街61巷與康樂街85巷口	25.0697763	121.6197908	0	0	1	2	6	5	5	4	1	1	4	4	5	13	4	4	10	5	5	2	15	1	9	1	6	1	10	1		2	2	11	
113	10	29	18	45	臺北市	北投區	北投區承德路7段與石牌路1段口	25.1127984	121.5090504	0	0	1	2	7	5	5	3	2	1	5	4	5	13	2	1	1	4	4	2	12	1	9	1	7	1	8	1		1	3	2	
113	10	29	18	54	臺北市	大同區	大同區民生西路與太原路口	25.0572552	121.517124	0	0	1	2	7	5	5	5	2	1	5	4	5	13	4	4	5	5	5	2	17	1	9	1	6	1	9	1		1	2	11	
113	10	29	19	25	臺北市	內湖區	內湖區新明路與新明路143巷口	25.0592314	121.5893124	0	0	1	2	7	5	5	3	2	1	4	4	5	13	1	1	5	5	5	2	17	1	6	1	7	1	8	1		1	3	2	
113	10	29	19	25	臺北市	大安區	大安區敦化南路1段270巷與仁愛路4段71巷口	25.0389723	121.5471298	0	0	1	2	7	5	5	4	1	1	4	4	5	13	4	4	10	5	5	2	15	4	9	1	3	1	4	1		1	3	1	
113	10	29	19	37	臺北市	內湖區	內湖區康寧路3段16巷西向東，近路燈0308708	25.07259711	121.6071473	0	0	2	2	6	5	5	14	9	1	4	4	5	13	4	4	10	5	5	2	3	1	9	1	5	2	10	1		1	2	11	
113	10	29	19	57	臺北市	信義區	信義區市民大道6段250號	25.0488519	121.5775262	0	0	2	4	7	5	5	14	9	1	4	4	5	13	4	4	1	4	5	2	17	1	9	1	6	1	10	1		1	2	14	
113	10	29	20	55	臺北市	中山區	中山區中山北路2段與中山北路2段45巷口	25.05446945	121.522814	0	0	1	2	7	5	5	3	1	1	5	4	5	13	4	4	5	4	3	2	17	1	9	1	7	9	4	1		1	3	17	
113	10	29	22	13	臺北市	士林區	士林區延平北路6段與中正路口口	25.0868352	121.5092331	0	0	2	3	7	5	5	4	2	1	5	4	5	13	2	1	8	3	5	2	17	4	9	1	5	1	10	1		1	3	11	
113	10	29	22	26	臺北市	大安區	大安區基隆路3段155巷25號附近側附近	25.0148373	121.5432794	0	0	1	2	7	5	5	14	9	1	5	4	5	13	4	4	4	5	5	2	17	1	4	1	5	1	8	1		2	2	11	
113	10	30	0	3	臺北市	中山區	中山區新生北路1段與林森北路133巷口	25.05096165	121.5278321	0	0	1	2	7	5	5	3	1	1	5	4	5	13	4	4	1	4	5	2	17	1	2	1	7	1	4	1		1	3	7	14
113	10	30	0	25	臺北市	松山區	松山區塔悠路與撫遠街389巷口	25.06526411	121.5680314	0	0	1	2	8	5	5	4	1	1	5	4	5	13	2	1	3	4	5	2	17	1	5	1	6	1	10	1		2	2	14	
113	10	30	5	25	臺北市	士林區	士林區天母西路與天母西路83巷口	25.1185603	121.5250124	0	0	1	2	6	5	5	4	1	1	4	4	5	13	4	4	5	5	5	1	1	1	5	1	7	1	8	1		1	3	5	
113	10	30	7	13	臺北市	北投區	北投區尊賢街218巷與吉利街142巷口	25.04847309	121.5183568	0	0	1	2	6	6	5	4	1	1	4	4	5	13	4	4	10	5	5	1	15	1	9	1	7	1	8	1		1	3	5	
113	10	30	7	16	臺北市	大安區	大安區仁愛路4段345巷5弄與延吉街口	25.0384892	121.5552204	0	0	1	2	6	6	5	4	1	1	4	4	5	13	4	4	10	5	5	2	17	4	9	1	3	1	8	1		2	3	17	
113	10	30	7	24	臺北市	大安區	大安區基隆路3段與辛亥路3段口	25.0192052	121.5465004	0	0	2	2	6	6	5	4	1	1	4	4	5	13	2	1	5	4	5	2	13	1	9	1	6	1	11	1		2	2	11	
113	10	30	7	31	臺北市	大同區	大同區承德路3段242號	25.0728695	121.5189039	0	0	1	2	6	7	5	14	9	1	4	4	5	13	4	4	1	4	5	2	12	1	9	1	6	1	10	1		1	2	12	
113	10	30	7	32	臺北市	文山區	文山區景福街3巷4號前	24.99906678	121.539432	0	0	1	2	6	6	5	14	24	1	4	4	5	13	4	4	10	5	5	1	9	1	3	1	7	11	8	2		1	3	1	
113	10	30	7	50	臺北市	信義區	信義區信安街與信安街103巷口	25.0253624	121.5565683	0	0	1	2	6	6	5	4	1	1	4	4	5	13	4	4	9	5	5	2	17	4	6	1	3	2	10	1		2	3	12	
113	10	30	8	0	臺北市	文山區	文山區木柵路5段與木柵路5段43巷口	25.003086	121.584849	0	0	1	2	6	6	5	3	1	1	4	4	5	13	4	4	10	5	5	1	17	1	5	1	7	1	8	1		1	3	8	
113	10	30	8	8	臺北市	松山區	松山區市民大道5段與東寧路口	25.0474062	121.5630626	0	0	1	2	6	7	5	4	1	1	4	4	5	13	2	1	1	4	5	2	16	1	15	1	7	2	8	1		1	3	2	
113	10	30	8	24	臺北市	中正區	中正區汀州路2段與汀州路2段6巷口口	25.0258085	121.5154073	0	0	1	2	6	6	5	3	1	1	4	4	5	13	4	4	9	5	5	1	16	1	5	1	6	1	10	1		1	3	11	
113	10	30	8	32	臺北市	內湖區	內湖區陽光街與文德路22巷44弄口	25.07479479	121.5815772	0	0	1	2	6	6	5	3	2	1	4	4	5	13	4	4	9	5	5	2	17	1	5	1	6	2	10	1		2	2	11	
113	10	30	8	35	臺北市	士林區	士林區福港街與福港街160巷口	25.0870804	121.5177977	0	0	2	2	6	7	5	4	1	1	4	4	5	13	4	4	5	5	5	1	15	1	9	1	6	1	10	1		2	2	14	
113	10	30	8	42	臺北市	中山區	中山區伊通街與松江路123巷口	25.052908	121.5348357	0	0	1	2	6	6	5	4	1	1	4	4	5	13	4	4	10	4	5	2	15	1	9	1	5	2	10	1		1	2	11	
113	10	30	9	10	臺北市	北投區	北投區中央南路2段與北投路1段口	25.1271697	121.5005662	0	0	1	2	7	5	6	3	1	1	4	4	5	13	1	1	9	4	5	1	13	4	9	1	3	1	10	1		1	2	11	
113	10	30	9	19	臺北市	文山區	文山區羅斯福路6段與羅斯福路6段276巷口	24.9909587	121.539968	0	0	2	3	6	6	5	14	9	1	4	4	5	13	4	4	1	4	5	2	12	1	7	1	6	1	10	1		1	3	14	
113	10	30	9	28	臺北市	文山區	文山區指南路3段與政大一街口口	24.9857398	121.5798465	0	0	1	2	6	6	5	3	1	1	4	4	5	13	2	1	9	5	5	2	16	1	6	1	7	1	8	1		1	3	2	
113	10	30	9	38	臺北市	北投區	北投區公館路與西安街2段口	25.121455	121.5027521	0	0	1	2	7	6	5	4	1	1	4	4	5	13	2	1	5	4	5	2	16	1	5	1	5	9	10	2		1	3	12	
113	10	30	9	59	臺北市	萬華區	萬華區桂林路與桂林路242巷口	25.0386855	121.4959111	0	0	2	3	6	7	5	5	2	1	4	4	5	13	1	1	1	3	1	2	13	1	9	1	7	1	8	1		1	3	6	
113	10	30	10	3	臺北市	中正區	中正區中山南路立法院前	25.0442561	121.5193092	0	0	1	2	6	6	5	14	9	1	4	4	5	12	4	4	5	4	5	2	17	1	9	1	5	1	10	1		1	2	14	
113	10	30	10	59	臺北市	文山區	文山區水源快速道路北往南方向6010642燈桿處	25.01077863	121.5357958	0	0	1	3	6	6	5	10	16	1	4	4	5	13	4	4	10	5	5	2	13	1	9	1	7	2	6	1		1	3	1	1
113	10	30	11	0	臺北市	中正區	中正區忠孝西路1段與館前路口	25.0468188	121.5147499	0	0	1	2	6	6	5	4	2	1	4	4	5	13	1	1	3	2	5	2	12	1	7	1	2	2	4	1		1	2	8	
113	10	30	11	12	臺北市	大安區	大安區和平東路3段與敦化南路2段口	25.0246567	121.5484984	0	0	1	3	6	6	5	4	1	1	4	4	5	13	1	1	1	4	5	2	16	4	9	1	3	2	4	1		1	3	1	
113	10	30	11	30	臺北市	萬華區	萬華區萬大路與萬大路344巷口	25.0237971	121.499959	0	0	1	2	6	7	5	3	1	1	4	4	5	13	4	4	1	5	5	2	16	1	6	1	7	1	8	1		2	3	2	
113	10	30	12	0	臺北市	北投區	北投區知行路與知行路201巷口	25.1192201	121.4664194	0	0	1	2	6	6	5	5	1	1	4	4	5	13	4	4	5	4	5	2	17	1	6	1	7	1	8	1		2	3	5	
113	10	30	12	58	臺北市	信義區	信義區信安街67巷嘟嘟房停車場	25.0258915	121.5602088	0	0	1	2	6	6	5	14	9	1	4	4	5	13	4	4	9	4	4	2	17	1	6	1	7	2	8	1		1	3	2	
113	10	30	12	59	臺北市	北投區	北投區中央北路2段377號	25.13829735	121.4873168	0	0	1	2	6	7	5	14	9	1	4	4	5	13	4	4	5	4	5	2	16	1	1	1	7	1	8	1		1	3	8	
113	10	30	13	18	臺北市	大安區	大安區忠孝東路4段182號	25.04133432	121.5517266	0	0	1	2	6	7	5	14	9	1	4	4	5	13	4	4	1	4	5	2	12	1	7	1	5	1	10	1		2	2	14	
113	10	30	13	27	臺北市	內湖區	內湖區民權東路6段90巷與民權東路6段口	25.06878288	121.586102	0	0	1	2	6	6	5	3	1	1	4	4	5	13	1	1	1	4	4	2	16	1	1	1	7	2	8	1		1	3	8	
113	10	30	13	35	臺北市	萬華區	萬華區富民路95號	25.0185301	121.4990198	0	0	1	2	6	7	5	14	9	1	4	4	5	13	4	4	10	5	5	2	12	1	7	1	7	1	8	1		1	3	4	
113	10	30	13	45	臺北市	士林區	士林區承德路4段與承德路4段77巷口	25.0820968	121.5232138	0	0	1	2	6	6	5	5	1	1	4	4	5	13	1	1	1	4	5	2	17	1	5	1	7	2	8	1		1	3	17	
113	10	30	14	0	臺北市	中正區	中正區南海路與泉州街口	25.0316921	121.5135984	0	0	1	2	6	7	5	3	1	1	4	4	5	13	3	1	10	4	4	2	16	1	5	1	7	11	4	2		1	3	3	