年	月	日	時	分	縣市	行政區	allLocation	GoogleLat	GoogleLng	死	2-30	受傷	當事人數	天候	道路照明設備	道路類別	道路型態	事故位置	路面狀況1	路面狀況2	路面狀況3	道路障礙1	道路障礙2	號誌1	號誌2	車道劃分-分向	車道劃分-分道1	車道劃分-分道2	車道劃分-分道3	事故類型及型態	行動電話	當事者行動狀態	駕駛資格情形	保護裝置	飲酒情形	駕駛執照種類	個人肇逃否	肇因碼-主要	性別	受傷程度	車輛撞擊部位1	車輛撞擊部位2
113	10	30	14	5	臺北市	中正區	中正區中華路1段41號	25.0448588	121.5092666	0	0	1	2	6	6	8	22	22	1	4	4	5	13	2	1	3	4	3	2	17	1	15	1	2	1	8	2		4	2	17	
113	10	30	15	7	臺北市	大安區	大安區仁愛路4段137號	25.0380112	121.5508874	0	0	1	3	6	5	5	14	9	1	4	4	3	13	4	4	1	4	5	2	17	4	12	1	3	1	10	1		1	2	14	
113	10	30	15	30	臺北市	中正區	中正區忠孝東路2段與忠孝東路2段64巷口	25.0433622	121.528605	0	0	1	2	6	6	5	3	2	1	4	4	5	13	4	4	3	2	5	2	16	1	9	1	6	1	10	1		1	2	14	
113	10	30	15	37	臺北市	大同區	大同區承德路3段與民權西路口	25.0634597	121.5182938	0	0	2	5	6	6	5	5	2	1	4	4	5	13	4	4	1	4	5	2	13	1	9	1	7	2	8	1		1	3	1	
113	10	30	16	23	臺北市	士林區	士林區文林路與大東路口	25.09349002	121.5251372	0	0	1	2	6	6	5	5	2	1	4	4	5	13	4	4	10	4	5	1	17	1	21	1	7	1	8	1		2	3	4	
113	10	30	16	30	臺北市	北投區	北投區中央南路2段與大度路口	25.1212205	121.4997606	0	0	2	3	6	7	5	5	1	1	4	4	5	13	2	1	1	4	5	2	16	1	6	1	7	1	8	1		1	3	1	
113	10	30	16	40	臺北市	士林區	士林區中山北路5段南往北第1101895號燈桿	25.10154885	121.5261826	0	0	1	2	6	5	5	14	9	1	4	4	5	13	4	4	10	3	5	1	17	1	8	1	7	2	4	1		1	3	17	
113	10	30	16	40	臺北市	士林區	士林區通河東街1段與大南路口	25.09632857	121.5199743	0	0	1	2	6	7	5	3	1	1	4	4	5	13	1	1	10	5	5	2	17	1	15	1	6	1	10	1		1	2	13	
113	10	30	16	42	臺北市	北投區	北投區大業路與洲美快速道路口北往南方向	25.1208625	121.4996678	0	0	1	2	6	5	5	4	2	1	4	4	5	13	1	1	9	4	5	1	17	1	9	1	7	2	8	1		1	3	6	
113	10	30	16	44	臺北市	松山區	松山區民生東路5段36巷與民生東路5段口	25.0581922	121.5570173	0	0	2	3	6	5	5	3	2	1	4	4	5	13	1	1	8	3	5	2	16	1	14	1	7	1	4	1		2	3	17	
113	10	30	17	35	臺北市	信義區	信義區和平東路3段575巷與和平東路3段口	25.0150565	121.5619172	0	0	1	2	6	5	5	3	2	1	4	4	5	13	4	4	10	5	5	2	17	1	5	1	7	1	7	1		1	3	8	
113	10	30	17	35	臺北市	內湖區	內湖區瑞光路66巷與瑞光路口	25.0707785	121.5822019	0	0	1	2	7	5	5	3	1	1	4	4	5	13	2	1	5	4	5	2	16	4	6	1	3	2	8	1		1	3	2	
113	10	30	17	35	臺北市	大安區	大安區仁愛路4段112巷與敦化南路1段295巷口	25.0354772	121.5496474	0	0	1	2	6	5	5	4	1	1	4	4	5	13	4	4	10	5	5	2	9	5	20	8	4	1	20	1		2	2	16	
113	10	30	17	39	臺北市	信義區	信義區松高路與忠孝東路5段22巷口	25.0391133	121.5660609	0	0	1	2	6	5	5	3	1	1	4	4	5	13	1	1	9	4	4	2	17	1	2	1	7	11	2	1		1	3	7	
113	10	30	17	40	臺北市	內湖區	內湖區康寧路3段18號旁	25.0724339	121.6073259	0	0	2	2	6	5	5	14	9	1	4	4	5	13	4	4	1	4	5	2	13	1	9	1	6	2	10	1		2	2	11	
113	10	30	17	40	臺北市	大安區	大安區仁愛路4段385號內側車道	25.0377777	121.5550526	0	0	2	3	6	6	5	14	9	1	4	4	5	13	4	4	1	4	5	2	13	1	9	1	7	1	4	1		1	3	1	
113	10	30	17	47	臺北市	大同區	大同區酒泉街84號	25.07199877	121.5147877	0	0	1	3	6	5	5	14	9	1	4	4	5	13	4	4	5	2	5	2	17	1	9	1	5	1	10	1		2	3	11	
113	10	30	17	50	臺北市	內湖區	內湖區民權隧道往東	25.0692472	121.6027048	0	0	1	2	6	5	5	6	9	1	4	4	5	13	4	4	1	4	5	2	17	1	9	1	6	1	10	1		1	2	11	
113	10	30	17	51	臺北市	南港區	南港區成福路與成福路107巷口	25.0422915	121.5871666	0	0	2	2	6	5	5	3	1	1	4	4	5	13	4	4	5	5	5	2	3	1	9	6	5	1	18	1		2	2	11	
113	10	30	17	55	臺北市	信義區	信義區莊敬路與莊敬路6巷口	25.0324723	121.5613098	0	0	1	2	6	5	5	3	1	1	4	4	5	13	4	4	9	4	5	2	16	4	5	1	3	1	8	1		2	3	2	
113	10	30	17	58	臺北市	中山區	中山區南京東路2段與吉林路口	25.0520141	121.5301368	0	0	1	2	6	5	5	4	18	1	4	4	5	13	1	1	3	4	5	2	3	5	16	8	4	1	20	1		2	2	16	
113	10	30	18	0	臺北市	內湖區	內湖區成功路2段與安康路口	25.06069718	121.5915114	0	0	1	2	6	5	5	14	9	1	4	4	5	13	4	4	5	5	5	2	17	1	6	1	7	2	8	1		1	3	2	
113	10	30	18	4	臺北市	信義區	信義區松山路553號	25.03714856	121.5783124	0	0	1	2	6	5	5	14	9	1	4	4	5	13	4	4	9	5	5	1	3	5	16	8	4	10	20	1		2	2	16	
113	10	30	18	10	臺北市	中正區	中正區仁愛路1段與林森南路口	25.0386101	121.5215435	0	0	1	2	6	5	5	4	2	1	4	4	5	13	1	1	10	5	5	2	3	1	5	1	2	2	8	1		1	3	1	
113	10	30	18	10	臺北市	士林區	士林區中山北路7段181巷與中山北路7段141巷14弄口	25.1247559	121.5314259	0	0	1	2	6	5	5	3	2	1	4	4	5	13	4	4	10	5	5	2	2	1	9	1	7	2	8	1		1	3	5	
113	10	30	18	25	臺北市	萬華區	萬華區中華路2段416巷5號對面	25.027284	121.5046503	0	0	2	2	6	5	5	14	9	1	4	4	5	13	4	4	5	4	4	2	17	1	9	8	4	1	20	1		1	2	14	12
113	10	30	18	30	臺北市	南港區	南港區重陽路347巷與松河街口	25.0589796	121.6063067	0	0	1	3	6	5	5	3	2	1	4	4	5	13	2	1	9	5	5	2	11	4	7	1	6	1	10	1		2	2	11	
113	10	30	18	45	臺北市	松山區	松山區撫遠街與撫遠街389巷口	25.0650349	121.5657133	0	0	2	2	6	5	5	4	1	1	4	4	5	13	4	4	3	4	5	2	3	4	9	1	6	1	10	1		2	2	11	
113	10	30	18	48	臺北市	信義區	信義區忠孝東路4段與忠孝東路4段559巷口口	25.0412429	121.5636071	0	0	1	3	6	5	8	3	1	1	4	4	5	13	4	4	1	4	5	2	17	1	9	1	6	11	10	1		1	3	17	
113	10	30	18	48	臺北市	北投區	北投區中央南路1段與大興街口	25.13066423	121.5011618	0	0	1	2	6	5	5	4	1	1	4	4	5	13	2	1	10	5	5	2	17	1	5	1	7	1	8	1		2	3	8	
113	10	30	19	0	臺北市	內湖區	內湖區潭美街27號	25.05296	121.5761502	0	0	1	2	6	5	5	3	1	1	4	4	5	13	4	4	7	5	5	2	17	1	5	1	7	1	8	1		1	3	6	
113	10	30	19	10	臺北市	大安區	大安區和平東路3段與嘉興街口	25.0230476	121.5538356	0	0	1	2	8	5	5	4	1	1	4	4	5	13	2	1	1	4	5	1	17	1	9	1	6	1	10	1		2	2	12	
113	10	30	19	31	臺北市	中正區	中正區林森北路與林森北路5巷口	25.0454371	121.5236282	0	0	1	2	6	5	5	14	9	1	4	4	5	13	4	4	4	3	5	2	17	4	9	7	3	11	4	2		1	4	17	
113	10	30	20	30	臺北市	中山區	中山區復興北路與長春路口	25.0546252	121.5439511	0	0	1	2	6	5	5	4	1	1	4	4	5	13	1	1	1	4	5	2	13	4	6	1	3	1	8	1		1	3	1	
113	10	30	21	0	臺北市	內湖區	內湖區舊宗路1段2號	25.0575258	121.5811601	0	0	1	2	6	5	5	14	9	1	4	4	5	13	4	4	1	4	5	2	12	1	7	1	7	1	8	1		2	3	7	
113	10	30	21	45	臺北市	南港區	南港區向陽路與向陽路196巷口	25.0564442	121.5937844	0	0	1	2	6	5	5	3	1	1	4	4	5	13	3	1	1	3	5	1	16	4	6	1	3	2	8	1		1	3	2	
113	10	30	21	51	臺北市	士林區	士林區中山北路6段405巷	25.11362607	121.5260129	0	0	2	2	6	5	5	22	18	1	4	4	5	13	4	4	5	5	5	1	9	1	6	1	6	1	10	1		1	2	11	
113	10	30	22	8	臺北市	文山區	文山區新光路1段與新光路1段159巷口	24.9926593	121.5737832	0	0	1	2	6	5	5	3	1	1	4	4	5	13	3	1	5	4	5	2	12	4	11	1	3	2	6	1		1	3	5	
113	10	30	22	12	臺北市	中正區	中正區重慶南路3段150號	25.02436944	121.5166406	0	0	2	3	6	5	5	14	9	1	4	4	5	13	4	4	3	4	5	2	17	1	15	1	5	1	10	1		1	3	13	
113	10	30	22	12	臺北市	萬華區	萬華區環河南路2段與環河南路2段280巷口	25.0321512	121.4913316	0	0	1	2	6	5	5	4	1	1	4	4	5	13	1	1	1	5	5	2	17	1	5	1	7	1	8	1		1	3	2	
113	10	30	22	19	臺北市	信義區	信義區忠孝東路5段與松仁路口口	25.040962	121.5680892	0	0	1	2	6	5	5	4	2	1	4	4	5	13	2	1	3	2	5	2	9	1	1	1	7	1	2	1		1	3	17	
113	10	30	22	26	臺北市	松山區	松山區麥帥一橋機車道東往西最後一根柱子	25.05212777	121.5717287	0	0	2	2	6	7	5	14	11	1	4	4	5	13	4	4	9	4	5	2	17	4	9	1	6	2	10	1		1	2	11	
113	10	30	22	31	臺北市	士林區	士林區忠誠路1段24號	25.1042504	121.5260236	0	0	1	2	6	5	5	14	8	1	4	4	5	13	4	4	1	4	4	2	9	5	20	8	4	10	20	1		1	2	16	
113	10	30	22	45	臺北市	松山區	松山區長安東路2段與南京東路3段256巷口口	25.0483013	121.5446302	0	0	1	3	6	5	5	3	1	1	4	4	3	10	4	4	5	4	5	2	17	1	6	1	7	1	8	1		2	3	4	
113	10	30	23	0	臺北市	文山區	文山區一壽街與一壽街64巷口口	24.9788012	121.5567534	0	0	2	2	6	5	5	3	1	1	4	4	5	13	4	4	5	5	5	1	3	1	9	1	6	2	10	1		1	2	11	
113	10	31	2	18	臺北市	中正區	中正區汀州路3段180號	25.0130131	121.53494	0	0	3	3	6	5	5	14	9	1	4	4	5	13	4	4	5	5	5	2	3	1	9	1	5	2	10	1		1	2	11	
113	10	31	3	10	臺北市	大安區	大安區仁愛路4段27巷與大安路1段116巷口	25.0397887	121.5455485	0	0	1	2	6	5	5	4	1	1	4	4	5	13	4	4	5	5	5	2	15	1	9	1	5	1	10	1		2	2	12	
113	10	31	6	14	臺北市	萬華區	萬華區德昌街與寶興街140巷口	25.0236514	121.4945573	0	0	1	2	6	5	5	3	1	1	4	4	5	13	1	1	9	5	5	2	3	1	9	1	6	1	10	1		1	3	14	
113	10	31	9	10	臺北市	中山區	中山區民權東路2段152巷3號與松江路313巷口	25.0616801	121.5353084	0	0	1	2	6	6	5	14	9	1	4	4	5	13	4	4	5	4	5	1	12	4	1	1	3	1	8	1		1	3	8	
113	10	31	17	25	臺北市	北投區	北投區立賢路(燈桿1205217)	25.11373847	121.5016547	0	0	1	2	6	5	5	14	9	1	4	4	4	9	4	4	9	4	5	2	37	1	9	1	5	1	10	1		1	2	11	
113	10	31	18	17	臺北市	文山區	文山區新光路2段21號對面(大客車專用停車格編號04)	24.99987264	121.5852948	0	0	1	2	7	5	5	14	9	2	4	4	5	13	4	4	5	4	5	2	18	4	9	1	5	2	9	1		1	2	14	
113	10	31	18	20	臺北市	萬華區	萬華區中華路1段182號	25.03898937	121.5071624	0	0	1	2	6	5	5	14	9	1	4	4	5	13	4	4	1	4	5	2	37	1	9	6	6	1	18	1		1	2	11	
113	10	31	18	28	臺北市	萬華區	萬華區桂林路246巷58號	25.0368518	121.4923632	0	0	1	2	6	5	6	14	9	1	4	4	5	13	4	4	1	5	4	2	37	1	9	1	6	1	10	1		1	2	11	12
113	10	31	18	30	臺北市	信義區	信義區松仁路148號	25.031697	121.5682359	0	0	1	2	6	5	5	14	9	1	4	4	4	12	4	4	10	3	5	2	37	4	9	1	5	1	10	1		1	2	11	
113	10	31	18	30	臺北市	文山區	文山區和平東路4段與和平東路4段66巷口口	25.0055225	121.5667809	0	0	1	2	6	5	5	14	9	1	4	4	5	13	4	4	5	2	5	2	18	1	9	1	5	9	10	1		1	2	12	
113	10	31	18	40	臺北市	信義區	信義區信義路5段55號	25.0329651	121.5687843	0	0	1	2	6	5	5	14	9	1	4	4	4	9	1	1	9	4	5	2	37	1	9	1	5	9	10	1		1	2	11	
113	10	31	19	5	臺北市	大安區	大安區基隆路4段與羅斯福路4段口口	25.0115315	121.5370875	0	0	1	2	6	5	5	18	18	1	4	4	5	13	2	1	1	4	5	2	3	1	6	1	7	2	1	1		1	3	2	
113	10	31	19	15	臺北市	信義區	信義區永吉路380號	25.0453705	121.5775143	0	0	1	2	6	5	5	14	9	1	4	4	5	13	4	4	1	4	5	2	18	1	9	1	5	11	10	1		2	2	14	
113	10	31	19	28	臺北市	信義區	信義區忠孝東路5段180號	25.0410776	121.570055	0	0	1	2	6	5	8	22	22	1	4	4	5	13	4	4	1	4	5	2	17	1	5	1	5	1	10	1		1	2	14	
113	10	31	19	30	臺北市	中山區	中山區建國北路2段與民生東路3段口國泰萬怡酒店	25.05733058	121.537165	0	0	1	3	6	5	5	14	9	1	4	4	5	13	4	4	8	3	5	1	29	1	9	1	7	2	4	1		3	3	1	
113	10	31	19	40	臺北市	信義區	信義區市民大道6段250號	25.0489339	121.5775516	0	0	1	2	6	5	5	14	9	1	4	4	5	13	2	1	7	3	5	2	18	4	9	1	3	1	10	1		1	2	14	
113	10	31	20	10	臺北市	士林區	士林區環河北路3段與葫蘆街口	25.0823886	121.5074906	0	0	1	2	6	5	5	3	2	1	4	4	4	13	4	4	1	4	5	2	18	1	8	1	6	9	10	1		1	2	12	
113	10	31	20	20	臺北市	信義區	信義區和平東路3段與和平東路3段530巷口	25.015321	121.5613722	0	0	1	2	6	5	5	14	9	1	4	4	4	13	1	1	9	5	5	2	37	4	9	1	3	9	10	1		1	2	12	
113	11	1	2	14	臺北市	大同區	大同區鄭州路與塔城街口	25.0504361	121.5099621	0	0	2	3	6	5	5	4	1	1	4	4	5	13	2	2	1	4	5	2	17	4	9	1	7	2	8	1		1	3	6	
113	11	1	5	45	臺北市	大同區	大同區民權西路272號	25.0626031	121.5115026	0	0	2	2	7	5	5	14	9	1	4	4	5	13	4	4	1	4	5	2	9	4	9	1	6	1	10	1		1	2	11	
113	11	1	5	59	臺北市	信義區	信義區和平東路3段697-12號	25.0096384	121.5654426	0	0	1	2	6	5	5	14	9	1	4	4	5	13	4	4	9	4	5	1	18	4	9	1	3	1	10	1		1	2	14	
113	11	1	6	15	臺北市	中山區	中山區中山北路1段與長安東路1段口	25.0497923	121.521769	0	0	1	2	6	6	5	5	2	1	4	4	5	13	2	1	9	3	5	2	17	1	5	1	7	1	4	1		1	3	1	
113	11	1	7	13	臺北市	內湖區	內湖區大湖山莊街與大湖山莊街169巷口	25.0875495	121.6013633	0	0	1	2	6	6	5	3	1	1	4	4	5	13	4	4	10	5	5	2	15	1	9	1	7	1	8	1		1	3	1	
113	11	1	7	15	臺北市	士林區	同忠誠路2段德行東路	25.1083654	121.5301836	0	0	2	2	6	6	5	5	1	1	4	4	5	13	2	1	1	3	5	1	15	4	15	1	3	1	10	1		1	2	11	
113	11	1	7	36	臺北市	文山區	文山區景興路與景興路46巷口口	24.9962493	121.5446502	0	0	1	3	7	6	5	3	2	1	4	4	5	13	2	1	1	4	5	2	9	5	19	8	7	10	20	1		2	3	16	
113	11	1	7	44	臺北市	大安區	大安區和平東路2段與復興南路2段口	25.0247566	121.5435065	0	0	1	2	6	6	5	4	1	1	4	4	5	13	2	1	10	5	5	2	16	4	6	1	3	1	8	1		2	3	5	
113	11	1	7	50	臺北市	內湖區	內湖區成功路2段115巷與民權東路6段180巷口	25.0655264	121.5925511	0	0	1	2	6	6	5	4	2	1	4	4	4	9	1	1	10	4	5	2	10	1	15	1	7	1	8	1		2	3	8	
113	11	1	7	55	臺北市	大安區	大安區基隆路4段43號	25.0138938	121.5409976	0	0	1	2	6	6	5	14	7	1	4	4	5	13	4	4	1	4	4	2	18	4	9	1	3	1	10	1		1	2	17	
113	11	1	7	57	臺北市	北投區	北投區公館路423巷11號	25.12081744	121.5025466	0	0	1	2	6	6	5	14	9	1	4	4	5	13	4	4	10	5	5	1	16	1	5	1	5	2	10	1		1	3	14	1
113	11	1	7	57	臺北市	士林區	士林區承德路4段與劍潭路口	25.0842385	121.5234347	0	0	2	2	6	6	5	4	2	1	4	4	5	13	2	1	1	4	1	1	13	1	9	1	5	1	10	1		1	2	11	
113	11	1	8	9	臺北市	大同區	大同區錦西街與興城街口	25.06014586	121.5173283	0	0	1	2	6	6	5	3	2	1	4	4	5	13	4	4	9	4	5	2	17	1	5	1	7	1	8	1		1	3	17	
113	11	1	8	10	臺北市	信義區	信義區忠孝東路5段790巷與忠孝東路5段790巷47弄口	25.0411381	121.5833185	0	0	1	2	6	6	5	4	1	1	4	4	5	13	4	4	10	4	5	1	15	4	9	1	3	1	8	1		2	3	1	
113	11	1	8	15	臺北市	中正區	中正區中華路1段與秀山街口	25.0429038	121.5086605	0	0	3	4	6	6	5	3	2	1	4	3	5	13	4	4	1	4	1	1	11	1	9	1	6	1	8	1		2	2	11	
113	11	1	8	15	臺北市	信義區	信義區基隆路1段155號	25.04250526	121.5654173	0	0	1	2	6	6	5	14	9	1	4	4	5	13	4	4	1	4	5	2	17	4	7	1	3	2	8	1		1	3	7	
113	11	1	8	19	臺北市	北投區	北投區立賢路與承德路7段口	25.1159417	121.5046094	0	0	2	2	6	6	5	14	9	1	4	4	5	13	4	4	1	4	5	2	12	1	8	1	6	2	10	1		2	2	12	
113	11	1	8	20	臺北市	信義區	信義區和平東路3段697-12號	25.0100997	121.5651162	0	0	2	3	6	6	5	11	9	1	4	4	2	13	4	4	5	4	5	2	18	1	9	1	6	1	10	1		1	2	12	
113	11	1	8	25	臺北市	士林區	士林區士東路與士東路286巷口	25.1137024	121.5380451	0	0	1	2	6	5	5	3	1	1	4	4	5	13	2	1	1	4	5	1	17	1	5	1	5	2	10	1		2	2	11	
113	11	1	8	38	臺北市	萬華區	萬華區忠孝西路2段與西寧南路口	25.0484062	121.5079723	0	0	1	2	6	7	5	4	2	1	4	4	5	13	1	1	9	5	5	2	17	1	8	1	5	1	10	1		2	2	12	
113	11	1	8	43	臺北市	文山區	文山區辛亥路6段1號	24.9909483	121.5519842	0	0	2	2	7	6	5	14	9	1	4	4	5	13	4	4	1	4	4	2	13	1	9	1	5	1	11	1		1	2	11	
113	11	1	8	55	臺北市	中正區	中正區中山南路與凱達格蘭大道口	25.0392344	121.5172899	0	0	1	2	6	6	5	5	1	1	4	4	5	13	1	1	1	4	5	2	16	1	6	1	7	2	8	1		1	3	5	
113	11	1	9	10	臺北市	中山區	中山區南京東路2段206號	25.0519041	121.5357626	0	0	1	2	6	6	5	14	9	1	4	4	5	13	4	4	5	4	4	2	12	1	14	1	7	1	8	1		1	3	4	
113	11	1	9	25	臺北市	信義區	信義區基隆路1段與永吉路口	25.0457087	121.5673732	0	0	3	3	6	6	5	4	2	1	4	4	5	13	2	1	1	4	5	2	16	1	8	1	6	2	10	1		2	2	12	
113	11	1	9	50	臺北市	信義區	信義區忠孝東路4段515號對面	25.0411345	121.5610842	0	0	1	2	6	6	5	14	9	1	4	4	5	13	4	4	1	4	5	1	18	4	9	1	3	1	10	1		1	2	14	
113	11	1	9	53	臺北市	中山區	中山區南京東路3段16號	25.05187892	121.5374501	0	0	1	2	6	5	5	14	7	1	4	4	5	13	4	4	1	4	4	2	12	4	9	1	3	1	4	1		2	3	2	
113	11	1	10	12	臺北市	信義區	信義區光復南路133號	25.044954	121.5586984	0	0	1	2	6	6	5	14	9	1	4	4	5	13	4	4	10	5	5	2	13	4	9	1	5	9	10	1		1	2	11	12
113	11	1	10	20	臺北市	信義區	信義區基隆路1段141號	25.04316	121.5658072	0	0	2	3	7	7	5	14	9	1	4	4	5	13	2	1	1	4	5	2	13	1	12	1	5	2	10	1		1	3	13	
113	11	1	10	30	臺北市	內湖區	內湖區內湖路2段327號與成功路4段30巷28弄口	25.0829642	121.5914992	0	0	1	2	6	6	5	3	1	1	4	4	4	12	4	4	9	4	5	1	17	1	7	1	7	1	8	1		1	3	2	
113	11	1	10	36	臺北市	內湖區	內湖區東湖路與康樂街口	25.06780018	121.6176724	0	0	2	3	6	6	5	4	2	1	4	4	5	13	2	1	5	5	5	2	17	1	6	1	7	1	8	1		1	3	15	
113	11	1	11	20	臺北市	大同區	大同區重慶北路3段與酒泉街口	25.0721081	121.5138929	0	0	1	2	6	6	5	5	1	1	4	4	5	13	2	1	1	4	5	2	17	1	6	1	7	2	1	1		1	3	5	
113	11	1	11	44	臺北市	中山區	中山區林森北路與中山北路2段45巷口	25.0543387	121.5253849	0	0	1	2	7	6	5	4	1	1	5	4	5	13	2	1	5	4	5	2	13	1	5	1	7	1	8	1		2	3	8	
113	11	1	11	50	臺北市	北投區	北投區公館路252號	25.1257052	121.5082934	0	0	1	2	7	6	5	22	18	1	5	4	5	13	4	4	5	5	5	2	3	1	15	6	5	2	10	1		1	3	11	
113	11	1	11	56	臺北市	大安區	大安區通化街39巷與通化街口口	25.0309114	121.5542313	0	0	2	2	7	7	5	4	1	1	4	4	5	13	4	4	5	5	5	1	17	1	9	1	6	1	10	1		1	2	13	
113	11	1	11	57	臺北市	北投區	北投區石牌路1段166巷與致遠一路2段70巷口	25.112856	121.5147242	0	0	3	3	7	6	5	4	1	1	4	4	5	13	4	4	10	5	5	2	17	1	9	1	6	1	10	1		1	2	12	
113	11	1	11	58	臺北市	大安區	大安區信義路3段147巷45弄與復興南路1段口	25.0371401	121.543518	0	0	1	2	7	6	5	3	2	1	4	4	5	13	4	4	10	5	5	2	15	1	9	1	7	9	8	1		2	3	5	
113	11	1	12	20	臺北市	信義區	信義區吳興街156巷65弄與吳興街220巷59弄口	25.0271016	121.559135	0	0	1	2	6	6	5	4	1	1	4	4	5	13	2	3	5	5	5	2	15	4	9	1	3	1	8	1		1	2	2	
113	11	1	12	28	臺北市	南港區	南港區南港路1段與經貿一路口	25.054895	121.6184911	0	1	0	2	7	6	5	3	1	1	5	4	5	13	1	1	3	5	5	2	15	1	9	8	4	9	20	1		2	5	11	
113	11	1	13	16	臺北市	南港區	南港區南港路1段191號	25.0552391	121.6119843	0	0	1	3	7	6	5	14	9	1	5	4	1	11	4	4	5	4	5	2	9	5	17	8	4	9	20	1		2	3	16	
113	11	1	13	41	臺北市	中山區	中山區安東街16巷與八德路2段210巷口	25.0453821	121.5393093	0	0	1	2	7	5	5	4	2	1	5	4	5	13	4	4	10	5	5	2	3	4	9	1	3	1	4	1		1	3	1	
113	11	1	13	42	臺北市	松山區	松山區八德路2段與敦化南路1段口	25.0481907	121.5484725	0	0	1	2	7	5	5	4	1	1	4	4	5	13	2	1	1	4	5	2	9	1	9	1	7	1	2	1		1	3	17	
113	11	1	14	0	臺北市	松山區	松山區健康路與延壽街330巷口口	25.0540491	121.5609589	0	0	1	2	7	6	5	4	2	1	5	4	5	13	1	1	1	4	4	2	16	1	5	8	4	1	20	1		1	2	11	
113	11	1	14	10	臺北市	北投區	北投區明德路293號	25.11519982	121.5215959	0	0	1	2	7	6	5	22	18	1	5	4	5	13	3	1	4	1	5	2	3	1	5	1	7	1	8	1		1	3	8	
113	11	1	14	41	臺北市	松山區	松山區南京東路5段與三民路口	25.0515405	121.5641873	0	0	1	2	7	6	5	4	2	1	5	4	5	13	1	1	1	4	5	2	17	1	14	1	3	2	8	1		1	2	4	
113	11	1	14	58	臺北市	南港區	南港區經貿一路與南港路1段2巷口	25.0564261	121.6195644	0	0	2	2	7	6	5	4	1	1	5	4	5	13	2	1	1	4	5	2	3	5	18	8	4	10	20	1		2	2	16	
113	11	1	15	33	臺北市	中山區	中山區林森北路與雙城街3巷口	25.063324	121.5255704	0	0	1	2	7	5	5	3	1	1	5	4	5	13	4	4	5	5	5	2	17	4	9	1	3	1	8	1		1	3	1	
113	11	1	15	40	臺北市	大同區	大同區延平北路4段高公橋下	25.0785726	121.5115717	0	0	1	2	7	7	5	14	9	1	5	4	5	13	4	4	1	4	5	2	17	4	15	1	3	2	10	1		1	2	12	
113	11	1	15	49	臺北市	大安區	大安區復興南路1段239號	25.0374883	121.5437801	0	0	1	2	7	7	5	14	7	1	5	4	5	13	2	1	1	3	4	1	9	1	15	1	7	1	2	1		1	3	17	
113	11	1	16	15	臺北市	中山區	中山區錦西街與民權西路70巷口	25.06037	121.5206113	0	0	2	2	7	6	5	4	1	1	5	4	5	13	2	1	9	5	5	2	16	1	5	1	6	1	10	1		2	2	11	
113	11	1	16	58	臺北市	中山區	中山區樂群一路往東近16號水門	25.0810141	121.5562769	0	0	2	2	6	5	5	14	9	1	4	4	5	13	4	4	1	4	5	2	13	4	9	1	6	1	10	1		1	2	11	
113	11	1	17	31	臺北市	大同區	大同區民生西路423巷與民生西路423巷11弄口	25.0572689	121.5088129	0	0	2	2	6	5	5	3	2	1	4	4	5	13	4	4	10	5	5	2	9	5	20	8	4	2	20	1		2	2	16	
113	11	1	17	34	臺北市	士林區	士林區百齡橋與承德路5段口引道	25.0903321	121.5151762	0	0	1	2	6	5	5	3	1	1	4	4	5	13	4	4	1	5	5	2	17	4	9	1	3	1	8	1		2	3	4	
113	11	1	17	36	臺北市	信義區	信義區一號道路	25.0371666	121.5619639	0	0	1	2	7	5	5	14	9	1	4	4	5	13	4	4	10	4	5	2	17	1	9	1	6	1	10	2		4	2	12	
113	11	1	17	43	臺北市	士林區	士林區至善路2段與至善路2段口故宮廣場前	25.10007015	121.5500153	0	0	1	2	6	5	5	3	2	1	4	4	5	13	2	1	3	4	5	2	16	1	5	1	7	1	8	1		2	3	6	
113	11	1	17	48	臺北市	中山區	中山區明水路581巷與明水路581巷13弄口	25.07999962	121.5511523	0	0	2	2	7	5	5	5	1	1	4	4	5	13	2	1	4	5	5	1	16	4	5	1	3	1	10	1		1	2	12	
113	11	1	17	55	臺北市	信義區	信義區基隆路1段156號	25.0440158	121.5660392	0	0	1	2	6	5	5	14	9	1	4	4	5	13	4	4	10	3	5	1	18	1	9	1	5	1	10	1		2	2	14	
113	11	1	18	22	臺北市	中正區	中正區南昌路2段與同安街口	25.0256682	121.5224645	0	0	1	2	6	5	5	4	18	1	4	4	5	13	3	1	5	5	5	2	3	4	9	1	3	9	8	1		2	3	1	
113	11	1	18	33	臺北市	北投區	北投區石牌路2段345號	25.1231248	121.524882	0	0	2	2	6	5	6	14	9	1	4	4	5	13	4	4	9	5	5	2	3	4	9	1	3	2	10	1		1	2	11	
113	11	1	18	47	臺北市	信義區	信義區信義路5段108號	25.0326597	121.5677369	0	0	1	3	6	5	8	22	22	1	4	4	5	13	4	4	1	4	5	2	18	1	9	1	6	1	10	1		1	2	14	
113	11	1	19	0	臺北市	中山區	中山區長安東路2段33號	25.0485375	121.5313181	0	0	3	5	7	5	5	14	9	1	4	4	5	13	4	4	9	4	5	2	17	1	9	1	5	1	10	1		1	2	11	