年	月	日	時	分	縣市	行政區	allLocation	GoogleLat	GoogleLng	死	2-30	受傷	當事人數	天候	道路照明設備	道路類別	道路型態	事故位置	路面狀況1	路面狀況2	路面狀況3	道路障礙1	道路障礙2	號誌1	號誌2	車道劃分-分向	車道劃分-分道1	車道劃分-分道2	車道劃分-分道3	事故類型及型態	行動電話	當事者行動狀態	駕駛資格情形	保護裝置	飲酒情形	駕駛執照種類	個人肇逃否	肇因碼-主要	性別	受傷程度	車輛撞擊部位1	車輛撞擊部位2
113	11	1	19	0	臺北市	大安區	大安區和平東路2段94號	25.0251482	121.5406614	0	0	1	2	6	5	5	14	9	1	4	4	2	13	4	4	1	4	5	2	29	1	9	1	6	9	10	1		3	2	11	
113	11	1	19	10	臺北市	大安區	大安區信義路2段與杭州南路2段口	25.0352946	121.5242032	0	0	1	2	8	5	5	4	1	1	5	4	5	13	1	1	10	5	5	2	16	1	11	1	7	1	2	1		1	3	4	
113	11	1	19	10	臺北市	大安區	大安區羅斯福路3段與師大路口口	25.0210838	121.5278961	0	0	1	2	7	5	5	4	4	1	5	4	5	13	2	1	1	4	5	2	13	1	9	1	5	1	10	1		1	2	11	
113	11	1	19	19	臺北市	中正區	中正區羅斯福路3段與羅斯福路3段284巷口	25.0168179	121.5320159	0	0	1	2	6	5	5	3	1	1	4	4	5	13	1	1	2	4	5	2	13	1	9	1	6	1	10	1		1	2	11	
113	11	1	19	45	臺北市	內湖區	內湖區康樂街與康樂街111巷口	25.07067464	121.6190485	0	0	1	2	6	5	5	4	2	1	4	4	5	13	1	1	5	5	5	2	9	1	5	1	7	2	8	1		2	3	8	
113	11	1	20	0	臺北市	文山區	文山區萬芳路233停車格旁	24.9981107	121.564041	0	0	1	2	8	5	5	14	9	1	5	4	5	13	4	4	5	4	5	1	13	1	9	3	5	1	18	1		1	3	11	
113	11	1	20	34	臺北市	中正區	中正區羅斯福路4段與羅斯福路4段24巷口	25.0156003	121.5332439	0	0	2	3	8	5	5	3	1	1	5	4	5	13	4	4	3	4	5	2	17	1	6	1	5	2	10	1		2	2	12	
113	11	1	20	45	臺北市	中正區	中正區重慶北路1段與北平西路口	25.0482593	121.5133928	0	0	1	2	8	5	5	4	1	1	5	4	5	13	1	1	10	5	5	2	13	1	6	1	5	1	10	1		1	2	11	
113	11	1	20	51	臺北市	南港區	南港區松河街290號	25.0522452	121.5803558	0	0	1	2	8	5	5	14	9	1	5	4	5	13	4	4	5	2	5	2	12	1	4	1	7	2	8	1		1	3	2	
113	11	1	21	0	臺北市	中山區	中山區市民大道2段與無名巷口	25.0479773	121.523723	0	0	2	2	7	5	5	22	9	1	4	4	5	13	4	4	1	4	5	2	12	1	6	1	7	2	8	1		1	2	5	
113	11	1	21	10	臺北市	文山區	文山區興隆路1段與興隆路1段70巷口	25.0039673	121.5406093	0	0	2	2	8	5	5	4	1	1	5	4	5	13	2	1	1	4	5	2	16	1	9	1	6	1	10	1		1	2	11	
113	11	1	21	15	臺北市	萬華區	萬華區永福街與昆明街口	25.0385194	121.5038338	0	0	1	2	7	5	5	4	1	1	5	4	5	13	1	1	10	4	5	2	12	4	1	1	3	9	8	1		1	3	2	
113	11	1	21	54	臺北市	松山區	松山區敦化北路與敦化北路4巷口	25.0501418	121.5487011	0	0	1	2	7	5	5	4	1	1	5	4	5	13	3	1	1	4	1	2	15	4	9	1	7	1	8	1		1	3	2	
113	11	1	22	53	臺北市	中正區	中正區羅斯福路4段與新生南路3段口	25.0163255	121.5327177	0	0	1	2	7	5	5	4	2	1	5	4	5	13	1	1	2	4	5	2	17	1	5	1	6	1	10	1		2	2	12	
113	11	1	23	30	臺北市	中山區	中山區林森北路50號	25.04838726	121.5243358	0	0	1	2	8	5	5	14	9	1	5	4	5	13	4	4	9	4	5	2	12	1	8	3	7	2	18	1		1	3	5	
113	11	2	0	37	臺北市	大安區	大安區龍泉街與泰順街60巷口	25.0225083	121.5292558	0	0	1	2	7	5	5	4	1	1	5	4	5	13	4	4	10	5	5	1	15	1	9	1	5	1	10	1		1	2	11	
113	11	2	0	44	臺北市	大安區	大安區仁愛路4段151巷與敦化南路1段233巷口	25.0403696	121.5517985	0	0	1	2	8	5	5	4	1	1	5	4	5	13	4	4	10	5	5	2	15	1	9	1	5	2	10	1		1	2	11	
113	11	2	5	32	臺北市	士林區	士林區中山北路4段與通河街口	25.0798949	121.5244936	0	0	1	2	8	5	5	3	1	1	5	4	5	13	2	1	1	5	5	1	17	1	9	1	5	1	10	1		1	3	14	
113	11	2	7	24	臺北市	文山區	文山區木柵路5段近萬福橋	25.002701	121.5832161	0	0	1	2	7	6	5	14	9	1	5	4	5	13	4	4	5	4	5	2	18	1	9	1	6	1	10	1		2	2	17	
113	11	2	8	42	臺北市	北投區	北投區立賢路111號西往東	25.1138743	121.5018118	0	0	1	2	8	5	5	14	9	1	5	4	5	13	4	4	9	4	5	1	12	1	10	1	7	2	8	1		1	3	8	
113	11	2	8	48	臺北市	大同區	大同區民權西路128號	25.06286571	121.5165446	0	0	1	2	7	6	5	14	9	1	5	4	5	13	4	4	1	4	5	2	13	4	10	1	6	1	10	1		1	3	11	
113	11	2	9	4	臺北市	內湖區	內湖區內湖路1段737巷51弄11號前	25.0801798	121.5795888	0	0	1	2	8	5	5	14	9	1	5	4	5	13	4	4	10	5	5	2	17	4	14	1	3	9	8	1		1	3	4	
113	11	2	9	15	臺北市	松山區	松山區長春路與敦化北路口口	25.0544667	121.5487578	1	0	0	2	8	6	5	4	1	1	5	4	5	13	2	1	1	4	1	2	16	1	5	1	7	2	4	1		1	3	2	
113	11	2	9	23	臺北市	中山區	中山區樂群二路與植福路口	25.0799719	121.5624738	0	0	1	2	8	6	5	4	18	1	5	4	5	13	2	1	3	4	5	2	3	4	5	1	3	2	8	1		1	3	1	
113	11	2	9	54	臺北市	北投區	北投區大度路3段與關渡路口	25.12295633	121.4695412	0	0	1	2	7	6	5	3	1	1	5	4	5	13	1	1	1	4	5	2	16	1	6	1	7	1	8	1		1	3	6	
113	11	2	10	5	臺北市	內湖區	內湖區新明路246巷3弄16號	25.0575322	121.5842837	0	0	1	2	7	6	5	4	1	1	5	4	5	13	4	4	9	5	5	2	16	1	1	1	6	2	10	1		1	2	12	
113	11	2	10	30	臺北市	內湖區	內湖區舊宗路1段與行忠路口	25.04643153	121.586598	0	0	2	3	7	6	5	3	2	1	5	4	5	13	4	4	1	4	5	2	16	1	6	1	7	1	8	1		2	3	5	
113	11	2	10	47	臺北市	大安區	大安區忠孝東路4段77巷與敦化南路1段190巷口	25.0426475	121.5472122	0	0	1	2	6	7	5	4	1	1	4	4	5	13	4	4	9	4	5	2	17	1	9	1	7	1	8	1		1	3	1	
113	11	2	11	2	臺北市	北投區	北投區三合街1段79巷與無名巷口	25.1263133	121.5051654	0	0	1	2	8	5	5	4	1	1	5	4	5	13	4	4	10	5	5	1	15	1	9	1	7	1	8	1		1	3	17	
113	11	2	11	10	臺北市	萬華區	萬華區水源路（青年公園旁）近燈桿036	25.0209139	121.5058024	0	0	1	2	7	6	5	14	9	1	5	4	5	13	4	4	5	5	5	2	17	1	11	1	6	1	10	1		1	3	17	
113	11	2	12	11	臺北市	大安區	大安區敦化南路2段100號	25.0278821	121.5484917	0	0	2	3	7	5	5	14	9	1	5	4	5	13	4	4	1	4	5	2	16	4	1	1	3	1	8	1		2	3	4	
113	11	2	12	47	臺北市	萬華區	萬華區昆明街280號	25.0388132	121.5039816	0	0	1	3	7	6	5	14	9	1	5	4	5	13	4	4	10	4	5	2	13	1	7	1	5	1	10	1		2	2	11	
113	11	2	12	56	臺北市	北投區	北投區中央北路1段與中央北路1段167巷口	25.13553733	121.4982687	0	0	1	2	7	6	5	3	2	1	5	4	5	13	4	4	5	4	5	2	12	1	5	1	5	1	10	1		2	2	14	
113	11	2	13	15	臺北市	萬華區	萬華區環河南路3段與武成街63巷口	25.0183874	121.4936448	0	0	1	2	7	6	5	14	9	1	5	4	5	13	4	4	10	3	5	2	10	4	9	8	3	1	8	1		1	3	16	
113	11	2	13	17	臺北市	內湖區	內湖區環山路3段與港墘路口口	25.0842018	121.5784513	0	0	1	2	7	5	5	3	2	1	5	4	5	13	1	1	5	4	5	2	12	1	9	1	7	2	8	1		1	3	2	
113	11	2	13	54	臺北市	松山區	松山區光復南路22巷與光復南路32巷16弄口	25.04701383	121.5563874	0	0	1	2	7	5	5	4	1	1	5	4	5	13	4	4	10	5	5	2	15	1	9	1	6	1	10	1		2	2	12	
113	11	2	14	5	臺北市	士林區	士林區至誠路1段與雨聲街口	25.101339	121.5337278	0	0	1	2	8	6	5	3	2	1	5	4	5	13	3	1	5	5	5	1	17	1	6	1	7	1	8	1		1	3	2	
113	11	2	14	8	臺北市	中正區	中正區水源路35巷15號	25.0189076	121.5243061	0	0	1	4	8	6	5	22	9	1	5	4	2	13	4	4	10	5	5	1	17	1	5	1	7	9	8	1		1	3	8	
113	11	2	14	13	臺北市	北投區	北投區公館路63巷15號	25.1329957	121.5041389	0	0	1	2	8	7	5	14	9	1	5	4	5	13	4	4	10	5	5	2	9	1	1	1	5	1	10	1		2	3	11	
113	11	2	15	40	臺北市	士林區	士林區延平北路8段2巷55弄與延平北路8段2巷口	25.1055524	121.4868905	0	0	1	2	8	6	5	4	2	1	5	4	5	8	1	3	5	5	5	2	17	1	9	1	6	11	10	2		4	2	13	
113	11	2	16	14	臺北市	文山區	文山區萬美街2段燈桿編號232號對面	25.00426222	121.5638397	0	0	1	2	8	6	5	14	12	1	4	4	5	13	4	4	5	5	4	2	18	1	9	1	5	1	10	1		1	2	14	
113	11	2	16	25	臺北市	士林區	士林區通河西街2段與堤外便道口	25.0905728	121.5115522	0	0	1	2	8	6	5	3	2	1	5	4	5	13	4	4	10	5	5	1	13	1	9	1	5	2	10	1		1	2	11	
113	11	2	16	32	臺北市	萬華區	萬華區環河南路1段與長沙街2段口	25.041453	121.499609	0	0	2	2	7	7	5	3	1	1	5	4	5	13	2	1	8	3	5	1	16	4	5	1	3	1	10	1		2	2	12	
113	11	2	16	45	臺北市	大安區	大安區基隆路高架道與基隆路高架道口往南樂業街匝道	25.0218759	121.5496797	0	0	3	4	8	6	5	10	16	1	5	4	5	13	4	4	4	5	5	2	13	1	9	1	7	1	8	1		1	3	1	
113	11	2	17	15	臺北市	文山區	(木柵路2段161巷多岔路口)	24.9890512	121.5632614	0	0	1	2	7	5	5	4	1	1	5	4	5	13	2	1	10	5	5	2	17	4	9	1	3	1	10	1		1	2	11	
113	11	2	17	15	臺北市	士林區	士林區中正路與文林路口	25.09509295	121.5247387	0	0	2	2	8	6	5	14	9	1	5	4	5	13	1	1	1	4	5	1	13	4	9	1	3	2	10	1		1	2	11	
113	11	2	18	2	臺北市	信義區	信義區忠孝東路5段790巷與忠孝東路5段790巷68弄口	25.0407268	121.5834482	0	0	2	2	7	5	5	4	2	1	5	4	5	13	4	4	10	5	5	2	17	1	9	1	6	1	10	1		1	2	11	
113	11	2	18	7	臺北市	大同區	大同區天水路與南京西路344巷口	25.0522727	121.5121392	0	0	1	2	7	5	5	3	1	1	5	4	5	13	4	4	10	4	5	2	17	4	1	1	3	1	8	1		1	3	4	
113	11	2	18	7	臺北市	大安區	大安區復興南路2段與復興南路2段151巷口	25.0284167	121.5435387	0	0	2	3	7	5	5	4	1	1	4	4	5	13	1	1	1	4	5	2	16	1	9	1	7	2	4	1		1	3	1	
113	11	2	18	20	臺北市	信義區	信義區松高路新光三越A4館	25.0391532	121.56713	0	0	2	2	7	5	5	14	18	1	5	4	5	13	2	1	9	3	5	2	3	4	1	1	3	1	10	1		1	2	11	
113	11	2	19	10	臺北市	中山區	中山區中山北路1段與長安東路1段口	25.04960682	121.5216583	0	0	2	4	8	5	5	4	2	1	5	4	5	13	2	1	5	4	5	2	13	4	9	1	6	1	10	1		1	2	11	
113	11	2	21	25	臺北市	中山區	中山區天津街與中山北路1段53巷口	25.0490865	121.5227215	0	0	2	3	8	5	5	4	1	1	5	4	5	13	3	1	10	5	5	2	15	1	9	1	7	2	4	1		1	3	1	
113	11	2	21	40	臺北市	中山區	中山區八德路2段245號	25.0468187	121.5408765	0	0	2	3	8	5	5	14	9	1	5	4	5	13	4	4	4	3	5	2	12	1	11	1	7	1	4	1		1	3	8	
113	11	2	21	41	臺北市	文山區	文山區興隆路4段與興隆路4段122巷口	24.9826953	121.5622948	0	0	2	3	8	5	5	14	9	2	5	4	5	13	1	1	1	4	5	2	17	4	9	1	5	1	10	1		1	3	11	
113	11	2	22	30	臺北市	大同區	大同區昌吉街與承德路3段28巷3弄口	25.065884	121.5177845	0	0	1	2	8	5	5	3	1	1	5	4	5	13	4	4	9	4	5	1	16	4	11	1	3	1	8	1		1	3	8	
113	11	3	6	25	臺北市	松山區	松山區民權大橋往東第7510452燈桿	25.06329437	121.5667612	0	0	2	2	7	7	5	14	8	1	5	4	5	13	4	4	9	4	4	2	12	1	9	1	5	1	10	1		2	2	12	
113	11	3	7	19	臺北市	北投區	北投區北投路2段北投捷運站1號出口	25.1320403	121.4980185	0	0	1	2	8	7	5	14	7	1	5	4	5	13	2	1	5	4	4	2	16	1	1	1	7	1	8	1		1	3	8	
113	11	3	8	28	臺北市	北投區	北投區東華街1段與東華街1段22巷口南往北	25.1077625	121.520446	0	0	1	2	8	5	5	3	2	1	5	4	5	13	4	4	9	4	5	1	27	1	9	1	5	1	10	1		3	2	11	
113	11	3	9	20	臺北市	士林區	士林區文林路101巷30號	25.08769035	121.5254892	0	0	1	2	8	5	5	11	9	1	5	4	5	13	4	4	10	5	5	2	11	1	14	1	5	1	9	1		1	3	12	
113	11	3	9	48	臺北市	中山區	中山區建國北路3段14號	25.0636045	121.536695	0	0	1	2	8	5	5	14	9	1	5	4	5	13	1	1	1	4	5	2	12	4	10	8	2	1	20	1		2	2	12	
113	11	3	9	57	臺北市	信義區	信義區忠孝東路5段與忠孝東路5段295巷口	25.0410851	121.5725167	0	0	2	2	8	6	5	14	9	1	5	4	5	13	4	4	9	5	5	2	15	1	9	1	5	11	10	1		1	2	11	
113	11	3	10	11	臺北市	文山區	文山區木新路2段161巷12弄與木新路2段161巷口	24.9831306	121.5691507	0	0	1	2	7	6	5	4	1	1	5	4	5	13	1	1	10	5	5	1	15	1	9	1	5	1	10	1		2	2	14	
113	11	3	10	19	臺北市	北投區	北投區大度路與中央北路2段257巷口往東400公尺處	25.1218667	121.4904397	0	0	2	2	8	6	5	14	12	1	5	4	5	13	4	4	1	4	5	1	13	1	9	1	5	1	10	1		1	2	11	
113	11	3	11	0	臺北市	松山區	松山區市民大道5段與東興路口	25.048381	121.5656932	0	0	2	3	8	6	5	4	1	1	5	4	5	13	1	1	8	3	4	1	16	1	6	1	3	1	10	1		1	2	12	
113	11	3	11	13	臺北市	萬華區	萬華區桂林路228巷11弄與桂林路244巷口	25.03836678	121.4954796	0	0	2	2	8	7	5	5	2	1	5	4	5	13	1	1	1	4	5	2	17	1	6	1	5	1	10	1		2	2	14	
113	11	3	11	25	臺北市	松山區	松山區環東大道與堤頂大道口	25.04984947	121.5696339	0	0	1	2	7	6	5	14	7	1	5	4	5	13	4	4	9	4	5	2	29	1	8	1	6	2	9	1		1	2	15	
113	11	3	11	35	臺北市	中正區	中正區汀州路2段與汀州路2段182巷口	25.0230445	121.5230187	0	0	1	2	8	6	5	4	1	2	5	4	5	13	4	4	5	2	5	2	17	1	6	1	7	2	8	1		2	3	17	
113	11	3	11	41	臺北市	北投區	北投區承德路7段與石牌路1段口	25.112509	121.5094632	0	0	2	2	8	6	5	3	1	1	5	4	5	13	1	1	1	4	5	2	17	1	8	1	6	1	10	1		2	2	13	
113	11	3	11	45	臺北市	萬華區	中正區汀州路3段與汀州路3段230巷口	25.01159997	121.5360838	0	0	2	4	8	6	5	4	1	1	5	4	5	13	4	4	8	3	5	2	16	4	5	1	5	2	10	1		1	3	14	
113	11	3	11	46	臺北市	萬華區	萬華區民和街161號	25.0244721	121.4952677	0	0	1	2	8	7	5	14	7	1	5	4	5	13	4	4	5	5	5	2	11	4	9	1	3	9	8	2		1	4	15	
113	11	3	12	10	臺北市	士林區	士林區社中街210巷21弄與社中街250巷口	25.0922585	121.5077061	0	0	1	2	8	5	5	4	1	1	5	4	5	13	4	4	10	5	5	2	15	1	9	1	7	1	8	1		1	3	4	
113	11	3	12	30	臺北市	文山區	文山區萬壽路與秀明路2段口	24.9887882	121.576961	0	0	1	2	8	6	5	3	1	1	5	4	5	12	1	1	5	5	5	1	13	1	9	1	5	1	10	1		1	2	11	
113	11	3	14	2	臺北市	大安區	大安區辛亥路3段與芳蘭路口	25.016816	121.5488755	0	0	2	3	8	7	5	4	2	1	5	4	5	13	2	1	8	3	4	1	11	1	8	1	7	1	8	1		1	3	5	
113	11	3	14	10	臺北市	大同區	大同區承德路1段與承德路1段24巷口	25.05042905	121.5168266	0	0	1	2	8	6	5	5	2	1	5	4	5	13	4	4	1	5	5	1	17	1	13	6	7	2	8	1		1	3	4	
113	11	3	14	45	臺北市	萬華區	萬華區西園路1段156號	25.0369863	121.499399	0	0	1	3	8	7	5	14	9	1	5	4	5	13	4	4	5	2	5	2	13	1	9	1	7	1	4	1		1	3	1	
113	11	3	15	0	臺北市	中正區	中正區汀州路2段265號	25.02267018	121.5235555	0	0	1	3	8	6	5	14	9	1	5	4	5	13	4	4	9	4	5	2	17	1	1	1	7	2	8	1		2	3	17	
113	11	3	15	24	臺北市	萬華區	萬華區長沙街2段與貴陽街2段29巷口	25.0405674	121.5052814	0	0	1	2	7	7	5	3	1	1	5	4	5	13	4	4	8	3	5	1	16	4	5	1	3	1	8	1		1	3	8	
113	11	3	16	16	臺北市	大同區	大同區寧夏路7號	25.0544773	121.5148247	0	0	1	2	8	6	5	14	9	1	5	4	5	13	4	4	9	5	5	2	12	1	7	8	4	2	20	1		2	2	14	
113	11	3	16	23	臺北市	內湖區	內湖區彩虹河濱公園016燈桿	25.0533527	121.5786636	0	0	2	2	8	7	7	14	23	1	5	4	5	13	4	4	9	5	5	1	9	1	4	8	4	1	20	1		1	2	11	
113	11	3	16	38	臺北市	文山區	文山區福和河濱公園北往南(福和003號電桿)	24.9918915	121.5369695	0	0	1	2	8	6	5	14	23	1	5	4	5	13	4	4	9	5	5	1	3	5	18	8	4	10	20	1		1	3	16	
113	11	3	17	20	臺北市	北投區	北投區知行路360-1號關渡碼頭	25.1208702	121.4619842	0	0	3	3	8	5	5	14	9	1	5	4	5	13	4	4	9	4	5	1	16	1	4	1	5	1	10	1		1	2	12	1
113	11	3	17	25	臺北市	大同區	大同區承德路3段與敦煌路口	25.0752909	121.5201615	0	0	1	2	8	6	5	4	1	1	5	4	5	13	1	1	1	4	5	2	17	1	5	1	7	2	8	1		1	3	5	
113	11	3	17	40	臺北市	內湖區	內湖區成功路4段與成功路4段323巷口	25.084667	121.5987718	0	0	1	2	7	5	5	4	1	1	5	4	5	13	1	1	1	4	4	2	16	1	5	1	5	1	10	1		1	2	14	
113	11	3	18	24	臺北市	萬華區	萬華區青年路186號	25.0204708	121.5034638	0	0	1	2	7	5	5	14	9	1	5	4	5	13	4	4	8	3	5	2	1	4	9	1	3	9	8	1		1	3	17	
113	11	3	18	35	臺北市	南港區	南港區南港路1段與中南街口	25.0552671	121.6153544	0	0	2	2	7	5	5	3	2	1	5	4	5	13	1	1	5	4	5	2	12	1	7	1	6	1	10	1		1	2	14	
113	11	3	19	13	臺北市	北投區	北投區中央北路4段與大度路3段口	25.1236954	121.4645325	0	0	2	4	7	5	5	4	1	1	5	4	5	13	2	1	1	4	5	2	16	1	6	1	7	2	8	1		1	3	1	
113	11	3	19	25	臺北市	萬華區	萬華區西寧南路與武昌街2段口	25.0449499	121.5065682	0	0	1	3	8	5	5	4	1	1	5	4	5	13	2	1	10	4	5	2	12	4	4	1	3	2	8	1		1	3	5	
113	11	3	19	50	臺北市	北投區	北投區石牌路1段與石牌路1段71巷口	25.1136061	121.5112535	0	0	2	3	8	5	5	3	1	1	5	4	5	13	4	4	5	4	5	2	16	4	5	1	3	1	8	1		2	3	1	
113	11	3	22	10	臺北市	士林區	士林區中山北路5段699巷與前街口	25.0975202	121.5262797	0	0	1	2	8	5	5	3	1	1	5	4	5	13	4	4	10	5	5	1	9	1	5	1	7	2	8	1		2	3	8	
113	11	3	22	37	臺北市	中山區	中山區錦州街與民權東路2段92巷口口	25.0603488	121.5316843	0	0	1	2	8	5	5	4	1	1	5	4	5	13	4	4	10	5	5	1	15	1	9	1	5	1	10	1		1	2	12	
113	11	4	0	25	臺北市	萬華區	萬華區成都路與內江街55巷口	25.0428663	121.5053539	0	0	2	4	8	5	5	3	2	1	5	4	5	13	4	4	10	4	5	2	12	4	1	1	3	1	8	1		2	2	2	
113	11	4	2	47	臺北市	大安區	大安區和平東路2段76巷與和平東路2段76巷5弄口	25.0247068	121.5396744	0	0	1	2	8	5	5	3	1	1	5	4	5	13	4	4	10	5	5	2	16	1	12	1	5	1	11	1		1	2	14	
113	11	4	7	9	臺北市	大安區	大安區辛亥路3段與復興南路2段口	25.0217013	121.5432991	0	0	1	2	7	6	5	3	4	1	5	4	5	13	1	1	3	2	5	2	17	4	15	7	3	11	19	2		4	4	15	
113	11	4	7	41	臺北市	大同區	大同區重慶北路2段196號	25.0626507	121.5134735	0	0	1	2	8	6	5	14	9	1	4	4	5	13	4	4	1	4	5	2	13	4	9	1	6	1	10	1		1	2	11	
113	11	4	7	43	臺北市	松山區	松山區市民大道6段與基隆路1段口	25.0491612	121.5696038	0	0	2	2	7	7	5	4	4	1	5	4	5	13	2	1	1	5	5	2	13	1	9	1	5	1	10	1		1	2	11	
113	11	4	7	48	臺北市	內湖區	內湖區安康路與安康路129巷口	25.0631255	121.5996285	0	0	1	3	8	5	5	3	1	1	5	4	5	13	4	4	9	4	5	2	16	1	5	1	5	1	10	1		2	3	11	
113	11	4	7	49	臺北市	北投區	北投區石牌路2段與裕民三路口	25.116063	121.5159283	0	0	1	2	8	6	5	3	1	1	5	4	5	13	4	4	1	4	5	2	17	1	1	1	7	1	2	1		1	3	8	
113	11	4	7	57	臺北市	北投區	北投區中央北路4段601巷與聖景路口	25.1233067	121.4639561	0	0	2	2	8	5	5	3	2	1	5	4	5	13	4	4	4	5	5	1	12	1	11	3	5	1	18	1		1	2	14	
113	11	4	8	0	臺北市	南港區	南港區南港路2段與南港路2段41巷口	25.0535588	121.6025443	0	0	1	2	8	6	5	3	1	1	5	4	5	13	2	1	4	3	4	2	16	4	6	1	3	1	8	1		1	3	2	
113	11	4	8	0	臺北市	大同區	大同區大龍街與酒泉街口	25.0719716	121.5159169	0	0	2	2	7	6	5	4	1	1	5	4	5	13	2	1	4	4	5	2	16	4	8	1	3	1	10	1		2	2	12	
113	11	4	8	0	臺北市	萬華區	萬華區德昌街162號	25.02386822	121.4959227	0	0	1	2	8	5	5	14	9	1	5	4	5	13	4	4	10	5	5	2	3	4	9	1	5	1	10	1		2	3	11	
113	11	4	8	1	臺北市	信義區	信義區松山路287巷3弄27號	25.04367475	121.5783951	0	0	2	3	8	7	5	14	9	1	5	4	5	13	4	4	10	5	5	2	6	5	18	8	4	10	20	1		1	2	16	
113	11	4	8	2	臺北市	大安區	大安區辛亥路2段與復興南路2段口	25.0210335	121.5433017	0	0	1	2	8	6	5	5	1	1	5	4	5	13	2	1	1	3	5	2	13	1	5	1	6	11	10	1		1	2	14	
113	11	4	8	12	臺北市	文山區	文山區羅斯福路6段294號	24.9909176	121.5399228	0	0	2	4	8	6	5	14	9	1	5	4	3	13	4	4	1	4	5	2	12	1	4	1	7	1	2	1		1	3	2	
113	11	4	8	30	臺北市	士林區	士林區中山北路6段405巷與中山北路6段405巷口	25.1162835	121.5264805	0	0	1	2	8	5	5	3	2	1	5	4	5	13	4	4	5	5	5	2	12	1	9	1	6	2	10	1		2	2	12	
113	11	4	8	30	臺北市	萬華區	萬華區華中橋機車道往北市7010506桿	25.0133168	121.4955269	0	0	2	2	7	7	7	14	11	1	5	4	5	13	4	4	1	4	1	2	13	1	12	1	5	1	10	1		2	2	13	
113	11	4	8	36	臺北市	內湖區	內湖區成功路5段170巷與成功路5段口	25.08272158	121.6055472	0	0	1	2	8	7	5	3	2	1	5	4	5	13	3	1	1	4	4	2	11	1	7	1	5	1	10	1		2	2	14	
113	11	4	8	36	臺北市	士林區	士林區中山北路4段新生高架北往南	25.0790996	121.5245368	0	0	4	5	8	5	8	22	22	1	5	4	5	13	4	4	9	4	5	1	17	1	9	1	7	1	8	1		2	2	1	
113	11	4	8	40	臺北市	松山區	松山區復興北路417號	25.06314958	121.5442794	0	0	2	3	8	5	5	14	9	1	5	4	5	13	4	4	9	4	5	2	17	1	9	1	6	1	10	1		1	3	13	
113	11	4	9	0	臺北市	大安區	大安區敦化南路1段與敦化南路1段252巷口口	25.0398471	121.5485825	0	0	1	2	8	7	5	3	1	1	5	4	5	13	4	4	1	4	4	1	17	1	8	1	6	1	10	1		1	3	13	
113	11	4	9	4	臺北市	松山區	松山區塔悠路與八德路4段口	25.0500384	121.5721433	0	0	1	2	7	7	5	5	1	1	5	4	5	13	2	1	1	4	5	2	16	1	5	1	5	1	10	1		2	2	14	
113	11	4	9	35	臺北市	中正區	中正區羅斯福路3段274-1號	25.0168011	121.5320583	0	0	1	3	8	7	5	14	9	1	5	4	5	13	2	1	1	4	5	2	13	1	9	1	5	2	10	1		1	3	11	
113	11	4	9	40	臺北市	松山區	松山區堤外便道與塔悠路口195號旁無名巷	25.05767008	121.5697107	0	0	1	2	7	6	5	3	1	1	5	4	5	13	4	4	10	5	5	2	16	1	6	1	7	1	4	1		1	3	8	
113	11	4	9	43	臺北市	松山區	松山區三民路101巷與民生東路5段138巷口	25.05727434	121.5617028	0	0	2	3	8	5	5	3	1	1	5	4	5	13	4	4	10	5	5	2	17	1	5	1	7	1	8	1		1	3	1	
113	11	4	9	45	臺北市	南港區	南港區忠孝東路7段156路燈號	25.0510728	121.5978241	0	0	2	2	8	6	5	14	7	1	5	4	5	13	4	4	1	3	4	2	13	4	9	1	3	2	10	1		2	2	11	
113	11	4	9	47	臺北市	松山區	松山區民權東路5段與三民路口	25.0629506	121.5636132	0	0	1	4	7	7	5	14	9	1	5	4	5	13	2	1	1	4	5	2	13	1	12	1	7	1	2	1		1	3	1	
113	11	4	9	56	臺北市	松山區	松山區南京東路4段與光復北路口	25.0514935	121.5572841	0	0	1	2	8	5	5	4	1	1	5	4	5	13	1	1	1	4	5	2	13	1	9	1	7	1	8	1		1	3	8	
113	11	4	9	58	臺北市	內湖區	內湖區瑞光路588號	25.080402	121.5661014	0	0	1	2	7	6	5	14	9	1	5	4	5	13	4	4	5	4	5	2	16	1	11	1	7	1	8	1		1	3	4	
113	11	4	10	14	臺北市	大同區	大同區延平北路2段88-1號	25.05621251	121.5115977	0	0	1	2	7	6	5	14	9	1	5	4	5	13	4	4	4	4	5	2	16	4	8	8	3	2	20	1		1	2	12	
113	11	4	10	34	臺北市	內湖區	內湖區成功路2段與成功路2段口國道1號南下匝道口	25.0645563	121.5902529	0	0	1	2	7	5	5	4	1	1	5	4	5	13	2	1	9	4	5	2	16	1	8	1	7	1	8	1		1	3	2	
113	11	4	10	50	臺北市	大安區	大安區信義路4段與四維路口	25.0334071	121.54806	0	0	2	2	8	5	5	14	9	1	5	4	5	13	4	4	1	4	5	2	17	4	5	1	3	1	10	1		1	2	14	
113	11	4	11	0	臺北市	士林區	士林區延平北路7段106巷與延平北路7段106巷口堤外	25.10247141	121.4960957	0	0	2	2	8	7	5	3	1	1	5	4	5	13	4	4	10	5	5	1	17	1	5	3	6	1	18	1		2	2	11	
113	11	4	11	45	臺北市	中山區	中山區北安路與劍南路口	25.08545543	121.5539922	0	0	1	2	8	5	5	4	1	1	5	4	5	13	1	1	1	4	5	2	16	4	6	1	3	1	8	1		1	3	5	