年	月	日	時	分	縣市	行政區	allLocation	GoogleLat	GoogleLng	死	2-30	受傷	當事人數	天候	道路照明設備	道路類別	道路型態	事故位置	路面狀況1	路面狀況2	路面狀況3	道路障礙1	道路障礙2	號誌1	號誌2	車道劃分-分向	車道劃分-分道1	車道劃分-分道2	車道劃分-分道3	事故類型及型態	行動電話	當事者行動狀態	駕駛資格情形	保護裝置	飲酒情形	駕駛執照種類	個人肇逃否	肇因碼-主要	性別	受傷程度	車輛撞擊部位1	車輛撞擊部位2
113	11	4	11	52	臺北市	松山區	松山區敦化北路2號	25.0501011	121.548497	0	0	1	2	8	6	5	14	9	1	5	4	5	13	1	1	4	1	5	2	13	1	9	1	7	1	4	1		2	3	1	
113	11	4	11	58	臺北市	南港區	南港區忠孝東路6段與昆陽街口	25.0504799	121.5939748	0	0	1	3	7	7	5	4	2	1	5	4	5	13	4	4	3	4	5	2	13	1	5	1	7	2	4	1		1	3	17	
113	11	4	12	15	臺北市	中山區	中山區中山北路2段與民權東路1段口	25.0625529	121.5228163	0	0	2	2	7	6	5	4	1	1	5	4	5	13	1	1	1	4	1	2	16	1	9	1	5	1	10	1		1	2	11	
113	11	4	12	15	臺北市	士林區	士林區承德路4段與劍潭路口	25.084175	121.5234487	0	0	2	3	7	6	5	5	1	1	5	4	5	13	2	1	1	4	5	1	15	1	9	6	5	2	10	1		1	2	12	
113	11	4	12	30	臺北市	中山區	中山區民權東路2段148號	25.06247026	121.5345124	0	0	1	2	8	7	5	14	9	1	5	4	5	13	4	4	1	4	5	2	17	4	9	1	5	1	10	1		1	2	17	
113	11	4	12	42	臺北市	萬華區	萬華區華中橋機車道往新北市方向	25.0165842	121.4955374	0	0	2	2	7	6	5	8	11	1	5	4	5	13	1	1	1	4	5	2	13	1	9	1	6	1	10	1		1	2	11	
113	11	4	12	45	臺北市	大安區	大安區和平東路2段與復興南路2段口	25.02489584	121.543937	0	0	1	2	7	6	5	14	9	1	5	4	5	13	2	1	1	4	5	1	17	1	9	1	6	1	10	1		1	2	12	
113	11	4	13	13	臺北市	大同區	大同區延平北路4段268巷與迪化街2段口268巷口	25.0706052	121.5109409	0	0	1	2	8	5	5	3	1	1	4	4	5	13	4	4	9	4	5	2	12	1	6	1	7	2	8	1		1	3	5	
113	11	4	13	42	臺北市	文山區	文山區木柵路5段與木柵路5段43巷口口	25.0031324	121.5849949	0	0	1	2	8	6	5	3	1	1	5	4	5	13	4	4	5	4	5	1	13	1	9	1	6	1	10	1		2	2	11	
113	11	4	14	0	臺北市	中正區	中正區中山南路與信義路1段口	25.0388185	121.5178041	0	0	1	2	8	6	8	22	22	1	5	4	5	13	2	1	3	4	3	2	9	1	15	1	7	2	6	1		1	3	10	
113	11	4	14	23	臺北市	士林區	士林區承德路4段與承德路4段6巷口	25.07906733	121.5213687	0	0	1	2	7	6	5	3	2	1	5	4	5	13	4	4	10	5	5	1	17	1	9	1	6	1	10	1		2	2	11	
113	11	4	14	36	臺北市	中山區	中山區復興北路366號	25.0606234	121.5440993	0	0	1	2	8	5	5	14	9	1	5	4	5	13	4	4	1	5	5	1	13	1	9	1	5	1	10	1		1	2	11	
113	11	4	15	9	臺北市	北投區	北投區石牌路1段39巷與石牌路1段33巷4弄口	25.1137235	121.5100883	0	0	2	2	7	7	5	4	1	1	5	4	5	13	4	4	10	5	5	1	15	1	9	8	4	1	20	1		2	2	12	
113	11	4	15	20	臺北市	文山區	文山區木柵路5段與無名巷口(象頭埔福德宮)	25.0030678	121.5863491	0	0	2	2	7	7	5	3	4	1	5	4	5	13	1	1	5	4	5	2	13	1	9	3	5	1	18	1		1	2	11	
113	11	4	16	14	臺北市	松山區	松山區八德路4段與八德路4段333巷口	25.0491568	121.5673125	0	0	3	3	8	6	5	4	1	1	5	4	5	13	2	1	8	4	5	2	17	1	5	1	6	1	10	1		1	2	11	
113	11	4	16	28	臺北市	大安區	大安區師大路127巷與龍泉街口	25.0216634	121.5286711	0	0	2	2	8	5	5	3	1	2	5	4	5	13	4	4	9	5	5	2	15	4	6	8	3	1	20	1		2	2	15	
113	11	4	17	25	臺北市	中山區	中山區松江路182號	25.0569773	121.5329998	0	0	1	2	7	5	5	14	23	1	5	4	5	13	4	4	1	5	5	1	17	4	14	1	3	1	8	1		1	3	2	
113	11	4	17	31	臺北市	信義區	信義區吳興街245號	25.0274541	121.5633994	0	0	1	2	7	5	5	14	9	1	5	4	5	13	4	4	9	5	5	2	16	1	11	1	6	1	10	1		2	3	11	
113	11	4	17	50	臺北市	信義區	信義區基隆路2段149號	25.0263492	121.5548469	0	0	1	3	7	5	5	14	9	1	5	4	5	13	4	4	1	4	5	2	13	4	9	1	3	1	10	1		1	2	11	
113	11	4	17	50	臺北市	大安區	大安區臥龍街129號	25.0191127	121.5499811	0	0	3	3	7	5	5	14	9	1	5	4	5	13	4	4	10	5	5	2	16	1	1	1	6	1	10	1		1	2	12	
113	11	4	17	55	臺北市	大安區	大安區羅斯福路4段127號	25.010658	121.5373329	0	0	1	2	8	5	5	14	9	1	5	4	5	13	4	4	1	4	5	1	17	1	1	1	6	1	10	1		1	2	14	
113	11	4	18	2	臺北市	北投區	北投區中央北路4段與大度路3段口	25.1243009	121.4649392	0	0	1	2	7	5	5	3	18	1	5	4	5	13	2	1	5	4	5	2	3	1	5	1	7	9	4	2		1	3	1	
113	11	4	18	25	臺北市	中山區	中山區明水路與明水路397巷口	25.0773604	121.547592	0	0	2	2	7	5	5	3	2	1	5	4	5	13	1	1	3	4	5	2	16	4	5	1	3	1	10	1		2	2	13	
113	11	4	18	30	臺北市	士林區	士林區士商路與基河路396巷口口	25.09565688	121.5161052	0	0	2	2	7	5	5	3	1	1	5	4	5	13	2	1	8	3	4	1	16	1	9	1	5	2	10	1		1	2	11	
113	11	4	19	17	臺北市	中山區	中山區龍江路202號	25.05747395	121.540623	0	0	1	2	8	5	5	14	9	1	5	4	5	13	4	4	10	5	5	2	17	1	5	1	7	1	8	1		2	3	4	
113	11	4	19	41	臺北市	大安區	大安區羅斯福路4段與新生南路3段口	25.0160764	121.5329357	0	0	1	3	8	5	5	4	1	1	5	4	5	13	2	1	10	5	5	2	17	4	12	1	3	2	2	1		1	3	5	
113	11	4	20	9	臺北市	文山區	文山區興隆路2段與辛亥路5段口	25.0008195	121.5544423	0	0	2	2	8	5	6	4	2	1	5	4	5	13	2	1	1	2	5	2	16	1	6	1	6	2	10	1		2	2	12	
113	11	4	20	51	臺北市	北投區	北投區崇仁路1段105號	25.12580299	121.5012817	0	0	2	2	7	5	5	14	9	1	5	4	5	13	4	4	9	5	5	2	3	1	9	1	6	9	10	1		1	2	11	
113	11	4	21	20	臺北市	大安區	大安區辛亥路3段330號對面	25.01508827	121.5520553	0	0	1	2	7	5	5	14	9	1	5	4	5	13	4	4	1	4	5	1	13	1	9	1	6	1	10	1		1	2	11	
113	11	4	22	20	臺北市	士林區	士林區復興橋與至誠路1段口	25.100727	121.5375162	0	0	1	2	7	5	5	4	2	1	5	4	5	13	1	1	5	2	5	2	18	1	15	1	5	9	10	1		2	2	15	
113	11	5	3	58	臺北市	內湖區	內湖區民權東路6段與民權東路6段11巷口	25.06677955	121.5785443	0	0	2	3	8	5	5	4	2	1	5	4	5	13	2	1	3	4	5	2	13	1	9	1	6	1	10	1		2	2	11	
113	11	5	5	53	臺北市	中山區	中山區中山北路2段與民權西路口	25.0582384	121.5227676	0	0	2	2	7	5	5	4	4	1	4	4	5	13	2	1	1	5	5	2	13	1	9	1	5	2	10	1		1	2	11	
113	11	5	7	12	臺北市	內湖區	內湖區民權東路6段180巷10弄與民權東路6段180巷口口	25.0678711	121.5927246	0	0	1	2	7	5	5	3	1	1	5	4	5	13	4	4	9	5	5	2	16	1	11	1	7	1	8	1		1	3	8	
113	11	5	7	14	臺北市	大安區	大安區建國南路2段與建國南路2段69巷口	25.0311469	121.5380616	0	0	1	2	7	6	5	3	2	1	5	4	5	13	4	4	1	4	5	2	16	4	6	1	3	1	8	1		1	3	2	
113	11	5	7	30	臺北市	北投區	北投區致遠二路與致遠二路87巷口	25.1161697	121.5117289	0	0	1	3	6	7	5	3	2	1	4	4	5	13	4	4	5	5	5	2	17	1	14	1	7	1	8	1		2	3	2	
113	11	5	7	36	臺北市	大安區	大安區仁愛路4段與敦化南路1段口	25.0386729	121.5488035	0	0	1	2	7	7	5	4	1	1	5	4	5	13	2	1	1	4	5	1	17	1	5	1	7	1	8	1		1	3	8	
113	11	5	8	0	臺北市	中山區	中山區北安路269號	25.0778962	121.5350143	0	0	1	2	7	7	5	14	9	1	5	4	5	13	3	1	1	4	5	2	13	1	9	1	5	1	10	1		1	2	11	
113	11	5	8	0	臺北市	萬華區	萬華區西園路2段與寶興街口	25.0267913	121.4937466	0	0	1	2	6	7	5	4	1	1	4	4	5	13	1	1	1	4	5	2	13	1	9	3	5	1	18	1		2	2	11	
113	11	5	8	15	臺北市	大同區	大同區延平北路2段與民權西路口	25.0628644	121.5111467	0	0	2	2	7	6	5	5	1	1	5	4	5	13	2	1	1	4	5	2	17	1	7	1	6	1	10	1		1	2	14	
113	11	5	8	16	臺北市	中山區	中山區明水路581巷與明水路口	25.0799971	121.5520893	0	0	1	2	7	6	5	4	1	1	5	4	5	13	2	1	4	5	5	1	16	4	5	1	3	1	10	1		1	3	12	
113	11	5	8	40	臺北市	信義區	信義區基隆路1段149號	25.0425278	121.5654583	0	0	1	2	6	7	5	14	9	1	4	4	5	13	4	4	10	5	5	2	12	1	7	1	6	1	10	1		1	2	12	
113	11	5	8	49	臺北市	中山區	中山區中山北路2段與南京東路1段口	25.05235888	121.5226679	0	0	1	2	6	6	5	3	2	1	4	4	5	13	2	1	8	3	5	1	17	1	8	1	7	1	8	1		1	3	5	
113	11	5	8	50	臺北市	大安區	大安區安和路2段與文昌街口	25.0326372	121.5525877	0	0	2	2	7	5	5	4	1	1	4	4	5	13	1	1	1	4	5	2	16	4	6	1	3	1	8	1		2	2	12	
113	11	5	9	2	臺北市	大安區	大安區和平東路1段6號	25.0269504	121.5229839	0	0	4	7	6	7	5	14	9	1	4	4	5	13	4	4	8	3	5	2	13	4	9	1	3	1	10	1		1	2	12	
113	11	5	9	8	臺北市	大安區	大安區信義路4段116號	25.0330284	121.5492436	0	0	1	2	6	7	6	14	9	1	4	4	5	13	4	4	1	4	1	2	17	1	9	1	5	1	10	1		1	2	14	
113	11	5	9	11	臺北市	中正區	中正區汀州路3段與羅斯福路4段196巷口	25.011556	121.5359104	0	0	1	2	6	6	5	4	1	1	4	4	5	13	4	4	5	4	5	2	15	1	9	1	7	1	8	1		1	3	17	
113	11	5	9	12	臺北市	士林區	士林區文林路與大東路口	25.0934394	121.5252367	0	0	2	2	7	5	5	5	2	1	4	4	5	13	2	1	5	5	5	2	15	1	9	3	5	2	18	1		1	2	11	
113	11	5	9	15	臺北市	內湖區	內湖區安康路25巷石潭公園旁	25.0640558	121.5932911	0	0	1	2	6	5	5	14	9	1	4	4	5	13	4	4	4	1	5	1	12	4	9	1	3	1	10	1		1	2	14	
113	11	5	9	22	臺北市	士林區	士林區凱旋路61巷4弄1108399燈桿	25.13495341	121.5404047	0	0	1	2	6	6	5	14	9	1	4	4	5	13	4	4	10	5	5	1	17	1	7	1	6	1	10	1		1	3	14	
113	11	5	9	33	臺北市	萬華區	萬華區萬大路與萬大路449巷口	25.0208846	121.4983544	0	0	1	2	7	7	5	3	1	1	4	4	5	13	4	4	10	5	5	2	17	1	9	1	5	1	10	1		2	2	11	
113	11	5	9	38	臺北市	中山區	中山區北安路47號對面	25.07725808	121.5281767	0	0	1	2	7	6	5	14	9	1	5	4	5	13	4	4	1	4	5	2	13	1	9	1	5	1	8	1		2	2	11	14
113	11	5	9	44	臺北市	南港區	南港區研究院路1段與研究院路1段101巷口	25.0519383	121.6161383	0	0	1	2	6	6	5	4	1	1	4	4	5	13	2	1	3	4	5	2	16	1	5	1	7	1	8	1		1	3	5	
113	11	5	9	45	臺北市	大同區	大同區鄭州路與塔城街口	25.0500286	121.5106189	0	0	1	3	6	6	5	5	1	1	4	4	5	13	2	1	5	4	5	2	17	1	6	1	6	1	10	1		2	2	12	
113	11	5	9	46	臺北市	信義區	信義區松仁路253巷與松仁路口	25.0254498	121.5690941	0	0	1	2	6	7	5	4	1	1	4	4	5	13	3	1	9	4	5	1	16	1	5	1	7	1	8	1		1	3	6	
113	11	5	10	5	臺北市	內湖區	內湖區成功路5段與康湖路口	25.08174817	121.6050609	0	0	2	3	6	6	5	14	9	1	4	4	5	13	2	1	1	4	5	2	17	1	5	1	7	2	8	1		1	3	8	
113	11	5	10	13	臺北市	文山區	文山區試院路100號	24.9898921	121.5482394	0	0	1	2	6	7	5	14	9	1	4	4	5	13	4	4	9	5	5	2	13	1	9	1	5	1	10	1		2	2	11	
113	11	5	10	19	臺北市	文山區	文山區仙岩路128號	25.0005192	121.5510695	0	0	1	2	6	6	5	14	9	1	4	4	5	13	4	4	9	5	5	2	17	1	9	1	5	2	10	1		2	2	17	
113	11	5	10	26	臺北市	大安區	大安區和平東路2段96巷15弄30號與無名巷口	25.0233808	121.5423404	0	0	1	3	6	5	5	3	2	1	4	4	5	13	4	4	10	5	5	2	9	5	19	8	7	10	20	1		2	2	16	
113	11	5	10	58	臺北市	萬華區	萬華區長沙街2段與貴陽街2段29巷口	25.0405395	121.5052799	0	0	1	2	6	6	5	3	1	1	4	4	5	13	4	4	8	3	5	2	16	4	5	1	3	1	8	1		1	3	17	
113	11	5	11	40	臺北市	士林區	士林區中山北路7段14巷與天母東路43巷口	25.1187178	121.5322834	0	0	1	2	6	5	5	3	1	1	4	4	5	13	4	4	5	5	5	1	3	1	1	1	7	2	8	1		1	3	8	
113	11	5	12	1	臺北市	松山區	松山區八德路4段與虎林街口	25.0498943	121.5760163	0	0	2	2	6	7	5	4	1	1	4	4	5	13	1	1	1	4	5	2	3	1	9	1	5	9	10	1		2	2	11	
113	11	5	12	5	臺北市	文山區	文山區興隆路2段與福興路口	25.0017436	121.5518075	0	0	1	2	6	6	5	3	2	1	4	4	5	13	2	1	1	4	5	1	16	1	8	1	7	1	8	1		1	3	5	
113	11	5	12	35	臺北市	信義區	信義區永吉路127巷11弄與基隆路1段37弄口口	25.0462872	121.5688771	0	0	1	2	6	7	5	4	1	1	4	4	5	13	4	4	5	5	5	2	17	1	9	1	7	1	4	1		1	3	17	
113	11	5	12	50	臺北市	大安區	大安區基隆路高架道(樂業匝道)	25.01996765	121.5476413	0	0	1	3	6	5	5	14	16	1	4	4	5	13	4	4	2	5	5	2	13	1	9	1	7	1	8	1		2	3	1	1
113	11	5	13	15	臺北市	南港區	南港區舊莊街1段1號	25.0421082	121.6173584	0	0	1	2	6	6	5	14	9	1	4	4	5	13	4	4	5	4	5	2	16	1	6	1	7	1	8	1		1	3	2	
113	11	5	13	55	臺北市	大安區	大安區建國南路1段與建國南路1段口迴轉道	25.036871	121.537499	0	0	1	2	8	5	5	3	2	1	5	4	5	13	2	1	1	4	5	2	17	4	5	1	3	1	10	1		1	3	14	
113	11	5	14	15	臺北市	士林區	士林區芝玉路2段與芝玉路2段20巷口	25.1104157	121.5343926	0	0	1	2	6	6	5	4	1	1	4	4	5	13	4	4	10	5	5	2	15	1	9	1	5	1	8	1		1	2	12	
113	11	5	14	23	臺北市	內湖區	內湖區東湖路160巷與康樂街口	25.0678291	121.6176277	0	0	2	3	6	6	5	4	1	1	4	4	5	13	2	1	5	4	5	2	15	1	9	1	7	1	8	1		1	3	2	
113	11	5	14	45	臺北市	萬華區	萬華區萬大路387巷53-1號	25.02147573	121.4999405	0	0	1	2	7	6	5	11	9	1	5	4	5	13	4	4	10	5	5	2	9	4	17	8	3	10	20	2		4	4	16	
113	11	5	14	47	臺北市	士林區	士林區通河西街1段與無名巷口口	25.0831023	121.5128739	0	0	2	3	7	6	5	3	1	1	5	4	5	13	4	4	9	5	5	2	16	1	5	1	7	1	8	1		1	3	1	
113	11	5	15	21	臺北市	中山區	中山區民生東路2段115巷與吉林路161巷口	25.0589389	121.5316413	0	0	1	2	7	6	5	4	1	1	5	4	5	13	4	4	8	5	5	1	15	4	9	1	3	1	10	1		1	2	11	
113	11	5	15	33	臺北市	萬華區	萬華區內江街與內江街81巷口	25.0415516	121.5042326	0	0	2	3	7	7	5	5	2	1	5	4	3	10	4	4	10	3	5	2	15	1	9	1	5	2	10	1		1	2	12	
113	11	5	15	44	臺北市	信義區	信義區松智路與松勤街口口	25.0319447	121.5654052	0	0	1	3	6	5	8	4	1	1	4	4	5	13	1	1	5	4	5	2	17	1	9	1	7	9	8	2		1	3	17	
113	11	5	15	48	臺北市	大安區	大安區和平東路3段與安和路2段口	25.0245598	121.5504179	0	0	1	2	7	6	5	3	1	1	4	4	5	13	1	1	1	4	5	2	17	4	6	1	3	9	8	2		1	3	17	
113	11	5	16	29	臺北市	大安區	(敦化南路二段77號地下停車場出入口)	25.0304522	121.549754	0	0	1	2	7	5	5	14	9	1	4	4	5	13	4	4	10	5	5	2	12	1	1	1	5	1	10	1		1	2	12	
113	11	5	16	40	臺北市	萬華區	萬華區興寧街與艋舺大道120巷口	25.0323956	121.5020093	0	0	2	2	7	6	5	3	2	1	5	4	5	13	4	4	10	5	5	1	17	4	15	1	3	1	10	1		1	2	12	
113	11	5	17	5	臺北市	信義區	信義區永吉路278巷57弄與忠孝東路5段423巷口	25.0433508	121.5753926	0	0	1	3	6	5	5	4	1	1	4	4	5	13	4	4	9	5	5	2	15	4	9	1	3	2	8	1		1	3	1	
113	11	5	17	15	臺北市	士林區	士林區文林路與文林路101巷口	25.0881764	121.5262855	0	0	2	2	6	5	5	3	2	1	4	4	5	13	2	1	5	2	5	1	12	1	5	8	4	11	20	1		1	2	14	
113	11	5	17	21	臺北市	中山區	中山區大直橋	25.0792335	121.5443707	0	0	1	2	6	5	5	14	9	1	4	4	5	13	4	4	1	4	5	2	13	1	9	1	5	2	10	1		1	2	11	
113	11	5	17	37	臺北市	大同區	大同區寧夏路與保安街口	25.0593808	121.5147942	0	0	1	2	8	5	5	4	1	1	5	4	5	13	2	1	5	5	5	2	17	1	5	1	7	1	8	1		1	3	1	
113	11	5	17	40	臺北市	內湖區	內湖區安美街191號	25.0600935	121.602342	0	0	1	2	6	5	5	14	9	1	4	4	5	13	4	4	5	5	5	2	17	1	11	1	7	1	8	1		2	3	8	
113	11	5	17	49	臺北市	文山區	文山區福和橋機車道往台北方向7510068燈桿	25.0093442	121.5337451	0	0	2	4	6	5	5	14	11	1	4	4	5	13	4	4	10	4	5	2	13	1	12	1	6	1	10	1		2	3	17	
113	11	5	18	5	臺北市	北投區	北投區崇仁路1段與無名巷口	25.12538458	121.5017894	0	0	1	2	7	5	5	4	1	1	5	4	5	13	4	4	10	5	5	2	13	1	9	1	5	2	10	1		1	2	11	
113	11	5	18	8	臺北市	信義區	信義區光復南路與基隆路1段380巷口口	25.0344491	121.5577854	0	0	1	2	6	5	8	3	1	1	4	4	5	13	3	1	1	4	5	2	13	1	6	1	7	1	8	1		1	3	5	
113	11	5	18	20	臺北市	中山區	中山區北安路305號	25.0779857	121.5352743	0	0	1	2	8	5	5	14	9	1	5	4	5	13	1	1	9	4	5	2	17	1	15	1	7	1	8	1		1	3	5	
113	11	5	18	23	臺北市	大安區	大安區信義路3段152巷口側附近	25.0332979	121.5407805	0	0	1	2	8	5	5	14	9	1	5	4	5	13	4	4	1	4	5	2	17	4	6	1	3	1	8	1		1	3	8	
113	11	5	18	25	臺北市	南港區	南港區市民大道7段與玉成街59巷口	25.0495259	121.5821966	0	0	1	2	6	5	5	14	9	1	4	4	5	13	2	1	1	4	5	2	13	4	9	1	5	1	10	1		1	2	11	
113	11	5	18	30	臺北市	中正區	中正區信義路2段與杭州南路1段口	25.035493	121.5244133	0	0	1	2	7	5	5	4	1	1	5	4	5	13	1	1	10	4	5	2	17	1	9	1	5	2	10	1		2	2	11	
113	11	5	18	46	臺北市	信義區	信義區基隆路汽機車混合地下道往南	25.0427495	121.5653793	0	0	1	2	6	5	5	7	9	1	4	4	5	13	4	4	10	5	5	2	13	1	9	1	5	1	10	1		1	2	11	
113	11	5	18	48	臺北市	大安區	大安區基隆路3段130號	25.01655115	121.5433646	0	0	1	2	7	5	5	14	9	1	5	4	5	13	4	4	10	5	5	2	17	4	9	1	3	1	10	1		1	2	11	
113	11	5	19	0	臺北市	內湖區	內湖區內湖路1段與內湖路1段518巷口	25.08035579	121.5741367	0	0	1	3	6	5	5	3	2	1	4	4	5	13	1	1	1	5	5	2	13	1	9	1	7	1	8	1		2	3	1	
113	11	5	19	3	臺北市	信義區	信義區忠孝東路5段與基隆路汽機車混合地下道口	25.040896	121.5646115	0	0	2	3	6	5	5	4	1	1	4	4	5	13	1	1	1	4	5	2	13	1	9	1	5	2	10	1		2	2	11	
113	11	5	19	39	臺北市	士林區	士林區士東路91巷4號	25.11250202	121.5291767	0	0	2	2	6	5	5	14	9	1	4	4	5	13	4	4	9	5	5	1	3	5	18	8	4	10	20	1		2	2	16	
113	11	5	20	4	臺北市	中山區	中山區民生東路3段與合江街口	25.0577891	121.5392651	0	0	1	2	8	5	5	4	18	1	5	4	5	13	2	1	1	4	5	2	3	1	5	1	7	1	8	1		1	3	4	
113	11	5	21	16	臺北市	北投區	北投區泉源路67號	25.1424271	121.5168349	0	0	1	2	6	5	5	12	9	1	4	4	5	13	4	4	9	5	5	1	11	1	9	1	5	1	10	2		4	2	14	
113	11	5	21	18	臺北市	中正區	中正區中山南路與愛國西路口	25.0348143	121.5168688	0	0	1	2	7	5	5	4	1	1	5	4	5	13	1	1	1	4	5	1	12	1	7	1	7	2	8	1		2	3	4	
113	11	5	21	20	臺北市	大安區	大安區和平東路2段與瑞安街口	25.025571	121.5390512	0	0	1	2	6	5	5	4	2	1	4	4	5	13	1	1	1	3	4	2	17	4	8	7	3	11	19	2		2	4	15	
113	11	5	21	25	臺北市	內湖區	內湖區內湖路2段103巷與麗山街37巷口	25.06758283	121.6128854	0	0	2	3	7	5	5	3	1	1	5	4	5	13	4	4	5	5	5	2	9	1	5	1	7	1	8	1		1	3	8	
113	11	5	21	34	臺北市	文山區	文山區木柵路3段66巷與木柵路3段48巷口口	24.9870219	121.5662116	0	0	1	2	6	5	5	4	1	1	4	4	5	13	2	1	5	5	5	2	13	1	9	1	7	2	8	1		1	3	1	
113	11	5	21	45	臺北市	信義區	信義區松仁路190號	25.0274914	121.5683452	0	0	2	2	6	5	5	14	9	1	4	4	5	13	4	4	9	5	4	2	16	4	11	1	3	1	10	1		1	2	14	
113	11	5	21	45	臺北市	士林區	士林區文林路與文林路404巷口	25.093907	121.5249435	0	0	3	3	7	5	5	3	1	1	5	4	3	13	4	4	5	5	5	1	16	1	9	1	6	1	10	1		1	2	14	
113	11	5	22	33	臺北市	內湖區	內湖區瑞光路2號	25.0692287	121.5838261	0	0	1	2	7	5	5	14	9	1	4	4	5	13	1	1	4	4	5	1	29	1	9	1	6	1	10	1		2	2	14	
113	11	6	3	12	臺北市	士林區	士林區通河西街1段與重慶北路4段口	25.0877247	121.5119072	0	0	1	2	8	5	5	3	1	1	5	4	5	13	2	1	5	5	5	2	17	1	9	3	6	1	18	1		2	2	11	
113	11	6	6	10	臺北市	中山區	中山區長安東路1段23號	25.04935571	121.5237507	0	0	1	2	8	7	5	14	9	1	5	4	5	13	4	4	9	4	5	2	16	1	11	1	7	1	4	1		1	3	1	
113	11	6	7	24	臺北市	萬華區	萬華區西藏路0902748燈桿前	25.0294342	121.499588	0	0	1	2	7	6	5	14	9	1	5	4	5	13	4	4	1	4	5	1	17	4	1	1	3	9	8	1		1	3	8	
113	11	6	7	31	臺北市	中正區	中正區中華路2段1號	25.0366591	121.5067871	0	0	1	2	7	7	5	14	9	1	5	4	5	13	1	1	1	4	5	2	12	1	8	1	7	1	8	1		1	3	2	
113	11	6	7	31	臺北市	內湖區	內湖區環山路2段109巷與環山路2段口	25.08447273	121.5760299	0	0	1	2	6	6	5	3	1	1	4	4	5	13	2	1	5	4	4	2	17	4	21	7	3	9	19	2		2	4	11	
113	11	6	7	35	臺北市	松山區	松山區撫遠街與民權東路5段口口	25.06328	121.5656931	0	0	2	4	8	6	5	4	2	1	4	4	5	13	2	1	1	4	5	2	16	1	6	8	4	1	20	1		1	2	14	
113	11	6	7	49	臺北市	中山區	中山區長安東路1段64號	25.0480777	121.5293304	0	0	2	2	8	5	5	14	9	1	5	4	5	13	1	1	8	5	5	2	13	1	9	1	5	1	10	1		1	2	11	
113	11	6	7	54	臺北市	大安區	大安區辛亥路3段81號	25.0196134	121.5464471	0	0	4	4	7	6	5	14	6	1	4	4	5	13	4	4	1	4	5	2	16	4	5	1	3	1	10	1		1	2	14	
113	11	6	8	31	臺北市	大安區	大安區羅斯福路4段21號	25.0134195	121.5358595	0	0	1	2	7	7	5	14	9	1	4	4	5	13	4	4	1	4	5	2	12	1	9	1	5	1	10	1		1	3	14	
113	11	6	8	39	臺北市	北投區	北投區大度路150巷1號(往淡水)	25.1216902	121.493568	0	0	1	2	7	6	5	14	9	1	5	4	5	13	1	1	9	4	4	1	17	1	7	1	7	1	8	1		1	3	17	
113	11	6	8	42	臺北市	萬華區	萬華區柳州街與南寧路口	25.0365719	121.50513	0	0	1	2	7	7	5	5	1	1	5	4	5	13	2	1	9	5	5	2	17	1	15	1	5	1	10	1		1	3	13	
113	11	6	8	50	臺北市	中山區	中山區北安路與北安路608巷口	25.08203746	121.548876	0	0	1	2	7	7	5	4	1	1	5	4	5	13	2	1	1	4	5	2	16	4	6	1	3	2	8	1		1	3	2	
113	11	6	9	0	臺北市	北投區	北投區石牌路1段與石牌路1段166巷口	25.1144522	121.5134948	0	0	1	2	7	7	5	3	1	1	5	4	5	13	2	1	5	4	5	2	13	1	9	1	5	1	10	1		1	2	11	
113	11	6	9	1	臺北市	士林區	士林區德行西路94巷與文林路740巷口	25.1036028	121.5214523	0	0	1	2	7	6	5	4	1	1	5	4	5	13	4	4	10	5	5	2	15	1	9	1	5	2	9	1		1	2	11	
113	11	6	9	3	臺北市	萬華區	萬華區萬大路與艋舺大道口	25.0329074	121.5005681	0	0	1	2	7	6	5	4	1	1	5	4	5	13	1	1	5	4	5	2	9	1	1	1	7	1	2	1		1	3	15	
113	11	6	9	6	臺北市	中正區	中正區忠孝東路2段與忠孝東路2段64巷口	25.0433661	121.5286876	0	0	1	2	7	5	5	5	2	1	5	4	5	13	2	1	1	2	4	2	13	1	6	1	2	1	4	1		1	3	1	
113	11	6	9	12	臺北市	中山區	中山區龍江路283號	25.0602505	121.5407549	0	0	2	2	7	6	5	14	9	2	5	4	5	13	2	1	9	3	5	1	17	1	9	5	5	1	10	1		1	2	11	
113	11	6	9	20	臺北市	中山區	中山區八德路2段與八德路2段199巷口	25.04644091	121.5387446	0	0	1	3	7	7	5	4	1	1	5	4	5	13	1	1	9	4	5	2	13	1	9	1	7	2	4	1		1	3	1	
113	11	6	9	50	臺北市	中正區	中正區中華路2段111-1號	25.0323436	121.5047569	0	0	1	2	8	6	5	14	9	1	5	4	5	13	4	4	5	4	5	2	12	1	9	1	7	2	4	1		1	3	5	
113	11	6	10	7	臺北市	萬華區	萬華區富民路145巷與富民路口	25.0181252	121.4998745	0	0	1	2	7	7	5	3	1	1	5	4	5	13	4	4	10	4	5	2	9	1	5	1	5	9	10	1		1	3	11	
113	11	6	10	10	臺北市	士林區	士林區大東路57號	25.08982484	121.5254416	0	0	1	2	7	7	5	14	9	1	4	4	5	13	4	4	10	4	5	1	9	1	9	1	5	2	10	1		1	3	11	