年	月	日	時	分	縣市	行政區	allLocation	GoogleLat	GoogleLng	死	2-30	受傷	當事人數	天候	道路照明設備	道路類別	道路型態	事故位置	路面狀況1	路面狀況2	路面狀況3	道路障礙1	道路障礙2	號誌1	號誌2	車道劃分-分向	車道劃分-分道1	車道劃分-分道2	車道劃分-分道3	事故類型及型態	行動電話	當事者行動狀態	駕駛資格情形	保護裝置	飲酒情形	駕駛執照種類	個人肇逃否	肇因碼-主要	性別	受傷程度	車輛撞擊部位1	車輛撞擊部位2
113	11	6	10	21	臺北市	萬華區	萬華區堤外便道近光復橋	25.0244304	121.4903036	0	0	1	2	7	7	5	14	9	1	5	4	5	13	3	1	9	5	5	1	10	4	4	3	3	1	18	1		1	2	11	
113	11	6	10	31	臺北市	大安區	大安區大安路1段與信義路4段口	25.0334443	121.5459264	0	0	2	2	7	7	5	4	2	1	5	4	5	13	2	1	8	3	5	1	12	1	15	1	5	1	10	1		1	2	14	
113	11	6	10	48	臺北市	北投區	北投區大業路527巷1204021號燈桿	25.13314173	121.4813644	0	0	1	2	6	7	5	11	9	1	4	4	5	13	4	4	5	4	5	2	11	1	9	1	5	1	10	1		1	2	11	
113	11	6	10	55	臺北市	中山區	中山區吉林路與松江路132巷口	25.0529424	121.5301185	0	0	2	3	7	7	5	3	1	1	5	4	5	13	4	4	9	4	5	2	12	1	7	1	7	2	8	1		2	3	8	
113	11	6	11	25	臺北市	文山區	文山區木柵路3段與保儀路口	24.9887552	121.5685609	0	0	1	2	7	6	5	3	4	1	5	4	5	13	2	1	10	5	5	2	9	1	15	1	7	2	2	1		2	3	17	
113	11	6	11	25	臺北市	文山區	文山區興隆路2段95巷與景豐街48巷口	25.0002813	121.546524	0	0	1	2	7	6	5	4	2	1	5	4	5	13	4	4	10	5	5	2	17	1	5	1	5	1	10	1		2	3	17	
113	11	6	11	40	臺北市	中山區	中山區北安路與大直街口	25.0799739	121.5470942	0	0	1	2	7	6	5	4	1	1	5	4	5	13	1	1	1	4	5	2	16	1	6	1	2	1	8	1		1	3	5	
113	11	6	11	53	臺北市	大安區	大安區新生北路1段與八德路2段口	25.0445155	121.5330155	0	0	1	2	8	5	5	4	18	1	5	4	5	13	2	1	8	3	5	1	2	1	5	1	7	1	8	1		1	3	1	
113	11	6	12	16	臺北市	南港區	南港區玉成街18-7號與玉成街口	25.0500529	121.5818471	0	0	1	3	7	6	5	3	2	1	5	4	3	10	4	4	9	5	5	2	16	4	1	1	3	2	8	1		2	3	1	
113	11	6	12	25	臺北市	士林區	士林區德行東路與中山北路6段口	25.1064913	121.5249494	0	0	1	2	7	6	5	4	1	1	5	4	5	13	1	1	5	5	5	2	16	4	5	1	3	1	10	1		1	2	14	
113	11	6	12	50	臺北市	內湖區	內湖區行忠路66巷與新湖三路口	25.06549819	121.5807467	0	0	1	2	7	5	5	4	1	1	5	4	5	13	4	4	5	5	5	2	15	1	9	1	5	1	10	1		1	2	14	
113	11	6	13	0	臺北市	大同區	大同區台北橋機慢車道往三重	25.0635362	121.5085236	0	0	1	2	7	6	7	14	11	1	5	4	5	13	4	4	1	4	1	2	17	1	9	1	6	1	10	1		2	2	12	
113	11	6	13	0	臺北市	大安區	大安區復興南路2段與復興南路2段78巷口口	25.031053	121.5434286	0	0	1	3	7	6	5	4	1	1	5	4	5	13	1	1	1	1	4	1	16	1	9	1	6	1	10	1		2	2	14	
113	11	6	13	32	臺北市	信義區	信義區松高路與松勇路口口	25.02702714	121.5635154	0	0	2	3	6	6	5	4	1	1	4	4	5	13	2	1	5	4	5	2	16	2	5	1	6	1	8	1		2	2	12	
113	11	6	13	44	臺北市	信義區	信義區松隆路與無名巷口	25.0482386	121.5747831	0	0	1	2	7	6	5	3	1	1	4	4	5	13	4	4	1	4	5	1	16	4	6	1	3	1	4	1		1	3	5	
113	11	6	14	5	臺北市	信義區	信義區基隆路2段155號	25.0265762	121.5551178	0	0	1	2	7	6	5	14	9	1	5	4	5	13	4	4	1	4	5	2	13	1	9	1	3	2	10	1		1	2	11	
113	11	6	15	0	臺北市	文山區	文山區指南路1段33號	24.98771579	121.570099	0	0	1	2	7	5	5	14	9	1	4	4	5	13	4	4	9	5	5	2	12	1	9	1	7	2	2	1		1	3	2	
113	11	6	16	36	臺北市	萬華區	萬華區康定路20號	25.0454724	121.503064	0	0	1	2	7	6	5	14	9	1	5	4	5	13	4	4	9	5	5	2	17	4	5	1	3	1	8	1		1	3	4	
113	11	6	16	58	臺北市	中正區	中正區仁愛路2段38巷與杭州南路1段101巷口	25.0373817	121.5272184	0	0	1	2	7	5	5	4	1	1	5	4	5	13	4	4	10	5	5	1	15	4	9	8	2	2	20	1		1	2	14	
113	11	6	17	14	臺北市	內湖區	內湖區行善路與民權東路6段56弄口	25.0663524	121.5856233	0	0	1	2	7	5	5	4	1	1	5	4	5	13	1	1	1	5	5	2	17	1	5	1	7	2	10	1		1	3	5	
113	11	6	17	18	臺北市	中山區	中山區長安東路1段與長安東路1段30巷口	25.04869801	121.5263811	0	0	1	2	7	5	5	4	1	1	5	4	5	13	2	1	5	4	5	2	17	4	5	1	3	2	4	1		1	3	2	
113	11	6	17	26	臺北市	大安區	大安區永康街與潮州街口	25.0283825	121.5296118	0	0	1	2	7	5	6	4	1	1	5	4	5	13	4	4	10	5	5	2	15	4	9	1	3	1	9	1		1	2	11	
113	11	6	17	28	臺北市	大同區	大同區承德路2段與民生西路口	25.0565022	121.5184835	0	0	2	3	7	5	5	4	4	1	5	4	5	13	2	1	1	4	5	2	17	4	9	1	5	1	10	1		2	2	11	
113	11	6	17	39	臺北市	中山區	中山區建國北路3段95號	25.0658828	121.5364151	0	0	1	2	7	5	5	14	9	1	5	4	5	13	4	4	10	4	5	2	12	1	15	1	7	2	8	1		1	3	8	
113	11	6	17	40	臺北市	內湖區	內湖區民權東路6段50號	25.0684475	121.5832827	0	0	2	2	8	5	5	14	7	1	5	4	5	13	4	4	1	4	4	2	12	1	7	1	6	2	10	1		2	2	14	
113	11	6	17	42	臺北市	中正區	中正區羅斯福路1段52號	25.03100748	121.519425	0	0	1	2	8	6	5	14	9	1	5	4	5	13	4	4	1	4	5	2	9	1	9	1	7	11	2	1		1	3	17	
113	11	6	17	55	臺北市	信義區	信義區吳興街156巷69號	25.0283126	121.5589754	0	0	1	2	7	5	8	14	9	1	5	4	5	13	2	1	9	5	5	2	18	4	9	1	3	1	10	1		1	2	14	
113	11	6	18	1	臺北市	中正區	中正區重慶南路3段2號	25.0293522	121.5153259	0	0	1	2	7	5	5	14	9	1	5	4	5	13	4	4	1	4	5	2	12	1	9	1	5	1	9	1		1	3	14	
113	11	6	18	7	臺北市	大安區	大安區和平東路3段170號	25.0236268	121.5532786	0	0	1	2	6	5	5	14	9	1	4	4	5	13	4	4	1	4	5	2	12	1	7	1	6	1	10	1		1	2	13	
113	11	6	18	10	臺北市	內湖區	內湖區金莊路與金豐街口	25.06497068	121.5875243	0	0	1	2	8	5	5	4	2	1	5	4	5	13	2	1	5	5	5	2	17	1	6	1	7	1	8	1		1	3	5	
113	11	6	18	48	臺北市	中正區	中正區中華路2段與愛國西路口	25.0370122	121.5069269	0	0	2	2	8	5	5	5	1	1	5	4	5	13	1	1	1	4	5	2	13	4	9	1	5	1	10	1		2	2	11	
113	11	6	18	50	臺北市	中正區	中正區忠孝東路1段與天津街口	25.0453889	121.5217056	0	0	1	2	7	5	5	4	1	1	5	4	5	13	1	1	1	3	5	2	2	4	6	1	3	11	8	1		1	4	1	
113	11	6	19	15	臺北市	松山區	松山區北寧路與北寧路60巷口	25.0508075	121.5527221	0	0	2	2	7	5	5	3	1	1	5	4	5	13	4	4	5	4	5	2	16	1	5	1	6	1	10	1		2	2	12	
113	11	6	19	20	臺北市	中山區	中山區復興北路420號	25.062755	121.544143	0	0	1	2	8	5	5	14	9	1	5	4	5	13	4	4	1	4	5	2	17	1	9	1	6	1	9	1		1	2	14	
113	11	6	19	22	臺北市	萬華區	萬華區西園路2段與西園路2段11巷口	25.0318778	121.4972846	0	0	1	2	7	5	5	5	1	1	5	4	5	13	2	1	1	3	5	1	16	4	5	1	3	9	4	1		1	3	4	
113	11	6	19	27	臺北市	信義區	信義區信義路5段與基隆路2段口	25.0327365	121.5593522	0	0	1	2	7	5	5	4	2	1	5	4	5	13	1	1	1	4	5	2	17	1	11	1	7	1	8	1		1	3	4	
113	11	6	19	53	臺北市	中正區	中正區博愛路與武昌街1段口	25.0440297	121.5114976	0	0	2	2	8	5	5	4	1	1	5	4	5	13	2	1	10	4	5	2	16	1	9	1	5	1	10	1		2	2	12	
113	11	6	21	20	臺北市	士林區	士林區士東路190號對面	25.1127265	121.5330078	0	0	1	2	7	5	5	14	9	1	5	4	5	13	4	4	1	4	5	2	17	1	1	1	7	1	8	1		2	3	8	
113	11	6	21	32	臺北市	松山區	松山區民權東路3段與復興北路口	25.0623219	121.5444276	0	0	2	3	7	5	5	4	1	1	5	4	5	13	1	1	3	4	5	2	16	1	6	1	7	1	8	1		1	3	2	
113	11	6	21	40	臺北市	萬華區	萬華區堤外便道與長順街口底水門口	25.0324544	121.4885252	0	0	1	2	8	5	5	3	1	1	5	4	5	13	1	1	9	4	5	1	17	4	5	3	3	9	18	2		2	4	11	
113	11	6	21	41	臺北市	中正區	中正區林森北路與北平東路口	25.0467839	121.5238566	0	0	1	3	8	5	5	14	9	1	5	4	5	13	4	4	9	4	5	2	13	1	9	1	7	1	8	1		1	3	8	
113	11	6	22	7	臺北市	松山區	松山區南京東路5段23巷與南京東路5段23巷9弄口	25.0526177	121.5580212	0	0	2	4	7	5	5	4	1	1	5	4	5	13	4	4	10	5	5	2	15	1	9	2	6	2	18	1		2	2	14	
113	11	6	22	30	臺北市	大同區	大同區重慶北路2段49號	25.0553175	121.5143386	0	0	1	2	8	5	5	14	9	1	5	4	5	13	2	1	8	3	5	2	13	1	1	1	6	1	10	1		2	2	11	
113	11	6	22	48	臺北市	信義區	信義區嘉興街181巷7號	25.0262429	121.5567722	0	0	2	2	7	5	8	14	9	1	5	4	5	13	4	4	9	5	5	2	3	4	9	1	3	1	10	1		2	2	11	
113	11	6	23	22	臺北市	萬華區	萬華區成都路12號	25.0424554	121.5071592	0	0	1	3	7	5	5	14	9	1	5	4	5	13	4	4	10	4	5	2	12	4	1	1	3	1	4	1		1	3	2	
113	11	6	23	46	臺北市	士林區	士林區中正路與中正路口迴轉道	25.0867005	121.5096825	0	0	2	2	7	5	5	3	1	1	5	4	5	13	4	4	10	4	5	2	17	1	5	1	6	1	10	1		1	2	12	
113	11	7	6	42	臺北市	文山區	文山區羅斯福路6段159巷與三福街5巷口	24.9972496	121.5412237	0	0	2	2	7	6	5	4	1	1	5	4	5	13	4	4	10	5	5	2	15	1	9	1	6	2	10	1		2	2	14	
113	11	7	7	10	臺北市	北投區	北投區中央北路4段30巷1203975號燈桿	25.13706402	121.4761628	0	0	1	2	8	5	5	11	9	1	5	4	5	13	4	4	10	5	5	2	10	1	9	1	5	1	10	1		1	2	11	
113	11	7	7	13	臺北市	松山區	松山區塔悠路與撫遠街399巷口	25.06572828	121.5677734	0	0	1	2	7	6	5	3	1	1	5	4	5	13	4	4	1	4	4	2	16	1	6	1	7	1	8	1		2	3	4	
113	11	7	7	22	臺北市	南港區	南港區忠孝東路7段與向陽路口	25.0509213	121.5957395	0	0	1	2	6	7	5	5	2	1	4	4	5	13	2	1	1	4	5	2	16	4	6	1	6	1	10	2		4	2	13	
113	11	7	7	33	臺北市	松山區	松山區八德路3段155巷與八德路3段155巷20弄口	25.0492175	121.5550932	0	0	1	2	7	6	5	4	1	1	4	4	5	13	4	4	10	5	5	2	15	1	9	1	5	1	10	1		1	2	14	
113	11	7	8	3	臺北市	文山區	文山區興隆路4段165巷55號	24.9844545	121.5644505	0	0	1	3	7	7	5	14	9	1	5	4	5	13	4	4	5	5	5	2	15	1	1	1	7	1	8	1		2	3	1	
113	11	7	8	10	臺北市	松山區	松山區民權東路3段與民權東路3段106巷口	25.0620264	121.5449156	0	0	1	4	6	5	5	3	1	1	4	4	5	13	4	4	9	4	5	2	17	1	9	1	7	1	8	1		2	3	4	
113	11	7	8	15	臺北市	北投區	北投區中央北路4段與中央北路4段316巷口	25.1308415	121.4726691	0	0	2	2	7	7	5	3	2	1	5	4	5	13	2	1	4	2	5	2	16	1	5	1	5	1	11	1		1	2	14	
113	11	7	8	18	臺北市	信義區	信義區莊敬路325巷8號	25.0283298	121.5639794	0	0	1	2	6	5	5	14	9	1	4	4	5	13	4	4	9	4	5	2	18	1	9	8	4	1	20	1		1	2	14	
113	11	7	8	20	臺北市	大同區	大同區長安西路與塔城街口	25.0520258	121.5103868	0	0	1	2	7	7	5	4	2	1	5	4	5	13	2	1	5	4	5	2	17	4	15	1	3	1	10	1		2	3	12	
113	11	7	9	1	臺北市	信義區	信義區信安街67巷81號	25.0258926	121.560236	0	0	1	2	6	6	5	14	11	1	4	4	5	13	4	4	8	3	4	2	17	4	15	1	3	1	8	1		1	3	1	
113	11	7	9	5	臺北市	中正區	中正區懷寧街與貴陽街1段口	25.03871262	121.513659	0	0	1	2	6	6	5	3	1	1	4	4	5	13	4	4	5	5	5	2	16	4	15	1	6	2	11	1		2	2	12	
113	11	7	9	23	臺北市	文山區	文山區保儀路26巷1之2號	24.9882724	121.5681653	0	0	1	2	8	7	5	14	9	1	5	4	5	13	4	4	10	5	5	2	12	4	7	8	3	1	20	1		1	3	11	
113	11	7	9	35	臺北市	萬華區	萬華區內江街87號	25.04164445	121.5037528	0	0	1	2	7	6	5	14	9	1	5	4	5	13	4	4	10	3	5	2	14	4	2	1	3	1	6	1		1	3	5	
113	11	7	10	4	臺北市	萬華區	萬華區國興路12號(對面)	25.02461001	121.5088134	0	0	1	2	7	7	5	14	9	1	5	4	5	13	4	4	5	2	5	2	9	1	1	1	7	1	2	1		1	3	17	
113	11	7	10	28	臺北市	大同區	大同區鄭州路79號	25.0497743	121.512571	0	0	1	2	6	6	5	14	9	1	4	4	5	13	4	4	10	5	5	2	13	1	9	1	6	2	9	1		1	2	11	
113	11	7	11	20	臺北市	南港區	南港區重陽路與重陽路199巷口	25.056924	121.5997794	0	0	2	2	6	6	5	3	1	1	4	4	5	13	3	1	5	4	4	2	16	1	11	1	7	2	8	1		1	2	8	
113	11	7	11	32	臺北市	內湖區	內湖區金湖路與金湖路47巷口	25.08231985	121.596635	0	0	2	2	6	6	5	4	2	1	4	4	5	13	2	1	1	4	5	2	17	1	6	1	5	1	10	1		1	2	12	
113	11	7	12	3	臺北市	中正區	中正區和平西路1段與南昌路2段口	25.0268704	121.5209848	0	0	1	2	7	6	5	5	1	1	5	4	5	13	1	1	1	4	5	2	16	1	5	1	7	1	8	1		1	3	2	
113	11	7	12	14	臺北市	中正區	中正區臨沂街62-12號	25.0346717	121.5278672	0	0	1	2	7	7	5	14	9	1	5	4	5	13	4	4	10	5	5	2	2	5	16	8	4	9	20	1		2	3	16	
113	11	7	12	35	臺北市	萬華區	萬華區青年路10號	25.0259075	121.5059703	0	0	2	2	7	7	5	14	9	1	5	4	5	13	4	4	8	3	5	1	17	4	2	1	3	1	10	1		2	2	12	
113	11	7	12	58	臺北市	松山區	松山區市民大道5段與東興路口	25.0483449	121.5656967	0	0	2	2	6	7	5	4	1	1	4	4	5	13	2	1	5	2	5	2	17	1	9	1	5	1	10	1		1	2	11	
113	11	7	13	0	臺北市	中正區	中正區南昌路1段與南海路口口	25.032397	121.5169044	0	0	1	2	7	6	5	4	1	2	4	4	1	11	1	1	10	4	5	1	17	1	9	1	6	2	10	1		1	2	11	
113	11	7	13	20	臺北市	中山區	中山區松江路與松江路313巷口	25.061846	121.5332949	0	0	1	3	6	7	5	3	2	1	4	4	5	13	4	4	1	4	5	2	12	4	7	1	3	2	8	1		1	3	4	
113	11	7	13	40	臺北市	士林區	士林區文昌路與美崙街口	25.0968629	121.5208366	0	0	1	2	7	5	5	4	1	1	5	4	5	13	2	1	5	4	5	1	17	1	5	1	7	1	8	1		2	3	5	
113	11	7	13	50	臺北市	士林區	士林區中山北路5段250號	25.08792944	121.5271138	0	0	1	2	7	6	5	14	9	1	5	4	5	13	1	1	5	4	5	2	13	4	9	1	3	2	10	1		2	2	11	
113	11	7	14	44	臺北市	信義區	信義區永吉路30巷101弄與永吉路30巷口口	25.0435631	121.568755	0	0	1	2	8	6	8	4	1	1	5	4	5	13	4	4	9	4	5	2	17	1	5	1	7	1	8	1		2	3	2	
113	11	7	14	49	臺北市	信義區	信義區松德路169巷與松德路133巷口	25.0363698	121.575912	0	0	2	2	7	7	5	4	1	1	5	4	5	13	4	4	10	5	5	2	15	4	9	1	3	2	10	1		1	2	11	
113	11	7	15	8	臺北市	內湖區	內湖區星雲街與康寧路1段106巷口	25.0790754	121.5930148	0	0	1	2	6	6	5	4	1	1	4	4	5	13	4	4	10	5	5	2	17	1	1	1	5	1	10	1		1	3	17	
113	11	7	15	25	臺北市	萬華區	萬華區廣州街117號	25.0364592	121.5028484	0	0	1	3	7	6	5	14	9	1	5	4	5	13	4	4	9	5	5	2	17	1	1	1	7	1	8	1		1	3	8	
113	11	7	15	40	臺北市	大安區	大安區忠孝東路4段223巷與忠孝東路4段口	25.0413455	121.5530702	0	0	1	2	7	7	5	4	2	1	5	4	5	13	2	1	5	4	5	2	2	1	5	1	7	1	8	1		1	3	1	
113	11	7	16	15	臺北市	信義區	信義區信義路6段與松德路133巷口	25.0353537	121.5767582	0	0	1	3	8	7	8	4	1	1	5	4	5	13	2	1	9	4	5	1	18	4	6	1	3	10	10	1		3	3	17	
113	11	7	16	42	臺北市	中正區	中正區中山南路與徐州路口	25.0417892	121.5186115	0	0	1	2	7	6	8	22	22	1	5	4	5	13	2	1	1	4	1	2	17	1	12	1	6	1	10	1		1	2	14	
113	11	7	17	19	臺北市	北投區	北投區文林北路與明德路口	25.1058845	121.5166924	0	0	1	2	8	5	5	4	2	1	5	4	5	13	2	1	1	4	4	2	29	1	9	1	6	1	10	1		1	2	11	
113	11	7	17	19	臺北市	松山區	松山區健康路與南京東路5段123巷口	25.0539419	121.5608952	0	0	1	2	6	5	5	3	1	1	4	4	5	13	1	1	1	3	5	2	15	1	9	1	5	2	10	1		2	4	11	
113	11	7	17	21	臺北市	中山區	中山區遼寧街185巷與復興北路口	25.0532898	121.5439142	0	0	1	2	7	5	5	4	1	1	5	4	5	13	2	1	5	5	5	2	13	1	9	1	6	1	10	1		1	2	11	
113	11	7	17	29	臺北市	北投區	北投區大同街與光明路口	25.1327049	121.4994231	0	0	1	2	7	5	5	4	1	1	5	4	5	13	4	4	10	5	5	2	3	1	9	1	6	9	10	1		1	3	11	
113	11	7	17	30	臺北市	文山區	文山區新光路2段與新光路2段74巷口	24.9964596	121.5941948	0	0	1	2	8	5	5	14	9	2	5	4	4	13	4	4	5	5	5	2	18	4	9	1	5	1	10	1		1	2	11	
113	11	7	17	41	臺北市	大安區	大安區四維路170巷與和平東路3段1巷口	25.0282391	121.5468876	0	0	1	2	7	5	5	3	1	1	5	4	5	13	4	4	5	2	5	2	16	4	11	1	3	1	10	1		1	2	11	
113	11	7	17	46	臺北市	中山區	中山區敬業一路與敬業一路36巷口	25.0810668	121.5529083	0	0	1	2	7	5	5	3	1	1	5	4	5	13	4	4	5	5	5	2	15	4	15	1	3	2	10	1		2	2	12	
113	11	7	17	55	臺北市	中山區	中山區中山北路1段105巷與天津街口	25.0507117	121.5231218	0	0	1	3	7	5	5	4	1	1	5	4	5	13	4	4	9	4	5	2	3	1	5	1	7	1	8	1		1	3	1	
113	11	7	17	55	臺北市	大安區	大安區基隆路3段與基隆路3段156巷口	25.0158683	121.542427	0	0	2	2	7	5	5	4	1	1	5	4	5	13	2	1	1	4	4	2	16	4	15	1	6	1	10	1		2	2	12	
113	11	7	18	5	臺北市	中正區	中正區中山南路與忠孝東路1段口	25.0455364	121.5198446	0	0	1	2	8	5	5	4	2	1	5	4	5	13	1	1	1	4	5	2	16	1	6	1	7	2	4	1		1	3	5	
113	11	7	18	12	臺北市	北投區	北投區榮華一路與榮華三路口	25.11364	121.5245526	0	0	1	2	7	5	5	3	2	1	5	4	5	13	4	4	5	4	5	2	17	4	1	1	3	1	10	1		1	2	11	
113	11	7	18	24	臺北市	大安區	大安區金山南路2段與潮州街口	25.0288569	121.5263247	0	0	1	2	6	5	5	4	1	1	4	4	5	13	2	1	1	4	5	2	16	1	5	1	6	1	10	1		2	2	12	
113	11	7	18	35	臺北市	松山區	松山區南京東路3段與復興北路口	25.05169	121.5441544	0	0	1	2	6	5	5	4	1	1	4	4	5	13	1	1	1	4	5	2	17	1	9	8	4	2	20	1		1	2	11	
113	11	7	18	41	臺北市	內湖區	中山區北安路與敬業四路口	25.0844009	121.5577443	0	0	1	2	7	5	5	14	9	1	5	4	5	13	1	1	6	3	5	1	12	1	8	1	7	9	8	1		1	3	5	
113	11	7	18	41	臺北市	中正區	中正區羅斯福路3段88號	25.0220138	121.5265305	0	0	1	2	7	5	5	14	9	1	5	4	5	13	4	4	1	4	5	2	13	1	9	1	5	2	10	1		2	2	12	
113	11	7	19	1	臺北市	大同區	大同區鄭州路與西寧北路口	25.0505762	121.5082405	0	0	1	2	8	5	5	4	2	1	5	4	5	13	2	1	1	4	5	2	17	4	9	1	3	2	8	1		1	3	1	
113	11	7	19	5	臺北市	內湖區	內湖區文德路273號	25.0790504	121.588678	0	0	1	2	6	5	5	14	7	1	4	4	5	13	4	4	1	4	4	2	16	1	7	1	5	1	10	1		2	2	14	
113	11	7	19	7	臺北市	萬華區	萬華區堤外便道華中橋與光復橋之間	25.01768248	121.4933191	0	0	1	2	8	5	8	22	22	1	5	4	5	13	4	4	10	5	5	2	17	4	15	1	3	1	8	1		1	3	8	
113	11	7	19	10	臺北市	士林區	士林區中山北路5段811巷與福國路15巷口	25.1009124	121.5246216	0	0	2	2	7	6	5	4	2	1	5	4	5	13	4	4	10	5	5	1	15	4	9	1	3	1	10	1		1	2	12	
113	11	7	19	25	臺北市	士林區	士林區中山北路6段275號	25.110012	121.5253771	0	0	3	4	7	5	5	14	9	1	5	4	5	13	4	4	1	4	5	2	17	1	15	1	6	2	10	1		2	2	13	
113	11	7	19	28	臺北市	信義區	信義區忠孝東路4段560號	25.041109	121.5636093	0	0	1	2	6	5	5	14	9	1	4	4	5	13	4	4	3	4	5	2	18	4	9	1	6	1	10	1		1	2	14	
113	11	7	19	32	臺北市	內湖區	內湖區安康路106巷59號前	25.06878641	121.5926535	0	0	1	2	6	7	5	14	9	1	4	4	5	13	4	4	5	5	5	2	16	1	6	1	7	1	8	1		1	3	5	
113	11	7	19	47	臺北市	士林區	士林區中山北路5段新生高架道路往南	25.0783599	121.5247796	0	0	1	2	7	5	5	14	9	1	5	4	5	13	4	4	3	4	5	1	13	4	9	1	3	9	9	1		1	2	11	
113	11	7	21	1	臺北市	信義區	信義區信義路5段7號	25.0333514	121.5653307	0	0	1	2	6	5	5	14	9	1	4	4	5	13	4	4	9	4	5	2	29	4	9	1	3	1	10	1		1	2	11	
113	11	7	21	45	臺北市	士林區	士林區中山北路6段785號	25.1162027	121.5282813	0	0	1	2	7	5	5	14	9	1	5	4	5	13	4	4	1	4	5	2	17	1	9	1	6	2	10	1		2	2	11	
113	11	7	22	10	臺北市	南港區	南港區南港路1段與經貿二路口	25.0552357	121.6172017	0	0	1	2	6	5	5	4	1	1	4	4	5	13	2	1	1	1	4	2	17	1	5	1	7	1	8	1		1	3	4	
113	11	7	23	51	臺北市	中正區	中正區中山北路1段與北平東路口	25.04709644	121.5202822	0	0	2	2	8	5	5	4	1	1	5	4	5	12	2	1	5	4	5	2	15	1	9	8	4	2	20	1		1	2	14	
113	11	8	0	51	臺北市	萬華區	萬華區西園路1段與桂林路口	25.0383691	121.5002744	0	0	1	2	7	5	5	4	1	1	5	4	5	13	2	1	9	4	4	2	17	4	5	1	3	2	1	1		1	3	1	
113	11	8	0	58	臺北市	文山區	文山區萬和街與萬樂街口	24.99938099	121.5690624	0	0	1	2	7	5	5	3	1	1	5	4	5	13	4	4	10	5	5	2	17	1	5	1	7	2	4	2		1	3	17	
113	11	8	3	17	臺北市	中正區	中正區中華路1段與忠孝西路1段口	25.04808171	121.5099342	0	0	1	2	8	5	5	4	1	1	5	4	5	13	2	1	1	4	5	2	23	1	9	3	5	2	18	1		1	2	11	
113	11	8	4	29	臺北市	中正區	中正區水源快速道路往南中正橋匝道旁	25.0234969	121.5157849	0	0	2	4	7	5	5	10	7	1	5	4	5	13	4	4	1	4	5	2	23	1	6	1	7	2	8	1		2	2	1	
113	11	8	6	40	臺北市	中山區	中山區民生東路1段與林森北路口	25.0581026	121.5255289	0	0	2	3	7	5	5	4	2	1	5	4	5	13	2	1	5	4	5	2	17	4	5	1	3	1	4	1		1	3	1	
113	11	8	7	8	臺北市	萬華區	萬華區桂林路120號	25.03853651	121.4994214	0	0	1	2	7	6	5	14	9	1	5	4	5	13	4	4	8	4	5	1	11	4	9	1	5	1	10	1		1	3	14	
113	11	8	7	25	臺北市	北投區	北投區泉源路19號前	25.138138	121.5046989	0	0	1	2	8	6	5	14	9	1	5	4	5	13	4	4	5	5	5	2	12	1	4	1	7	1	8	1		2	3	2	
113	11	8	7	37	臺北市	南港區	南港區向陽路31號	25.053485	121.5949407	0	0	1	2	6	7	5	14	9	1	4	4	5	13	4	4	1	4	5	2	12	4	7	1	6	1	10	1		1	2	14	
113	11	8	7	40	臺北市	南港區	南港區東新街10-5號對面	25.0502857	121.583887	0	0	1	2	8	6	5	14	9	1	5	4	5	13	4	4	5	4	5	2	13	4	8	1	3	1	10	1		2	2	14	
113	11	8	7	43	臺北市	內湖區	內湖區民權大橋松山往內湖	25.06678868	121.5787009	0	0	2	2	7	7	5	14	11	1	5	4	5	13	4	4	1	4	5	2	13	1	9	1	5	1	8	1		2	2	11	
113	11	8	7	50	臺北市	中山區	中山區中山北路3段與民族東路口	25.0685117	121.523043	0	0	1	2	7	7	5	4	1	1	5	4	5	13	2	1	9	4	5	2	17	1	6	1	5	1	10	1		1	3	12	
113	11	8	7	54	臺北市	中山區	中山區撫順街41巷與天祥路86巷口	25.0640994	121.5193122	0	0	2	2	7	7	5	3	1	1	5	4	5	13	4	4	10	5	5	1	3	1	9	1	5	1	10	1		1	2	11	
113	11	8	8	1	臺北市	大安區	大安區信義路3段147巷與信義路3段147巷5弄口	25.0338657	121.5418801	0	0	2	4	7	6	5	14	9	1	5	4	5	13	4	4	8	4	5	2	17	1	14	1	7	1	8	1		2	3	2	
113	11	8	8	8	臺北市	中山區	中山區民族西路18號	25.06846149	121.5212651	0	0	1	2	7	5	5	14	9	1	5	4	5	13	4	4	5	4	5	2	13	4	7	1	3	1	10	1		1	2	11	
113	11	8	8	10	臺北市	大同區	大同區鄭州路忠孝國中前	25.0507058	121.5072662	0	0	1	2	8	7	5	14	9	1	5	4	5	13	4	4	1	4	5	2	17	4	15	1	3	1	8	1		1	3	1	
113	11	8	8	17	臺北市	大同區	大同區鄭州路71號	25.0497104	121.5128785	0	0	2	2	8	6	5	14	9	1	5	4	5	13	4	4	1	5	5	2	12	1	9	1	6	2	10	1		2	2	12	
113	11	8	8	25	臺北市	大同區	大同區延平北路4段與敦煌路口	25.0764601	121.5120128	0	0	2	2	7	7	5	5	2	1	5	4	5	13	2	1	5	4	5	2	17	4	15	1	3	11	10	1		1	2	14	
113	11	8	8	30	臺北市	中山區	中山區撫順街2-1號	25.0636967	121.5218409	0	0	1	2	7	7	5	14	9	1	5	4	5	13	4	4	9	4	5	2	13	1	9	1	5	1	10	1		2	2	11	
113	11	8	8	32	臺北市	北投區	北投區中和街525巷與中和街525巷6弄口	25.1449033	121.4935606	0	0	2	2	8	6	5	4	1	1	5	4	5	13	4	4	10	5	5	2	15	1	9	1	5	1	10	1		2	2	11	