年	月	日	時	分	縣市	行政區	allLocation	GoogleLat	GoogleLng	死	2-30	受傷	當事人數	天候	道路照明設備	道路類別	道路型態	事故位置	路面狀況1	路面狀況2	路面狀況3	道路障礙1	道路障礙2	號誌1	號誌2	車道劃分-分向	車道劃分-分道1	車道劃分-分道2	車道劃分-分道3	事故類型及型態	行動電話	當事者行動狀態	駕駛資格情形	保護裝置	飲酒情形	駕駛執照種類	個人肇逃否	肇因碼-主要	性別	受傷程度	車輛撞擊部位1	車輛撞擊部位2
113	11	8	8	42	臺北市	北投區	北投區致遠一路2段40巷與致遠一路2段35巷口	25.1115776	121.5139629	0	0	4	4	8	5	5	4	1	1	5	4	5	13	4	4	7	4	5	1	15	1	9	1	5	1	10	1		2	2	12	
113	11	8	9	55	臺北市	中山區	中山區松江路192號	25.0573597	121.5330097	0	0	1	2	7	7	5	14	9	1	5	4	5	13	4	4	1	5	4	2	13	1	9	1	5	1	10	1		2	2	11	
113	11	8	9	55	臺北市	萬華區	萬華區華江橋機車道往北市	25.0355206	121.487738	0	0	1	4	7	6	5	8	11	1	5	4	5	13	4	4	1	4	5	2	13	1	9	1	6	1	10	1		1	3	11	
113	11	8	10	11	臺北市	北投區	北投區中央北路4段與中央北路4段583巷口	25.1259551	121.4655333	0	0	1	2	8	6	5	4	1	1	5	4	5	13	1	1	10	5	5	2	17	1	5	1	5	2	10	1		2	2	14	
113	11	8	10	15	臺北市	大同區	大同區安西街與延平北路2段272巷口	25.0620823	121.5097541	0	0	2	3	8	7	5	4	1	1	5	4	4	12	4	4	10	5	5	2	17	4	9	1	3	1	10	1		2	2	12	
113	11	8	11	0	臺北市	中山區	中山區八德路2段與八德路2段210巷口	25.0464591	121.5391195	0	0	1	2	7	7	5	4	1	1	5	4	5	13	1	1	9	4	5	2	12	1	7	1	5	1	10	1		1	3	13	
113	11	8	11	11	臺北市	大安區	大安區永康街31巷與信義路2段198巷口	25.0316623	121.530941	0	0	1	2	7	6	5	4	1	1	5	4	5	13	4	4	10	5	5	2	15	4	9	1	5	1	10	1		1	2	11	
113	11	8	12	20	臺北市	中正區	中正區林森南路與濟南路1段口	25.042453	121.5227163	0	0	1	3	7	6	5	4	1	1	5	4	5	13	1	1	5	4	5	2	16	1	5	1	7	2	8	1		1	3	6	
113	11	8	12	38	臺北市	士林區	士林區前街與文林路口口	25.0973966	121.5241905	0	0	1	2	7	7	5	14	9	1	5	4	5	13	1	1	9	4	5	2	13	1	9	1	5	1	10	1		1	2	11	
113	11	8	12	59	臺北市	中正區	中正區重慶南路3段與汀州路2段口	25.0256513	121.5164898	0	0	1	2	7	7	5	4	1	1	5	4	5	13	1	1	2	4	5	2	16	1	5	1	7	1	8	1		1	3	6	
113	11	8	13	2	臺北市	文山區	文山區忠順街1段4號對面	24.9837544	121.5574358	0	0	1	2	7	6	5	14	9	1	5	4	5	13	3	1	10	5	5	2	18	1	9	1	5	1	10	1		2	2	14	
113	11	8	13	10	臺北市	信義區	信義區吳興街118巷與吳興街118巷15弄口	25.0298264	121.5608043	0	0	1	2	6	6	5	4	1	1	4	4	5	13	4	4	10	5	5	1	15	4	9	8	3	1	20	1		2	2	12	
113	11	8	13	42	臺北市	松山區	松山區南京東路5段286巷7號	25.0497668	121.566657	0	0	1	4	6	6	5	14	9	1	4	4	5	13	4	4	10	5	5	2	29	1	9	1	7	1	8	1		1	3	5	
113	11	8	13	43	臺北市	北投區	北投區豐年路2段與中央北路2段237巷口	25.1369101	121.4934934	0	0	1	2	8	7	5	3	1	1	5	4	5	13	4	4	10	5	5	2	16	4	5	1	3	1	8	1		1	3	1	
113	11	8	14	1	臺北市	中山區	中山區林森北路458號	25.0605809	121.5255242	0	0	1	2	7	5	5	14	9	1	5	4	5	13	4	4	9	5	5	2	9	4	1	1	3	1	4	1		1	3	2	
113	11	8	14	5	臺北市	中正區	中正區基隆路4段與汀州路3段口	25.01103016	121.5363924	0	0	2	2	6	6	5	4	1	1	4	4	5	13	1	1	1	4	5	2	13	1	9	1	5	2	9	1		1	2	13	
113	11	8	14	10	臺北市	中山區	中山區中山北路4段北向南機慢車專用道	25.0763738	121.5251309	0	0	2	2	7	7	5	8	11	1	5	4	5	13	4	4	1	3	5	2	17	1	9	1	5	1	10	1		1	2	11	
113	11	8	16	6	臺北市	中正區	中正區仁愛路2段與金山南路1段口	25.0379159	121.5282538	0	0	1	2	7	6	5	4	2	1	5	4	5	13	1	1	3	2	5	2	16	1	8	1	2	2	8	1		1	3	2	
113	11	8	16	20	臺北市	信義區	信義區市民大道5段與光復南路口	25.0449686	121.5576735	0	0	1	2	8	7	5	5	1	1	5	4	5	13	2	1	6	1	5	2	12	4	8	1	3	1	6	1		1	3	5	
113	11	8	17	10	臺北市	中山區	中山區樂群三路301號	25.08263967	121.5594613	0	0	1	3	7	5	5	14	9	1	5	4	5	13	4	4	9	4	5	2	16	4	5	1	3	2	8	1		1	3	8	
113	11	8	17	15	臺北市	中山區	中山區中山北路2段與民生東路1段口	25.05777242	121.5230238	0	0	1	3	7	5	5	5	2	1	5	4	5	13	2	1	5	4	5	2	13	4	9	1	3	1	8	1		1	3	1	
113	11	8	17	35	臺北市	中正區	中正區中山南路與仁愛路1段口	25.0394694	121.5179238	0	0	1	2	7	5	5	5	1	1	4	4	5	13	1	1	1	4	5	2	16	1	6	1	7	9	8	1		2	3	5	
113	11	8	18	5	臺北市	文山區	文山區興隆路4段與興隆路4段179巷口	24.9835587	121.5619717	0	0	1	2	6	5	5	4	1	1	4	4	5	13	4	4	10	5	5	2	3	1	9	1	6	2	10	1		1	3	11	
113	11	8	18	10	臺北市	中山區	中山區吉林路與吉林路343巷口	25.06430728	121.5303519	0	0	1	2	7	5	5	4	1	1	5	4	5	13	4	4	9	4	4	2	16	4	5	1	3	1	10	1		2	2	12	
113	11	8	18	28	臺北市	北投區	北投區石牌路2段與立農街2段口	25.1188128	121.5189971	0	0	2	3	7	5	5	3	1	1	5	4	5	13	2	1	5	4	5	2	12	1	9	1	7	1	8	1		1	3	2	
113	11	8	18	51	臺北市	大安區	大安區永康街與潮州街口	25.0283899	121.5296177	0	0	2	2	8	5	5	4	2	1	5	4	5	13	4	4	9	5	5	2	15	1	9	1	6	1	10	1		1	2	11	
113	11	8	18	55	臺北市	內湖區	內湖區金湖路362號	25.0735652	121.6040569	0	0	2	2	6	5	5	14	8	1	4	4	5	13	4	4	1	5	4	1	12	1	9	1	6	1	10	1		1	2	14	
113	11	8	19	19	臺北市	大安區	大安區和平東路2段與建國南路2段口	25.025786	121.5374637	0	0	2	2	7	5	5	4	1	1	5	4	5	13	2	1	1	4	5	2	17	1	8	1	5	2	10	1		1	2	13	
113	11	8	19	29	臺北市	大安區	大安區敦化南路2段10號	25.0328794	121.5485356	0	0	1	3	7	5	5	14	9	1	5	4	5	13	4	4	9	4	5	1	12	4	9	1	3	9	8	2		2	3	2	
113	11	8	19	45	臺北市	中山區	中山區明水路大直橋下	25.0774026	121.5440306	0	0	1	2	7	5	5	14	9	1	5	4	5	13	1	1	1	4	5	2	13	1	9	1	7	1	8	1		1	3	3	
113	11	8	20	3	臺北市	中正區	中正區市民大道2段與林森北路口	25.0477257	121.5242309	0	0	2	3	7	5	5	4	1	1	5	4	5	13	1	1	1	4	5	1	17	1	5	1	6	2	10	1		2	3	13	
113	11	8	20	12	臺北市	中山區	中山區民生東路3段與建國北路2段口	25.05787181	121.5371606	0	0	1	2	7	5	5	4	1	1	5	4	5	13	1	1	1	4	5	2	12	1	8	1	6	1	10	1		1	2	12	
113	11	8	20	12	臺北市	信義區	信義區松壽路與市府路口	25.0359458	121.5638162	0	0	1	2	8	5	5	14	9	1	5	4	5	13	4	4	9	4	5	2	9	4	9	1	7	9	2	1		1	3	17	
113	11	8	21	9	臺北市	大安區	大安區仁愛路3段123巷與仁愛路3段123巷26弄口	25.0390823	121.5419815	0	0	1	2	8	5	5	4	1	1	5	4	5	13	4	4	10	5	5	2	17	1	12	1	7	1	4	1		1	3	17	
113	11	8	21	51	臺北市	文山區	文山區辛亥路7段與忠順街1段口	24.983194	121.5540707	0	0	2	2	7	5	5	3	1	1	4	4	5	13	2	1	10	5	4	2	16	1	5	1	6	2	10	1		1	2	11	
113	11	8	21	56	臺北市	文山區	文山區溪洲街與溪洲街5巷口口	25.00607349	121.5351382	0	0	2	3	7	5	5	4	1	1	3	4	5	13	4	4	9	5	5	2	18	1	9	1	6	2	10	1		1	2	12	
113	11	8	22	25	臺北市	信義區	信義區忠孝東路5段35號	25.0412071	121.566112	0	0	1	2	7	5	5	14	9	1	4	4	5	13	1	1	1	4	5	2	13	1	7	1	6	1	8	1		2	2	11	
113	11	8	22	51	臺北市	中正區	中正區汀州路3段與汀州路3段111巷口	25.0167421	121.5298926	0	0	2	2	6	5	5	3	18	1	4	4	5	13	2	1	5	4	5	2	3	1	9	1	5	2	10	1		1	2	11	
113	11	8	23	25	臺北市	松山區	松山區長安東路2段與復興北路口	25.0480972	121.5440395	0	0	1	2	6	5	5	4	1	1	4	4	5	13	1	1	1	4	5	2	11	1	9	1	6	1	10	1		2	2	11	
113	11	9	0	29	臺北市	北投區	北投區大業路與光明路口	25.1370736	121.503814	0	0	1	2	8	5	5	4	1	1	5	4	5	13	1	1	5	4	5	2	18	4	9	1	6	1	9	1		1	2	14	
113	11	9	0	37	臺北市	大安區	大安區市民大道4段236號	25.0447986	121.5568281	0	0	1	2	7	5	5	14	9	1	4	4	5	13	3	1	1	3	5	2	17	1	9	1	7	1	8	1		1	3	15	
113	11	9	0	51	臺北市	大同區	大同區迪化街1段與民生西路口	25.0569645	121.5098713	0	0	1	2	8	5	5	5	2	1	5	4	5	13	2	1	9	4	5	2	17	4	6	1	7	1	4	2		1	3	15	
113	11	9	1	29	臺北市	中山區	中山區南京東路3段與復興北路口	25.05185914	121.5439246	0	0	1	2	7	5	5	4	1	1	5	4	5	13	1	1	3	4	5	2	17	1	9	1	7	1	8	1		1	3	5	
113	11	9	1	39	臺北市	中山區	中山區合江街17巷12號	25.0550853	121.5395212	0	0	1	2	6	5	5	14	9	1	4	4	5	13	4	4	10	5	5	2	24	4	9	1	3	1	10	1		1	2	11	
113	11	9	1	43	臺北市	松山區	松山區八德路4段與塔悠路口	25.0501459	121.5722234	0	0	1	2	6	5	5	5	1	1	4	4	5	13	1	1	1	4	4	2	16	1	6	1	6	2	10	1		1	3	15	
113	11	9	2	37	臺北市	松山區	松山區敦化北路與敦化北路199巷口	25.0557679	121.5492443	0	0	1	2	6	5	5	4	1	1	4	4	5	13	2	1	1	4	4	2	15	1	9	1	7	1	8	1		2	3	8	
113	11	9	4	28	臺北市	萬華區	萬華區西園路2段與西藏路口	25.02880121	121.4956248	0	0	1	2	6	5	5	4	1	1	4	4	5	13	1	1	1	4	5	2	17	4	5	6	7	11	18	1		1	3	17	
113	11	9	4	50	臺北市	士林區	士林區中正路與百齡橋口	25.0906463	121.5161506	0	0	2	2	7	5	5	4	2	1	5	4	5	13	1	1	3	4	5	1	17	1	9	1	6	2	10	1		1	2	14	
113	11	9	5	51	臺北市	大安區	大安區信義路4段與復興南路2段口口	25.03330631	121.5437367	0	0	2	2	6	5	5	4	2	1	4	4	5	13	1	1	1	3	4	1	1	1	6	1	6	1	11	1		1	2	11	
113	11	9	7	24	臺北市	士林區	士林區大南路94號	25.0895248	121.5243455	0	0	1	3	7	7	5	14	9	1	4	4	5	13	4	4	9	5	5	2	9	5	16	8	4	10	20	1		2	2	16	
113	11	9	7	50	臺北市	北投區	北投區大度路與大度路150巷口	25.1216709	121.4938583	0	0	2	2	8	6	5	14	9	1	5	4	5	13	1	1	9	2	1	1	13	1	9	1	6	1	10	1		1	2	11	
113	11	9	8	6	臺北市	信義區	信義區松仁路與松仁路235巷口	25.0254428	121.5691128	0	0	1	2	6	6	5	4	1	1	4	4	5	13	4	4	4	5	5	2	16	1	9	1	5	1	10	1		1	2	12	11
113	11	9	8	23	臺北市	信義區	信義區莊敬路與吳興街269巷口	25.0276142	121.5650535	0	0	1	2	6	5	5	3	2	1	4	4	5	13	4	4	9	4	4	2	17	4	21	7	3	9	19	2		1	4	15	
113	11	9	8	30	臺北市	士林區	士林區福國路15巷與中山北路5段811巷口	25.1009076	121.5245987	0	0	1	2	7	7	5	4	1	1	4	4	5	13	4	4	10	4	5	1	17	1	9	1	5	9	10	1		1	2	11	
113	11	9	9	19	臺北市	中正區	中正區重慶南路3段與汀州路2段口	25.0257097	121.5163172	0	0	1	2	6	6	5	4	1	1	4	4	5	13	1	1	1	4	5	2	17	1	5	1	7	2	8	1		1	3	2	
113	11	9	9	28	臺北市	大安區	大安區和平東路2段與新生南路3段口	25.0257818	121.534926	0	0	1	2	6	7	5	4	1	1	4	4	5	13	2	1	1	4	5	2	12	1	15	1	6	1	10	1		2	3	14	
113	11	9	9	38	臺北市	士林區	士林區延平北路7段106巷堤外	25.09989878	121.4962458	0	0	2	2	8	7	5	14	9	1	5	4	5	13	4	4	10	5	5	1	17	1	5	8	4	1	20	1		2	2	11	
113	11	9	9	57	臺北市	中正區	中正區汀州路3段與羅斯福路3段316巷口	25.0153053	121.5319825	0	0	1	2	7	7	5	3	1	1	4	4	5	12	2	1	5	4	5	2	16	1	5	1	5	1	10	1		1	3	11	
113	11	9	10	3	臺北市	中山區	中山區安東街16巷與安東街16巷30弄口	25.0453226	121.5403023	0	0	2	5	6	6	5	3	1	1	4	4	5	13	4	4	10	5	5	2	17	1	1	1	6	1	10	1		1	2	12	
113	11	9	10	12	臺北市	大安區	大安區和平東路2段與新生南路3段口	25.0263259	121.5349973	0	0	2	2	7	6	5	4	1	1	4	4	5	13	1	1	3	4	5	2	17	4	9	1	6	1	9	1		1	2	14	
113	11	9	10	25	臺北市	文山區	文山區興隆路4段與下崙路口	24.9866595	121.5608811	0	0	1	2	6	7	5	4	1	1	4	4	5	13	2	1	1	4	5	2	16	1	9	1	7	1	8	1		1	3	2	
113	11	9	10	34	臺北市	萬華區	萬華區和平西路3段與桂林路246巷口	25.0356802	121.4909373	0	0	2	3	7	5	5	3	2	1	4	4	5	13	1	1	3	5	5	2	17	1	9	1	6	1	10	1		1	2	11	
113	11	9	10	50	臺北市	信義區	信義區松仁路與松仁路95巷口	25.0365603	121.5685034	0	0	1	2	6	7	5	14	9	1	4	4	5	13	4	4	9	4	5	2	13	4	6	1	5	1	10	1		1	3	13	
113	11	9	11	0	臺北市	大同區	大同區延平北路4段與敦煌路口	25.0764738	121.5119896	0	0	2	2	7	6	5	4	2	1	4	4	5	13	2	1	9	4	5	2	13	1	9	1	5	9	10	1		1	2	11	
113	11	9	11	7	臺北市	萬華區	萬華區西藏路199巷與萬大路218巷口	25.0271431	121.4998034	0	0	2	4	7	6	5	3	1	1	5	4	5	13	4	4	10	5	5	2	16	4	6	1	5	1	10	1		2	2	11	
113	11	9	11	20	臺北市	北投區	北投區公館路與公館路423巷口	25.1208798	121.5025215	0	0	1	2	7	7	5	3	1	1	5	4	5	13	4	4	10	5	5	2	16	1	6	1	5	1	10	1		2	2	14	
113	11	9	11	44	臺北市	萬華區	萬華區西園路2段與西藏路口	25.02890322	121.4957536	0	0	1	2	8	7	5	4	1	1	5	4	5	13	1	1	1	4	5	2	17	1	11	1	7	1	8	1		1	3	1	
113	11	9	11	55	臺北市	士林區	士林區重慶北路4段207號	25.0847714	121.5113453	0	0	1	2	7	7	5	14	8	1	5	4	5	13	4	4	8	3	4	2	12	4	9	1	3	2	8	1		2	3	2	
113	11	9	12	0	臺北市	大安區	大安區信義路4段與安和路2段口	25.0331243	121.5521018	0	0	1	2	6	6	5	4	2	1	4	4	5	13	2	1	4	4	5	2	13	1	9	1	7	1	8	1		2	3	1	
113	11	9	12	30	臺北市	文山區	文山區木新路2段200號	24.9837124	121.5678429	0	0	1	3	6	6	5	14	9	1	4	4	5	13	4	4	5	4	5	1	12	1	9	1	6	1	10	1		1	3	14	
113	11	9	12	40	臺北市	信義區	信義區虎林街120巷與忠孝東路5段423巷口	25.0421505	121.5753471	0	0	2	3	6	6	5	4	1	1	4	4	5	13	4	4	9	5	5	2	15	1	9	1	5	2	10	1		1	3	11	
113	11	9	12	45	臺北市	大安區	大安區市民大道4段168號	25.0441052	121.5533052	0	0	1	2	8	7	5	14	9	1	5	4	5	13	4	4	9	5	5	2	12	4	1	1	3	1	8	1		1	3	4	
113	11	9	12	55	臺北市	士林區	士林區文林路587巷兒童新樂園機車停車場出入口	25.0978866	121.5138775	0	0	1	2	7	5	5	14	9	1	5	4	5	13	4	4	5	4	5	2	12	1	1	1	6	1	10	1		1	2	11	
113	11	9	13	30	臺北市	萬華區	接華中橋引道	25.03519433	121.5072368	0	0	1	2	7	7	5	3	2	1	5	4	5	13	1	1	3	4	5	2	17	1	9	1	5	1	10	1		1	2	11	
113	11	9	14	28	臺北市	中正區	中正區中山北路1段與市民大道1段口	25.0480724	121.5201677	0	0	3	4	7	6	5	14	9	1	5	4	5	13	4	4	1	4	5	2	12	1	9	1	2	2	8	1		1	3	5	
113	11	9	14	57	臺北市	南港區	南港區市民大道7段與向陽路口	25.0513949	121.5965223	0	0	1	2	8	6	5	4	1	1	5	4	5	13	2	1	1	4	5	2	16	4	6	1	3	1	8	1		1	3	6	
113	11	9	15	0	臺北市	士林區	士林區中正路602號與中正路586巷口	25.0870264	121.5098461	0	0	2	3	7	6	5	3	2	1	5	4	5	13	4	4	1	4	5	1	16	4	7	1	3	2	10	1		1	2	13	
113	11	9	16	17	臺北市	中正區	中正區古亭河濱公園自行車道(永福橋下)	25.0162172	121.5254467	0	0	2	2	8	6	7	14	23	1	5	4	5	13	4	4	9	4	5	1	17	1	5	8	4	1	20	1		2	2	11	
113	11	9	16	48	臺北市	萬華區	萬華區西藏路與萬大路口	25.0293505	121.5001822	0	0	1	3	7	7	5	4	2	1	5	4	5	13	1	1	1	5	5	2	17	1	10	3	5	1	18	1		1	2	11	14
113	11	9	17	5	臺北市	大同區	大同區承德路3段與庫倫街口	25.0719989	121.5186609	0	0	1	2	7	5	5	4	1	1	5	4	5	13	1	1	5	2	5	2	16	1	5	1	7	1	8	1		1	3	4	
113	11	9	17	58	臺北市	士林區	士林區文林路770巷與克強路口	25.1092336	121.5224887	0	0	1	2	7	5	5	4	2	1	5	4	5	13	4	4	9	4	5	1	15	4	9	1	3	1	10	1		1	3	14	
113	11	9	18	35	臺北市	大同區	大同區南京西路與南京西路167巷口	25.0539677	121.5128541	0	0	1	3	8	5	5	5	1	1	5	4	5	13	4	4	5	4	4	2	16	1	5	1	7	2	8	1		1	3	5	
113	11	9	19	7	臺北市	信義區	信義區市民大道5段與光復南路口口	25.0450539	121.557924	0	0	1	2	8	7	5	14	23	1	5	4	5	13	2	1	9	4	5	1	16	1	6	1	3	1	4	1		1	3	2	
113	11	9	19	19	臺北市	中山區	中山區中山北路2段與民權西路口	25.06267873	121.5225203	0	0	2	2	8	5	5	4	3	1	5	4	5	13	1	1	5	4	1	2	16	1	8	1	5	1	10	1		1	2	11	14
113	11	9	19	25	臺北市	大安區	大安區和平東路3段與臥龍街口	25.0246647	121.5467154	0	0	1	2	8	5	5	4	1	1	5	4	5	13	2	1	1	4	5	1	16	4	5	1	3	2	8	1		1	3	5	
113	11	9	20	30	臺北市	大同區	大同區民生西路與民生西路178巷口	25.0571563	121.5174472	0	0	1	3	8	5	5	14	9	1	5	4	5	13	4	4	5	4	4	2	12	1	14	1	7	2	4	1		1	3	2	
113	11	9	21	8	臺北市	松山區	松山區八德路3段8巷與八德路3段12巷52弄口	25.0461731	121.5496916	0	0	2	3	6	5	5	4	1	1	4	4	5	13	3	1	9	4	4	2	15	1	9	1	7	1	8	1		1	3	5	
113	11	9	21	13	臺北市	中山區	中山區市民大道2段與林森北路口	25.05804618	121.522164	0	0	3	3	8	5	5	4	1	1	5	4	5	13	1	1	1	4	1	2	12	1	8	1	6	1	10	1		1	2	12	
113	11	9	21	30	臺北市	士林區	士林區延平北路5段196號	25.0835727	121.5100635	0	0	1	2	7	5	5	14	9	1	4	4	5	13	1	1	1	4	5	1	17	1	1	1	7	1	8	1		1	3	4	
113	11	9	21	42	臺北市	中正區	中正區汀州路2段與牯嶺街口	25.0251025	121.518956	0	0	1	2	7	5	5	4	1	1	5	4	5	13	1	1	5	5	5	2	17	1	5	1	5	2	10	1		2	3	17	
113	11	9	22	22	臺北市	萬華區	萬華區內江街與內江街55巷口	25.0415951	121.505171	0	0	1	2	7	5	5	4	1	1	5	4	5	13	4	4	10	3	5	2	16	1	11	1	5	1	10	1		1	2	14	
113	11	9	22	28	臺北市	大同區	大同區台北橋機慢車道	25.0634973	121.5086847	0	0	3	8	8	5	5	10	11	1	5	4	5	13	4	4	8	4	5	2	13	1	15	1	5	2	10	1		2	2	11	
113	11	9	22	30	臺北市	松山區	松山區塔悠路與塔悠路188巷口	25.0566414	121.569324	0	0	1	3	7	5	5	3	1	1	5	4	5	13	4	4	1	4	4	2	16	1	6	1	7	1	4	1		1	3	2	
113	11	9	23	23	臺北市	松山區	松山區撫遠街391號	25.0650934	121.565723	0	0	1	4	7	5	5	14	9	1	5	4	5	13	2	1	1	3	5	2	12	1	9	1	7	1	2	1		1	2	1	
113	11	9	23	40	臺北市	中山區	中山區南京東路2段115巷與長春路口側附近口	25.0547584	121.5336629	0	0	1	2	7	5	5	4	1	1	5	4	5	13	1	1	5	2	4	2	17	4	5	1	3	1	8	1		1	3	1	
113	11	10	0	32	臺北市	萬華區	萬華區環河南路3段與萬大路口	25.01641203	121.4958006	0	0	2	3	8	5	5	4	1	1	5	4	5	13	2	1	1	4	4	2	15	1	9	1	6	2	10	1		1	2	14	
113	11	10	0	35	臺北市	信義區	信義區莊敬路391巷與莊敬路391巷16弄口	25.0282554	121.5658208	0	0	1	2	7	5	6	4	1	1	4	4	5	13	4	4	5	5	5	2	9	5	16	8	4	11	20	2		4	2	16	
113	11	10	1	40	臺北市	萬華區	萬華區艋舺大道南三門前	25.0282604	121.49047	0	0	1	2	7	5	5	14	9	1	5	4	5	13	4	4	10	3	5	2	12	1	9	1	5	1	10	1		2	2	12	
113	11	10	5	37	臺北市	萬華區	萬華區青年路152巷32號	25.0200635	121.5011795	0	0	2	6	7	7	5	14	9	1	5	4	5	13	4	4	8	3	5	2	3	1	9	1	5	2	10	1		1	2	11	
113	11	10	8	23	臺北市	北投區	北投區西安街2段359號	25.1210217	121.5041453	0	0	2	2	8	6	5	14	9	1	5	4	5	13	4	4	1	4	5	2	3	5	16	8	4	10	20	1		2	2	16	
113	11	10	8	28	臺北市	萬華區	萬華區和平西路2段與艋舺大道口	25.0337755	121.5046716	0	0	2	2	7	5	5	5	1	1	5	4	5	13	2	1	1	4	5	2	16	1	6	1	6	1	10	1		1	2	12	
113	11	10	8	33	臺北市	大安區	大安區和平東路1段162號	25.0267281	121.5253078	0	0	1	2	8	6	5	3	1	1	4	4	5	13	2	1	4	3	5	2	16	1	6	1	7	1	8	1		1	3	5	
113	11	10	9	0	臺北市	信義區	信義區基隆路2段與信義路5段口	25.0329575	121.5596695	0	0	2	2	7	6	5	4	2	1	5	4	5	13	1	1	1	4	5	2	13	1	6	1	5	1	10	1		2	2	11	
113	11	10	10	15	臺北市	大安區	大安區基隆路4段與羅斯福路4段口口	25.0115201	121.5373276	0	0	1	2	7	6	5	5	1	1	5	4	5	13	1	1	1	3	4	1	13	1	9	1	6	1	10	1		2	2	14	
113	11	10	10	38	臺北市	萬華區	萬華區忠孝西路2段與忠孝西路2段16巷口	25.0482522	121.5085681	0	0	1	2	7	5	5	3	1	1	5	4	5	13	4	4	9	4	4	2	17	4	6	1	5	1	10	1		2	3	13	
113	11	10	11	28	臺北市	士林區	士林區德行西路與磺溪街口口	25.1057012	121.5230559	0	0	2	2	7	7	5	3	1	1	5	4	5	13	2	1	8	3	5	2	16	1	1	1	5	1	10	1		1	2	14	
113	11	10	11	34	臺北市	士林區	士林區中山北路5段495號旁停車場出口	25.0930048	121.5277823	0	0	1	2	8	6	5	14	9	1	5	4	5	13	4	4	4	4	5	2	17	4	1	1	3	1	4	1		1	3	7	
113	11	10	11	40	臺北市	大同區	大同區環河北路1段與民生西路口	25.0570483	121.50838	0	0	2	3	7	5	5	14	9	1	5	4	5	13	4	4	9	4	5	1	16	4	1	1	3	1	8	1		1	3	8	
113	11	10	11	42	臺北市	士林區	士林區基河路238號	25.0911569	121.521624	0	0	2	3	7	5	5	14	9	1	5	4	5	13	4	4	5	4	5	2	14	1	2	1	7	1	8	1		1	3	3	
113	11	10	11	52	臺北市	松山區	松山區民權東路4段與光復北路口	25.0620272	121.554611	0	0	3	3	8	7	5	4	1	1	5	4	5	13	1	1	9	4	5	2	16	1	9	1	6	1	10	1		1	2	11	
113	11	10	14	50	臺北市	信義區	信義區信義路5段100-1號	25.0328251	121.5649209	0	0	2	3	8	6	5	14	9	1	5	4	5	13	4	4	1	4	5	2	17	4	6	1	3	2	8	1		2	3	2	
113	11	10	16	25	臺北市	北投區	北投區承德路7段95號	25.1116686	121.5098751	0	0	1	2	7	7	5	14	9	1	5	4	5	13	4	4	1	4	5	2	16	1	6	1	7	1	8	1		1	3	1	
113	11	10	16	46	臺北市	松山區	松山區南京東路4段與北寧路口	25.0515533	121.5526344	0	0	1	2	8	6	5	4	1	1	5	4	5	13	1	1	1	4	4	2	16	1	6	1	7	1	4	1		1	3	2	
113	11	10	17	8	臺北市	松山區	松山區延吉街30巷與延吉街口	25.0462216	121.5534685	0	0	1	6	8	5	5	4	2	1	5	4	5	13	1	1	5	5	5	2	18	1	15	1	6	1	10	1		2	3	15	
113	11	10	17	11	臺北市	中山區	中山區中山北路1段64號	25.0484356	121.5207635	0	0	1	3	7	5	5	14	9	1	4	4	5	13	2	1	1	4	1	2	13	1	9	1	7	1	8	1		1	3	5	
113	11	10	17	21	臺北市	信義區	信義區嘉興街127巷與信安街口	25.0286772	121.5582485	0	0	2	3	7	5	5	3	1	1	5	4	5	13	2	1	5	4	5	2	17	1	9	1	6	2	10	1		1	2	11	
113	11	10	18	36	臺北市	中正區	中正區中華路2段與愛國西路口	25.0368822	121.5073042	0	0	1	2	8	5	5	5	2	1	5	4	5	13	1	1	1	4	4	2	17	1	8	1	7	2	8	1		1	3	6	
113	11	10	18	47	臺北市	信義區	信義區松智路9號公車站旁	25.0346287	121.5654832	0	0	3	4	8	5	5	14	8	1	5	4	5	13	4	4	5	1	4	2	12	1	7	1	5	1	10	1		1	2	11	
113	11	10	18	58	臺北市	內湖區	內湖區康寧路3段165巷與康寧路3段165巷14弄口	25.0709933	121.6118852	0	0	1	2	7	5	5	3	1	1	5	4	5	13	4	4	5	5	5	1	17	1	5	8	2	1	20	1		1	2	14	
113	11	10	19	20	臺北市	士林區	士林區中山北路5段劍潭公車站	25.0817258	121.524774	0	0	2	3	8	5	5	14	9	1	5	4	5	13	4	4	1	4	5	1	17	1	9	1	5	2	10	1		1	2	13	
113	11	10	19	48	臺北市	萬華區	萬華區桂林路與西園路1段口	25.0385015	121.4997516	0	0	1	2	7	5	5	4	1	1	5	4	5	13	1	1	9	4	4	2	16	1	5	1	7	1	4	1		1	3	1	
113	11	10	20	14	臺北市	大同區	大同區延平北路1段與長安西路口	25.0518867	121.5122639	0	0	1	2	7	5	5	5	1	1	5	4	5	13	2	1	5	5	5	2	17	4	5	1	3	1	4	1		1	3	4	
113	11	10	20	21	臺北市	大安區	大安區市民大道4段與敦化南路1段口	25.044749	121.5486344	0	0	1	2	8	5	5	4	1	1	5	4	5	13	2	1	1	4	5	1	16	4	6	1	3	1	4	1		1	3	5	