年	月	日	時	分	縣市	行政區	allLocation	GoogleLat	GoogleLng	死	2-30	受傷	當事人數	天候	道路照明設備	道路類別	道路型態	事故位置	路面狀況1	路面狀況2	路面狀況3	道路障礙1	道路障礙2	號誌1	號誌2	車道劃分-分向	車道劃分-分道1	車道劃分-分道2	車道劃分-分道3	事故類型及型態	行動電話	當事者行動狀態	駕駛資格情形	保護裝置	飲酒情形	駕駛執照種類	個人肇逃否	肇因碼-主要	性別	受傷程度	車輛撞擊部位1	車輛撞擊部位2
113	11	10	22	20	臺北市	中正區	中正區南海路與牯嶺街口	25.031995	121.5149698	0	0	1	2	8	5	5	4	1	2	5	4	5	13	1	1	10	4	5	1	17	1	5	1	7	1	8	1		2	3	4	
113	11	10	22	21	臺北市	信義區	信義區基隆路2段111號	25.0288128	121.5569907	0	0	1	2	7	5	5	14	9	1	5	4	5	13	4	4	9	4	5	2	13	1	8	1	3	1	3	1		1	3	3	
113	11	10	22	26	臺北市	松山區	松山區民權東路5段3號	25.0631737	121.5649138	0	0	1	2	7	5	5	14	9	1	5	4	5	13	2	1	9	4	5	2	17	1	5	1	6	1	10	1		1	3	14	
113	11	11	0	20	臺北市	文山區	文山區景華街與景華街216巷口口	24.9990455	121.5474567	0	0	2	3	7	5	5	3	2	1	4	4	5	13	4	4	9	5	5	2	17	1	9	6	7	2	4	1		1	2	5	
113	11	11	3	23	臺北市	中山區	中山區中山北路3段39號	25.0661896	121.5224467	0	0	1	2	7	5	5	14	8	1	5	4	5	13	4	4	1	5	1	1	13	4	9	1	3	7	10	1		1	2	11	
113	11	11	4	45	臺北市	信義區	信義區松智路與松高路口	25.0392522	121.5653476	0	0	1	2	6	5	5	4	1	1	4	4	5	13	2	1	5	4	5	2	18	1	5	1	6	9	10	1		1	2	14	
113	11	11	6	42	臺北市	中山區	中山區八德路2段與八德路2段174巷口	25.04631292	121.5381633	0	0	1	2	7	6	5	3	1	1	5	4	5	13	1	1	4	4	5	2	17	1	9	1	6	11	10	1		4	2	12	
113	11	11	7	32	臺北市	信義區	(永吉路326巷21號前)	25.0444624	121.5754748	0	0	1	2	6	5	5	14	9	1	4	4	5	13	4	4	9	5	5	2	9	1	9	1	6	1	10	1		1	2	17	
113	11	11	7	41	臺北市	中正區	中正區水源路與師大路口口	25.0202095	121.5228375	0	0	1	2	7	6	5	4	1	1	5	4	5	13	1	1	1	5	5	2	12	1	7	1	6	1	10	1		2	2	14	
113	11	11	7	50	臺北市	中山區	中山區吉林路與民權東路2段口	25.0624725	121.5305216	0	0	1	2	7	6	5	4	1	1	5	4	1	13	1	1	3	4	4	2	12	1	8	1	5	1	10	1		2	3	12	
113	11	11	7	53	臺北市	北投區	北投區承德路7段與尊賢街243巷口	25.1161622	121.5053729	0	0	1	2	7	7	6	4	2	1	5	4	5	13	2	1	1	4	1	2	13	1	14	1	5	1	10	1		2	3	13	
113	11	11	8	0	臺北市	松山區	松山區撫遠街400巷與民權東路5段口1號旁無名巷	25.06532665	121.5645456	0	0	1	2	6	7	5	3	2	1	4	4	5	13	4	4	9	4	5	2	17	4	5	1	6	1	10	2		2	2	14	
113	11	11	8	8	臺北市	萬華區	萬華區環河南路1段與康定路口	25.0462046	121.5032682	0	0	1	2	8	7	5	3	1	2	5	4	5	13	1	1	8	1	5	2	11	1	1	1	6	1	10	2		1	2	11	
113	11	11	8	15	臺北市	士林區	士林區文林路625號	25.0997981	121.5233044	0	0	1	2	8	5	5	14	9	1	5	4	5	13	4	4	9	5	5	1	17	1	5	1	6	1	10	1		1	2	13	
113	11	11	8	30	臺北市	士林區	士林區中山北路6段405巷10號	25.1126281	121.5253029	0	0	2	2	7	7	5	14	9	1	4	4	5	13	4	4	10	5	5	1	10	1	1	1	5	1	10	1		2	2	11	
113	11	11	8	38	臺北市	中山區	中山區松江路與松江路63巷口	25.0489583	121.5330824	0	0	1	2	7	6	5	3	2	1	5	4	5	13	4	4	10	5	5	2	16	1	6	1	7	1	8	1		2	3	2	
113	11	11	8	40	臺北市	內湖區	內湖區新豐街與行善路231巷口	25.0598018	121.5832305	0	0	1	2	6	6	5	4	1	1	4	4	5	13	4	4	10	5	5	2	15	1	9	1	6	2	10	1		1	2	11	
113	11	11	9	0	臺北市	北投區	北投區承德路6段與福國路口	25.1016941	121.5121549	0	0	2	2	7	6	5	14	9	1	4	4	5	13	1	1	1	4	5	2	12	1	8	1	6	1	10	1		1	2	12	
113	11	11	9	0	臺北市	士林區	士林區德行東路132巷3弄與德行東路132巷口	25.107469	121.5292406	0	0	1	2	8	6	5	4	1	1	5	4	5	13	4	4	10	5	5	1	15	4	9	1	3	2	10	1		2	2	11	
113	11	11	9	16	臺北市	北投區	北投區文林北路1205289號燈桿	25.109628	121.5123291	0	0	1	2	8	7	5	14	7	1	5	4	5	13	4	4	1	4	4	2	12	1	9	1	7	1	8	1		2	3	2	
113	11	11	9	19	臺北市	信義區	信義區基隆路1段17號	25.0487047	121.5691491	0	0	1	2	7	7	5	14	9	1	4	4	5	13	4	4	1	4	5	2	13	4	8	1	3	1	9	1		1	2	11	
113	11	11	9	45	臺北市	松山區	松山區南京東路5段與南京東路5段251巷口	25.0514833	121.5651227	0	0	2	5	7	6	5	3	2	1	5	4	5	13	4	4	1	4	5	2	13	1	7	1	5	1	10	1		1	2	11	
113	11	11	9	53	臺北市	大安區	大安區芳蘭路與基隆路3段155巷176弄口	25.0143001	121.5469792	0	0	1	2	6	5	5	3	2	1	4	4	5	13	2	1	9	4	5	2	17	4	11	1	3	1	8	1		1	3	4	
113	11	11	10	0	臺北市	大安區	大安區師大路與雲和街口口	25.0236248	121.5284767	0	0	1	2	7	6	5	3	1	1	4	4	1	13	4	4	8	5	5	1	1	1	9	1	6	1	10	1		2	3	11	
113	11	11	10	0	臺北市	松山區	松山區延壽街與健康路325巷口	25.0571665	121.5672611	0	0	1	2	7	6	5	3	2	1	5	4	5	13	3	1	9	4	5	2	17	1	6	8	4	1	20	1		2	2	14	
113	11	11	10	4	臺北市	士林區	士林區中正路與延平北路6段口	25.0866027	121.5092302	0	0	3	3	8	5	8	4	1	1	5	4	5	13	2	1	9	4	5	1	17	1	9	1	6	1	10	1		2	2	12	
113	11	11	10	13	臺北市	士林區	士林區延平北路6段466號	25.0933237	121.4985925	1	0	0	4	6	7	5	14	8	1	4	4	5	13	4	4	9	4	4	2	12	1	9	1	7	2	1	1		1	3	2	
113	11	11	10	31	臺北市	內湖區	內湖區成功路2段320巷與成功路2段320巷31弄口	25.0676329	121.5890754	0	0	1	2	7	5	5	4	2	1	4	4	5	13	1	1	9	5	5	2	17	1	1	1	7	2	8	1		1	3	8	
113	11	11	11	10	臺北市	松山區	松山區光復北路與民生東路5段27巷9弄口	25.0598615	121.5549046	0	0	2	2	7	6	5	3	1	1	5	4	5	13	4	4	5	5	4	2	3	1	9	1	5	2	10	1		2	2	11	
113	11	11	11	15	臺北市	士林區	士林區福林路004 燈桿	25.09481811	121.5296428	0	0	2	2	8	6	5	14	9	1	5	4	5	13	4	4	5	4	5	1	17	4	9	6	3	2	10	1		1	2	11	
113	11	11	11	29	臺北市	南港區	南港區中坡南路與中坡南路31巷口	25.0431319	121.5832127	0	0	1	2	6	7	5	4	1	1	4	4	5	13	4	4	5	4	4	2	15	1	9	6	5	1	18	1		1	3	14	
113	11	11	11	40	臺北市	松山區	松山區民生東路5段與撫遠街口	25.0593175	121.5684088	0	0	1	2	7	6	5	4	1	1	5	4	5	13	2	1	1	4	5	2	17	1	6	1	7	1	8	1		1	3	2	
113	11	11	12	0	臺北市	中山區	中山區龍江路276號	25.0608567	121.5407199	0	0	1	2	7	6	5	14	9	1	5	4	5	13	4	4	9	5	5	2	17	1	13	1	3	1	4	1		1	3	4	
113	11	11	12	12	臺北市	信義區	信義區基隆路1段149號	25.0427006	121.5655688	0	0	1	2	7	6	5	14	9	1	4	4	5	13	4	4	10	3	5	2	12	1	9	1	6	1	10	1		1	2	14	
113	11	11	12	13	臺北市	大安區	大安區復興南路2段193巷與和平東路2段311巷口	25.0264164	121.5451597	0	0	1	3	6	5	5	3	2	1	5	4	3	13	4	4	9	4	5	2	17	4	14	1	3	1	8	1		1	3	17	
113	11	11	12	25	臺北市	中山區	中山區林森北路與中山北路2段77巷口	25.05744698	121.5254898	0	0	1	2	8	7	5	4	1	1	5	4	5	13	4	4	10	5	5	2	16	1	5	1	7	1	8	1		1	3	5	
113	11	11	12	38	臺北市	松山區	松山區八德路3段與八德路3段158巷口	25.0480649	121.5551009	0	0	1	3	6	5	5	4	1	1	4	4	5	13	2	1	5	4	5	2	17	4	11	1	3	1	4	1		1	3	6	
113	11	11	12	45	臺北市	北投區	北投區石牌路2段113巷與立農街2段口	25.1187368	121.5170868	0	0	1	2	7	6	5	4	2	1	5	4	5	13	2	1	10	5	5	2	13	1	9	1	7	1	8	1		1	3	1	
113	11	11	13	4	臺北市	內湖區	內湖區康樂街186巷與康樂街口	25.07611747	121.621054	0	0	2	2	6	6	5	3	1	1	4	4	5	13	2	1	5	4	5	2	17	1	9	1	6	2	10	1		2	2	11	
113	11	11	13	26	臺北市	松山區	松山區南京東路4段160號與南京東路4段口	25.05147468	121.5564243	0	0	1	2	7	5	5	3	2	1	5	4	5	13	4	4	3	4	4	2	17	4	9	1	6	1	10	1		1	2	11	
113	11	11	13	31	臺北市	大安區	大安區辛亥路3段與辛亥路3段157巷口	25.0169503	121.5490874	0	0	1	2	6	6	5	4	1	1	4	4	5	13	2	1	1	1	5	2	13	4	9	1	3	1	4	1		1	3	1	
113	11	11	13	50	臺北市	中正區	中正區中山南路與濟南路1段口	25.0430099	121.5189252	0	0	1	2	6	6	5	4	1	1	4	4	5	13	1	1	1	4	5	2	17	1	9	1	6	2	10	1		1	3	17	
113	11	11	14	0	臺北市	松山區	松山區民權東路4段與敦化北路口	25.0616471	121.551251	0	0	1	2	7	6	5	4	1	1	5	4	5	13	2	1	2	4	5	2	17	1	6	3	7	2	18	1		1	3	5	
113	11	11	14	12	臺北市	信義區	信義區基隆路1段200號	25.0402865	121.5638892	0	0	1	2	6	6	5	14	9	1	4	4	5	13	4	4	3	3	5	2	13	1	9	1	7	1	8	1		1	3	5	
113	11	11	14	30	臺北市	文山區	文山區指南路3段與指南路3段24巷口	24.9838868	121.5795474	0	0	1	3	8	6	5	3	2	2	5	4	5	13	4	4	10	5	5	2	17	4	6	1	3	1	8	1		1	3	8	
113	11	11	14	50	臺北市	萬華區	門牌廣州街222號前	25.03646221	121.4968641	0	0	1	4	7	6	5	14	9	1	5	4	5	13	4	4	10	5	5	2	9	1	2	1	7	2	8	1		2	3	3	
113	11	11	15	40	臺北市	中正區	中正區市民大道2段與金山北路口	25.046018	121.5303325	0	0	1	2	6	7	5	4	2	1	4	4	5	13	1	1	1	4	5	2	17	1	9	1	5	1	10	1		1	2	14	
113	11	11	15	43	臺北市	文山區	文山區興隆路4段與興隆路4段145巷口	24.9849309	121.5614817	0	0	2	2	8	7	5	4	2	1	5	4	5	13	4	4	10	5	5	2	15	1	9	1	6	2	21	1		2	2	11	
113	11	11	16	33	臺北市	中正區	中正區汀州路3段與汀州路3段230巷口	25.0115082	121.5359696	0	0	2	3	6	7	5	4	2	1	4	4	5	13	4	4	5	4	5	2	16	4	5	1	5	1	10	1		2	2	11	
113	11	11	16	40	臺北市	內湖區	內湖區金湖路與民權東路6段口	25.0733359	121.6056704	0	0	1	2	6	5	5	4	1	1	4	1	5	13	1	1	1	5	5	2	17	1	9	1	7	2	8	1		1	3	8	
113	11	11	16	59	臺北市	松山區	松山區南京東路5段23巷15弄與南京東路5段23巷口	25.0530584	121.5580474	0	0	1	2	6	6	5	4	1	5	4	4	5	13	4	4	10	5	5	2	15	1	9	1	6	1	21	1		1	2	11	
113	11	11	17	11	臺北市	大安區	大安區忠孝東路4段與敦化南路1段口	25.0418145	121.5486073	0	0	3	3	6	5	5	4	4	1	4	4	5	13	1	1	1	4	5	2	17	1	9	1	6	1	10	1		1	2	11	
113	11	11	17	15	臺北市	中山區	中山區中原街與新生北路2段127巷口	25.05966628	121.5289687	0	0	1	2	8	5	5	4	1	1	5	4	5	13	4	4	5	5	5	2	1	4	5	1	3	1	8	1		1	3	8	
113	11	11	17	53	臺北市	信義區	信義區忠孝東路5段743巷與忠孝東路5段口	25.0435346	121.5812231	0	0	1	2	6	5	5	5	18	1	4	4	5	13	1	1	3	4	5	2	9	4	9	1	3	2	8	1		1	3	1	
113	11	11	18	14	臺北市	大同區	大同區民權西路與民權西路225巷口	25.06284474	121.5121846	0	0	2	2	6	5	8	22	22	1	4	4	5	13	1	1	1	4	5	2	17	1	5	1	6	1	10	1		1	2	13	
113	11	11	18	20	臺北市	信義區	(松仁路2號)	25.0404616	121.5683829	0	0	2	3	6	5	5	14	9	1	4	4	5	13	4	4	1	4	5	2	17	1	9	1	6	2	10	1		1	2	11	
113	11	11	18	40	臺北市	士林區	士林區磺溪街與磺溪街47巷口	25.1070321	121.5229937	0	0	1	2	8	5	5	4	1	1	5	4	1	13	4	4	9	5	5	2	17	4	7	1	3	1	10	1		2	2	12	
113	11	11	18	40	臺北市	大同區	大同區鄭州路與西寧北路口	25.050622	121.50825	0	0	1	2	6	5	5	5	1	1	4	4	5	13	2	1	1	4	5	2	17	1	15	1	6	1	10	1		1	3	12	
113	11	11	18	40	臺北市	信義區	松山區民生東路4段108號	25.0581151	121.5540699	0	0	2	3	6	5	5	14	9	1	4	4	5	13	1	1	7	5	5	1	11	1	14	1	7	2	14	1		1	3	4	
113	11	11	18	45	臺北市	中山區	中山區民生東路3段6號	25.05778901	121.5372617	0	0	1	2	6	5	5	14	9	1	4	4	5	13	4	4	1	5	5	1	13	4	9	1	3	1	10	1		2	2	11	
113	11	11	18	49	臺北市	松山區	松山區延壽街與延壽街424巷口	25.0563245	121.5563771	0	0	1	2	6	5	5	3	2	1	4	4	5	13	4	4	8	3	5	2	18	1	12	1	6	1	10	1		2	2	14	
113	11	11	18	51	臺北市	大同區	大同區民權西路與民權西路133巷口	25.0630354	121.5173648	0	0	1	2	6	5	5	3	2	1	4	4	5	13	4	4	1	4	5	2	17	1	9	1	6	1	10	1		1	3	12	
113	11	11	18	52	臺北市	文山區	文山區懷恩隧道南往北(最後一個涵洞)	24.99533778	121.5519088	0	0	1	2	6	5	8	6	9	1	4	4	3	13	4	4	1	2	5	2	13	2	9	1	6	1	10	1		1	2	11	
113	11	11	19	0	臺北市	萬華區	萬華區昆明街與廣州街口	25.03655373	121.5035158	0	0	2	2	6	5	5	4	1	1	4	4	5	13	1	1	10	4	5	2	17	1	7	6	6	1	18	1		1	2	14	
113	11	11	19	13	臺北市	大安區	大安區復興南路1段與仁愛路3段口	25.0374574	121.5435866	0	0	1	2	6	5	5	14	9	1	4	4	5	13	4	4	1	4	5	1	12	4	1	1	3	1	8	1		1	3	4	
113	11	11	19	20	臺北市	中山區	中山區北安路139號	25.078176	121.5330102	0	0	1	2	6	5	5	18	9	1	4	4	5	13	4	4	1	4	5	2	17	1	9	1	5	1	10	1		2	2	14	
113	11	11	19	20	臺北市	北投區	北投區大度路1段機慢車道	25.1217841	121.4868607	0	0	2	2	7	5	7	14	12	1	5	4	5	13	4	4	1	4	1	1	12	1	7	3	5	5	18	1		1	2	11	
113	11	11	19	23	臺北市	松山區	松山區八德路4段91巷11號	25.04951428	121.5607705	0	0	2	3	6	5	5	14	9	1	4	4	5	13	4	4	10	5	5	2	17	1	5	1	6	2	10	1		2	2	14	
113	11	11	19	30	臺北市	文山區	文山區木柵路2段138巷與興隆路4段101巷口	24.988327	121.5620232	0	0	1	2	6	5	5	4	1	1	4	4	5	13	1	1	10	5	5	2	16	1	5	1	7	1	8	1		1	3	1	
113	11	11	19	48	臺北市	信義區	信義區忠孝東路5段與忠孝東路5段215巷口	25.0410653	121.5700767	0	0	1	2	6	5	5	3	1	1	4	4	5	13	1	1	3	3	5	2	17	1	11	1	7	2	8	1		2	3	17	
113	11	11	19	50	臺北市	大安區	大安區仁愛路3段與建國南路1段口	25.0389703	121.5382263	0	0	1	2	6	5	5	3	2	1	4	4	5	13	4	4	1	4	4	1	12	4	7	1	3	2	10	1		2	2	14	
113	11	11	20	21	臺北市	內湖區	內湖區新明路174巷與新明路口	25.05751225	121.5857315	0	0	1	2	7	6	5	3	1	1	4	4	5	13	2	1	5	4	5	2	16	4	5	1	3	2	8	1		1	3	8	
113	11	11	20	26	臺北市	文山區	文山區景文街與景中街口口	24.9929868	121.5413277	0	0	2	3	8	5	5	4	1	1	5	4	5	13	2	1	5	5	5	2	17	1	5	1	7	1	8	1		1	3	17	
113	11	11	21	10	臺北市	信義區	信義區一號道路	25.0373757	121.5620042	0	0	1	2	6	5	5	14	9	4	4	4	5	13	4	4	9	4	5	2	18	1	9	1	6	1	10	1		2	2	17	
113	11	11	22	14	臺北市	大同區	大同區歸綏街與保安街72巷口	25.058155	121.5122254	0	0	1	2	6	5	5	5	2	1	4	4	5	13	4	4	9	5	5	2	13	1	9	3	6	1	18	1		2	2	11	
113	11	11	23	20	臺北市	內湖區	內湖區民權東路6段56巷與民權東路6段口	25.0686806	121.5845188	0	0	2	4	6	5	5	4	1	1	4	4	5	13	2	1	5	4	5	2	13	1	9	1	5	1	10	1		1	2	11	3
113	11	12	0	9	臺北市	文山區	文山區木柵路2段與木柵路2段109巷口	24.988887	121.561797	0	0	2	2	6	6	5	4	1	1	4	4	5	13	2	1	10	5	5	2	16	1	5	1	7	2	8	1		1	2	2	
113	11	12	0	22	臺北市	文山區	文山區指南路3段與指南路3段2巷口	24.9853654	121.5798715	0	0	1	2	6	5	5	3	19	1	4	4	5	13	3	1	10	5	5	2	1	1	5	1	7	2	8	1		1	3	8	
113	11	12	5	50	臺北市	中山區	中山區天祥路與撫順街口	25.06358988	121.5207381	0	0	2	3	6	5	5	4	1	1	4	4	5	13	4	4	10	5	5	2	15	1	9	1	7	2	4	1		1	3	5	
113	11	12	7	1	臺北市	中正區	中正區羅斯福路2段與南昌路2段口	25.0246923	121.524098	0	0	2	2	6	7	5	3	2	1	4	4	5	13	1	1	1	4	5	2	3	5	18	8	4	10	20	1		2	2	16	
113	11	12	7	30	臺北市	松山區	松山區敦化北路155巷與敦化北路155巷66弄口	25.0542513	121.5511464	0	0	1	2	6	7	5	4	1	1	4	4	5	13	4	4	10	3	5	2	18	1	9	1	6	9	10	1		1	2	11	
113	11	12	7	35	臺北市	萬華區	萬華區萬大路257號	25.0257091	121.5005572	0	0	1	2	6	5	5	14	9	1	4	4	5	13	4	4	1	3	5	1	16	4	6	1	3	1	10	1		1	3	13	
113	11	12	7	45	臺北市	中山區	中山區民權東路1段中山國小站2號出口	25.06274281	121.5260082	0	0	1	2	6	7	5	14	9	1	4	4	5	13	4	4	1	4	5	2	17	1	9	1	6	1	10	1		1	2	12	
113	11	12	7	50	臺北市	北投區	北投區大同街94號	25.1342049	121.4984491	0	0	1	2	8	6	5	14	9	1	5	4	5	13	4	4	10	5	5	2	17	1	4	1	6	2	10	1		1	3	12	
113	11	12	8	6	臺北市	大同區	大同區長安西路與長安西路220巷口	25.0514178	121.51462	0	0	2	2	6	7	5	4	1	1	4	4	5	13	2	1	9	5	5	2	12	1	9	1	6	1	10	1		2	2	11	
113	11	12	8	8	臺北市	中正區	中正區愛國西路與延平南路口	25.0365656	121.5079657	0	0	1	2	7	7	5	4	1	1	5	4	5	13	1	1	1	4	4	2	16	4	6	1	5	1	10	1		1	3	12	
113	11	12	8	20	臺北市	大安區	大安區復興南路1段與仁愛路4段口	25.0381858	121.5438034	0	0	1	2	6	5	5	4	2	1	4	4	5	13	2	1	1	4	5	2	15	4	1	1	3	1	10	1		1	2	11	
113	11	12	8	30	臺北市	大安區	大安區信義路4段與信義路4段53巷口口	25.03346978	121.5450691	0	0	2	3	6	6	5	3	1	1	4	4	5	13	4	4	1	4	5	2	16	1	5	1	7	1	4	1		1	3	4	
113	11	12	8	32	臺北市	中山區	中山區南京東路2段110號	25.05194841	121.5322245	0	0	2	3	6	6	5	14	8	1	4	4	5	13	4	4	3	4	4	2	17	1	10	1	6	1	10	1		1	2	11	
113	11	12	8	34	臺北市	中正區	中正區思源街8號號對面	25.0146245	121.5318269	0	0	1	2	6	7	5	14	9	1	4	4	5	13	4	4	1	4	5	2	12	1	8	1	5	2	10	1		2	3	13	
113	11	12	8	34	臺北市	信義區	信義區松仁路123號	25.0347426	121.5685968	0	0	1	2	7	5	5	22	23	1	5	4	5	13	4	4	5	5	5	2	18	1	6	8	4	9	20	1		1	2	12	
113	11	12	8	43	臺北市	中山區	中山區北安路625號	25.0832774	121.549039	0	0	1	2	6	6	5	14	9	1	4	4	5	13	4	4	1	4	5	2	17	1	9	1	6	1	10	1		1	2	14	
113	11	12	8	48	臺北市	松山區	松山區光復北路與健康路口	25.0537089	121.5565146	0	0	1	2	6	7	5	4	1	1	4	4	5	13	1	1	8	3	5	2	13	1	9	1	5	9	10	1		1	2	11	
113	11	12	8	59	臺北市	信義區	信義區光復南路202號對面	25.0417092	121.5577717	0	0	1	2	6	5	8	22	22	1	4	4	5	13	4	4	1	4	5	2	17	1	9	1	6	1	10	1		1	2	11	
113	11	12	9	0	臺北市	中山區	中山區中山北路2段與中山北路2段59巷口	25.0559248	121.5228719	0	0	2	3	6	6	5	3	2	1	4	4	5	13	4	4	5	4	1	2	16	1	6	1	7	1	8	1		1	3	4	
113	11	12	9	0	臺北市	內湖區	內湖區麥帥一橋西往東	25.0527792	121.5736376	0	0	1	3	6	6	5	14	11	1	4	4	5	13	4	4	1	3	5	1	12	1	9	1	6	2	10	1		1	2	12	
113	11	12	9	15	臺北市	中山區	中山區民權東路2段53號	25.06260988	121.5306229	0	0	1	3	6	7	5	14	9	1	4	4	5	13	4	4	1	4	5	2	13	1	9	1	6	1	10	1		1	2	11	
113	11	12	9	26	臺北市	中山區	中山區中山北路3段與民族東路口	25.06836922	121.5229626	0	0	1	2	6	6	5	4	1	1	4	4	5	13	1	1	5	4	3	2	17	1	6	1	6	1	10	1		1	3	12	
113	11	12	9	30	臺北市	中山區	中山區北安路與大直街口	25.0839934	121.5492092	0	0	2	2	6	7	5	4	2	1	4	4	5	13	1	1	1	4	5	2	12	4	9	1	3	9	10	1		2	2	14	
113	11	12	10	13	臺北市	北投區	北投區自強街138號	25.1109849	121.5162	0	0	1	2	7	6	5	14	9	1	5	4	5	13	4	4	5	5	5	2	17	1	4	1	7	2	8	1		2	3	2	
113	11	12	10	56	臺北市	大安區	大安區建國南路1段與仁愛路3段口	25.0378641	121.5380479	0	0	2	2	6	6	5	4	1	1	4	4	5	13	2	1	1	4	5	2	13	1	9	1	6	1	10	1		1	2	13	
113	11	12	11	34	臺北市	士林區	士林區德行東路109巷與士東路120巷20弄口	25.1115869	121.5288602	0	0	1	2	7	6	5	4	2	1	5	4	5	13	4	4	9	4	5	1	3	4	9	7	3	11	19	2		1	4	11	
113	11	12	11	40	臺北市	士林區	士林區福華路164巷與福華路128巷3弄口	25.10434998	121.5230836	0	0	1	2	6	7	5	3	1	1	4	4	5	13	4	4	10	4	5	1	17	1	11	1	5	2	10	1		1	3	13	
113	11	12	11	45	臺北市	士林區	士林區中正路與延平北路6段口	25.0865951	121.5093437	0	0	1	2	6	6	5	4	1	1	4	4	5	13	1	1	1	2	5	2	16	4	9	1	3	2	10	1		2	2	11	
113	11	12	12	0	臺北市	中正區	中正區寧波西街61號	25.0306413	121.5173801	0	0	1	2	6	7	5	14	9	1	4	4	5	13	4	4	10	4	5	2	12	4	1	1	7	1	8	1		2	3	5	
113	11	12	12	35	臺北市	南港區	南港區南港路3段與南港路3段80巷口	25.0538995	121.5911075	0	0	1	2	7	7	5	3	2	1	4	4	5	13	4	4	5	4	5	2	16	1	9	1	5	1	10	1		1	2	11	
113	11	12	13	57	臺北市	士林區	士林區基河路與劍潭路口口	25.08410288	121.5247334	0	0	1	2	8	6	5	4	1	1	5	4	5	13	2	1	10	4	5	2	16	1	5	1	7	1	8	1		1	3	5	
113	11	12	15	0	臺北市	內湖區	內湖區成功路5段與成功路5段35巷口	25.0780735	121.6070376	0	0	1	2	6	6	5	14	8	1	4	4	5	13	2	1	1	4	4	2	12	1	9	1	5	2	10	1		2	2	14	
113	11	12	15	17	臺北市	中正區	中正區延平南路與武昌街1段口	25.0441326	121.5101651	0	0	1	5	6	7	5	4	1	1	4	4	5	13	4	4	10	5	5	2	15	1	9	1	7	2	7	1		1	3	8	
113	11	12	15	30	臺北市	大安區	國3甲下辛亥路匝道出口前	25.0165694	121.5497293	0	0	2	4	6	6	5	14	9	1	4	4	5	13	4	4	3	4	5	2	13	1	14	1	7	1	4	1		1	2	3	
113	11	12	15	32	臺北市	萬華區	萬華區萬大路505號	25.0198366	121.4976747	0	0	1	2	6	7	5	14	9	1	4	4	5	13	4	4	10	5	5	2	9	1	1	1	7	9	2	2		1	3	2	
113	11	12	15	39	臺北市	信義區	信義區永吉路與松隆路口	25.0457287	121.5707633	0	0	1	2	7	5	5	5	2	1	4	4	5	13	1	1	1	4	5	2	17	1	6	1	7	1	8	1		1	3	2	
113	11	12	16	8	臺北市	萬華區	萬華區堤外便道與桂林路口水門口	25.0389965	121.4958914	0	0	1	2	6	6	5	5	1	1	4	4	5	13	1	1	8	3	5	1	15	1	15	1	7	1	4	1		1	3	8	
113	11	12	16	10	臺北市	北投區	北投區東陽街與明德路口	25.1119626	121.5213892	0	0	1	3	6	7	5	3	1	1	4	4	5	13	1	1	5	2	5	2	13	4	6	1	3	2	8	1		2	3	3	
113	11	12	16	13	臺北市	中山區	中山區復興北路與長安東路2段口	25.0484396	121.5438628	0	0	1	3	6	6	5	4	1	1	4	4	5	13	1	1	1	4	5	2	17	1	12	1	7	1	2	1		1	3	17	
113	11	12	16	55	臺北市	士林區	士林區福華路與福國路口	25.1016828	121.5230362	0	0	1	2	6	6	5	5	2	1	4	4	5	13	1	1	5	5	5	1	12	4	9	7	3	11	19	2		1	4	15	
113	11	12	16	57	臺北市	信義區	信義區吳興街133號	25.0298135	121.5614002	0	0	1	2	6	5	5	14	9	1	4	4	5	13	4	4	5	5	5	2	11	4	9	1	3	2	8	1		1	3	2	
113	11	12	17	11	臺北市	大同區	大同區重慶北路3段與昌吉街口	25.0658545	121.5182303	0	0	1	4	6	6	5	14	9	1	4	4	5	13	4	4	8	3	5	1	13	4	9	1	6	1	10	1		1	2	11	
113	11	12	17	22	臺北市	大同區	大同區重慶北路2段與民權西路口	25.06295	121.5137022	0	0	1	2	6	5	5	5	1	1	4	4	5	13	2	1	5	4	4	2	12	1	15	1	5	2	10	1		1	3	12	
113	11	12	17	34	臺北市	士林區	士林區延平北路7段106巷與延平北路7段106巷94弄口	25.0991214	121.4962447	0	0	1	2	6	5	5	3	1	1	4	4	5	8	4	4	10	5	4	2	17	1	6	1	7	1	4	1		1	3	17	
113	11	12	17	37	臺北市	中山區	中山區民族東路與龍江路口	25.0681507	121.5409024	0	0	1	2	6	6	5	3	18	1	4	4	5	13	1	1	1	3	4	2	3	1	5	1	7	2	8	1		1	3	5	
113	11	12	17	43	臺北市	中山區	中山區新生北路2段與長春路口	25.0547712	121.5273561	0	0	2	2	6	5	5	4	1	1	4	4	5	13	1	1	1	3	5	1	3	1	9	1	6	2	10	1		1	2	14	
113	11	12	17	47	臺北市	北投區	北投區承德路6段335-1號	25.1024627	121.5120391	0	0	2	2	7	5	5	14	8	1	5	4	5	13	4	4	1	4	4	2	16	1	8	6	5	3	18	1		1	2	13	