年	月	日	時	分	縣市	行政區	allLocation	GoogleLat	GoogleLng	死	2-30	受傷	當事人數	天候	道路照明設備	道路類別	道路型態	事故位置	路面狀況1	路面狀況2	路面狀況3	道路障礙1	道路障礙2	號誌1	號誌2	車道劃分-分向	車道劃分-分道1	車道劃分-分道2	車道劃分-分道3	事故類型及型態	行動電話	當事者行動狀態	駕駛資格情形	保護裝置	飲酒情形	駕駛執照種類	個人肇逃否	肇因碼-主要	性別	受傷程度	車輛撞擊部位1	車輛撞擊部位2
113	11	12	17	50	臺北市	中正區	中正區金山北路迴轉道旁	25.045322	121.5306535	0	0	1	2	6	5	5	14	9	1	4	4	5	13	4	4	1	4	5	2	17	1	5	1	7	9	8	1		1	3	17	
113	11	12	17	55	臺北市	內湖區	內湖區新明路321巷與新明路321巷10弄口	25.056476	121.5846569	0	0	1	2	6	5	5	3	1	1	4	4	5	13	4	4	9	4	4	2	16	1	5	1	7	1	8	1		1	3	8	
113	11	12	18	25	臺北市	北投區	北投區自強街31巷與自強街口	25.1102667	121.512983	0	0	1	2	7	5	5	3	1	1	4	4	5	13	4	4	5	4	5	2	17	4	4	6	3	2	10	1		1	2	12	
113	11	12	18	25	臺北市	松山區	松山區光復北路97號	25.0507168	121.5579024	0	0	2	3	6	5	5	14	9	1	4	4	5	13	4	4	1	4	5	2	13	1	9	1	7	1	8	1		2	2	1	
113	11	12	18	35	臺北市	內湖區	內湖區瑞光路與瑞光路26巷口	25.069622	121.5833713	0	0	1	2	6	5	5	4	2	1	4	4	5	13	1	1	4	3	5	1	13	4	9	1	3	1	10	1		2	3	11	
113	11	12	18	45	臺北市	內湖區	內湖區民權東路6段180巷150號	25.0650353	121.592479	0	0	1	2	6	5	5	14	9	1	4	4	5	13	4	4	5	5	5	2	16	1	5	1	7	1	8	1		1	3	1	
113	11	12	19	20	臺北市	中山區	中山區大直橋	25.0792468	121.5445331	0	0	2	2	6	5	5	14	11	1	4	4	5	13	1	1	1	4	1	2	13	1	9	1	5	1	10	1		2	2	11	
113	11	12	19	20	臺北市	大同區	大同區承德路2段與錦西街口	25.0601023	121.5181094	0	0	1	2	6	5	5	4	1	1	4	4	5	13	2	1	1	4	5	2	9	4	5	1	3	1	8	1		1	3	1	
113	11	12	19	22	臺北市	松山區	松山區塔悠路與八德路4段口	25.0500257	121.5722006	0	0	1	2	6	5	5	4	1	1	4	4	5	13	1	1	8	3	5	1	16	1	5	1	3	1	10	1		2	2	14	
113	11	12	19	23	臺北市	大安區	大安區市民大道3段與建國南路1段口	25.0444516	121.536368	0	0	1	2	6	5	5	4	2	1	4	4	5	13	2	1	1	4	4	2	13	4	7	1	3	1	10	1		2	2	13	
113	11	12	19	25	臺北市	中山區	中山區林森北路林森公園往南	25.05234448	121.5251647	0	0	1	2	6	5	5	14	9	1	4	4	5	13	4	4	1	4	5	2	16	1	7	1	5	1	10	1		1	2	14	
113	11	12	19	27	臺北市	內湖區	內湖區東湖路113巷與東湖路113巷70弄口	25.07135271	121.6157859	0	0	1	2	6	5	5	3	18	1	4	4	5	13	4	4	9	4	4	2	3	1	9	1	5	2	10	1		1	3	11	
113	11	12	20	1	臺北市	萬華區	萬華區環河南路1段與長沙街2段口	25.04156587	121.4996581	0	0	1	2	6	5	5	3	2	1	4	4	5	13	2	1	5	4	5	2	29	1	9	1	5	1	10	1		2	2	14	
113	11	12	20	25	臺北市	士林區	士林區天母北路87巷9弄與天母北路口	25.12181197	121.5268101	0	0	1	2	6	5	5	4	2	1	4	4	5	13	2	1	5	5	5	1	17	1	6	1	7	1	8	1		1	3	8	
113	11	12	20	36	臺北市	文山區	文山區新光路1段與萬壽橋口	24.9917061	121.5732453	0	0	1	2	6	5	5	4	2	1	4	4	5	13	1	1	1	4	5	2	17	4	9	1	5	1	10	1		1	2	11	
113	11	12	20	50	臺北市	中山區	中山區市民大道2段與長安東路1段30巷口東側迴轉道	25.04747368	121.5267312	0	0	2	2	8	5	5	3	1	1	4	4	5	13	4	4	1	4	5	2	16	1	5	1	5	1	10	1		1	2	13	
113	11	12	21	0	臺北市	中山區	中山區復興北路與南京東路3段口	25.0519482	121.5437567	0	0	1	2	6	7	5	4	1	1	4	4	5	13	1	1	1	4	5	2	17	1	9	8	4	2	20	1		2	2	11	
113	11	12	21	3	臺北市	士林區	士林區德行東路331巷與士東路286巷5弄口	25.11258398	121.5381407	0	0	1	2	6	5	5	4	2	1	4	4	5	13	4	4	10	5	5	2	16	1	9	1	7	1	8	1		2	3	8	
113	11	12	21	44	臺北市	內湖區	內湖區金龍路與內湖路2段口	25.0847171	121.5936481	0	0	1	2	6	5	5	3	1	1	4	4	5	13	2	1	5	4	4	2	3	1	5	1	7	2	3	1		1	3	4	
113	11	12	21	50	臺北市	萬華區	萬華區環河南路2段與環河南路2段175巷口	25.0328533	121.4921686	0	0	2	3	6	5	5	4	1	1	4	4	5	13	2	1	1	4	5	2	16	1	5	3	7	9	18	1		1	3	2	
113	11	12	22	21	臺北市	士林區	士林區文林路與文林路495巷口	25.09644236	121.5242477	0	0	1	2	6	5	5	3	2	1	4	4	5	13	4	4	5	5	5	2	16	1	11	1	7	1	8	1		1	3	4	
113	11	12	23	34	臺北市	中山區	中山區南京東路2段206號	25.05210795	121.5358919	0	0	1	2	6	5	5	14	7	1	4	4	5	13	4	4	1	4	4	2	16	1	8	1	7	1	4	1		1	3	2	
113	11	13	1	34	臺北市	大安區	大安區大安路1段與忠孝東路4段49巷4弄口口	25.0418543	121.5462086	0	0	1	2	6	5	5	3	2	1	4	4	5	13	4	4	5	4	5	2	17	1	11	1	7	1	4	1		1	3	5	
113	11	13	5	35	臺北市	中正區	中正區重慶南路3段與廈門街114巷口	25.0230468	121.516969	0	0	1	2	6	5	5	4	1	1	4	4	5	13	2	1	3	4	5	2	16	4	6	7	3	11	19	2		1	4	15	
113	11	13	6	5	臺北市	內湖區	內湖區民權東路6段與民權東路6段15巷口	25.0674488	121.5803095	0	0	2	3	6	6	5	3	1	1	4	4	5	13	4	4	5	5	5	2	16	1	1	1	7	1	8	1		1	3	8	
113	11	13	7	23	臺北市	南港區	南港區向陽路258巷與向陽路口	25.057978	121.5933193	0	0	1	2	6	7	5	4	2	1	3	4	5	13	1	1	4	5	5	2	17	1	5	1	6	1	10	1		2	2	14	
113	11	13	7	55	臺北市	中正區	中正區重慶南路2段與重慶南路2段6巷口	25.0345974	121.5126711	0	0	1	2	6	6	5	3	2	1	4	4	5	13	3	1	1	4	5	2	13	1	9	1	5	1	10	1		1	2	11	
113	11	13	7	57	臺北市	大安區	大安區羅斯福路4段21號	25.014285	121.5349695	0	0	1	2	6	7	5	14	9	1	4	4	5	13	4	4	1	3	5	1	13	4	9	1	5	1	10	1		1	2	11	
113	11	13	8	10	臺北市	內湖區	內湖區瑞光路28號	25.0700513	121.5829393	0	0	1	2	6	5	5	14	9	1	4	4	5	13	4	4	5	4	5	1	16	1	6	1	7	1	8	1		1	3	2	
113	11	13	8	11	臺北市	士林區	士林區延平北路7段106巷323號	25.10387353	121.4959854	1	0	1	3	8	6	5	14	9	1	5	4	5	13	4	4	10	5	5	2	20	4	15	1	3	9	10	1		1	1	12	
113	11	13	8	17	臺北市	信義區	信義區環東大道南往北(市民高架226號燈桿)	25.0475536	121.5683125	0	0	1	2	7	7	5	10	7	1	4	4	5	13	4	4	7	1	5	2	17	4	7	1	3	1	8	1		1	3	17	
113	11	13	8	20	臺北市	中山區	中山區民權東路3段與龍江路口	25.06247414	121.5407617	0	0	1	3	6	6	5	4	2	1	4	4	5	13	1	1	3	4	5	2	13	1	9	1	5	1	10	1		1	2	11	14
113	11	13	8	20	臺北市	松山區	松山區八德路3段與八德路3段158巷口	25.0480334	121.5551735	0	0	2	10	6	6	5	4	2	1	4	4	5	13	2	1	9	4	5	2	17	1	11	1	7	2	8	1		1	2	2	
113	11	13	8	23	臺北市	中山區	中山區林森北路與雙城街43巷口	25.06765237	121.5259563	0	0	1	2	6	6	5	4	1	1	4	4	5	13	4	4	5	3	5	2	12	4	11	1	3	1	8	1		1	3	4	
113	11	13	8	33	臺北市	松山區	松山區三民路與三民路68巷口	25.05512619	121.5637772	0	0	1	2	6	5	5	4	1	1	4	4	5	13	4	4	5	4	5	2	17	4	5	1	3	1	4	1		1	3	5	
113	11	13	8	35	臺北市	中正區	中正區重慶南路1段與衡陽路口	25.0422241	121.5132432	0	0	1	2	6	5	5	4	2	1	4	4	5	13	2	1	5	4	5	2	16	1	6	1	5	2	10	1		2	2	12	
113	11	13	8	35	臺北市	士林區	士林區中山北路6段與中山北路6段728巷口	25.11524317	121.5278856	0	0	2	2	7	7	5	4	1	1	4	4	5	13	2	1	1	4	5	1	17	1	11	1	5	2	10	1		1	2	13	
113	11	13	8	40	臺北市	中正區	中正區汀州路2段與汀州路2段12巷口	25.03440958	121.5060011	0	0	1	2	6	6	5	3	1	1	4	4	5	13	4	4	5	4	5	2	17	4	21	7	3	11	19	2		1	4	15	
113	11	13	8	41	臺北市	大同區	大同區承德路1段與南京西路口(南向北）	25.052957	121.5177243	0	0	1	2	6	6	5	14	9	1	4	4	5	13	4	4	8	3	5	1	16	4	9	1	3	2	10	1		2	2	11	
113	11	13	8	49	臺北市	大同區	大同區延平北路1段與甘谷街口	25.0527384	121.5118102	0	0	1	2	6	6	5	4	1	1	4	4	5	13	4	4	5	4	5	2	16	1	5	1	7	1	8	1		1	3	8	
113	11	13	8	55	臺北市	大同區	大同區通河西街1段與通河西街堤外便道口口	25.0781166	121.5171624	0	0	2	3	8	6	5	3	2	1	4	4	5	13	4	4	10	5	5	2	13	4	9	7	3	9	19	2		1	3	17	
113	11	13	8	59	臺北市	大安區	大安區和平東路1段與金山南路2段口	25.0267314	121.5255342	0	0	1	2	6	7	5	14	11	1	4	4	5	13	2	1	1	3	5	1	17	4	9	1	6	1	10	1		1	2	14	
113	11	13	9	9	臺北市	文山區	文山區新光路2段燈桿155號旁	24.9970456	121.5771025	0	0	2	2	6	6	5	14	7	1	4	4	5	13	4	4	9	4	4	2	11	1	9	1	5	1	10	1		1	2	11	
113	11	13	9	11	臺北市	士林區	士林區環河北路3段與社中街口	25.0903546	121.501455	0	0	2	3	7	6	5	5	1	1	5	4	5	13	1	1	1	4	4	2	13	4	21	1	3	2	4	1		1	2	1	
113	11	13	9	41	臺北市	大安區	大安區信義路3段111巷18號	25.034751	121.5394921	0	0	1	2	6	6	5	14	9	1	4	4	5	13	4	4	10	5	5	2	17	4	1	1	3	1	8	1		1	3	8	
113	11	13	9	48	臺北市	中山區	中山區敬業三路與敬業三路162巷口	25.07922815	121.5563961	0	0	1	2	6	7	5	4	1	1	4	4	5	13	1	1	3	4	5	2	17	1	6	1	7	1	4	1		1	3	5	
113	11	13	9	53	臺北市	士林區	士林區延平北路5段與葫蘆街口	25.08414043	121.5098852	0	0	2	2	7	6	5	4	1	1	5	4	5	13	1	1	1	4	5	2	16	1	15	1	5	1	10	1		2	2	14	
113	11	13	10	30	臺北市	中山區	中山區林森北路106號	25.050771	121.5249595	0	0	1	2	6	6	5	14	9	1	4	4	5	13	4	4	2	4	5	2	17	4	1	7	3	11	19	2		4	4	17	
113	11	13	10	35	臺北市	中正區	中正區中山北路1段與忠孝西路1段口	25.0459272	121.5195606	0	0	1	2	6	5	5	5	2	1	4	4	5	13	2	1	1	2	1	2	16	1	7	1	5	1	10	1		2	2	14	
113	11	13	10	50	臺北市	南港區	南港區成美橋南往北	25.0520076	121.5828952	0	0	2	2	6	7	5	14	9	1	4	4	5	13	4	4	9	4	5	2	16	4	9	1	6	1	10	1		1	2	11	
113	11	13	11	5	臺北市	信義區	信義區信義路6段15巷與松德路133巷口	25.0371068	121.5752294	0	0	1	3	6	6	5	4	1	1	4	4	5	13	4	4	10	5	5	2	10	1	9	1	7	1	8	1		1	3	1	
113	11	13	11	6	臺北市	南港區	南港區研究院路2段與研究院路2段100巷口	25.0438766	121.6161002	0	0	1	2	6	7	5	4	1	1	4	4	5	13	2	1	1	1	4	2	17	1	9	1	6	1	10	2		4	2	17	
113	11	13	11	28	臺北市	中正區	中正區中山南路與凱達格蘭大道口	25.03915157	121.5172627	0	0	1	3	7	6	5	5	1	1	5	4	5	13	2	1	5	2	5	2	13	1	12	1	5	1	10	1		1	3	13	
113	11	13	11	35	臺北市	中山區	中山區民族東路與雙城街口	25.0684518	121.5249019	0	0	1	2	8	6	5	3	2	1	5	4	5	13	1	1	1	4	5	2	13	1	9	1	5	1	10	1		1	3	11	
113	11	13	11	36	臺北市	大同區	大同區昌吉街與蘭州街口	25.0659217	121.5157477	0	0	1	2	7	7	5	3	1	1	5	4	5	13	2	1	5	5	5	2	17	1	1	1	3	1	8	1		1	3	17	
113	11	13	11	59	臺北市	中山區	中山區吉林路與長安東路2段口	25.048504	121.530124	0	0	1	2	7	6	5	5	1	1	4	4	5	13	2	1	5	4	5	2	3	1	5	1	7	2	8	1		1	3	8	
113	11	13	11	59	臺北市	士林區	士林區故宮路自強隧道往士林出口處	25.0946679	121.5488918	0	0	1	2	7	6	6	6	9	1	5	4	5	13	4	4	1	4	5	2	12	4	9	1	3	2	8	1		1	3	2	
113	11	13	12	6	臺北市	松山區	松山區撫遠街439號	25.0706741	121.5667716	0	0	1	2	8	5	5	14	8	1	5	4	5	13	4	4	1	3	4	2	13	4	14	1	3	2	1	1		1	3	7	
113	11	13	12	10	臺北市	大安區	大安區和平東路2段96巷與和平東路2段96巷10弄口	25.0231248	121.5409541	0	0	1	2	7	6	5	5	1	1	4	4	5	13	4	4	9	5	5	2	12	4	9	1	3	1	8	1		1	3	2	
113	11	13	12	16	臺北市	信義區	信義區吳興街368號	25.0253281	121.5667999	0	0	3	4	7	6	5	14	9	1	5	4	5	13	4	4	8	3	5	2	3	5	18	8	4	10	20	1		2	2	16	
113	11	13	13	35	臺北市	士林區	士林區承德路5段與士商路口	25.09608292	121.5141695	0	0	1	2	7	6	5	4	2	1	5	4	5	13	2	1	1	4	1	1	17	1	9	1	5	1	10	1		1	2	11	
113	11	13	13	40	臺北市	士林區	士林區延平北路6段與通河西街2段口口	25.0940231	121.4978766	0	0	1	2	7	7	5	5	1	1	5	4	5	13	2	1	8	3	4	2	15	4	9	1	3	2	8	1		1	3	2	
113	11	13	13	50	臺北市	中山區	中山區長安東路1段與林森北路口	25.0490516	121.5244851	0	0	1	2	8	6	5	4	1	1	5	4	5	13	1	1	5	4	5	2	16	4	6	1	3	1	4	1		1	3	5	
113	11	13	13	59	臺北市	大安區	大安區信義路4段265巷與信義路口側附近4段265巷5弄口	25.0338021	121.5542818	0	0	1	2	8	6	5	4	18	1	5	4	5	13	4	4	5	5	5	2	3	1	5	1	7	1	8	1		2	3	1	
113	11	13	15	50	臺北市	信義區	信義區吳興街與吳興街269巷口	25.0268126	121.5639247	0	0	2	2	8	6	5	4	1	1	5	4	5	13	4	4	5	5	5	2	13	1	9	1	5	1	10	1		1	2	11	
113	11	13	16	20	臺北市	南港區	南港區南港路1段與南港路1段2巷口口	25.054863	121.6201745	0	0	1	2	8	7	5	3	1	1	5	4	5	13	4	4	1	4	5	1	18	4	9	1	5	1	10	1		2	2	17	
113	11	13	16	29	臺北市	大安區	大安區羅斯福路2段81巷與羅斯福路2段口	25.0258589	121.5235938	0	0	1	2	8	6	5	3	1	1	5	4	5	13	2	1	10	5	5	2	3	1	9	1	7	1	8	1		1	3	8	
113	11	13	17	12	臺北市	信義區	信義區松仁路與莊敬路口	25.026751	121.5681515	0	0	2	2	7	5	5	14	7	1	5	4	5	13	1	1	9	5	4	2	16	4	6	1	3	1	10	1		1	2	14	
113	11	13	17	26	臺北市	文山區	文山區興隆路4段76號	24.9841238	121.5617985	0	0	3	3	7	5	5	14	9	1	5	4	5	13	4	4	1	4	5	2	13	4	9	1	5	1	10	1		1	2	11	
113	11	13	17	33	臺北市	士林區	士林區延平北路7段106巷175號與延平北路7段106巷口	25.1015498	121.4961379	0	0	1	3	7	5	5	3	2	1	5	4	5	13	4	4	10	5	5	1	11	4	12	1	3	2	8	1		1	3	17	
113	11	13	17	44	臺北市	大安區	大安區基隆路4段43號	25.0140144	121.5408013	0	0	1	2	6	5	5	14	20	4	4	4	5	13	4	4	10	5	5	2	17	4	9	8	4	11	20	1		1	2	15	
113	11	13	17	52	臺北市	中山區	中山區長安西路18號	25.04998808	121.5209136	0	0	1	2	8	5	5	14	9	1	5	4	5	13	4	4	3	4	5	2	13	1	9	1	5	1	10	1		1	2	11	
113	11	13	18	15	臺北市	南港區	南港區松河街與重陽路125巷口	25.0584424	121.5974874	0	0	1	2	7	5	5	4	2	1	5	4	5	13	1	1	5	4	5	2	13	1	9	1	7	1	8	1		1	3	1	
113	11	13	18	18	臺北市	中正區	中正區重慶南路2段與重慶南路2段6巷口	25.0345805	121.5127839	0	0	1	2	7	5	5	3	1	1	5	4	5	13	3	1	1	4	5	2	17	1	5	1	5	1	10	1		1	2	14	
113	11	13	18	18	臺北市	文山區	文山區萬壽路與萬壽路75巷口	24.98587424	121.5872991	0	0	1	2	7	5	5	3	1	1	5	4	5	13	4	4	10	5	5	2	17	4	5	1	3	2	8	1		1	3	8	
113	11	13	18	23	臺北市	中山區	中山區明水路575號	25.0800202	121.5520117	0	0	1	2	7	5	5	14	9	1	5	4	5	13	1	1	1	3	5	1	15	1	15	1	7	1	8	1		1	3	6	12
113	11	13	18	43	臺北市	大安區	大安區基隆路2段與和平東路3段口	25.0240516	121.5523181	0	0	2	2	8	5	5	4	2	1	5	4	5	13	1	1	1	4	5	2	17	4	9	1	3	2	10	1		1	2	11	
113	11	13	18	55	臺北市	內湖區	內湖區康寧路3段99巷與康寧路3段99巷39弄口	25.07270518	121.6106605	0	0	1	3	8	5	5	4	2	1	5	4	5	13	4	4	10	5	5	2	17	1	9	1	6	1	10	1		1	2	14	
113	11	13	19	9	臺北市	大安區	大安區忠孝東路3段與建國南路1段口	25.0417852	121.5376071	0	0	1	2	7	5	5	4	2	1	5	4	5	13	1	1	3	3	5	1	12	1	4	1	7	1	4	1		1	3	2	
113	11	13	19	24	臺北市	內湖區	內湖區瑞光路26巷與瑞光路口	25.06977807	121.583347	0	0	1	2	8	5	5	3	1	1	5	4	5	13	2	2	5	2	5	2	17	1	5	1	6	1	10	1		1	2	11	
113	11	13	19	26	臺北市	萬華區	萬華區環河南路1段與環河南路1段348巷口	25.0403931	121.498036	0	0	1	2	7	5	5	3	2	1	5	4	5	13	2	1	1	5	5	2	17	1	14	1	6	1	10	1		2	2	14	12
113	11	13	19	42	臺北市	士林區	士林區格致路與凱旋路口	25.1369413	121.5464246	0	0	1	2	7	5	5	4	2	1	5	4	5	13	3	1	5	5	5	1	17	1	15	1	7	2	8	1		1	3	17	
113	11	13	20	5	臺北市	大同區	大同區民樂街與延平北路2段144巷口	25.0576638	121.5106621	0	0	1	4	7	5	5	3	2	1	5	4	5	13	4	4	9	4	5	2	17	4	14	7	3	11	19	2		1	4	15	
113	11	13	20	14	臺北市	大安區	大安區大安路2段120號	25.0303397	121.5460366	0	0	1	2	8	7	5	14	9	1	5	4	5	13	4	4	5	4	5	2	12	4	1	7	3	11	19	2		1	4	15	
113	11	13	20	55	臺北市	中正區	中正區北平西路與公園路口	25.04692616	121.5179986	0	0	1	2	7	5	5	4	2	1	5	4	5	13	2	1	10	2	5	2	3	4	1	1	3	11	8	1		1	3	7	
113	11	13	21	4	臺北市	中正區	中正區重慶南路2段與南海路口	25.0319147	121.5144346	0	0	1	3	8	5	5	4	1	1	5	4	5	13	2	1	10	4	5	2	16	1	5	1	5	1	10	1		2	2	14	
113	11	13	22	45	臺北市	南港區	南港區忠孝東路6段476號	25.0505318	121.5948999	0	0	1	2	8	5	5	14	9	1	5	4	5	13	4	4	1	3	5	2	12	1	8	1	7	1	14	1		1	3	2	
113	11	14	0	1	臺北市	內湖區	內湖區新明路298巷與南京東路6段口	25.0568647	121.5816867	0	0	2	2	7	5	5	4	1	1	5	4	5	13	1	1	5	4	5	2	15	1	9	6	5	1	10	1		1	2	14	
113	11	14	1	10	臺北市	大同區	大同區市民高架道下環河匝道	25.0506306	121.5072083	0	0	1	2	7	5	5	10	16	1	5	4	5	13	4	4	1	4	5	2	17	4	9	1	3	1	8	1		1	3	1	
113	11	14	6	42	臺北市	萬華區	萬華區長順街22號	25.0317039	121.4899884	0	0	1	2	8	7	5	14	7	1	5	4	5	13	4	4	5	3	5	2	3	1	9	1	7	1	4	1		1	3	1	
113	11	14	7	0	臺北市	大安區	大安區基隆路2段與和平東路3段口	25.0246117	121.5527807	0	0	1	2	8	6	5	5	1	1	5	4	5	13	1	1	3	4	5	2	16	4	5	1	7	1	8	1		1	3	8	
113	11	14	7	7	臺北市	中正區	中正區公園路29號	25.03600299	121.5149888	0	0	1	2	8	6	5	14	7	1	5	4	5	13	2	1	5	4	4	2	16	1	1	1	7	1	8	1		1	2	4	
113	11	14	7	30	臺北市	中正區	中正區忠孝西路1段與中華路1段口	25.0480592	121.5099117	0	0	1	2	8	5	5	5	1	1	5	4	5	13	1	1	1	4	5	2	12	1	9	1	6	1	10	1		1	2	12	
113	11	14	7	32	臺北市	士林區	士林區中山北路5段與雙溪街口	25.1007817	121.5262857	0	0	1	2	8	7	5	3	1	1	5	4	5	13	2	1	5	5	5	1	17	1	5	1	5	1	10	1		2	2	12	
113	11	14	7	40	臺北市	松山區	松山區民權東路3段與敦化北路口	25.0614413	121.5508152	0	0	1	3	8	5	5	4	1	1	5	4	5	13	2	1	3	4	5	2	17	4	9	3	6	1	18	1		1	2	11	
113	11	14	7	44	臺北市	內湖區	內湖區金莊路與行善路383巷口	25.0636849	121.5876487	0	0	1	2	8	7	5	4	1	1	5	4	5	13	1	1	5	5	5	2	16	1	4	1	5	2	10	1		1	2	12	
113	11	14	7	45	臺北市	中山區	中山區吉林路與松江路160巷口	25.05805582	121.5222111	0	0	2	2	8	6	5	4	1	1	5	4	5	13	4	4	5	4	4	2	15	4	1	8	4	1	20	1		1	2	12	
113	11	14	7	58	臺北市	信義區	信義區市民大道6段與松隆路329巷口	25.0488732	121.5792287	0	0	1	3	7	7	5	3	1	1	5	4	5	13	4	4	10	4	5	2	16	4	6	1	7	1	8	1		1	3	2	
113	11	14	8	20	臺北市	大同區	大同區承德路3段與敦煌路口	25.075166	121.5201653	0	0	1	2	7	6	5	4	1	1	5	4	5	13	2	1	1	4	5	2	16	1	5	1	5	1	10	1		2	2	11	
113	11	14	8	29	臺北市	中山區	中山區民族東路10號前	25.0683766	121.5240527	0	0	1	2	8	7	5	14	7	1	5	4	5	13	4	4	1	4	4	2	13	4	9	1	3	1	10	1		2	2	11	
113	11	14	8	32	臺北市	中山區	中山區北安路與敬業二路口	25.08508912	121.5543544	0	0	2	3	8	6	5	4	2	1	5	4	5	13	4	4	8	4	5	2	17	1	6	1	5	2	10	1		1	2	11	
113	11	14	8	50	臺北市	南港區	南港區玉成街與玉成街140巷口口(後山埤3號出口)	25.0451002	121.5832103	0	0	1	2	8	6	5	14	9	1	5	4	3	10	4	4	5	5	5	2	7	1	9	1	5	1	10	1		1	3	11	
113	11	14	9	26	臺北市	文山區	文山區興隆路3段304巷上(燈桿：0701176旁)	24.99536504	121.5570874	0	0	1	2	8	6	5	11	9	1	5	4	5	13	4	4	10	5	5	2	11	1	9	1	7	1	3	1		1	3	4	
113	11	14	9	34	臺北市	中正區	中正區鄭州路與承德路1段口	25.04868034	121.5162748	0	0	4	5	8	6	5	5	2	1	5	4	5	13	2	1	1	4	5	2	13	1	12	1	5	1	10	1		1	3	13	
113	11	14	9	46	臺北市	中山區	中山區中山北路2段與民權東路1段口	25.06287265	121.5229377	0	0	1	2	8	7	5	4	1	1	5	4	5	13	2	1	1	4	5	2	13	4	1	1	3	9	8	1		1	3	1	
113	11	14	9	50	臺北市	士林區	士林區中山北路5段300號對面	25.0889095	121.5273821	0	0	1	2	8	7	5	14	8	1	5	4	5	13	4	4	8	3	3	2	12	4	8	1	3	1	4	1		1	3	2	
113	11	14	9	51	臺北市	中正區	中正區中華路1段與中華路1段95巷附近口	25.03758502	121.5071553	0	0	1	2	8	5	5	5	2	1	5	4	5	13	2	1	1	4	1	2	12	1	9	1	5	2	10	1		1	2	14	
113	11	14	10	1	臺北市	內湖區	內湖區行忠路178巷口側附近(附近)	25.06714317	121.5834971	0	0	3	3	8	5	5	14	9	1	5	4	4	13	4	4	5	4	5	2	13	1	9	1	5	1	10	1		1	2	11	
113	11	14	10	7	臺北市	文山區	文山區指南路3段47號前	24.98420094	121.5797288	0	0	1	2	8	6	5	14	9	1	5	4	5	13	4	4	10	5	5	2	11	1	9	1	7	1	8	1		2	3	4	
113	11	14	10	26	臺北市	信義區	信義區中坡北路與松隆路口	25.0485289	121.5800259	0	0	3	3	7	7	5	4	2	1	5	4	5	13	1	1	1	5	5	2	12	4	9	3	5	1	18	1		2	2	11	
113	11	14	11	25	臺北市	內湖區	內湖區瑞光路496號	25.0791365	121.5687957	0	0	2	2	7	6	5	14	9	1	5	4	5	13	4	4	5	4	5	2	13	3	9	1	6	1	10	1		1	2	11	
113	11	14	11	42	臺北市	內湖區	內湖區民權東路6段與舊宗路1段口	25.06585813	121.575137	0	0	2	2	8	6	5	4	2	1	5	4	5	13	2	1	5	5	5	2	17	1	9	1	6	2	10	1		1	2	11	
113	11	14	11	51	臺北市	文山區	文山區木柵路3段102巷與木柵路3段66巷口口	24.986881	121.5677034	0	0	1	2	8	6	5	4	2	1	5	4	5	13	4	4	10	5	5	2	16	1	6	1	5	1	10	1		1	2	14	
113	11	14	12	30	臺北市	士林區	士林區福林路259號	25.09845311	121.5349713	0	0	1	2	7	5	5	14	9	1	5	4	5	13	4	4	5	5	5	1	16	1	11	1	7	1	4	1		1	3	8	
113	11	14	12	40	臺北市	中山區	中山區民權西路72號	25.06275957	121.5194975	0	0	1	2	8	7	5	14	9	1	5	4	5	13	1	1	1	4	5	2	16	1	6	1	6	1	10	1		2	3	12	
113	11	14	12	40	臺北市	南港區	南港區南港路1段與興華路口口	25.0542335	121.6061126	0	0	1	2	8	6	5	4	2	1	5	4	5	13	2	1	5	4	4	2	12	1	9	3	5	1	18	1		2	2	12	
113	11	14	13	17	臺北市	南港區	南港區忠孝東路7段東往西112燈桿	25.051005	121.5968808	0	0	1	2	7	7	5	14	7	1	5	4	5	13	4	4	1	4	4	2	13	4	9	1	6	1	10	1		2	2	11	
113	11	14	13	18	臺北市	中正區	中正區泉州街20巷與汀州路1段口口	25.0268346	121.5116178	0	0	1	2	7	6	5	4	1	1	5	4	5	13	4	4	5	5	5	2	17	1	6	1	6	1	10	1		2	2	12	
113	11	14	13	20	臺北市	士林區	士林區福林路第1100206號路燈桿	25.09518448	121.5302381	0	0	1	2	7	7	5	14	9	1	5	4	5	13	4	4	9	4	5	1	9	1	9	1	7	2	8	1		1	3	1	
113	11	14	13	25	臺北市	士林區	士林區文林路與文林路404巷口	25.09405359	121.5249864	0	0	1	2	8	6	5	3	2	1	5	4	5	13	4	4	9	4	5	1	17	1	5	1	5	2	10	1		1	2	11	
113	11	14	13	25	臺北市	文山區	文山區木柵路4段23號	24.9937918	121.5714851	0	0	1	2	8	6	5	14	9	1	5	4	5	13	4	4	5	4	5	1	12	1	9	1	5	1	10	1		1	3	12	
113	11	14	13	28	臺北市	信義區	信義區和平東路3段與基隆路2段口	25.0241891	121.5528818	0	0	1	2	8	5	5	5	2	1	5	4	5	13	2	1	1	4	1	2	17	1	6	1	7	1	8	1		1	3	5	