年	月	日	時	分	縣市	行政區	allLocation	GoogleLat	GoogleLng	死	2-30	受傷	當事人數	天候	道路照明設備	道路類別	道路型態	事故位置	路面狀況1	路面狀況2	路面狀況3	道路障礙1	道路障礙2	號誌1	號誌2	車道劃分-分向	車道劃分-分道1	車道劃分-分道2	車道劃分-分道3	事故類型及型態	行動電話	當事者行動狀態	駕駛資格情形	保護裝置	飲酒情形	駕駛執照種類	個人肇逃否	肇因碼-主要	性別	受傷程度	車輛撞擊部位1	車輛撞擊部位2
113	11	14	13	40	臺北市	中山區	中山區南京東路2段98號	25.0521264	121.5316337	0	0	1	3	7	7	5	14	8	1	5	4	5	13	4	4	1	4	4	2	13	1	8	1	7	1	8	1		1	3	6	
113	11	14	13	41	臺北市	中山區	中山區一江街與四平街口	25.0535876	121.5315011	0	0	2	2	8	6	5	4	1	1	5	4	5	13	1	1	5	4	5	2	3	5	16	8	4	10	20	1		2	2	16	12
113	11	14	14	20	臺北市	中正區	中正區杭州南路1段與杭州南路1段6巷口	25.0433501	121.5266589	0	0	1	2	8	7	5	4	1	1	5	4	5	13	4	4	9	4	5	2	15	1	9	1	7	1	4	1		1	3	5	
113	11	14	14	46	臺北市	內湖區	內湖區內湖路2段179巷與金龍隧道口	25.0842925	121.5849656	0	0	3	3	8	6	5	4	2	1	5	4	5	13	2	1	5	4	5	2	17	1	7	1	5	1	10	1		1	2	14	
113	11	14	15	0	臺北市	內湖區	內湖區潭美街與安康路32巷口	25.0610671	121.5950765	0	0	1	3	7	5	5	3	1	1	5	4	5	13	4	4	5	5	5	1	16	1	6	1	7	1	8	1		1	3	5	
113	11	14	15	13	臺北市	信義區	信義區光復南路419巷與仁愛路4段452巷口	25.0364889	121.5592497	0	0	1	5	7	7	5	4	1	1	5	4	5	10	4	4	9	5	5	2	15	4	9	1	3	1	10	1		1	2	11	
113	11	14	16	25	臺北市	信義區	信義區基隆路2段187號	25.0249442	121.5532874	0	0	1	2	8	7	5	14	9	1	5	4	5	13	4	4	3	4	5	2	13	1	9	1	6	1	10	1		1	2	11	
113	11	14	16	36	臺北市	文山區	文山區興隆路2段與興隆路2段301巷口口	25.0014383	121.5531302	0	0	1	2	8	6	5	3	2	1	5	4	5	13	4	4	10	5	5	2	16	1	6	1	6	1	10	1		1	2	14	
113	11	14	16	38	臺北市	信義區	信義區松高路68號	25.038949	121.5707315	0	0	1	2	7	5	5	22	20	4	5	4	5	13	4	4	10	5	5	2	9	1	9	8	2	9	20	1		1	3	12	
113	11	14	16	38	臺北市	士林區	士林區社正路45巷與社正路45巷4弄口	25.0893084	121.5096258	0	0	2	2	8	6	5	3	1	1	5	4	5	13	4	4	10	5	5	1	16	1	5	1	5	1	10	1		1	2	14	
113	11	14	16	53	臺北市	大安區	大安區敦化南路2段與四維路170巷口	25.0281336	121.5485998	0	0	1	2	8	5	5	4	1	1	5	4	5	13	2	1	9	5	5	2	16	1	5	3	5	1	18	1		2	2	12	
113	11	14	17	13	臺北市	北投區	北投區承德路7段與立賢路口	25.1162203	121.5049146	0	0	1	2	8	5	5	3	1	1	5	4	5	13	1	1	3	2	3	1	17	4	6	1	3	2	8	1		1	3	2	
113	11	14	17	14	臺北市	北投區	北投區明德路21號	25.1070391	121.5175063	0	0	1	2	7	5	5	14	9	1	5	4	5	13	4	4	5	5	5	2	17	1	5	1	5	1	10	1		1	2	14	
113	11	14	17	35	臺北市	中山區	中山區松江路與民族東路口	25.0683696	121.5335671	0	0	1	2	7	5	5	5	2	1	5	4	5	13	2	1	8	3	4	1	17	1	9	1	5	1	10	1		1	2	11	
113	11	14	17	42	臺北市	文山區	文山區興順街與興順街80巷口	25.0011787	121.5449766	0	0	1	2	8	5	5	5	2	1	5	4	5	13	2	1	5	5	5	2	16	1	5	1	7	2	8	1		1	3	4	
113	11	14	17	55	臺北市	萬華區	萬華區大理街148號	25.0339148	121.495106	0	0	1	2	7	5	5	14	9	1	5	4	5	13	4	4	10	5	5	2	17	1	14	1	7	1	8	1		1	3	4	
113	11	14	18	10	臺北市	內湖區	內湖區民權東路6段與民權大橋口	25.0666707	121.5779312	0	0	1	2	7	5	5	14	11	1	5	4	5	13	4	4	1	3	4	1	12	4	9	1	3	1	10	1		2	3	12	
113	11	14	18	18	臺北市	內湖區	內湖區金湖路與金湖路367巷口	25.07378799	121.6024299	0	0	1	2	8	6	5	3	2	1	5	4	5	13	2	1	3	4	5	2	17	1	9	1	5	2	10	1		1	2	15	
113	11	14	18	30	臺北市	內湖區	內湖區堤外便道西向東往汐止	25.06571068	121.6171831	0	0	2	3	7	6	5	14	9	1	5	4	5	13	4	4	9	4	5	2	13	1	9	6	7	2	18	1		1	3	5	
113	11	14	18	39	臺北市	北投區	北投區泉源路與新民路口	25.1417188	121.5156528	0	0	1	2	7	5	5	3	2	1	5	4	5	13	4	4	9	5	5	1	17	1	5	1	7	1	1	1		1	3	2	
113	11	14	19	8	臺北市	信義區	信義區莊敬路與松勤街口	25.032117	121.5612593	0	0	1	2	8	5	5	4	1	1	5	4	5	13	2	1	9	4	5	1	12	4	15	1	3	1	10	1		1	3	12	
113	11	14	19	28	臺北市	內湖區	內湖區潭美街與安康路22巷口	25.0610488	121.5938827	0	0	1	2	8	5	5	3	2	1	5	4	5	13	1	1	5	5	5	2	15	1	1	1	7	1	8	1		1	3	5	
113	11	14	19	29	臺北市	大安區	大安區通化街38巷8號	25.0308943	121.5540014	0	0	2	2	8	5	5	14	9	1	5	4	5	13	4	4	10	5	5	2	3	1	9	1	6	1	10	1		2	2	11	
113	11	14	19	44	臺北市	中正區	中正區博愛路與貴陽街1段口	25.038951	121.5110859	0	0	1	3	8	5	5	4	1	1	5	4	5	13	1	1	10	5	5	2	16	1	5	1	5	2	10	1		1	2	11	
113	11	14	19	54	臺北市	萬華區	萬華區堤外便道(華中194燈桿)	25.0210078	121.4917671	0	0	3	3	8	5	5	14	9	1	5	4	5	13	4	4	5	5	5	2	17	1	11	8	4	1	20	1		1	2	14	
113	11	14	20	17	臺北市	北投區	北投區承德路7段與公館路口	25.1197106	121.5016443	0	0	1	2	7	5	5	4	1	1	5	4	5	13	2	1	1	4	4	2	16	1	11	8	4	1	20	1		2	2	14	
113	11	14	20	21	臺北市	萬華區	萬華區萬大路424巷與萬大路486巷46弄口	25.0212302	121.4960391	0	0	1	3	8	5	8	22	22	1	5	4	5	13	1	1	10	5	5	2	17	4	15	1	3	1	4	1		1	3	2	
113	11	14	20	55	臺北市	士林區	士林區忠誠路2段與德行東路口	25.1085314	121.5305338	0	0	1	2	7	5	5	4	2	1	5	4	5	13	1	1	10	4	5	1	17	1	6	1	7	1	8	1		1	3	5	
113	11	14	21	16	臺北市	士林區	士林區基河路與基河路240巷口	25.0912784	121.5216051	0	0	3	3	7	5	5	4	1	1	5	4	5	13	1	1	5	4	5	2	17	1	9	1	6	2	10	1		1	2	11	
113	11	14	21	25	臺北市	中正區	中正區師大路與金門街27巷口	25.0207994	121.5237479	0	0	1	2	7	5	5	3	1	1	5	4	5	13	4	4	1	4	5	2	12	1	9	1	7	1	8	1		1	3	5	
113	11	14	21	43	臺北市	士林區	士林區德行西路21號對面	25.1059994	121.5239969	0	0	1	2	7	5	5	14	9	1	5	4	5	13	4	4	10	4	5	1	17	1	1	1	5	1	10	1		2	2	14	
113	11	14	22	17	臺北市	大安區	大安區市民大道3段與復興南路1段口口	25.0448593	121.543789	0	0	1	3	7	5	5	5	1	1	5	4	5	13	2	1	9	4	5	2	13	1	9	1	5	1	10	1		1	3	11	
113	11	14	22	19	臺北市	北投區	北投區東華街1段與建民路口	25.1101028	121.5188519	0	0	4	5	7	5	5	14	9	1	5	4	5	13	4	4	10	4	5	2	13	1	9	1	6	1	10	1		1	3	13	
113	11	14	23	56	臺北市	大安區	大安區信義路4段186巷與安和路2段32巷口	25.0317335	121.5515962	0	0	1	2	8	5	5	4	1	1	5	4	5	13	4	4	10	5	5	2	15	1	9	1	7	1	8	1		1	3	1	
113	11	14	23	57	臺北市	大安區	大安區基隆路2段與臨江街口口	25.0294814	121.5573325	0	0	1	2	7	5	5	5	2	1	5	4	5	13	4	4	1	4	5	2	12	1	8	6	7	2	8	1		1	3	2	
113	11	14	23	59	臺北市	信義區	信義區福德街81號	25.0370135	121.5813621	0	0	2	2	7	5	5	14	9	1	5	4	5	13	1	1	10	4	5	2	13	1	9	1	6	1	10	1		2	2	11	
113	11	15	0	24	臺北市	中正區	中正區汀州路3段與思源街口	25.0151127	121.5321189	0	0	2	3	7	5	5	3	1	1	5	4	5	13	2	1	5	5	5	2	16	1	6	1	7	2	8	1		2	2	5	
113	11	15	0	40	臺北市	士林區	士林區劍潭路與基河路口	25.0841095	121.5247076	0	0	3	3	8	5	5	14	9	1	5	4	5	13	2	1	1	3	1	1	11	4	15	1	3	2	4	1		1	2	2	
113	11	15	0	41	臺北市	萬華區	萬華區西藏路213號旁	25.028739	121.4962275	0	0	1	2	7	5	5	14	9	1	5	4	5	13	4	4	1	3	5	2	23	1	5	1	6	1	10	1		1	2	12	
113	11	15	1	0	臺北市	萬華區	(第0901209號燈桿處)近西園路二段50巷	25.032399	121.497529	0	0	1	2	7	5	5	14	9	1	5	4	5	13	4	4	1	4	5	2	29	1	5	8	4	6	20	1		1	2	11	14
113	11	15	1	52	臺北市	大同區	大同區環河北路1段與民生西路口	25.0567011	121.5082729	0	0	1	3	7	5	5	14	9	1	5	4	5	13	4	4	1	4	5	2	17	4	7	7	3	11	19	2		1	4	15	
113	11	15	2	4	臺北市	大同區	大同區環河北路2段與酒泉街口	25.0721323	121.5092057	0	0	1	3	8	5	5	5	2	1	5	4	4	13	4	4	5	5	5	2	17	4	21	7	3	9	19	2		1	4	15	
113	11	15	7	19	臺北市	信義區	信義區基隆路1段與基隆路1段102巷口	25.0453462	121.566811	0	0	1	2	7	5	5	14	9	1	5	4	5	13	4	4	5	5	5	2	17	1	6	1	7	1	8	1		1	3	2	
113	11	15	7	19	臺北市	萬華區	萬華區桂林路與貴陽街2段164巷口	25.04002057	121.499977	0	0	1	2	8	6	5	14	8	1	5	4	5	13	4	4	5	4	4	1	9	4	9	1	3	1	8	1		1	3	2	
113	11	15	7	31	臺北市	大同區	大同區重慶北路3段與敦煌路口	25.0763847	121.5137074	0	0	1	2	8	7	5	3	1	1	5	4	5	13	4	4	10	5	5	2	16	1	5	1	6	1	10	1		2	2	12	
113	11	15	7	34	臺北市	中正區	中正區和平西路2段與寧波西街口	25.02899916	121.5121039	0	0	1	2	8	7	5	4	1	1	5	4	5	13	1	1	1	4	5	2	16	4	5	1	5	1	10	1		2	3	13	
113	11	15	8	1	臺北市	大安區	大安區和平東路2段76巷30弄與和平東路2段76巷19弄口	25.0233047	121.5395149	0	0	2	2	8	7	5	4	1	1	5	4	5	13	4	4	4	3	5	1	17	1	5	8	4	1	20	1		2	2	15	
113	11	15	8	5	臺北市	松山區	松山區民生東路5段163-1號	25.0596489	121.5631965	0	0	1	3	8	5	5	14	9	1	5	4	5	13	4	4	1	3	1	2	12	4	6	1	3	1	4	1		1	3	2	
113	11	15	8	14	臺北市	士林區	士林區中正路628號	25.0866189	121.5083737	0	0	1	2	8	6	5	14	9	1	5	4	5	13	4	4	9	4	5	1	12	1	8	1	7	1	8	1		1	3	2	
113	11	15	8	24	臺北市	中正區	中正區忠孝東路1段與紹興南街口	25.04432459	121.5250094	0	0	1	2	8	7	5	4	1	1	5	4	5	13	1	1	1	3	1	2	13	1	9	1	7	1	8	1		1	3	1	
113	11	15	8	28	臺北市	士林區	士林區中山北路7段與天母西路口	25.1183311	121.5300441	0	0	2	3	8	5	5	4	1	1	5	4	5	13	2	1	1	5	5	1	17	4	9	8	2	1	20	1		1	3	14	
113	11	15	8	47	臺北市	萬華區	萬華區西園路1段與西園路1段136巷口	25.0378738	121.4995874	0	0	1	2	7	5	5	4	1	1	5	4	5	13	4	4	5	4	5	2	17	4	11	1	7	1	7	1		1	3	1	
113	11	15	8	48	臺北市	大安區	大安區基隆路3段與辛亥路3段口	25.0188405	121.5464509	0	0	1	3	8	6	5	5	1	1	5	4	5	13	1	1	1	4	5	2	13	4	9	1	6	1	9	1		1	2	11	
113	11	15	8	58	臺北市	信義區	信義區市民大道5段與基隆路1段口	25.0490297	121.5691276	0	0	1	2	7	5	5	5	2	1	5	4	5	13	1	1	5	5	5	2	29	1	9	1	5	1	10	1		1	2	14	
113	11	15	9	1	臺北市	中山區	中山區濱江街與大直橋口	25.07238334	121.5442226	0	0	2	2	8	6	5	4	1	1	5	4	5	13	1	1	1	4	5	2	13	4	9	1	6	1	10	1		2	2	13	
113	11	15	9	30	臺北市	內湖區	內湖區民權東路6段與成功路2段口	25.0689646	121.5907388	0	0	1	2	8	5	5	4	2	1	5	4	5	13	1	1	1	5	5	2	17	1	5	1	7	1	8	1		1	2	5	
113	11	15	9	38	臺北市	萬華區	萬華區雙和街31巷24號	25.0272451	121.5020322	0	0	1	2	8	6	5	14	9	1	5	4	5	13	4	4	10	5	5	1	12	4	9	1	3	11	10	1		1	4	12	
113	11	15	9	40	臺北市	士林區	士林區福志路與雨農路口	25.098393	121.5319743	0	0	1	2	8	6	5	14	9	1	5	4	5	13	4	4	9	5	5	1	17	1	11	1	7	1	8	1		1	3	4	
113	11	15	9	48	臺北市	文山區	文山區老泉街26巷(南往北0700986燈桿旁）	24.9693091	121.5688004	0	0	1	3	8	6	5	14	9	1	5	4	3	10	4	4	10	5	5	1	10	1	9	6	7	2	18	1		1	3	8	
113	11	15	9	49	臺北市	中山區	中山區長春路與長春路61巷口	25.0549315	121.5263376	0	0	1	2	7	7	5	3	1	1	5	4	5	13	4	4	10	5	5	2	17	4	9	1	7	11	7	2		1	3	17	
113	11	15	9	51	臺北市	中山區	中山區內湖路1段32巷與內湖路1段口	25.08478822	121.5595288	0	0	1	2	8	6	5	5	2	1	5	4	5	13	4	4	10	3	5	1	17	1	6	1	5	1	10	1		2	3	14	
113	11	15	10	7	臺北市	大安區	大安區和平東路2段與建國南路2段口	25.02561654	121.5378484	0	0	1	3	8	6	5	5	1	1	5	4	5	13	2	1	1	4	5	2	17	1	7	1	5	2	10	1		2	2	15	
113	11	15	10	28	臺北市	士林區	士林區中山北路6段與中山北路6段12巷口	25.10377575	121.5266217	0	0	1	2	8	6	5	14	9	1	5	4	5	13	4	4	10	5	5	1	2	5	16	8	4	10	20	1		1	2	16	
113	11	15	10	30	臺北市	信義區	信義區莊敬路與吳興街345巷口	25.02698544	121.5636315	0	0	1	2	8	6	5	4	2	1	5	4	5	13	1	1	5	5	4	2	2	4	5	1	3	1	4	1		1	3	8	
113	11	15	10	43	臺北市	萬華區	萬華區成都路與昆明街口	25.0429542	121.5050991	0	0	1	3	8	6	5	4	2	1	5	4	5	13	2	1	9	4	5	2	17	1	12	1	7	9	2	1		1	3	17	
113	11	15	11	3	臺北市	士林區	士林區德行東路與芝玉路1段口	25.1096567	121.5339477	0	0	1	2	7	7	5	3	2	1	5	4	5	13	4	4	9	4	5	1	2	5	20	8	4	10	20	1		1	2	16	
113	11	15	11	10	臺北市	萬華區	萬華區西園路2段與東園街口	25.0282966	121.4952522	0	0	2	4	8	6	5	3	1	1	5	4	5	13	2	1	1	5	5	2	15	1	9	6	5	1	10	1		1	3	11	
113	11	15	11	11	臺北市	大安區	大安區忠孝東路4段223巷與忠孝東路4段205巷7弄口	25.0420706	121.5530179	0	0	1	2	8	6	5	4	1	1	5	4	5	13	4	4	10	5	5	2	15	4	9	1	5	1	10	1		2	2	11	
113	11	15	11	25	臺北市	文山區	文山區木新路3段74巷與興隆路4段179巷口	24.9837282	121.5630065	0	0	1	2	7	6	5	4	1	1	5	4	5	13	4	4	10	5	5	2	1	1	9	1	7	2	8	1		1	3	8	
113	11	15	11	40	臺北市	中山區	中山區民權東路2段71巷7號	25.063152	121.5316717	0	0	1	2	8	7	5	14	9	1	5	4	5	13	4	4	9	5	5	2	16	1	11	1	7	1	8	1		1	3	8	
113	11	15	12	3	臺北市	大安區	大安區信義路3段與建國南路2段口	25.03343818	121.5382494	0	0	1	2	8	6	5	4	2	1	5	4	5	13	2	1	1	4	5	2	17	4	21	7	3	11	19	2		1	4	15	
113	11	15	12	20	臺北市	北投區	北投區大度路3段與關渡路口	25.1228918	121.4695115	0	0	1	2	8	7	5	3	1	1	5	4	5	13	2	1	3	4	5	2	16	4	6	1	3	1	8	1		1	3	5	
113	11	15	12	40	臺北市	北投區	北投區承德路6段與軟橋街口	25.0987254	121.513082	0	0	1	2	7	6	5	4	1	1	5	4	5	13	2	1	1	4	4	2	13	1	8	1	7	1	8	1		1	3	6	
113	11	15	12	43	臺北市	內湖區	內湖區舊宗路1段86號	25.0593169	121.5798082	0	0	1	2	7	6	5	22	9	1	5	4	4	13	4	4	1	4	5	1	12	1	10	1	5	1	10	1		1	2	14	
113	11	15	12	52	臺北市	大同區	大同區延平北路3段與酒泉街口	25.0720722	121.5109925	0	0	1	2	8	5	5	4	2	1	5	4	5	13	2	1	5	4	4	2	17	4	6	1	3	2	8	1		1	3	2	
113	11	15	12	55	臺北市	文山區	文山區木柵路1段與木柵路1段378巷口	24.98844954	121.5566383	0	0	1	3	8	7	5	3	1	1	5	4	5	10	4	4	10	5	5	2	16	1	5	1	5	1	10	1		1	3	11	
113	11	15	13	0	臺北市	北投區	北投區稻香路燈桿1204221旁	25.14632605	121.4822044	0	0	1	2	8	7	5	14	9	1	5	4	5	13	4	4	5	5	5	2	18	1	9	1	5	9	9	1		1	2	11	
113	11	15	13	23	臺北市	中正區	中正區懷寧街與寶慶路口	25.0407397	121.5139676	0	0	2	2	8	6	5	3	2	1	5	4	5	13	4	4	10	5	5	2	13	1	9	1	5	2	10	1		1	2	13	
113	11	15	13	43	臺北市	文山區	文山區木柵路4段與木柵路4段149巷口	24.9993061	121.575464	0	0	1	2	7	6	4	3	1	1	5	4	5	13	4	4	10	5	5	2	16	1	5	1	6	2	10	1		1	2	12	
113	11	15	13	47	臺北市	松山區	松山區光復北路與南京東路4段口	25.0515326	121.5575305	0	0	1	2	8	7	5	4	1	1	5	4	5	13	1	1	9	4	5	2	13	1	9	1	7	1	8	1		2	3	5	
113	11	15	13	48	臺北市	中正區	中正區水源快速道路(師大路匝道往新店方向)	25.0200192	121.5227406	1	0	0	5	8	6	5	3	2	1	5	4	5	13	4	4	10	5	5	1	20	4	6	1	3	9	1	1		1	1	4	
113	11	15	14	2	臺北市	大安區	大安區忠孝東路3段276巷12號	25.0408059	121.5424547	0	0	1	2	8	5	5	14	9	1	5	4	5	13	4	4	4	3	5	2	12	1	9	1	6	1	10	1		2	2	14	
113	11	15	14	8	臺北市	中正區	中正區中山南路與凱達格蘭大道口	25.03922558	121.5176294	0	0	2	2	8	6	5	5	1	1	5	4	5	13	2	1	5	4	5	2	15	1	9	1	7	2	8	1		1	2	1	
113	11	15	14	8	臺北市	大同區	大同區西寧北路與鄭州路口	25.0505709	121.508128	0	0	2	3	8	5	5	14	9	1	5	4	5	13	2	1	9	4	5	1	16	4	5	1	3	1	8	1		1	3	5	
113	11	15	14	10	臺北市	北投區	北投區大度路農禪寺出入口	25.1215565	121.495871	0	0	2	2	7	6	5	14	12	1	5	4	5	13	4	4	1	4	1	1	13	1	9	1	5	1	9	1		2	2	11	
113	11	15	14	35	臺北市	北投區	北投區天母西路與磺溪便道口	25.1186942	121.523741	0	0	2	3	8	6	5	4	1	1	5	4	5	13	4	4	5	5	5	2	16	1	6	1	6	1	9	1		1	2	12	
113	11	15	14	36	臺北市	中山區	中山區濱江街高公閘道	25.0725105	121.5420654	0	0	1	3	8	7	5	14	9	1	5	4	5	13	4	4	1	5	5	2	17	1	9	1	7	2	2	1		1	3	15	
113	11	15	14	58	臺北市	中正區	中正區和平西路1段與重慶南路3段口	25.0274506	121.5156244	0	0	1	2	8	7	5	5	1	1	5	4	5	13	1	1	1	4	5	2	9	4	9	1	7	2	2	1		1	3	17	
113	11	15	15	0	臺北市	大同區	大同區鄭州路與太原路口	25.0492178	121.5146229	0	0	1	2	8	5	5	3	2	1	5	4	5	13	4	4	1	4	1	2	13	1	8	2	5	2	18	1		1	2	13	
113	11	15	15	35	臺北市	大安區	大安區復興南路1段350號	25.03574424	121.5435447	0	0	1	3	7	5	5	14	9	1	5	4	5	13	4	4	10	5	5	2	17	4	15	1	3	2	10	2		4	2	14	
113	11	15	15	52	臺北市	士林區	士林區中正路與中正路212巷口	25.09544664	121.5263333	0	0	1	2	7	6	5	4	1	1	5	4	5	13	1	1	1	4	5	2	17	4	5	1	3	2	8	1		1	3	5	
113	11	15	16	6	臺北市	大安區	大安區忠孝東路3段237巷與忠孝東路3段217巷4弄口	25.0427912	121.5406742	0	0	1	2	8	6	5	3	1	1	5	4	5	13	4	4	10	5	5	2	14	1	2	1	7	1	8	1		1	3	7	
113	11	15	16	21	臺北市	內湖區	內湖區瑞光路與基湖路口	25.0807775	121.5650452	0	0	2	3	8	7	5	3	1	1	5	4	5	13	2	1	5	4	4	2	16	1	5	1	5	1	10	1		2	2	12	
113	11	15	16	21	臺北市	南港區	南港區忠孝東路6段與忠孝東路6段185巷口	25.0489438	121.5873165	0	0	1	2	8	6	5	3	2	1	5	4	5	13	4	4	1	3	4	2	17	4	6	1	3	1	4	1		1	3	17	
113	11	15	17	2	臺北市	士林區	士林區延平北路5段與延平北路5段224巷口	25.0841295	121.5100059	0	0	1	2	7	6	5	4	2	1	5	4	5	13	1	1	3	4	5	2	14	1	9	8	4	2	20	1		1	2	11	
113	11	15	17	14	臺北市	南港區	南港區東新街與南港路3段口口	25.0516566	121.5825673	0	0	1	2	7	5	5	5	1	1	4	4	5	13	2	1	1	5	5	2	16	1	5	1	6	1	10	1		1	3	12	
113	11	15	17	14	臺北市	萬華區	萬華區國興路20號	25.0244706	121.5085254	0	0	1	2	7	5	8	22	20	1	5	4	5	13	4	4	10	5	5	2	9	1	9	8	4	1	20	1		2	2	14	
113	11	15	17	30	臺北市	內湖區	內湖區金龍路與內湖路3段89巷口	25.085546	121.5909193	0	0	2	2	7	5	5	3	1	1	5	4	5	13	4	4	9	4	4	2	16	1	5	1	5	1	10	1		1	2	14	
113	11	15	17	34	臺北市	北投區	北投區西安街1段與西安街1段313巷口	25.1130556	121.5162936	0	0	3	3	7	6	5	3	1	1	5	4	5	13	4	4	10	4	5	2	3	1	9	1	6	2	10	1		1	2	12	
113	11	15	18	1	臺北市	內湖區	內湖區內湖路2段229號	25.0817566	121.5891423	0	0	1	3	8	5	5	14	9	1	5	4	5	13	4	4	5	5	5	2	9	5	16	8	4	10	20	1		1	3	17	
113	11	15	18	3	臺北市	大同區	大同區忠孝西路2段13號	25.0485117	121.5085538	0	0	1	4	7	5	5	14	9	1	5	4	5	13	4	4	1	4	5	2	13	1	8	1	7	1	4	1		1	3	17	
113	11	15	18	8	臺北市	南港區	南港區經貿二路與經貿二路88巷口	25.057427	121.616891	0	0	2	2	8	5	5	3	1	1	5	4	5	13	2	1	1	3	5	2	13	4	9	1	3	1	10	1		1	2	11	
113	11	15	19	0	臺北市	中正區	中正區公園路與貴陽街1段口	25.03875381	121.5152981	0	0	1	2	7	5	5	4	1	1	5	4	5	13	1	1	5	4	5	2	17	4	15	8	4	1	20	1		1	3	13	
113	11	15	19	1	臺北市	中山區	中山區松江路133巷與南京東路2段115巷口口	25.05418199	121.5336558	0	0	2	2	8	5	5	14	9	1	5	4	5	13	4	4	10	5	5	2	10	1	9	1	5	2	10	1		1	2	11	
113	11	15	19	3	臺北市	中山區	中山區民權東路1段榮星花園75號停車格	25.0624727	121.5403292	0	0	1	3	7	5	5	14	9	1	1	4	5	13	4	4	3	4	5	2	17	4	15	1	3	1	8	1		1	3	4	
113	11	15	19	17	臺北市	信義區	信義區基隆路1段與基隆路1段102巷口	25.0453747	121.5668271	0	0	1	2	7	5	5	3	1	1	5	4	5	13	4	4	1	4	5	2	16	1	6	1	7	2	8	1		1	3	2	
113	11	15	19	53	臺北市	信義區	信義區忠孝東路5段508-6號	25.0406169	121.5785601	0	0	2	2	8	5	5	14	9	1	5	4	5	13	4	4	10	5	5	1	16	4	5	1	3	1	10	1		1	2	14	
113	11	15	20	47	臺北市	大安區	大安區仁愛路4段與敦化南路1段口	25.0378413	121.5477517	0	0	1	2	8	5	5	4	1	1	5	4	5	13	2	1	1	4	5	2	3	1	6	1	7	2	8	1		2	3	1	
113	11	15	21	38	臺北市	中正區	中正區基隆路4段與羅斯福路4段口口	25.0111695	121.5367993	0	0	1	3	7	5	5	5	1	1	5	4	5	13	1	1	1	4	4	2	16	4	5	1	3	2	8	1		1	3	8	
113	11	15	21	40	臺北市	中山區	中山區松江路133巷與南京東路2段115巷口	25.05435257	121.5336341	0	0	1	2	8	5	5	4	1	1	5	4	5	13	4	4	10	5	5	2	15	1	9	1	6	1	10	1		1	2	14	
113	11	15	21	45	臺北市	士林區	士林區中正路345號	25.09444011	121.5223328	0	0	2	3	8	5	8	22	22	1	5	4	5	13	3	1	2	4	5	1	17	1	11	3	5	2	18	1		1	2	11	
113	11	15	21	58	臺北市	萬華區	萬華區堤外便道(華中至大理)	25.0199416	121.4922367	0	0	2	2	7	5	5	12	9	1	5	4	5	13	4	4	10	5	5	2	17	1	9	1	6	1	10	1		2	2	11	14
113	11	15	22	20	臺北市	內湖區	內湖區康寧路3段70巷與康寧路3段口	25.0703968	121.6113278	0	0	1	2	7	5	5	4	1	1	5	4	5	13	2	1	1	4	5	2	17	1	5	1	7	1	8	1		1	3	8	
113	11	15	22	37	臺北市	南港區	南港區南港路1段與經貿一路口	25.0546796	121.6192626	0	0	2	2	7	5	5	3	1	1	5	4	5	13	4	4	5	4	5	2	13	1	9	1	5	1	8	1		2	2	13	
113	11	15	23	10	臺北市	北投區	北投區承德路7段與實踐街口	25.1145599	121.5070969	0	0	1	2	7	5	5	14	9	1	5	4	5	13	1	1	1	4	4	2	12	1	6	1	7	1	8	1		1	3	8	
113	11	15	23	24	臺北市	中正區	中正區凱達格蘭大道近中山南路口往西方向	25.0394525	121.5164693	0	0	1	2	7	5	5	14	9	1	5	4	5	13	4	4	5	4	5	2	16	1	7	1	6	2	10	1		2	2	13	
113	11	15	23	50	臺北市	中正區	中正區愛國西路與延平南路1段口	25.03699381	121.5082589	0	0	1	2	7	5	5	4	1	1	5	4	5	13	1	1	1	4	5	2	17	4	6	1	7	2	8	1		1	3	15	
113	11	15	23	58	臺北市	大同區	大同區民權西路與蘭州街口口	25.0629131	121.5146832	0	0	1	2	8	5	5	4	1	1	5	4	5	13	2	1	10	5	5	2	13	1	5	6	5	1	18	1		1	3	13	
113	11	16	0	6	臺北市	大安區	大安區延吉街133號	25.04246816	121.5542282	0	0	1	2	7	5	5	14	9	1	5	4	5	13	4	4	5	5	5	2	13	1	12	1	5	1	10	1		1	2	11	
113	11	16	0	15	臺北市	松山區	松山區塔悠路與南京東路5段口	25.0513233	121.5704531	0	0	1	2	7	5	5	5	1	1	4	4	5	13	2	1	1	5	5	2	12	4	9	3	3	2	18	1		1	3	2	
113	11	16	0	57	臺北市	內湖區	內湖區康樂街85巷與康樂街61巷口	25.0695623	121.6195084	0	0	2	2	8	5	5	4	1	1	5	4	5	13	4	4	10	5	5	2	15	1	9	1	7	2	4	1		1	2	2	
113	11	16	7	31	臺北市	中山區	中山區民權東路1段與新生北路2段口	25.0625306	121.5277522	0	0	3	3	8	7	5	4	1	1	5	4	5	13	1	1	5	4	5	2	13	1	9	1	5	1	10	1		1	2	11	
113	11	16	8	10	臺北市	松山區	松山區民權東路3段184巷1號	25.06113228	121.5496509	0	0	1	2	7	6	5	14	9	1	5	4	5	13	4	4	7	5	5	2	17	1	7	1	6	1	10	1		1	2	14	