年	月	日	時	分	縣市	行政區	allLocation	GoogleLat	GoogleLng	死	2-30	受傷	當事人數	天候	道路照明設備	道路類別	道路型態	事故位置	路面狀況1	路面狀況2	路面狀況3	道路障礙1	道路障礙2	號誌1	號誌2	車道劃分-分向	車道劃分-分道1	車道劃分-分道2	車道劃分-分道3	事故類型及型態	行動電話	當事者行動狀態	駕駛資格情形	保護裝置	飲酒情形	駕駛執照種類	個人肇逃否	肇因碼-主要	性別	受傷程度	車輛撞擊部位1	車輛撞擊部位2
113	11	16	8	52	臺北市	松山區	松山區敦化北路244巷與敦化北路244巷6弄口	25.0606475	121.5494218	0	0	1	2	6	6	5	4	1	1	4	4	5	13	4	4	10	5	5	2	15	4	9	1	7	1	8	1		1	3	1	
113	11	16	10	16	臺北市	大同區	大同區大龍街與酒泉街口	25.0720056	121.5158232	0	0	2	2	7	5	5	14	9	1	5	4	5	13	1	1	9	4	5	1	13	4	5	1	3	1	10	1		1	2	11	
113	11	16	10	45	臺北市	信義區	信義區基隆路1段與松壽路口	25.0356071	121.561328	0	0	1	2	7	6	5	4	2	1	5	4	5	13	1	1	1	4	5	2	13	4	9	1	3	1	10	1		1	3	11	
113	11	16	10	47	臺北市	中正區	中正區仁愛路1段與林森南路口	25.0388676	121.5216268	0	0	1	2	7	6	5	4	1	1	5	4	5	13	1	1	1	4	5	2	15	1	9	1	7	2	8	1		1	3	4	
113	11	16	10	50	臺北市	信義區	信義區一號道路	25.0372755	121.5620362	0	0	1	2	7	6	5	14	9	4	5	4	5	13	4	4	5	4	5	2	18	1	9	1	6	1	10	1		2	2	15	
113	11	16	11	5	臺北市	南港區	南港區南港路2段142號	25.0533683	121.6011273	0	0	2	2	8	6	5	14	9	1	5	4	5	13	4	4	4	4	4	2	3	4	9	1	3	2	10	1		2	2	11	
113	11	16	11	7	臺北市	萬華區	萬華區華中橋標牌華中053	25.0125656	121.4953922	0	0	2	5	7	7	7	8	11	1	5	4	5	13	4	4	10	5	5	2	17	1	14	1	5	1	10	1		1	3	17	13
113	11	16	12	2	臺北市	內湖區	內湖區瑞光路583巷與瑞光路513巷22弄口	25.0803316	121.5678796	0	0	1	2	8	6	5	4	1	1	5	4	5	13	3	1	5	4	5	2	15	1	9	1	5	1	10	1		1	2	13	
113	11	16	12	4	臺北市	大安區	大安區光復南路200號	25.04195267	121.5575934	0	0	1	3	8	6	5	14	9	1	5	4	5	13	4	4	1	4	5	2	17	1	7	1	6	1	10	1		2	3	17	
113	11	16	12	13	臺北市	大安區	大安區基隆路2段與樂業街口	25.022385	121.5503345	0	0	1	2	7	6	5	4	1	1	5	4	5	13	2	1	4	5	5	2	15	1	9	1	7	1	8	1		1	3	1	
113	11	16	12	35	臺北市	大同區	大同區民生西路與環河北路2段口水門內	25.0565535	121.5079882	0	0	2	3	8	7	5	14	9	1	5	4	5	13	4	4	10	5	5	2	13	1	9	1	6	1	10	1		1	2	11	
113	11	16	12	52	臺北市	信義區	信義區富陽街與富陽街71巷口	25.0217634	121.5564794	0	0	1	2	7	6	5	4	1	1	5	4	5	13	4	4	4	5	5	2	14	4	11	1	3	2	8	1		1	3	3	14
113	11	16	13	32	臺北市	北投區	北投區大度路042燈桿	25.1221995	121.4852671	0	0	1	2	8	7	5	14	12	1	5	4	5	13	4	4	1	4	2	1	18	4	8	1	3	1	10	1		2	2	12	
113	11	16	13	50	臺北市	士林區	士林區承德路4段與承德路4段40巷口	25.08045156	121.5221532	0	0	1	2	8	6	5	4	2	1	5	4	5	13	2	1	1	4	4	1	13	1	9	1	5	1	10	1		2	2	11	
113	11	16	14	0	臺北市	大安區	大安區辛亥路1段64號前汀州地下道往建國高架方向	25.0208666	121.5307097	0	0	2	3	8	6	5	14	9	1	5	4	5	13	4	4	1	4	5	2	17	1	7	1	7	2	8	1		1	3	8	
113	11	16	14	11	臺北市	大安區	大安區和平東路3段與和平東路3段416巷口口	25.0181777	121.5590408	0	0	1	2	7	6	5	5	1	1	5	4	5	13	2	1	1	4	5	2	17	1	5	1	7	1	8	1		1	3	8	
113	11	16	14	20	臺北市	內湖區	內湖區康樂街110巷與康樂街136巷18弄口	25.0707257	121.6183123	0	0	2	2	8	6	5	4	1	1	5	4	5	13	4	4	10	5	5	2	15	1	9	1	5	1	10	1		1	2	11	
113	11	16	14	48	臺北市	萬華區	萬華區環河南路1段10號	25.0480121	121.5052476	0	0	2	2	7	6	5	14	9	1	5	4	5	12	4	4	5	4	5	2	13	1	9	1	6	1	10	1		1	2	11	
113	11	16	15	18	臺北市	文山區	文山區木新路2段111巷12弄對面（靠河堤側機車停車格）	24.98313993	121.5702622	0	0	3	3	8	6	5	14	9	2	5	4	5	13	4	4	10	5	5	2	17	4	2	1	5	1	8	1		1	2	13	
113	11	16	15	31	臺北市	信義區	信義區松仁路123號	25.0343851	121.5684003	0	0	1	2	8	7	5	14	9	1	5	4	5	13	4	4	9	4	5	2	13	1	9	1	5	2	10	1		1	2	14	
113	11	16	15	37	臺北市	中山區	中山區基湖路與基湖路145巷口	25.0782694	121.5638944	0	0	1	2	7	6	5	4	1	1	5	4	5	13	4	4	10	5	5	2	15	4	9	1	7	2	8	1		1	3	8	
113	11	16	16	5	臺北市	萬華區	萬華區中華路1段與南寧路口	25.0373141	121.5066743	0	0	1	2	7	7	5	5	1	1	5	4	5	13	1	1	1	4	1	2	16	1	6	1	7	1	8	1		1	3	2	
113	11	16	16	34	臺北市	大安區	大安區和平東路3段228巷與安居街46巷口	25.0209376	121.5535213	0	0	1	2	7	5	5	3	1	1	5	4	5	13	4	4	10	4	5	2	16	1	1	1	7	1	8	1		1	3	4	
113	11	16	16	35	臺北市	文山區	文山區新光路2段0707737燈桿	25.0020241	121.5848316	0	0	1	2	7	5	5	11	9	1	5	4	5	13	4	4	9	4	5	1	12	4	7	1	5	1	10	1		1	2	14	
113	11	16	17	1	臺北市	大安區	大安區和平東路3段228巷35號	25.0209543	121.5536419	0	0	1	2	7	5	5	14	9	1	5	4	5	13	4	4	9	5	5	2	17	1	15	1	7	2	8	1		1	3	4	
113	11	16	17	19	臺北市	內湖區	內湖區金湖路與康寧路1段口	25.078991	121.5995806	0	0	2	3	6	5	5	3	1	1	4	4	5	13	1	1	1	4	5	2	15	1	1	1	5	1	10	1		1	3	13	
113	11	16	17	50	臺北市	內湖區	內湖區洲子街12號	25.0784259	121.5752189	0	0	2	2	6	5	8	14	9	1	4	4	5	13	4	4	5	4	5	2	3	5	16	8	4	10	20	1		1	2	16	
113	11	16	18	9	臺北市	大安區	大安區仁愛路3段47號	25.038465	121.5355362	0	0	1	2	7	5	5	14	9	1	5	4	5	13	4	4	1	4	5	1	17	1	7	1	5	1	10	1		2	2	13	
113	11	16	18	17	臺北市	萬華區	萬華區中華路1段與成都路口	25.0422543	121.5081357	0	0	4	5	7	5	5	5	1	1	5	4	5	13	1	1	1	4	1	2	17	1	6	1	7	2	8	1		1	3	5	
113	11	16	19	30	臺北市	文山區	文山區興隆路4段與木柵路2段口口	24.9886463	121.5601377	0	0	2	2	6	5	5	4	18	1	4	4	5	13	2	1	1	4	5	2	3	1	9	1	5	2	10	1		1	2	11	
113	11	16	20	32	臺北市	大安區	大安區和平東路3段與敦化南路2段口	25.0247872	121.5490018	0	0	1	2	7	5	5	4	1	1	5	4	5	13	1	1	1	4	5	1	17	1	15	1	5	1	10	1		2	2	12	
113	11	16	20	50	臺北市	中山區	中山區北安路139號	25.0782246	121.5330302	0	0	2	2	7	5	5	11	9	1	4	4	5	13	4	4	1	4	5	2	12	1	9	1	6	1	10	1		1	2	11	
113	11	16	20	56	臺北市	中山區	中山區民族西路與中山北路3段口	25.0684579	121.5227302	0	0	2	2	8	5	5	4	2	1	5	4	5	13	1	1	3	4	3	2	13	4	9	1	5	1	10	1		1	2	11	
113	11	16	21	7	臺北市	松山區	松山區南京東路5段與寶清街口	25.05127846	121.5684551	0	0	1	2	8	5	5	4	2	1	5	4	5	13	1	1	9	4	5	2	3	4	5	1	7	2	4	1		1	3	1	
113	11	16	21	30	臺北市	中山區	中山區林森北路479號	25.0611616	121.5256172	0	0	2	3	8	5	5	14	9	1	5	4	5	13	4	4	9	5	5	2	17	1	11	1	7	1	8	1		1	3	8	
113	11	16	21	30	臺北市	文山區	文山區木柵路2段202號	24.9888626	121.5635744	0	0	1	2	6	5	5	14	9	1	4	4	5	13	4	4	4	5	5	1	3	1	9	1	6	1	10	1		2	3	11	
113	11	16	22	10	臺北市	士林區	士林區福林路254巷與至善路1段口	25.0978992	121.5379659	0	0	2	3	8	5	5	3	1	1	5	4	5	13	3	1	1	2	4	2	12	4	7	1	3	1	8	1		1	3	4	
113	11	16	22	15	臺北市	內湖區	內湖區民權東路6段90巷25弄與民權東路6段120巷口	25.06762448	121.5872392	0	0	1	2	6	5	5	4	1	1	4	4	5	13	4	4	10	5	5	2	15	1	9	1	6	2	10	1		1	2	12	
113	11	16	23	0	臺北市	士林區	士林區雨農路與雨農路21巷口	25.09813432	121.5323122	0	0	1	2	8	5	5	3	1	1	5	4	5	13	4	4	5	4	5	2	16	4	4	7	3	9	19	2		1	4	15	
113	11	16	23	16	臺北市	松山區	松山區市民大道5段與東寧路口	25.0473278	121.5630194	0	0	2	4	7	5	5	3	1	1	5	4	5	13	1	1	1	3	4	2	17	1	5	1	6	2	10	1		1	2	11	
113	11	17	0	11	臺北市	內湖區	內湖區成功路5段466號	25.0732145	121.6068239	0	0	1	2	6	5	5	14	9	1	4	4	5	13	4	4	9	4	4	2	12	1	9	1	7	2	8	1		1	3	2	
113	11	17	5	8	臺北市	中正區	中正區林森北路與忠孝東路1段口	25.0449011	121.5233683	0	0	1	2	7	5	5	4	1	1	5	4	5	13	1	1	5	4	5	2	17	1	5	1	5	2	10	1		1	2	14	
113	11	17	5	15	臺北市	士林區	士林區中正路與福港街口	25.09619194	121.5195781	0	0	2	2	7	5	5	3	1	1	5	4	5	13	2	1	5	4	5	1	15	1	11	1	7	1	4	1		1	2	4	
113	11	17	9	5	臺北市	中正區	中正區忠孝東路1段與鎮江街口	25.0451483	121.5214783	1	0	16	18	7	6	5	4	2	1	5	4	5	13	2	1	3	4	5	2	17	1	9	1	7	2	6	1		2	3	1	
113	11	17	9	14	臺北市	士林區	士林區天母東路69巷與中山北路7段114巷口	25.1217852	121.5333349	0	0	1	2	7	5	8	3	1	1	4	4	5	13	4	4	5	5	5	1	3	1	9	1	5	1	10	1		1	3	11	
113	11	17	10	5	臺北市	北投區	北投區行義路與行義路140巷口	25.129843	121.5280781	0	0	2	3	6	6	5	14	9	1	4	4	5	13	4	4	5	1	5	1	12	1	4	1	7	1	8	1		1	3	2	
113	11	17	11	0	臺北市	信義區	信義區松壽路2號	25.0358529	121.562315	0	0	1	2	6	7	5	14	9	1	4	4	5	13	4	4	5	4	5	2	16	1	6	1	7	1	8	1		1	3	2	
113	11	17	11	5	臺北市	信義區	信義區一號道路	25.0371505	121.5620331	0	0	1	2	6	7	5	14	9	4	4	4	5	13	4	4	10	4	5	2	17	4	2	1	3	1	6	1		1	3	17	
113	11	17	11	5	臺北市	內湖區	內湖區康樂街20巷與東湖路119巷口	25.0688278	121.6166891	0	0	1	6	6	7	5	3	2	1	4	4	5	13	4	4	10	5	5	2	17	1	11	1	5	1	10	1		2	2	12	12
113	11	17	11	7	臺北市	文山區	文山區木新路2段與無名巷口	24.9842109	121.5692581	0	0	1	2	6	5	5	3	2	1	4	4	5	13	4	4	10	4	5	2	17	1	1	8	4	11	20	1		2	3	17	
113	11	17	11	16	臺北市	松山區	松山區市民大道6段與松信路口	25.0494769	121.5722211	0	0	1	2	6	7	5	4	1	1	4	4	5	13	2	1	9	4	5	2	17	1	7	1	6	2	11	1		2	2	14	
113	11	17	11	18	臺北市	北投區	北投區承德路7段97號	25.1119795	121.5096098	0	0	2	2	7	6	5	14	9	1	5	4	5	13	4	4	1	4	5	2	12	1	4	1	5	1	10	1		2	2	12	
113	11	17	12	11	臺北市	士林區	士林區中正路與延平北路5段口	25.0866174	121.50946	0	0	2	2	7	6	5	4	2	1	5	4	5	13	2	1	1	4	5	1	3	4	5	1	3	2	10	1		1	2	11	
113	11	17	12	20	臺北市	信義區	信義區和平東路3段393號	25.019613	121.557727	0	0	1	2	7	5	5	14	9	1	4	4	5	13	1	1	1	4	5	2	18	4	9	1	3	1	10	1		2	2	12	
113	11	17	12	20	臺北市	松山區	松山區健康路與南京東路5段59巷口	25.05382184	121.5592243	0	0	1	3	7	6	5	3	1	1	5	4	5	13	2	1	1	4	4	2	17	1	8	1	6	2	10	1		2	3	17	
113	11	17	12	24	臺北市	松山區	松山區延壽街330巷16弄與延壽街330巷口	25.0552951	121.5602447	0	0	1	2	7	6	5	3	2	1	4	4	5	13	4	4	8	5	5	2	17	1	6	1	7	1	8	1		1	3	2	
113	11	17	13	1	臺北市	中正區	中正區金門街12巷18號	25.0223777	121.5223831	0	0	1	2	7	7	5	14	9	1	4	4	3	10	4	4	10	5	5	2	17	1	5	1	7	9	4	1		1	3	17	
113	11	17	14	30	臺北市	中山區	中山區建國北路2段151巷10號	25.0618064	121.5381005	0	0	1	3	7	7	5	14	9	5	5	4	5	13	4	4	10	5	5	2	17	1	1	1	7	2	8	1		2	3	8	
113	11	17	14	45	臺北市	士林區	士林區福林路與自祥街口	25.09689078	121.5329727	0	0	1	2	8	6	5	4	1	1	5	4	5	13	1	1	5	4	5	1	16	4	5	1	3	2	8	1		1	3	2	
113	11	17	14	50	臺北市	中山區	中山區中山北路3段與撫順街口	25.06385348	121.5222425	0	0	1	2	8	7	5	4	1	1	5	4	5	13	4	4	5	4	5	2	17	1	6	1	7	1	4	1		1	3	4	
113	11	17	15	19	臺北市	北投區	北投區大度路3段與聖景路口	25.1238122	121.4641072	0	0	2	3	7	5	5	3	2	1	5	4	5	13	1	1	3	4	3	1	17	4	6	1	3	1	10	1		1	3	12	
113	11	17	16	13	臺北市	中正區	中正區中華路1段與衡陽路口	25.0422091	121.5085023	0	0	1	3	8	6	5	5	2	1	5	4	5	13	1	1	5	4	5	2	17	1	14	1	2	2	4	1		1	3	2	
113	11	17	16	30	臺北市	士林區	士林區承德路4段與劍潭路口	25.0839574	121.5233396	0	0	2	2	7	6	5	4	18	1	5	4	5	13	1	1	1	4	5	1	3	1	9	1	6	2	10	1		2	2	11	
113	11	17	16	48	臺北市	大同區	大同區大龍街與民族西路口	25.0686457	121.5158026	0	0	1	2	7	6	5	5	2	1	5	4	5	13	2	1	5	4	5	2	17	1	14	1	2	1	8	1		1	3	4	
113	11	17	17	22	臺北市	信義區	信義區逸仙路與逸仙路26巷口	25.039655	121.5615542	0	0	1	2	6	5	5	3	1	1	4	4	5	13	1	1	9	4	5	2	13	1	9	1	6	1	10	1		1	3	11	
113	11	17	18	21	臺北市	大同區	大同區延平北路2段與民生西路口	25.0567899	121.5115717	0	0	1	4	7	5	5	5	2	1	5	4	5	13	4	4	5	5	5	2	17	1	9	1	6	2	10	1		1	3	14	
113	11	17	19	32	臺北市	中山區	中山區大直街2巷與大直街口	25.0809346	121.5464817	0	0	1	2	7	5	5	3	2	1	5	4	5	13	4	4	5	5	5	2	3	4	11	1	3	9	4	2		1	3	4	
113	11	17	20	40	臺北市	中正區	中正區重慶北路1段(桃園捷運台北車站5號出入口)	25.04874947	121.5132576	0	0	1	2	7	5	5	11	9	1	5	4	1	11	4	4	5	4	5	2	28	1	9	1	5	2	10	1		3	2	11	
113	11	17	21	11	臺北市	大安區	大安區敦化南路1段與仁愛路4段口	25.0370028	121.5485789	0	0	1	2	6	5	5	4	1	1	4	4	5	13	1	1	1	4	5	2	17	1	6	1	6	1	10	1		2	2	15	
113	11	17	21	24	臺北市	信義區	信義區松仁路89號	25.0373119	121.5684955	0	0	3	3	6	5	5	14	9	1	4	4	5	13	2	1	1	4	5	2	13	1	9	1	5	1	10	1		2	2	11	
113	11	17	21	50	臺北市	大同區	大同區民權西路129號	25.0630169	121.5177788	0	0	1	2	6	5	5	14	9	1	4	4	5	13	4	4	9	4	5	2	17	4	9	3	3	11	18	1		1	3	11	
113	11	17	22	4	臺北市	中山區	中山區中山北路2段與中山北路2段59巷口	25.0559783	121.522917	0	0	2	3	7	5	5	3	2	1	4	4	5	13	4	4	5	5	1	2	16	1	6	1	7	1	8	1		1	3	7	
113	11	17	22	27	臺北市	北投區	北投區新市街39號	25.1320896	121.5020458	0	0	1	2	8	5	5	14	9	1	5	4	5	13	4	4	9	5	5	1	16	1	5	1	5	1	10	1		1	3	14	
113	11	17	22	52	臺北市	中正區	中正區林森南路與羅斯福路1段口口	25.0329038	121.5181242	0	0	1	2	6	5	5	4	1	1	4	4	5	13	1	1	1	4	5	1	12	1	9	1	6	1	10	1		2	2	15	
113	11	17	22	56	臺北市	大安區	大安區忠孝東路4段319號	25.0414084	121.5560929	0	0	1	2	6	5	5	14	18	1	4	4	5	13	2	1	1	3	5	2	3	1	9	1	7	1	4	1		1	3	8	
113	11	18	1	26	臺北市	中正區	中正區汀州路3段104巷與汀州路3段口口	25.0145069	121.533031	0	0	1	2	6	5	5	3	1	1	4	4	3	10	4	4	9	5	5	2	16	4	5	1	3	1	8	1		1	3	1	
113	11	18	5	17	臺北市	大安區	大安區信義路4段與敦化南路1段口	25.0331853	121.5483437	0	0	2	2	7	5	5	4	2	1	4	4	5	13	4	4	1	4	5	2	13	1	9	1	5	1	10	1		1	2	11	
113	11	18	7	45	臺北市	中山區	中山區北安路與敬業二路口	25.0851049	121.5544133	0	0	1	2	7	7	5	3	1	1	5	4	5	13	4	4	9	4	5	2	17	1	8	1	7	1	8	1		1	3	17	
113	11	18	7	55	臺北市	士林區	士林區天玉街38巷13弄與天玉街38巷口	25.1201142	121.5293196	0	0	1	2	6	6	5	4	2	1	4	4	5	13	2	1	9	4	5	1	3	4	5	1	3	1	8	1		2	3	8	
113	11	18	8	11	臺北市	松山區	松山區民權東路5段與撫遠街口	25.0631259	121.5658557	0	0	1	2	6	6	5	4	1	1	4	4	5	13	1	1	1	4	5	2	18	1	9	1	5	1	10	1		1	2	14	
113	11	18	8	15	臺北市	萬華區	萬華區莒光路與萬大路口	25.03447793	121.5061005	0	0	2	2	7	6	5	4	2	1	5	4	5	13	2	1	5	4	5	1	17	4	9	1	3	1	10	1		1	2	11	
113	11	18	8	17	臺北市	中山區	中山區建國北路1段92巷與建國北路1段口	25.0492799	121.5362444	0	0	1	2	7	7	5	14	9	1	5	4	5	13	4	4	9	4	5	2	12	1	8	1	5	2	10	1		1	3	12	
113	11	18	8	26	臺北市	南港區	南港區松河街與興華路口口	25.05871931	121.6051575	0	0	1	2	6	5	5	4	1	1	4	4	5	13	4	4	4	1	5	1	16	1	5	1	7	1	8	1		2	3	17	
113	11	18	8	27	臺北市	松山區	松山區民生東路3段156號	25.0576679	121.5473876	0	0	1	2	6	5	5	14	9	1	4	4	5	13	4	4	1	3	5	2	13	1	9	1	5	2	10	1		1	2	11	
113	11	18	8	37	臺北市	中山區	中山區民族東路與建國北路3段口	25.0682724	121.5333975	0	0	2	4	7	7	5	5	1	1	5	4	5	13	2	1	1	4	4	2	17	4	7	1	6	2	10	1		2	2	14	
113	11	18	8	54	臺北市	內湖區	內湖區環東大道與堤頂大道1段口	25.06429325	121.5724314	0	0	1	4	6	6	5	10	7	1	4	4	5	13	4	4	2	5	5	2	13	1	9	1	7	1	8	1		1	3	1	
113	11	18	8	54	臺北市	松山區	松山區塔悠路與撫遠街403巷口	25.0663915	121.5677786	0	0	1	2	6	7	5	3	1	1	4	4	5	13	2	1	1	4	5	2	17	1	9	1	6	2	10	1		2	2	11	
113	11	18	8	55	臺北市	松山區	松山區八德路3段155巷與八德路3段口	25.0481406	121.55506	0	0	2	2	7	6	5	3	2	1	4	4	5	13	2	1	6	3	5	2	17	1	5	1	6	1	10	1		2	2	12	
113	11	18	9	0	臺北市	信義區	信義區和平東路3段697之12號	25.0100371	121.5652159	0	0	1	2	6	7	5	14	9	1	4	4	5	13	4	4	5	4	5	1	12	1	9	1	5	1	10	1		1	2	14	
113	11	18	9	1	臺北市	北投區	北投區承德路7段與立農街1段口	25.1187002	121.5026157	0	0	1	2	7	5	5	3	1	1	5	4	5	13	4	4	1	4	4	2	16	1	6	1	7	1	8	1		2	3	8	
113	11	18	9	20	臺北市	信義區	信義區信義路5段與松勇路口	25.0330126	121.5696955	0	0	1	2	6	7	5	3	1	1	4	4	5	13	4	4	5	4	5	2	17	4	6	1	3	1	8	1		1	3	5	
113	11	18	9	29	臺北市	信義區	信義區永吉路與松信路口	25.0456223	121.5722778	0	0	1	2	6	7	5	4	2	1	4	4	5	13	2	1	3	4	4	2	13	1	9	1	7	1	8	1		1	3	1	
113	11	18	10	2	臺北市	中山區	中山區松江路與長安東路2段口	25.0487784	121.5328898	0	0	2	3	7	6	5	14	9	1	5	4	5	13	2	1	1	3	1	2	13	1	9	1	6	1	10	1		2	2	11	
113	11	18	10	7	臺北市	士林區	士林區文林路與福德路口	25.0923369	121.5259725	0	0	1	2	7	7	5	4	18	1	4	4	5	13	2	1	9	4	5	1	9	1	5	1	7	2	8	1		1	3	4	
113	11	18	10	10	臺北市	大安區	大安區和平東路1段與溫州街口	25.0261109	121.5336251	1	0	0	2	6	6	5	3	1	1	4	4	5	13	2	1	1	4	4	2	16	4	5	1	3	2	4	1		1	3	5	
113	11	18	10	11	臺北市	松山區	松山區八德路2段410巷與八德路2段410巷88弄口	25.0461588	121.5467183	0	0	2	3	6	5	5	5	1	1	4	4	3	13	4	4	10	4	5	2	15	1	9	1	5	1	10	1		1	2	11	
113	11	18	10	24	臺北市	中正區	中正區汀州路2段與廈門街48巷口	25.0255448	121.5171479	0	0	1	2	8	6	5	3	1	1	5	4	5	13	4	4	5	2	5	2	17	1	6	1	5	2	10	1		1	3	14	
113	11	18	11	22	臺北市	內湖區	中正區博愛路與廣州街口口	25.0354186	121.5113061	0	0	0	2	7																					1				1			
113	11	18	11	44	臺北市	大同區	大同區通河西街堤外便道(柱子P10)	25.076904	121.519644	0	0	1	2	7	7	5	14	9	1	5	4	5	13	4	4	10	5	5	2	11	1	9	1	6	1	10	1		1	2	14	
113	11	18	11	45	臺北市	中山區	中山區敬業三路與樂群二路口	25.0799256	121.5563724	0	0	2	4	6	7	8	4	1	1	4	4	5	13	1	1	1	4	5	2	15	1	9	1	7	1	8	1		1	3	1	
113	11	18	11	47	臺北市	文山區	文山區木柵路1段與辛亥路7段口	24.9876951	121.5523403	0	0	1	2	6	6	5	4	18	1	4	4	5	13	2	1	10	5	5	2	3	4	5	1	3	2	8	1		1	3	8	
113	11	18	11	51	臺北市	大安區	大安區辛亥路3段與復興南路2段口	25.0210144	121.5436097	0	0	1	2	6	5	5	5	2	1	4	4	5	13	2	1	8	3	4	1	16	1	9	1	7	1	8	1		1	3	17	
113	11	18	12	2	臺北市	信義區	信義區基隆路2段131-12號	25.0276907	121.556426	0	0	1	2	6	7	5	14	9	1	4	4	5	13	4	4	3	4	5	2	12	1	9	1	6	11	10	2		1	3	12	
113	11	18	12	10	臺北市	士林區	士林區仰德大道2段與仰德大道2段161巷口	25.11051107	121.5485464	0	0	1	2	6	6	5	3	1	1	4	4	5	13	4	4	4	3	5	1	16	4	6	1	3	1	4	1		1	3	2	
113	11	18	12	14	臺北市	中正區	中正區和平西路1段與牯嶺街口	25.0265047	121.5190009	0	0	1	2	6	6	5	4	1	1	4	4	5	13	1	1	1	4	5	2	12	1	9	1	7	11	4	2		2	3	2	
113	11	18	13	40	臺北市	中山區	中山區南京東路3段223巷與南京東路3段口	25.0519656	121.5434593	0	0	1	2	8	7	5	3	1	1	5	4	5	13	4	4	7	2	5	2	17	1	6	1	7	11	8	1		1	3	17	
113	11	18	13	50	臺北市	內湖區	內湖區東湖路110號	25.0683498	121.6158234	0	0	1	2	7	5	5	14	9	1	5	4	5	13	4	4	4	3	5	1	9	4	15	1	3	11	2	1		1	3	17	
113	11	18	14	11	臺北市	大安區	大安區復興南路1段與復興南路1段107巷口	25.0436443	121.5440509	0	0	1	3	6	5	5	3	19	1	4	4	3	13	4	4	10	5	5	2	3	1	9	1	7	1	8	1		1	3	2	
113	11	18	14	20	臺北市	中山區	中山區建國北路1段與長安東路2段口	25.048454	121.5368676	0	0	2	3	7	6	5	4	1	1	4	4	5	13	2	1	1	4	5	2	15	1	9	1	7	1	8	1		2	3	2	
113	11	18	14	23	臺北市	大同區	大同區重慶北路3段上國道往南	25.0786701	121.513798	0	0	1	2	7	6	5	14	7	1	5	4	5	13	4	4	1	4	5	2	17	1	7	1	7	1	8	1		1	3	8	
113	11	18	14	58	臺北市	南港區	南港區研究院路4段163號	25.01834278	121.5923322	0	0	2	3	6	7	5	14	9	1	3	4	5	13	4	4	4	5	5	1	17	1	9	1	7	9	2	1		1	3	17	
113	11	18	15	25	臺北市	中正區	中正區羅斯福路2段與辛亥路1段口	25.0198386	121.5291233	0	0	1	2	6	7	5	4	1	1	4	4	5	13	2	1	10	4	5	2	16	1	9	1	7	2	8	1		1	3	5	
113	11	18	15	43	臺北市	內湖區	內湖區成美橋南港往內湖	25.05463835	121.5825817	0	0	1	2	6	6	5	8	9	1	4	4	5	13	4	4	5	4	5	1	13	1	9	1	7	1	8	1		1	3	5	
113	11	18	16	47	臺北市	中山區	中山區北安路與中山北路4段口	25.07647244	121.5270806	0	0	1	2	7	5	5	14	9	1	5	4	5	13	1	1	7	4	5	2	13	4	9	1	3	1	10	1		1	2	11	
113	11	18	16	58	臺北市	中正區	中正區館前路與開封街1段口	25.0459733	121.5149048	0	0	1	2	7	6	5	3	1	1	5	4	5	13	4	4	10	4	5	2	2	1	5	1	7	9	8	1		1	3	8	
113	11	18	17	0	臺北市	士林區	士林區文林路418號對面	25.0941397	121.5248279	0	0	1	3	7	6	5	14	9	1	5	4	5	13	4	4	9	5	5	2	17	4	4	1	3	2	10	1		1	2	14	
113	11	18	17	4	臺北市	文山區	文山區木新路3段與一壽街口口	24.9805447	121.5563258	0	0	1	2	6	5	5	3	1	1	4	4	5	13	2	1	10	5	5	2	17	1	6	1	7	1	8	1		1	3	2	
113	11	18	17	42	臺北市	松山區	松山區健康路282號	25.0541645	121.5648766	0	0	2	3	6	5	5	14	9	1	4	4	5	13	4	4	1	4	5	2	17	1	14	1	7	2	8	1		1	3	4	
113	11	18	18	10	臺北市	內湖區	內湖區新明路122號	25.05918598	121.5889579	0	0	2	2	6	5	6	14	7	1	4	4	5	13	4	4	5	4	4	2	16	1	5	1	5	2	10	1		1	2	14	
113	11	18	18	12	臺北市	南港區	南港區市民大道8段與富康街口	25.0544348	121.6171609	0	0	2	2	6	5	5	4	1	1	4	4	5	13	2	1	1	5	1	2	17	1	15	1	6	1	10	1		2	2	11	
113	11	18	18	17	臺北市	中正區	中正區羅斯福路1段與潮州街口	25.0298211	121.5203803	0	0	1	2	6	5	5	4	2	1	4	4	5	13	1	1	1	4	5	2	9	1	14	1	7	2	2	1		1	3	17	
113	11	18	18	18	臺北市	信義區	信義區光復南路415巷與無名巷口口	25.0371774	121.5584331	0	0	1	2	6	5	5	4	1	1	4	4	5	13	4	4	10	5	5	2	15	1	9	1	7	1	4	1		1	3	1	
113	11	18	18	18	臺北市	內湖區	內湖區瑞光路258巷2號前	25.0752168	121.5754293	0	0	1	3	6	5	5	14	9	1	4	4	5	13	1	1	9	5	5	2	12	1	12	1	6	1	9	1		1	2	12	