年	月	日	時	分	縣市	行政區	allLocation	GoogleLat	GoogleLng	死	2-30	受傷	當事人數	天候	道路照明設備	道路類別	道路型態	事故位置	路面狀況1	路面狀況2	路面狀況3	道路障礙1	道路障礙2	號誌1	號誌2	車道劃分-分向	車道劃分-分道1	車道劃分-分道2	車道劃分-分道3	事故類型及型態	行動電話	當事者行動狀態	駕駛資格情形	保護裝置	飲酒情形	駕駛執照種類	個人肇逃否	肇因碼-主要	性別	受傷程度	車輛撞擊部位1	車輛撞擊部位2
113	11	18	18	19	臺北市	文山區	文山區指南路2段45巷與指南路2段45巷14弄口	24.9890156	121.5752178	0	0	2	2	6	5	5	4	1	1	4	4	5	13	4	4	10	5	5	2	15	4	9	1	3	9	10	1		2	2	14	
113	11	18	18	21	臺北市	中山區	中山區劍南捷運站與北安路口東向西，1號出口旁	25.0855461	121.553558	0	0	1	4	6	5	5	14	9	1	4	4	5	13	4	4	1	4	5	2	13	1	7	1	7	2	4	1		1	3	5	
113	11	18	18	35	臺北市	大同區	大同區延平北路4段282巷與無名巷口	25.0769209	121.5118745	0	0	2	2	6	5	5	4	2	1	4	4	5	13	1	1	10	5	5	2	9	1	9	1	6	1	10	1		2	2	12	
113	11	18	18	38	臺北市	信義區	信義區松信路98號	25.0445549	121.5720518	0	0	3	4	6	5	5	14	7	1	4	4	5	13	2	1	9	5	4	2	13	1	9	1	7	2	8	1		1	3	1	
113	11	18	18	45	臺北市	大同區	大同區民權西路與延平北路3段口	25.062694	121.5118804	0	0	1	2	7	5	5	4	1	1	4	4	5	13	2	1	1	4	5	2	17	4	5	1	5	1	10	1		2	2	17	
113	11	18	18	55	臺北市	文山區	文山區興隆路4段與興隆路4段42巷口口	24.9881258	121.5602657	0	0	2	2	6	5	5	3	18	1	4	4	5	13	4	4	10	5	5	2	3	1	6	1	5	1	10	1		1	2	11	
113	11	18	19	0	臺北市	文山區	文山區辛亥路5段與辛亥路5段25巷口	24.9998935	121.5540619	0	0	1	2	6	5	5	4	1	1	4	4	5	13	2	1	1	4	5	2	16	1	5	1	7	1	8	1		1	3	1	
113	11	18	19	9	臺北市	內湖區	內湖區新明路380巷與新明路380巷4弄口	25.0551274	121.5803195	0	0	1	2	6	5	5	4	2	1	4	4	5	13	4	4	10	5	5	2	2	1	9	1	5	2	10	1		2	3	11	
113	11	18	19	14	臺北市	中山區	中山區建國北路1段與八德路2段口	25.04613056	121.5369206	0	0	1	2	6	5	5	4	2	1	4	4	5	13	2	1	10	5	5	1	16	1	5	1	7	2	8	1		2	3	8	
113	11	18	19	17	臺北市	松山區	松山區光復北路與健康路口	25.0536269	121.5565706	0	0	1	2	6	5	6	4	1	1	4	4	5	13	1	1	8	3	5	1	16	1	9	1	3	1	7	1		1	3	1	
113	11	18	19	22	臺北市	大安區	大安區和平東路3段與嘉興街口	25.0230483	121.553856	0	0	1	2	6	5	5	4	2	1	4	4	5	13	2	1	8	3	5	1	17	1	11	1	7	1	4	1		1	3	17	
113	11	18	19	26	臺北市	信義區	信義區松仁路130號	25.0337646	121.5682711	0	0	1	2	6	5	5	14	9	1	4	4	5	13	2	1	1	4	5	2	9	1	10	1	7	1	2	1		1	3	15	
113	11	18	19	50	臺北市	萬華區	萬華區漢中街與長沙街2段口	25.04072842	121.5064167	0	0	1	2	6	5	5	3	1	1	4	4	5	13	2	1	5	2	5	2	13	1	5	1	7	1	2	1		1	3	8	
113	11	18	20	5	臺北市	中正區	中正區南海路與牯嶺街口	25.0319916	121.5149548	0	0	1	2	6	5	5	4	1	4	4	4	5	13	1	1	10	4	5	2	17	1	5	1	7	1	8	1		2	3	8	
113	11	18	20	30	臺北市	士林區	士林區中正路與文林路口	25.09537521	121.5243225	0	0	1	2	6	5	5	4	1	1	4	4	5	13	1	1	1	1	5	2	17	4	5	1	3	1	8	1		2	3	1	
113	11	18	21	37	臺北市	松山區	松山區敦化北路4巷與南京東路3段256巷口口	25.0502107	121.5447034	0	0	2	2	6	5	5	4	1	1	4	4	5	13	4	4	10	5	5	2	15	1	9	1	5	2	10	1		2	2	14	
113	11	18	21	56	臺北市	中山區	中山區民權東路2段與建國北路口側附近3段口	25.0624573	121.5369218	0	0	2	2	6	5	5	4	1	1	4	4	5	13	1	1	5	4	5	2	13	4	9	1	3	1	10	1		1	2	14	
113	11	18	22	5	臺北市	文山區	文山區木柵路2段與木柵路2段109巷口口	24.9889098	121.5617659	0	0	1	2	6	5	5	4	1	1	4	4	5	13	2	1	10	5	5	2	17	1	5	1	7	1	8	1		1	3	1	
113	11	18	23	52	臺北市	大同區	大同區長安西路與長安西路52巷口	25.0501866	121.5200807	0	0	1	3	6	5	5	4	2	1	4	4	5	13	3	1	5	4	5	2	6	5	18	8	4	10	20	1		1	2	16	
113	11	18	23	57	臺北市	中正區	中正區西藏路116號旁工地前	25.0302381	121.5046966	0	0	1	2	6	5	5	14	9	1	4	4	5	13	4	4	1	4	5	2	13	1	9	1	5	1	10	1		1	3	11	
113	11	19	5	25	臺北市	信義區	信義區松仁路與松平路口	25.0306315	121.5682973	0	0	1	2	6	5	5	14	9	1	4	4	5	13	2	1	9	4	5	2	13	1	9	1	7	1	8	1		1	3	1	
113	11	19	5	50	臺北市	中山區	中山區龍江路與龍江路356巷口	25.06601493	121.5409128	0	0	1	2	6	5	5	4	1	1	4	4	5	13	1	1	9	5	5	2	12	1	14	1	6	1	10	1		2	3	12	
113	11	19	6	9	臺北市	大同區	大同區民權西路186-3號	25.0627196	121.515571	0	0	2	3	6	5	5	14	9	1	4	4	5	13	4	4	1	4	5	2	17	4	9	1	5	1	10	1		2	2	11	
113	11	19	6	33	臺北市	北投區	北投區西安街1段與自強街口	25.1112017	121.5174714	0	0	2	3	6	6	5	3	2	1	4	4	5	13	2	1	1	4	5	2	3	5	16	8	4	10	20	1		1	2	16	
113	11	19	7	15	臺北市	中山區	中山區錦州街242巷與松江路259巷口	25.0595758	121.533729	0	0	2	2	6	6	5	4	1	1	4	4	5	13	4	4	10	5	5	2	15	1	9	1	6	1	10	1		2	2	11	
113	11	19	7	25	臺北市	南港區	南港區重陽路166巷與重陽路口	25.057176	121.6003643	0	0	2	2	6	7	5	4	2	1	4	4	5	13	1	1	4	3	4	2	12	1	1	1	5	1	10	1		1	2	14	
113	11	19	8	0	臺北市	中山區	中山區長安東路1段22號	25.05812988	121.5222027	0	0	1	3	6	7	5	14	9	1	4	4	5	13	4	4	5	2	5	2	17	1	9	1	5	1	10	1		1	2	11	
113	11	19	8	5	臺北市	北投區	北投區稻香路第1204235號燈桿處	25.1446189	121.4841213	0	0	1	2	6	6	5	12	9	1	4	4	5	13	4	4	5	5	5	1	17	1	9	1	5	2	10	1		1	2	12	
113	11	19	8	21	臺北市	士林區	士林區仰德大道3段191號與無名巷口	25.1231382	121.5512918	0	0	1	2	6	6	5	3	2	1	4	4	5	13	4	4	9	4	5	1	16	4	5	1	3	2	10	1		1	3	17	
113	11	19	8	30	臺北市	中正區	中正區永福橋(往台北市方向)	25.0115681	121.5281137	0	0	1	2	6	6	5	8	9	1	4	4	5	13	4	4	5	2	5	1	17	1	7	1	5	1	9	1		1	3	17	
113	11	19	8	32	臺北市	信義區	信義區忠孝東路4段與忠孝東路4段559巷口	25.0415105	121.5643161	0	0	1	2	6	6	5	3	1	2	4	4	5	13	4	4	1	4	5	2	17	4	6	1	3	2	8	1		1	3	17	
113	11	19	9	12	臺北市	萬華區	萬華區華中橋往台北市機車道(編號7010514燈桿前)	25.0132393	121.4955572	0	0	1	2	6	6	5	14	11	1	4	4	5	13	4	4	9	4	3	1	17	1	12	1	5	1	10	1		1	2	17	
113	11	19	9	20	臺北市	北投區	北投區立賢路社子大橋48號燈桿	25.1115355	121.4978079	0	0	2	2	6	6	5	14	11	1	4	4	5	13	4	4	10	5	5	2	16	1	9	1	5	1	10	1		1	2	14	
113	11	19	9	26	臺北市	萬華區	萬華區環河南路1段159號	25.0412651	121.499331	0	0	1	2	6	7	5	14	9	1	4	4	5	13	4	4	9	5	5	2	17	1	1	1	7	1	8	1		1	3	8	
113	11	19	10	30	臺北市	松山區	松山區南京東路5段305號	25.0514469	121.5666406	0	0	2	3	7	6	5	14	9	1	4	4	5	13	4	4	1	3	5	2	13	1	9	1	6	1	10	1		1	2	11	
113	11	19	10	47	臺北市	信義區	信義區忠孝東路4段560號	25.041099	121.5637241	0	0	1	2	6	7	5	14	8	1	4	4	5	13	4	4	9	3	4	2	17	4	7	1	7	1	8	1		1	3	17	
113	11	19	10	47	臺北市	大同區	大同區重慶北路3段113巷與昌吉街61巷口	25.0672275	121.514742	0	0	2	2	6	6	5	4	1	1	4	4	5	13	4	4	5	4	5	2	17	1	6	1	6	1	10	1		1	2	12	
113	11	19	11	17	臺北市	松山區	松山區市民大道4段307號	25.0451444	121.5573132	0	0	1	2	6	6	8	14	9	1	4	4	5	13	4	4	1	3	5	2	13	1	9	1	6	1	10	1		2	2	11	
113	11	19	11	22	臺北市	大安區	大安區忠孝東路3段268號	25.0415895	121.5422997	0	0	1	2	6	6	5	14	9	1	4	4	5	13	4	4	1	4	5	2	12	1	8	1	7	1	2	1		1	3	2	
113	11	19	11	30	臺北市	萬華區	萬華區昆明街280號	25.0388087	121.5039845	0	0	1	3	7	7	5	14	9	1	5	4	5	13	1	1	10	4	5	2	12	1	9	1	7	1	8	1		1	3	2	
113	11	19	11	31	臺北市	中山區	中山區民族東路410巷39號	25.04847309	121.5183568	0	0	1	2	6	7	5	14	9	1	4	4	6	13	4	4	7	4	5	2	3	4	15	1	6	1	10	1		2	2	14	
113	11	19	11	42	臺北市	信義區	信義區信義路5段與松智路口	25.0328346	121.5653783	0	0	1	2	6	6	5	4	1	1	4	4	5	13	2	1	9	4	5	2	17	1	7	1	6	9	10	1		1	2	14	
113	11	19	11	42	臺北市	士林區	士林區延平北路8段2巷與延平北路8段2巷200弄口口	25.1128887	121.4905718	0	0	1	2	7	7	5	3	1	1	4	4	5	13	3	1	5	5	5	2	16	1	9	1	5	1	10	1		1	2	11	
113	11	19	12	4	臺北市	大安區	大安區大安路1段161號	25.0371419	121.5460392	0	0	1	2	6	5	5	14	9	1	4	4	5	13	4	4	5	5	5	2	13	1	9	1	7	1	8	1		1	3	1	
113	11	19	12	29	臺北市	中山區	中山區長安東路2段114號	25.04819445	121.5476405	0	0	1	3	6	7	5	14	9	1	4	4	5	13	4	4	5	2	5	2	17	1	15	1	7	2	4	1		1	3	2	
113	11	19	12	30	臺北市	大安區	大安區和平東路1段與金山南路2段口	25.0267323	121.5256763	0	0	1	2	6	6	5	4	1	1	4	4	5	13	1	1	10	5	5	2	13	1	12	1	5	1	10	1		2	2	11	
113	11	19	12	45	臺北市	中山區	(民權東路3段58號前)	25.0618973	121.5424326	0	0	1	2	6	5	5	14	9	1	4	4	5	13	4	4	8	5	5	2	16	1	1	1	7	1	8	1		2	3	5	
113	11	19	13	0	臺北市	北投區	北投區大業路157號	25.1246794	121.498726	0	0	1	2	6	6	5	22	9	1	4	4	5	13	4	4	1	4	5	2	17	1	6	1	7	2	8	1		2	3	5	
113	11	19	13	59	臺北市	南港區	南港區忠孝東路6段225巷與忠孝東路6段口	25.0492911	121.5884173	0	0	1	2	6	6	5	3	1	1	4	4	5	13	4	4	1	4	4	1	18	4	6	1	5	1	10	1		1	2	12	
113	11	19	14	0	臺北市	內湖區	內湖區環東大道東往西	25.05389627	121.5752217	0	0	1	2	6	6	5	10	9	2	4	4	5	13	4	4	10	4	5	2	17	1	9	1	7	2	8	1		2	2	1	
113	11	19	15	12	臺北市	中山區	中山區農安街與德惠街170巷口	25.0648023	121.5317288	0	0	1	2	6	6	5	4	1	1	4	4	5	13	2	1	9	5	5	2	13	1	5	1	7	2	8	1		1	3	7	
113	11	19	15	21	臺北市	松山區	松山區八德路4段207巷與八德路4段181巷17弄口	25.0494433	121.5638415	0	0	1	2	6	7	5	4	1	1	4	4	5	13	4	4	10	5	5	2	15	1	15	1	5	1	10	1		1	3	11	
113	11	19	15	41	臺北市	松山區	松山區健康路與光復北路口	25.05358148	121.556695	0	0	1	2	6	6	5	4	1	1	4	4	5	13	1	1	4	3	5	1	16	1	6	6	3	1	8	1		1	3	5	
113	11	19	15	55	臺北市	中山區	中山區中山北路3段32號	25.0655179	121.5221299	0	0	1	2	6	6	5	14	9	1	4	4	5	13	4	4	1	4	5	2	17	1	1	1	7	1	8	1		1	3	4	
113	11	19	16	10	臺北市	萬華區	萬華區西藏路(萬板橋下迴轉道)	25.03009353	121.4906489	0	0	1	2	6	6	5	22	6	1	4	4	5	13	4	4	10	4	5	2	17	1	5	1	7	1	3	1		1	3	2	
113	11	19	16	36	臺北市	中正區	中正區重慶南路2段與重慶南路2段6巷口口	25.0340209	121.5131199	0	0	1	2	6	6	5	3	1	1	4	4	5	13	3	1	1	4	5	1	17	1	5	1	6	2	10	1		2	2	14	
113	11	19	16	52	臺北市	萬華區	萬華區桂林路53號	25.0381427	121.5033043	0	0	1	5	6	5	5	14	9	1	4	4	5	13	4	4	5	4	5	2	17	1	9	1	6	1	10	2		3	2	15	
113	11	19	16	55	臺北市	中正區	中正區中華路1段與武昌街1段口	25.04426423	121.5090479	0	0	1	2	6	5	5	4	1	1	4	4	5	13	1	1	1	3	1	2	17	1	7	1	7	2	8	1		1	3	17	
113	11	19	17	3	臺北市	內湖區	內湖區民權東路6段15巷與瑞湖街口	25.0712322	121.5764092	0	0	1	2	6	5	5	4	2	1	4	4	5	13	2	1	10	4	5	2	17	1	5	1	7	1	8	1		1	3	4	
113	11	19	17	7	臺北市	南港區	南港區東新街與市民大道7段口	25.049304	121.5839905	0	0	1	2	6	5	5	4	1	1	4	4	5	13	2	1	5	4	5	2	17	1	9	6	6	9	18	1		1	2	15	
113	11	19	17	8	臺北市	萬華區	萬華區桂林路與環河南路2段口	25.0385216	121.4969525	0	0	1	2	6	7	5	4	1	1	4	4	5	13	1	1	9	4	4	1	8	1	9	1	5	1	10	1		1	3	11	
113	11	19	17	9	臺北市	內湖區	內湖區東湖路119巷與東湖路口	25.0681838	121.6163419	0	0	1	2	6	5	5	4	1	1	4	4	5	13	1	1	5	4	5	2	3	1	6	1	7	9	8	1		1	3	15	
113	11	19	17	11	臺北市	信義區	信義區林口街與林口街66巷口	25.0387989	121.5792628	0	0	2	2	6	5	5	4	1	1	4	4	5	13	4	4	9	4	4	2	15	1	9	8	4	9	20	1		1	2	12	
113	11	19	17	17	臺北市	大同區	大同區南京西路與重慶北路2段口口	25.0542294	121.5144398	0	0	1	2	6	5	5	4	1	1	4	4	5	13	2	1	1	5	5	2	12	1	4	1	7	1	8	1		1	3	8	
113	11	19	17	20	臺北市	士林區	士林區仰德大道1段101號華興中學旁	25.1045256	121.538074	0	0	1	4	6	6	5	12	9	1	4	4	5	13	4	4	4	5	5	1	17	4	9	1	3	1	10	1		2	2	14	
113	11	19	17	34	臺北市	文山區	文山區木柵路1段與木柵路1段378巷口	24.9884379	121.5565983	0	0	2	3	7	5	5	3	1	1	4	4	5	13	4	4	10	5	5	2	16	1	5	1	7	2	4	1		1	3	1	
113	11	19	17	40	臺北市	中山區	中山區中原街與吉林路174巷口	25.05714863	121.528876	0	0	1	2	8	5	5	3	2	1	5	4	5	13	4	4	9	4	5	2	1	1	1	1	6	2	11	1		1	3	11	
113	11	19	17	43	臺北市	信義區	信義區松仁路與莊敬路口	25.0268595	121.5684081	0	0	1	2	6	5	5	4	2	1	4	4	5	13	1	1	5	5	4	2	17	4	6	1	3	1	8	1		2	3	8	
113	11	19	18	0	臺北市	內湖區	內湖區民權東路6段90巷25弄26號	25.0676294	121.587052	0	0	2	2	6	5	5	4	1	1	4	4	5	13	4	4	10	5	5	2	3	1	9	1	6	1	10	1		1	2	11	
113	11	19	18	0	臺北市	北投區	北投區中央北路2段與文化三路口	25.1365938	121.4961195	0	0	2	2	6	5	5	3	1	1	4	4	5	13	2	1	4	4	4	2	16	1	5	1	5	1	10	1		2	2	12	
113	11	19	18	5	臺北市	內湖區	內湖區新明路428巷13號	25.0543352	121.5797494	0	0	2	2	6	5	5	14	9	1	4	4	5	13	4	4	10	5	5	2	3	1	9	1	6	2	10	1		2	2	11	
113	11	19	18	27	臺北市	信義區	信義區松高路與松智路口	25.0391923	121.5654972	0	0	1	2	6	5	5	3	1	1	4	4	5	13	1	1	9	4	5	2	17	4	9	1	3	2	8	1		1	3	17	
113	11	19	18	38	臺北市	大安區	大安區仁愛路4段147號前	25.0379939	121.5517209	0	0	1	3	6	5	5	14	9	1	4	4	5	13	2	1	8	3	5	1	13	1	9	1	7	1	4	1		1	3	1	
113	11	19	18	44	臺北市	大安區	大安區和平東路1段155號	25.0263902	121.5315075	0	0	1	2	6	5	5	14	9	1	4	4	5	13	2	1	1	4	5	2	12	1	7	1	7	1	8	1		1	3	4	
113	11	19	19	7	臺北市	信義區	信義區忠孝東路5段與松仁路口	25.0409918	121.5682177	0	0	1	2	6	5	5	14	9	1	4	4	5	13	2	1	1	4	5	2	18	1	9	1	5	1	10	1		1	2	12	
113	11	19	19	30	臺北市	文山區	文山區指南路1段51巷與木新路1段口	24.9889822	121.5706442	0	0	2	4	6	5	5	4	1	1	4	4	5	13	2	1	5	4	5	1	13	1	5	1	7	2	8	1		1	3	1	
113	11	19	19	35	臺北市	北投區	北投區承德路7段1203673燈桿	25.1177325	121.5032272	0	0	1	2	6	5	5	14	9	1	4	4	5	13	4	4	9	4	4	2	13	1	15	1	5	1	10	1		2	3	12	
113	11	19	19	40	臺北市	中山區	中山區民生東路1段與林森北路口	25.05833253	121.5255417	0	0	1	2	7	5	5	4	1	1	5	4	5	13	1	1	5	4	2	2	17	1	5	1	5	1	10	1		1	3	12	
113	11	19	19	45	臺北市	信義區	信義區信義路5段與信義路5段91巷口口	25.0328813	121.5715752	0	0	2	3	6	6	5	3	1	1	4	4	5	13	3	1	1	4	5	2	17	1	6	1	7	1	8	1		1	3	17	
113	11	19	20	11	臺北市	萬華區	萬華區萬大路與民和街口	25.0265616	121.5003642	0	0	3	3	6	5	5	4	2	1	4	4	5	13	2	1	1	3	5	1	13	4	9	1	3	1	10	1		1	2	11	
113	11	19	20	45	臺北市	北投區	北投區明德路與懷德街口	25.1102505	121.5204385	0	0	1	4	7	5	5	14	9	1	5	4	5	13	1	1	5	5	5	2	17	1	9	1	7	1	8	1		1	3	5	
113	11	19	21	13	臺北市	信義區	信義區和平東路3段557號	25.0156457	121.5610329	0	0	1	2	6	5	5	14	9	1	4	4	5	13	1	1	9	4	5	2	18	1	9	1	5	1	10	1		2	2	14	
113	11	19	23	0	臺北市	內湖區	內湖區內湖路2段103巷與麗山街口	25.0820937	121.5810201	0	0	1	2	6	5	5	3	1	1	4	4	5	13	4	4	10	5	5	2	17	4	21	7	3	11	19	2		1	4	15	
113	11	19	23	0	臺北市	士林區	士林區文林路與雙溪街口	25.09968657	121.5233949	0	0	1	2	6	5	5	4	1	1	4	4	5	13	1	1	5	4	4	2	18	4	6	1	3	1	11	1		3	2	17	
113	11	19	23	27	臺北市	士林區	士林區延平北路5段與中正路口	25.0868059	121.5091531	0	0	2	3	7	6	5	4	1	1	5	4	5	13	1	1	1	4	5	2	17	1	5	3	5	1	18	1		1	2	14	
113	11	20	0	8	臺北市	中正區	中正區忠孝東路2段與八德路1段口	25.04353	121.528734	0	0	1	2	6	5	5	3	2	1	4	4	5	13	1	1	1	4	5	2	17	1	15	1	7	2	8	1		1	3	7	
113	11	20	0	20	臺北市	大安區	大安區仁愛路4段27巷與大安路1段144巷口	25.0386201	121.5451792	0	0	3	4	6	5	5	4	1	1	4	4	5	13	4	4	9	5	5	1	15	4	9	1	3	1	8	1		1	2	5	
113	11	20	1	46	臺北市	萬華區	萬華區武昌街2段114-3號	25.0452329	121.5047264	0	0	1	2	6	5	5	14	9	4	4	4	5	13	4	4	5	5	5	2	17	1	1	1	7	9	3	1		1	3	17	
113	11	20	2	15	臺北市	北投區	北投區承德路6段與福國路口	25.1015906	121.5121639	0	0	1	2	6	5	5	4	1	1	4	4	5	13	1	1	1	4	5	2	16	1	5	1	7	2	8	1		1	3	2	
113	11	20	5	52	臺北市	中正區	中正區忠孝西路1段(捷運台北車站M5出入口)	25.0466753	121.516059	0	0	2	2	6	5	5	14	9	1	4	4	5	13	4	4	1	4	5	2	13	4	8	1	2	9	8	1		1	2	1	
113	11	20	7	30	臺北市	信義區	信義區信義路5段8號	25.0329143	121.5611208	0	0	1	2	7	5	5	14	9	1	4	4	5	13	4	4	1	4	5	2	13	1	9	1	6	1	10	1		2	2	11	
113	11	20	7	48	臺北市	信義區	信義區基隆路1段149號	25.0425719	121.5654842	0	0	1	2	7	7	5	14	9	1	4	4	5	13	4	4	10	4	5	2	13	4	9	1	6	1	10	1		1	2	14	
113	11	20	7	57	臺北市	萬華區	萬華區永福街與柳州街口	25.0382175	121.5052148	0	0	1	2	6	7	5	4	1	1	4	4	5	13	2	1	9	5	5	2	9	1	5	1	7	1	4	1		2	3	8	
113	11	20	8	6	臺北市	信義區	信義區和平東路3段與安居街口	25.0216136	121.55552	0	0	1	2	7	7	5	14	9	1	4	4	5	13	1	1	1	4	5	2	17	4	9	1	6	1	10	1		2	2	14	
113	11	20	8	9	臺北市	中正區	中正區新生高架道(下金山南路一段)	25.0417343	121.5294014	0	0	1	2	6	6	5	10	16	1	4	4	5	13	4	4	10	4	5	1	13	1	12	1	7	1	8	1		1	3	1	
113	11	20	8	17	臺北市	信義區	信義區虎林街164巷60弄與忠孝東路5段236巷27弄口	25.0384964	121.5739395	0	0	1	3	7	5	5	3	1	1	4	4	5	13	4	4	10	5	5	2	17	1	5	1	7	1	8	1		1	3	8	
113	11	20	8	24	臺北市	大安區	大安區大安路1段與大安路1段16巷口	25.0443742	121.5461301	0	0	1	2	7	6	5	3	2	1	2	4	3	13	4	4	10	5	5	2	17	1	12	1	3	9	7	1		1	3	17	
113	11	20	8	28	臺北市	松山區	松山區塔悠路與南京東路5段口	25.0514089	121.5701392	0	0	1	2	6	6	5	5	1	1	4	4	5	13	2	1	1	4	4	2	12	4	9	1	3	2	4	1		1	3	4	
113	11	20	8	52	臺北市	內湖區	內湖區文德路22巷27弄與江南街65巷口	25.07637251	121.5792053	0	0	1	2	6	6	5	3	1	1	4	4	5	13	4	4	10	5	5	2	13	1	9	1	6	1	10	1		1	2	11	
113	11	20	9	17	臺北市	大安區	大安區信義路3段41-2號	25.0337351	121.5351896	0	0	1	2	6	7	5	14	20	4	4	4	5	13	4	4	10	5	5	2	17	1	14	1	5	1	10	1		1	3	17	
113	11	20	9	34	臺北市	北投區	北投區承德路7段166號	25.1132816	121.5085936	0	0	2	3	7	6	5	14	8	1	4	4	5	13	4	4	1	4	4	2	16	1	3	1	5	1	9	1		1	2	12	
113	11	20	9	55	臺北市	中山區	中山區建國北路3段171號	25.06782213	121.5339391	0	0	1	2	7	6	5	14	9	1	5	4	5	13	4	4	1	4	5	2	13	1	9	1	7	1	8	1		1	3	1	
113	11	20	10	0	臺北市	中山區	中山區市民大道3段與建國南路1段口	25.0448613	121.5369161	0	0	1	2	7	5	5	4	2	1	5	4	5	13	2	1	5	4	5	2	17	4	6	1	3	1	4	1		1	3	2	
113	11	20	10	8	臺北市	萬華區	萬華區中華路2段與西藏路口	25.03002885	121.5040509	0	0	1	2	7	6	5	4	1	1	4	4	5	13	2	1	1	5	5	2	17	1	11	1	7	2	4	1		1	3	17	
113	11	20	10	18	臺北市	松山區	松山區市民大道4段71號	25.045164	121.5468479	0	0	1	2	7	6	8	22	22	1	4	4	5	13	4	4	1	4	5	2	17	1	5	1	7	1	8	1		1	3	2	
113	11	20	10	27	臺北市	大同區	大同區延平北路4段與迪化街2段口	25.0740701	121.5114906	0	0	1	2	7	6	5	5	1	1	4	4	5	13	2	1	5	4	5	2	17	4	9	1	3	2	8	1		2	3	5	
113	11	20	10	30	臺北市	文山區	文山區木柵路1段與辛亥路6段口	24.987824	121.5522679	0	0	1	2	6	7	5	4	1	1	4	4	5	13	1	1	10	5	5	2	16	1	5	1	5	1	10	1		1	3	11	
113	11	20	10	48	臺北市	中山區	中山區建國北路1段與長安東路2段口	25.0483312	121.53699	0	0	2	3	6	6	6	4	1	1	4	4	5	13	1	1	1	4	5	2	17	4	6	1	3	1	8	1		1	3	2	
113	11	20	11	5	臺北市	文山區	文山區羅斯福路6段與景華街口	24.9951156	121.5412967	0	0	1	2	6	6	5	4	19	1	4	4	5	13	2	1	5	5	5	2	3	1	5	1	7	2	8	1		1	3	1	
113	11	20	11	12	臺北市	大安區	大安區建國南路2段與辛亥路2段口口	25.02258464	121.5374824	0	0	1	2	6	5	5	5	2	1	4	4	5	13	2	1	1	2	5	2	13	1	9	1	7	1	2	1		1	3	5	
113	11	20	11	26	臺北市	中山區	中山區龍江路與南京東路3段109巷口	25.0536898	121.5404383	0	0	1	2	7	6	5	5	1	1	5	4	5	13	4	4	9	5	5	2	16	1	6	1	7	1	8	1		1	3	2	
113	11	20	11	42	臺北市	中山區	中山區建國北路3段與農安街口	25.0651283	121.5365561	0	0	2	2	7	5	5	4	2	1	5	4	5	13	2	1	1	4	5	2	13	4	9	1	3	1	8	1		1	2	1	
113	11	20	12	0	臺北市	文山區	文山區指南路2段36號	24.9878112	121.5748769	0	0	2	3	6	6	5	14	9	1	4	4	5	13	4	4	10	5	5	1	13	1	9	1	7	1	4	1		1	3	1	
113	11	20	12	10	臺北市	中正區	中正區市民大道3段2號	25.04575545	121.5313092	0	0	1	2	7	6	5	14	9	1	5	4	5	13	4	4	8	4	4	1	17	1	5	1	6	2	10	1		1	2	14	
113	11	20	12	12	臺北市	中山區	中山區建國北路3段與松江路口	25.0677198	121.5332748	0	0	1	2	8	7	5	4	1	2	5	4	5	13	2	1	9	4	5	2	17	1	5	1	7	1	8	1		2	3	4	
113	11	20	12	57	臺北市	松山區	松山區光復南路45巷與光復南路口	25.04618357	121.5578538	0	0	1	2	7	6	5	3	2	1	5	4	5	13	4	4	1	4	5	2	17	1	13	1	7	1	8	1		1	3	4	
113	11	20	13	30	臺北市	士林區	士林區光華路61巷4弄NO.1108291燈桿	25.12357692	121.541017	0	0	1	2	7	6	5	11	9	1	5	4	5	13	4	4	10	5	5	1	11	1	9	1	7	2	8	1		1	3	4	
113	11	20	13	35	臺北市	中山區	中山區松江路與德惠街口	25.0667307	121.5333684	0	0	2	3	7	6	5	4	2	1	5	4	5	13	1	1	1	4	5	2	17	1	6	1	7	1	8	1		1	3	5	
113	11	20	13	45	臺北市	大同區	大同區市民高架道下重慶北匝道(東往西)	25.049206	121.5141873	0	0	1	2	6	5	5	10	7	1	4	4	5	13	4	4	5	4	5	2	17	4	7	1	3	2	8	1		2	3	4	
113	11	20	14	15	臺北市	萬華區	萬華區西園路2段255號	25.0259441	121.4927031	0	0	1	4	7	7	5	14	9	1	5	4	5	13	1	1	8	3	5	2	12	1	7	1	7	2	8	2		4	3	8	
113	11	20	14	25	臺北市	內湖區	內湖區東湖路160巷與康寧街口	25.0675828	121.6175778	0	0	1	2	6	6	5	5	1	1	4	4	5	13	2	1	9	4	5	2	16	1	9	1	6	2	10	1		1	2	12	
113	11	20	14	48	臺北市	南港區	南港區東新街與東新街77巷4弄口	25.0468399	121.5876428	0	0	1	2	6	7	5	3	2	1	4	4	5	13	4	4	5	4	5	2	16	4	9	1	3	2	8	1		1	3	7	
113	11	20	15	25	臺北市	中山區	中山區民族東路502號對面車格	25.0681338	121.5418907	0	0	1	3	7	7	5	11	9	1	5	4	5	13	4	4	4	4	5	2	17	1	9	1	6	1	10	1		2	2	12	