年	月	日	時	分	縣市	行政區	allLocation	GoogleLat	GoogleLng	死	2-30	受傷	當事人數	天候	道路照明設備	道路類別	道路型態	事故位置	路面狀況1	路面狀況2	路面狀況3	道路障礙1	道路障礙2	號誌1	號誌2	車道劃分-分向	車道劃分-分道1	車道劃分-分道2	車道劃分-分道3	事故類型及型態	行動電話	當事者行動狀態	駕駛資格情形	保護裝置	飲酒情形	駕駛執照種類	個人肇逃否	肇因碼-主要	性別	受傷程度	車輛撞擊部位1	車輛撞擊部位2
113	11	20	15	30	臺北市	萬華區	萬華區堤外便道(光復橋下旁)	25.0232628	121.4907991	0	0	1	2	8	6	5	14	9	5	5	4	5	13	4	4	10	5	5	2	17	1	5	1	7	9	8	1		1	3	8	
113	11	20	15	32	臺北市	北投區	北投區中央北路4段與中央北路4段316巷口	25.13088968	121.4727006	0	0	1	2	7	6	5	3	1	1	5	4	5	13	2	1	5	4	5	2	12	1	11	1	7	1	8	1		1	3	4	
113	11	20	16	47	臺北市	大安區	大安區辛亥路3段與臥龍街188巷口	25.0162005	121.5504064	0	0	1	2	7	5	5	3	1	1	4	4	5	13	4	4	10	4	5	2	17	4	6	1	3	1	8	1		1	3	17	
113	11	20	17	21	臺北市	大安區	大安區忠孝東路3段81號	25.0417937	121.538551	0	0	1	2	6	5	5	14	9	1	4	4	5	13	4	4	1	3	5	1	12	4	8	1	3	1	4	1		1	3	5	
113	11	20	17	30	臺北市	文山區	文山區光輝路112巷與光輝路112巷5弄口	24.9846158	121.5572066	0	0	1	2	6	5	5	4	1	1	4	4	5	13	4	4	10	5	5	1	15	1	9	1	5	9	10	1		2	2	11	
113	11	20	17	49	臺北市	中山區	中山區大佳河濱公園與濱江街199巷口8號水門附近	25.073671	121.5398613	0	0	3	3	6	5	5	5	2	1	4	4	5	13	4	4	10	3	5	1	17	1	5	1	5	1	10	1		1	2	13	
113	11	20	17	50	臺北市	大安區	大安區基隆路2段156號	25.0274925	121.55608	0	0	1	2	6	5	5	14	9	1	4	4	5	13	4	4	9	4	5	1	12	4	9	1	3	1	8	1		1	3	2	
113	11	20	17	57	臺北市	大安區	大安區和平東路1段與和平東路1段141巷口口	25.0265247	121.5303986	0	0	1	2	6	5	5	4	1	1	4	4	5	13	2	1	1	4	5	2	17	1	5	1	7	2	14	1		2	3	2	
113	11	20	18	0	臺北市	中山區	中山區錦州街與中原街口	25.06032835	121.5289022	0	0	2	3	7	6	5	4	1	1	5	4	5	13	1	1	5	4	5	2	12	4	9	1	7	9	8	2		1	3	8	12
113	11	20	18	12	臺北市	南港區	南港區忠孝東路6段310號	25.049352	121.589731	0	0	2	3	6	5	5	14	9	1	4	4	5	13	4	4	1	4	5	2	16	1	1	1	6	2	10	1		2	2	14	
113	11	20	18	35	臺北市	大安區	大安區永康街與潮州街口	25.0283848	121.5296108	0	0	3	3	6	5	5	4	1	1	4	4	5	13	4	4	10	5	5	1	15	4	9	1	6	1	10	1		2	2	11	
113	11	20	19	3	臺北市	南港區	南港區向陽路185號	25.0561794	121.5936826	0	0	1	2	6	5	5	14	9	1	4	4	5	13	4	4	3	4	5	2	16	1	8	1	7	1	8	1		2	3	5	
113	11	20	19	26	臺北市	內湖區	內湖區港華街29巷與港華街51巷1弄口19號旁	25.0829133	121.5767163	0	0	2	2	6	5	5	14	9	1	4	4	5	13	4	4	10	5	5	2	10	1	9	1	6	1	10	1		1	2	11	
113	11	20	19	26	臺北市	大安區	大安區信義路3段147巷與信義路3段147巷36弄口	25.03746841	121.5443528	0	0	1	2	6	5	5	4	1	1	4	4	5	13	4	4	5	5	5	2	15	1	9	1	7	1	8	1		1	3	2	
113	11	20	20	40	臺北市	大安區	大安區建國南路2段往南(大安森林公園)	25.0320447	121.5375327	0	0	1	2	6	5	5	14	9	1	4	4	5	13	4	4	8	3	5	1	12	1	8	1	5	1	8	1		2	2	12	
113	11	20	20	59	臺北市	大安區	大安區泰順街50巷與龍泉街口	25.0232183	121.5293451	0	0	3	3	6	5	5	4	1	1	4	4	5	13	4	4	10	5	5	2	15	1	9	1	6	9	10	1		2	2	12	
113	11	20	21	16	臺北市	內湖區	內湖區民權東路6段180巷66號前	25.06669074	121.5926599	0	0	1	2	8	5	5	14	9	1	4	4	5	13	4	4	9	4	5	2	17	1	9	1	6	1	10	1		1	2	12	
113	11	20	21	42	臺北市	大安區	大安區和平東路1段與和平東路1段141巷口	25.02656344	121.5303978	0	0	1	2	7	5	5	4	1	1	4	4	5	13	1	1	10	5	5	2	16	1	6	1	7	1	8	1		1	3	6	2
113	11	20	21	52	臺北市	中正區	中正區中山南路與青島西路口	25.0445191	121.51932	0	0	2	3	7	5	5	4	1	1	5	4	5	13	1	1	1	4	4	2	17	1	9	1	6	2	10	1		1	2	14	
113	11	20	21	53	臺北市	北投區	北投區尊賢街264巷與尊賢街302巷口口	25.118116	121.5086077	0	0	2	3	7	5	5	4	1	1	5	4	5	13	4	4	10	5	5	2	17	1	9	1	6	2	10	1		1	2	11	
113	11	20	22	17	臺北市	文山區	文山區木柵路3段與保儀路口	24.9888151	121.5685112	0	0	1	2	7	6	5	4	18	1	4	4	5	13	2	1	5	5	5	2	1	1	5	1	7	11	8	1		1	3	1	
113	11	20	22	22	臺北市	中山區	中山區民權東路2段與建國北路3段口	25.0624976	121.5363613	0	0	2	2	7	5	5	5	2	1	4	4	5	13	1	1	8	4	5	1	17	1	9	1	5	1	10	1		2	2	12	
113	11	20	22	41	臺北市	大同區	大同區承德路2段與民生西路口	25.0575297	121.5176364	0	0	1	2	7	5	5	4	18	1	5	4	5	13	2	1	1	4	5	2	9	4	6	1	7	9	4	2		1	3	2	
113	11	20	22	54	臺北市	中山區	中山區北安路387號	25.05805853	121.5222108	0	0	1	2	8	6	5	14	9	1	5	4	5	13	4	4	5	4	5	2	16	4	11	1	3	1	8	1		2	3	5	
113	11	20	22	57	臺北市	信義區	信義區松仁路與松仁路240巷口	25.0248361	121.5693396	0	0	1	2	6	5	5	4	1	1	4	4	5	13	3	1	5	5	5	2	17	4	6	1	3	1	10	1		1	3	13	
113	11	20	23	25	臺北市	大同區	大同區延平北路2段與民權西路口	25.0630511	121.5105985	0	0	2	2	7	5	5	4	1	1	5	4	5	13	2	1	1	4	5	2	17	4	5	1	5	1	11	1		2	2	14	
113	11	21	0	19	臺北市	大同區	大同區重慶北路2段與涼州街口	25.0612657	121.5137961	0	0	1	2	7	5	5	4	2	1	5	4	5	13	2	1	1	4	5	2	17	4	6	1	3	9	8	2		1	4	6	
113	11	21	0	39	臺北市	大安區	大安區新生南路3段與辛亥路2段口	25.0220646	121.534479	0	0	2	2	6	5	5	4	1	1	4	4	5	13	1	1	9	4	5	1	13	4	9	1	3	1	10	1		1	2	11	
113	11	21	0	54	臺北市	信義區	信義區吳興街與松仁路240巷口	25.0242576	121.5680942	0	0	1	2	6	5	5	4	1	1	4	4	5	13	4	4	5	5	5	2	15	4	9	1	3	1	9	1		1	2	12	
113	11	21	2	2	臺北市	大安區	大安區復興南路2段與辛亥路2段口	25.0215628	121.5438446	0	0	1	2	6	5	5	4	1	1	4	4	5	13	1	1	9	4	5	1	4	4	6	1	3	1	4	1		1	3	1	
113	11	21	5	18	臺北市	大安區	大安區辛亥路2段51號對面台大側	25.022233	121.5371071	0	0	2	2	7	5	5	22	9	1	4	4	5	13	4	4	1	4	5	2	3	1	9	1	6	1	10	1		2	2	11	
113	11	21	6	21	臺北市	文山區	文山區秀明路2段與秀明路2段118巷口口	24.9893065	121.576751	0	0	1	2	6	5	5	3	1	1	4	4	5	13	4	4	10	5	5	2	17	4	5	1	5	1	10	1		1	3	17	
113	11	21	7	31	臺北市	萬華區	萬華區忠孝橋汽車道下橋處(往台北市)	25.0487302	121.5070633	0	0	1	3	8	5	8	22	22	1	5	4	5	13	1	1	10	5	5	2	17	4	15	1	3	1	7	2		1	3	17	
113	11	21	7	40	臺北市	文山區	文山區光輝路與光輝路18巷口	24.99937439	121.5576324	0	0	2	4	6	6	5	3	1	1	4	4	5	12	4	4	10	5	5	1	14	1	2	1	7	1	8	1		1	3	3	
113	11	21	7	57	臺北市	中山區	中山區北安路458巷47弄與北安路458巷41弄口	25.0783786	121.5454503	0	0	2	2	7	5	5	4	1	1	5	4	5	13	1	1	5	4	5	2	16	4	15	1	3	1	10	1		2	2	11	
113	11	21	8	0	臺北市	萬華區	萬華區桂林路2段與桂林路2段242巷口	25.03885377	121.4961759	0	0	1	2	7	5	5	4	1	1	5	4	5	13	1	1	10	4	5	2	17	4	1	7	6	1	19	1		1	4	15	
113	11	21	8	1	臺北市	內湖區	內湖區星雲街33巷與星雲街口	25.07096335	121.594148	0	0	2	2	7	6	5	3	2	1	5	4	5	13	1	1	5	5	5	2	3	1	9	1	6	1	10	1		2	2	11	
113	11	21	8	20	臺北市	中山區	中山區建國北路1段76號	25.0492559	121.5371328	0	0	2	2	7	6	6	14	9	1	5	4	5	13	4	4	1	4	4	2	13	4	9	1	5	1	10	1		1	2	11	
113	11	21	8	20	臺北市	信義區	信義區林口街與松山路465巷口	25.0395721	121.5791167	0	0	1	2	7	5	5	3	2	1	4	4	5	13	1	1	5	5	4	2	17	1	6	1	7	2	8	1		2	3	4	
113	11	21	8	20	臺北市	松山區	松山區南京東路5段39號	25.0516136	121.5584557	0	0	1	2	6	6	5	14	7	1	4	4	5	13	4	4	1	4	4	2	11	1	7	1	6	1	10	1		1	2	12	
113	11	21	8	51	臺北市	大安區	大安區辛亥路3段與臥龍街188巷口	25.0160909	121.5505414	0	0	1	2	6	6	5	3	2	1	4	4	5	13	4	4	1	4	5	2	17	1	8	1	7	2	8	1		1	3	6	
113	11	21	8	51	臺北市	萬華區	萬華區桂林路242巷與桂林路228巷11弄口	25.0385896	121.4956524	0	0	2	3	8	5	5	5	1	1	5	4	5	13	1	1	8	3	5	1	13	1	12	1	5	1	10	1		1	2	11	13
113	11	21	8	52	臺北市	北投區	北投區行義路10號	25.1244277	121.526094	0	0	2	3	7	6	5	14	9	1	5	4	5	13	4	4	5	5	5	2	12	1	4	1	7	1	8	1		1	3	2	
113	11	21	8	55	臺北市	士林區	士林區至善路2段與故宮路口	25.0981011	121.546532	0	0	1	2	8	6	5	4	1	1	5	4	5	13	2	1	3	2	5	2	13	1	5	1	7	1	8	1		1	2	1	
113	11	21	9	28	臺北市	中山區	中山區民權東路2段92巷與民權東路2段口	25.0624668	121.5318096	0	0	3	5	7	5	5	14	10	1	5	4	5	13	1	1	1	4	5	1	17	4	7	1	3	9	10	1		1	3	17	
113	11	21	9	57	臺北市	萬華區	萬華區西園路2段140巷與雙園街67巷口	25.03126	121.4952798	0	0	2	2	6	7	5	5	2	1	4	4	5	13	4	4	9	5	5	2	3	1	9	6	5	2	10	1		1	2	11	
113	11	21	10	0	臺北市	文山區	文山區木新路2段71巷1號	24.9856146	121.5706468	0	0	1	2	6	5	5	14	9	1	4	4	5	13	4	4	5	4	5	2	12	4	9	1	6	1	10	1		2	3	14	
113	11	21	10	2	臺北市	信義區	信義區環東大道下基隆路匝道	25.0493674	121.5692552	0	0	1	2	6	7	8	14	16	1	4	4	5	13	4	4	10	4	5	2	13	1	15	1	7	1	8	1		1	2	1	
113	11	21	10	33	臺北市	大安區	大安區建國南路1段291巷28號	25.0356723	121.5394107	0	0	1	2	6	6	5	14	9	1	4	4	5	13	4	4	10	5	5	2	16	1	1	1	5	1	10	1		1	2	14	
113	11	21	10	34	臺北市	萬華區	萬華區康定路與內江街口	25.0417242	121.5023385	0	0	1	2	6	7	5	4	1	1	4	4	5	13	1	1	8	3	5	2	16	1	5	1	7	2	4	1		1	3	5	
113	11	21	11	12	臺北市	內湖區	內湖區新明路與新明路298巷口	25.04847309	121.5183568	0	0	1	2	6	7	5	4	1	1	4	4	5	13	1	1	5	4	5	2	16	1	5	1	7	1	8	1		1	3	2	
113	11	21	11	39	臺北市	大安區	大安區忠孝東路3段86號	25.0418342	121.5358003	0	0	1	5	6	6	5	14	9	1	4	4	5	13	4	4	1	4	5	2	17	1	9	1	7	1	8	1		1	2	8	5
113	11	21	11	50	臺北市	內湖區	內湖區瑞光路394號	25.07803654	121.571249	0	0	1	2	6	7	5	14	9	1	4	4	5	13	4	4	5	4	5	2	16	1	5	1	5	1	10	1		2	2	14	
113	11	21	11	57	臺北市	萬華區	萬華區南寧路25號對面	25.0369516	121.5054634	0	0	1	2	6	6	5	14	7	1	4	4	5	13	4	4	1	3	5	2	12	1	8	1	7	1	4	1		1	3	5	
113	11	21	12	5	臺北市	北投區	北投區公館路423巷與立農街1段187巷口	25.1200809	121.5037934	0	0	1	2	6	6	5	4	1	5	4	4	5	13	3	1	10	5	5	2	15	1	9	1	5	1	10	1		2	2	11	
113	11	21	12	19	臺北市	松山區	松山區南京東路3段256巷與復興北路81巷口	25.0511798	121.5447319	0	0	1	2	7	6	5	4	1	1	5	4	5	13	4	4	10	4	5	2	15	1	9	8	4	1	20	1		2	2	11	
113	11	21	13	13	臺北市	大安區	大安區復興南路1段305號	25.0347837	121.5437272	0	0	1	2	6	5	5	14	9	5	4	4	5	13	4	4	10	5	5	2	18	4	10	1	3	1	10	1		2	2	14	
113	11	21	13	16	臺北市	大安區	大安區敦化南路1段160巷與忠孝東路4段101巷口口	25.0435577	121.5481034	0	0	1	3	6	6	5	4	1	1	4	4	5	13	4	4	10	5	5	2	15	1	9	1	7	1	8	1		2	3	1	
113	11	21	13	42	臺北市	中山區	中山區建國北路1段140號	25.0509166	121.5364998	0	0	1	2	6	5	5	14	9	1	4	4	5	13	4	4	1	4	5	2	13	1	9	1	6	1	10	1		1	2	11	
113	11	21	13	50	臺北市	北投區	北投區天母西路與天母西路120巷口	25.118963	121.5228324	0	0	1	3	6	5	5	3	1	1	4	4	5	13	4	4	7	4	5	1	16	1	5	6	7	1	8	1		1	3	1	
113	11	21	13	52	臺北市	萬華區	萬華區萬大路628號與萬大路口華中橋下迴轉道	25.0169147	121.4957161	0	0	1	2	6	7	5	5	2	1	4	4	5	13	4	4	10	3	5	2	16	1	9	1	5	1	9	1		1	2	12	
113	11	21	14	20	臺北市	中正區	中正區林森南路與徐州路口	25.0412302	121.5222431	0	0	2	2	6	7	5	4	2	1	4	4	5	13	1	1	5	4	5	2	13	1	9	1	5	1	10	1		2	2	11	
113	11	21	14	40	臺北市	中正區	中正區寧波西街與羅斯福路1段口口	25.0317426	121.5195244	0	0	1	2	6	6	5	4	1	1	4	4	5	13	1	1	10	2	5	1	17	1	6	1	7	2	8	1		1	3	1	
113	11	21	15	15	臺北市	中正區	中正區中山南路與仁愛路1段口	25.0395722	121.5179554	0	0	1	2	6	6	5	18	9	1	4	4	5	13	1	1	1	4	5	2	12	1	9	1	7	2	8	1		1	3	2	
113	11	21	15	55	臺北市	中山區	中山區合江街與龍江路286巷口	25.0610713	121.5392501	0	0	1	2	7	6	5	4	1	1	5	4	5	13	4	4	9	4	5	2	13	1	9	3	6	1	18	1		1	3	11	
113	11	21	15	56	臺北市	中正區	中正區汀州路1段264號	25.0269629	121.5110792	0	0	1	2	6	7	8	22	22	1	4	4	5	13	4	4	9	4	5	2	9	4	9	1	5	1	10	1		1	2	17	
113	11	21	16	14	臺北市	中山區	中山區錦州街323號	25.06027974	121.5389557	0	0	2	4	6	5	5	14	9	1	4	4	5	13	4	4	9	5	5	2	13	4	9	1	3	1	4	1		1	3	5	
113	11	21	16	43	臺北市	中山區	中山區民生東路3段69號	25.0578382	121.5432414	0	0	1	2	7	6	5	14	9	1	5	4	5	13	4	4	1	4	1	2	17	1	7	1	5	9	10	1		2	3	17	
113	11	21	17	0	臺北市	松山區	松山區塔悠路188巷與塔悠路口	25.0566083	121.5693788	0	0	1	2	6	5	5	3	1	1	4	4	5	13	4	4	1	3	4	2	16	1	6	1	7	1	8	1		1	3	3	
113	11	21	17	25	臺北市	大同區	大同區民族西路45號	25.0684732	121.5198385	0	0	1	2	6	5	5	14	9	1	4	4	5	13	4	4	5	4	5	2	17	4	9	1	7	1	8	1		1	3	6	
113	11	21	17	27	臺北市	中山區	中山區松江路與松江路581巷口	25.07047486	121.5336622	0	0	1	2	6	5	5	3	1	1	4	4	5	13	4	4	3	4	5	2	17	1	10	1	6	1	10	2		4	2	14	
113	11	21	17	31	臺北市	文山區	文山區木柵路1段與光輝路口	24.9881838	121.555044	0	0	1	2	6	5	5	3	1	1	4	4	5	13	1	1	10	5	5	2	1	1	5	1	5	2	10	1		1	3	11	
113	11	21	17	31	臺北市	萬華區	萬華區西園路2段與西園路2段254巷口	25.0278581	121.4947534	0	0	1	2	6	5	5	3	1	1	4	4	5	13	4	4	1	3	5	1	13	4	9	1	3	1	9	1		1	2	11	
113	11	21	17	35	臺北市	大安區	大安區新生南路3段與辛亥路2段口	25.0222724	121.5346324	0	0	1	2	7	5	5	4	1	1	4	4	5	13	2	1	3	4	5	1	16	4	6	1	3	1	8	1		2	3	5	
113	11	21	17	48	臺北市	大安區	大安區建國南路2段與瑞安街264巷口	25.0271485	121.5380185	0	0	1	2	6	5	5	3	1	1	4	4	5	13	4	4	10	5	5	2	17	4	9	8	4	11	20	2		4	2	17	
113	11	21	18	0	臺北市	中山區	中山區龍江路與龍江路45巷口	25.0491936	121.5403773	0	0	1	2	6	5	5	4	1	1	4	4	5	13	4	4	9	4	5	2	17	1	9	1	7	2	8	1		1	3	7	
113	11	21	18	2	臺北市	中山區	中山區中山北路3段181號	25.07291423	121.5242015	0	0	1	3	6	5	5	14	8	1	4	4	5	13	4	4	1	5	5	1	17	4	7	1	3	1	10	1		2	3	17	
113	11	21	18	13	臺北市	北投區	北投區西安街1段315號前	25.1130401	121.5162573	0	0	1	2	7	5	5	14	18	1	4	4	5	13	4	4	10	5	5	2	3	5	16	8	4	11	20	2		4	2	16	
113	11	21	18	15	臺北市	中山區	中山區北安路與敬業三路口	25.0844523	121.55629	0	0	1	2	6	5	5	4	1	1	4	4	5	13	1	1	1	4	5	2	2	1	6	1	7	1	8	1		1	3	1	
113	11	21	18	15	臺北市	萬華區	萬華區中華路2段416巷與國興路口口	25.0271483	121.5051553	0	0	1	2	6	5	5	4	2	1	4	4	5	13	1	1	8	3	5	1	17	4	9	1	3	8	10	1		1	2	11	
113	11	21	18	19	臺北市	南港區	南港區重陽路366號與重陽路口	25.0586938	121.6088535	0	0	1	2	6	5	5	3	4	1	4	4	5	13	1	1	5	4	4	2	13	1	9	1	7	1	8	1		1	3	8	
113	11	21	18	20	臺北市	文山區	文山區木新路2段264號前	24.9830941	121.5661505	0	0	1	2	7	5	5	14	9	1	4	4	5	13	4	4	5	4	5	2	17	1	1	1	7	1	8	1		1	3	4	
113	11	21	18	48	臺北市	中山區	中山區市民大道2段與林森北路口西側迴轉道	25.0479173	121.523858	0	0	1	2	6	5	5	22	9	1	4	4	5	13	4	4	1	4	5	2	17	4	11	1	3	2	8	1		1	3	5	
113	11	21	19	0	臺北市	南港區	南港區經貿二路188號北往南	25.0599318	121.6152215	0	0	1	2	7	5	5	3	2	1	4	4	5	13	4	4	5	4	5	2	12	1	1	1	7	1	8	1		1	3	7	
113	11	21	19	10	臺北市	中正區	中正區中華路2段411號前	25.0258104	121.5082844	0	0	2	3	6	5	5	14	8	1	4	4	5	13	1	1	5	5	5	2	9	1	14	1	7	2	1	1		1	3	2	
113	11	21	19	36	臺北市	士林區	士林區通河西街1段與堤外便道口槌球場停車場	25.0859027	121.5126533	0	0	2	2	6	5	5	3	1	1	4	4	5	13	4	4	5	5	5	2	12	1	9	1	6	1	10	1		1	2	15	
113	11	21	20	18	臺北市	中山區	中山區林森北路585號	25.0657883	121.5256836	0	0	1	2	6	5	5	14	9	1	4	4	5	13	4	4	8	3	5	1	17	1	11	1	7	1	4	1		1	3	17	
113	11	21	20	44	臺北市	中山區	中山區中山北路1段124號	25.0508786	121.5220383	0	0	3	6	6	5	5	14	8	1	4	4	5	13	4	4	1	4	1	2	17	1	9	1	5	1	10	1		1	3	11	
113	11	21	20	58	臺北市	大安區	大安區基隆路3段與辛亥路3段口	25.0194051	121.5466978	0	0	2	2	6	5	5	4	1	1	4	4	5	13	2	1	10	5	5	2	17	4	15	1	3	1	10	1		1	2	13	
113	11	21	21	9	臺北市	文山區	文山區木柵路1段與木柵路1段103巷口口	24.9870926	121.5476371	0	0	2	7	6	5	5	3	2	1	4	4	5	13	4	4	5	4	5	2	16	1	14	1	5	9	10	1		1	3	17	
113	11	21	21	31	臺北市	大安區	大安區羅斯福路3段229號	25.0194608	121.5297493	0	0	1	2	6	5	5	14	20	1	4	4	5	13	4	4	10	5	5	2	10	4	9	8	3	11	20	2		4	4	11	
113	11	21	21	53	臺北市	文山區	文山區秀明路1段96號	24.9911199	121.567479	0	0	1	2	6	5	5	14	11	1	4	4	5	13	4	4	1	5	4	2	16	1	8	1	7	1	8	1		2	3	6	
113	11	21	22	28	臺北市	松山區	松山區市民大道4段與八德路3段8巷口	25.0448921	121.5495263	0	0	1	3	6	5	5	14	9	1	4	4	5	13	4	4	1	4	5	2	12	1	15	1	5	1	10	1		1	3	13	
113	11	21	22	55	臺北市	內湖區	內湖區金莊路與金莊路91巷口	25.0636343	121.5877464	0	0	1	2	6	5	5	4	2	1	4	4	5	13	2	1	9	4	5	2	2	4	5	1	3	2	8	1		2	3	8	
113	11	21	23	4	臺北市	中山區	中山區林森北路與長安東路1段口	25.04934899	121.5245786	0	0	1	2	7	5	5	14	9	1	4	4	5	13	2	1	1	5	5	1	17	4	7	1	3	1	3	1		1	3	17	
113	11	21	23	15	臺北市	北投區	北投區大度路機慢車道 西往東	25.1214346	121.4919735	0	0	3	3	7	5	5	14	12	1	5	4	5	13	4	4	1	4	1	1	12	1	9	1	5	1	10	1		1	2	12	
113	11	22	0	35	臺北市	松山區	松山區市民大道4段與八德路3段74巷口	25.04455006	121.5523879	0	0	1	2	7	5	5	3	2	1	4	4	4	13	4	4	9	4	5	2	17	4	6	1	3	1	4	1		1	3	4	
113	11	22	3	38	臺北市	中山區	中山區建國北路1段與南京東路3段口	25.0519655	121.5376105	0	0	1	2	6	5	5	4	1	1	4	4	5	13	1	1	1	4	5	2	12	1	9	1	5	1	10	1		1	2	11	
113	11	22	4	43	臺北市	松山區	松山區復興北路與八德路2段口	25.0477126	121.5440088	0	0	1	2	6	5	5	4	2	1	4	4	5	13	2	1	8	3	4	2	3	1	5	1	7	1	4	1		1	3	8	
113	11	22	4	49	臺北市	信義區	信義區忠孝東路5段與忠孝東路5段71巷口	25.0411838	121.5673147	0	0	1	2	6	5	5	3	1	1	4	4	5	13	4	4	1	4	5	1	16	4	6	1	3	1	8	1		1	3	2	
113	11	22	6	50	臺北市	萬華區	萬華區忠孝西路2段與西寧南路口	25.0485758	121.5073533	0	0	1	2	7	7	7	8	11	1	5	4	5	13	1	1	9	5	5	2	13	1	9	1	5	1	10	1		1	2	11	
113	11	22	6	52	臺北市	中山區	中山區濱江街99號	25.07320322	121.5348955	0	0	1	2	7	5	5	11	9	1	5	4	5	13	4	4	1	4	5	2	16	4	5	1	3	1	8	1		1	3	8	
113	11	22	7	44	臺北市	松山區	松山區光復北路152號	25.0519927	121.5571255	0	0	1	2	7	6	5	14	9	1	5	4	5	13	4	4	6	3	5	2	17	1	8	1	7	1	4	1		1	3	17	
113	11	22	7	57	臺北市	中山區	中山區松江路與渭水路口	25.04565263	121.5330111	0	0	1	2	7	6	5	4	1	1	5	4	5	13	1	1	3	4	5	2	17	1	9	1	6	1	10	1		1	2	17	
113	11	22	8	5	臺北市	內湖區	內湖區民權東路6段117號	25.0690096	121.5924272	0	0	1	2	6	7	5	14	9	1	4	4	5	13	4	4	1	4	5	2	17	1	9	1	5	2	10	1		1	2	11	
113	11	22	8	15	臺北市	南港區	南港區同德路85巷與忠孝東路6段110巷口	25.0465967	121.5855478	0	0	1	2	6	6	5	3	2	1	4	4	5	13	4	4	5	5	5	2	16	1	6	1	7	1	8	1		1	3	5	
113	11	22	8	15	臺北市	大同區	大同區環河北路2段與酒泉街口	25.0724495	121.5091734	0	0	1	3	7	5	5	14	9	1	5	4	5	13	4	4	9	4	5	2	13	1	15	1	5	2	10	1		1	3	11	
113	11	22	8	20	臺北市	中正區	中正區重慶南路2段73號	25.0300961	121.5152688	0	0	2	2	7	7	5	14	9	1	5	4	5	13	4	4	1	4	5	2	17	1	6	8	4	1	20	1		2	2	12	
113	11	22	8	27	臺北市	萬華區	萬華區環河南路1段與內江街口	25.0419847	121.5000789	0	0	3	4	7	7	5	3	1	1	5	4	5	13	1	1	9	5	5	2	17	1	12	1	5	1	10	1		2	2	11	
113	11	22	8	37	臺北市	內湖區	內湖區舊宗路2段與舊宗路2段121巷口	25.0690388	121.5747954	0	0	1	2	6	6	5	3	2	1	4	4	5	13	1	1	3	3	5	2	13	1	9	1	5	1	10	1		2	2	11	
113	11	22	8	40	臺北市	松山區	松山區松河街與無名巷口	25.0508454	121.5721116	0	0	1	2	6	6	5	3	1	1	4	4	5	13	1	1	5	5	5	2	16	1	5	1	6	1	10	1		1	3	12	
113	11	22	8	41	臺北市	大同區	大同區台北橋機車道往西	25.06345816	121.508876	0	0	2	2	7	6	5	14	9	1	5	4	5	13	4	4	10	4	5	2	13	4	9	1	3	1	10	1		2	2	11	
113	11	22	8	42	臺北市	士林區	士林區重陽橋019號電燈桿	25.0857997	121.5065579	0	0	1	2	8	6	5	8	11	1	5	4	5	13	4	4	10	4	5	1	17	1	10	1	6	2	10	1		1	2	14	
113	11	22	8	43	臺北市	大安區	大安區辛亥路3段308號（二殯停車場出入口）	25.0146306	121.552303	0	0	1	2	8	6	5	14	9	1	4	4	5	13	1	1	1	4	4	2	17	1	7	1	7	1	8	1		1	3	17	
113	11	22	8	48	臺北市	大同區	大同區台北橋機慢車道東往西第五根燈桿旁	25.0633845	121.509296	0	0	1	2	7	6	5	14	11	1	5	4	5	13	4	4	1	4	5	2	13	1	9	1	5	1	10	1		1	2	11	
113	11	22	9	5	臺北市	文山區	文山區木柵路4段96-6號	24.9992368	121.5754245	0	0	1	2	8	7	5	14	9	1	5	4	5	13	4	4	10	5	5	2	16	4	5	1	5	1	10	1		1	3	12	
113	11	22	9	7	臺北市	信義區	信義區富陽街55巷與崇德街146巷口	25.0227285	121.5576806	0	0	2	2	7	6	5	4	1	1	5	4	5	13	3	1	9	4	5	2	17	4	9	1	3	1	10	1		1	2	13	
113	11	22	9	25	臺北市	士林區	士林區承德路5段與通河東街2段口	25.0960975	121.5138063	0	0	1	3	8	5	5	5	1	1	5	4	5	13	1	1	9	4	5	1	17	1	9	1	6	2	10	1		2	2	12	
113	11	22	9	37	臺北市	信義區	信義區吳興街269巷與莊敬路口	25.0276086	121.5650137	0	0	1	3	8	6	5	4	2	1	5	4	5	13	4	4	8	5	5	2	17	1	5	1	3	1	4	1		1	3	17	
113	11	22	10	0	臺北市	南港區	南港區松河街378號	25.0542756	121.5874187	0	0	2	3	7	6	5	14	9	1	5	4	5	13	4	4	9	4	5	2	13	1	9	1	6	2	10	1		2	2	11	
113	11	22	10	7	臺北市	內湖區	內湖區新明路361巷與新明路口	25.0558778	121.5825203	0	0	2	4	7	7	5	3	1	1	5	4	5	13	4	4	5	4	4	2	17	1	4	1	5	2	10	1		1	3	14	
113	11	22	10	19	臺北市	內湖區	內湖區環山路1段3號	25.08324194	121.5655874	0	0	1	2	7	6	5	14	7	1	5	4	5	13	4	4	5	4	4	2	13	1	9	1	6	1	10	1		2	2	11	
113	11	22	10	29	臺北市	松山區	松山區八德路2段與復興南路1段口	25.0476141	121.5439757	0	0	1	2	7	6	5	4	1	1	5	4	5	13	2	1	1	3	5	2	17	1	9	1	6	1	10	1		1	2	12	