年	月	日	時	分	縣市	行政區	allLocation	GoogleLat	GoogleLng	死	2-30	受傷	當事人數	天候	道路照明設備	道路類別	道路型態	事故位置	路面狀況1	路面狀況2	路面狀況3	道路障礙1	道路障礙2	號誌1	號誌2	車道劃分-分向	車道劃分-分道1	車道劃分-分道2	車道劃分-分道3	事故類型及型態	行動電話	當事者行動狀態	駕駛資格情形	保護裝置	飲酒情形	駕駛執照種類	個人肇逃否	肇因碼-主要	性別	受傷程度	車輛撞擊部位1	車輛撞擊部位2
113	11	22	10	43	臺北市	士林區	士林區通河街76巷與承德路4段10巷口	25.080116	121.5201462	0	0	1	2	8	6	5	4	2	1	5	4	5	13	4	4	5	5	5	2	15	1	9	1	6	1	10	1		1	2	11	
113	11	22	10	55	臺北市	士林區	士林區重慶北路4段與通河西街1段口	25.0877198	121.5119087	0	0	1	2	7	6	5	3	2	1	5	4	5	13	1	1	9	4	5	1	16	4	9	1	3	1	10	1		2	2	11	
113	11	22	11	6	臺北市	士林區	士林區至誠路2段70號	25.10175984	121.5285342	0	0	1	3	7	6	5	14	9	1	5	4	5	13	4	4	9	5	5	1	17	1	9	1	5	2	8	1		2	2	11	
113	11	22	11	8	臺北市	文山區	文山區興隆路2段96巷與仙岩路口	25.0000678	121.55034	0	0	1	2	7	6	5	4	1	1	5	4	5	13	2	1	9	5	5	2	16	1	6	1	7	2	2	1		1	3	2	
113	11	22	11	16	臺北市	大同區	大同區民生西路與西寧北路口	25.05683704	121.508933	0	0	1	2	8	6	5	5	1	1	5	4	5	13	4	4	5	5	5	2	16	1	6	1	7	2	8	1		1	3	2	
113	11	22	11	30	臺北市	大同區	大同區民族西路與重慶北路3段口	25.0687629	121.5138537	0	0	1	2	8	5	5	5	2	1	5	4	5	13	2	1	9	4	4	2	15	1	15	1	7	9	8	1		2	3	5	
113	11	22	11	43	臺北市	萬華區	萬華區康定路與三水街口	25.0360735	121.5013342	0	0	3	3	7	6	5	4	1	1	5	4	5	13	2	1	5	4	5	2	16	1	5	1	6	1	10	1		1	2	12	
113	11	22	12	21	臺北市	大安區	大安區忠孝東路4段26巷與大安路1段116巷口	25.0398352	121.5443891	0	0	1	2	7	6	5	4	1	1	5	4	5	13	1	1	10	5	5	1	17	1	5	1	7	2	4	1		1	3	8	
113	11	22	12	25	臺北市	大同區	大同區環河北路2段與迪化街2段172巷口	25.06636054	121.517166	0	0	1	2	8	6	5	5	1	1	5	4	5	13	4	4	1	5	5	2	16	1	6	1	7	1	7	1		1	3	6	
113	11	22	12	31	臺北市	中正區	中正區重慶南路1段與凱達格蘭大道口	25.04056782	121.512974	0	0	2	2	7	6	5	3	2	1	5	4	5	13	1	1	5	4	5	2	16	4	15	1	6	2	10	1		1	2	11	
113	11	22	13	14	臺北市	士林區	士林區格致路與格致路131巷口	25.1404691	121.5481382	0	0	1	3	7	6	5	14	9	1	4	4	5	13	4	4	4	5	5	2	13	1	9	1	7	1	8	1		1	3	1	
113	11	22	13	30	臺北市	內湖區	內湖區民權東路6段時報廣場	25.07098993	121.5941836	0	0	2	2	7	6	7	14	8	1	5	4	5	13	4	4	1	4	4	2	13	1	9	1	5	1	10	1		1	2	11	
113	11	22	13	36	臺北市	大安區	大安區和平東路2段311巷與和平東路口側附近2段口	25.0248256	121.5449467	0	0	1	2	7	6	5	4	1	1	5	4	5	13	1	1	1	3	5	2	17	1	9	1	7	1	8	1		1	3	2	
113	11	22	13	38	臺北市	中山區	中山區一江街與松江路口	25.0510127	121.531465	0	0	1	2	8	6	5	4	1	1	5	4	5	13	4	4	10	5	5	2	15	4	9	1	3	2	4	1		1	3	8	
113	11	22	13	38	臺北市	南港區	南港區南港路1段356號	25.054463	121.6071829	0	0	1	2	7	6	5	14	7	1	5	4	1	12	4	4	5	4	4	2	16	1	8	1	6	1	10	1		1	3	12	
113	11	22	13	54	臺北市	士林區	士林區通河西街1段與通河西街1段口堤外 百齡槌球場停車場出入口	25.0859688	121.5126459	0	0	2	4	7	6	5	3	2	1	5	4	5	13	4	4	9	5	5	1	17	1	5	1	7	2	8	1		1	3	8	
113	11	22	13	55	臺北市	中山區	中山區民生西路8號	25.057864	121.5225229	0	0	1	4	7	6	5	14	9	1	5	4	5	13	2	1	5	5	5	2	17	4	8	7	3	11	19	2		4	4	17	
113	11	22	14	13	臺北市	萬華區	萬華區康定路與康定路101巷口	25.0396038	121.5019779	0	0	1	2	8	6	5	3	1	1	5	4	5	13	4	4	5	4	5	2	17	1	5	1	7	2	8	1		1	3	6	12
113	11	22	14	27	臺北市	文山區	文山區新光路2段告示牌0+950往東10公尺處	25.04847309	121.5183568	0	0	1	2	7	6	5	11	9	1	5	4	5	13	4	4	9	5	5	1	20	1	9	2	6	1	18	1		1	2	11	
113	11	22	15	0	臺北市	北投區	北投區新市街23號	25.13178144	121.5019429	0	0	1	2	8	7	5	14	9	1	5	4	5	13	4	4	10	5	5	2	10	1	1	1	7	1	8	1		1	3	5	
113	11	22	15	23	臺北市	信義區	信義區林口街80巷與福德街84巷口	25.03956082	121.5803915	0	0	1	2	6	6	5	4	1	1	4	4	5	13	4	4	9	5	5	1	15	4	9	1	3	1	10	1		1	2	11	
113	11	22	15	25	臺北市	中正區	中正區羅斯福路1段與羅斯福路1段9巷2弄口口	25.0334003	121.5180252	0	0	1	2	8	6	5	3	2	1	5	4	5	13	4	4	1	4	4	1	17	1	1	1	7	2	8	1		1	3	4	
113	11	22	16	10	臺北市	中正區	中正區長沙街1段20號	25.0404076	121.5086335	0	0	1	2	7	6	5	14	9	1	5	4	5	13	4	4	5	4	5	2	16	1	11	1	7	1	8	1		1	3	4	
113	11	22	16	25	臺北市	松山區	松山區塔悠路179號	25.05637543	121.5695726	0	0	1	2	8	7	5	14	6	1	5	4	5	13	1	1	9	4	4	1	16	4	5	1	7	1	8	1		2	3	5	
113	11	22	16	56	臺北市	中山區	中山區北安路47號	25.07750553	121.5282225	0	0	1	2	7	5	5	14	9	1	5	4	5	13	4	4	1	4	5	2	16	4	5	1	3	1	8	1		1	3	6	
113	11	22	17	6	臺北市	北投區	北投區明德路與懷德街口	25.11013871	121.5202834	0	0	1	2	7	5	5	14	9	1	5	4	5	13	1	1	9	4	5	2	16	1	6	1	5	1	10	1		1	3	12	
113	11	22	17	23	臺北市	中正區	中正區重慶南路2段與愛國西路口	25.0350495	121.5125934	0	0	1	2	7	5	5	4	1	1	5	4	5	13	1	1	1	5	5	2	17	1	5	1	7	2	8	1		1	3	5	
113	11	22	17	40	臺北市	內湖區	內湖區瑞光路26巷與瑞光路口	25.069803	121.5832977	0	0	1	3	8	5	5	3	1	1	5	4	5	13	2	1	5	4	5	2	17	1	11	1	5	1	10	1		1	2	12	
113	11	22	18	0	臺北市	北投區	北投區東華街2段72號	25.1171159	121.5139722	0	0	1	2	8	5	5	14	9	1	5	4	5	13	4	4	10	4	5	2	13	1	9	1	6	1	10	1		2	2	11	
113	11	22	18	10	臺北市	大同區	大同區民生西路280號	25.0569796	121.5130233	0	0	3	4	7	5	5	14	9	1	4	4	5	13	4	4	9	4	5	2	17	1	11	8	2	1	20	1		2	2	11	
113	11	22	18	22	臺北市	內湖區	內湖區民權大橋東向西往松山	25.06303406	121.5661163	0	0	2	2	8	5	5	14	11	1	5	4	5	13	4	4	1	4	4	2	13	4	9	1	6	2	10	1		1	2	11	
113	11	22	18	25	臺北市	內湖區	內湖區民權大橋內湖往松山	25.06622819	121.5763973	0	0	3	4	8	5	5	8	11	1	5	4	5	13	4	4	1	4	4	2	13	1	9	1	5	2	10	1		2	2	11	
113	11	22	18	45	臺北市	松山區	松山區八德路4段與松山路口	25.050124	121.577253	0	0	1	2	7	5	5	4	2	1	5	4	5	13	2	1	1	4	4	2	17	1	11	1	7	1	8	1		2	3	17	
113	11	22	18	56	臺北市	中山區	中山區長安東路2段與復興北路口	25.04831778	121.543815	0	0	1	2	8	5	5	4	1	1	5	4	5	13	4	4	1	4	5	2	17	1	6	1	7	1	8	1		1	3	2	12
113	11	22	18	57	臺北市	內湖區	內湖區民權大橋內湖往松山	25.06641333	121.5770301	0	0	1	2	8	5	5	14	11	1	5	4	5	13	4	4	1	4	5	2	17	1	9	1	5	9	10	2		4	2	15	
113	11	22	19	5	臺北市	大安區	大安區延吉街60號與延吉街口	25.0437343	121.5538743	0	0	1	2	7	5	5	3	1	1	5	4	5	13	4	4	6	5	5	2	13	1	9	3	5	1	18	1		2	2	11	
113	11	22	19	20	臺北市	內湖區	內湖區民權大橋東向西	25.06354893	121.5659115	0	0	1	8	7	5	5	14	9	1	5	4	5	13	4	4	1	5	5	2	17	1	9	1	5	1	10	1		1	3	11	
113	11	22	19	45	臺北市	中山區	中山區新生北路3段3巷與吉林路口	25.0631349	121.5302421	0	0	2	2	7	5	5	4	2	1	5	4	5	13	4	4	8	5	5	1	15	1	9	1	5	1	10	1		2	2	14	
113	11	22	20	10	臺北市	大同區	大同區民權西路與延平北路3段口	25.0630281	121.5114201	0	0	1	2	7	5	5	4	2	1	5	4	5	13	1	1	1	4	5	2	12	1	9	1	6	1	10	1		1	3	12	
113	11	22	20	10	臺北市	大安區	大安區羅斯福路2段31號	25.0277989	121.5222885	0	0	1	2	7	6	5	14	9	1	5	4	5	13	4	4	1	4	5	2	12	1	7	1	5	9	10	2		2	3	14	
113	11	22	20	46	臺北市	中正區	中正區金山南路1段與信義路2段口	25.03420651	121.5271294	0	0	1	3	7	5	5	4	1	1	5	4	5	13	1	1	1	4	1	2	12	1	9	1	5	2	10	1		1	3	12	
113	11	22	21	14	臺北市	大安區	大安區忠孝東路4段197號	25.0415743	121.5512107	0	0	1	4	7	5	5	14	9	1	5	4	5	13	4	4	10	5	5	2	17	4	14	1	3	2	4	1		1	3	2	
113	11	22	21	30	臺北市	大同區	大同區鄭州路與西寧北路口	25.0506052	121.5082021	0	0	1	2	8	5	5	4	1	1	5	4	5	13	2	1	8	3	5	2	17	1	5	1	6	1	9	1		1	2	13	
113	11	22	21	35	臺北市	士林區	士林區中山北路5段與劍潭路口	25.0846083	121.5254479	0	0	1	2	7	5	5	4	1	1	5	4	5	13	1	1	5	4	5	2	16	4	6	1	3	1	10	1		1	3	13	
113	11	22	22	8	臺北市	萬華區	萬華區中興橋機車引道	25.045558	121.5022455	0	0	2	2	7	5	5	8	16	1	5	4	5	13	4	4	10	5	5	2	13	1	9	1	6	1	10	1		1	2	11	
113	11	22	22	18	臺北市	信義區	信義區松高路與松智路口	25.0390839	121.5656032	0	0	1	2	8	5	5	3	1	1	5	4	3	10	2	1	5	4	5	2	16	1	5	1	7	2	4	1		1	3	1	
113	11	22	22	25	臺北市	中山區	中山區樂群一路往東、下塔悠公園前	25.04847309	121.5183568	0	0	2	2	7	5	5	14	9	1	5	4	5	13	4	4	1	4	5	2	13	4	9	1	6	1	10	1		2	2	11	
113	11	22	22	28	臺北市	信義區	信義區市民大道5段與東興路口	25.04820627	121.5658494	0	0	1	2	8	5	5	4	1	1	5	4	5	13	2	1	1	4	5	1	16	4	5	1	3	1	8	1		1	3	1	
113	11	22	22	37	臺北市	信義區	信義區忠孝東路5段6號	25.0408255	121.5645104	0	0	1	2	7	5	5	14	8	1	5	4	5	13	1	1	5	4	5	2	12	4	9	1	7	2	2	1		1	3	6	
113	11	22	22	40	臺北市	北投區	北投區石牌路2段與裕民三路口	25.1160685	121.5159946	0	0	1	2	7	5	5	3	1	1	5	4	5	13	4	4	5	4	5	2	2	4	5	1	3	1	8	1		1	3	8	
113	11	22	23	0	臺北市	文山區	文山區景美舊橋與景美街口口	24.9880921	121.5408901	0	0	1	3	7	5	5	5	2	1	5	4	5	13	2	1	5	5	4	1	17	1	14	1	7	1	4	1		1	3	2	
113	11	23	0	50	臺北市	中山區	中山區中山北路1段與長安東路1段口	25.0495784	121.5216552	0	0	2	3	8	5	5	4	2	1	5	4	5	13	1	1	1	4	1	2	17	1	9	3	5	1	18	1		2	2	12	
113	11	23	1	22	臺北市	中山區	中山區新生北路1段與長安東路1段口	25.0481918	121.5291904	0	0	1	2	7	5	5	4	1	1	5	4	5	13	4	4	5	4	5	2	16	1	9	1	5	1	10	1		1	2	14	
113	11	23	2	9	臺北市	中正區	中正區中華路1段與忠孝西路1段口	25.04807914	121.5101008	0	0	1	2	8	5	5	4	1	1	5	4	5	13	2	1	1	4	5	2	16	1	9	1	5	2	10	1		1	2	12	
113	11	23	3	56	臺北市	士林區	士林區延平北路5段與延平北路5段163巷口	25.0824314	121.5102237	0	0	2	2	8	5	5	3	1	1	5	4	5	13	1	1	1	4	5	2	17	1	11	8	4	1	20	1		1	2	15	
113	11	23	4	30	臺北市	萬華區	萬華區西園路2段與西園路2段261巷口	25.0259152	121.4926349	0	0	2	2	7	5	5	3	1	1	5	4	5	13	2	1	1	4	5	2	3	1	9	1	5	2	10	1		1	2	11	
113	11	23	4	40	臺北市	中山區	中山區民族西路2號	25.0685073	121.5219292	0	0	1	2	7	5	5	14	9	1	5	4	5	13	4	4	8	5	5	2	3	1	9	1	7	1	8	1		1	3	8	
113	11	23	6	21	臺北市	萬華區	萬華區西園路2段243-3號	25.0265088	121.4933648	0	0	1	2	7	6	5	14	9	1	5	4	5	13	4	4	1	4	5	2	13	4	9	3	3	1	18	1		1	3	5	
113	11	23	6	38	臺北市	內湖區	內湖區民權東路6段296巷與康寧路3段26巷口	25.071267	121.6076588	0	0	1	2	7	6	5	4	1	1	5	4	5	13	4	4	5	5	5	2	16	1	5	1	5	1	10	1		1	2	12	
113	11	23	7	24	臺北市	信義區	信義區福德街284號	25.03901023	121.5866194	0	0	1	2	7	7	5	14	18	1	5	4	5	13	4	4	5	2	5	2	3	1	9	1	5	2	9	1		1	3	11	
113	11	23	7	27	臺北市	北投區	北投區軟橋街與士科路口	25.0997723	121.5149902	0	0	1	2	8	6	5	3	1	1	5	4	5	13	4	4	5	5	5	2	17	1	5	1	5	2	7	1		1	3	17	
113	11	23	7	34	臺北市	松山區	松山區民生東路5段與塔悠路口	25.0593796	121.5688692	0	0	2	2	7	7	5	3	1	1	5	4	5	13	2	1	9	4	5	2	17	1	8	1	6	1	11	1		2	2	12	
113	11	23	7	36	臺北市	大安區	大安區辛亥路3段81號	25.0196116	121.5464841	0	0	4	7	7	6	5	14	9	1	5	4	5	13	4	4	1	4	5	2	17	1	9	1	5	1	10	1		1	2	11	
113	11	23	7	44	臺北市	中山區	中山區吉林路299巷32號	25.0630322	121.5313395	0	0	1	6	7	5	5	14	9	1	5	4	5	13	4	4	10	5	5	2	29	4	9	1	3	1	10	1		1	2	11	
113	11	23	9	18	臺北市	大安區	大安區金華街181號	25.03018251	121.5269267	0	0	1	2	7	6	5	14	9	1	5	4	5	13	4	4	5	5	5	2	17	1	14	1	7	1	8	1		2	3	15	
113	11	23	9	20	臺北市	文山區	文山區新光路1段31巷與指南路2段45巷24弄口	24.9898632	121.5749277	0	0	1	2	7	7	5	4	1	1	5	4	5	13	4	4	10	5	5	2	15	1	9	1	5	1	10	1		1	2	11	
113	11	23	9	39	臺北市	南港區	南港區南港路3段256巷與南港路3段口	25.0522989	121.5836249	0	0	1	2	7	6	5	14	9	1	5	4	5	13	4	4	10	5	5	2	17	4	9	1	3	1	10	1		2	2	14	
113	11	23	10	0	臺北市	北投區	北投區尊賢街230巷與吉利街142巷口	25.1163446	121.5082488	0	0	1	2	8	6	6	4	1	1	5	4	5	13	4	4	10	5	5	2	11	1	14	1	5	2	10	2		4	2	17	
113	11	23	10	25	臺北市	大安區	大安區信義路3段152巷與信義路3段口	25.0332829	121.5408011	0	0	2	2	7	5	5	3	2	1	5	4	5	13	4	4	10	5	5	2	17	1	9	1	6	1	10	1		1	2	11	
113	11	23	10	37	臺北市	北投區	北投區西安街1段與西安街1段313巷口	25.11303959	121.5162669	0	0	1	2	8	6	5	3	1	1	5	4	5	13	4	4	10	4	5	2	13	1	9	1	6	1	9	1		1	2	11	
113	11	23	10	50	臺北市	信義區	信義區市民大道5段與光復南路口	25.0450166	121.5577862	0	0	1	2	8	6	5	4	1	1	5	4	5	13	1	1	3	4	5	2	12	4	8	1	3	9	8	1		1	3	6	
113	11	23	10	59	臺北市	士林區	士林區至善路3段76號	25.11341712	121.5666465	0	0	1	3	8	7	5	14	9	1	5	4	5	13	4	4	5	4	5	1	9	5	16	8	4	10	20	1		1	2	16	
113	11	23	11	5	臺北市	大安區	大安區光復南路420巷與光復南路口側附近口	25.0364718	121.5574907	0	0	1	3	7	6	5	3	1	1	5	4	5	13	1	1	1	3	5	2	17	1	9	1	6	1	10	1		2	2	14	
113	11	23	11	20	臺北市	中山區	中山區美堤河濱公園道路	25.0765881	121.5519224	0	0	2	2	7	6	8	14	20	1	5	4	5	13	4	4	10	5	5	2	13	1	9	8	4	1	20	1		2	2	11	
113	11	23	11	37	臺北市	中正區	中正區中華路2段317號	25.0276959	121.5062634	0	0	1	2	7	7	5	14	8	1	5	4	5	13	4	4	9	4	4	2	13	1	9	1	5	2	10	1		1	2	11	
113	11	23	12	6	臺北市	文山區	文山區木柵路4段74號旁	24.9979323	121.5743806	0	0	2	3	7	6	5	22	9	1	5	4	5	13	1	1	10	4	4	2	12	1	8	1	7	2	8	2		1	3	2	
113	11	23	12	30	臺北市	北投區	北投區致遠一路2段與致遠一路2段11巷口	25.1109791	121.514464	0	0	2	2	8	6	5	4	1	1	5	4	5	13	4	4	5	5	5	2	13	1	15	1	5	1	10	1		2	2	12	
113	11	23	12	45	臺北市	北投區	北投區承德路7段90號	25.1114695	121.5105798	0	0	2	3	8	6	5	14	9	1	5	4	5	13	4	4	9	4	5	2	16	1	8	1	7	1	8	1		1	3	2	
113	11	23	12	57	臺北市	信義區	信義區崇德街與信安街口	25.0240178	121.5557998	0	0	2	2	8	7	5	4	1	1	5	4	5	13	2	1	9	4	5	1	16	1	5	3	5	9	18	2		1	2	11	
113	11	23	13	3	臺北市	信義區	信義區和平東路3段391巷與和平東路3段391巷8弄口	25.0201491	121.5579345	0	0	1	2	8	7	5	4	2	1	5	4	5	13	4	4	10	5	5	2	14	4	2	1	3	1	4	1		1	3	3	
113	11	23	13	25	臺北市	北投區	北投區文承路與北科路口	25.1050676	121.5155458	0	0	1	2	7	6	5	4	2	1	5	4	5	13	1	1	5	4	5	1	11	1	9	6	5	1	10	1		1	2	11	
113	11	23	13	30	臺北市	松山區	松山區八德路2段與八德路2段451巷口	25.04816	121.547404	0	0	1	3	7	6	5	4	2	1	5	4	5	13	2	1	5	4	5	2	12	1	7	1	6	1	10	1		1	3	14	
113	11	23	13	32	臺北市	中正區	中正區中華路2段371號	25.0265082	121.507472	0	0	1	2	7	7	5	14	9	1	5	4	5	13	4	4	9	4	4	2	17	1	6	1	7	1	8	1		1	3	5	
113	11	23	13	38	臺北市	信義區	信義區松山路262號	25.0437743	121.5777364	0	0	1	2	7	7	5	14	9	1	5	4	5	13	4	4	1	4	5	2	12	1	9	1	7	1	8	1		1	3	2	
113	11	23	13	45	臺北市	內湖區	內湖區港墘路127巷10號	25.0778355	121.5764148	0	0	1	2	7	6	5	14	9	1	5	4	5	13	4	4	5	5	5	2	17	1	2	1	6	2	10	1		2	2	13	
113	11	23	13	48	臺北市	松山區	松山區南京東路4段133巷與南京東路4段133巷4弄口	25.0520814	121.5550867	0	0	1	3	7	6	5	4	2	1	5	4	5	13	4	4	8	3	5	2	17	4	13	1	3	1	8	1		1	3	2	
113	11	23	13	51	臺北市	大安區	大安區羅斯福路3段297號	25.0174428	121.5316882	0	0	1	3	7	6	5	14	9	1	5	4	5	13	1	1	1	3	5	2	17	1	9	1	7	1	4	1		2	3	6	
113	11	23	15	20	臺北市	內湖區	內湖區金湖路與星雲街口	25.0814571	121.5974646	0	0	2	4	7	6	5	3	1	1	5	4	5	13	2	1	3	4	5	2	13	1	5	1	7	2	8	1		1	3	17	
113	11	23	15	42	臺北市	大同區	大同區延平北路2段與保安街口	25.0589068	121.5114639	0	0	1	2	7	6	5	5	1	1	5	4	5	13	2	1	5	4	5	2	17	1	11	1	7	1	8	1		2	3	8	
113	11	23	15	50	臺北市	士林區	士林區社正路與社中街33巷口	25.08896859	121.5096902	0	0	2	2	7	7	5	5	1	1	5	4	5	13	4	4	5	1	5	1	15	1	9	1	5	1	10	1		1	2	11	
113	11	23	16	5	臺北市	大同區	大同區承德路3段與敦煌路口	25.0752722	121.5202114	0	0	1	2	8	5	5	4	1	1	5	4	5	13	1	1	1	4	1	2	16	1	9	6	5	2	10	1		1	2	14	
113	11	23	16	11	臺北市	信義區	信義區福德街251巷12號	25.0376115	121.5862519	0	0	1	2	7	6	5	11	9	1	5	4	5	13	4	4	10	5	5	2	17	4	5	1	3	1	8	1		1	3	8	
113	11	23	16	20	臺北市	萬華區	萬華區內江街與雅江街口	25.0417543	121.5015779	0	0	2	2	8	7	5	4	1	1	5	4	5	13	4	4	8	5	5	2	15	1	9	1	6	1	10	1		2	2	14	
113	11	23	17	3	臺北市	內湖區	內湖區民權東路6段190巷與民權東路6段口	25.0687292	121.5943394	0	0	1	2	7	6	5	3	1	1	5	4	5	13	4	4	1	4	5	2	16	4	6	1	3	1	8	1		1	3	2	
113	11	23	17	23	臺北市	大同區	大同區鄭州路與西寧北路口	25.0505799	121.5081913	0	0	1	3	7	5	5	5	1	1	5	4	5	13	2	1	1	4	5	2	17	1	9	1	7	1	8	1		2	3	5	
113	11	23	17	28	臺北市	文山區	文山區木柵路4段與木柵路4段159巷口	24.9998013	121.5756658	0	0	1	3	7	6	5	3	2	1	5	4	5	13	1	1	10	5	5	2	17	4	6	7	3	11	19	1		1	4	17	
113	11	23	17	44	臺北市	文山區	文山區萬壽橋（東往西）	24.99169478	121.5716225	0	0	2	3	8	5	5	14	9	1	5	4	5	13	4	4	1	4	5	2	17	4	15	1	3	1	10	1		1	2	11	
113	11	23	17	55	臺北市	信義區	信義區松壽路2號	25.0359055	121.5630508	0	0	1	2	7	5	5	14	9	1	5	4	5	13	4	4	9	4	5	2	13	1	5	1	6	1	10	1		1	2	13	
113	11	23	17	58	臺北市	中正區	中正區羅斯福路3段62號	25.0223622	121.5260783	0	0	2	2	7	5	5	14	9	1	5	4	5	13	1	1	1	4	5	2	12	1	14	1	5	2	10	1		2	2	12	
113	11	23	18	5	臺北市	士林區	士林區延平北路7段106巷與延平北路7段106巷口旁	25.1012614	121.4961611	0	0	1	3	8	5	5	11	9	1	5	4	5	13	4	4	10	5	5	1	17	4	9	7	3	9	19	2		4	4	15	
113	11	23	18	34	臺北市	信義區	信義區福德街84巷與福德街口側附近口	25.0371953	121.5814818	0	0	2	4	7	5	5	4	2	1	5	4	1	11	1	1	10	4	5	2	15	4	9	1	7	2	8	1		1	2	1	
113	11	23	18	34	臺北市	文山區	文山區木柵路5段與文和橋口	25.0016748	121.5949802	0	0	2	3	7	5	5	3	1	1	5	4	5	13	1	1	5	4	5	2	16	1	5	1	7	2	8	1		1	3	2	
113	11	23	18	47	臺北市	中正區	中正區汀州路3段與汀州路3段160巷口	25.0134352	121.5345283	0	0	1	2	8	5	5	4	1	1	5	4	5	13	2	1	5	4	5	2	16	1	11	1	5	9	10	2		2	3	13	
113	11	23	19	0	臺北市	內湖區	內湖區麥帥一橋東向西	25.0535817	121.5747661	0	0	1	2	6	5	5	8	9	1	4	4	5	13	4	4	1	3	5	2	17	1	9	1	7	1	8	1		1	3	1	
113	11	23	19	23	臺北市	萬華區	萬華區康定路與長沙街2段口	25.0406171	121.5020286	0	0	2	2	8	5	5	4	2	1	5	4	5	13	1	1	5	4	5	2	17	1	9	1	5	1	10	1		1	2	14	
113	11	23	19	35	臺北市	文山區	文山區興隆路4段6號	24.9898815	121.5595455	0	0	2	4	7	5	8	14	9	1	5	4	5	13	4	4	1	4	5	2	12	1	9	8	4	2	20	1		1	3	12	
113	11	23	19	39	臺北市	文山區	文山區興隆路4段6號	24.989808	121.5596308	0	0	3	3	7	5	5	14	9	1	5	4	5	13	4	4	1	4	5	2	13	1	9	1	6	2	10	1		1	2	11	
113	11	23	19	43	臺北市	南港區	南港區忠孝東路7段99號對面	25.0515529	121.6028825	0	0	1	2	7	5	5	14	8	1	4	4	5	13	4	4	1	4	4	2	13	1	9	1	5	1	10	1		1	2	11	
113	11	23	20	40	臺北市	中山區	中山區民權東路1段與新生北路2段口	25.0625528	121.5274098	0	0	2	3	8	5	5	3	1	1	5	4	5	13	2	1	1	4	5	2	17	4	7	1	6	1	10	1		1	2	14	
113	11	23	20	48	臺北市	萬華區	萬華區中華路2段與南寧路口	25.0367464	121.5066602	0	0	2	3	7	6	5	4	2	1	5	4	5	13	2	1	1	4	4	1	9	4	9	6	3	1	18	1		1	2	8	
113	11	23	21	15	臺北市	中山區	中山區吉林路8巷與新生北路1段口	25.0580515	121.5222072	0	0	1	2	8	5	5	3	1	1	5	4	5	13	4	4	10	5	5	2	17	1	6	1	5	1	10	1		1	3	14	
113	11	23	21	21	臺北市	中正區	中正區中山南路與凱達格蘭大道口	25.03873697	121.5173486	0	0	2	3	8	5	5	5	1	1	5	4	5	13	2	1	5	2	5	2	13	1	9	1	5	1	10	1		1	2	11	
113	11	23	21	26	臺北市	文山區	文山區興隆路2段與興隆路2段244巷口	25.0011221	121.553862	0	0	1	2	7	5	6	3	1	1	5	4	5	13	4	4	1	4	5	2	17	1	5	1	6	1	10	1		1	3	11	
113	11	23	21	41	臺北市	松山區	松山區南京東路4段與敦化北路口	25.051841	121.5493926	0	0	2	2	7	5	5	4	2	1	5	4	5	13	2	1	2	4	5	2	12	1	8	1	5	1	10	1		2	2	12	
113	11	23	21	58	臺北市	大同區	大同區鄭州路與西寧北路口	25.0506039	121.5082011	0	0	1	2	7	5	5	4	2	1	5	4	5	13	1	1	1	4	5	2	17	1	5	1	5	1	10	1		1	2	14	
113	11	23	22	32	臺北市	松山區	松山區復興北路與長安東路2段口口	25.0482312	121.5440837	0	0	3	3	7	5	5	4	1	1	5	4	5	13	2	1	1	4	5	2	16	1	8	1	6	1	10	1		1	2	11	
113	11	23	22	50	臺北市	中山區	中山區松江路169號	25.0551641	121.5332012	0	0	2	4	7	5	5	14	9	1	5	4	5	13	4	4	1	4	5	2	17	4	9	1	6	1	10	1		1	2	11	
113	11	23	23	15	臺北市	大安區	大安區辛亥路3段81號對面西往東近基隆路三段	25.0192417	121.5461954	0	0	1	3	8	5	5	14	9	1	5	4	5	13	4	4	1	4	5	2	17	4	9	1	3	1	4	1		1	3	2	
113	11	23	23	18	臺北市	中山區	中山區林森北路與林森北路383巷口	25.04847309	121.5183568	0	0	1	2	7	5	5	3	1	1	5	4	5	13	4	4	9	4	5	2	16	4	5	1	5	2	10	1		2	3	11	
113	11	24	3	11	臺北市	文山區	文山區景豐街37巷7弄與景豐街31巷口	25.0001339	121.5454183	0	0	2	3	7	5	5	14	9	1	5	4	5	13	4	4	10	5	5	2	17	1	9	1	6	2	10	1		1	2	12	
113	11	24	3	16	臺北市	大安區	大安區忠孝東路4段15號	25.0418381	121.5447882	0	0	2	3	7	5	5	14	9	1	5	4	5	13	4	4	1	2	5	2	17	4	14	1	3	1	4	1		1	2	2	
113	11	24	5	15	臺北市	大安區	大安區信義路3段與大安路1段口	25.0334745	121.5459458	0	0	1	2	8	5	5	5	1	1	5	4	5	13	1	1	8	3	5	2	29	4	11	1	3	9	8	1		1	3	1	