年	月	日	時	分	縣市	行政區	allLocation	GoogleLat	GoogleLng	死	2-30	受傷	當事人數	天候	道路照明設備	道路類別	道路型態	事故位置	路面狀況1	路面狀況2	路面狀況3	道路障礙1	道路障礙2	號誌1	號誌2	車道劃分-分向	車道劃分-分道1	車道劃分-分道2	車道劃分-分道3	事故類型及型態	行動電話	當事者行動狀態	駕駛資格情形	保護裝置	飲酒情形	駕駛執照種類	個人肇逃否	肇因碼-主要	性別	受傷程度	車輛撞擊部位1	車輛撞擊部位2
113	11	24	6	9	臺北市	南港區	南港區研究院路2段與研究院路2段61巷口	25.043779	121.6162113	0	0	1	2	8	5	5	4	1	1	5	4	5	13	2	1	5	5	5	2	16	4	5	1	3	1	10	1		1	3	12	
113	11	24	6	21	臺北市	中正區	中正區金山南路1段67巷與臨沂街口	25.0376745	121.5292192	0	0	1	2	8	6	5	4	1	1	5	4	5	8	4	4	10	5	5	2	15	1	9	1	7	2	8	1		1	3	8	
113	11	24	8	26	臺北市	大安區	大安區濟南路3段與仁愛路3段31巷口口	25.0401559	121.5347909	0	0	1	2	8	6	5	3	1	1	5	4	5	13	4	4	9	4	5	2	16	1	5	1	7	1	2	1		1	3	5	
113	11	24	8	37	臺北市	松山區	松山區觀山河濱公園自行車道(燈桿3015225處)	25.07137957	121.5689623	0	0	2	2	8	7	5	14	23	1	5	4	5	13	4	4	10	5	5	2	17	1	9	8	4	1	20	1		2	2	11	
113	11	24	8	40	臺北市	大同區	大同區堤外自行車專用道	25.07844295	121.5077351	0	0	2	2	7	6	5	14	23	1	5	4	5	13	4	4	10	5	5	2	11	4	9	8	3	1	20	1		1	2	11	
113	11	24	8	45	臺北市	南港區	南港區玉成街與玉成街52巷口口	25.0480072	121.5815515	0	0	1	4	8	6	5	3	1	1	5	4	5	13	4	4	10	5	5	2	17	1	9	8	4	1	20	1		1	3	17	
113	11	24	8	53	臺北市	大安區	大安區信義路4段與四維路口口	25.0331542	121.5480588	0	0	1	2	8	6	5	3	1	1	5	4	5	13	4	4	10	5	5	2	17	1	6	1	7	1	8	1		1	3	5	
113	11	24	8	58	臺北市	士林區	士林區福華路135號	25.1026284	121.5223711	0	0	1	2	8	7	5	14	9	1	5	4	5	13	4	4	10	4	5	1	17	1	9	1	5	9	10	1		1	2	11	
113	11	24	9	48	臺北市	內湖區	內湖區瑞光路317號	25.07619362	121.5752573	0	0	1	3	8	6	5	14	9	1	5	4	5	13	4	4	5	4	5	2	29	1	9	1	6	2	10	1		3	2	11	
113	11	24	9	57	臺北市	萬華區	萬華區東園街35巷與東園街口	25.02719444	121.4957737	0	0	2	3	8	6	5	3	1	1	5	4	5	13	3	1	9	4	5	1	13	1	12	1	5	1	10	1		2	2	11	
113	11	24	10	15	臺北市	士林區	士林區百齡橋西往東	25.08909671	121.5136993	0	0	1	4	8	5	8	22	22	1	5	4	5	13	4	4	1	1	5	1	13	1	9	1	5	1	10	1		1	3	15	
113	11	24	10	24	臺北市	大安區	大安區光復南路148號	25.04283792	121.5576368	1	0	0	3	8	6	5	14	9	1	5	4	5	13	4	4	1	4	5	2	12	1	8	1	7	2	4	1		1	3	6	
113	11	24	10	40	臺北市	萬華區	萬華區康定路與貴陽街2段口	25.0401368	121.5019214	0	0	1	2	7	6	5	4	1	1	5	4	5	13	1	1	8	5	5	2	16	4	9	1	5	1	10	1		1	2	11	
113	11	24	10	47	臺北市	中正區	中正區羅斯福路1段與愛國東路口	25.03462834	121.5170538	0	0	1	3	7	6	5	4	1	1	5	4	5	13	1	1	3	4	5	2	12	1	9	1	5	2	10	1		1	3	12	
113	11	24	10	54	臺北市	中山區	中山區建國北路1段與長安東路2段口	25.04846519	121.5371568	0	0	2	2	8	6	5	4	1	1	5	4	5	13	4	4	1	4	3	2	13	4	9	1	6	1	10	1		1	2	11	
113	11	24	11	41	臺北市	大安區	大安區仁愛路3段與建國南路1段口往西未過建國南路	25.0383735	121.5387356	0	0	2	3	8	5	5	14	9	1	5	4	5	13	4	4	1	4	5	2	12	1	8	1	7	1	8	1		1	3	6	
113	11	24	12	47	臺北市	士林區	士林區通河西街2段堤外便道	25.093351	121.5069301	0	0	2	3	7	6	5	14	9	1	5	4	5	13	4	4	9	4	5	1	16	4	1	3	3	1	18	1		1	3	12	
113	11	24	13	4	臺北市	萬華區	萬華區莒光路128號	25.03128994	121.5032858	0	0	1	2	8	6	5	14	9	1	5	4	5	13	4	4	3	4	5	2	17	1	9	1	6	1	10	1		1	3	12	14
113	11	24	13	20	臺北市	信義區	信義區市府路與松壽路口口	25.03596	121.5631821	0	0	2	2	8	7	5	4	2	1	5	4	5	13	2	1	5	4	5	2	13	1	9	1	6	1	10	1		1	2	11	
113	11	24	13	50	臺北市	大安區	大安區建國南路2段與建國南路2段151巷口	25.0287372	121.5379757	0	0	1	3	8	6	5	4	1	1	5	4	5	13	1	1	1	3	5	2	17	1	7	1	6	1	10	1		1	3	14	
113	11	24	14	10	臺北市	內湖區	內湖區康樂街110巷與康樂街136巷18弄口	25.0707303	121.618306	0	0	2	2	8	6	5	4	1	1	5	4	5	13	4	4	10	4	5	2	15	1	9	1	5	1	10	1		1	2	13	
113	11	24	14	55	臺北市	萬華區	萬華區梧州街59號	25.03515721	121.5073695	0	0	1	2	8	7	5	22	9	1	5	4	5	13	4	4	10	5	5	2	9	1	2	1	7	1	8	1		1	3	7	
113	11	24	15	5	臺北市	大同區	大同區民生西路與民樂街口	25.0569663	121.5106767	0	0	3	3	7	7	5	5	2	1	5	4	5	13	2	1	5	4	5	2	17	4	5	1	3	1	10	1		1	2	11	
113	11	24	15	40	臺北市	大安區	大安區忠孝東路3段與忠孝東路口側附近3段193巷口	25.0418545	121.5386959	0	0	1	2	8	6	5	3	18	1	5	4	5	13	4	4	10	5	5	2	3	1	9	8	4	1	20	1		2	3	17	
113	11	24	15	42	臺北市	中正區	中正區汀州路4段與基隆路4段口口	25.0111107	121.5362442	0	0	2	2	7	6	5	4	1	1	5	4	5	13	1	1	5	5	5	2	15	1	9	8	4	1	20	1		2	2	14	
113	11	24	16	6	臺北市	中山區	中山區建國北路2段96巷與建國北路2段口	25.05746845	121.5366533	0	0	1	2	7	6	5	5	2	1	5	4	5	13	4	4	10	3	5	2	17	1	9	1	7	1	8	1		1	3	4	
113	11	24	16	45	臺北市	士林區	士林區中山北路4段與通河街口	25.0798989	121.5240169	0	0	2	3	8	5	5	3	1	1	5	4	5	13	1	1	1	2	5	2	16	4	6	1	3	1	10	1		1	3	13	
113	11	24	17	20	臺北市	內湖區	內湖區民權東路6段與金湖路口引道	25.07295544	121.6053687	0	0	1	2	8	5	5	3	2	1	5	4	5	13	4	4	3	5	5	2	17	1	6	1	7	1	8	1		1	3	7	
113	11	24	17	29	臺北市	士林區	士林區中山北路5段698巷與中正路104巷2弄口	25.0972815	121.5291247	0	0	2	2	8	5	5	3	1	1	5	4	5	13	4	4	10	5	5	2	15	1	1	1	6	1	10	1		2	2	11	
113	11	24	17	35	臺北市	信義區	信義區松仁路與松仁路95巷口口	25.0366273	121.5685526	0	0	1	2	8	6	5	3	1	1	5	4	5	13	4	4	5	5	5	2	17	1	1	1	7	1	8	1		2	3	5	
113	11	24	18	10	臺北市	大同區	大同區延平北路1段與甘谷街口	25.0527896	121.511765	0	0	1	2	8	5	5	4	1	1	5	4	5	13	4	4	8	3	5	2	16	1	6	1	7	1	3	1		1	3	2	
113	11	24	18	43	臺北市	大安區	大安區光復南路與光復南路180巷口	25.0423714	121.55759	0	0	1	2	8	5	5	3	1	1	5	4	5	13	4	4	8	3	5	2	12	4	15	1	3	1	8	1		1	3	5	
113	11	24	18	50	臺北市	松山區	松山區市民大道4段與敦化南路1段口口	25.0449148	121.5493281	0	0	1	2	8	5	5	4	2	1	5	4	5	13	2	1	1	4	5	2	17	1	9	1	6	1	10	1		1	2	14	
113	11	24	19	0	臺北市	士林區	士林區承德路4段與通河街口	25.08018051	121.5222968	0	0	2	2	7	5	5	4	1	1	5	4	5	13	2	1	1	4	5	1	17	1	9	6	5	2	10	1		1	2	14	
113	11	24	19	16	臺北市	文山區	文山區萬芳路50號	24.99674176	121.5708452	0	0	1	2	7	5	5	14	9	1	5	4	5	13	2	1	5	4	5	2	13	1	9	1	6	1	10	1		2	3	11	
113	11	24	19	41	臺北市	中正區	中正區羅斯福路4段142號	25.0129007	121.5360449	0	0	1	4	8	5	5	14	9	1	5	4	3	10	4	4	3	4	5	2	12	1	7	1	5	1	10	1		2	2	14	
113	11	24	20	20	臺北市	大同區	大同區鄭州路與環河北路1段口	25.05065123	121.5067045	0	0	1	4	7	5	5	4	2	1	5	4	5	13	1	1	1	4	5	2	17	1	5	1	5	1	10	1		2	3	13	
113	11	24	21	52	臺北市	士林區	士林區中山北路6段與天母西路口	25.1182509	121.5299995	0	0	1	2	7	5	5	4	1	1	5	4	5	13	2	1	1	4	5	2	16	1	5	1	6	1	10	1		1	2	12	
113	11	24	22	9	臺北市	信義區	信義區莊敬路325巷與吳興街220巷口	25.0280724	121.5635628	0	0	2	2	8	5	5	4	2	1	5	4	5	13	1	1	9	5	5	2	17	1	5	1	6	1	10	1		1	2	11	
113	11	24	22	53	臺北市	中山區	中山區敬業四路與樂群二路口	25.08022883	121.5584905	0	0	1	2	8	5	5	3	1	1	5	4	5	13	2	1	9	4	5	2	17	1	5	1	5	1	10	1		1	2	12	
113	11	24	23	34	臺北市	萬華區	萬華區華中橋機車道往新北市（燈桿7010470）	25.0161097	121.4954444	0	0	2	3	7	5	5	14	11	1	5	4	5	13	4	4	10	3	5	1	12	4	9	6	3	1	18	1		1	2	11	
113	11	25	3	24	臺北市	內湖區	內湖區堤頂大道2段與港墘路口	25.0745769	121.5722115	0	0	1	2	7	5	5	3	1	1	5	4	5	13	2	1	1	4	1	1	16	1	5	3	6	1	18	1		1	2	14	
113	11	25	5	20	臺北市	北投區	北投區承德路6段451號	25.11009	121.5111819	0	0	1	2	8	5	5	14	9	1	5	4	5	13	4	4	1	4	4	2	17	4	15	1	3	11	3	1		1	3	17	
113	11	25	5	53	臺北市	大安區	大安區大安路1段116巷與復興南路1段口	25.0398279	121.5438033	0	0	2	3	7	5	5	4	1	1	5	4	5	13	1	1	1	4	5	2	16	1	5	1	7	2	8	1		1	2	2	
113	11	25	6	56	臺北市	萬華區	萬華區華西街與廣州街口	25.0367537	121.4982871	0	0	1	2	7	7	5	4	1	1	5	4	5	13	4	4	10	5	5	2	17	1	9	1	6	1	10	1		1	2	12	
113	11	25	7	5	臺北市	中正區	中正區中華路2段307巷與中華路2段315巷5弄口口	25.0293244	121.5062354	0	0	1	2	8	6	5	4	1	1	5	4	5	13	4	4	5	5	5	1	17	1	11	1	6	2	10	1		2	3	14	
113	11	25	7	19	臺北市	士林區	士林區社正路45巷與社正路口	25.08884791	121.5097667	0	0	2	2	8	5	5	4	2	1	5	4	5	13	4	4	5	5	5	2	17	1	9	1	5	1	10	1		2	2	12	
113	11	25	7	25	臺北市	松山區	松山區敦化北路與民權東路3段口	25.0615205	121.5502371	0	0	2	2	8	6	5	4	2	1	5	4	5	13	1	1	1	3	5	2	13	1	9	1	6	1	10	1		1	2	11	
113	11	25	7	35	臺北市	北投區	北投區石牌路2段97巷與石牌路2段97巷6弄口	25.1176966	121.5162244	0	0	1	2	8	7	5	3	2	1	5	4	5	13	4	4	5	5	5	2	3	1	9	1	6	2	9	1		2	3	11	
113	11	25	7	53	臺北市	萬華區	萬華區西園路1段145號	25.0358104	121.4994045	0	0	2	3	7	7	5	14	9	1	5	4	5	13	4	4	1	3	5	2	18	1	9	1	5	2	10	1		1	2	14	
113	11	25	7	57	臺北市	北投區	北投區大度路2號加油站出口	25.1213594	121.4987491	0	0	2	2	8	7	5	14	9	1	5	4	5	13	4	4	9	4	5	1	17	1	1	1	5	1	10	1		2	2	14	
113	11	25	8	5	臺北市	大同區	大同區承德路3段與民族西路口	25.0684227	121.5185048	0	0	2	2	8	7	5	4	2	1	5	4	5	13	2	1	1	4	5	2	17	4	15	1	3	1	10	1		2	2	12	
113	11	25	8	7	臺北市	內湖區	內湖區內湖路1段512號	25.0805406	121.5737176	0	0	1	3	8	6	5	14	7	1	5	4	5	13	4	4	1	4	4	2	12	1	15	1	7	1	8	1		2	3	2	
113	11	25	8	20	臺北市	大安區	大安區金華街與信義路2段198巷口	25.0300141	121.5314988	0	0	1	2	8	6	5	4	1	1	5	4	5	13	1	1	10	5	5	2	16	1	9	6	5	1	10	1		1	2	12	
113	11	25	8	25	臺北市	南港區	南港區忠孝東路6段(近玉成街)	25.0464913	121.5836852	0	0	2	2	8	7	5	14	9	1	5	4	5	13	4	4	1	4	5	2	13	1	9	1	5	1	10	1		2	2	11	
113	11	25	8	25	臺北市	文山區	文山區木新路3段51號	24.9824813	121.5641753	0	0	1	2	8	7	5	14	7	1	5	4	5	13	1	1	5	5	4	2	16	1	7	1	5	2	10	1		1	3	14	
113	11	25	8	26	臺北市	文山區	文山區羅斯福路6段與羅斯福路6段455巷口	24.9904762	121.5398999	0	0	2	3	8	6	5	4	2	1	5	4	5	13	1	1	1	4	5	2	17	1	9	1	6	1	10	1		1	2	11	
113	11	25	8	55	臺北市	中正區	中正區鄭州路與承德路1段口	25.0487566	121.5159321	0	0	1	4	8	5	5	14	9	1	5	4	5	13	1	1	1	4	5	1	17	1	9	1	5	1	10	1		1	3	11	
113	11	25	8	59	臺北市	信義區	信義區信義路6段與信義路6段76巷口	25.0353317	121.5768149	0	0	2	2	7	7	5	4	1	1	5	4	5	13	1	1	9	4	5	2	17	1	5	1	5	2	10	1		2	2	12	
113	11	25	9	10	臺北市	大同區	大同區民權西路與民權西路144巷口	25.0628521	121.5157377	0	0	2	2	7	6	5	4	1	2	5	4	5	13	2	1	5	5	5	2	16	1	15	1	6	2	10	1		1	2	12	
113	11	25	9	28	臺北市	大安區	大安區辛亥路2段185號	25.021551	121.5416445	0	0	1	3	8	6	5	14	7	1	5	4	5	13	4	4	1	4	4	2	13	1	9	1	5	1	10	1		2	2	11	
113	11	25	9	33	臺北市	信義區	信義區松德路與信義路5段口	25.0332758	121.5746189	0	0	1	3	8	7	5	4	4	1	5	4	5	13	1	1	1	4	5	2	13	4	15	1	3	1	2	1		1	3	5	
113	11	25	9	35	臺北市	信義區	信義區莊敬路391巷16弄與莊敬路391巷口口	25.0282458	121.5658027	0	0	1	2	8	6	8	4	1	1	5	4	5	13	4	4	10	5	5	2	17	1	5	1	6	1	10	1		1	3	11	
113	11	25	9	40	臺北市	中山區	中山區敬業三路161巷與樂群二路116巷口	25.07935034	121.5558997	0	0	1	2	8	7	5	4	1	1	5	4	5	13	4	4	9	4	5	2	15	1	9	1	5	2	10	1		1	2	14	
113	11	25	9	55	臺北市	大安區	大安區羅斯福路4段119巷與羅斯福路4段113巷19弄口旁	25.0102884	121.5400138	0	0	1	2	8	6	5	3	2	1	5	4	5	13	4	4	5	5	5	2	14	1	2	1	7	1	8	1		1	3	3	
113	11	25	10	20	臺北市	南港區	南港區南湖大橋南往北	25.0612747	121.6137287	0	0	2	3	8	7	5	8	9	1	5	4	5	13	4	4	1	3	5	1	13	1	8	1	5	1	10	1		1	3	13	
113	11	25	10	31	臺北市	文山區	文山區老泉街與無名巷口	24.9762331	121.5575508	0	0	1	2	8	7	5	3	1	1	5	4	5	13	3	1	5	5	5	2	15	1	15	6	5	2	10	1		1	2	11	
113	11	25	10	37	臺北市	大安區	大安區潮州街107巷與潮州街口	25.02869	121.5275419	0	0	1	2	8	6	6	4	1	1	5	4	5	13	4	4	10	5	5	1	15	1	9	1	5	1	10	1		1	2	11	
113	11	25	10	38	臺北市	南港區	南港區南港路3段21號	25.053863	121.5912155	0	0	1	3	8	6	5	14	9	1	5	4	5	13	4	4	5	4	5	2	13	1	9	1	6	2	10	1		1	2	11	
113	11	25	11	13	臺北市	松山區	松山區民權東路4段與敦化北路口口附近	25.0615192	121.5517514	0	0	1	2	7	6	5	14	9	1	5	4	5	13	4	4	9	4	4	2	16	1	9	1	6	1	10	1		1	2	14	
113	11	25	11	27	臺北市	士林區	士林區天母西路62巷與天母西路50巷口	25.118022	121.5241114	0	0	1	2	8	5	5	3	1	1	5	4	5	13	4	4	10	5	5	1	36	1	6	1	6	9	10	1		1	5	14	
113	11	25	11	30	臺北市	中正區	中正區公園路與貴陽街1段口	25.0386502	121.5153267	0	0	1	2	8	6	5	4	1	1	5	4	5	13	1	1	5	4	5	2	2	1	5	1	7	2	8	1		1	3	8	
113	11	25	12	10	臺北市	大安區	大安區和平東路1段91號	25.0269311	121.5256783	0	0	1	2	8	6	5	14	8	1	5	4	5	13	4	4	1	4	4	2	12	4	8	1	3	1	8	1		1	3	3	
113	11	25	12	52	臺北市	士林區	士林區中山北路6段765號	25.1158423	121.5281148	0	0	1	2	8	6	5	14	9	1	5	4	5	13	4	4	10	5	5	1	16	1	7	1	5	1	10	1		1	2	14	
113	11	25	13	4	臺北市	信義區	信義區信安街與信安街115巷口	25.02484	121.5561238	0	0	1	2	8	6	5	4	2	1	5	4	5	13	4	4	5	5	5	2	17	1	9	1	5	1	10	1		1	3	17	
113	11	25	13	27	臺北市	中山區	中山區中山北路3段圓山下坡道	25.0753442	121.5257458	0	0	1	2	8	7	5	14	9	1	5	4	5	13	1	1	10	4	5	2	13	1	9	1	5	1	10	1		2	2	11	
113	11	25	13	30	臺北市	大同區	大同區民權西路與民權西路160巷口	25.06286756	121.5155877	0	0	1	2	8	6	5	3	2	1	5	4	5	13	4	4	8	3	5	1	17	4	6	1	3	11	4	1		1	3	17	
113	11	25	13	37	臺北市	南港區	南港區大坑街與東勢街口	25.0388444	121.6238624	0	0	1	2	8	6	5	4	1	1	5	4	5	13	4	4	5	5	5	2	16	1	5	1	5	1	10	1		2	2	11	
113	11	25	13	42	臺北市	北投區	北投區吉利街123巷與吉利街口口	25.1186733	121.5064801	0	0	2	2	8	6	5	4	2	1	5	4	5	13	2	1	10	5	5	2	17	1	9	1	6	2	10	1		2	2	12	
113	11	25	13	55	臺北市	士林區	士林區中正路391號	25.09414888	121.5211705	0	0	1	2	8	5	8	22	22	1	5	4	5	13	4	4	1	4	5	1	17	1	5	1	7	1	8	1		2	3	1	
113	11	25	14	15	臺北市	內湖區	內湖區成功路3段與文德路口附近	25.078219	121.5898042	0	0	2	3	8	6	5	5	2	1	5	4	5	13	1	1	1	3	5	1	12	1	9	1	6	1	10	1		1	2	12	
113	11	25	14	40	臺北市	中正區	中正區汀州路2段與汀州路2段6巷口口	25.0257957	121.5157514	0	0	1	2	7	6	5	3	1	1	5	4	5	13	4	4	9	5	5	2	16	4	6	1	3	2	8	1		1	3	2	
113	11	25	14	50	臺北市	中山區	中山區吉林路與民族東路口	25.06839189	121.530101	0	0	1	2	8	7	5	3	1	1	5	4	5	13	1	1	9	4	5	2	3	1	5	1	7	2	4	1		1	3	1	
113	11	25	15	2	臺北市	北投區	北投區大度路與中央北路2段257巷口口	25.1220972	121.4864618	0	0	3	3	8	6	5	5	1	1	5	4	5	13	2	1	1	4	1	2	17	1	6	1	6	1	10	1		1	2	12	
113	11	25	15	21	臺北市	信義區	信義區吳興街與吳興街260巷口	25.0267421	121.5638667	0	0	1	2	8	7	8	4	2	1	5	4	5	13	4	4	10	5	5	2	4	4	9	1	3	1	4	1		1	3	1	
113	11	25	15	38	臺北市	中山區	中山區市民大道2段與林森北路口	25.04790612	121.5242392	0	0	1	2	7	6	5	4	1	1	5	4	5	13	2	1	1	5	5	1	16	4	9	1	3	1	9	1		1	3	12	
113	11	25	15	44	臺北市	信義區	信義區信義路5段100-1號停車場出入口	25.0328146	121.5650163	0	0	1	2	8	6	5	22	9	1	5	4	5	13	4	4	1	4	5	2	16	1	6	1	7	2	8	1		1	3	2	
113	11	25	15	58	臺北市	大安區	大安區東豐街與復興南路1段279巷30弄口	25.03603628	121.5451246	0	0	1	2	7	6	5	4	1	1	5	4	5	13	4	4	10	5	5	2	15	1	9	1	5	1	8	1		2	2	11	
113	11	25	16	0	臺北市	信義區	信義區吳興街與吳興街260巷口	25.026751	121.5639179	0	0	1	2	8	6	5	4	2	1	5	4	5	13	4	4	9	5	5	2	17	1	5	1	5	1	9	1		1	3	12	
113	11	25	17	10	臺北市	萬華區	萬華區康定路與武昌街2段口	25.0455996	121.5031617	0	0	1	2	7	5	5	4	1	1	5	4	5	13	2	1	5	5	5	2	17	1	5	1	6	1	10	1		1	2	14	
113	11	25	17	20	臺北市	萬華區	萬華區艋舺大道與西藏路口	25.0289931	121.491398	0	0	2	3	7	5	5	4	2	1	5	4	5	13	2	1	1	4	5	1	17	4	6	7	3	11	19	2		4	4	15	
113	11	25	17	44	臺北市	大同區	萬華區堤外便道與桂林路口水門口	25.0389973	121.4958398	0	0	2	2	8	5	5	4	1	1	5	4	5	13	2	1	5	5	5	2	3	1	9	1	6	2	10	1		1	2	11	
113	11	25	17	46	臺北市	文山區	文山區木新路2段與恆光街口	24.9832317	121.5667451	0	0	1	2	7	5	5	4	1	1	5	4	5	13	2	1	10	5	4	2	16	1	5	1	7	1	8	1		1	3	5	
113	11	25	18	14	臺北市	內湖區	內湖區新湖一路與舊宗路1段口口	25.0603144	121.5792388	0	0	2	3	7	5	5	4	1	1	5	4	5	13	1	1	1	5	5	2	16	1	5	1	6	1	10	1		2	2	14	
113	11	25	18	17	臺北市	北投區	北投區學園路2號與學園路口城市科大校門口	25.1329355	121.4674119	0	0	2	2	7	5	5	4	2	1	5	4	5	13	2	1	5	5	5	2	11	1	9	1	5	1	10	1		1	2	12	
113	11	25	18	30	臺北市	士林區	士林區福林路與中山北路5段470巷口	25.0944528	121.529147	0	0	3	3	8	5	8	3	1	1	5	4	5	13	4	4	5	4	5	1	12	1	11	1	6	1	9	1		1	2	14	
113	11	25	18	42	臺北市	文山區	文山區秀明路1段與久康街口	24.9896765	121.5649171	0	0	1	2	6	5	5	4	1	1	4	4	5	13	2	1	10	5	5	2	9	4	11	1	3	1	8	1		1	3	1	
113	11	25	19	2	臺北市	中正區	中正區市民大道2段與市民大道2段口1001795燈桿	25.04788178	121.5211492	0	0	3	3	8	5	5	3	2	1	5	4	5	13	4	4	1	5	5	2	17	1	5	1	6	1	10	1		1	2	11	12
113	11	25	19	39	臺北市	士林區	士林區士東路91巷11-1號	25.1128959	121.5293622	0	0	2	2	8	5	5	14	9	1	5	4	5	13	4	4	5	5	5	2	17	1	9	1	6	1	10	1		1	2	11	
113	11	25	20	15	臺北市	內湖區	內湖區瑞光路與瑞光路258巷口	25.0756792	121.5759955	0	0	2	2	7	5	5	4	1	1	5	4	5	13	2	1	5	4	5	1	13	1	9	1	6	1	10	1		1	2	11	
113	11	25	21	6	臺北市	中山區	中山區市民大道3段179號	25.0447564	121.5420496	0	0	1	2	8	5	5	14	9	1	5	4	5	13	4	4	1	4	5	2	23	1	15	8	4	9	20	1		2	2	11	
113	11	25	21	10	臺北市	信義區	信義區松高路與市府路口	25.0390207	121.5635776	0	0	1	2	7	5	5	4	18	1	5	4	5	13	1	1	4	3	5	2	3	1	5	1	7	2	8	1		1	3	1	
113	11	25	21	13	臺北市	大安區	大安區市民大道4段34號	25.0447896	121.545337	0	0	3	3	7	5	5	14	6	1	5	4	5	13	4	4	1	3	1	2	16	1	5	1	5	1	10	1		1	2	14	
113	11	25	22	3	臺北市	大安區	大安區基隆路2段172-1號	25.0259203	121.5540446	0	0	1	2	8	5	5	14	9	1	5	4	5	13	4	4	8	3	5	2	12	4	9	1	3	1	10	1		2	2	12	
113	11	25	22	33	臺北市	大同區	大同區重慶北路3段機慢車道北往南（J8)	25.07837256	121.5124212	0	0	2	2	7	5	7	14	12	1	5	4	5	13	4	4	10	5	5	2	17	1	9	1	5	1	9	1		1	2	12	
113	11	25	22	56	臺北市	信義區	信義區松山路669號	25.0330686	121.5811509	0	0	1	2	8	5	5	14	9	1	5	4	5	13	4	4	10	5	5	2	36	1	9	3	5	1	18	1		1	2	11	
113	11	26	0	19	臺北市	中山區	中山區民生東路2段與建國北路2段口	25.0577534	121.5366716	1	0	0	2	8	5	5	4	1	1	5	4	5	13	2	1	1	4	5	2	16	4	5	1	7	2	4	1		1	3	2	
113	11	26	1	35	臺北市	士林區	士林區重慶北路4段與重慶北路4段49巷口	25.0811106	121.5132192	0	0	1	2	7	5	5	3	1	1	5	4	5	13	2	1	1	3	5	1	16	1	5	1	5	1	10	1		1	2	14	
113	11	26	6	40	臺北市	士林區	士林區延平北路7段106巷與無名巷口	25.0991355	121.4962297	0	0	1	2	6	6	5	3	1	1	4	4	5	13	4	4	10	5	5	1	17	4	9	1	3	1	10	1		1	2	14	
113	11	26	7	30	臺北市	中山區	中山區建國北路1段55號	25.0500412	121.5369706	0	0	1	2	6	5	5	14	9	1	4	4	5	13	4	4	10	5	5	2	12	1	9	1	5	1	10	1		1	2	12	
113	11	26	7	33	臺北市	萬華區	萬華區桂林路246巷與桂林路244巷口	25.0377564	121.4941983	0	0	1	2	7	7	5	3	1	1	4	4	5	13	1	1	10	5	5	2	13	1	9	1	6	1	10	1		1	3	11	
113	11	26	7	40	臺北市	中山區	中山區民權東路2段與建國北路3段口	25.0624934	121.536678	0	0	1	2	6	7	5	5	1	1	4	4	5	13	1	1	1	4	5	2	17	1	6	1	7	2	8	1		1	3	2	
113	11	26	7	48	臺北市	大安區	大安區和平東路1段與青田街口口	25.0262565	121.5320344	0	0	2	3	6	6	5	5	1	1	4	4	5	13	2	1	1	4	5	2	17	1	9	1	7	1	8	1		1	3	8	
113	11	26	7	55	臺北市	松山區	松山區八德路4段636號	25.0498918	121.5733525	0	0	1	2	6	6	5	14	8	1	4	4	5	13	4	4	1	3	4	2	17	4	8	1	3	1	4	1		1	3	5	
113	11	26	8	10	臺北市	大同區	大同區敦煌路與敦煌路80巷口	25.0757726	121.5176473	0	0	2	3	6	7	5	3	2	1	4	4	5	13	2	1	1	5	5	2	17	4	6	1	3	1	8	1		1	3	5	
113	11	26	8	16	臺北市	北投區	北投區承德路6段與福國路口	25.1009513	121.5125706	0	0	2	2	6	7	5	14	9	1	4	4	5	13	2	1	1	4	4	2	12	1	8	1	6	1	10	1		2	2	14	
113	11	26	8	21	臺北市	中山區	中山區中山北路1段與市民大道1段口	25.0482356	121.5206889	0	0	1	2	7	5	5	4	1	1	5	4	5	13	1	1	1	3	5	2	16	1	6	1	7	1	8	1		1	3	2	
113	11	26	8	21	臺北市	信義區	信義區永吉路200巷56弄與永吉路200巷口	25.0434205	121.5726143	0	0	1	2	6	7	5	4	1	1	4	4	5	13	4	4	5	5	5	2	17	4	9	1	3	1	10	1		1	2	14	
113	11	26	8	22	臺北市	大同區	大同區南京西路與重慶北路1段口	25.0539319	121.5142551	0	0	1	2	6	6	5	5	1	1	4	4	5	13	4	4	1	5	5	2	16	1	5	1	7	1	2	1		1	3	8	
113	11	26	8	27	臺北市	松山區	松山區光復北路與民生東路5段27巷9弄口	25.0599259	121.5549555	0	0	1	3	6	6	5	3	1	1	4	4	5	13	4	4	9	4	4	2	17	1	6	1	7	1	8	1		1	3	8	
113	11	26	8	30	臺北市	中山區	中山區民權西路70巷與天祥路60巷口	25.06216098	121.519842	0	0	1	2	6	7	5	3	1	1	4	4	5	13	4	4	10	5	5	2	16	4	9	8	4	1	20	2		2	2	11	
113	11	26	8	53	臺北市	中正區	中正區凱達格蘭大道與公園路口	25.03954099	121.5154746	0	0	1	2	6	7	5	4	2	1	4	4	5	13	1	1	9	4	5	2	12	1	9	1	5	2	10	1		2	2	14	
113	11	26	9	3	臺北市	中山區	中山區民權東路2段152巷與松江路297巷口	25.0610603	121.5348558	0	0	1	2	6	6	5	4	1	1	4	4	5	13	4	4	8	5	5	1	15	4	9	1	3	1	10	1		1	3	14	