年	月	日	時	分	縣市	行政區	allLocation	GoogleLat	GoogleLng	死	2-30	受傷	當事人數	天候	道路照明設備	道路類別	道路型態	事故位置	路面狀況1	路面狀況2	路面狀況3	道路障礙1	道路障礙2	號誌1	號誌2	車道劃分-分向	車道劃分-分道1	車道劃分-分道2	車道劃分-分道3	事故類型及型態	行動電話	當事者行動狀態	駕駛資格情形	保護裝置	飲酒情形	駕駛執照種類	個人肇逃否	肇因碼-主要	性別	受傷程度	車輛撞擊部位1	車輛撞擊部位2
113	11	26	9	5	臺北市	文山區	文山區木柵路4段159巷0706803電桿號	25.0117156	121.5770017	0	0	1	2	6	6	7	11	9	1	4	4	5	13	4	4	10	5	5	2	17	1	9	1	7	1	8	1		1	3	4	
113	11	26	9	23	臺北市	松山區	松山區塔悠路187號	25.0563829	121.5695726	0	0	1	2	7	6	5	14	9	1	4	4	5	13	1	1	1	3	4	2	17	1	5	1	5	1	10	1		1	2	12	
113	11	26	9	26	臺北市	中正區	中正區辛亥路1段22號	25.0189012	121.5286098	0	0	1	3	6	7	5	14	7	1	4	4	5	13	4	4	1	4	4	2	17	1	8	1	7	1	8	1		2	3	17	
113	11	26	10	26	臺北市	萬華區	萬華區環河南路1段與康定路口	25.0461685	121.50329	0	0	1	2	6	7	8	3	1	1	4	4	5	13	1	1	5	5	5	1	17	1	5	1	7	2	8	1		1	3	1	
113	11	26	10	35	臺北市	松山區	松山區復興北路與南京東路3段口	25.0515378	121.5440975	0	0	1	2	6	6	5	4	2	1	4	4	5	13	1	1	1	3	5	2	13	1	12	1	6	1	10	1		1	3	13	
113	11	26	10	40	臺北市	文山區	文山區試院路102號前	24.9899389	121.5479648	0	0	2	2	6	6	5	14	9	1	4	4	5	13	4	4	5	5	5	2	17	4	11	1	3	1	10	1		2	2	13	
113	11	26	10	50	臺北市	大安區	大安區辛亥路3段與臥龍街188巷口	25.0161688	121.5505053	0	0	1	2	7	6	5	3	1	1	4	4	5	13	4	4	10	4	5	1	16	4	6	1	3	1	4	1		1	3	6	
113	11	26	11	3	臺北市	信義區	信義區忠孝東路4段515號	25.0416644	121.5578048	0	0	1	2	7	7	5	14	9	1	5	4	5	13	1	1	3	4	5	2	18	4	9	1	6	1	10	1		1	2	14	
113	11	26	11	48	臺北市	文山區	文山區木柵路4段21巷18號	24.9933577	121.5713883	0	0	1	2	7	7	5	14	9	1	5	4	5	13	4	4	5	4	5	2	16	1	5	1	7	2	8	1		1	3	5	
113	11	26	11	49	臺北市	文山區	文山區木柵路3段169巷與秀明路1段口口	24.9914285	121.5683912	0	0	1	2	7	6	5	3	1	1	4	4	5	13	2	3	10	5	5	1	16	1	6	1	7	1	8	1		2	3	4	
113	11	26	12	1	臺北市	中正區	中正區汀州路3段40號(汀州三總醫院前)	25.0170401	121.5294507	0	0	1	2	8	6	5	3	1	1	5	4	5	13	1	1	5	2	5	2	17	1	5	1	7	2	8	1		1	3	4	
113	11	26	12	2	臺北市	中正區	中正區金山南路1段與杭州南路1段101巷口	25.0373504	121.5279538	0	0	1	3	7	6	5	3	2	1	5	4	5	13	4	4	1	4	5	2	13	1	9	1	6	2	10	1		3	3	11	
113	11	26	12	10	臺北市	松山區	松山區光復北路與南京東路5段口	25.0511862	121.5579015	0	0	1	2	7	7	5	14	9	1	5	4	5	13	1	1	1	3	5	2	13	1	9	1	6	1	10	1		2	2	11	
113	11	26	12	12	臺北市	中正區	中正區延平南路與長沙街1段口	25.0403242	121.5094272	0	0	1	2	7	5	5	14	9	1	5	4	5	13	1	1	5	5	5	1	17	1	1	1	7	2	8	1		1	3	5	
113	11	26	12	36	臺北市	中正區	中正區重慶南路1段61號	25.0446005	121.5132445	0	0	2	2	7	6	5	14	9	1	5	4	5	13	4	4	10	4	5	2	17	1	11	1	6	2	10	1		2	2	14	
113	11	26	13	16	臺北市	大安區	大安區光復南路570號	25.033973	121.5573978	0	0	1	2	8	7	5	14	9	1	5	4	5	13	4	4	1	4	5	2	9	1	15	1	7	11	2	1		1	3	17	
113	11	26	13	20	臺北市	信義區	信義區松山路與松隆路口	25.0481402	121.5776704	0	0	1	2	7	6	5	4	1	1	5	4	5	13	1	1	3	4	5	2	16	4	6	1	3	2	4	1		1	3	5	
113	11	26	14	13	臺北市	大同區	大同區承德路1段與太原路115巷口口	25.0523116	121.5173248	0	0	1	3	7	6	5	3	1	1	5	4	5	13	4	4	1	5	5	1	16	1	6	1	6	2	10	1		1	2	14	
113	11	26	14	27	臺北市	中山區	中山區長安東路2段246號	25.04860315	121.5432165	0	0	1	2	7	7	5	14	9	1	5	4	5	13	4	4	5	4	5	2	14	1	2	1	5	1	10	1		1	3	13	
113	11	26	15	15	臺北市	中正區	中正區中華路1段與貴陽街1段口	25.03929976	121.5076266	0	0	1	3	7	7	5	4	1	1	5	4	5	13	1	1	1	4	1	2	13	1	9	1	5	2	10	1		2	2	11	
113	11	26	15	24	臺北市	中山區	中山區中山北路2段與撫順街口	25.06370111	121.52229	0	0	1	2	7	7	5	3	2	1	5	4	5	13	4	4	1	4	5	2	13	4	9	1	5	1	10	1		2	3	11	
113	11	26	15	30	臺北市	松山區	松山區八德路4段650號	25.0499159	121.5750889	0	0	1	2	7	7	5	14	8	1	5	4	5	13	4	4	1	3	4	2	13	1	6	1	7	1	8	1		2	3	6	
113	11	26	15	49	臺北市	大安區	大安區辛亥路1段與羅斯福路3段口	25.0196703	121.5295521	0	0	1	2	7	7	5	4	1	1	5	4	5	13	1	1	8	3	5	1	15	1	15	6	7	1	8	1		1	3	1	
113	11	26	16	22	臺北市	士林區	士林區中山北路6段35巷與福國路口	25.1022893	121.5246749	0	0	1	2	7	5	5	4	1	1	5	4	5	13	2	1	1	4	5	2	16	1	9	1	6	1	10	1		2	2	14	
113	11	26	16	32	臺北市	南港區	南港區成功橋南往北	25.07098017	121.594124	0	0	2	2	7	6	5	14	9	1	5	4	5	13	4	4	5	4	5	2	13	1	9	1	5	1	10	1		1	2	11	
113	11	26	16	34	臺北市	大安區	大安區和平東路3段與和平東路3段228巷口口	25.0222867	121.5545322	0	0	1	2	7	7	5	4	1	1	5	4	5	13	2	1	5	5	5	1	9	4	9	1	3	11	8	1		1	3	4	
113	11	26	16	44	臺北市	大安區	大安區信義路4段與敦化南路1段口	25.0333692	121.5490428	0	0	1	2	7	6	5	4	1	1	5	4	5	13	1	1	10	5	5	2	16	1	5	8	4	1	20	1		2	2	13	
113	11	26	16	59	臺北市	萬華區	萬華區萬大路與萬大路186巷口	25.0278587	121.5004232	0	0	1	2	7	6	5	3	1	1	5	4	5	13	2	1	1	4	5	2	16	1	5	1	6	1	10	1		1	2	12	
113	11	26	17	0	臺北市	松山區	松山區寧安街52巷與八德路3段99巷口	25.05047818	121.5536485	0	0	1	2	7	5	5	4	1	1	5	4	5	13	4	4	10	5	5	2	15	1	9	1	7	1	8	1		1	3	5	
113	11	26	17	13	臺北市	士林區	士林區中正路與延平北路5段口	25.086696	121.5096724	0	0	1	2	8	5	5	3	1	1	5	4	5	13	4	4	10	4	5	1	17	1	5	6	6	1	10	1		1	2	12	
113	11	26	17	35	臺北市	信義區	信義區松仁路100號	25.0342172	121.5682615	0	0	2	3	7	5	5	14	9	1	5	4	5	13	4	4	1	4	5	2	17	4	8	1	3	2	4	1		1	3	17	
113	11	26	17	45	臺北市	中正區	中正區福州街與南昌路2段口口	25.02898531	121.5188657	0	0	2	2	8	5	5	4	1	1	5	4	5	13	1	1	5	5	5	1	17	1	5	1	6	1	10	1		1	2	12	
113	11	26	17	45	臺北市	內湖區	內湖區內湖路1段667號	25.0802424	121.5748446	0	0	1	2	8	5	5	14	7	1	5	4	5	13	4	4	1	4	4	2	12	1	7	1	7	1	8	1		2	3	7	
113	11	26	17	46	臺北市	北投區	北投區陽明路1段與陽明路1段43巷口	25.1491003	121.5493844	0	0	1	2	7	5	5	3	2	1	5	4	5	13	3	1	5	5	5	1	16	1	6	1	6	9	10	1		2	3	13	
113	11	26	17	50	臺北市	中正區	中正區三元街與三元街230巷口	25.027573	121.512929	0	0	1	2	7	5	5	4	2	1	5	4	5	13	1	1	1	4	4	2	17	1	9	1	5	1	10	1		1	2	12	
113	11	26	17	55	臺北市	大安區	大安區芳蘭路與基隆路3段155巷口	25.0125234	121.5451141	0	0	1	2	7	5	5	4	1	1	5	4	5	13	1	1	10	5	5	2	17	1	5	1	7	2	14	1		2	3	1	
113	11	26	18	2	臺北市	大同區	大同區承德橋與承德橋口機慢車道	25.07629484	121.5206231	0	0	1	2	7	5	5	8	11	1	5	4	5	13	4	4	2	4	5	2	17	1	15	8	4	2	20	1		1	3	15	
113	11	26	18	8	臺北市	中正區	中正區新生南路1段與臨沂街3巷口	25.04296708	121.5327851	0	0	2	2	7	5	5	3	2	1	5	4	5	13	4	4	3	4	5	1	13	1	9	1	6	2	10	1		2	2	11	
113	11	26	18	8	臺北市	信義區	信義區信義路5段150巷401弄與松仁路281巷口	25.024138	121.5701357	0	0	1	2	7	5	5	4	1	1	5	4	5	13	4	4	9	4	5	1	2	5	16	8	4	10	20	1		2	2	16	
113	11	26	18	17	臺北市	文山區	文山區景興路282巷與景後街口口	24.9897403	121.5417698	0	0	1	2	7	5	5	4	1	1	5	4	5	13	3	1	9	5	5	2	15	1	9	1	6	1	10	1		2	2	12	
113	11	26	18	23	臺北市	文山區	文山區萬芳路停車格283號附近	24.9989742	121.5677202	0	0	2	3	7	5	5	11	9	1	5	4	5	13	4	4	5	4	5	2	17	4	9	1	3	2	11	1		1	2	11	
113	11	26	18	33	臺北市	北投區	北投區立賢路16號	25.11477987	121.5029543	0	0	2	3	7	5	5	14	9	1	5	4	5	13	4	4	1	4	5	2	3	5	16	8	4	10	20	1		2	2	17	
113	11	26	18	38	臺北市	士林區	士林區通河街劍潭國小正門前	25.0800396	121.5230512	0	0	2	2	8	5	5	14	9	1	5	4	5	13	3	1	5	4	5	2	17	1	11	1	6	1	10	1		2	2	15	
113	11	26	18	42	臺北市	萬華區	萬華區西藏路與莒光路299巷口	25.0293874	121.4993192	0	0	1	2	8	5	5	3	2	1	5	4	5	13	2	1	1	5	5	2	13	1	9	1	6	1	10	1		1	2	11	
113	11	26	19	7	臺北市	中山區	中山區南京東路2段與新生北路2段口	25.05821649	121.5222368	0	0	1	2	7	5	5	4	4	1	5	4	5	13	1	1	1	4	4	2	13	4	9	1	3	1	8	1		2	3	1	
113	11	26	19	8	臺北市	萬華區	萬華區萬大路329巷13弄與萬大路329巷口	25.0238614	121.5007543	0	0	2	5	8	5	7	5	1	1	5	4	5	13	4	4	10	5	5	1	12	1	15	8	4	1	20	1		2	3	14	
113	11	26	19	20	臺北市	內湖區	內湖區新湖一路365號	25.06370919	121.5847087	0	0	1	2	8	5	5	14	9	1	5	4	5	13	4	4	9	5	5	2	17	1	1	1	7	2	8	1		1	3	8	
113	11	26	19	35	臺北市	文山區	文山區辛亥路4段與辛亥路4段166巷口	25.0038135	121.5565018	0	0	3	3	8	5	5	3	2	1	5	4	5	13	2	1	1	4	5	2	16	1	11	1	5	2	10	1		1	2	12	
113	11	26	19	44	臺北市	中山區	中山區北安路458巷與北安路口	25.07927477	121.5442667	0	0	1	2	8	5	5	4	2	1	5	4	5	13	4	4	1	4	5	2	2	1	9	1	7	2	8	1		1	3	2	
113	11	26	22	2	臺北市	萬華區	萬華區光復橋往板橋方向上橋處(編號003026燈桿前)	25.0247679	121.4911382	0	0	2	4	8	5	5	8	9	1	5	4	3	10	4	4	9	4	5	1	13	1	12	1	5	1	10	1		1	2	13	
113	11	26	22	30	臺北市	中山區	中山區北安路798號	25.08497588	121.5548905	0	0	2	3	8	5	5	14	7	1	5	4	5	13	4	4	1	4	4	2	13	1	8	1	7	1	4	1		1	3	3	
113	11	26	23	42	臺北市	北投區	北投區明德路與明德路18巷口	25.1069696	121.5175127	0	0	1	2	7	5	5	4	1	1	5	4	5	13	4	4	5	5	5	2	15	1	9	1	5	2	10	1		1	3	14	
113	11	26	23	55	臺北市	文山區	文山區溪口街82巷與汀州路4段口	25.0108159	121.5364116	0	0	3	3	8	5	5	5	3	1	5	4	5	13	2	1	1	4	1	1	16	1	6	1	6	2	10	1		1	2	12	
113	11	27	0	3	臺北市	萬華區	萬華區康定路60號	25.0425989	121.5024115	0	0	1	2	7	5	5	14	9	1	5	4	5	13	4	4	9	4	5	2	12	4	8	1	3	1	4	1		1	3	2	
113	11	27	0	50	臺北市	中山區	中山區民權東路2段105號	25.06261416	121.5328787	0	0	1	4	8	5	5	14	9	1	5	4	5	13	4	4	1	4	5	2	12	1	8	1	6	1	10	1		1	3	11	
113	11	27	7	7	臺北市	中正區	中正區重慶南路2段與愛國西路口	25.0355362	121.5124316	0	0	1	2	8	6	5	4	1	1	5	4	5	13	1	1	1	4	5	2	13	1	9	1	5	2	10	1		1	2	11	
113	11	27	7	21	臺北市	大同區	大同區環河北路2段261號	25.07047925	121.5091991	0	0	1	2	8	6	5	14	9	1	5	4	5	13	4	4	1	4	5	2	17	4	8	1	7	1	8	1		2	3	5	
113	11	27	7	23	臺北市	士林區	士林區故宮路與故宮路48巷口	25.09630137	121.5474238	0	0	1	2	8	5	5	4	2	1	5	4	5	13	4	4	3	4	5	2	16	1	9	1	2	1	8	1		1	3	5	
113	11	27	7	30	臺北市	北投區	北投區北投路1段與公館路口	25.1214376	121.502499	0	0	1	2	8	7	5	4	2	1	5	4	5	13	2	1	5	4	5	2	16	1	8	1	6	1	10	1		1	2	12	
113	11	27	7	32	臺北市	中正區	中正區汀州路1段92巷與汀州路1段140巷口口	25.03005538	121.506991	0	0	1	2	8	6	5	3	1	1	5	4	5	13	4	4	10	5	5	1	9	1	5	1	6	2	10	1		2	3	11	
113	11	27	7	38	臺北市	大安區	大安區和平東路3段與基隆路2段口	25.02438791	121.551751	0	0	3	3	8	6	5	18	9	1	5	4	5	13	2	1	1	4	5	2	13	1	9	1	5	1	10	1		1	2	11	
113	11	27	7	44	臺北市	北投區	北投區中央北路3段40巷19弄與中央北路3段40巷43弄口	25.13853782	121.4845468	0	0	1	2	8	6	5	4	2	1	5	4	5	13	4	4	10	5	5	2	16	1	6	1	5	2	10	1		2	2	11	
113	11	27	7	45	臺北市	內湖區	內湖區成功交流道西南角	25.0645929	121.5902488	0	0	1	3	8	6	5	4	4	1	5	4	5	13	2	1	1	3	5	1	17	1	9	1	6	2	10	1		2	2	12	
113	11	27	7	47	臺北市	士林區	士林區延平北路7段106巷與延平北路7段口	25.09687902	121.4971925	0	0	2	2	8	6	5	3	2	1	5	4	5	13	4	4	10	5	5	1	17	1	9	8	4	1	20	1		2	2	12	
113	11	27	7	48	臺北市	北投區	北投區文林北路與自強街口	25.1100518	121.5120803	0	0	1	2	8	6	5	4	2	1	5	4	5	13	2	1	1	4	5	2	17	1	6	1	7	1	8	1		1	3	4	
113	11	27	7	49	臺北市	大安區	大安區辛亥路3段與復興南路2段口	25.021134	121.5434175	0	0	1	2	8	6	5	4	1	1	5	4	5	13	1	1	10	5	5	2	17	4	5	7	3	11	19	2		4	4	15	
113	11	27	7	57	臺北市	信義區	信義區崇德街與崇德街146巷口	25.023616	121.5567846	0	0	2	2	8	7	5	4	1	1	5	4	5	13	4	4	10	5	5	2	17	4	5	1	3	1	10	1		1	2	11	
113	11	27	8	6	臺北市	中正區	中正區中山南路與貴陽街1段口	25.03811952	121.5173817	0	0	1	2	8	6	5	3	1	1	5	4	5	13	2	1	5	4	5	2	15	1	9	1	7	2	8	1		1	3	1	
113	11	27	8	15	臺北市	大同區	大同區延平北路3段與延平北路3段18巷口	25.06394802	121.5111464	0	0	1	2	8	6	5	5	1	1	5	4	5	13	4	4	5	5	5	2	17	1	11	1	7	2	4	1		1	3	5	
113	11	27	8	40	臺北市	士林區	士林區德行西路102號	25.10399369	121.5208239	0	0	1	2	8	5	8	22	22	1	5	4	5	13	4	4	9	5	5	1	17	1	5	1	5	1	10	1		2	2	14	
113	11	27	8	45	臺北市	萬華區	萬華區華江橋機車道往臺北市(001025燈桿)	25.03574372	121.4840091	0	0	3	3	8	7	5	8	11	1	5	4	5	13	4	4	1	4	5	2	13	1	9	1	5	1	10	1		1	2	11	
113	11	27	9	0	臺北市	大安區	大安區辛亥路3段與臥龍街188巷口	25.0156428	121.5512113	0	0	1	3	8	7	5	14	9	5	5	4	5	13	4	4	10	5	5	2	17	4	8	1	3	2	8	1		2	3	17	
113	11	27	9	20	臺北市	大同區	大同區雙連街與萬全街口	25.0588987	121.5188156	0	0	1	2	8	6	5	4	1	1	5	4	5	13	4	4	10	5	5	2	17	4	9	1	7	1	8	1		1	3	4	
113	11	27	9	33	臺北市	士林區	士林區重陽橋機慢車道 270654燈桿	25.09613429	121.5199721	0	0	4	4	8	6	5	8	9	1	5	4	5	13	4	4	5	4	5	2	13	1	9	1	6	1	10	1		1	2	11	
113	11	27	9	35	臺北市	內湖區	內湖區內湖路1段439號	25.0812607	121.5720625	0	0	1	2	8	6	5	14	8	1	5	4	5	13	4	4	1	4	4	2	17	1	9	1	6	2	10	1		2	2	11	
113	11	27	9	46	臺北市	北投區	北投區承德路7段384號	25.11925845	121.5019041	0	0	1	2	7	6	5	3	2	1	5	4	5	13	4	4	1	4	4	2	11	1	7	1	7	1	8	1		1	3	3	
113	11	27	9	47	臺北市	內湖區	內湖區民權大橋西往東(第8支路燈桿)	25.0638617	121.5695474	0	0	2	3	8	6	5	8	7	1	5	4	5	13	4	4	5	4	4	2	13	1	7	1	5	1	10	1		1	2	11	
113	11	27	9	50	臺北市	內湖區	內湖區金湖路與康寧路1段口	25.0770248	121.600545	0	0	1	2	8	7	5	3	1	1	5	4	5	13	4	4	1	4	5	2	13	1	9	1	5	1	10	1		1	2	11	
113	11	27	10	15	臺北市	大同區	大同區環河北路2段與環河北路2段69巷口	25.0657458	121.508899	0	0	1	2	8	6	5	3	2	1	5	4	5	13	4	4	1	4	5	2	17	4	13	1	2	1	8	1		1	3	7	
113	11	27	10	20	臺北市	大安區	大安區市民大道4段與忠孝東路4段181巷口	25.0445503	121.5508071	0	0	1	2	8	7	5	3	1	1	5	4	5	13	2	1	10	4	5	1	12	4	9	1	6	1	10	1		1	3	14	
113	11	27	10	24	臺北市	大同區	大同區台北橋機慢車道往東	25.0632662	121.5085885	0	0	1	2	8	6	5	8	11	1	5	4	5	13	4	4	10	5	5	1	17	1	9	1	6	9	10	1		1	3	17	
113	11	27	10	40	臺北市	中山區	中山區民權東路2段與新生北路2段口	25.06284458	121.5275247	0	0	1	2	8	7	5	14	9	1	5	4	5	13	4	4	1	4	5	2	13	1	9	1	5	1	10	1		2	2	11	
113	11	27	11	0	臺北市	信義區	信義區松山路158號	25.0464749	121.5775324	0	0	1	3	8	7	5	14	9	1	5	4	5	13	4	4	10	5	5	2	12	4	9	1	6	9	8	1		1	2	14	
113	11	27	11	1	臺北市	大同區	大同區大龍街與民族西路口	25.0685319	121.5158503	0	0	1	2	8	6	5	4	1	1	5	4	5	13	2	1	9	4	5	2	16	1	5	1	7	1	8	1		1	3	1	
113	11	27	11	13	臺北市	大同區	大同區台北橋機慢車道與台北橋機慢車道口	25.0630241	121.5101201	0	0	1	2	8	6	5	8	11	1	5	4	5	13	4	4	1	5	5	2	13	1	9	1	6	2	10	1		1	3	11	
113	11	27	11	14	臺北市	中正區	中正區愛國西路與愛國西路36巷口	25.03598857	121.5094523	0	0	1	2	8	6	5	3	1	1	5	4	5	13	4	4	1	4	5	2	13	1	9	1	5	1	10	1		2	2	11	
113	11	27	11	17	臺北市	南港區	南港區忠孝東路7段與忠孝東路7段265巷口	25.051791	121.6035716	0	0	1	2	8	6	5	3	1	1	5	4	5	13	2	1	1	5	5	2	16	1	5	1	7	1	8	1		1	3	5	
113	11	27	11	30	臺北市	中正區	中正區泉州街14號	25.0275353	121.5146215	0	0	2	3	8	6	5	14	9	1	5	4	5	13	4	4	5	5	5	1	17	1	15	1	6	2	10	1		1	2	12	
113	11	27	11	54	臺北市	中山區	中山區八德路2段232號	25.04664615	121.5401603	0	0	1	2	8	7	5	14	9	1	5	4	5	13	4	4	5	4	5	2	16	1	7	1	7	1	8	1		1	3	4	
113	11	27	12	5	臺北市	北投區	北投區中央北路4段與大度路3段口	25.1243687	121.4649402	0	0	1	2	8	6	5	14	9	1	5	4	5	13	1	1	9	4	5	2	17	1	5	3	6	9	18	2		2	3	17	
113	11	27	12	6	臺北市	士林區	士林區中正路與文林路口	25.0952822	121.5245567	0	0	1	2	7	5	5	4	1	1	5	4	5	13	2	1	4	5	5	1	17	4	9	7	3	1	19	2		4	4	15	
113	11	27	12	13	臺北市	北投區	北投區中和街與雙全街口	25.1392989	121.5014853	0	0	2	2	8	7	5	4	1	1	5	4	5	13	2	1	5	5	5	1	13	1	9	1	6	1	10	1		1	2	11	
113	11	27	12	40	臺北市	萬華區	萬華區萬大路298號	25.0250869	121.5002796	0	0	1	2	7	6	5	14	9	1	5	4	5	13	4	4	10	3	5	1	17	4	15	1	3	1	8	1		1	3	17	
113	11	27	13	0	臺北市	士林區	士林區德行東路129巷與德行東路109巷64弄口	25.109413	121.5293567	0	0	2	2	8	6	5	4	1	1	5	4	5	13	4	4	10	5	5	2	15	4	9	1	3	1	10	1		1	2	14	
113	11	27	13	5	臺北市	大同區	大同區鄭州路往東近塔城街	25.0501589	121.5096553	0	0	1	2	8	6	5	14	9	1	5	4	5	13	4	4	9	4	5	2	16	1	6	1	7	1	8	1		1	3	2	
113	11	27	13	22	臺北市	中正區	中正區忠孝西路1段114號西往東	25.04765826	121.5118173	0	0	1	2	7	7	5	14	9	1	5	4	5	13	4	4	1	4	1	2	12	1	9	1	7	1	8	1		2	3	2	
113	11	27	13	25	臺北市	大安區	大安區仁愛路4段25號	25.0381816	121.5448392	0	0	1	2	8	6	5	14	20	2	5	4	5	13	4	4	10	5	5	2	11	4	4	8	3	11	20	2		4	4	13	
113	11	27	13	30	臺北市	南港區	南港區市民大道8段與南港路1段277巷口	25.0535722	121.6088226	0	0	1	2	7	7	5	4	2	1	5	4	5	13	2	1	9	5	5	2	17	1	6	1	6	1	10	1		1	3	17	
113	11	27	13	40	臺北市	內湖區	內湖區麥帥一橋	25.0522825	121.5725283	0	0	1	2	8	6	5	8	9	1	5	4	5	13	4	4	1	4	5	1	12	1	4	1	5	1	9	1		1	2	12	
113	11	27	14	14	臺北市	文山區	文山區木新路3段與興隆路4段口	25.04847309	121.5183568	0	0	1	2	8	6	5	3	2	1	5	4	5	13	1	1	5	4	5	2	16	1	6	1	7	1	8	1		1	3	2	
113	11	27	14	29	臺北市	士林區	士林區凱旋路與凱旋路29巷口	25.13618385	121.5443471	0	0	1	2	8	7	5	11	9	1	5	4	5	13	4	4	10	5	5	2	17	1	9	1	6	1	10	1		1	2	14	
113	11	27	14	31	臺北市	大同區	大同區民族西路32巷與承德路3段99巷口	25.0663978	121.5192356	0	0	3	3	8	6	5	5	1	1	5	4	5	13	4	4	10	5	5	2	16	1	6	1	6	2	10	1		2	2	14	
113	11	27	14	34	臺北市	信義區	信義區吳興街99巷與吳興街口	25.0304129	121.5608728	0	0	1	2	8	6	5	3	1	1	5	4	5	13	4	4	9	5	5	2	16	1	5	1	5	2	10	1		2	3	11	
113	11	27	14	54	臺北市	文山區	文山區汀州路4段140巷與溪洲街口口附近	25.0046734	121.5350708	0	0	2	2	8	6	5	14	9	1	5	4	5	13	4	4	9	5	5	2	16	1	5	1	6	1	10	1		1	2	14	
113	11	27	15	20	臺北市	內湖區	內湖區成功路3段174巷與內湖路2段口	25.0820466	121.590379	0	0	1	2	8	7	5	4	2	1	5	4	5	13	2	1	5	5	5	2	11	1	9	1	7	1	8	1		1	3	2	
113	11	27	15	25	臺北市	文山區	文山區指南路2段與道南橋口	24.9880728	121.5735121	0	0	1	2	8	6	5	3	2	1	5	4	5	13	1	1	5	5	5	2	16	1	11	1	7	1	8	1		2	3	2	
113	11	27	15	27	臺北市	北投區	北投區北投路1段與大業路280巷35弄口	25.1276079	121.5003865	0	0	1	2	8	7	5	14	9	1	5	4	5	13	4	4	5	3	5	2	16	1	6	1	7	2	8	1		1	3	5	
113	11	27	16	6	臺北市	信義區	信義區信義路6段75號	25.035487	121.5770307	0	0	1	2	8	6	5	14	9	1	5	4	5	13	2	1	5	4	5	2	9	1	1	1	7	1	2	1		1	3	17	
113	11	27	16	14	臺北市	士林區	士林區德行西路35號對面	25.10582778	121.5238141	0	0	1	3	7	6	5	14	9	1	5	4	5	13	4	4	5	4	5	1	12	1	9	1	6	1	10	1		2	2	11	
113	11	27	16	45	臺北市	內湖區	內湖區潭美街與成功路2段口	25.0601122	121.5921545	0	0	1	2	8	6	5	3	1	1	5	4	5	13	2	1	9	4	5	2	16	1	5	1	7	2	8	1		1	3	1	
113	11	27	16	47	臺北市	中正區	中正區市民大道1段與中山北路1段口逸仙公園旁	25.04771413	121.5208592	0	0	1	2	7	5	5	14	9	1	5	4	5	13	4	4	1	4	1	2	12	1	9	1	7	2	2	1		1	3	5	
113	11	27	16	50	臺北市	中正區	中正區八德路1段60號	25.0439402	121.5312875	0	0	1	3	8	7	5	14	9	1	5	4	5	13	4	4	5	4	5	2	13	1	9	1	7	1	4	1		1	3	5	
113	11	27	17	12	臺北市	北投區	北投區大度路2段與立德路口往淡水機車道	25.12284437	121.4744744	0	0	2	3	8	5	5	14	12	1	5	4	5	13	4	4	1	4	1	1	13	1	9	1	5	1	10	1		1	2	11	
113	11	27	17	15	臺北市	南港區	南港區南港路3段141號與南港路3段256巷口	25.052621	121.5849254	0	0	1	3	8	5	5	3	1	1	5	4	5	13	2	1	5	4	5	2	12	4	9	1	3	2	10	1		1	3	11	
113	11	27	17	30	臺北市	中正區	中正區博愛路43號	25.0446747	121.5114918	0	0	1	3	8	5	5	14	9	1	5	4	5	13	4	4	10	4	5	2	12	1	13	1	7	2	8	1		1	3	3	
113	11	27	17	30	臺北市	南港區	南港區東新街與東新街168巷口	25.0464674	121.5898789	0	0	2	2	7	7	5	4	2	1	5	4	5	13	2	1	9	4	5	2	16	4	6	1	6	1	10	1		1	2	11	
113	11	27	17	31	臺北市	萬華區	萬華區忠孝橋下橋處	25.048722	121.5067377	0	0	4	5	7	5	5	8	11	1	5	4	5	13	4	4	1	4	5	2	13	4	9	1	6	1	10	1		2	2	11	
113	11	27	17	33	臺北市	中山區	中山區中山北路2段與民生西路口	25.0581205	121.5227488	0	0	3	3	8	5	5	4	2	1	5	4	5	13	2	1	1	4	5	2	13	1	9	1	6	2	10	1		1	2	11	
113	11	27	17	35	臺北市	中山區	中山區遼寧街與龍江路45巷口	25.04916954	121.5421598	0	0	2	2	8	5	5	4	1	1	5	4	5	13	4	4	9	4	5	2	15	4	9	1	6	1	9	1		1	2	14	
113	11	27	17	35	臺北市	信義區	信義區和平東路3段(莊敬隧道往西)	25.00987939	121.5653204	0	0	1	2	7	5	5	11	9	1	5	4	5	13	4	4	8	5	5	2	18	4	9	1	3	1	10	1		1	2	12	
113	11	27	18	8	臺北市	士林區	士林區仰德大道1段16號上方200公尺處	25.1042496	121.5365068	0	0	2	3	8	5	5	14	9	1	5	4	5	13	4	4	5	5	5	1	17	1	9	1	6	1	10	1		1	2	12	
113	11	27	18	9	臺北市	中山區	中山區民權西路19號	25.0628427	121.5214506	0	0	1	2	7	5	5	14	9	1	5	4	5	13	4	4	3	4	5	2	13	1	7	1	6	1	10	1		1	2	11	