年	月	日	時	分	縣市	行政區	allLocation	GoogleLat	GoogleLng	死	2-30	受傷	當事人數	天候	道路照明設備	道路類別	道路型態	事故位置	路面狀況1	路面狀況2	路面狀況3	道路障礙1	道路障礙2	號誌1	號誌2	車道劃分-分向	車道劃分-分道1	車道劃分-分道2	車道劃分-分道3	事故類型及型態	行動電話	當事者行動狀態	駕駛資格情形	保護裝置	飲酒情形	駕駛執照種類	個人肇逃否	肇因碼-主要	性別	受傷程度	車輛撞擊部位1	車輛撞擊部位2
113	11	27	18	12	臺北市	中山區	中山區林森北路383巷與林森北路口	25.0585464	121.5256107	0	0	2	2	7	5	5	3	1	1	5	4	5	13	4	4	5	4	5	2	16	4	5	1	3	2	4	1		1	2	2	
113	11	27	18	13	臺北市	信義區	信義區福德街與林口街口	25.0363725	121.5792131	0	0	1	2	7	5	5	4	1	1	5	4	5	13	2	1	1	4	5	1	16	4	6	1	3	1	10	1		2	2	12	
113	11	27	18	15	臺北市	萬華區	萬華區桂林路224巷與桂林路口	25.038552	121.4967519	0	0	1	2	8	5	5	3	2	1	5	4	5	13	4	4	8	3	5	1	17	1	12	6	5	1	18	1		1	3	11	
113	11	27	18	40	臺北市	南港區	南港區市民大道8段335號	25.0527803	121.603653	0	0	1	2	8	5	5	14	9	1	5	4	5	13	1	1	1	4	5	2	17	4	9	1	3	1	3	1		1	3	17	
113	11	27	18	44	臺北市	信義區	信義區虎林街120巷270號	25.0422677	121.5705815	0	0	2	2	7	5	5	14	9	1	5	4	5	13	4	4	9	5	5	2	9	4	9	1	3	1	10	1		1	2	11	
113	11	27	18	55	臺北市	大同區	大同區環河北路1段與鄭州路口	25.0510216	121.5069371	0	0	1	2	8	5	5	5	2	1	5	4	5	13	2	1	9	4	4	2	13	1	15	1	6	2	10	1		2	2	13	
113	11	27	19	12	臺北市	中正區	中正區中山南路與信義路1段口	25.03849	121.5181109	0	0	1	2	8	5	5	5	1	1	5	4	5	13	2	1	10	3	1	2	3	1	9	1	7	2	8	1		2	3	1	
113	11	27	19	43	臺北市	南港區	南港區南港路2段與成功路1段口	25.0543368	121.5936007	0	0	1	2	7	5	5	4	1	1	5	4	5	13	2	1	4	3	5	2	13	1	9	1	6	1	10	1		1	2	12	
113	11	27	21	25	臺北市	大安區	大安區忠孝東路4段325號	25.0414484	121.556799	0	0	2	2	7	5	5	14	9	1	5	4	5	13	4	4	1	4	5	1	17	1	9	1	6	2	10	1		1	2	11	
113	11	27	21	50	臺北市	中山區	中山區明水路與明水路397巷口	25.0774477	121.5477166	0	0	1	2	8	5	5	3	1	1	5	4	5	13	2	1	1	4	5	2	16	1	5	1	7	1	8	1		2	3	2	
113	11	27	22	29	臺北市	南港區	南港區南港路1段277巷與市民大道8段口	25.0535188	121.6088195	0	0	2	2	8	5	5	4	1	1	5	4	5	8	2	1	4	5	5	1	15	4	9	1	5	1	10	1		1	2	14	
113	11	27	22	50	臺北市	中正區	中正區南海路與惠安街口	25.0282656	121.5080877	0	0	2	2	8	5	5	4	2	1	5	4	5	13	1	1	5	4	5	2	13	4	9	1	5	1	10	1		1	2	11	
113	11	27	22	53	臺北市	中正區	中正區和平西路1段92號	25.0265809	121.5182549	0	0	1	7	7	5	5	14	8	1	5	4	5	13	4	4	1	4	4	2	18	1	9	1	5	2	10	1		1	2	11	
113	11	28	3	44	臺北市	中山區	中山區民族西路與玉門街口	25.06868777	121.5196754	0	0	2	2	7	5	5	4	1	1	5	4	5	13	1	1	5	4	5	2	15	4	9	8	3	2	20	1		1	2	14	
113	11	28	6	50	臺北市	中正區	中正區晉江街與晉江街124巷口	25.0221661	121.5255342	0	0	2	2	8	7	5	4	1	1	5	4	5	12	4	4	10	5	5	2	15	1	9	1	5	1	10	1		1	2	11	
113	11	28	7	13	臺北市	中正區	中正區惠安街與汀州路1段92巷口	25.0297103	121.5064881	0	0	2	2	8	6	5	4	1	1	5	4	5	13	4	4	10	5	5	2	15	1	9	1	5	2	10	1		1	2	11	
113	11	28	7	35	臺北市	中正區	中正區中華路1段與寶慶路口	25.03518111	121.5073257	0	0	1	2	7	5	5	4	2	1	5	4	5	13	1	1	1	4	1	2	3	1	9	6	5	2	10	1		2	2	11	
113	11	28	7	58	臺北市	內湖區	內湖區成功路5段與大湖山莊街131巷口	25.08492531	121.6008301	0	0	1	3	8	6	5	4	2	1	5	4	5	13	1	1	5	5	5	2	17	1	14	1	7	1	8	1		2	3	2	
113	11	28	8	10	臺北市	內湖區	內湖區康樂街85巷與康樂街61巷口	25.0695778	121.6195067	0	0	1	3	8	6	5	4	1	1	5	4	5	13	4	4	10	5	5	2	17	1	9	1	6	2	10	1		1	2	12	
113	11	28	8	15	臺北市	內湖區	內湖區行善路15號	25.05613888	121.5747538	0	0	1	2	8	6	5	14	9	1	5	4	5	13	4	4	9	4	5	2	16	1	5	1	7	2	8	1		2	3	1	
113	11	28	8	20	臺北市	內湖區	內湖區舊宗路1段與民權東路6段口	25.0654446	121.5753099	0	0	1	2	8	6	5	5	1	1	5	4	5	13	2	1	9	4	5	2	16	1	5	1	7	2	8	1		1	3	1	
113	11	28	8	21	臺北市	大安區	大安區信義路4段與大安路1段口	25.0334338	121.5458411	0	0	1	2	8	5	5	4	1	1	5	4	5	13	2	1	10	5	5	2	12	4	5	1	3	1	10	1		2	2	14	
113	11	28	8	35	臺北市	中山區	中山區北安路與北安路841巷口	25.0845099	121.5574141	0	0	1	4	8	7	5	14	9	1	5	4	5	13	4	4	1	4	5	2	13	4	9	1	5	1	10	1		1	2	11	
113	11	28	8	40	臺北市	中正區	中正區羅斯福路4段與羅斯福路4段196巷口	25.0119715	121.5366306	0	0	1	3	8	6	5	3	2	1	5	4	5	13	4	4	1	4	5	2	17	1	9	1	7	2	4	1		1	3	5	
113	11	28	8	44	臺北市	松山區	松山區八德路4段17巷與八德路4段口	25.0482921	121.558433	0	0	1	2	7	7	5	3	1	1	5	4	5	13	4	4	9	3	5	2	13	1	9	1	5	1	10	1		1	2	11	
113	11	28	8	50	臺北市	中正區	中正區貴陽街1段與博愛路口	25.038923	121.5110904	0	0	1	2	8	6	5	4	1	1	5	4	5	13	1	1	5	4	5	2	16	1	5	1	6	1	10	1		2	3	13	
113	11	28	9	0	臺北市	信義區	信義區和平東路3段663號	25.01269223	121.5631612	0	0	1	2	7	5	5	11	9	1	5	4	5	13	4	4	9	5	5	2	12	1	9	1	7	2	8	1		1	3	2	
113	11	28	9	10	臺北市	萬華區	萬華區中華路1段174號	25.0399445	121.5074658	0	0	2	3	7	6	6	14	9	1	5	4	5	13	4	4	3	3	5	2	13	4	9	1	5	1	10	1		1	2	11	
113	11	28	9	15	臺北市	大安區	大安區羅斯福路3段283巷內(北往南)	25.0213764	121.5319339	0	0	2	2	8	6	5	14	9	1	5	4	5	13	4	4	10	5	5	1	10	1	9	8	4	1	20	1		1	2	11	
113	11	28	9	27	臺北市	松山區	松山區民生東路4段80巷與民生東路4段56巷3弄口	25.0572245	121.5530376	0	0	1	2	7	7	5	4	1	1	5	4	5	13	4	4	1	4	5	2	15	1	9	1	7	1	8	1		2	3	2	
113	11	28	9	32	臺北市	萬華區	萬華區環河南路1段與武昌街2段口(中興橋機車道往新北市方向前)	25.045671	121.5025077	0	0	1	2	8	6	5	4	1	1	5	4	5	13	2	1	4	4	5	2	29	1	5	1	6	2	10	1		1	2	14	
113	11	28	9	37	臺北市	信義區	信義區松信路與虎林街120巷口	25.0423994	121.5720402	0	0	1	3	8	7	5	4	2	1	5	4	5	13	1	1	9	4	4	2	15	4	9	1	6	1	10	1		1	2	11	
113	11	28	9	42	臺北市	信義區	信義區吳興街281巷與吳興街281巷47弄口	25.02649929	121.5654561	0	0	1	3	8	6	5	3	1	1	5	4	5	13	4	4	10	5	5	1	17	4	5	1	3	1	2	1		1	3	17	
113	11	28	9	45	臺北市	中山區	中山區濱江街309號	25.07239615	121.5458898	0	0	1	2	7	5	5	14	9	1	5	4	5	13	4	4	10	5	5	1	13	1	9	1	5	1	10	1		1	2	11	
113	11	28	9	57	臺北市	大安區	大安區基隆路4段43號	25.01445012	121.5413262	0	0	2	2	8	7	5	14	8	1	5	4	5	13	4	4	1	4	4	2	13	4	9	1	3	1	10	1		1	2	11	
113	11	28	10	7	臺北市	中正區	中正區徐州路國際會議中心旁	25.04139438	121.5206794	0	0	1	2	8	7	5	14	7	1	5	4	5	13	4	4	5	4	4	2	16	1	1	6	7	2	8	1		1	3	8	
113	11	28	10	15	臺北市	大同區	大同區市民高架道與市民高架道口京站旁	25.04865466	121.5182432	0	0	1	2	8	6	5	14	7	1	5	4	5	13	4	4	1	5	5	2	13	1	9	1	7	1	8	1		2	3	1	
113	11	28	10	24	臺北市	南港區	南港區松河街與成功路1段36巷口	25.057286	121.5912724	0	0	1	2	8	6	5	3	1	1	5	4	4	13	4	4	5	4	5	2	15	4	11	1	3	2	10	1		2	2	11	
113	11	28	10	30	臺北市	中山區	中山區中山北路1段69號	25.0502703	121.5219719	0	0	1	2	8	7	5	14	9	1	5	4	5	13	4	4	9	4	5	2	17	1	9	1	5	1	10	1		2	3	14	
113	11	28	10	52	臺北市	北投區	北投區承德路6段與承德路6段口337號	25.10321907	121.5120417	0	0	1	2	8	6	5	3	1	1	5	4	5	13	4	4	1	4	4	2	16	1	1	1	7	1	8	1		2	3	5	
113	11	28	11	5	臺北市	中山區	中山區敬業四路33號旁	25.08032287	121.5585806	0	0	1	2	8	7	5	14	9	1	5	4	5	13	4	4	9	4	5	2	17	1	14	1	7	2	8	1		1	3	4	
113	11	28	11	20	臺北市	中正區	中正區臨沂街61巷與連雲街口側附近口	25.0355726	121.5312573	0	0	1	2	7	6	5	4	1	1	5	4	5	13	4	4	10	5	5	2	15	1	9	1	7	1	8	1		1	3	5	
113	11	28	11	27	臺北市	文山區	文山區興隆路3段168號	24.9983404	121.5584968	0	0	1	3	8	6	5	14	9	1	5	4	5	13	4	4	1	4	5	2	17	1	15	1	5	11	10	1		1	3	11	
113	11	28	11	34	臺北市	中正區	中正區三元街與和平西路2段98巷口口	25.0287539	121.5099115	0	0	1	2	7	6	5	3	1	1	5	4	5	13	4	4	1	4	4	2	16	1	9	1	6	9	10	1		2	2	14	
113	11	28	12	12	臺北市	內湖區	內湖區安康路434巷與五分街72巷口	25.06620891	121.6168806	0	0	1	2	8	7	5	3	1	1	5	4	5	13	4	4	9	4	5	2	16	4	5	1	3	2	4	1		1	3	8	
113	11	28	12	19	臺北市	文山區	文山區羅斯福路6段與景福街口口	24.9931157	121.5408665	0	0	1	3	8	6	5	4	1	1	5	4	5	13	2	1	1	4	5	2	17	1	7	1	7	11	2	1		1	3	17	
113	11	28	12	29	臺北市	大安區	大安區新生南路3段與辛亥路2段口	25.0222852	121.5345199	0	0	1	2	8	6	5	4	1	1	5	4	5	13	2	1	1	4	4	1	16	4	6	1	3	2	8	1		1	3	6	
113	11	28	12	54	臺北市	士林區	士林區福林路100巷與福林路口	25.0957896	121.5312924	0	0	1	2	8	6	5	3	1	1	5	4	5	13	3	1	5	5	5	1	17	1	6	1	7	1	8	1		1	3	2	
113	11	28	13	1	臺北市	大安區	大安區金山南路2段52號	25.03520343	121.5072689	0	0	1	2	8	7	5	14	9	1	5	4	5	13	4	4	3	4	5	2	17	4	9	1	3	11	10	2		2	3	17	
113	11	28	13	1	臺北市	大安區	大安區金山南路2段與和平東路1段口	25.0270255	121.5259014	0	0	1	2	8	5	5	3	4	1	5	4	5	13	2	1	1	4	5	2	12	1	15	1	6	1	10	1		2	2	12	
113	11	28	13	45	臺北市	中山區	中山區建國北路3段93巷與建國北路3段93巷5弄口	25.0659735	121.5370218	0	0	1	2	8	7	5	4	1	1	5	4	5	13	4	4	5	5	5	2	15	1	9	1	5	1	10	1		1	2	11	
113	11	28	13	59	臺北市	大同區	大同區承德路3段與民族西路口	25.0684995	121.5181085	0	0	1	2	8	6	5	4	2	1	5	4	5	13	1	1	5	4	5	2	17	1	9	1	6	2	10	1		1	2	15	
113	11	28	14	10	臺北市	松山區	松山區民生東路5段與民生東路5段36巷口	25.05833954	121.5569922	0	0	1	2	8	5	5	3	1	1	5	4	5	13	1	1	9	4	5	2	17	4	6	1	7	1	8	1		2	3	2	
113	11	28	14	23	臺北市	文山區	文山區汀州路4段與溪洲街137巷58弄口	25.0009632	121.5354949	0	0	1	2	7	6	5	3	1	1	5	4	1	13	4	4	5	5	5	2	17	1	5	1	6	2	9	1		1	3	13	
113	11	28	14	43	臺北市	大安區	大安區杭州南路2段59巷	25.0315594	121.5224963	0	0	1	2	7	5	5	14	9	1	5	4	5	13	4	4	5	4	5	1	29	1	9	1	5	11	10	1		3	2	14	
113	11	28	15	0	臺北市	士林區	士林區福林路與忠勇街口	25.0979501	121.5344226	0	0	3	3	8	6	5	4	1	1	5	4	5	13	1	1	5	4	5	2	15	1	9	1	6	1	10	1		1	2	12	
113	11	28	15	42	臺北市	信義區	信義區莊敬路204號	25.0303799	121.5615465	0	0	1	3	7	6	5	14	9	1	5	4	5	13	4	4	10	4	5	1	18	4	9	1	3	1	10	1		1	2	14	
113	11	28	15	43	臺北市	南港區	南港區舊莊街1段181號與南深路口	25.0390389	121.6216589	0	0	1	2	8	6	5	3	1	1	2	4	5	13	2	1	9	5	5	2	17	4	9	1	3	1	2	2		1	3	17	
113	11	28	15	46	臺北市	北投區	北投區北投路1段（1208033燈桿）	25.12170448	121.5021841	0	0	1	2	7	6	5	14	9	1	5	4	5	13	4	4	9	4	5	2	17	1	9	1	5	1	10	1		2	3	13	
113	11	28	16	0	臺北市	北投區	北投區吉利街123巷8弄與吉利街139巷口	25.119065	121.5067521	0	0	2	2	8	6	5	3	2	1	5	4	5	13	4	4	10	5	5	2	17	1	5	8	4	1	20	1		1	2	11	
113	11	28	16	2	臺北市	信義區	信義區松仁路95巷	25.0365927	121.5686829	0	0	1	2	8	7	5	14	9	1	5	4	5	13	4	4	5	2	5	2	16	1	10	1	5	2	10	1		1	3	12	
113	11	28	16	18	臺北市	士林區	士林區仰德大道3段與仰德大道3段125巷口	25.1227125	121.5516218	0	0	1	2	8	6	5	3	1	1	5	4	5	13	1	1	5	5	5	1	17	4	6	1	3	1	8	1		2	3	6	
113	11	28	17	20	臺北市	中正區	中正區重慶南路3段與和平西路1段口	25.0277709	121.5157466	0	0	1	2	8	5	5	5	2	1	5	4	5	13	1	1	1	4	5	2	13	1	9	1	7	1	4	1		1	3	1	
113	11	28	17	25	臺北市	士林區	士林區通河西街1段29號停車格	25.0824292	121.5131709	0	0	1	2	7	5	5	14	9	1	5	4	5	13	4	4	9	4	5	1	12	4	13	1	3	1	8	1		1	2	4	
113	11	28	17	40	臺北市	北投區	北投區石牌路2段106號	25.1176737	121.5168478	0	0	1	2	8	5	5	14	18	1	5	4	5	13	3	1	5	4	5	2	3	5	16	8	4	1	20	1		1	2	16	
113	11	28	18	4	臺北市	松山區	松山區松河街與饒河街221巷口口	25.0514191	121.5767296	0	0	2	3	7	5	6	3	2	1	5	4	5	13	2	1	5	5	5	2	13	1	9	1	6	1	10	1		1	2	13	
113	11	28	18	7	臺北市	大安區	大安區敦化南路2段與基隆路2段口	25.0212054	121.5488096	0	0	2	2	8	5	5	4	1	1	5	4	5	13	2	1	10	5	5	2	13	4	12	1	3	1	10	1		1	2	13	
113	11	28	18	25	臺北市	北投區	北投區大度路1段與大度路1段150巷口	25.1216832	121.4937816	0	0	1	2	7	5	5	5	2	1	5	4	5	13	1	1	1	4	1	1	13	1	9	1	5	1	10	1		2	2	11	
113	11	28	18	30	臺北市	大同區	大同區哈密街59巷38弄與哈密街59巷56弄口	25.0753774	121.5144902	0	0	1	2	8	5	5	4	1	1	5	4	5	13	4	4	8	4	5	2	15	1	9	1	6	1	10	1		2	2	11	
113	11	28	18	33	臺北市	北投區	北投區文林北路與明德路口	25.106079	121.5166235	0	0	1	2	8	5	5	4	1	1	5	4	5	13	2	1	1	4	5	2	16	4	5	1	3	1	10	1		1	2	12	
113	11	28	18	50	臺北市	大安區	大安區復興南路1段與忠孝東路4段口	25.0414589	121.5438676	0	0	1	3	7	5	5	4	1	1	5	4	5	13	2	1	1	4	5	1	17	1	9	1	6	1	10	1		2	2	11	
113	11	28	18	56	臺北市	信義區	信義區和平東路3段與基隆路2段口口	25.0243817	121.5526516	0	0	1	2	8	5	5	5	1	1	5	4	5	13	1	1	9	5	5	2	16	4	5	1	3	1	8	1		1	3	8	12
113	11	28	19	3	臺北市	文山區	文山區興隆路1段189號	25.0007709	121.5430923	0	0	1	2	8	5	5	14	9	1	5	4	5	13	4	4	1	4	5	2	16	1	1	1	7	2	7	1		1	3	8	
113	11	28	19	15	臺北市	中山區	中山區中山北路2段59巷3弄13號	25.0563198	121.5236393	0	0	1	2	8	5	5	14	9	1	5	4	5	13	4	4	10	5	5	2	17	1	1	1	7	1	8	1		2	3	1	
113	11	28	20	7	臺北市	大安區	大安區基隆路3段與基隆路3段22巷口	25.0197995	121.547206	0	0	1	2	7	5	5	3	1	1	5	4	5	13	4	4	1	4	5	2	16	4	6	1	3	1	10	1		1	3	13	
113	11	28	20	30	臺北市	士林區	士林區德行東路331巷與德行東路331巷51弄口	25.112248	121.5381832	0	0	2	3	7	5	5	4	1	1	5	4	5	13	4	4	10	4	5	1	17	1	9	1	5	2	10	1		1	3	11	
113	11	28	20	30	臺北市	士林區	士林區重陽橋機車道(往蘆洲)	25.08624324	121.5074276	0	0	1	3	8	5	5	14	8	1	5	4	5	13	4	4	1	4	1	2	17	1	9	6	6	1	18	1		1	2	11	
113	11	28	20	50	臺北市	大安區	大安區建國南路1段與建國南路1段258巷口口	25.0367561	121.5374637	0	0	2	2	7	5	5	4	1	1	5	4	5	13	2	1	1	4	5	1	17	1	5	8	4	1	20	1		1	2	12	
113	11	28	21	10	臺北市	大安區	大安區基隆路4段41巷68弄6號	25.0123758	121.5425502	0	0	1	2	8	5	5	14	9	1	5	4	5	13	4	4	5	4	5	2	17	1	11	1	6	1	10	1		1	2	14	
113	11	28	21	30	臺北市	大同區	大同區長安西路與承德路1段口	25.0508962	121.5170677	0	0	1	2	8	5	5	5	1	1	5	4	5	13	2	1	9	4	5	2	10	1	1	1	7	1	8	1		1	3	1	
113	11	28	22	0	臺北市	士林區	士林區社中街與社中街140巷口	25.09048657	121.5096027	0	0	2	2	8	5	5	3	2	1	5	4	5	13	4	4	9	5	5	1	17	1	9	1	5	2	10	1		1	2	11	
113	11	28	22	28	臺北市	南港區	南港區南港路3段314巷與松河街口口	25.0523907	121.5812289	0	0	1	2	8	5	5	3	1	1	5	4	5	13	4	4	5	5	5	2	16	1	11	1	7	2	8	1		1	3	8	
113	11	28	22	30	臺北市	中山區	中山區中山北路1段126巷與中山北路口側附近1段口	25.0509891	121.5220857	0	0	2	2	8	5	5	3	2	1	5	4	5	13	4	4	5	4	5	2	13	4	9	1	3	1	10	1		1	2	11	
113	11	28	22	33	臺北市	大同區	大同區鄭州路與環河北路1段口	25.050748	121.5069287	0	0	1	2	7	5	5	4	1	1	5	4	5	13	2	1	10	4	5	2	16	4	5	1	3	1	10	1		1	3	14	
113	11	28	23	4	臺北市	中山區	中山區市民大道2段往西(華山公園前迴轉道)	25.0472969	121.5265832	0	0	2	2	7	5	5	14	9	1	5	4	5	13	4	4	1	4	5	2	16	4	5	1	3	2	10	1		1	2	14	
113	11	28	23	45	臺北市	北投區	北投區大度路與大度路150巷口	25.1217335	121.4936288	0	0	2	2	7	5	5	3	1	1	5	4	5	13	1	1	3	2	3	1	17	4	9	1	3	1	10	1		2	2	11	
113	11	29	6	19	臺北市	松山區	松山區光復北路13號	25.0492012	121.5580821	0	0	1	2	7	5	5	14	9	1	5	4	5	13	4	4	9	5	5	2	16	4	5	1	7	1	8	1		1	3	4	
113	11	29	7	0	臺北市	大同區	大同區民權西路與蘭州街口	25.0629101	121.514709	0	0	1	3	8	6	5	3	1	1	5	4	5	13	2	1	8	3	5	1	16	1	5	1	6	1	10	1		2	3	14	
113	11	29	7	30	臺北市	南港區	南港區松河街與南港路3段256巷口	25.0532725	121.584614	0	0	4	5	8	7	5	3	1	1	4	4	5	13	4	4	5	4	5	2	17	1	5	1	5	2	10	1		1	2	11	
113	11	29	7	50	臺北市	大安區	大安區和平東路2段299號與和平東路2段口	25.0248598	121.5446982	0	0	2	2	8	6	5	3	1	1	5	4	5	13	1	1	1	3	5	2	15	1	11	1	5	1	10	1		1	2	12	
113	11	29	7	53	臺北市	萬華區	萬華區環河南路1段與漢口街2段口	25.04648195	121.5036705	0	0	1	2	8	7	5	3	1	1	5	4	5	13	3	1	5	4	5	2	17	1	5	1	7	1	8	1		1	3	8	
113	11	29	7	55	臺北市	北投區	北投區大業路與中和街口	25.13698219	121.5040039	0	0	2	2	7	6	5	5	1	1	5	4	5	13	2	1	1	4	5	2	15	1	9	8	4	1	20	1		2	2	11	
113	11	29	8	0	臺北市	松山區	松山區民生東路3段130巷4號	25.0569045	121.5462209	0	0	1	3	8	6	5	14	24	1	5	4	5	13	4	4	10	5	5	2	9	5	19	8	4	10	20	1		2	3	16	
113	11	29	8	5	臺北市	內湖區	內湖區星雲街與康寧路1段口	25.0794627	121.5938373	0	0	1	2	7	5	8	4	2	1	5	4	5	13	1	1	4	3	5	1	13	4	5	1	3	1	10	1		1	2	11	
113	11	29	8	10	臺北市	內湖區	內湖區行善路與堤頂大道1段口	25.05598921	121.5744652	0	0	1	2	8	6	5	3	1	1	5	4	5	13	4	4	1	5	5	2	16	1	6	1	6	2	10	1		1	3	12	
113	11	29	8	10	臺北市	松山區	松山區民權東路5段與撫遠街口	25.0631857	121.56623	0	0	3	6	8	7	5	14	8	1	5	4	5	13	4	4	1	3	4	2	13	1	9	1	5	1	10	1		1	3	13	
113	11	29	8	21	臺北市	大安區	大安區信義路2段26號	25.0349271	121.5252482	0	0	3	4	8	5	5	14	9	1	5	4	5	13	4	4	1	4	5	2	12	1	9	1	6	1	10	1		1	2	12	
113	11	29	8	23	臺北市	萬華區	萬華區和平西路2段與艋舺大道口	25.03395668	121.5047481	0	0	2	2	7	6	5	5	1	1	5	4	5	13	2	1	1	4	5	2	12	1	8	1	6	1	10	1		1	2	12	
113	11	29	8	34	臺北市	士林區	士林區中正路620號	25.0867129	121.5087483	0	0	1	2	7	6	5	22	6	1	5	4	5	13	4	4	1	4	5	1	17	1	11	1	7	2	8	1		1	3	6	
113	11	29	8	35	臺北市	中正區	中正區信義路2段與金山南路1段口	25.0341157	121.5273952	0	0	2	2	8	6	5	4	1	1	5	4	5	13	1	1	3	4	5	1	17	1	6	1	6	2	10	1		1	2	12	
113	11	29	8	39	臺北市	萬華區	萬華區環河南路1段與內江街口	25.041924	121.5001549	0	0	1	2	8	7	5	3	2	1	5	4	5	13	1	1	2	2	5	2	17	1	15	1	5	1	10	1		1	3	14	
113	11	29	8	42	臺北市	大同區	大同區重慶北路2段與民權西路口	25.0628844	121.5134858	0	0	2	2	7	6	5	4	1	1	5	4	5	13	1	1	1	4	5	2	15	1	15	1	6	1	10	1		1	2	11	
113	11	29	9	2	臺北市	大同區	大同區民族西路與迪化街2段146巷口	25.068643	121.5097374	0	0	1	2	8	6	5	14	9	1	5	4	5	13	4	4	8	3	5	1	17	4	13	1	3	2	8	1		1	3	4	
113	11	29	9	5	臺北市	中正區	中正區青島東路7-1號	25.0437698	121.5224283	0	0	2	3	8	7	5	14	9	1	5	4	5	13	4	4	8	4	4	2	12	1	11	1	7	1	8	1		1	3	4	
113	11	29	9	23	臺北市	文山區	文山區溪洲街與溪洲街137巷口口	25.0000952	121.5353783	0	0	1	2	7	6	5	3	1	1	5	4	5	13	2	1	5	5	5	2	16	1	5	1	7	2	8	1		1	3	1	
113	11	29	9	39	臺北市	松山區	松山區民權東路4段與光復北路口	25.0619767	121.5548364	0	0	3	5	7	6	5	4	2	1	5	4	5	13	2	1	1	4	5	2	13	1	9	1	7	2	1	1		1	3	1	
113	11	29	9	40	臺北市	內湖區	內湖區金湖路24號	25.0830313	121.5961284	0	0	1	2	7	5	5	14	9	1	5	4	5	13	4	4	1	3	5	1	17	4	15	1	3	1	10	1		1	2	11	
113	11	29	10	1	臺北市	內湖區	內湖區新湖二路與新湖三路口	25.0650493	121.5846994	0	0	2	4	8	6	5	4	1	1	5	4	5	13	4	4	5	5	5	2	15	1	9	1	5	2	10	1		1	2	14	
113	11	29	10	14	臺北市	中正區	中正區青島東路與中山南路口	25.04454627	121.5192441	0	0	1	2	8	6	5	4	1	1	5	4	5	13	2	1	5	4	4	2	17	1	5	1	7	2	8	1		1	3	1	
113	11	29	10	40	臺北市	大安區	大安區新生南路3段與新生南路3段98巷口	25.0168406	121.5332664	0	0	2	2	8	7	5	14	9	1	5	4	5	13	4	4	1	4	5	2	13	4	9	1	3	1	10	1		2	2	11	
113	11	29	10	44	臺北市	大同區	大同區延平北路1段與長安西路口	25.0519529	121.511871	0	0	1	4	7	7	5	5	1	1	5	4	5	13	1	1	5	4	5	2	16	1	11	1	7	1	4	1		1	3	8	
113	11	29	11	13	臺北市	松山區	松山區光復北路與延壽街口	25.0563049	121.5556246	0	0	1	2	8	6	5	4	1	1	5	4	5	13	1	1	8	3	5	2	11	1	15	1	7	1	8	1		1	3	6	
113	11	29	11	23	臺北市	文山區	文山區景隆街與景隆街36巷口口	24.9989612	121.5433177	0	0	2	2	8	6	5	3	1	1	5	4	5	13	2	1	5	5	5	2	17	1	9	1	6	2	10	1		2	2	11	
113	11	29	11	30	臺北市	松山區	松山區光復北路與延壽街口口	25.0562066	121.5556575	0	0	1	2	7	6	5	4	1	1	5	4	5	13	1	1	5	4	5	2	16	1	6	6	6	1	10	1		2	3	12	
113	11	29	11	41	臺北市	內湖區	內湖區行善路與行善路383巷口	25.063784	121.5853798	0	0	1	2	8	6	5	3	1	1	5	4	5	13	4	4	1	4	4	2	16	1	6	1	7	1	8	1		2	3	5	
113	11	29	11	44	臺北市	南港區	南港區大坑街與福山街口	25.0460149	121.617525	0	0	1	3	8	6	5	4	2	1	5	4	1	11	4	4	5	5	5	2	15	1	9	1	6	1	10	1		1	3	11	
113	11	29	12	2	臺北市	文山區	文山區辛亥路6段與木柵路1段口	24.9878357	121.5523209	0	0	1	2	8	6	5	14	9	2	5	4	5	13	2	1	1	4	5	2	17	4	1	1	3	1	8	1		1	3	1	
113	11	29	12	5	臺北市	北投區	北投區致遠二路與致遠二路15巷口	25.11513524	121.5116755	0	0	1	2	8	6	5	14	9	1	5	4	5	13	4	4	9	4	5	2	11	1	1	1	7	1	8	1		1	3	8	
113	11	29	12	28	臺北市	北投區	北投區大業路與中和街口	25.1372618	121.5037615	0	0	1	2	8	6	5	4	1	1	5	4	5	13	2	1	9	4	5	2	16	1	5	1	6	1	10	1		1	2	11	
113	11	29	12	32	臺北市	南港區	南港區南港路2段240號與南港路2段口	25.0542187	121.5970592	0	0	2	2	8	6	5	4	1	1	5	4	5	13	2	1	4	3	4	2	16	4	11	1	3	2	10	1		2	2	12	
113	11	29	12	34	臺北市	大安區	大安區新生南路2段與金華街口	25.030617	121.5335223	0	0	1	2	8	6	5	4	1	1	5	4	5	13	2	1	1	4	5	1	16	4	6	1	3	1	8	1		1	3	5	
113	11	29	12	39	臺北市	大同區	大同區西寧北路17號	25.052318	121.5085955	0	0	1	2	8	7	5	14	9	1	5	4	5	13	4	4	5	5	5	2	16	1	1	1	7	1	8	1		2	3	8	
113	11	29	12	45	臺北市	大安區	大安區復興南路1段201號	25.0396622	121.5438159	0	0	1	2	8	7	5	14	9	1	5	4	4	13	2	1	1	4	5	2	18	4	9	1	3	10	10	1		3	2	17	