年	月	日	時	分	縣市	行政區	allLocation	GoogleLat	GoogleLng	死	2-30	受傷	當事人數	天候	道路照明設備	道路類別	道路型態	事故位置	路面狀況1	路面狀況2	路面狀況3	道路障礙1	道路障礙2	號誌1	號誌2	車道劃分-分向	車道劃分-分道1	車道劃分-分道2	車道劃分-分道3	事故類型及型態	行動電話	當事者行動狀態	駕駛資格情形	保護裝置	飲酒情形	駕駛執照種類	個人肇逃否	肇因碼-主要	性別	受傷程度	車輛撞擊部位1	車輛撞擊部位2
113	11	29	12	49	臺北市	中正區	中正區市民大道2段與林森北路1段口	25.04777973	121.5241996	0	0	1	2	7	7	5	4	2	1	5	4	5	13	1	1	1	4	1	2	12	1	14	1	5	9	10	1		1	2	14	
113	11	29	13	0	臺北市	士林區	士林區中山北路4段與通河街口	25.0797192	121.5242707	0	0	1	2	8	6	5	3	2	1	5	4	5	13	1	1	1	4	5	2	17	1	6	1	7	2	8	1		1	3	6	
113	11	29	13	24	臺北市	文山區	文山區老泉街13-1號附近	24.97603028	121.5584014	0	0	2	2	7	6	5	14	9	1	5	4	5	13	4	4	5	5	5	2	9	4	9	1	3	2	10	1		2	2	11	
113	11	29	13	50	臺北市	士林區	士林區中山北路5段68巷	25.0838539	121.5255574	0	0	1	2	7	6	5	14	9	1	5	4	5	13	4	4	1	3	5	1	16	1	5	1	6	1	10	1		1	3	15	
113	11	29	14	11	臺北市	內湖區	內湖區民權東路6段與民權東路6段15巷口	25.0675178	121.5804513	0	0	2	2	8	6	5	3	1	1	5	4	5	13	4	4	1	4	4	2	17	1	6	1	7	2	8	1		1	2	2	
113	11	29	14	47	臺北市	松山區	松山區市民大道5段與東寧路口	25.0470946	121.5624175	0	0	1	2	7	6	8	22	22	1	5	4	5	13	4	4	1	4	4	1	17	1	7	1	7	1	8	1		1	3	4	
113	11	29	14	59	臺北市	松山區	松山區民生東路3段與復興北路口	25.0577795	121.5443544	0	0	1	2	8	7	5	4	1	1	5	4	5	13	2	1	1	4	5	2	17	1	9	1	6	2	10	1		2	2	12	
113	11	29	15	2	臺北市	大安區	大安區和平東路3段228巷與安居街34巷口	25.0211799	121.5538664	0	0	2	3	8	5	5	4	2	1	5	4	5	13	4	4	5	5	5	2	11	1	9	6	5	1	10	1		1	3	14	
113	11	29	15	20	臺北市	大安區	大安區忠孝東路4段233號	25.041561	121.5534727	0	0	1	3	8	6	5	14	9	1	5	4	5	13	4	4	1	3	5	2	9	1	1	1	7	1	1	1		1	3	17	
113	11	29	15	28	臺北市	文山區	文山區萬美街2段與興德路口口	25.0057692	121.5587983	0	0	1	2	8	6	5	3	1	1	5	4	5	13	3	1	5	5	4	2	17	1	11	1	7	2	8	1		1	3	5	
113	11	29	16	39	臺北市	大安區	大安區延吉街62巷與忠孝東路4段223巷口	25.0434078	121.5529694	0	0	1	2	8	5	5	4	18	1	5	4	5	13	4	4	7	5	5	2	3	1	5	1	7	1	8	1		1	3	1	
113	11	29	16	50	臺北市	士林區	士林區福林路與中山北路5段470巷口口	25.0945711	121.5291902	0	0	1	3	7	5	5	3	1	1	5	4	5	13	4	4	5	4	5	2	13	1	9	1	6	1	10	1		1	2	11	
113	11	29	17	0	臺北市	中山區	中山區林森北路77號	25.04948136	121.5247414	0	0	1	2	8	7	5	14	9	1	5	4	5	13	4	4	1	4	5	2	13	1	9	1	7	1	8	1		1	3	1	
113	11	29	17	13	臺北市	大同區	大同區長安西路與南京西路434巷口	25.0520495	121.5089308	0	0	1	3	7	5	5	3	2	1	5	4	5	13	4	4	5	4	5	2	17	4	9	1	3	1	2	1		1	3	2	
113	11	29	17	14	臺北市	中山區	中山區北安路651號與大直街口	25.0841863	121.5493679	0	0	1	2	8	6	5	4	1	1	5	4	5	13	1	1	1	4	5	2	16	1	5	1	7	1	8	1		2	3	8	
113	11	29	17	50	臺北市	中正區	中正區金門街與金門街27巷口	25.0211107	121.5227706	0	0	1	2	8	5	5	4	1	1	5	4	5	13	4	4	10	5	5	2	17	1	5	1	7	1	8	1		2	3	8	
113	11	29	17	50	臺北市	內湖區	內湖區內湖路1段與內湖路1段518巷口	25.0791308	121.5766737	0	0	1	2	7	5	5	4	2	1	5	4	5	13	1	1	1	5	5	2	17	1	9	1	5	1	10	1		1	2	11	
113	11	29	17	55	臺北市	士林區	士林區文昌路與美崙街口	25.0966484	121.5209137	0	0	1	2	7	5	5	4	1	1	5	4	5	13	2	1	5	4	5	2	12	1	7	1	7	1	8	1		1	3	4	
113	11	29	18	2	臺北市	大安區	大安區基隆路2段176號	25.025677	121.5538897	0	0	2	4	8	5	5	14	9	1	5	4	5	13	4	4	1	4	5	2	13	1	9	1	6	1	10	1		2	2	11	
113	11	29	18	5	臺北市	內湖區	內湖區瑞光路與瑞光路26巷口	25.06974716	121.5833247	0	0	1	2	8	5	5	3	1	1	5	4	5	13	2	1	5	4	5	2	13	1	9	1	6	1	10	1		2	3	11	
113	11	29	18	8	臺北市	大同區	大同區延平北路2段60巷14號	25.0554039	121.511109	0	0	2	2	7	5	5	14	9	1	5	4	5	13	4	4	10	5	5	2	9	1	9	1	6	1	10	1		2	2	14	
113	11	29	18	30	臺北市	信義區	信義區基隆路2段69號對面	25.0307825	121.55816	0	0	1	2	8	5	5	14	9	1	5	4	5	13	4	4	9	5	5	2	13	1	9	1	5	9	10	1		2	2	11	
113	11	29	18	31	臺北市	松山區	松山區光復北路13號	25.0495882	121.5579717	0	0	1	2	7	5	8	22	22	1	5	4	5	13	4	4	1	5	5	2	17	1	6	1	7	2	4	1		1	3	1	
113	11	29	18	53	臺北市	文山區	文山區萬美街1段燈桿編號0706292往西5公尺處	24.99937063	121.5576381	0	0	2	2	7	6	5	14	9	1	5	4	5	12	4	4	10	5	5	2	16	1	5	1	6	1	8	1		1	2	12	
113	11	29	19	2	臺北市	中山區	中山區北安路771號	25.0858448	121.5525196	0	0	1	4	8	5	5	14	7	1	5	4	5	13	1	1	1	3	4	1	17	1	9	1	6	11	9	1		4	3	11	
113	11	29	19	8	臺北市	信義區	信義區松信路與松信路50巷口	25.0472615	121.5721472	0	0	1	2	7	5	5	3	2	1	5	4	5	13	4	4	5	2	4	2	17	1	9	1	5	1	10	1		1	2	11	
113	11	29	19	35	臺北市	文山區	文山區興隆路2段244巷與興隆路2段口	25.0011076	121.553832	0	0	1	2	8	5	5	3	1	1	5	4	5	13	4	4	5	5	5	2	16	1	5	1	7	1	8	1		1	3	8	
113	11	29	19	41	臺北市	中山區	中山區民生西路19號	25.05781172	121.5213474	0	0	1	2	8	5	5	14	9	1	5	4	5	13	4	4	5	4	5	2	12	1	7	1	5	1	10	1		1	2	14	
113	11	29	19	55	臺北市	萬華區	萬華區萬大路與萬大路329巷口	25.02423707	121.500201	0	0	1	2	7	5	5	4	1	1	5	4	5	13	1	1	10	5	5	2	3	1	5	6	7	2	18	1		2	3	8	
113	11	29	20	5	臺北市	中正區	中正區中正河濱公園近中正橋下	25.0219246	121.5154977	0	0	2	2	7	5	8	22	22	1	5	4	5	13	4	4	10	5	5	2	9	5	18	8	4	10	20	1		2	2	16	
113	11	29	20	26	臺北市	松山區	松山區光復北路與光復北路11巷口	25.04903	121.5578892	0	0	1	3	8	6	5	4	1	1	5	4	5	13	2	1	3	4	5	2	16	4	6	1	3	1	8	1		1	3	6	
113	11	29	20	43	臺北市	中山區	中山區長安東路1段與長安東路1段65巷口	25.0485115	121.5274308	0	0	1	2	8	5	5	3	2	1	5	4	5	13	4	4	5	5	5	2	11	1	11	1	7	1	4	1		1	3	7	14
113	11	29	21	0	臺北市	松山區	松山區市民大道4段與敦化南路1段口	25.0449108	121.5495481	0	0	1	2	8	5	5	14	9	1	5	4	5	13	2	1	1	4	5	2	13	1	9	1	6	2	10	1		2	2	11	
113	11	29	22	8	臺北市	士林區	士林區文林路與文林路144巷口口	25.0887388	121.5265488	0	0	4	4	7	5	5	14	9	1	5	4	5	13	4	4	8	3	5	2	12	4	9	1	5	1	10	1		1	2	11	
113	11	29	22	38	臺北市	大安區	大安區永康街31巷與信義路2段198巷口	25.0316477	121.5309464	0	0	2	2	8	5	5	4	1	1	5	4	5	13	4	4	10	5	5	2	15	1	9	1	6	1	10	1		1	2	11	
113	11	29	22	57	臺北市	萬華區	萬華區桂林路214號	25.0385712	121.4967482	0	0	2	3	8	5	5	14	9	1	5	4	5	13	4	4	9	5	4	2	17	4	11	7	3	11	19	2		1	4	17	
113	11	29	23	38	臺北市	文山區	文山區興隆路1段與景隆街口	24.9988046	121.5444115	0	0	1	2	8	5	5	4	18	1	5	4	5	13	2	1	5	4	5	2	3	1	5	1	7	2	8	1		1	3	8	
113	11	29	23	58	臺北市	中山區	中山區松江路與渭水路口口	25.0458908	121.5329029	0	0	1	2	8	5	5	4	1	1	5	4	5	13	1	1	5	4	5	2	17	4	9	1	3	1	10	1		1	2	17	
113	11	30	0	35	臺北市	中山區	中山區市民大道3段與建國南路1段口	25.04477856	121.5363583	0	0	1	2	8	5	5	4	2	1	5	4	5	13	1	1	9	4	5	2	12	1	8	1	6	1	10	1		2	3	11	
113	11	30	3	11	臺北市	信義區	信義區中坡北路與松隆路口口	25.0484126	121.5800732	0	0	2	2	8	5	5	3	1	1	5	4	5	13	2	1	9	5	5	2	16	4	9	1	5	1	10	1		1	2	11	12
113	11	30	5	10	臺北市	士林區	士林區福港街139號	25.0879201	121.5180142	0	0	1	2	7	5	5	14	9	1	5	4	5	13	4	4	5	5	5	2	17	1	9	1	5	1	10	1		1	2	11	
113	11	30	6	55	臺北市	內湖區	內湖區舊宗路2段與民權東路6段11巷口	25.0682917	121.5748063	0	0	1	2	8	6	5	3	1	1	5	4	5	13	3	1	1	3	5	1	16	1	5	1	6	2	10	1		2	2	14	
113	11	30	8	54	臺北市	內湖區	內湖區大湖街與大湖街口（向日有機農場入口）	25.1031364	121.6072709	0	0	1	2	7	7	5	3	2	1	5	4	5	13	4	4	10	5	5	2	16	1	5	1	7	2	8	1		1	3	5	
113	11	30	9	14	臺北市	大同區	大同區民權西路與民權西路160巷口	25.0627916	121.5152397	0	0	1	2	8	6	5	3	1	1	5	4	5	13	4	4	1	4	5	2	17	4	9	1	5	1	10	1		2	3	11	
113	11	30	9	16	臺北市	南港區	南港區經貿二路196號	25.0603328	121.614584	0	0	2	4	8	6	5	14	9	1	5	4	5	13	4	4	3	4	5	2	13	4	9	1	3	1	8	1		1	3	3	
113	11	30	9	18	臺北市	士林區	士林區重陽橋機車道西向東	25.08603914	121.5073595	0	0	2	3	8	6	5	10	11	1	5	4	5	13	4	4	10	4	5	1	17	1	7	1	6	1	9	1		1	3	13	
113	11	30	9	45	臺北市	內湖區	內湖區南京東路6段與舊宗路1段口	25.05711959	121.5816149	0	0	1	4	8	5	5	4	2	1	5	4	5	13	1	1	1	3	5	1	13	4	9	1	3	1	8	1		1	3	1	
113	11	30	9	50	臺北市	士林區	士林區承德路5段與基河路口	25.09780158	121.5134146	0	0	1	2	8	5	5	4	1	1	5	4	5	13	2	1	1	4	4	1	12	1	6	1	7	1	8	1		1	3	2	
113	11	30	10	5	臺北市	士林區	士林區忠誠路2段166巷28弄與天母東路8巷31弄口	25.1164472	121.5327058	0	0	2	3	8	6	5	4	1	1	5	4	5	13	4	4	10	5	5	2	15	1	9	1	6	1	10	1		1	2	12	
113	11	30	10	43	臺北市	文山區	文山區木新路2段與恆光街口口	24.9833018	121.5667099	0	0	1	2	8	6	5	4	1	1	5	4	5	13	2	1	10	5	5	2	16	1	1	1	5	2	10	1		1	3	13	
113	11	30	11	0	臺北市	中山區	中山區民權東路2段71巷與吉林路315巷口	25.06348	121.5316564	0	0	1	2	8	7	5	4	1	1	5	4	5	13	4	4	9	4	5	2	9	1	5	1	7	2	8	1		1	3	1	
113	11	30	11	13	臺北市	內湖區	內湖區東湖路160巷與五分街口	25.0671705	121.6172769	0	0	1	2	7	5	5	4	1	1	5	4	5	13	3	1	9	5	5	2	16	1	5	1	6	2	10	1		1	2	12	
113	11	30	11	30	臺北市	文山區	文山區景華街109號	24.9957145	121.5467793	0	0	1	2	8	6	5	14	9	1	5	4	5	13	4	4	10	5	5	2	9	1	13	1	3	2	8	1		1	3	17	
113	11	30	11	52	臺北市	士林區	士林區文林路與福國路口口	25.102012	121.5211898	0	0	1	2	7	7	5	5	1	1	5	4	5	13	2	1	8	3	4	2	17	4	6	1	3	1	8	1		1	3	4	
113	11	30	12	0	臺北市	北投區	北投區公館路與公館路308巷口	25.12441772	121.50584	0	0	1	2	7	6	5	4	1	1	5	4	5	13	4	4	9	4	5	2	15	1	9	1	7	1	8	1		2	3	1	
113	11	30	12	3	臺北市	萬華區	萬華區雙和街21號	25.0344398	121.5059971	0	0	1	3	8	6	5	14	9	1	5	4	5	13	4	4	10	5	5	2	9	4	9	1	3	1	8	1		1	3	5	
113	11	30	12	15	臺北市	松山區	松山區三民路與三民路68巷口	25.0550696	121.5638237	0	0	2	2	7	6	5	4	1	1	5	4	5	13	4	4	9	4	5	2	15	1	9	1	6	2	10	1		1	2	12	
113	11	30	12	55	臺北市	內湖區	內湖區星雲街161巷與金湖路65巷口	25.0813752	121.5961968	0	0	2	2	8	6	5	4	1	1	5	4	5	13	4	4	10	5	5	2	17	1	9	1	6	2	10	1		1	2	11	
113	11	30	13	11	臺北市	信義區	信義區基隆路1段172巷與忠孝東路4段559巷16弄口	25.0431755	121.5648934	0	0	1	2	8	6	5	11	18	1	5	4	5	13	4	4	10	5	5	2	3	1	5	1	7	1	8	1		2	3	1	
113	11	30	13	35	臺北市	內湖區	內湖區民權大橋東向西機車專用道	25.0664596	121.5770684	0	0	3	3	8	6	5	8	11	1	5	4	5	13	4	4	1	4	5	2	12	1	9	1	5	1	10	1		2	2	11	
113	11	30	13	41	臺北市	內湖區	內湖區民善街與舊宗路1段150巷口	25.0616452	121.5751785	0	0	2	3	8	6	5	4	1	1	5	4	5	13	4	4	8	3	5	1	15	1	9	1	7	1	8	1		1	3	5	
113	11	30	14	28	臺北市	北投區	北投區承德路7段與大業路口	25.120969	121.4996785	0	0	1	2	8	6	5	5	1	1	5	4	5	13	2	1	1	4	5	2	13	1	5	1	6	1	10	1		1	2	11	
113	11	30	14	44	臺北市	中正區	市民大道停車場(公園-中山)入口	25.04821785	121.5192181	0	0	1	2	8	6	5	14	9	1	5	4	5	13	4	4	1	4	5	2	13	1	7	1	7	2	8	1		1	3	3	
113	11	30	15	30	臺北市	內湖區	內湖區永保街與安康路口	25.0644535	121.6074392	0	0	1	2	8	6	5	3	1	1	5	4	5	13	4	4	10	5	5	2	16	1	5	1	7	2	8	1		1	3	1	
113	11	30	15	32	臺北市	大同區	大同區重慶北路2段與民生西路口	25.05706615	121.5136741	0	0	2	4	8	6	5	4	1	1	5	4	5	13	2	1	1	4	5	2	17	4	9	1	7	9	8	1		1	3	6	
113	11	30	15	36	臺北市	中正區	中正區汀州路2段109號	25.0251801	121.5186288	0	0	1	3	8	7	5	14	9	1	5	4	5	13	4	4	5	5	5	2	12	4	1	1	7	1	8	1		1	3	4	
113	11	30	15	57	臺北市	北投區	北投區洲美快速道路(往淡水方向)	25.1215978	121.4941774	0	0	2	2	8	7	5	10	7	1	5	4	5	13	4	4	10	4	5	2	13	1	9	1	7	9	8	1		2	2	1	
113	11	30	16	2	臺北市	北投區	北投區大度路3段與大度路3段296巷口	25.123508	121.4662411	0	0	1	2	8	7	5	5	2	1	5	4	5	13	3	1	5	5	5	2	13	1	9	1	7	2	8	1		1	3	6	
113	11	30	16	4	臺北市	大同區	大同區南京西路18巷22號	25.0511022	121.5201559	0	0	1	2	8	6	5	14	9	1	5	4	5	13	4	4	10	5	5	2	9	1	9	1	7	1	8	1		1	3	2	
113	11	30	16	55	臺北市	士林區	士林區忠誠路1段東往西車道第1105210號路燈桿	25.10577231	121.5290076	0	0	1	2	7	5	5	14	7	1	5	4	5	13	4	4	1	4	4	1	17	1	9	7	5	2	19	1		1	2	14	
113	11	30	17	2	臺北市	士林區	士林區文林路與文林路594巷口	25.0984954	121.5237267	0	0	2	3	8	5	5	4	1	1	5	4	5	13	3	1	5	4	4	2	17	1	5	1	7	1	4	1		1	3	2	
113	11	30	17	47	臺北市	士林區	士林區文林路251號	25.0907695	121.5268596	0	0	1	2	8	5	5	14	9	1	5	4	5	13	4	4	5	5	5	1	16	1	11	1	7	1	8	1		1	3	8	
113	11	30	17	47	臺北市	大同區	大同區塔城街南往北(0802419燈桿)	25.04927576	121.5102862	0	0	1	2	7	5	5	14	9	1	5	4	5	13	4	4	5	2	5	2	17	1	8	1	7	1	8	1		1	3	2	
113	11	30	18	16	臺北市	大安區	大安區芳蘭路與長興街口	25.014724	121.547244	0	0	1	2	7	5	5	14	9	1	5	4	5	13	4	4	8	3	5	2	16	1	5	1	7	1	8	1		1	3	8	
113	11	30	18	30	臺北市	文山區	文山區老泉街（北二高籃球場)	24.97686347	121.5594783	0	0	2	3	8	5	5	14	9	1	5	4	3	10	4	4	10	5	5	1	13	1	9	1	5	1	10	1		2	2	11	
113	11	30	19	17	臺北市	中山區	中山區北安路與劍南路口	25.10508054	121.5313601	0	0	1	2	8	5	5	3	1	1	5	4	5	13	1	1	1	4	5	2	15	4	9	1	3	1	8	1		2	3	4	
113	11	30	19	42	臺北市	士林區	士林區福國路與福華路口	25.1020454	121.5224538	0	0	1	2	7	5	5	4	4	1	5	4	5	13	2	1	1	4	5	2	12	1	9	1	7	11	4	2		1	3	2	
113	11	30	20	40	臺北市	文山區	文山區景文街與景文街90巷口	24.9905829	121.541169	0	0	3	3	8	5	5	3	2	1	5	4	5	13	4	4	5	5	4	2	16	1	1	1	6	2	10	1		1	2	14	
113	11	30	21	54	臺北市	內湖區	內湖區金湖路與金湖路363巷口	25.07361951	121.6024844	0	0	1	3	8	5	5	3	2	1	5	4	5	13	2	1	3	4	5	2	17	1	7	1	6	1	10	1		2	3	13	
113	11	30	23	0	臺北市	中山區	中山區林森北路與中山北路2段77巷口	25.0580045	121.5221734	0	0	2	3	7	5	5	14	9	1	5	4	5	13	4	4	5	4	5	2	3	5	16	8	4	10	20	2		2	2	16	
113	11	30	23	10	臺北市	萬華區	萬華區環河南路2段與長順街口	25.0313486	121.4908098	0	0	1	2	7	5	5	4	1	1	5	4	5	13	1	1	1	5	5	2	17	1	5	1	3	1	8	1		1	2	8	
113	11	30	23	10	臺北市	萬華區	萬華區西藏路與西藏路129巷口	25.0295427	121.5019452	0	0	2	2	8	5	8	22	22	1	5	4	5	13	4	4	10	5	5	2	17	4	15	1	3	1	10	1		1	2	17	
113	12	1	0	50	臺北市	士林區	士林區重慶北路4段與通河西街1段口	25.0877214	121.5119091	0	0	3	3	8	5	5	5	1	1	5	4	5	13	1	1	5	5	5	2	15	1	9	1	5	1	10	1		2	2	12	
113	12	1	1	8	臺北市	中山區	中山區南京東路1段與林森北路口	25.05232892	121.5245621	0	0	1	2	8	5	5	4	1	1	5	4	5	13	1	1	1	4	5	2	17	1	6	1	6	1	10	1		1	2	14	
113	12	1	6	50	臺北市	大同區	大同區重慶北路1段與南京西路口	25.0540288	121.5140604	0	0	1	2	8	6	5	4	1	1	5	4	5	13	2	1	9	4	5	2	16	1	5	3	5	1	18	1		2	2	14	
113	12	1	7	50	臺北市	北投區	北投區紗帽路（1206508燈桿）	25.14256159	121.5345719	0	0	1	2	8	6	5	14	9	1	5	4	5	13	4	4	9	4	5	2	11	1	9	1	5	1	10	1		1	2	11	
113	12	1	8	10	臺北市	士林區	士林區文林路與大東路口	25.0935548	121.5250879	0	0	2	2	8	5	5	3	1	1	5	4	5	13	2	1	5	4	5	2	11	4	9	1	3	1	8	1		2	2	14	
113	12	1	8	44	臺北市	松山區	松山區塔悠路187號與堤外便道口	25.0564755	121.5698906	0	0	1	2	7	6	5	3	1	1	5	4	5	13	4	4	10	5	5	2	16	1	6	1	6	1	10	1		2	3	12	
113	12	1	9	2	臺北市	士林區	士林區延平北路7段106巷與延平北路7段口	25.0968862	121.4971505	0	0	2	2	8	6	5	3	1	1	5	4	5	13	4	4	10	5	5	1	15	1	9	1	5	1	10	1		1	2	11	
113	12	1	9	9	臺北市	信義區	信義區虎林街47-3號	25.0475312	121.5767507	0	0	2	2	8	6	5	14	9	1	5	4	5	13	4	4	9	5	5	2	16	1	1	8	2	1	20	1		2	2	14	
113	12	1	9	23	臺北市	大同區	大同區承德路3段208巷53號	25.0705037	121.5166783	0	0	1	2	8	6	5	14	9	1	5	4	5	13	4	4	10	5	5	1	16	1	5	1	6	1	10	1		1	3	14	
113	12	1	9	38	臺北市	萬華區	萬華區康定路與康定路25巷口	25.04405314	121.5026942	0	0	2	2	8	7	5	4	1	1	5	4	5	13	4	4	5	4	5	2	15	1	9	1	6	1	10	1		1	2	11	
113	12	1	9	47	臺北市	中正區	中正區中山北路1段與市民大道2段口往東迴轉道	25.0479285	121.521196	0	0	1	2	8	6	5	3	1	1	5	4	5	13	4	4	1	4	5	1	11	1	7	1	6	2	9	1		1	3	14	
113	12	1	9	56	臺北市	中正區	中正區中華路1段83號與中華路1段口	25.03861676	121.5074643	0	0	1	2	8	5	5	3	2	1	5	4	5	13	4	4	1	5	5	2	17	1	6	1	7	1	8	1		1	3	2	2
113	12	1	10	21	臺北市	信義區	信義區松智路9巷停車場出入口	25.03789975	121.5664086	0	0	1	3	8	6	5	14	9	1	5	4	5	13	4	4	9	5	5	2	16	1	5	1	7	1	8	1		1	3	4	
113	12	1	10	24	臺北市	信義區	信義區基隆路2段149之49號	25.0264716	121.5550063	0	0	2	3	8	5	5	14	9	1	5	4	5	13	1	1	1	4	5	2	13	1	8	1	5	1	10	1		1	2	11	
113	12	1	10	48	臺北市	松山區	松山區民權大橋西往東（中段處）	25.0637541	121.5684012	0	0	2	2	8	7	5	11	8	1	5	4	5	13	4	4	1	4	4	2	17	1	9	1	6	1	9	1		1	2	14	
113	12	1	11	5	臺北市	信義區	信義區基隆路1段0604846燈桿	25.0476867	121.5685147	0	0	1	2	8	7	5	14	9	1	5	4	5	13	4	4	1	4	5	2	18	4	9	1	3	1	10	1		1	2	12	
113	12	1	11	12	臺北市	大同區	大同區重慶北路2段171號後方	25.0590926	121.5148612	0	0	1	2	8	6	8	22	22	1	5	4	5	13	4	4	10	4	5	2	17	4	21	1	3	1	8	1		1	3	1	
113	12	1	11	23	臺北市	中山區	中山區民權東路1段與民權東路1段71巷口	25.0627539	121.5271501	0	0	1	2	7	5	5	3	2	1	5	4	5	13	4	4	3	4	5	2	13	4	9	1	3	1	10	1		1	2	11	
113	12	1	11	31	臺北市	士林區	士林區重陽橋機車道東向西(6511709燈桿))	25.08671236	121.5042381	0	0	2	2	8	6	5	8	9	1	5	4	5	13	4	4	10	4	5	1	10	1	9	8	4	1	20	1		2	2	11	
113	12	1	12	15	臺北市	文山區	文山區木柵路1段175號旁	24.9876791	121.551106	0	0	1	3	8	6	5	14	9	1	5	4	5	13	2	1	5	4	5	2	12	1	9	1	5	1	10	1		1	2	12	
113	12	1	12	30	臺北市	大安區	大安區市民大道3段與建國南路1段口	25.04817845	121.547597	0	0	1	2	8	7	5	4	2	1	5	4	5	13	1	1	8	3	5	1	5	1	9	1	5	1	10	1		1	2	17	
113	12	1	12	31	臺北市	大安區	大安區新生南路3段與辛亥路2段口	25.0221345	121.5344827	0	0	1	2	8	7	5	14	7	1	5	4	5	13	2	1	2	4	4	2	13	4	9	1	3	1	10	1		1	2	11	
113	12	1	12	40	臺北市	大安區	大安區復興南路1段200號	25.0398841	121.5435745	0	0	1	2	8	6	5	14	20	1	5	4	5	13	4	4	10	5	5	2	38	1	9	8	4	1	20	1		1	2	11	
113	12	1	12	46	臺北市	中山區	中山區復興北路226號	25.0565441	121.5440626	0	0	1	2	8	6	5	14	9	1	5	4	5	13	4	4	1	4	1	2	16	4	8	1	3	9	4	1		1	3	2	
113	12	1	13	5	臺北市	大同區	大同區民族西路與民族西路32巷口	25.0685108	121.5195076	0	0	4	4	8	6	5	4	1	1	5	4	5	13	2	1	5	4	5	2	17	5	20	8	5	10	20	1		2	2	16	
113	12	1	13	25	臺北市	大同區	大同區延平北路3段與民權西路口	25.06306381	121.511205	0	0	1	2	8	6	5	4	1	1	5	4	5	13	1	1	1	4	5	2	17	1	5	1	7	2	8	1		1	3	4	
113	12	1	13	37	臺北市	北投區	北投區承德路7段與立賢路口	25.1160187	121.5049772	0	0	1	2	8	6	5	4	1	1	5	4	5	13	2	1	1	2	5	2	16	1	9	8	4	1	20	1		1	2	11	
113	12	1	14	0	臺北市	中山區	中山區民權東路2段與建國北路3段口	25.062496	121.5367556	0	0	2	3	7	5	5	4	2	1	5	4	5	13	2	1	3	4	5	2	17	4	6	1	3	1	8	1		1	3	2	
113	12	1	14	43	臺北市	北投區	北投區光明路與大業路口	25.1372173	121.5033552	0	0	1	2	8	7	5	5	2	1	5	4	5	13	2	1	3	4	5	2	3	1	9	1	7	2	4	1		1	3	2	
113	12	1	15	7	臺北市	南港區	南港區市民大道7段與向陽路口口	25.0514654	121.5955119	0	0	1	2	8	7	5	4	1	1	5	4	5	13	2	1	2	4	4	1	16	1	5	1	6	9	10	1		1	2	14	
113	12	1	15	35	臺北市	士林區	士林區重陽橋往北市機車道	25.0842395	121.5055806	0	0	2	2	8	6	5	11	11	1	5	4	5	13	4	4	10	4	5	1	17	4	5	1	6	2	10	1		1	2	12	
113	12	1	15	40	臺北市	文山區	文山區老泉街第0701922燈桿	24.97994129	121.5641119	0	0	1	2	8	7	5	14	9	1	5	4	5	13	4	4	9	5	5	2	13	1	9	1	7	1	8	1		1	3	1	
113	12	1	16	21	臺北市	大同區	大同區塔城街36號對面	25.0516931	121.5105335	0	0	1	2	8	6	6	14	9	1	5	4	5	13	4	4	9	4	5	2	17	4	6	1	7	1	8	1		1	3	6	
113	12	1	16	40	臺北市	南港區	南港區忠孝東路7段與研究院路1段口	25.0530493	121.6163259	0	0	1	2	7	6	5	3	2	1	5	4	5	13	1	1	5	4	5	2	17	1	8	1	5	1	10	1		1	2	12	
113	12	1	17	35	臺北市	中山區	中山區北安路47號與北安路口	25.0775702	121.5282816	0	0	2	3	8	5	5	3	1	1	5	4	5	13	4	4	5	1	5	2	17	1	1	1	7	1	8	1		1	3	17	
113	12	1	17	45	臺北市	大同區	大同區環河堤外便道自行車道往北近敦煌疏散門	25.0740748	121.5087683	0	0	2	2	8	5	7	14	23	1	5	4	5	13	4	4	9	4	5	2	16	1	5	8	4	1	20	1		2	2	14	
113	12	1	18	20	臺北市	中山區	中山區南京西路與南京西路23巷口	25.0526776	121.520439	0	0	3	6	8	5	5	5	2	1	5	4	5	13	1	1	1	4	5	2	17	1	9	1	7	1	4	1		1	3	5	
113	12	1	18	28	臺北市	萬華區	萬華區康定路與桂林路口	25.0383483	121.5016931	0	0	2	2	8	5	5	4	1	1	5	4	5	13	1	1	5	4	5	2	17	4	15	1	5	1	10	1		2	2	13	
113	12	1	18	33	臺北市	大同區	大同區市民高架道第442號燈桿	25.04866848	121.5175807	0	0	1	2	8	5	5	10	7	1	5	4	5	13	4	4	1	4	5	2	13	1	9	1	7	2	8	1		1	2	1	
113	12	1	18	54	臺北市	中正區	中正區重慶南路1段與沅陵街口	25.04284039	121.5132002	0	0	2	2	8	5	5	3	2	1	5	4	5	13	4	4	5	4	5	1	17	1	9	1	5	1	10	1		1	2	12	