年	月	日	時	分	縣市	行政區	allLocation	GoogleLat	GoogleLng	死	2-30	受傷	當事人數	天候	道路照明設備	道路類別	道路型態	事故位置	路面狀況1	路面狀況2	路面狀況3	道路障礙1	道路障礙2	號誌1	號誌2	車道劃分-分向	車道劃分-分道1	車道劃分-分道2	車道劃分-分道3	事故類型及型態	行動電話	當事者行動狀態	駕駛資格情形	保護裝置	飲酒情形	駕駛執照種類	個人肇逃否	肇因碼-主要	性別	受傷程度	車輛撞擊部位1	車輛撞擊部位2
113	12	1	19	0	臺北市	松山區	松山區八德路3段10號	25.0481764	121.5499579	0	0	1	2	7	5	5	14	9	1	5	4	5	13	4	4	9	4	5	2	16	1	11	1	7	1	8	1		1	3	8	
113	12	1	19	15	臺北市	中山區	中山區長安西路19巷2弄29號	25.05092518	121.5203623	0	0	1	2	8	5	5	14	9	1	5	4	5	13	4	4	10	5	5	2	9	5	16	8	4	10	20	2		4	2	16	
113	12	1	19	55	臺北市	信義區	信義區松壽路與松智路口口	25.0359107	121.5654821	0	0	1	2	7	5	5	4	1	1	5	4	5	13	2	1	5	4	5	2	16	1	5	1	7	2	8	1		1	3	1	
113	12	1	20	12	臺北市	中正區	中正區中山南路1段與徐州路口	25.0418012	121.5185928	0	0	1	2	8	5	5	3	1	1	5	4	5	13	1	1	1	4	5	2	17	1	12	1	5	2	10	1		2	2	14	
113	12	1	20	13	臺北市	萬華區	萬華區康定路與桂林路口	25.0383884	121.5018077	0	0	1	2	7	5	5	4	1	1	5	4	5	13	1	1	9	4	5	2	17	1	5	1	5	1	10	1		1	3	17	
113	12	1	22	6	臺北市	松山區	松山區松山路與市民大道6段口	25.0494904	121.5776983	0	0	1	2	8	5	5	4	1	1	5	4	5	13	1	1	1	3	4	2	16	4	5	1	3	2	8	1		2	3	2	
113	12	1	23	20	臺北市	士林區	士林區文林路與文林路594巷口	25.0984551	121.5237456	0	0	1	3	8	5	5	4	2	1	5	4	5	13	3	1	9	4	4	1	17	1	6	1	7	1	8	1		1	3	2	
113	12	2	0	24	臺北市	中正區	中正區羅斯福路3段與辛亥路1段口	25.0198352	121.5290764	0	0	1	2	8	5	5	4	1	1	5	4	5	13	1	1	1	4	5	2	17	1	7	1	5	1	10	1		1	2	13	
113	12	2	1	23	臺北市	萬華區	萬華區中華路2段與廣州街口	25.036012	121.5064544	0	0	1	3	8	5	5	4	1	1	5	4	5	13	1	1	8	3	4	1	17	1	5	1	5	1	10	1		1	3	13	
113	12	2	1	38	臺北市	中山區	中山區北安路583號	25.08151376	121.5486057	0	0	1	2	7	5	5	14	9	1	5	4	5	13	1	1	10	3	5	1	17	1	9	1	6	1	10	1		1	2	11	
113	12	2	5	30	臺北市	萬華區	萬華區環河快速道路往南下西藏路匝道	25.0459412	121.5026646	0	0	1	2	7	5	5	10	7	1	5	4	5	13	4	4	1	4	5	2	18	1	7	1	7	1	4	1		1	2	1	
113	12	2	6	30	臺北市	中正區	中正區基隆高架道路近福和橋匝道	25.0110107	121.5361797	0	0	1	4	8	7	5	10	9	1	5	4	5	13	4	4	1	4	5	2	23	4	9	1	3	6	8	1		1	2	1	
113	12	2	7	30	臺北市	大安區	大安區永康街與永康街17巷口	25.03224	121.5296941	0	0	2	2	8	6	5	4	1	1	5	4	5	13	4	4	9	5	5	1	16	4	5	8	4	1	20	1		2	2	14	
113	12	2	7	54	臺北市	萬華區	萬華區華江橋機車道往台北市（燈桿001028）	25.0354971	121.4878806	0	0	2	4	8	7	7	8	11	1	5	4	5	13	4	4	10	3	5	1	13	4	9	1	3	1	10	1		1	2	11	
113	12	2	8	3	臺北市	大安區	大安區和平東路3段與基隆路2段口	25.0244595	121.5525307	0	0	2	2	8	5	5	5	2	1	5	4	5	13	2	1	1	4	5	2	16	1	6	1	6	1	9	1		1	2	12	
113	12	2	8	8	臺北市	內湖區	內湖區瑞光路76巷與民權東路6段21巷口	25.0693619	121.5798753	0	0	1	2	8	6	5	3	2	1	5	4	5	13	4	4	9	4	5	2	16	1	9	1	7	2	8	1		1	3	7	
113	12	2	8	24	臺北市	信義區	信義區忠孝東路5段與松仁路口口	25.041166	121.5684887	0	0	1	2	8	6	5	4	3	1	5	4	5	13	2	1	1	4	5	2	17	1	9	1	5	1	10	1		2	2	11	
113	12	2	8	27	臺北市	士林區	士林區中山北路5段與中山北路5段505巷口	25.0935109	121.5278597	0	0	1	2	8	6	5	4	2	1	5	4	5	13	2	1	4	4	1	1	17	4	9	1	3	9	2	1		1	3	5	
113	12	2	8	47	臺北市	信義區	信義區吳興街600巷與吳興街600巷67弄口	25.0191561	121.5706311	0	0	1	2	8	6	5	14	9	1	5	4	5	13	4	4	10	5	5	2	17	1	5	1	5	1	10	1		2	3	11	
113	12	2	9	1	臺北市	大安區	大安區市民大道4段與光復南路口	25.0450079	121.5577393	0	0	1	2	8	6	5	5	1	1	5	4	5	13	2	1	1	4	5	1	12	4	9	1	3	2	8	1		1	3	2	
113	12	2	9	38	臺北市	文山區	文山區辛亥路7段與寶橋口	24.9810321	121.5536816	0	0	1	2	8	6	5	14	9	1	5	4	5	13	4	4	1	4	5	2	10	1	9	1	7	2	8	1		2	3	1	
113	12	2	9	51	臺北市	士林區	士林區通河東街2段與大南路口	25.08938456	121.5154739	0	0	2	2	8	6	5	5	2	1	5	4	5	13	1	1	10	4	5	1	17	1	5	8	2	1	20	1		2	2	14	
113	12	2	10	2	臺北市	士林區	士林區中正路426號	25.0930756	121.5191905	0	0	2	2	8	6	6	22	20	4	5	4	5	13	4	4	10	5	5	2	9	4	9	1	3	1	10	1		2	2	11	
113	12	2	10	6	臺北市	大安區	大安區安東街45號	25.0435547	121.5423129	0	0	1	2	8	6	5	14	9	1	5	4	5	13	4	4	10	5	5	1	1	1	9	1	7	1	8	1		2	3	5	
113	12	2	10	10	臺北市	大安區	大安區復興南路1段與信義路3段147巷45弄口	25.0371351	121.543519	0	0	1	2	8	6	5	3	1	1	5	4	5	13	4	4	10	5	5	2	15	1	9	1	7	1	1	1		1	3	1	
113	12	2	10	27	臺北市	內湖區	內湖區環山路2段與內湖路1段411巷口口	25.0857141	121.5728118	0	0	1	2	8	5	5	3	1	1	5	4	5	13	1	1	5	4	5	2	16	1	5	1	7	2	8	1		1	3	7	
113	12	2	10	45	臺北市	內湖區	內湖區內湖路3段與內湖路3段59巷口	25.08611079	121.5920742	0	0	1	2	8	6	5	5	1	1	5	4	5	13	2	1	5	5	5	2	16	1	6	1	7	1	8	1		1	3	2	
113	12	2	11	15	臺北市	文山區	文山區興隆路2段153巷與興隆路2段153巷5弄口	25.0011374	121.5480345	0	0	1	2	8	6	5	4	1	1	5	4	5	13	4	4	9	5	5	2	1	1	2	1	7	2	8	1		2	3	7	
113	12	2	11	24	臺北市	士林區	士林區文昌路155巷與美崙街152巷口	25.0973148	121.5191541	0	0	1	2	8	5	5	3	1	1	5	4	5	13	4	4	10	5	5	1	17	1	5	1	6	2	10	1		1	2	12	
113	12	2	11	27	臺北市	大安區	大安區忠孝東路4段147巷8號	25.0423754	121.5496528	0	0	1	2	8	7	5	14	9	1	5	4	5	13	4	4	10	5	5	1	3	1	9	1	5	1	10	1		2	3	11	
113	12	2	11	35	臺北市	信義區	信義區忠孝東路4段與忠孝東路口側附近4段553巷口	25.0413184	121.562936	0	0	1	2	8	7	5	3	1	1	5	4	5	13	2	1	3	4	5	2	16	4	6	1	6	1	10	1		1	2	13	
113	12	2	12	5	臺北市	大同區	大同區錦西街與錦西街38巷口	25.0603591	121.5203587	0	0	1	2	8	6	5	3	2	1	5	4	5	13	4	4	9	4	5	2	17	1	5	1	7	1	8	1		1	3	5	
113	12	2	12	11	臺北市	士林區	士林區承德路5段與士商路口	25.0960314	121.5142373	0	0	1	2	8	5	5	5	1	1	5	4	5	13	1	1	9	4	4	1	17	1	6	1	7	2	8	1		2	3	6	
113	12	2	12	13	臺北市	中山區	中山區八德路2段199巷與建國北路1段33巷口	25.0478198	121.5390613	0	0	1	2	8	5	5	4	1	1	5	4	5	13	4	4	10	5	5	2	16	4	5	1	3	1	8	1		2	3	5	
113	12	2	12	30	臺北市	萬華區	萬華區中華路1段與中華路1段192巷口	25.039033	121.5067261	0	0	1	2	8	6	5	3	2	1	5	4	5	13	4	4	10	5	5	2	17	1	9	1	6	1	10	1		1	3	11	
113	12	2	13	1	臺北市	中正區	中正區重慶南路1段130號	25.0367098	121.5125757	0	0	2	2	7	5	5	14	9	1	5	4	5	13	4	4	9	4	5	2	16	1	5	1	5	1	10	1		1	2	12	
113	12	2	13	1	臺北市	萬華區	萬華區西藏路與艋舺大道口	25.0288741	121.4915608	0	0	2	3	8	6	5	4	2	1	5	4	5	13	2	1	1	4	3	2	12	1	9	1	6	1	10	1		1	2	12	
113	12	2	13	12	臺北市	北投區	北投區立農街1段與吉利街123巷8弄口	25.1194973	121.5067316	0	0	2	2	8	6	5	4	1	1	5	4	5	13	4	4	10	5	5	2	15	1	9	1	5	1	10	1		2	2	11	
113	12	2	13	12	臺北市	文山區	文山區興隆路3段與興隆路3段206巷口	24.9975608	121.5594712	0	0	2	2	8	6	5	5	1	1	5	4	5	13	2	1	1	4	5	2	16	1	11	1	5	2	10	1		2	2	13	
113	12	2	13	16	臺北市	中正區	中正區中華路1段與武昌街1段口	25.0443504	121.5090322	0	0	1	2	8	6	5	4	1	1	5	4	5	13	1	1	1	4	1	1	16	4	6	8	2	2	20	1		1	2	14	
113	12	2	13	36	臺北市	內湖區	內湖區康寧路1段224號前	25.0783451	121.5960042	0	0	2	2	8	5	5	11	9	1	5	4	5	13	4	4	9	5	5	2	16	1	1	1	6	2	10	1		1	2	14	
113	12	2	14	20	臺北市	中山區	中山區中山北路3段與民族東路口海霸王無名巷	25.06886328	121.5231625	0	0	2	2	8	6	5	3	1	1	5	4	5	13	4	4	10	5	5	2	17	1	9	1	6	1	10	1		1	2	11	
113	12	2	14	30	臺北市	中山區	中山區長春路與建國北路2段口	25.0548423	121.5371456	0	0	1	2	8	6	5	4	1	1	5	4	5	13	2	1	5	4	5	2	17	1	5	1	7	1	8	1		1	3	5	
113	12	2	14	39	臺北市	松山區	松山區敦化北路與長春路口	25.0546879	121.5487495	0	0	2	3	8	6	5	4	2	1	5	4	5	13	1	1	1	4	5	1	13	1	9	1	5	1	10	1		1	2	11	
113	12	2	14	47	臺北市	松山區	松山區民權東路4段與光復北路口	25.0618353	121.5544459	0	0	1	2	8	6	5	4	1	1	5	4	5	13	2	1	5	4	4	2	16	4	7	1	6	1	10	1		2	2	14	
113	12	2	15	8	臺北市	中山區	中山區濱江街與濱江街180巷口	25.07259929	121.538863	0	0	1	2	7	5	5	3	1	1	5	4	5	13	1	1	1	4	5	2	16	4	11	6	3	2	18	1		1	3	8	
113	12	2	15	10	臺北市	北投區	北投區大度路2段第二迴轉道往淡水	25.1221079	121.4863918	0	0	2	2	8	6	5	14	12	1	5	4	5	13	1	1	1	2	1	2	13	1	9	3	5	2	18	1		2	2	13	
113	12	2	15	25	臺北市	中山區	中山區新生北路2段72巷與民生東路口側附近1段70巷口	25.0570327	121.5264181	0	0	1	2	8	7	5	4	1	1	5	4	5	13	4	4	10	5	5	2	17	4	9	1	3	1	8	1		1	3	4	
113	12	2	15	29	臺北市	信義區	信義區忠孝東路5段516號	25.04119157	121.5788519	0	0	1	2	8	5	5	14	9	1	5	4	5	13	4	4	1	4	5	2	13	1	9	1	6	1	10	1		2	2	11	
113	12	2	15	32	臺北市	南港區	南港區忠孝東路6段360號	25.0499492	121.5915499	0	0	1	2	7	7	5	14	8	1	5	4	5	13	2	1	1	4	4	2	13	1	9	1	6	1	10	1		1	3	11	
113	12	2	15	35	臺北市	中山區	中山區北安路與大直街口	25.0798688	121.5473183	0	0	1	2	8	7	5	4	1	1	5	4	5	13	2	1	9	4	4	2	15	1	9	1	6	2	10	1		1	2	11	
113	12	2	15	38	臺北市	信義區	信義區基隆路2段91號	25.0298229	121.5577463	0	0	1	2	7	6	5	14	9	1	5	4	5	13	4	4	8	4	5	2	17	4	9	1	3	1	10	1		1	2	14	
113	12	2	16	1	臺北市	南港區	南港區南港路2段246號與南港路2段口	25.0542167	121.5974023	0	0	1	2	8	7	5	4	1	1	5	4	5	13	2	1	4	3	4	1	17	1	11	1	6	1	9	1		1	2	17	
113	12	2	16	37	臺北市	士林區	士林區中山北路6段157巷8弄16號	25.10757	121.5243684	0	0	1	2	8	6	5	14	9	1	5	4	5	13	4	4	10	5	5	2	12	1	1	1	6	1	10	1		1	2	14	
113	12	2	16	41	臺北市	信義區	信義區永吉路與松隆路口	25.0455587	121.5705843	0	0	1	3	8	6	5	5	1	1	5	4	5	13	1	1	3	3	5	2	12	1	8	1	7	2	8	1		1	3	17	
113	12	2	16	43	臺北市	萬華區	萬華區忠孝西路2段與西寧南路口	25.0485047	121.5074909	0	0	1	2	8	5	5	4	1	1	5	4	5	13	1	1	9	5	5	2	17	1	6	1	5	1	10	1		2	2	12	
113	12	2	17	31	臺北市	中正區	中正區重慶南路1段與武昌街1段口	25.05145549	121.5087178	0	0	1	3	7	5	5	4	2	1	5	4	5	13	1	1	9	4	5	2	13	1	7	1	5	2	10	1		1	3	13	
113	12	2	18	10	臺北市	大安區	大安區信義路3段與復興南路1段口	25.0334738	121.5436804	0	0	2	2	8	5	5	4	1	1	5	4	5	13	2	1	1	4	5	1	16	4	5	1	3	2	8	1		2	2	4	
113	12	2	18	18	臺北市	中正區	中正區館前路與開封街1段口	25.0460491	121.514993	0	0	2	2	7	5	5	3	2	1	5	4	5	13	4	4	10	5	5	2	9	1	9	1	5	2	10	1		1	2	12	
113	12	2	18	35	臺北市	信義區	信義區松仁路與忠孝東路5段236巷2弄口口	25.0404858	121.5685374	0	0	1	2	7	5	8	3	1	1	5	4	5	13	4	4	1	4	5	2	17	1	5	1	7	1	4	1		1	3	2	
113	12	2	18	38	臺北市	大安區	大安區和平東路3段與安和路2段口	25.024468	121.5503647	0	0	2	3	8	5	5	5	2	1	5	4	5	13	2	1	1	4	5	2	17	4	5	1	3	1	10	1		1	2	14	
113	12	2	19	6	臺北市	萬華區	萬華區和平西路3段與和平西路3段382巷口	25.03534383	121.4915027	0	0	2	2	7	5	5	4	1	1	5	4	5	13	1	1	10	5	5	2	13	4	9	1	5	1	10	1		1	2	12	
113	12	2	19	43	臺北市	萬華區	萬華區東園街與西園路2段口	25.0279226	121.4955307	0	0	1	2	7	5	5	3	2	1	5	4	5	13	2	1	5	2	5	2	13	1	15	1	7	2	8	1		1	3	1	
113	12	2	19	45	臺北市	大同區	大同區鄭州路與西寧北路口	25.050588	121.5081648	0	0	1	2	8	5	5	5	1	1	5	4	5	13	4	4	1	5	5	2	16	1	5	1	6	1	10	1		2	2	14	
113	12	2	19	58	臺北市	士林區	士林區至誠路1段295號	25.1018862	121.5314396	0	0	1	2	7	5	5	14	9	1	5	4	5	13	4	4	9	4	5	1	3	5	16	8	4	10	20	1		2	3	16	
113	12	2	20	6	臺北市	中山區	中山區民生東路2段153號	25.0579818	121.5362085	0	0	1	2	8	5	5	14	9	1	5	1	5	13	4	4	1	5	5	2	13	1	9	1	5	1	10	1		2	2	11	
113	12	2	20	13	臺北市	中山區	中山區建國北路3段55號	25.0665847	121.5356945	0	0	2	2	8	5	5	14	20	4	5	4	5	13	4	4	10	5	5	2	9	1	9	8	2	1	20	1		1	2	11	
113	12	2	20	28	臺北市	中山區	中山區堤頂大道2段與樂群二路口	25.0801203	121.5627994	0	0	1	2	8	5	5	4	2	1	5	4	5	13	1	1	5	4	5	2	17	1	5	1	7	1	8	1		1	3	2	
113	12	2	20	34	臺北市	松山區	松山區東興路與東興路2巷口	25.0507232	121.5654602	0	0	2	2	8	5	5	3	1	1	5	4	5	13	4	4	5	4	5	2	3	5	16	8	4	1	20	1		2	2	16	
113	12	2	20	35	臺北市	中山區	中山區吉林路與錦州街口	25.060379	121.5302332	0	0	1	2	8	7	5	14	9	1	5	4	5	13	1	1	8	5	5	2	12	1	7	1	5	1	10	1		2	2	14	
113	12	2	20	45	臺北市	內湖區	內湖區民權東路6段120巷與民權東路6段90巷25弄口	25.0676265	121.5871798	0	0	1	3	8	5	5	4	1	1	5	4	5	13	4	4	10	5	5	2	17	1	5	1	7	1	4	1		1	3	8	
113	12	2	21	30	臺北市	中山區	中山區民族西路往西、特斯拉停車場前	25.06852139	121.5216383	0	0	1	2	8	5	5	14	9	1	5	4	5	13	4	4	5	4	5	2	13	4	9	1	5	1	10	1		1	2	11	
113	12	2	21	44	臺北市	大同區	大同區塔城街與忠孝西路2段口	25.0482132	121.5098549	0	0	1	2	8	5	5	5	1	1	5	4	5	13	4	4	5	5	5	2	12	1	9	1	7	2	2	1		1	3	4	
113	12	2	21	45	臺北市	大安區	大安區基隆路2段與通化街171巷口	25.0275274	121.5560774	0	0	1	2	7	5	5	4	1	1	5	4	5	13	2	1	1	1	5	2	13	1	9	1	7	8	4	1		1	3	8	
113	12	2	21	59	臺北市	北投區	北投區大度路3段與關渡路口	25.1228645	121.469473	0	0	3	3	8	5	5	3	2	1	5	4	5	13	1	1	9	4	5	1	17	1	9	1	5	1	10	1		1	2	11	
113	12	2	22	0	臺北市	中山區	中山區北安路與北安路841巷口	25.0847491	121.5580342	0	0	1	2	8	5	5	14	9	1	5	4	5	13	4	4	1	4	5	2	13	1	9	1	5	1	10	1		1	2	11	
113	12	2	22	25	臺北市	中山區	中山區民權西路與天祥路口	25.0627328	121.5209202	0	0	1	2	8	5	5	4	1	1	5	4	5	13	1	1	5	5	5	2	1	1	5	1	7	1	4	1		1	3	8	
113	12	2	22	30	臺北市	萬華區	萬華區華江橋往新北市機慢車道匝道(上坡前)	25.03525488	121.5073646	0	0	1	4	7	5	7	14	11	1	5	4	5	13	4	4	10	5	5	2	17	1	12	1	5	1	10	1		2	2	11	
113	12	2	23	10	臺北市	信義區	信義區松仁路與松仁路240巷口	25.0247883	121.5693922	0	0	3	3	8	5	5	4	1	1	5	4	5	13	3	1	9	5	5	2	15	1	9	3	5	2	18	1		1	2	14	
113	12	2	23	39	臺北市	大安區	大安區和平東路3段與基隆路2段口	25.0244197	121.5524799	0	0	1	2	8	5	5	4	1	1	5	4	5	13	2	1	1	4	5	2	16	1	6	1	7	1	8	1		2	3	6	
113	12	3	0	27	臺北市	內湖區	內湖區康寧路3段與康寧路3段165巷口	25.0705825	121.6111299	0	0	3	3	8	5	5	4	2	1	5	4	5	13	2	1	1	4	5	2	17	1	5	1	6	2	10	1		2	2	11	
113	12	3	0	33	臺北市	萬華區	萬華區萬大路與萬大路486巷口	25.0194833	121.4973686	0	0	1	2	8	5	5	3	1	1	5	4	5	13	4	4	10	5	5	2	17	1	6	1	7	1	8	1		1	3	4	
113	12	3	6	10	臺北市	中正區	中正區羅斯福路1段與南昌路1段59巷口	25.031826	121.5186026	0	0	1	4	8	7	5	3	2	1	5	4	3	10	4	4	3	4	4	2	17	4	21	7	3	11	19	2		1	4	15	
113	12	3	7	6	臺北市	萬華區	萬華區寶興街65巷與西園路2段225巷口	25.0271285	121.4948829	0	0	2	2	8	7	5	4	1	1	5	4	5	13	4	4	10	5	5	1	15	4	9	1	3	1	10	1		1	2	11	
113	12	3	7	23	臺北市	大安區	大安區建國南路2段276號與和平東路2段76巷2弄口	25.0248638	121.5379226	0	0	1	2	7	6	5	4	2	1	5	4	5	13	1	1	9	4	4	1	13	4	15	1	3	1	10	1		2	2	11	
113	12	3	7	26	臺北市	中正區	中正區市民大道3段8號	25.0458413	121.5310911	0	0	1	5	8	7	5	14	7	1	5	4	5	13	4	4	4	3	1	2	12	1	9	1	5	2	10	1		1	2	11	
113	12	3	7	29	臺北市	大安區	大安區基隆路2段與敦化南路2段口	25.0209683	121.54889	0	0	2	2	8	6	5	14	9	1	5	4	5	13	2	1	1	4	5	1	11	4	7	1	3	1	10	1		1	2	14	
113	12	3	7	45	臺北市	中山區	中山區明水路與北安路458巷口	25.07792934	121.5438862	0	0	1	2	8	7	5	4	2	1	5	4	5	13	1	1	1	4	5	2	17	1	11	1	7	1	8	1		1	3	3	
113	12	3	7	48	臺北市	萬華區	萬華區環河南路1段與內江街口	25.04200954	121.5001843	0	0	2	3	8	7	5	3	2	1	5	4	5	13	1	1	2	2	5	2	17	1	11	1	5	1	10	1		1	3	12	
113	12	3	7	55	臺北市	中正區	中正區重慶南路3段91號	25.02517004	121.5166832	0	0	1	2	8	6	5	14	9	1	5	4	5	13	4	4	3	4	5	2	17	1	6	1	7	1	8	1		1	3	7	
113	12	3	8	4	臺北市	北投區	北投區明德路與西安街1段口	25.1089745	121.5190874	0	0	1	2	8	6	5	14	9	1	5	4	5	13	1	1	9	4	5	2	16	1	6	1	7	1	8	1		2	3	1	
113	12	3	8	32	臺北市	內湖區	內湖區民權東路6段19巷與瑞光路76巷口	25.068958	121.5790575	0	0	2	3	8	6	5	4	1	1	5	4	5	13	2	1	8	3	5	1	15	1	9	1	7	2	8	1		2	3	2	
113	12	3	8	40	臺北市	萬華區	萬華區內江街與康定路口	25.041695	121.5022191	0	0	1	2	8	7	5	4	1	1	5	4	5	13	2	1	8	3	5	1	16	4	5	1	3	1	10	1		2	2	14	
113	12	3	8	46	臺北市	北投區	北投區西安街1段與文林北路80巷口	25.1070818	121.5203873	0	0	1	2	8	7	6	3	1	1	5	4	5	13	4	4	1	4	5	2	16	4	6	1	3	2	4	1		1	3	7	
113	12	3	8	50	臺北市	大同區	大同區承德路1段與長安西路口	25.0507181	121.5170249	0	0	3	3	8	7	5	4	1	1	5	4	5	13	1	1	1	4	5	2	13	1	9	1	6	1	10	1		1	2	11	
113	12	3	8	51	臺北市	士林區	士林區至善路2段與臨溪路口	25.0970943	121.5423658	0	0	1	2	8	6	5	4	1	1	5	4	5	13	1	1	1	4	5	1	13	1	9	1	7	1	8	1		1	3	1	
113	12	3	8	56	臺北市	信義區	信義區和平東路3段637號	25.0129094	121.563328	0	0	1	2	8	6	5	14	9	1	5	4	5	13	2	1	9	4	5	1	17	4	9	1	3	1	10	1		1	2	12	
113	12	3	8	56	臺北市	文山區	文山區萬美街2段與萬美街2段21巷口	25.001911	121.5619008	0	0	1	2	7	5	5	3	2	1	5	4	5	13	3	1	10	5	5	1	17	1	6	1	6	1	10	1		2	2	14	
113	12	3	8	57	臺北市	中山區	中山區建國北路3段54號	25.06527042	121.5363181	0	0	1	3	8	6	5	14	9	1	5	4	5	13	4	4	10	4	5	2	13	1	9	1	5	1	10	1		1	2	11	14
113	12	3	9	15	臺北市	中正區	中正區重慶南路3段15巷與牯嶺街口口	25.0294201	121.5168729	0	0	1	2	8	6	5	3	1	1	5	4	5	13	4	4	5	5	5	2	17	1	5	1	6	1	10	1		2	2	14	
113	12	3	9	16	臺北市	萬華區	萬華區西藏路與寶興街口	25.02767186	121.4947035	0	0	2	2	8	7	5	5	1	1	5	4	5	13	2	1	3	2	5	2	17	1	9	8	4	1	20	1		2	2	11	
113	12	3	9	20	臺北市	中正區	中正區和平西路1段與牯嶺街口	25.0265396	121.5191976	0	0	1	2	7	7	5	4	1	1	5	4	5	13	1	1	1	4	5	2	17	1	9	1	5	1	10	1		1	2	11	
113	12	3	9	30	臺北市	大安區	大安區新生南路2段86號	25.0263969	121.5347696	0	0	1	2	8	6	5	14	10	1	5	4	5	13	4	4	1	2	5	1	9	4	1	1	3	1	2	1		1	3	17	
113	12	3	9	40	臺北市	士林區	士林區福林路247號	25.09797789	121.5344874	0	0	1	2	8	5	8	22	22	1	5	4	5	13	2	1	4	4	5	1	17	1	9	1	5	1	8	1		2	3	14	
113	12	3	9	40	臺北市	大同區	大同區西寧北路70號與南京西路239巷口	25.0538451	121.5087631	0	0	1	2	8	7	5	3	2	1	5	4	5	13	4	4	5	5	5	2	16	1	11	1	7	1	4	1		1	3	8	
113	12	3	10	2	臺北市	南港區	南港區重陽路199巷41號	25.0583321	121.6000361	0	0	2	3	8	7	5	14	9	1	5	4	5	13	4	4	5	4	5	2	12	4	8	8	3	1	20	1		2	2	12	
113	12	3	10	58	臺北市	信義區	信義區仁愛路4段507號	25.0382616	121.5615323	0	0	1	2	8	6	5	14	9	1	5	4	5	13	4	4	9	4	5	1	16	4	11	1	3	1	10	1		2	3	11	
113	12	3	11	8	臺北市	大同區	大同區通河西街1段堤外便道	25.0791444	121.5162215	0	0	1	2	8	5	5	14	9	1	5	4	5	13	4	4	9	4	5	1	13	4	9	1	3	1	8	1		1	3	4	
113	12	3	11	16	臺北市	大同區	大同區重慶北路3段120巷與昌吉街95巷口	25.0672221	121.5131525	0	0	1	2	8	5	5	3	2	1	5	4	5	13	4	4	5	5	5	2	17	4	5	1	3	2	8	1		1	3	4	
113	12	3	11	35	臺北市	中正區	中正區市民大道2段與金山北路口	25.0459361	121.5307441	0	0	1	2	7	5	5	4	1	1	5	4	5	13	2	1	1	4	5	2	13	1	9	1	5	1	10	1		2	2	11	
113	12	3	12	6	臺北市	大同區	大同區承德路3段208巷91號與酒泉街口	25.0712469	121.5174456	0	0	1	2	8	5	5	3	2	1	5	4	5	13	4	4	10	5	5	2	9	4	5	1	3	2	4	1		1	3	1	
113	12	3	12	8	臺北市	中正區	中正區重慶南路3段134號	25.024292	121.5167399	0	0	1	2	7	7	5	14	9	1	5	4	5	13	1	1	1	4	5	2	17	1	9	8	4	1	20	1		1	2	14	
113	12	3	12	25	臺北市	文山區	文山區木柵路3段102巷與木柵路3段66巷口	24.9868572	121.5678756	0	0	1	2	8	6	5	4	1	1	5	4	5	13	4	4	5	5	5	2	16	1	9	1	6	1	10	1		1	2	11	
113	12	3	12	27	臺北市	內湖區	內湖區康寧路3段72號附近側附近	25.0696162	121.6118979	0	0	1	2	7	6	5	14	8	1	5	4	5	13	4	4	9	4	4	2	13	1	8	1	6	2	10	1		2	2	11	
113	12	3	12	30	臺北市	文山區	文山區木新路3段與木新路3段155巷口	24.9818451	121.5611736	0	0	1	4	7	5	5	3	2	1	5	4	5	13	2	1	5	5	4	2	13	1	9	1	6	1	10	1		1	3	11	
113	12	3	13	23	臺北市	中山區	中山區復興北路與民權東路3段口	25.06250485	121.5441535	0	0	1	3	8	6	6	4	1	1	5	4	5	13	1	1	1	4	5	2	17	1	12	1	7	1	8	1		2	3	17	
113	12	3	13	40	臺北市	中正區	中正區南海路與重慶南路2段口口	25.0319266	121.5146179	0	0	1	2	8	6	5	4	1	1	5	4	5	13	1	1	1	4	5	2	13	1	9	1	3	1	4	1		1	3	6	
113	12	3	14	56	臺北市	松山區	松山區八德路4段245巷37號	25.05075341	121.5642271	0	0	2	2	8	5	5	14	9	1	5	4	5	13	4	4	9	5	5	2	3	4	9	1	6	1	10	2		1	2	11	
113	12	3	15	30	臺北市	士林區	士林區菁山路101巷85號旁下山路段	25.15649018	121.5614679	0	0	2	3	6	7	5	11	9	1	4	4	5	13	4	4	9	4	5	1	18	1	5	1	5	9	10	1		1	2	14	
113	12	3	15	39	臺北市	大安區	大安區忠孝東路4段與敦化南路1段口	25.0416189	121.548861	0	0	1	3	7	6	5	4	2	1	5	4	5	13	1	1	10	4	5	2	17	1	9	1	5	1	10	1		1	2	14	12
113	12	3	15	57	臺北市	文山區	文山區興隆路3段84號	25.00000833	121.5565366	0	0	1	2	8	6	5	14	9	1	5	4	5	13	4	4	1	4	5	2	12	1	7	1	5	1	10	1		1	2	14	
113	12	3	16	4	臺北市	內湖區	內湖區康樂街與康樂街136巷口	25.06758221	121.6129001	0	0	1	2	7	5	5	4	2	1	5	4	5	13	1	1	5	5	5	2	17	1	5	1	7	11	8	1		1	3	17	
113	12	3	16	10	臺北市	士林區	士林區文昌路95-1號	25.096431	121.5210007	0	0	1	2	8	6	5	14	9	1	5	4	5	13	4	4	1	4	4	2	17	4	13	1	3	1	4	1		1	3	4	
113	12	3	16	15	臺北市	內湖區	內湖區康寧路3段75巷與康寧路3段75巷207弄口	25.077016	121.6142344	0	0	1	2	7	6	5	3	2	1	5	4	5	13	4	4	9	4	5	2	16	1	5	1	6	2	10	1		1	2	12	