年	月	日	時	分	縣市	行政區	allLocation	GoogleLat	GoogleLng	死	2-30	受傷	當事人數	天候	道路照明設備	道路類別	道路型態	事故位置	路面狀況1	路面狀況2	路面狀況3	道路障礙1	道路障礙2	號誌1	號誌2	車道劃分-分向	車道劃分-分道1	車道劃分-分道2	車道劃分-分道3	事故類型及型態	行動電話	當事者行動狀態	駕駛資格情形	保護裝置	飲酒情形	駕駛執照種類	個人肇逃否	肇因碼-主要	性別	受傷程度	車輛撞擊部位1	車輛撞擊部位2
113	12	3	16	30	臺北市	大安區	大安區忠孝東路4段216巷與忠孝東路4段216巷11弄口	25.0408272	121.5530001	0	0	1	2	8	6	5	4	1	1	5	4	5	13	4	4	9	4	5	1	16	4	6	1	5	1	10	1		1	2	11	
113	12	3	16	40	臺北市	北投區	北投區知行路316巷與知行路316巷20弄口	25.1224502	121.468296	0	0	3	4	8	5	5	4	1	1	5	4	3	10	4	4	10	5	5	2	16	1	5	1	5	2	10	1		1	2	12	
113	12	3	16	56	臺北市	萬華區	萬華區興義街與西園路2段372巷口	25.0258257	121.4909635	0	0	2	2	7	7	6	4	3	1	5	4	5	13	4	4	10	5	5	2	16	1	5	1	5	1	10	1		1	2	11	
113	12	3	17	17	臺北市	信義區	信義區永吉路335號	25.0455408	121.5760887	0	0	2	2	7	5	5	14	9	1	5	4	5	13	4	4	9	3	4	2	17	4	15	1	3	1	10	1		1	2	14	
113	12	3	17	18	臺北市	中正區	中正區延平南路與長沙街1段口	25.0404324	121.5090936	0	0	2	2	8	5	5	4	1	1	5	4	5	13	2	1	10	2	5	2	3	5	16	8	4	10	20	1		2	2	16	
113	12	3	17	23	臺北市	中山區	中山區明水路與明水路397巷口	25.07763395	121.5475948	0	0	1	2	8	5	5	3	1	1	5	4	5	13	1	1	1	4	5	2	15	1	15	1	7	2	8	1		2	3	2	
113	12	3	17	45	臺北市	中山區	中山區長安東路1段與天津街口	25.0494557	121.5231545	0	0	1	3	7	5	5	14	9	1	5	4	5	13	1	1	5	4	5	2	12	4	3	1	3	1	8	1		1	3	3	
113	12	3	17	47	臺北市	士林區	士林區士商路與士商路40巷口	25.0901779	121.5205508	0	0	2	2	7	5	5	3	1	1	5	4	5	13	4	4	9	4	5	1	17	1	7	8	4	2	20	1		1	2	14	
113	12	3	18	12	臺北市	中山區	中山區八德路2段與渭水路口	25.0454903	121.5353084	0	0	1	3	8	5	5	3	1	1	5	4	5	13	1	1	5	4	5	2	17	1	14	1	7	1	4	1		1	3	2	
113	12	3	18	26	臺北市	大同區	大同區延平北路3段18巷與民權西路245巷口	25.0639403	121.510356	0	0	3	3	8	5	5	4	1	1	5	4	5	13	4	4	10	5	5	2	17	1	9	1	6	2	10	1		2	2	14	
113	12	3	18	30	臺北市	信義區	信義區信義路5段150巷人行道	25.0319416	121.5697156	0	0	1	2	7	5	8	22	20	4	5	4	5	13	4	4	10	5	5	2	18	4	9	8	4	1	20	1		2	2	15	
113	12	3	18	50	臺北市	中山區	中山區民權東路2段與吉林路口	25.06254947	121.5301345	0	0	1	3	7	5	5	4	2	1	5	4	5	13	2	1	1	4	5	2	13	4	9	1	6	1	10	1		2	2	11	
113	12	3	18	51	臺北市	北投區	北投區石牌路2段與石牌路2段357巷口	25.1235353	121.5253649	0	0	1	3	8	5	5	3	1	1	5	4	5	13	4	4	5	5	5	2	17	1	9	1	6	1	10	1		1	2	13	
113	12	3	18	55	臺北市	內湖區	內湖區港墘路127巷與港墘路127巷6弄口	25.07786468	121.5765565	0	0	2	2	8	5	5	4	2	1	5	4	5	13	4	4	10	5	5	2	17	1	9	1	6	1	10	1		1	2	11	
113	12	3	19	4	臺北市	士林區	士林區中山北路5段250號	25.0872481	121.5267703	0	0	1	2	7	5	5	14	9	1	5	4	5	13	4	4	1	5	5	1	9	1	9	1	7	1	2	1		1	3	17	
113	12	3	19	12	臺北市	大同區	大同區延平北路4段與迪化街2段口	25.0741792	121.511531	0	0	1	2	8	5	5	5	1	1	5	4	5	13	4	4	5	5	5	2	16	1	5	1	7	2	8	1		1	3	2	
113	12	3	19	30	臺北市	中山區	中山區北安路789號	25.0856501	121.5533884	0	0	2	4	7	5	5	14	9	1	5	4	5	13	4	4	1	5	5	2	13	1	9	1	5	1	10	1		2	2	11	
113	12	3	19	35	臺北市	南港區	南港區研究院路2段6號	25.0479698	121.6157194	0	0	2	2	8	5	5	14	9	1	5	4	5	13	4	4	1	4	5	2	16	1	8	1	6	1	10	1		1	2	12	
113	12	3	20	6	臺北市	中山區	中山區基湖路與基湖路112巷口	25.07833795	121.5638681	0	0	1	2	7	5	5	4	1	1	5	4	5	13	4	4	1	4	5	2	17	4	9	1	6	1	10	1		1	2	17	
113	12	3	20	15	臺北市	松山區	松山區延壽街422號對面	25.0563355	121.5564453	0	0	2	3	7	5	5	14	9	1	5	4	5	13	4	4	9	4	5	2	13	1	9	1	5	1	10	1		2	2	12	
113	12	3	20	34	臺北市	大安區	大安區復興南路2段與復興南路2段78巷口	25.0310934	121.5434614	0	0	1	2	8	5	5	4	2	1	5	4	5	13	2	1	1	4	5	2	17	4	5	1	3	1	8	1		1	3	2	
113	12	3	20	45	臺北市	大同區	大同區通河西街堤外便道與通河西街1段口	25.0774022	121.5186414	0	0	1	2	8	5	5	5	2	1	5	4	5	13	4	4	10	5	5	2	14	1	2	1	7	2	2	1		1	3	7	
113	12	3	20	56	臺北市	萬華區	萬華區寶興街210巷與德昌街185巷口	25.0225986	121.4944836	0	0	2	3	8	5	5	4	1	1	5	4	5	13	4	4	10	5	5	2	16	4	5	1	5	1	10	1		2	2	11	
113	12	3	21	6	臺北市	大同區	大同區承德路1段與南京西路口	25.0529966	121.5177496	0	0	1	2	8	5	5	4	1	1	5	4	5	13	1	1	1	4	5	2	17	1	9	1	6	2	10	1		1	3	11	
113	12	3	21	15	臺北市	中山區	中山區市民大道2段與長安東路1段30巷口	25.04747717	121.5266665	0	0	4	4	8	5	5	3	2	1	5	4	5	13	4	4	1	3	5	1	17	1	5	1	6	1	10	1		1	2	13	
113	12	3	21	46	臺北市	大同區	大同區民權西路與大龍街口	25.063039	121.5162136	0	0	2	2	8	5	5	4	1	1	5	4	5	13	1	1	1	4	5	2	13	1	9	1	6	2	10	1		1	2	11	
113	12	3	21	55	臺北市	信義區	(忠孝東路5段789號)	25.04404596	121.5813021	0	0	1	2	7	5	8	22	22	1	5	4	5	13	4	4	1	4	5	2	17	1	13	1	7	1	8	1		1	3	4	
113	12	3	22	21	臺北市	松山區	松山區市民大道5段與東興路口	25.0483824	121.5658069	0	0	3	3	7	5	5	4	1	1	5	4	5	13	2	1	1	3	5	2	15	1	9	1	6	1	9	1		1	2	14	
113	12	3	23	20	臺北市	內湖區	內湖區內湖路2段103巷32號	25.0826397	121.5810944	0	0	1	3	8	5	5	14	9	1	5	4	5	13	4	4	9	4	5	1	11	1	9	1	5	1	10	1		1	2	11	
113	12	4	0	21	臺北市	中山區	中山區林森北路與新生北路2段60巷口	25.0556794	121.5254938	0	0	1	2	7	5	5	3	1	1	5	4	5	13	4	4	8	5	5	2	16	1	9	1	5	1	10	1		1	3	11	
113	12	4	0	43	臺北市	萬華區	萬華區堤外便道與堤外便道口貴陽疏散門	25.0414475	121.4990352	0	0	2	2	7	5	5	4	2	1	1	4	5	13	3	1	1	5	5	2	2	5	16	8	4	10	20	1		1	2	16	
113	12	4	2	7	臺北市	大同區	大同區延平北路3段與景化街口口	25.0649511	121.5110952	0	0	1	2	8	5	5	3	1	1	5	4	5	13	4	4	5	5	5	2	16	1	11	1	6	1	10	1		1	3	14	
113	12	4	5	50	臺北市	中正區	中正區中山南路與仁愛路1段口	25.0396388	121.5179465	0	0	2	2	7	5	5	5	2	1	5	4	5	13	1	1	5	4	1	2	12	1	8	1	2	2	2	1		2	2	2	
113	12	4	7	34	臺北市	士林區	士林區德行東路與德行東路74巷口	25.1073035	121.5272708	0	0	3	3	8	5	5	4	2	1	5	4	5	13	4	4	5	4	5	2	12	1	9	1	6	9	10	1		1	2	11	
113	12	4	7	36	臺北市	文山區	文山區木柵路1段與辛亥路6段口	24.9878367	121.5523192	0	0	1	2	8	5	5	4	1	1	5	4	5	13	2	1	1	4	4	2	16	1	5	1	6	2	10	1		2	2	13	
113	12	4	8	0	臺北市	內湖區	內湖區陽光街與陽光街321巷口	25.0734852	121.5787856	0	0	1	2	7	5	5	3	2	1	5	4	5	13	4	4	5	5	5	2	13	1	9	1	7	1	8	1		1	3	1	
113	12	4	8	11	臺北市	信義區	信義區忠孝東路5段與忠孝東路5段215巷口	25.0410918	121.5700638	0	0	2	3	7	6	5	3	1	1	5	4	5	13	2	1	1	4	5	1	13	4	9	1	3	1	10	1		1	2	11	
113	12	4	8	25	臺北市	士林區	士林區通河西街2段與堤外便道口	25.0909212	121.5113674	0	0	1	3	8	6	5	3	2	1	5	4	5	13	4	4	10	5	5	1	13	1	9	1	6	1	10	1		2	2	12	
113	12	4	8	43	臺北市	大安區	大安區仁愛路3段與建國南路1段口	25.0387751	121.538152	0	0	1	2	8	6	5	14	7	1	5	4	5	13	4	4	1	4	4	1	12	4	7	1	3	9	8	2		1	4	17	
113	12	4	8	53	臺北市	中正區	中正區新生南路1段54巷與新生南路1段口	25.04127985	121.5326867	0	0	1	2	8	6	5	3	1	1	5	4	5	12	4	4	10	5	5	2	16	4	6	1	7	1	8	1		1	3	1	
113	12	4	8	56	臺北市	文山區	文山區新光路1段與新光路1段118巷口	24.9932004	121.5737086	0	0	1	3	7	6	8	22	22	1	5	4	5	10	4	4	10	5	4	2	17	4	5	1	3	2	10	1		2	2	14	
113	12	4	9	0	臺北市	中山區	中山區樂群一路與基湖路口	25.07584315	121.5648788	0	0	1	2	8	7	5	3	2	1	5	4	5	13	1	1	1	2	5	2	17	1	9	1	6	1	10	1		1	2	12	
113	12	4	9	33	臺北市	信義區	信義區基隆路1段29號	25.0483391	121.5689328	0	0	1	2	8	6	5	14	9	1	5	4	5	13	4	4	1	4	5	2	12	4	8	1	3	2	8	1		1	3	5	
113	12	4	9	35	臺北市	大安區	大安區市民大道4段與復興南路1段口	25.044793	121.5439934	0	0	1	2	8	6	5	4	1	1	5	4	5	13	2	1	1	4	5	1	16	4	5	1	6	1	10	1		1	2	11	
113	12	4	9	55	臺北市	士林區	士林區承德路4段與劍潭路口	25.0838196	121.5233867	0	0	2	2	8	6	5	14	8	1	5	4	5	13	4	4	1	4	4	2	17	1	15	1	6	2	10	1		2	2	12	
113	12	4	10	2	臺北市	大安區	大安區和平東路3段與基隆路2段口	25.0240523	121.5527181	0	0	1	2	8	6	5	4	1	1	5	4	5	13	2	1	1	4	5	1	15	4	9	1	3	1	10	1		1	2	12	
113	12	4	10	15	臺北市	士林區	士林區雨農路100巷與福林路口	25.0996068	121.5365831	0	0	1	2	8	6	5	3	1	1	5	4	5	13	4	4	5	4	5	2	17	4	6	1	3	1	8	1		1	3	8	
113	12	4	10	25	臺北市	信義區	信義區市民大道5段與東興路口	25.0482056	121.5658149	0	0	1	2	8	6	5	4	1	1	5	4	3	10	2	1	1	2	5	2	16	1	5	1	7	2	8	1		1	3	1	
113	12	4	10	41	臺北市	內湖區	內湖區民權東路6段與民權東路6段210巷口	25.0674839	121.5983109	0	0	1	2	8	6	5	4	2	1	5	4	5	13	2	1	9	4	4	2	16	1	6	1	7	1	8	1		2	3	8	
113	12	4	11	34	臺北市	中正區	市民大道停車場(公園-中山)段入口	25.04821748	121.5192551	0	0	1	2	8	6	5	14	9	1	5	4	5	13	4	4	1	4	5	2	12	1	7	1	7	2	8	1		1	3	4	
113	12	4	11	56	臺北市	信義區	信義區永吉路30巷與忠孝東路5段71巷11弄口	25.0418987	121.5686849	0	0	1	2	8	7	5	4	1	1	5	4	5	13	4	4	9	5	5	2	3	4	9	1	3	2	4	1		1	3	5	
113	12	4	12	5	臺北市	內湖區	內湖區瑞光路290號	25.0761245	121.5750881	0	0	1	2	8	5	5	14	9	1	5	4	5	13	4	4	5	4	5	2	17	1	13	1	5	1	10	1		1	2	17	
113	12	4	12	39	臺北市	內湖區	內湖區南京東路6段往西上麥帥一橋匝道	25.0536552	121.576301	0	0	1	3	8	6	5	8	16	1	5	4	5	13	4	4	9	4	5	2	13	1	9	1	7	2	4	1		1	3	1	
113	12	4	12	42	臺北市	大安區	大安區羅斯福路3段與辛亥路1段口	25.019902	121.5291566	0	0	1	2	7	7	5	4	1	1	5	4	5	13	1	1	1	4	5	2	17	1	7	1	6	1	10	1		1	2	14	
113	12	4	12	50	臺北市	南港區	南港區中坡北路與中坡北路60巷口	25.046828	121.58076	0	0	1	2	8	6	5	3	2	1	5	4	5	13	4	4	1	3	5	2	15	4	6	1	3	1	8	1		1	3	2	
113	12	4	13	15	臺北市	內湖區	內湖區內湖路1段360巷與洲子街口	25.07920837	121.5695343	0	0	2	3	7	6	5	4	1	1	5	4	5	13	2	1	5	5	5	2	12	1	5	1	5	1	10	1		2	2	13	
113	12	4	13	17	臺北市	士林區	士林區文林路與大東路口	25.0937518	121.5249908	0	0	1	2	8	5	5	3	1	1	5	4	5	13	4	4	5	5	5	2	12	1	9	1	7	2	4	1		1	3	2	
113	12	4	13	20	臺北市	松山區	松山區民權東路4段與光復北路口	25.06200985	121.5550147	0	0	1	2	7	6	5	14	8	1	5	4	5	13	4	4	3	4	4	2	17	1	9	1	5	1	10	1		1	3	13	
113	12	4	13	39	臺北市	文山區	文山區木柵路1段與辛亥路6段口	24.9880117	121.5523806	0	0	1	2	8	6	5	14	9	2	5	4	5	13	2	1	1	4	4	2	18	4	9	1	5	11	10	1		1	2	12	
113	12	4	14	4	臺北市	大安區	大安區忠孝東路4段與忠孝東路4段248巷口	25.0412931	121.5540205	0	0	2	3	7	7	5	3	2	1	5	4	5	13	4	4	1	4	5	2	17	1	14	1	7	1	3	1		1	3	6	
113	12	4	14	16	臺北市	中正區	中正區中華路2段311巷與惠安街口	25.0291817	121.5069707	0	0	1	3	7	7	5	3	1	1	5	4	3	10	4	4	10	5	5	2	17	1	6	1	5	1	10	1		1	2	12	
113	12	4	14	20	臺北市	中正區	中正區忠孝東路1段與紹興北街口	25.0445319	121.5248421	0	0	1	2	8	7	5	14	7	1	5	4	5	13	1	1	3	3	5	2	13	1	8	1	5	2	10	2		1	2	11	
113	12	4	15	21	臺北市	南港區	南港區市民大道8段與中南街口	25.0544345	121.6152612	0	0	2	2	7	6	5	4	1	1	5	4	5	12	2	1	1	4	5	2	16	1	5	1	5	1	10	1		1	2	12	
113	12	4	15	31	臺北市	文山區	文山區木柵路1段54號前	24.9869287	121.5469697	0	0	1	2	8	6	5	14	9	1	5	4	5	12	4	4	5	4	5	2	17	1	9	1	5	1	10	1		2	3	11	
113	12	4	15	47	臺北市	中正區	中正區南昌路2段與南昌路2段202巷口	25.02365016	121.5248984	0	0	1	2	7	6	5	3	2	1	5	4	5	13	1	1	5	4	5	2	12	1	4	1	7	2	8	1		2	3	2	
113	12	4	16	25	臺北市	松山區	松山區光復北路11巷與八德路4段17巷口	25.0493279	121.5584367	0	0	1	2	8	5	5	4	1	1	5	4	5	13	4	4	4	3	5	2	15	1	1	1	5	2	10	1		1	2	11	
113	12	4	16	29	臺北市	南港區	南港區重陽路520號	25.0611512	121.6123203	0	0	1	2	8	5	5	14	7	1	5	4	5	13	4	4	8	3	4	2	12	4	11	1	3	1	8	1		1	3	3	
113	12	4	16	38	臺北市	中山區	中山區松江路46號	25.0481152	121.5328727	0	0	1	2	7	6	5	14	9	1	5	4	5	13	4	4	10	3	5	1	17	1	9	1	5	1	10	1		1	2	11	
113	12	4	17	8	臺北市	中正區	中正區羅斯福路3段與羅斯福路3段210巷口口	25.0192891	121.5294761	0	0	1	2	7	6	5	3	1	1	5	4	5	13	4	4	1	4	5	2	13	4	6	1	3	1	8	1		1	3	6	
113	12	4	17	23	臺北市	中正區	中正區重慶南路2段與重慶南路2段6巷口	25.0344277	121.5129439	0	0	2	2	7	5	5	3	1	1	5	4	5	13	3	1	1	4	5	1	15	1	9	8	2	1	20	1		1	2	13	
113	12	4	17	36	臺北市	中正區	中正區林森南路與青島東路口	25.04363121	121.5229576	0	0	1	2	8	5	5	4	1	1	5	4	5	13	2	1	5	4	5	2	12	1	8	1	5	2	10	1		1	3	12	
113	12	4	17	38	臺北市	萬華區	萬華區萬大路(往北，靠近富民路)	25.0189929	121.4971954	0	0	1	2	8	5	5	14	9	1	5	4	5	13	4	4	7	4	5	2	12	1	7	1	7	2	8	1		2	3	8	
113	12	4	17	58	臺北市	中山區	中山區市民大道2段47號	25.0469715	121.528029	0	0	1	2	7	5	5	14	9	1	5	4	5	13	1	1	10	5	5	2	13	1	9	1	5	1	10	1		1	2	11	
113	12	4	18	6	臺北市	松山區	松山區松河街與八德路4段763巷口	25.0516423	121.577737	0	0	2	2	8	5	5	3	1	1	5	4	5	13	2	1	8	3	5	2	16	4	5	1	5	1	10	1		1	2	13	
113	12	4	18	8	臺北市	大安區	大安區復興南路2段與瑞安街23巷口	25.0310586	121.5436506	0	0	1	2	7	5	5	4	1	1	5	4	5	13	2	1	1	3	5	1	17	4	5	1	3	1	8	1		2	3	5	
113	12	4	19	19	臺北市	中正區	中正區博愛路172號	25.03766917	121.5110323	0	0	1	2	8	5	5	14	9	1	5	4	5	13	4	4	5	5	4	1	17	1	9	1	7	1	8	1		1	3	1	
113	12	4	20	2	臺北市	北投區	、永興路一段50號、中和街252號、永興路二段1號	25.1395359	121.500543	0	0	1	20	8	5	5	14	9	1	5	4	5	13	4	4	9	4	5	1	10	1	9	6	7	2	8	1		1	2	1	
113	12	4	20	21	臺北市	大安區	大安區羅斯福路4段與基隆路4段口	25.0111936	121.5374267	0	0	1	2	7	5	5	4	1	1	5	4	5	13	1	1	1	3	5	2	17	1	7	1	5	1	10	1		2	2	14	
113	12	4	20	24	臺北市	大同區	大同區延平北路3段4號	25.063509	121.5111569	0	0	2	2	7	5	5	14	9	1	5	4	5	13	4	4	5	4	5	2	16	1	11	1	5	1	10	1		1	2	14	
113	12	4	21	4	臺北市	大安區	大安區通化街57巷3號(西往東)	25.0305516	121.5543831	0	0	1	2	8	5	6	14	9	1	5	4	5	13	4	4	10	5	5	2	17	4	15	1	3	9	10	2		1	3	17	
113	12	4	21	28	臺北市	文山區	文山區景華街與景華街52巷口口	24.99538627	121.5432842	0	0	2	2	8	6	5	3	1	1	5	4	5	13	4	4	9	5	5	2	16	1	5	1	5	1	9	1		1	2	11	
113	12	4	21	53	臺北市	信義區	信義區基隆路1段35巷7弄與松隆路123巷口口	25.0479798	121.5716329	0	0	2	2	7	5	8	4	1	1	5	4	5	13	4	4	5	4	5	2	15	1	9	1	6	1	10	1		1	2	11	
113	12	4	22	5	臺北市	中山區	中山區龍江路與合江街105巷口	25.059841	121.5407211	0	0	1	4	7	5	5	4	2	1	5	4	5	13	4	4	9	5	5	2	17	4	5	1	3	1	10	1		1	3	11	
113	12	5	1	58	臺北市	中正區	中正區市民大道2段與林森北路口	25.0476872	121.5241641	0	0	2	2	8	5	5	4	1	1	5	4	5	13	1	1	1	4	5	2	12	1	15	2	6	2	18	1		1	2	12	
113	12	5	4	33	臺北市	中山區	中山區林森北路與林森北路399巷口	25.0591041	121.5255738	0	0	1	2	8	5	5	4	1	1	5	4	5	13	2	1	5	5	5	2	16	4	5	1	7	2	8	1		1	3	1	
113	12	5	7	35	臺北市	士林區	士林區克強路與磺溪便道口	25.1092195	121.5224982	0	0	2	2	8	5	5	4	1	1	5	4	5	13	4	4	5	5	5	2	15	1	9	1	6	1	10	1		2	2	11	
113	12	5	7	36	臺北市	內湖區	內湖區成功路4段與成功路4段61巷口口	25.07087653	121.5941112	0	0	1	2	7	6	5	3	18	1	5	4	5	13	2	1	1	5	5	2	3	1	5	1	7	2	8	1		1	3	1	
113	12	5	7	36	臺北市	萬華區	萬華區東園街154巷9弄與東園街154巷9弄口	25.02305123	121.4970852	0	0	1	2	8	5	5	3	1	1	5	4	5	13	4	4	10	5	5	2	17	1	9	3	5	9	18	2		2	4	11	
113	12	5	8	18	臺北市	中山區	中山區濱江街269號	25.0724943	121.5427562	0	0	1	2	7	6	5	14	9	1	5	4	5	13	4	4	10	3	5	1	17	1	6	1	7	1	8	1		1	3	5	
113	12	5	8	26	臺北市	信義區	信義區信安街15巷與吳興街156巷65弄口	25.0278249	121.559114	0	0	2	2	7	6	5	4	1	1	5	4	5	13	4	4	9	4	5	1	15	4	9	1	3	1	10	1		1	2	11	
113	12	5	8	27	臺北市	松山區	松山區光復北路11巷97號	25.0503267	121.5622147	0	0	1	3	7	6	5	14	9	1	5	4	5	13	4	4	9	5	5	2	17	1	9	1	6	1	10	1		1	2	15	
113	12	5	8	52	臺北市	中正區	中正區青島東路1號	25.0443123	121.520102	0	0	1	3	8	7	5	14	7	1	5	4	5	13	4	4	4	3	4	2	13	1	9	1	5	2	10	1		2	3	11	
113	12	5	8	56	臺北市	內湖區	內湖區行善路468號	25.0645862	121.5854271	0	0	1	4	8	6	5	14	8	1	5	4	5	13	4	4	1	4	4	2	18	1	9	1	5	1	10	1		2	2	14	
113	12	5	9	0	臺北市	文山區	文山區興隆路2段244巷與興隆路2段口	25.0011381	121.5538015	0	0	1	2	8	6	5	3	1	1	5	4	5	13	4	4	5	5	5	2	16	1	5	1	5	1	10	1		2	2	12	
113	12	5	9	2	臺北市	中正區	中正區中華路1段與愛國西路口	25.0375125	121.5071057	0	0	1	2	8	7	5	5	1	1	5	4	5	13	1	1	10	5	5	2	17	1	6	1	7	2	8	1		1	3	4	
113	12	5	9	2	臺北市	大安區	大安區復興南路2段與復興南路2段12巷口	25.0328023	121.5434731	0	0	2	3	8	7	5	14	9	1	5	4	5	13	4	4	3	4	5	2	17	4	6	1	3	9	10	2		2	4	13	
113	12	5	9	15	臺北市	南港區	南港區東新街108巷與東新街80巷口	25.0450283	121.5875187	0	0	1	2	8	7	5	3	1	1	5	4	5	13	2	1	5	4	5	2	16	1	5	1	7	1	8	1		2	3	8	
113	12	5	9	20	臺北市	大同區	大同區延平北路2段與民權西路口	25.0628288	121.5112673	0	0	2	2	8	6	5	4	1	1	5	4	5	13	1	1	5	2	5	2	17	1	9	1	5	2	10	1		1	2	14	
113	12	5	9	28	臺北市	中正區	中正區林森北路與北平東路口	25.0463495	121.523806	0	0	1	2	8	7	5	4	1	1	5	4	5	13	1	1	4	3	4	2	17	1	5	1	7	1	8	1		2	3	2	
113	12	5	9	35	臺北市	信義區	信義區光復南路419巷與光復南路421巷6弄口	25.0365005	121.558411	0	0	1	2	8	7	5	4	1	1	5	4	5	13	4	4	10	5	5	2	15	4	9	1	7	2	8	1		1	3	8	
113	12	5	9	35	臺北市	信義區	信義區基隆路1段37巷與基隆路1段87巷口	25.0462729	121.5688624	0	0	1	2	8	6	5	4	1	1	5	4	5	13	4	4	10	5	5	2	15	1	9	1	7	2	8	1		1	3	8	
113	12	5	9	35	臺北市	內湖區	內湖區瑞光路與瑞光路112巷口口	25.07197642	121.5805671	0	0	2	2	7	6	5	3	1	1	5	4	5	13	2	1	5	4	4	2	16	1	5	1	5	1	10	1		2	2	12	
113	12	5	10	5	臺北市	中山區	中山區南京東路2段與松江路口	25.05231027	121.5333115	0	0	2	2	8	7	5	4	1	1	5	4	5	13	1	1	1	4	5	2	13	1	9	1	5	1	10	1		1	2	11	
113	12	5	10	30	臺北市	中山區	中山區新生北路1段與長安東路2段口	25.0482625	121.5297894	0	0	3	5	8	7	5	4	1	1	5	4	5	13	1	1	1	4	5	2	15	1	9	1	7	1	4	1		1	3	4	
113	12	5	11	17	臺北市	大安區	大安區基隆路3段台科大前	25.01446756	121.5411369	0	0	1	3	7	5	5	14	8	1	5	4	5	13	4	4	1	3	1	1	17	1	7	1	5	1	8	1		2	2	14	
113	12	5	11	20	臺北市	信義區	信義區松山路340號	25.04180905	121.5777968	0	0	1	2	7	7	5	14	9	1	5	4	5	13	4	4	1	4	5	2	13	1	9	1	7	1	8	1		1	3	3	
113	12	5	11	40	臺北市	內湖區	內湖區成功路4段61巷與成功路4段口	25.07102761	121.5944997	0	0	2	2	7	6	5	3	2	1	5	4	5	13	2	1	5	5	5	2	10	1	4	1	6	1	10	1		2	2	11	
113	12	5	11	42	臺北市	中正區	中正區中華路1段與忠孝西路1段口	25.0479211	121.5100964	0	0	1	2	8	6	5	4	1	1	5	4	5	13	1	1	1	4	5	1	12	1	9	1	7	2	8	1		1	3	4	
113	12	5	12	23	臺北市	中正區	中正區汀州路1段217號	25.02675813	121.5118252	0	0	2	2	8	6	5	14	9	1	5	4	5	13	4	4	9	4	5	2	16	1	11	1	5	1	10	1		1	2	14	
113	12	5	12	36	臺北市	松山區	松山區南京東路5段與寶清街口	25.05144339	121.5683463	0	0	1	2	8	6	5	4	1	1	5	4	5	13	2	1	1	4	5	2	13	1	15	6	6	1	10	1		1	3	13	
113	12	5	13	7	臺北市	大安區	大安區基隆路3段往北p401號橋柱前	25.01839099	121.5458768	0	0	2	3	8	7	5	14	9	1	5	4	5	13	4	4	1	4	5	2	17	1	8	3	6	1	18	1		2	2	12	
113	12	5	13	23	臺北市	中山區	中山區基湖路與基湖路151巷口	25.07799441	121.5635931	0	0	1	2	8	7	5	4	1	1	5	4	5	13	1	1	1	4	5	2	13	1	5	1	5	1	10	1		2	2	13	
113	12	5	13	35	臺北市	文山區	文山區興隆路4段與興隆路4段1巷口	24.9910254	121.5590161	0	0	3	3	7	6	5	3	2	1	5	4	5	13	1	1	1	4	5	2	17	4	9	1	3	1	10	1		2	2	11	
113	12	5	13	39	臺北市	松山區	松山區南京東路5段234-1號	25.0513065	121.5658407	0	0	2	2	7	6	5	14	9	1	5	4	5	13	4	4	1	4	5	2	13	1	6	1	5	2	10	1		2	2	13	
113	12	5	13	43	臺北市	士林區	士林區承德路5段與士商路口	25.0964145	121.5139897	0	0	1	2	8	6	5	4	2	1	5	4	5	13	2	1	1	4	4	1	17	1	6	1	7	2	8	1		2	3	1	
113	12	5	14	7	臺北市	內湖區	內湖區金龍路97號	25.0854212	121.5913387	0	0	1	2	7	7	5	14	8	1	5	4	5	13	1	1	4	3	4	1	13	1	8	1	6	1	10	1		2	2	11	
113	12	5	14	20	臺北市	南港區	南港區忠孝東路6段132號	25.0480699	121.5854101	0	0	1	2	8	7	5	14	9	1	5	4	5	13	4	4	1	4	5	2	17	1	9	1	5	1	10	1		1	2	12	
113	12	5	14	38	臺北市	大同區	大同區延平北路2段117號	25.0571418	121.5116435	0	0	1	2	7	6	5	22	25	4	5	5	1	13	4	4	10	5	5	2	1	4	9	8	3	1	20	1		1	3	15	
113	12	5	14	47	臺北市	大同區	大同區西寧北路82之5號	25.0547823	121.5088346	0	0	1	2	8	6	5	14	9	1	5	4	5	13	4	4	5	4	5	2	13	1	9	1	6	2	10	1		2	2	11	
113	12	5	15	2	臺北市	松山區	松山區南京東路5段與三民路口	25.0514252	121.5640779	0	0	1	2	8	5	5	4	1	1	5	4	5	13	2	1	3	4	5	2	17	4	15	1	3	2	8	1		1	3	4	
113	12	5	15	7	臺北市	信義區	信義區信義路5段1號	25.0331176	121.5603886	0	0	1	3	8	6	5	14	9	1	5	4	5	13	4	4	9	3	5	2	13	4	8	1	3	1	10	1		1	3	13	14
113	12	5	15	33	臺北市	中正區	中正區汀州路1段與汀州路1段252巷口口對面	25.02719691	121.5106232	0	0	2	2	8	6	5	4	1	1	5	4	5	13	4	4	5	5	5	1	3	1	9	3	6	2	18	1		1	2	11	
113	12	5	15	53	臺北市	中山區	中山區中山北路2段與長春路口	25.0548908	121.5226647	0	0	1	2	8	7	5	4	1	1	5	4	5	13	1	1	1	4	5	2	3	1	5	1	7	1	8	1		1	3	15	