年	月	日	時	分	縣市	行政區	allLocation	GoogleLat	GoogleLng	死	2-30	受傷	當事人數	天候	道路照明設備	道路類別	道路型態	事故位置	路面狀況1	路面狀況2	路面狀況3	道路障礙1	道路障礙2	號誌1	號誌2	車道劃分-分向	車道劃分-分道1	車道劃分-分道2	車道劃分-分道3	事故類型及型態	行動電話	當事者行動狀態	駕駛資格情形	保護裝置	飲酒情形	駕駛執照種類	個人肇逃否	肇因碼-主要	性別	受傷程度	車輛撞擊部位1	車輛撞擊部位2
113	12	5	15	55	臺北市	中山區	中山區松江路與市民大道3段口	25.04553105	121.533036	0	0	1	2	7	6	5	5	2	1	5	4	5	13	2	1	8	3	5	1	17	1	6	1	7	1	8	1		1	3	5	
113	12	5	15	59	臺北市	大安區	大安區永康街17巷與信義路2段198巷口	25.0323763	121.5307089	0	0	1	2	8	6	5	4	1	1	5	4	5	13	4	4	10	5	5	2	15	1	9	1	6	1	10	1		2	2	13	
113	12	5	16	5	臺北市	中山區	中山區農安街231號	25.06474171	121.534118	0	0	1	2	8	6	5	14	9	1	5	4	5	13	4	4	4	5	5	1	12	4	1	1	3	1	8	1		1	3	8	
113	12	5	16	40	臺北市	中正區	中正區館前路8號	25.0457002	121.51497	0	0	1	2	8	6	5	14	9	1	5	4	5	13	4	4	10	4	5	1	12	1	7	1	5	2	10	1		1	2	14	
113	12	5	16	55	臺北市	內湖區	內湖區成功路2段與南京東路6段口	25.0611234	121.5910835	0	0	2	3	7	5	6	3	2	1	5	4	5	13	4	4	1	5	5	2	17	1	15	1	7	2	8	1		1	3	8	
113	12	5	17	8	臺北市	南港區	南港區研究院路2段130號	25.0397383	121.6174722	0	0	1	2	8	5	5	14	9	1	5	4	5	13	4	4	5	4	5	2	16	1	5	1	7	2	8	1		2	3	8	
113	12	5	17	11	臺北市	大同區	大同區哈密街與哈密街83巷口	25.07296196	121.5148951	0	0	2	2	8	5	5	5	1	4	5	4	5	13	4	4	10	5	5	2	15	1	9	1	6	1	10	1		1	2	12	
113	12	5	17	13	臺北市	士林區	士林區仰德大道1段101號附近	25.1028286	121.5391212	0	0	1	2	8	5	5	12	9	1	5	4	5	13	4	4	9	1	5	1	12	1	9	1	5	1	10	2		4	2	12	
113	12	5	17	21	臺北市	文山區	文山區景文街129號	24.9902431	121.5410963	0	0	1	2	8	5	5	14	8	1	5	4	5	13	4	4	5	5	4	2	17	1	12	1	6	1	10	1		2	2	14	
113	12	5	17	31	臺北市	信義區	信義區信義路5段與基隆路1段口	25.0330639	121.5597829	0	0	1	2	8	5	5	4	2	1	5	4	5	13	2	1	9	5	5	2	13	4	5	1	3	1	8	1		1	3	5	11
113	12	5	19	13	臺北市	中正區	中正區中華路1段25號	25.0458956	121.5095641	0	0	2	2	8	5	5	14	9	1	5	4	5	13	4	4	1	4	5	2	13	1	9	1	6	2	10	1		2	2	11	
113	12	5	19	18	臺北市	內湖區	內湖區瑞光路76巷與民權東路6段11巷口	25.0675579	121.5781447	0	0	2	2	8	5	5	3	1	1	5	4	5	13	4	4	5	5	5	2	17	1	5	1	5	1	10	1		1	2	12	
113	12	5	19	26	臺北市	中正區	中正區汀州路3段62號	25.0154617	121.5316703	0	0	1	3	8	5	5	14	9	1	5	4	5	13	4	4	5	4	5	2	12	4	9	1	7	1	8	1		1	3	5	
113	12	5	20	43	臺北市	內湖區	內湖區金湖路與金湖路367巷口	25.07351363	121.6029058	0	0	2	2	8	5	5	3	1	1	5	4	5	13	2	1	9	4	5	2	12	1	9	1	6	1	10	1		1	2	12	
113	12	5	20	45	臺北市	信義區	信義區基隆路2段22號	25.0319136	121.5588253	0	0	1	2	7	5	5	14	9	1	5	4	5	13	2	1	1	4	5	2	12	1	7	3	6	2	18	1		2	2	14	
113	12	5	21	23	臺北市	中山區	中山區建國北路1段與長安東路2段口	25.048275	121.5369431	0	0	2	2	7	5	5	4	1	1	5	4	5	13	2	1	1	4	5	2	13	1	6	1	6	9	10	1		1	2	13	
113	12	5	21	25	臺北市	中正區	中正區仁愛路1段與林森南路口	25.03863765	121.5216541	0	0	2	2	7	5	5	4	2	1	5	4	5	13	1	1	1	4	1	2	16	1	9	1	5	2	10	1		1	2	12	
113	12	5	22	8	臺北市	士林區	士林區德行東路109巷57號	25.1097772	121.5285581	0	0	1	2	7	6	5	14	9	1	5	4	5	13	4	4	9	5	5	1	13	1	9	1	6	1	10	1		2	2	11	
113	12	5	22	16	臺北市	中正區	中正區重慶南路1段與貴陽街1段口	25.0387433	121.5128992	0	0	3	3	8	6	5	4	1	1	5	4	5	13	1	1	10	5	5	2	16	1	5	1	2	2	8	1		1	2	2	
113	12	5	22	30	臺北市	南港區	南港區南港路3段與八德路4段口	25.0515534	121.5838969	0	0	1	2	8	5	5	5	1	1	5	4	5	13	2	1	5	4	5	2	16	4	9	1	3	1	10	1		1	3	15	
113	12	5	22	50	臺北市	萬華區	萬華區艋舺大道與艋舺大道口華翠橋下迴轉道	25.0286831	121.4911537	0	0	1	2	7	5	5	4	1	1	5	4	5	13	4	4	10	4	5	2	16	1	5	1	7	1	8	1		1	3	2	
113	12	5	23	45	臺北市	北投區	北投區石牌路2段與天母北路口	25.1237503	121.5258744	0	0	2	4	7	5	5	5	2	1	5	4	5	13	2	1	5	5	5	2	17	1	1	2	6	9	18	2		1	3	13	
113	12	6	0	10	臺北市	士林區	士林區福林路100巷11弄與福林路100巷77弄口	25.096043	121.5327213	0	0	3	3	7	5	5	3	2	1	5	4	5	13	4	4	10	5	5	1	16	4	5	8	3	2	20	1		1	2	14	
113	12	6	0	11	臺北市	萬華區	萬華區環河南路1段61號2段	25.0454608	121.5022808	0	0	2	2	7	5	5	14	9	1	5	4	5	13	4	4	8	4	5	2	16	1	7	3	5	1	18	2		1	2	13	
113	12	6	7	8	臺北市	士林區	士林區故宮路與故宮路34巷口	25.0968593	121.5470502	0	0	2	4	8	5	5	4	4	1	5	4	5	13	1	1	1	4	5	2	12	1	8	1	6	1	10	1		1	2	14	
113	12	6	7	10	臺北市	中山區	中山區中山北路3段與民族東路口	25.0684315	121.5229928	0	0	1	2	8	7	5	4	1	1	5	4	5	13	1	1	1	4	5	2	17	1	5	1	7	1	1	1		1	3	6	
113	12	6	7	11	臺北市	文山區	文山區羅斯福路6段與景仁街口	24.997106	121.5408048	0	0	1	2	8	6	5	4	1	1	5	4	5	13	2	1	1	4	5	2	16	1	5	1	2	2	6	1		1	3	2	
113	12	6	7	20	臺北市	大安區	大安區忠孝東路4段與敦化南路1段口	25.0416513	121.5488933	0	0	1	2	8	7	5	4	1	1	5	4	5	13	2	1	1	4	5	2	17	4	6	1	3	1	8	1		1	3	6	
113	12	6	7	40	臺北市	大安區	大安區敦化南路2段81巷與無名巷口	25.0299554	121.5503266	0	0	1	2	8	6	5	3	2	1	5	4	5	13	4	4	9	5	5	1	16	4	5	8	4	1	20	1		2	2	14	
113	12	6	7	53	臺北市	士林區	士林區承德路5段與士商路口	25.0960592	121.5139267	0	0	1	2	8	6	5	4	2	1	5	4	5	13	2	1	1	4	5	1	12	1	9	1	6	1	10	2		4	2	14	
113	12	6	8	8	臺北市	士林區	士林區忠誠路1段82號前	25.10479915	121.5277026	0	0	1	2	8	6	5	14	8	1	5	4	5	13	4	4	1	4	4	1	2	1	11	1	7	1	8	1		1	3	2	
113	12	6	8	15	臺北市	中正區	中正區重慶南路2段29號	25.0323673	121.5142388	0	0	2	2	7	7	5	14	9	1	5	4	5	13	4	4	1	4	5	2	12	1	9	3	5	2	18	1		1	2	12	
113	12	6	8	16	臺北市	中正區	中正區汀州路1段372號	25.0263589	121.513281	0	0	1	2	8	6	5	14	9	1	5	4	5	13	4	4	9	4	5	2	17	1	10	8	2	2	20	1		2	3	13	
113	12	6	8	21	臺北市	南港區	南港區東新街75號	25.0465779	121.588118	0	0	2	2	8	6	5	4	1	1	5	4	5	13	2	1	5	5	5	2	12	1	9	1	5	1	10	1		1	2	12	
113	12	6	8	22	臺北市	南港區	南港區興中路29號	25.0559915	121.607197	0	0	2	2	8	7	5	3	1	1	5	4	5	13	4	4	5	4	5	2	13	1	9	1	5	1	10	1		1	2	12	
113	12	6	8	26	臺北市	士林區	士林區中山北路6段191號	25.1077581	121.5250236	0	0	1	3	8	5	5	14	9	1	5	4	5	13	4	4	1	4	5	2	12	1	8	1	6	1	10	1		1	2	11	
113	12	6	8	39	臺北市	中山區	中山區撫順街41巷	25.0633611	121.5193209	0	0	1	2	8	7	8	14	9	1	5	4	5	13	4	4	5	5	5	2	17	1	9	3	5	1	18	1		1	3	15	
113	12	6	8	41	臺北市	信義區	信義區松山路與松德路口	25.0394477	121.577753	0	0	1	2	8	6	5	4	2	1	5	4	5	13	2	1	1	4	4	2	13	1	9	1	6	1	10	1		2	2	11	
113	12	6	8	42	臺北市	中正區	中正區三元街與南海路附近口	25.0294528	121.5089275	0	0	2	2	8	6	5	4	1	1	5	4	5	13	1	1	1	4	4	1	12	1	9	1	6	2	10	1		2	2	14	
113	12	6	8	48	臺北市	內湖區	內湖區東湖路與東湖路33巷口口	25.0688466	121.6135056	0	0	1	2	8	5	5	3	1	1	5	4	5	13	4	4	5	4	5	2	16	1	6	1	7	2	8	1		2	3	7	
113	12	6	8	53	臺北市	大安區	大安區復興南路1段與復興南路1段219巷口	25.0390246	121.5438367	0	0	1	3	8	7	5	3	1	1	5	4	5	12	4	4	8	3	5	1	12	1	15	1	7	1	8	1		2	3	2	
113	12	6	9	0	臺北市	內湖區	內湖區民權東路6段174巷與民權東路6段180巷4弄口	25.0684772	121.5918919	0	0	1	2	8	6	5	4	1	1	5	4	5	13	4	4	5	5	5	2	16	1	1	1	5	1	10	1		1	3	12	
113	12	6	9	1	臺北市	中山區	中山區一江街與松江路108巷口	25.05143936	121.5314908	0	0	1	2	8	6	5	14	9	1	5	4	5	13	4	4	4	5	5	1	3	5	16	8	4	10	20	1		2	3	16	
113	12	6	9	9	臺北市	信義區	信義區松仁路與松勤街口	25.03172264	121.5682078	0	0	1	2	8	5	5	4	1	1	5	4	5	13	1	1	9	4	5	2	16	4	9	1	7	1	4	1		1	3	5	
113	12	6	9	12	臺北市	北投區	北投區洲美街1205737號燈桿	25.10540726	121.4991863	0	0	2	2	8	7	5	14	9	1	5	4	1	12	4	4	9	5	5	2	12	1	8	1	5	1	10	1		1	2	11	
113	12	6	9	30	臺北市	南港區	南港區東新街與忠孝東路6段口	25.0481513	121.5848908	0	0	1	2	7	6	5	4	1	1	5	4	5	13	2	1	3	2	5	2	16	1	9	1	5	1	10	1		2	2	14	
113	12	6	10	16	臺北市	萬華區	萬華區萬大路(華中橋下)	25.01715641	121.4960626	0	0	2	3	8	5	5	14	9	1	5	4	5	13	4	4	10	5	5	2	17	4	9	1	5	1	10	1		1	2	14	
113	12	6	10	50	臺北市	萬華區	萬華區中華路2段307巷與中華路2段口	25.028601	121.5053289	0	0	1	2	8	6	5	3	1	1	5	4	5	13	1	1	9	4	4	1	17	1	11	1	7	1	8	1		2	3	8	
113	12	6	11	21	臺北市	松山區	松山區市民大道4段與市民大道4段37巷口	25.04510393	121.5449789	0	0	1	2	8	5	5	4	1	1	5	4	5	13	4	4	7	4	5	2	17	4	9	1	3	2	8	1		1	3	5	
113	12	6	11	25	臺北市	士林區	士林區社中街與社正路口	25.08898	121.5106163	0	0	1	2	8	6	5	4	1	1	5	4	5	13	1	1	5	5	5	2	15	4	9	1	3	2	8	1		2	3	4	
113	12	6	11	42	臺北市	文山區	文山區興隆路2段129號	24.99934387	121.5576324	0	0	1	3	8	6	5	14	9	1	5	4	5	13	4	4	1	4	1	2	17	1	1	1	7	1	8	1		2	3	8	
113	12	6	12	2	臺北市	信義區	信義區基隆路1段與松壽路口	25.0358982	121.5614656	0	0	1	2	8	7	5	4	1	1	5	4	5	13	1	1	9	4	5	2	17	1	6	1	7	1	8	1		1	3	2	
113	12	6	12	20	臺北市	內湖區	內湖區文德路66巷11弄與文德路66巷口	25.0779592	121.5814081	0	0	1	2	7	6	6	4	1	1	5	4	5	13	4	4	10	5	5	2	15	1	9	1	6	2	10	1		1	2	12	
113	12	6	12	28	臺北市	大安區	大安區羅斯福路4段與基隆路4段口	25.0114586	121.5370516	0	0	1	2	8	6	5	4	1	1	5	4	5	13	2	1	1	4	5	2	15	1	9	1	5	1	10	1		2	2	14	
113	12	6	13	0	臺北市	大安區	大安區復興南路2段340巷與復興南路2段口	25.0226682	121.5433198	0	0	1	2	8	7	5	3	2	1	5	4	5	13	3	1	8	3	5	1	17	1	6	1	5	1	10	1		2	2	14	
113	12	6	13	4	臺北市	信義區	信義區基隆路1段與松隆路口	25.0431198	121.5657904	0	0	1	3	7	6	5	14	9	1	5	4	5	13	1	1	3	4	5	2	13	1	9	1	6	1	10	1		1	2	11	
113	12	6	13	5	臺北市	士林區	士林區堤外便道與社正路口越堤道	25.0905943	121.511538	0	0	1	2	8	6	5	3	1	1	5	4	5	13	4	4	5	5	5	2	17	4	9	1	3	2	8	1		1	3	5	
113	12	6	13	13	臺北市	大安區	大安區忠孝東路4段223巷5號	25.0417543	121.5529272	0	0	1	3	7	5	5	14	9	1	5	4	5	13	4	4	4	1	5	2	17	1	14	1	7	1	4	1		1	3	2	
113	12	6	13	16	臺北市	大安區	大安區基隆路2段與樂業街口	25.0223891	121.5503366	0	0	1	2	8	7	5	4	1	1	5	4	5	13	1	1	3	4	5	2	15	1	9	1	7	1	8	1		2	3	1	
113	12	6	13	39	臺北市	文山區	文山區指南路2段與新光路1段口	24.988079	121.5737975	0	0	1	2	7	5	5	3	1	1	5	4	5	13	2	1	9	5	5	2	9	1	9	1	7	11	2	1		2	3	17	
113	12	6	13	50	臺北市	大安區	大安區敦化南路1段370號前	25.033791	121.5485608	0	0	3	4	8	7	5	14	9	1	5	4	5	13	4	4	8	3	5	1	13	1	9	1	5	1	10	1		1	2	11	
113	12	6	14	9	臺北市	中正區	中正區紹興南街18-9號	25.03982511	121.5237841	0	0	1	2	8	5	5	14	9	1	5	4	5	13	4	4	9	4	5	2	7	5	17	8	4	10	20	1		1	2	16	
113	12	6	14	19	臺北市	中正區	中正區重慶南路2段7巷與南昌路1段口口	25.0338775	121.5150837	1	0	0	2	8	6	5	4	1	1	5	4	5	13	4	4	5	5	5	1	15	1	9	1	6	9	10	1		1	1	11	
113	12	6	14	20	臺北市	松山區	松山區民權東路3段191巷與民權東路3段191巷19弄口	25.0628453	121.5478518	0	0	1	2	7	6	5	5	1	1	5	4	5	13	4	4	10	5	5	2	15	1	9	1	7	1	8	1		1	3	4	
113	12	6	14	36	臺北市	大安區	大安區和平東路1段與和平東路1段199巷口	25.0262238	121.5342722	0	0	1	2	7	6	5	14	9	1	5	4	5	13	4	4	1	4	5	2	16	1	8	1	5	1	10	1		1	2	12	
113	12	6	14	50	臺北市	內湖區	內湖區成功路2段與國道一號口南下入口	25.06542936	121.590334	0	0	1	2	8	6	5	4	1	1	5	4	5	13	2	1	1	4	5	2	17	1	8	1	7	2	8	1		1	3	6	
113	12	6	15	10	臺北市	中正區	中正區中山南路與常德街口	25.0404539	121.5182003	0	0	3	3	7	6	5	3	2	1	5	4	5	13	1	1	1	4	5	2	13	1	9	6	6	1	10	1		1	2	11	
113	12	6	15	18	臺北市	中山區	中山區北安路與北安路518巷口	25.07985151	121.5458194	0	0	2	2	7	7	5	3	1	1	5	4	5	13	4	4	1	4	5	2	16	1	6	1	5	1	10	1		2	2	12	
113	12	6	16	18	臺北市	中正區	中正區貴陽街1段與延平南路口	25.0390406	121.5086579	0	0	1	2	7	6	5	4	1	1	5	4	5	13	2	1	9	4	5	1	17	1	6	1	6	2	10	1		2	2	11	
113	12	6	16	29	臺北市	文山區	文山區興隆路3段192巷8弄與興隆路3段口	24.9967126	121.5597321	0	0	1	2	8	6	5	4	4	1	5	4	5	13	2	1	5	5	5	2	13	1	9	8	4	11	20	1		2	3	11	
113	12	6	16	50	臺北市	士林區	士林區菁山路101巷68號	25.15126134	121.5617861	0	0	2	3	7	5	8	22	22	1	5	4	5	13	3	1	4	5	5	1	17	1	5	1	7	1	8	1		1	3	4	
113	12	6	17	0	臺北市	大安區	大安區新生南路2段與辛亥路2段口	25.0221654	121.5345028	0	0	1	2	8	5	5	5	1	1	5	4	5	13	1	1	8	3	4	2	13	4	9	1	3	1	10	1		1	3	11	
113	12	6	17	11	臺北市	松山區	松山區民生東路5段與新中街口	25.0587387	121.5605287	0	0	1	2	8	5	5	4	1	1	5	4	5	13	1	1	1	3	5	2	16	4	5	1	3	2	4	1		1	3	2	
113	12	6	17	12	臺北市	松山區	松山區松河街264號	25.05204865	121.5795473	0	0	1	2	7	5	5	14	9	1	5	4	5	13	4	4	9	5	5	2	12	4	4	1	3	9	10	2		1	4	14	
113	12	6	17	15	臺北市	中正區	中正區和平西路2段9號	25.0280974	121.5140321	0	0	1	2	7	5	5	14	9	1	5	4	5	13	4	4	1	4	5	2	12	1	8	1	5	2	10	1		1	2	12	
113	12	6	17	22	臺北市	文山區	文山區羅斯福路6段與育英街口	24.9903954	121.5397535	0	0	1	2	7	5	5	4	1	1	5	4	5	13	1	1	1	4	5	2	16	1	5	1	7	1	8	1		2	3	5	
113	12	6	17	30	臺北市	文山區	文山區指南路1段53號與木新路1段口	24.9881588	121.5706339	0	0	2	3	8	6	5	3	1	1	5	4	5	13	4	4	5	4	5	2	16	1	9	1	7	2	8	1		1	3	8	
113	12	6	17	45	臺北市	北投區	北投區大度路3段1208595號燈桿	25.1224705	121.4803576	0	0	1	2	7	5	5	14	12	1	5	4	5	13	4	4	1	4	1	1	13	1	9	1	5	1	10	1		1	3	11	
113	12	6	17	49	臺北市	內湖區	內湖區新明路298巷與南京東路6段口	25.0569682	121.5816428	0	0	1	2	7	5	5	5	2	1	5	4	5	13	2	1	5	2	5	2	12	4	9	1	3	9	4	1		1	3	2	
113	12	6	18	1	臺北市	大安區	大安區通化街171巷與基隆路2段口	25.0275337	121.5560839	0	0	1	5	7	5	5	4	1	1	5	4	5	13	1	1	3	4	5	2	13	4	9	1	7	2	8	1		1	3	8	
113	12	6	18	17	臺北市	內湖區	內湖區南京東路6段159號與南京東路6段口往行善路匝道	25.05658833	121.5796906	0	0	1	2	8	6	5	3	2	2	5	4	5	13	4	4	10	4	5	2	17	1	8	1	7	1	8	1		1	3	6	
113	12	6	18	17	臺北市	內湖區	內湖區文德路220巷41號	25.07754202	121.5881029	0	0	1	2	8	5	5	14	9	1	5	4	5	13	4	4	10	5	5	2	16	1	8	1	7	1	8	1		2	3	5	
113	12	6	18	20	臺北市	士林區	士林區延平北路5段與中正路口	25.0865872	121.5092652	0	0	1	2	8	5	5	4	1	1	5	4	5	13	2	1	1	4	5	1	16	1	5	1	5	1	10	1		1	3	14	
113	12	6	18	36	臺北市	信義區	信義區信義路4段與基隆路1段口	25.033373	121.5595959	0	0	2	3	7	5	5	4	2	1	5	4	5	13	2	1	3	4	5	2	13	1	9	1	5	1	10	1		1	2	11	
113	12	6	18	40	臺北市	內湖區	內湖區民權東路6段與行忠路171巷口	25.0676025	121.5809374	0	0	1	3	7	5	5	3	2	1	5	4	5	13	4	4	1	3	5	1	13	4	9	1	3	1	8	1		1	3	1	
113	12	6	18	44	臺北市	大安區	大安區信義路4段74巷與信義路4段口	25.0332093	121.5470392	0	0	1	2	8	5	5	3	2	1	5	4	5	13	4	4	8	3	5	1	13	1	9	1	5	1	10	1		1	2	11	
113	12	6	19	25	臺北市	大安區	大安區仁愛路4段27巷26號	25.040434	121.5452069	0	0	1	2	7	5	5	14	9	1	5	4	5	13	4	4	10	5	5	1	12	4	8	1	3	1	8	1		1	3	5	
113	12	6	20	25	臺北市	內湖區	內湖區瑞湖街與陽光街口	25.072838	121.5760617	0	0	2	2	8	5	5	4	1	1	5	4	5	13	1	1	5	5	5	2	13	1	5	1	5	1	10	1		2	2	14	
113	12	6	20	36	臺北市	萬華區	萬華區廣州街與中華路2段口	25.0359087	121.5064002	0	0	2	3	7	5	5	22	7	1	5	4	5	13	2	1	1	3	4	1	17	1	6	1	7	1	4	1		1	3	8	
113	12	6	20	48	臺北市	中山區	中山區林森北路與雙城街7巷口	25.0636726	121.5256344	0	0	1	2	8	5	5	3	2	1	5	4	5	13	4	4	5	5	5	2	12	1	11	1	7	1	4	1		1	3	8	
113	12	6	21	15	臺北市	內湖區	內湖區民權東路6段120巷與民權東路6段120巷7弄口	25.0676052	121.5872225	0	0	2	2	7	5	5	4	1	1	5	4	5	13	4	4	10	5	5	2	15	4	9	1	3	1	10	1		1	2	11	
113	12	6	21	23	臺北市	中山區	中山區民族東路76號	25.06830884	121.5266297	0	0	1	2	8	5	5	8	9	1	5	4	5	13	4	4	9	4	5	2	13	1	9	1	5	1	10	1		1	2	11	
113	12	6	21	56	臺北市	中正區	中正區和平西路1段與廈門街口	25.02681	121.5180574	0	0	1	2	7	5	5	4	1	1	5	4	5	13	1	1	1	4	5	2	16	1	6	1	7	9	8	1		1	3	5	
113	12	6	22	2	臺北市	士林區	士林區承德路5段與中正路口	25.0917364	121.5159738	0	0	1	3	8	5	5	3	2	1	5	4	5	13	4	4	10	5	4	1	13	1	9	1	5	1	10	1		2	2	11	
113	12	6	22	30	臺北市	大同區	大同區環河北路2段與環河北路2段145巷口	25.0672428	121.5090587	0	0	1	2	7	5	5	3	2	1	5	4	5	13	4	4	1	4	5	2	17	4	6	1	3	1	8	1		1	3	8	
113	12	6	22	38	臺北市	信義區	信義區基隆路2段149之49號	25.0264409	121.5549671	0	0	1	2	7	5	5	14	9	1	5	4	5	13	2	1	8	5	5	2	13	4	9	6	5	2	10	1		1	2	11	12
113	12	6	23	0	臺北市	內湖區	內湖區康寧路3段與安康路口	25.0648847	121.6110476	0	0	1	2	8	5	5	4	1	1	5	4	5	13	1	1	3	4	4	2	16	1	11	1	7	1	8	1		2	3	5	
113	12	7	0	17	臺北市	內湖區	內湖區東湖路與康樂街口	25.0678812	121.6175163	0	0	1	2	7	5	5	4	1	1	5	4	5	13	1	1	5	4	5	2	12	1	9	1	5	1	10	1		4	2	12	
113	12	7	0	41	臺北市	中正區	中正區中山南路與仁愛路1段口	25.0395515	121.517931	0	0	1	2	8	5	5	5	2	1	5	4	5	13	1	1	1	4	5	2	12	1	9	1	7	2	4	1		1	3	5	
113	12	7	0	50	臺北市	士林區	士林區文林路	25.0964177	121.5242768	0	0	2	3	8	5	5	14	9	1	5	4	5	13	4	4	5	4	5	1	17	1	11	1	7	1	8	1		1	3	17	
113	12	7	2	42	臺北市	信義區	信義區松信路與市民大道6段口	25.0491954	121.5723461	0	0	1	2	8	5	5	4	2	1	5	4	5	13	2	1	1	4	5	2	3	4	5	1	3	2	4	1		1	3	1	
113	12	7	5	48	臺北市	信義區	信義區松山路465巷與松山路465巷2弄口	25.0395696	121.5784125	0	0	1	2	7	5	5	5	1	1	5	4	4	13	4	4	10	5	5	2	15	1	9	1	6	2	10	1		1	2	14	
113	12	7	5	50	臺北市	信義區	信義區永吉路與松山路口	25.0454653	121.5777659	0	0	2	3	7	5	5	4	1	1	5	4	5	13	2	1	3	4	5	2	17	1	5	1	7	2	4	1		1	3	2	
113	12	7	7	31	臺北市	松山區	松山區民權東路4段與敦化北路口口	25.0614082	121.5513586	0	0	2	2	6	7	5	4	1	1	4	4	5	13	2	1	1	4	5	2	17	1	9	1	6	1	10	1		1	2	12	
113	12	7	8	25	臺北市	信義區	信義區市民大道6段與松隆路329巷口	25.0488842	121.5792191	0	0	1	2	6	7	5	3	2	1	4	4	5	13	1	1	9	4	5	2	17	4	1	1	7	1	8	1		1	3	17	
113	12	7	8	36	臺北市	士林區	士林區格致路上山路段第1106076號路燈桿	25.13873575	121.5465125	0	0	1	2	6	7	5	14	9	1	4	4	5	13	4	4	9	4	5	1	17	1	11	1	7	2	8	1		1	3	8	
113	12	7	9	24	臺北市	士林區	士林區重慶北路4段117號	25.082507	121.5122981	0	0	1	3	8	7	5	14	8	1	5	4	5	13	4	4	9	4	4	2	17	1	8	1	7	1	8	1		1	3	5	
113	12	7	9	46	臺北市	松山區	松山區民權東路3段與民族東路口	25.0617538	121.5499358	0	0	2	2	6	7	5	3	1	1	4	4	5	13	4	4	1	4	5	2	17	1	15	1	6	11	10	1		1	2	13	
113	12	7	9	53	臺北市	信義區	信義區松山路與松山路149巷口	25.0466449	121.5778185	0	0	1	2	6	7	5	4	1	1	4	4	5	13	2	1	3	4	5	2	17	1	9	1	7	5	8	1		1	3	8	
113	12	7	10	55	臺北市	大同區	大同區承德路3段與承德路3段251巷口	25.0697652	121.5185119	0	0	1	2	7	6	5	3	1	1	5	4	5	13	4	4	1	4	5	2	13	1	7	1	6	1	10	1		1	3	13	
113	12	7	11	16	臺北市	文山區	文山區興隆路4段124號與興隆路4段122巷口口	24.9825855	121.5621896	0	0	2	2	7	5	5	14	9	1	5	4	5	13	4	4	10	5	5	2	17	4	5	8	3	1	20	1		2	2	15	
113	12	7	11	35	臺北市	信義區	信義區基隆路1段與忠孝東路5段口	25.0411769	121.5646642	0	0	1	2	7	6	5	14	9	1	5	4	5	13	2	1	1	2	5	2	16	1	7	1	5	1	10	1		2	2	14	
113	12	7	12	0	臺北市	中山區	中山區合江街68號	25.0566975	121.5391475	0	0	1	2	8	6	5	14	9	1	5	4	5	13	4	4	9	5	5	2	17	4	11	1	5	1	10	1		1	3	14	
113	12	7	12	13	臺北市	中山區	中山區遼寧街185巷46號與南京東路3段223巷口	25.0533146	121.5434859	0	0	1	2	7	6	5	5	2	1	5	4	5	13	4	4	10	3	5	1	17	1	9	1	5	1	10	1		1	2	11	
113	12	7	12	45	臺北市	大安區	大安區和平東路2段307號	25.0248982	121.5449164	0	0	1	2	7	6	6	22	20	4	5	4	5	13	4	4	10	5	5	2	9	4	15	8	2	1	20	1		2	3	15	
113	12	7	12	50	臺北市	大安區	大安區信義路3段與建國南路1段口	25.0335453	121.5380867	0	0	1	3	7	6	5	4	2	1	5	4	5	13	2	1	1	4	5	2	12	1	9	1	7	1	8	1		1	3	4	
113	12	7	12	54	臺北市	文山區	文山區興隆路3段292號前	24.9954623	121.559864	0	0	2	2	8	6	5	14	9	1	5	4	5	13	4	4	1	4	5	2	16	1	6	1	6	1	10	1		1	2	11	
113	12	7	12	56	臺北市	大同區	大同區鄭州路與西寧北路口	25.0504965	121.5081572	0	0	1	2	8	7	5	5	2	1	5	4	5	13	2	1	1	4	5	2	17	4	9	1	3	1	8	1		1	3	1	
113	12	7	13	12	臺北市	內湖區	內湖區東湖路16巷與東湖路106巷9弄口口	25.0680068	121.6126217	0	0	3	4	6	6	5	4	1	1	4	4	5	12	4	4	10	5	5	2	16	1	9	1	5	1	10	1		1	2	11	
113	12	7	13	17	臺北市	大同區	大同區民權西路與民權西路133巷口	25.062995	121.5167898	0	0	1	2	7	6	5	3	2	1	5	4	5	13	2	1	1	4	5	2	17	1	7	1	6	1	10	1		2	2	14	
113	12	7	13	29	臺北市	大同區	大同區重慶北路3段與酒泉街口	25.0719894	121.51368	0	0	1	2	8	7	5	4	2	1	5	4	5	13	2	1	1	4	5	2	17	4	15	1	3	1	10	1		1	2	14	
113	12	7	14	30	臺北市	文山區	文山區興隆路3段與興隆路3段229巷口口	24.9935317	121.5592269	0	0	1	2	8	6	5	3	1	1	5	4	5	13	2	1	1	4	5	2	16	1	11	1	7	1	8	1		1	3	6	
113	12	7	14	38	臺北市	大同區	大同區延平北路2段與延平北路2段144巷口口	25.0576577	121.5114836	0	0	2	3	7	6	5	4	1	1	5	4	5	13	4	4	5	5	5	2	16	1	11	1	7	2	4	1		1	3	1	