年	月	日	時	分	縣市	行政區	allLocation	GoogleLat	GoogleLng	死	2-30	受傷	當事人數	天候	道路照明設備	道路類別	道路型態	事故位置	路面狀況1	路面狀況2	路面狀況3	道路障礙1	道路障礙2	號誌1	號誌2	車道劃分-分向	車道劃分-分道1	車道劃分-分道2	車道劃分-分道3	事故類型及型態	行動電話	當事者行動狀態	駕駛資格情形	保護裝置	飲酒情形	駕駛執照種類	個人肇逃否	肇因碼-主要	性別	受傷程度	車輛撞擊部位1	車輛撞擊部位2
113	12	7	14	40	臺北市	文山區	文山區木柵路5段102號	25.0001779	121.5901375	0	0	1	3	7	7	5	14	9	1	5	4	5	13	4	4	5	4	5	2	29	1	9	1	5	10	10	1		3	3	13	
113	12	7	14	50	臺北市	士林區	士林區忠誠路2段207巷與東山路口	25.1163804	121.5390316	0	0	1	3	8	6	5	4	2	1	5	4	5	13	3	1	1	4	5	1	15	1	9	2	5	1	18	1		1	3	11	
113	12	7	15	23	臺北市	北投區	北投區東華街1段360號	25.109512	121.5192776	0	0	2	4	8	6	5	14	9	1	5	4	5	13	4	4	10	4	5	2	17	1	9	1	6	1	10	1		1	2	11	
113	12	7	15	40	臺北市	松山區	松山區市民大道4段與復興南路1段口	25.0450058	121.5442471	0	0	1	2	7	6	5	4	2	1	5	4	5	13	1	1	1	4	5	2	13	1	9	1	6	1	10	1		2	2	11	
113	12	7	16	20	臺北市	中山區	中山區大佳河濱公園自行車道，088號燈桿處	25.07448761	121.5329782	0	0	2	2	7	5	5	11	23	1	5	4	5	13	4	4	9	4	5	2	10	4	15	8	4	1	20	1		2	2	11	
113	12	7	16	29	臺北市	信義區	信義區松山路與松德路口口	25.0395483	121.5777941	0	0	1	3	8	7	5	4	1	1	5	4	5	13	2	1	1	4	4	2	16	1	5	1	7	1	8	1		1	3	8	
113	12	7	16	43	臺北市	大安區	大安區仁愛路3段與建國南路1段口	25.0383135	121.5385724	0	0	1	2	7	7	5	14	9	1	5	4	5	13	1	1	8	3	5	1	12	1	8	1	5	1	10	1		2	2	12	
113	12	7	16	46	臺北市	大同區	大同區敦煌路與延平北路4段口口	25.0765762	121.5120154	0	0	1	2	7	6	5	4	1	1	5	4	5	13	2	1	5	5	5	2	16	1	5	1	7	2	8	1		1	3	2	
113	12	7	17	0	臺北市	中山區	中山區北安路554巷8弄9號	25.0787254	121.5501497	0	0	1	2	7	5	5	11	13	1	5	4	5	13	4	4	8	5	5	2	17	4	15	1	3	9	4	2		1	4	7	
113	12	7	17	57	臺北市	中正區	中正區汀州路2段143號前	25.0248771	121.5200217	0	0	1	3	7	5	5	14	9	1	5	4	5	13	1	1	5	5	5	2	17	1	13	1	2	2	8	1		1	3	4	
113	12	7	18	0	臺北市	大安區	大安區信義路4段2號	25.033289	121.5439427	0	0	3	4	8	5	5	14	9	1	5	4	5	13	4	4	8	3	5	2	13	4	9	1	3	1	10	1		2	2	11	
113	12	7	18	21	臺北市	南港區	南港區研究院路2段與研究院路2段53巷口	25.04444107	121.6158636	0	0	2	2	6	5	5	4	1	1	4	4	5	13	2	1	1	3	5	2	15	1	11	8	4	2	20	1		1	2	15	
113	12	7	18	37	臺北市	南港區	南港區忠孝東路7段99號	25.0510887	121.5988912	0	0	1	2	7	5	5	14	8	1	4	4	5	13	4	4	3	4	4	2	12	4	1	1	3	1	8	1		1	3	7	
113	12	7	18	43	臺北市	信義區	信義區信義路6段與松山路口	25.0363451	121.5784159	0	0	1	2	7	5	5	4	2	1	5	4	5	13	2	1	9	5	5	1	13	1	9	1	5	9	10	1		2	2	17	
113	12	7	18	43	臺北市	萬華區	萬華區長沙街2段119號	25.0404328	121.5036441	0	0	2	2	7	5	5	14	9	1	5	4	5	13	4	4	8	3	5	1	16	4	1	1	3	1	10	1		1	2	13	
113	12	7	18	46	臺北市	內湖區	內湖區瑞湖街北往南(民權東路六段11巷59號旁)	25.0683558	121.5764513	0	0	1	2	8	5	5	14	9	1	5	4	5	13	4	4	9	5	5	2	17	1	6	1	7	2	8	1		1	3	2	
113	12	7	18	52	臺北市	士林區	士林區延平北路5段1巷與延平北路5段口	25.07899799	121.511274	0	0	1	2	7	5	5	4	2	1	5	4	5	13	2	1	3	4	5	1	17	1	11	1	5	1	10	1		1	3	13	
113	12	7	19	57	臺北市	中山區	中山區合江街與合江街102巷口	25.05873912	121.5392604	0	0	1	2	7	5	5	5	1	1	5	4	5	13	4	4	9	5	5	2	16	4	5	1	3	1	10	1		1	2	12	
113	12	7	20	11	臺北市	內湖區	內湖區港華街31號附近側附近	25.08247756	121.5766966	0	0	1	2	7	6	5	14	9	1	5	4	5	13	4	4	9	4	5	2	18	1	9	1	6	2	10	1		3	2	11	
113	12	7	20	15	臺北市	中山區	中山區林森北路133巷與南京東路1段132巷口	25.05069392	121.5269263	0	0	1	2	7	5	5	4	1	1	5	4	5	13	4	4	10	5	5	2	17	1	5	1	6	1	8	1		2	2	12	
113	12	7	20	19	臺北市	大同區	大同區重慶北路3段與伊寧街口	25.064885	121.5139094	0	0	2	2	8	5	5	4	1	1	5	4	5	13	2	1	1	4	5	2	15	1	9	8	4	1	20	1		1	2	12	
113	12	7	20	30	臺北市	士林區	士林區中正路601號與中正路口迴轉道	25.0867162	121.5096615	0	0	1	2	8	5	5	3	2	1	5	4	5	13	4	4	10	5	5	1	13	1	5	1	5	1	10	1		1	2	11	
113	12	7	20	38	臺北市	大安區	大安區忠孝東路4段231號	25.0415183	121.553195	0	0	1	2	7	5	5	14	9	1	5	4	5	13	1	2	3	4	5	2	12	4	9	1	7	1	4	1		1	3	8	
113	12	7	21	31	臺北市	文山區	文山區三福街4巷9號	24.99598811	121.5424888	0	0	1	3	7	5	5	14	9	1	5	4	3	13	4	4	10	5	5	2	17	1	14	1	7	1	8	1		1	3	17	
113	12	7	22	49	臺北市	信義區	信義區松智路與松平路口	25.0304646	121.5653484	0	0	1	2	7	5	6	4	2	1	5	4	5	13	1	1	5	5	5	2	16	4	5	1	3	1	8	1		1	3	6	
113	12	7	23	5	臺北市	松山區	松山區民生東路5段138巷與民生東路5段口	25.05433655	121.5578156	0	0	1	2	7	5	5	4	1	1	5	4	5	13	1	1	1	4	5	2	3	1	5	1	7	2	4	1		1	3	8	
113	12	7	23	16	臺北市	內湖區	內湖區康寧路3段99巷39弄與康寧路3段189巷155弄口	25.06755764	121.6129047	0	0	2	3	7	5	5	3	1	1	5	4	5	13	4	4	10	5	5	2	13	1	9	1	5	1	10	1		1	2	11	
113	12	7	23	19	臺北市	士林區	士林區中正路與重陽橋口往三重機車道	25.0863057	121.5073521	0	0	2	3	8	5	5	14	11	1	5	4	5	13	4	4	10	5	5	1	13	1	9	1	5	1	10	1		1	2	11	
113	12	8	0	50	臺北市	南港區	南港區南港路3段與南港路3段47巷口口	25.0534552	121.5901209	0	0	2	2	8	5	5	3	1	1	5	4	5	13	4	4	5	4	5	2	16	1	5	1	6	1	10	1		1	2	11	
113	12	8	3	25	臺北市	大安區	大安區忠孝東路4段181巷7弄7號	25.0421497	121.5510659	0	0	3	6	8	5	5	14	9	1	5	4	5	13	4	4	10	5	5	1	17	1	1	1	7	4	8	1		1	3	8	
113	12	8	7	37	臺北市	內湖區	內湖區舊宗路2段與舊宗路2段121巷口	25.0694955	121.5748602	0	0	1	2	6	5	5	4	1	1	4	4	5	13	1	1	1	4	5	2	9	1	5	1	7	2	8	1		1	3	5	
113	12	8	7	50	臺北市	文山區	文山區木柵路4段31-6號對面	24.9939561	121.5716205	0	0	1	2	6	6	5	14	9	1	4	4	5	13	1	1	10	4	5	2	18	1	9	1	6	1	10	1		1	2	14	
113	12	8	7	52	臺北市	內湖區	內湖區江南街與江南街71巷口	25.0772793	121.5773833	0	0	1	3	6	7	5	3	1	1	4	4	5	13	4	4	9	4	5	2	17	1	5	1	6	2	10	1		1	3	17	
113	12	8	8	54	臺北市	士林區	士林區中山北路5段42號	25.0835954	121.5256123	0	0	1	2	8	6	5	14	9	1	5	4	5	13	4	4	1	4	5	2	17	4	8	1	3	1	8	1		1	3	17	
113	12	8	9	12	臺北市	中正區	中正區重慶北路1段機場捷運台北車站5號出入口	25.05139132	121.5085114	0	0	1	2	8	6	5	11	9	1	5	4	1	13	4	4	5	4	5	2	12	1	9	1	2	2	8	1		2	3	2	
113	12	8	9	30	臺北市	中正區	中正區信義路1段與杭州南路1段口	25.0356318	121.5243871	0	0	2	2	8	6	5	4	18	1	5	4	5	13	1	1	1	4	5	2	3	1	9	1	5	2	21	1		1	2	11	
113	12	8	10	10	臺北市	信義區	信義區忠孝東路5段275巷7弄環保局三張犁分隊部	25.04152051	121.5707841	0	0	1	2	7	7	5	14	9	1	5	4	5	13	4	4	10	5	5	2	17	1	1	1	5	1	10	1		2	2	11	
113	12	8	10	15	臺北市	南港區	南港區經貿二路與經貿二路235巷口	25.0605935	121.6145183	0	0	1	2	7	6	5	5	1	1	5	4	5	13	2	1	5	4	5	2	16	4	6	1	3	1	8	1		1	3	2	
113	12	8	10	47	臺北市	萬華區	萬華區桂林路20號	25.0376789	121.5056335	0	0	1	2	7	7	5	14	9	1	5	4	5	13	4	4	9	4	5	2	16	1	1	1	7	1	8	1		1	3	4	
113	12	8	12	34	臺北市	大安區	大安區羅斯福路3段327號	25.0170546	121.5321307	0	0	3	3	7	5	5	14	9	1	5	4	5	13	4	4	1	4	5	2	12	5	20	8	6	10	20	1		2	2	16	
113	12	8	12	36	臺北市	大安區	大安區青田街5巷與青田街口	25.0285978	121.5319601	0	0	1	2	8	7	5	4	2	1	5	4	5	13	4	4	10	5	5	1	15	1	9	1	5	1	10	1		1	2	14	
113	12	8	12	50	臺北市	中山區	中山區建國北路1段與建國北路1段23巷口	25.0453705	121.5369542	0	0	2	3	7	7	5	3	1	1	5	4	5	13	4	4	1	4	5	2	12	1	6	1	7	1	8	1		2	3	2	
113	12	8	13	17	臺北市	信義區	信義區松壽路2號	25.0359879	121.56297	0	0	2	2	6	6	5	14	9	1	4	4	5	13	4	4	9	4	5	2	17	4	1	1	3	2	10	1		2	2	14	
113	12	8	13	30	臺北市	大安區	大安區安和路2段50號	25.0310273	121.5523197	0	0	1	2	7	6	5	14	9	1	5	4	5	13	2	1	1	4	5	2	9	4	1	1	3	2	2	1		1	3	17	
113	12	8	13	30	臺北市	松山區	松山區市民大道4段與復興南路1段口	25.0449865	121.5440922	0	0	1	2	7	7	5	4	1	1	5	4	5	13	2	1	1	4	5	2	12	1	7	1	5	1	10	1		1	2	14	
113	12	8	13	46	臺北市	萬華區	萬華區中華路2段484巷6號	25.0260289	121.5062098	0	0	2	2	7	7	5	14	9	1	5	4	5	13	4	4	5	5	5	2	17	4	5	8	2	1	20	1		1	2	14	
113	12	8	14	13	臺北市	萬華區	萬華區中華路2段10號	25.033741	121.5054578	0	0	1	2	7	6	5	14	9	1	5	4	5	13	4	4	5	4	5	2	9	1	1	1	7	1	2	1		1	3	17	
113	12	8	14	20	臺北市	中正區	中正區羅斯福路4段90巷前公車停靠區	25.0142739	121.5348287	0	0	1	2	8	7	5	14	10	1	5	4	5	13	1	1	2	4	5	2	9	1	1	1	7	9	2	1		1	3	17	
113	12	8	14	22	臺北市	大同區	大同區承德路3段294號	25.073917	121.5194792	0	0	1	3	8	7	5	14	9	1	5	4	5	13	4	4	1	4	5	2	17	4	8	1	3	1	8	1		1	3	5	
113	12	8	15	24	臺北市	中山區	中山區吉林路與吉林路393巷口	25.0656407	121.5304345	0	0	1	2	7	6	5	5	1	1	5	4	5	13	4	4	9	5	5	2	16	1	6	1	7	1	8	1		1	3	2	
113	12	8	15	35	臺北市	文山區	文山區木柵路4段與木柵路4段159巷口	24.99976961	121.5756318	0	0	1	2	6	5	5	3	1	1	4	4	5	13	2	1	10	4	5	2	13	1	9	1	6	1	10	1		2	2	11	
113	12	8	15	40	臺北市	中正區	中正區衡陽路與桃源街口	25.0422024	121.5105298	0	0	4	4	8	6	5	3	1	1	5	4	5	13	4	4	10	5	5	2	16	1	5	1	5	2	10	1		2	2	12	
113	12	8	15	42	臺北市	北投區	北投區承德路7段與石牌路1段口北往南方向	25.1124653	121.5090001	0	0	2	2	8	5	6	3	2	1	5	4	5	13	1	1	9	4	4	1	12	1	15	1	6	2	10	1		1	2	12	
113	12	8	16	40	臺北市	萬華區	萬華區堤外便道(龍山038燈桿)	25.04347044	121.5005347	0	0	2	2	8	7	5	14	11	1	5	4	5	13	4	4	1	4	5	2	17	1	9	1	5	1	10	1		1	2	11	
113	12	8	16	55	臺北市	大同區	大同區塔城街與忠孝西路2段口	25.0482438	121.5096503	0	0	1	2	7	5	5	5	1	1	5	4	5	13	4	4	1	5	5	2	16	1	6	1	7	2	8	1		2	3	1	
113	12	8	17	0	臺北市	萬華區	萬華區環河南路2段與桂林路口	25.0383603	121.4969377	0	0	1	2	7	6	5	4	1	1	5	4	5	13	2	1	1	4	5	2	16	1	5	1	7	1	4	1		1	3	1	
113	12	8	17	30	臺北市	士林區	士林區格致路234號	25.1434457	121.5490157	0	0	1	2	7	5	5	14	9	1	4	4	5	13	4	4	5	5	5	1	9	1	9	1	5	1	10	1		2	3	11	
113	12	8	17	55	臺北市	內湖區	內湖區民權東路6段136巷與民權東路6段口	25.06905411	121.5878201	0	0	1	2	6	5	5	4	1	1	4	4	5	13	1	1	1	3	4	1	16	4	5	1	3	1	8	1		1	3	8	
113	12	8	18	6	臺北市	信義區	信義區忠孝東路4段400號	25.0412233	121.558036	0	0	1	2	7	5	8	22	22	1	4	4	5	13	4	4	1	4	5	2	13	1	5	8	2	2	20	1		1	2	11	
113	12	8	18	10	臺北市	南港區	南港區市民大道8段與忠孝東路7段325巷口	25.05294	121.6052932	0	0	1	2	6	5	5	3	1	1	4	4	5	13	1	1	1	3	5	2	17	1	5	1	7	1	8	1		1	3	2	
113	12	8	18	13	臺北市	大安區	大安區市民大道4段與市民大道4段48巷口	25.0449429	121.5459182	0	0	1	2	7	5	5	3	1	1	5	4	5	13	4	4	10	5	5	2	16	4	6	1	3	1	8	1		1	3	5	
113	12	8	18	18	臺北市	南港區	南港區市民大道8段無名巷	25.0521065	121.5996649	0	0	2	2	6	5	5	3	1	1	4	4	5	13	2	1	1	4	5	1	6	5	18	8	4	1	20	2		2	2	16	
113	12	8	18	19	臺北市	北投區	北投區承德路7段與承德路7段188巷口	25.11397027	121.5077088	0	0	2	2	7	5	5	14	9	1	5	4	5	13	4	4	1	4	5	2	13	1	9	1	5	2	10	1		1	2	13	
113	12	8	18	19	臺北市	松山區	松山區市民大道6段與松山路口	25.0495066	121.577725	0	0	1	2	7	5	5	4	1	1	5	4	5	13	1	1	9	4	5	2	15	1	9	1	7	1	8	1		1	3	8	
113	12	8	18	26	臺北市	士林區	士林區福港街205號	25.09621029	121.5194414	0	0	2	3	7	5	5	14	9	1	5	4	5	13	3	1	5	5	5	2	17	1	11	1	7	1	8	1		1	3	8	
113	12	8	18	55	臺北市	文山區	文山區政大二街與政大三街口口	24.9865281	121.5840533	0	0	1	2	6	5	5	4	1	1	4	4	5	13	4	4	10	5	5	2	18	1	9	1	5	9	10	1		1	2	14	
113	12	8	19	11	臺北市	文山區	文山區辛亥路5段與興隆路2段244巷口	24.9999022	121.5540558	0	0	1	2	6	5	5	4	1	1	4	4	5	13	2	1	1	4	5	2	16	1	5	1	7	2	8	1		1	3	1	
113	12	8	19	30	臺北市	士林區	士林區承德路4段6巷與承德路4段口	25.0790039	121.5215346	0	0	2	3	7	5	5	4	1	1	5	4	5	13	4	4	10	5	5	2	15	1	9	1	6	1	10	1		1	2	11	
113	12	8	19	44	臺北市	中正區	中正區許昌街30號	25.0454948	121.5158381	0	0	1	2	7	6	5	14	9	1	5	4	5	13	4	4	7	5	5	1	1	1	9	1	6	2	10	1		1	3	11	
113	12	8	19	50	臺北市	萬華區	萬華區萬大路與長泰街口	25.0227024	121.499307	0	0	2	3	7	5	5	3	2	1	5	4	5	13	2	1	1	4	5	2	13	1	9	1	5	1	10	1		1	2	11	
113	12	8	19	56	臺北市	內湖區	內湖區成功路2段456巷3號	25.0743891	121.5864471	0	0	2	2	6	6	5	12	9	1	4	4	5	13	4	4	10	5	5	2	10	1	9	1	6	2	9	1		1	2	11	
113	12	8	21	22	臺北市	大安區	大安區忠孝東路3段與建國南路1段口	25.0416485	121.5374269	0	0	2	3	7	5	5	4	1	1	5	4	5	13	2	1	1	4	5	2	12	1	8	1	6	1	10	1		1	2	12	
113	12	8	21	29	臺北市	萬華區	萬華區中華路2段與艋舺大道口	25.0347671	121.5057308	0	0	1	2	6	5	5	3	2	1	4	4	5	13	2	1	1	3	4	1	16	4	7	1	3	1	9	1		1	2	13	
113	12	8	21	40	臺北市	信義區	信義區忠孝東路5段452號	25.0406786	121.5767948	0	0	1	2	7	5	5	14	9	1	4	4	5	13	4	4	1	4	5	2	17	4	1	1	3	9	10	1		1	3	17	
113	12	9	1	10	臺北市	中山區	中山區吉林路與錦州街口	25.06034594	121.5301393	0	0	1	2	7	5	5	4	1	1	5	4	5	13	1	1	5	4	5	2	1	1	5	1	7	1	4	1		1	3	1	
113	12	9	6	5	臺北市	中山區	中山區中山北路2段與民生西路口	25.05783228	121.5225382	0	0	1	2	8	5	5	4	2	1	5	4	5	13	1	1	9	4	5	2	13	1	9	1	5	1	10	1		1	2	11	
113	12	9	6	46	臺北市	大同區	大同區鄭州路與塔城街口側附近口	25.0499702	121.5104229	0	0	1	2	7	5	5	4	1	2	5	4	5	13	2	1	9	4	4	2	10	1	15	1	7	2	8	1		2	3	1	
113	12	9	7	12	臺北市	北投區	北投區東華街2段370號與立農街1段187巷口	25.120959	121.5068489	0	0	2	3	8	6	5	3	1	1	5	4	5	13	2	1	10	4	5	2	15	1	1	3	5	2	18	1		1	2	14	12
113	12	9	7	53	臺北市	大安區	大安區忠孝東路3段10巷與新生南路1段103巷口	25.0406514	121.5334023	0	0	1	2	7	6	5	4	1	1	5	4	5	13	4	4	10	5	5	2	15	1	9	1	6	1	9	1		1	2	11	
113	12	9	7	55	臺北市	南港區	南港區南港路1段與南港路1段2巷口	25.0548041	121.6201959	0	0	1	2	7	6	5	14	9	1	5	4	5	13	4	4	9	4	5	2	16	1	9	1	7	2	8	1		2	3	2	
113	12	9	8	2	臺北市	萬華區	萬華區桂林路與南寧路口	25.0373422	121.5064518	0	0	1	2	7	7	5	5	2	1	5	4	5	13	1	2	9	5	5	2	13	1	12	1	7	1	8	1		1	3	8	
113	12	9	8	42	臺北市	中山區	中山區八德路2段174巷與八德路2段口	25.0462931	121.5380723	0	0	3	4	8	6	5	4	1	1	5	4	5	13	2	1	5	4	5	1	13	1	9	1	5	1	10	1		1	2	13	
113	12	9	8	47	臺北市	文山區	文山區木柵路2段與木柵路2段138巷口口	24.9888033	121.5617853	0	0	2	2	7	6	5	4	1	1	5	4	5	12	1	1	10	5	5	2	16	1	5	1	6	2	11	1		1	2	12	
113	12	9	8	51	臺北市	中正區	中正區重慶南路3段與汀州路2段口口	25.025606	121.5165081	0	0	2	3	8	6	5	4	1	1	5	4	5	13	1	1	1	4	5	2	13	1	9	1	5	1	10	1		1	2	11	
113	12	9	8	54	臺北市	大同區	大同區南京西路25巷與赤峰街3巷口	25.0531571	121.5202729	0	0	1	2	7	6	5	14	9	1	5	4	5	13	4	4	10	5	5	2	9	1	9	1	7	11	8	1		2	3	8	
113	12	9	9	10	臺北市	松山區	松山區八德路3段8巷與八德路3段12巷52弄口	25.0461713	121.5497307	0	0	1	2	7	6	5	4	1	1	5	4	5	13	1	1	9	5	5	2	3	1	5	1	7	1	4	1		2	3	8	
113	12	9	9	49	臺北市	大安區	大安區和平東路3段1巷與四維路228巷口	25.0256001	121.5467531	0	0	2	2	8	6	5	4	1	1	5	4	5	13	4	4	10	5	5	2	15	1	9	1	5	1	10	1		2	2	11	
113	12	9	10	30	臺北市	松山區	松山區八德路4段72巷與光復南路17巷口	25.0474685	121.5601949	0	0	1	2	7	6	5	4	1	1	5	4	5	13	4	4	10	5	5	2	15	1	9	1	7	1	4	1		1	3	4	
113	12	9	10	50	臺北市	中山區	中山區遼寧街81巷與遼寧街口	25.049589	121.5421894	0	0	1	2	8	7	5	5	1	1	5	4	5	13	4	4	9	4	5	2	17	1	6	1	7	1	8	1		1	3	1	
113	12	9	11	8	臺北市	北投區	北投區東華街2段198號	25.1202927	121.5103664	0	0	1	2	8	6	5	11	9	1	5	4	5	13	4	4	10	4	5	2	13	1	14	1	7	2	6	1		1	3	7	
113	12	9	11	44	臺北市	大同區	大同區承德路3段205號	25.0697641	121.5184945	0	0	1	2	7	5	8	22	22	1	5	4	5	13	4	4	1	4	5	2	17	1	1	1	7	2	8	1		2	3	4	
113	12	9	11	47	臺北市	內湖區	內湖區堤外便道與東湖路160巷口	25.0652148	121.6135646	0	0	1	2	7	7	5	3	2	1	5	4	5	13	2	1	5	5	5	2	13	1	9	1	5	1	10	1		1	2	11	
113	12	9	12	0	臺北市	中山區	中山區明水路397巷7弄與明水路397巷口	25.07811068	121.5481633	0	0	2	3	8	7	5	4	1	1	5	4	5	13	4	4	5	2	5	2	17	1	9	1	5	1	10	1		2	2	11	
113	12	9	12	4	臺北市	士林區	士林區延平北路6段與社正路口	25.0883343	121.5090491	0	0	1	3	8	6	5	4	2	1	5	4	5	13	4	4	5	4	5	1	17	1	6	1	7	1	8	1		1	3	2	
113	12	9	12	8	臺北市	南港區	南港區南港路1段與南港路1段277巷口	25.0547096	121.6086398	0	0	1	2	8	6	5	3	1	1	5	4	5	13	1	1	5	4	5	2	13	1	14	1	3	1	8	1		1	3	3	
113	12	9	12	25	臺北市	萬華區	萬華區中華路1段與漢口街2段20巷口	25.0448299	121.5088491	0	0	1	2	7	6	5	3	1	1	5	4	5	13	4	4	1	4	1	2	17	1	6	1	6	1	10	1		1	2	12	
113	12	9	12	35	臺北市	大同區	大同區重慶北路1段與鄭州路口口	25.0495277	121.5134605	0	0	1	2	8	6	5	4	1	1	5	4	5	13	2	1	10	5	5	2	16	1	9	1	6	2	10	1		2	2	14	
113	12	9	12	36	臺北市	內湖區	內湖區文湖街80號	25.08646623	121.5654049	0	0	1	2	7	5	5	14	9	1	5	4	5	13	4	4	9	5	5	2	17	1	1	1	5	1	10	1		1	2	11	
113	12	9	12	45	臺北市	大安區	大安區信義路4段265巷25號	25.0345658	121.5549418	0	0	1	2	8	6	5	14	9	1	5	4	5	13	4	4	5	5	5	1	18	4	9	1	5	1	10	1		2	2	17	
113	12	9	13	25	臺北市	南港區	南港區三重路19號	25.0565244	121.6139543	0	0	1	3	8	6	5	14	9	1	5	4	5	13	4	4	5	4	5	2	17	4	14	1	3	1	4	1		1	3	2	
113	12	9	13	37	臺北市	大安區	大安區辛亥路3段與辛亥路3段157巷口口	25.0167716	121.5498416	0	0	1	2	7	6	5	4	1	1	5	4	5	13	2	1	1	4	5	2	16	4	6	1	3	1	8	1		1	3	5	
113	12	9	13	40	臺北市	中山區	中山區長春路與新生北路2段口	25.0549578	121.5272563	0	0	1	2	8	6	5	4	2	1	5	4	5	13	2	1	5	4	5	2	17	1	11	1	7	1	8	1		1	3	1	
113	12	9	13	55	臺北市	萬華區	萬華區華江橋往台北市機車道下橋路段	25.0338828	121.4895397	0	0	1	2	8	7	7	8	11	1	5	4	5	13	4	4	10	5	5	2	17	1	15	1	5	1	10	1		1	2	15	
113	12	9	14	5	臺北市	士林區	士林區中正路與士商路口口	25.0922245	121.5189099	0	0	2	3	7	7	5	4	1	1	5	4	5	13	2	1	8	3	5	2	12	5	21	8	3	10	20	1		2	2	16	
113	12	9	14	15	臺北市	中正區	中正區公園路與襄陽路口	25.0430814	121.5165955	0	0	1	2	8	7	5	3	2	1	5	4	5	13	1	1	4	3	4	2	16	1	5	1	5	2	10	1		1	2	14	
113	12	9	14	25	臺北市	文山區	文山區指南路2段與萬壽路口	24.9876522	121.5761186	0	0	1	2	8	7	5	4	1	1	5	4	5	13	2	1	10	5	5	2	3	1	5	1	7	2	8	1		1	3	1	
113	12	9	14	30	臺北市	松山區	松山區光復北路36號	25.04944308	121.5578258	0	0	1	5	8	6	5	14	9	1	5	4	5	13	2	1	2	4	5	2	17	1	14	1	7	2	4	1		1	3	6	
113	12	9	14	37	臺北市	大同區	大同區承德路3段135號	25.0674354	121.518487	0	0	2	3	8	6	5	14	9	1	5	4	5	13	4	4	1	4	5	2	12	1	7	1	6	2	10	1		1	3	15	
113	12	9	14	42	臺北市	中正區	中正區重慶南路1段與貴陽街1段口	25.0385795	121.5128786	0	0	1	3	8	6	5	4	2	1	5	4	5	13	1	1	10	5	5	2	12	1	8	1	5	2	10	1		1	3	13	
113	12	9	14	54	臺北市	萬華區	萬華區興寧街與興寧街8巷口	25.03520559	121.5072811	0	0	2	2	7	6	5	4	1	1	5	4	5	13	4	4	10	5	5	2	15	4	9	1	5	1	10	1		2	2	12	
113	12	9	15	1	臺北市	文山區	文山區辛亥路7段與光輝路21巷口	24.9854969	121.5538868	0	0	1	2	7	6	5	3	1	1	5	4	5	13	1	1	5	4	4	2	17	4	6	1	3	1	8	1		2	3	2	
113	12	9	16	4	臺北市	北投區	北投區中和街與中和街391巷口	25.1424564	121.4986393	0	0	2	2	7	6	5	3	1	1	5	4	5	13	4	4	9	4	5	1	3	1	9	1	6	1	9	1		1	2	11	
113	12	9	16	37	臺北市	大同區	大同區通河西街1段與通河西街1段口0802679燈桿	25.07708217	121.5195926	0	0	1	2	7	5	5	14	9	1	5	4	5	13	4	4	10	5	5	2	13	1	9	3	5	2	18	1		1	2	11	
113	12	9	17	10	臺北市	文山區	文山區辛亥路6段與辛亥路6段86巷口	24.9888432	121.5523968	0	0	2	2	8	5	5	3	1	1	5	4	5	13	2	1	5	4	5	1	13	1	9	1	5	1	10	1		1	2	11	
113	12	9	17	17	臺北市	士林區	士林區福華路128巷旁	25.1032104	121.5226929	0	0	3	3	8	6	5	14	9	1	5	4	5	13	4	4	10	4	5	1	16	1	7	1	5	1	10	1		2	2	14	
113	12	9	17	25	臺北市	中山區	中山區林森北路與林森北路310巷口	25.05623434	121.5254794	0	0	2	2	8	5	5	4	1	1	5	4	5	13	2	1	10	5	5	2	16	1	5	1	6	1	10	1		1	2	12	
113	12	9	17	28	臺北市	文山區	文山區老泉街燈桿0701918號	24.98037567	121.5651428	0	0	1	5	7	5	5	11	9	1	5	4	5	13	4	4	9	5	5	2	13	4	9	1	3	2	8	1		1	3	1	
113	12	9	17	29	臺北市	中山區	中山區長安西路19巷2弄與長安西路口	25.0502058	121.5202531	0	0	2	3	8	5	5	4	1	1	5	4	5	13	2	1	5	5	5	2	16	1	6	1	7	1	8	1		1	3	5	
113	12	9	17	31	臺北市	中山區	中山區濱江街357號前	25.0725188	121.5525326	0	0	1	2	7	5	5	14	7	1	5	4	5	13	1	1	1	4	5	2	17	4	9	1	3	1	8	1		1	3	1	
113	12	9	17	39	臺北市	信義區	信義區松勤街與松平路99巷口	25.0319048	121.567612	0	0	1	2	7	5	5	3	1	1	5	4	5	13	4	4	5	4	5	2	16	4	5	1	3	1	8	1		1	3	4	
113	12	9	17	41	臺北市	南港區	南港區市民大道8段與南港路2段41巷口	25.0526346	121.6031867	0	0	2	2	8	5	5	4	2	1	5	4	5	13	1	1	1	4	5	2	16	4	5	1	3	1	10	1		2	2	11	
113	12	9	17	41	臺北市	文山區	文山區木新路3段與木新路3段232巷7弄口	24.98184365	121.5589669	0	0	2	2	8	6	5	14	9	2	5	4	5	13	4	4	10	5	5	2	17	4	9	1	5	1	10	1		1	2	11	
113	12	9	17	50	臺北市	內湖區	內湖區瑞湖街與民權東路6段15巷口	25.0690026	121.5765173	0	0	2	2	8	5	5	4	1	1	5	4	5	12	1	1	5	4	5	1	17	1	5	1	6	1	10	1		1	2	14	