年	月	日	時	分	縣市	行政區	allLocation	GoogleLat	GoogleLng	死	2-30	受傷	當事人數	天候	道路照明設備	道路類別	道路型態	事故位置	路面狀況1	路面狀況2	路面狀況3	道路障礙1	道路障礙2	號誌1	號誌2	車道劃分-分向	車道劃分-分道1	車道劃分-分道2	車道劃分-分道3	事故類型及型態	行動電話	當事者行動狀態	駕駛資格情形	保護裝置	飲酒情形	駕駛執照種類	個人肇逃否	肇因碼-主要	性別	受傷程度	車輛撞擊部位1	車輛撞擊部位2
113	12	9	18	9	臺北市	內湖區	內湖區民權東路6段81巷與民權東路6段81巷11弄口	25.069415	121.5877444	0	0	1	3	8	5	5	3	1	1	5	4	5	13	4	4	10	5	5	2	16	1	9	1	5	1	10	1		1	3	11	
113	12	9	18	14	臺北市	大安區	大安區金華街190號	25.02976979	121.5315861	0	0	1	2	7	5	5	14	9	1	5	4	5	13	4	4	10	5	5	2	16	1	7	1	7	1	8	1		2	3	4	
113	12	9	18	40	臺北市	松山區	松山區民權東路4段東往西方向022號燈桿	25.0628998	121.561997	0	0	1	2	7	5	5	14	9	1	4	4	5	13	4	4	10	5	5	2	12	4	8	1	6	1	10	1		1	3	13	
113	12	9	18	50	臺北市	內湖區	內湖區堤頂大道1段與新湖一路口	25.0585926	121.5735518	0	0	1	2	7	5	5	3	2	1	4	4	5	13	4	4	1	3	5	1	12	4	15	1	3	1	4	1		1	3	2	
113	12	9	19	0	臺北市	萬華區	萬華區東園街73巷與東園街35巷口	25.02749831	121.4945196	0	0	1	2	8	5	5	3	2	1	5	4	5	13	3	1	10	5	5	2	13	1	15	1	6	1	10	1		1	2	13	
113	12	9	19	4	臺北市	中山區	中山區市民大道2段與林森北路口	25.04795203	121.5236908	0	0	1	2	8	5	5	4	2	1	5	4	5	13	1	1	1	4	5	2	11	4	7	1	3	1	8	1		1	3	4	
113	12	9	19	11	臺北市	文山區	文山區木柵路1段與辛亥路6段口	24.9878277	121.5524075	0	0	1	2	7	6	5	4	1	1	5	4	5	13	1	1	10	5	5	2	16	1	5	1	7	1	8	1		1	3	1	
113	12	9	19	12	臺北市	士林區	士林區延平北路6段159號	25.08947134	121.5072796	0	0	3	3	7	5	5	14	9	1	5	4	5	13	4	4	5	5	5	2	17	1	1	1	6	2	10	1		2	2	14	
113	12	9	19	13	臺北市	內湖區	內湖區行愛路與行忠路口	25.0659373	121.5787964	0	0	1	2	7	5	5	4	1	1	5	4	5	13	1	1	5	4	4	2	10	1	15	1	7	1	8	1		1	3	1	
113	12	9	19	29	臺北市	大安區	往西(和平東路二段20號對面)	25.0259322	121.5362034	0	0	1	2	8	5	5	14	7	1	5	4	5	13	4	4	1	4	4	2	17	4	15	1	6	1	10	1		1	3	17	
113	12	9	19	51	臺北市	萬華區	萬華區康定路與廣州街口	25.0366086	121.5014716	0	0	1	2	7	5	5	4	1	1	5	4	5	13	2	1	8	3	5	1	17	4	11	1	3	1	8	1		1	3	17	
113	12	9	19	57	臺北市	北投區	北投區稻香路1204246號燈桿	25.1438514	121.4861781	0	0	1	2	7	5	5	11	9	1	2	4	5	13	4	4	9	5	5	1	18	1	9	1	5	1	10	1		2	2	14	
113	12	9	20	3	臺北市	大同區	大同區鄭州路與太原路口	25.0491833	121.5149114	0	0	1	2	7	5	5	3	1	1	5	4	5	13	3	1	1	4	5	2	16	1	6	1	7	1	8	1		1	3	2	
113	12	9	20	24	臺北市	北投區	北投區石牌路1段與石牌路1段166巷口	25.1145292	121.513475	0	0	2	3	8	5	5	3	1	1	5	4	5	13	2	1	5	4	5	2	17	1	5	1	6	1	9	1		1	2	13	
113	12	9	20	31	臺北市	士林區	士林區中正路與延平北路6段口口	25.08692988	121.50916	0	0	2	3	8	5	5	4	1	1	5	4	5	13	2	1	10	4	5	2	16	1	5	1	7	1	8	1		1	3	6	
113	12	9	21	0	臺北市	中山區	中山區北安路與大直街口	25.08036956	121.5467518	0	0	2	3	7	5	5	4	1	1	5	4	5	13	1	1	3	4	5	2	12	1	15	1	6	1	10	1		2	2	11	
113	12	9	21	0	臺北市	大同區	大同區承德路3段283巷	25.0728009	121.5197225	0	0	1	2	8	5	5	14	9	1	5	4	5	13	4	4	10	5	5	2	16	1	5	1	7	1	8	1		1	3	4	
113	12	9	22	25	臺北市	大同區	大同區民生西路76號	25.0576157	121.5203712	0	0	1	2	8	5	5	14	9	1	5	3	5	13	1	1	9	4	5	1	13	4	9	1	3	1	8	1		1	3	1	
113	12	10	0	16	臺北市	中山區	中山區南京東路1段96號	25.0519224	121.5263411	0	0	1	3	7	5	5	14	7	1	5	4	5	13	4	4	3	4	4	2	17	1	1	1	7	1	8	1		1	3	3	
113	12	10	5	29	臺北市	南港區	南港區昆陽街157巷與昆陽街口口	25.0494487	121.5943792	0	0	1	2	6	5	5	3	1	1	4	4	5	13	2	1	5	2	5	2	17	4	5	1	6	1	10	1		1	3	14	
113	12	10	7	19	臺北市	北投區	北投區中央北路4段與中央北路4段60巷口	25.1343393	121.4770493	0	0	1	2	8	6	5	3	1	1	5	4	5	13	4	4	5	4	4	2	12	1	10	1	5	9	10	1		1	2	14	
113	12	10	7	35	臺北市	士林區	士林區仰德大道1段與仰德大道1段6巷口口	25.1007978	121.5376731	0	0	3	3	7	7	5	5	1	1	5	4	5	13	2	1	10	5	5	2	16	4	9	1	3	1	10	1		2	2	17	
113	12	10	7	55	臺北市	士林區	士林區忠誠路1段與德行東路132巷7弄口	25.10688729	121.5297389	0	0	1	2	8	6	5	3	1	1	5	4	5	13	4	4	10	5	5	2	17	4	9	1	3	2	8	1		1	3	17	
113	12	10	7	58	臺北市	中山區	中山區長春路172號	25.0548337	121.5340736	0	0	2	3	8	7	5	14	9	1	5	4	5	13	4	4	9	4	5	2	17	1	9	1	5	1	10	1		1	3	11	
113	12	10	8	5	臺北市	內湖區	內湖區民權東路6段與康寧路3段口	25.0730373	121.6062859	0	0	1	2	6	5	5	3	1	1	4	4	5	13	1	1	1	5	5	2	17	1	6	1	5	2	10	1		1	2	14	
113	12	10	8	30	臺北市	大同區	大同區台北橋機慢車道	25.0631275	121.5090813	0	0	1	2	8	6	5	8	11	1	5	4	5	13	4	4	1	4	4	2	17	4	8	1	5	1	10	1		1	3	13	
113	12	10	8	37	臺北市	內湖區	內湖區康寧路3段75巷137號	25.0748959	121.6099119	0	0	1	2	7	7	8	14	9	1	4	4	5	13	3	1	9	5	5	2	3	1	9	1	7	1	8	1		1	3	1	
113	12	10	8	37	臺北市	內湖區	內湖區民權東路6段與舊宗路1段口	25.06578719	121.5750147	0	0	1	2	7	5	5	4	1	1	4	4	5	13	1	1	1	5	5	2	17	4	5	1	3	11	10	2		2	4	17	
113	12	10	8	43	臺北市	內湖區	內湖區成功路4段294巷與成功路4段口	25.0847186	121.5977289	0	0	1	2	8	6	5	3	1	1	4	4	5	13	4	4	1	5	5	2	16	1	6	1	6	11	10	1		2	2	14	
113	12	10	8	44	臺北市	信義區	信義區忠孝東路5段217號	25.0410743	121.5703867	0	0	3	4	6	6	5	14	9	1	4	4	5	13	4	4	3	3	5	2	13	1	1	1	7	2	4	1		1	3	17	
113	12	10	8	50	臺北市	中山區	中山區民權東路3段2號	25.0622996	121.5376951	0	0	1	3	8	6	5	14	9	1	5	4	5	13	4	4	1	4	5	2	13	1	8	1	5	1	10	1		2	2	11	
113	12	10	8	50	臺北市	萬華區	萬華區西園路2段243-4號	25.0265365	121.4933845	0	0	1	2	7	7	5	14	9	1	5	4	5	13	4	4	1	5	5	2	13	1	15	1	5	1	10	1		1	2	11	
113	12	10	8	51	臺北市	中山區	中山區民生東路1段與民生東路1段70巷口	25.0580026	121.5264261	0	0	1	2	8	6	5	4	2	1	5	4	5	13	4	4	5	4	5	2	15	1	9	1	5	1	10	1		2	2	12	
113	12	10	9	0	臺北市	信義區	信義區吳興街與莊敬路178巷口	25.0313002	121.5602259	0	0	1	2	7	5	5	3	2	1	4	4	5	13	4	4	10	5	5	2	18	1	6	1	6	1	10	1		2	2	12	
113	12	10	9	6	臺北市	內湖區	內湖區內湖路1段與內湖路1段591巷口	25.0807016	121.5733303	0	0	1	2	7	7	5	4	1	1	4	4	5	13	1	1	1	1	4	1	17	4	21	7	3	11	19	2		1	4	15	
113	12	10	9	7	臺北市	北投區	北投區石牌路1段與承德路7段口	25.1126532	121.5092604	0	0	1	2	8	6	5	4	1	1	2	4	5	13	1	1	5	4	5	2	17	1	15	1	7	9	2	1		1	3	17	
113	12	10	9	8	臺北市	大同區	大同區延平北路3段146號	25.0674562	121.5107657	0	0	2	2	8	6	5	14	9	1	5	4	5	13	4	4	5	4	5	2	17	4	11	1	5	1	10	1		1	2	14	
113	12	10	9	20	臺北市	內湖區	內湖區民權大橋西往東機車道(西往東第8支路燈)	25.06385	121.5695645	0	0	1	2	6	6	5	8	11	1	4	4	5	13	4	4	2	2	4	2	13	1	9	1	5	1	10	1		1	3	11	
113	12	10	9	48	臺北市	信義區	信義區基隆路1段與松隆路口	25.0434024	121.5657527	0	0	1	2	6	6	5	4	1	1	4	4	5	13	2	1	8	3	5	2	17	4	15	1	3	1	8	1		1	3	1	
113	12	10	10	19	臺北市	文山區	文山區福和橋機車專用道(7510071燈桿)	25.0098393	121.5363237	0	0	1	2	7	6	5	8	11	1	5	4	5	13	4	4	10	4	3	2	17	1	8	1	6	1	10	1		2	3	13	
113	12	10	10	24	臺北市	文山區	文山區木新路2段79巷12弄16號	24.9843868	121.5710852	0	0	1	3	6	7	5	14	9	1	4	4	5	13	4	4	9	5	5	2	11	1	7	1	7	2	8	1		1	3	17	
113	12	10	10	30	臺北市	士林區	士林區中山北路6段與克強路口	25.10872559	121.5251826	0	0	1	2	8	5	5	4	1	1	5	4	5	13	2	1	1	4	5	2	12	4	1	1	3	9	10	1		1	2	14	
113	12	10	10	55	臺北市	萬華區	萬華區萬大路423巷20弄與萬大路449巷口	25.0205115	121.4992866	0	0	1	2	7	7	5	4	2	1	5	4	5	13	4	4	10	5	5	2	17	1	9	7	6	9	19	1		1	3	17	
113	12	10	10	56	臺北市	萬華區	萬華區中華路1段與南寧路口	25.0372255	121.5064206	0	0	1	2	7	5	5	5	1	1	5	4	5	13	1	1	1	4	1	2	17	1	9	8	4	1	20	1		2	2	11	
113	12	10	11	21	臺北市	中山區	中山區民權西路40號	25.0627359	121.5211562	0	0	1	2	7	5	5	14	9	1	5	4	5	13	4	4	3	4	5	2	13	4	9	1	3	1	10	1		2	2	11	
113	12	10	11	49	臺北市	中正區	中正區羅斯福路1段與南海路口口	25.0327235	121.5178058	0	0	1	2	8	6	5	5	1	1	5	4	5	13	1	1	10	4	5	1	17	1	8	1	7	2	8	1		1	3	2	
113	12	10	12	0	臺北市	大安區	大安區通化街171巷36號對面	25.0277584	121.5549477	0	0	1	2	6	6	5	14	9	1	4	4	5	13	4	4	9	5	5	2	16	4	1	1	3	1	8	1		1	3	8	
113	12	10	12	7	臺北市	大安區	大安區仁愛路4段266巷與仁愛路4段300巷口口	25.0370449	121.5534033	0	0	1	2	7	6	5	4	1	1	5	4	5	13	2	1	5	4	5	2	17	4	6	1	3	1	4	1		1	3	8	
113	12	10	13	46	臺北市	中正區	中正區信義路2段213號	25.0337106	121.5307389	0	0	1	2	8	6	5	14	9	1	5	4	5	13	4	4	1	4	5	2	12	1	8	1	6	2	10	1		1	2	12	
113	12	10	14	4	臺北市	中山區	中山區南京東路1段92號	25.0520192	121.5268677	0	0	1	2	7	5	5	14	9	1	5	4	5	13	4	4	3	4	5	2	28	4	8	1	3	1	10	1		2	2	11	
113	12	10	14	5	臺北市	信義區	信義區逸仙路與松高路口	25.0392312	121.5615273	0	0	1	2	7	5	5	5	1	1	5	4	5	13	2	1	9	2	5	2	13	1	9	3	7	9	18	1		2	3	8	
113	12	10	14	7	臺北市	大同區	大同區承德路1段與太原路133巷口口	25.0527897	121.5174309	0	0	1	2	7	5	5	3	2	1	5	4	5	13	4	4	10	5	5	2	17	1	8	1	5	1	10	1		1	3	17	
113	12	10	14	40	臺北市	內湖區	內湖區成功路4段與金湖路口	25.08383213	121.5948066	0	0	1	2	7	5	5	4	1	1	4	4	5	13	2	1	9	4	4	2	11	1	9	1	6	2	10	1		1	2	11	
113	12	10	15	0	臺北市	松山區	松山區民生東路4段80巷1弄與民生東路4段80巷口	25.0576365	121.5529781	0	0	1	2	8	6	5	4	1	1	5	4	5	13	4	4	5	5	5	2	15	1	9	1	7	1	8	1		1	3	1	
113	12	10	15	0	臺北市	松山區	松山區興安街194號	25.05608456	121.5452323	0	0	1	3	8	6	5	14	9	1	5	4	3	10	4	4	9	4	5	2	17	1	1	1	6	1	10	1		2	2	11	
113	12	10	15	45	臺北市	大同區	大同區寧夏路155號口	25.0615014	121.5141543	0	0	1	2	8	6	5	14	9	1	5	4	5	13	4	4	9	4	5	2	16	1	8	1	7	2	8	1		1	3	5	
113	12	10	16	28	臺北市	內湖區	內湖區東湖路136號	25.0680656	121.6167384	0	0	1	2	6	7	5	14	9	1	4	4	5	13	4	4	9	4	5	2	12	1	8	1	5	1	10	2		1	4	12	
113	12	10	17	12	臺北市	內湖區	內湖區民權東路6段與成功路2段口	25.07094852	121.5941022	0	0	1	2	7	5	5	3	2	1	5	4	5	13	4	4	1	5	5	2	17	1	6	1	7	2	8	1		1	3	5	
113	12	10	17	25	臺北市	信義區	信義區吳興街432巷與吳興街口口	25.0242471	121.5680916	0	0	1	3	7	5	8	4	1	1	5	4	5	13	4	4	5	4	5	2	17	1	5	1	6	1	10	1		1	3	11	
113	12	10	17	30	臺北市	士林區	士林區通河西街1段堤外溜冰場前	25.0850849	121.5128451	0	0	2	2	7	5	5	14	9	1	5	4	5	13	4	4	9	5	5	2	9	1	15	1	6	9	10	1		1	2	11	
113	12	10	17	32	臺北市	萬華區	萬華區堤外便道(近忠孝橋下)	25.0475436	121.5045386	0	0	2	2	7	5	5	14	11	1	5	4	5	13	4	4	4	1	5	2	17	1	9	1	6	1	10	1		2	2	14	12
113	12	10	17	40	臺北市	萬華區	萬華區和平西路3段與南寧路口	25.03516781	121.5032638	0	0	1	2	8	5	5	5	1	1	5	4	5	13	2	1	1	2	5	2	17	4	5	1	7	1	4	1		1	2	5	
113	12	10	17	41	臺北市	文山區	文山區木柵路5段43巷電桿3號旁	25.00560074	121.5847189	0	0	1	2	7	5	5	11	9	1	4	4	5	13	4	4	5	5	5	2	18	1	9	1	5	1	10	1		1	2	12	
113	12	10	17	55	臺北市	內湖區	內湖區潭美街與安康路32巷口	25.0610681	121.5948364	0	0	1	2	7	5	5	3	2	1	4	4	5	13	4	4	5	5	5	2	17	4	1	6	6	11	18	2		1	3	17	
113	12	10	18	2	臺北市	中山區	中山區遼寧街與遼寧街201巷口	25.04815403	121.5476337	0	0	1	2	8	5	5	4	1	1	5	4	5	13	4	4	8	5	5	2	16	4	11	1	3	1	8	1		1	3	1	
113	12	10	18	5	臺北市	內湖區	內湖區康寧路3段245巷與五分街14巷口	25.06633881	121.6133595	0	0	2	2	6	6	5	3	1	1	4	4	5	13	4	4	9	4	5	2	16	1	5	1	6	1	10	1		2	2	14	
113	12	10	18	7	臺北市	信義區	信義區松山路213號	25.0450852	121.5778121	0	0	1	3	7	5	5	14	7	1	5	4	5	13	2	1	8	3	3	2	13	1	9	1	7	1	8	1		2	3	1	
113	12	10	18	27	臺北市	松山區	松山區南京東路5段123巷與南京東路5段59巷27弄口	25.0529698	121.5608152	0	0	1	2	7	5	5	4	1	1	5	4	5	13	4	4	5	5	5	2	16	1	5	1	6	2	10	1		2	2	14	
113	12	10	18	30	臺北市	中山區	中山區八德路2段與市民大道3段口	25.0450944	121.5347143	0	0	1	2	7	5	6	5	2	1	5	4	5	13	2	1	8	3	5	1	17	1	6	1	7	1	8	1		1	3	4	
113	12	10	18	35	臺北市	信義區	信義區松仁路240巷7號	25.0246944	121.5691728	0	0	1	2	7	5	5	14	9	1	5	4	5	13	4	4	10	5	5	1	6	1	9	1	7	2	8	1		1	3	5	
113	12	10	18	48	臺北市	中山區	中山區民權東路2段與民權東路2段135巷口	25.06256299	121.5351221	0	0	2	2	7	5	5	4	1	1	5	4	5	13	2	1	1	5	5	1	16	4	6	1	3	1	10	1		2	2	12	
113	12	10	19	16	臺北市	中山區	中山區大佳河濱公園迎風足球場停車場	25.073587	121.5470214	0	0	1	2	7	5	5	14	9	1	5	4	5	13	4	4	8	5	5	1	16	4	6	1	3	1	8	1		1	3	5	
113	12	10	19	16	臺北市	信義區	信義區忠孝東路5段與中坡南路口	25.0442279	121.5818584	0	0	2	3	8	5	5	4	1	1	5	4	5	13	1	1	3	4	5	2	12	4	9	1	3	1	8	1		1	3	2	
113	12	10	19	30	臺北市	信義區	信義區松仁路與松仁路253巷口	25.0254318	121.5691028	0	0	1	2	7	5	5	4	1	1	5	4	5	13	3	1	5	5	5	1	17	1	5	1	7	2	8	1		1	3	6	
113	12	10	19	40	臺北市	文山區	文山區興隆路3段與興德路口	25.0006416	121.5551793	0	0	2	3	8	5	5	3	1	1	5	4	5	13	2	1	1	4	5	2	16	1	11	1	7	11	8	1		1	3	4	
113	12	10	19	41	臺北市	士林區	士林區德行東路與德行東路331巷口口	25.11046692	121.5374487	0	0	1	2	7	5	5	4	1	1	5	4	5	13	3	1	5	5	5	2	17	1	5	8	6	1	20	1		2	2	14	
113	12	10	19	49	臺北市	士林區	士林區至誠路2段13號	25.1022058	121.5303335	0	0	1	2	8	5	8	14	9	1	5	4	5	13	3	1	9	5	5	1	17	1	4	1	5	1	10	1		1	2	14	
113	12	10	21	32	臺北市	士林區	士林區承德路5段與中正路口	25.0911381	121.5164058	0	0	1	2	8	5	5	4	1	1	5	4	5	13	1	1	10	5	1	1	15	1	9	1	5	1	10	1		1	2	11	
113	12	10	21	40	臺北市	南港區	南港區玉成街與玉成街140巷口	25.0450991	121.5831664	0	0	1	2	7	5	5	3	2	1	5	4	5	13	4	4	9	5	5	2	13	1	9	1	6	1	10	1		1	3	11	
113	12	10	22	10	臺北市	大同區	大同區民生西路171巷與萬全街口	25.05808999	121.5171967	0	0	4	4	8	5	5	4	1	1	5	4	5	13	4	4	10	5	5	2	15	1	9	1	6	1	10	1		2	2	14	
113	12	10	22	32	臺北市	萬華區	萬華區堤外便道(中興橋下)	25.04455461	121.5007928	0	0	3	6	8	5	7	14	11	1	5	4	5	13	4	4	2	5	5	2	17	1	9	1	5	1	10	1		1	3	11	
113	12	10	22	50	臺北市	大同區	大同區西寧北路與鄭州路口	25.0505884	121.5081478	0	0	1	2	8	5	5	14	9	1	5	4	5	13	2	1	9	4	5	1	16	4	9	1	3	1	10	1		1	3	11	
113	12	10	22	53	臺北市	內湖區	內湖區民權東路6段190巷與民權東路6段206巷口	25.0657349	121.5943222	0	0	2	3	8	5	5	4	1	1	5	4	5	13	4	4	9	5	5	2	17	1	9	1	7	2	8	1		1	3	5	
113	12	10	23	29	臺北市	內湖區	內湖區內湖路1段737巷與內湖路1段737巷61弄口	25.08089317	121.5791535	0	0	1	2	7	6	5	3	2	1	5	4	5	13	4	4	9	4	5	2	3	1	5	1	7	2	4	1		1	3	1	
113	12	10	23	40	臺北市	文山區	文山區新光路2段燈桿0707754號	24.99848041	121.5795329	0	0	1	2	7	5	5	14	9	1	5	4	5	13	4	4	1	4	5	2	29	4	9	1	3	9	10	1		1	2	14	
113	12	11	0	11	臺北市	內湖區	內湖區舊宗路1段與行善路口	25.0589649	121.580884	0	0	1	2	8	5	5	4	1	1	5	4	5	13	1	1	1	5	5	2	13	1	15	1	7	2	2	1		1	3	8	
113	12	11	0	31	臺北市	大安區	大安區市民大道4段與敦化南路1段口	25.0446897	121.5491777	0	0	1	2	7	5	5	4	1	1	5	4	5	13	1	1	1	4	1	2	17	4	9	1	3	1	10	1		2	2	11	
113	12	11	2	3	臺北市	中正區	中正區福和橋往新北市上橋處	25.01089367	121.5362735	0	0	1	2	7	5	5	14	9	1	5	4	5	13	4	4	1	4	5	2	18	1	9	1	5	6	10	1		1	2	11	
113	12	11	5	11	臺北市	信義區	信義區基隆路2段149號	25.0282947	121.5568267	0	0	1	2	7	5	5	14	9	1	5	4	5	13	4	4	1	4	5	1	2	1	9	1	6	2	10	1		1	3	11	
113	12	11	7	6	臺北市	信義區	信義區松德路169巷與松德路口側附近133巷口	25.0363395	121.5759208	0	0	1	2	8	7	5	4	1	1	5	4	5	13	4	4	5	5	5	2	15	4	9	1	6	1	10	1		1	2	11	
113	12	11	7	25	臺北市	北投區	北投區石牌路2段與石牌路2段99巷口	25.1177468	121.5170153	0	0	1	2	8	7	5	3	1	1	5	4	5	13	2	1	5	4	5	2	9	1	5	1	7	2	8	1		2	3	4	
113	12	11	7	43	臺北市	內湖區	內湖區民權東路6段192號	25.0686391	121.5948641	0	0	1	2	8	6	5	14	9	1	5	4	5	13	2	1	1	4	4	2	13	1	9	6	5	2	10	1		1	3	11	
113	12	11	7	50	臺北市	文山區	文山區老泉街與老泉街26巷口口	24.9762398	121.5575274	0	0	2	2	8	6	5	3	1	1	5	4	5	13	3	1	10	5	5	1	16	1	5	5	6	1	18	1		1	2	14	
113	12	11	8	6	臺北市	內湖區	內湖區環山路2段26巷與環山路2段口	25.0858498	121.5724868	0	0	2	2	7	6	5	3	1	1	5	4	5	13	4	4	5	4	5	2	15	1	1	1	6	1	10	1		2	2	14	
113	12	11	8	19	臺北市	南港區	南港區南深路(南向北)	25.0277731	121.6230933	0	0	1	2	6	6	5	14	7	1	4	4	5	13	4	4	5	5	4	2	12	4	9	1	3	1	8	1		1	3	6	
113	12	11	8	23	臺北市	南港區	南港區舊莊街1段與舊莊街1段91巷口	25.0407131	121.6192423	0	0	2	3	7	6	5	3	2	1	5	4	5	13	3	1	5	5	5	2	16	1	9	1	6	1	10	1		2	2	11	
113	12	11	8	30	臺北市	中山區	中山區民族東路2號	25.06848849	121.523605	0	0	3	3	8	5	5	14	9	1	5	4	5	13	4	4	1	4	5	2	16	4	6	1	3	1	10	1		1	2	12	
113	12	11	8	31	臺北市	中山區	中山區內湖路1段與堤頂大道2段口	25.0847027	121.5601021	0	0	1	2	8	6	5	14	9	1	5	4	5	13	2	1	1	5	5	2	12	1	7	1	6	1	10	1		1	2	11	
113	12	11	9	3	臺北市	大安區	大安區復興南路1段與大安路1段116巷口	25.0396444	121.5438001	0	0	2	3	7	5	5	4	2	1	5	4	5	13	1	1	1	2	5	2	17	1	9	1	6	1	10	1		2	2	13	
113	12	11	9	5	臺北市	內湖區	內湖區內湖路3段與內湖路2段355巷口	25.084574	121.5927422	0	0	1	2	8	6	5	4	2	1	5	4	5	8	4	4	10	5	5	2	17	1	9	1	7	1	8	1		1	3	4	
113	12	11	9	20	臺北市	士林區	士林區重陽橋往臺北市機車道下橋處	25.0862909	121.5080733	0	0	2	3	7	7	5	14	11	1	5	4	5	13	4	4	9	3	5	2	12	4	9	1	3	1	10	1		1	3	11	
113	12	11	9	27	臺北市	松山區	松山區敦化北路與敦化北路155巷口口	25.0543286	121.5493635	0	0	1	2	8	7	5	4	1	1	5	4	5	13	2	1	1	4	4	2	17	1	6	1	7	1	8	1		1	3	4	
113	12	11	9	37	臺北市	中山區	中山區吉林路與長春路口	25.0548117	121.530093	0	0	1	2	7	6	5	4	1	1	5	4	5	13	1	1	5	4	5	2	16	4	6	1	5	1	10	1		1	3	14	
113	12	11	9	41	臺北市	大同區	大同區民生西路與延平北路口側附近2段口	25.0569075	121.5115532	0	0	1	3	7	5	5	5	1	1	5	4	5	13	2	1	5	4	5	2	10	1	15	1	6	1	10	1		2	2	12	
113	12	11	10	21	臺北市	大安區	大安區信義路4段與敦化南路2段口	25.0331773	121.5485154	0	0	2	3	7	6	5	4	1	1	5	4	5	13	1	1	1	4	5	2	16	1	6	1	7	1	8	1		1	3	2	
113	12	11	10	30	臺北市	文山區	文山區秀明路1段97號	24.9902293	121.5657695	0	0	1	2	8	7	5	14	7	1	5	4	5	13	4	4	1	5	4	2	12	1	7	1	5	1	10	1		1	2	14	
113	12	11	11	2	臺北市	松山區	松山區饒河街61巷與松河街口	25.0457984	121.585708	0	0	3	4	7	6	5	3	1	1	5	4	5	13	4	4	8	4	5	2	17	1	9	1	6	1	10	1		2	2	15	
113	12	11	11	10	臺北市	大安區	大安區溫州街12巷24弄與溫州街12巷口	25.0257953	121.5317926	0	0	1	2	8	5	5	3	2	1	5	4	5	13	4	4	10	5	5	1	14	1	2	1	7	2	7	1		1	3	3	
113	12	11	11	19	臺北市	中正區	中正區南昌路1段153號	25.0292914	121.5186544	0	0	1	2	8	6	5	14	9	1	5	4	5	13	4	4	9	5	5	2	16	1	11	1	6	1	10	1		2	2	14	
113	12	11	11	28	臺北市	大安區	大安區延吉街97巷5號(廢鐵道)	25.0433781	121.5552783	0	0	1	2	8	7	5	14	9	1	5	4	5	12	4	4	1	4	4	2	12	4	14	1	3	11	8	1		1	3	8	
113	12	11	11	30	臺北市	內湖區	內湖區瑞光路280號與江南街口	25.0760036	121.575484	0	0	1	2	8	7	5	3	1	1	5	4	5	13	2	1	5	4	5	1	16	1	5	1	7	2	8	1		1	3	2	
113	12	11	11	34	臺北市	松山區	松山區民權東路3段181號	25.0620849	121.5482367	0	0	3	3	8	5	5	14	9	1	5	4	5	13	2	1	1	3	5	2	13	1	9	1	5	2	10	1		1	2	11	
113	12	11	12	2	臺北市	大安區	大安區永康街與潮州街口	25.0283875	121.5296071	0	0	1	2	8	5	5	4	1	1	5	4	5	13	4	4	10	5	5	2	15	1	9	1	7	1	2	1		1	3	1	
113	12	11	12	5	臺北市	中正區	中正區三元街與寧波西街口	25.0279751	121.511273	0	0	1	2	8	7	5	4	4	1	5	4	5	13	1	1	1	4	4	2	12	4	7	1	5	1	10	1		1	3	13	
113	12	11	12	30	臺北市	大安區	大安區新生南路3段76巷與溫州街74巷3弄口	25.0192952	121.5322803	0	0	1	2	8	6	5	4	1	1	5	4	3	10	4	4	10	5	5	2	15	1	9	1	7	1	2	1		1	3	1	
113	12	11	13	57	臺北市	北投區	北投區北投路2段與大業路口(東北角）	25.1346414	121.496466	0	0	1	2	8	6	5	5	1	1	5	4	5	13	1	1	1	5	5	2	16	1	6	1	7	2	8	1		1	3	2	
113	12	11	14	12	臺北市	大安區	大安區復興南路1段與忠孝東路3段口	25.0416011	121.5436797	0	0	2	2	8	7	5	14	9	1	5	4	5	13	2	1	1	4	5	2	13	4	9	1	3	1	10	1		1	2	11	
113	12	11	14	22	臺北市	中山區	中山區民權東路3段39巷與龍江路331巷口	25.06271908	121.5425545	0	0	2	3	7	5	5	4	1	1	5	4	5	13	4	4	9	5	5	2	15	4	9	1	3	1	10	1		1	2	11	
113	12	11	14	28	臺北市	士林區	士林區中山北路6段785號	25.11652525	121.5285938	0	0	1	2	8	7	5	14	9	1	5	4	5	13	4	4	1	5	5	2	17	1	1	1	7	1	8	1		1	3	8	
113	12	11	14	29	臺北市	中山區	中山區長春路187號	25.0547882	121.5377391	0	0	1	3	8	7	5	14	9	1	5	4	5	13	4	4	9	4	5	2	3	5	16	8	4	10	20	1		2	3	16	
113	12	11	14	42	臺北市	信義區	信義區環東大道下基隆路匝道與永吉路口	25.0457615	121.5672568	0	0	1	2	7	6	5	5	2	1	5	4	5	13	2	1	1	4	5	2	17	1	9	1	6	2	9	2		4	2	17	
113	12	11	15	13	臺北市	南港區	南港區東新街與東新街64巷口	25.04735	121.5858793	0	0	2	3	7	6	5	4	2	1	5	4	5	13	1	1	5	5	5	2	3	1	5	1	3	2	8	1		1	3	1	
113	12	11	16	18	臺北市	中山區	中山區民權東路1段與中山北路2段口	25.06326567	121.5225668	0	0	2	2	7	5	5	4	1	1	5	4	5	13	1	1	1	4	5	2	16	4	6	1	3	1	10	1		1	2	13	