年	月	日	時	分	縣市	行政區	allLocation	GoogleLat	GoogleLng	死	2-30	受傷	當事人數	天候	道路照明設備	道路類別	道路型態	事故位置	路面狀況1	路面狀況2	路面狀況3	道路障礙1	道路障礙2	號誌1	號誌2	車道劃分-分向	車道劃分-分道1	車道劃分-分道2	車道劃分-分道3	事故類型及型態	行動電話	當事者行動狀態	駕駛資格情形	保護裝置	飲酒情形	駕駛執照種類	個人肇逃否	肇因碼-主要	性別	受傷程度	車輛撞擊部位1	車輛撞擊部位2
113	12	11	16	23	臺北市	中正區	中正區重慶南路2段與南海路口	25.0318893	121.5144063	0	0	1	2	8	7	5	4	1	1	5	4	5	13	1	1	1	4	5	2	16	4	5	1	5	1	10	1		2	3	13	
113	12	11	16	25	臺北市	中正區	中正區羅斯福路4段68號	25.014529	121.5343811	0	0	1	2	8	6	5	14	9	1	5	4	5	13	1	1	1	4	5	1	12	1	8	1	6	1	10	1		1	2	12	
113	12	11	16	27	臺北市	松山區	松山區八德路3段74巷14弄與八德路3段12巷51弄口	25.046145	121.5520221	0	0	2	2	7	5	5	4	1	1	5	4	5	13	4	4	5	5	5	2	15	1	9	8	4	2	20	1		1	2	12	
113	12	11	16	42	臺北市	大安區	大安區金山南路2段與潮州街口	25.028876	121.5263916	0	0	1	2	8	5	5	4	2	1	5	4	5	13	2	1	8	3	5	1	16	1	5	1	5	2	10	1		1	2	12	
113	12	11	16	47	臺北市	信義區	信義區忠孝東路5段71巷與永吉路30巷148弄口	25.0427663	121.5673691	0	0	2	2	7	5	5	4	1	1	5	4	5	13	4	4	5	5	5	2	15	1	9	1	5	1	10	1		1	2	14	
113	12	11	17	5	臺北市	大同區	大同區鄭州路與西寧北路口	25.05045706	121.5082115	0	0	1	2	7	6	5	4	1	1	5	4	5	13	2	1	8	3	5	1	16	4	9	1	3	2	8	1		1	3	5	
113	12	11	17	13	臺北市	萬華區	萬華區寶興街與萬大路424巷口	25.02136529	121.4959874	0	0	1	2	8	7	5	4	2	1	5	4	5	13	2	1	9	4	5	2	13	1	9	1	7	1	8	1		1	3	5	
113	12	11	17	14	臺北市	中正區	中正區水源路173號	25.0241037	121.5140692	1	0	1	4	8	5	5	14	9	1	5	4	5	13	4	4	10	4	5	2	29	1	7	1	5	9	10	1		1	1	11	
113	12	11	17	15	臺北市	內湖區	內湖區康寧路3段245巷與五分街14巷口	25.0663223	121.6133813	0	0	1	2	7	5	6	3	1	1	5	4	5	13	4	4	5	5	5	2	12	1	5	8	2	2	20	1		1	3	13	
113	12	11	17	26	臺北市	松山區	松山區民生東路5段與民生東路5段36巷口	25.0584141	121.5568563	0	0	1	2	8	5	5	14	9	1	5	4	5	13	1	1	1	3	5	2	9	1	9	1	3	1	2	1		1	3	17	
113	12	11	17	30	臺北市	內湖區	內湖區成功路2段與成功路2段312巷口	25.06686062	121.590625	0	0	1	2	8	5	5	14	9	1	5	4	5	13	4	4	1	4	5	2	17	1	9	1	6	1	9	1		1	2	12	
113	12	11	17	37	臺北市	萬華區	萬華區東園街91號	25.0255706	121.4966418	0	0	2	2	7	5	6	14	9	1	5	4	5	13	4	4	9	5	5	2	16	1	5	8	4	1	20	1		1	2	12	
113	12	11	17	40	臺北市	內湖區	內湖區成功路3段與陽光街口	25.0774022	121.589883	0	0	1	2	7	5	5	4	1	1	5	4	5	13	1	1	5	5	5	2	17	1	6	1	7	1	8	1		1	3	5	
113	12	11	17	41	臺北市	中山區	中山區樂群三路58號	25.08263838	121.5534992	0	0	1	2	8	7	5	14	9	1	5	4	5	13	4	4	9	5	5	2	17	1	1	1	7	1	8	1		2	3	1	
113	12	11	17	44	臺北市	文山區	文山區三福街4巷(0703106燈桿)	24.99646241	121.5428191	0	0	1	2	8	5	5	14	9	1	5	4	5	13	4	4	10	5	5	2	17	1	13	1	7	1	8	1		2	3	4	
113	12	11	17	45	臺北市	中正區	中正區濟南路2段與忠孝東路2段134巷口	25.040258	121.5316351	0	0	1	2	7	5	6	4	1	1	5	4	5	13	4	4	10	5	5	2	17	1	5	1	5	2	8	1		2	2	12	
113	12	11	17	48	臺北市	南港區	南港區市民大道8段與興中路口	25.05335291	121.6076217	0	0	1	2	7	5	5	4	2	1	5	4	5	13	2	1	5	2	5	2	17	1	11	1	6	1	10	1		1	3	14	
113	12	11	18	10	臺北市	松山區	松山區長安東路2段259號	25.04862279	121.5461815	0	0	2	3	7	5	5	14	9	1	5	4	5	13	4	4	10	5	5	2	6	5	18	8	4	10	20	1		1	2	16	
113	12	11	18	18	臺北市	中山區	中山區松江路133巷與南京東路2段115巷口	25.0543585	121.5336441	0	0	2	3	8	5	5	4	1	1	5	4	5	13	4	4	9	5	5	2	17	1	9	1	7	2	4	1		1	3	4	
113	12	11	18	20	臺北市	士林區	士林區中正路與福林路口	25.0964186	121.5318945	0	0	1	2	8	5	5	4	1	1	5	4	5	13	1	1	10	5	5	1	16	1	6	1	5	1	10	1		1	2	12	
113	12	11	18	30	臺北市	中正區	中正區中山南路與青島西路口	25.0446689	121.5186299	0	0	2	2	8	5	5	14	9	1	5	4	5	13	4	4	5	4	5	2	17	1	1	1	6	1	10	1		1	2	12	
113	12	11	18	30	臺北市	南港區	南港區玉成街與中坡北路50巷口	25.0470599	121.5823478	0	0	1	3	7	5	5	3	1	1	5	4	5	13	1	1	5	5	5	2	15	1	9	1	3	1	8	1		2	3	1	
113	12	11	18	48	臺北市	北投區	北投區中央北路2段與中央北路2段350巷口	25.1384664	121.4882805	0	0	2	3	7	5	5	3	1	1	5	4	5	13	1	1	4	4	5	2	16	1	5	1	5	2	10	1		1	2	13	
113	12	11	18	52	臺北市	北投區	北投區建民路125巷27號	25.10609969	121.5130981	0	0	2	2	8	5	5	14	9	1	5	4	5	13	4	4	10	5	5	2	16	1	5	6	5	1	10	1		1	2	14	
113	12	11	18	55	臺北市	北投區	北投區大興街24巷與大興街24巷6弄口	25.12939233	121.4986121	0	0	1	2	7	5	5	4	1	1	5	4	5	13	4	4	10	5	5	2	17	1	9	1	7	1	8	1		1	3	4	
113	12	11	19	18	臺北市	中山區	中山區合江街與合江街58巷口	25.05577525	121.5391073	0	0	1	2	7	5	5	4	1	1	5	4	5	13	4	4	4	5	5	1	11	4	15	8	2	1	20	1		1	2	12	
113	12	11	19	20	臺北市	中正區	中正區博愛路與愛國西路口	25.0359437	121.5108453	0	0	2	3	7	5	5	4	1	1	5	4	5	13	1	1	1	4	5	2	17	1	6	1	7	2	8	1		1	3	2	
113	12	11	19	20	臺北市	北投區	北投區尊賢街302巷與石牌路1段39巷口	25.11809763	121.5085808	0	0	1	2	8	5	5	4	1	1	5	4	5	13	4	4	10	5	5	2	15	1	9	1	5	1	10	1		2	2	14	
113	12	11	19	49	臺北市	萬華區	萬華區西園路1段與大理街口	25.0344708	121.4993791	0	0	1	2	8	6	5	4	1	1	5	4	5	13	4	4	9	5	5	2	15	4	9	1	3	1	4	1		1	3	2	
113	12	11	20	11	臺北市	士林區	士林區承德路5段與承德路5段150巷口	25.09774737	121.5132082	0	0	2	4	8	5	5	4	2	1	5	4	5	13	1	1	10	4	4	1	17	1	9	1	6	2	10	1		1	3	14	
113	12	11	20	36	臺北市	南港區	南港區南湖大橋(南向北)	25.0617915	121.6133753	0	0	1	2	7	5	5	8	7	1	5	4	5	13	4	4	2	4	4	1	18	4	9	2	3	1	18	1		1	2	14	
113	12	11	21	6	臺北市	北投區	北投區中央北路2段與稻香路口	25.13806585	121.4943348	0	0	1	2	8	5	5	14	9	1	5	4	5	13	1	1	9	4	5	2	17	1	5	1	7	1	8	1		1	3	2	
113	12	11	21	32	臺北市	松山區	松山區撫遠街451號	25.07066456	121.5646557	0	0	1	2	7	6	5	14	9	1	5	4	5	13	4	4	1	3	4	2	17	4	6	1	3	1	8	1		1	3	17	
113	12	11	21	43	臺北市	中正區	中正區重慶南路2段與南海路口	25.031841	121.5143511	0	0	1	2	8	5	5	5	1	1	5	4	5	13	1	1	10	4	5	2	17	1	9	1	7	1	8	1		1	3	5	
113	12	11	21	50	臺北市	士林區	士林區華齡街與福港街259巷口	25.08412468	121.5193752	0	0	1	2	7	5	5	3	2	1	5	4	5	13	4	4	9	5	5	2	3	1	5	1	7	2	8	1		1	3	1	
113	12	11	22	1	臺北市	大同區	大同區民生西路159號	25.05727673	121.5176605	0	0	1	3	7	5	5	14	9	1	5	4	5	13	4	4	5	2	5	2	17	1	9	1	5	1	10	1		1	3	11	
113	12	11	23	15	臺北市	中山區	中山區民權東路2段與松江路口	25.0625513	121.5335552	0	0	1	2	7	5	5	14	9	1	5	4	5	13	2	1	8	3	5	1	17	1	9	1	5	1	10	1		1	3	11	
113	12	12	2	47	臺北市	中山區	中山區中山北路2段42巷無名巷	25.0546368	121.5216688	0	0	1	2	8	5	5	4	1	1	5	4	5	13	4	4	10	5	5	2	15	1	9	1	7	1	4	1		1	3	5	
113	12	12	4	30	臺北市	中山區	中山區林森北路518號	25.062359	121.5255682	0	0	1	2	7	5	5	14	9	1	5	4	5	13	1	1	9	4	5	2	17	1	1	1	5	1	10	1		1	3	14	
113	12	12	5	40	臺北市	士林區	士林區承德路5段監理站	25.09415152	121.5145451	0	0	1	3	8	5	5	14	8	1	5	4	5	13	4	4	1	4	3	1	17	1	8	1	7	1	8	1		1	3	3	
113	12	12	6	1	臺北市	萬華區	萬華區堤外便道與長順街口口水門	25.0325146	121.4885456	0	0	1	2	7	5	5	4	1	1	5	4	5	13	2	1	5	5	5	2	3	1	5	1	7	1	4	1		1	3	1	
113	12	12	6	45	臺北市	北投區	北投區中央北路3段與中央北路3段40巷口	25.1381971	121.4856532	0	0	1	2	7	6	5	3	1	1	5	4	5	13	1	1	5	4	5	1	17	1	9	1	5	1	10	1		1	3	11	
113	12	12	7	20	臺北市	大安區	大安區敦化南路1段187巷與忠孝東路4段181巷口	25.0425724	121.5507668	0	0	1	2	7	6	5	4	1	1	5	4	5	13	4	4	10	5	5	2	15	1	9	1	6	1	10	1		1	2	11	
113	12	12	7	34	臺北市	松山區	松山區延壽街18巷與健康路325巷24弄口	25.0565694	121.5687486	0	0	1	2	7	5	5	4	1	1	5	4	5	13	4	4	9	5	5	2	17	4	5	1	3	1	8	1		1	3	8	
113	12	12	7	40	臺北市	大安區	大安區辛亥路3段330號(二殯前)	25.0143846	121.5525483	0	0	1	2	7	7	5	14	9	1	5	4	5	13	4	4	8	3	5	1	17	1	15	1	7	1	4	1		1	3	7	
113	12	12	8	12	臺北市	文山區	文山區興隆路3段與興德路口	25.0005802	121.5553273	0	0	1	2	7	6	5	14	9	1	5	4	5	13	2	1	1	4	5	2	12	1	1	1	7	2	3	1		1	3	8	
113	12	12	8	21	臺北市	大同區	大同區鄭州路與西寧北路口	25.0506123	121.5082644	0	0	2	2	8	7	5	4	2	1	5	4	5	13	2	1	1	4	5	2	17	4	9	1	3	1	10	1		1	2	11	
113	12	12	8	30	臺北市	中山區	中山區民生東路2段與吉林路口	25.0579312	121.5301626	0	0	3	3	7	7	5	4	1	2	5	4	5	13	1	1	5	4	5	2	17	4	8	3	3	1	18	1		1	2	12	
113	12	12	8	45	臺北市	萬華區	萬華區桂林路244巷與桂林路242巷口	25.03849312	121.4955445	0	0	3	3	8	6	5	5	1	1	5	4	5	13	1	1	1	5	5	2	12	1	9	1	6	1	10	1		1	2	12	
113	12	12	8	58	臺北市	北投區	北投區東華街1段與建民路口	25.1103105	121.5187194	0	0	1	2	7	5	5	3	1	1	5	4	5	13	4	4	9	4	5	2	17	1	6	1	7	1	8	1		1	3	7	
113	12	12	9	7	臺北市	松山區	信義區基隆路汽機車混合地下道往北(上坡處滅火器旁)	25.03311878	121.5663206	0	0	1	2	7	5	5	7	9	1	5	4	5	13	4	4	10	2	5	2	9	5	17	8	4	2	20	1		1	2	16	
113	12	12	9	41	臺北市	中山區	中山區中山北路4段(圓山下坡道口)	25.0754098	121.5257338	0	0	1	2	7	5	5	14	9	1	5	4	5	13	1	1	7	4	4	2	13	4	9	1	3	1	10	1		1	2	11	
113	12	12	9	49	臺北市	大安區	大安區復興南路2段17號	25.03225308	121.5437237	0	0	1	2	7	5	5	14	8	1	5	4	5	13	4	4	1	3	1	1	17	1	6	1	7	1	4	1		1	3	2	
113	12	12	11	7	臺北市	文山區	文山區景興路與景興路85巷口口	24.9960132	121.5448208	0	0	1	2	6	6	5	3	2	1	4	4	5	13	4	4	10	5	5	2	15	1	9	1	7	2	8	1		1	3	5	
113	12	12	11	10	臺北市	文山區	文山區木柵路3段84號	24.9886081	121.56683	0	0	2	2	6	6	6	14	9	1	4	4	5	13	4	4	9	5	5	1	3	5	16	8	4	10	20	1		1	2	16	
113	12	12	11	32	臺北市	大安區	大安區信義路4段與敦化南路2段口	25.0331588	121.5490877	0	0	1	2	8	7	5	5	1	1	5	4	5	13	1	1	8	3	5	2	17	4	6	7	3	11	19	2		4	4	15	
113	12	12	11	43	臺北市	萬華區	萬華區萬大路329巷與長泰街52巷口	25.0238612	121.500739	0	0	1	2	7	6	5	4	1	1	5	4	5	13	4	4	10	5	5	2	16	4	6	1	5	1	10	1		1	2	12	
113	12	12	11	45	臺北市	內湖區	內湖區江南街71巷65弄與江南街65巷口	25.0762279	121.579019	0	0	2	2	7	5	5	4	2	1	5	4	5	13	4	4	4	1	5	1	12	4	15	8	3	1	20	1		1	2	14	
113	12	12	12	0	臺北市	大安區	大安區和平東路2段96巷與和平東路2段118巷6弄口口	25.0240085	121.5415437	0	0	1	3	7	6	5	3	1	1	4	4	5	13	4	4	9	5	5	2	10	4	9	1	3	1	10	1		1	2	11	
113	12	12	12	10	臺北市	內湖區	內湖區金龍路與內湖路3段141巷口	25.086281	121.5892188	0	0	2	2	7	6	5	4	1	1	5	4	5	13	2	1	5	4	5	2	16	1	11	1	6	1	9	1		2	2	11	
113	12	12	12	31	臺北市	松山區	松山區南京東路4段6號	25.0515806	121.551579	0	0	1	2	8	7	6	14	12	1	5	4	5	13	4	4	1	4	4	2	17	1	1	1	7	1	8	1		1	3	8	
113	12	12	12	55	臺北市	北投區	北投區大業路與豐年路2段口北往南	25.1347391	121.4963545	0	0	1	3	8	5	5	4	2	1	5	4	5	13	1	1	9	4	5	1	12	1	8	1	7	2	8	1		1	3	17	
113	12	12	13	3	臺北市	信義區	信義區虎林街164巷與虎林街164巷60弄口	25.0378417	121.5744744	0	0	1	3	6	6	5	4	1	1	4	4	3	10	4	4	10	5	5	2	15	1	9	1	6	2	10	1		1	2	11	
113	12	12	13	3	臺北市	大安區	大安區忠孝東路3段30號	25.0418395	121.5349185	0	0	1	2	7	6	5	14	20	4	5	4	5	13	4	4	10	5	5	2	17	4	1	1	3	1	8	1		1	3	5	
113	12	12	13	19	臺北市	中正區	中正區羅斯福路2段與和平西路1段口	25.0272737	121.5221038	0	0	1	3	7	7	5	4	1	1	5	4	5	13	1	1	1	4	5	2	17	1	6	1	7	1	7	1		1	3	6	
113	12	12	13	24	臺北市	北投區	北投區自強街61巷與自強街31巷口	25.1110912	121.5126582	0	0	2	2	8	6	5	4	1	1	5	4	5	13	4	4	10	5	5	2	15	1	9	1	6	2	10	1		2	2	14	
113	12	12	14	2	臺北市	中山區	中山區松江路207號	25.0573595	121.533183	0	0	1	3	7	7	5	14	9	1	5	4	5	13	4	4	1	4	5	2	17	1	14	1	7	1	4	1		1	3	2	
113	12	12	14	25	臺北市	中正區	中正區中山南路與忠孝西路1段口	25.0456375	121.5191424	0	0	1	4	7	6	5	4	2	1	5	4	5	13	1	1	1	4	5	2	16	1	7	1	7	1	8	1		1	3	4	
113	12	12	14	29	臺北市	中山區	中山區中山北路3段往南、圓山花博公車站前	25.06964049	121.5230888	0	0	1	3	7	7	5	14	9	1	5	4	5	10	4	4	1	4	5	2	13	4	9	1	6	1	10	1		1	2	11	
113	12	12	14	40	臺北市	中正區	中正區南海路58號	25.0311351	121.5115401	0	0	1	2	7	7	5	14	9	1	5	4	5	13	1	1	10	4	5	2	13	1	9	1	5	1	10	1		1	2	12	
113	12	12	15	0	臺北市	信義區	信義區虎林街164巷30號與虎林街164巷口	25.0387795	121.5756694	0	0	2	3	7	5	5	4	2	1	5	4	5	13	4	4	10	5	5	2	16	1	6	1	7	2	8	1		1	3	8	
113	12	12	15	2	臺北市	北投區	北投區明德路與明德路337巷口	25.1168351	121.5201796	0	0	1	2	7	6	6	3	2	1	5	4	5	13	4	4	10	5	5	2	17	1	6	1	7	1	8	1		2	3	8	
113	12	12	15	18	臺北市	中正區	中正區博愛路25號	25.04558454	121.5113416	0	0	1	2	8	6	5	14	9	1	5	4	5	13	4	4	10	4	5	2	12	1	1	1	5	1	10	1		2	2	14	
113	12	12	16	10	臺北市	信義區	信義區基隆路1段88號	25.046296	121.567325	0	0	1	2	7	5	5	14	9	1	5	4	5	13	4	4	5	5	5	2	12	1	15	1	7	2	4	1		1	3	5	
113	12	12	16	18	臺北市	中正區	中正區常德街與中山南路口	25.04096743	121.5175896	0	0	1	2	7	7	5	3	2	1	5	4	5	13	1	1	9	4	5	2	16	1	15	1	7	2	4	1		1	3	5	
113	12	12	16	30	臺北市	士林區	士林區延平北路7段106巷與延平北路7段176巷44弄口	25.1032935	121.4960399	0	0	1	2	8	5	5	3	2	1	5	4	5	13	4	4	10	5	5	1	16	1	5	1	7	2	8	1		1	3	4	
113	12	12	16	36	臺北市	士林區	士林區中山北路5段647號	25.0966005	121.52761	0	0	1	3	7	7	8	14	9	1	5	4	5	13	4	4	4	5	5	1	17	1	1	1	7	1	2	1		1	3	5	
113	12	12	16	38	臺北市	文山區	文山區萬樂街21號停車格前	24.99911533	121.5686189	0	0	1	2	6	6	5	14	9	1	4	4	5	13	4	4	5	5	5	2	18	1	9	1	5	1	10	1		1	2	12	
113	12	12	16	45	臺北市	中正區	中正區中華路1段與忠孝西路1段口	25.0481602	121.510199	0	0	1	3	8	7	5	4	1	1	5	4	5	13	1	1	1	4	5	2	17	1	8	1	5	1	10	1		2	2	14	
113	12	12	17	39	臺北市	內湖區	內湖區康寧路1段與金湖路口	25.0786607	121.5996932	0	0	2	2	6	5	5	3	1	1	4	4	5	13	2	1	1	4	4	2	16	1	5	1	5	2	10	1		2	2	12	
113	12	12	18	53	臺北市	松山區	松山區八德路3段12巷與八德路3段口	25.0481414	121.5507384	0	0	1	2	8	5	5	3	1	1	5	4	5	13	1	1	8	3	5	1	17	1	5	1	3	1	4	1		1	3	15	
113	12	12	18	55	臺北市	士林區	士林區至誠路1段88號與雙溪街口	25.10143086	121.5350225	0	0	2	2	7	5	5	3	2	1	5	4	5	13	4	4	10	4	5	1	17	1	11	8	2	1	20	1		2	2	15	
113	12	12	19	0	臺北市	中正區	中正區林森南路地下道北往南	25.0377411	121.5210501	0	0	2	4	8	5	5	14	9	1	5	4	5	13	4	4	6	1	5	2	13	1	9	1	5	2	10	1		2	2	11	
113	12	12	19	4	臺北市	內湖區	內湖區新明路與南京東路6段368巷口	25.0580161	121.5870976	0	0	1	2	7	5	5	3	1	1	5	4	5	13	1	1	8	3	5	1	16	1	5	1	7	1	8	1		1	3	2	
113	12	12	19	15	臺北市	松山區	松山區南京東路5段與光復北路口	25.0512207	121.557933	0	0	2	2	7	5	5	5	2	1	5	4	5	13	1	1	1	3	5	2	13	1	15	1	6	1	10	1		1	2	12	
113	12	12	19	20	臺北市	中山區	中山區錦西街9號	25.05800522	121.5222604	0	0	1	2	8	5	5	14	9	1	5	4	5	13	4	4	9	5	5	2	3	1	9	1	7	1	4	1		1	3	1	
113	12	12	19	30	臺北市	信義區	信義區吳興街481號	25.0235406	121.5695113	0	0	1	3	8	5	5	14	9	1	5	4	5	13	4	4	10	5	5	2	13	1	9	1	6	1	10	1		2	2	11	
113	12	12	19	40	臺北市	內湖區	內湖區成功路2段219號	25.067136	121.5907165	0	0	1	3	8	5	5	14	9	1	5	4	5	13	1	1	1	5	5	2	13	1	9	1	7	2	7	1		1	3	1	
113	12	12	19	40	臺北市	內湖區	內湖區新明路174巷與新明路口	25.0573988	121.5855026	0	0	1	2	7	6	5	3	1	1	5	4	5	13	2	1	5	4	5	2	17	1	11	1	7	1	8	1		1	3	6	
113	12	12	20	0	臺北市	文山區	文山區萬美街1段與萬樂街口	25.0016148	121.5658981	0	0	1	6	6	5	5	14	9	1	4	4	5	13	3	1	10	5	5	1	13	1	9	1	5	1	10	1		2	2	11	
113	12	12	20	42	臺北市	信義區	信義區基隆路1段3號	25.0489154	121.5692474	0	0	1	2	8	5	5	14	9	1	5	4	5	13	1	1	1	3	5	2	13	1	9	1	6	1	9	1		1	3	11	
113	12	12	21	0	臺北市	士林區	士林區光華路26巷與光華路口	25.13694607	121.5425346	0	0	3	3	6	5	5	4	2	1	4	4	5	13	4	4	10	5	5	1	17	1	9	1	6	1	10	1		1	2	14	
113	12	12	21	11	臺北市	文山區	文山區興隆路2段153巷與興隆路2段口	25.0003404	121.5485962	0	0	1	2	8	5	5	3	18	1	5	4	5	13	2	1	10	5	5	2	2	1	5	1	7	2	8	1		2	3	8	
113	12	12	21	12	臺北市	萬華區	萬華區西園路2段296號	25.0265868	121.4932527	0	0	2	2	7	5	5	14	9	1	5	4	5	13	4	4	1	4	5	2	3	5	16	8	4	10	20	1		1	2	16	
113	12	12	21	28	臺北市	南港區	南港區忠孝東路6段474號	25.0505175	121.5947835	0	0	2	3	7	5	5	14	9	1	4	4	5	13	4	4	3	4	5	2	12	4	8	1	3	1	8	1		1	3	2	
113	12	12	21	30	臺北市	士林區	士林區承德路4段179巷7號	25.08789961	121.523739	0	0	1	4	8	5	5	14	9	1	5	4	5	13	4	4	5	5	5	1	17	1	9	1	7	1	4	1		1	3	1	
113	12	12	21	39	臺北市	中正區	中正區八德路1段60號	25.043907	121.531295	0	0	1	3	8	5	5	14	9	1	5	4	5	13	4	4	4	4	5	2	17	1	15	1	5	2	10	1		2	2	14	
113	12	12	22	15	臺北市	中山區	中山區市民大道2段與林森北路口西側迴轉道	25.05158032	121.5087346	0	0	1	2	8	5	5	3	1	1	5	4	5	13	4	4	10	5	5	2	17	1	11	3	7	1	18	1		1	3	15	
113	12	12	22	40	臺北市	中山區	中山區龍江路與合江街55巷口	25.0568878	121.5405817	0	0	1	2	7	5	5	4	1	1	5	4	5	13	4	4	9	5	5	2	15	1	9	1	5	2	10	1		2	2	11	
113	12	12	23	14	臺北市	松山區	松山區東興路與南京東路5段250巷口	25.0507078	121.565477	0	0	1	2	6	5	5	3	1	1	4	4	5	13	4	4	5	4	5	2	16	1	6	1	7	1	6	1		1	3	2	
113	12	12	23	20	臺北市	南港區	南港區松河街與南港路3段256巷口	25.0532714	121.5845663	0	0	2	3	8	5	5	3	1	1	5	4	5	13	4	4	5	4	5	2	17	1	5	1	7	2	8	1		1	3	4	
113	12	13	2	15	臺北市	萬華區	萬華區昆明街與洛陽街口	25.0478401	121.5062333	0	0	2	2	7	5	5	3	1	1	5	4	5	13	3	1	10	3	5	1	3	4	9	1	3	1	10	1		1	2	11	
113	12	13	2	38	臺北市	萬華區	萬華區環河南路1段與漢口街2段口	25.0464835	121.5036807	0	0	2	2	7	5	5	3	1	1	5	4	5	13	3	1	9	4	5	2	16	1	5	1	6	1	10	1		1	2	12	
113	12	13	3	12	臺北市	大安區	大安區文昌街與文昌街250巷口	25.0322732	121.555742	0	0	1	2	7	5	5	4	1	1	5	4	5	13	4	4	9	5	5	2	15	1	9	1	7	1	8	1		1	3	5	
113	12	13	6	45	臺北市	中正區	中正區中華路1段與愛國西路口	25.03745411	121.5070231	0	0	1	2	7	5	5	5	2	1	5	4	5	13	1	1	1	3	1	2	17	1	5	1	7	1	8	1		1	3	8	
113	12	13	7	21	臺北市	北投區	北投區稻香路與中央北路2段口	25.1388436	121.4909894	0	0	1	3	7	5	5	3	2	1	5	4	5	13	4	4	5	4	5	2	13	4	9	1	3	2	10	1		1	2	11	
113	12	13	7	46	臺北市	中山區	中山區植福路286巷與敬業四路口	25.08135322	121.5465106	0	0	1	2	7	6	5	3	1	1	5	4	5	13	4	4	5	5	5	2	17	1	5	1	7	1	8	1		1	3	17	
113	12	13	8	0	臺北市	中山區	中山區明水路397巷與明水路口側附近397巷7弄口	25.0780583	121.5477335	0	0	1	2	7	5	5	4	1	1	5	4	5	13	4	4	9	5	5	2	17	4	9	1	3	1	8	1		2	3	8	
113	12	13	8	13	臺北市	南港區	南港區市民大道7段與向陽路口	25.0514034	121.5953899	0	0	1	2	7	6	5	4	1	1	5	4	5	13	2	1	1	3	5	2	16	4	6	1	3	1	8	1		2	3	3	
113	12	13	8	20	臺北市	內湖區	內湖區東湖路與康樂街口	25.0680923	121.6173292	0	0	3	5	7	7	5	5	4	1	5	4	5	13	2	1	5	4	5	2	13	1	9	1	7	7	8	1		1	3	1	
113	12	13	8	26	臺北市	大同區	大同區重慶北路2段與南京西路口	25.0540406	121.514021	0	0	2	2	7	6	5	5	1	1	5	4	5	13	2	1	5	4	5	2	17	1	9	3	6	2	18	1		1	2	11	
113	12	13	8	28	臺北市	松山區	松山區八德路4段與東興路口	25.0489002	121.5653745	0	0	1	2	7	5	5	4	1	1	5	4	5	13	2	1	5	4	5	2	17	4	8	1	3	1	8	1		1	3	5	
113	12	13	8	37	臺北市	萬華區	萬華區西園路2段183號	25.0277822	121.4948462	0	0	2	2	6	7	5	14	9	1	4	4	5	13	4	4	1	3	5	2	13	1	9	1	5	1	10	1		1	2	11	
113	12	13	8	44	臺北市	中山區	中山區民權東路2段142號	25.06263175	121.5337009	0	0	1	2	7	5	5	14	9	1	5	4	5	13	4	4	1	4	5	2	17	4	9	1	3	1	10	1		2	2	11	
113	12	13	8	48	臺北市	南港區	南港區松河街與重陽路口側附近263巷口	25.0584639	121.6026132	0	0	1	2	7	7	5	3	1	1	5	4	5	13	4	4	5	5	5	2	16	1	5	1	7	2	8	1		2	3	1	
113	12	13	8	56	臺北市	南港區	南港區研究院路1段130巷與研究院路1段130巷口029路燈	25.0445287	121.6123112	0	0	1	2	7	6	5	14	9	1	5	4	3	13	4	4	10	5	5	2	10	1	9	1	6	1	10	1		1	2	11	
113	12	13	8	58	臺北市	北投區	北投區中央北路4段與中央北路4段30巷口	25.1350413	121.4781415	0	0	1	2	7	6	5	3	1	1	5	4	5	13	1	1	5	4	5	1	13	1	9	1	5	1	10	1		1	2	11	
113	12	13	9	23	臺北市	南港區	南港區忠孝東路6段與忠孝東路6段278巷口	25.0492367	121.5891592	0	0	1	2	7	6	5	3	1	1	5	4	5	13	2	1	1	4	5	2	16	4	11	1	3	2	8	1		1	3	2	
113	12	13	9	50	臺北市	內湖區	內湖區瑞光路122巷42弄與瑞光路132巷口	25.0718221	121.5796709	0	0	1	2	7	6	5	3	1	1	5	4	4	8	4	4	10	5	5	1	17	1	5	1	7	1	8	1		1	3	8	
113	12	13	10	14	臺北市	南港區	南港區研究院路1段與中南街123巷口	25.0519735	121.6160041	0	0	1	2	7	6	6	4	1	1	5	4	5	13	2	1	1	3	5	2	16	4	5	1	3	1	8	1		1	3	2	
113	12	13	10	29	臺北市	中正區	中正區羅斯福路4段196巷與汀州路3段口口	25.0115701	121.5359333	0	0	1	3	7	6	5	4	1	1	5	4	5	13	4	4	5	5	5	2	15	4	9	1	3	1	8	1		1	3	1	
113	12	13	10	41	臺北市	內湖區	內湖區舊宗路1段135號	25.0606145	121.57906	0	0	1	2	7	6	5	14	9	1	5	4	5	13	4	4	10	5	5	2	17	1	1	1	7	1	8	1		2	3	8	