年	月	日	時	分	縣市	行政區	allLocation	GoogleLat	GoogleLng	死	2-30	受傷	當事人數	天候	道路照明設備	道路類別	道路型態	事故位置	路面狀況1	路面狀況2	路面狀況3	道路障礙1	道路障礙2	號誌1	號誌2	車道劃分-分向	車道劃分-分道1	車道劃分-分道2	車道劃分-分道3	事故類型及型態	行動電話	當事者行動狀態	駕駛資格情形	保護裝置	飲酒情形	駕駛執照種類	個人肇逃否	肇因碼-主要	性別	受傷程度	車輛撞擊部位1	車輛撞擊部位2
113	12	13	10	55	臺北市	北投區	北投區大業路264號	25.1268428	121.4982649	0	0	1	2	7	6	5	14	9	1	5	4	5	13	2	1	1	4	4	2	12	1	7	6	5	1	18	1		1	2	14	
113	12	13	11	11	臺北市	信義區	信義區基隆路1段141號口	25.043354	121.5657966	0	0	1	5	8	6	8	14	9	1	5	4	5	13	4	4	1	3	5	2	13	1	9	3	7	1	18	1		1	3	1	
113	12	13	11	18	臺北市	內湖區	內湖區內湖路1段與內湖路1段285巷口	25.0824182	121.5675214	0	0	1	2	8	6	5	3	2	1	5	4	5	13	2	1	1	4	4	2	17	1	5	1	5	1	10	1		1	2	11	
113	12	13	11	20	臺北市	松山區	松山區八德路3段12巷52弄與八德路3段8巷口	25.0461912	121.5496343	0	0	1	2	7	6	5	4	1	1	5	4	5	13	1	1	9	4	5	2	12	1	9	1	7	9	8	1		1	3	4	
113	12	13	11	20	臺北市	萬華區	萬華區西園路1段與和平西路3段口	25.0349668	121.4992895	0	0	1	2	7	6	5	4	1	1	5	4	5	13	1	1	3	4	5	2	16	4	11	3	3	1	18	1		1	3	2	
113	12	13	11	30	臺北市	中正區	中正區金山南路1段與忠孝東路2段口	25.04310882	121.5297512	0	0	2	2	6	6	5	4	1	1	4	4	5	13	2	1	1	4	5	2	15	1	15	1	5	2	10	1		1	2	14	
113	12	13	11	48	臺北市	松山區	松山區南京東路4段與健康路口	25.0518509	121.552628	0	0	1	2	7	7	5	4	1	1	5	4	5	13	1	1	9	4	5	2	3	1	6	1	7	1	8	1		1	3	2	
113	12	13	11	49	臺北市	文山區	文山區木新路2段225號	24.9835052	121.5674369	0	0	1	2	7	6	5	14	9	2	5	4	5	13	4	4	5	4	5	2	17	4	1	6	5	1	10	1		1	3	11	
113	12	13	11	56	臺北市	文山區	文山區光輝路與木柵路1段260巷口	24.9874372	121.5550567	0	0	1	2	6	6	5	3	2	1	4	4	5	13	4	4	10	5	5	2	18	4	9	1	3	2	10	1		1	2	17	
113	12	13	12	10	臺北市	中山區	中山區五常街53巷與龍江路356巷口	25.0660256	121.5396239	0	0	1	2	8	6	5	4	1	1	5	4	6	12	4	4	5	4	5	2	15	4	9	1	3	1	8	1		1	3	8	
113	12	13	12	24	臺北市	松山區	松山區南京東路5段313號	25.0514385	121.5667187	0	0	1	3	7	6	5	14	9	1	5	4	5	13	4	4	1	4	5	2	17	1	9	1	5	2	10	1		2	2	11	14
113	12	13	12	55	臺北市	大安區	大安區和平東路3段與樂業街口	25.0244506	121.5501368	0	0	2	3	7	7	5	3	1	1	5	4	5	13	4	4	1	4	5	1	17	1	9	1	6	1	10	1		1	2	11	
113	12	13	13	34	臺北市	中正區	中正區汀州路3段165號	25.015158	121.5321944	0	0	1	2	6	7	5	14	9	1	4	4	5	13	4	4	10	5	5	2	17	1	9	1	5	1	10	1		2	2	14	
113	12	13	13	55	臺北市	中山區	中山區復興北路與錦州街口	25.06018428	121.544116	0	0	1	2	7	6	5	3	1	1	5	4	5	13	1	1	1	4	5	2	17	1	5	1	7	1	4	1		1	3	2	
113	12	13	14	18	臺北市	信義區	信義區松仁路101號對面	25.0361565	121.5682683	0	0	1	2	8	6	5	14	9	1	5	4	5	13	4	4	1	4	5	1	12	1	10	1	5	1	10	1		1	2	13	
113	12	13	15	4	臺北市	文山區	文山區興隆路4段與興隆路4段122巷口	24.982611	121.5623112	0	0	1	2	6	6	5	4	1	1	4	4	5	13	1	1	10	5	5	2	15	1	9	1	6	1	10	1		1	3	11	
113	12	13	15	22	臺北市	松山區	松山區八德路4段709巷2號	25.05040433	121.5767914	0	0	1	2	7	7	5	14	9	1	5	4	5	13	4	4	10	5	5	2	17	1	6	1	5	2	10	1		2	2	11	
113	12	13	15	43	臺北市	文山區	文山區和平東路4段與和平東路4段381巷口	24.9994436	121.5740205	0	0	2	3	7	6	5	3	1	1	4	4	5	13	4	4	10	5	5	2	17	1	6	1	7	11	8	1		1	3	17	
113	12	13	15	46	臺北市	士林區	士林區福華路與福華路166巷口	25.1045583	121.5224081	0	0	1	9	7	7	5	3	1	1	5	4	5	13	4	4	10	4	5	1	13	1	14	1	7	2	4	1		2	3	4	
113	12	13	15	49	臺北市	文山區	文山區木柵路3段191號	24.9900462	121.5700049	0	0	1	2	7	6	5	14	9	2	5	4	5	13	4	4	9	5	5	2	17	4	9	1	3	1	4	1		1	3	2	
113	12	13	15	51	臺北市	中山區	中山區北安路85號	25.07839836	121.5298467	0	0	2	4	7	6	5	14	9	1	5	4	5	13	4	4	1	4	5	2	13	4	9	1	6	1	10	1		1	2	11	
113	12	13	15	57	臺北市	大同區	大同區涼州街42號	25.0606907	121.512216	0	0	1	3	7	6	5	14	9	1	5	4	5	13	4	4	10	4	5	2	12	4	3	1	3	1	8	1		1	3	4	
113	12	13	16	10	臺北市	中山區	中山區南京東路1段林森公園	25.05221417	121.5265043	0	0	2	3	7	6	5	14	7	1	5	4	5	13	4	4	3	4	4	2	17	1	9	1	6	1	11	1		2	2	11	
113	12	13	16	14	臺北市	大安區	大安區敦南街51號與無名巷口	25.0229812	121.5466259	0	0	1	2	7	6	5	3	1	1	5	4	5	13	4	4	10	5	5	2	16	1	5	1	6	1	10	1		1	3	17	
113	12	13	16	28	臺北市	中正區	中正區汀州路3段223號	25.0139297	121.5339332	0	0	1	4	7	5	5	14	9	1	5	4	5	13	4	4	9	5	5	2	17	1	1	1	7	9	8	1		2	3	4	
113	12	13	16	29	臺北市	北投區	北投區中央北路4段322號對面	25.1306858	121.4725773	0	0	1	3	7	6	5	14	7	1	5	4	5	13	4	4	9	4	5	2	13	1	9	1	5	2	10	1		2	2	12	
113	12	13	16	31	臺北市	大安區	大安區龍泉街與泰順街26巷口	25.0249585	121.5292991	0	0	1	3	7	6	5	3	1	1	5	4	3	10	4	4	10	5	5	2	17	1	14	1	7	9	4	2		1	3	2	
113	12	13	16	41	臺北市	文山區	文山區新光路1段52號旁	24.98994909	121.5737271	0	0	1	3	7	6	5	14	9	1	5	4	5	13	4	4	9	5	5	2	17	1	9	1	6	1	10	1		2	2	14	
113	12	13	17	0	臺北市	內湖區	內湖區內湖路1段與內湖路1段91巷口	25.0844877	121.5613007	0	0	1	2	8	5	5	4	2	1	5	4	5	13	2	1	1	4	5	2	17	1	7	8	4	1	20	1		1	3	11	
113	12	13	17	1	臺北市	松山區	松山區光復北路與民生東路5段口	25.0583184	121.5554777	0	0	1	2	7	5	5	4	1	1	5	4	5	13	1	1	1	4	5	2	9	1	12	1	2	1	2	1		1	3	17	
113	12	13	17	17	臺北市	內湖區	內湖區新明路與新明路351巷口	25.0563566	121.58311	0	0	2	3	7	5	5	3	2	1	5	4	5	13	4	4	5	4	5	2	17	1	10	1	5	1	10	1		1	2	12	
113	12	13	17	37	臺北市	信義區	信義區忠孝東路5段71巷與基隆路1段147巷口	25.0423667	121.5673801	0	0	1	2	7	5	5	4	2	1	5	4	5	13	4	4	10	5	5	2	1	1	5	1	7	2	8	1		1	3	8	
113	12	13	17	50	臺北市	內湖區	內湖區安美街與潭美街口	25.0604309	121.5963198	0	0	1	2	8	5	5	5	1	1	5	4	5	13	1	1	10	5	5	2	16	1	6	1	7	2	3	1		1	3	2	
113	12	13	18	6	臺北市	內湖區	內湖區康寧路3段與安康路口	25.0653972	121.6107825	0	0	1	2	8	5	5	5	1	1	5	4	5	13	1	1	8	3	5	1	17	1	5	1	7	2	8	1		1	3	2	
113	12	13	18	18	臺北市	萬華區	萬華區光復橋下橋處南往北	25.0256614	121.4923326	0	0	1	3	7	5	7	10	9	1	4	4	5	13	2	1	10	3	5	2	13	1	8	1	6	9	10	1		2	2	13	
113	12	13	18	22	臺北市	大安區	大安區基隆路4段138號	25.0138735	121.5401562	0	0	1	2	7	5	5	14	9	1	5	4	5	13	4	4	1	3	1	2	12	1	8	1	6	1	11	1		1	2	13	
113	12	13	18	24	臺北市	萬華區	萬華區青年路與青年路30巷口	25.0256934	121.5052263	0	0	1	2	6	5	5	3	1	1	4	4	5	13	2	1	8	3	5	1	16	4	11	1	3	1	8	1		1	3	8	
113	12	13	18	54	臺北市	北投區	距承德路7段與承德路7段413巷口往南第一支反光警示桿	25.11915207	121.5002899	0	0	1	2	7	5	5	11	9	2	5	4	5	13	4	4	10	5	5	2	29	1	9	1	5	1	10	1		2	2	12	
113	12	13	19	25	臺北市	信義區	信義區信義路5段17號附近側附近	25.033149	121.5682346	0	0	1	2	8	5	5	14	9	1	5	4	5	13	4	4	8	3	5	1	13	1	9	1	5	1	10	1		1	3	11	
113	12	13	20	20	臺北市	內湖區	內湖區瑞光路與港墘路口	25.0764062	121.5748008	0	0	1	2	7	5	5	4	1	1	5	4	5	13	1	1	1	1	4	1	12	4	15	1	3	1	8	1		2	3	5	
113	12	13	21	7	臺北市	士林區	士林區百齡橋7510213燈桿	25.0890374	121.5137894	0	0	4	4	7	5	5	14	9	1	5	4	5	13	4	4	3	5	5	2	13	1	9	1	6	1	10	1		1	2	11	
113	12	13	21	12	臺北市	南港區	南港區舊莊街1段與舊莊街1段91巷口	25.0407712	121.6191319	0	0	1	3	7	5	5	3	1	1	5	4	5	13	3	1	8	3	5	2	11	4	11	1	3	6	8	1		1	3	4	
113	12	13	21	43	臺北市	中正區	中正區中山南路與青島西路口	25.0445745	121.5191622	0	0	2	2	7	5	5	4	1	1	5	4	5	13	1	1	10	4	5	2	17	4	5	1	6	1	10	1		1	2	11	
113	12	13	21	44	臺北市	南港區	南港區市民大道7段與玉成街口	25.0490357	121.5814347	0	0	1	2	8	5	5	4	1	1	5	4	5	13	2	1	5	4	5	2	10	1	4	1	7	1	8	1		1	3	1	
113	12	13	22	6	臺北市	北投區	北投區石牌路2段與石牌路2段97巷口	25.1175438	121.5166547	0	0	1	2	7	5	5	4	1	1	5	4	5	13	4	4	5	4	5	2	16	1	15	1	7	1	8	1		1	3	6	
113	12	13	22	11	臺北市	中正區	中正區羅斯福路1段7號	25.0334352	121.517892	0	0	2	3	7	5	5	14	8	1	5	4	5	13	4	4	3	4	4	2	13	1	9	1	5	9	10	1		1	3	11	
113	12	13	23	43	臺北市	大同區	大同區長安西路與塔城街口	25.052029	121.5103775	0	0	1	3	7	5	5	4	1	1	5	4	5	13	1	1	5	2	5	2	17	1	5	1	7	2	8	1		1	3	8	
113	12	14	0	24	臺北市	大同區	大同區酒泉街與酒泉街103巷口	25.07199643	121.5148873	0	0	3	3	7	5	5	3	1	1	5	4	5	13	4	4	5	2	5	2	17	1	5	1	6	2	10	1		1	2	11	
113	12	14	1	6	臺北市	信義區	信義區松山路480號	25.0399023	121.5777207	0	0	1	2	7	5	5	14	9	1	5	4	5	13	4	4	1	4	5	2	16	4	6	1	3	2	4	1		1	3	5	
113	12	14	1	9	臺北市	文山區	文山區興隆路2段與興隆路2段154巷口	25.0015002	121.5509763	0	0	1	2	7	5	5	3	1	1	4	4	5	13	3	1	5	5	5	2	17	1	5	1	7	1	4	1		1	3	17	
113	12	14	1	41	臺北市	大安區	大安區辛亥路3段(辛亥芳蘭往東第一個號誌)	25.01623347	121.5497803	0	0	1	3	7	5	5	14	9	1	5	4	5	13	3	1	9	3	5	2	12	1	9	1	7	1	8	1		2	3	6	
113	12	14	1	47	臺北市	大同區	大同區民權西路與民權西路144巷口	25.06290848	121.5159321	0	0	1	2	7	5	5	4	2	1	5	4	5	13	1	1	1	4	5	2	17	1	6	1	7	1	8	1		1	3	6	
113	12	14	5	25	臺北市	內湖區	內湖區民權東路6段280巷42號	25.0692689	121.6070272	0	0	1	2	7	5	5	14	9	1	5	4	5	13	4	4	10	5	5	2	18	1	9	1	2	9	10	1		1	2	12	
113	12	14	8	0	臺北市	信義區	信義區基隆路2段62號	25.0309879	121.558225	0	0	1	2	7	5	5	14	9	1	5	4	5	13	4	4	1	4	5	2	13	1	9	1	6	1	10	1		2	2	11	
113	12	14	8	25	臺北市	文山區	文山區莊敬隧道南往北	25.0073156	121.5662495	0	0	1	2	8	5	5	6	9	1	5	4	5	13	4	4	5	5	5	1	18	1	9	8	4	1	20	1		2	2	14	
113	12	14	9	13	臺北市	內湖區	內湖區大湖山莊街176巷與成功路4段294巷口	25.0867904	121.5993499	0	0	1	2	8	7	5	4	1	1	5	4	5	13	4	4	10	5	5	2	9	5	20	8	4	10	20	1		1	3	16	
113	12	14	9	21	臺北市	內湖區	內湖區康樂街204-8號前	25.0763344	121.6216979	0	0	1	3	8	5	5	14	9	1	5	4	5	13	4	4	9	5	5	2	16	1	1	1	7	9	8	2		1	3	8	
113	12	14	10	44	臺北市	信義區	信義區基隆路1段35巷21號	25.0469672	121.5708271	0	0	1	3	7	6	5	14	9	1	5	4	5	13	4	4	10	5	5	2	16	1	6	1	6	1	10	1		1	3	11	
113	12	14	11	9	臺北市	士林區	士林區天母西路33號	25.11846005	121.5279581	0	0	1	2	7	6	5	14	9	1	5	4	5	13	4	4	5	5	5	2	17	1	5	1	7	2	8	1		1	3	4	
113	12	14	11	10	臺北市	信義區	信義區逸仙路48號	25.0404833	121.5615265	0	0	2	3	8	6	5	14	9	1	5	4	5	13	4	4	9	4	5	2	17	1	8	1	6	1	10	1		1	2	13	
113	12	14	11	42	臺北市	士林區	士林區延平北路7段106巷211號旁	25.10247759	121.4960869	0	0	1	2	7	6	5	14	9	1	5	4	5	13	4	4	10	5	5	2	16	1	5	1	7	1	8	1		1	3	8	
113	12	14	11	45	臺北市	內湖區	內湖區五分街83號	25.0672869	121.6158752	0	0	1	2	7	5	5	14	9	1	5	4	5	13	4	4	10	5	5	1	8	4	1	1	3	2	10	1		2	3	11	
113	12	14	12	43	臺北市	士林區	士林區通河西街1段與重慶北路4段口	25.08759701	121.5118736	0	0	1	2	8	6	5	3	1	1	5	4	5	13	2	1	9	2	5	1	15	1	9	8	4	1	20	1		2	2	12	
113	12	14	13	21	臺北市	北投區	北投區竹子湖路41號旁	25.1725959	121.5341425	0	0	1	2	6	6	5	11	9	1	4	4	5	13	4	4	10	5	5	2	10	1	9	1	7	2	4	1		1	3	8	
113	12	14	14	3	臺北市	中山區	中山區林森北路357號與林森北路口	25.05740609	121.5256382	0	0	1	2	7	6	5	4	1	1	5	4	5	13	4	4	9	4	5	2	17	1	1	1	7	1	4	1		1	3	2	
113	12	14	14	53	臺北市	萬華區	萬華區華中橋機車道往新北市方向(華中021牌面前)	25.0160635	121.4954432	0	0	1	4	7	6	7	8	11	1	5	4	4	13	4	4	9	4	3	1	13	1	12	1	5	1	10	1		1	3	12	14
113	12	14	15	25	臺北市	中正區	中正區北平東路與天津街口	25.0467759	121.5220781	0	0	1	2	8	7	5	4	1	1	5	4	5	13	1	1	6	4	5	2	17	1	6	1	7	1	8	1		1	3	2	
113	12	14	16	10	臺北市	南港區	南港區東明街52號	25.0553961	121.6034542	0	0	1	2	8	6	5	14	9	1	5	4	5	12	4	4	7	5	5	2	14	1	2	1	7	1	8	1		1	3	3	
113	12	14	16	26	臺北市	北投區	北投區承德路7段188巷與尊賢街口	25.1143501	121.5086253	0	0	2	2	8	7	5	4	1	1	5	4	5	13	4	4	10	5	5	1	15	1	9	1	6	1	9	1		2	2	11	
113	12	14	16	58	臺北市	萬華區	萬華區環河南路1段與武昌街2段口	25.04583751	121.5025896	0	0	2	3	8	5	5	4	2	1	5	4	5	13	2	1	4	4	5	2	16	1	8	1	6	1	10	1		1	3	12	
113	12	14	17	12	臺北市	松山區	松山區敦化北路與民權東路4段口	25.0610751	121.5508439	0	0	1	3	7	5	5	4	2	1	4	4	5	13	2	1	1	4	3	2	12	1	7	1	6	1	10	1		1	2	14	
113	12	14	17	15	臺北市	中正區	中正區愛國西路與公園路口	25.0352503	121.5146517	0	0	1	2	8	5	5	11	9	1	5	4	5	13	2	1	1	4	1	2	12	1	15	1	6	2	10	1		1	2	14	
113	12	14	17	43	臺北市	萬華區	萬華區環河南路1段348巷與桂林路242巷口	25.0388672	121.495848	0	0	2	3	7	5	5	5	2	1	5	4	5	13	1	1	1	3	5	2	11	1	5	1	5	1	10	1		1	3	12	
113	12	14	17	55	臺北市	北投區	北投區西安街2段與公館路口	25.1213786	121.5026809	0	0	1	2	8	5	5	14	9	1	5	4	5	13	1	1	9	4	5	2	16	1	5	6	7	1	8	1		1	3	2	
113	12	14	18	12	臺北市	中正區	中正區和平西路1段與南昌路2段口口	25.0268508	121.520905	0	0	1	2	7	5	5	4	1	1	5	4	5	13	1	1	1	4	4	2	17	1	9	1	5	1	10	1		2	2	17	
113	12	14	19	33	臺北市	萬華區	萬華區萬大路與萬大路90巷口	25.0302745	121.5004639	0	0	1	2	7	5	5	3	2	1	5	4	5	13	1	1	9	5	5	2	13	1	9	1	5	1	10	1		2	2	11	
113	12	14	20	4	臺北市	士林區	北投區致遠二路與東華街2段口	25.1178029	121.5135276	0	0	1	2	7	5	5	4	1	1	5	4	5	13	1	1	5	5	5	2	17	1	9	1	6	2	9	1		1	3	11	
113	12	14	20	33	臺北市	松山區	松山區健康路174號對面	25.0539002	121.5583341	0	0	1	2	7	5	5	14	8	1	5	4	5	13	4	4	1	4	4	2	17	1	10	1	7	1	8	1		1	3	6	
113	12	14	21	17	臺北市	大同區	大同區重慶北路3段283號旁	25.0726543	121.5139227	0	0	1	4	8	5	5	14	9	1	5	4	5	13	4	4	1	4	5	2	17	4	1	1	3	2	8	1		1	3	17	
113	12	14	21	31	臺北市	中山區	中山區南京東路2段與伊通街口	25.052129	121.5348972	0	0	3	3	7	5	5	4	2	1	5	4	5	13	2	1	3	4	4	2	17	4	6	1	3	1	10	1		2	2	12	
113	12	14	21	49	臺北市	信義區	信義區松仁路與忠孝東路5段口	25.0409683	121.5685515	0	0	1	3	8	5	5	4	1	1	5	4	5	13	2	1	9	4	5	2	17	1	5	1	5	1	10	1		1	3	13	
113	12	14	22	10	臺北市	大安區	大安區基隆路高架道北往南方向燈桿102號	25.01453733	121.5409618	0	0	4	5	8	5	5	10	9	1	5	4	5	13	4	4	1	4	5	2	17	1	8	1	7	2	8	1		2	2	5	
113	12	14	22	11	臺北市	信義區	信義區莊敬隧道北側附近	25.0100425	121.5652118	0	0	1	2	7	5	5	11	9	1	5	4	5	13	4	4	9	4	5	2	29	1	9	1	5	2	10	1		2	2	12	
113	12	15	1	52	臺北市	信義區	信義區松壽路與基隆路1段口	25.0361214	121.5613258	0	0	1	2	7	5	5	14	9	1	5	4	5	13	1	1	9	4	5	2	13	4	9	7	3	9	19	2		4	4	11	
113	12	15	1	52	臺北市	大安區	大安區基隆路2段與通化街171巷口	25.0274272	121.5559194	0	0	3	3	7	5	5	4	1	1	5	4	5	13	1	1	8	3	5	1	15	1	9	1	5	2	10	1		1	2	11	
113	12	15	2	52	臺北市	大安區	大安區仁愛路4段91巷與仁愛路4段71巷口	25.0385502	121.5470762	0	0	2	2	8	5	5	4	1	1	5	4	5	13	4	4	10	5	5	2	15	1	9	1	6	2	9	1		1	2	12	
113	12	15	4	42	臺北市	中山區	中山區長安東路1段與中山北路1段口	25.0499555	121.5217007	0	0	1	2	8	5	5	4	1	1	5	4	5	13	2	1	1	4	5	2	3	1	6	1	7	1	4	1		1	3	5	
113	12	15	4	58	臺北市	中正區	中正區重慶南路1段與重慶南路1段136巷口	25.0364588	121.5125028	0	0	1	2	8	5	5	3	1	1	5	4	5	13	4	4	10	5	5	2	18	1	15	1	5	2	10	1		1	2	12	
113	12	15	5	21	臺北市	士林區	士林區通河西街2段116巷與通河西街2段口	25.0929696	121.5072575	0	0	1	2	7	5	5	4	1	1	5	4	5	13	4	4	5	4	5	1	17	1	5	1	7	2	7	1		1	3	4	
113	12	15	6	42	臺北市	北投區	北投區中央南路1段與崇仁路1段口	25.1284206	121.5011685	0	0	1	2	8	6	5	3	1	1	5	4	5	13	3	1	5	5	5	2	16	1	8	1	7	2	8	1		2	3	6	
113	12	15	7	26	臺北市	士林區	士林區中正路與文林路口	25.09501762	121.5247616	0	0	2	2	7	7	5	4	2	1	5	4	5	13	2	1	1	2	5	1	17	1	11	1	5	1	10	1		2	2	12	
113	12	15	7	36	臺北市	中正區	中正區羅斯福路2段與和平西路1段口	25.027246	121.5221575	0	0	2	2	8	7	5	4	2	1	5	4	5	13	1	1	1	4	5	2	12	4	7	1	5	2	10	1		1	2	12	
113	12	15	7	37	臺北市	松山區	松山區復興北路地下道北往南第320號燈	25.05861501	121.522899	0	0	1	2	7	5	5	14	9	1	5	4	5	13	4	4	7	4	5	2	18	1	9	1	5	1	10	1		2	2	15	
113	12	15	8	46	臺北市	中山區	中山區新生北路3段與濱江街口	25.07046605	121.5286069	0	0	1	2	7	7	5	3	1	1	5	4	5	13	3	1	1	4	5	2	13	1	9	1	5	2	10	1		2	2	11	
113	12	15	8	52	臺北市	文山區	文山區興隆路2段203巷與興隆路2段153巷6弄口	25.0019162	121.5487179	0	0	1	3	8	6	5	4	1	1	5	4	5	13	3	1	9	5	5	2	16	1	14	1	6	1	10	1		1	2	11	
113	12	15	8	55	臺北市	萬華區	萬華區中華路2段416巷68號	25.02721172	121.5045666	0	0	3	3	7	7	8	14	9	1	5	4	5	13	4	4	9	5	5	2	13	1	9	1	5	1	10	1		2	2	11	
113	12	15	10	3	臺北市	萬華區	萬華區中華路2段與寧波西街	25.02463703	121.5101188	0	0	1	2	8	5	8	22	22	1	5	4	5	13	1	1	10	5	5	2	17	4	5	1	3	1	10	1		1	2	13	
113	12	15	10	19	臺北市	士林區	士林區士東路91巷10號	25.11547366	121.5234864	0	0	2	4	7	6	5	14	9	1	5	4	5	13	4	4	9	5	5	2	17	1	10	1	5	1	10	1		1	2	12	
113	12	15	12	6	臺北市	松山區	松山區八德路3段與光復北路口	25.0482102	121.5577681	0	0	1	2	8	6	5	4	1	1	5	4	5	13	2	1	3	3	5	2	15	1	15	1	7	1	8	1		1	3	1	
113	12	15	12	27	臺北市	松山區	松山區市民大道5段與光復南路57巷口	25.0459203	121.5594767	0	0	1	2	7	6	5	3	2	1	5	4	5	13	2	1	1	4	5	2	12	1	8	1	7	1	4	1		1	3	2	
113	12	15	12	34	臺北市	大安區	大安區基隆路2段與基隆路2段209巷口口	25.0232313	121.551395	0	0	1	2	7	7	5	3	1	1	5	4	5	13	4	4	1	4	5	1	17	1	6	1	7	1	8	1		1	3	5	
113	12	15	13	20	臺北市	中山區	中山區建國北路1段61號	25.05073523	121.5369716	0	0	1	2	7	7	5	14	9	1	5	4	5	13	4	4	10	4	5	2	16	1	8	6	6	1	18	1		1	3	12	
113	12	15	13	39	臺北市	文山區	文山區汀州路4段與溪洲街82巷口	25.010818	121.5364046	0	0	1	2	8	6	5	5	1	1	5	4	5	13	2	1	10	5	5	2	16	1	5	1	5	2	10	1		1	3	14	
113	12	15	14	13	臺北市	萬華區	萬華區桂林路與桂林路242巷口	25.0386921	121.4959227	0	0	2	2	7	6	5	5	2	1	5	4	5	13	2	1	1	4	5	2	13	1	15	1	6	1	10	1		1	2	15	
113	12	15	14	20	臺北市	文山區	文山區集英街與保儀路13巷口	24.9884239	121.5693868	0	0	1	2	8	5	5	4	1	1	5	4	5	13	4	4	10	5	5	1	15	1	9	1	6	1	10	1		2	2	12	
113	12	15	14	29	臺北市	大同區	大同區赤峰街35號	25.0544936	121.5194597	0	0	1	2	8	7	5	14	9	1	5	4	5	13	4	4	10	5	5	2	2	4	21	7	3	11	19	2		1	4	15	
113	12	15	15	27	臺北市	北投區	北投區東華街1段38號	25.1082036	121.52017	0	0	1	2	8	6	5	14	9	1	5	4	5	13	1	1	10	5	5	1	12	1	9	1	7	1	8	1		1	3	2	
113	12	15	15	27	臺北市	北投區	北投區東華街1段46號	25.1082166	121.5201579	0	0	1	2	7																					1				1			
113	12	15	15	35	臺北市	文山區	文山區萬芳路與萬芳路口無名巷口	24.9952933	121.571005	0	0	2	3	7	7	5	3	2	1	5	4	5	13	4	4	10	5	5	2	16	1	9	1	7	2	8	1		1	2	2	
113	12	15	15	40	臺北市	大安區	大安區辛亥路2段209號	25.021622	121.5427456	0	0	1	2	7	6	5	14	7	1	5	4	5	13	4	4	1	4	4	2	17	1	8	1	6	9	10	2		1	3	15	
113	12	15	16	5	臺北市	大安區	大安區市民大道4段與市民大道4段68巷口	25.0449097	121.5472633	0	0	1	2	7	6	5	3	1	1	5	4	5	13	4	4	10	5	5	2	16	4	6	1	6	1	10	1		1	3	12	
113	12	15	16	16	臺北市	中正區	中正區汀州路1段102號	25.0301384	121.5076066	0	0	2	2	8	6	5	14	9	1	5	4	5	13	4	4	5	2	5	2	17	1	5	8	4	2	20	1		1	2	14	
113	12	15	16	25	臺北市	萬華區	萬華區桂林路與昆明街口	25.03833355	121.5037838	0	0	1	2	7	6	5	4	2	1	5	4	5	13	2	1	5	4	5	2	17	1	11	1	7	1	7	1		1	3	1	
113	12	15	16	30	臺北市	中山區	中山區中山北路2段171號	25.06306503	121.5226689	0	0	1	2	7	6	5	14	8	1	5	4	5	13	2	1	1	5	1	1	12	4	9	1	3	1	10	1		2	2	14	
113	12	15	16	55	臺北市	中山區	中山區錦州街與中原街口	25.0602454	121.5290078	0	0	1	2	7	5	5	4	1	1	5	4	5	13	1	1	9	4	5	2	3	1	6	8	4	1	20	1		1	3	11	
113	12	15	17	35	臺北市	內湖區	內湖區民權東路6段與行忠路171巷口口	25.0675334	121.5809133	0	0	2	3	7	5	5	3	1	1	5	4	5	13	4	4	1	4	5	2	16	1	6	1	7	2	8	1		1	3	5	
113	12	15	17	38	臺北市	北投區	北投區東陽街439號	25.112509	121.5185546	0	0	2	2	8	5	8	14	9	1	5	4	5	13	4	4	7	5	5	2	9	5	18	8	4	10	20	1		2	2	16	
113	12	15	19	15	臺北市	松山區	松山區南京東路5段250巷36弄與八德路4段389巷口	25.0498046	121.5684457	0	0	2	2	8	5	5	4	1	1	5	4	5	13	4	4	10	5	5	2	16	1	9	1	5	1	10	1		2	2	14	
113	12	15	20	20	臺北市	中山區	中山區敬業一路178號對面	25.0840716	121.5536753	0	0	1	3	8	5	5	14	9	1	5	4	5	13	4	4	9	5	5	2	17	1	1	1	7	2	8	1		2	3	8	
113	12	15	20	52	臺北市	大安區	大安區新生南路3段與和平東路2段口	25.02571465	121.5349163	0	0	1	2	8	5	8	4	4	1	5	4	5	13	2	1	1	4	5	2	17	1	15	1	7	2	8	1		1	3	1	
113	12	15	21	13	臺北市	信義區	信義區基隆路2段62號	25.0310228	121.5582746	0	0	2	2	8	5	5	14	9	1	5	4	5	13	4	4	9	4	5	2	12	1	8	1	5	2	10	1		2	2	13	
113	12	15	21	14	臺北市	信義區	信義區永吉路與永吉路30巷口	25.0457159	121.5688603	0	0	1	2	8	5	6	4	1	1	5	4	5	13	1	1	1	4	5	2	15	4	9	1	3	1	8	1		1	3	8	
113	12	15	21	16	臺北市	大安區	大安區基隆路2段與臥龍街口	25.0203626	121.5482271	0	0	1	2	7	5	5	3	2	1	5	4	5	13	4	4	1	4	5	2	17	4	8	7	3	11	19	2		1	4	17	