年	月	日	時	分	縣市	行政區	allLocation	GoogleLat	GoogleLng	死	2-30	受傷	當事人數	天候	道路照明設備	道路類別	道路型態	事故位置	路面狀況1	路面狀況2	路面狀況3	道路障礙1	道路障礙2	號誌1	號誌2	車道劃分-分向	車道劃分-分道1	車道劃分-分道2	車道劃分-分道3	事故類型及型態	行動電話	當事者行動狀態	駕駛資格情形	保護裝置	飲酒情形	駕駛執照種類	個人肇逃否	肇因碼-主要	性別	受傷程度	車輛撞擊部位1	車輛撞擊部位2
113	12	15	21	34	臺北市	大安區	大安區敦化南路2段98號	25.0280101	121.5484825	0	0	1	2	8	5	5	14	9	1	5	4	5	13	2	1	1	4	5	2	17	4	12	1	3	1	10	1		1	2	14	
113	12	15	22	22	臺北市	文山區	文山區木柵路1段與景美溪橋口	24.9867839	121.5455187	0	0	1	2	7	5	5	3	1	1	5	4	5	13	1	1	5	4	5	2	18	1	6	1	6	2	10	1		1	2	12	
113	12	15	22	39	臺北市	信義區	信義區吳興街與吳興街7巷口	25.0317155	121.5593938	0	0	1	3	7	5	5	4	1	1	5	4	3	12	4	4	10	5	5	2	15	4	9	1	3	2	8	1		2	3	4	
113	12	15	23	55	臺北市	大安區	大安區敦化南路1段247巷口側附近	25.0389192	121.5491408	0	0	1	2	8	6	5	14	9	1	5	4	5	13	4	4	1	4	5	2	17	4	6	1	3	1	7	1		1	3	5	
113	12	16	4	50	臺北市	大安區	大安區光復南路116巷與光復南路116巷口與廢鐵道	25.0429956	121.5562379	0	0	1	2	8	5	5	4	1	1	5	4	5	13	4	4	1	5	5	2	17	1	5	1	6	1	10	1		1	2	11	
113	12	16	5	21	臺北市	大安區	大安區復興南路2段與復興南路2段78巷口	25.0311159	121.5434585	0	0	2	3	8	5	5	4	1	1	5	4	5	13	2	1	1	4	5	2	29	1	9	1	5	1	10	1		1	2	11	
113	12	16	6	52	臺北市	文山區	文山區木柵路4段與木柵路4段149巷口口	24.9987397	121.5749827	0	0	1	2	7	6	5	3	1	1	5	4	5	13	2	1	10	5	5	2	16	1	6	1	7	1	8	1		2	3	2	
113	12	16	7	6	臺北市	中山區	中山區中山北路1段53巷與中山北路1段口	25.04939415	121.5215427	0	0	1	2	7	6	5	3	1	1	5	4	5	13	4	4	1	5	1	1	16	4	6	1	3	1	10	1		1	3	14	
113	12	16	7	11	臺北市	萬華區	萬華區桂林路246巷與桂林路244巷口	25.037758	121.4941937	0	0	2	4	8	6	5	3	1	1	5	4	5	13	1	1	10	4	5	1	17	1	12	1	5	1	9	1		1	3	11	
113	12	16	7	18	臺北市	內湖區	內湖區內湖路1段與內湖路1段737巷口	25.0788765	121.578318	0	0	1	2	7	6	5	3	2	1	5	4	5	13	2	1	1	4	5	2	13	1	7	1	7	1	8	1		2	3	3	
113	12	16	7	20	臺北市	中正區	中正區重慶南路2段與南海路口	25.0321045	121.5142208	0	0	1	2	8	6	5	4	1	1	5	4	5	13	1	1	1	4	5	2	13	1	9	1	5	2	10	1		2	2	11	
113	12	16	7	48	臺北市	信義區	信義區忠孝東路5段與虎林街口口	25.0408666	121.5770352	0	0	1	2	8	5	8	4	1	1	5	4	5	13	2	1	1	4	5	2	12	1	11	1	7	2	8	1		2	3	8	
113	12	16	7	54	臺北市	文山區	文山區景後街202號	25.000087	121.5467359	0	0	2	2	8	6	5	14	9	1	5	4	5	13	4	4	10	5	5	2	17	1	9	1	5	11	10	2		1	2	11	
113	12	16	8	0	臺北市	中正區	中正區忠孝東路1段12號	25.04502233	121.522226	0	0	1	2	8	7	5	14	9	1	5	4	5	13	4	4	1	3	4	2	17	1	15	1	6	1	10	1		1	3	13	
113	12	16	8	20	臺北市	中正區	中正區林森南路與仁愛路1段口	25.03888029	121.5216487	0	0	1	2	8	5	5	4	2	1	5	4	5	13	1	1	1	5	5	2	17	1	8	1	7	1	8	1		2	3	2	2
113	12	16	8	24	臺北市	中正區	中正區市民大道2段與林森北路口	25.04772604	121.5239077	0	0	1	2	7	6	5	4	2	1	5	4	5	13	1	1	1	4	5	2	13	1	9	1	6	1	10	1		1	2	11	
113	12	16	8	50	臺北市	大安區	(臥龍街193號對面)	25.0177549	121.5524779	0	0	1	2	7	6	5	14	9	1	5	4	5	13	4	4	5	5	5	2	12	4	15	1	3	1	8	1		1	3	5	
113	12	16	8	55	臺北市	士林區	士林區忠義街78巷與忠誠路1段171巷12弄口	25.1065805	121.5312557	0	0	2	2	7	7	5	4	2	1	5	4	5	13	4	4	4	5	5	1	17	1	9	1	5	1	10	1		2	2	11	
113	12	16	9	5	臺北市	大安區	大安區和平東路2段58號	25.0254543	121.5384236	0	0	2	3	7	6	5	14	9	1	5	4	5	13	4	4	1	4	5	2	13	1	9	1	5	1	10	1		2	2	11	
113	12	16	9	11	臺北市	中山區	中山區新生北路3段與德惠街口	25.0666802	121.5268983	0	0	1	2	8	7	8	3	1	1	5	4	5	13	4	4	5	4	4	2	17	1	9	1	5	1	10	2		4	2	12	
113	12	16	9	22	臺北市	中山區	中山區復興北路402巷與復興北路402巷8弄口	25.0617659	121.5436223	0	0	1	2	7	6	5	3	2	1	5	4	5	13	4	4	8	3	5	1	17	1	9	1	5	1	10	1		2	2	11	
113	12	16	9	25	臺北市	信義區	信義區松智路與松勤街口口	25.0319498	121.5653344	0	0	1	2	8	5	8	22	22	1	5	4	5	13	1	1	10	5	5	2	17	1	5	1	7	1	8	1		1	3	8	
113	12	16	9	35	臺北市	信義區	信義區松平路81號	25.0304587	121.56693	0	0	1	2	8	7	5	14	9	1	5	4	5	13	4	4	9	5	5	2	12	4	9	1	3	1	10	1		1	2	12	
113	12	16	9	53	臺北市	中山區	中山區北安路與北安路538巷口	25.08021733	121.5478039	0	0	1	2	8	7	5	3	1	1	5	4	5	13	4	4	1	4	5	2	17	1	6	1	5	1	10	1		1	3	15	
113	12	16	10	13	臺北市	中山區	中山區民族東路512巷13弄18號	25.06696663	121.5426302	0	0	2	2	8	6	5	14	9	1	5	4	5	13	4	4	10	5	5	2	11	4	9	1	5	1	10	1		2	2	12	
113	12	16	10	17	臺北市	大安區	大安區四維路與四維路170巷口	25.0282015	121.548018	0	0	2	2	7	6	5	4	1	1	5	4	5	13	3	1	5	4	5	2	15	4	9	1	3	1	10	1		1	2	11	
113	12	16	10	38	臺北市	文山區	文山區景仁街與羅斯福路6段142巷20弄口	24.9969478	121.5403224	0	0	1	2	8	6	5	4	1	1	5	4	5	13	4	4	5	5	5	2	16	1	9	1	7	2	8	1		1	3	5	
113	12	16	10	55	臺北市	大安區	大安區金山南路2段113號	25.0304552	121.5267162	0	0	1	2	7	7	5	14	9	1	5	4	5	13	4	4	1	4	5	2	18	1	9	1	6	1	10	1		1	2	17	
113	12	16	11	41	臺北市	大安區	大安區復興南路1段283號	25.035537	121.543836	0	0	1	2	7	6	5	14	20	4	5	4	5	8	4	4	10	5	5	2	9	4	9	8	3	1	20	1		1	3	11	
113	12	16	11	50	臺北市	大安區	大安區忠孝東路3段與建國南路1段口	25.0418181	121.5372687	0	0	1	2	7	7	5	4	1	1	5	4	5	13	2	1	1	4	5	2	12	1	15	1	7	1	8	1		1	3	7	
113	12	16	12	5	臺北市	北投區	北投區奇岩路4號	25.1345123	121.5071986	0	0	1	2	8	5	5	14	9	1	5	4	5	13	4	4	10	5	5	1	11	1	9	1	7	2	8	1		1	3	8	
113	12	16	12	30	臺北市	內湖區	內湖區內湖路2段103巷36號	25.0818394	121.5812004	0	0	2	2	7	6	5	3	18	1	5	4	5	13	4	4	5	5	5	2	3	1	9	1	6	2	10	1		1	2	11	
113	12	16	12	44	臺北市	中山區	中山區中山北路1段與南京東路1段口	25.0521623	121.5226544	0	0	1	2	7	6	5	14	9	1	5	4	5	13	2	1	8	3	5	1	17	1	9	1	5	1	10	1		1	3	11	
113	12	16	12	50	臺北市	中山區	(錦州街5號前)	25.0603702	121.523797	0	0	1	2	7	6	5	3	1	1	5	4	5	13	4	4	5	4	5	2	13	1	9	1	5	7	10	1		1	2	11	
113	12	16	12	52	臺北市	大安區	大安區光復南路與光復南路346巷口口	25.038416	121.5575034	0	0	1	2	7	7	5	4	1	1	5	4	5	13	4	4	1	4	4	1	17	1	5	1	7	1	8	1		1	3	2	
113	12	16	13	5	臺北市	北投區	北投區承德路7段401巷575號	25.1166437	121.4900414	0	0	1	2	8	5	5	11	9	1	5	4	5	13	4	4	10	5	5	2	17	4	9	1	3	1	10	1		1	2	11	
113	12	16	13	16	臺北市	中山區	中山區民權東路3段73號	25.062452	121.543743	0	0	1	2	7	6	5	14	9	1	5	4	5	13	4	4	1	5	5	1	12	4	7	1	3	1	8	1		2	2	12	
113	12	16	13	17	臺北市	中山區	中山區長春路與南京東路2段115巷口	25.0547596	121.5336273	0	0	1	2	8	6	5	4	1	1	5	4	5	13	1	1	5	4	5	2	16	4	5	1	3	9	8	1		2	3	1	
113	12	16	13	43	臺北市	中山區	中山區遼寧街201巷與遼寧街口	25.0543047	121.5421536	0	0	1	2	7	5	5	4	2	1	5	4	5	13	4	4	5	5	5	2	17	4	5	1	3	1	8	1		2	3	8	
113	12	16	13	44	臺北市	中山區	中山區北安路與明水路口	25.0776779	121.5386094	0	0	2	2	7	6	5	3	3	1	5	4	5	13	2	1	8	3	5	1	17	1	1	1	5	1	10	1		1	2	11	
113	12	16	14	20	臺北市	中正區	中正區杭州南路1段與杭州南路1段14巷口	25.03959256	121.5255155	0	0	1	2	8	5	5	3	2	1	5	4	5	13	4	4	10	4	5	2	16	1	7	1	5	2	10	1		1	2	14	
113	12	16	14	49	臺北市	萬華區	萬華區康定路與康定路372巷口	25.0341089	121.5010242	0	0	2	2	8	5	5	4	1	1	5	4	5	13	1	1	9	4	5	2	17	4	5	1	6	1	9	1		2	2	13	
113	12	16	15	0	臺北市	中山區	中山區市民高架道往西，建國匝道旁	25.0791793	121.5425674	0	0	3	4	7	6	5	14	9	1	5	4	5	13	4	4	1	3	5	1	13	4	12	1	7	2	8	1		1	2	6	
113	12	16	15	0	臺北市	大同區	大同區天水路與延平北路1段口	25.0519409	121.5118572	0	0	1	2	8	6	5	5	1	1	5	4	5	13	2	1	8	3	5	2	3	1	5	1	7	2	2	1		1	3	8	
113	12	16	15	0	臺北市	松山區	松山區民生東路5段84號	25.05852791	121.5594297	0	0	1	2	7	6	5	14	9	1	5	4	5	13	4	4	1	4	5	2	9	5	20	8	4	10	20	1		2	2	17	
113	12	16	15	10	臺北市	文山區	文山區和平東路4段與和平東路4段66巷口口	25.0056248	121.5669137	0	0	1	2	8	6	5	3	1	1	5	4	5	13	2	1	5	5	5	2	16	4	6	1	7	1	8	1		1	3	2	
113	12	16	15	14	臺北市	士林區	士林區中山北路5段與中山北路5段829巷口	25.1017932	121.5257444	0	0	1	2	7	6	5	3	1	1	5	4	5	13	4	4	10	5	5	2	16	1	6	1	7	1	8	1		1	3	2	
113	12	16	15	20	臺北市	北投區	北投區光明路200號	25.1357279	121.5032937	0	0	1	2	8	6	5	14	9	1	5	4	5	13	4	4	5	5	5	2	17	1	8	1	7	2	8	1		2	3	2	
113	12	16	15	36	臺北市	大安區	大安區基隆路2段與敦化南路2段口	25.0211898	121.5489162	0	0	1	2	7	7	5	4	1	1	5	4	5	13	2	1	1	3	5	1	17	4	5	1	3	1	8	1		2	3	4	
113	12	16	15	46	臺北市	大安區	大安區辛亥路3段157巷與辛亥路3段157巷12弄口	25.0176127	121.5494611	0	0	2	3	8	5	5	3	1	1	5	4	5	13	4	4	8	3	5	1	16	1	8	1	7	1	8	1		1	3	8	
113	12	16	16	18	臺北市	內湖區	內湖區瑞光路與瑞光路26巷口	25.0697383	121.5832632	0	0	1	2	7	5	5	3	2	1	5	4	5	13	2	1	5	4	5	2	12	1	8	1	7	1	1	1		1	3	2	
113	12	16	16	18	臺北市	文山區	文山區景中街與景文街口	24.9929172	121.5413288	0	0	1	2	8	6	5	4	1	1	5	4	5	13	2	1	1	4	5	2	16	1	5	1	7	2	4	1		1	3	4	
113	12	16	16	31	臺北市	內湖區	內湖區洲子街與港墘路口	25.0780832	121.5758787	0	0	1	2	7	6	5	4	1	1	5	4	5	13	2	1	5	4	5	2	16	4	6	1	3	2	8	1		1	3	5	
113	12	16	16	38	臺北市	北投區	北投區中央北路3段與中央北路3段220巷口	25.11641008	121.523505	0	0	1	2	7	5	5	3	1	1	5	4	5	13	2	1	5	4	5	2	16	1	11	1	7	1	8	1		1	3	4	
113	12	16	16	58	臺北市	內湖區	內湖區成美橋(北往南向)	25.05547234	121.582272	0	0	2	5	8	5	5	8	9	1	5	4	5	13	4	4	5	4	5	2	12	1	9	6	5	2	10	1		1	2	15	
113	12	16	16	58	臺北市	大同區	大同區承德路3段與庫倫街口	25.0718803	121.5183868	0	0	1	2	7	6	5	4	2	1	5	4	5	13	1	1	5	2	5	2	17	1	9	1	7	11	2	1		1	3	2	
113	12	16	17	2	臺北市	大安區	大安區通化街與通化街165巷口口	25.0284942	121.553759	0	0	2	3	8	5	5	4	1	1	5	4	5	13	4	4	9	4	5	2	17	4	11	1	3	1	8	1		1	3	3	
113	12	16	17	15	臺北市	大安區	大安區新生南路1段103巷33弄與新生南路1段97巷口口	25.0412673	121.5360553	0	0	1	4	7	5	5	4	1	1	5	4	5	13	4	4	10	5	5	2	15	4	9	1	3	1	10	1		1	2	12	
113	12	16	17	16	臺北市	北投區	北投區承德路6段與河美街口口	25.0991464	121.5126087	0	0	1	3	8	6	5	14	11	1	5	4	5	13	2	1	1	4	5	2	17	1	9	1	6	1	10	1		1	2	11	
113	12	16	17	20	臺北市	士林區	士林區社子街22巷與社子街52巷口	25.0870218	121.507303	0	0	1	2	7	5	5	5	1	1	5	4	5	13	4	4	10	5	5	2	15	1	9	1	7	2	8	1		1	3	1	
113	12	16	17	20	臺北市	大安區	大安區新生南路3段7號	25.0256616	121.5349385	0	0	1	2	7	5	5	22	9	1	5	4	5	13	4	4	8	3	5	1	17	1	1	1	7	1	8	1		1	3	1	
113	12	16	17	28	臺北市	士林區	士林區葫蘆街與延平北路5段257巷15弄口口	25.0839189	121.509198	0	0	1	2	8	5	5	3	2	1	5	4	5	13	4	4	8	3	5	2	16	4	9	1	3	1	8	1		2	3	8	
113	12	16	17	31	臺北市	大安區	大安區建國南路1段與新生南路1段103巷口口	25.04063311	121.5373161	0	0	2	2	8	6	5	4	1	1	5	4	5	13	2	1	9	4	4	2	17	4	15	1	3	9	10	1		2	2	15	
113	12	16	17	33	臺北市	中正區	中正區愛國西路與羅斯福路1段口口	25.0354302	121.5162117	0	0	1	2	8	5	5	4	1	1	5	4	5	13	1	1	1	4	5	1	17	1	9	1	6	2	10	1		1	3	12	
113	12	16	17	36	臺北市	大安區	大安區臥龍街151巷36號	25.0201821	121.5523519	0	0	2	3	8	5	5	14	9	1	5	4	5	13	4	4	5	4	5	2	9	5	20	8	4	1	20	1		1	3	16	
113	12	16	17	49	臺北市	北投區	北投區建民路與建民路151巷口口	25.1104375	121.5192978	0	0	2	2	8	5	5	4	1	1	5	4	5	13	4	4	10	5	5	2	17	1	9	1	6	1	10	1		2	2	11	
113	12	16	17	50	臺北市	大安區	大安區敦化南路1段與東豐街口口	25.0360206	121.5485501	0	0	1	2	8	5	5	3	1	1	5	4	5	13	4	4	1	4	4	2	12	1	8	1	5	1	10	1		1	3	13	
113	12	16	17	51	臺北市	內湖區	內湖區行愛路與新湖三路口	25.0654267	121.5789756	0	0	1	2	7	5	5	4	1	1	5	4	5	13	1	1	8	3	5	1	15	1	9	1	7	2	8	1		1	3	1	
113	12	16	18	5	臺北市	內湖區	內湖區新湖一路與新湖二路191巷口	25.0610713	121.5804174	0	0	1	2	7	5	5	3	1	1	5	4	5	13	1	1	5	5	5	2	17	1	15	1	7	1	8	1		1	3	5	
113	12	16	18	5	臺北市	南港區	南港區研究院路1段63號與忠孝東路7段口	25.0528952	121.6162985	0	0	1	10	7	5	5	3	1	1	5	4	5	13	1	1	1	4	5	2	16	1	6	1	7	2	8	1		1	3	5	
113	12	16	18	49	臺北市	信義區	信義區基隆路2段與和平東路3段口圓環	25.0244801	121.5528793	0	0	2	2	8	5	5	18	9	1	5	4	5	13	1	1	10	4	5	2	16	4	7	1	3	2	4	1		1	2	8	
113	12	16	18	52	臺北市	北投區	北投區大度路與大度路口東往西機車優先道	25.1228453	121.474305	0	0	2	2	7	5	5	14	12	1	5	4	5	13	4	4	1	4	3	2	13	1	7	1	5	1	10	1		2	2	13	
113	12	16	19	20	臺北市	中山區	中山區南京東路1段與中山北路2段口	25.0524943	121.5227008	0	0	1	2	8	5	5	4	1	1	5	4	5	13	2	1	1	4	5	2	16	1	6	1	7	2	8	1		1	3	1	
113	12	16	19	22	臺北市	內湖區	內湖區內湖路3段與內湖路3段18巷口	25.084594	121.5927715	0	0	1	2	7	5	5	4	1	1	5	4	5	13	4	4	10	5	5	2	17	1	9	1	5	1	10	1		1	2	12	
113	12	16	19	28	臺北市	大安區	大安區仁愛路3段與新生南路1段口	25.0383381	121.5329812	0	0	1	2	8	5	5	4	1	1	5	4	5	13	1	1	1	4	5	2	17	1	15	1	6	1	10	1		2	2	17	
113	12	16	19	34	臺北市	大同區	大同區西寧北路與鄭州路口	25.0504911	121.5081102	0	0	1	2	7	5	5	4	1	1	5	4	5	13	2	1	4	4	5	2	13	4	9	1	3	1	8	1		1	3	1	
113	12	16	19	35	臺北市	中正區	中正區忠孝東路1段與鎮江街口	25.04515868	121.5217121	0	0	1	2	7	5	5	4	1	1	5	4	5	13	2	1	1	4	5	2	3	4	5	1	7	2	4	1		1	3	1	
113	12	16	19	37	臺北市	信義區	信義區松山路與忠孝東路5段口	25.0409905	121.5777564	0	0	1	2	7	5	5	4	1	1	5	4	5	13	1	1	9	4	5	2	13	1	9	1	6	1	10	1		2	2	11	
113	12	16	20	11	臺北市	松山區	松山區光復北路155巷附近側附近	25.0550944	121.5558317	0	0	2	2	7	5	5	14	9	1	5	4	5	13	1	1	9	4	5	2	13	1	9	3	6	1	18	1		1	2	13	
113	12	16	20	40	臺北市	中正區	中正區貴陽街1段與懷寧街口	25.038699	121.5137523	0	0	1	2	8	5	5	3	1	1	5	4	5	13	4	4	5	4	5	2	17	1	5	1	7	2	8	1		2	3	8	
113	12	16	20	43	臺北市	大安區	大安區光復南路116巷與廢鐵道口	25.0430211	121.5562178	0	0	1	2	8	5	5	4	1	1	5	4	5	13	4	4	1	5	5	2	16	1	5	1	5	1	10	1		1	2	12	
113	12	16	20	55	臺北市	內湖區	內湖區環山路1段與文湖街口	25.0862122	121.5661491	0	0	1	2	8	5	5	3	1	1	5	4	5	13	2	1	10	4	5	2	16	1	5	1	7	2	8	1		1	3	5	
113	12	16	20	58	臺北市	大安區	大安區忠孝東路4段與大安路1段口口	25.0416838	121.546355	0	0	2	2	8	6	5	4	1	1	5	4	5	13	2	1	1	4	5	2	13	1	9	1	5	1	10	1		1	2	11	
113	12	16	21	15	臺北市	內湖區	內湖區新明路312巷4號	25.05611029	121.5817622	0	0	1	2	7	5	5	14	9	1	5	4	5	13	4	4	10	5	5	2	17	1	1	1	7	1	8	1		1	3	1	
113	12	16	21	20	臺北市	松山區	松山區八德路3段12巷與八德路3段12巷52弄口	25.046237	121.5506985	0	0	1	2	7	5	5	4	1	1	5	4	5	13	4	4	10	5	5	2	13	1	6	1	7	1	8	1		1	3	1	
113	12	16	21	32	臺北市	大安區	大安區杭州南路2段與潮州街口	25.029557	121.5220959	0	0	1	2	8	5	5	4	1	1	5	4	5	13	1	1	5	5	5	2	17	1	5	1	6	2	10	1		2	3	13	
113	12	17	5	4	臺北市	文山區	文山區木柵路5段(139號停車格）	25.0017566	121.5884149	0	0	2	2	8	5	5	14	9	1	5	4	5	13	4	4	5	4	5	2	13	1	9	1	7	2	7	1		1	2	1	
113	12	17	5	33	臺北市	文山區	文山區木柵路4段117號	24.9973447	121.5736097	0	0	1	2	7	6	5	14	9	1	5	4	5	13	1	1	5	4	5	2	11	1	9	1	6	2	10	1		1	2	14	
113	12	17	6	9	臺北市	大安區	大安區市民大道4段與忠孝東路4段223巷口口	25.0441943	121.5531613	1	0	0	2	8	5	5	4	2	1	5	4	5	13	4	4	10	5	5	2	17	1	6	1	5	9	10	1		1	1	11	
113	12	17	6	21	臺北市	萬華區	萬華區堤外便道華中橋下	25.0163248	121.4949175	0	0	1	3	8	5	8	22	22	1	5	4	5	13	4	4	10	5	5	2	17	4	11	1	3	1	8	1		1	3	5	
113	12	17	6	33	臺北市	大安區	大安區新生南路3段與新生南路3段86巷口	25.0183795	121.5337287	0	0	1	2	8	5	8	3	2	1	5	4	5	13	1	1	8	3	5	2	17	4	15	1	3	1	10	1		1	2	12	
113	12	17	7	16	臺北市	南港區	南港區南港路2段與南港路2段41巷口	25.0535912	121.6026863	0	0	1	2	7	7	8	3	1	1	5	4	5	13	1	1	4	3	4	1	13	4	9	1	3	2	10	1		1	2	11	
113	12	17	7	25	臺北市	信義區	信義區松勤街140巷與信義路5段150巷口	25.0309452	121.5696832	0	0	1	2	7	6	5	3	1	1	5	4	5	13	4	4	10	5	5	2	17	1	5	1	7	1	8	1		1	3	17	
113	12	17	7	28	臺北市	大安區	大安區復興南路2段193巷與復興南路2段口	25.0264641	121.5435446	0	0	1	3	7	6	5	4	2	1	5	4	5	13	1	1	1	4	5	2	13	1	9	1	5	1	10	1		1	2	14	
113	12	17	7	30	臺北市	中正區	中正區水源快速道路85號燈桿	25.0192391	121.5230195	0	0	2	4	8	6	5	14	7	1	5	4	5	13	4	4	1	4	5	1	17	1	9	1	6	2	9	1		1	2	11	
113	12	17	7	38	臺北市	北投區	北投區立農街2段與立農街2段273巷口	25.1187464	121.5150682	0	0	1	2	8	7	5	4	1	1	5	4	5	13	4	4	5	5	5	2	17	1	9	1	6	1	10	1		1	2	14	
113	12	17	7	40	臺北市	松山區	松山區民權東路3段與敦化北路口	25.0614803	121.5502528	0	0	2	2	7	6	5	4	2	1	5	4	5	13	1	1	1	4	5	2	17	1	14	1	6	2	10	1		2	2	13	
113	12	17	7	42	臺北市	萬華區	萬華區西寧南路與漢口街2段口	25.0456945	121.5067564	0	0	2	3	7	6	5	4	1	1	5	4	5	13	2	1	5	4	5	2	17	1	5	1	6	1	10	1		1	3	14	
113	12	17	7	44	臺北市	南港區	南港區三重路與三重路67巷口	25.0606881	121.6140486	0	0	1	2	8	6	5	3	2	1	5	4	5	13	4	4	5	4	5	2	13	1	9	1	6	1	10	1		2	2	11	
113	12	17	7	45	臺北市	萬華區	萬華區艋舺大道(台電倉庫)	25.0322878	121.4952133	0	0	1	2	7	6	8	22	22	1	5	4	5	13	4	4	1	5	5	2	17	1	1	1	6	1	10	1		2	3	11	12
113	12	17	8	1	臺北市	松山區	松山區市民大道6段與八德路4段652巷口	25.0494354	121.5751829	0	0	4	5	8	5	5	3	2	1	5	4	5	13	4	4	1	3	5	2	15	1	11	8	3	2	20	1		2	2	12	
113	12	17	8	5	臺北市	萬華區	萬華區萬大路423巷43號	25.0212976	121.5005016	0	0	2	3	7	5	5	11	9	1	5	4	5	13	4	4	8	4	5	2	16	4	11	1	3	1	8	1		1	3	4	
113	12	17	8	19	臺北市	北投區	北投區東華街2段與致遠三路55巷口	25.120547	121.5089525	0	0	2	2	8	7	5	4	1	1	5	4	5	13	2	1	10	4	5	2	16	1	5	1	6	1	10	1		2	2	14	
113	12	17	8	21	臺北市	士林區	士林區中正路與福壽街口	25.0953816	121.525832	0	0	1	2	7	6	5	3	2	1	5	4	5	13	4	4	3	4	5	1	16	4	8	1	3	1	8	1		1	3	2	
113	12	17	8	30	臺北市	中山區	中山區建國北路3段與民權東路2段口	25.0629917	121.5367415	0	0	1	2	8	7	5	14	9	1	5	4	5	13	4	4	1	4	5	2	12	1	8	1	7	2	5	1		1	3	5	
113	12	17	8	30	臺北市	內湖區	內湖區行善路與行善路59巷口	25.0577271	121.5779111	0	0	2	4	7	7	5	3	1	1	5	4	5	13	1	1	4	5	5	1	17	1	5	1	6	1	10	1		1	2	11	
113	12	17	8	35	臺北市	內湖區	內湖區堤頂大道2段與瑞光路548巷口	25.0780787	121.5668118	0	0	2	2	7	6	5	3	2	1	5	4	5	13	4	4	1	4	5	2	12	1	9	1	6	1	10	1		1	2	11	
113	12	17	8	47	臺北市	中正區	中正區市民大道2段與林森北路口	25.0477345	121.524241	0	0	1	2	8	6	5	4	1	1	5	4	5	13	2	1	1	4	5	2	16	1	9	1	6	2	10	1		2	2	11	
113	12	17	8	47	臺北市	大同區	大同區長安西路與太原路口	25.0511906	121.515672	0	0	3	4	8	6	5	14	9	1	5	4	5	13	4	4	8	3	5	1	13	1	9	1	6	1	9	1		1	2	11	
113	12	17	8	50	臺北市	中正區	中正區羅斯福路4段與羅斯福路4段108巷口	25.0135908	121.5354144	0	0	1	2	8	7	5	3	2	1	5	4	5	13	4	4	2	4	5	2	12	1	7	1	7	1	4	1		1	3	7	
113	12	17	9	21	臺北市	北投區	北投區中央北路2段與中央北路2段257巷口	25.1384501	121.4910772	0	0	1	2	8	5	5	4	1	1	5	4	5	13	1	1	9	4	5	1	3	1	6	1	7	2	8	1		1	3	1	
113	12	17	9	25	臺北市	大同區	大同區承德路3段與承德路3段122巷口	25.0672813	121.5182857	0	0	1	2	8	6	5	4	1	1	5	4	5	13	1	1	1	4	5	2	17	1	5	1	7	1	8	1		1	3	5	
113	12	17	9	25	臺北市	大安區	大安區和平東路3段1巷與四維路198巷口	25.0266957	121.546829	0	0	1	2	7	6	5	3	1	1	5	4	5	13	4	4	10	5	5	2	3	4	5	1	3	9	8	1		2	3	8	
113	12	17	9	30	臺北市	中山區	中山區北安路與明水路口	25.0776952	121.5387444	0	0	1	2	8	5	5	3	2	1	5	4	5	13	1	1	8	5	5	2	12	1	7	1	5	1	10	1		1	2	13	
113	12	17	9	40	臺北市	大安區	大安區市民大道4段100號	25.0448184	121.5502997	0	0	2	2	7	6	5	14	9	1	5	4	5	13	4	4	1	4	5	2	12	4	15	1	3	1	10	1		1	2	14	
113	12	17	9	44	臺北市	內湖區	內湖區堤外便道東往西(PU1B橋墩處)	25.065341	121.6133277	0	0	1	2	8	6	5	14	9	1	5	4	5	13	4	4	5	4	5	2	12	1	4	1	6	1	10	1		1	2	15	
113	12	17	10	0	臺北市	松山區	松山區南京東路3段與南京東路3段338巷口	25.05189514	121.5480804	0	0	2	3	8	6	5	3	1	1	5	4	5	13	3	1	1	4	4	2	13	1	9	6	6	1	10	1		1	3	11	
113	12	17	10	5	臺北市	中山區	中山區新生北路1段與南京東路1段口	25.0520098	121.5273802	0	0	1	2	8	7	5	4	1	1	5	4	5	13	2	1	7	2	5	2	17	1	6	1	5	1	10	1		2	3	13	
113	12	17	10	9	臺北市	文山區	文山區木柵路1段與試院路口	24.9874715	121.550238	0	0	1	3	7	6	5	4	1	1	5	4	5	13	2	1	5	4	5	2	13	1	5	1	5	1	10	1		2	2	11	
113	12	17	10	26	臺北市	萬華區	萬華區寶興街與東園街66巷口	25.0247207	121.4949155	0	0	1	2	8	7	5	4	1	1	5	4	5	13	2	1	10	4	5	2	1	1	5	1	7	2	8	1		2	3	4	
113	12	17	10	30	臺北市	萬華區	萬華區環河南路1段與峨眉街口	25.044758	121.5014854	0	0	3	4	8	7	7	3	1	1	5	4	5	13	4	4	5	1	5	2	17	1	6	1	6	1	10	1		2	2	14	
113	12	17	10	55	臺北市	內湖區	內湖區環山路3段與港墘路口	25.083918	121.5787025	0	0	1	2	8	5	5	3	1	1	5	4	5	13	1	1	10	5	5	2	16	1	5	1	7	2	8	1		2	3	6	
113	12	17	10	59	臺北市	大安區	大安區信義路3段63號	25.0337329	121.5366404	0	0	1	2	8	6	5	14	9	1	5	4	5	13	4	4	1	3	5	2	13	1	7	1	7	1	8	1		1	3	4	