年	月	日	時	分	縣市	行政區	allLocation	GoogleLat	GoogleLng	死	2-30	受傷	當事人數	天候	道路照明設備	道路類別	道路型態	事故位置	路面狀況1	路面狀況2	路面狀況3	道路障礙1	道路障礙2	號誌1	號誌2	車道劃分-分向	車道劃分-分道1	車道劃分-分道2	車道劃分-分道3	事故類型及型態	行動電話	當事者行動狀態	駕駛資格情形	保護裝置	飲酒情形	駕駛執照種類	個人肇逃否	肇因碼-主要	性別	受傷程度	車輛撞擊部位1	車輛撞擊部位2
113	12	17	11	50	臺北市	內湖區	內湖區江南街89巷與江南街117巷8弄口	25.0765626	121.577453	0	0	2	4	7	5	5	4	2	1	5	4	5	13	4	4	10	5	5	1	16	1	5	1	6	1	10	1		2	2	12	
113	12	17	11	55	臺北市	中山區	中山區敬業三路與樂群三路口	25.0825829	121.5564161	0	0	1	2	8	6	5	4	1	1	5	4	5	13	2	1	1	5	5	1	13	4	1	1	3	1	1	1		1	3	8	
113	12	17	12	20	臺北市	中正區	中正區南海路與重慶南路2段口口	25.03181947	121.5144497	0	0	1	2	8	6	5	4	1	1	5	4	5	13	1	1	10	4	5	1	17	1	9	1	6	1	10	1		1	3	13	
113	12	17	12	24	臺北市	中山區	中山區農安街與松江路口	25.0647776	121.5333991	0	0	1	2	8	7	5	4	1	1	5	4	5	13	1	1	9	4	5	2	12	1	9	1	5	2	10	1		2	2	14	
113	12	17	12	32	臺北市	中正區	中正區汀州路3段與思源街口	25.0150934	121.5321556	0	0	1	2	7	7	5	3	1	1	5	4	5	13	1	1	5	4	5	2	16	1	11	1	7	1	8	1		2	3	8	
113	12	17	12	42	臺北市	萬華區	萬華區民和街與西藏路199巷口	25.0263112	121.4998572	0	0	2	2	7	6	5	5	2	1	5	4	5	13	3	1	9	5	5	2	3	1	9	1	5	1	11	1		1	2	11	
113	12	17	12	53	臺北市	松山區	松山區富錦街529號	25.06110432	121.565428	0	0	1	2	8	6	5	14	9	1	5	4	5	13	4	4	10	5	5	2	1	5	16	8	4	10	20	1		1	2	16	
113	12	17	13	0	臺北市	士林區	士林區福國路與德行西路94巷口	25.1019844	121.5217032	0	0	2	3	8	6	5	5	2	1	5	4	5	13	4	4	10	5	5	1	15	1	9	1	7	1	8	1		1	3	1	
113	12	17	13	6	臺北市	信義區	信義區虎林街164巷60弄與忠孝東路5段372巷29弄口	25.0389294	121.573978	0	0	2	3	8	6	5	4	2	1	5	4	5	13	4	4	8	3	5	2	17	4	9	1	3	1	10	1		1	2	14	
113	12	17	13	33	臺北市	中山區	中山區錦州街241巷與錦州街口	25.0603407	121.5336428	0	0	1	2	7	6	5	4	1	1	5	4	5	13	4	4	8	5	5	1	16	4	6	1	3	11	10	1		2	2	14	
113	12	17	13	34	臺北市	內湖區	內湖區安康路32巷與安康路32巷24弄口	25.0619039	121.5949905	0	0	1	2	7	7	5	4	1	1	5	4	5	13	4	4	4	5	5	1	15	1	9	1	7	1	8	1		2	3	1	
113	12	17	13	38	臺北市	中正區	中正區重慶南路3段與重慶南路3段3巷口口	25.029764	121.5154466	0	0	2	4	8	6	5	3	2	1	5	4	5	13	4	4	1	4	5	1	17	1	8	1	6	1	10	1		2	2	12	
113	12	17	14	10	臺北市	中正區	中正區重慶南路1段與衡陽路口	25.04230305	121.513199	0	0	1	2	7	7	5	4	2	1	5	4	5	13	1	1	9	4	5	2	13	1	12	1	7	1	8	1		1	3	7	
113	12	17	15	20	臺北市	士林區	士林區中山北路5段與福國路口	25.1026583	121.5254398	0	0	2	2	8	6	5	5	2	1	5	4	5	13	1	1	10	4	5	1	17	1	5	1	6	1	10	1		2	2	14	
113	12	17	15	44	臺北市	內湖區	內湖區民權東路6段36號	25.06746313	121.5806826	0	0	1	2	7	6	5	22	20	4	5	4	5	13	4	4	10	5	5	2	17	1	15	8	4	1	20	1		1	2	15	
113	12	17	16	20	臺北市	中山區	中山區復興北路28號	25.04847309	121.5183568	0	0	1	2	7	7	5	14	9	1	5	4	5	13	4	4	1	4	5	2	12	4	7	1	3	2	3	1		1	3	4	
113	12	17	16	20	臺北市	文山區	文山區興隆路3段與興隆路3段192巷8弄口	24.9967341	121.5598409	0	0	1	2	8	6	5	4	1	1	5	4	5	13	2	1	1	4	5	2	15	1	9	6	5	2	10	1		1	3	11	
113	12	17	16	23	臺北市	南港區	南港區忠孝東路5段與玉成街口	25.0452264	121.5827294	0	0	1	2	7	6	8	5	1	1	5	4	5	13	2	1	2	3	5	2	11	4	5	1	3	2	8	1		1	3	6	
113	12	17	16	26	臺北市	松山區	松山區南京東路5段23巷與南京東路5段59巷28弄口	25.0526182	121.5580326	0	0	1	2	8	6	5	4	1	1	5	4	5	13	4	4	8	3	5	1	16	4	9	1	3	1	10	1		2	2	11	
113	12	17	16	28	臺北市	中正區	中正區重慶南路2段與重慶南路2段6巷口	25.0343753	121.5129639	0	0	2	2	7	6	5	3	2	1	5	4	5	13	3	1	1	4	5	2	3	1	9	1	5	1	10	1		1	2	11	
113	12	17	16	43	臺北市	大安區	大安區羅斯福路3段與辛亥路1段口口	25.01996701	121.5292265	0	0	1	2	7	6	5	4	1	1	5	4	5	13	2	1	1	4	5	2	16	4	6	1	3	1	8	1		1	3	5	
113	12	17	16	47	臺北市	文山區	文山區景興路18號	24.9978833	121.5446554	0	0	2	2	7	6	5	14	9	1	5	4	5	13	4	4	1	4	5	2	13	1	9	1	6	1	10	1		1	2	11	
113	12	17	16	48	臺北市	中正區	中正區忠孝東路2段與臨沂街口	25.04295594	121.5307684	0	0	1	3	7	7	5	4	1	1	5	4	5	13	1	1	1	4	1	2	12	1	7	1	7	1	2	1		1	3	4	
113	12	17	16	48	臺北市	大安區	大安區敦化南路1段329巷	25.0341919	121.5492047	0	0	1	2	7	6	5	14	9	1	5	4	5	13	4	4	1	4	5	2	13	1	9	1	7	1	8	1		1	3	1	
113	12	17	17	3	臺北市	中山區	中山區中山北路2段58號	25.05018029	121.5211307	0	0	1	2	8	7	5	14	9	1	5	4	5	13	4	4	1	4	1	2	9	1	1	1	7	9	2	1		1	3	5	
113	12	17	17	18	臺北市	信義區	信義區忠孝東路4段與忠孝東路4段559巷口	25.0412427	121.5636034	0	0	2	3	7	5	5	3	1	1	5	4	3	10	4	4	3	4	5	2	16	4	6	1	3	1	8	1		1	3	8	
113	12	17	17	54	臺北市	大同區	大同區鄭州路與西寧北路口	25.050587	121.5081442	0	0	1	2	7	5	5	4	1	1	5	4	5	13	2	1	1	4	5	2	17	4	9	1	3	1	8	1		2	3	1	
113	12	17	18	0	臺北市	信義區	信義區信義路5段95號	25.0335883	121.5725475	0	0	1	2	7	5	5	14	9	1	5	4	5	13	4	4	9	5	5	2	16	1	5	1	7	1	8	1		2	3	4	
113	12	17	18	4	臺北市	信義區	信義區松壽路20巷與松壽路口	25.0357918	121.5676387	0	0	1	3	7	5	5	4	2	1	5	4	5	13	4	4	10	5	5	2	17	4	6	1	3	1	3	1		1	3	8	
113	12	17	18	6	臺北市	士林區	士林區承德路4段與承德路4段77巷口	25.08249266	121.5232167	0	0	1	2	7	5	5	5	2	1	5	4	5	13	1	1	10	4	5	1	17	1	11	1	7	1	8	1		2	3	5	
113	12	17	18	8	臺北市	中山區	中山區林森北路383巷與林森北路口	25.05026117	121.5210223	0	0	2	3	7	5	5	3	1	1	5	4	5	10	4	4	9	5	5	2	16	4	9	1	3	9	10	1		1	2	11	
113	12	17	18	8	臺北市	信義區	信義區忠孝東路5段1-4號	25.0412211	121.5650883	0	0	1	2	8	5	5	14	9	1	5	4	5	13	4	4	1	4	5	2	12	4	9	1	3	1	10	1		1	2	12	
113	12	17	18	11	臺北市	信義區	信義區松山路與市民大道6段口	25.0492061	121.5777158	0	0	1	2	8	5	5	4	2	1	5	4	5	13	2	1	1	4	4	1	12	4	9	1	3	1	10	1		1	3	14	
113	12	17	18	15	臺北市	大安區	大安區仁愛路4段122巷59號	25.0337804	121.5502135	0	0	1	2	7	5	5	14	9	1	5	4	5	13	4	4	10	5	5	1	16	4	8	1	3	1	8	1		1	3	5	
113	12	17	18	20	臺北市	內湖區	內湖區成功路2段與潭美街口	25.0600652	121.5916998	0	0	2	2	8	5	6	3	1	1	5	4	5	13	2	1	9	4	5	2	16	1	5	1	6	2	10	1		2	2	11	
113	12	17	18	22	臺北市	士林區	士林區基河路與大東路口	25.0876106	121.5240763	0	0	1	2	8	5	5	3	1	1	5	4	5	13	4	4	7	4	5	2	16	1	4	1	7	1	3	1		1	3	4	
113	12	17	18	25	臺北市	中正區	中正區濟南路1段與紹興南街口	25.0420688	121.5241552	0	0	1	2	7	5	5	4	2	1	5	4	5	13	1	1	5	4	4	2	16	1	11	1	7	1	8	1		2	3	4	
113	12	17	18	35	臺北市	萬華區	萬華區康定路與大理街口	25.0346329	121.5011782	0	0	2	3	8	5	5	4	1	1	5	4	5	13	1	1	4	1	5	2	17	1	5	1	6	1	10	1		1	3	12	
113	12	17	18	47	臺北市	中山區	中山區南京東路3段25號	25.0520739	121.5377546	0	0	2	2	8	5	5	14	9	1	5	4	5	13	4	4	1	4	4	1	13	1	9	1	5	2	10	1		2	2	11	
113	12	17	19	3	臺北市	文山區	文山區木柵路4段與木柵路4段33巷口口	24.9940754	121.5715279	0	0	3	3	8	5	5	3	1	1	5	4	5	13	2	1	10	5	5	2	16	1	5	1	5	1	10	1		2	2	11	
113	12	17	19	16	臺北市	信義區	信義區虎林街120巷270號附近側附近	25.0422918	121.5706169	0	0	2	3	7	5	5	14	9	1	5	4	5	13	4	4	10	5	5	2	29	5	20	8	3	10	20	1		2	2	16	
113	12	17	19	22	臺北市	文山區	文山區木柵路1段與辛亥路7段口	24.9877345	121.552422	0	0	1	3	7	5	5	4	1	1	5	4	5	13	1	1	10	5	5	2	16	1	6	1	7	1	8	1		2	3	5	
113	12	17	19	31	臺北市	大同區	大同區延平北路3段與民族西路口	25.0685182	121.5108731	0	0	2	2	8	5	5	5	1	1	5	4	5	13	2	1	5	5	5	2	17	1	9	1	6	1	10	1		1	2	13	
113	12	17	19	47	臺北市	大同區	大同區民權西路102巷與民權西路102巷4弄口	25.0615888	121.5177026	0	0	2	3	7	5	5	4	1	1	5	4	5	13	4	4	10	5	5	2	15	4	9	1	3	1	8	1		2	3	1	
113	12	17	20	37	臺北市	信義區	信義區忠孝東路4段550號	25.0411425	121.5632273	0	0	1	2	8	5	5	14	9	1	5	4	5	13	4	4	1	4	5	1	13	4	7	1	3	1	10	1		2	2	11	
113	12	17	21	22	臺北市	信義區	信義區松仁路236號	25.0250661	121.5692419	0	0	1	2	7	5	5	14	9	1	5	4	5	13	4	4	10	5	5	2	29	4	9	1	3	1	10	1		2	2	14	
113	12	17	21	27	臺北市	中山區	中山區南京東路2段54號	25.05192761	121.5297285	0	0	1	2	7	5	5	14	7	1	5	4	5	13	4	4	3	4	4	2	17	1	1	1	7	1	8	1		1	3	4	
113	12	17	21	29	臺北市	大安區	大安區建國南路1段與信義路3段口	25.03344785	121.5374813	0	0	2	2	8	5	5	4	1	1	5	4	5	13	2	1	1	4	5	2	16	1	6	1	5	1	10	1		1	2	11	
113	12	17	21	30	臺北市	北投區	北投區石牌路1段62號	25.1133648	121.5109648	0	0	1	2	8	5	5	14	9	1	5	4	5	13	4	4	5	5	5	2	9	5	20	8	4	10	20	1		2	3	16	
113	12	17	22	30	臺北市	中正區	中正區中山北路1段與北平東路口	25.0470965	121.5204431	0	0	1	2	7	5	5	4	1	1	5	4	5	13	1	1	1	4	5	2	16	1	6	1	7	1	8	1		1	3	2	
113	12	18	6	16	臺北市	文山區	文山區景隆街19巷與景隆街口口附近	25.00002134	121.5468079	0	0	2	2	8	5	5	4	1	1	5	4	5	13	4	4	9	5	5	2	17	1	5	1	6	11	10	1		1	2	11	
113	12	18	6	20	臺北市	松山區	松山區民生東路5段與光復北路口	25.0583412	121.5553629	0	0	1	2	8	5	5	4	1	1	5	4	5	13	2	1	3	4	5	2	13	1	9	1	7	1	1	1		1	3	5	
113	12	18	6	44	臺北市	信義區	信義區和平東路3段圓環內	25.0241571	121.5528501	0	0	1	2	7	5	8	22	22	1	5	4	5	13	1	1	5	5	5	2	17	1	5	1	7	1	8	1		1	3	6	
113	12	18	7	24	臺北市	文山區	文山區木柵路2段161巷第0700377號燈桿前	24.98925161	121.5628394	0	0	1	2	8	6	5	11	9	1	5	4	5	13	4	4	10	5	5	2	10	1	9	1	5	1	10	1		2	3	11	
113	12	18	7	42	臺北市	信義區	信義區福德街221巷與福德街221巷4弄口	25.0379149	121.5851191	0	0	2	2	7	7	5	4	1	1	5	4	5	13	4	4	10	5	5	2	15	1	9	1	6	1	10	1		2	2	11	
113	12	18	8	2	臺北市	中山區	中山區長春路167號	25.0548221	121.5353026	0	0	1	2	8	5	5	14	9	1	5	4	5	13	4	4	8	5	5	2	13	1	9	1	5	1	10	1		1	2	11	
113	12	18	8	10	臺北市	松山區	松山區南京東路5段36號	25.0514132	121.5592364	0	0	2	2	7	6	5	14	8	1	5	4	5	13	2	1	1	3	4	2	13	1	9	1	6	1	10	1		2	2	11	
113	12	18	8	14	臺北市	士林區	士林區中山北路5段698巷5號	25.0976546	121.5278314	0	0	1	2	7	6	5	14	9	1	5	4	5	13	4	4	10	5	5	2	11	4	4	7	3	11	19	2		1	4	11	
113	12	18	8	14	臺北市	松山區	松山區民權東路4段與敦化北路口	25.0616609	121.5514671	0	0	2	3	7	5	5	4	1	1	5	4	5	13	2	1	3	4	5	2	17	4	9	1	6	1	10	1		1	2	12	
113	12	18	8	15	臺北市	士林區	士林區中正路503號全家超商前	25.09184156	121.5179513	0	0	1	2	8	6	5	22	20	1	5	4	5	13	4	4	10	5	5	2	9	4	2	7	3	11	19	2		4	4	15	
113	12	18	8	44	臺北市	松山區	松山區民生東路5段156號	25.0586601	121.5627887	0	0	1	2	8	7	5	14	9	1	5	4	5	13	2	1	1	4	5	2	13	1	9	1	6	1	9	1		1	2	11	
113	12	18	8	55	臺北市	信義區	信義區基隆路1段147巷5弄與松隆路口	25.0431964	121.5664296	0	0	1	2	7	6	5	3	18	1	5	4	5	13	4	4	10	5	5	2	3	4	2	1	3	2	4	1		1	3	6	
113	12	18	9	5	臺北市	大安區	大安區杭州南路2段3號	25.0342302	121.5239611	0	0	2	2	7	6	5	14	9	1	5	4	5	13	4	4	1	4	5	2	13	4	9	1	3	1	10	1		1	2	11	
113	12	18	9	7	臺北市	信義區	信義區松平路30巷景平公園旁	25.0298825	121.5636471	0	0	1	2	7	5	5	14	9	1	5	4	5	13	4	4	5	5	5	2	17	4	21	7	3	11	19	2		4	4	15	
113	12	18	9	7	臺北市	士林區	士林區志成街與志成街22巷口口	25.09684002	121.5301494	0	0	1	2	8	6	5	4	1	1	5	4	5	13	4	4	10	5	5	2	15	1	9	1	6	2	10	1		1	2	12	
113	12	18	9	47	臺北市	中正區	中正區中山南路與徐州路口	25.04168478	121.5188898	0	0	1	2	7	7	5	4	1	1	5	4	5	13	1	1	1	4	1	2	12	1	14	1	7	1	8	1		1	3	7	
113	12	18	10	4	臺北市	中山區	中山區民權東路3段與建國北路3段口	25.0625733	121.5372839	0	0	1	2	7	5	5	4	2	1	5	4	5	13	2	1	3	4	5	2	16	4	9	8	4	2	20	1		2	2	11	
113	12	18	10	10	臺北市	中山區	中山區長春路與中原街口	25.05536181	121.5288234	0	0	1	2	7	7	5	3	1	1	5	4	5	13	2	1	5	4	4	2	12	4	7	8	4	1	20	1		2	2	14	
113	12	18	10	10	臺北市	內湖區	內湖區舊宗路1段18號	25.058018	121.581266	0	0	1	2	8	6	5	14	9	1	5	4	5	13	4	4	1	4	5	2	17	1	6	1	7	2	8	1		1	3	5	
113	12	18	10	20	臺北市	中正區	中正區羅斯福路4段與基隆路4段口	25.0113721	121.5369696	0	0	2	2	8	7	5	5	1	1	5	4	5	13	2	1	10	4	5	2	17	1	8	1	5	1	10	1		2	2	12	
113	12	18	10	20	臺北市	松山區	松山區光復北路與八德路3段口	25.0484795	121.5577812	0	0	1	2	7	5	5	4	1	1	5	4	5	13	2	1	3	4	5	2	17	4	9	1	6	2	10	1		1	2	14	
113	12	18	10	30	臺北市	中山區	中山區建國北路3段與建國北路3段22巷口	25.06390288	121.5369065	0	0	1	2	7	7	5	4	1	1	5	4	5	13	4	4	1	4	5	2	12	1	8	1	7	1	8	1		1	3	2	
113	12	18	10	50	臺北市	中山區	中山區建國北路3段77號	25.0652003	121.537203	0	0	1	2	8	5	5	14	9	1	5	4	5	13	1	1	8	5	5	2	17	1	5	1	5	1	10	1		1	3	17	
113	12	18	10	59	臺北市	大安區	大安區忠孝東路4段216巷64號	25.0383695	121.5528929	0	0	1	4	8	6	5	4	1	1	5	4	5	13	4	4	4	1	5	2	17	1	8	1	7	1	4	1		1	3	17	
113	12	18	11	32	臺北市	中正區	中正區南昌路1段與南海路口	25.0326845	121.5160668	0	0	3	3	8	6	5	4	2	2	5	4	5	13	1	1	4	5	5	1	17	1	7	1	5	2	10	1		1	2	14	
113	12	18	11	56	臺北市	松山區	松山區健康路與南京東路5段59巷口	25.05373657	121.5592144	0	0	1	2	7	6	5	4	2	1	5	4	5	13	1	1	1	3	4	2	13	4	9	1	3	1	8	1		1	3	5	
113	12	18	12	3	臺北市	中山區	中山區明水路325號旁	25.0776918	121.5400669	0	0	1	2	7	6	5	14	9	1	5	4	5	13	4	4	1	4	5	2	11	1	7	1	7	2	8	1		2	3	4	
113	12	18	12	7	臺北市	信義區	信義區忠孝東路5段236巷27弄與虎林街164巷60弄口	25.0383982	121.5739951	0	0	1	2	7	6	5	3	2	1	5	4	5	13	4	4	10	5	5	2	16	1	5	8	4	1	20	1		1	2	14	12
113	12	18	12	13	臺北市	文山區	文山區景明街與興隆路1段70巷11弄口	25.0015301	121.5409379	0	0	1	2	7	6	5	4	1	1	5	4	5	13	4	4	10	5	5	2	15	1	9	1	7	1	8	1		1	3	8	
113	12	18	12	40	臺北市	大同區	大同區民樂街8號	25.055807	121.5107896	0	0	1	2	7	6	5	14	9	1	5	4	5	13	4	4	8	3	5	2	2	4	9	1	3	11	8	1		1	4	2	
113	12	18	12	53	臺北市	中正區	中正區忠孝西路1段與館前路口	25.046341	121.5156359	0	0	1	3	8	6	5	4	1	1	5	4	5	13	2	1	3	4	5	2	17	1	9	1	7	2	2	1		1	3	17	
113	12	18	13	4	臺北市	中山區	中山區南京東路2段53號	25.0521606	121.5293904	0	0	2	3	8	6	5	14	9	1	5	4	5	13	4	4	1	4	4	2	12	1	15	1	7	11	8	2		1	3	2	
113	12	18	13	23	臺北市	北投區	北投區公館路376巷與公館路376巷6弄口	25.1238935	121.5035133	0	0	1	2	8	6	6	3	1	1	5	4	5	13	4	4	10	5	5	2	13	1	9	1	5	2	10	1		2	3	11	
113	12	18	14	40	臺北市	松山區	松山區民族東路668巷與民族東路口	25.0648582	121.5465677	0	0	1	2	7	6	5	3	1	1	5	4	5	13	4	4	10	5	5	2	18	1	9	8	4	1	20	1		2	2	11	
113	12	18	14	44	臺北市	北投區	北投區洲美快速道路往大度路方向	25.1214732	121.4948603	0	0	3	5	8	6	5	8	7	1	5	4	5	13	4	4	9	4	5	2	13	1	9	1	7	2	5	1		1	3	1	
113	12	18	14	49	臺北市	中山區	中山區民生東路1段23巷	25.05004585	121.5211345	0	0	1	2	7	7	5	14	9	1	5	4	5	13	4	4	10	5	5	1	17	1	5	1	5	11	10	1		1	3	17	
113	12	18	15	0	臺北市	士林區	士林區承德路5段與士商路口	25.0960328	121.5142442	0	0	1	2	7	6	5	4	2	1	5	4	5	13	2	1	1	4	5	2	17	1	10	1	6	11	8	2		4	2	11	
113	12	18	15	30	臺北市	中正區	中正區牯嶺街與南昌路1段74巷口	25.03043026	121.51617	0	0	2	2	7	7	5	4	1	1	5	4	5	13	4	4	9	5	5	2	15	1	9	1	6	1	10	1		2	2	11	
113	12	18	15	30	臺北市	信義區	信義區忠孝東路5段與基隆路1段口	25.0412041	121.5646354	0	0	1	2	8	6	5	4	1	1	5	4	5	13	2	1	3	4	5	2	13	1	9	1	7	2	8	1		2	3	1	
113	12	18	16	10	臺北市	大安區	大安區敦化南路2段19號	25.0325794	121.549011	0	0	1	2	7	6	5	14	9	1	5	4	5	13	4	4	4	4	5	2	12	1	7	1	7	1	4	1		1	3	4	
113	12	18	16	26	臺北市	文山區	文山區木柵路5段16號	25.0023022	121.5813732	0	0	2	2	8	6	5	14	9	1	5	4	5	13	4	4	5	5	5	2	11	1	9	1	6	1	10	1		2	2	14	
113	12	18	17	0	臺北市	士林區	士林區士東路與忠誠路2段口	25.1123799	121.5315739	0	0	2	12	8	6	5	4	2	1	5	4	5	13	2	1	1	4	5	1	37	4	6	1	3	2	4	1		1	2	1	
113	12	18	17	25	臺北市	中山區	中山區八德路2段174巷與八德路2段口	25.0462472	121.5381472	0	0	1	2	7	5	5	3	1	1	5	4	5	13	1	1	5	4	5	2	15	4	11	1	3	1	8	1		1	3	1	
113	12	18	17	54	臺北市	松山區	松山區民權東路4段與光復北路口	25.0618436	121.554571	0	0	2	3	7	5	5	4	1	1	5	4	5	13	2	1	1	4	5	2	15	1	15	1	5	1	9	1		1	2	11	
113	12	18	18	5	臺北市	文山區	文山區木新路2段211巷與木新路2段211巷6弄口口	24.9831797	121.5679903	0	0	2	2	8	5	5	4	1	1	5	4	5	13	4	4	10	5	5	2	15	1	9	1	5	1	10	1		1	2	12	
113	12	18	18	15	臺北市	萬華區	萬華區長沙街2段73號	25.04054537	121.505057	0	0	1	2	8	5	5	14	9	1	5	4	5	13	4	4	9	4	5	2	17	4	15	8	4	1	20	1		1	2	11	
113	12	18	18	20	臺北市	內湖區	內湖區五分街77號	25.0673359	121.6150309	0	0	1	2	7	5	5	14	9	1	5	4	5	13	4	4	9	5	5	1	13	1	9	1	6	2	10	1		2	2	11	
113	12	18	18	44	臺北市	大安區	大安區安和路1段與忠孝東路4段170巷口	25.0387818	121.5507504	0	0	1	2	8	5	5	22	18	1	5	4	5	13	4	4	10	5	5	2	3	1	6	1	7	1	4	1		1	3	8	
113	12	18	19	10	臺北市	中山區	中山區建國北路1段與南京東路3段口	25.0520419	121.5374679	0	0	1	2	8	5	5	4	1	1	5	4	5	13	1	1	10	1	5	2	12	1	9	1	6	1	10	1		1	3	14	
113	12	18	19	10	臺北市	內湖區	內湖區民權東路6段與民權東路6段11巷口	25.0667764	121.5784445	0	0	1	2	8	5	5	4	1	1	5	4	5	13	1	1	10	5	5	2	11	1	15	1	6	2	10	1		2	3	12	
113	12	18	19	37	臺北市	大安區	大安區信義路3段109號	25.03373885	121.5394092	0	0	2	3	8	6	5	14	9	1	5	4	5	13	4	4	1	3	5	2	12	1	9	1	6	1	10	1		1	3	12	
113	12	18	19	40	臺北市	中正區	中正區襄陽路與南陽街口	25.0433365	121.5160405	0	0	1	2	7	5	5	3	1	1	5	4	5	13	4	4	5	4	5	2	3	1	9	1	7	2	4	1		1	3	8	
113	12	18	19	53	臺北市	信義區	信義區忠孝東路5段與忠孝東路5段215巷口	25.041094	121.5703341	0	0	1	2	8	5	5	3	4	1	5	4	5	13	2	1	1	4	5	1	12	4	9	3	3	1	18	1		2	3	12	
113	12	18	20	0	臺北市	內湖區	內湖區成功路4段與大湖街131巷口口	25.084586	121.6003996	0	0	1	2	7	5	5	4	2	1	5	4	5	13	2	1	1	4	5	2	12	1	9	1	6	1	10	1		1	2	14	
113	12	18	20	10	臺北市	內湖區	內湖區內湖路2段179巷226號	25.0843336	121.5849232	0	0	2	2	8	5	5	14	9	1	5	4	5	13	4	4	5	5	5	2	10	1	15	1	6	2	10	1		1	2	11	
113	12	18	20	15	臺北市	大同區	大同區環河北路2段109號	25.0662955	121.5089533	0	0	2	3	8	5	5	14	9	1	5	4	5	13	4	4	1	4	5	2	17	1	9	1	6	2	10	1		1	2	11	
113	12	18	20	30	臺北市	信義區	信義區吳興街與吳興街269巷口	25.026772	121.5638924	0	0	2	2	7	5	5	4	1	1	5	4	5	13	4	4	9	5	5	2	15	1	9	1	5	1	10	1		1	2	11	
113	12	18	20	46	臺北市	大安區	大安區信義路4段與信義路4段294巷口口	25.0329932	121.5542769	0	0	1	3	7	5	5	4	1	1	5	4	5	13	2	1	1	4	5	2	9	1	6	1	7	2	4	1		2	3	8	
113	12	18	21	15	臺北市	士林區	士林區仰德大道2段129號	25.1089093	121.5466341	0	0	1	2	8	5	5	12	9	1	5	4	5	13	4	4	4	5	5	1	17	4	4	1	3	2	8	1		2	3	4	
113	12	18	21	40	臺北市	松山區	松山區八德路2段366巷與市民大道4段口	25.0451912	121.5460236	0	0	1	2	7	5	5	4	18	1	5	4	5	13	1	1	1	4	5	1	3	5	16	8	4	10	20	1		1	2	16	
113	12	18	22	54	臺北市	信義區	信義區和平東路3段與崇德街口	25.0242803	121.5529645	0	0	1	2	7	5	5	3	2	1	5	4	5	13	4	4	5	5	5	2	13	4	9	1	3	9	8	1		1	3	7	
113	12	18	23	15	臺北市	中山區	中山區八德路2段與龍江路口	25.0468895	121.5405188	0	0	1	3	7	5	5	3	1	1	5	4	5	13	1	1	5	4	5	2	16	4	5	1	3	2	4	1		1	3	2	
113	12	18	23	48	臺北市	大同區	大同區重慶北路3段與昌吉街口	25.065937	121.5134972	0	0	1	2	7	5	5	4	1	1	5	4	5	13	2	1	4	4	5	2	2	4	6	1	3	2	8	1		1	3	1	
113	12	19	0	12	臺北市	大安區	大安區信義路4段281號	25.0332543	121.5549017	0	0	1	2	7	5	5	14	9	1	5	4	5	13	4	4	5	4	5	2	17	4	15	1	5	1	8	1		2	2	14	
113	12	19	0	13	臺北市	北投區	北投區大業路300巷與大業路300巷9弄口	25.1281932	121.498528	0	0	1	2	7	5	5	4	1	1	5	4	5	13	4	4	10	5	5	2	15	1	9	1	7	1	8	1		1	3	4	
113	12	19	1	2	臺北市	萬華區	萬華區康定路60號	25.0426163	121.5024069	0	0	1	2	7	6	5	14	9	1	5	4	5	13	4	4	9	4	5	2	12	4	9	1	3	2	4	1		1	3	2	
113	12	19	2	47	臺北市	大安區	大安區羅斯福路2段67號	25.0266991	121.5228597	0	0	1	2	8	5	5	14	9	1	5	4	5	13	2	1	10	5	5	2	9	4	2	1	3	1	4	1		1	3	3	
113	12	19	3	13	臺北市	大安區	大安區羅斯福路4段與羅斯福路4段123巷21弄口	25.00991315	121.5375064	0	0	2	4	8	5	5	3	1	1	5	4	5	13	4	4	1	4	5	2	17	1	6	1	7	1	4	1		1	3	2	
113	12	19	5	6	臺北市	內湖區	內湖區江南街71巷與江南街71巷16弄口	25.0759217	121.5784565	0	0	1	2	7	5	5	4	1	1	5	4	5	13	4	4	5	5	5	1	16	1	5	1	5	1	10	1		1	3	13	
113	12	19	5	11	臺北市	萬華區	萬華區光復橋往臺北（燈桿003011）	25.02398576	121.489785	0	0	2	2	7	5	8	8	9	1	5	4	5	13	4	4	1	3	5	2	13	1	9	1	5	1	10	1		1	2	15	
113	12	19	6	37	臺北市	松山區	松山區市民大道6段與基隆路1段口	25.049093	121.5690596	0	0	1	2	7	7	5	4	1	1	5	4	5	13	2	1	1	4	5	2	15	1	9	1	6	1	10	1		1	3	12	
113	12	19	7	49	臺北市	北投區	北投區中山路5-7號	25.1378108	121.510115	0	0	1	2	7	6	5	14	9	1	5	4	5	13	4	4	8	3	5	2	17	1	11	1	7	1	8	1		2	3	8	