年	月	日	時	分	縣市	行政區	allLocation	GoogleLat	GoogleLng	死	2-30	受傷	當事人數	天候	道路照明設備	道路類別	道路型態	事故位置	路面狀況1	路面狀況2	路面狀況3	道路障礙1	道路障礙2	號誌1	號誌2	車道劃分-分向	車道劃分-分道1	車道劃分-分道2	車道劃分-分道3	事故類型及型態	行動電話	當事者行動狀態	駕駛資格情形	保護裝置	飲酒情形	駕駛執照種類	個人肇逃否	肇因碼-主要	性別	受傷程度	車輛撞擊部位1	車輛撞擊部位2
113	12	19	8	0	臺北市	信義區	信義區和平東路3段557號	25.0156751	121.5609653	0	0	1	2	7	7	6	14	9	1	5	4	5	13	4	4	5	5	5	2	13	1	9	1	5	1	10	1		1	3	11	
113	12	19	8	6	臺北市	中山區	中山區吉林路與農安街125巷口	25.065807	121.5303387	0	0	2	2	7	5	5	4	1	1	5	4	5	13	4	4	5	5	5	2	13	4	9	1	3	1	10	1		2	2	11	
113	12	19	8	21	臺北市	松山區	松山區松河街與中坡北路口	25.0520868	121.5798031	0	0	1	2	7	6	5	3	1	1	5	4	5	13	1	1	5	5	5	2	13	1	9	1	6	1	10	1		1	2	11	
113	12	19	8	59	臺北市	內湖區	內湖區環山路2段53巷與環山路2段53巷1弄口	25.0848675	121.5735835	0	0	1	3	6	6	5	4	2	1	4	4	5	13	4	4	10	5	5	2	17	1	9	1	6	2	10	1		1	3	12	
113	12	19	9	2	臺北市	信義區	信義區吳興街156巷與吳興街156巷25弄口	25.0286579	121.5609157	0	0	1	2	7	6	5	3	1	1	5	4	5	13	4	4	5	5	5	2	12	4	5	8	4	1	20	1		1	3	14	
113	12	19	9	2	臺北市	文山區	文山區忠順街1段123號	24.9842938	121.56024	0	0	2	3	6	6	6	14	9	1	4	4	5	13	4	4	9	5	5	2	16	1	14	1	7	1	4	1		1	3	4	
113	12	19	9	10	臺北市	內湖區	內湖區文湖街21巷68弄31號前無名巷	25.0888223	121.5609416	0	0	2	3	7	5	5	14	9	2	4	4	5	13	4	4	10	5	5	2	11	4	9	1	3	1	11	1		2	2	12	
113	12	19	9	37	臺北市	萬華區	萬華區西園路2段與西園路2段196巷口	25.0291826	121.4957772	0	0	2	4	7	6	5	3	2	1	5	4	5	13	4	4	1	4	5	2	17	1	6	3	6	1	18	1		1	2	14	12
113	12	19	9	54	臺北市	大安區	大安區永康街與潮州街口	25.0283852	121.5296126	0	0	2	2	6	7	5	4	2	1	4	4	5	13	4	4	9	5	5	1	15	1	15	1	5	1	10	1		2	2	11	
113	12	19	9	55	臺北市	大安區	大安區新生南路1段97巷與忠孝東路3段44巷口	25.0411537	121.5346181	0	0	2	2	7	7	5	4	1	1	5	4	5	13	4	4	10	5	5	2	15	1	9	1	6	1	10	1		1	2	12	
113	12	19	10	1	臺北市	士林區	士林區通河東街1段與和豐街口	25.0823568	121.517061	0	0	1	4	7	7	5	3	1	1	5	4	5	13	4	4	1	5	5	1	17	1	1	1	5	1	10	1		2	3	11	
113	12	19	10	26	臺北市	文山區	文山區興隆路2段與興隆路2段96巷口	25.0007485	121.5498539	0	0	1	2	6	6	5	4	1	1	4	4	5	13	2	1	1	4	5	2	17	1	5	1	7	1	8	1		1	3	17	
113	12	19	10	28	臺北市	信義區	信義區信安街103巷8-6號	25.0251733	121.5583802	0	0	1	2	7	5	6	14	9	1	4	4	5	13	4	4	5	5	5	2	17	1	9	1	5	1	10	1		1	2	11	
113	12	19	10	33	臺北市	文山區	文山區興隆路4段66巷與忠順街1段141巷口	24.9847469	121.5607329	0	0	2	2	6	5	5	4	1	1	4	4	5	13	4	4	10	5	5	2	15	1	9	1	6	2	10	1		2	2	11	
113	12	19	10	35	臺北市	北投區	北投區中和街406號	25.14348773	121.4981642	0	0	2	2	7	5	5	14	9	1	4	4	5	13	4	4	5	4	5	2	16	1	11	1	5	1	10	1		2	2	11	
113	12	19	10	40	臺北市	大安區	大安區信義路4段與通化街口	25.0330527	121.5541927	0	0	1	2	6	6	8	4	1	1	4	4	5	13	2	1	1	3	5	2	16	1	6	1	7	1	8	1		1	3	6	
113	12	19	10	46	臺北市	中正區	中正區中華路1段與愛國西路口	25.0375827	121.5070221	0	0	1	2	8	6	5	5	1	1	4	4	5	13	2	1	10	5	5	2	3	1	5	1	7	2	8	1		1	3	1	
113	12	19	11	2	臺北市	中山區	中山區大直橋與北安路口	25.0795317	121.5445429	0	0	1	3	8	7	5	4	1	1	5	4	5	13	2	1	5	2	5	2	17	1	9	1	5	1	10	1		1	3	12	
113	12	19	11	9	臺北市	中正區	中正區漢口街1段57號	25.0451864	121.5123808	0	0	1	2	6	6	5	14	9	1	4	4	5	13	1	1	10	4	5	2	3	5	18	8	4	2	20	2		2	2	16	
113	12	19	11	17	臺北市	中正區	中正區臨沂街27巷與臨沂街口	25.0411516	121.5302808	0	0	1	2	6	6	5	4	1	1	4	4	5	13	4	4	5	5	5	2	17	1	6	1	5	1	10	1		2	2	12	
113	12	19	11	40	臺北市	信義區	信義區崇德街62號	25.0242437	121.5545085	0	0	1	2	6	6	5	14	9	1	4	4	5	13	4	4	9	5	5	2	13	1	9	1	5	2	10	1		1	2	11	12
113	12	19	11	45	臺北市	內湖區	內湖區民權東路6段180巷與民權東路6段口	25.0688364	121.5928053	0	0	1	2	6	6	5	4	1	1	4	4	5	13	1	1	1	5	5	2	16	1	5	1	7	2	8	1		1	3	8	
113	12	19	11	45	臺北市	士林區	士林區承德路4段藝術中心旁	25.08482613	121.5235476	0	0	1	2	7	6	5	14	8	1	5	4	5	13	4	4	1	5	4	2	17	1	1	1	6	1	10	1		1	3	13	
113	12	19	12	27	臺北市	文山區	文山區萬安街16巷與萬和街口	25.0003364	121.5687637	0	0	1	2	6	5	5	3	1	1	4	4	5	13	3	1	10	5	5	2	17	1	5	1	7	1	8	1		2	3	17	
113	12	19	12	30	臺北市	信義區	信義區信安街與信安街115巷口口	25.0248755	121.5561786	0	0	1	2	7	7	5	3	1	1	4	4	5	13	4	4	10	5	5	2	16	1	6	1	6	1	10	1		1	3	14	
113	12	19	12	44	臺北市	北投區	北投區致遠二路與石牌路1段口	25.1140041	121.5122214	0	0	1	2	6	6	5	14	9	1	4	4	5	13	1	1	9	4	5	2	17	1	5	1	7	1	8	1		1	3	17	
113	12	19	12	50	臺北市	信義區	信義區基隆路1段102巷與基隆路1段口	25.0454215	121.5668506	0	0	1	2	8	6	5	3	2	1	4	4	5	13	4	4	1	3	4	2	17	1	6	1	7	1	8	1		2	3	17	
113	12	19	12	52	臺北市	北投區	北投區石牌路2段97巷與石牌路2段口	25.1177309	121.5168148	0	0	2	3	7	7	5	14	9	1	5	4	5	13	4	4	5	4	5	2	9	1	9	1	7	1	2	1		1	3	17	
113	12	19	13	5	臺北市	士林區	士林區延平北路5段與葫東街口口	25.08338086	121.5100635	0	0	1	2	6	6	5	3	1	1	4	4	5	13	2	1	3	4	5	2	17	1	15	1	6	2	10	1		1	2	14	
113	12	19	13	30	臺北市	中山區	中山區伊通街21號對面	25.0490371	121.5347098	0	0	1	4	6	6	5	14	9	1	4	4	5	13	4	4	9	5	5	2	12	4	14	1	3	1	8	1		1	3	2	
113	12	19	14	13	臺北市	信義區	信義區永吉路與永吉路180巷口	25.0455715	121.5715091	0	0	1	2	6	6	5	3	2	1	4	4	5	13	4	4	10	3	5	2	12	4	9	6	3	1	8	1		1	3	7	14
113	12	19	14	19	臺北市	大安區	大安區復興南路2段與復興南路2段151巷口	25.028444	121.5435708	0	0	1	2	6	7	5	4	2	1	4	4	5	13	1	1	2	3	1	2	17	1	9	1	5	11	10	1		4	2	17	
113	12	19	14	30	臺北市	內湖區	內湖區民善街205號	25.0641021	121.574766	0	0	1	3	6	6	5	14	9	1	4	4	5	13	4	4	10	5	5	2	16	1	6	1	7	2	8	1		1	3	5	
113	12	19	14	43	臺北市	中山區	中山區中山北路3段往南(花博公園旁)	25.06985072	121.5231537	0	0	2	3	6	5	5	14	9	1	4	4	5	13	4	4	5	4	5	2	12	5	20	8	3	10	20	1		2	2	16	
113	12	19	15	38	臺北市	北投區	北投區石牌路2段與振興街口	25.1189249	121.5212549	0	0	2	2	6	7	5	4	1	1	4	4	5	13	2	1	10	5	5	2	12	1	8	1	5	1	10	1		2	2	12	
113	12	19	16	14	臺北市	萬華區	萬華區艋舺大道與萬大路口	25.0329361	121.5009037	0	0	1	2	6	5	8	22	22	1	4	4	5	13	1	1	10	5	5	2	17	4	4	7	3	11	19	2		1	4	2	
113	12	19	16	25	臺北市	信義區	信義區福德街151巷與福德街137巷口	25.0371042	121.5837574	0	0	1	2	6	7	5	3	1	1	4	4	5	13	4	4	10	5	5	2	17	1	9	1	5	1	10	1		1	3	12	
113	12	19	16	37	臺北市	大安區	大安區敦化南路2段112號旁	25.0302887	121.5485173	0	0	1	2	6	7	5	14	9	1	4	4	5	13	2	1	8	3	5	1	12	1	9	1	7	1	8	1		1	3	5	
113	12	19	17	26	臺北市	中正區	中正區重慶南路2段6巷與博愛路口	25.0339897	121.5120196	0	0	1	2	7	5	5	4	1	1	4	4	5	13	4	4	10	5	5	1	3	5	16	8	4	1	20	1		2	2	16	
113	12	19	17	28	臺北市	南港區	南港區富康街與研究院路1段口	25.0544851	121.6165925	0	0	1	2	6	5	5	4	1	1	4	4	5	13	2	1	5	5	5	2	17	1	6	1	5	1	10	1		1	2	14	
113	12	19	17	40	臺北市	信義區	信義區林口街58號	25.0384789	121.5793613	0	0	2	2	6	5	5	14	7	1	4	4	5	13	4	4	9	5	4	2	2	5	16	8	4	10	20	1		1	2	16	
113	12	19	17	47	臺北市	士林區	士林區福林路100巷11弄與福林路100巷77弄口	25.0958932	121.5324265	0	0	2	2	6	5	5	3	1	1	4	4	5	13	4	4	5	5	5	2	3	4	9	1	3	1	10	1		2	2	11	
113	12	19	17	51	臺北市	北投區	北投區致遠一路1段46巷與西安街1段口	25.1105604	121.5181834	0	0	1	2	6	5	5	14	9	1	4	4	5	13	2	1	5	5	5	2	18	1	9	1	5	1	10	1		2	2	14	
113	12	19	18	0	臺北市	大安區	大安區基隆路2段與敦南街口	25.0203645	121.5478928	0	0	1	2	6	5	5	3	1	1	4	4	5	13	4	4	8	3	5	2	29	4	9	1	3	1	10	1		3	2	14	
113	12	19	18	4	臺北市	信義區	信義區忠孝東路5段236巷與忠孝東路5段236巷3弄口	25.0404235	121.5720176	0	0	1	2	6	5	5	4	18	1	4	4	5	13	4	4	4	3	5	2	3	4	5	1	3	1	8	1		1	3	1	
113	12	19	18	15	臺北市	北投區	北投區承德路7段與石牌路1段口	25.11238324	121.5096367	0	0	6	6	8	5	5	14	11	1	4	4	5	13	2	1	1	4	5	2	12	1	9	1	5	2	10	1		1	2	11	
113	12	19	18	23	臺北市	松山區	松山區南京東路4段與敦化北路口	25.051884	121.549009	0	0	1	2	6	5	5	4	1	1	4	4	5	13	2	1	1	4	5	2	12	1	15	1	7	1	4	1		1	3	2	
113	12	19	18	40	臺北市	北投區	北投區中央北路4段與中央北路4段18巷口	25.1352251	121.4784897	0	0	1	2	6	5	5	3	4	1	4	4	5	13	2	1	5	4	5	2	13	1	9	1	5	1	10	1		2	2	11	
113	12	19	18	40	臺北市	大安區	大安區辛亥路3段(東往西,臥龍公園旁)	25.0164112	121.550038	0	0	1	2	6	5	5	14	9	1	4	4	5	13	4	4	1	4	5	2	13	1	9	1	5	1	10	1		1	2	11	
113	12	19	18	45	臺北市	士林區	士林區至善路1段至善公園旁	25.0977747	121.5389827	0	0	1	2	6	5	5	14	8	1	4	4	5	13	4	4	1	4	4	2	13	1	9	1	6	1	10	1		1	2	11	
113	12	19	19	8	臺北市	中正區	中正區貴陽街1段與重慶南路1段口	25.0388759	121.5128939	0	0	1	2	6	5	5	4	2	1	4	4	5	13	1	1	10	5	5	2	2	1	5	6	2	2	8	1		1	3	1	
113	12	19	19	8	臺北市	松山區	松山區南京東路5段59巷28弄32號	25.0525292	121.5580134	0	0	1	2	6	5	8	22	22	1	4	4	5	13	4	4	10	5	5	2	29	1	15	8	4	7	20	1		1	2	14	
113	12	19	19	9	臺北市	大同區	大同區華陰街57號	25.0494699	121.5186248	0	0	1	2	6	5	5	14	9	1	4	4	5	13	4	4	10	5	5	2	17	1	9	1	6	2	9	1		1	2	14	
113	12	19	19	11	臺北市	信義區	信義區永吉路與松山路口	25.0453682	121.5775118	0	0	1	2	6	5	5	4	1	1	4	4	5	13	2	1	1	4	5	1	13	4	9	1	3	1	10	1		1	2	11	
113	12	19	19	13	臺北市	大安區	大安區安居街與安居街60巷口	25.0200092	121.5538249	0	0	2	2	6	5	5	3	1	1	4	4	5	13	4	4	8	3	5	2	9	1	9	1	6	1	10	1		1	2	11	
113	12	19	19	30	臺北市	內湖區	內湖區民權東路6段81巷與民權東路6段81巷11弄口口	25.0696103	121.5878818	0	0	1	2	6	6	5	3	1	1	4	4	5	13	4	4	10	5	5	2	17	1	12	1	5	1	10	1		2	2	12	
113	12	19	19	30	臺北市	內湖區	內湖區民權東路6段與民權東路6段136巷口	25.0690531	121.5880218	0	0	1	2	6	5	5	4	2	1	4	4	5	13	2	1	1	4	5	2	17	1	6	1	7	1	8	1		1	3	2	
113	12	19	19	35	臺北市	北投區	北投區明德路與懷德街口	25.1101312	121.5202359	0	0	1	2	6	5	5	4	18	1	4	4	5	13	2	1	5	5	5	2	9	1	5	1	7	9	6	1		1	3	5	
113	12	19	19	57	臺北市	中正區	中正區中華路1段1號	25.0475473	121.5100897	0	0	1	2	6	6	5	14	9	1	4	4	5	13	4	4	1	4	5	2	17	1	7	1	2	1	8	1		2	3	17	
113	12	19	19	57	臺北市	內湖區	內湖區環山路2段26巷與環山路2段口（環山平面停車場出入口）	25.086005	121.5721504	0	0	1	2	6	5	5	14	9	1	4	4	5	13	4	4	5	4	5	2	16	1	11	1	7	1	8	1		1	3	8	
113	12	19	20	22	臺北市	大安區	大安區信義路3段與仁愛路3段24巷口	25.0336638	121.5359016	0	0	1	2	6	5	5	3	1	1	4	4	5	13	1	1	10	5	5	2	17	1	9	1	5	1	10	1		1	2	14	
113	12	19	20	33	臺北市	大安區	大安區基隆路3段與基隆路3段156巷口	25.0159702	121.542615	0	0	2	2	6	5	5	4	1	1	4	4	5	13	1	1	1	3	4	2	17	1	9	1	6	1	10	1		2	2	15	
113	12	19	20	59	臺北市	大安區	大安區信義路3段與新生南路2段口	25.0334087	121.5328709	0	0	1	2	7	5	5	14	9	1	5	4	5	13	1	1	10	5	5	2	17	4	7	1	3	1	4	1		1	3	17	
113	12	19	21	35	臺北市	士林區	士林區延平北路7段106巷與延平北路7段106巷94弄口	25.0991153	121.496249	0	0	1	2	6	5	5	3	1	1	4	4	5	13	4	4	10	5	5	2	16	1	6	1	7	1	8	1		1	3	4	
113	12	19	21	48	臺北市	中山區	中山區中山北路3段花博公園圓山4號出入口	25.0706224	121.5233451	0	0	2	2	6	5	5	14	9	1	4	4	5	13	1	1	5	4	5	2	17	4	9	1	3	1	10	1		1	2	11	
113	12	19	22	19	臺北市	中山區	中山區新生北路1段與新生北路1段47巷口	25.04833513	121.5299203	0	0	1	2	6	5	5	5	1	1	4	4	5	13	1	1	10	4	5	2	16	1	9	6	7	2	8	1		1	2	8	
113	12	19	22	27	臺北市	大安區	大安區和平東路2段與復興南路2段口	25.0247847	121.5434779	0	0	2	2	6	5	5	5	1	1	4	4	5	13	1	1	3	4	5	2	16	4	8	1	6	1	10	1		2	2	12	
113	12	19	23	51	臺北市	中山區	中山區中山北路2段與民生東路口側附近1段口	25.0579415	121.5229523	0	0	1	2	6	5	5	4	1	1	4	4	5	13	1	1	5	4	5	2	17	4	15	1	7	11	8	1		1	4	15	
113	12	20	0	38	臺北市	大同區	大同區忠孝西路2段與西寧北路口	25.0486614	121.5079501	0	0	1	2	6	5	5	5	2	1	4	4	5	13	2	1	1	4	5	2	17	1	8	1	7	2	4	1		1	3	6	
113	12	20	1	7	臺北市	內湖區	內湖區潭美街與新明路460巷口	25.0535031	121.5786713	0	0	1	2	6	5	5	3	1	1	4	4	5	13	2	1	5	5	5	2	17	1	5	1	7	1	8	1		1	3	1	
113	12	20	1	30	臺北市	內湖區	內湖區內湖路1段411巷與內湖路1段411巷19弄口	25.0825522	121.5712262	0	0	1	2	6	5	5	3	2	1	4	4	5	13	4	4	5	5	5	2	17	1	5	1	5	1	10	1		1	2	11	
113	12	20	6	12	臺北市	大安區	大安區安和路1段74號	25.0351617	121.5524496	0	0	2	2	6	7	5	14	9	1	4	4	5	13	4	4	10	5	5	2	13	4	9	1	3	1	10	1		1	2	11	
113	12	20	7	7	臺北市	南港區	南港區南港路2段28號附近側附近	25.054064	121.605701	0	0	1	2	6	7	5	14	8	1	4	4	5	13	4	4	4	3	4	2	12	1	9	1	6	2	10	1		2	2	11	
113	12	20	7	10	臺北市	內湖區	內湖區文德路269號	25.07907048	121.5886361	0	0	2	2	7	7	5	14	7	1	4	4	5	13	4	4	1	4	4	2	16	1	1	1	5	1	10	1		2	2	13	
113	12	20	7	40	臺北市	文山區	文山區興隆路3段192巷與興隆路3段192巷8弄口	24.99752624	121.558327	0	0	1	2	6	6	5	3	1	1	4	4	5	13	4	4	5	5	5	2	17	1	5	1	7	1	8	1		2	3	8	
113	12	20	8	13	臺北市	信義區	信義區忠孝東路5段731號	25.0432479	121.5816547	0	0	1	2	6	6	5	14	9	1	4	4	5	13	4	4	1	4	5	2	18	1	9	1	6	1	10	1		2	2	12	
113	12	20	8	22	臺北市	中山區	中山區樂群二路與植福路口	25.0799658	121.5617033	0	0	1	2	7	5	5	4	1	1	4	4	5	13	2	1	3	4	5	2	17	4	9	1	3	1	10	1		1	2	14	
113	12	20	8	31	臺北市	萬華區	萬華區忠孝西路2段與中華路1段口	25.0479727	121.5099617	0	0	1	2	7	7	5	4	1	1	4	4	5	13	1	1	1	4	5	2	17	1	9	1	5	1	10	1		2	2	12	
113	12	20	8	35	臺北市	松山區	松山區八德路4段341號	25.04920675	121.5676807	0	0	1	2	7	6	5	14	9	1	4	4	5	13	4	4	5	4	5	2	12	1	9	1	7	1	8	1		1	3	2	
113	12	20	8	41	臺北市	中山區	中山區明水路西往東，0106365燈桿	25.0774169	121.5451472	0	0	1	2	6	6	5	14	9	1	4	4	5	13	4	4	1	4	5	2	13	1	7	1	6	2	10	1		1	2	11	
113	12	20	8	41	臺北市	文山區	文山區木柵路4段與秀明路1段口	24.9916223	121.5710811	0	0	2	2	6	6	5	4	1	1	4	4	5	13	1	1	10	5	5	2	15	4	9	1	3	2	10	1		1	2	14	
113	12	20	8	43	臺北市	萬華區	萬華區忠孝橋機車道往北市	25.0491007	121.5055452	0	0	2	2	7	6	8	10	11	1	5	4	5	13	4	4	5	5	5	2	13	1	9	1	6	1	10	1		2	2	11	
113	12	20	8	44	臺北市	士林區	士林區承德路4段2巷與承德路4段6巷口	25.0801832	121.5187879	0	0	3	3	7	6	5	3	1	1	5	4	5	13	4	4	10	5	5	2	16	1	5	1	6	1	10	1		1	2	14	
113	12	20	9	5	臺北市	大安區	大安區忠孝東路3段214號	25.0415666	121.5400939	0	0	1	2	7	7	5	14	9	1	5	4	5	13	4	4	1	4	5	1	17	1	9	1	6	1	10	1		1	2	14	
113	12	20	9	6	臺北市	信義區	信義區大道路89號	25.040305	121.5827416	0	0	1	2	6	6	5	14	9	1	4	4	5	13	4	4	5	4	5	2	12	4	4	1	3	2	8	1		2	3	2	
113	12	20	9	10	臺北市	中山區	中山區明水路325號對面	25.07750197	121.5414052	0	0	1	2	8	7	5	14	9	1	5	4	5	13	4	4	2	4	5	2	13	1	8	1	6	1	10	1		1	2	11	
113	12	20	9	20	臺北市	中正區	中正區中山南路與青島東路口	25.0443095	121.5193388	0	0	1	2	7	6	5	4	2	1	4	4	5	13	1	1	1	3	1	2	13	1	9	1	5	2	10	1		2	2	11	
113	12	20	9	40	臺北市	大安區	大安區辛亥路3段西向東(公車站青峰活動中心)	25.0151409	121.5514435	0	0	1	2	6	6	5	14	9	1	4	4	5	13	4	4	1	4	5	2	13	4	9	1	3	1	10	1		1	2	11	
113	12	20	9	43	臺北市	中正區	中正區林森北路與北平東路口	25.0461992	121.5244708	0	0	2	2	7	6	5	4	1	1	5	4	5	13	1	1	10	4	5	2	15	1	9	3	6	2	18	1		2	2	11	
113	12	20	10	31	臺北市	萬華區	萬華區富民路與萬大路493巷12弄口	25.0190204	121.4980079	0	0	1	2	7	6	5	3	2	1	5	4	5	13	4	4	10	4	5	1	17	4	8	1	3	1	10	1		1	2	12	
113	12	20	11	10	臺北市	文山區	文山區福興路78巷20弄45號	25.00494605	121.5517969	0	0	1	4	6	6	5	14	9	1	4	4	5	13	4	4	10	5	5	2	17	1	9	1	6	2	10	1		2	2	14	
113	12	20	11	22	臺北市	大安區	大安區通化街15號	25.0320362	121.5543071	0	0	1	2	8	5	5	14	9	1	4	4	5	13	4	4	9	4	5	2	1	5	16	8	4	1	20	1		2	2	16	
113	12	20	11	25	臺北市	中正區	中正區仁愛路2段34號	25.0381589	121.5272248	0	0	1	2	6	7	6	14	9	1	4	4	5	13	4	4	10	3	1	2	12	1	8	1	7	2	7	1		1	3	2	
113	12	20	11	25	臺北市	士林區	士林區德行東路與德行東路129巷口口	25.1079772	121.5290472	0	0	1	2	7	5	5	3	1	1	5	4	5	13	4	4	8	3	5	2	15	1	9	1	5	1	10	1		1	3	12	
113	12	20	11	54	臺北市	大同區	大同區大龍街與大龍街187巷口	25.069149	121.5159655	0	0	1	2	7	6	5	3	1	1	4	4	5	13	4	4	9	4	5	2	16	1	6	1	7	2	8	1		1	3	5	
113	12	20	12	4	臺北市	松山區	松山區八德路4段與東寧路口	25.0486684	121.5630757	0	0	1	2	7	7	5	4	1	1	4	4	5	13	2	1	1	4	5	2	12	1	15	1	7	1	4	1		1	3	6	
113	12	20	12	5	臺北市	信義區	信義區忠孝東路5段與松山路口	25.0410091	121.5778995	0	0	1	2	6	7	5	4	1	1	4	4	5	13	1	1	1	4	5	2	9	4	5	1	3	9	2	1		1	3	17	
113	12	20	12	5	臺北市	內湖區	內湖區內湖路2段160號	25.0799579	121.5832048	0	0	1	2	7	5	5	14	9	1	4	4	5	13	4	4	4	3	5	1	13	4	9	1	3	1	10	1		2	2	11	
113	12	20	12	15	臺北市	士林區	士林區延平北路8段2巷200弄與堤外便道口堤防便道	25.1112333	121.4935654	0	0	1	2	8	6	5	3	1	1	5	4	5	13	4	4	10	5	5	2	16	1	5	1	7	1	8	1		2	3	8	
113	12	20	12	22	臺北市	大安區	大安區和平東路1段與師大路口	25.0265727	121.5281854	0	0	1	2	7	7	5	14	9	1	5	4	5	13	4	4	1	4	5	1	17	1	7	1	7	1	8	1		2	3	4	
113	12	20	12	33	臺北市	中正區	中正區信義路2段與信義路2段243巷口	25.0337867	121.5311281	0	0	1	2	7	6	5	3	1	1	4	4	5	13	4	4	9	4	5	2	9	1	9	1	7	2	8	1		1	3	10	
113	12	20	13	48	臺北市	松山區	松山區敦化北路244巷與敦化北路244巷6弄口	25.0606456	121.5494239	0	0	1	2	7	7	5	4	2	1	5	4	5	13	4	4	10	4	5	2	15	1	9	1	7	1	8	1		2	3	6	
113	12	20	14	19	臺北市	信義區	信義區松仁路228巷7弄與松仁路240巷口	25.0245965	121.5689383	0	0	1	2	7	6	5	4	1	1	4	4	5	13	4	4	10	5	5	2	15	1	1	1	6	1	10	1		2	2	14	
113	12	20	14	31	臺北市	士林區	士林區百齡橋西向東	25.0892776	121.5139818	0	0	3	4	7	6	5	8	11	1	5	4	5	13	4	4	10	5	5	1	17	1	9	1	6	2	10	1		1	3	13	
113	12	20	14	38	臺北市	士林區	士林區百齡橋西向東機車道	25.09107611	121.5168653	0	0	2	5	7	6	5	8	11	1	5	4	5	13	4	4	1	4	4	2	17	1	9	1	5	1	10	1		1	3	17	
113	12	20	14	40	臺北市	大安區	大安區市民大道3段與八德路2段口	25.044919	121.5342832	0	0	1	2	7	6	5	4	1	1	4	4	5	13	1	1	1	4	5	2	16	4	6	1	3	1	8	1		1	3	2	
113	12	20	15	16	臺北市	信義區	信義區基隆路1段與基隆路口側附近1段364巷口	25.0354026	121.5608272	0	0	1	2	6	6	5	14	9	1	4	4	5	13	4	4	10	5	5	2	29	1	9	1	5	1	10	1		1	2	14	
113	12	20	15	20	臺北市	中正區	中正區杭州南路1段6巷與杭州南路口側附近1段口	25.0433094	121.5266219	0	0	1	3	7	7	5	4	1	1	4	4	5	13	4	4	10	4	5	2	17	1	9	1	5	1	10	1		1	2	11	
113	12	20	16	0	臺北市	萬華區	萬華區和平西路3段與桂林路246巷口	25.03582544	121.4910852	0	0	1	2	8	5	8	22	22	1	5	4	5	13	1	1	10	5	5	2	17	4	11	1	3	1	8	1		1	3	7	
113	12	20	16	9	臺北市	中山區	中山區林森北路與中山北路1段105巷口	25.050241	121.5248445	0	0	1	3	7	7	5	14	9	1	5	4	5	13	2	1	1	4	5	2	13	1	9	1	6	1	10	1		1	3	11	
113	12	20	16	31	臺北市	文山區	文山區木柵路4段與萬芳路口	24.9949112	121.5718125	0	0	1	2	7	5	5	3	1	1	5	4	5	13	2	1	5	4	5	2	17	1	8	1	6	1	10	1		1	3	17	
113	12	20	16	56	臺北市	信義區	信義區松壽路1號	25.0359353	121.5629364	0	0	1	2	8	7	5	14	9	1	4	4	5	13	4	4	9	4	5	2	17	1	1	1	5	1	10	1		1	2	14	
113	12	20	17	0	臺北市	松山區	松山區復興北路499巷與復興北路口	25.0653014	121.5444176	0	0	2	2	7	5	5	3	1	1	5	4	5	13	4	4	1	4	5	2	16	1	6	1	5	1	10	1		1	2	12	
113	12	20	17	5	臺北市	信義區	信義區忠孝東路4段與忠孝東路口側附近4段553巷口	25.0411511	121.5628549	0	0	2	3	6	5	5	3	1	1	4	4	5	13	1	1	9	5	5	2	9	1	5	1	6	1	10	1		1	2	14	
113	12	20	17	13	臺北市	中山區	中山區南京東路1段35號	25.0521995	121.526611	0	0	2	2	7	5	5	14	9	1	5	4	5	13	2	1	1	4	4	2	12	1	9	1	6	1	10	1		1	2	12	
113	12	20	17	30	臺北市	信義區	信義區松信路與永吉路180巷67弄口	25.0435679	121.5719807	0	0	1	2	6	5	5	4	2	1	4	4	5	13	1	1	9	4	4	2	17	1	9	1	6	1	10	1		1	2	14	
113	12	20	18	5	臺北市	士林區	士林區文林路448號	25.09566127	121.5244671	0	0	2	2	8	5	5	14	9	1	5	4	5	13	4	4	5	4	5	2	16	4	11	1	3	1	10	1		2	2	14	
113	12	20	18	9	臺北市	士林區	士林區格致路20巷與格致路口	25.1366643	121.5463032	0	0	1	2	8	5	5	4	1	1	5	4	5	13	2	1	10	5	5	2	3	4	5	1	3	2	8	1		2	3	1	
113	12	20	18	17	臺北市	士林區	士林區中山北路5段512號(南往北)	25.0932817	121.5280926	0	0	1	3	7	5	5	14	9	1	5	4	5	13	4	4	1	4	5	1	12	1	9	1	5	1	11	1		2	3	15	
113	12	20	18	37	臺北市	中山區	中山區錦州街305巷與錦州街口口	25.06024648	121.5378453	0	0	2	3	7	5	5	4	1	1	5	4	5	13	4	4	5	5	5	2	16	4	5	1	5	1	10	1		2	3	11	
113	12	20	18	42	臺北市	大安區	大安區信義路3段111巷與建國南路1段307巷口	25.0354767	121.5395425	0	0	1	2	7	5	5	3	1	1	5	4	5	13	4	4	10	5	5	2	17	1	5	1	6	1	10	1		2	2	12	
113	12	20	18	50	臺北市	士林區	士林區雨聲街105號與雨聲街口	25.10501927	121.531216	0	0	1	2	7	5	5	3	1	1	5	4	5	13	4	4	5	5	5	2	16	1	8	1	7	1	8	1		2	3	2	