年	月	日	時	分	縣市	行政區	allLocation	GoogleLat	GoogleLng	死	2-30	受傷	當事人數	天候	道路照明設備	道路類別	道路型態	事故位置	路面狀況1	路面狀況2	路面狀況3	道路障礙1	道路障礙2	號誌1	號誌2	車道劃分-分向	車道劃分-分道1	車道劃分-分道2	車道劃分-分道3	事故類型及型態	行動電話	當事者行動狀態	駕駛資格情形	保護裝置	飲酒情形	駕駛執照種類	個人肇逃否	肇因碼-主要	性別	受傷程度	車輛撞擊部位1	車輛撞擊部位2
113	12	20	18	55	臺北市	中正區	中正區博愛路與寶慶路口	25.04134115	121.5113838	0	0	1	2	7	5	5	4	2	1	4	4	5	13	1	1	9	4	5	2	12	1	9	1	7	2	2	1		1	3	2	
113	12	20	18	56	臺北市	信義區	信義區基隆路1段與松壽路口	25.0360119	121.5615391	0	0	2	3	6	5	5	14	9	1	4	4	5	13	2	1	1	4	5	2	16	1	6	1	7	1	8	1		1	3	2	
113	12	20	19	2	臺北市	大安區	大安區羅斯福路3段201號	25.0206487	121.528364	0	0	1	2	6	5	5	14	9	1	4	4	5	13	4	4	3	4	5	2	12	1	9	1	7	1	4	1		1	3	2	
113	12	20	19	11	臺北市	大同區	大同區重慶北路3段25巷28號	25.0645253	121.5149286	0	0	1	2	7	5	5	14	9	1	5	4	5	13	4	4	10	5	5	2	9	4	9	1	3	2	8	1		1	3	4	
113	12	20	19	13	臺北市	南港區	南港區研究院路1段37號	25.0536011	121.6164172	0	0	1	3	7	5	5	14	9	1	4	4	5	13	4	4	9	4	5	2	13	1	7	1	6	1	10	1		1	2	11	
113	12	20	19	15	臺北市	大安區	大安區新生南路3段與新生南路3段98巷口	25.01701556	121.5333625	0	0	1	2	8	5	5	4	2	1	5	4	5	13	1	1	1	4	4	2	29	1	8	1	5	9	10	1		1	2	12	
113	12	20	19	21	臺北市	大同區	大同區環河北路1段與長安西路口	25.0523282	121.5073252	0	0	1	2	8	5	5	5	1	1	5	4	5	13	2	1	9	4	5	2	17	1	6	1	6	1	10	1		1	3	13	
113	12	20	19	30	臺北市	士林區	士林區故宮路35巷與故宮路口	25.0966457	121.5472181	0	0	3	3	6	5	5	4	2	1	4	4	5	13	1	1	3	4	5	2	13	1	9	3	6	2	18	1		1	2	12	
113	12	20	19	45	臺北市	大安區	大安區忠孝東路4段52號	25.0415172	121.5450648	0	0	1	2	8	5	5	14	9	1	5	4	3	13	4	4	1	4	5	2	13	4	9	1	3	1	4	1		1	3	5	
113	12	20	20	20	臺北市	內湖區	內湖區康寧路3段165巷與康寧路3段165巷23弄口	25.07136432	121.6121209	0	0	3	3	6	5	5	4	18	1	4	4	5	13	4	4	10	5	5	2	9	1	9	1	5	2	10	1		1	2	11	
113	12	20	20	21	臺北市	信義區	信義區松山路568號	25.0371619	121.5782667	0	0	2	2	6	5	5	14	9	1	4	4	5	13	4	4	9	5	5	2	17	1	9	1	5	1	10	1		1	2	11	
113	12	20	20	30	臺北市	北投區	北投區石牌路2段201號中正樓前	25.1186181	121.5202926	0	0	1	2	7	5	5	14	9	1	4	4	5	13	1	1	5	4	4	1	12	1	7	1	5	1	10	1		2	2	14	
113	12	20	20	37	臺北市	中正區	中正區同安街與同安街30巷口	25.0242751	121.5218429	0	0	2	2	7	5	5	3	2	1	5	4	5	13	4	4	10	5	5	2	16	1	11	1	5	1	10	1		1	2	14	
113	12	20	20	39	臺北市	士林區	士林區中山北路5段與福國路口	25.10238412	121.525591	0	0	2	3	8	5	5	3	1	1	5	4	5	13	2	1	1	4	5	2	17	4	5	1	3	1	10	1		2	2	14	
113	12	20	20	40	臺北市	士林區	士林區仰德大道3段與仰德大道3段口福音山莊	25.1142906	121.5504769	0	0	1	3	6	5	5	3	2	1	4	4	5	13	1	1	5	5	5	1	13	1	9	1	7	1	8	1		1	3	1	
113	12	20	20	50	臺北市	南港區	南港區忠孝東路6段與忠孝東路6段185巷口	25.0491347	121.5871749	0	0	1	2	6	5	5	4	2	1	4	4	5	13	4	4	10	5	5	2	16	1	5	1	6	1	10	1		1	3	17	
113	12	20	20	56	臺北市	士林區	士林區福華路150號	25.1032947	121.5226757	0	0	2	4	7	5	5	14	9	1	5	4	5	13	4	4	10	4	5	2	13	1	9	1	7	2	8	1		1	2	1	
113	12	20	20	57	臺北市	信義區	信義區松仁路與松勤街口	25.0318771	121.5683809	0	0	1	2	6	5	5	4	2	1	4	4	5	13	1	1	5	4	5	2	16	1	5	1	7	1	8	1		1	3	8	
113	12	20	21	0	臺北市	中正區	中正區思源街1號	25.0134452	121.530163	0	0	3	3	6	5	5	3	1	1	4	4	5	13	1	1	5	2	5	2	17	1	5	1	5	2	10	1		1	2	14	
113	12	20	21	0	臺北市	中正區	中正區羅斯福路3段162號	25.0200798	121.5286942	0	0	1	2	6	6	5	14	9	1	4	4	5	13	4	4	1	4	5	2	13	1	9	3	5	1	18	1		2	2	11	
113	12	20	21	18	臺北市	松山區	松山區市民大道4段265號	25.04473768	121.5552501	0	0	2	3	6	5	5	14	9	1	4	4	5	13	4	4	1	4	5	2	17	1	9	1	5	1	10	1		1	2	13	
113	12	20	21	42	臺北市	中山區	中山區南京西路1-2號	25.0524956	121.5212821	0	0	1	2	7	5	5	14	9	1	4	4	5	13	4	4	9	3	5	1	17	1	7	8	5	1	20	1		1	2	14	
113	12	20	21	49	臺北市	中正區	中正區中山南路與忠孝東路1段口	25.04553692	121.5197778	0	0	1	2	7	5	5	4	2	1	4	4	5	13	1	1	1	4	1	2	3	1	9	1	7	2	8	1		1	3	1	
113	12	20	21	54	臺北市	大同區	大同區南京西路273號	25.05332407	121.5095027	0	0	1	2	6	5	5	14	9	1	4	4	5	13	4	4	9	5	5	2	16	1	11	1	6	2	10	1		1	2	12	
113	12	20	21	54	臺北市	大安區	大安區金山南路2段27號	25.0332786	121.527186	0	0	2	3	7	5	5	14	9	1	4	4	5	13	4	4	10	5	5	2	13	4	9	1	3	11	10	1		4	2	11	
113	12	20	21	57	臺北市	萬華區	萬華區成都路與漢中街口	25.042409	121.5077481	0	0	1	2	7	5	5	4	2	1	4	4	5	13	1	1	8	3	5	2	3	4	21	7	3	11	19	2		4	4	15	
113	12	20	21	58	臺北市	信義區	信義區基隆路2段與光復南路口側附近口	25.0300613	121.5575452	0	0	1	3	6	5	5	14	9	1	4	4	5	13	1	1	8	5	5	2	17	1	9	1	6	1	10	2		4	2	12	
113	12	20	21	58	臺北市	信義區	信義區松仁路與松勤街口	25.0320289	121.5683642	0	0	1	3	6	5	5	4	2	1	4	4	5	13	1	1	5	4	5	2	17	4	6	7	3	11	19	2		4	4	4	
113	12	20	22	4	臺北市	中山區	中山區南京東路3段與遼寧街口口	25.04816184	121.5476161	0	0	2	2	6	5	5	4	2	1	4	4	5	13	1	1	1	3	4	2	13	1	9	1	6	1	9	1		1	2	11	
113	12	20	22	6	臺北市	中正區	中正區水源路與詔安街38巷口	25.02410451	121.5146603	0	0	1	2	6	6	5	3	2	1	4	4	5	13	4	4	3	4	5	2	23	1	9	1	5	1	10	1		1	2	11	
113	12	20	22	30	臺北市	信義區	信義區松勤街100號	25.0320429	121.5638248	0	0	1	2	7	5	5	14	9	1	5	4	5	13	4	4	9	5	5	2	17	1	9	1	5	1	10	1		1	3	11	
113	12	20	22	35	臺北市	松山區	松山區敦化南路1段與八德路3段12巷52弄口	25.0459844	121.5491571	0	0	2	4	6	5	5	3	2	1	4	4	5	13	1	1	8	3	4	2	13	1	9	1	5	1	10	1		1	3	13	
113	12	20	23	2	臺北市	中山區	中山區市民大道3段與建國南路1段口	25.04489388	121.5362482	0	0	1	2	6	5	5	4	1	1	4	4	5	13	1	1	9	4	5	2	12	4	9	1	3	1	4	1		1	3	4	
113	12	20	23	3	臺北市	大同區	大同區延平北路2段與南京西路口口	25.0539523	121.5117189	0	0	2	3	6	5	5	4	1	1	4	4	5	13	2	1	5	5	5	2	16	1	9	1	6	1	10	1		2	2	14	
113	12	20	23	7	臺北市	大同區	大同區台北橋機慢車道往西上橋處	25.0634874	121.508715	0	0	1	2	7	5	7	14	11	1	5	4	5	13	4	4	1	4	5	2	17	4	15	1	3	1	10	1		1	3	13	
113	12	20	23	45	臺北市	大同區	大同區鄭州路與西寧北路口32號	25.0507067	121.5075477	0	0	1	3	7	5	5	14	9	1	5	4	5	13	4	4	1	4	5	2	17	4	9	1	3	1	10	1		1	2	11	
113	12	20	23	50	臺北市	信義區	信義區松仁路194號	25.0277861	121.5683961	0	0	2	2	6	5	5	14	9	1	4	4	5	13	4	4	9	5	4	2	2	1	9	1	5	2	10	1		1	2	11	
113	12	21	0	38	臺北市	大同區	大同區酒泉街與延平北路4段口	25.0722761	121.511113	0	0	1	2	6	5	5	5	18	1	4	4	5	13	1	1	5	5	5	2	3	1	5	1	7	2	2	1		1	3	1	
113	12	21	0	52	臺北市	中正區	中正區新生北路1段與市民大道3段口	25.0453915	121.5326534	0	0	4	4	6	5	5	4	2	1	4	4	5	13	1	1	1	5	5	2	3	5	16	8	4	10	20	1		1	2	16	
113	12	21	1	15	臺北市	中山區	中山區林森北路與林森北路138巷口	25.05138553	121.5251943	0	0	1	2	6	5	5	3	1	1	4	4	5	13	4	4	3	4	5	2	17	1	9	1	5	1	10	1		1	2	14	
113	12	21	1	54	臺北市	大安區	大安區復興南路1段200號	25.0397433	121.5436059	0	0	2	2	6	5	5	14	9	2	4	4	5	13	2	1	1	4	5	2	8	1	9	1	5	2	10	1		1	2	11	
113	12	21	1	55	臺北市	文山區	文山區保儀路與木柵路3段102巷口	24.9868285	121.5683624	0	0	3	3	6	5	6	4	1	1	4	4	5	13	2	1	10	5	5	1	17	1	9	1	7	1	8	1		1	2	4	
113	12	21	5	9	臺北市	萬華區	萬華區環河快速道路與萬大路口	25.0165053	121.4953227	0	0	1	2	7	5	5	4	1	1	4	4	5	13	1	1	1	3	5	2	3	1	9	1	7	1	8	1		1	3	1	
113	12	21	5	19	臺北市	內湖區	內湖區行善路59巷美善公園	25.0569934	121.57836	0	0	2	2	6	5	6	14	9	1	4	4	5	13	4	4	5	5	5	2	4	1	9	1	5	1	10	1		2	2	11	
113	12	21	6	25	臺北市	中山區	中山區林森北路561號	25.0645608	121.5257029	0	0	2	2	8	5	5	14	9	1	5	4	5	13	4	4	5	5	5	2	2	1	9	1	6	1	10	1		2	2	11	
113	12	21	6	29	臺北市	中山區	中山區民族東路410巷與五常街口	25.0643568	121.5382988	0	0	1	2	7	6	5	3	1	1	4	4	5	13	4	4	5	4	5	2	17	1	5	1	7	1	8	1		1	3	8	
113	12	21	7	30	臺北市	信義區	信義區信義路5段與基隆路2段口	25.0330006	121.5596891	0	0	1	2	7	6	5	4	1	1	4	4	5	13	2	1	1	3	5	2	16	4	11	1	3	2	8	1		2	3	4	
113	12	21	8	20	臺北市	中正區	中正區重慶南路2段與南海路口	25.0318853	121.5143196	0	0	1	2	7	7	5	4	1	1	5	4	5	13	1	1	1	4	5	2	16	1	5	6	7	1	18	1		1	3	6	
113	12	21	8	47	臺北市	大安區	大安區復興南路2段349號	25.0239084	121.5434543	0	0	1	2	6	7	5	14	7	1	4	4	5	13	4	4	1	4	4	2	13	1	9	1	6	1	10	1		1	2	11	
113	12	21	8	57	臺北市	北投區	北投區石牌路1段39巷與尊賢街302巷口	25.1181186	121.5085814	0	0	2	2	7	6	5	4	1	1	5	4	5	13	4	4	10	5	5	2	15	1	9	1	6	1	10	1		2	2	14	
113	12	21	9	35	臺北市	大同區	大同區民權西路102巷與民權西路102巷4弄口	25.0615747	121.5177074	0	0	2	2	8	7	5	4	2	1	5	4	5	13	4	4	10	5	5	2	15	1	9	1	6	1	10	1		2	2	14	
113	12	21	10	5	臺北市	北投區	北投區公館路與北投路1段口	25.12133384	121.5025808	0	0	1	2	7	6	5	4	1	1	5	4	5	13	2	1	5	4	5	2	16	1	9	1	5	1	10	1		1	3	11	
113	12	21	10	9	臺北市	士林區	士林區忠誠路2段207巷體大鴻坦樓門口	25.1164123	121.5370628	0	0	1	3	7	6	5	14	9	1	5	4	5	13	4	4	9	5	5	1	13	1	9	1	6	1	10	1		1	2	11	
113	12	21	10	20	臺北市	內湖區	內湖區康寧路3段70巷與康寧路3段口	25.0702959	121.6113163	0	0	1	2	7	6	5	4	2	1	4	4	5	13	2	1	1	4	4	2	17	1	8	1	7	2	8	1		1	3	17	
113	12	21	10	50	臺北市	中山區	中山區中山北路2段115巷3弄與民權東路1段18巷口	25.06134089	121.5236154	0	0	1	2	7	7	5	3	2	1	5	4	5	13	4	4	10	5	5	2	13	1	9	1	6	1	10	1		1	2	11	
113	12	21	11	46	臺北市	萬華區	萬華區西昌街與廣州街口	25.0366347	121.5007553	0	0	1	2	7	6	5	4	2	1	5	4	5	13	4	4	5	5	5	1	17	4	5	6	3	1	18	1		1	2	14	
113	12	21	12	1	臺北市	大安區	大安區敦化南路2段81巷與無名巷口	25.0298909	121.550528	0	0	1	2	7	7	5	4	1	1	5	4	5	13	2	1	8	3	5	1	17	4	13	1	3	1	8	1		1	3	7	
113	12	21	12	3	臺北市	萬華區	萬華區水源快速道路往南198號燈桿	25.02344794	121.5110597	0	0	3	4	7	6	5	10	7	1	5	4	5	13	4	4	10	4	5	2	12	1	7	1	7	1	8	1		1	3	7	
113	12	21	12	28	臺北市	士林區	士林區葫蘆街與葫蘆街40巷口	25.0801856	121.5095323	0	0	1	2	7	6	5	4	2	1	5	4	5	13	4	4	10	5	5	2	17	1	13	1	7	1	8	1		1	3	4	
113	12	21	12	35	臺北市	中山區	中山區中山北路3段2號	25.0642873	121.5221723	0	0	2	3	7	6	5	14	9	1	5	4	5	13	4	4	1	4	5	2	13	4	9	1	5	1	10	1		1	2	11	
113	12	21	14	0	臺北市	中山區	中山區松江路226巷與民生東路2段115巷口	25.05848791	121.5316497	0	0	1	2	8	6	5	4	1	1	5	4	5	13	4	4	10	5	5	2	15	1	9	1	7	1	4	1		1	2	6	5
113	12	21	14	0	臺北市	中正區	中正區中山北路1段與北平西路口	25.0470416	121.5203899	0	0	1	2	8	7	5	4	1	1	5	4	5	13	1	1	1	4	5	2	13	1	9	1	5	1	10	1		1	2	11	
113	12	21	14	18	臺北市	大安區	大安區泰順街62巷與泰順街口	25.0223071	121.5311359	0	0	1	2	7	7	5	5	1	1	5	4	5	13	4	4	5	4	5	2	9	1	5	1	7	1	8	1		1	3	17	
113	12	21	14	46	臺北市	中正區	中正區羅斯福路2段與杭州南路2段口口	25.0279889	121.522037	0	0	1	2	8	6	5	5	1	1	4	4	5	13	1	1	10	5	5	1	15	1	9	1	7	1	8	1		1	3	5	
113	12	21	14	52	臺北市	內湖區	內湖區舊宗路1段268號	25.064061	121.5762365	0	0	1	2	7	6	5	14	8	1	5	4	5	13	4	4	1	4	5	1	17	1	9	1	5	1	10	2		4	2	14	
113	12	21	14	57	臺北市	中正區	中正區羅斯福路2段2號與福州街口	25.0294547	121.5205636	0	0	1	2	8	7	5	5	1	1	5	4	5	13	1	1	1	4	5	2	13	4	1	1	5	1	10	1		2	2	11	
113	12	21	15	0	臺北市	萬華區	萬華區西園路2段與西園路2段39巷口	25.03183775	121.4973096	0	0	1	2	7	6	5	5	2	1	5	4	5	13	2	1	1	5	5	2	16	1	5	1	5	1	10	1		1	3	14	
113	12	21	15	55	臺北市	文山區	文山區汀州路4段與萬慶街口口	24.9962421	121.5356695	0	0	2	2	8	6	5	5	2	1	5	4	5	13	1	1	10	5	5	2	17	1	9	1	6	1	10	1		1	2	11	
113	12	21	16	35	臺北市	中正區	中正區師大路與汀州路3段口口	25.0207063	121.5260745	0	0	1	2	7	6	5	5	1	1	4	4	5	13	1	1	1	4	5	1	15	1	9	1	7	1	8	1		2	3	2	
113	12	21	16	46	臺北市	大安區	大安區市民大道4段與市民大道4段68巷口	25.0449038	121.5472618	0	0	1	2	7	5	5	3	1	1	5	4	5	13	4	4	1	4	5	2	16	4	6	1	3	1	8	1		1	3	2	
113	12	21	16	51	臺北市	北投區	北投區磺溪便道振興醫院出入口	25.11587561	121.5246867	0	0	1	2	7	6	5	14	9	1	5	4	5	13	4	4	10	5	5	2	17	1	1	1	7	1	8	1		1	3	4	
113	12	21	16	56	臺北市	大安區	大安區永康街與信義路2段口	25.0333562	121.5298788	0	0	1	2	7	5	5	14	9	1	5	4	5	13	4	4	5	5	5	1	3	1	9	1	7	1	8	1		1	3	1	
113	12	21	17	0	臺北市	信義區	信義區崇德街與和平東路3段口	25.0244204	121.5529134	0	0	1	2	7	5	5	3	1	1	5	4	5	13	4	4	9	4	5	2	13	1	6	1	7	1	8	1		1	3	1	
113	12	21	17	20	臺北市	大安區	大安區敦南街與敦南街76巷口	25.020868	121.5474958	0	0	1	2	7	5	5	4	2	1	5	4	5	13	4	4	10	5	5	2	17	4	1	1	3	1	4	1		1	3	8	
113	12	21	17	26	臺北市	信義區	信義區信義路6段與松德路口	25.0337854	121.5747304	0	0	1	3	6	5	5	4	1	1	4	4	5	13	2	1	9	4	5	1	17	4	1	1	3	9	2	1		1	3	17	
113	12	21	17	30	臺北市	中山區	中山區長安西路19巷2弄與南京西路口14號	25.0519674	121.5204372	0	0	1	3	7	5	5	14	9	1	5	4	5	13	4	4	10	5	5	2	17	1	14	1	7	1	8	1		1	3	2	
113	12	21	17	35	臺北市	松山區	松山區新中街與民生東路5段口	25.058677	121.5604791	0	0	1	2	7	5	5	4	1	1	5	4	5	13	1	1	8	3	5	2	12	1	5	1	6	1	10	1		1	2	12	
113	12	21	18	0	臺北市	中正區	中正區臨沂街75巷18號	25.0346414	121.5299183	0	0	1	4	7	5	5	14	9	1	5	4	5	13	4	4	10	5	5	2	17	1	9	1	5	2	10	1		1	3	17	
113	12	21	18	0	臺北市	內湖區	內湖區舊宗路1段與行善路口口	25.0586911	121.5803349	0	0	1	2	7	5	5	4	18	1	5	4	5	13	2	1	1	4	5	2	3	1	5	1	7	1	8	1		1	3	1	
113	12	21	18	12	臺北市	大安區	大安區新生南路3段22巷與溫州街口	25.0241435	121.5334015	0	0	1	2	8	5	5	4	2	1	5	4	5	13	4	4	10	5	5	2	15	1	9	1	7	1	8	1		1	3	8	
113	12	21	18	42	臺北市	文山區	文山區景興路與景興路53巷口口	24.9966712	121.5447373	0	0	2	3	7	5	5	4	4	1	5	4	5	13	2	1	1	4	5	2	13	1	15	1	7	11	8	2		1	4	15	
113	12	21	18	58	臺北市	萬華區	萬華區忠孝橋接市民高架匝道	25.0486813	121.5050022	0	0	2	2	7	5	5	10	9	1	5	4	5	13	4	4	10	5	5	2	13	4	9	1	7	1	4	1		1	2	5	
113	12	21	19	32	臺北市	中山區	中山區明水路與大直橋口	25.077414	121.5444544	0	0	1	2	7	5	5	3	2	1	5	4	5	13	1	1	5	4	5	2	16	1	7	1	5	1	10	1		1	2	14	
113	12	21	19	58	臺北市	內湖區	內湖區文德路22巷與文德路22巷53弄口	25.07093294	121.5941163	0	0	2	3	8	5	5	5	1	1	5	4	5	13	4	4	10	4	5	2	15	1	9	1	6	2	10	1		1	2	14	
113	12	21	20	20	臺北市	松山區	松山區市民大道5段與東興路口	25.0484719	121.5662046	0	0	2	3	7	5	5	14	9	1	5	4	5	13	4	4	1	4	5	2	13	1	15	1	7	2	8	1		1	3	1	
113	12	21	20	41	臺北市	士林區	士林區國泰街與光華路口	25.1369357	121.5425336	0	0	1	2	6	5	5	4	1	1	4	4	5	13	4	4	10	5	5	2	15	1	9	1	6	2	10	1		2	2	12	
113	12	21	20	43	臺北市	大同區	大同區承德路3段與民權西路口	25.062971	121.5187762	0	0	1	2	8	5	5	4	2	1	5	4	5	13	1	1	1	4	5	2	13	1	9	1	7	2	4	1		1	3	1	
113	12	21	20	58	臺北市	內湖區	內湖區新明路298巷與南京東路6段口	25.057098	121.5817067	0	0	1	2	7	5	5	4	18	1	5	4	5	13	2	1	1	4	5	1	2	1	6	1	7	1	10	1		1	3	5	
113	12	21	21	40	臺北市	中山區	中山區長春路與復興北路口	25.0545197	121.5441438	0	0	1	2	8	5	5	5	1	1	5	4	5	13	1	1	1	4	5	2	12	1	8	1	5	2	10	1		1	3	13	
113	12	21	22	10	臺北市	松山區	松山區八德路4段213號	25.0488788	121.5642454	0	0	2	2	7	5	5	14	9	1	5	4	5	13	2	1	9	4	5	1	13	1	9	1	6	1	10	1		1	2	11	
113	12	21	23	10	臺北市	中山區	中山區新生北路1段44號	25.04654032	121.5311016	0	0	1	2	7	5	5	14	9	1	5	4	5	13	4	4	10	5	5	2	1	1	5	1	7	1	4	1		1	3	5	
113	12	21	23	38	臺北市	大安區	大安區光復南路72弄與光復南路72巷口廢鐵道	25.0434563	121.5556109	0	0	2	3	7	5	5	3	1	1	5	4	5	13	4	4	1	5	5	2	16	4	6	1	3	1	8	1		1	3	5	
113	12	22	0	37	臺北市	大同區	大同區承德路2段53巷與赤峰街口口	25.0553136	121.5196338	0	0	1	2	8	5	5	4	1	1	5	4	5	13	4	4	10	5	5	2	15	1	9	1	6	1	10	1		1	2	11	
113	12	22	0	49	臺北市	大同區	大同區民權西路與重慶北路3段口	25.06314182	121.5136366	0	0	2	2	7	5	5	5	1	1	5	4	5	13	4	4	1	5	5	2	13	1	9	1	6	1	10	1		2	2	11	
113	12	22	2	41	臺北市	文山區	文山區木柵路5段燈桿008號旁	24.998611	121.5943335	0	0	1	3	7	6	5	11	9	1	5	4	5	13	1	1	2	4	5	2	12	1	9	1	7	11	8	2		1	3	2	
113	12	22	3	2	臺北市	萬華區	萬華區堤外便道與水源快速道路口	25.0162362	121.4982124	0	0	2	3	7	5	5	3	1	1	5	4	5	13	4	4	5	5	5	2	17	4	6	1	7	1	8	1		1	3	5	
113	12	22	4	1	臺北市	萬華區	萬華區西園路2段與西園路2段320巷口	25.02597847	121.4925646	0	0	1	2	8	5	5	3	1	1	5	4	5	13	1	1	1	4	5	2	17	4	5	1	5	1	10	1		1	2	12	
113	12	22	6	0	臺北市	中山區	中山區北安路789號	25.0855454	121.5536959	0	0	1	2	7	5	5	14	9	1	5	4	5	13	4	4	1	4	5	2	12	1	8	1	7	2	4	1		1	3	2	
113	12	22	7	23	臺北市	萬華區	萬華區環河南路1段與長沙街2段口	25.0415725	121.4996279	0	0	1	2	7	5	5	3	1	1	5	4	5	13	2	1	8	3	5	1	16	4	5	7	3	11	19	2		1	4	14	
113	12	22	7	36	臺北市	信義區	信義區市民大道5段與光復南路口	25.0450923	121.5579463	0	0	2	3	8	6	5	5	2	1	5	4	5	13	1	1	3	4	5	2	23	4	9	1	3	2	4	1		1	2	8	
113	12	22	7	43	臺北市	中正區	中正區汀州路3段與羅斯福路4段24巷口	25.0149914	121.5323132	0	0	1	3	7	7	5	4	1	1	5	4	5	13	1	1	5	5	5	2	13	1	9	1	7	2	8	1		1	3	1	
113	12	22	8	4	臺北市	萬華區	萬華區長順街46巷與長順街14巷口	25.0308149	121.4891341	0	0	2	2	8	7	5	3	1	1	5	4	5	13	4	4	10	5	5	2	15	1	15	1	5	1	10	1		2	2	14	
113	12	22	10	9	臺北市	松山區	松山區復興北路地下道北往南(險升坡標誌)	25.067404	121.5442131	0	0	2	3	7	7	5	7	9	1	5	4	5	13	4	4	5	2	5	2	13	5	20	8	5	10	20	1		2	3	16	
113	12	22	10	23	臺北市	信義區	信義區松高路12號	25.0390322	121.5672506	0	0	2	3	7	6	5	14	9	1	4	4	5	13	2	1	9	4	5	2	13	4	9	1	3	2	8	1		1	3	5	
113	12	22	10	35	臺北市	中山區	中山區民權東路3段60巷與錦州街口	25.060175	121.5423537	0	0	2	3	7	6	5	4	1	1	5	4	5	13	4	4	5	5	5	2	15	1	9	1	7	1	8	1		1	3	5	
113	12	22	11	30	臺北市	文山區	文山區汀州路4段與溪洲街口口	25.0044887	121.5356338	0	0	1	2	8	6	5	3	1	1	5	4	5	13	3	1	5	5	5	2	16	1	5	1	7	1	8	1		2	3	4	
113	12	22	12	29	臺北市	北投區	北投區中央南路1段17號前	25.132699	121.501466	0	0	1	2	8	6	6	14	9	1	5	4	5	13	4	4	9	5	5	2	13	1	9	1	7	1	8	1		1	3	5	
113	12	22	13	10	臺北市	中山區	中山區植福路170號	25.0838732	121.5587748	0	0	1	4	7	6	5	14	9	1	5	4	5	13	4	4	5	5	5	2	13	1	9	1	6	1	11	1		2	2	14	
113	12	22	13	28	臺北市	中山區	中山區中山北路2段與民權西路口	25.0631743	121.522405	0	0	2	3	7	7	5	14	9	1	5	4	5	13	2	1	5	4	5	2	13	1	9	3	5	2	18	1		2	2	11	
113	12	22	13	41	臺北市	內湖區	內湖區民權東路6段296巷與民權東路6段296巷口	25.0702274	121.6087096	0	0	1	2	7	7	5	4	1	1	5	4	5	13	4	4	9	4	5	2	15	1	9	1	6	2	9	1		1	2	12	
113	12	22	13	44	臺北市	萬華區	萬華區桂林路與桂林路151巷口	25.0385322	121.4978148	0	0	1	2	7	6	5	3	2	1	5	4	5	13	4	4	5	5	4	1	17	4	5	1	3	1	8	1		1	3	4	
113	12	22	13	47	臺北市	中山區	中山區民權東路2段113巷與民權東路口側附近2段口	25.0626621	121.5341437	0	0	1	2	7	6	5	3	2	1	5	4	5	13	4	4	1	4	4	2	12	4	8	1	3	1	8	1		1	3	5	
113	12	22	15	1	臺北市	中山區	中山區民權東路2段135巷與松江路357巷口	25.06343634	121.5349311	0	0	1	2	7	6	5	5	2	1	5	4	5	13	4	4	8	3	5	1	17	1	5	1	7	1	8	1		1	3	1	
113	12	22	15	34	臺北市	內湖區	內湖區成功路4段186號	25.0837365	121.5944154	0	0	1	2	7	6	5	14	7	1	5	4	5	13	4	4	1	4	5	2	13	1	9	1	5	1	10	1		2	2	11	
113	12	22	15	35	臺北市	中山區	中山區敬業四路33號	25.08071136	121.5585251	0	0	1	3	7	7	5	14	9	1	5	4	5	13	4	4	9	4	5	2	16	1	11	1	7	1	4	1		1	3	1	
113	12	22	17	5	臺北市	信義區	信義區信義路5段與松仁路口側附近口	25.0327485	121.5682661	0	0	1	2	7	5	5	4	1	1	5	4	5	13	2	1	1	4	5	2	16	4	5	1	3	1	8	1		1	3	1	
113	12	22	17	50	臺北市	士林區	士林區社子街52巷與社子街22巷口	25.0870157	121.5073019	0	0	3	4	8	5	5	4	1	1	5	4	5	13	4	4	10	5	5	2	17	4	9	1	3	1	10	1		1	2	12	
113	12	22	18	10	臺北市	中正區	中正區南海路50-1號	25.0320859	121.5152828	0	0	1	2	7	5	5	14	9	4	5	4	5	13	1	1	10	4	5	2	13	1	9	1	5	1	10	1		1	2	14	
113	12	22	18	41	臺北市	信義區	信義區忠孝東路5段293號與忠孝東路5段295巷口	25.0409869	121.5724246	0	0	1	2	8	5	5	3	1	1	5	4	5	13	4	4	1	4	5	2	17	4	6	1	3	2	8	1		2	3	7	
113	12	22	19	53	臺北市	大同區	大同區民生西路與民生西路171巷口	25.0571681	121.5171357	0	0	1	2	8	5	5	3	1	1	5	4	5	13	4	4	5	4	5	2	13	1	9	1	6	2	10	1		1	2	11	
113	12	22	21	20	臺北市	大安區	大安區仁愛路4段300巷與仁愛路4段300巷20弄口	25.0362375	121.5544579	0	0	2	2	8	5	5	5	2	1	5	4	5	13	4	4	8	3	5	1	15	1	9	1	6	1	10	1		2	2	14	
113	12	22	21	24	臺北市	中正區	中正區廈門街與廈門街114巷口	25.0231712	121.5174054	0	0	1	3	8	5	5	3	1	1	5	4	5	13	2	1	5	4	5	2	16	1	5	1	5	1	10	1		1	3	11	
113	12	22	21	30	臺北市	內湖區	內湖區文湖街21巷68弄與文湖街21巷口	25.0883517	121.5598989	0	0	2	2	7	5	5	4	1	1	5	4	5	13	4	4	10	5	5	2	16	1	9	1	5	1	10	1		1	2	12	