年	月	日	時	分	縣市	行政區	allLocation	GoogleLat	GoogleLng	死	2-30	受傷	當事人數	天候	道路照明設備	道路類別	道路型態	事故位置	路面狀況1	路面狀況2	路面狀況3	道路障礙1	道路障礙2	號誌1	號誌2	車道劃分-分向	車道劃分-分道1	車道劃分-分道2	車道劃分-分道3	事故類型及型態	行動電話	當事者行動狀態	駕駛資格情形	保護裝置	飲酒情形	駕駛執照種類	個人肇逃否	肇因碼-主要	性別	受傷程度	車輛撞擊部位1	車輛撞擊部位2
113	12	22	21	54	臺北市	信義區	松山區民權大橋第三燈桿	25.06377681	121.5683772	0	0	1	2	8	5	5	8	11	1	5	4	5	13	4	4	1	4	5	2	13	4	9	1	6	2	10	1		2	2	11	
113	12	23	0	8	臺北市	松山區	松山區民生東路3段130巷與興安街口	25.0560879	121.5462493	0	0	1	2	8	5	5	3	1	1	5	4	5	13	4	4	10	5	5	2	9	5	16	8	4	10	20	1		1	2	16	
113	12	23	0	20	臺北市	士林區	士林區中山北路6段與士東路口	25.1115657	121.5259677	0	0	1	2	7	5	5	4	2	1	5	4	5	13	2	1	1	4	5	2	12	1	8	1	7	2	7	1		1	3	2	
113	12	23	0	24	臺北市	文山區	文山區辛亥路4段106號	25.0056588	121.5574255	1	0	0	2	8	5	5	14	9	1	5	4	5	13	4	4	1	4	5	2	13	1	1	1	7	2	8	1		1	3	7	
113	12	23	1	30	臺北市	北投區	北投區大業路527巷北投機廠034號燈桿	25.1356388	121.4865426	0	0	2	3	8	5	5	3	1	1	5	4	5	13	4	4	5	5	5	2	18	1	9	1	6	1	10	1		1	2	12	
113	12	23	2	8	臺北市	大安區	大安區忠孝東路4段與忠孝東路4段181巷口	25.0415869	121.5507634	0	0	1	2	7	5	5	3	1	1	5	4	5	13	3	1	1	4	5	2	15	4	9	1	3	1	8	1		1	3	5	
113	12	23	5	50	臺北市	中正區	中正區重慶南路2段與愛國西路口	25.0350489	121.5125924	0	0	2	2	7	5	5	5	1	1	5	4	5	13	2	1	1	4	5	2	15	1	9	1	5	2	10	1		1	2	11	
113	12	23	6	13	臺北市	中山區	中山區長春路167號	25.0548147	121.5350025	0	0	1	2	7	5	5	14	9	1	5	4	5	13	1	1	8	5	5	1	16	1	1	1	7	1	8	1		1	3	4	
113	12	23	6	44	臺北市	信義區	信義區基隆路1段與松壽路口	25.035729	121.5613615	0	0	2	2	7	5	5	5	1	1	5	4	5	13	1	1	10	4	5	2	17	1	9	1	6	1	10	1		1	2	11	
113	12	23	7	0	臺北市	北投區	北投區榮華三路與磺溪便道口	25.1137216	121.5252039	0	0	1	3	7	6	5	14	9	1	5	4	5	13	4	4	9	4	5	2	17	1	9	1	7	1	8	1		2	3	1	
113	12	23	7	25	臺北市	士林區	士林區至善路2段與至善路2段25巷口	25.0971922	121.544023	0	0	1	2	7	6	5	3	2	1	5	4	5	13	2	1	3	2	4	2	12	1	9	3	5	1	18	1		1	2	14	
113	12	23	7	50	臺北市	大安區	大安區和平東路3段212巷與和平東路3段口	25.0226117	121.5541768	0	0	1	2	8	5	5	3	1	1	5	4	5	13	4	4	5	4	5	2	15	1	9	1	2	9	8	1		1	3	1	
113	12	23	8	8	臺北市	大安區	大安區基隆路3段與辛亥路3段口	25.019079	121.5471057	0	0	1	3	8	6	5	14	9	1	5	4	5	13	2	1	1	3	5	2	12	1	7	1	6	2	10	1		2	2	15	
113	12	23	8	10	臺北市	北投區	北投區承德路7段80號	25.1113514	121.5106829	0	0	2	2	8	6	5	14	9	1	5	4	5	13	4	4	1	4	5	2	13	1	7	1	6	1	10	1		1	2	11	
113	12	23	8	15	臺北市	內湖區	內湖區瑞光路500號前	25.0794054	121.5682229	0	0	3	3	7	5	5	14	9	1	5	4	5	13	4	4	5	4	5	2	3	1	9	1	6	2	10	1		1	2	12	
113	12	23	8	25	臺北市	大安區	大安區信義路3段與新生南路2段口	25.0335285	121.5328885	0	0	1	2	8	7	5	4	1	1	5	4	5	13	2	1	1	4	5	2	12	1	9	1	6	1	10	1		1	3	12	
113	12	23	8	32	臺北市	信義區	信義區信義路5段122號	25.0323886	121.5683835	0	0	1	2	7	5	5	14	9	1	5	4	5	13	4	4	5	4	5	2	17	1	7	1	6	1	10	1		1	3	17	
113	12	23	8	33	臺北市	萬華區	萬華區艋舺大道120巷38弄與萬大路口	25.0316809	121.5007463	0	0	1	2	7	6	5	3	2	1	5	4	5	13	4	4	10	5	5	2	17	1	13	1	2	1	8	1		1	3	4	
113	12	23	8	40	臺北市	中正區	中正區忠孝東路1段與林森南路口	25.0447871	121.5231268	0	0	1	2	8	6	5	4	2	1	5	4	5	13	1	1	1	4	5	2	13	1	9	1	7	1	8	1		1	3	1	
113	12	23	8	45	臺北市	中正區	中正區中山南路1段與忠孝西路1段口	25.0457754	121.5195062	0	0	1	2	8	7	5	4	1	1	5	4	5	13	1	1	10	5	5	2	16	1	9	1	5	2	10	1		1	3	14	
113	12	23	8	45	臺北市	士林區	士林區延平北路6段與社正路口	25.0886835	121.5083452	0	0	2	2	8	6	5	5	2	1	5	4	5	13	2	1	9	4	5	1	17	1	5	1	5	2	10	1		2	2	12	
113	12	23	8	50	臺北市	文山區	文山區基隆路4段與羅斯福路4段口口	25.0108908	121.5366654	0	0	1	2	8	6	5	5	2	1	5	4	5	13	2	1	1	4	1	1	13	1	9	1	6	2	10	1		1	2	11	
113	12	23	8	52	臺北市	中山區	中山區民權東路1段與民權東路1段12巷口	25.06260651	121.5236076	0	0	1	2	7	7	5	3	1	1	5	4	5	13	4	4	3	4	4	2	16	1	6	1	7	1	8	1		1	3	5	
113	12	23	9	40	臺北市	內湖區	內湖區康寧路3段75巷與康寧路3段75巷24弄口	25.0727105	121.6090874	0	0	1	2	7	6	5	3	2	1	5	4	5	13	4	4	5	4	5	2	13	1	9	1	7	2	4	1		1	3	8	
113	12	23	9	42	臺北市	大安區	大安區忠孝東路4段49巷與復興南路1段135巷口	25.0425812	121.5452123	0	0	1	2	7	5	5	4	1	1	5	4	5	13	4	4	10	5	5	2	3	4	5	1	3	2	4	1		1	3	4	
113	12	23	10	45	臺北市	萬華區	萬華區青年路與青年路68巷口	25.02347542	121.5027396	0	0	3	3	7	6	5	3	2	1	5	4	5	13	2	1	5	5	5	2	17	1	9	8	4	1	20	1		1	2	14	
113	12	23	11	1	臺北市	信義區	信義區和平東路3段與基隆路2段口	25.0244965	121.5528119	0	0	2	2	7	6	5	5	2	1	5	4	5	13	2	1	3	4	4	2	13	1	8	1	6	1	10	1		1	2	13	
113	12	23	12	0	臺北市	中山區	中山區基湖路與樂群一路口	25.07617	121.5632642	0	0	1	2	7	6	5	3	1	1	5	4	5	13	1	1	3	4	5	2	16	4	6	1	3	1	8	1		1	3	2	
113	12	23	12	0	臺北市	中正區	中正區市民大道1段北車北二門前	25.0484751	121.5175338	0	0	1	2	7	6	5	14	9	1	5	4	5	13	4	4	1	4	5	2	17	1	9	1	6	2	10	1		2	2	17	
113	12	23	12	0	臺北市	文山區	文山區老泉街26巷11號	24.96671237	121.5667786	0	0	1	2	8	7	5	14	9	1	5	4	5	13	4	4	10	5	5	1	9	1	9	1	7	1	8	1		1	3	2	
113	12	23	12	3	臺北市	信義區	信義區基隆路2段7號	25.0325525	121.5593824	0	0	1	2	7	5	5	14	9	1	5	4	5	13	4	4	1	4	5	2	13	1	9	6	5	1	18	1		2	2	11	
113	12	23	12	20	臺北市	中山區	中山區建國北路1段88巷	25.0497016	121.5361126	0	0	1	3	7	6	5	14	9	1	5	4	5	13	2	1	10	5	5	2	17	1	9	1	6	1	10	1		1	2	14	
113	12	23	12	20	臺北市	文山區	文山區試院路102號	24.9899609	121.5478008	0	0	2	2	7	6	5	14	9	1	5	4	5	13	4	4	9	4	5	1	16	1	11	1	6	1	10	1		1	2	14	
113	12	23	12	52	臺北市	大安區	大安區辛亥路1段與羅斯福路3段口	25.0195919	121.5294917	0	0	1	2	7	6	5	4	1	1	5	4	5	13	2	1	1	4	5	2	16	1	6	1	7	1	8	1		1	3	2	
113	12	23	13	8	臺北市	士林區	士林區忠誠路2段與德行東路口口	25.10832021	121.5301988	0	0	1	2	7	6	5	4	1	1	5	4	5	13	1	1	1	1	4	1	15	1	9	1	6	1	10	1		1	2	11	
113	12	23	13	20	臺北市	信義區	信義區基隆路1段與松壽路口	25.0357059	121.5613563	0	0	1	2	6	6	5	5	2	1	4	4	5	13	4	4	8	3	4	2	13	1	5	8	4	1	20	1		1	3	14	
113	12	23	13	54	臺北市	士林區	士林區仰德大道2段與仰德大道2段2巷口	25.1020091	121.5399821	0	0	2	2	6	6	5	3	2	1	4	4	5	13	2	1	4	5	5	1	13	1	9	1	6	1	10	1		1	2	11	
113	12	23	14	13	臺北市	中山區	中山區民生東路1段與民生東路1段70巷口	25.05800323	121.5264295	0	0	1	2	6	6	5	4	1	1	4	4	5	13	4	4	5	4	5	2	17	1	9	1	6	1	8	1		2	2	14	
113	12	23	14	40	臺北市	信義區	信義區基隆路汽機車混合地下道與忠孝東路5段口	25.0409185	121.5644816	0	0	1	2	6	6	5	14	9	1	4	4	5	13	1	1	9	4	5	2	13	1	8	1	7	1	4	1		1	3	6	
113	12	23	14	43	臺北市	士林區	士林區福林路與福林路口泰北高中	25.0975195	121.5337434	0	0	1	2	6	6	5	3	1	1	4	4	5	13	3	1	5	4	5	2	17	4	9	1	3	1	10	1		2	2	14	
113	12	23	14	51	臺北市	萬華區	萬華區西園路2段與東園街口	25.02810934	121.4952821	0	0	1	2	6	5	5	3	1	1	4	4	5	13	1	1	1	4	5	2	17	4	6	1	7	1	4	1		1	3	5	
113	12	23	14	54	臺北市	信義區	信義區忠孝東路5段412號	25.0408267	121.5751542	0	0	1	2	6	7	5	4	1	1	4	4	5	13	1	1	3	4	5	2	16	4	1	1	3	2	4	1		1	3	7	
113	12	23	15	48	臺北市	松山區	松山區市民大道4段與敦化南路1段口	25.0449519	121.5491602	0	0	1	2	6	5	5	4	1	1	4	4	5	13	1	1	1	4	4	2	17	1	6	1	7	1	8	1		1	3	2	
113	12	23	16	13	臺北市	文山區	文山區興隆路4段與興隆路4段1巷口	24.991149	121.5589556	0	0	1	2	6	6	5	3	1	1	4	4	5	13	1	1	10	5	5	2	16	1	5	1	7	1	8	1		2	3	2	
113	12	23	16	30	臺北市	內湖區	內湖區舊宗路1段與新湖二路口	25.0618379	121.5780809	0	0	1	2	6	5	5	4	1	1	4	4	5	13	1	1	5	4	5	2	12	1	5	3	5	1	18	1		2	2	14	
113	12	23	17	6	臺北市	大安區	大安區樂利路5巷14弄與樂利路11巷口	25.0284297	121.5519827	0	0	1	2	6	6	5	3	2	1	4	4	5	13	4	4	9	4	5	1	16	1	5	1	5	1	10	1		2	2	12	
113	12	23	17	7	臺北市	信義區	信義區崇德街38號	25.0242864	121.5537551	0	0	1	2	6	5	5	14	9	1	4	4	5	13	4	4	9	4	4	2	13	1	9	1	6	1	10	1		2	2	11	
113	12	23	17	9	臺北市	萬華區	萬華區環河南路1段18號	25.0478375	121.5053839	0	0	2	2	6	6	5	14	7	1	4	4	5	13	4	4	4	1	5	2	3	1	9	1	6	1	10	1		1	2	14	
113	12	23	17	14	臺北市	內湖區	內湖區內湖路1段與內湖路1段口往港墘路引道口	25.0793539	121.5773141	0	0	1	2	6	5	5	3	1	1	4	4	5	13	4	4	1	4	4	2	16	1	6	1	7	1	8	1		1	3	5	
113	12	23	17	34	臺北市	內湖區	內湖區內湖路1段91巷24弄與內湖路1段91巷口	25.0853014	121.5618639	0	0	2	2	6	5	5	3	1	1	4	4	5	13	4	4	4	5	5	1	15	1	9	8	2	1	20	1		2	2	14	
113	12	23	17	40	臺北市	內湖區	內湖區民權東路6段123巷與民權東路6段123巷34弄口	25.07039868	121.5928577	0	0	1	2	6	5	5	3	1	1	4	4	5	13	4	4	5	5	5	2	17	1	5	1	7	2	8	1		1	3	8	
113	12	23	17	41	臺北市	南港區	南港區惠民街67號	25.057369	121.6100484	0	0	1	3	6	5	5	14	9	1	4	4	5	13	4	4	5	4	5	2	14	4	2	1	3	1	8	1		1	3	7	
113	12	23	17	42	臺北市	大安區	大安區羅斯福路3段309號	25.0173615	121.5317862	0	0	1	2	7	5	5	14	8	1	4	4	5	13	4	4	3	3	5	2	12	1	1	1	7	1	14	1		1	3	8	
113	12	23	17	44	臺北市	內湖區	內湖區民權東路6段174巷與民權東路6段口	25.0688813	121.5922849	0	0	2	4	6	5	5	3	2	1	4	4	5	13	4	4	1	4	5	2	12	1	7	1	7	1	14	1		1	3	4	
113	12	23	17	45	臺北市	士林區	士林區德行東路338巷與德行東路口	25.1102445	121.538006	0	0	1	2	6	5	5	3	2	1	4	4	3	13	4	4	10	5	5	2	2	4	9	8	4	1	20	1		1	3	11	
113	12	23	17	54	臺北市	文山區	文山區景豐街31巷與興隆路2段61巷口	25.0000003	121.5454774	0	0	1	2	6	5	5	4	1	1	4	4	5	13	4	4	10	5	5	2	15	1	9	1	7	1	8	1		1	3	1	
113	12	23	17	57	臺北市	文山區	文山區試院路104號旁	24.9899761	121.5475569	0	0	1	2	6	5	5	14	9	1	4	4	4	13	4	4	10	5	5	2	37	1	9	1	5	1	10	1		1	2	11	
113	12	23	18	4	臺北市	士林區	士林區延平北路7段106巷與延平北路7段106巷6弄口	25.09728685	121.4967624	0	0	2	2	6	6	5	14	9	1	4	4	5	13	4	4	10	5	5	2	3	1	9	1	5	1	10	1		1	2	11	
113	12	23	18	8	臺北市	南港區	南港區中坡北路與玉成街52巷口口	25.0477574	121.5804255	0	0	1	2	6	5	5	4	2	1	4	4	5	13	2	1	1	4	1	2	12	4	11	1	3	2	10	1		1	2	12	
113	12	23	18	15	臺北市	士林區	士林區中山北路5段與雙溪街口	25.10078094	121.5263135	0	0	1	2	6	5	5	3	1	1	4	4	5	13	3	1	9	4	5	1	17	1	5	1	7	2	8	1		1	3	8	
113	12	23	18	20	臺北市	北投區	北投區石牌路2段與天母西路口	25.119319	121.5221157	0	0	1	2	6	5	5	3	18	1	4	4	5	13	3	1	5	4	5	2	3	1	9	1	7	2	8	1		1	3	1	
113	12	23	18	27	臺北市	中正區	中正區臨沂街與臨沂街27巷口	25.0411589	121.530222	0	0	1	2	6	5	5	4	1	1	4	4	5	13	4	4	9	5	5	1	15	1	9	1	6	2	10	1		2	2	11	
113	12	23	18	28	臺北市	中山區	中山區天津街與中山北路1段33巷口	25.0486693	121.5225628	0	0	1	2	7	5	5	4	2	1	4	4	5	13	4	4	9	5	5	2	3	4	9	1	3	1	10	1		1	3	11	
113	12	23	18	45	臺北市	士林區	士林區通河西街2段與通河西街2段108巷口	25.09289	121.5082575	0	0	1	3	6	5	5	3	2	1	4	4	5	13	4	4	9	5	5	2	17	4	4	1	3	2	8	1		1	3	2	
113	12	23	18	48	臺北市	大安區	大安區辛亥路車行地下道	25.0205822	121.5302518	0	0	1	4	6	5	5	7	9	1	4	4	5	13	4	4	1	4	5	2	13	1	9	1	7	1	8	1		1	3	1	
113	12	23	18	58	臺北市	信義區	信義區東興路與市民大道5段口	25.0482546	121.5659558	0	0	1	2	6	5	5	4	18	1	4	4	5	13	1	1	1	4	5	2	3	4	5	1	3	1	8	1		1	3	8	
113	12	23	19	6	臺北市	中山區	中山區中山北路3段59號	25.0688421	121.5230554	0	0	1	2	6	5	5	14	9	1	4	4	5	13	1	1	8	5	5	2	12	1	7	7	3	11	19	2		1	3	15	
113	12	23	19	10	臺北市	內湖區	內湖區民權東路6段191巷28號前	25.0683746	121.5980241	0	0	1	2	6	5	5	14	9	1	4	4	5	13	4	4	9	5	5	2	17	1	9	1	5	9	10	2		4	2	12	
113	12	23	19	11	臺北市	萬華區	萬華區桂林路與柳州街口	25.0377816	121.505239	0	0	1	2	7	5	5	4	1	1	4	4	5	13	1	1	8	3	5	2	2	4	5	1	3	1	8	1		1	3	1	
113	12	23	19	15	臺北市	內湖區	內湖區民權東路6段206巷與民權東路6段190巷35弄口	25.06666315	121.5957427	0	0	2	2	6	5	5	3	1	1	4	4	5	13	1	1	5	5	5	2	17	1	11	1	7	2	8	1		1	2	4	
113	12	23	19	19	臺北市	中山區	中山區民族東路410巷60號	25.06444238	121.5382897	0	0	1	2	7	5	5	14	9	1	4	4	5	13	4	4	4	5	5	1	9	1	9	1	5	1	10	1		1	3	11	
113	12	23	19	34	臺北市	信義區	信義區莊敬路316號	25.028264	121.563274	0	0	1	3	6	5	5	14	9	1	4	4	5	13	4	4	9	5	5	2	17	4	14	1	3	9	2	2		4	3	17	
113	12	23	19	35	臺北市	士林區	士林區芝玉路1段223巷與芝玉路1段口	25.10892296	121.5336127	0	0	2	2	6	5	5	3	2	1	4	4	5	13	4	4	10	5	5	2	1	1	6	1	5	1	10	1		2	2	11	
113	12	23	19	53	臺北市	中正區	中正區重慶北路1段與北平西路口	25.04916017	121.5111709	0	0	1	2	6	5	5	14	9	1	4	4	5	13	4	4	1	4	1	2	12	1	8	1	5	11	10	2		1	3	12	
113	12	23	20	54	臺北市	內湖區	內湖區金湖路與星雲街口	25.0814449	121.5974745	0	0	1	2	6	5	5	3	1	1	4	4	5	13	1	1	1	4	5	2	17	1	9	1	5	1	10	1		1	2	14	
113	12	23	20	58	臺北市	大安區	大安區復興南路1段與東豐街口	25.0361644	121.5437258	0	0	1	2	6	5	5	4	1	1	4	4	5	13	2	1	1	4	4	1	16	4	6	1	3	1	8	1		1	3	2	
113	12	23	21	13	臺北市	文山區	文山區辛亥路7段北往南144號停車格前	24.9806824	121.5536232	0	0	1	2	6	5	5	14	9	1	4	4	5	13	4	4	10	5	5	2	12	1	8	1	5	1	9	1		1	3	12	
113	12	23	21	17	臺北市	中山區	中山區中山北路2段62巷38號	25.0567274	121.5207817	0	0	2	2	6	5	5	14	9	1	4	4	5	13	4	4	10	5	5	2	3	5	16	8	4	10	20	1		2	2	16	
113	12	23	21	48	臺北市	信義區	信義區莊敬路325巷與莊敬路391巷11弄口	25.0291093	121.5648637	0	0	2	2	6	5	5	4	18	1	4	4	5	13	2	1	9	4	5	1	9	4	5	1	3	2	10	1		1	2	14	
113	12	23	22	40	臺北市	中山區	中山區中山北路3段與民族東路口	25.04847309	121.5183568	0	0	1	2	6	5	5	4	2	1	4	4	5	13	4	4	1	4	4	2	17	4	1	1	6	1	10	1		1	3	14	
113	12	23	23	7	臺北市	大安區	大安區忠孝東路4段與忠孝東路4段223巷口	25.0413667	121.5530765	0	0	1	2	7	5	5	5	1	1	4	4	5	13	2	1	5	4	5	2	3	4	5	7	3	9	19	2		1	4	15	
113	12	23	23	10	臺北市	大同區	大同區長安西路與華亭街口	25.0517931	121.5132337	0	0	1	2	6	5	5	4	1	1	4	4	5	13	3	1	5	4	5	2	17	1	6	1	7	2	8	1		1	3	8	
113	12	23	23	20	臺北市	中山區	中山區中山北路1段與長安東路1段口	25.0495681	121.5216473	0	0	2	2	6	5	5	4	2	1	4	4	5	13	1	1	8	5	5	2	13	1	9	1	5	1	10	1		2	2	11	
113	12	24	0	58	臺北市	松山區	松山區市民大道4段71號	25.0450872	121.5449138	0	0	1	2	6	5	5	22	9	1	4	4	5	13	4	4	1	4	5	2	17	1	11	1	7	1	8	1		2	3	2	
113	12	24	1	0	臺北市	信義區	信義區忠孝東路5段與基隆路1段口	25.0413294	121.5647305	0	0	1	2	6	5	5	4	18	1	4	4	5	13	1	1	1	4	5	2	2	4	6	1	3	1	4	1		2	3	1	
113	12	24	5	55	臺北市	中山區	中山區北安路與大直街670巷口	25.0841891	121.5493628	0	0	1	2	8	5	5	4	1	1	5	4	5	13	2	1	5	2	5	2	9	1	5	1	7	1	8	1		1	3	1	
113	12	24	7	2	臺北市	大同區	大同區重慶北路3段250-5號	25.0712258	121.5136634	0	0	1	2	6	6	5	22	9	1	4	4	5	13	4	4	9	5	5	2	17	4	6	1	2	1	8	1		1	3	4	
113	12	24	7	25	臺北市	內湖區	內湖區民權東路6段90巷10號	25.0683016	121.5860518	0	0	1	2	6	6	5	14	9	1	4	4	5	13	4	4	10	5	5	2	17	1	13	1	2	1	8	1		1	3	4	
113	12	24	7	25	臺北市	大安區	大安區和平東路2段與新生南路3段口	25.0257035	121.5348923	0	0	2	2	6	7	5	4	2	1	4	4	5	13	2	1	1	4	5	2	13	1	9	1	6	1	10	1		1	2	11	
113	12	24	7	40	臺北市	大同區	大同區鄭州路145號	25.0504183	121.5094211	0	0	2	3	6	6	5	22	9	1	4	4	5	13	4	4	1	4	5	2	17	1	7	1	6	2	10	1		2	2	14	
113	12	24	8	0	臺北市	內湖區	內湖區康樂街116-4號	25.0712222	121.6191683	0	0	1	2	6	6	5	14	9	1	4	4	5	13	4	4	5	4	5	2	16	1	5	1	5	1	10	1		2	2	12	
113	12	24	8	5	臺北市	內湖區	內湖區文德路218號	25.078668	121.5874435	0	0	1	3	6	5	5	14	9	1	4	4	5	13	4	4	1	3	4	1	17	4	15	1	3	1	10	1		1	2	14	
113	12	24	8	25	臺北市	文山區	文山區新光路2段32號	24.9967755	121.5771455	0	0	1	2	6	6	5	14	9	1	4	4	5	13	4	4	1	4	5	1	13	1	9	1	6	1	10	1		1	2	11	
113	12	24	8	26	臺北市	北投區	北投區行義路第1209093號燈桿前	25.1463908	121.5249144	0	0	1	2	6	6	5	11	9	1	4	4	5	13	4	4	9	5	5	1	10	1	9	1	5	1	10	1		2	2	14	
113	12	24	8	30	臺北市	文山區	文山區羅斯福路5段與汀州路4段口口	25.0082264	121.5380014	0	0	3	3	6	6	5	4	2	1	4	4	5	13	2	1	1	4	5	2	12	5	21	8	6	10	20	1		1	2	16	
113	12	24	8	30	臺北市	松山區	松山區民權東路4段與三民路口	25.0627058	121.5628355	0	0	1	3	6	6	5	3	2	1	4	4	5	13	1	1	1	3	5	2	17	4	9	1	6	1	10	1		1	3	11	
113	12	24	8	31	臺北市	中正區	中正區市民大道1段與中山北路1段口	25.0479826	121.5205385	0	0	2	2	6	6	5	4	1	1	4	4	5	13	2	1	1	4	5	2	16	1	15	1	6	2	10	1		1	2	12	
113	12	24	8	37	臺北市	中山區	中山區興安街42號對面	25.05616824	121.5387292	0	0	1	2	6	6	5	14	9	1	4	4	5	13	4	4	9	4	4	2	12	4	11	1	3	1	4	1		1	3	4	
113	12	24	8	37	臺北市	中正區	中正區南昌路1段與寧波西街口	25.03078214	121.5175445	0	0	2	2	6	6	5	4	1	1	4	4	5	13	1	1	5	2	5	1	17	1	9	1	5	2	10	1		1	2	11	
113	12	24	8	50	臺北市	信義區	信義區嘉興街180號	25.0278207	121.5571377	0	0	1	2	6	7	8	14	9	1	4	4	5	13	4	4	10	5	5	2	3	4	5	1	3	2	8	1		2	3	8	
113	12	24	9	15	臺北市	中山區	中山區復興北路168號	25.0536888	121.543952	0	0	1	2	7	7	5	14	9	1	5	4	5	13	4	4	1	4	5	2	17	4	8	1	3	1	10	1		2	3	12	
113	12	24	9	30	臺北市	中山區	中山區劍南路326巷36弄與北安路745巷口	25.0898806	121.5515092	0	0	1	2	6	5	8	22	22	1	4	4	5	13	4	4	10	5	5	2	10	4	9	1	3	2	10	1		2	2	11	
113	12	24	9	31	臺北市	中山區	中山區新生北路1段與長安東路2段口	25.0483107	121.5297444	0	0	1	2	7	7	5	5	2	1	5	4	5	13	2	1	8	4	5	1	17	1	9	1	7	1	4	1		1	3	4	
113	12	24	9	36	臺北市	中山區	中山區中山北路2段92號	25.0583598	121.5227694	0	0	2	3	7	6	5	14	8	1	5	4	5	13	4	4	1	5	1	1	12	4	7	1	3	1	8	1		1	3	8	
113	12	24	9	46	臺北市	內湖區	內湖區東湖路113巷與東湖路113巷95弄口	25.0740274	121.6155138	0	0	1	2	6	6	5	3	1	1	4	4	5	13	4	4	5	5	5	2	16	1	5	1	5	1	10	1		2	2	12	
113	12	24	9	56	臺北市	南港區	南港區忠孝東路6段與玉成街口	25.0453892	121.5828809	0	0	1	2	7	7	5	5	1	1	4	4	5	13	2	1	1	4	5	2	17	1	11	1	7	1	8	1		2	3	17	
113	12	24	10	7	臺北市	萬華區	萬華區中華路2段416巷與萬大路277巷33弄口	25.0264548	121.5016057	0	0	1	3	8	5	8	22	22	1	5	4	5	13	1	1	10	5	5	2	17	4	1	1	3	1	8	1		2	3	5	
113	12	24	10	15	臺北市	北投區	北投區承德路6段427號	25.1092169	121.511374	0	0	1	2	7	6	5	14	7	1	5	4	5	13	4	4	9	4	4	2	17	1	8	1	7	1	8	1		2	3	6	
113	12	24	10	25	臺北市	中正區	中正區青島東路與林森南路口	25.0436249	121.5230698	0	0	1	2	7	6	5	4	1	1	4	4	5	13	1	1	5	4	5	2	16	1	11	1	7	2	8	1		1	3	2	
113	12	24	10	37	臺北市	士林區	士林區復興橋與至誠路1段口	25.1005339	121.5373298	0	0	1	2	7	7	5	3	1	1	4	4	5	13	1	1	4	5	5	1	17	1	6	1	7	1	8	1		2	3	8	
113	12	24	10	50	臺北市	大同區	大同區大龍街與民族西路口	25.06856733	121.5158681	0	0	1	2	7	6	5	4	1	1	5	4	5	13	2	1	4	4	5	2	16	4	5	1	3	1	8	1		1	3	17	
113	12	24	10	57	臺北市	大同區	大同區延平北路3段與民權西路口	25.06309146	121.5108326	0	0	1	2	7	6	5	14	11	1	5	4	5	13	1	1	1	4	5	2	17	1	9	1	5	2	10	1		1	2	11	
113	12	24	11	0	臺北市	大安區	大安區敦化南路1段200號	25.042027	121.5486242	0	0	1	2	6	6	5	14	9	1	4	4	5	13	4	4	4	4	5	2	17	1	1	1	7	1	8	1		2	3	8	
113	12	24	11	5	臺北市	中山區	中山區新生北路3段11巷61號	25.0634918	121.5298911	0	0	2	2	7	7	5	14	9	5	5	4	5	13	4	4	10	5	5	2	3	1	9	1	5	2	10	1		1	2	11	
113	12	24	11	6	臺北市	南港區	南港區忠孝東路6段279號	25.0497598	121.5898636	0	0	1	2	6	6	5	14	9	1	4	4	5	13	4	4	10	5	5	2	12	4	9	1	3	1	10	1		2	3	11	
113	12	24	11	25	臺北市	士林區	士林區芝玉路1段197巷與忠義街91巷口	25.10629726	121.5328991	0	0	2	4	8	5	5	4	1	1	5	4	5	13	4	4	10	5	5	2	15	4	9	1	3	1	8	1		2	3	5	
113	12	24	11	48	臺北市	中正區	中正區延平南路與寶慶路口	25.0416783	121.5095903	0	0	1	2	8	7	5	4	2	1	5	4	5	13	1	1	10	3	5	2	13	1	9	1	7	2	4	1		1	3	1	
113	12	24	12	10	臺北市	內湖區	內湖區民權東路6段123巷與民權東路6段123巷20弄口口	25.069729	121.5928522	0	0	1	2	6	6	5	4	1	1	4	4	5	13	4	4	5	5	5	2	16	1	5	1	7	1	8	1		1	3	1	
113	12	24	12	16	臺北市	大同區	大同區重慶北路3段與酒泉街口	25.0724098	121.5134197	0	0	1	3	8	6	5	4	2	1	5	4	5	13	2	1	1	4	5	2	17	4	15	1	5	2	10	1		1	3	17	
113	12	24	12	20	臺北市	中正區	中正區愛國西路與重慶南路1段口	25.04793299	121.5210187	0	0	1	2	8	6	5	4	1	1	5	4	1	13	2	1	3	4	5	2	17	1	9	1	5	9	10	1		1	2	14	
113	12	24	12	21	臺北市	大同區	大同區大龍街與大龍街91巷口	25.0673036	121.5159437	0	0	1	2	7	6	5	4	1	1	5	4	5	13	2	1	4	4	5	2	12	4	7	8	3	1	20	1		2	2	14	
113	12	24	12	25	臺北市	中山區	中山區中山北路2段92號	25.0599137	121.522807	0	0	1	2	7	7	8	14	9	1	5	4	5	13	4	4	5	4	4	2	17	4	6	1	3	1	10	1		1	3	15	