年	月	日	時	分	縣市	行政區	allLocation	GoogleLat	GoogleLng	死	2-30	受傷	當事人數	天候	道路照明設備	道路類別	道路型態	事故位置	路面狀況1	路面狀況2	路面狀況3	道路障礙1	道路障礙2	號誌1	號誌2	車道劃分-分向	車道劃分-分道1	車道劃分-分道2	車道劃分-分道3	事故類型及型態	行動電話	當事者行動狀態	駕駛資格情形	保護裝置	飲酒情形	駕駛執照種類	個人肇逃否	肇因碼-主要	性別	受傷程度	車輛撞擊部位1	車輛撞擊部位2
113	12	24	12	28	臺北市	大安區	大安區仁愛路4段48巷與四維路6巷口	25.0370535	121.5475066	0	0	2	3	6	6	5	4	1	1	4	4	5	11	4	4	10	5	5	2	15	1	9	1	5	2	10	1		1	2	11	
113	12	24	12	35	臺北市	信義區	信義區松山路541巷15號與松山路515巷2弄口	25.0377846	121.5786379	0	0	1	2	7	6	5	4	1	1	4	4	5	13	4	4	10	5	5	2	15	1	9	1	7	1	8	1		1	3	1	
113	12	24	13	2	臺北市	文山區	文山區懷恩隧道往南出口處	24.991828	121.5513372	0	0	2	3	7	6	5	6	9	1	5	4	5	13	4	4	10	2	5	1	20	1	9	3	6	2	18	1		1	2	11	
113	12	24	13	7	臺北市	中正區	中正區汀州路2段265號	25.0224115	121.5238254	0	0	1	2	7	6	5	14	9	1	5	4	5	13	4	4	5	4	5	2	17	1	2	1	5	1	10	1		2	2	13	
113	12	24	13	7	臺北市	萬華區	萬華區永福街與柳州街口	25.0382879	121.5052705	0	0	1	2	8	6	5	4	1	1	5	4	5	13	1	1	9	4	5	1	9	1	5	1	5	1	10	1		2	3	13	
113	12	24	13	35	臺北市	中正區	中正區館前路與開封街1段口	25.0459734	121.5148796	0	0	1	2	7	6	5	3	1	1	5	4	5	13	4	4	10	4	5	2	3	4	5	7	3	11	19	2		4	4	16	
113	12	24	13	40	臺北市	內湖區	內湖區潭美街791號	25.06371183	121.6107562	0	0	1	2	6	5	5	14	9	1	4	4	5	13	4	4	10	5	5	2	17	1	2	1	7	1	8	1		1	3	3	
113	12	24	13	42	臺北市	大安區	大安區敦化南路1段252巷與敦化南路1段232巷口	25.039776	121.5479665	0	0	2	2	6	6	5	3	1	1	4	4	5	13	4	4	5	5	5	2	16	4	11	1	6	1	10	1		1	2	12	
113	12	24	13	54	臺北市	信義區	信義區莊敬路與吳興街345巷口	25.0273551	121.5660448	0	0	1	2	7	6	5	4	2	1	4	4	5	13	2	1	5	4	5	2	17	4	9	1	3	1	8	1		1	3	7	
113	12	24	13	55	臺北市	內湖區	內湖區成功路5段與成功路5段152巷口	25.0831159	121.6046037	0	0	6	6	6	6	5	3	1	1	4	4	5	12	2	1	1	4	4	2	17	1	11	1	7	1	8	1		1	2	2	
113	12	24	14	2	臺北市	北投區	北投區大度路3段機車道	25.1222155	121.4795784	0	0	2	3	7	7	5	14	9	1	5	4	5	13	4	4	1	4	5	2	12	1	9	1	5	1	10	1		2	2	12	
113	12	24	14	35	臺北市	內湖區	內湖區成功路2段國道一號北上匝道	25.0641988	121.5909676	0	0	1	2	6	5	5	14	9	1	4	4	5	13	1	1	1	3	5	1	16	4	6	1	3	1	8	1		1	3	2	
113	12	24	14	47	臺北市	萬華區	萬華區環河南路1段與峨眉街口	25.0448077	121.5015449	0	0	1	2	7	7	5	3	1	1	5	4	5	13	4	4	9	4	5	2	12	1	9	1	7	1	4	1		1	3	2	
113	12	24	14	58	臺北市	信義區	信義區福德街與大道路口	25.0381084	121.5837702	0	0	2	2	6	7	5	4	1	1	4	4	1	11	2	1	10	4	5	2	16	4	5	1	3	1	10	1		1	2	11	
113	12	24	14	58	臺北市	文山區	文山區羅斯福路6段142巷與汀州路4段口口	24.99861262	121.5354012	0	0	1	3	7	6	5	3	1	1	4	4	5	13	3	1	10	5	5	2	13	1	9	1	6	1	10	1		1	2	11	
113	12	24	15	8	臺北市	信義區	信義區基隆路2段155號	25.0258879	121.5543402	0	0	1	2	6	6	5	14	9	1	4	4	5	13	4	4	1	4	5	1	13	4	9	1	3	1	10	1		2	2	11	
113	12	24	15	25	臺北市	中山區	中山區林森北路與新生北路2段76巷口	25.057402	121.5254765	0	0	1	2	7	5	5	4	1	1	5	4	5	13	4	4	8	5	5	2	16	1	5	1	5	1	10	1		2	2	12	
113	12	24	15	54	臺北市	北投區	北投區光明路116號	25.1332369	121.5016456	0	0	1	2	7	7	5	18	9	1	5	4	5	13	4	4	1	5	5	2	13	1	9	8	3	1	20	1		2	2	14	
113	12	24	16	12	臺北市	中正區	中正區林森南路與青島東路口	25.0436114	121.5229221	0	0	1	2	7	5	5	4	1	1	4	4	5	13	2	1	9	4	5	2	16	1	6	1	7	2	8	1		1	3	17	
113	12	24	16	46	臺北市	松山區	松山區濱江街436號	25.07185596	121.5580766	0	0	1	2	6	7	5	14	7	1	4	4	5	13	4	4	1	4	4	2	17	1	1	1	7	1	8	1		1	3	17	
113	12	24	16	55	臺北市	內湖區	內湖區康樂街與康樂街125巷口	25.07345	121.6195947	0	0	1	2	6	5	5	4	1	1	4	4	5	13	1	1	10	5	5	2	12	1	9	1	6	2	10	1		2	2	14	
113	12	24	17	3	臺北市	士林區	士林區延平北路7段106巷94弄與延平北路7段106巷口	25.0991192	121.4962378	0	0	1	2	6	5	5	3	1	1	4	4	5	13	4	4	10	5	5	2	17	1	6	1	7	1	8	1		1	3	4	
113	12	24	17	8	臺北市	中正區	中正區中華路1段與中華路1段9巷口	25.0469251	121.5098685	0	0	2	2	6	5	5	4	2	1	4	4	5	13	2	1	3	4	3	2	16	1	7	1	6	2	10	1		1	2	14	
113	12	24	17	9	臺北市	內湖區	內湖區民權東路6段296巷5號	25.0724152	121.6055876	0	0	1	2	6	6	5	14	9	1	4	4	5	13	4	4	9	5	5	2	16	1	6	1	7	1	8	1		2	3	5	
113	12	24	17	20	臺北市	中山區	中山區吉林路108巷	25.05335442	121.5290677	0	0	1	2	7	5	5	14	9	1	4	4	5	13	4	4	8	5	5	1	1	5	16	8	4	11	20	1		4	2	16	
113	12	24	17	30	臺北市	中山區	中山區八德路2段203號	25.04665171	121.5400134	0	0	1	3	6	5	5	14	9	1	4	4	5	13	4	4	4	5	5	1	12	4	7	1	3	1	10	1		2	2	14	
113	12	24	17	30	臺北市	北投區	北投區崇仁路1段與中央南路1段口	25.1282308	121.5012703	0	0	2	2	7	5	5	3	1	1	5	4	5	13	3	1	5	5	5	2	15	1	9	1	5	2	10	1		2	2	11	
113	12	24	17	30	臺北市	士林區	士林區社中街361巷與社中街口	25.09232007	121.5039676	0	0	2	3	7	5	5	3	2	1	5	4	5	13	4	4	5	5	5	1	17	1	4	1	7	2	8	1		2	3	17	
113	12	24	17	39	臺北市	文山區	文山區辛亥路6段11號	24.9907123	121.5521662	0	0	1	2	7	5	5	14	9	1	5	4	5	13	4	4	1	4	5	1	13	1	9	1	6	1	10	1		2	2	11	
113	12	24	17	50	臺北市	南港區	南港區重陽路與興中路86巷口	25.0579028	121.6058185	0	0	1	2	6	5	5	3	1	1	4	4	5	13	4	4	5	4	4	2	16	1	6	1	7	2	8	1		1	3	2	
113	12	24	17	52	臺北市	中正區	中正區羅斯福路4段與羅斯福路4段24巷口	25.0155193	121.5331391	0	0	1	2	7	5	5	3	2	1	5	4	5	13	4	4	5	4	5	2	12	1	9	1	5	1	10	1		2	3	14	
113	12	24	17	54	臺北市	文山區	文山區木柵路4段157之1號(欣欣驗車廠前）	24.9995292	121.5754703	0	0	1	2	8	5	5	14	9	1	5	4	5	13	4	4	10	5	5	2	16	1	5	1	7	2	8	1		1	3	5	
113	12	24	18	3	臺北市	信義區	信義區信義路5段與松德路口側附近口	25.0334868	121.5745104	0	0	1	2	6	5	5	4	1	1	4	4	5	13	2	1	3	2	5	2	13	4	9	1	3	1	8	1		1	3	2	
113	12	24	18	7	臺北市	北投區	北投區文林北路與文林北路75巷口	25.1054163	121.5173864	0	0	3	3	7	5	5	4	4	1	5	4	5	13	2	1	1	4	4	2	13	1	9	1	5	1	10	1		1	2	12	13
113	12	24	18	10	臺北市	士林區	士林區延平北路7段106巷與延平北路7段106巷口交叉口	25.1024814	121.4960613	0	0	2	2	8	5	5	3	1	1	5	4	5	13	4	4	10	5	5	1	17	4	5	1	3	1	10	1		1	2	14	
113	12	24	18	10	臺北市	大安區	大安區忠孝東路4段77巷與敦化南路1段190巷口	25.0426262	121.5472188	0	0	1	2	7	5	5	4	1	1	4	4	5	13	4	4	10	5	5	1	15	4	9	1	6	1	10	1		1	2	11	
113	12	24	18	12	臺北市	信義區	信義區虎林街222巷與無名巷口	25.0372113	121.5770243	0	0	1	2	7	5	5	3	1	1	5	4	5	13	4	4	9	5	5	2	16	1	9	1	7	1	8	1		1	3	1	
113	12	24	18	19	臺北市	松山區	松山區民生東路4段110號	25.0581073	121.5541379	0	0	1	2	6	5	5	22	9	1	4	4	5	13	1	1	1	5	5	2	13	1	9	1	6	1	10	1		2	2	11	
113	12	24	18	26	臺北市	大安區	大安區忠孝東路3段與新生南路1段口	25.0421532	121.5332285	0	0	1	3	6	5	5	5	1	1	4	4	5	13	1	1	3	4	5	2	17	4	14	1	7	1	4	1		1	3	2	
113	12	24	18	26	臺北市	文山區	文山區興隆路2段275巷1弄8號	25.0031211	121.5521626	0	0	1	3	6	5	5	14	9	1	4	4	5	13	4	4	10	5	5	2	14	1	2	1	6	1	10	1		2	3	13	14
113	12	24	18	54	臺北市	松山區	松山區復興北路地下道往南方向	25.07004778	121.5442283	0	0	1	2	7	5	5	14	9	1	5	4	5	13	4	4	10	4	5	2	13	1	9	1	5	2	10	1		1	3	11	
113	12	24	18	59	臺北市	松山區	松山區北寧路與北寧路32巷口	25.0493133	121.5526072	0	0	1	2	6	5	6	3	2	1	4	4	5	13	4	4	5	4	4	2	3	1	9	1	6	1	10	1		1	2	14	
113	12	24	19	11	臺北市	士林區	士林區仰德大道3段12號	25.1154259	121.551048	0	0	2	3	6	5	5	14	9	1	4	4	5	13	4	4	1	5	5	1	17	4	9	1	6	1	10	1		1	2	12	
113	12	24	19	12	臺北市	信義區	信義區松隆路192號與松信路口	25.0467587	121.5720306	0	0	1	2	6	5	5	4	2	1	4	4	5	13	2	1	3	4	5	2	13	1	9	1	7	2	4	1		1	3	1	
113	12	24	19	25	臺北市	士林區	士林區中正路426號	25.0931258	121.5195437	0	0	1	2	6	5	5	14	7	1	4	4	5	13	4	4	3	4	4	2	17	4	9	1	3	1	4	1		1	3	4	
113	12	24	19	29	臺北市	內湖區	內湖區文德路143號	25.0785943	121.5845015	0	0	1	2	7	6	5	14	7	1	4	4	5	13	4	4	1	4	4	2	17	1	9	1	6	11	10	1		4	2	17	
113	12	24	19	29	臺北市	萬華區	萬華區環河南路1段與峨眉街口	25.0447844	121.5015348	0	0	2	3	7	5	5	3	1	1	5	4	5	13	4	4	8	3	5	2	16	4	6	1	3	1	8	1		2	3	5	
113	12	24	21	13	臺北市	文山區	文山區羅斯福路6段與萬隆街口	25.0005733	121.5394288	0	0	1	2	8	5	5	4	1	1	5	4	5	13	2	1	1	4	5	2	16	1	5	1	7	2	8	1		1	3	2	
113	12	24	21	15	臺北市	文山區	文山區萬芳路與萬芳路105巷口	24.9974485	121.5623523	0	0	2	4	7	5	5	14	9	1	5	4	5	13	2	1	5	4	5	2	13	1	9	1	5	1	10	1		2	2	11	
113	12	24	21	53	臺北市	松山區	松山區松河街158號	25.0512574	121.5760542	0	0	1	2	6	5	5	14	9	1	4	4	5	13	4	4	9	5	5	2	13	1	9	3	5	2	18	1		1	3	11	
113	12	24	22	41	臺北市	內湖區	內湖區民權東路6段56巷與民權東路6段口	25.0687522	121.5845611	0	0	3	3	7	5	5	4	2	1	4	4	5	13	2	1	1	4	4	2	3	5	16	8	4	10	20	1		1	2	16	
113	12	25	0	24	臺北市	萬華區	萬華區華江橋機車道往新北	25.0387409	121.4956582	0	0	1	2	7	5	7	14	11	1	5	4	5	13	4	4	10	3	5	2	13	1	9	1	5	1	10	1		2	2	11	
113	12	25	3	10	臺北市	士林區	士林區百齡橋	25.08786407	121.5119995	0	0	2	2	8	5	5	14	9	1	5	4	5	13	4	4	1	4	5	1	13	4	9	1	3	2	10	1		1	2	11	
113	12	25	7	14	臺北市	大安區	大安區基隆路3段與辛亥路3段口	25.0187433	121.546302	0	0	1	2	8	5	5	14	9	1	5	4	5	13	2	1	1	4	5	2	13	4	7	3	3	1	18	1		1	2	11	
113	12	25	7	35	臺北市	士林區	士林區福華路與福華路164巷口	25.1042248	121.5225451	0	0	3	3	7	6	5	4	2	1	5	4	5	13	4	4	10	4	5	2	3	1	9	6	6	2	10	1		1	2	15	
113	12	25	7	37	臺北市	松山區	松山區南京東路3段285號	25.0519277	121.5458492	0	0	3	4	8	6	5	14	8	1	5	4	5	13	4	4	8	3	4	1	17	1	1	1	3	1	8	1		1	3	15	
113	12	25	7	40	臺北市	文山區	文山區羅斯福路5段170巷與公館街口	25.0046962	121.5372903	0	0	1	2	7	6	5	3	1	1	4	4	5	13	4	4	10	5	5	2	16	1	5	1	7	2	8	1		1	3	8	
113	12	25	7	40	臺北市	松山區	松山區興安街與慶城街口	25.05581801	121.5469263	0	0	1	2	7	6	5	3	2	4	4	4	5	13	4	4	1	5	5	2	18	1	6	8	6	1	20	1		2	2	14	
113	12	25	7	54	臺北市	南港區	南港區成福路與玉成街口	25.0430571	121.5867708	0	0	1	2	6	6	5	3	2	1	4	4	5	13	4	4	5	5	5	2	3	1	9	1	6	9	10	1		1	3	11	
113	12	25	8	10	臺北市	士林區	士林區中山北路5段與文林路口	25.0856499	121.5254841	0	0	1	4	8	6	5	14	9	1	5	4	5	13	4	4	10	5	5	1	13	1	15	1	5	1	10	1		2	3	11	
113	12	25	8	15	臺北市	士林區	士林區雙溪街與雨農橋口	25.10114939	121.5339052	0	0	1	2	7	5	5	3	1	1	5	4	5	13	4	4	10	5	5	1	17	1	6	1	7	1	8	1		1	3	1	
113	12	25	8	30	臺北市	中正區	中正區中山南路與忠孝東路1段口	25.0452648	121.5195944	0	0	1	2	7	5	5	14	8	1	5	4	5	13	1	1	4	4	1	1	17	1	7	1	5	1	10	1		2	2	14	
113	12	25	9	8	臺北市	內湖區	內湖區民權東路6段13號前	25.0709425	121.5941289	0	0	2	2	7	7	5	14	9	1	5	4	5	13	4	4	1	4	5	2	13	4	12	1	6	2	10	1		2	2	14	
113	12	25	9	24	臺北市	大同區	大同區延平北路3段與民權西路口	25.06305154	121.511464	0	0	2	2	7	6	5	4	2	1	5	4	5	13	1	1	1	4	5	2	17	1	9	1	5	1	10	1		1	2	11	
113	12	25	9	25	臺北市	中山區	中山區中山北路1段99號	25.05797121	121.5219086	0	0	2	2	8	7	5	14	9	1	5	4	5	13	4	4	1	4	5	2	13	1	9	1	5	1	10	1		2	2	11	
113	12	25	9	40	臺北市	內湖區	內湖區成功路2段與成功路2段250巷口	25.0658029	121.5905415	0	0	1	2	7	6	5	14	9	1	5	4	5	13	4	4	1	4	5	2	16	1	7	1	7	1	4	1		1	3	4	
113	12	25	9	45	臺北市	萬華區	萬華區艋舺大道與艋舺大道390巷口	25.0309866	121.4940229	0	0	1	2	7	6	5	14	9	1	5	4	5	13	2	1	1	4	5	1	9	4	9	1	3	1	8	1		1	3	1	
113	12	25	9	52	臺北市	北投區	北投區光明路226號	25.1361496	121.5055141	0	0	2	2	8	6	5	14	9	1	5	4	5	13	4	4	9	4	5	2	9	5	16	8	4	10	20	1		1	2	16	
113	12	25	9	58	臺北市	中山區	中山區民權東路1段2號	25.06265061	121.5236255	0	0	2	4	7	6	5	14	9	1	5	4	5	13	4	4	1	5	4	1	12	4	8	1	3	1	4	1		1	3	17	
113	12	25	10	0	臺北市	士林區	士林區德行東路90巷16號	25.1069178	121.5279709	0	0	1	2	7	6	5	14	9	1	5	4	5	13	4	4	10	5	5	2	2	5	16	8	4	10	20	2		4	2	16	
113	12	25	10	4	臺北市	信義區	信義區松德路200巷與松德路180巷口	25.0347769	121.5734913	0	0	1	2	7	5	5	4	2	1	5	4	5	13	3	1	9	4	5	2	17	1	5	1	6	1	10	1		1	3	14	
113	12	25	10	20	臺北市	信義區	信義區信義路5段115號	25.0333789	121.5740452	0	1	0	2	8	6	5	14	9	1	5	4	5	13	4	4	3	3	5	2	12	1	9	1	7	2	2	1		1	3	8	
113	12	25	10	41	臺北市	文山區	文山區木新路2段161巷19弄3號旁	24.9827224	121.5696461	0	0	2	2	7	6	5	14	9	1	5	4	5	13	4	4	10	5	5	2	3	1	9	1	6	2	9	1		1	2	11	
113	12	25	10	42	臺北市	北投區	北投區中央北路4段與中央北路4段583巷口	25.12596613	121.4655945	0	0	1	2	7	6	5	14	9	1	5	4	5	13	1	1	9	4	5	2	16	1	6	1	7	1	4	1		1	3	17	
113	12	25	10	42	臺北市	大安區	大安區金山南路2段138號	25.0295678	121.5263524	0	0	1	2	8	6	5	14	9	1	5	4	5	13	4	4	1	4	4	2	14	1	2	1	7	1	8	1		1	3	3	
113	12	25	11	5	臺北市	大同區	大同區鄭州路與鄭州路口中興醫院停車場出入口	25.050485	121.5088716	0	0	1	2	8	6	5	5	2	1	5	4	5	13	4	4	1	5	5	2	17	1	5	1	7	1	8	1		1	3	7	
113	12	25	11	26	臺北市	南港區	南港區研究院路1段114號	25.0514037	121.615729	0	0	1	2	8	7	5	14	9	1	5	4	5	13	4	4	1	4	5	2	17	1	7	1	7	2	2	1		1	3	4	
113	12	25	11	33	臺北市	信義區	信義區忠孝東路5段68號	25.0410077	121.5672992	0	0	2	3	8	6	5	14	9	1	5	4	5	13	4	4	1	4	5	2	12	4	9	1	3	2	10	1		1	2	11	
113	12	25	11	45	臺北市	內湖區	內湖區民權東路6段296巷5號	25.0724179	121.6055572	0	0	1	2	7	5	8	14	9	1	5	4	5	13	4	4	4	3	5	1	17	4	1	1	3	1	8	1		1	3	1	
113	12	25	11	48	臺北市	信義區	信義區忠孝東路5段與基隆路1段口	25.0411969	121.564635	0	0	1	2	7	5	5	5	2	1	5	4	5	13	1	1	5	5	5	2	17	1	5	1	7	2	8	1		1	3	6	
113	12	25	11	50	臺北市	士林區	士林區福林路254巷西向東	25.0981115	121.5370643	0	0	1	2	8	6	5	14	9	1	5	4	5	13	4	4	10	5	5	1	12	1	9	1	7	1	8	1		1	3	2	
113	12	25	12	0	臺北市	信義區	信義區崇德街348號	25.0121916	121.5764404	0	0	2	2	7	7	5	12	9	1	5	4	5	8	4	4	10	5	5	2	11	1	9	1	5	2	10	1		2	2	14	
113	12	25	12	10	臺北市	大同區	大同區錦西街與錦西街38巷口	25.0603744	121.5202072	0	0	1	3	8	6	5	5	1	1	5	4	5	13	4	4	5	4	5	2	17	4	5	1	3	11	8	1		1	4	1	
113	12	25	12	45	臺北市	內湖區	內湖區環山路3段與內湖路2段103巷口	25.0846584	121.5809601	0	0	1	2	7	6	5	4	1	1	5	4	5	13	2	1	5	4	5	2	16	1	5	1	5	1	10	1		2	3	12	
113	12	25	12	47	臺北市	松山區	松山區三民路80巷與延壽街72巷口	25.0563599	121.5654575	0	0	1	2	8	5	5	4	1	1	5	4	5	13	4	4	10	5	5	2	15	1	9	1	7	1	8	1		1	3	2	
113	12	25	13	0	臺北市	大安區	大安區羅斯福路4段與羅斯福路4段口捷運公館2號出口	25.0146157	121.5346817	0	0	1	2	7	7	5	14	10	1	5	4	5	13	1	1	1	1	1	2	17	1	9	8	4	1	20	1		1	2	14	
113	12	25	13	9	臺北市	中正區	中正區三元街178號	25.0277958	121.5115308	0	0	2	3	8	7	5	22	20	4	5	4	5	13	4	4	10	5	5	2	29	1	9	8	4	2	20	1		2	2	17	
113	12	25	13	11	臺北市	內湖區	內湖區新湖一路與舊宗路1段口	25.0601428	121.5790576	0	0	1	2	7	6	5	14	9	1	5	4	5	13	4	4	5	5	5	2	13	4	21	7	3	11	19	2		1	4	15	
113	12	25	13	11	臺北市	大安區	大安區信義路4段與安和路1段口	25.0332968	121.5527873	0	0	1	2	7	5	5	14	9	1	5	4	5	13	4	4	10	4	5	2	12	1	4	1	7	1	8	1		1	3	4	
113	12	25	14	0	臺北市	內湖區	內湖區新湖二路與民善街口	25.0606537	121.5753526	0	0	1	2	7	5	5	4	1	1	5	4	5	13	2	1	5	4	5	1	16	1	5	1	5	1	10	1		2	2	14	
113	12	25	14	5	臺北市	士林區	士林區光華路與長春街2巷口	25.1378538	121.5444166	0	0	1	2	8	5	5	3	1	1	5	4	5	13	4	4	10	5	5	1	17	1	6	1	7	1	8	1		1	3	8	
113	12	25	14	38	臺北市	大同區	大同區承德路3段與承德路3段254巷口	25.073093	121.5190294	0	0	1	2	8	7	5	4	2	1	5	4	5	13	2	1	1	4	5	2	17	4	15	6	3	2	18	1		1	2	14	
113	12	25	15	40	臺北市	內湖區	內湖區康寧路1段與康寧路1段64巷口	25.0800547	121.592234	0	0	1	2	7	6	5	3	1	1	5	4	5	13	4	4	9	5	5	2	3	1	9	1	6	2	10	1		2	3	11	
113	12	25	15	55	臺北市	中正區	中正區中華路1段與延平南路84巷口	25.04466973	121.5091845	0	0	1	2	7	6	5	3	2	1	5	4	5	13	4	4	1	4	5	2	17	4	15	1	6	1	10	1		2	2	14	11
113	12	25	16	25	臺北市	大安區	大安區通安街與安和路2段35巷口	25.0316904	121.55331	0	0	1	2	8	5	5	4	1	1	5	4	5	13	4	4	10	5	5	2	15	4	9	1	3	1	4	1		1	3	8	
113	12	25	17	10	臺北市	中山區	中山區民生東路1段與民生東路1段70巷口	25.0579903	121.5265072	0	0	1	2	8	7	5	4	1	1	5	4	5	13	4	4	5	2	5	2	9	1	9	3	5	1	18	1		1	3	11	
113	12	25	17	20	臺北市	大安區	大安區基隆路2段與樂業街口	25.0222527	121.5504791	0	0	1	2	8	5	5	5	2	1	5	4	5	13	1	2	8	3	5	2	12	4	9	1	3	1	10	1		2	2	14	
113	12	25	17	39	臺北市	文山區	文山區辛亥路5段與辛亥路5段25巷口	24.9998348	121.5540394	0	0	1	2	8	5	5	4	18	1	5	4	5	13	2	1	5	5	5	2	2	1	5	1	7	2	8	1		1	3	4	
113	12	25	17	58	臺北市	南港區	南港區大坑街與宜興橋口	25.0411499	121.620811	0	0	1	2	7	5	5	4	19	1	5	4	5	13	2	1	5	5	5	2	3	4	5	1	3	1	4	1		1	3	1	
113	12	25	18	21	臺北市	大安區	大安區和平東路3段與嘉興街口	25.0232161	121.5535037	0	0	1	3	7	5	5	4	2	1	5	4	5	13	1	1	1	4	5	2	17	1	12	1	7	1	2	1		1	3	17	
113	12	25	18	30	臺北市	信義區	信義區信義快速道路往北	25.0314003	121.5716283	0	0	2	5	7	5	5	10	7	1	5	4	5	13	4	4	7	4	5	1	13	4	15	1	7	1	8	1		1	2	3	
113	12	25	18	35	臺北市	中山區	中山區吉林路412號	25.06565678	121.5303717	0	0	2	2	7	5	5	14	8	1	5	4	5	13	1	1	4	3	4	1	9	5	16	8	4	10	20	1		2	2	16	
113	12	25	18	47	臺北市	大安區	大安區忠孝東路4段與敦化南路1段口	25.0414076	121.548604	0	0	1	2	8	5	5	4	1	1	5	4	5	13	2	1	1	4	5	1	17	4	6	1	3	1	10	1		1	2	12	
113	12	25	18	51	臺北市	中正區	中正區汀州路3段與思源街口口	25.0151252	121.5322358	0	0	2	2	7	5	5	3	1	1	5	4	5	13	1	1	5	5	5	2	17	1	5	1	5	1	10	1		2	2	13	
113	12	25	19	4	臺北市	中山區	中山區新生北路3段往南，0102337燈桿	25.07228118	121.5258977	0	0	2	3	7	5	5	14	9	1	5	4	5	13	4	4	10	4	5	2	13	1	9	1	6	2	10	1		2	2	11	
113	12	25	19	20	臺北市	士林區	士林區文林路與文林路770巷口	25.1037163	121.5195124	0	0	2	3	7	5	5	3	1	1	5	4	1	13	4	4	1	4	4	2	13	1	9	1	6	1	10	1		1	2	11	
113	12	25	19	25	臺北市	信義區	信義區基隆路1段428號	25.0338438	121.5598526	0	0	1	2	7	5	5	14	20	1	5	4	5	13	4	4	10	5	5	2	8	4	3	1	3	1	2	1		1	3	2	
113	12	25	19	50	臺北市	萬華區	萬華區東園街73巷66號	25.0266152	121.4984596	0	0	1	2	7	5	5	14	9	1	5	4	5	13	3	1	10	4	5	2	17	1	9	1	6	1	10	2		2	2	14	
113	12	25	19	53	臺北市	中山區	中山區建國南路1段與市民大道3段口	25.0448119	121.5368833	0	0	1	2	7	5	5	4	2	1	5	4	5	13	2	1	1	2	5	2	17	4	5	1	3	1	10	1		2	2	14	
113	12	25	19	53	臺北市	北投區	北投區承德路7段302號	25.1166301	121.5048639	0	0	1	2	8	5	5	22	7	1	5	4	5	13	4	4	1	4	4	2	17	1	8	1	6	2	10	1		2	3	13	
113	12	25	20	2	臺北市	中山區	中山區中原街與新生北路2段149巷口	25.062039	121.5289031	0	0	2	2	7	5	5	4	1	1	5	4	5	13	4	4	9	5	5	2	3	1	5	1	3	1	8	1		1	2	1	
113	12	25	20	20	臺北市	北投區	北投區承德路7段與承德路6段口	25.1106105	121.5108971	0	0	2	2	8	5	5	3	2	1	5	4	5	13	2	1	1	4	5	2	13	1	9	1	6	1	10	1		1	2	11	
113	12	25	20	28	臺北市	萬華區	萬華區中華路1段200號	25.03800089	121.5068639	0	0	1	2	8	5	5	14	9	1	5	4	5	13	4	4	1	4	5	2	9	1	1	1	7	1	2	1		1	3	17	
113	12	25	21	23	臺北市	大安區	大安區羅斯福路2段與和平東路1段口	25.0269305	121.5226709	0	0	1	2	8	5	5	4	1	1	5	4	5	13	2	1	3	4	5	1	12	4	9	1	6	1	10	1		1	3	14	
113	12	25	21	25	臺北市	士林區	士林區福華路與福華路157巷口	25.103741	121.5220693	0	0	1	2	6	5	5	3	2	1	4	4	5	13	1	1	10	4	5	2	18	1	6	1	6	9	10	1		1	2	12	
113	12	25	21	39	臺北市	信義區	信義區松廉路與松智路口	25.034059	121.5654413	0	0	2	2	8	5	5	3	1	1	5	4	5	13	2	1	5	4	5	2	16	1	9	1	7	2	8	1		1	2	1	
113	12	25	22	20	臺北市	大安區	大安區建國南路1段285號	25.0359699	121.53821	0	0	3	3	7	5	5	14	9	1	5	4	5	13	3	1	9	4	5	1	13	1	9	1	5	1	9	1		1	2	11	
113	12	25	22	24	臺北市	萬華區	萬華區昆明街76號	25.04579086	121.5055615	0	0	2	2	8	5	5	14	9	1	5	4	5	13	4	4	10	4	5	2	17	1	7	1	5	1	10	1		1	2	14	
113	12	25	22	37	臺北市	大安區	大安區四維路192號	25.0269589	121.547999	0	0	1	2	7	7	5	14	9	1	5	3	5	13	3	1	10	5	5	2	18	4	9	8	3	1	20	1		1	2	17	
113	12	26	7	13	臺北市	內湖區	內湖區港華街100號	25.0838329	121.5724034	0	0	1	3	7	7	5	14	9	1	5	4	5	13	4	4	7	5	5	2	12	1	1	1	5	1	10	1		1	3	12	
113	12	26	7	29	臺北市	內湖區	內湖區東湖路33巷10號前（機車停車格）	25.0693561	121.6135152	0	0	1	4	7	5	5	14	9	1	5	4	5	13	4	4	10	5	5	2	12	1	15	1	6	9	10	1		2	2	12	
113	12	26	7	50	臺北市	南港區	南港區市民大道7段與中坡北路口	25.049481	121.5802328	0	0	2	2	7	7	5	4	1	1	5	4	5	13	1	1	1	3	4	2	15	1	9	8	4	1	20	1		1	2	12	
113	12	26	7	51	臺北市	北投區	北投區大業路157號	25.1248566	121.498661	0	0	1	2	7	7	5	14	9	1	5	4	5	13	4	4	1	4	5	2	16	1	6	1	7	2	3	1		1	3	5	