年	月	日	時	分	縣市	行政區	allLocation	GoogleLat	GoogleLng	死	2-30	受傷	當事人數	天候	道路照明設備	道路類別	道路型態	事故位置	路面狀況1	路面狀況2	路面狀況3	道路障礙1	道路障礙2	號誌1	號誌2	車道劃分-分向	車道劃分-分道1	車道劃分-分道2	車道劃分-分道3	事故類型及型態	行動電話	當事者行動狀態	駕駛資格情形	保護裝置	飲酒情形	駕駛執照種類	個人肇逃否	肇因碼-主要	性別	受傷程度	車輛撞擊部位1	車輛撞擊部位2
113	12	26	8	3	臺北市	大安區	大安區復興南路1段與大安路1段116巷口	25.0397671	121.5438539	0	0	1	2	8	5	5	4	1	1	5	4	5	13	2	1	8	3	5	1	16	1	6	1	7	1	8	1		1	3	2	
113	12	26	8	33	臺北市	大安區	大安區建國南路1段與建國南路1段291巷口口	25.0357737	121.5382162	0	0	2	3	8	5	5	14	9	1	5	4	5	13	4	4	1	4	5	2	17	4	6	1	3	1	10	1		2	2	14	
113	12	26	8	45	臺北市	中正區	中正區牯嶺街95巷81號前	25.0254575	121.5211437	0	0	1	7	7	6	5	14	9	1	5	4	5	13	4	4	10	5	5	2	17	1	15	1	6	2	10	1		2	2	11	
113	12	26	8	59	臺北市	中正區	中正區重慶南路2段與泉州街9巷口	25.0308172	121.514772	0	0	1	3	8	6	5	14	9	1	5	4	5	13	4	4	1	4	5	2	17	2	15	1	7	2	8	1		1	3	4	
113	12	26	9	37	臺北市	松山區	松山區敦化北路與八德路3段口	25.0482639	121.5496156	0	0	1	2	8	6	6	4	2	1	5	4	5	13	1	1	8	3	4	1	16	1	8	1	3	1	8	1		1	3	2	
113	12	26	9	38	臺北市	松山區	松山區撫遠街與濱江街口	25.0706914	121.5638377	0	0	1	3	7	7	5	14	7	1	5	4	5	13	4	4	9	4	4	2	23	4	11	1	7	2	8	1		1	3	8	
113	12	26	9	40	臺北市	內湖區	內湖區康寧路3段與康寧路3段165巷口	25.0704277	121.6113545	0	0	2	3	7	5	5	4	1	1	5	4	5	13	1	1	1	3	5	1	16	4	5	1	3	1	8	1		1	3	6	
113	12	26	10	21	臺北市	北投區	北投區福美路與福善路口口	25.1005094	121.5065836	0	0	1	4	8	6	5	4	1	1	5	4	5	13	4	4	4	5	5	2	17	1	9	1	7	2	2	1		1	3	5	
113	12	26	10	35	臺北市	士林區	士林區忠誠路2段77號	25.1163716	121.5227596	0	0	1	2	7	7	8	22	22	1	5	4	5	13	2	1	1	5	5	1	9	1	12	1	7	1	2	1		1	3	17	
113	12	26	10	54	臺北市	大同區	大同區市民高架道6510997燈桿	25.0489589	121.5156355	0	0	1	4	8	7	5	10	7	1	5	4	5	13	4	4	1	4	5	2	13	4	14	1	3	1	8	1		1	3	3	
113	12	26	11	17	臺北市	松山區	松山區南京東路5段66巷9號	25.0512353	121.5608155	0	0	1	2	7	6	5	14	9	1	5	4	5	13	4	4	10	5	5	2	29	1	9	1	6	1	10	1		1	2	14	
113	12	26	11	33	臺北市	大安區	大安區敦化南路1段190巷與大安路1段口口	25.0426702	121.5461502	0	0	1	2	7	7	5	4	1	1	5	4	5	13	4	4	10	4	5	1	17	1	9	1	7	1	8	1		1	3	8	
113	12	26	11	40	臺北市	松山區	松山區濱江街863號	25.0708555	121.5611871	0	0	2	3	7	7	5	14	7	1	5	4	5	13	4	4	1	4	4	1	12	1	8	6	7	2	8	1		1	3	5	
113	12	26	11	50	臺北市	內湖區	內湖區東湖路113巷70弄12號	25.0714473	121.6161364	0	0	1	2	7	7	5	14	9	1	5	4	5	13	4	4	10	5	5	2	8	1	9	1	7	2	4	1		1	3	5	
113	12	26	11	54	臺北市	士林區	士林區士東路與士東路286巷口	25.1134462	121.5373504	0	0	2	2	8	6	5	5	2	1	5	4	5	13	2	1	1	4	5	1	17	1	5	1	5	1	10	1		1	2	12	
113	12	26	12	19	臺北市	中正區	中正區三元街212巷與泉州街20巷口	25.0268174	121.5122535	0	0	1	2	8	7	5	4	1	1	5	4	5	13	4	4	10	5	5	1	15	1	9	1	5	2	10	1		1	2	12	
113	12	26	12	58	臺北市	士林區	士林區忠誠路1段與中山北路6段口	25.10403618	121.5252248	0	0	2	4	7	5	8	22	22	1	5	4	5	13	2	1	1	5	5	1	17	1	9	1	7	1	8	1		1	3	1	
113	12	26	13	29	臺北市	士林區	士林區通河西街2段延平河濱NO.308電桿	25.09417407	121.5008995	0	0	2	3	8	6	5	14	9	1	5	4	5	13	4	4	10	5	5	1	10	1	9	1	7	2	7	1		1	3	1	
113	12	26	13	32	臺北市	中山區	中山區民權東路2段與松江路口	25.06262836	121.5333388	0	0	2	2	7	6	5	14	9	1	5	4	5	13	2	1	8	3	5	1	17	1	9	1	5	1	10	1		1	2	11	
113	12	26	13	45	臺北市	中山區	中山區南京東路2段174號前	25.0516135	121.534796	0	0	2	4	7	6	5	14	9	1	5	4	5	13	4	4	9	4	5	2	3	1	13	1	2	11	10	2		2	4	15	
113	12	26	15	5	臺北市	大安區	大安區金華街與青田街口	25.0299954	121.5315536	0	0	1	3	7	6	5	4	1	1	5	4	5	13	1	1	10	5	5	2	16	1	5	1	7	1	8	1		1	3	8	
113	12	26	15	30	臺北市	信義區	信義區基隆路2段與基隆路2段39巷口	25.0313922	121.5586978	0	0	2	2	7	5	5	14	9	1	5	4	5	13	4	4	1	4	5	2	16	1	6	1	5	1	10	1		1	2	11	
113	12	26	15	34	臺北市	中山區	中山區民權東路2段71巷與吉林路329巷口	25.0638848	121.5317432	0	0	1	2	7	5	5	4	2	1	5	4	5	13	4	4	9	5	5	2	15	4	9	1	3	1	10	1		1	2	12	
113	12	26	15	55	臺北市	松山區	松山區延壽街與延壽街119巷口	25.057009	121.5649274	0	0	2	3	7	6	5	3	1	1	5	4	5	10	4	4	9	5	5	2	15	1	15	8	4	1	20	1		1	2	11	
113	12	26	15	56	臺北市	大安區	大安區復興南路2段與復興南路2段308巷口口	25.0237893	121.5433536	0	0	2	3	8	5	5	14	9	1	5	4	5	13	3	1	1	4	4	2	17	4	9	1	3	1	10	1		1	2	11	
113	12	26	16	40	臺北市	松山區	松山區民生東路3段與民生東路3段140巷口	25.0576239	121.5473654	0	0	1	2	7	6	5	3	1	1	5	4	5	13	4	4	9	4	5	2	15	1	15	1	7	1	8	1		2	3	4	
113	12	26	17	15	臺北市	大同區	大同區興城街與萬全街口	25.0584001	121.5178985	0	0	1	2	7	5	5	4	1	1	5	4	5	13	4	4	10	5	5	2	17	4	9	1	7	1	8	1		2	3	8	
113	12	26	17	57	臺北市	信義區	信義區松仁路與莊敬路423巷8弄口	25.0285329	121.5683292	0	0	1	2	7	5	5	4	1	1	5	4	5	13	2	1	9	5	5	2	16	1	5	1	7	2	8	1		1	3	8	
113	12	26	18	15	臺北市	大同區	大同區承德路2段與承德路2段109巷口	25.0567851	121.5183078	0	0	1	2	7	5	5	14	9	1	5	4	5	13	4	4	8	3	5	1	12	4	15	7	3	11	19	1		1	4	2	
113	12	26	18	18	臺北市	內湖區	內湖區文德路66巷與陽光街口	25.07494086	121.5823529	0	0	1	2	8	5	5	3	2	1	5	4	5	13	4	4	5	5	5	2	3	1	9	1	6	2	10	1		1	3	11	
113	12	26	18	32	臺北市	大安區	大安區復興南路1段219-1號	25.0390019	121.5437915	0	0	1	3	8	5	5	14	9	1	5	4	5	13	4	4	1	4	4	2	12	4	1	1	3	1	4	1		1	3	17	
113	12	26	18	33	臺北市	中正區	中正區牯嶺街與廈門街口	25.0274778	121.5182819	0	0	1	2	8	5	5	3	1	1	5	4	5	13	1	1	5	5	5	2	17	4	6	1	5	2	10	1		2	2	15	
113	12	26	18	40	臺北市	萬華區	萬華區寶興街與德昌街口	25.0237179	121.4954245	0	0	2	2	7	5	5	4	1	1	5	4	5	13	1	1	9	5	5	2	17	1	5	3	5	1	18	1		1	2	12	
113	12	26	18	54	臺北市	士林區	士林區士東路與士東路286巷口	25.1134442	121.537301	0	0	2	2	7	5	5	3	1	1	5	4	5	13	2	1	1	3	4	2	16	4	5	1	3	1	10	1		1	2	11	
113	12	26	18	54	臺北市	大同區	大同區延平北路3段與延平北路3段83巷口	25.0671616	121.5109105	0	0	1	2	7	5	5	4	1	1	5	4	5	13	2	1	9	4	5	2	16	1	11	1	5	1	21	1		2	2	12	
113	12	26	18	59	臺北市	松山區	松山區松河街128號	25.05107387	121.575228	0	0	1	2	8	5	5	14	9	1	5	4	5	13	4	4	10	4	5	2	17	1	11	1	7	1	8	1		1	3	4	
113	12	26	19	10	臺北市	大安區	大安區基隆路2段與和平東路3段口	25.0246026	121.5527442	0	0	2	3	8	5	5	5	2	1	5	4	5	13	2	1	3	4	5	1	13	4	9	1	6	1	10	1		2	2	11	
113	12	26	19	23	臺北市	信義區	信義區信義路5段100-1號口	25.0328195	121.5648878	0	0	2	2	8	5	5	14	9	1	5	4	5	13	4	4	3	4	5	2	16	1	6	1	7	2	8	1		1	2	2	
113	12	26	19	27	臺北市	文山區	文山區新光路2段圓環	25.0005302	121.5831351	0	0	1	2	7	5	5	5	1	1	5	4	5	13	3	1	10	4	5	1	13	1	9	1	7	1	8	1		2	3	8	
113	12	26	19	50	臺北市	士林區	士林區基河路與大南路口	25.0896944	121.5228578	0	0	1	2	8	5	5	4	1	1	5	4	5	13	2	1	5	4	5	2	16	4	5	1	3	1	10	1		2	2	14	
113	12	26	20	10	臺北市	松山區	松山區敦化北路120巷7弄15號	25.05364195	121.5480124	0	0	1	2	7	5	5	14	9	1	5	4	5	13	4	4	10	5	5	2	2	1	9	6	7	8	18	1		1	3	2	
113	12	26	20	20	臺北市	文山區	文山區木柵路4段77號	24.9959458	121.5720176	0	0	1	2	7	5	5	14	9	1	5	4	5	13	3	1	10	5	5	2	16	1	6	1	7	1	8	1		1	3	2	
113	12	26	20	21	臺北市	中正區	中正區青島西路11號	25.0448314	121.5181133	0	0	2	2	7	5	5	14	9	1	5	4	5	13	1	1	9	5	5	1	12	1	9	1	6	2	10	1		2	2	12	
113	12	26	20	48	臺北市	中正區	中正區泉州街與福州街口	25.0265877	121.5141374	0	0	2	3	8	5	5	4	1	1	5	4	5	13	4	4	1	5	5	2	16	4	5	1	7	1	8	1		2	3	5	
113	12	26	21	19	臺北市	松山區	松山區復興南路1段39號(市民大道4段往西迴轉道前)	25.0450977	121.5452706	0	0	1	2	8	5	5	14	9	1	5	4	5	13	4	4	3	4	5	2	13	4	9	1	6	1	10	1		2	2	11	
113	12	26	21	58	臺北市	大安區	大安區敦化南路2段與四維路101巷口	25.0321335	121.5484561	0	0	1	2	7	5	5	3	1	1	5	4	5	13	4	4	1	4	5	2	17	4	11	8	2	1	20	1		2	2	11	
113	12	26	22	10	臺北市	中山區	中山區長安東路2段與建國北路1段口	25.048458	121.5365989	0	0	1	3	8	5	5	4	2	1	5	4	5	13	1	1	9	4	5	2	12	1	8	1	6	1	11	1		1	3	14	
113	12	26	22	32	臺北市	文山區	文山區下崙路汽車格17號	24.9865129	121.5596648	0	0	1	2	7	5	5	14	9	1	5	4	5	13	4	4	9	5	5	2	17	1	9	1	6	2	10	1		1	2	11	
113	12	26	23	19	臺北市	萬華區	萬華區環河南路1段與武昌街2段口	25.04571717	121.5026537	0	0	1	2	8	5	5	4	1	1	5	4	5	13	1	1	9	5	5	2	17	4	5	1	5	2	10	1		2	2	11	
113	12	27	1	21	臺北市	信義區	信義區基隆路1段與松隆路口	25.0433156	121.5659061	0	0	1	2	7	5	5	4	1	1	5	4	5	13	2	1	1	4	5	2	17	1	5	1	7	2	4	1		1	3	5	
113	12	27	1	21	臺北市	萬華區	萬華區西昌街與長沙街2段口	25.04102594	121.5007496	0	0	1	2	8	5	5	4	1	1	5	4	5	13	3	1	5	5	5	2	15	4	9	1	7	1	4	1		1	3	4	
113	12	27	6	19	臺北市	信義區	信義區莊敬路與吳興街156巷口	25.0295485	121.5622518	0	0	1	2	7	5	5	4	1	1	5	4	5	13	1	1	9	4	4	2	15	4	9	1	7	2	4	1		2	3	1	
113	12	27	7	0	臺北市	中山區	中山區市民大道2段與市民大道2段5巷口	25.04810649	121.5215953	0	0	1	2	7	7	5	3	1	1	5	4	5	13	4	4	1	4	5	2	16	4	6	1	3	1	8	1		2	3	5	
113	12	27	7	23	臺北市	中山區	中山區南京東路3段與復興北路口	25.0519374	121.5439205	0	0	1	2	7	7	5	4	1	1	5	4	5	13	1	1	1	4	5	2	16	1	6	1	7	1	8	1		1	3	5	
113	12	27	7	55	臺北市	松山區	松山區民權東路5段與撫遠街口	25.0632942	121.565665	0	0	1	2	7	7	5	4	2	1	5	4	5	13	1	1	1	4	5	1	12	1	12	6	7	1	8	1		1	3	6	
113	12	27	8	2	臺北市	士林區	士林區中山北路6段290巷23弄與忠誠路2段10巷口	25.10958446	121.5280352	0	0	1	2	7	5	8	4	1	1	5	4	5	13	4	4	10	5	5	1	17	1	9	1	7	1	4	1		1	3	2	
113	12	27	8	3	臺北市	中正區	中正區臨沂街61巷與連雲街口	25.03554595	121.5312523	0	0	2	3	8	6	5	4	1	1	5	4	5	8	4	4	10	5	5	2	15	1	9	1	7	2	8	1		2	3	1	
113	12	27	8	12	臺北市	松山區	松山區民生東路4段131巷21號	25.0589363	121.553773	0	0	1	2	7	7	5	14	9	1	5	4	5	13	4	4	9	4	5	2	11	1	11	1	7	1	8	1		2	3	5	
113	12	27	8	36	臺北市	松山區	松山區健康路325巷與健康路325巷5弄口	25.0550508	121.5672032	0	0	2	2	7	6	5	4	2	1	4	4	5	13	2	1	5	5	5	2	13	4	9	1	6	1	10	1		1	2	11	
113	12	27	8	40	臺北市	士林區	士林區中山北路5段與小北街口	25.0901935	121.5273528	0	0	1	3	8	6	5	4	2	1	5	4	5	13	2	1	4	4	1	1	17	4	8	1	3	2	8	1		2	3	2	
113	12	27	8	49	臺北市	北投區	北投區中央北路2段與文化三路口	25.1365213	121.4960346	0	0	1	3	7	7	5	3	2	1	5	4	5	13	1	1	10	5	5	2	12	1	1	1	7	1	2	1		1	3	2	
113	12	27	9	0	臺北市	北投區	北投區中央北路4段與中央北路4段316巷口	25.1308949	121.4728148	0	0	1	2	7	7	5	3	2	1	5	4	5	13	1	1	4	4	5	2	3	1	9	1	5	1	10	1		2	3	11	
113	12	27	9	6	臺北市	士林區	士林區前港街與後港街口	25.0848571	121.5225636	0	0	2	2	7	5	8	4	1	1	5	4	5	13	3	1	10	5	5	1	9	1	5	1	5	1	10	1		1	2	11	
113	12	27	9	11	臺北市	信義區	信義區松隆路與永吉路120巷22弄口	25.0448555	121.569625	0	0	2	3	8	7	6	3	1	1	5	4	5	13	4	4	10	5	5	2	17	1	9	8	2	2	20	1		1	3	11	
113	12	27	9	24	臺北市	中山區	中山區松江路567號	25.0727806	121.539424	0	0	1	3	7	7	5	14	16	1	5	4	5	13	4	4	10	5	5	2	13	1	9	1	7	2	8	1		1	2	1	
113	12	27	9	24	臺北市	大同區	大同區延平北路4段與敦煌路口	25.0764074	121.512066	0	0	1	2	8	5	5	4	2	1	5	4	5	13	2	1	5	4	5	2	17	4	5	1	3	2	10	1		1	2	12	
113	12	27	9	27	臺北市	中山區	中山區長安東路2段116巷與長安東路2段口	25.04847408	121.5357826	0	0	2	3	7	5	5	4	2	1	5	4	5	13	4	4	4	3	5	1	15	1	9	1	7	1	4	1		1	3	1	
113	12	27	9	28	臺北市	內湖區	內湖區麥帥一橋機車道(東往西向)	25.05379111	121.574912	0	0	2	2	8	5	5	8	9	1	5	4	5	13	4	4	10	4	5	2	13	1	9	1	5	2	10	1		1	2	11	
113	12	27	9	58	臺北市	信義區	信義區松智路與松智路9巷口	25.0377121	121.5654828	0	0	1	2	7	6	5	3	2	1	5	4	5	13	4	4	8	5	5	2	15	1	15	8	5	1	20	1		2	2	11	
113	12	27	10	18	臺北市	北投區	北投區中央北路4段569號	25.1275812	121.4672711	0	0	2	3	7	7	5	14	9	1	5	4	5	13	4	4	5	4	5	2	12	1	8	1	7	1	8	1		1	3	2	
113	12	27	10	27	臺北市	萬華區	萬華區寶興街與寶興街38巷口	25.0273709	121.4933867	0	0	2	2	7	6	5	4	2	1	5	4	5	13	4	4	9	4	5	1	17	4	9	1	3	1	10	1		1	2	12	
113	12	27	10	41	臺北市	大同區	大同區承德路3段與民族西路口口	25.0684681	121.5186312	0	0	1	2	7	6	5	4	1	1	5	4	5	13	2	1	1	4	5	2	16	1	9	1	6	2	10	2		2	2	11	
113	12	27	10	45	臺北市	內湖區	內湖區成功路2段與成功路2段486巷口口	25.0728862	121.589879	0	0	1	2	7	6	5	3	2	1	5	4	5	13	2	1	1	4	5	2	9	1	1	1	7	1	8	1		1	3	17	
113	12	27	11	0	臺北市	中山區	中山區民權東路2段與中原街口	25.0625006	121.5289131	0	0	1	2	8	6	5	4	1	1	5	4	5	13	1	1	1	4	5	2	17	4	9	1	5	1	10	1		1	2	14	
113	12	27	11	4	臺北市	文山區	文山區景興路202巷與景後街口	24.9921095	121.5428712	0	0	1	2	7	6	5	4	1	1	5	4	5	13	3	1	10	5	5	2	15	1	9	8	4	2	20	1		2	2	12	
113	12	27	11	7	臺北市	內湖區	內湖區康寧路3段99巷與康寧路3段99巷12弄口	25.07230837	121.6110604	0	0	1	2	7	5	5	4	1	1	5	4	5	13	4	4	10	5	5	1	15	1	9	1	7	1	8	1		1	3	4	
113	12	27	11	8	臺北市	中山區	中山區建國北路1段與長安東路2段口	25.0482873	121.5370001	0	0	1	2	7	7	5	4	1	1	5	4	5	13	1	1	1	4	5	2	16	1	6	1	7	1	8	1		1	3	5	
113	12	27	11	13	臺北市	中山區	中山區中山北路2段與南京東路1段口	25.05264703	121.5224854	0	0	1	2	7	7	5	4	2	1	5	4	5	13	2	1	1	4	5	2	12	4	7	1	6	2	10	1		2	2	14	
113	12	27	11	28	臺北市	中山區	中山區中山北路4段與新生高架道口下方	25.0768284	121.5252957	0	0	1	2	7	5	5	11	9	1	5	4	5	13	4	4	10	5	5	2	17	1	5	1	5	1	10	1		1	2	17	
113	12	27	11	38	臺北市	萬華區	萬華區漢口街2段90巷與漢口街2段90巷8弄口	25.0458111	121.5042162	0	0	2	2	7	7	5	4	1	1	5	4	5	13	4	4	10	5	5	2	15	1	9	1	5	1	9	1		1	2	11	
113	12	27	12	7	臺北市	松山區	松山區復興北路363號	25.0606268	121.5442945	0	0	2	2	7	7	5	14	9	1	5	4	5	13	4	4	9	4	5	2	17	1	7	8	4	1	20	1		2	2	13	
113	12	27	12	15	臺北市	中山區	中山區新生北路2段與長春路口	25.0549562	121.5277598	0	0	1	2	8	6	5	4	1	1	5	4	5	13	1	1	5	4	5	2	16	4	6	1	3	1	4	1		1	3	7	
113	12	27	12	54	臺北市	內湖區	內湖區瑞光路與江南街口	25.0760786	121.5754847	0	0	3	3	7	5	5	3	1	1	5	4	5	13	1	1	5	4	5	1	16	1	5	1	5	1	10	1		2	2	11	
113	12	27	13	19	臺北市	南港區	南港區研究院路1段與經貿二路口	25.0551462	121.616554	0	0	1	2	7	6	5	4	1	1	5	4	5	13	2	1	1	4	5	2	12	1	15	1	6	2	10	1		2	2	14	
113	12	27	13	23	臺北市	中山區	中山區松江路64巷與松江路口	25.0495067	121.5327332	0	0	1	3	7	6	5	3	1	1	5	4	3	13	4	4	8	5	5	1	16	4	6	1	3	1	8	1		1	3	8	
113	12	27	13	38	臺北市	大安區	大安區復興南路2段125巷與瑞安街23巷24弄口	25.0291812	121.5450907	0	0	1	2	7	6	5	4	1	1	5	4	5	13	4	4	10	5	5	2	15	4	9	7	3	11	19	2		2	4	11	
113	12	27	14	0	臺北市	大同區	大同區承德路3段148-1號	25.0675993	121.5183388	0	0	1	2	7	6	5	14	9	1	5	4	5	13	4	4	1	4	5	2	12	4	15	1	5	1	10	1		1	3	12	
113	12	27	14	22	臺北市	大同區	大同區延平北路3段與延平北路3段17巷口口	25.0637727	121.5111631	0	0	1	2	7	6	5	3	1	1	5	4	5	13	4	4	5	5	5	2	16	1	9	6	6	1	18	1		1	3	12	
113	12	27	14	43	臺北市	中山區	中山區南京東路2段90號	25.0518884	121.5312559	0	0	1	2	7	7	5	22	20	1	4	4	5	13	4	4	10	5	5	2	17	4	1	1	6	1	9	1		1	3	17	
113	12	27	15	45	臺北市	中山區	中山區民權東路2段與松江路口	25.0626429	121.5329037	0	0	2	4	7	7	5	4	2	1	5	4	5	13	1	1	1	3	5	1	9	1	1	1	7	1	2	1		1	3	17	
113	12	27	15	59	臺北市	中山區	中山區中山北路3段28號	25.0653333	121.5221568	0	0	1	2	7	7	5	14	9	1	5	4	5	13	4	4	1	4	5	2	12	4	9	1	5	1	10	1		1	3	12	
113	12	27	16	5	臺北市	中山區	中山區市民大道2段與林森北路口	25.0479527	121.5238457	0	0	1	2	7	5	5	14	9	1	5	4	5	13	4	4	10	5	5	2	13	1	9	1	5	1	10	1		2	2	11	
113	12	27	16	30	臺北市	中山區	中山區民權西路64號前	25.0626936	121.5196993	0	0	2	6	7	6	5	14	9	1	5	4	5	13	4	4	1	4	5	2	13	1	9	1	5	1	10	1		1	2	11	
113	12	27	16	34	臺北市	文山區	文山區興隆路2段49號	24.9988403	121.5456344	0	0	2	3	7	6	5	14	18	1	5	4	5	12	4	4	1	4	5	2	3	1	9	1	6	2	10	1		2	2	11	
113	12	27	16	50	臺北市	大安區	大安區敦化南路2段59號	25.0311713	121.5491273	0	0	1	2	7	5	8	22	20	4	5	4	5	13	4	4	10	5	5	2	9	1	9	8	4	1	20	1		2	3	11	
113	12	27	17	25	臺北市	信義區	信義區基隆路2段151號	25.0261569	121.5547216	0	0	1	2	7	5	5	14	9	1	5	4	5	13	4	4	1	4	5	2	3	4	9	1	3	1	10	1		1	3	11	
113	12	27	17	35	臺北市	大同區	大同區撫順街與承德路3段51巷口口	25.0632999	121.5189877	0	0	1	2	8	6	5	3	2	1	5	4	5	13	4	4	5	5	5	2	9	1	9	1	7	2	8	1		1	3	2	
113	12	27	17	48	臺北市	大安區	大安區信義路4段與大安路2段口	25.0332223	121.5459123	0	0	1	2	8	5	5	14	9	1	5	4	5	13	2	1	1	4	5	2	17	4	6	1	3	1	8	1		1	3	5	
113	12	27	17	50	臺北市	北投區	北投區石牌路1段64號	25.113564	121.5113193	0	0	1	2	7	5	5	14	9	1	5	4	5	13	4	4	5	4	5	2	12	1	8	1	5	2	10	1		1	3	17	
113	12	27	18	0	臺北市	中山區	中山區北安路經國七海文化園區對面	25.07779884	121.5366912	0	0	1	2	7	5	5	14	9	1	5	4	5	13	4	4	3	4	5	2	13	1	9	6	6	1	10	1		2	2	11	
113	12	27	18	18	臺北市	中正區	中正區中山南路與青島東路口	25.0445184	121.519388	0	0	3	4	7	5	5	4	1	1	5	4	5	13	2	1	1	4	5	2	12	1	4	1	5	1	9	1		1	3	12	
113	12	27	18	38	臺北市	松山區	松山區塔悠路99號	25.0539084	121.5700387	0	0	1	2	7	5	5	14	9	1	5	4	5	13	4	4	1	4	5	2	12	1	9	1	6	1	10	1		1	2	12	
113	12	27	18	58	臺北市	大安區	大安區永康街與潮州街口	25.0283906	121.5296167	0	0	3	6	8	5	5	4	1	1	5	4	5	13	4	4	10	5	5	1	15	4	9	1	3	1	8	1		1	3	8	
113	12	27	19	3	臺北市	文山區	文山區興隆路3段217號對面	24.9944824	121.559553	0	0	1	2	8	5	5	14	9	1	5	4	5	13	4	4	1	4	5	2	12	1	4	1	7	2	8	1		2	3	2	
113	12	27	20	9	臺北市	中山區	中山區八德路2段330號	25.0474128	121.5431539	0	0	1	4	7	5	5	14	9	1	5	4	5	13	4	4	5	4	5	2	16	4	11	1	3	2	8	1		1	3	4	
113	12	27	20	34	臺北市	萬華區	萬華區西寧南路與峨眉街口	25.0436125	121.5061585	0	0	2	3	8	5	5	4	2	1	5	4	5	13	2	1	10	4	5	2	12	1	7	1	7	1	4	1		1	3	4	
113	12	27	21	5	臺北市	士林區	士林區天母東路與天母東路43巷口	25.1181052	121.5322607	0	0	1	3	7	5	5	4	2	1	5	4	5	13	2	1	1	4	5	2	3	1	9	8	4	1	20	1		1	3	11	
113	12	27	21	25	臺北市	大同區	大同區民生西路與重慶北路2段口	25.057023	121.5136498	0	0	1	2	7	5	5	4	1	1	5	4	5	13	1	1	5	4	5	2	15	1	9	1	7	1	8	1		1	3	2	
113	12	27	21	37	臺北市	信義區	信義區林口街68號	25.0387983	121.5792713	0	0	2	2	7	5	5	14	7	1	5	4	5	13	4	4	9	4	4	2	3	4	9	1	5	2	10	1		2	2	11	
113	12	27	21	45	臺北市	信義區	信義區信義路5段與松仁路口	25.0329391	121.5682945	0	0	1	2	8	5	8	4	1	1	5	4	5	13	1	1	1	4	5	2	12	1	9	1	7	1	2	1		1	3	2	
113	12	27	21	50	臺北市	松山區	松山區延壽街414號	25.05632796	121.5567018	0	0	1	2	8	5	5	14	9	1	5	4	5	13	4	4	9	4	5	2	12	1	9	1	7	6	8	1		1	3	2	
113	12	27	22	18	臺北市	士林區	士林區中山北路6段與德行東路口	25.1065181	121.5249481	0	0	2	3	8	5	5	4	1	1	5	4	5	13	1	1	5	4	5	2	17	1	5	1	6	2	10	1		1	2	11	
113	12	27	22	25	臺北市	士林區	士林區至善路2段34號	25.0972991	121.5449105	0	0	1	2	7	5	9	11	8	1	5	4	5	13	4	4	1	3	1	1	12	4	9	1	3	1	8	1		2	3	2	
113	12	27	22	34	臺北市	信義區	信義區松智路與松壽路口	25.035864	121.5654199	0	0	2	3	7	5	5	4	1	1	5	4	5	13	2	1	5	4	5	2	16	1	5	1	7	1	4	1		1	3	6	
113	12	27	23	2	臺北市	中正區	中正區永福橋水源路匝道	25.0117656	121.528278	0	0	1	2	7	5	5	14	9	1	5	4	5	13	4	4	5	5	5	2	17	1	7	1	7	1	8	1		1	3	4	
113	12	28	0	1	臺北市	士林區	士林區重慶北路4段49巷與重慶北路4段49巷15弄口	25.0809974	121.5116968	0	0	1	4	7	5	5	4	1	1	5	4	5	13	4	4	9	5	5	2	15	4	9	1	3	2	8	1		1	3	1	
113	12	28	0	16	臺北市	中正區	中正區延平南路與漢口街1段口	25.0451805	121.51028	0	0	1	2	7	5	5	4	2	1	5	4	5	13	2	1	10	4	5	2	13	1	9	1	5	1	10	1		1	2	11	
113	12	28	0	40	臺北市	大同區	大同區重慶北路2段與民生西路口	25.0570339	121.5136458	0	0	1	2	6	5	5	4	2	1	4	4	5	13	2	1	9	4	5	2	16	1	6	1	5	1	10	1		1	2	13	
113	12	28	0	58	臺北市	大安區	大安區基隆路2段144巷與基隆路2段口	25.0280977	121.556492	0	0	3	3	8	5	5	3	1	1	5	4	5	13	4	4	10	4	5	2	17	1	6	1	5	1	10	1		1	2	12	
113	12	28	4	53	臺北市	內湖區	內湖區港華街與港墘路26巷口	25.0824796	121.5768798	0	0	1	2	8	5	5	4	1	1	5	4	5	13	4	4	5	4	5	2	16	1	5	1	7	1	4	1		1	3	1	
113	12	28	8	48	臺北市	中山區	中山區民族東路與德惠街167巷口	25.06822643	121.5304143	0	0	1	2	7	5	5	3	2	1	5	4	5	13	4	4	3	4	5	2	13	4	9	1	3	1	10	1		1	2	11	
113	12	28	9	10	臺北市	中山區	中山區松江路199號	25.05731705	121.5331802	0	0	1	2	7	7	5	14	9	1	5	4	5	13	4	4	1	3	5	1	12	1	8	1	7	1	4	1		1	3	17	
113	12	28	9	18	臺北市	大同區	大同區昌吉街與迪化街2段口	25.0658347	121.5095275	0	0	1	2	7	6	5	5	1	1	5	4	5	13	3	1	5	5	5	2	15	4	9	1	6	1	10	1		2	2	11	