年	月	日	時	分	縣市	行政區	allLocation	GoogleLat	GoogleLng	死	2-30	受傷	當事人數	天候	道路照明設備	道路類別	道路型態	事故位置	路面狀況1	路面狀況2	路面狀況3	道路障礙1	道路障礙2	號誌1	號誌2	車道劃分-分向	車道劃分-分道1	車道劃分-分道2	車道劃分-分道3	事故類型及型態	行動電話	當事者行動狀態	駕駛資格情形	保護裝置	飲酒情形	駕駛執照種類	個人肇逃否	肇因碼-主要	性別	受傷程度	車輛撞擊部位1	車輛撞擊部位2
113	12	28	9	34	臺北市	大安區	大安區敦化南路1段190巷與忠孝東路4段77巷口	25.0427604	121.5467911	0	0	2	2	7	6	5	4	1	1	5	4	5	13	4	4	10	5	5	2	15	1	9	1	5	2	10	1		1	2	14	
113	12	28	10	30	臺北市	中山區	中山區明水路409號	25.0774074	121.5480668	0	0	2	3	7	5	5	14	9	1	5	4	5	13	4	4	3	4	5	2	13	4	9	1	3	1	10	1		1	2	11	
113	12	28	11	8	臺北市	中山區	中山區合江街與合江街180巷口	25.0611167	121.5392457	0	0	1	3	7	7	5	4	1	1	5	4	3	10	4	4	9	4	5	2	16	4	6	1	3	1	8	1		1	3	1	
113	12	28	11	20	臺北市	中山區	中山區龍江路與興安街口	25.0559488	121.5405754	0	0	1	3	7	7	5	14	9	1	5	4	5	13	1	1	5	5	5	2	2	5	16	8	4	10	20	1		2	2	16	
113	12	28	11	20	臺北市	士林區	士林區美崙街與基河路口	25.09619685	121.5194489	0	0	1	2	7	5	8	22	22	1	5	4	5	13	4	4	9	1	5	1	17	1	5	1	5	1	10	1		1	2	12	
113	12	28	12	0	臺北市	萬華區	萬華區康定路與長沙街2段口	25.0405567	121.5020972	0	0	2	3	7	6	5	4	1	1	5	4	5	13	1	1	9	4	5	2	17	1	5	1	7	1	8	1		1	3	2	
113	12	28	12	25	臺北市	中山區	中山區中山北路3段與民族東路口	25.06848149	121.522559	0	0	2	3	7	7	5	4	1	1	5	4	5	13	1	1	1	3	5	1	17	1	6	1	5	1	10	1		1	2	12	
113	12	28	12	35	臺北市	信義區	信義區嘉興街與嘉興街181巷口	25.0263711	121.5564895	0	0	2	2	7	6	5	3	1	1	5	4	5	13	3	1	5	5	5	2	17	1	5	1	5	1	10	1		1	2	14	
113	12	28	12	35	臺北市	萬華區	萬華區環河南路1段168號	25.0467442	121.503856	0	0	1	2	7	7	5	14	9	1	5	4	5	13	4	4	9	5	5	2	12	1	9	1	7	1	8	1		1	3	5	
113	12	28	12	45	臺北市	中山區	中山區建國北路3段與民權東路3段口	25.0624722	121.5373113	0	0	2	2	7	7	5	4	1	1	5	4	5	13	1	1	1	4	5	2	16	1	9	1	5	1	10	1		2	2	11	
113	12	28	12	50	臺北市	士林區	士林區中山北路7段219巷私人停車場出入口	25.1265924	121.5321317	0	0	1	2	7	6	5	12	9	1	5	4	5	13	4	4	10	5	5	2	17	4	15	8	4	1	20	1		2	2	14	
113	12	28	12	56	臺北市	士林區	士林區忠義街與忠義街91巷口	25.1063259	121.5321173	0	0	2	2	7	6	5	3	1	1	5	4	5	13	3	1	5	5	5	1	16	1	5	1	7	1	8	1		1	2	8	
113	12	28	12	59	臺北市	文山區	文山區景興路288號	24.9892383	121.5422956	0	0	1	2	7	6	5	14	9	1	5	4	5	13	4	4	9	5	5	2	17	1	7	1	6	1	10	1		2	4	11	
113	12	28	13	18	臺北市	中正區	中正區延平南路156號	25.0379217	121.508349	0	0	1	2	8	5	5	14	9	1	5	4	5	13	4	4	9	5	5	1	17	1	9	8	2	9	20	1		2	2	12	
113	12	28	13	55	臺北市	文山區	文山區指南路3段34巷（指南幹77 B 7227 AB39)	25.02700914	121.5636649	0	0	1	2	7	6	5	11	9	1	5	4	4	13	4	4	10	5	5	1	18	4	9	1	3	2	10	1		2	2	14	
113	12	28	14	9	臺北市	中山區	中山區中山北路2段與中山北路2段42巷口	25.05449028	121.5225488	0	0	1	2	7	7	5	4	2	1	5	4	5	13	4	4	1	4	5	2	17	4	9	1	5	1	10	1		1	2	17	
113	12	28	14	33	臺北市	信義區	信義區松仁路與忠孝東路5段236巷2弄口	25.0405089	121.5685938	0	0	1	3	7	6	5	4	1	1	5	4	5	13	4	4	1	4	5	2	17	4	6	1	3	1	8	1		1	3	2	
113	12	28	14	35	臺北市	大安區	大安區安和路2段171巷與樂利路口口	25.0282854	121.5510649	0	0	1	2	7	6	5	4	1	1	5	4	5	13	2	1	5	4	4	2	16	1	5	1	5	1	10	1		2	2	14	
113	12	28	14	43	臺北市	文山區	文山區興隆路4段與忠順街1段口口	24.9845278	121.5616476	0	0	3	3	7	7	5	4	1	5	5	4	5	13	2	1	10	5	5	2	16	1	5	1	5	1	10	1		1	2	12	
113	12	28	15	22	臺北市	大安區	大安區仁愛路4段與敦化南路1段口口	25.0369517	121.549056	0	0	3	3	7	6	5	5	1	1	5	4	5	13	2	1	1	4	5	2	13	1	9	1	5	1	10	1		1	2	11	
113	12	28	15	42	臺北市	松山區	松山區市民大道5段與八德路4段36巷口	25.0459203	121.5595691	0	0	2	2	7	6	5	3	2	1	5	4	5	13	1	1	1	4	5	2	13	1	9	1	5	1	10	1		2	2	11	
113	12	28	16	11	臺北市	中山區	中山區長安西路19巷2弄65號	25.0519909	121.520436	0	0	1	3	8	7	5	14	9	1	5	4	5	13	4	4	10	5	5	2	17	1	9	1	7	1	10	1		1	3	2	
113	12	28	16	15	臺北市	內湖區	內湖區民權東路6段與民權東路6段81巷口	25.0693036	121.5884779	0	0	1	2	7	6	5	4	1	1	5	4	5	13	1	1	1	5	5	2	16	1	5	1	7	2	8	1		1	3	6	
113	12	28	16	30	臺北市	文山區	文山區萬和街萬芳6號公園公車站	24.9996714	121.569012	0	0	1	2	8	5	5	14	9	1	5	4	5	13	4	4	9	5	5	2	9	1	9	1	7	11	2	1		1	3	17	
113	12	28	17	2	臺北市	南港區	南港區南港路2段與南港路2段178巷口	25.0533516	121.5996716	0	0	1	2	7	6	5	4	2	4	5	4	5	13	2	1	5	5	4	2	16	1	11	1	6	2	10	1		2	2	14	
113	12	28	17	20	臺北市	中正區	中正區南昌路1段10-2號	25.0338132	121.5153424	0	0	1	2	8	5	5	14	9	1	5	4	5	13	4	4	9	4	5	2	16	1	11	1	7	1	4	1		1	3	4	
113	12	28	17	38	臺北市	大安區	大安區市民大道4段與光復南路口側附近口	25.0449107	121.5576164	0	0	1	2	8	5	5	5	1	1	5	4	5	13	2	1	1	4	5	2	17	1	6	1	7	1	4	1		2	3	2	
113	12	28	17	39	臺北市	信義區	信義區松信路210號	25.0414916	121.5719402	0	0	1	2	7	5	5	14	9	1	5	4	5	13	4	4	9	4	5	2	17	1	11	1	7	1	8	1		2	3	17	
113	12	28	17	40	臺北市	中山區	中山區龍江路與遼寧街116巷口	25.05282743	121.5405647	0	0	1	2	7	5	5	4	1	1	5	4	5	13	4	4	5	4	5	2	1	1	6	1	7	1	8	1		1	3	1	
113	12	28	18	1	臺北市	萬華區	萬華區萬大路與萬大路186巷口	25.0277964	121.5005889	0	0	1	2	8	5	5	3	1	2	5	4	5	13	1	1	9	5	5	2	3	1	9	1	5	9	10	1		2	2	11	
113	12	28	18	2	臺北市	文山區	（光輝路64號）	24.9846076	121.5555215	0	0	1	2	7	5	5	3	2	1	5	4	5	13	4	4	9	5	5	2	9	4	5	1	3	2	8	1		1	3	8	
113	12	28	18	17	臺北市	北投區	北投區明德路176巷與明德路口	25.111221	121.5211512	0	0	2	2	7	5	5	4	18	1	5	4	5	13	4	4	5	5	5	2	3	1	9	1	5	2	10	1		1	2	11	
113	12	28	18	35	臺北市	松山區	松山區復興北路499巷與民權東路3段191巷口	25.0653475	121.5446825	0	0	2	2	8	5	6	3	1	1	5	4	5	13	4	4	10	5	5	2	17	1	1	1	5	2	11	1		2	2	11	
113	12	28	18	40	臺北市	內湖區	內湖區舊宗路1段與新湖三路口	25.0636567	121.5766875	0	0	1	2	8	5	5	4	18	1	5	4	5	13	2	1	9	4	5	2	1	1	5	3	2	2	18	1		1	3	1	
113	12	28	18	55	臺北市	中山區	中山區復興北路62號前	25.0504193	121.5438749	0	0	1	2	7	5	5	14	9	1	5	4	5	13	4	4	1	4	5	2	17	4	8	1	3	1	4	1		1	3	2	
113	12	28	19	0	臺北市	大同區	大同區民權西路102巷4弄與民權西路144巷口	25.0615873	121.5159224	0	0	1	2	8	5	5	4	1	1	5	4	5	13	3	1	10	5	5	2	15	1	9	1	6	1	10	1		2	2	11	
113	12	28	19	35	臺北市	松山區	松山區長春路與復興北路141巷6弄口	25.0544676	121.544783	0	0	1	2	8	5	5	4	1	1	5	4	5	13	4	4	4	3	5	2	16	4	5	1	3	2	4	1		1	3	8	
113	12	28	19	39	臺北市	萬華區	萬華區西寧南路與貴陽街2段口	25.0393937	121.5062801	0	0	1	2	7	5	5	22	19	1	5	4	5	13	2	1	10	5	5	2	2	1	5	1	7	1	8	1		1	3	1	
113	12	28	19	45	臺北市	南港區	南港區三重路與新民街口	25.0561263	121.6139321	0	0	3	3	7	5	5	3	2	1	5	4	5	13	1	1	5	4	5	2	16	1	5	1	5	1	10	1		1	2	12	
113	12	28	19	46	臺北市	中正區	中正區衡陽路與延平南路口	25.04209558	121.5096052	0	0	1	2	7	5	5	4	1	1	5	4	5	13	1	1	10	4	5	2	3	4	5	1	7	2	4	1		1	3	8	
113	12	28	20	10	臺北市	中山區	中山區松江路133巷與南京東路2段115巷口	25.05443437	121.5338472	0	0	1	2	7	5	5	4	1	1	5	4	5	13	4	4	10	5	5	1	15	1	9	1	7	1	4	1		1	3	1	
113	12	28	20	17	臺北市	中正區	中正區重慶南路3段與重慶南路3段132巷口	25.0242008	121.5166727	0	0	3	3	7	5	5	3	1	1	5	4	5	13	1	1	1	4	5	2	12	5	20	8	5	10	20	1		2	2	16	
113	12	28	20	25	臺北市	中山區	中山區市民大道2段與林森北路口	25.04796848	121.52424	0	0	1	2	7	5	5	4	1	1	5	4	5	13	1	1	1	4	5	2	17	1	9	1	6	1	10	1		2	3	13	
113	12	28	20	32	臺北市	士林區	士林區德行西路與磺溪街口	25.1055346	121.5230566	0	0	1	2	8	5	5	3	1	1	5	4	5	13	1	1	5	5	4	2	17	4	5	1	3	2	8	1		1	3	1	
113	12	29	0	22	臺北市	松山區	松山區民生東路3段128號	25.0576281	121.545722	0	0	1	3	7	5	5	14	9	1	5	4	5	13	1	1	1	4	5	2	17	1	15	1	7	2	8	1		1	3	17	4
113	12	29	1	6	臺北市	中山區	中山區林森北路與中山北路2段59巷口	25.0558216	121.5254282	0	0	3	3	7	5	5	4	1	1	5	4	5	13	4	4	9	4	5	2	15	4	9	1	3	2	10	1		1	2	12	
113	12	29	2	0	臺北市	大同區	大同區重慶北路3段與民族西路口	25.0686612	121.5135715	0	0	1	2	7	6	5	4	1	1	5	4	5	13	2	1	8	3	5	2	16	1	5	1	7	1	3	1		1	3	2	
113	12	29	4	29	臺北市	信義區	信義區和平東路3段391巷8弄與和平東路3段391巷口	25.0200442	121.5580088	0	0	1	2	8	5	5	4	1	1	5	4	5	13	4	4	9	5	5	2	15	1	9	1	7	2	4	1		1	2	5	
113	12	29	5	25	臺北市	中山區	中山區中山北路3段(花博圓山公園5號出入口)	25.0690779	121.52289	0	0	1	2	7	5	5	14	9	1	5	4	5	13	4	4	5	4	5	2	13	4	9	1	3	1	10	1		2	2	11	
113	12	29	6	46	臺北市	中山區	中山區中山北路3段中山橋北往南	25.0746538	121.5257518	0	0	1	2	8	7	5	8	8	1	5	4	5	13	4	4	3	4	4	2	20	1	9	1	6	5	10	1		1	2	14	
113	12	29	7	3	臺北市	士林區	士林區延平北路5段285巷51號	25.08504274	121.5075055	0	0	2	2	8	5	5	11	9	1	5	4	5	13	4	4	10	5	5	2	17	4	6	2	3	1	18	1		1	2	11	
113	12	29	8	34	臺北市	中正區	中正區重慶南路1段與重慶南路1段5巷口	25.0465055	121.5133092	0	0	2	2	8	7	5	3	2	1	5	4	5	13	4	4	10	4	5	2	16	1	5	1	5	2	10	1		1	2	14	
113	12	29	8	42	臺北市	松山區	松山區復興北路與復興北路427巷口	25.06339517	121.5443642	0	0	1	2	8	7	5	3	2	1	5	4	5	13	1	1	9	4	5	2	2	1	9	1	6	1	10	1		2	3	11	
113	12	29	8	50	臺北市	萬華區	萬華區西藏路與中華路2段300巷13弄口	25.0298504	121.5036831	0	0	2	2	8	6	5	3	2	1	5	4	5	13	4	4	1	5	5	2	16	1	6	1	6	2	10	1		1	2	14	
113	12	29	9	10	臺北市	中正區	中正區重慶南路1段與懷寧街108巷口	25.0414543	121.5131674	0	0	1	2	8	7	5	3	2	1	5	4	5	13	4	4	5	4	5	2	17	1	9	1	5	9	10	1		1	2	17	
113	12	29	9	10	臺北市	大安區	大安區四維路170巷與和平東路3段1巷口	25.0282378	121.5469105	0	0	1	2	7	7	5	3	1	1	5	4	5	13	4	4	8	3	5	1	15	4	1	1	3	1	4	1		1	3	1	
113	12	29	9	40	臺北市	文山區	文山區木柵路2段與木柵路2段109巷口	24.9888913	121.5617472	0	0	1	2	8	6	5	14	9	2	5	4	5	13	2	1	5	4	5	2	17	4	5	1	3	2	8	1		1	3	5	
113	12	29	9	55	臺北市	松山區	松山區南京東路3段300號	25.051629	121.5465879	0	0	2	2	7	6	5	14	20	2	5	4	5	13	4	4	10	5	5	2	1	1	9	8	4	1	20	1		1	2	11	
113	12	29	9	59	臺北市	中山區	中山區中山北路2段93巷口側附近	25.0593045	121.523023	0	0	1	2	8	7	5	14	9	1	5	4	5	13	4	4	1	4	5	2	12	1	9	1	5	1	10	1		1	2	14	
113	12	29	9	59	臺北市	大安區	大安區市民大道4段122號	25.044388	121.5516792	0	0	2	3	8	6	5	14	9	1	5	4	5	13	4	4	1	4	5	2	13	4	9	3	6	1	18	1		2	2	11	
113	12	29	10	2	臺北市	大安區	大安區大安路2段與四維路154巷口	25.0311113	121.5460801	0	0	1	2	8	6	5	4	1	1	5	4	5	13	2	1	10	5	5	2	3	1	5	1	7	2	8	1		1	3	1	
113	12	29	10	7	臺北市	中山區	中山區林森北路與錦州街口	25.0600017	121.5255467	0	0	1	2	7	5	5	14	9	1	5	4	5	13	4	4	9	5	5	2	17	4	11	1	3	1	4	1		1	3	4	
113	12	29	10	8	臺北市	大安區	大安區臥龍街201號	25.0178374	121.5523588	0	0	1	2	8	5	5	14	9	1	5	4	5	13	4	4	8	3	5	1	13	1	9	1	7	1	8	1		1	3	5	
113	12	29	10	16	臺北市	萬華區	萬華區環河南路1段與康定路口	25.0461278	121.5032903	0	0	1	2	8	7	5	3	1	1	5	4	5	13	1	1	9	5	5	2	17	1	5	1	7	1	8	1		1	3	8	
113	12	29	10	43	臺北市	大安區	大安區市民大道4段與忠孝東路4段205巷口	25.0443775	121.5518975	0	0	1	2	7	5	5	3	2	1	5	4	5	13	4	4	1	3	5	2	13	1	9	1	5	1	10	1		1	2	11	
113	12	29	11	55	臺北市	萬華區	萬華區光復橋往臺北下橋處	25.0257777	121.4924624	0	0	1	2	8	7	5	8	9	1	5	4	5	13	1	1	1	3	5	2	12	1	9	1	5	9	10	1		1	3	12	
113	12	29	11	58	臺北市	北投區	北投區公館路423巷與公館路口	25.120841	121.5024532	0	0	1	2	7	7	5	3	1	1	5	4	5	13	4	4	10	5	5	2	12	1	9	1	7	9	8	1		1	3	7	
113	12	29	12	1	臺北市	文山區	文山區興隆路3段與興隆路3段115巷口	24.9989971	121.557861	0	0	1	3	8	6	5	3	1	1	5	4	5	13	2	1	1	4	5	2	17	1	5	1	6	1	10	1		1	3	17	
113	12	29	12	29	臺北市	大同區	大同區民權西路160巷26弄8號	25.0616372	121.5150919	0	0	1	2	7	6	5	14	9	5	5	4	5	13	4	4	10	5	5	2	16	4	11	1	3	1	8	1		1	3	4	
113	12	29	12	55	臺北市	北投區	北投區明德路與東陽街口	25.1120027	121.5215147	0	0	2	4	8	6	5	3	1	1	5	4	5	13	3	1	5	5	5	2	16	1	6	1	5	1	10	1		1	3	13	
113	12	29	12	58	臺北市	信義區	信義區松仁路253巷4弄3號	25.0253081	121.5696667	0	0	1	2	8	7	5	14	9	1	5	4	5	13	4	4	10	5	5	2	16	4	5	1	3	1	4	1		1	3	4	
113	12	29	13	30	臺北市	中山區	中山區新生北路2段66號與新生高架道口迴轉道	25.05613711	121.5274237	0	0	1	2	8	7	5	3	1	1	5	4	5	13	2	1	1	4	5	2	16	4	5	1	3	2	8	1		1	3	8	
113	12	29	13	56	臺北市	士林區	士林區福華路與福華路157巷口	25.10375943	121.5221452	0	0	2	2	8	5	5	3	2	1	5	4	5	13	2	1	9	4	5	2	3	1	9	1	5	1	10	1		1	2	11	
113	12	29	14	10	臺北市	北投區	北投區中央北路1段224號	25.1361971	121.4969705	0	0	1	2	8	6	5	14	9	1	5	4	5	13	4	4	4	4	5	2	12	1	1	1	7	2	8	1		1	3	8	
113	12	29	14	27	臺北市	中正區	中正區重慶北路1段與鄭州路口	25.04926783	121.5133435	0	0	1	2	8	7	5	4	1	1	5	4	5	13	1	1	1	4	5	2	17	1	15	1	6	1	10	1		2	2	12	
113	12	29	14	45	臺北市	內湖區	內湖區環山路2段與環山路2段109巷口口	25.0844483	121.5760761	0	0	2	2	8	6	5	3	1	1	5	4	5	13	2	1	9	4	5	2	16	1	5	8	2	1	20	1		2	2	14	
113	12	29	15	3	臺北市	文山區	文山區木柵路3段與木新路1段口	24.9905686	121.5707894	0	0	2	2	8	6	5	3	1	1	5	4	5	13	1	1	5	5	5	2	17	1	6	1	7	1	8	1		1	2	2	
113	12	29	15	10	臺北市	信義區	信義區東興路63號斜對面	25.0459231	121.5667941	0	0	1	3	7	6	5	14	9	1	5	4	5	13	4	4	1	4	5	2	12	4	9	1	3	1	4	1		1	3	5	
113	12	29	15	16	臺北市	大安區	大安區和平東路1段與師大路口口	25.0267294	121.528474	0	0	1	2	8	6	5	3	3	1	5	4	5	13	2	1	1	4	4	2	13	1	9	1	5	1	10	1		1	3	11	
113	12	29	16	15	臺北市	松山區	松山區迎風河濱公園3012141燈桿處	25.07148662	121.5622924	0	0	1	2	7	7	5	14	23	1	5	4	5	13	4	4	10	5	5	1	1	5	18	8	4	10	20	1		2	2	16	
113	12	29	17	0	臺北市	士林區	士林區至誠路1段與雨聲街口	25.10463254	121.5315206	0	0	1	2	7	5	5	3	1	1	5	4	5	13	1	1	5	5	5	2	16	4	6	1	3	1	8	1		1	3	2	
113	12	29	17	11	臺北市	萬華區	萬華區德昌街27號	25.0251841	121.4991633	0	0	2	2	7	6	5	14	9	1	5	4	5	13	4	4	10	5	5	2	2	4	9	8	4	1	20	1		1	2	11	
113	12	29	17	28	臺北市	士林區	士林區大南路83號與大南路口對面	25.08711672	121.5182404	0	0	1	2	8	6	5	3	2	1	5	4	5	13	4	4	10	5	5	2	9	5	16	8	4	11	20	1		4	2	16	
113	12	29	17	45	臺北市	大同區	大同區民族西路38號	25.0684699	121.5193809	0	0	2	3	7	5	5	14	9	1	5	4	5	13	4	4	8	3	5	1	16	4	7	1	3	2	7	1		1	3	4	
113	12	29	18	0	臺北市	信義區	信義區忠孝東路5段68號	25.0409885	121.5676122	0	0	3	4	8	5	5	14	9	1	5	4	5	13	4	4	1	4	5	2	13	1	9	1	6	1	10	1		1	2	11	
113	12	29	18	0	臺北市	大安區	大安區敦化南路1段與仁愛路4段口	25.0386139	121.5497739	0	0	1	2	8	5	5	18	9	1	5	4	5	13	2	1	4	4	5	2	16	1	6	1	7	1	8	1		2	3	2	
113	12	29	18	10	臺北市	大同區	大同區延平北路3段與民權西路口	25.0630595	121.5109011	0	0	1	3	7	5	5	14	11	1	5	4	5	13	4	4	1	4	5	2	13	1	9	1	7	1	8	1		1	3	3	
113	12	29	18	13	臺北市	大同區	大同區重慶北路3段216號	25.0701448	121.5136517	0	0	1	2	8	5	5	14	9	1	5	4	5	13	4	4	1	4	5	2	13	1	9	1	6	1	10	1		1	3	11	
113	12	29	18	14	臺北市	中正區	中正區臨沂街與臨沂街19巷口	25.041985	121.5304944	0	0	2	2	7	5	5	4	1	1	5	4	5	13	4	4	10	5	5	1	15	1	9	1	6	2	10	1		1	2	14	
113	12	29	18	30	臺北市	中正區	中正區羅斯福路3段與羅斯福路3段244巷口	25.0174215	121.5314318	0	0	2	2	7	5	5	3	1	1	5	4	5	13	1	1	1	4	5	2	16	1	6	1	5	1	10	1		1	2	12	
113	12	29	18	40	臺北市	內湖區	內湖區內湖路1段617號	25.08064986	121.5737231	0	0	1	2	7	5	5	14	8	1	5	4	5	13	4	4	1	4	4	1	9	1	9	1	7	9	2	1		1	3	17	
113	12	29	19	4	臺北市	信義區	信義區永吉路30巷119號	25.0430418	121.5687624	0	0	1	3	7	5	5	14	9	1	5	4	5	13	4	4	8	3	5	2	17	4	9	1	3	1	8	1		1	3	1	
113	12	29	19	10	臺北市	中正區	中正區汀州路2段與重慶南路3段口	25.0256228	121.5164859	0	0	1	2	7	5	5	4	1	1	5	4	5	13	1	1	5	5	5	2	17	1	5	1	7	1	8	1		2	3	2	
113	12	29	19	22	臺北市	中正區	中正區忠孝東路2段與金山南路1段口	25.0431555	121.5297801	0	0	2	3	8	5	5	4	1	1	5	4	5	13	1	1	10	5	5	2	17	1	5	1	5	2	10	1		1	2	14	
113	12	29	19	36	臺北市	文山區	文山區木新路3段與木新路3段74巷口	24.9823962	121.5635613	0	0	2	2	8	5	5	3	1	1	5	4	5	13	4	4	10	5	5	2	16	1	5	1	5	1	10	1		2	2	11	
113	12	29	19	43	臺北市	信義區	信義區松仁路28號	25.0396462	121.5683411	0	0	1	3	7	5	5	14	9	1	5	4	5	13	4	4	1	3	5	2	13	1	9	1	6	1	10	1		1	3	11	
113	12	29	20	5	臺北市	中山區	中山區合江街77號	25.05887907	121.5392295	0	0	1	2	7	5	5	14	9	1	5	4	5	13	4	4	9	5	5	2	3	1	9	1	7	1	4	1		1	3	2	
113	12	29	21	30	臺北市	大同區	大同區民權西路與蘭州街口	25.0629634	121.5147656	0	0	3	4	8	5	5	4	1	1	5	4	5	13	2	1	8	3	5	2	16	1	5	1	6	1	10	1		2	3	14	
113	12	29	22	30	臺北市	大同區	大同區台北橋機慢車道往三重分岔口	25.05798097	121.5222171	0	0	4	6	8	5	6	8	11	1	5	4	5	13	4	4	8	3	5	2	13	1	9	1	6	1	10	1		1	2	11	
113	12	29	22	58	臺北市	信義區	信義區環東大道下基隆路匝道	25.0460901	121.5674437	0	0	1	2	8	5	5	10	16	1	5	4	5	13	2	1	10	4	5	2	13	4	9	1	3	2	8	1		2	3	1	
113	12	29	23	34	臺北市	大安區	大安區辛亥路3段與辛亥路3段284巷口	25.0152265	121.5513802	0	0	1	2	8	5	5	14	9	1	5	4	5	13	3	1	10	5	5	2	29	4	9	1	3	1	10	1		1	2	15	
113	12	30	0	21	臺北市	北投區	北投區承德路6段與福國路口	25.1019153	121.5121351	0	0	1	2	7	5	5	4	2	1	5	4	5	13	1	1	1	4	5	2	13	1	15	1	7	2	8	1		1	3	1	
113	12	30	0	39	臺北市	大安區	大安區延吉街與延吉街70巷口口	25.042633	121.5541885	0	0	2	2	8	5	5	4	1	1	5	4	5	13	2	1	5	4	5	2	16	1	5	1	7	1	8	1		1	2	4	
113	12	30	1	4	臺北市	信義區	信義區松智路9號	25.0353541	121.5653142	0	0	1	2	8	5	5	14	20	4	5	4	5	13	4	4	10	5	5	2	17	4	9	8	4	1	20	1		1	2	12	
113	12	30	6	50	臺北市	內湖區	內湖區環東大道(東往西）	25.04847309	121.5183568	0	0	1	2	7	5	5	14	9	1	5	4	5	13	4	4	1	4	5	1	12	1	9	1	7	2	8	1		1	3	2	
113	12	30	7	30	臺北市	大安區	大安區辛亥路3段往西辛亥隧道出口	25.0129783	121.5544433	0	0	1	2	8	5	5	14	9	1	5	4	5	13	4	4	1	2	5	2	13	1	9	1	5	2	10	1		2	2	11	
113	12	30	7	50	臺北市	中正區	中正區林森南路地下道	25.0356083	121.5202496	0	0	2	3	8	5	5	7	9	1	5	4	5	13	4	4	6	4	5	2	13	4	15	7	3	11	19	2		2	4	15	
113	12	30	7	50	臺北市	北投區	北投區實踐街45號	25.1152402	121.5091963	0	0	1	2	7	7	5	14	9	1	5	4	5	13	4	4	9	4	5	2	9	4	9	1	3	2	6	1		1	3	5	
113	12	30	8	2	臺北市	信義區	信義區忠孝東路5段236巷15號附近側附近人行道	25.0395167	121.5719925	0	0	2	2	7	7	8	22	20	4	5	4	5	13	4	4	10	5	5	2	16	4	9	8	2	1	20	1		1	2	11	
113	12	30	8	19	臺北市	內湖區	內湖區民權東路6段56巷與民權東路6段90巷16弄口口	25.0678749	121.5850989	0	0	1	2	8	5	5	3	2	1	5	4	5	13	4	4	5	5	4	2	16	1	9	1	6	2	10	1		2	3	12	
113	12	30	8	20	臺北市	中正區	中正區福州街2號	25.0295967	121.5199052	0	0	1	2	7	6	5	14	9	1	5	4	5	13	1	1	8	5	5	1	12	1	4	1	5	1	10	1		1	3	13	
113	12	30	8	32	臺北市	文山區	文山區木新路3段69號	24.9823182	121.5635208	0	0	3	3	8	6	5	14	9	2	5	4	5	13	4	4	5	4	5	2	17	4	1	1	5	1	10	1		1	2	14	
113	12	30	8	50	臺北市	信義區	信義區忠孝東路4段與忠孝東路4段553巷口	25.0411192	121.5627444	0	0	1	2	7	7	5	4	1	1	5	4	5	13	1	1	1	4	5	2	12	4	15	1	3	1	10	1		2	2	13	
113	12	30	9	0	臺北市	中正區	中正區博愛路與長沙街1段口	25.0401581	121.5113368	0	0	1	2	7	6	5	3	2	1	5	4	5	13	4	4	10	5	5	2	1	5	16	8	4	10	20	1		1	2	16	
113	12	30	9	0	臺北市	士林區	士林區承德路4段與後港街口	25.08231761	121.5230888	0	0	1	2	8	5	5	5	2	1	5	4	5	13	1	1	10	4	5	1	17	1	6	1	6	1	10	1		1	2	12	
113	12	30	9	6	臺北市	北投區	北投區裕民二路49巷與裕民六路101巷口	25.1146794	121.5170829	0	0	1	3	8	5	5	3	1	1	5	4	3	10	4	4	9	4	4	2	17	1	7	1	7	1	8	1		1	3	7	
113	12	30	9	16	臺北市	萬華區	萬華區艋舺大道74號	25.0334554	121.5036493	0	0	1	3	7	7	5	22	5	1	5	4	5	13	4	4	9	5	5	2	17	1	15	1	5	1	10	1		1	3	17	
113	12	30	9	20	臺北市	大同區	大同區承德路3段與民權西路口	25.0630038	121.5184807	0	0	2	2	7	6	5	4	1	1	5	4	5	13	2	1	1	4	5	2	16	4	15	1	3	1	10	1		1	2	12	
113	12	30	9	27	臺北市	大安區	大安區信義路2段26號	25.0349197	121.5252777	0	0	1	2	8	6	5	14	9	1	5	4	5	13	4	4	7	3	5	2	12	1	7	1	5	1	10	1		2	2	11	
113	12	30	9	34	臺北市	信義區	信義區忠孝東路5段與忠孝東路5段215巷口	25.0409301	121.5700546	0	0	2	2	8	6	5	3	1	1	5	4	5	13	2	1	1	4	5	1	12	4	8	1	3	1	10	1		2	2	12	
113	12	30	9	35	臺北市	中正區	中正區懷寧街與貴陽街1段口	25.038745	121.5137002	0	0	1	2	8	7	5	3	2	1	5	4	5	13	4	4	4	1	5	2	17	1	5	1	6	1	10	1		2	2	14	
113	12	30	10	0	臺北市	大同區	大同區重慶北路2段與南京西路口	25.05409126	121.5143208	0	0	2	2	7	6	5	4	1	1	5	4	5	13	2	1	1	4	5	2	16	4	6	1	3	1	10	1		1	2	12	
113	12	30	10	36	臺北市	大同區	大同區寧夏路與民生西路口	25.0570804	121.5155293	0	0	1	2	8	7	5	4	2	1	5	4	5	13	2	1	5	4	5	2	17	4	5	1	3	1	10	1		1	3	17	