年	月	日	時	分	縣市	行政區	allLocation	GoogleLat	GoogleLng	死	2-30	受傷	當事人數	天候	道路照明設備	道路類別	道路型態	事故位置	路面狀況1	路面狀況2	路面狀況3	道路障礙1	道路障礙2	號誌1	號誌2	車道劃分-分向	車道劃分-分道1	車道劃分-分道2	車道劃分-分道3	事故類型及型態	行動電話	當事者行動狀態	駕駛資格情形	保護裝置	飲酒情形	駕駛執照種類	個人肇逃否	肇因碼-主要	性別	受傷程度	車輛撞擊部位1	車輛撞擊部位2
113	12	30	10	53	臺北市	中山區	中山區林森北路與林森北路416巷口	25.0597041	121.5255665	0	0	1	2	7	5	5	3	2	1	5	4	5	13	4	4	9	5	5	2	16	4	11	1	3	1	4	1		1	3	4	
113	12	30	11	2	臺北市	內湖區	內湖區新明路298巷19號	25.0567852	121.582459	0	0	1	2	8	6	5	14	9	1	5	4	5	13	4	4	5	4	5	2	17	1	8	1	7	2	8	1		1	3	5	
113	12	30	11	40	臺北市	大安區	大安區新生南路1段與青田街口	25.0282813	121.5344023	0	0	0	3	8	6	5	14	9	1	5	4	5	13	2	1	10	5	5	2	17	1	9	1	7	11	2	1		3	3	17	
113	12	30	11	47	臺北市	士林區	士林區美崙街新光醫院急診出入口	25.0956976	121.5192039	0	0	2	2	8	5	5	14	9	1	5	4	5	13	4	4	10	5	5	1	17	1	9	3	6	1	18	1		1	2	15	
113	12	30	12	11	臺北市	萬華區	萬華區中華路2段與西藏路口	25.0298551	121.5041611	0	0	1	2	7	6	5	4	1	1	5	4	5	13	1	1	1	5	5	2	12	1	15	1	7	1	4	1		1	3	2	
113	12	30	12	23	臺北市	士林區	士林區至善路2段11號	25.0971106	121.5439414	0	0	2	4	8	7	5	14	5	1	5	4	5	13	2	1	1	4	1	1	23	1	9	1	7	2	8	1		1	3	1	
113	12	30	12	23	臺北市	大安區	大安區辛亥路2段31號	25.0226777	121.5356147	0	0	1	2	7	6	5	14	9	1	5	4	5	13	4	4	1	4	5	2	12	4	8	1	3	1	8	1		1	3	2	
113	12	30	12	25	臺北市	北投區	北投區北投路2段9號	25.1305719	121.4992819	0	0	2	3	7	7	6	14	8	1	5	4	5	13	4	4	9	4	4	2	16	4	8	1	3	2	8	1		1	3	5	
113	12	30	12	37	臺北市	北投區	北投區西安街1段347號北往南	25.1138002	121.5157492	0	0	1	2	8	5	8	14	9	1	5	4	5	13	4	4	9	4	5	1	12	1	9	1	6	1	10	1		2	2	11	
113	12	30	12	59	臺北市	信義區	信義區松仁路與莊敬路423巷8弄口	25.0285331	121.568351	0	0	2	2	7	5	5	4	1	1	5	4	5	13	1	1	5	5	5	1	17	1	5	1	6	1	10	1		1	2	11	
113	12	30	13	37	臺北市	大安區	大安區仁愛路4段與安和路1段口	25.0376245	121.5511877	0	0	1	2	7	5	5	4	1	1	5	4	5	13	2	1	1	3	5	2	17	1	6	1	7	1	4	1		1	3	5	
113	12	30	14	4	臺北市	大安區	大安區新生南路1段與忠孝東路3段口口	25.0421449	121.5329974	0	0	1	2	8	6	5	4	1	1	5	4	5	13	2	1	3	1	4	2	17	1	6	1	7	1	14	1		1	3	7	
113	12	30	14	30	臺北市	內湖區	內湖區堤頂大道1段365號	25.0756941	121.5720886	0	0	1	3	7	6	5	14	9	1	5	4	5	13	4	4	1	5	5	2	16	1	8	1	7	2	8	1		1	3	5	
113	12	30	14	54	臺北市	萬華區	萬華區艋舺大道87號	25.0337064	121.5028304	0	0	1	3	8	6	5	14	9	1	5	4	5	13	4	4	9	4	5	1	11	1	12	1	5	1	10	1		1	2	11	
113	12	30	15	1	臺北市	大安區	大安區仁愛路4段341號	25.0379769	121.5536942	0	0	1	3	8	6	5	14	9	1	5	4	5	13	4	4	1	4	5	2	17	1	12	1	5	1	10	1		1	2	11	
113	12	30	15	24	臺北市	萬華區	萬華區環河南路3段355號	25.0171641	121.4949044	0	0	1	2	8	6	5	14	9	1	5	4	5	13	4	4	1	4	5	2	12	1	9	1	6	1	10	1		2	2	14	
113	12	30	15	31	臺北市	松山區	松山區民權東路3段191巷與民族東路668巷口	25.0643331	121.5459729	0	0	2	2	7	6	5	4	1	1	5	4	5	13	4	4	10	5	5	2	17	1	9	1	5	1	10	1		1	2	11	
113	12	30	15	34	臺北市	大同區	大同區延平北路3段與民權西路口	25.0630119	121.5111287	0	0	1	2	8	6	5	4	1	1	5	4	5	13	2	1	1	4	5	2	17	1	15	1	5	1	10	1		1	3	17	
113	12	30	15	35	臺北市	士林區	士林區天母西路與天母西路13巷口	25.11841532	121.5284573	0	0	1	3	7	7	5	3	1	1	5	4	5	13	2	1	9	4	5	1	17	1	7	1	5	2	10	1		2	2	12	
113	12	30	16	9	臺北市	信義區	信義區吳興街50巷與基隆路2段39巷口	25.0306155	121.5595552	0	0	2	2	7	6	5	4	1	1	5	4	5	13	4	4	9	5	5	2	17	4	9	1	3	1	10	1		2	2	12	
113	12	30	16	50	臺北市	松山區	松山區八德路4段340號	25.04925352	121.5682362	0	0	1	2	7	6	5	14	9	1	5	4	5	13	4	4	4	3	5	2	12	1	8	1	7	1	8	1		1	3	2	
113	12	30	17	1	臺北市	萬華區	萬華區堤外便道近貴陽疏散門	25.0416638	121.4992551	0	0	1	3	7	6	5	14	11	1	5	4	5	13	4	4	3	4	5	2	13	1	9	1	6	1	10	1		1	3	11	
113	12	30	17	3	臺北市	士林區	士林區文林路與文林路661巷口	25.100682	121.5226043	0	0	2	3	7	5	5	3	1	1	5	4	5	13	1	1	5	4	5	2	12	1	9	3	5	1	18	1		1	2	11	
113	12	30	17	6	臺北市	中山區	中山區北安路458巷41弄21號	25.0787888	121.5458797	0	0	1	2	7	6	5	14	9	1	5	4	5	13	4	4	9	5	5	2	16	1	9	1	6	1	10	1		1	2	12	
113	12	30	17	34	臺北市	士林區	士林區德行東路97號	25.10760223	121.5280673	0	0	1	2	8	5	5	14	9	1	5	4	5	13	4	4	10	4	5	1	17	1	9	1	7	1	8	1		1	3	2	
113	12	30	17	45	臺北市	中山區	中山區濱江街195號	25.0726001	121.5394963	0	0	2	3	8	5	5	14	9	1	5	4	5	13	4	4	1	4	5	2	17	1	6	1	7	1	15	1		1	3	5	
113	12	30	17	50	臺北市	中山區	中山區八德路2段214號	25.04653241	121.539781	0	0	1	2	8	5	8	5	2	1	5	4	5	13	4	4	10	5	5	2	17	1	9	1	7	9	8	1		1	3	17	
113	12	30	17	55	臺北市	萬華區	萬華區艋舺大道167號	25.03465262	121.4990386	0	0	1	2	8	5	5	14	9	1	5	4	5	13	4	4	9	4	4	2	17	4	6	1	7	1	4	1		1	3	6	
113	12	30	18	0	臺北市	士林區	士林區天母北路87巷與天母北路87巷9弄口	25.1222463	121.5277098	0	0	1	2	7	5	5	4	1	1	5	4	5	13	4	4	9	4	5	1	17	1	5	1	5	2	10	1		1	3	12	
113	12	30	18	11	臺北市	中正區	中正區和平西路2段與延平南路口	25.0322233	121.507167	0	0	1	2	7	5	5	4	2	1	5	4	5	13	1	1	1	5	5	2	12	4	9	1	7	1	8	1		1	3	5	
113	12	30	18	19	臺北市	大同區	大同區忠孝橋機慢車道	25.0494751	121.5055572	0	0	2	4	7	5	7	14	11	1	5	4	5	13	4	4	1	4	5	2	17	4	9	1	3	1	10	1		1	3	11	
113	12	30	19	6	臺北市	大同區	大同區重慶北路1段與南京西路口	25.05400846	121.5142852	0	0	2	2	7	5	5	4	2	1	5	4	5	13	1	1	1	4	5	2	17	1	15	8	4	11	20	1		1	2	12	
113	12	30	19	19	臺北市	萬華區	萬華區桂林路與梧州街口	25.0384577	121.4976893	0	0	1	3	7	5	5	4	2	1	5	4	5	13	4	4	5	5	4	2	17	1	9	1	6	1	10	1		1	2	14	
113	12	30	19	30	臺北市	中正區	中正區林森南路地下道	25.03539972	121.520386	0	0	2	3	7	5	5	7	9	1	5	4	5	13	4	4	10	2	5	2	17	4	9	1	6	1	10	1		1	2	11	11
113	12	30	20	0	臺北市	信義區	信義區基隆路2段94號	25.030079	121.5576872	0	0	1	2	8	5	5	14	9	1	5	4	5	13	2	1	1	4	5	2	18	4	14	1	3	9	10	1		1	2	17	
113	12	30	20	20	臺北市	信義區	信義區吳興街與吳興街284巷口	25.0263938	121.5642451	0	0	1	2	7	5	5	5	1	1	5	4	5	13	4	4	10	5	5	2	13	4	5	1	3	1	8	1		1	3	8	
113	12	30	20	27	臺北市	北投區	北投區大業路527巷與大業路527巷75弄口	25.1351397	121.4859351	0	0	1	3	8	5	5	3	2	1	5	4	5	13	4	4	5	5	5	1	14	1	14	1	6	1	10	1		1	3	11	
113	12	30	20	35	臺北市	大安區	大安區辛亥路3段往東第一行穿	25.0151981	121.5513767	0	0	2	2	8	5	5	14	9	1	5	4	5	13	3	1	10	4	5	2	17	1	9	1	6	1	10	1		2	2	12	
113	12	30	21	10	臺北市	中正區	中正區重慶南路1段與重慶南路1段126巷口	25.03726193	121.5127854	0	0	1	2	7	5	5	3	2	1	5	4	5	13	4	4	5	4	5	2	17	4	9	1	6	2	10	1		1	2	11	
113	12	30	21	18	臺北市	中正區	中正區金門街與金門街17巷口	25.0215329	121.5231006	0	0	2	2	8	5	5	4	1	1	5	4	5	13	4	4	10	5	5	1	15	1	9	1	5	2	10	1		2	2	12	
113	12	30	21	19	臺北市	文山區	文山區興隆路3段72號前	24.99934387	121.5576324	0	0	2	4	8	5	5	14	9	1	5	4	5	13	4	4	1	4	5	2	17	1	7	1	6	1	10	1		2	2	11	
113	12	30	21	20	臺北市	中山區	中山區北安路與北安路554巷口	25.0805608	121.548251	0	0	2	2	7	5	5	5	2	1	5	4	5	13	2	1	8	3	5	1	9	5	16	8	4	1	20	1		1	2	16	
113	12	30	22	20	臺北市	萬華區	萬華區中華路2段與廣州街口	25.0361309	121.5064557	0	0	1	2	8	5	5	4	1	1	5	4	5	13	1	1	9	4	4	2	17	4	6	1	7	1	8	1		1	3	6	
113	12	30	22	38	臺北市	松山區	松山區光復北路208號	25.0553736	121.5557336	0	0	2	2	8	5	5	14	9	1	5	4	5	13	3	1	9	4	5	2	16	1	5	8	4	1	20	1		1	2	14	
113	12	30	23	45	臺北市	信義區	信義區松壽路與一號道路口	25.0359509	121.5620061	0	0	1	2	7	5	5	4	1	1	5	4	5	13	1	1	9	4	5	2	17	4	15	1	3	2	8	1		1	3	5	
113	12	31	0	10	臺北市	文山區	文山區新光路1段159巷口側附近	24.9925343	121.5737007	0	0	1	2	7	5	5	14	9	1	5	4	5	13	3	1	10	5	4	2	3	4	5	1	3	9	8	1		2	3	8	
113	12	31	0	50	臺北市	中山區	中山區林森北路380號	25.05842144	121.5255381	0	0	3	5	8	5	5	14	9	1	5	4	5	13	4	4	5	3	5	2	13	1	9	1	5	1	10	1		1	2	11	11
113	12	31	5	54	臺北市	文山區	文山區木柵路1段與光輝路口	24.9881577	121.5551268	1	0	0	2	7	5	5	3	1	1	5	4	5	13	2	1	10	5	5	2	16	1	5	1	7	2	4	1		1	3	8	
113	12	31	7	22	臺北市	文山區	文山區羅斯福路5段151號	25.0040595	121.538845	0	0	1	2	8	6	5	14	9	1	5	4	5	13	4	4	1	4	5	2	12	1	8	1	7	1	8	1		1	3	2	
113	12	31	7	37	臺北市	信義區	信義區中坡南路與福德街232巷口	25.0391632	121.5840918	0	0	1	2	8	6	5	5	1	1	5	4	5	13	2	1	5	4	4	1	16	4	9	1	3	1	8	1		2	3	8	
113	12	31	7	50	臺北市	大安區	大安區基隆路3段與基隆路3段155巷口	25.0155166	121.5424448	0	0	2	4	7	7	5	3	2	1	5	4	5	13	2	1	1	3	4	1	12	4	9	1	3	1	8	1		2	3	5	
113	12	31	7	57	臺北市	信義區	信義區市民大道6段與松山路附近側附近口	25.04893742	121.5779822	0	0	2	2	7	7	5	14	19	1	5	4	5	13	2	1	10	4	5	2	3	5	16	8	4	10	20	1		2	2	16	
113	12	31	8	15	臺北市	萬華區	萬華區桂林路242巷與桂林路228巷9弄口	25.0384867	121.4955391	0	0	2	2	8	5	8	22	22	1	5	4	5	13	1	1	10	5	5	2	13	4	15	1	3	1	10	1		1	2	11	
113	12	31	8	21	臺北市	北投區	北投區大度路3段與關渡路口	25.1229003	121.4694869	0	0	1	2	7	6	5	3	1	1	5	4	5	13	1	1	1	4	5	2	16	1	6	1	7	9	8	1		1	3	2	
113	12	31	8	35	臺北市	大同區	大同區延平北路3段與延平北路3段18巷口	25.0639276	121.511172	0	0	2	2	8	6	5	5	1	1	5	4	5	13	4	4	5	4	5	2	15	1	9	8	2	1	20	1		2	2	11	
113	12	31	8	38	臺北市	南港區	南港區南港路2段與南港路2段41巷口口	25.0536216	121.6025388	0	0	1	2	7	7	5	3	2	1	5	4	5	13	2	1	5	4	4	1	13	1	9	1	6	1	10	1		2	2	14	
113	12	31	8	42	臺北市	大同區	大同區承德路1段與太原路97巷口口	25.0519625	121.5172027	0	0	1	2	8	6	5	4	1	1	5	4	5	13	2	1	1	5	5	1	16	1	9	1	5	2	10	1		1	3	14	
113	12	31	8	57	臺北市	內湖區	內湖區內湖路1段1巷3弄13號前	25.08548865	121.5587127	0	0	2	2	7	7	8	14	9	1	5	4	5	13	4	4	10	5	5	2	10	4	9	1	6	2	10	1		2	2	11	
113	12	31	9	3	臺北市	松山區	松山區民權東路3段與民權東路3段160巷口	25.061946	121.5477519	0	0	1	3	7	6	5	4	2	1	5	4	5	13	1	1	1	4	5	2	13	1	1	1	7	1	4	1		1	3	8	
113	12	31	9	13	臺北市	萬華區	萬華區堤外便道與華中二疏散門路口	25.0162883	121.4951651	0	0	2	3	7	7	5	3	2	1	5	4	5	13	1	1	9	5	5	2	18	1	6	1	5	1	10	1		2	2	14	
113	12	31	9	31	臺北市	信義區	信義區吳興街156巷與吳興街156巷7弄口	25.0290127	121.5614891	0	0	1	2	8	6	5	4	1	1	5	4	5	13	4	4	9	5	5	1	15	4	9	1	3	1	10	1		2	2	11	
113	12	31	9	32	臺北市	大安區	大安區金山南路2段與金華街口	25.0301738	121.5266581	0	0	1	2	8	7	5	4	2	1	5	4	5	13	2	1	9	4	5	2	16	1	5	1	7	1	8	1		2	3	2	
113	12	31	9	35	臺北市	中山區	中山區八德路2段167巷與建國北路1段23巷口	25.04703344	121.5378667	0	0	1	2	7	5	5	4	1	1	5	4	5	13	4	4	1	5	5	2	15	4	9	1	3	2	10	1		2	2	11	
113	12	31	10	0	臺北市	士林區	士林區承德路4段9巷與承德路4段10巷口	25.0793341	121.521924	0	0	2	2	7	6	5	4	2	1	5	4	5	13	2	1	9	5	5	2	17	1	5	1	6	1	9	1		1	2	11	
113	12	31	10	24	臺北市	中正區	中正區市民高架道與市民高架道口往東重慶北路上方	25.04947673	121.5133602	0	0	1	2	8	5	5	14	9	1	5	4	5	13	4	4	9	4	5	2	29	1	21	1	5	2	10	1		1	2	12	
113	12	31	10	54	臺北市	中山區	中山區民權東路2段11號	25.0627172	121.5286565	0	0	2	2	8	7	5	14	9	1	5	4	5	13	4	4	1	4	5	2	13	1	9	1	6	2	10	1		2	2	11	
113	12	31	11	5	臺北市	中山區	中山區錦西街與天祥路口	25.0603895	121.5210437	0	0	1	2	7	5	5	3	2	1	5	4	5	13	4	4	5	5	5	2	16	4	6	1	3	1	8	1		1	3	5	
113	12	31	11	35	臺北市	士林區	士林區文林路532號與前街口	25.0972357	121.5240465	0	0	1	2	8	5	5	4	1	1	5	4	5	13	1	1	10	1	5	1	16	1	5	1	5	2	10	1		1	2	14	
113	12	31	12	5	臺北市	信義區	信義區忠孝東路5段493號	25.0411359	121.5782698	0	0	1	3	8	6	5	14	9	1	5	4	5	13	2	1	1	4	5	2	17	4	7	1	6	2	10	1		1	3	14	
113	12	31	12	12	臺北市	南港區	南港區重陽路與重陽路57巷口	25.0554786	121.5964698	0	0	1	2	7	6	5	3	1	1	5	4	5	13	4	4	4	3	4	2	13	4	9	1	3	1	10	1		1	3	11	
113	12	31	12	12	臺北市	松山區	松山區敦化南路1段與市民大道4段口	25.04485509	121.5491456	0	0	1	2	7	7	5	4	1	1	5	4	5	13	2	1	5	4	4	2	9	1	12	1	7	1	2	1		1	3	17	
113	12	31	12	13	臺北市	萬華區	萬華區中華路2段606巷與水源路口	25.0232349	121.5096016	0	0	2	8	7	7	5	3	2	1	5	4	5	13	4	4	10	3	5	2	17	1	6	1	7	2	2	1		1	2	2	
113	12	31	12	23	臺北市	松山區	松山區市民大道6段與松山路口	25.0494894	121.5776676	0	0	1	2	7	6	5	4	1	1	5	4	5	13	1	1	1	4	5	2	15	1	9	8	4	1	20	1		2	2	16	
113	12	31	12	53	臺北市	中山區	中山區南京東路2段115巷30號	25.0792017	121.5426033	0	0	1	2	8	6	5	14	9	1	5	4	5	13	4	4	10	5	5	2	2	1	9	1	7	1	8	1		2	3	5	
113	12	31	13	6	臺北市	中山區	中山區合江街與合江街口側附近100巷口	25.0582447	121.5392022	0	0	1	3	8	7	5	4	2	1	5	4	5	13	4	4	5	5	5	2	10	1	9	1	7	1	8	1		1	3	1	
113	12	31	13	20	臺北市	中正區	中正區汀州路2段16號	25.0255719	121.5168064	0	0	1	2	8	7	5	14	9	1	5	4	5	13	4	4	1	5	5	2	12	4	9	1	5	2	8	1		2	2	14	
113	12	31	14	20	臺北市	文山區	文山區木柵路5段43巷燈桿編號063號旁	25.01135472	121.5720415	0	0	1	2	7	6	5	11	9	1	5	4	5	13	4	4	10	5	5	2	10	1	9	1	5	1	10	1		2	3	11	
113	12	31	14	42	臺北市	大安區	大安區和平東路3段228巷與安居街34巷口	25.0213554	121.5539303	0	0	1	2	7	6	5	3	2	1	5	4	5	13	4	4	4	5	5	2	13	1	9	1	5	1	10	1		2	2	11	
113	12	31	14	50	臺北市	大安區	大安區信義路3段與復興南路1段口	25.0335448	121.5433858	0	0	1	2	8	5	5	22	20	1	5	4	5	13	4	4	10	5	5	2	17	4	9	8	5	11	20	2		4	2	15	
113	12	31	14	55	臺北市	中正區	中正區忠孝東路2段101號	25.04275058	121.531678	0	0	1	2	8	7	5	14	9	1	5	4	5	13	4	4	1	4	5	2	12	1	15	1	7	2	8	1		2	3	5	
113	12	31	15	9	臺北市	中正區	中正區中山北路1段與北平西路口	25.0473303	121.5203988	0	0	1	2	8	6	5	4	1	1	5	4	5	13	1	1	1	4	5	2	16	1	5	1	7	2	4	1		1	3	4	
113	12	31	15	10	臺北市	內湖區	內湖區行善路70號附近側附近	25.0578576	121.5768309	0	0	1	4	7	6	5	14	9	1	5	4	5	13	4	4	9	5	5	2	12	1	1	1	7	2	8	1		2	3	8	
113	12	31	15	20	臺北市	萬華區	萬華區西園路2段與東園街口	25.02823897	121.4952294	0	0	1	2	7	6	5	3	1	1	5	4	5	13	2	1	1	5	5	2	17	1	9	1	6	1	10	1		1	2	14	
113	12	31	15	21	臺北市	文山區	文山區新光路2段燈桿0707735號	25.0007729	121.5835676	0	0	1	2	7	6	5	22	9	1	2	4	5	13	3	1	1	4	5	1	17	4	7	1	3	2	9	1		1	2	12	
113	12	31	15	33	臺北市	內湖區	內湖區瑞湖街與陽光街321巷口	25.0711458	121.5772689	0	0	2	2	8	6	5	4	1	1	5	4	5	13	1	1	8	3	5	1	16	1	5	8	5	2	20	1		2	2	12	
113	12	31	15	40	臺北市	士林區	士林區中山北路5段與中正路口	25.09580857	121.5277876	0	0	2	2	7	7	5	4	1	1	5	4	5	13	2	1	9	4	5	1	17	1	8	1	5	2	10	1		2	2	12	
113	12	31	15	51	臺北市	萬華區	萬華區華江橋往北市機車匝道下橋處	25.0352044	121.5072742	0	0	3	3	7	6	7	10	11	1	5	4	5	13	4	4	10	5	5	2	13	1	9	1	5	1	10	1		1	2	12	
113	12	31	15	58	臺北市	北投區	北投區石牌路2段與立農街2段口	25.1188477	121.519279	0	0	1	2	7	7	5	3	2	1	5	4	5	13	2	1	5	4	5	2	16	1	6	1	7	1	4	1		1	3	5	
113	12	31	16	18	臺北市	南港區	南港區市民大道8段與興華路口口	25.0531239	121.6063797	0	0	1	4	7	7	5	3	1	1	5	4	5	13	2	1	3	4	5	1	16	1	9	1	6	1	10	1		2	3	12	
113	12	31	16	30	臺北市	士林區	士林區通河西街1段與堤外便道口	25.0818225	121.513837	0	0	1	2	7	6	5	14	9	1	5	4	5	13	4	4	9	5	5	1	13	1	9	1	6	1	9	1		1	2	11	
113	12	31	17	3	臺北市	松山區	松山區濱江街368號	25.07194555	121.5578361	0	0	2	2	7	6	5	14	9	1	5	4	5	13	2	1	1	4	5	2	17	4	9	3	6	1	18	1		1	2	14	
113	12	31	17	20	臺北市	大安區	大安區基隆路2段與基隆路2段144巷口	25.0281019	121.5564936	0	0	1	2	8	5	5	3	1	1	5	4	5	13	4	4	10	5	5	2	16	4	6	1	3	1	8	1		1	3	2	
113	12	31	17	25	臺北市	大安區	大安區臥龍街與臥龍街23巷口	25.0237537	121.5466723	0	0	1	2	8	6	5	3	1	1	5	4	5	13	4	4	10	5	5	2	16	1	5	1	7	1	8	1		1	3	2	
113	12	31	17	42	臺北市	中山區	中山區民族東路520號對面	25.06727328	121.5431664	0	0	2	4	8	5	5	11	9	1	5	4	5	13	4	4	5	4	5	2	13	1	9	1	5	1	10	1		1	2	11	14
113	12	31	17	42	臺北市	中山區	中山區長安東路2段與八德路2段167巷口	25.04843	121.5380259	0	0	2	2	7	5	5	3	19	1	5	4	5	13	4	4	5	4	5	2	3	4	9	1	5	1	10	1		2	2	11	
113	12	31	18	2	臺北市	萬華區	萬華區廣州街與廣州街81巷口	25.0365485	121.5042646	0	0	2	2	8	5	8	22	22	1	5	4	5	13	4	4	10	5	5	2	17	4	11	1	3	1	10	1		1	2	17	
113	12	31	18	10	臺北市	信義區	信義區松信路與虎林街120巷口	25.0422612	121.5720893	0	0	2	2	7	5	5	4	1	1	5	4	5	13	1	1	9	5	5	2	11	4	11	8	4	1	20	1		1	2	11	
113	12	31	18	30	臺北市	內湖區	內湖區民權大橋東向西上橋處	25.0664115	121.5773483	0	0	4	6	7	6	5	8	11	1	5	4	5	13	4	4	9	4	5	2	13	1	9	1	6	1	10	1		2	2	11	
113	12	31	18	36	臺北市	大安區	大安區安和路2段與樂利路口	25.0290974	121.5508328	0	0	1	2	7	5	5	4	1	1	5	4	5	13	1	1	1	3	1	1	17	1	5	1	5	1	10	1		1	2	14	
113	12	31	18	37	臺北市	松山區	松山區南京東路5段與光復北路口	25.0516206	121.5576469	0	0	1	2	7	5	5	4	1	1	5	4	5	13	2	1	1	4	4	2	12	1	7	1	6	1	10	1		2	2	14	
113	12	31	18	44	臺北市	南港區	南港區忠孝東路6段與昆陽街口	25.0502851	121.5930472	0	0	3	3	8	5	5	14	12	1	5	4	5	13	4	4	8	3	4	2	13	4	9	1	3	1	10	1		1	2	11	
113	12	31	18	45	臺北市	大安區	大安區辛亥路3段與基隆路3段口	25.0191972	121.5465374	0	0	2	2	8	5	5	4	1	1	5	4	5	13	2	1	5	4	5	2	13	1	9	1	6	1	10	1		2	2	11	
113	12	31	18	50	臺北市	中正區	中正區羅斯福路3段與辛亥路1段口	25.0197898	121.5290797	0	0	1	2	7	5	5	4	1	1	5	4	5	13	2	1	1	3	5	1	12	1	15	1	5	1	10	1		2	2	14	
113	12	31	19	26	臺北市	萬華區	萬華區和平西路3段174-3號	25.0352701	121.4978519	0	0	1	4	7	5	5	14	7	1	5	4	5	13	4	4	1	4	4	2	12	1	9	1	7	1	4	1		1	3	5	
113	12	31	19	27	臺北市	北投區	北投區中央北路4段與大度路3段口	25.12419341	121.4649469	0	0	1	2	7	5	5	3	1	1	5	4	5	13	1	1	9	4	5	2	17	1	5	1	3	1	4	1		1	3	17	
113	12	31	19	34	臺北市	中正區	中正區汀州路2段28號	25.0254877	121.5171532	0	0	3	3	8	5	5	14	9	1	5	4	5	13	4	4	5	2	5	2	17	1	11	1	6	2	10	1		1	2	11	
113	12	31	19	57	臺北市	中山區	中山區八德路2段與八德路2段210巷口	25.0464663	121.5393237	0	0	1	2	8	5	5	4	2	1	5	4	5	13	1	1	5	4	5	2	13	1	9	1	5	2	10	1		1	2	11	
113	12	31	20	7	臺北市	內湖區	內湖區瑞光路與瑞光路316巷口	25.0767148	121.5741088	0	0	1	2	7	5	5	3	2	1	5	4	5	13	1	1	5	4	5	2	15	1	11	1	7	1	4	1		1	3	5	
113	12	31	20	16	臺北市	信義區	信義區忠孝東路5段236巷與忠孝東路5段236巷45弄口	25.0377394	121.571444	0	0	1	2	7	5	5	3	2	1	5	4	5	13	4	4	5	4	5	2	13	1	9	1	6	2	10	1		2	2	11	
113	12	31	20	18	臺北市	大安區	大安區和平東路3段與基隆路2段口	25.024293	121.5522574	0	0	2	2	8	5	5	4	2	1	5	4	5	13	4	4	1	4	1	1	13	1	9	1	5	1	10	1		1	2	11	
113	12	31	20	26	臺北市	中山區	中山區吉林路179號	25.0595543	121.5302571	0	0	1	3	7	5	5	14	9	1	5	4	5	13	4	4	8	3	4	1	17	1	5	1	7	1	8	1		1	3	8	
113	12	31	21	29	臺北市	北投區	學園路口站	25.12685403	121.4659574	0	0	1	2	7	5	5	14	9	1	5	4	5	13	4	4	9	5	5	2	16	1	11	1	7	1	4	1		2	3	1	
113	12	31	21	47	臺北市	內湖區	內湖區潭美街與南京東路6段口	25.0531617	121.5749675	0	0	1	2	7	5	5	3	1	1	5	4	5	13	3	1	5	5	5	2	17	1	11	1	7	1	8	1		1	3	4	
113	12	31	21	55	臺北市	信義區	信義區信義路5段與松仁路口	25.0327139	121.5681473	0	0	1	2	8	6	5	4	2	1	5	4	5	13	1	1	3	4	5	2	13	1	9	1	5	2	10	1		1	2	11	
113	12	31	22	11	臺北市	中山區	中山區中山北路3段31號	25.0653798	121.5223787	0	0	1	2	7	5	5	14	9	1	5	4	5	13	4	4	10	3	5	1	17	1	9	1	5	1	10	1		1	2	11	
113	12	31	22	19	臺北市	信義區	信義區嘉興街127巷與信安街口	25.0287271	121.558128	0	0	1	3	7	5	5	3	2	1	5	4	5	13	1	1	5	5	5	2	16	4	9	1	3	9	10	1		1	3	14	
113	12	31	22	45	臺北市	中山區	中山區中山北路2段與中山北路2段183巷口	25.06355798	121.5224699	0	0	1	2	8	5	5	3	1	1	5	4	5	13	4	4	1	4	5	2	12	1	8	1	7	1	8	1		1	3	5	
113	12	31	22	48	臺北市	信義區	信義區忠孝東路5段524巷24號	25.0401657	121.5800143	0	0	1	2	8	5	5	14	9	1	5	4	5	13	4	4	5	5	5	2	9	1	9	8	4	1	20	1		2	3	11	
113	12	31	23	17	臺北市	信義區	信義區忠孝東路5段423巷56號	25.0430292	121.5754282	0	0	2	2	7	5	5	14	9	1	5	4	5	13	4	4	10	4	5	1	9	5	16	8	4	10	20	1		1	2	16	
113	12	31	23	40	臺北市	南港區	南港區三重路69號	25.0607565	121.6140135	0	0	2	3	7	5	5	14	9	1	5	4	5	13	2	1	3	4	5	2	13	4	7	6	3	9	7	1		2	3	6	
113	12	31	23	46	臺北市	中正區	中正區汀州路3段與汀州路3段160巷口	25.013574	121.534322	0	0	1	2	8	5	5	4	1	1	5	4	1	13	1	1	5	2	5	2	17	1	5	1	7	2	8	1		1	3	8	
113	12	31	23	46	臺北市	中正區	中正區重慶南路3段與汀州路2段口	25.0256407	121.5164999	0	0	2	3	7	5	5	4	1	1	5	4	5	13	2	1	1	3	5	1	16	1	5	1	7	1	8	1		1	3	5	